# Blender 5.0.1
# www.blender.org
mtllib BalloonBunch.mtl
o BalloonBunch
v -0.000000 0.000000 0.000000 0.8470 0.2275 0.1804
v 0.450000 0.000000 0.000000 0.8470 0.2275 0.1804
v 0.415746 0.000000 -0.172207 0.8470 0.2275 0.1804
v 0.318198 0.000000 -0.318198 0.8470 0.2275 0.1804
v 0.172207 0.000000 -0.415746 0.8470 0.2275 0.1804
v -0.000000 0.000000 -0.450000 0.8470 0.2275 0.1804
v -0.172208 0.000000 -0.415746 0.8470 0.2275 0.1804
v -0.318198 0.000000 -0.318198 0.8470 0.2275 0.1804
v -0.415746 0.000000 -0.172207 0.8470 0.2275 0.1804
v -0.450000 0.000000 0.000000 0.8470 0.2275 0.1804
v -0.415746 0.000000 0.172208 0.8470 0.2275 0.1804
v -0.318198 0.000000 0.318198 0.8470 0.2275 0.1804
v -0.172208 0.000000 0.415746 0.8470 0.2275 0.1804
v -0.000000 0.000000 0.450000 0.8470 0.2275 0.1804
v 0.172207 0.000000 0.415746 0.8470 0.2275 0.1804
v 0.318198 0.000000 0.318198 0.8470 0.2275 0.1804
v 0.415746 0.000000 0.172208 0.8470 0.2275 0.1804
v 0.500000 0.100000 0.000000 0.8470 0.2275 0.1804
v 0.461940 0.100000 -0.191342 0.8470 0.2275 0.1804
v 0.353553 0.100000 -0.353553 0.8470 0.2275 0.1804
v 0.191342 0.100000 -0.461940 0.8470 0.2275 0.1804
v -0.000000 0.100000 -0.500000 0.8470 0.2275 0.1804
v -0.191342 0.100000 -0.461940 0.8470 0.2275 0.1804
v -0.353554 0.100000 -0.353553 0.8470 0.2275 0.1804
v -0.461940 0.100000 -0.191342 0.8470 0.2275 0.1804
v -0.500000 0.100000 0.000000 0.8470 0.2275 0.1804
v -0.461940 0.100000 0.191342 0.8470 0.2275 0.1804
v -0.353554 0.100000 0.353553 0.8470 0.2275 0.1804
v -0.191342 0.100000 0.461940 0.8470 0.2275 0.1804
v -0.000000 0.100000 0.500000 0.8470 0.2275 0.1804
v 0.191342 0.100000 0.461940 0.8470 0.2275 0.1804
v 0.353553 0.100000 0.353553 0.8470 0.2275 0.1804
v 0.461940 0.100000 0.191342 0.8470 0.2275 0.1804
v 0.440000 0.480000 0.000000 0.8470 0.2275 0.1804
v 0.406507 0.480000 -0.168381 0.8470 0.2275 0.1804
v 0.311127 0.480000 -0.311127 0.8470 0.2275 0.1804
v 0.168381 0.480000 -0.406507 0.8470 0.2275 0.1804
v -0.000000 0.480000 -0.440000 0.8470 0.2275 0.1804
v -0.168381 0.480000 -0.406507 0.8470 0.2275 0.1804
v -0.311127 0.480000 -0.311127 0.8470 0.2275 0.1804
v -0.406507 0.480000 -0.168381 0.8470 0.2275 0.1804
v -0.440000 0.480000 0.000000 0.8470 0.2275 0.1804
v -0.406507 0.480000 0.168381 0.8470 0.2275 0.1804
v -0.311127 0.480000 0.311127 0.8470 0.2275 0.1804
v -0.168381 0.480000 0.406507 0.8470 0.2275 0.1804
v -0.000000 0.480000 0.440000 0.8470 0.2275 0.1804
v 0.168381 0.480000 0.406507 0.8470 0.2275 0.1804
v 0.311127 0.480000 0.311127 0.8470 0.2275 0.1804
v 0.406507 0.480000 0.168381 0.8470 0.2275 0.1804
v 0.220000 0.640000 0.000000 0.8470 0.2275 0.1804
v 0.203253 0.640000 -0.084190 0.8470 0.2275 0.1804
v 0.155563 0.640000 -0.155563 0.8470 0.2275 0.1804
v 0.084190 0.640000 -0.203253 0.8470 0.2275 0.1804
v -0.000000 0.640000 -0.220000 0.8470 0.2275 0.1804
v -0.084190 0.640000 -0.203253 0.8470 0.2275 0.1804
v -0.155564 0.640000 -0.155563 0.8470 0.2275 0.1804
v -0.203254 0.640000 -0.084190 0.8470 0.2275 0.1804
v -0.220000 0.640000 0.000000 0.8470 0.2275 0.1804
v -0.203254 0.640000 0.084190 0.8470 0.2275 0.1804
v -0.155564 0.640000 0.155564 0.8470 0.2275 0.1804
v -0.084190 0.640000 0.203254 0.8470 0.2275 0.1804
v -0.000000 0.640000 0.220000 0.8470 0.2275 0.1804
v 0.084190 0.640000 0.203254 0.8470 0.2275 0.1804
v 0.155563 0.640000 0.155564 0.8470 0.2275 0.1804
v 0.203253 0.640000 0.084190 0.8470 0.2275 0.1804
v 0.120000 0.740000 0.000000 0.8470 0.2275 0.1804
v 0.110865 0.740000 -0.045922 0.8470 0.2275 0.1804
v 0.084853 0.740000 -0.084853 0.8470 0.2275 0.1804
v 0.045922 0.740000 -0.110865 0.8470 0.2275 0.1804
v -0.000000 0.740000 -0.120000 0.8470 0.2275 0.1804
v -0.045922 0.740000 -0.110865 0.8470 0.2275 0.1804
v -0.084853 0.740000 -0.084853 0.8470 0.2275 0.1804
v -0.110866 0.740000 -0.045922 0.8470 0.2275 0.1804
v -0.120000 0.740000 0.000000 0.8470 0.2275 0.1804
v -0.110866 0.740000 0.045922 0.8470 0.2275 0.1804
v -0.084853 0.740000 0.084853 0.8470 0.2275 0.1804
v -0.045922 0.740000 0.110866 0.8470 0.2275 0.1804
v -0.000000 0.740000 0.120000 0.8470 0.2275 0.1804
v 0.045922 0.740000 0.110866 0.8470 0.2275 0.1804
v 0.084853 0.740000 0.084853 0.8470 0.2275 0.1804
v 0.110865 0.740000 0.045922 0.8470 0.2275 0.1804
v -0.000000 0.760000 0.000000 0.8470 0.2275 0.1804
v -0.000000 0.210000 -0.480000 0.9490 0.7608 0.1882
v -0.000000 0.330000 -0.480000 0.9490 0.7608 0.1882
v 0.183688 0.210000 -0.443462 0.9490 0.7608 0.1882
v 0.183688 0.330000 -0.443462 0.9490 0.7608 0.1882
v 0.339411 0.210000 -0.339411 0.9490 0.7608 0.1882
v 0.339411 0.330000 -0.339411 0.9490 0.7608 0.1882
v 0.443462 0.210000 -0.183688 0.9490 0.7608 0.1882
v 0.443462 0.330000 -0.183688 0.9490 0.7608 0.1882
v 0.480000 0.210000 0.000000 0.9490 0.7608 0.1882
v 0.480000 0.330000 0.000000 0.9490 0.7608 0.1882
v 0.443462 0.210000 0.183688 0.9490 0.7608 0.1882
v 0.443462 0.330000 0.183688 0.9490 0.7608 0.1882
v 0.339411 0.210000 0.339411 0.9490 0.7608 0.1882
v 0.339411 0.330000 0.339411 0.9490 0.7608 0.1882
v 0.183688 0.210000 0.443462 0.9490 0.7608 0.1882
v 0.183688 0.330000 0.443462 0.9490 0.7608 0.1882
v -0.000000 0.210000 0.480000 0.9490 0.7608 0.1882
v -0.000000 0.330000 0.480000 0.9490 0.7608 0.1882
v -0.183688 0.210000 0.443462 0.9490 0.7608 0.1882
v -0.183688 0.330000 0.443462 0.9490 0.7608 0.1882
v -0.339411 0.210000 0.339411 0.9490 0.7608 0.1882
v -0.339411 0.330000 0.339411 0.9490 0.7608 0.1882
v -0.443462 0.210000 0.183688 0.9490 0.7608 0.1882
v -0.443462 0.330000 0.183688 0.9490 0.7608 0.1882
v -0.480000 0.210000 0.000000 0.9490 0.7608 0.1882
v -0.480000 0.330000 0.000000 0.9490 0.7608 0.1882
v -0.443462 0.210000 -0.183688 0.9490 0.7608 0.1882
v -0.443462 0.330000 -0.183688 0.9490 0.7608 0.1882
v -0.339411 0.210000 -0.339411 0.9490 0.7608 0.1882
v -0.339411 0.330000 -0.339411 0.9490 0.7608 0.1882
v -0.183688 0.210000 -0.443462 0.9490 0.7608 0.1882
v -0.183688 0.330000 -0.443462 0.9490 0.7608 0.1882
v 0.130000 0.860000 0.000000 0.9098 0.6980 0.2275
v 0.105172 0.936412 0.000000 0.9098 0.6980 0.2275
v 0.040172 0.983637 0.000000 0.9098 0.6980 0.2275
v -0.040172 0.983637 0.000000 0.9098 0.6980 0.2275
v -0.105172 0.936412 0.000000 0.9098 0.6980 0.2275
v -0.130000 0.860000 0.000000 0.9098 0.6980 0.2275
v -0.105172 0.783588 0.000000 0.9098 0.6980 0.2275
v -0.040172 0.736363 0.000000 0.9098 0.6980 0.2275
v 0.040172 0.736363 0.000000 0.9098 0.6980 0.2275
v 0.105172 0.783588 0.000000 0.9098 0.6980 0.2275
v 0.100000 0.860000 0.030000 0.9098 0.6980 0.2275
v 0.080902 0.918779 0.030000 0.9098 0.6980 0.2275
v 0.030902 0.955106 0.030000 0.9098 0.6980 0.2275
v -0.030902 0.955106 0.030000 0.9098 0.6980 0.2275
v -0.080902 0.918779 0.030000 0.9098 0.6980 0.2275
v -0.100000 0.860000 0.030000 0.9098 0.6980 0.2275
v -0.080902 0.801221 0.030000 0.9098 0.6980 0.2275
v -0.030902 0.764894 0.030000 0.9098 0.6980 0.2275
v 0.030902 0.764894 0.030000 0.9098 0.6980 0.2275
v 0.080902 0.801221 0.030000 0.9098 0.6980 0.2275
v 0.070000 0.860000 0.000000 0.9098 0.6980 0.2275
v 0.056631 0.901145 0.000000 0.9098 0.6980 0.2275
v 0.021631 0.926574 0.000000 0.9098 0.6980 0.2275
v -0.021631 0.926574 0.000000 0.9098 0.6980 0.2275
v -0.056631 0.901145 0.000000 0.9098 0.6980 0.2275
v -0.070000 0.860000 0.000000 0.9098 0.6980 0.2275
v -0.056631 0.818855 0.000000 0.9098 0.6980 0.2275
v -0.021631 0.793426 0.000000 0.9098 0.6980 0.2275
v 0.021631 0.793426 0.000000 0.9098 0.6980 0.2275
v 0.056631 0.818855 0.000000 0.9098 0.6980 0.2275
v 0.100000 0.860000 -0.030000 0.9098 0.6980 0.2275
v 0.080902 0.918779 -0.030000 0.9098 0.6980 0.2275
v 0.030902 0.955106 -0.030000 0.9098 0.6980 0.2275
v -0.030902 0.955106 -0.030000 0.9098 0.6980 0.2275
v -0.080902 0.918779 -0.030000 0.9098 0.6980 0.2275
v -0.100000 0.860000 -0.030000 0.9098 0.6980 0.2275
v -0.080902 0.801221 -0.030000 0.9098 0.6980 0.2275
v -0.030902 0.764894 -0.030000 0.9098 0.6980 0.2275
v 0.030902 0.764894 -0.030000 0.9098 0.6980 0.2275
v 0.080902 0.801221 -0.030000 0.9098 0.6980 0.2275
v -0.000000 9.931600 -0.050000 0.8470 0.2275 0.1804
v -0.000000 9.895793 -0.241590 0.8470 0.2275 0.1804
v -0.000000 9.630024 -0.551591 0.8470 0.2275 0.1804
v -0.000000 9.200000 -0.670000 0.8470 0.2275 0.1804
v -0.000000 8.973923 -0.639655 0.8470 0.2275 0.1804
v -0.000000 8.769976 -0.551591 0.8470 0.2275 0.1804
v -0.000000 8.504207 -0.241590 0.8470 0.2275 0.1804
v -0.000000 8.468400 -0.050000 0.8470 0.2275 0.1804
v 0.073318 9.895793 -0.227007 0.8470 0.2275 0.1804
v 0.139460 9.791877 -0.386686 0.8470 0.2275 0.1804
v 0.191950 9.630024 -0.513409 0.8470 0.2275 0.1804
v 0.225651 9.426077 -0.594770 0.8470 0.2275 0.1804
v 0.237264 9.200000 -0.622805 0.8470 0.2275 0.1804
v 0.225651 8.973923 -0.594770 0.8470 0.2275 0.1804
v 0.191950 8.769976 -0.513409 0.8470 0.2275 0.1804
v 0.139460 8.608123 -0.386686 0.8470 0.2275 0.1804
v 0.073318 8.504207 -0.227007 0.8470 0.2275 0.1804
v 0.135475 9.895793 -0.185475 0.8470 0.2275 0.1804
v 0.257689 9.791877 -0.307689 0.8470 0.2275 0.1804
v 0.354678 9.630024 -0.404678 0.8470 0.2275 0.1804
v 0.416949 9.426077 -0.466949 0.8470 0.2275 0.1804
v 0.438406 9.200000 -0.488406 0.8470 0.2275 0.1804
v 0.416949 8.973923 -0.466949 0.8470 0.2275 0.1804
v 0.354678 8.769976 -0.404678 0.8470 0.2275 0.1804
v 0.257689 8.608123 -0.307689 0.8470 0.2275 0.1804
v 0.135475 8.504207 -0.185475 0.8470 0.2275 0.1804
v 0.177006 9.895793 -0.123318 0.8470 0.2275 0.1804
v 0.336686 9.791877 -0.189460 0.8470 0.2275 0.1804
v 0.463409 9.630024 -0.241950 0.8470 0.2275 0.1804
v 0.544770 9.426077 -0.275651 0.8470 0.2275 0.1804
v 0.572805 9.200000 -0.287264 0.8470 0.2275 0.1804
v 0.544770 8.973923 -0.275651 0.8470 0.2275 0.1804
v 0.463409 8.769976 -0.241950 0.8470 0.2275 0.1804
v 0.336686 8.608123 -0.189460 0.8470 0.2275 0.1804
v 0.177006 8.504207 -0.123318 0.8470 0.2275 0.1804
v 0.191590 9.895793 -0.050000 0.8470 0.2275 0.1804
v 0.364427 9.791877 -0.050000 0.8470 0.2275 0.1804
v 0.501590 9.630024 -0.050000 0.8470 0.2275 0.1804
v 0.589655 9.426077 -0.050000 0.8470 0.2275 0.1804
v 0.620000 9.200000 -0.050000 0.8470 0.2275 0.1804
v 0.589655 8.973923 -0.050000 0.8470 0.2275 0.1804
v 0.501590 8.769976 -0.050000 0.8470 0.2275 0.1804
v 0.364427 8.608123 -0.050000 0.8470 0.2275 0.1804
v 0.191590 8.504207 -0.050000 0.8470 0.2275 0.1804
v 0.177006 9.895793 0.023319 0.8470 0.2275 0.1804
v 0.336686 9.791877 0.089460 0.8470 0.2275 0.1804
v 0.463409 9.630024 0.141951 0.8470 0.2275 0.1804
v 0.544770 9.426077 0.175651 0.8470 0.2275 0.1804
v 0.572805 9.200000 0.187264 0.8470 0.2275 0.1804
v 0.544770 8.973923 0.175651 0.8470 0.2275 0.1804
v 0.463409 8.769976 0.141951 0.8470 0.2275 0.1804
v 0.336686 8.608123 0.089460 0.8470 0.2275 0.1804
v 0.177006 8.504207 0.023319 0.8470 0.2275 0.1804
v 0.135475 9.895793 0.085475 0.8470 0.2275 0.1804
v 0.257688 9.791877 0.207689 0.8470 0.2275 0.1804
v 0.354678 9.630024 0.304678 0.8470 0.2275 0.1804
v 0.416949 9.426077 0.366949 0.8470 0.2275 0.1804
v 0.438406 9.200000 0.388406 0.8470 0.2275 0.1804
v 0.416949 8.973923 0.366949 0.8470 0.2275 0.1804
v 0.354678 8.769976 0.304678 0.8470 0.2275 0.1804
v 0.257688 8.608123 0.207689 0.8470 0.2275 0.1804
v 0.135475 8.504207 0.085475 0.8470 0.2275 0.1804
v 0.073318 9.895793 0.127007 0.8470 0.2275 0.1804
v 0.139460 9.791877 0.286687 0.8470 0.2275 0.1804
v 0.191950 9.630024 0.413409 0.8470 0.2275 0.1804
v 0.225651 9.426077 0.494770 0.8470 0.2275 0.1804
v 0.237263 9.200000 0.522805 0.8470 0.2275 0.1804
v 0.225651 8.973923 0.494770 0.8470 0.2275 0.1804
v 0.191950 8.769976 0.413409 0.8470 0.2275 0.1804
v 0.139460 8.608123 0.286687 0.8470 0.2275 0.1804
v 0.073318 8.504207 0.127007 0.8470 0.2275 0.1804
v -0.000000 9.895793 0.141591 0.8470 0.2275 0.1804
v -0.000000 9.791877 0.314427 0.8470 0.2275 0.1804
v -0.000000 9.630024 0.451591 0.8470 0.2275 0.1804
v -0.000000 9.426077 0.539655 0.8470 0.2275 0.1804
v -0.000000 9.200000 0.570000 0.8470 0.2275 0.1804
v -0.000000 8.973923 0.539655 0.8470 0.2275 0.1804
v -0.000000 8.769976 0.451591 0.8470 0.2275 0.1804
v -0.000000 8.608123 0.314427 0.8470 0.2275 0.1804
v -0.000000 8.504207 0.141591 0.8470 0.2275 0.1804
v -0.073319 9.895793 0.127007 0.8470 0.2275 0.1804
v -0.139460 9.791877 0.286686 0.8470 0.2275 0.1804
v -0.191951 9.630024 0.413409 0.8470 0.2275 0.1804
v -0.225651 9.426077 0.494770 0.8470 0.2275 0.1804
v -0.237264 9.200000 0.522805 0.8470 0.2275 0.1804
v -0.225651 8.973923 0.494770 0.8470 0.2275 0.1804
v -0.191951 8.769976 0.413409 0.8470 0.2275 0.1804
v -0.139460 8.608123 0.286686 0.8470 0.2275 0.1804
v -0.073319 8.504207 0.127007 0.8470 0.2275 0.1804
v -0.135475 9.895793 0.085475 0.8470 0.2275 0.1804
v -0.257689 9.791877 0.207689 0.8470 0.2275 0.1804
v -0.354678 9.630024 0.304678 0.8470 0.2275 0.1804
v -0.416949 9.426077 0.366949 0.8470 0.2275 0.1804
v -0.438406 9.200000 0.388406 0.8470 0.2275 0.1804
v -0.416949 8.973923 0.366949 0.8470 0.2275 0.1804
v -0.354678 8.769976 0.304678 0.8470 0.2275 0.1804
v -0.257689 8.608123 0.207689 0.8470 0.2275 0.1804
v -0.135475 8.504207 0.085475 0.8470 0.2275 0.1804
v -0.177007 9.895793 0.023319 0.8470 0.2275 0.1804
v -0.336687 9.791877 0.089460 0.8470 0.2275 0.1804
v -0.463409 9.630024 0.141950 0.8470 0.2275 0.1804
v -0.544770 9.426077 0.175651 0.8470 0.2275 0.1804
v -0.572805 9.200000 0.187263 0.8470 0.2275 0.1804
v -0.544770 8.973923 0.175651 0.8470 0.2275 0.1804
v -0.463409 8.769976 0.141950 0.8470 0.2275 0.1804
v -0.336687 8.608123 0.089460 0.8470 0.2275 0.1804
v -0.177007 8.504207 0.023319 0.8470 0.2275 0.1804
v -0.191591 9.895793 -0.050000 0.8470 0.2275 0.1804
v -0.364427 9.791877 -0.050000 0.8470 0.2275 0.1804
v -0.501591 9.630024 -0.050000 0.8470 0.2275 0.1804
v -0.589655 9.426077 -0.050000 0.8470 0.2275 0.1804
v -0.620000 9.200000 -0.050000 0.8470 0.2275 0.1804
v -0.589655 8.973923 -0.050000 0.8470 0.2275 0.1804
v -0.501591 8.769976 -0.050000 0.8470 0.2275 0.1804
v -0.364427 8.608123 -0.050000 0.8470 0.2275 0.1804
v -0.191591 8.504207 -0.050000 0.8470 0.2275 0.1804
v -0.177007 9.895793 -0.123319 0.8470 0.2275 0.1804
v -0.336686 9.791877 -0.189460 0.8470 0.2275 0.1804
v -0.463409 9.630024 -0.241950 0.8470 0.2275 0.1804
v -0.544770 9.426077 -0.275651 0.8470 0.2275 0.1804
v -0.572805 9.200000 -0.287264 0.8470 0.2275 0.1804
v -0.544770 8.973923 -0.275651 0.8470 0.2275 0.1804
v -0.463409 8.769976 -0.241950 0.8470 0.2275 0.1804
v -0.336686 8.608123 -0.189460 0.8470 0.2275 0.1804
v -0.177007 8.504207 -0.123319 0.8470 0.2275 0.1804
v -0.135475 9.895793 -0.185475 0.8470 0.2275 0.1804
v -0.257689 9.791877 -0.307689 0.8470 0.2275 0.1804
v -0.354678 9.630024 -0.404678 0.8470 0.2275 0.1804
v -0.416949 9.426077 -0.466949 0.8470 0.2275 0.1804
v -0.438406 9.200000 -0.488406 0.8470 0.2275 0.1804
v -0.416949 8.973923 -0.466949 0.8470 0.2275 0.1804
v -0.354678 8.769976 -0.404678 0.8470 0.2275 0.1804
v -0.257689 8.608123 -0.307689 0.8470 0.2275 0.1804
v -0.135475 8.504207 -0.185475 0.8470 0.2275 0.1804
v -0.073319 9.895793 -0.227007 0.8470 0.2275 0.1804
v -0.139460 9.791877 -0.386686 0.8470 0.2275 0.1804
v -0.191950 9.630024 -0.513409 0.8470 0.2275 0.1804
v -0.225651 9.426077 -0.594770 0.8470 0.2275 0.1804
v -0.237263 9.200000 -0.622805 0.8470 0.2275 0.1804
v -0.225651 8.973923 -0.594770 0.8470 0.2275 0.1804
v -0.191950 8.769976 -0.513409 0.8470 0.2275 0.1804
v -0.139460 8.608123 -0.386686 0.8470 0.2275 0.1804
v -0.073319 8.504207 -0.227007 0.8470 0.2275 0.1804
v 0.000000 9.791877 -0.414427 0.8470 0.2275 0.1804
v 0.000000 9.426077 -0.639655 0.8470 0.2275 0.1804
v 0.000000 8.608123 -0.414427 0.8470 0.2275 0.1804
v -0.000000 8.388399 -0.150000 0.8470 0.2275 0.1804
v -0.000000 8.508400 -0.080000 0.8470 0.2275 0.1804
v 0.070711 8.388399 -0.120711 0.8470 0.2275 0.1804
v 0.021213 8.508400 -0.071213 0.8470 0.2275 0.1804
v 0.100000 8.388399 -0.050000 0.8470 0.2275 0.1804
v 0.030000 8.508400 -0.050000 0.8470 0.2275 0.1804
v 0.070711 8.388399 0.020711 0.8470 0.2275 0.1804
v 0.021213 8.508400 -0.028787 0.8470 0.2275 0.1804
v -0.000000 8.388399 0.050000 0.8470 0.2275 0.1804
v -0.000000 8.508400 -0.020000 0.8470 0.2275 0.1804
v -0.070711 8.388399 0.020711 0.8470 0.2275 0.1804
v -0.021213 8.508400 -0.028787 0.8470 0.2275 0.1804
v -0.100000 8.388399 -0.050000 0.8470 0.2275 0.1804
v -0.030000 8.508400 -0.050000 0.8470 0.2275 0.1804
v -0.070711 8.388399 -0.120711 0.8470 0.2275 0.1804
v -0.021213 8.508400 -0.071213 0.8470 0.2275 0.1804
v -0.220000 9.676000 0.450000 1.0000 1.0000 1.0000
v -0.220000 9.624451 0.414998 1.0000 1.0000 1.0000
v -0.220000 9.500000 0.400500 1.0000 1.0000 1.0000
v -0.220000 9.375549 0.414998 1.0000 1.0000 1.0000
v -0.220000 9.324000 0.450000 1.0000 1.0000 1.0000
v -0.165000 9.624451 0.425250 1.0000 1.0000 1.0000
v -0.142218 9.500000 0.414998 1.0000 1.0000 1.0000
v -0.165000 9.375549 0.425250 1.0000 1.0000 1.0000
v -0.142218 9.624451 0.450000 1.0000 1.0000 1.0000
v -0.110000 9.500000 0.450000 1.0000 1.0000 1.0000
v -0.142218 9.375549 0.450000 1.0000 1.0000 1.0000
v -0.165000 9.624451 0.474750 1.0000 1.0000 1.0000
v -0.142218 9.500000 0.485002 1.0000 1.0000 1.0000
v -0.165000 9.375549 0.474750 1.0000 1.0000 1.0000
v -0.220000 9.624451 0.485002 1.0000 1.0000 1.0000
v -0.220000 9.500000 0.499500 1.0000 1.0000 1.0000
v -0.220000 9.375549 0.485002 1.0000 1.0000 1.0000
v -0.275000 9.624451 0.474750 1.0000 1.0000 1.0000
v -0.297782 9.500000 0.485002 1.0000 1.0000 1.0000
v -0.275000 9.375549 0.474750 1.0000 1.0000 1.0000
v -0.297782 9.624451 0.450000 1.0000 1.0000 1.0000
v -0.330000 9.500000 0.450000 1.0000 1.0000 1.0000
v -0.297782 9.375549 0.450000 1.0000 1.0000 1.0000
v -0.275000 9.624451 0.425250 1.0000 1.0000 1.0000
v -0.297782 9.500000 0.414998 1.0000 1.0000 1.0000
v -0.275000 9.375549 0.425250 1.0000 1.0000 1.0000
v -0.009000 0.899456 -0.015579 1.0000 0.9647 0.8980
v 0.009000 0.899456 -0.015579 1.0000 0.9647 0.8980
v 0.018000 0.900000 0.000000 1.0000 0.9647 0.8980
v 0.009000 0.900544 0.015579 1.0000 0.9647 0.8980
v -0.009000 0.900544 0.015579 1.0000 0.9647 0.8980
v -0.018000 0.900000 0.000000 1.0000 0.9647 0.8980
v -0.009000 8.388834 -0.065582 1.0000 0.9647 0.8980
v 0.009000 8.388834 -0.065582 1.0000 0.9647 0.8980
v 0.018000 8.388400 -0.050000 1.0000 0.9647 0.8980
v 0.009000 8.387966 -0.034418 1.0000 0.9647 0.8980
v -0.009000 8.387966 -0.034418 1.0000 0.9647 0.8980
v -0.018000 8.388400 -0.050000 1.0000 0.9647 0.8980
v -0.009000 5.018565 -0.159358 1.0000 0.9647 0.8980
v 0.009000 5.018565 -0.159358 1.0000 0.9647 0.8980
v 0.018000 5.018620 -0.143769 1.0000 0.9647 0.8980
v 0.009000 5.018676 -0.128181 1.0000 0.9647 0.8980
v -0.009000 5.018676 -0.128181 1.0000 0.9647 0.8980
v -0.018000 5.018620 -0.143769 1.0000 0.9647 0.8980
v -0.850000 9.331600 -0.150000 0.2471 0.7137 0.7882
v -0.850000 9.295794 -0.341590 0.2471 0.7137 0.7882
v -0.850000 9.030024 -0.651591 0.2471 0.7137 0.7882
v -0.850000 8.600000 -0.770000 0.2471 0.7137 0.7882
v -0.850000 8.373923 -0.739655 0.2471 0.7137 0.7882
v -0.850000 8.169977 -0.651591 0.2471 0.7137 0.7882
v -0.850000 7.904207 -0.341590 0.2471 0.7137 0.7882
v -0.850000 7.868401 -0.150000 0.2471 0.7137 0.7882
v -0.776682 9.295794 -0.327007 0.2471 0.7137 0.7882
v -0.710540 9.191877 -0.486686 0.2471 0.7137 0.7882
v -0.658050 9.030024 -0.613409 0.2471 0.7137 0.7882
v -0.624349 8.826077 -0.694770 0.2471 0.7137 0.7882
v -0.612736 8.600000 -0.722805 0.2471 0.7137 0.7882
v -0.624349 8.373923 -0.694770 0.2471 0.7137 0.7882
v -0.658050 8.169977 -0.613409 0.2471 0.7137 0.7882
v -0.710540 8.008123 -0.486686 0.2471 0.7137 0.7882
v -0.776682 7.904207 -0.327007 0.2471 0.7137 0.7882
v -0.714525 9.295794 -0.285475 0.2471 0.7137 0.7882
v -0.592311 9.191877 -0.407689 0.2471 0.7137 0.7882
v -0.495322 9.030024 -0.504678 0.2471 0.7137 0.7882
v -0.433051 8.826077 -0.566949 0.2471 0.7137 0.7882
v -0.411594 8.600000 -0.588406 0.2471 0.7137 0.7882
v -0.433051 8.373923 -0.566949 0.2471 0.7137 0.7882
v -0.495322 8.169977 -0.504678 0.2471 0.7137 0.7882
v -0.592311 8.008123 -0.407689 0.2471 0.7137 0.7882
v -0.714525 7.904207 -0.285475 0.2471 0.7137 0.7882
v -0.672994 9.295794 -0.223318 0.2471 0.7137 0.7882
v -0.513314 9.191877 -0.289460 0.2471 0.7137 0.7882
v -0.386591 9.030024 -0.341950 0.2471 0.7137 0.7882
v -0.305230 8.826077 -0.375651 0.2471 0.7137 0.7882
v -0.277195 8.600000 -0.387264 0.2471 0.7137 0.7882
v -0.305230 8.373923 -0.375651 0.2471 0.7137 0.7882
v -0.386591 8.169977 -0.341950 0.2471 0.7137 0.7882
v -0.513314 8.008123 -0.289460 0.2471 0.7137 0.7882
v -0.672994 7.904207 -0.223318 0.2471 0.7137 0.7882
v -0.658410 9.295794 -0.150000 0.2471 0.7137 0.7882
v -0.485573 9.191877 -0.150000 0.2471 0.7137 0.7882
v -0.348410 9.030024 -0.150000 0.2471 0.7137 0.7882
v -0.260345 8.826077 -0.150000 0.2471 0.7137 0.7882
v -0.230000 8.600000 -0.150000 0.2471 0.7137 0.7882
v -0.260345 8.373923 -0.150000 0.2471 0.7137 0.7882
v -0.348410 8.169977 -0.150000 0.2471 0.7137 0.7882
v -0.485573 8.008123 -0.150000 0.2471 0.7137 0.7882
v -0.658410 7.904207 -0.150000 0.2471 0.7137 0.7882
v -0.672994 9.295794 -0.076681 0.2471 0.7137 0.7882
v -0.513314 9.191877 -0.010540 0.2471 0.7137 0.7882
v -0.386591 9.030024 0.041951 0.2471 0.7137 0.7882
v -0.305230 8.826077 0.075651 0.2471 0.7137 0.7882
v -0.277195 8.600000 0.087264 0.2471 0.7137 0.7882
v -0.305230 8.373923 0.075651 0.2471 0.7137 0.7882
v -0.386591 8.169977 0.041951 0.2471 0.7137 0.7882
v -0.513314 8.008123 -0.010540 0.2471 0.7137 0.7882
v -0.672994 7.904207 -0.076681 0.2471 0.7137 0.7882
v -0.714525 9.295794 -0.014525 0.2471 0.7137 0.7882
v -0.592312 9.191877 0.107689 0.2471 0.7137 0.7882
v -0.495322 9.030024 0.204678 0.2471 0.7137 0.7882
v -0.433051 8.826077 0.266949 0.2471 0.7137 0.7882
v -0.411594 8.600000 0.288406 0.2471 0.7137 0.7882
v -0.433051 8.373923 0.266949 0.2471 0.7137 0.7882
v -0.495322 8.169977 0.204678 0.2471 0.7137 0.7882
v -0.592312 8.008123 0.107689 0.2471 0.7137 0.7882
v -0.714525 7.904207 -0.014525 0.2471 0.7137 0.7882
v -0.776682 9.295794 0.027007 0.2471 0.7137 0.7882
v -0.710540 9.191877 0.186687 0.2471 0.7137 0.7882
v -0.658050 9.030024 0.313409 0.2471 0.7137 0.7882
v -0.624349 8.826077 0.394770 0.2471 0.7137 0.7882
v -0.612737 8.600000 0.422805 0.2471 0.7137 0.7882
v -0.624349 8.373923 0.394770 0.2471 0.7137 0.7882
v -0.658050 8.169977 0.313409 0.2471 0.7137 0.7882
v -0.710540 8.008123 0.186687 0.2471 0.7137 0.7882
v -0.776682 7.904207 0.027007 0.2471 0.7137 0.7882
v -0.850000 9.295794 0.041591 0.2471 0.7137 0.7882
v -0.850000 9.191877 0.214427 0.2471 0.7137 0.7882
v -0.850000 9.030024 0.351591 0.2471 0.7137 0.7882
v -0.850000 8.826077 0.439655 0.2471 0.7137 0.7882
v -0.850000 8.600000 0.470000 0.2471 0.7137 0.7882
v -0.850000 8.373923 0.439655 0.2471 0.7137 0.7882
v -0.850000 8.169977 0.351591 0.2471 0.7137 0.7882
v -0.850000 8.008123 0.214427 0.2471 0.7137 0.7882
v -0.850000 7.904207 0.041591 0.2471 0.7137 0.7882
v -0.923319 9.295794 0.027007 0.2471 0.7137 0.7882
v -0.989460 9.191877 0.186686 0.2471 0.7137 0.7882
v -1.041951 9.030024 0.313409 0.2471 0.7137 0.7882
v -1.075652 8.826077 0.394770 0.2471 0.7137 0.7882
v -1.087264 8.600000 0.422805 0.2471 0.7137 0.7882
v -1.075652 8.373923 0.394770 0.2471 0.7137 0.7882
v -1.041951 8.169977 0.313409 0.2471 0.7137 0.7882
v -0.989460 8.008123 0.186686 0.2471 0.7137 0.7882
v -0.923319 7.904207 0.027007 0.2471 0.7137 0.7882
v -0.985475 9.295794 -0.014525 0.2471 0.7137 0.7882
v -1.107689 9.191877 0.107689 0.2471 0.7137 0.7882
v -1.204678 9.030024 0.204678 0.2471 0.7137 0.7882
v -1.266949 8.826077 0.266949 0.2471 0.7137 0.7882
v -1.288406 8.600000 0.288406 0.2471 0.7137 0.7882
v -1.266949 8.373923 0.266949 0.2471 0.7137 0.7882
v -1.204678 8.169977 0.204678 0.2471 0.7137 0.7882
v -1.107689 8.008123 0.107689 0.2471 0.7137 0.7882
v -0.985475 7.904207 -0.014525 0.2471 0.7137 0.7882
v -1.027007 9.295794 -0.076681 0.2471 0.7137 0.7882
v -1.186687 9.191877 -0.010540 0.2471 0.7137 0.7882
v -1.313409 9.030024 0.041950 0.2471 0.7137 0.7882
v -1.394770 8.826077 0.075651 0.2471 0.7137 0.7882
v -1.422805 8.600000 0.087263 0.2471 0.7137 0.7882
v -1.394770 8.373923 0.075651 0.2471 0.7137 0.7882
v -1.313409 8.169977 0.041950 0.2471 0.7137 0.7882
v -1.186687 8.008123 -0.010540 0.2471 0.7137 0.7882
v -1.027007 7.904207 -0.076681 0.2471 0.7137 0.7882
v -1.041591 9.295794 -0.150000 0.2471 0.7137 0.7882
v -1.214427 9.191877 -0.150000 0.2471 0.7137 0.7882
v -1.351591 9.030024 -0.150000 0.2471 0.7137 0.7882
v -1.439655 8.826077 -0.150000 0.2471 0.7137 0.7882
v -1.470000 8.600000 -0.150000 0.2471 0.7137 0.7882
v -1.439655 8.373923 -0.150000 0.2471 0.7137 0.7882
v -1.351591 8.169977 -0.150000 0.2471 0.7137 0.7882
v -1.214427 8.008123 -0.150000 0.2471 0.7137 0.7882
v -1.041591 7.904207 -0.150000 0.2471 0.7137 0.7882
v -1.027007 9.295794 -0.223319 0.2471 0.7137 0.7882
v -1.186686 9.191877 -0.289460 0.2471 0.7137 0.7882
v -1.313409 9.030024 -0.341950 0.2471 0.7137 0.7882
v -1.394770 8.826077 -0.375651 0.2471 0.7137 0.7882
v -1.422805 8.600000 -0.387264 0.2471 0.7137 0.7882
v -1.394770 8.373923 -0.375651 0.2471 0.7137 0.7882
v -1.313409 8.169977 -0.341950 0.2471 0.7137 0.7882
v -1.186686 8.008123 -0.289460 0.2471 0.7137 0.7882
v -1.027007 7.904207 -0.223319 0.2471 0.7137 0.7882
v -0.985475 9.295794 -0.285475 0.2471 0.7137 0.7882
v -1.107689 9.191877 -0.407689 0.2471 0.7137 0.7882
v -1.204678 9.030024 -0.504678 0.2471 0.7137 0.7882
v -1.266949 8.826077 -0.566949 0.2471 0.7137 0.7882
v -1.288406 8.600000 -0.588406 0.2471 0.7137 0.7882
v -1.266949 8.373923 -0.566949 0.2471 0.7137 0.7882
v -1.204678 8.169977 -0.504678 0.2471 0.7137 0.7882
v -1.107689 8.008123 -0.407689 0.2471 0.7137 0.7882
v -0.985475 7.904207 -0.285475 0.2471 0.7137 0.7882
v -0.923319 9.295794 -0.327007 0.2471 0.7137 0.7882
v -0.989460 9.191877 -0.486686 0.2471 0.7137 0.7882
v -1.041950 9.030024 -0.613409 0.2471 0.7137 0.7882
v -1.075651 8.826077 -0.694770 0.2471 0.7137 0.7882
v -1.087263 8.600000 -0.722805 0.2471 0.7137 0.7882
v -1.075651 8.373923 -0.694770 0.2471 0.7137 0.7882
v -1.041950 8.169977 -0.613409 0.2471 0.7137 0.7882
v -0.989460 8.008123 -0.486686 0.2471 0.7137 0.7882
v -0.923319 7.904207 -0.327007 0.2471 0.7137 0.7882
v -0.850000 9.191877 -0.514427 0.2471 0.7137 0.7882
v -0.850000 8.826077 -0.739655 0.2471 0.7137 0.7882
v -0.850000 8.008123 -0.514427 0.2471 0.7137 0.7882
v -0.850000 7.788400 -0.250000 0.2471 0.7137 0.7882
v -0.850000 7.908400 -0.180000 0.2471 0.7137 0.7882
v -0.779289 7.788400 -0.220711 0.2471 0.7137 0.7882
v -0.828787 7.908400 -0.171213 0.2471 0.7137 0.7882
v -0.750000 7.788400 -0.150000 0.2471 0.7137 0.7882
v -0.820000 7.908400 -0.150000 0.2471 0.7137 0.7882
v -0.779289 7.788400 -0.079289 0.2471 0.7137 0.7882
v -0.828787 7.908400 -0.128787 0.2471 0.7137 0.7882
v -0.850000 7.788400 -0.050000 0.2471 0.7137 0.7882
v -0.850000 7.908400 -0.120000 0.2471 0.7137 0.7882
v -0.920711 7.788400 -0.079289 0.2471 0.7137 0.7882
v -0.871213 7.908400 -0.128787 0.2471 0.7137 0.7882
v -0.950000 7.788400 -0.150000 0.2471 0.7137 0.7882
v -0.880000 7.908400 -0.150000 0.2471 0.7137 0.7882
v -0.920711 7.788400 -0.220711 0.2471 0.7137 0.7882
v -0.871213 7.908400 -0.171213 0.2471 0.7137 0.7882
v -1.070000 9.075999 0.350000 1.0000 1.0000 1.0000
v -1.070000 9.024450 0.314998 1.0000 1.0000 1.0000
v -1.070000 8.900000 0.300500 1.0000 1.0000 1.0000
v -1.070000 8.775549 0.314998 1.0000 1.0000 1.0000
v -1.070000 8.724000 0.350000 1.0000 1.0000 1.0000
v -1.015000 9.024450 0.325250 1.0000 1.0000 1.0000
v -0.992218 8.900000 0.314998 1.0000 1.0000 1.0000
v -1.015000 8.775549 0.325250 1.0000 1.0000 1.0000
v -0.992218 9.024450 0.350000 1.0000 1.0000 1.0000
v -0.960000 8.900000 0.350000 1.0000 1.0000 1.0000
v -0.992218 8.775549 0.350000 1.0000 1.0000 1.0000
v -1.015000 9.024450 0.374750 1.0000 1.0000 1.0000
v -0.992218 8.900000 0.385002 1.0000 1.0000 1.0000
v -1.015000 8.775549 0.374750 1.0000 1.0000 1.0000
v -1.070000 9.024450 0.385002 1.0000 1.0000 1.0000
v -1.070000 8.900000 0.399500 1.0000 1.0000 1.0000
v -1.070000 8.775549 0.385002 1.0000 1.0000 1.0000
v -1.125000 9.024450 0.374750 1.0000 1.0000 1.0000
v -1.147782 8.900000 0.385002 1.0000 1.0000 1.0000
v -1.125000 8.775549 0.374750 1.0000 1.0000 1.0000
v -1.147782 9.024450 0.350000 1.0000 1.0000 1.0000
v -1.180000 8.900000 0.350000 1.0000 1.0000 1.0000
v -1.147782 8.775549 0.350000 1.0000 1.0000 1.0000
v -1.125000 9.024450 0.325250 1.0000 1.0000 1.0000
v -1.147782 8.900000 0.314998 1.0000 1.0000 1.0000
v -1.125000 8.775549 0.325250 1.0000 1.0000 1.0000
v 0.015191 0.901012 -0.009602 1.0000 0.9647 0.8980
v 0.015827 0.901880 0.008366 1.0000 0.9647 0.8980
v 0.000635 0.900868 0.017968 1.0000 0.9647 0.8980
v -0.015191 0.898988 0.009602 1.0000 0.9647 0.8980
v -0.015827 0.898120 -0.008365 1.0000 0.9647 0.8980
v -0.000636 0.899132 -0.017968 1.0000 0.9647 0.8980
v -0.834989 7.790836 -0.159630 1.0000 0.9647 0.8980
v -0.834244 7.790836 -0.141645 1.0000 0.9647 0.8980
v -0.849255 7.788400 -0.132015 1.0000 0.9647 0.8980
v -0.865011 7.785964 -0.140370 1.0000 0.9647 0.8980
v -0.865757 7.785964 -0.158355 1.0000 0.9647 0.8980
v -0.850745 7.788400 -0.167985 1.0000 0.9647 0.8980
v -0.344989 4.690346 -0.179928 1.0000 0.9647 0.8980
v -0.344306 4.690779 -0.161946 1.0000 0.9647 0.8980
v -0.359418 4.689054 -0.152321 1.0000 0.9647 0.8980
v -0.375214 4.686895 -0.160677 1.0000 0.9647 0.8980
v -0.375897 4.686462 -0.178659 1.0000 0.9647 0.8980
v -0.360785 4.688187 -0.188284 1.0000 0.9647 0.8980
v 0.850000 9.381599 0.050000 0.9490 0.7608 0.1882
v 0.850000 9.345793 -0.141590 0.9490 0.7608 0.1882
v 0.850000 9.080023 -0.451590 0.9490 0.7608 0.1882
v 0.850000 8.650000 -0.570000 0.9490 0.7608 0.1882
v 0.850000 8.423923 -0.539655 0.9490 0.7608 0.1882
v 0.850000 8.219976 -0.451590 0.9490 0.7608 0.1882
v 0.850000 7.954206 -0.141590 0.9490 0.7608 0.1882
v 0.850000 7.918400 0.050000 0.9490 0.7608 0.1882
v 0.923318 9.345793 -0.127007 0.9490 0.7608 0.1882
v 0.989460 9.241877 -0.286686 0.9490 0.7608 0.1882
v 1.041950 9.080023 -0.413409 0.9490 0.7608 0.1882
v 1.075651 8.876077 -0.494770 0.9490 0.7608 0.1882
v 1.087264 8.650000 -0.522805 0.9490 0.7608 0.1882
v 1.075651 8.423923 -0.494770 0.9490 0.7608 0.1882
v 1.041950 8.219976 -0.413409 0.9490 0.7608 0.1882
v 0.989460 8.058123 -0.286686 0.9490 0.7608 0.1882
v 0.923318 7.954206 -0.127007 0.9490 0.7608 0.1882
v 0.985475 9.345793 -0.085475 0.9490 0.7608 0.1882
v 1.107689 9.241877 -0.207689 0.9490 0.7608 0.1882
v 1.204678 9.080023 -0.304678 0.9490 0.7608 0.1882
v 1.266949 8.876077 -0.366949 0.9490 0.7608 0.1882
v 1.288406 8.650000 -0.388406 0.9490 0.7608 0.1882
v 1.266949 8.423923 -0.366949 0.9490 0.7608 0.1882
v 1.204678 8.219976 -0.304678 0.9490 0.7608 0.1882
v 1.107689 8.058123 -0.207689 0.9490 0.7608 0.1882
v 0.985475 7.954206 -0.085475 0.9490 0.7608 0.1882
v 1.027007 9.345793 -0.023318 0.9490 0.7608 0.1882
v 1.186686 9.241877 -0.089460 0.9490 0.7608 0.1882
v 1.313409 9.080023 -0.141950 0.9490 0.7608 0.1882
v 1.394770 8.876077 -0.175651 0.9490 0.7608 0.1882
v 1.422805 8.650000 -0.187264 0.9490 0.7608 0.1882
v 1.394770 8.423923 -0.175651 0.9490 0.7608 0.1882
v 1.313409 8.219976 -0.141950 0.9490 0.7608 0.1882
v 1.186686 8.058123 -0.089460 0.9490 0.7608 0.1882
v 1.027007 7.954206 -0.023318 0.9490 0.7608 0.1882
v 1.041590 9.345793 0.050000 0.9490 0.7608 0.1882
v 1.214427 9.241877 0.050000 0.9490 0.7608 0.1882
v 1.351590 9.080023 0.050000 0.9490 0.7608 0.1882
v 1.439655 8.876077 0.050000 0.9490 0.7608 0.1882
v 1.470000 8.650000 0.050000 0.9490 0.7608 0.1882
v 1.439655 8.423923 0.050000 0.9490 0.7608 0.1882
v 1.351590 8.219976 0.050000 0.9490 0.7608 0.1882
v 1.214427 8.058123 0.050000 0.9490 0.7608 0.1882
v 1.041590 7.954206 0.050000 0.9490 0.7608 0.1882
v 1.027007 9.345793 0.123319 0.9490 0.7608 0.1882
v 1.186686 9.241877 0.189460 0.9490 0.7608 0.1882
v 1.313409 9.080023 0.241951 0.9490 0.7608 0.1882
v 1.394770 8.876077 0.275651 0.9490 0.7608 0.1882
v 1.422805 8.650000 0.287264 0.9490 0.7608 0.1882
v 1.394770 8.423923 0.275651 0.9490 0.7608 0.1882
v 1.313409 8.219976 0.241951 0.9490 0.7608 0.1882
v 1.186686 8.058123 0.189460 0.9490 0.7608 0.1882
v 1.027007 7.954206 0.123319 0.9490 0.7608 0.1882
v 0.985475 9.345793 0.185475 0.9490 0.7608 0.1882
v 1.107689 9.241877 0.307689 0.9490 0.7608 0.1882
v 1.204678 9.080023 0.404678 0.9490 0.7608 0.1882
v 1.266949 8.876077 0.466949 0.9490 0.7608 0.1882
v 1.288406 8.650000 0.488406 0.9490 0.7608 0.1882
v 1.266949 8.423923 0.466949 0.9490 0.7608 0.1882
v 1.204678 8.219976 0.404678 0.9490 0.7608 0.1882
v 1.107689 8.058123 0.307689 0.9490 0.7608 0.1882
v 0.985475 7.954206 0.185475 0.9490 0.7608 0.1882
v 0.923318 9.345793 0.227007 0.9490 0.7608 0.1882
v 0.989460 9.241877 0.386687 0.9490 0.7608 0.1882
v 1.041950 9.080023 0.513409 0.9490 0.7608 0.1882
v 1.075651 8.876077 0.594770 0.9490 0.7608 0.1882
v 1.087263 8.650000 0.622805 0.9490 0.7608 0.1882
v 1.075651 8.423923 0.594770 0.9490 0.7608 0.1882
v 1.041950 8.219976 0.513409 0.9490 0.7608 0.1882
v 0.989460 8.058123 0.386687 0.9490 0.7608 0.1882
v 0.923318 7.954206 0.227007 0.9490 0.7608 0.1882
v 0.850000 9.345793 0.241591 0.9490 0.7608 0.1882
v 0.850000 9.241877 0.414427 0.9490 0.7608 0.1882
v 0.850000 9.080023 0.551591 0.9490 0.7608 0.1882
v 0.850000 8.876077 0.639655 0.9490 0.7608 0.1882
v 0.850000 8.650000 0.670000 0.9490 0.7608 0.1882
v 0.850000 8.423923 0.639655 0.9490 0.7608 0.1882
v 0.850000 8.219976 0.551591 0.9490 0.7608 0.1882
v 0.850000 8.058123 0.414427 0.9490 0.7608 0.1882
v 0.850000 7.954206 0.241591 0.9490 0.7608 0.1882
v 0.776681 9.345793 0.227007 0.9490 0.7608 0.1882
v 0.710540 9.241877 0.386686 0.9490 0.7608 0.1882
v 0.658049 9.080023 0.513409 0.9490 0.7608 0.1882
v 0.624349 8.876077 0.594770 0.9490 0.7608 0.1882
v 0.612736 8.650000 0.622805 0.9490 0.7608 0.1882
v 0.624349 8.423923 0.594770 0.9490 0.7608 0.1882
v 0.658049 8.219976 0.513409 0.9490 0.7608 0.1882
v 0.710540 8.058123 0.386686 0.9490 0.7608 0.1882
v 0.776681 7.954206 0.227007 0.9490 0.7608 0.1882
v 0.714525 9.345793 0.185475 0.9490 0.7608 0.1882
v 0.592311 9.241877 0.307689 0.9490 0.7608 0.1882
v 0.495322 9.080023 0.404678 0.9490 0.7608 0.1882
v 0.433051 8.876077 0.466949 0.9490 0.7608 0.1882
v 0.411594 8.650000 0.488406 0.9490 0.7608 0.1882
v 0.433051 8.423923 0.466949 0.9490 0.7608 0.1882
v 0.495322 8.219976 0.404678 0.9490 0.7608 0.1882
v 0.592311 8.058123 0.307689 0.9490 0.7608 0.1882
v 0.714525 7.954206 0.185475 0.9490 0.7608 0.1882
v 0.672993 9.345793 0.123319 0.9490 0.7608 0.1882
v 0.513313 9.241877 0.189460 0.9490 0.7608 0.1882
v 0.386591 9.080023 0.241950 0.9490 0.7608 0.1882
v 0.305230 8.876077 0.275651 0.9490 0.7608 0.1882
v 0.277195 8.650000 0.287263 0.9490 0.7608 0.1882
v 0.305230 8.423923 0.275651 0.9490 0.7608 0.1882
v 0.386591 8.219976 0.241950 0.9490 0.7608 0.1882
v 0.513313 8.058123 0.189460 0.9490 0.7608 0.1882
v 0.672993 7.954206 0.123319 0.9490 0.7608 0.1882
v 0.658409 9.345793 0.050000 0.9490 0.7608 0.1882
v 0.485573 9.241877 0.050000 0.9490 0.7608 0.1882
v 0.348409 9.080023 0.050000 0.9490 0.7608 0.1882
v 0.260345 8.876077 0.050000 0.9490 0.7608 0.1882
v 0.230000 8.650000 0.050000 0.9490 0.7608 0.1882
v 0.260345 8.423923 0.050000 0.9490 0.7608 0.1882
v 0.348409 8.219976 0.050000 0.9490 0.7608 0.1882
v 0.485573 8.058123 0.050000 0.9490 0.7608 0.1882
v 0.658409 7.954206 0.050000 0.9490 0.7608 0.1882
v 0.672993 9.345793 -0.023319 0.9490 0.7608 0.1882
v 0.513314 9.241877 -0.089460 0.9490 0.7608 0.1882
v 0.386591 9.080023 -0.141950 0.9490 0.7608 0.1882
v 0.305230 8.876077 -0.175651 0.9490 0.7608 0.1882
v 0.277195 8.650000 -0.187264 0.9490 0.7608 0.1882
v 0.305230 8.423923 -0.175651 0.9490 0.7608 0.1882
v 0.386591 8.219976 -0.141950 0.9490 0.7608 0.1882
v 0.513314 8.058123 -0.089460 0.9490 0.7608 0.1882
v 0.672993 7.954206 -0.023319 0.9490 0.7608 0.1882
v 0.714525 9.345793 -0.085475 0.9490 0.7608 0.1882
v 0.592311 9.241877 -0.207689 0.9490 0.7608 0.1882
v 0.495322 9.080023 -0.304678 0.9490 0.7608 0.1882
v 0.433051 8.876077 -0.366949 0.9490 0.7608 0.1882
v 0.411594 8.650000 -0.388406 0.9490 0.7608 0.1882
v 0.433051 8.423923 -0.366949 0.9490 0.7608 0.1882
v 0.495322 8.219976 -0.304678 0.9490 0.7608 0.1882
v 0.592311 8.058123 -0.207689 0.9490 0.7608 0.1882
v 0.714525 7.954206 -0.085475 0.9490 0.7608 0.1882
v 0.776681 9.345793 -0.127007 0.9490 0.7608 0.1882
v 0.710540 9.241877 -0.286686 0.9490 0.7608 0.1882
v 0.658050 9.080023 -0.413409 0.9490 0.7608 0.1882
v 0.624349 8.876077 -0.494770 0.9490 0.7608 0.1882
v 0.612737 8.650000 -0.522805 0.9490 0.7608 0.1882
v 0.624349 8.423923 -0.494770 0.9490 0.7608 0.1882
v 0.658050 8.219976 -0.413409 0.9490 0.7608 0.1882
v 0.710540 8.058123 -0.286686 0.9490 0.7608 0.1882
v 0.776681 7.954206 -0.127007 0.9490 0.7608 0.1882
v 0.850000 9.241877 -0.314427 0.9490 0.7608 0.1882
v 0.850000 8.876077 -0.539655 0.9490 0.7608 0.1882
v 0.850000 8.058123 -0.314427 0.9490 0.7608 0.1882
v 0.850000 7.838400 -0.050000 0.9490 0.7608 0.1882
v 0.850000 7.958400 0.020000 0.9490 0.7608 0.1882
v 0.920711 7.838400 -0.020711 0.9490 0.7608 0.1882
v 0.871213 7.958400 0.028787 0.9490 0.7608 0.1882
v 0.950000 7.838400 0.050000 0.9490 0.7608 0.1882
v 0.880000 7.958400 0.050000 0.9490 0.7608 0.1882
v 0.920711 7.838400 0.120711 0.9490 0.7608 0.1882
v 0.871213 7.958400 0.071213 0.9490 0.7608 0.1882
v 0.850000 7.838400 0.150000 0.9490 0.7608 0.1882
v 0.850000 7.958400 0.080000 0.9490 0.7608 0.1882
v 0.779289 7.838400 0.120711 0.9490 0.7608 0.1882
v 0.828787 7.958400 0.071213 0.9490 0.7608 0.1882
v 0.750000 7.838400 0.050000 0.9490 0.7608 0.1882
v 0.820000 7.958400 0.050000 0.9490 0.7608 0.1882
v 0.779289 7.838400 -0.020711 0.9490 0.7608 0.1882
v 0.828787 7.958400 0.028787 0.9490 0.7608 0.1882
v 0.630000 9.125999 0.550000 1.0000 1.0000 1.0000
v 0.630000 9.074450 0.514998 1.0000 1.0000 1.0000
v 0.630000 8.950000 0.500500 1.0000 1.0000 1.0000
v 0.630000 8.825549 0.514998 1.0000 1.0000 1.0000
v 0.630000 8.774000 0.550000 1.0000 1.0000 1.0000
v 0.685000 9.074450 0.525250 1.0000 1.0000 1.0000
v 0.707782 8.950000 0.514998 1.0000 1.0000 1.0000
v 0.685000 8.825549 0.525250 1.0000 1.0000 1.0000
v 0.707782 9.074450 0.550000 1.0000 1.0000 1.0000
v 0.740000 8.950000 0.550000 1.0000 1.0000 1.0000
v 0.707782 8.825549 0.550000 1.0000 1.0000 1.0000
v 0.685000 9.074450 0.574750 1.0000 1.0000 1.0000
v 0.707782 8.950000 0.585002 1.0000 1.0000 1.0000
v 0.685000 8.825549 0.574750 1.0000 1.0000 1.0000
v 0.630000 9.074450 0.585002 1.0000 1.0000 1.0000
v 0.630000 8.950000 0.599500 1.0000 1.0000 1.0000
v 0.630000 8.825549 0.585002 1.0000 1.0000 1.0000
v 0.575000 9.074450 0.574750 1.0000 1.0000 1.0000
v 0.552218 8.950000 0.585002 1.0000 1.0000 1.0000
v 0.575000 8.825549 0.574750 1.0000 1.0000 1.0000
v 0.552218 9.074450 0.550000 1.0000 1.0000 1.0000
v 0.520000 8.950000 0.550000 1.0000 1.0000 1.0000
v 0.552218 8.825549 0.550000 1.0000 1.0000 1.0000
v 0.575000 9.074450 0.525250 1.0000 1.0000 1.0000
v 0.552218 8.950000 0.514998 1.0000 1.0000 1.0000
v 0.575000 8.825549 0.525250 1.0000 1.0000 1.0000
v -0.017352 0.901741 0.004458 1.0000 0.9647 0.8980
v -0.012554 0.900885 -0.012869 1.0000 0.9647 0.8980
v 0.004798 0.899144 -0.017327 1.0000 0.9647 0.8980
v 0.017352 0.898259 -0.004458 1.0000 0.9647 0.8980
v 0.012554 0.899115 0.012869 1.0000 0.9647 0.8980
v -0.004798 0.900856 0.017328 1.0000 0.9647 0.8980
v 0.832744 7.840909 0.054466 1.0000 0.9647 0.8980
v 0.837650 7.840909 0.037148 1.0000 0.9647 0.8980
v 0.854906 7.838400 0.032681 1.0000 0.9647 0.8980
v 0.867256 7.835891 0.045534 1.0000 0.9647 0.8980
v 0.862350 7.835891 0.062852 1.0000 0.9647 0.8980
v 0.845094 7.838400 0.067319 1.0000 0.9647 0.8980
v 0.342791 4.718246 -0.084314 1.0000 0.9647 0.8980
v 0.347637 4.717819 -0.101644 1.0000 0.9647 0.8980
v 0.364947 4.715693 -0.106100 1.0000 0.9647 0.8980
v 0.377411 4.713994 -0.093225 1.0000 0.9647 0.8980
v 0.372566 4.714421 -0.075895 1.0000 0.9647 0.8980
v 0.355256 4.716547 -0.071439 1.0000 0.9647 0.8980
v -0.350000 8.731600 0.750000 1.0000 0.6197 0.7804
v -0.350000 8.695793 0.558410 1.0000 0.6197 0.7804
v -0.350000 8.430023 0.248410 1.0000 0.6197 0.7804
v -0.350000 8.000000 0.130000 1.0000 0.6197 0.7804
v -0.350000 7.773923 0.160345 1.0000 0.6197 0.7804
v -0.350000 7.569976 0.248410 1.0000 0.6197 0.7804
v -0.350000 7.304207 0.558410 1.0000 0.6197 0.7804
v -0.350000 7.268400 0.750000 1.0000 0.6197 0.7804
v -0.276682 8.695793 0.572993 1.0000 0.6197 0.7804
v -0.210540 8.591877 0.413314 1.0000 0.6197 0.7804
v -0.158050 8.430023 0.286591 1.0000 0.6197 0.7804
v -0.124349 8.226077 0.205230 1.0000 0.6197 0.7804
v -0.112736 8.000000 0.177195 1.0000 0.6197 0.7804
v -0.124349 7.773923 0.205230 1.0000 0.6197 0.7804
v -0.158050 7.569976 0.286591 1.0000 0.6197 0.7804
v -0.210540 7.408123 0.413314 1.0000 0.6197 0.7804
v -0.276682 7.304207 0.572993 1.0000 0.6197 0.7804
v -0.214525 8.695793 0.614525 1.0000 0.6197 0.7804
v -0.092311 8.591877 0.492311 1.0000 0.6197 0.7804
v 0.004678 8.430023 0.395322 1.0000 0.6197 0.7804
v 0.066949 8.226077 0.333051 1.0000 0.6197 0.7804
v 0.088406 8.000000 0.311594 1.0000 0.6197 0.7804
v 0.066949 7.773923 0.333051 1.0000 0.6197 0.7804
v 0.004678 7.569976 0.395322 1.0000 0.6197 0.7804
v -0.092311 7.408123 0.492311 1.0000 0.6197 0.7804
v -0.214525 7.304207 0.614525 1.0000 0.6197 0.7804
v -0.172994 8.695793 0.676682 1.0000 0.6197 0.7804
v -0.013314 8.591877 0.610540 1.0000 0.6197 0.7804
v 0.113409 8.430023 0.558050 1.0000 0.6197 0.7804
v 0.194770 8.226077 0.524349 1.0000 0.6197 0.7804
v 0.222805 8.000000 0.512736 1.0000 0.6197 0.7804
v 0.194770 7.773923 0.524349 1.0000 0.6197 0.7804
v 0.113409 7.569976 0.558050 1.0000 0.6197 0.7804
v -0.013314 7.408123 0.610540 1.0000 0.6197 0.7804
v -0.172994 7.304207 0.676682 1.0000 0.6197 0.7804
v -0.158410 8.695793 0.750000 1.0000 0.6197 0.7804
v 0.014427 8.591877 0.750000 1.0000 0.6197 0.7804
v 0.151590 8.430023 0.750000 1.0000 0.6197 0.7804
v 0.239655 8.226077 0.750000 1.0000 0.6197 0.7804
v 0.270000 8.000000 0.750000 1.0000 0.6197 0.7804
v 0.239655 7.773923 0.750000 1.0000 0.6197 0.7804
v 0.151590 7.569976 0.750000 1.0000 0.6197 0.7804
v 0.014427 7.408123 0.750000 1.0000 0.6197 0.7804
v -0.158410 7.304207 0.750000 1.0000 0.6197 0.7804
v -0.172994 8.695793 0.823319 1.0000 0.6197 0.7804
v -0.013314 8.591877 0.889460 1.0000 0.6197 0.7804
v 0.113409 8.430023 0.941951 1.0000 0.6197 0.7804
v 0.194770 8.226077 0.975651 1.0000 0.6197 0.7804
v 0.222805 8.000000 0.987264 1.0000 0.6197 0.7804
v 0.194770 7.773923 0.975651 1.0000 0.6197 0.7804
v 0.113409 7.569976 0.941951 1.0000 0.6197 0.7804
v -0.013314 7.408123 0.889460 1.0000 0.6197 0.7804
v -0.172994 7.304207 0.823319 1.0000 0.6197 0.7804
v -0.214525 8.695793 0.885475 1.0000 0.6197 0.7804
v -0.092312 8.591877 1.007689 1.0000 0.6197 0.7804
v 0.004678 8.430023 1.104678 1.0000 0.6197 0.7804
v 0.066949 8.226077 1.166949 1.0000 0.6197 0.7804
v 0.088406 8.000000 1.188406 1.0000 0.6197 0.7804
v 0.066949 7.773923 1.166949 1.0000 0.6197 0.7804
v 0.004678 7.569976 1.104678 1.0000 0.6197 0.7804
v -0.092312 7.408123 1.007689 1.0000 0.6197 0.7804
v -0.214525 7.304207 0.885475 1.0000 0.6197 0.7804
v -0.276682 8.695793 0.927007 1.0000 0.6197 0.7804
v -0.210540 8.591877 1.086687 1.0000 0.6197 0.7804
v -0.158050 8.430023 1.213409 1.0000 0.6197 0.7804
v -0.124349 8.226077 1.294770 1.0000 0.6197 0.7804
v -0.112737 8.000000 1.322805 1.0000 0.6197 0.7804
v -0.124349 7.773923 1.294770 1.0000 0.6197 0.7804
v -0.158050 7.569976 1.213409 1.0000 0.6197 0.7804
v -0.210540 7.408123 1.086687 1.0000 0.6197 0.7804
v -0.276682 7.304207 0.927007 1.0000 0.6197 0.7804
v -0.350000 8.695793 0.941591 1.0000 0.6197 0.7804
v -0.350000 8.591877 1.114427 1.0000 0.6197 0.7804
v -0.350000 8.430023 1.251590 1.0000 0.6197 0.7804
v -0.350000 8.226077 1.339655 1.0000 0.6197 0.7804
v -0.350000 8.000000 1.370000 1.0000 0.6197 0.7804
v -0.350000 7.773923 1.339655 1.0000 0.6197 0.7804
v -0.350000 7.569976 1.251590 1.0000 0.6197 0.7804
v -0.350000 7.408123 1.114427 1.0000 0.6197 0.7804
v -0.350000 7.304207 0.941591 1.0000 0.6197 0.7804
v -0.423319 8.695793 0.927007 1.0000 0.6197 0.7804
v -0.489460 8.591877 1.086686 1.0000 0.6197 0.7804
v -0.541951 8.430023 1.213409 1.0000 0.6197 0.7804
v -0.575651 8.226077 1.294770 1.0000 0.6197 0.7804
v -0.587264 8.000000 1.322805 1.0000 0.6197 0.7804
v -0.575651 7.773923 1.294770 1.0000 0.6197 0.7804
v -0.541951 7.569976 1.213409 1.0000 0.6197 0.7804
v -0.489460 7.408123 1.086686 1.0000 0.6197 0.7804
v -0.423319 7.304207 0.927007 1.0000 0.6197 0.7804
v -0.485475 8.695793 0.885475 1.0000 0.6197 0.7804
v -0.607689 8.591877 1.007689 1.0000 0.6197 0.7804
v -0.704678 8.430023 1.104678 1.0000 0.6197 0.7804
v -0.766949 8.226077 1.166949 1.0000 0.6197 0.7804
v -0.788406 8.000000 1.188406 1.0000 0.6197 0.7804
v -0.766949 7.773923 1.166949 1.0000 0.6197 0.7804
v -0.704678 7.569976 1.104678 1.0000 0.6197 0.7804
v -0.607689 7.408123 1.007689 1.0000 0.6197 0.7804
v -0.485475 7.304207 0.885475 1.0000 0.6197 0.7804
v -0.527007 8.695793 0.823319 1.0000 0.6197 0.7804
v -0.686687 8.591877 0.889460 1.0000 0.6197 0.7804
v -0.813409 8.430023 0.941950 1.0000 0.6197 0.7804
v -0.894770 8.226077 0.975651 1.0000 0.6197 0.7804
v -0.922805 8.000000 0.987264 1.0000 0.6197 0.7804
v -0.894770 7.773923 0.975651 1.0000 0.6197 0.7804
v -0.813409 7.569976 0.941950 1.0000 0.6197 0.7804
v -0.686687 7.408123 0.889460 1.0000 0.6197 0.7804
v -0.527007 7.304207 0.823319 1.0000 0.6197 0.7804
v -0.541591 8.695793 0.750000 1.0000 0.6197 0.7804
v -0.714427 8.591877 0.750000 1.0000 0.6197 0.7804
v -0.851591 8.430023 0.750000 1.0000 0.6197 0.7804
v -0.939655 8.226077 0.750000 1.0000 0.6197 0.7804
v -0.970000 8.000000 0.750000 1.0000 0.6197 0.7804
v -0.939655 7.773923 0.750000 1.0000 0.6197 0.7804
v -0.851591 7.569976 0.750000 1.0000 0.6197 0.7804
v -0.714427 7.408123 0.750000 1.0000 0.6197 0.7804
v -0.541591 7.304207 0.750000 1.0000 0.6197 0.7804
v -0.527007 8.695793 0.676681 1.0000 0.6197 0.7804
v -0.686686 8.591877 0.610540 1.0000 0.6197 0.7804
v -0.813409 8.430023 0.558050 1.0000 0.6197 0.7804
v -0.894770 8.226077 0.524349 1.0000 0.6197 0.7804
v -0.922805 8.000000 0.512736 1.0000 0.6197 0.7804
v -0.894770 7.773923 0.524349 1.0000 0.6197 0.7804
v -0.813409 7.569976 0.558050 1.0000 0.6197 0.7804
v -0.686686 7.408123 0.610540 1.0000 0.6197 0.7804
v -0.527007 7.304207 0.676681 1.0000 0.6197 0.7804
v -0.485475 8.695793 0.614525 1.0000 0.6197 0.7804
v -0.607689 8.591877 0.492311 1.0000 0.6197 0.7804
v -0.704678 8.430023 0.395322 1.0000 0.6197 0.7804
v -0.766949 8.226077 0.333051 1.0000 0.6197 0.7804
v -0.788406 8.000000 0.311594 1.0000 0.6197 0.7804
v -0.766949 7.773923 0.333051 1.0000 0.6197 0.7804
v -0.704678 7.569976 0.395322 1.0000 0.6197 0.7804
v -0.607689 7.408123 0.492311 1.0000 0.6197 0.7804
v -0.485475 7.304207 0.614525 1.0000 0.6197 0.7804
v -0.423319 8.695793 0.572993 1.0000 0.6197 0.7804
v -0.489460 8.591877 0.413314 1.0000 0.6197 0.7804
v -0.541950 8.430023 0.286591 1.0000 0.6197 0.7804
v -0.575651 8.226077 0.205230 1.0000 0.6197 0.7804
v -0.587263 8.000000 0.177195 1.0000 0.6197 0.7804
v -0.575651 7.773923 0.205230 1.0000 0.6197 0.7804
v -0.541950 7.569976 0.286591 1.0000 0.6197 0.7804
v -0.489460 7.408123 0.413314 1.0000 0.6197 0.7804
v -0.423319 7.304207 0.572993 1.0000 0.6197 0.7804
v -0.350000 8.591877 0.385573 1.0000 0.6197 0.7804
v -0.350000 8.226077 0.160345 1.0000 0.6197 0.7804
v -0.350000 7.408123 0.385573 1.0000 0.6197 0.7804
v -0.350000 7.188400 0.650000 1.0000 0.6197 0.7804
v -0.350000 7.308400 0.720000 1.0000 0.6197 0.7804
v -0.279289 7.188400 0.679289 1.0000 0.6197 0.7804
v -0.328787 7.308400 0.728787 1.0000 0.6197 0.7804
v -0.250000 7.188400 0.750000 1.0000 0.6197 0.7804
v -0.320000 7.308400 0.750000 1.0000 0.6197 0.7804
v -0.279289 7.188400 0.820711 1.0000 0.6197 0.7804
v -0.328787 7.308400 0.771213 1.0000 0.6197 0.7804
v -0.350000 7.188400 0.850000 1.0000 0.6197 0.7804
v -0.350000 7.308400 0.780000 1.0000 0.6197 0.7804
v -0.420711 7.188400 0.820711 1.0000 0.6197 0.7804
v -0.371213 7.308400 0.771213 1.0000 0.6197 0.7804
v -0.450000 7.188400 0.750000 1.0000 0.6197 0.7804
v -0.380000 7.308400 0.750000 1.0000 0.6197 0.7804
v -0.420711 7.188400 0.679289 1.0000 0.6197 0.7804
v -0.371213 7.308400 0.728787 1.0000 0.6197 0.7804
v -0.570000 8.476000 1.250000 1.0000 1.0000 1.0000
v -0.570000 8.424451 1.214998 1.0000 1.0000 1.0000
v -0.570000 8.300000 1.200500 1.0000 1.0000 1.0000
v -0.570000 8.175550 1.214998 1.0000 1.0000 1.0000
v -0.570000 8.124001 1.250000 1.0000 1.0000 1.0000
v -0.515000 8.424451 1.225250 1.0000 1.0000 1.0000
v -0.492218 8.300000 1.214998 1.0000 1.0000 1.0000
v -0.515000 8.175550 1.225250 1.0000 1.0000 1.0000
v -0.492218 8.424451 1.250000 1.0000 1.0000 1.0000
v -0.460000 8.300000 1.250000 1.0000 1.0000 1.0000
v -0.492218 8.175550 1.250000 1.0000 1.0000 1.0000
v -0.515000 8.424451 1.274750 1.0000 1.0000 1.0000
v -0.492218 8.300000 1.285002 1.0000 1.0000 1.0000
v -0.515000 8.175550 1.274750 1.0000 1.0000 1.0000
v -0.570000 8.424451 1.285002 1.0000 1.0000 1.0000
v -0.570000 8.300000 1.299500 1.0000 1.0000 1.0000
v -0.570000 8.175550 1.285002 1.0000 1.0000 1.0000
v -0.625000 8.424451 1.274750 1.0000 1.0000 1.0000
v -0.647782 8.300000 1.285002 1.0000 1.0000 1.0000
v -0.625000 8.175550 1.274750 1.0000 1.0000 1.0000
v -0.647782 8.424451 1.250000 1.0000 1.0000 1.0000
v -0.680000 8.300000 1.250000 1.0000 1.0000 1.0000
v -0.647782 8.175550 1.250000 1.0000 1.0000 1.0000
v -0.625000 8.424451 1.225250 1.0000 1.0000 1.0000
v -0.647782 8.300000 1.214998 1.0000 1.0000 1.0000
v -0.625000 8.175550 1.225250 1.0000 1.0000 1.0000
v -0.006382 0.901898 -0.016723 1.0000 0.9647 0.8980
v 0.011319 0.903035 -0.013662 1.0000 0.9647 0.8980
v 0.017701 0.901137 0.003061 1.0000 0.9647 0.8980
v 0.006382 0.898102 0.016723 1.0000 0.9647 0.8980
v -0.011319 0.896965 0.013663 1.0000 0.9647 0.8980
v -0.017701 0.898863 -0.003061 1.0000 0.9647 0.8980
v -0.356353 7.189730 0.733211 1.0000 0.9647 0.8980
v -0.338593 7.189730 0.736140 1.0000 0.9647 0.8980
v -0.332240 7.188400 0.752929 1.0000 0.9647 0.8980
v -0.343647 7.187070 0.766789 1.0000 0.9647 0.8980
v -0.361408 7.187070 0.763860 1.0000 0.9647 0.8980
v -0.367760 7.188400 0.747071 1.0000 0.9647 0.8980
v -0.316940 4.360234 0.494207 1.0000 0.9647 0.8980
v -0.299199 4.360805 0.497193 1.0000 0.9647 0.8980
v -0.292837 4.359190 0.513953 1.0000 0.9647 0.8980
v -0.304216 4.357005 0.527728 1.0000 0.9647 0.8980
v -0.321958 4.356435 0.524742 1.0000 0.9647 0.8980
v -0.328320 4.358049 0.507981 1.0000 0.9647 0.8980
v 0.450000 8.831600 -0.750000 0.4275 0.7451 0.2706
v 0.450000 8.795794 -0.941590 0.4275 0.7451 0.2706
v 0.450000 8.530024 -1.251590 0.4275 0.7451 0.2706
v 0.450000 8.100000 -1.370000 0.4275 0.7451 0.2706
v 0.450000 7.873923 -1.339655 0.4275 0.7451 0.2706
v 0.450000 7.669977 -1.251590 0.4275 0.7451 0.2706
v 0.450000 7.404207 -0.941590 0.4275 0.7451 0.2706
v 0.450000 7.368401 -0.750000 0.4275 0.7451 0.2706
v 0.523318 8.795794 -0.927007 0.4275 0.7451 0.2706
v 0.589460 8.691877 -1.086686 0.4275 0.7451 0.2706
v 0.641950 8.530024 -1.213409 0.4275 0.7451 0.2706
v 0.675651 8.326077 -1.294770 0.4275 0.7451 0.2706
v 0.687264 8.100000 -1.322805 0.4275 0.7451 0.2706
v 0.675651 7.873923 -1.294770 0.4275 0.7451 0.2706
v 0.641950 7.669977 -1.213409 0.4275 0.7451 0.2706
v 0.589460 7.508123 -1.086686 0.4275 0.7451 0.2706
v 0.523318 7.404207 -0.927007 0.4275 0.7451 0.2706
v 0.585475 8.795794 -0.885475 0.4275 0.7451 0.2706
v 0.707689 8.691877 -1.007689 0.4275 0.7451 0.2706
v 0.804678 8.530024 -1.104678 0.4275 0.7451 0.2706
v 0.866949 8.326077 -1.166949 0.4275 0.7451 0.2706
v 0.888406 8.100000 -1.188406 0.4275 0.7451 0.2706
v 0.866949 7.873923 -1.166949 0.4275 0.7451 0.2706
v 0.804678 7.669977 -1.104678 0.4275 0.7451 0.2706
v 0.707689 7.508123 -1.007689 0.4275 0.7451 0.2706
v 0.585475 7.404207 -0.885475 0.4275 0.7451 0.2706
v 0.627006 8.795794 -0.823318 0.4275 0.7451 0.2706
v 0.786686 8.691877 -0.889460 0.4275 0.7451 0.2706
v 0.913409 8.530024 -0.941950 0.4275 0.7451 0.2706
v 0.994770 8.326077 -0.975651 0.4275 0.7451 0.2706
v 1.022805 8.100000 -0.987264 0.4275 0.7451 0.2706
v 0.994770 7.873923 -0.975651 0.4275 0.7451 0.2706
v 0.913409 7.669977 -0.941950 0.4275 0.7451 0.2706
v 0.786686 7.508123 -0.889460 0.4275 0.7451 0.2706
v 0.627006 7.404207 -0.823318 0.4275 0.7451 0.2706
v 0.641590 8.795794 -0.750000 0.4275 0.7451 0.2706
v 0.814427 8.691877 -0.750000 0.4275 0.7451 0.2706
v 0.951590 8.530024 -0.750000 0.4275 0.7451 0.2706
v 1.039655 8.326077 -0.750000 0.4275 0.7451 0.2706
v 1.070000 8.100000 -0.750000 0.4275 0.7451 0.2706
v 1.039655 7.873923 -0.750000 0.4275 0.7451 0.2706
v 0.951590 7.669977 -0.750000 0.4275 0.7451 0.2706
v 0.814427 7.508123 -0.750000 0.4275 0.7451 0.2706
v 0.641590 7.404207 -0.750000 0.4275 0.7451 0.2706
v 0.627006 8.795794 -0.676681 0.4275 0.7451 0.2706
v 0.786686 8.691877 -0.610540 0.4275 0.7451 0.2706
v 0.913409 8.530024 -0.558049 0.4275 0.7451 0.2706
v 0.994770 8.326077 -0.524349 0.4275 0.7451 0.2706
v 1.022805 8.100000 -0.512736 0.4275 0.7451 0.2706
v 0.994770 7.873923 -0.524349 0.4275 0.7451 0.2706
v 0.913409 7.669977 -0.558049 0.4275 0.7451 0.2706
v 0.786686 7.508123 -0.610540 0.4275 0.7451 0.2706
v 0.627006 7.404207 -0.676681 0.4275 0.7451 0.2706
v 0.585475 8.795794 -0.614525 0.4275 0.7451 0.2706
v 0.707688 8.691877 -0.492311 0.4275 0.7451 0.2706
v 0.804678 8.530024 -0.395322 0.4275 0.7451 0.2706
v 0.866949 8.326077 -0.333051 0.4275 0.7451 0.2706
v 0.888406 8.100000 -0.311594 0.4275 0.7451 0.2706
v 0.866949 7.873923 -0.333051 0.4275 0.7451 0.2706
v 0.804678 7.669977 -0.395322 0.4275 0.7451 0.2706
v 0.707688 7.508123 -0.492311 0.4275 0.7451 0.2706
v 0.585475 7.404207 -0.614525 0.4275 0.7451 0.2706
v 0.523318 8.795794 -0.572993 0.4275 0.7451 0.2706
v 0.589460 8.691877 -0.413313 0.4275 0.7451 0.2706
v 0.641950 8.530024 -0.286591 0.4275 0.7451 0.2706
v 0.675651 8.326077 -0.205230 0.4275 0.7451 0.2706
v 0.687263 8.100000 -0.177195 0.4275 0.7451 0.2706
v 0.675651 7.873923 -0.205230 0.4275 0.7451 0.2706
v 0.641950 7.669977 -0.286591 0.4275 0.7451 0.2706
v 0.589460 7.508123 -0.413313 0.4275 0.7451 0.2706
v 0.523318 7.404207 -0.572993 0.4275 0.7451 0.2706
v 0.450000 8.795794 -0.558409 0.4275 0.7451 0.2706
v 0.450000 8.691877 -0.385573 0.4275 0.7451 0.2706
v 0.450000 8.530024 -0.248409 0.4275 0.7451 0.2706
v 0.450000 8.326077 -0.160345 0.4275 0.7451 0.2706
v 0.450000 8.100000 -0.130000 0.4275 0.7451 0.2706
v 0.450000 7.873923 -0.160345 0.4275 0.7451 0.2706
v 0.450000 7.669977 -0.248409 0.4275 0.7451 0.2706
v 0.450000 7.508123 -0.385573 0.4275 0.7451 0.2706
v 0.450000 7.404207 -0.558409 0.4275 0.7451 0.2706
v 0.376681 8.795794 -0.572993 0.4275 0.7451 0.2706
v 0.310540 8.691877 -0.413314 0.4275 0.7451 0.2706
v 0.258049 8.530024 -0.286591 0.4275 0.7451 0.2706
v 0.224349 8.326077 -0.205230 0.4275 0.7451 0.2706
v 0.212736 8.100000 -0.177195 0.4275 0.7451 0.2706
v 0.224349 7.873923 -0.205230 0.4275 0.7451 0.2706
v 0.258049 7.669977 -0.286591 0.4275 0.7451 0.2706
v 0.310540 7.508123 -0.413314 0.4275 0.7451 0.2706
v 0.376681 7.404207 -0.572993 0.4275 0.7451 0.2706
v 0.314525 8.795794 -0.614525 0.4275 0.7451 0.2706
v 0.192311 8.691877 -0.492311 0.4275 0.7451 0.2706
v 0.095322 8.530024 -0.395322 0.4275 0.7451 0.2706
v 0.033051 8.326077 -0.333051 0.4275 0.7451 0.2706
v 0.011594 8.100000 -0.311594 0.4275 0.7451 0.2706
v 0.033051 7.873923 -0.333051 0.4275 0.7451 0.2706
v 0.095322 7.669977 -0.395322 0.4275 0.7451 0.2706
v 0.192311 7.508123 -0.492311 0.4275 0.7451 0.2706
v 0.314525 7.404207 -0.614525 0.4275 0.7451 0.2706
v 0.272993 8.795794 -0.676681 0.4275 0.7451 0.2706
v 0.113313 8.691877 -0.610540 0.4275 0.7451 0.2706
v -0.013409 8.530024 -0.558050 0.4275 0.7451 0.2706
v -0.094770 8.326077 -0.524349 0.4275 0.7451 0.2706
v -0.122805 8.100000 -0.512736 0.4275 0.7451 0.2706
v -0.094770 7.873923 -0.524349 0.4275 0.7451 0.2706
v -0.013409 7.669977 -0.558050 0.4275 0.7451 0.2706
v 0.113313 7.508123 -0.610540 0.4275 0.7451 0.2706
v 0.272993 7.404207 -0.676681 0.4275 0.7451 0.2706
v 0.258409 8.795794 -0.750000 0.4275 0.7451 0.2706
v 0.085573 8.691877 -0.750000 0.4275 0.7451 0.2706
v -0.051591 8.530024 -0.750000 0.4275 0.7451 0.2706
v -0.139655 8.326077 -0.750000 0.4275 0.7451 0.2706
v -0.170000 8.100000 -0.750000 0.4275 0.7451 0.2706
v -0.139655 7.873923 -0.750000 0.4275 0.7451 0.2706
v -0.051591 7.669977 -0.750000 0.4275 0.7451 0.2706
v 0.085573 7.508123 -0.750000 0.4275 0.7451 0.2706
v 0.258409 7.404207 -0.750000 0.4275 0.7451 0.2706
v 0.272993 8.795794 -0.823319 0.4275 0.7451 0.2706
v 0.113314 8.691877 -0.889460 0.4275 0.7451 0.2706
v -0.013409 8.530024 -0.941950 0.4275 0.7451 0.2706
v -0.094770 8.326077 -0.975651 0.4275 0.7451 0.2706
v -0.122805 8.100000 -0.987264 0.4275 0.7451 0.2706
v -0.094770 7.873923 -0.975651 0.4275 0.7451 0.2706
v -0.013409 7.669977 -0.941950 0.4275 0.7451 0.2706
v 0.113314 7.508123 -0.889460 0.4275 0.7451 0.2706
v 0.272993 7.404207 -0.823319 0.4275 0.7451 0.2706
v 0.314525 8.795794 -0.885475 0.4275 0.7451 0.2706
v 0.192311 8.691877 -1.007689 0.4275 0.7451 0.2706
v 0.095322 8.530024 -1.104678 0.4275 0.7451 0.2706
v 0.033051 8.326077 -1.166949 0.4275 0.7451 0.2706
v 0.011594 8.100000 -1.188406 0.4275 0.7451 0.2706
v 0.033051 7.873923 -1.166949 0.4275 0.7451 0.2706
v 0.095322 7.669977 -1.104678 0.4275 0.7451 0.2706
v 0.192311 7.508123 -1.007689 0.4275 0.7451 0.2706
v 0.314525 7.404207 -0.885475 0.4275 0.7451 0.2706
v 0.376681 8.795794 -0.927007 0.4275 0.7451 0.2706
v 0.310540 8.691877 -1.086686 0.4275 0.7451 0.2706
v 0.258050 8.530024 -1.213409 0.4275 0.7451 0.2706
v 0.224349 8.326077 -1.294770 0.4275 0.7451 0.2706
v 0.212737 8.100000 -1.322805 0.4275 0.7451 0.2706
v 0.224349 7.873923 -1.294770 0.4275 0.7451 0.2706
v 0.258050 7.669977 -1.213409 0.4275 0.7451 0.2706
v 0.310540 7.508123 -1.086686 0.4275 0.7451 0.2706
v 0.376681 7.404207 -0.927007 0.4275 0.7451 0.2706
v 0.450000 8.691877 -1.114427 0.4275 0.7451 0.2706
v 0.450000 8.326077 -1.339655 0.4275 0.7451 0.2706
v 0.450000 7.508123 -1.114427 0.4275 0.7451 0.2706
v 0.450000 7.288400 -0.850000 0.4275 0.7451 0.2706
v 0.450000 7.408400 -0.780000 0.4275 0.7451 0.2706
v 0.520711 7.288400 -0.820711 0.4275 0.7451 0.2706
v 0.471213 7.408400 -0.771213 0.4275 0.7451 0.2706
v 0.550000 7.288400 -0.750000 0.4275 0.7451 0.2706
v 0.480000 7.408400 -0.750000 0.4275 0.7451 0.2706
v 0.520711 7.288400 -0.679289 0.4275 0.7451 0.2706
v 0.471213 7.408400 -0.728787 0.4275 0.7451 0.2706
v 0.450000 7.288400 -0.650000 0.4275 0.7451 0.2706
v 0.450000 7.408400 -0.720000 0.4275 0.7451 0.2706
v 0.379289 7.288400 -0.679289 0.4275 0.7451 0.2706
v 0.428787 7.408400 -0.728787 0.4275 0.7451 0.2706
v 0.350000 7.288400 -0.750000 0.4275 0.7451 0.2706
v 0.420000 7.408400 -0.750000 0.4275 0.7451 0.2706
v 0.379289 7.288400 -0.820711 0.4275 0.7451 0.2706
v 0.428787 7.408400 -0.771213 0.4275 0.7451 0.2706
v 0.230000 8.575999 -0.250000 1.0000 1.0000 1.0000
v 0.230000 8.524450 -0.285002 1.0000 1.0000 1.0000
v 0.230000 8.400000 -0.299500 1.0000 1.0000 1.0000
v 0.230000 8.275549 -0.285002 1.0000 1.0000 1.0000
v 0.230000 8.224000 -0.250000 1.0000 1.0000 1.0000
v 0.285000 8.524450 -0.274750 1.0000 1.0000 1.0000
v 0.307782 8.400000 -0.285002 1.0000 1.0000 1.0000
v 0.285000 8.275549 -0.274750 1.0000 1.0000 1.0000
v 0.307782 8.524450 -0.250000 1.0000 1.0000 1.0000
v 0.340000 8.400000 -0.250000 1.0000 1.0000 1.0000
v 0.307782 8.275549 -0.250000 1.0000 1.0000 1.0000
v 0.285000 8.524450 -0.225250 1.0000 1.0000 1.0000
v 0.307782 8.400000 -0.214998 1.0000 1.0000 1.0000
v 0.285000 8.275549 -0.225250 1.0000 1.0000 1.0000
v 0.230000 8.524450 -0.214998 1.0000 1.0000 1.0000
v 0.230000 8.400000 -0.200500 1.0000 1.0000 1.0000
v 0.230000 8.275549 -0.214998 1.0000 1.0000 1.0000
v 0.175000 8.524450 -0.225250 1.0000 1.0000 1.0000
v 0.152218 8.400000 -0.214998 1.0000 1.0000 1.0000
v 0.175000 8.275549 -0.225250 1.0000 1.0000 1.0000
v 0.152218 8.524450 -0.250000 1.0000 1.0000 1.0000
v 0.120000 8.400000 -0.250000 1.0000 1.0000 1.0000
v 0.152218 8.275549 -0.250000 1.0000 1.0000 1.0000
v 0.175000 8.524450 -0.274750 1.0000 1.0000 1.0000
v 0.152218 8.400000 -0.285002 1.0000 1.0000 1.0000
v 0.175000 8.275549 -0.274750 1.0000 1.0000 1.0000
v 0.004900 0.901070 0.017287 1.0000 0.9647 0.8980
v -0.012474 0.902351 0.012762 1.0000 0.9647 0.8980
v -0.017375 0.901281 -0.004525 1.0000 0.9647 0.8980
v -0.004900 0.898930 -0.017287 1.0000 0.9647 0.8980
v 0.012474 0.897649 -0.012762 1.0000 0.9647 0.8980
v 0.017375 0.898719 0.004525 1.0000 0.9647 0.8980
v 0.454991 7.290808 -0.732874 1.0000 0.9647 0.8980
v 0.437529 7.290808 -0.737245 1.0000 0.9647 0.8980
v 0.432539 7.288400 -0.754371 1.0000 0.9647 0.8980
v 0.445009 7.285993 -0.767126 1.0000 0.9647 0.8980
v 0.462470 7.285993 -0.762755 1.0000 0.9647 0.8980
v 0.467461 7.288400 -0.745629 1.0000 0.9647 0.8980
v 0.345824 4.415359 -0.296816 1.0000 0.9647 0.8980
v 0.328397 4.415999 -0.301274 1.0000 0.9647 0.8980
v 0.323441 4.414260 -0.318491 1.0000 0.9647 0.8980
v 0.335913 4.411881 -0.331250 1.0000 0.9647 0.8980
v 0.353341 4.411241 -0.326792 1.0000 0.9647 0.8980
v 0.358296 4.412980 -0.309575 1.0000 0.9647 0.8980
v 0.550000 8.081600 0.550000 0.6079 0.3608 1.0000
v 0.550000 8.045793 0.358410 0.6079 0.3608 1.0000
v 0.550000 7.780024 0.048410 0.6079 0.3608 1.0000
v 0.550000 7.350000 -0.070000 0.6079 0.3608 1.0000
v 0.550000 7.123923 -0.039655 0.6079 0.3608 1.0000
v 0.550000 6.919976 0.048410 0.6079 0.3608 1.0000
v 0.550000 6.654207 0.358410 0.6079 0.3608 1.0000
v 0.550000 6.618400 0.550000 0.6079 0.3608 1.0000
v 0.623318 8.045793 0.372993 0.6079 0.3608 1.0000
v 0.689460 7.941877 0.213314 0.6079 0.3608 1.0000
v 0.741950 7.780024 0.086591 0.6079 0.3608 1.0000
v 0.775651 7.576077 0.005230 0.6079 0.3608 1.0000
v 0.787264 7.350000 -0.022805 0.6079 0.3608 1.0000
v 0.775651 7.123923 0.005230 0.6079 0.3608 1.0000
v 0.741950 6.919976 0.086591 0.6079 0.3608 1.0000
v 0.689460 6.758123 0.213314 0.6079 0.3608 1.0000
v 0.623318 6.654207 0.372993 0.6079 0.3608 1.0000
v 0.685475 8.045793 0.414525 0.6079 0.3608 1.0000
v 0.807689 7.941877 0.292311 0.6079 0.3608 1.0000
v 0.904678 7.780024 0.195322 0.6079 0.3608 1.0000
v 0.966949 7.576077 0.133051 0.6079 0.3608 1.0000
v 0.988406 7.350000 0.111594 0.6079 0.3608 1.0000
v 0.966949 7.123923 0.133051 0.6079 0.3608 1.0000
v 0.904678 6.919976 0.195322 0.6079 0.3608 1.0000
v 0.807689 6.758123 0.292311 0.6079 0.3608 1.0000
v 0.685475 6.654207 0.414525 0.6079 0.3608 1.0000
v 0.727006 8.045793 0.476682 0.6079 0.3608 1.0000
v 0.886686 7.941877 0.410540 0.6079 0.3608 1.0000
v 1.013409 7.780024 0.358050 0.6079 0.3608 1.0000
v 1.094770 7.576077 0.324349 0.6079 0.3608 1.0000
v 1.122805 7.350000 0.312736 0.6079 0.3608 1.0000
v 1.094770 7.123923 0.324349 0.6079 0.3608 1.0000
v 1.013409 6.919976 0.358050 0.6079 0.3608 1.0000
v 0.886686 6.758123 0.410540 0.6079 0.3608 1.0000
v 0.727006 6.654207 0.476682 0.6079 0.3608 1.0000
v 0.741590 8.045793 0.550000 0.6079 0.3608 1.0000
v 0.914427 7.941877 0.550000 0.6079 0.3608 1.0000
v 1.051590 7.780024 0.550000 0.6079 0.3608 1.0000
v 1.139655 7.576077 0.550000 0.6079 0.3608 1.0000
v 1.170000 7.350000 0.550000 0.6079 0.3608 1.0000
v 1.139655 7.123923 0.550000 0.6079 0.3608 1.0000
v 1.051590 6.919976 0.550000 0.6079 0.3608 1.0000
v 0.914427 6.758123 0.550000 0.6079 0.3608 1.0000
v 0.741590 6.654207 0.550000 0.6079 0.3608 1.0000
v 0.727006 8.045793 0.623319 0.6079 0.3608 1.0000
v 0.886686 7.941877 0.689460 0.6079 0.3608 1.0000
v 1.013409 7.780024 0.741951 0.6079 0.3608 1.0000
v 1.094770 7.576077 0.775651 0.6079 0.3608 1.0000
v 1.122805 7.350000 0.787264 0.6079 0.3608 1.0000
v 1.094770 7.123923 0.775651 0.6079 0.3608 1.0000
v 1.013409 6.919976 0.741951 0.6079 0.3608 1.0000
v 0.886686 6.758123 0.689460 0.6079 0.3608 1.0000
v 0.727006 6.654207 0.623319 0.6079 0.3608 1.0000
v 0.685475 8.045793 0.685475 0.6079 0.3608 1.0000
v 0.807688 7.941877 0.807689 0.6079 0.3608 1.0000
v 0.904678 7.780024 0.904678 0.6079 0.3608 1.0000
v 0.966949 7.576077 0.966949 0.6079 0.3608 1.0000
v 0.988406 7.350000 0.988406 0.6079 0.3608 1.0000
v 0.966949 7.123923 0.966949 0.6079 0.3608 1.0000
v 0.904678 6.919976 0.904678 0.6079 0.3608 1.0000
v 0.807688 6.758123 0.807689 0.6079 0.3608 1.0000
v 0.685475 6.654207 0.685475 0.6079 0.3608 1.0000
v 0.623318 8.045793 0.727007 0.6079 0.3608 1.0000
v 0.689460 7.941877 0.886687 0.6079 0.3608 1.0000
v 0.741950 7.780024 1.013409 0.6079 0.3608 1.0000
v 0.775651 7.576077 1.094770 0.6079 0.3608 1.0000
v 0.787263 7.350000 1.122805 0.6079 0.3608 1.0000
v 0.775651 7.123923 1.094770 0.6079 0.3608 1.0000
v 0.741950 6.919976 1.013409 0.6079 0.3608 1.0000
v 0.689460 6.758123 0.886687 0.6079 0.3608 1.0000
v 0.623318 6.654207 0.727007 0.6079 0.3608 1.0000
v 0.550000 8.045793 0.741591 0.6079 0.3608 1.0000
v 0.550000 7.941877 0.914427 0.6079 0.3608 1.0000
v 0.550000 7.780024 1.051590 0.6079 0.3608 1.0000
v 0.550000 7.576077 1.139655 0.6079 0.3608 1.0000
v 0.550000 7.350000 1.170000 0.6079 0.3608 1.0000
v 0.550000 7.123923 1.139655 0.6079 0.3608 1.0000
v 0.550000 6.919976 1.051590 0.6079 0.3608 1.0000
v 0.550000 6.758123 0.914427 0.6079 0.3608 1.0000
v 0.550000 6.654207 0.741591 0.6079 0.3608 1.0000
v 0.476681 8.045793 0.727007 0.6079 0.3608 1.0000
v 0.410540 7.941877 0.886686 0.6079 0.3608 1.0000
v 0.358049 7.780024 1.013409 0.6079 0.3608 1.0000
v 0.324349 7.576077 1.094770 0.6079 0.3608 1.0000
v 0.312736 7.350000 1.122805 0.6079 0.3608 1.0000
v 0.324349 7.123923 1.094770 0.6079 0.3608 1.0000
v 0.358049 6.919976 1.013409 0.6079 0.3608 1.0000
v 0.410540 6.758123 0.886686 0.6079 0.3608 1.0000
v 0.476681 6.654207 0.727007 0.6079 0.3608 1.0000
v 0.414525 8.045793 0.685475 0.6079 0.3608 1.0000
v 0.292311 7.941877 0.807689 0.6079 0.3608 1.0000
v 0.195322 7.780024 0.904678 0.6079 0.3608 1.0000
v 0.133051 7.576077 0.966949 0.6079 0.3608 1.0000
v 0.111594 7.350000 0.988406 0.6079 0.3608 1.0000
v 0.133051 7.123923 0.966949 0.6079 0.3608 1.0000
v 0.195322 6.919976 0.904678 0.6079 0.3608 1.0000
v 0.292311 6.758123 0.807689 0.6079 0.3608 1.0000
v 0.414525 6.654207 0.685475 0.6079 0.3608 1.0000
v 0.372993 8.045793 0.623319 0.6079 0.3608 1.0000
v 0.213313 7.941877 0.689460 0.6079 0.3608 1.0000
v 0.086591 7.780024 0.741950 0.6079 0.3608 1.0000
v 0.005230 7.576077 0.775651 0.6079 0.3608 1.0000
v -0.022805 7.350000 0.787264 0.6079 0.3608 1.0000
v 0.005230 7.123923 0.775651 0.6079 0.3608 1.0000
v 0.086591 6.919976 0.741950 0.6079 0.3608 1.0000
v 0.213313 6.758123 0.689460 0.6079 0.3608 1.0000
v 0.372993 6.654207 0.623319 0.6079 0.3608 1.0000
v 0.358409 8.045793 0.550000 0.6079 0.3608 1.0000
v 0.185573 7.941877 0.550000 0.6079 0.3608 1.0000
v 0.048409 7.780024 0.550000 0.6079 0.3608 1.0000
v -0.039655 7.576077 0.550000 0.6079 0.3608 1.0000
v -0.070000 7.350000 0.550000 0.6079 0.3608 1.0000
v -0.039655 7.123923 0.550000 0.6079 0.3608 1.0000
v 0.048409 6.919976 0.550000 0.6079 0.3608 1.0000
v 0.185573 6.758123 0.550000 0.6079 0.3608 1.0000
v 0.358409 6.654207 0.550000 0.6079 0.3608 1.0000
v 0.372993 8.045793 0.476682 0.6079 0.3608 1.0000
v 0.213314 7.941877 0.410540 0.6079 0.3608 1.0000
v 0.086591 7.780024 0.358050 0.6079 0.3608 1.0000
v 0.005230 7.576077 0.324349 0.6079 0.3608 1.0000
v -0.022805 7.350000 0.312736 0.6079 0.3608 1.0000
v 0.005230 7.123923 0.324349 0.6079 0.3608 1.0000
v 0.086591 6.919976 0.358050 0.6079 0.3608 1.0000
v 0.213314 6.758123 0.410540 0.6079 0.3608 1.0000
v 0.372993 6.654207 0.476682 0.6079 0.3608 1.0000
v 0.414525 8.045793 0.414525 0.6079 0.3608 1.0000
v 0.292311 7.941877 0.292311 0.6079 0.3608 1.0000
v 0.195322 7.780024 0.195322 0.6079 0.3608 1.0000
v 0.133051 7.576077 0.133051 0.6079 0.3608 1.0000
v 0.111594 7.350000 0.111594 0.6079 0.3608 1.0000
v 0.133051 7.123923 0.133051 0.6079 0.3608 1.0000
v 0.195322 6.919976 0.195322 0.6079 0.3608 1.0000
v 0.292311 6.758123 0.292311 0.6079 0.3608 1.0000
v 0.414525 6.654207 0.414525 0.6079 0.3608 1.0000
v 0.476681 8.045793 0.372993 0.6079 0.3608 1.0000
v 0.410540 7.941877 0.213314 0.6079 0.3608 1.0000
v 0.358050 7.780024 0.086591 0.6079 0.3608 1.0000
v 0.324349 7.576077 0.005230 0.6079 0.3608 1.0000
v 0.312737 7.350000 -0.022805 0.6079 0.3608 1.0000
v 0.324349 7.123923 0.005230 0.6079 0.3608 1.0000
v 0.358050 6.919976 0.086591 0.6079 0.3608 1.0000
v 0.410540 6.758123 0.213314 0.6079 0.3608 1.0000
v 0.476681 6.654207 0.372993 0.6079 0.3608 1.0000
v 0.550000 7.941877 0.185573 0.6079 0.3608 1.0000
v 0.550000 7.576077 -0.039655 0.6079 0.3608 1.0000
v 0.550000 6.758123 0.185573 0.6079 0.3608 1.0000
v 0.550000 6.538400 0.450000 0.6079 0.3608 1.0000
v 0.550000 6.658400 0.520000 0.6079 0.3608 1.0000
v 0.620711 6.538400 0.479289 0.6079 0.3608 1.0000
v 0.571213 6.658400 0.528787 0.6079 0.3608 1.0000
v 0.650000 6.538400 0.550000 0.6079 0.3608 1.0000
v 0.580000 6.658400 0.550000 0.6079 0.3608 1.0000
v 0.620711 6.538400 0.620711 0.6079 0.3608 1.0000
v 0.571213 6.658400 0.571213 0.6079 0.3608 1.0000
v 0.550000 6.538400 0.650000 0.6079 0.3608 1.0000
v 0.550000 6.658400 0.580000 0.6079 0.3608 1.0000
v 0.479289 6.538400 0.620711 0.6079 0.3608 1.0000
v 0.528787 6.658400 0.571213 0.6079 0.3608 1.0000
v 0.450000 6.538400 0.550000 0.6079 0.3608 1.0000
v 0.520000 6.658400 0.550000 0.6079 0.3608 1.0000
v 0.479289 6.538400 0.479289 0.6079 0.3608 1.0000
v 0.528787 6.658400 0.528787 0.6079 0.3608 1.0000
v 0.330000 7.826000 1.050000 1.0000 1.0000 1.0000
v 0.330000 7.774451 1.014998 1.0000 1.0000 1.0000
v 0.330000 7.650000 1.000500 1.0000 1.0000 1.0000
v 0.330000 7.525549 1.014998 1.0000 1.0000 1.0000
v 0.330000 7.474000 1.050000 1.0000 1.0000 1.0000
v 0.385000 7.774451 1.025250 1.0000 1.0000 1.0000
v 0.407782 7.650000 1.014998 1.0000 1.0000 1.0000
v 0.385000 7.525549 1.025250 1.0000 1.0000 1.0000
v 0.407782 7.774451 1.050000 1.0000 1.0000 1.0000
v 0.440000 7.650000 1.050000 1.0000 1.0000 1.0000
v 0.407782 7.525549 1.050000 1.0000 1.0000 1.0000
v 0.385000 7.774451 1.074750 1.0000 1.0000 1.0000
v 0.407782 7.650000 1.085002 1.0000 1.0000 1.0000
v 0.385000 7.525549 1.074750 1.0000 1.0000 1.0000
v 0.330000 7.774451 1.085002 1.0000 1.0000 1.0000
v 0.330000 7.650000 1.099500 1.0000 1.0000 1.0000
v 0.330000 7.525549 1.085002 1.0000 1.0000 1.0000
v 0.275000 7.774451 1.074750 1.0000 1.0000 1.0000
v 0.252218 7.650000 1.085002 1.0000 1.0000 1.0000
v 0.275000 7.525549 1.074750 1.0000 1.0000 1.0000
v 0.252218 7.774451 1.050000 1.0000 1.0000 1.0000
v 0.220000 7.650000 1.050000 1.0000 1.0000 1.0000
v 0.252218 7.525549 1.050000 1.0000 1.0000 1.0000
v 0.275000 7.774451 1.025250 1.0000 1.0000 1.0000
v 0.252218 7.650000 1.014998 1.0000 1.0000 1.0000
v 0.275000 7.525549 1.025250 1.0000 1.0000 1.0000
v -0.017831 0.902161 -0.001186 1.0000 0.9647 0.8980
v -0.007658 0.902995 -0.016012 1.0000 0.9647 0.8980
v 0.010172 0.900834 -0.014826 1.0000 0.9647 0.8980
v 0.017830 0.897839 0.001186 1.0000 0.9647 0.8980
v 0.007658 0.897005 0.016012 1.0000 0.9647 0.8980
v -0.010173 0.899166 0.014827 1.0000 0.9647 0.8980
v 0.532105 6.539890 0.548752 1.0000 0.9647 0.8980
v 0.542198 6.539890 0.533847 1.0000 0.9647 0.8980
v 0.560093 6.538400 0.535096 1.0000 0.9647 0.8980
v 0.567895 6.536911 0.551248 1.0000 0.9647 0.8980
v 0.557802 6.536911 0.566153 1.0000 0.9647 0.8980
v 0.539907 6.538400 0.564904 1.0000 0.9647 0.8980
v 0.330434 4.002946 0.412193 1.0000 0.9647 0.8980
v 0.340563 4.003364 0.397319 1.0000 0.9647 0.8980
v 0.358428 4.001538 0.398543 1.0000 0.9647 0.8980
v 0.366165 3.999294 0.414640 1.0000 0.9647 0.8980
v 0.356035 3.998876 0.429513 1.0000 0.9647 0.8980
v 0.338170 4.000702 0.428290 1.0000 0.9647 0.8980
v -0.600000 8.181600 -0.600000 1.0000 0.6039 0.2353
v -0.600000 8.145793 -0.791591 1.0000 0.6039 0.2353
v -0.600000 7.880023 -1.101591 1.0000 0.6039 0.2353
v -0.600000 7.450000 -1.220000 1.0000 0.6039 0.2353
v -0.600000 7.223923 -1.189655 1.0000 0.6039 0.2353
v -0.600000 7.019976 -1.101591 1.0000 0.6039 0.2353
v -0.600000 6.754207 -0.791591 1.0000 0.6039 0.2353
v -0.600000 6.718400 -0.600000 1.0000 0.6039 0.2353
v -0.526682 8.145793 -0.777007 1.0000 0.6039 0.2353
v -0.460540 8.041877 -0.936686 1.0000 0.6039 0.2353
v -0.408050 7.880023 -1.063409 1.0000 0.6039 0.2353
v -0.374349 7.676077 -1.144770 1.0000 0.6039 0.2353
v -0.362736 7.450000 -1.172805 1.0000 0.6039 0.2353
v -0.374349 7.223923 -1.144770 1.0000 0.6039 0.2353
v -0.408050 7.019976 -1.063409 1.0000 0.6039 0.2353
v -0.460540 6.858123 -0.936686 1.0000 0.6039 0.2353
v -0.526682 6.754207 -0.777007 1.0000 0.6039 0.2353
v -0.464525 8.145793 -0.735475 1.0000 0.6039 0.2353
v -0.342311 8.041877 -0.857689 1.0000 0.6039 0.2353
v -0.245322 7.880023 -0.954678 1.0000 0.6039 0.2353
v -0.183051 7.676077 -1.016949 1.0000 0.6039 0.2353
v -0.161594 7.450000 -1.038406 1.0000 0.6039 0.2353
v -0.183051 7.223923 -1.016949 1.0000 0.6039 0.2353
v -0.245322 7.019976 -0.954678 1.0000 0.6039 0.2353
v -0.342311 6.858123 -0.857689 1.0000 0.6039 0.2353
v -0.464525 6.754207 -0.735475 1.0000 0.6039 0.2353
v -0.422994 8.145793 -0.673319 1.0000 0.6039 0.2353
v -0.263314 8.041877 -0.739460 1.0000 0.6039 0.2353
v -0.136591 7.880023 -0.791950 1.0000 0.6039 0.2353
v -0.055230 7.676077 -0.825651 1.0000 0.6039 0.2353
v -0.027195 7.450000 -0.837264 1.0000 0.6039 0.2353
v -0.055230 7.223923 -0.825651 1.0000 0.6039 0.2353
v -0.136591 7.019976 -0.791950 1.0000 0.6039 0.2353
v -0.263314 6.858123 -0.739460 1.0000 0.6039 0.2353
v -0.422994 6.754207 -0.673319 1.0000 0.6039 0.2353
v -0.408410 8.145793 -0.600000 1.0000 0.6039 0.2353
v -0.235573 8.041877 -0.600000 1.0000 0.6039 0.2353
v -0.098410 7.880023 -0.600000 1.0000 0.6039 0.2353
v -0.010345 7.676077 -0.600000 1.0000 0.6039 0.2353
v 0.020000 7.450000 -0.600000 1.0000 0.6039 0.2353
v -0.010345 7.223923 -0.600000 1.0000 0.6039 0.2353
v -0.098410 7.019976 -0.600000 1.0000 0.6039 0.2353
v -0.235573 6.858123 -0.600000 1.0000 0.6039 0.2353
v -0.408410 6.754207 -0.600000 1.0000 0.6039 0.2353
v -0.422994 8.145793 -0.526681 1.0000 0.6039 0.2353
v -0.263314 8.041877 -0.460540 1.0000 0.6039 0.2353
v -0.136591 7.880023 -0.408050 1.0000 0.6039 0.2353
v -0.055230 7.676077 -0.374349 1.0000 0.6039 0.2353
v -0.027195 7.450000 -0.362736 1.0000 0.6039 0.2353
v -0.055230 7.223923 -0.374349 1.0000 0.6039 0.2353
v -0.136591 7.019976 -0.408050 1.0000 0.6039 0.2353
v -0.263314 6.858123 -0.460540 1.0000 0.6039 0.2353
v -0.422994 6.754207 -0.526681 1.0000 0.6039 0.2353
v -0.464525 8.145793 -0.464525 1.0000 0.6039 0.2353
v -0.342312 8.041877 -0.342311 1.0000 0.6039 0.2353
v -0.245322 7.880023 -0.245322 1.0000 0.6039 0.2353
v -0.183051 7.676077 -0.183051 1.0000 0.6039 0.2353
v -0.161594 7.450000 -0.161594 1.0000 0.6039 0.2353
v -0.183051 7.223923 -0.183051 1.0000 0.6039 0.2353
v -0.245322 7.019976 -0.245322 1.0000 0.6039 0.2353
v -0.342312 6.858123 -0.342311 1.0000 0.6039 0.2353
v -0.464525 6.754207 -0.464525 1.0000 0.6039 0.2353
v -0.526682 8.145793 -0.422993 1.0000 0.6039 0.2353
v -0.460540 8.041877 -0.263314 1.0000 0.6039 0.2353
v -0.408050 7.880023 -0.136591 1.0000 0.6039 0.2353
v -0.374349 7.676077 -0.055230 1.0000 0.6039 0.2353
v -0.362737 7.450000 -0.027195 1.0000 0.6039 0.2353
v -0.374349 7.223923 -0.055230 1.0000 0.6039 0.2353
v -0.408050 7.019976 -0.136591 1.0000 0.6039 0.2353
v -0.460540 6.858123 -0.263314 1.0000 0.6039 0.2353
v -0.526682 6.754207 -0.422993 1.0000 0.6039 0.2353
v -0.600000 8.145793 -0.408409 1.0000 0.6039 0.2353
v -0.600000 8.041877 -0.235573 1.0000 0.6039 0.2353
v -0.600000 7.880023 -0.098409 1.0000 0.6039 0.2353
v -0.600000 7.676077 -0.010345 1.0000 0.6039 0.2353
v -0.600000 7.450000 0.020000 1.0000 0.6039 0.2353
v -0.600000 7.223923 -0.010345 1.0000 0.6039 0.2353
v -0.600000 7.019976 -0.098409 1.0000 0.6039 0.2353
v -0.600000 6.858123 -0.235573 1.0000 0.6039 0.2353
v -0.600000 6.754207 -0.408409 1.0000 0.6039 0.2353
v -0.673319 8.145793 -0.422993 1.0000 0.6039 0.2353
v -0.739460 8.041877 -0.263314 1.0000 0.6039 0.2353
v -0.791951 7.880023 -0.136591 1.0000 0.6039 0.2353
v -0.825652 7.676077 -0.055230 1.0000 0.6039 0.2353
v -0.837264 7.450000 -0.027195 1.0000 0.6039 0.2353
v -0.825652 7.223923 -0.055230 1.0000 0.6039 0.2353
v -0.791951 7.019976 -0.136591 1.0000 0.6039 0.2353
v -0.739460 6.858123 -0.263314 1.0000 0.6039 0.2353
v -0.673319 6.754207 -0.422993 1.0000 0.6039 0.2353
v -0.735475 8.145793 -0.464525 1.0000 0.6039 0.2353
v -0.857689 8.041877 -0.342311 1.0000 0.6039 0.2353
v -0.954678 7.880023 -0.245322 1.0000 0.6039 0.2353
v -1.016949 7.676077 -0.183051 1.0000 0.6039 0.2353
v -1.038406 7.450000 -0.161594 1.0000 0.6039 0.2353
v -1.016949 7.223923 -0.183051 1.0000 0.6039 0.2353
v -0.954678 7.019976 -0.245322 1.0000 0.6039 0.2353
v -0.857689 6.858123 -0.342311 1.0000 0.6039 0.2353
v -0.735475 6.754207 -0.464525 1.0000 0.6039 0.2353
v -0.777007 8.145793 -0.526681 1.0000 0.6039 0.2353
v -0.936687 8.041877 -0.460540 1.0000 0.6039 0.2353
v -1.063409 7.880023 -0.408050 1.0000 0.6039 0.2353
v -1.144770 7.676077 -0.374349 1.0000 0.6039 0.2353
v -1.172805 7.450000 -0.362737 1.0000 0.6039 0.2353
v -1.144770 7.223923 -0.374349 1.0000 0.6039 0.2353
v -1.063409 7.019976 -0.408050 1.0000 0.6039 0.2353
v -0.936687 6.858123 -0.460540 1.0000 0.6039 0.2353
v -0.777007 6.754207 -0.526681 1.0000 0.6039 0.2353
v -0.791591 8.145793 -0.600000 1.0000 0.6039 0.2353
v -0.964427 8.041877 -0.600000 1.0000 0.6039 0.2353
v -1.101591 7.880023 -0.600000 1.0000 0.6039 0.2353
v -1.189655 7.676077 -0.600000 1.0000 0.6039 0.2353
v -1.220000 7.450000 -0.600000 1.0000 0.6039 0.2353
v -1.189655 7.223923 -0.600000 1.0000 0.6039 0.2353
v -1.101591 7.019976 -0.600000 1.0000 0.6039 0.2353
v -0.964427 6.858123 -0.600000 1.0000 0.6039 0.2353
v -0.791591 6.754207 -0.600000 1.0000 0.6039 0.2353
v -0.777007 8.145793 -0.673319 1.0000 0.6039 0.2353
v -0.936686 8.041877 -0.739460 1.0000 0.6039 0.2353
v -1.063409 7.880023 -0.791950 1.0000 0.6039 0.2353
v -1.144770 7.676077 -0.825651 1.0000 0.6039 0.2353
v -1.172805 7.450000 -0.837264 1.0000 0.6039 0.2353
v -1.144770 7.223923 -0.825651 1.0000 0.6039 0.2353
v -1.063409 7.019976 -0.791950 1.0000 0.6039 0.2353
v -0.936686 6.858123 -0.739460 1.0000 0.6039 0.2353
v -0.777007 6.754207 -0.673319 1.0000 0.6039 0.2353
v -0.735475 8.145793 -0.735475 1.0000 0.6039 0.2353
v -0.857689 8.041877 -0.857689 1.0000 0.6039 0.2353
v -0.954678 7.880023 -0.954678 1.0000 0.6039 0.2353
v -1.016949 7.676077 -1.016949 1.0000 0.6039 0.2353
v -1.038406 7.450000 -1.038406 1.0000 0.6039 0.2353
v -1.016949 7.223923 -1.016949 1.0000 0.6039 0.2353
v -0.954678 7.019976 -0.954678 1.0000 0.6039 0.2353
v -0.857689 6.858123 -0.857689 1.0000 0.6039 0.2353
v -0.735475 6.754207 -0.735475 1.0000 0.6039 0.2353
v -0.673319 8.145793 -0.777007 1.0000 0.6039 0.2353
v -0.739460 8.041877 -0.936686 1.0000 0.6039 0.2353
v -0.791950 7.880023 -1.063409 1.0000 0.6039 0.2353
v -0.825651 7.676077 -1.144770 1.0000 0.6039 0.2353
v -0.837263 7.450000 -1.172805 1.0000 0.6039 0.2353
v -0.825651 7.223923 -1.144770 1.0000 0.6039 0.2353
v -0.791950 7.019976 -1.063409 1.0000 0.6039 0.2353
v -0.739460 6.858123 -0.936686 1.0000 0.6039 0.2353
v -0.673319 6.754207 -0.777007 1.0000 0.6039 0.2353
v -0.600000 8.041877 -0.964427 1.0000 0.6039 0.2353
v -0.600000 7.676077 -1.189655 1.0000 0.6039 0.2353
v -0.600000 6.858123 -0.964427 1.0000 0.6039 0.2353
v -0.600000 6.638400 -0.700000 1.0000 0.6039 0.2353
v -0.600000 6.758400 -0.630000 1.0000 0.6039 0.2353
v -0.529289 6.638400 -0.670711 1.0000 0.6039 0.2353
v -0.578787 6.758400 -0.621213 1.0000 0.6039 0.2353
v -0.500000 6.638400 -0.600000 1.0000 0.6039 0.2353
v -0.570000 6.758400 -0.600000 1.0000 0.6039 0.2353
v -0.529289 6.638400 -0.529289 1.0000 0.6039 0.2353
v -0.578787 6.758400 -0.578787 1.0000 0.6039 0.2353
v -0.600000 6.638400 -0.500000 1.0000 0.6039 0.2353
v -0.600000 6.758400 -0.570000 1.0000 0.6039 0.2353
v -0.670711 6.638400 -0.529289 1.0000 0.6039 0.2353
v -0.621213 6.758400 -0.578787 1.0000 0.6039 0.2353
v -0.700000 6.638400 -0.600000 1.0000 0.6039 0.2353
v -0.630000 6.758400 -0.600000 1.0000 0.6039 0.2353
v -0.670711 6.638400 -0.670711 1.0000 0.6039 0.2353
v -0.621213 6.758400 -0.621213 1.0000 0.6039 0.2353
v -0.820000 7.926000 -0.100000 1.0000 1.0000 1.0000
v -0.820000 7.874451 -0.135002 1.0000 1.0000 1.0000
v -0.820000 7.750000 -0.149500 1.0000 1.0000 1.0000
v -0.820000 7.625549 -0.135002 1.0000 1.0000 1.0000
v -0.820000 7.574000 -0.100000 1.0000 1.0000 1.0000
v -0.765000 7.874451 -0.124750 1.0000 1.0000 1.0000
v -0.742218 7.750000 -0.135002 1.0000 1.0000 1.0000
v -0.765000 7.625549 -0.124750 1.0000 1.0000 1.0000
v -0.742218 7.874451 -0.100000 1.0000 1.0000 1.0000
v -0.710000 7.750000 -0.100000 1.0000 1.0000 1.0000
v -0.742218 7.625549 -0.100000 1.0000 1.0000 1.0000
v -0.765000 7.874451 -0.075250 1.0000 1.0000 1.0000
v -0.742218 7.750000 -0.064998 1.0000 1.0000 1.0000
v -0.765000 7.625549 -0.075250 1.0000 1.0000 1.0000
v -0.820000 7.874451 -0.064998 1.0000 1.0000 1.0000
v -0.820000 7.750000 -0.050500 1.0000 1.0000 1.0000
v -0.820000 7.625549 -0.064998 1.0000 1.0000 1.0000
v -0.875000 7.874451 -0.075250 1.0000 1.0000 1.0000
v -0.897782 7.750000 -0.064998 1.0000 1.0000 1.0000
v -0.875000 7.625549 -0.075250 1.0000 1.0000 1.0000
v -0.897782 7.874451 -0.100000 1.0000 1.0000 1.0000
v -0.930000 7.750000 -0.100000 1.0000 1.0000 1.0000
v -0.897782 7.625549 -0.100000 1.0000 1.0000 1.0000
v -0.875000 7.874451 -0.124750 1.0000 1.0000 1.0000
v -0.897782 7.750000 -0.135002 1.0000 1.0000 1.0000
v -0.875000 7.625549 -0.124750 1.0000 1.0000 1.0000
v 0.015961 0.902290 0.008000 1.0000 0.9647 0.8980
v 0.000977 0.901307 0.017926 1.0000 0.9647 0.8980
v -0.014984 0.899017 0.009926 1.0000 0.9647 0.8980
v -0.015961 0.897710 -0.008000 1.0000 0.9647 0.8980
v -0.000978 0.898693 -0.017926 1.0000 0.9647 0.8980
v 0.014984 0.900983 -0.009926 1.0000 0.9647 0.8980
v -0.584087 6.641156 -0.592051 1.0000 0.9647 0.8980
v -0.599173 6.641156 -0.582231 1.0000 0.9647 0.8980
v -0.615086 6.638400 -0.590181 1.0000 0.9647 0.8980
v -0.615913 6.635644 -0.607949 1.0000 0.9647 0.8980
v -0.600827 6.635644 -0.617768 1.0000 0.9647 0.8980
v -0.584914 6.638400 -0.609819 1.0000 0.9647 0.8980
v -0.330998 4.058643 -0.203221 1.0000 0.9647 0.8980
v -0.346035 4.058153 -0.193339 1.0000 0.9647 0.8980
v -0.361971 4.055629 -0.201318 1.0000 0.9647 0.8980
v -0.362871 4.053596 -0.219180 1.0000 0.9647 0.8980
v -0.347834 4.054087 -0.229063 1.0000 0.9647 0.8980
v -0.331898 4.056611 -0.221084 1.0000 0.9647 0.8980
v 0.258410 0.600275 0.425235 1.0000 0.9647 0.8980
v 0.242510 0.607489 0.415481 1.0000 0.9647 0.8980
v 0.234617 0.597214 0.400246 1.0000 0.9647 0.8980
v 0.242622 0.579725 0.394765 1.0000 0.9647 0.8980
v 0.258522 0.572511 0.404519 1.0000 0.9647 0.8980
v 0.266416 0.582786 0.419755 1.0000 0.9647 0.8980
v 0.089929 0.873857 0.060460 1.0000 0.9647 0.8980
v 0.069930 0.873857 0.060324 1.0000 0.9647 0.8980
v 0.060000 0.860000 0.049864 1.0000 0.9647 0.8980
v 0.070071 0.846143 0.039540 1.0000 0.9647 0.8980
v 0.090070 0.846143 0.039676 1.0000 0.9647 0.8980
v 0.099999 0.860000 0.050136 1.0000 0.9647 0.8980
v 0.089132 0.841975 0.102969 1.0000 0.9647 0.8980
v 0.070192 0.845765 0.097780 1.0000 0.9647 0.8980
v 0.060789 0.833790 0.084811 1.0000 0.9647 0.8980
v 0.070326 0.818025 0.077032 1.0000 0.9647 0.8980
v 0.089265 0.814235 0.082220 1.0000 0.9647 0.8980
v 0.098668 0.826210 0.095189 1.0000 0.9647 0.8980
v 0.050292 0.810778 0.144564 1.0000 0.9647 0.8980
v 0.033235 0.816978 0.136162 1.0000 0.9647 0.8980
v 0.024766 0.806200 0.121598 1.0000 0.9647 0.8980
v 0.033355 0.789222 0.115436 1.0000 0.9647 0.8980
v 0.050413 0.783022 0.123838 1.0000 0.9647 0.8980
v 0.058881 0.793800 0.138402 1.0000 0.9647 0.8980
v 0.027591 0.784184 0.180024 1.0000 0.9647 0.8980
v 0.007616 0.783525 0.180767 1.0000 0.9647 0.8980
v -0.002301 0.769341 0.170743 1.0000 0.9647 0.8980
v 0.007757 0.755816 0.159977 1.0000 0.9647 0.8980
v 0.027732 0.756475 0.159234 1.0000 0.9647 0.8980
v 0.037649 0.770659 0.169257 1.0000 0.9647 0.8980
v 0.055222 0.758136 0.214753 1.0000 0.9647 0.8980
v 0.041198 0.749516 0.226112 1.0000 0.9647 0.8980
v 0.034235 0.731380 0.221358 1.0000 0.9647 0.8980
v 0.041297 0.721864 0.205247 1.0000 0.9647 0.8980
v 0.055321 0.730484 0.193888 1.0000 0.9647 0.8980
v 0.062283 0.748621 0.198642 1.0000 0.9647 0.8980
v 0.137921 0.729109 0.253456 1.0000 0.9647 0.8980
v 0.128283 0.718529 0.267427 1.0000 0.9647 0.8980
v 0.123498 0.699420 0.263971 1.0000 0.9647 0.8980
v 0.128351 0.690891 0.246544 1.0000 0.9647 0.8980
v 0.137989 0.701471 0.232573 1.0000 0.9647 0.8980
v 0.142774 0.720580 0.236029 1.0000 0.9647 0.8980
v 0.236277 0.698848 0.293804 1.0000 0.9647 0.8980
v 0.225196 0.688794 0.307074 1.0000 0.9647 0.8980
v 0.219694 0.669945 0.303271 1.0000 0.9647 0.8980
v 0.225274 0.661152 0.286196 1.0000 0.9647 0.8980
v 0.236355 0.671206 0.272926 1.0000 0.9647 0.8980
v 0.241857 0.690055 0.276730 1.0000 0.9647 0.8980
v 0.299049 0.666327 0.337166 1.0000 0.9647 0.8980
v 0.280800 0.661351 0.343665 1.0000 0.9647 0.8980
v 0.271740 0.645025 0.336498 1.0000 0.9647 0.8980
v 0.280928 0.633673 0.322834 1.0000 0.9647 0.8980
v 0.299177 0.638649 0.316336 1.0000 0.9647 0.8980
v 0.308237 0.654975 0.323502 1.0000 0.9647 0.8980
v 0.298032 0.631907 0.383059 1.0000 0.9647 0.8980
v 0.279171 0.635834 0.377688 1.0000 0.9647 0.8980
v 0.269807 0.623927 0.364629 1.0000 0.9647 0.8980
v 0.279304 0.608093 0.356941 1.0000 0.9647 0.8980
v 0.298165 0.604166 0.362312 1.0000 0.9647 0.8980
v 0.307529 0.616073 0.375371 1.0000 0.9647 0.8980
vn -0.0000 -1.0000 -0.0000
vn 0.8944 -0.4472 -0.0000
vn 0.8263 -0.4472 -0.3423
vn 0.9138 -0.1475 -0.3785
vn 0.9891 -0.1475 -0.0000
vn 0.6325 -0.4472 -0.6325
vn 0.6994 -0.1475 -0.6994
vn 0.3423 -0.4472 -0.8263
vn 0.3785 -0.1475 -0.9138
vn -0.0000 -0.4472 -0.8944
vn -0.0000 -0.1475 -0.9891
vn -0.3423 -0.4472 -0.8263
vn -0.3785 -0.1475 -0.9138
vn -0.6325 -0.4472 -0.6325
vn -0.6994 -0.1475 -0.6994
vn -0.8263 -0.4472 -0.3423
vn -0.9138 -0.1475 -0.3785
vn -0.8944 -0.4472 -0.0000
vn -0.9891 -0.1475 -0.0000
vn -0.8263 -0.4472 0.3423
vn -0.9138 -0.1475 0.3785
vn -0.6325 -0.4472 0.6325
vn -0.6994 -0.1475 0.6994
vn -0.3423 -0.4472 0.8263
vn -0.3785 -0.1475 0.9138
vn -0.0000 -0.4472 0.8944
vn -0.0000 -0.1475 0.9891
vn 0.3423 -0.4472 0.8263
vn 0.3785 -0.1475 0.9138
vn 0.6325 -0.4472 0.6325
vn 0.6994 -0.1475 0.6994
vn 0.8263 -0.4472 0.3423
vn 0.9138 -0.1475 0.3785
vn 0.9126 0.1560 -0.3780
vn 0.9878 0.1560 -0.0000
vn 0.6985 0.1560 -0.6985
vn 0.3780 0.1560 -0.9126
vn -0.0000 0.1560 -0.9878
vn -0.3780 0.1560 -0.9126
vn -0.6985 0.1560 -0.6985
vn -0.9126 0.1560 -0.3780
vn -0.9878 0.1560 -0.0000
vn -0.9126 0.1560 0.3780
vn -0.6985 0.1560 0.6985
vn -0.3780 0.1560 0.9126
vn -0.0000 0.1560 0.9878
vn 0.3780 0.1560 0.9126
vn 0.6985 0.1560 0.6985
vn 0.9126 0.1560 0.3780
vn 0.5882 0.8087 -0.0000
vn 0.5434 0.8087 -0.2251
vn 0.5949 0.7651 -0.2464
vn 0.6439 0.7651 -0.0000
vn 0.4159 0.8087 -0.4159
vn 0.4553 0.7651 -0.4553
vn 0.2251 0.8087 -0.5434
vn 0.2464 0.7651 -0.5949
vn -0.0000 0.8087 -0.5882
vn -0.0000 0.7651 -0.6439
vn -0.2251 0.8087 -0.5434
vn -0.2464 0.7651 -0.5949
vn -0.4159 0.8087 -0.4159
vn -0.4553 0.7651 -0.4553
vn -0.5434 0.8087 -0.2251
vn -0.5949 0.7651 -0.2464
vn -0.5882 0.8087 -0.0000
vn -0.6439 0.7651 -0.0000
vn -0.5434 0.8087 0.2251
vn -0.5949 0.7651 0.2464
vn -0.4159 0.8087 0.4159
vn -0.4553 0.7651 0.4553
vn -0.2251 0.8087 0.5434
vn -0.2464 0.7651 0.5949
vn -0.0000 0.8087 0.5882
vn -0.0000 0.7651 0.6439
vn 0.2251 0.8087 0.5434
vn 0.2464 0.7651 0.5949
vn 0.4159 0.8087 0.4159
vn 0.4553 0.7651 0.4553
vn 0.5434 0.8087 0.2251
vn 0.5949 0.7651 0.2464
vn 0.4496 0.8736 -0.1862
vn 0.4867 0.8736 -0.0000
vn 0.3441 0.8736 -0.3441
vn 0.1862 0.8736 -0.4496
vn -0.0000 0.8736 -0.4867
vn -0.1862 0.8736 -0.4496
vn -0.3441 0.8736 -0.3441
vn -0.4496 0.8736 -0.1862
vn -0.4867 0.8736 -0.0000
vn -0.4496 0.8736 0.1862
vn -0.3441 0.8736 0.3441
vn -0.1862 0.8736 0.4496
vn -0.0000 0.8736 0.4867
vn 0.1862 0.8736 0.4496
vn 0.3441 0.8736 0.3441
vn 0.4496 0.8736 0.1862
vn -0.0000 1.0000 -0.0000
vn -0.0000 -0.0000 -1.0000
vn 0.3827 -0.0000 -0.9239
vn 0.7071 -0.0000 -0.7071
vn 0.9239 -0.0000 -0.3827
vn 1.0000 -0.0000 -0.0000
vn 0.9239 -0.0000 0.3827
vn 0.7071 -0.0000 0.7071
vn 0.3827 -0.0000 0.9239
vn -0.0000 -0.0000 1.0000
vn -0.3827 -0.0000 0.9239
vn -0.7071 -0.0000 0.7071
vn -0.9239 -0.0000 0.3827
vn -1.0000 -0.0000 -0.0000
vn -0.9239 -0.0000 -0.3827
vn -0.7071 -0.0000 -0.7071
vn -0.3827 -0.0000 -0.9239
vn 0.5721 0.4156 0.7071
vn 0.2185 0.6725 0.7071
vn -0.2185 0.6725 0.7071
vn -0.5721 0.4156 0.7071
vn -0.5721 -0.4156 0.7071
vn -0.2185 -0.6725 0.7071
vn 0.2185 -0.6725 0.7071
vn 0.5721 -0.4156 0.7071
vn -0.5721 -0.4156 -0.7071
vn -0.2185 -0.6725 -0.7071
vn 0.2185 -0.6725 -0.7071
vn 0.5721 -0.4156 -0.7071
vn 0.5721 0.4156 -0.7071
vn 0.2185 0.6725 -0.7071
vn -0.2185 0.6725 -0.7071
vn -0.5721 0.4156 -0.7071
vn -0.0000 -0.9274 -0.3742
vn -0.0000 -0.7520 -0.6592
vn 0.2522 -0.7520 -0.6090
vn 0.1432 -0.9274 -0.3457
vn -0.0000 -0.2630 -0.9648
vn 0.3692 -0.2630 -0.8914
vn -0.0000 0.5192 -0.8547
vn -0.0000 0.7520 -0.6592
vn 0.2522 0.7520 -0.6090
vn 0.3271 0.5192 -0.7896
vn -0.0000 -0.5192 -0.8547
vn 0.3271 -0.5192 -0.7896
vn -0.0000 0.2630 -0.9648
vn 0.3692 0.2630 -0.8914
vn -0.0000 0.9274 -0.3742
vn 0.1432 0.9274 -0.3457
vn 0.6822 -0.2630 -0.6822
vn 0.4661 0.7520 -0.4661
vn 0.6043 0.5192 -0.6043
vn 0.2646 -0.9274 -0.2646
vn 0.6043 -0.5192 -0.6043
vn 0.6822 0.2630 -0.6822
vn 0.2646 0.9274 -0.2646
vn 0.4661 -0.7520 -0.4661
vn 0.3457 0.9274 -0.1432
vn 0.6090 0.7520 -0.2522
vn 0.6090 -0.7520 -0.2522
vn 0.3457 -0.9274 -0.1432
vn 0.8914 -0.2630 -0.3692
vn 0.7896 0.5192 -0.3271
vn 0.7896 -0.5192 -0.3271
vn 0.8914 0.2630 -0.3692
vn 0.8547 -0.5192 -0.0000
vn 0.6592 -0.7520 -0.0000
vn 0.9648 0.2630 -0.0000
vn 0.3742 0.9274 -0.0000
vn 0.6592 0.7520 -0.0000
vn 0.3742 -0.9274 -0.0000
vn 0.9648 -0.2630 -0.0000
vn 0.8547 0.5192 -0.0000
vn 0.7896 0.5192 0.3271
vn 0.8914 0.2630 0.3692
vn 0.3457 0.9274 0.1432
vn 0.7896 -0.5192 0.3271
vn 0.6090 -0.7520 0.2522
vn 0.6090 0.7520 0.2522
vn 0.3457 -0.9274 0.1432
vn 0.8914 -0.2630 0.3692
vn 0.6822 -0.2630 0.6822
vn 0.6043 -0.5192 0.6043
vn 0.6043 0.5192 0.6043
vn 0.6822 0.2630 0.6822
vn 0.2646 0.9274 0.2646
vn 0.4661 -0.7520 0.4661
vn 0.4661 0.7520 0.4661
vn 0.2646 -0.9274 0.2646
vn 0.2522 0.7520 0.6090
vn 0.3271 0.5192 0.7896
vn 0.1432 -0.9274 0.3457
vn 0.3692 -0.2630 0.8914
vn 0.3271 -0.5192 0.7896
vn 0.3692 0.2630 0.8914
vn 0.1432 0.9274 0.3457
vn 0.2522 -0.7520 0.6090
vn -0.0000 -0.7520 0.6592
vn -0.0000 -0.9274 0.3742
vn -0.0000 -0.2630 0.9648
vn -0.0000 0.7520 0.6592
vn -0.0000 0.5192 0.8547
vn -0.0000 -0.5192 0.8547
vn -0.0000 0.2630 0.9648
vn -0.0000 0.9274 0.3742
vn -0.3692 0.2630 0.8914
vn -0.1432 0.9274 0.3457
vn -0.2522 0.7520 0.6090
vn -0.2522 -0.7520 0.6090
vn -0.1432 -0.9274 0.3457
vn -0.3692 -0.2630 0.8914
vn -0.3271 0.5192 0.7896
vn -0.3271 -0.5192 0.7896
vn -0.2646 0.9274 0.2646
vn -0.6043 -0.5192 0.6043
vn -0.4661 -0.7520 0.4661
vn -0.6822 0.2630 0.6822
vn -0.4661 0.7520 0.4661
vn -0.2646 -0.9274 0.2646
vn -0.6822 -0.2630 0.6822
vn -0.6043 0.5192 0.6043
vn -0.7896 0.5192 0.3271
vn -0.8914 0.2630 0.3692
vn -0.3457 0.9274 0.1432
vn -0.7896 -0.5192 0.3271
vn -0.6090 -0.7520 0.2522
vn -0.6090 0.7520 0.2522
vn -0.3457 -0.9274 0.1432
vn -0.8914 -0.2630 0.3692
vn -0.3742 -0.9274 -0.0000
vn -0.9648 -0.2630 -0.0000
vn -0.8547 -0.5192 -0.0000
vn -0.8547 0.5192 -0.0000
vn -0.9648 0.2630 -0.0000
vn -0.3742 0.9274 -0.0000
vn -0.6592 -0.7520 -0.0000
vn -0.6592 0.7520 -0.0000
vn -0.8914 -0.2630 -0.3692
vn -0.6090 0.7520 -0.2522
vn -0.7896 0.5192 -0.3271
vn -0.3457 -0.9274 -0.1432
vn -0.7896 -0.5192 -0.3271
vn -0.8914 0.2630 -0.3692
vn -0.3457 0.9274 -0.1432
vn -0.6090 -0.7520 -0.2522
vn -0.2646 0.9274 -0.2646
vn -0.4661 0.7520 -0.4661
vn -0.4661 -0.7520 -0.4661
vn -0.2646 -0.9274 -0.2646
vn -0.6822 -0.2630 -0.6822
vn -0.6043 0.5192 -0.6043
vn -0.6043 -0.5192 -0.6043
vn -0.6822 0.2630 -0.6822
vn -0.3692 0.2630 -0.8914
vn -0.1432 0.9274 -0.3457
vn -0.2522 0.7520 -0.6090
vn -0.2522 -0.7520 -0.6090
vn -0.1432 -0.9274 -0.3457
vn -0.3692 -0.2630 -0.8914
vn -0.3271 0.5192 -0.7896
vn -0.3271 -0.5192 -0.7896
vn -0.0000 0.5039 -0.8638
vn 0.6108 0.5039 -0.6108
vn 0.8638 0.5039 -0.0000
vn 0.6108 0.5039 0.6108
vn -0.0000 0.5039 0.8638
vn -0.6108 0.5039 0.6108
vn -0.8638 0.5039 -0.0000
vn -0.6108 0.5039 -0.6108
vn -0.0000 -0.3400 -0.9404
vn 0.5040 -0.0000 -0.8637
vn 0.4491 -0.4286 -0.7840
vn -0.0000 0.3400 -0.9404
vn -0.0000 0.6581 -0.7529
vn 0.4491 0.4286 -0.7840
vn -0.0000 -0.6581 -0.7529
vn 0.6725 0.4056 -0.6191
vn 0.6725 -0.4056 -0.6191
vn 0.7358 -0.0000 -0.6772
vn 0.6725 -0.4056 0.6191
vn 0.7358 -0.0000 0.6772
vn 0.5040 -0.0000 0.8637
vn 0.4491 -0.4286 0.7840
vn 0.6725 0.4056 0.6191
vn -0.0000 0.6581 0.7529
vn 0.4491 0.4286 0.7840
vn -0.0000 -0.6581 0.7529
vn -0.0000 -0.3400 0.9404
vn -0.0000 0.3400 0.9404
vn -0.5040 -0.0000 0.8637
vn -0.4491 -0.4286 0.7840
vn -0.4491 0.4286 0.7840
vn -0.7358 -0.0000 0.6772
vn -0.6725 -0.4056 0.6191
vn -0.6725 0.4056 0.6191
vn -0.6725 -0.4056 -0.6191
vn -0.7358 -0.0000 -0.6772
vn -0.5040 -0.0000 -0.8637
vn -0.4491 -0.4286 -0.7840
vn -0.6725 0.4056 -0.6191
vn -0.4491 0.4286 -0.7840
vn -0.0000 -0.9994 0.0349
vn -0.0000 0.9996 0.0278
vn -0.8660 0.0139 -0.4999
vn -0.8661 -0.0018 -0.4999
vn -0.0000 0.0278 -0.9996
vn -0.0000 -0.0035 -1.0000
vn 0.8660 0.0139 -0.4999
vn 0.8661 -0.0018 -0.4999
vn 0.8660 -0.0139 0.4999
vn 0.8661 0.0018 0.4999
vn -0.0000 -0.0278 0.9996
vn -0.0000 0.0035 1.0000
vn -0.8660 -0.0139 0.4999
vn -0.8661 0.0018 0.4999
vn -0.8660 -0.0174 -0.4998
vn -0.0000 -0.0349 -0.9994
vn 0.8660 -0.0174 -0.4998
vn 0.8660 0.0174 0.4998
vn -0.0000 0.0349 0.9994
vn -0.8660 0.0174 0.4998
vn 0.0945 -0.9945 0.0447
vn -0.1561 0.9877 0.0065
vn 0.4577 0.0781 -0.8857
vn 0.4627 0.0414 -0.8856
vn 0.9869 0.1562 -0.0411
vn 0.9914 0.1246 -0.0405
vn 0.5293 0.0781 0.8449
vn 0.5286 0.0831 0.8448
vn -0.4577 -0.0781 0.8857
vn -0.4627 -0.0414 0.8856
vn -0.9869 -0.1562 0.0411
vn -0.9914 -0.1246 0.0405
vn -0.5293 -0.0781 -0.8449
vn -0.5286 -0.0831 -0.8448
vn 0.4670 0.0046 -0.8842
vn 0.9949 0.0928 -0.0399
vn 0.5280 0.0882 0.8447
vn -0.4670 -0.0046 0.8842
vn -0.9949 -0.0928 0.0399
vn -0.5280 -0.0882 -0.8447
vn 0.6725 0.4055 -0.6190
vn 0.6725 -0.4055 -0.6190
vn 0.6725 -0.4055 0.6191
vn 0.6725 0.4055 0.6190
vn -0.6725 -0.4055 0.6190
vn -0.6725 0.4055 0.6190
vn -0.6725 -0.4055 -0.6191
vn -0.6725 0.4055 -0.6190
vn -0.0939 -0.9953 0.0232
vn 0.1549 0.9870 0.0439
vn 0.1550 0.9869 0.0439
vn 0.1548 0.9870 0.0439
vn -0.7108 0.0805 0.6988
vn -0.7106 0.0819 0.6988
vn -0.9495 0.1609 -0.2692
vn -0.9551 0.1227 -0.2698
vn -0.2390 0.0805 -0.9677
vn -0.2442 0.0408 -0.9689
vn 0.7108 -0.0805 -0.6988
vn 0.7106 -0.0819 -0.6988
vn 0.9495 -0.1610 0.2692
vn 0.9551 -0.1227 0.2698
vn 0.2390 -0.0805 0.9677
vn 0.2442 -0.0408 0.9689
vn -0.7105 0.0833 0.6988
vn -0.9592 0.0842 -0.2700
vn -0.2490 0.0010 -0.9685
vn 0.7105 -0.0833 -0.6988
vn 0.9592 -0.0842 0.2700
vn 0.2490 -0.0010 0.9685
vn 0.6725 -0.4055 -0.6191
vn 0.6725 0.4055 0.6191
vn -0.6725 -0.4055 0.6191
vn -0.6725 0.4055 0.6191
vn -0.6725 0.4055 -0.6191
vn 0.0885 -0.9854 -0.1456
vn -0.0139 0.9964 0.0842
vn -0.7735 0.0426 -0.6324
vn -0.7730 0.0335 -0.6335
vn 0.1624 0.0853 -0.9830
vn 0.1606 0.1218 -0.9795
vn 0.9355 0.0427 -0.3508
vn 0.9341 0.0883 -0.3459
vn 0.7735 -0.0426 0.6324
vn 0.7730 -0.0335 0.6335
vn -0.1624 -0.0853 0.9830
vn -0.1606 -0.1218 0.9795
vn -0.9355 -0.0427 0.3508
vn -0.9341 -0.0883 0.3459
vn -0.7725 0.0244 -0.6345
vn 0.1587 0.1582 -0.9746
vn 0.9308 0.1338 -0.3402
vn 0.7725 -0.0244 0.6345
vn -0.1587 -0.1582 0.9746
vn -0.9308 -0.1338 0.3402
vn -0.0962 -0.9914 0.0886
vn 0.0375 0.9880 -0.1498
vn 0.7201 0.0772 0.6895
vn 0.7179 0.0353 0.6952
vn -0.2397 0.1545 0.9585
vn -0.2413 0.1321 0.9614
vn -0.9601 0.0772 0.2687
vn -0.9590 0.0969 0.2664
vn -0.7201 -0.0772 -0.6895
vn -0.7179 -0.0353 -0.6952
vn 0.2397 -0.1545 -0.9585
vn 0.2413 -0.1321 -0.9614
vn 0.9601 -0.0772 -0.2687
vn 0.9590 -0.0969 -0.2664
vn 0.7145 -0.0068 0.6996
vn -0.2427 0.1097 0.9639
vn -0.9575 0.1165 0.2640
vn -0.7145 0.0068 -0.6996
vn 0.2427 -0.1097 -0.9639
vn 0.9575 -0.1165 -0.2640
vn 0.6725 0.4055 -0.6191
vn -0.1106 -0.9851 -0.1313
vn 0.0791 0.9954 0.0536
vn -0.8977 0.0478 0.4380
vn -0.8979 0.0452 0.4378
vn -0.8241 0.0956 -0.5583
vn -0.8213 0.1305 -0.5554
vn 0.0733 0.0478 -0.9962
vn 0.0769 0.0854 -0.9934
vn 0.8977 -0.0478 -0.4380
vn 0.8979 -0.0452 -0.4378
vn 0.8241 -0.0956 0.5583
vn 0.8213 -0.1305 0.5554
vn -0.0733 -0.0478 0.9962
vn -0.0769 -0.0854 0.9934
vn -0.8982 0.0425 0.4376
vn -0.8174 0.1654 -0.5518
vn 0.0805 0.1228 -0.9892
vn 0.8982 -0.0425 -0.4376
vn 0.8174 -0.1654 0.5518
vn -0.0805 -0.1228 0.9892
vn 0.1090 -0.9918 0.0664
vn -0.0964 0.9842 -0.1482
vn -0.0965 0.9842 -0.1482
vn 0.9943 0.0884 -0.0601
vn 0.9934 0.0967 -0.0610
vn 0.5367 0.1768 0.8250
vn 0.5402 0.1462 0.8288
vn -0.4572 0.0884 0.8849
vn -0.4535 0.0495 0.8899
vn -0.9943 -0.0884 0.0601
vn -0.9934 -0.0967 0.0610
vn -0.5367 -0.1768 -0.8250
vn -0.5402 -0.1462 -0.8287
vn 0.4572 -0.0884 -0.8849
vn 0.4535 -0.0495 -0.8899
vn 0.9925 0.1050 -0.0619
vn 0.5431 0.1154 0.8317
vn -0.4491 0.0104 0.8934
vn -0.9926 -0.1050 0.0619
vn -0.5431 -0.1154 -0.8317
vn 0.4491 -0.0104 -0.8934
vn -0.6066 -0.4770 0.6360
vn 0.0054 0.6000 -0.8000
vn 0.8690 0.3855 0.3103
vn 0.8127 0.2434 0.5294
vn 0.8128 0.2436 0.5292
vn -0.0042 0.8000 0.6000
vn -0.0038 0.8008 0.5990
vn -0.8741 0.3825 0.2995
vn -0.8172 0.5702 0.0845
vn -0.8170 0.5704 0.0841
vn -0.8701 -0.4002 -0.2876
vn -0.8130 -0.2469 -0.5273
vn -0.8132 -0.2472 -0.5269
vn 0.0042 -0.8000 -0.6000
vn 0.0038 -0.8008 -0.5990
vn 0.8729 -0.4003 -0.2789
vn 0.8167 -0.5714 -0.0804
vn 0.8166 -0.5715 -0.0801
vn 0.7395 0.1092 0.6642
vn 0.7392 0.1090 0.6646
vn -0.0036 0.8013 0.5982
vn -0.7508 0.6566 -0.0719
vn -0.7511 0.6563 -0.0716
vn -0.7478 -0.1218 -0.6527
vn -0.7475 -0.1216 -0.6531
vn 0.0036 -0.8013 -0.5982
vn 0.7424 -0.6643 0.0873
vn 0.7427 -0.6639 0.0870
vn 0.7771 0.1337 0.6151
vn -0.0038 0.7999 0.6002
vn -0.8031 0.5959 -0.0044
vn -0.7996 -0.1690 -0.5763
vn 0.0038 -0.7999 -0.6002
vn 0.7803 -0.6235 0.0495
vn 0.7382 0.6669 -0.1015
vn 0.6004 0.7729 -0.2051
vn 0.5988 0.7739 -0.2062
vn -0.0029 0.7982 0.6023
vn -0.7629 0.1069 0.6376
vn -0.6184 0.0254 0.7854
vn -0.6197 0.0261 0.7844
vn -0.7597 -0.6465 0.0703
vn -0.6168 -0.7643 0.1882
vn -0.6156 -0.7651 0.1891
vn 0.0029 -0.7982 -0.6023
vn 0.7412 -0.0825 -0.6662
vn 0.6014 -0.0114 -0.7989
vn 0.6030 -0.0121 -0.7976
vn 0.4159 0.8558 -0.3076
vn -0.0020 0.7978 0.6029
vn -0.4205 -0.0623 0.9051
vn -0.4206 -0.0623 0.9051
vn -0.4186 -0.8550 0.3062
vn 0.0020 -0.7978 -0.6029
vn 0.4178 0.0634 -0.9063
vn 0.4879 0.8278 -0.2770
vn 0.4874 0.8280 -0.2772
vn -0.0023 0.7979 0.6028
vn -0.4764 -0.0493 0.8778
vn -0.4769 -0.0492 0.8776
vn -0.4748 -0.8323 0.2861
vn -0.4743 -0.8325 0.2863
vn 0.0023 -0.7979 -0.6028
vn 0.4896 0.0418 -0.8709
vn 0.4901 0.0417 -0.8707
vn 0.5751 0.7830 -0.2368
vn -0.0036 0.7990 0.6013
vn -0.5541 -0.0300 0.8319
vn -0.5518 -0.7940 0.2552
vn 0.0036 -0.7990 -0.6013
vn 0.5777 0.0154 -0.8161
vn 0.8797 0.3728 0.2952
vn 0.8186 0.2376 0.5228
vn 0.8179 0.2365 0.5244
vn -0.0038 0.8008 0.5989
vn -0.8830 0.3984 0.2482
vn -0.8145 0.5775 0.0554
vn -0.8155 0.5759 0.0574
vn -0.8793 -0.3555 -0.3169
vn -0.8118 -0.2229 -0.5398
vn -0.8108 -0.2214 -0.5419
vn 0.0038 -0.8008 -0.5989
vn 0.8834 -0.3822 -0.2711
vn 0.8218 -0.5648 -0.0750
vn 0.8225 -0.5636 -0.0765
vn 0.6964 0.0842 0.7127
vn -0.0033 0.8015 0.5980
vn -0.6879 0.7124 -0.1390
vn -0.6848 -0.0732 -0.7250
vn 0.0033 -0.8015 -0.5980
vn 0.6996 -0.7035 0.1248
vt 0.000000 0.000000
vt 0.400000 0.000000
vt 0.200000 0.000000
vt 1.000000 0.000000
vt 0.600000 0.000000
vt 0.800000 0.000000
vt 0.000000 1.000000
vt 0.500000 1.000000
vt 0.500000 0.833333
vt 0.000000 0.833333
vt 0.000000 0.166667
vt 0.500000 0.166667
vt 0.500000 0.000000
vt 0.000000 0.333333
vt 0.500000 0.333333
vt 0.000000 0.500000
vt 0.500000 0.500000
vt 0.000000 0.666667
vt 0.500000 0.666667
vt 1.000000 1.000000
vt 1.000000 0.833333
vt 1.000000 0.166667
vt 1.000000 0.333333
vt 1.000000 0.500000
vt 1.000000 0.666667
vt 0.111111 1.000000
vt 0.111111 0.833333
vt 0.111111 0.166667
vt 0.111111 0.000000
vt 0.111111 0.333333
vt 0.111111 0.500000
vt 0.111111 0.666667
vt 0.222222 1.000000
vt 0.222222 0.833333
vt 0.222222 0.166667
vt 0.222222 0.000000
vt 0.222222 0.333333
vt 0.222222 0.500000
vt 0.222222 0.666667
vt 0.333333 1.000000
vt 0.333333 0.833333
vt 0.333333 0.166667
vt 0.333333 0.000000
vt 0.333333 0.333333
vt 0.333333 0.500000
vt 0.333333 0.666667
vt 0.444444 1.000000
vt 0.444444 0.833333
vt 0.444444 0.166667
vt 0.444444 0.000000
vt 0.444444 0.333333
vt 0.444444 0.500000
vt 0.444444 0.666667
vt 0.555556 1.000000
vt 0.555556 0.833333
vt 0.555556 0.166667
vt 0.555556 0.000000
vt 0.555556 0.333333
vt 0.555556 0.500000
vt 0.555556 0.666667
vt 0.666667 1.000000
vt 0.666667 0.833333
vt 0.666667 0.166667
vt 0.666667 0.000000
vt 0.666667 0.333333
vt 0.666667 0.500000
vt 0.666667 0.666667
vt 0.777778 1.000000
vt 0.777778 0.833333
vt 0.777778 0.166667
vt 0.777778 0.000000
vt 0.777778 0.333333
vt 0.777778 0.500000
vt 0.777778 0.666667
vt 0.888889 1.000000
vt 0.888889 0.833333
vt 0.888889 0.166667
vt 0.888889 0.000000
vt 0.888889 0.333333
vt 0.888889 0.500000
vt 0.888889 0.666667
s 1
usemtl ketchup
f 1/1/1 3/1/1 2/1/1
f 1/1/1 4/1/1 3/1/1
f 1/1/1 5/1/1 4/1/1
f 1/1/1 6/1/1 5/1/1
f 1/1/1 7/1/1 6/1/1
f 1/1/1 8/1/1 7/1/1
f 1/1/1 9/1/1 8/1/1
f 1/1/1 10/1/1 9/1/1
f 1/1/1 11/1/1 10/1/1
f 1/1/1 12/1/1 11/1/1
f 1/1/1 13/1/1 12/1/1
f 1/1/1 14/1/1 13/1/1
f 1/1/1 15/1/1 14/1/1
f 1/1/1 16/1/1 15/1/1
f 1/1/1 17/1/1 16/1/1
f 1/1/1 2/1/1 17/1/1
f 2/1/2 3/1/3 19/1/4 18/1/5
f 3/1/3 4/1/6 20/1/7 19/1/4
f 4/1/6 5/1/8 21/1/9 20/1/7
f 5/1/8 6/1/10 22/1/11 21/1/9
f 6/1/10 7/1/12 23/1/13 22/1/11
f 7/1/12 8/1/14 24/1/15 23/1/13
f 8/1/14 9/1/16 25/1/17 24/1/15
f 9/1/16 10/1/18 26/1/19 25/1/17
f 10/1/18 11/1/20 27/1/21 26/1/19
f 11/1/20 12/1/22 28/1/23 27/1/21
f 12/1/22 13/1/24 29/1/25 28/1/23
f 13/1/24 14/1/26 30/1/27 29/1/25
f 14/1/26 15/1/28 31/1/29 30/1/27
f 15/1/28 16/1/30 32/1/31 31/1/29
f 16/1/30 17/1/32 33/1/33 32/1/31
f 17/1/32 2/1/2 18/1/5 33/1/33
f 18/1/5 19/1/4 35/1/34 34/1/35
f 19/1/4 20/1/7 36/1/36 35/1/34
f 20/1/7 21/1/9 37/1/37 36/1/36
f 21/1/9 22/1/11 38/1/38 37/1/37
f 22/1/11 23/1/13 39/1/39 38/1/38
f 23/1/13 24/1/15 40/1/40 39/1/39
f 24/1/15 25/1/17 41/1/41 40/1/40
f 25/1/17 26/1/19 42/1/42 41/1/41
f 26/1/19 27/1/21 43/1/43 42/1/42
f 27/1/21 28/1/23 44/1/44 43/1/43
f 28/1/23 29/1/25 45/1/45 44/1/44
f 29/1/25 30/1/27 46/1/46 45/1/45
f 30/1/27 31/1/29 47/1/47 46/1/46
f 31/1/29 32/1/31 48/1/48 47/1/47
f 32/1/31 33/1/33 49/1/49 48/1/48
f 33/1/33 18/1/5 34/1/35 49/1/49
f 34/1/50 35/1/51 51/1/52 50/1/53
f 35/1/51 36/1/54 52/1/55 51/1/52
f 36/1/54 37/1/56 53/1/57 52/1/55
f 37/1/56 38/1/58 54/1/59 53/1/57
f 38/1/58 39/1/60 55/1/61 54/1/59
f 39/1/60 40/1/62 56/1/63 55/1/61
f 40/1/62 41/1/64 57/1/65 56/1/63
f 41/1/64 42/1/66 58/1/67 57/1/65
f 42/1/66 43/1/68 59/1/69 58/1/67
f 43/1/68 44/1/70 60/1/71 59/1/69
f 44/1/70 45/1/72 61/1/73 60/1/71
f 45/1/72 46/1/74 62/1/75 61/1/73
f 46/1/74 47/1/76 63/1/77 62/1/75
f 47/1/76 48/1/78 64/1/79 63/1/77
f 48/1/78 49/1/80 65/1/81 64/1/79
f 49/1/80 34/1/50 50/1/53 65/1/81
f 50/1/53 51/1/52 67/1/82 66/1/83
f 51/1/52 52/1/55 68/1/84 67/1/82
f 52/1/55 53/1/57 69/1/85 68/1/84
f 53/1/57 54/1/59 70/1/86 69/1/85
f 54/1/59 55/1/61 71/1/87 70/1/86
f 55/1/61 56/1/63 72/1/88 71/1/87
f 56/1/63 57/1/65 73/1/89 72/1/88
f 57/1/65 58/1/67 74/1/90 73/1/89
f 58/1/67 59/1/69 75/1/91 74/1/90
f 59/1/69 60/1/71 76/1/92 75/1/91
f 60/1/71 61/1/73 77/1/93 76/1/92
f 61/1/73 62/1/75 78/1/94 77/1/93
f 62/1/75 63/1/77 79/1/95 78/1/94
f 63/1/77 64/1/79 80/1/96 79/1/95
f 64/1/79 65/1/81 81/1/97 80/1/96
f 65/1/81 50/1/53 66/1/83 81/1/97
f 66/1/83 67/1/82 82/1/98
f 67/1/82 68/1/84 82/1/98
f 68/1/84 69/1/85 82/1/98
f 69/1/85 70/1/86 82/1/98
f 70/1/86 71/1/87 82/1/98
f 71/1/87 72/1/88 82/1/98
f 72/1/88 73/1/89 82/1/98
f 73/1/89 74/1/90 82/1/98
f 74/1/90 75/1/91 82/1/98
f 75/1/91 76/1/92 82/1/98
f 76/1/92 77/1/93 82/1/98
f 77/1/93 78/1/94 82/1/98
f 78/1/94 79/1/95 82/1/98
f 79/1/95 80/1/96 82/1/98
f 80/1/96 81/1/97 82/1/98
f 81/1/97 66/1/83 82/1/98
f 161/1/131 300/1/132 170/1/133 171/1/134
f 159/1/135 158/1/99 167/1/100 168/1/136
f 157/1/137 298/1/138 164/1/139 165/1/140
f 162/1/1 161/1/131 171/1/134
f 160/1/141 159/1/135 168/1/136 169/1/142
f 299/1/143 157/1/137 165/1/140 166/1/144
f 156/1/145 155/1/98 163/1/146
f 300/1/132 160/1/141 169/1/142 170/1/133
f 158/1/99 299/1/143 166/1/144 167/1/100
f 298/1/138 156/1/145 163/1/146 164/1/139
f 168/1/136 167/1/100 176/1/101 177/1/147
f 165/1/140 164/1/139 173/1/148 174/1/149
f 162/1/1 171/1/134 180/1/150
f 169/1/142 168/1/136 177/1/147 178/1/151
f 166/1/144 165/1/140 174/1/149 175/1/152
f 163/1/146 155/1/98 172/1/153
f 170/1/133 169/1/142 178/1/151 179/1/154
f 167/1/100 166/1/144 175/1/152 176/1/101
f 164/1/139 163/1/146 172/1/153 173/1/148
f 171/1/134 170/1/133 179/1/154 180/1/150
f 173/1/148 172/1/153 181/1/155 182/1/156
f 180/1/150 179/1/154 188/1/157 189/1/158
f 177/1/147 176/1/101 185/1/102 186/1/159
f 174/1/149 173/1/148 182/1/156 183/1/160
f 162/1/1 180/1/150 189/1/158
f 178/1/151 177/1/147 186/1/159 187/1/161
f 175/1/152 174/1/149 183/1/160 184/1/162
f 172/1/153 155/1/98 181/1/155
f 179/1/154 178/1/151 187/1/161 188/1/157
f 176/1/101 175/1/152 184/1/162 185/1/102
f 188/1/157 187/1/161 196/1/163 197/1/164
f 185/1/102 184/1/162 193/1/165 194/1/103
f 182/1/156 181/1/155 190/1/166 191/1/167
f 189/1/158 188/1/157 197/1/164 198/1/168
f 186/1/159 185/1/102 194/1/103 195/1/169
f 183/1/160 182/1/156 191/1/167 192/1/170
f 162/1/1 189/1/158 198/1/168
f 187/1/161 186/1/159 195/1/169 196/1/163
f 184/1/162 183/1/160 192/1/170 193/1/165
f 181/1/155 155/1/98 190/1/166
f 193/1/165 192/1/170 201/1/171 202/1/172
f 190/1/166 155/1/98 199/1/173
f 197/1/164 196/1/163 205/1/174 206/1/175
f 194/1/103 193/1/165 202/1/172 203/1/104
f 191/1/167 190/1/166 199/1/173 200/1/176
f 198/1/168 197/1/164 206/1/175 207/1/177
f 195/1/169 194/1/103 203/1/104 204/1/178
f 192/1/170 191/1/167 200/1/176 201/1/171
f 162/1/1 198/1/168 207/1/177
f 196/1/163 195/1/169 204/1/178 205/1/174
f 205/1/174 204/1/178 213/1/179 214/1/180
f 202/1/172 201/1/171 210/1/181 211/1/182
f 199/1/173 155/1/98 208/1/183
f 206/1/175 205/1/174 214/1/180 215/1/184
f 203/1/104 202/1/172 211/1/182 212/1/105
f 200/1/176 199/1/173 208/1/183 209/1/185
f 207/1/177 206/1/175 215/1/184 216/1/186
f 204/1/178 203/1/104 212/1/105 213/1/179
f 201/1/171 200/1/176 209/1/185 210/1/181
f 162/1/1 207/1/177 216/1/186
f 210/1/181 209/1/185 218/1/187 219/1/188
f 162/1/1 216/1/186 225/1/189
f 214/1/180 213/1/179 222/1/190 223/1/191
f 211/1/182 210/1/181 219/1/188 220/1/192
f 208/1/183 155/1/98 217/1/193
f 215/1/184 214/1/180 223/1/191 224/1/194
f 212/1/105 211/1/182 220/1/192 221/1/106
f 209/1/185 208/1/183 217/1/193 218/1/187
f 216/1/186 215/1/184 224/1/194 225/1/189
f 213/1/179 212/1/105 221/1/106 222/1/190
f 225/1/189 224/1/194 233/1/195 234/1/196
f 222/1/190 221/1/106 230/1/107 231/1/197
f 219/1/188 218/1/187 227/1/198 228/1/199
f 162/1/1 225/1/189 234/1/196
f 223/1/191 222/1/190 231/1/197 232/1/200
f 220/1/192 219/1/188 228/1/199 229/1/201
f 217/1/193 155/1/98 226/1/202
f 224/1/194 223/1/191 232/1/200 233/1/195
f 221/1/106 220/1/192 229/1/201 230/1/107
f 218/1/187 217/1/193 226/1/202 227/1/198
f 230/1/107 229/1/201 238/1/203 239/1/108
f 227/1/198 226/1/202 235/1/204 236/1/205
f 234/1/196 233/1/195 242/1/206 243/1/207
f 231/1/197 230/1/107 239/1/108 240/1/208
f 228/1/199 227/1/198 236/1/205 237/1/209
f 162/1/1 234/1/196 243/1/207
f 232/1/200 231/1/197 240/1/208 241/1/210
f 229/1/201 228/1/199 237/1/209 238/1/203
f 226/1/202 155/1/98 235/1/204
f 233/1/195 232/1/200 241/1/210 242/1/206
f 235/1/204 155/1/98 244/1/211
f 242/1/206 241/1/210 250/1/212 251/1/213
f 239/1/108 238/1/203 247/1/214 248/1/109
f 236/1/205 235/1/204 244/1/211 245/1/215
f 243/1/207 242/1/206 251/1/213 252/1/216
f 240/1/208 239/1/108 248/1/109 249/1/217
f 237/1/209 236/1/205 245/1/215 246/1/218
f 162/1/1 243/1/207 252/1/216
f 241/1/210 240/1/208 249/1/217 250/1/212
f 238/1/203 237/1/209 246/1/218 247/1/214
f 247/1/214 246/1/218 255/1/219 256/1/220
f 244/1/211 155/1/98 253/1/221
f 251/1/213 250/1/212 259/1/222 260/1/223
f 248/1/109 247/1/214 256/1/220 257/1/110
f 245/1/215 244/1/211 253/1/221 254/1/224
f 252/1/216 251/1/213 260/1/223 261/1/225
f 249/1/217 248/1/109 257/1/110 258/1/226
f 246/1/218 245/1/215 254/1/224 255/1/219
f 162/1/1 252/1/216 261/1/225
f 250/1/212 249/1/217 258/1/226 259/1/222
f 162/1/1 261/1/225 270/1/227
f 259/1/222 258/1/226 267/1/228 268/1/229
f 256/1/220 255/1/219 264/1/230 265/1/231
f 253/1/221 155/1/98 262/1/232
f 260/1/223 259/1/222 268/1/229 269/1/233
f 257/1/110 256/1/220 265/1/231 266/1/111
f 254/1/224 253/1/221 262/1/232 263/1/234
f 261/1/225 260/1/223 269/1/233 270/1/227
f 258/1/226 257/1/110 266/1/111 267/1/228
f 255/1/219 254/1/224 263/1/234 264/1/230
f 267/1/228 266/1/111 275/1/112 276/1/235
f 264/1/230 263/1/234 272/1/236 273/1/237
f 162/1/1 270/1/227 279/1/238
f 268/1/229 267/1/228 276/1/235 277/1/239
f 265/1/231 264/1/230 273/1/237 274/1/240
f 262/1/232 155/1/98 271/1/241
f 269/1/233 268/1/229 277/1/239 278/1/242
f 266/1/111 265/1/231 274/1/240 275/1/112
f 263/1/234 262/1/232 271/1/241 272/1/236
f 270/1/227 269/1/233 278/1/242 279/1/238
f 272/1/236 271/1/241 280/1/243 281/1/244
f 279/1/238 278/1/242 287/1/245 288/1/246
f 276/1/235 275/1/112 284/1/113 285/1/247
f 273/1/237 272/1/236 281/1/244 282/1/248
f 162/1/1 279/1/238 288/1/246
f 277/1/239 276/1/235 285/1/247 286/1/249
f 274/1/240 273/1/237 282/1/248 283/1/250
f 271/1/241 155/1/98 280/1/243
f 278/1/242 277/1/239 286/1/249 287/1/245
f 275/1/112 274/1/240 283/1/250 284/1/113
f 284/1/113 283/1/250 292/1/251 293/1/114
f 281/1/244 280/1/243 289/1/252 290/1/253
f 288/1/246 287/1/245 296/1/254 297/1/255
f 285/1/247 284/1/113 293/1/114 294/1/256
f 282/1/248 281/1/244 290/1/253 291/1/257
f 162/1/1 288/1/246 297/1/255
f 286/1/249 285/1/247 294/1/256 295/1/258
f 283/1/250 282/1/248 291/1/257 292/1/251
f 280/1/243 155/1/98 289/1/252
f 287/1/245 286/1/249 295/1/258 296/1/254
f 289/1/252 155/1/98 156/1/145
f 296/1/254 295/1/258 160/1/141 300/1/132
f 293/1/114 292/1/251 299/1/143 158/1/99
f 290/1/253 289/1/252 156/1/145 298/1/138
f 297/1/255 296/1/254 300/1/132 161/1/131
f 294/1/256 293/1/114 158/1/99 159/1/135
f 291/1/257 290/1/253 298/1/138 157/1/137
f 162/1/1 297/1/255 161/1/131
f 295/1/258 294/1/256 159/1/135 160/1/141
f 292/1/251 291/1/257 157/1/137 299/1/143
f 301/1/259 302/1/259 304/1/260 303/1/260
f 303/1/260 304/1/260 306/1/261 305/1/261
f 305/1/261 306/1/261 308/1/262 307/1/262
f 307/1/262 308/1/262 310/1/263 309/1/263
f 309/1/263 310/1/263 312/1/264 311/1/264
f 311/1/264 312/1/264 314/1/265 313/1/265
f 304/1/98 302/1/98 316/1/98 314/1/98 312/1/98 310/1/98 308/1/98 306/1/98
f 313/1/265 314/1/265 316/1/266 315/1/266
f 315/1/266 316/1/266 302/1/259 301/1/259
f 301/1/1 303/1/1 305/1/1 307/1/1 309/1/1 311/1/1 313/1/1 315/1/1
usemtl mustard
f 83/1/99 84/1/99 86/1/100 85/1/100
f 85/1/100 86/1/100 88/1/101 87/1/101
f 87/1/101 88/1/101 90/1/102 89/1/102
f 89/1/102 90/1/102 92/1/103 91/1/103
f 91/1/103 92/1/103 94/1/104 93/1/104
f 93/1/104 94/1/104 96/1/105 95/1/105
f 95/1/105 96/1/105 98/1/106 97/1/106
f 97/1/106 98/1/106 100/1/107 99/1/107
f 99/1/107 100/1/107 102/1/108 101/1/108
f 101/1/108 102/1/108 104/1/109 103/1/109
f 103/1/109 104/1/109 106/1/110 105/1/110
f 105/1/110 106/1/110 108/1/111 107/1/111
f 107/1/111 108/1/111 110/1/112 109/1/112
f 109/1/112 110/1/112 112/1/113 111/1/113
f 86/1/98 84/1/98 114/1/98 112/1/98 110/1/98 108/1/98 106/1/98 104/1/98 102/1/98 100/1/98 98/1/98 96/1/98 94/1/98 92/1/98 90/1/98 88/1/98
f 111/1/113 112/1/113 114/1/114 113/1/114
f 113/1/114 114/1/114 84/1/99 83/1/99
f 83/1/1 85/1/1 87/1/1 89/1/1 91/1/1 93/1/1 95/1/1 97/1/1 99/1/1 101/1/1 103/1/1 105/1/1 107/1/1 109/1/1 111/1/1 113/1/1
f 573/1/131 712/1/132 582/1/133 583/1/134
f 571/1/135 570/1/99 579/1/100 580/1/136
f 569/1/137 710/1/138 576/1/139 577/1/140
f 574/1/1 573/1/131 583/1/134
f 572/1/141 571/1/135 580/1/136 581/1/142
f 711/1/143 569/1/137 577/1/140 578/1/144
f 568/1/145 567/1/98 575/1/146
f 712/1/132 572/1/141 581/1/142 582/1/133
f 570/1/99 711/1/143 578/1/144 579/1/100
f 710/1/138 568/1/145 575/1/146 576/1/139
f 580/1/136 579/1/100 588/1/101 589/1/147
f 577/1/140 576/1/139 585/1/148 586/1/149
f 574/1/1 583/1/134 592/1/150
f 581/1/142 580/1/136 589/1/147 590/1/151
f 578/1/144 577/1/140 586/1/149 587/1/152
f 575/1/146 567/1/98 584/1/153
f 582/1/133 581/1/142 590/1/151 591/1/154
f 579/1/100 578/1/144 587/1/152 588/1/101
f 576/1/139 575/1/146 584/1/153 585/1/148
f 583/1/134 582/1/133 591/1/154 592/1/150
f 585/1/148 584/1/153 593/1/155 594/1/156
f 592/1/150 591/1/154 600/1/157 601/1/158
f 589/1/147 588/1/101 597/1/102 598/1/159
f 586/1/149 585/1/148 594/1/156 595/1/160
f 574/1/1 592/1/150 601/1/158
f 590/1/151 589/1/147 598/1/159 599/1/161
f 587/1/152 586/1/149 595/1/160 596/1/162
f 584/1/153 567/1/98 593/1/155
f 591/1/154 590/1/151 599/1/161 600/1/157
f 588/1/101 587/1/152 596/1/162 597/1/102
f 600/1/157 599/1/161 608/1/163 609/1/164
f 597/1/102 596/1/162 605/1/165 606/1/103
f 594/1/156 593/1/155 602/1/166 603/1/167
f 601/1/158 600/1/157 609/1/164 610/1/168
f 598/1/159 597/1/102 606/1/103 607/1/169
f 595/1/160 594/1/156 603/1/167 604/1/170
f 574/1/1 601/1/158 610/1/168
f 599/1/161 598/1/159 607/1/169 608/1/163
f 596/1/162 595/1/160 604/1/170 605/1/165
f 593/1/155 567/1/98 602/1/166
f 605/1/165 604/1/170 613/1/171 614/1/172
f 602/1/166 567/1/98 611/1/173
f 609/1/164 608/1/163 617/1/174 618/1/175
f 606/1/103 605/1/165 614/1/172 615/1/104
f 603/1/167 602/1/166 611/1/173 612/1/176
f 610/1/168 609/1/164 618/1/175 619/1/177
f 607/1/169 606/1/103 615/1/104 616/1/178
f 604/1/170 603/1/167 612/1/176 613/1/171
f 574/1/1 610/1/168 619/1/177
f 608/1/163 607/1/169 616/1/178 617/1/174
f 617/1/174 616/1/178 625/1/179 626/1/180
f 614/1/172 613/1/171 622/1/181 623/1/182
f 611/1/173 567/1/98 620/1/183
f 618/1/175 617/1/174 626/1/180 627/1/184
f 615/1/104 614/1/172 623/1/182 624/1/105
f 612/1/176 611/1/173 620/1/183 621/1/185
f 619/1/177 618/1/175 627/1/184 628/1/186
f 616/1/178 615/1/104 624/1/105 625/1/179
f 613/1/171 612/1/176 621/1/185 622/1/181
f 574/1/1 619/1/177 628/1/186
f 622/1/181 621/1/185 630/1/187 631/1/188
f 574/1/1 628/1/186 637/1/189
f 626/1/180 625/1/179 634/1/190 635/1/191
f 623/1/182 622/1/181 631/1/188 632/1/192
f 620/1/183 567/1/98 629/1/193
f 627/1/184 626/1/180 635/1/191 636/1/194
f 624/1/105 623/1/182 632/1/192 633/1/106
f 621/1/185 620/1/183 629/1/193 630/1/187
f 628/1/186 627/1/184 636/1/194 637/1/189
f 625/1/179 624/1/105 633/1/106 634/1/190
f 637/1/189 636/1/194 645/1/195 646/1/196
f 634/1/190 633/1/106 642/1/107 643/1/197
f 631/1/188 630/1/187 639/1/198 640/1/199
f 574/1/1 637/1/189 646/1/196
f 635/1/191 634/1/190 643/1/197 644/1/200
f 632/1/192 631/1/188 640/1/199 641/1/201
f 629/1/193 567/1/98 638/1/202
f 636/1/194 635/1/191 644/1/200 645/1/195
f 633/1/106 632/1/192 641/1/201 642/1/107
f 630/1/187 629/1/193 638/1/202 639/1/198
f 642/1/107 641/1/201 650/1/203 651/1/108
f 639/1/198 638/1/202 647/1/204 648/1/205
f 646/1/196 645/1/195 654/1/206 655/1/207
f 643/1/197 642/1/107 651/1/108 652/1/208
f 640/1/199 639/1/198 648/1/205 649/1/209
f 574/1/1 646/1/196 655/1/207
f 644/1/200 643/1/197 652/1/208 653/1/210
f 641/1/201 640/1/199 649/1/209 650/1/203
f 638/1/202 567/1/98 647/1/204
f 645/1/195 644/1/200 653/1/210 654/1/206
f 647/1/204 567/1/98 656/1/211
f 654/1/206 653/1/210 662/1/212 663/1/213
f 651/1/108 650/1/203 659/1/214 660/1/109
f 648/1/205 647/1/204 656/1/211 657/1/215
f 655/1/207 654/1/206 663/1/213 664/1/216
f 652/1/208 651/1/108 660/1/109 661/1/217
f 649/1/209 648/1/205 657/1/215 658/1/218
f 574/1/1 655/1/207 664/1/216
f 653/1/210 652/1/208 661/1/217 662/1/212
f 650/1/203 649/1/209 658/1/218 659/1/214
f 659/1/214 658/1/218 667/1/219 668/1/220
f 656/1/211 567/1/98 665/1/221
f 663/1/213 662/1/212 671/1/222 672/1/223
f 660/1/109 659/1/214 668/1/220 669/1/110
f 657/1/215 656/1/211 665/1/221 666/1/224
f 664/1/216 663/1/213 672/1/223 673/1/225
f 661/1/217 660/1/109 669/1/110 670/1/226
f 658/1/218 657/1/215 666/1/224 667/1/219
f 574/1/1 664/1/216 673/1/225
f 662/1/212 661/1/217 670/1/226 671/1/222
f 574/1/1 673/1/225 682/1/227
f 671/1/222 670/1/226 679/1/228 680/1/229
f 668/1/220 667/1/219 676/1/230 677/1/231
f 665/1/221 567/1/98 674/1/232
f 672/1/223 671/1/222 680/1/229 681/1/233
f 669/1/110 668/1/220 677/1/231 678/1/111
f 666/1/224 665/1/221 674/1/232 675/1/234
f 673/1/225 672/1/223 681/1/233 682/1/227
f 670/1/226 669/1/110 678/1/111 679/1/228
f 667/1/219 666/1/224 675/1/234 676/1/230
f 679/1/228 678/1/111 687/1/112 688/1/235
f 676/1/230 675/1/234 684/1/236 685/1/237
f 574/1/1 682/1/227 691/1/238
f 680/1/229 679/1/228 688/1/235 689/1/239
f 677/1/231 676/1/230 685/1/237 686/1/240
f 674/1/232 567/1/98 683/1/241
f 681/1/233 680/1/229 689/1/239 690/1/242
f 678/1/111 677/1/231 686/1/240 687/1/112
f 675/1/234 674/1/232 683/1/241 684/1/236
f 682/1/227 681/1/233 690/1/242 691/1/238
f 684/1/236 683/1/241 692/1/243 693/1/244
f 691/1/238 690/1/242 699/1/245 700/1/246
f 688/1/235 687/1/112 696/1/113 697/1/247
f 685/1/237 684/1/236 693/1/244 694/1/248
f 574/1/1 691/1/238 700/1/246
f 689/1/239 688/1/235 697/1/247 698/1/249
f 686/1/240 685/1/237 694/1/248 695/1/250
f 683/1/241 567/1/98 692/1/243
f 690/1/242 689/1/239 698/1/249 699/1/245
f 687/1/112 686/1/240 695/1/250 696/1/113
f 696/1/113 695/1/250 704/1/251 705/1/114
f 693/1/244 692/1/243 701/1/252 702/1/253
f 700/1/246 699/1/245 708/1/254 709/1/255
f 697/1/247 696/1/113 705/1/114 706/1/256
f 694/1/248 693/1/244 702/1/253 703/1/257
f 574/1/1 700/1/246 709/1/255
f 698/1/249 697/1/247 706/1/256 707/1/258
f 695/1/250 694/1/248 703/1/257 704/1/251
f 692/1/243 567/1/98 701/1/252
f 699/1/245 698/1/249 707/1/258 708/1/254
f 701/1/252 567/1/98 568/1/145
f 708/1/254 707/1/258 572/1/141 712/1/132
f 705/1/114 704/1/251 711/1/143 570/1/99
f 702/1/253 701/1/252 568/1/145 710/1/138
f 709/1/255 708/1/254 712/1/132 573/1/131
f 706/1/256 705/1/114 570/1/99 571/1/135
f 703/1/257 702/1/253 710/1/138 569/1/137
f 574/1/1 709/1/255 573/1/131
f 707/1/258 706/1/256 571/1/135 572/1/141
f 704/1/251 703/1/257 569/1/137 711/1/143
f 713/1/259 714/1/259 716/1/260 715/1/260
f 715/1/260 716/1/260 718/1/261 717/1/261
f 717/1/261 718/1/261 720/1/262 719/1/262
f 719/1/262 720/1/262 722/1/263 721/1/263
f 721/1/263 722/1/263 724/1/264 723/1/264
f 723/1/264 724/1/264 726/1/265 725/1/265
f 716/1/98 714/1/98 728/1/98 726/1/98 724/1/98 722/1/98 720/1/98 718/1/98
f 725/1/265 726/1/265 728/1/266 727/1/266
f 727/1/266 728/1/266 714/1/259 713/1/259
f 713/1/1 715/1/1 717/1/1 719/1/1 721/1/1 723/1/1 725/1/1 727/1/1
usemtl gold
f 115/1/105 116/1/115 126/1/115 125/1/105
f 116/1/115 117/1/116 127/1/116 126/1/115
f 117/1/116 118/1/117 128/1/117 127/1/116
f 118/1/117 119/1/118 129/1/118 128/1/117
f 119/1/118 120/1/109 130/1/109 129/1/118
f 120/1/109 121/1/119 131/1/119 130/1/109
f 121/1/119 122/1/120 132/1/120 131/1/119
f 122/1/120 123/1/121 133/1/121 132/1/120
f 123/1/121 124/1/122 134/1/122 133/1/121
f 124/1/122 115/1/105 125/1/105 134/1/122
f 125/1/109 126/1/119 136/1/119 135/1/109
f 126/1/119 127/1/120 137/1/120 136/1/119
f 127/1/120 128/1/121 138/1/121 137/1/120
f 128/1/121 129/1/122 139/1/122 138/1/121
f 129/1/122 130/1/105 140/1/105 139/1/122
f 130/1/105 131/1/115 141/1/115 140/1/105
f 131/1/115 132/1/116 142/1/116 141/1/115
f 132/1/116 133/1/117 143/1/117 142/1/116
f 133/1/117 134/1/118 144/1/118 143/1/117
f 134/1/118 125/1/109 135/1/109 144/1/118
f 135/1/113 136/1/123 146/1/123 145/1/113
f 136/1/123 137/1/124 147/1/124 146/1/123
f 137/1/124 138/1/125 148/1/125 147/1/124
f 138/1/125 139/1/126 149/1/126 148/1/125
f 139/1/126 140/1/101 150/1/101 149/1/126
f 140/1/101 141/1/127 151/1/127 150/1/101
f 141/1/127 142/1/128 152/1/128 151/1/127
f 142/1/128 143/1/129 153/1/129 152/1/128
f 143/1/129 144/1/130 154/1/130 153/1/129
f 144/1/130 135/1/113 145/1/113 154/1/130
f 145/1/101 146/1/127 116/1/127 115/1/101
f 146/1/127 147/1/128 117/1/128 116/1/127
f 147/1/128 148/1/129 118/1/129 117/1/128
f 148/1/129 149/1/130 119/1/130 118/1/129
f 149/1/130 150/1/113 120/1/113 119/1/130
f 150/1/113 151/1/123 121/1/123 120/1/113
f 151/1/123 152/1/124 122/1/124 121/1/123
f 152/1/124 153/1/125 123/1/125 122/1/124
f 153/1/125 154/1/126 124/1/126 123/1/125
f 154/1/126 145/1/101 115/1/101 124/1/126
usemtl white_e0.4
f 320/1/267 319/1/99 323/1/268 324/1/269
f 318/1/270 317/1/271 322/1/272
f 321/1/273 320/1/267 324/1/269
f 319/1/99 318/1/270 322/1/272 323/1/268
f 322/1/272 317/1/271 325/1/274
f 321/1/273 324/1/269 327/1/275
f 323/1/268 322/1/272 325/1/274 326/1/276
f 324/1/269 323/1/268 326/1/276 327/1/275
f 327/1/277 326/1/278 329/1/279 330/1/280
f 325/1/281 317/1/282 328/1/283
f 321/1/284 327/1/277 330/1/280
f 326/1/278 325/1/281 328/1/283 329/1/279
f 330/1/280 329/1/279 332/1/107 333/1/285
f 328/1/283 317/1/282 331/1/286
f 321/1/284 330/1/280 333/1/285
f 329/1/279 328/1/283 331/1/286 332/1/107
f 333/1/285 332/1/107 335/1/287 336/1/288
f 331/1/286 317/1/282 334/1/289
f 321/1/284 333/1/285 336/1/288
f 332/1/107 331/1/286 334/1/289 335/1/287
f 336/1/288 335/1/287 338/1/290 339/1/291
f 334/1/289 317/1/282 337/1/292
f 321/1/284 336/1/288 339/1/291
f 335/1/287 334/1/289 337/1/292 338/1/290
f 339/1/293 338/1/294 341/1/295 342/1/296
f 337/1/297 317/1/271 340/1/298
f 321/1/273 339/1/293 342/1/296
f 338/1/294 337/1/297 340/1/298 341/1/295
f 341/1/295 340/1/298 318/1/270 319/1/99
f 342/1/296 341/1/295 319/1/99 320/1/267
f 340/1/298 317/1/271 318/1/270
f 321/1/273 342/1/296 320/1/267
f 526/1/267 525/1/99 529/1/268 530/1/269
f 524/1/270 523/1/271 528/1/272
f 527/1/273 526/1/267 530/1/269
f 525/1/99 524/1/270 528/1/272 529/1/268
f 528/1/272 523/1/271 531/1/274
f 527/1/273 530/1/269 533/1/275
f 529/1/268 528/1/272 531/1/274 532/1/276
f 530/1/269 529/1/268 532/1/276 533/1/275
f 533/1/277 532/1/278 535/1/279 536/1/280
f 531/1/281 523/1/282 534/1/283
f 527/1/284 533/1/277 536/1/280
f 532/1/278 531/1/281 534/1/283 535/1/279
f 536/1/280 535/1/279 538/1/107 539/1/285
f 534/1/283 523/1/282 537/1/286
f 527/1/284 536/1/280 539/1/285
f 535/1/279 534/1/283 537/1/286 538/1/107
f 539/1/285 538/1/107 541/1/287 542/1/288
f 537/1/286 523/1/282 540/1/289
f 527/1/284 539/1/285 542/1/288
f 538/1/107 537/1/286 540/1/289 541/1/287
f 542/1/288 541/1/287 544/1/290 545/1/291
f 540/1/289 523/1/282 543/1/292
f 527/1/284 542/1/288 545/1/291
f 541/1/287 540/1/289 543/1/292 544/1/290
f 545/1/293 544/1/294 547/1/295 548/1/296
f 543/1/297 523/1/271 546/1/298
f 527/1/273 545/1/293 548/1/296
f 544/1/294 543/1/297 546/1/298 547/1/295
f 547/1/295 546/1/298 524/1/270 525/1/99
f 548/1/296 547/1/295 525/1/99 526/1/267
f 546/1/298 523/1/271 524/1/270
f 527/1/273 548/1/296 526/1/267
f 732/1/267 731/1/99 735/1/268 736/1/269
f 730/1/270 729/1/271 734/1/272
f 733/1/273 732/1/267 736/1/269
f 731/1/99 730/1/270 734/1/272 735/1/268
f 734/1/272 729/1/271 737/1/339
f 733/1/273 736/1/269 739/1/340
f 735/1/268 734/1/272 737/1/339 738/1/276
f 736/1/269 735/1/268 738/1/276 739/1/340
f 739/1/341 738/1/278 741/1/279 742/1/280
f 737/1/342 729/1/282 740/1/283
f 733/1/284 739/1/341 742/1/280
f 738/1/278 737/1/342 740/1/283 741/1/279
f 742/1/280 741/1/279 744/1/107 745/1/285
f 740/1/283 729/1/282 743/1/286
f 733/1/284 742/1/280 745/1/285
f 741/1/279 740/1/283 743/1/286 744/1/107
f 745/1/285 744/1/107 747/1/287 748/1/288
f 743/1/286 729/1/282 746/1/289
f 733/1/284 745/1/285 748/1/288
f 744/1/107 743/1/286 746/1/289 747/1/287
f 748/1/288 747/1/287 750/1/290 751/1/343
f 746/1/289 729/1/282 749/1/344
f 733/1/284 748/1/288 751/1/343
f 747/1/287 746/1/289 749/1/344 750/1/290
f 751/1/345 750/1/294 753/1/295 754/1/296
f 749/1/346 729/1/271 752/1/298
f 733/1/273 751/1/345 754/1/296
f 750/1/294 749/1/346 752/1/298 753/1/295
f 753/1/295 752/1/298 730/1/270 731/1/99
f 754/1/296 753/1/295 731/1/99 732/1/267
f 752/1/298 729/1/271 730/1/270
f 733/1/273 754/1/296 732/1/267
f 938/1/267 937/1/99 941/1/268 942/1/269
f 936/1/270 935/1/271 940/1/272
f 939/1/273 938/1/267 942/1/269
f 937/1/99 936/1/270 940/1/272 941/1/268
f 940/1/272 935/1/271 943/1/339
f 939/1/273 942/1/269 945/1/369
f 941/1/268 940/1/272 943/1/339 944/1/276
f 942/1/269 941/1/268 944/1/276 945/1/369
f 945/1/341 944/1/278 947/1/279 948/1/280
f 943/1/370 935/1/282 946/1/283
f 939/1/284 945/1/341 948/1/280
f 944/1/278 943/1/370 946/1/283 947/1/279
f 948/1/280 947/1/279 950/1/107 951/1/285
f 946/1/283 935/1/282 949/1/286
f 939/1/284 948/1/280 951/1/285
f 947/1/279 946/1/283 949/1/286 950/1/107
f 951/1/285 950/1/107 953/1/287 954/1/288
f 949/1/286 935/1/282 952/1/289
f 939/1/284 951/1/285 954/1/288
f 950/1/107 949/1/286 952/1/289 953/1/287
f 954/1/288 953/1/287 956/1/290 957/1/371
f 952/1/289 935/1/282 955/1/372
f 939/1/284 954/1/288 957/1/371
f 953/1/287 952/1/289 955/1/372 956/1/290
f 957/1/345 956/1/294 959/1/295 960/1/296
f 955/1/373 935/1/271 958/1/298
f 939/1/273 957/1/345 960/1/296
f 956/1/294 955/1/373 958/1/298 959/1/295
f 959/1/295 958/1/298 936/1/270 937/1/99
f 960/1/296 959/1/295 937/1/99 938/1/267
f 958/1/298 935/1/271 936/1/270
f 939/1/273 960/1/296 938/1/267
f 1144/1/267 1143/1/99 1147/1/268 1148/1/269
f 1142/1/270 1141/1/271 1146/1/272
f 1145/1/273 1144/1/267 1148/1/269
f 1143/1/99 1142/1/270 1146/1/272 1147/1/268
f 1146/1/272 1141/1/271 1149/1/274
f 1145/1/273 1148/1/269 1151/1/275
f 1147/1/268 1146/1/272 1149/1/274 1150/1/276
f 1148/1/269 1147/1/268 1150/1/276 1151/1/275
f 1151/1/277 1150/1/278 1153/1/279 1154/1/280
f 1149/1/281 1141/1/282 1152/1/283
f 1145/1/284 1151/1/277 1154/1/280
f 1150/1/278 1149/1/281 1152/1/283 1153/1/279
f 1154/1/280 1153/1/279 1156/1/107 1157/1/285
f 1152/1/283 1141/1/282 1155/1/286
f 1145/1/284 1154/1/280 1157/1/285
f 1153/1/279 1152/1/283 1155/1/286 1156/1/107
f 1157/1/285 1156/1/107 1159/1/287 1160/1/288
f 1155/1/286 1141/1/282 1158/1/289
f 1145/1/284 1157/1/285 1160/1/288
f 1156/1/107 1155/1/286 1158/1/289 1159/1/287
f 1160/1/288 1159/1/287 1162/1/290 1163/1/291
f 1158/1/289 1141/1/282 1161/1/292
f 1145/1/284 1160/1/288 1163/1/291
f 1159/1/287 1158/1/289 1161/1/292 1162/1/290
f 1163/1/293 1162/1/294 1165/1/295 1166/1/296
f 1161/1/297 1141/1/271 1164/1/298
f 1145/1/273 1163/1/293 1166/1/296
f 1162/1/294 1161/1/297 1164/1/298 1165/1/295
f 1165/1/295 1164/1/298 1142/1/270 1143/1/99
f 1166/1/296 1165/1/295 1143/1/99 1144/1/267
f 1164/1/298 1141/1/271 1142/1/270
f 1145/1/273 1166/1/296 1144/1/267
f 1350/1/267 1349/1/99 1353/1/268 1354/1/269
f 1348/1/270 1347/1/271 1352/1/272
f 1351/1/273 1350/1/267 1354/1/269
f 1349/1/99 1348/1/270 1352/1/272 1353/1/268
f 1352/1/272 1347/1/271 1355/1/414
f 1351/1/273 1354/1/269 1357/1/369
f 1353/1/268 1352/1/272 1355/1/414 1356/1/276
f 1354/1/269 1353/1/268 1356/1/276 1357/1/369
f 1357/1/341 1356/1/278 1359/1/279 1360/1/280
f 1355/1/370 1347/1/282 1358/1/283
f 1351/1/284 1357/1/341 1360/1/280
f 1356/1/278 1355/1/370 1358/1/283 1359/1/279
f 1360/1/280 1359/1/279 1362/1/107 1363/1/285
f 1358/1/283 1347/1/282 1361/1/286
f 1351/1/284 1360/1/280 1363/1/285
f 1359/1/279 1358/1/283 1361/1/286 1362/1/107
f 1363/1/285 1362/1/107 1365/1/287 1366/1/288
f 1361/1/286 1347/1/282 1364/1/289
f 1351/1/284 1363/1/285 1366/1/288
f 1362/1/107 1361/1/286 1364/1/289 1365/1/287
f 1366/1/288 1365/1/287 1368/1/290 1369/1/371
f 1364/1/289 1347/1/282 1367/1/372
f 1351/1/284 1366/1/288 1369/1/371
f 1365/1/287 1364/1/289 1367/1/372 1368/1/290
f 1369/1/345 1368/1/294 1371/1/295 1372/1/296
f 1367/1/373 1347/1/271 1370/1/298
f 1351/1/273 1369/1/345 1372/1/296
f 1368/1/294 1367/1/373 1370/1/298 1371/1/295
f 1371/1/295 1370/1/298 1348/1/270 1349/1/99
f 1372/1/296 1371/1/295 1349/1/99 1350/1/267
f 1370/1/298 1347/1/271 1348/1/270
f 1351/1/273 1372/1/296 1350/1/267
f 1556/1/267 1555/1/99 1559/1/268 1560/1/269
f 1554/1/270 1553/1/271 1558/1/272
f 1557/1/273 1556/1/267 1560/1/269
f 1555/1/99 1554/1/270 1558/1/272 1559/1/268
f 1558/1/272 1553/1/271 1561/1/414
f 1557/1/273 1560/1/269 1563/1/369
f 1559/1/268 1558/1/272 1561/1/414 1562/1/276
f 1560/1/269 1559/1/268 1562/1/276 1563/1/369
f 1563/1/341 1562/1/278 1565/1/279 1566/1/280
f 1561/1/370 1553/1/282 1564/1/283
f 1557/1/284 1563/1/341 1566/1/280
f 1562/1/278 1561/1/370 1564/1/283 1565/1/279
f 1566/1/280 1565/1/279 1568/1/107 1569/1/285
f 1564/1/283 1553/1/282 1567/1/286
f 1557/1/284 1566/1/280 1569/1/285
f 1565/1/279 1564/1/283 1567/1/286 1568/1/107
f 1569/1/285 1568/1/107 1571/1/287 1572/1/288
f 1567/1/286 1553/1/282 1570/1/289
f 1557/1/284 1569/1/285 1572/1/288
f 1568/1/107 1567/1/286 1570/1/289 1571/1/287
f 1572/1/288 1571/1/287 1574/1/290 1575/1/371
f 1570/1/289 1553/1/282 1573/1/372
f 1557/1/284 1572/1/288 1575/1/371
f 1571/1/287 1570/1/289 1573/1/372 1574/1/290
f 1575/1/345 1574/1/294 1577/1/295 1578/1/296
f 1573/1/373 1553/1/271 1576/1/298
f 1557/1/273 1575/1/345 1578/1/296
f 1574/1/294 1573/1/373 1576/1/298 1577/1/295
f 1577/1/295 1576/1/298 1554/1/270 1555/1/99
f 1578/1/296 1577/1/295 1555/1/99 1556/1/267
f 1576/1/298 1553/1/271 1554/1/270
f 1557/1/273 1578/1/296 1556/1/267
usemtl cream
f 345/2/299 343/1/299 344/3/299
f 345/2/299 348/4/299 343/1/299
f 346/5/299 348/4/299 345/2/299
f 346/5/299 347/6/299 348/4/299
f 354/4/300 350/3/300 349/1/300
f 354/4/300 351/2/300 350/3/300
f 353/6/300 351/2/300 354/4/300
f 353/6/300 352/5/300 351/2/300
f 349/7/301 355/8/302 360/9/302 354/10/301
f 350/11/303 356/12/304 355/13/304 349/1/303
f 351/14/305 357/15/306 356/12/306 350/11/305
f 352/16/307 358/17/308 357/15/308 351/14/307
f 353/18/309 359/19/310 358/17/310 352/16/309
f 354/10/311 360/9/312 359/19/312 353/18/311
f 355/8/302 343/20/313 348/21/313 360/9/302
f 356/12/304 344/22/314 343/4/314 355/13/304
f 357/15/306 345/23/315 344/22/315 356/12/306
f 358/17/308 346/24/316 345/23/316 357/15/308
f 359/19/310 347/25/317 346/24/317 358/17/310
f 360/9/312 348/21/318 347/25/318 359/19/312
f 554/4/319 552/5/319 553/6/319
f 554/4/319 551/2/319 552/5/319
f 549/1/319 551/2/319 554/4/319
f 549/1/319 550/3/319 551/2/319
f 558/5/320 560/4/320 559/6/320
f 557/2/320 560/4/320 558/5/320
f 557/2/320 555/1/320 560/4/320
f 556/3/320 555/1/320 557/2/320
f 555/7/321 561/8/322 566/9/322 560/10/321
f 556/11/323 562/12/324 561/13/324 555/1/323
f 557/14/325 563/15/326 562/12/326 556/11/325
f 558/16/327 564/17/328 563/15/328 557/14/327
f 559/18/329 565/19/330 564/17/330 558/16/329
f 560/10/331 566/9/332 565/19/332 559/18/331
f 561/8/322 549/20/333 554/21/333 566/9/322
f 562/12/324 550/22/334 549/4/334 561/13/324
f 563/15/326 551/23/335 550/22/335 562/12/326
f 564/17/328 552/24/336 551/23/336 563/15/328
f 565/19/330 553/25/337 552/24/337 564/17/330
f 566/9/332 554/21/338 553/25/338 565/19/332
f 759/6/347 757/2/347 758/5/347
f 760/4/347 757/2/347 759/6/347
f 760/4/347 756/3/347 757/2/347
f 755/1/347 756/3/347 760/4/347
f 763/2/348 765/6/348 764/5/349
f 763/2/348 766/4/350 765/6/348
f 762/3/350 766/4/350 763/2/348
f 762/3/350 761/1/350 766/4/350
f 761/7/351 767/8/352 772/9/352 766/10/351
f 762/11/353 768/12/354 767/13/354 761/1/353
f 763/14/355 769/15/356 768/12/356 762/11/355
f 764/16/357 770/17/358 769/15/358 763/14/357
f 765/18/359 771/19/360 770/17/360 764/16/359
f 766/10/361 772/9/362 771/19/362 765/18/361
f 767/8/352 755/20/363 760/21/363 772/9/352
f 768/12/354 756/22/364 755/4/364 767/13/354
f 769/15/356 757/23/365 756/22/365 768/12/356
f 770/17/358 758/24/366 757/23/366 769/15/358
f 771/19/360 759/25/367 758/24/367 770/17/360
f 772/9/362 760/21/368 759/25/368 771/19/362
f 966/4/374 964/5/374 965/6/374
f 966/4/374 963/2/374 964/5/374
f 961/1/374 963/2/374 966/4/374
f 961/1/374 962/3/374 963/2/374
f 970/5/375 972/4/375 971/6/375
f 969/2/375 972/4/375 970/5/375
f 969/2/375 967/1/375 972/4/375
f 968/3/375 967/1/375 969/2/375
f 967/7/376 973/8/377 978/9/377 972/10/376
f 968/11/378 974/12/379 973/13/379 967/1/378
f 969/14/380 975/15/381 974/12/381 968/11/380
f 970/16/382 976/17/383 975/15/383 969/14/382
f 971/18/384 977/19/385 976/17/385 970/16/384
f 972/10/386 978/9/387 977/19/387 971/18/386
f 973/8/377 961/20/388 966/21/388 978/9/377
f 974/12/379 962/22/389 961/4/389 973/13/379
f 975/15/381 963/23/390 962/22/390 974/12/381
f 976/17/383 964/24/391 963/23/391 975/15/383
f 977/19/385 965/25/392 964/24/392 976/17/385
f 978/9/387 966/21/393 965/25/393 977/19/387
f 1172/4/394 1170/5/394 1171/6/394
f 1167/1/394 1170/5/394 1172/4/394
f 1167/1/394 1169/2/394 1170/5/394
f 1168/3/394 1169/2/394 1167/1/394
f 1176/5/395 1178/4/395 1177/6/395
f 1175/2/395 1178/4/395 1176/5/395
f 1175/2/395 1173/1/395 1178/4/395
f 1174/3/395 1173/1/395 1175/2/395
f 1173/7/396 1179/8/397 1184/9/397 1178/10/396
f 1174/11/398 1180/12/399 1179/13/399 1173/1/398
f 1175/14/400 1181/15/401 1180/12/401 1174/11/400
f 1176/16/402 1182/17/403 1181/15/403 1175/14/402
f 1177/18/404 1183/19/405 1182/17/405 1176/16/404
f 1178/10/406 1184/9/407 1183/19/407 1177/18/406
f 1179/8/397 1167/20/408 1172/21/408 1184/9/397
f 1180/12/399 1168/22/409 1167/4/409 1179/13/399
f 1181/15/401 1169/23/410 1168/22/410 1180/12/401
f 1182/17/403 1170/24/411 1169/23/411 1181/15/403
f 1183/19/405 1171/25/412 1170/24/412 1182/17/405
f 1184/9/407 1172/21/413 1171/25/413 1183/19/407
f 1378/4/415 1376/5/415 1377/6/415
f 1378/4/415 1375/2/415 1376/5/415
f 1373/1/415 1375/2/415 1378/4/415
f 1373/1/415 1374/3/415 1375/2/415
f 1382/5/416 1384/4/416 1383/6/416
f 1381/2/416 1384/4/416 1382/5/416
f 1381/2/416 1379/1/416 1384/4/416
f 1380/3/416 1379/1/416 1381/2/416
f 1379/7/417 1385/8/418 1390/9/418 1384/10/417
f 1380/11/419 1386/12/420 1385/13/420 1379/1/419
f 1381/14/421 1387/15/422 1386/12/422 1380/11/421
f 1382/16/423 1388/17/424 1387/15/424 1381/14/423
f 1383/18/425 1389/19/426 1388/17/426 1382/16/425
f 1384/10/427 1390/9/428 1389/19/428 1383/18/427
f 1385/8/418 1373/20/429 1378/21/429 1390/9/418
f 1386/12/420 1374/22/430 1373/4/430 1385/13/420
f 1387/15/422 1375/23/431 1374/22/431 1386/12/422
f 1388/17/424 1376/24/432 1375/23/432 1387/15/424
f 1389/19/426 1377/25/433 1376/24/433 1388/17/426
f 1390/9/428 1378/21/434 1377/25/434 1389/19/428
f 1583/6/435 1581/2/435 1582/5/435
f 1584/4/435 1581/2/435 1583/6/435
f 1584/4/435 1580/3/435 1581/2/435
f 1579/1/435 1580/3/435 1584/4/435
f 1587/2/436 1589/6/436 1588/5/436
f 1587/2/436 1590/4/436 1589/6/436
f 1586/3/437 1590/4/436 1587/2/436
f 1586/3/437 1585/1/437 1590/4/436
f 1585/7/438 1591/8/439 1596/9/439 1590/10/438
f 1586/11/440 1592/12/441 1591/13/441 1585/1/440
f 1587/14/442 1593/15/443 1592/12/443 1586/11/442
f 1588/16/444 1594/17/445 1593/15/445 1587/14/444
f 1589/18/446 1595/19/447 1594/17/447 1588/16/446
f 1590/10/448 1596/9/449 1595/19/449 1589/18/448
f 1591/8/439 1579/20/450 1584/21/450 1596/9/439
f 1592/12/441 1580/22/451 1579/4/451 1591/13/441
f 1593/15/443 1581/23/452 1580/22/452 1592/12/443
f 1594/17/445 1582/24/453 1581/23/453 1593/15/445
f 1595/19/447 1583/25/454 1582/24/454 1594/17/447
f 1596/9/449 1584/21/455 1583/25/455 1595/19/449
f 1602/4/456 1600/5/456 1601/6/456
f 1602/4/456 1599/2/456 1600/5/456
f 1597/1/456 1599/2/456 1602/4/456
f 1597/1/456 1598/3/456 1599/2/456
f 1606/5/457 1608/4/457 1607/6/457
f 1605/2/457 1608/4/457 1606/5/457
f 1605/2/457 1603/1/457 1608/4/457
f 1604/3/457 1603/1/457 1605/2/457
f 1603/7/458 1609/26/459 1614/27/460 1608/10/458
f 1604/11/461 1610/28/462 1609/29/462 1603/1/461
f 1605/14/463 1611/30/464 1610/28/465 1604/11/463
f 1606/16/466 1612/31/467 1611/30/468 1605/14/466
f 1607/18/469 1613/32/470 1612/31/470 1606/16/469
f 1608/10/471 1614/27/472 1613/32/473 1607/18/471
f 1609/26/459 1615/33/474 1620/34/475 1614/27/460
f 1610/28/462 1616/35/476 1615/36/476 1609/29/462
f 1611/30/464 1617/37/477 1616/35/478 1610/28/465
f 1612/31/467 1618/38/479 1617/37/480 1611/30/468
f 1613/32/470 1619/39/481 1618/38/481 1612/31/470
f 1614/27/472 1620/34/482 1619/39/483 1613/32/473
f 1615/33/474 1621/40/484 1626/41/484 1620/34/475
f 1616/35/476 1622/42/485 1621/43/485 1615/36/476
f 1617/37/477 1623/44/486 1622/42/486 1616/35/478
f 1618/38/479 1624/45/487 1623/44/487 1617/37/480
f 1619/39/481 1625/46/488 1624/45/488 1618/38/481
f 1620/34/482 1626/41/489 1625/46/489 1619/39/483
f 1621/40/490 1627/47/491 1632/48/492 1626/41/490
f 1622/42/485 1628/49/493 1627/50/493 1621/43/485
f 1623/44/494 1629/51/495 1628/49/496 1622/42/494
f 1624/45/497 1630/52/498 1629/51/499 1623/44/497
f 1625/46/488 1631/53/500 1630/52/500 1624/45/488
f 1626/41/501 1632/48/502 1631/53/503 1625/46/501
f 1627/47/491 1633/54/504 1638/55/504 1632/48/492
f 1628/49/493 1634/56/505 1633/57/505 1627/50/493
f 1629/51/495 1635/58/506 1634/56/507 1628/49/496
f 1630/52/498 1636/59/508 1635/58/508 1629/51/499
f 1631/53/500 1637/60/509 1636/59/509 1630/52/500
f 1632/48/502 1638/55/510 1637/60/510 1631/53/503
f 1633/54/504 1639/61/511 1644/62/512 1638/55/504
f 1634/56/505 1640/63/513 1639/64/513 1633/57/505
f 1635/58/506 1641/65/514 1640/63/515 1634/56/507
f 1636/59/508 1642/66/516 1641/65/517 1635/58/508
f 1637/60/509 1643/67/518 1642/66/518 1636/59/509
f 1638/55/510 1644/62/519 1643/67/520 1637/60/510
f 1639/61/511 1645/68/521 1650/69/521 1644/62/512
f 1640/63/513 1646/70/522 1645/71/522 1639/64/513
f 1641/65/514 1647/72/523 1646/70/523 1640/63/515
f 1642/66/516 1648/73/524 1647/72/524 1641/65/517
f 1643/67/518 1649/74/525 1648/73/525 1642/66/518
f 1644/62/519 1650/69/526 1649/74/526 1643/67/520
f 1645/68/527 1651/75/528 1656/76/529 1650/69/527
f 1646/70/522 1652/77/530 1651/78/530 1645/71/522
f 1647/72/531 1653/79/532 1652/77/533 1646/70/531
f 1648/73/534 1654/80/535 1653/79/536 1647/72/534
f 1649/74/525 1655/81/537 1654/80/537 1648/73/525
f 1650/69/538 1656/76/539 1655/81/540 1649/74/538
f 1651/75/528 1597/20/541 1602/21/541 1656/76/529
f 1652/77/530 1598/22/542 1597/4/542 1651/78/530
f 1653/79/532 1599/23/543 1598/22/543 1652/77/533
f 1654/80/535 1600/24/544 1599/23/544 1653/79/536
f 1655/81/537 1601/25/545 1600/24/545 1654/80/537
f 1656/76/539 1602/21/546 1601/25/546 1655/81/540
usemtl teal
f 367/1/131 506/1/132 376/1/133 377/1/134
f 365/1/135 364/1/99 373/1/100 374/1/136
f 363/1/137 504/1/138 370/1/139 371/1/140
f 368/1/1 367/1/131 377/1/134
f 366/1/141 365/1/135 374/1/136 375/1/142
f 505/1/143 363/1/137 371/1/140 372/1/144
f 362/1/145 361/1/98 369/1/146
f 506/1/132 366/1/141 375/1/142 376/1/133
f 364/1/99 505/1/143 372/1/144 373/1/100
f 504/1/138 362/1/145 369/1/146 370/1/139
f 374/1/136 373/1/100 382/1/101 383/1/147
f 371/1/140 370/1/139 379/1/148 380/1/149
f 368/1/1 377/1/134 386/1/150
f 375/1/142 374/1/136 383/1/147 384/1/151
f 372/1/144 371/1/140 380/1/149 381/1/152
f 369/1/146 361/1/98 378/1/153
f 376/1/133 375/1/142 384/1/151 385/1/154
f 373/1/100 372/1/144 381/1/152 382/1/101
f 370/1/139 369/1/146 378/1/153 379/1/148
f 377/1/134 376/1/133 385/1/154 386/1/150
f 379/1/148 378/1/153 387/1/155 388/1/156
f 386/1/150 385/1/154 394/1/157 395/1/158
f 383/1/147 382/1/101 391/1/102 392/1/159
f 380/1/149 379/1/148 388/1/156 389/1/160
f 368/1/1 386/1/150 395/1/158
f 384/1/151 383/1/147 392/1/159 393/1/161
f 381/1/152 380/1/149 389/1/160 390/1/162
f 378/1/153 361/1/98 387/1/155
f 385/1/154 384/1/151 393/1/161 394/1/157
f 382/1/101 381/1/152 390/1/162 391/1/102
f 394/1/157 393/1/161 402/1/163 403/1/164
f 391/1/102 390/1/162 399/1/165 400/1/103
f 388/1/156 387/1/155 396/1/166 397/1/167
f 395/1/158 394/1/157 403/1/164 404/1/168
f 392/1/159 391/1/102 400/1/103 401/1/169
f 389/1/160 388/1/156 397/1/167 398/1/170
f 368/1/1 395/1/158 404/1/168
f 393/1/161 392/1/159 401/1/169 402/1/163
f 390/1/162 389/1/160 398/1/170 399/1/165
f 387/1/155 361/1/98 396/1/166
f 399/1/165 398/1/170 407/1/171 408/1/172
f 396/1/166 361/1/98 405/1/173
f 403/1/164 402/1/163 411/1/174 412/1/175
f 400/1/103 399/1/165 408/1/172 409/1/104
f 397/1/167 396/1/166 405/1/173 406/1/176
f 404/1/168 403/1/164 412/1/175 413/1/177
f 401/1/169 400/1/103 409/1/104 410/1/178
f 398/1/170 397/1/167 406/1/176 407/1/171
f 368/1/1 404/1/168 413/1/177
f 402/1/163 401/1/169 410/1/178 411/1/174
f 411/1/174 410/1/178 419/1/179 420/1/180
f 408/1/172 407/1/171 416/1/181 417/1/182
f 405/1/173 361/1/98 414/1/183
f 412/1/175 411/1/174 420/1/180 421/1/184
f 409/1/104 408/1/172 417/1/182 418/1/105
f 406/1/176 405/1/173 414/1/183 415/1/185
f 413/1/177 412/1/175 421/1/184 422/1/186
f 410/1/178 409/1/104 418/1/105 419/1/179
f 407/1/171 406/1/176 415/1/185 416/1/181
f 368/1/1 413/1/177 422/1/186
f 416/1/181 415/1/185 424/1/187 425/1/188
f 368/1/1 422/1/186 431/1/189
f 420/1/180 419/1/179 428/1/190 429/1/191
f 417/1/182 416/1/181 425/1/188 426/1/192
f 414/1/183 361/1/98 423/1/193
f 421/1/184 420/1/180 429/1/191 430/1/194
f 418/1/105 417/1/182 426/1/192 427/1/106
f 415/1/185 414/1/183 423/1/193 424/1/187
f 422/1/186 421/1/184 430/1/194 431/1/189
f 419/1/179 418/1/105 427/1/106 428/1/190
f 431/1/189 430/1/194 439/1/195 440/1/196
f 428/1/190 427/1/106 436/1/107 437/1/197
f 425/1/188 424/1/187 433/1/198 434/1/199
f 368/1/1 431/1/189 440/1/196
f 429/1/191 428/1/190 437/1/197 438/1/200
f 426/1/192 425/1/188 434/1/199 435/1/201
f 423/1/193 361/1/98 432/1/202
f 430/1/194 429/1/191 438/1/200 439/1/195
f 427/1/106 426/1/192 435/1/201 436/1/107
f 424/1/187 423/1/193 432/1/202 433/1/198
f 436/1/107 435/1/201 444/1/203 445/1/108
f 433/1/198 432/1/202 441/1/204 442/1/205
f 440/1/196 439/1/195 448/1/206 449/1/207
f 437/1/197 436/1/107 445/1/108 446/1/208
f 434/1/199 433/1/198 442/1/205 443/1/209
f 368/1/1 440/1/196 449/1/207
f 438/1/200 437/1/197 446/1/208 447/1/210
f 435/1/201 434/1/199 443/1/209 444/1/203
f 432/1/202 361/1/98 441/1/204
f 439/1/195 438/1/200 447/1/210 448/1/206
f 441/1/204 361/1/98 450/1/211
f 448/1/206 447/1/210 456/1/212 457/1/213
f 445/1/108 444/1/203 453/1/214 454/1/109
f 442/1/205 441/1/204 450/1/211 451/1/215
f 449/1/207 448/1/206 457/1/213 458/1/216
f 446/1/208 445/1/108 454/1/109 455/1/217
f 443/1/209 442/1/205 451/1/215 452/1/218
f 368/1/1 449/1/207 458/1/216
f 447/1/210 446/1/208 455/1/217 456/1/212
f 444/1/203 443/1/209 452/1/218 453/1/214
f 453/1/214 452/1/218 461/1/219 462/1/220
f 450/1/211 361/1/98 459/1/221
f 457/1/213 456/1/212 465/1/222 466/1/223
f 454/1/109 453/1/214 462/1/220 463/1/110
f 451/1/215 450/1/211 459/1/221 460/1/224
f 458/1/216 457/1/213 466/1/223 467/1/225
f 455/1/217 454/1/109 463/1/110 464/1/226
f 452/1/218 451/1/215 460/1/224 461/1/219
f 368/1/1 458/1/216 467/1/225
f 456/1/212 455/1/217 464/1/226 465/1/222
f 368/1/1 467/1/225 476/1/227
f 465/1/222 464/1/226 473/1/228 474/1/229
f 462/1/220 461/1/219 470/1/230 471/1/231
f 459/1/221 361/1/98 468/1/232
f 466/1/223 465/1/222 474/1/229 475/1/233
f 463/1/110 462/1/220 471/1/231 472/1/111
f 460/1/224 459/1/221 468/1/232 469/1/234
f 467/1/225 466/1/223 475/1/233 476/1/227
f 464/1/226 463/1/110 472/1/111 473/1/228
f 461/1/219 460/1/224 469/1/234 470/1/230
f 473/1/228 472/1/111 481/1/112 482/1/235
f 470/1/230 469/1/234 478/1/236 479/1/237
f 368/1/1 476/1/227 485/1/238
f 474/1/229 473/1/228 482/1/235 483/1/239
f 471/1/231 470/1/230 479/1/237 480/1/240
f 468/1/232 361/1/98 477/1/241
f 475/1/233 474/1/229 483/1/239 484/1/242
f 472/1/111 471/1/231 480/1/240 481/1/112
f 469/1/234 468/1/232 477/1/241 478/1/236
f 476/1/227 475/1/233 484/1/242 485/1/238
f 478/1/236 477/1/241 486/1/243 487/1/244
f 485/1/238 484/1/242 493/1/245 494/1/246
f 482/1/235 481/1/112 490/1/113 491/1/247
f 479/1/237 478/1/236 487/1/244 488/1/248
f 368/1/1 485/1/238 494/1/246
f 483/1/239 482/1/235 491/1/247 492/1/249
f 480/1/240 479/1/237 488/1/248 489/1/250
f 477/1/241 361/1/98 486/1/243
f 484/1/242 483/1/239 492/1/249 493/1/245
f 481/1/112 480/1/240 489/1/250 490/1/113
f 490/1/113 489/1/250 498/1/251 499/1/114
f 487/1/244 486/1/243 495/1/252 496/1/253
f 494/1/246 493/1/245 502/1/254 503/1/255
f 491/1/247 490/1/113 499/1/114 500/1/256
f 488/1/248 487/1/244 496/1/253 497/1/257
f 368/1/1 494/1/246 503/1/255
f 492/1/249 491/1/247 500/1/256 501/1/258
f 489/1/250 488/1/248 497/1/257 498/1/251
f 486/1/243 361/1/98 495/1/252
f 493/1/245 492/1/249 501/1/258 502/1/254
f 495/1/252 361/1/98 362/1/145
f 502/1/254 501/1/258 366/1/141 506/1/132
f 499/1/114 498/1/251 505/1/143 364/1/99
f 496/1/253 495/1/252 362/1/145 504/1/138
f 503/1/255 502/1/254 506/1/132 367/1/131
f 500/1/256 499/1/114 364/1/99 365/1/135
f 497/1/257 496/1/253 504/1/138 363/1/137
f 368/1/1 503/1/255 367/1/131
f 501/1/258 500/1/256 365/1/135 366/1/141
f 498/1/251 497/1/257 363/1/137 505/1/143
f 507/1/259 508/1/259 510/1/260 509/1/260
f 509/1/260 510/1/260 512/1/261 511/1/261
f 511/1/261 512/1/261 514/1/262 513/1/262
f 513/1/262 514/1/262 516/1/263 515/1/263
f 515/1/263 516/1/263 518/1/264 517/1/264
f 517/1/264 518/1/264 520/1/265 519/1/265
f 510/1/98 508/1/98 522/1/98 520/1/98 518/1/98 516/1/98 514/1/98 512/1/98
f 519/1/265 520/1/265 522/1/266 521/1/266
f 521/1/266 522/1/266 508/1/259 507/1/259
f 507/1/1 509/1/1 511/1/1 513/1/1 515/1/1 517/1/1 519/1/1 521/1/1
usemtl pink
f 779/1/131 918/1/132 788/1/133 789/1/134
f 777/1/135 776/1/99 785/1/100 786/1/136
f 775/1/137 916/1/138 782/1/139 783/1/140
f 780/1/1 779/1/131 789/1/134
f 778/1/141 777/1/135 786/1/136 787/1/142
f 917/1/143 775/1/137 783/1/140 784/1/144
f 774/1/145 773/1/98 781/1/146
f 918/1/132 778/1/141 787/1/142 788/1/133
f 776/1/99 917/1/143 784/1/144 785/1/100
f 916/1/138 774/1/145 781/1/146 782/1/139
f 786/1/136 785/1/100 794/1/101 795/1/147
f 783/1/140 782/1/139 791/1/148 792/1/149
f 780/1/1 789/1/134 798/1/150
f 787/1/142 786/1/136 795/1/147 796/1/151
f 784/1/144 783/1/140 792/1/149 793/1/152
f 781/1/146 773/1/98 790/1/153
f 788/1/133 787/1/142 796/1/151 797/1/154
f 785/1/100 784/1/144 793/1/152 794/1/101
f 782/1/139 781/1/146 790/1/153 791/1/148
f 789/1/134 788/1/133 797/1/154 798/1/150
f 791/1/148 790/1/153 799/1/155 800/1/156
f 798/1/150 797/1/154 806/1/157 807/1/158
f 795/1/147 794/1/101 803/1/102 804/1/159
f 792/1/149 791/1/148 800/1/156 801/1/160
f 780/1/1 798/1/150 807/1/158
f 796/1/151 795/1/147 804/1/159 805/1/161
f 793/1/152 792/1/149 801/1/160 802/1/162
f 790/1/153 773/1/98 799/1/155
f 797/1/154 796/1/151 805/1/161 806/1/157
f 794/1/101 793/1/152 802/1/162 803/1/102
f 806/1/157 805/1/161 814/1/163 815/1/164
f 803/1/102 802/1/162 811/1/165 812/1/103
f 800/1/156 799/1/155 808/1/166 809/1/167
f 807/1/158 806/1/157 815/1/164 816/1/168
f 804/1/159 803/1/102 812/1/103 813/1/169
f 801/1/160 800/1/156 809/1/167 810/1/170
f 780/1/1 807/1/158 816/1/168
f 805/1/161 804/1/159 813/1/169 814/1/163
f 802/1/162 801/1/160 810/1/170 811/1/165
f 799/1/155 773/1/98 808/1/166
f 811/1/165 810/1/170 819/1/171 820/1/172
f 808/1/166 773/1/98 817/1/173
f 815/1/164 814/1/163 823/1/174 824/1/175
f 812/1/103 811/1/165 820/1/172 821/1/104
f 809/1/167 808/1/166 817/1/173 818/1/176
f 816/1/168 815/1/164 824/1/175 825/1/177
f 813/1/169 812/1/103 821/1/104 822/1/178
f 810/1/170 809/1/167 818/1/176 819/1/171
f 780/1/1 816/1/168 825/1/177
f 814/1/163 813/1/169 822/1/178 823/1/174
f 823/1/174 822/1/178 831/1/179 832/1/180
f 820/1/172 819/1/171 828/1/181 829/1/182
f 817/1/173 773/1/98 826/1/183
f 824/1/175 823/1/174 832/1/180 833/1/184
f 821/1/104 820/1/172 829/1/182 830/1/105
f 818/1/176 817/1/173 826/1/183 827/1/185
f 825/1/177 824/1/175 833/1/184 834/1/186
f 822/1/178 821/1/104 830/1/105 831/1/179
f 819/1/171 818/1/176 827/1/185 828/1/181
f 780/1/1 825/1/177 834/1/186
f 828/1/181 827/1/185 836/1/187 837/1/188
f 780/1/1 834/1/186 843/1/189
f 832/1/180 831/1/179 840/1/190 841/1/191
f 829/1/182 828/1/181 837/1/188 838/1/192
f 826/1/183 773/1/98 835/1/193
f 833/1/184 832/1/180 841/1/191 842/1/194
f 830/1/105 829/1/182 838/1/192 839/1/106
f 827/1/185 826/1/183 835/1/193 836/1/187
f 834/1/186 833/1/184 842/1/194 843/1/189
f 831/1/179 830/1/105 839/1/106 840/1/190
f 843/1/189 842/1/194 851/1/195 852/1/196
f 840/1/190 839/1/106 848/1/107 849/1/197
f 837/1/188 836/1/187 845/1/198 846/1/199
f 780/1/1 843/1/189 852/1/196
f 841/1/191 840/1/190 849/1/197 850/1/200
f 838/1/192 837/1/188 846/1/199 847/1/201
f 835/1/193 773/1/98 844/1/202
f 842/1/194 841/1/191 850/1/200 851/1/195
f 839/1/106 838/1/192 847/1/201 848/1/107
f 836/1/187 835/1/193 844/1/202 845/1/198
f 848/1/107 847/1/201 856/1/203 857/1/108
f 845/1/198 844/1/202 853/1/204 854/1/205
f 852/1/196 851/1/195 860/1/206 861/1/207
f 849/1/197 848/1/107 857/1/108 858/1/208
f 846/1/199 845/1/198 854/1/205 855/1/209
f 780/1/1 852/1/196 861/1/207
f 850/1/200 849/1/197 858/1/208 859/1/210
f 847/1/201 846/1/199 855/1/209 856/1/203
f 844/1/202 773/1/98 853/1/204
f 851/1/195 850/1/200 859/1/210 860/1/206
f 853/1/204 773/1/98 862/1/211
f 860/1/206 859/1/210 868/1/212 869/1/213
f 857/1/108 856/1/203 865/1/214 866/1/109
f 854/1/205 853/1/204 862/1/211 863/1/215
f 861/1/207 860/1/206 869/1/213 870/1/216
f 858/1/208 857/1/108 866/1/109 867/1/217
f 855/1/209 854/1/205 863/1/215 864/1/218
f 780/1/1 861/1/207 870/1/216
f 859/1/210 858/1/208 867/1/217 868/1/212
f 856/1/203 855/1/209 864/1/218 865/1/214
f 865/1/214 864/1/218 873/1/219 874/1/220
f 862/1/211 773/1/98 871/1/221
f 869/1/213 868/1/212 877/1/222 878/1/223
f 866/1/109 865/1/214 874/1/220 875/1/110
f 863/1/215 862/1/211 871/1/221 872/1/224
f 870/1/216 869/1/213 878/1/223 879/1/225
f 867/1/217 866/1/109 875/1/110 876/1/226
f 864/1/218 863/1/215 872/1/224 873/1/219
f 780/1/1 870/1/216 879/1/225
f 868/1/212 867/1/217 876/1/226 877/1/222
f 780/1/1 879/1/225 888/1/227
f 877/1/222 876/1/226 885/1/228 886/1/229
f 874/1/220 873/1/219 882/1/230 883/1/231
f 871/1/221 773/1/98 880/1/232
f 878/1/223 877/1/222 886/1/229 887/1/233
f 875/1/110 874/1/220 883/1/231 884/1/111
f 872/1/224 871/1/221 880/1/232 881/1/234
f 879/1/225 878/1/223 887/1/233 888/1/227
f 876/1/226 875/1/110 884/1/111 885/1/228
f 873/1/219 872/1/224 881/1/234 882/1/230
f 885/1/228 884/1/111 893/1/112 894/1/235
f 882/1/230 881/1/234 890/1/236 891/1/237
f 780/1/1 888/1/227 897/1/238
f 886/1/229 885/1/228 894/1/235 895/1/239
f 883/1/231 882/1/230 891/1/237 892/1/240
f 880/1/232 773/1/98 889/1/241
f 887/1/233 886/1/229 895/1/239 896/1/242
f 884/1/111 883/1/231 892/1/240 893/1/112
f 881/1/234 880/1/232 889/1/241 890/1/236
f 888/1/227 887/1/233 896/1/242 897/1/238
f 890/1/236 889/1/241 898/1/243 899/1/244
f 897/1/238 896/1/242 905/1/245 906/1/246
f 894/1/235 893/1/112 902/1/113 903/1/247
f 891/1/237 890/1/236 899/1/244 900/1/248
f 780/1/1 897/1/238 906/1/246
f 895/1/239 894/1/235 903/1/247 904/1/249
f 892/1/240 891/1/237 900/1/248 901/1/250
f 889/1/241 773/1/98 898/1/243
f 896/1/242 895/1/239 904/1/249 905/1/245
f 893/1/112 892/1/240 901/1/250 902/1/113
f 902/1/113 901/1/250 910/1/251 911/1/114
f 899/1/244 898/1/243 907/1/252 908/1/253
f 906/1/246 905/1/245 914/1/254 915/1/255
f 903/1/247 902/1/113 911/1/114 912/1/256
f 900/1/248 899/1/244 908/1/253 909/1/257
f 780/1/1 906/1/246 915/1/255
f 904/1/249 903/1/247 912/1/256 913/1/258
f 901/1/250 900/1/248 909/1/257 910/1/251
f 898/1/243 773/1/98 907/1/252
f 905/1/245 904/1/249 913/1/258 914/1/254
f 907/1/252 773/1/98 774/1/145
f 914/1/254 913/1/258 778/1/141 918/1/132
f 911/1/114 910/1/251 917/1/143 776/1/99
f 908/1/253 907/1/252 774/1/145 916/1/138
f 915/1/255 914/1/254 918/1/132 779/1/131
f 912/1/256 911/1/114 776/1/99 777/1/135
f 909/1/257 908/1/253 916/1/138 775/1/137
f 780/1/1 915/1/255 779/1/131
f 913/1/258 912/1/256 777/1/135 778/1/141
f 910/1/251 909/1/257 775/1/137 917/1/143
f 919/1/259 920/1/259 922/1/260 921/1/260
f 921/1/260 922/1/260 924/1/261 923/1/261
f 923/1/261 924/1/261 926/1/262 925/1/262
f 925/1/262 926/1/262 928/1/263 927/1/263
f 927/1/263 928/1/263 930/1/264 929/1/264
f 929/1/264 930/1/264 932/1/265 931/1/265
f 922/1/98 920/1/98 934/1/98 932/1/98 930/1/98 928/1/98 926/1/98 924/1/98
f 931/1/265 932/1/265 934/1/266 933/1/266
f 933/1/266 934/1/266 920/1/259 919/1/259
f 919/1/1 921/1/1 923/1/1 925/1/1 927/1/1 929/1/1 931/1/1 933/1/1
usemtl relish
f 985/1/131 1124/1/132 994/1/133 995/1/134
f 983/1/135 982/1/99 991/1/100 992/1/136
f 981/1/137 1122/1/138 988/1/139 989/1/140
f 986/1/1 985/1/131 995/1/134
f 984/1/141 983/1/135 992/1/136 993/1/142
f 1123/1/143 981/1/137 989/1/140 990/1/144
f 980/1/145 979/1/98 987/1/146
f 1124/1/132 984/1/141 993/1/142 994/1/133
f 982/1/99 1123/1/143 990/1/144 991/1/100
f 1122/1/138 980/1/145 987/1/146 988/1/139
f 992/1/136 991/1/100 1000/1/101 1001/1/147
f 989/1/140 988/1/139 997/1/148 998/1/149
f 986/1/1 995/1/134 1004/1/150
f 993/1/142 992/1/136 1001/1/147 1002/1/151
f 990/1/144 989/1/140 998/1/149 999/1/152
f 987/1/146 979/1/98 996/1/153
f 994/1/133 993/1/142 1002/1/151 1003/1/154
f 991/1/100 990/1/144 999/1/152 1000/1/101
f 988/1/139 987/1/146 996/1/153 997/1/148
f 995/1/134 994/1/133 1003/1/154 1004/1/150
f 997/1/148 996/1/153 1005/1/155 1006/1/156
f 1004/1/150 1003/1/154 1012/1/157 1013/1/158
f 1001/1/147 1000/1/101 1009/1/102 1010/1/159
f 998/1/149 997/1/148 1006/1/156 1007/1/160
f 986/1/1 1004/1/150 1013/1/158
f 1002/1/151 1001/1/147 1010/1/159 1011/1/161
f 999/1/152 998/1/149 1007/1/160 1008/1/162
f 996/1/153 979/1/98 1005/1/155
f 1003/1/154 1002/1/151 1011/1/161 1012/1/157
f 1000/1/101 999/1/152 1008/1/162 1009/1/102
f 1012/1/157 1011/1/161 1020/1/163 1021/1/164
f 1009/1/102 1008/1/162 1017/1/165 1018/1/103
f 1006/1/156 1005/1/155 1014/1/166 1015/1/167
f 1013/1/158 1012/1/157 1021/1/164 1022/1/168
f 1010/1/159 1009/1/102 1018/1/103 1019/1/169
f 1007/1/160 1006/1/156 1015/1/167 1016/1/170
f 986/1/1 1013/1/158 1022/1/168
f 1011/1/161 1010/1/159 1019/1/169 1020/1/163
f 1008/1/162 1007/1/160 1016/1/170 1017/1/165
f 1005/1/155 979/1/98 1014/1/166
f 1017/1/165 1016/1/170 1025/1/171 1026/1/172
f 1014/1/166 979/1/98 1023/1/173
f 1021/1/164 1020/1/163 1029/1/174 1030/1/175
f 1018/1/103 1017/1/165 1026/1/172 1027/1/104
f 1015/1/167 1014/1/166 1023/1/173 1024/1/176
f 1022/1/168 1021/1/164 1030/1/175 1031/1/177
f 1019/1/169 1018/1/103 1027/1/104 1028/1/178
f 1016/1/170 1015/1/167 1024/1/176 1025/1/171
f 986/1/1 1022/1/168 1031/1/177
f 1020/1/163 1019/1/169 1028/1/178 1029/1/174
f 1029/1/174 1028/1/178 1037/1/179 1038/1/180
f 1026/1/172 1025/1/171 1034/1/181 1035/1/182
f 1023/1/173 979/1/98 1032/1/183
f 1030/1/175 1029/1/174 1038/1/180 1039/1/184
f 1027/1/104 1026/1/172 1035/1/182 1036/1/105
f 1024/1/176 1023/1/173 1032/1/183 1033/1/185
f 1031/1/177 1030/1/175 1039/1/184 1040/1/186
f 1028/1/178 1027/1/104 1036/1/105 1037/1/179
f 1025/1/171 1024/1/176 1033/1/185 1034/1/181
f 986/1/1 1031/1/177 1040/1/186
f 1034/1/181 1033/1/185 1042/1/187 1043/1/188
f 986/1/1 1040/1/186 1049/1/189
f 1038/1/180 1037/1/179 1046/1/190 1047/1/191
f 1035/1/182 1034/1/181 1043/1/188 1044/1/192
f 1032/1/183 979/1/98 1041/1/193
f 1039/1/184 1038/1/180 1047/1/191 1048/1/194
f 1036/1/105 1035/1/182 1044/1/192 1045/1/106
f 1033/1/185 1032/1/183 1041/1/193 1042/1/187
f 1040/1/186 1039/1/184 1048/1/194 1049/1/189
f 1037/1/179 1036/1/105 1045/1/106 1046/1/190
f 1049/1/189 1048/1/194 1057/1/195 1058/1/196
f 1046/1/190 1045/1/106 1054/1/107 1055/1/197
f 1043/1/188 1042/1/187 1051/1/198 1052/1/199
f 986/1/1 1049/1/189 1058/1/196
f 1047/1/191 1046/1/190 1055/1/197 1056/1/200
f 1044/1/192 1043/1/188 1052/1/199 1053/1/201
f 1041/1/193 979/1/98 1050/1/202
f 1048/1/194 1047/1/191 1056/1/200 1057/1/195
f 1045/1/106 1044/1/192 1053/1/201 1054/1/107
f 1042/1/187 1041/1/193 1050/1/202 1051/1/198
f 1054/1/107 1053/1/201 1062/1/203 1063/1/108
f 1051/1/198 1050/1/202 1059/1/204 1060/1/205
f 1058/1/196 1057/1/195 1066/1/206 1067/1/207
f 1055/1/197 1054/1/107 1063/1/108 1064/1/208
f 1052/1/199 1051/1/198 1060/1/205 1061/1/209
f 986/1/1 1058/1/196 1067/1/207
f 1056/1/200 1055/1/197 1064/1/208 1065/1/210
f 1053/1/201 1052/1/199 1061/1/209 1062/1/203
f 1050/1/202 979/1/98 1059/1/204
f 1057/1/195 1056/1/200 1065/1/210 1066/1/206
f 1059/1/204 979/1/98 1068/1/211
f 1066/1/206 1065/1/210 1074/1/212 1075/1/213
f 1063/1/108 1062/1/203 1071/1/214 1072/1/109
f 1060/1/205 1059/1/204 1068/1/211 1069/1/215
f 1067/1/207 1066/1/206 1075/1/213 1076/1/216
f 1064/1/208 1063/1/108 1072/1/109 1073/1/217
f 1061/1/209 1060/1/205 1069/1/215 1070/1/218
f 986/1/1 1067/1/207 1076/1/216
f 1065/1/210 1064/1/208 1073/1/217 1074/1/212
f 1062/1/203 1061/1/209 1070/1/218 1071/1/214
f 1071/1/214 1070/1/218 1079/1/219 1080/1/220
f 1068/1/211 979/1/98 1077/1/221
f 1075/1/213 1074/1/212 1083/1/222 1084/1/223
f 1072/1/109 1071/1/214 1080/1/220 1081/1/110
f 1069/1/215 1068/1/211 1077/1/221 1078/1/224
f 1076/1/216 1075/1/213 1084/1/223 1085/1/225
f 1073/1/217 1072/1/109 1081/1/110 1082/1/226
f 1070/1/218 1069/1/215 1078/1/224 1079/1/219
f 986/1/1 1076/1/216 1085/1/225
f 1074/1/212 1073/1/217 1082/1/226 1083/1/222
f 986/1/1 1085/1/225 1094/1/227
f 1083/1/222 1082/1/226 1091/1/228 1092/1/229
f 1080/1/220 1079/1/219 1088/1/230 1089/1/231
f 1077/1/221 979/1/98 1086/1/232
f 1084/1/223 1083/1/222 1092/1/229 1093/1/233
f 1081/1/110 1080/1/220 1089/1/231 1090/1/111
f 1078/1/224 1077/1/221 1086/1/232 1087/1/234
f 1085/1/225 1084/1/223 1093/1/233 1094/1/227
f 1082/1/226 1081/1/110 1090/1/111 1091/1/228
f 1079/1/219 1078/1/224 1087/1/234 1088/1/230
f 1091/1/228 1090/1/111 1099/1/112 1100/1/235
f 1088/1/230 1087/1/234 1096/1/236 1097/1/237
f 986/1/1 1094/1/227 1103/1/238
f 1092/1/229 1091/1/228 1100/1/235 1101/1/239
f 1089/1/231 1088/1/230 1097/1/237 1098/1/240
f 1086/1/232 979/1/98 1095/1/241
f 1093/1/233 1092/1/229 1101/1/239 1102/1/242
f 1090/1/111 1089/1/231 1098/1/240 1099/1/112
f 1087/1/234 1086/1/232 1095/1/241 1096/1/236
f 1094/1/227 1093/1/233 1102/1/242 1103/1/238
f 1096/1/236 1095/1/241 1104/1/243 1105/1/244
f 1103/1/238 1102/1/242 1111/1/245 1112/1/246
f 1100/1/235 1099/1/112 1108/1/113 1109/1/247
f 1097/1/237 1096/1/236 1105/1/244 1106/1/248
f 986/1/1 1103/1/238 1112/1/246
f 1101/1/239 1100/1/235 1109/1/247 1110/1/249
f 1098/1/240 1097/1/237 1106/1/248 1107/1/250
f 1095/1/241 979/1/98 1104/1/243
f 1102/1/242 1101/1/239 1110/1/249 1111/1/245
f 1099/1/112 1098/1/240 1107/1/250 1108/1/113
f 1108/1/113 1107/1/250 1116/1/251 1117/1/114
f 1105/1/244 1104/1/243 1113/1/252 1114/1/253
f 1112/1/246 1111/1/245 1120/1/254 1121/1/255
f 1109/1/247 1108/1/113 1117/1/114 1118/1/256
f 1106/1/248 1105/1/244 1114/1/253 1115/1/257
f 986/1/1 1112/1/246 1121/1/255
f 1110/1/249 1109/1/247 1118/1/256 1119/1/258
f 1107/1/250 1106/1/248 1115/1/257 1116/1/251
f 1104/1/243 979/1/98 1113/1/252
f 1111/1/245 1110/1/249 1119/1/258 1120/1/254
f 1113/1/252 979/1/98 980/1/145
f 1120/1/254 1119/1/258 984/1/141 1124/1/132
f 1117/1/114 1116/1/251 1123/1/143 982/1/99
f 1114/1/253 1113/1/252 980/1/145 1122/1/138
f 1121/1/255 1120/1/254 1124/1/132 985/1/131
f 1118/1/256 1117/1/114 982/1/99 983/1/135
f 1115/1/257 1114/1/253 1122/1/138 981/1/137
f 986/1/1 1121/1/255 985/1/131
f 1119/1/258 1118/1/256 983/1/135 984/1/141
f 1116/1/251 1115/1/257 981/1/137 1123/1/143
f 1125/1/259 1126/1/259 1128/1/260 1127/1/260
f 1127/1/260 1128/1/260 1130/1/261 1129/1/261
f 1129/1/261 1130/1/261 1132/1/262 1131/1/262
f 1131/1/262 1132/1/262 1134/1/263 1133/1/263
f 1133/1/263 1134/1/263 1136/1/264 1135/1/264
f 1135/1/264 1136/1/264 1138/1/265 1137/1/265
f 1128/1/98 1126/1/98 1140/1/98 1138/1/98 1136/1/98 1134/1/98 1132/1/98 1130/1/98
f 1137/1/265 1138/1/265 1140/1/266 1139/1/266
f 1139/1/266 1140/1/266 1126/1/259 1125/1/259
f 1125/1/1 1127/1/1 1129/1/1 1131/1/1 1133/1/1 1135/1/1 1137/1/1 1139/1/1
usemtl violet
f 1191/1/131 1330/1/132 1200/1/133 1201/1/134
f 1189/1/135 1188/1/99 1197/1/100 1198/1/136
f 1187/1/137 1328/1/138 1194/1/139 1195/1/140
f 1192/1/1 1191/1/131 1201/1/134
f 1190/1/141 1189/1/135 1198/1/136 1199/1/142
f 1329/1/143 1187/1/137 1195/1/140 1196/1/144
f 1186/1/145 1185/1/98 1193/1/146
f 1330/1/132 1190/1/141 1199/1/142 1200/1/133
f 1188/1/99 1329/1/143 1196/1/144 1197/1/100
f 1328/1/138 1186/1/145 1193/1/146 1194/1/139
f 1198/1/136 1197/1/100 1206/1/101 1207/1/147
f 1195/1/140 1194/1/139 1203/1/148 1204/1/149
f 1192/1/1 1201/1/134 1210/1/150
f 1199/1/142 1198/1/136 1207/1/147 1208/1/151
f 1196/1/144 1195/1/140 1204/1/149 1205/1/152
f 1193/1/146 1185/1/98 1202/1/153
f 1200/1/133 1199/1/142 1208/1/151 1209/1/154
f 1197/1/100 1196/1/144 1205/1/152 1206/1/101
f 1194/1/139 1193/1/146 1202/1/153 1203/1/148
f 1201/1/134 1200/1/133 1209/1/154 1210/1/150
f 1203/1/148 1202/1/153 1211/1/155 1212/1/156
f 1210/1/150 1209/1/154 1218/1/157 1219/1/158
f 1207/1/147 1206/1/101 1215/1/102 1216/1/159
f 1204/1/149 1203/1/148 1212/1/156 1213/1/160
f 1192/1/1 1210/1/150 1219/1/158
f 1208/1/151 1207/1/147 1216/1/159 1217/1/161
f 1205/1/152 1204/1/149 1213/1/160 1214/1/162
f 1202/1/153 1185/1/98 1211/1/155
f 1209/1/154 1208/1/151 1217/1/161 1218/1/157
f 1206/1/101 1205/1/152 1214/1/162 1215/1/102
f 1218/1/157 1217/1/161 1226/1/163 1227/1/164
f 1215/1/102 1214/1/162 1223/1/165 1224/1/103
f 1212/1/156 1211/1/155 1220/1/166 1221/1/167
f 1219/1/158 1218/1/157 1227/1/164 1228/1/168
f 1216/1/159 1215/1/102 1224/1/103 1225/1/169
f 1213/1/160 1212/1/156 1221/1/167 1222/1/170
f 1192/1/1 1219/1/158 1228/1/168
f 1217/1/161 1216/1/159 1225/1/169 1226/1/163
f 1214/1/162 1213/1/160 1222/1/170 1223/1/165
f 1211/1/155 1185/1/98 1220/1/166
f 1223/1/165 1222/1/170 1231/1/171 1232/1/172
f 1220/1/166 1185/1/98 1229/1/173
f 1227/1/164 1226/1/163 1235/1/174 1236/1/175
f 1224/1/103 1223/1/165 1232/1/172 1233/1/104
f 1221/1/167 1220/1/166 1229/1/173 1230/1/176
f 1228/1/168 1227/1/164 1236/1/175 1237/1/177
f 1225/1/169 1224/1/103 1233/1/104 1234/1/178
f 1222/1/170 1221/1/167 1230/1/176 1231/1/171
f 1192/1/1 1228/1/168 1237/1/177
f 1226/1/163 1225/1/169 1234/1/178 1235/1/174
f 1235/1/174 1234/1/178 1243/1/179 1244/1/180
f 1232/1/172 1231/1/171 1240/1/181 1241/1/182
f 1229/1/173 1185/1/98 1238/1/183
f 1236/1/175 1235/1/174 1244/1/180 1245/1/184
f 1233/1/104 1232/1/172 1241/1/182 1242/1/105
f 1230/1/176 1229/1/173 1238/1/183 1239/1/185
f 1237/1/177 1236/1/175 1245/1/184 1246/1/186
f 1234/1/178 1233/1/104 1242/1/105 1243/1/179
f 1231/1/171 1230/1/176 1239/1/185 1240/1/181
f 1192/1/1 1237/1/177 1246/1/186
f 1240/1/181 1239/1/185 1248/1/187 1249/1/188
f 1192/1/1 1246/1/186 1255/1/189
f 1244/1/180 1243/1/179 1252/1/190 1253/1/191
f 1241/1/182 1240/1/181 1249/1/188 1250/1/192
f 1238/1/183 1185/1/98 1247/1/193
f 1245/1/184 1244/1/180 1253/1/191 1254/1/194
f 1242/1/105 1241/1/182 1250/1/192 1251/1/106
f 1239/1/185 1238/1/183 1247/1/193 1248/1/187
f 1246/1/186 1245/1/184 1254/1/194 1255/1/189
f 1243/1/179 1242/1/105 1251/1/106 1252/1/190
f 1255/1/189 1254/1/194 1263/1/195 1264/1/196
f 1252/1/190 1251/1/106 1260/1/107 1261/1/197
f 1249/1/188 1248/1/187 1257/1/198 1258/1/199
f 1192/1/1 1255/1/189 1264/1/196
f 1253/1/191 1252/1/190 1261/1/197 1262/1/200
f 1250/1/192 1249/1/188 1258/1/199 1259/1/201
f 1247/1/193 1185/1/98 1256/1/202
f 1254/1/194 1253/1/191 1262/1/200 1263/1/195
f 1251/1/106 1250/1/192 1259/1/201 1260/1/107
f 1248/1/187 1247/1/193 1256/1/202 1257/1/198
f 1260/1/107 1259/1/201 1268/1/203 1269/1/108
f 1257/1/198 1256/1/202 1265/1/204 1266/1/205
f 1264/1/196 1263/1/195 1272/1/206 1273/1/207
f 1261/1/197 1260/1/107 1269/1/108 1270/1/208
f 1258/1/199 1257/1/198 1266/1/205 1267/1/209
f 1192/1/1 1264/1/196 1273/1/207
f 1262/1/200 1261/1/197 1270/1/208 1271/1/210
f 1259/1/201 1258/1/199 1267/1/209 1268/1/203
f 1256/1/202 1185/1/98 1265/1/204
f 1263/1/195 1262/1/200 1271/1/210 1272/1/206
f 1265/1/204 1185/1/98 1274/1/211
f 1272/1/206 1271/1/210 1280/1/212 1281/1/213
f 1269/1/108 1268/1/203 1277/1/214 1278/1/109
f 1266/1/205 1265/1/204 1274/1/211 1275/1/215
f 1273/1/207 1272/1/206 1281/1/213 1282/1/216
f 1270/1/208 1269/1/108 1278/1/109 1279/1/217
f 1267/1/209 1266/1/205 1275/1/215 1276/1/218
f 1192/1/1 1273/1/207 1282/1/216
f 1271/1/210 1270/1/208 1279/1/217 1280/1/212
f 1268/1/203 1267/1/209 1276/1/218 1277/1/214
f 1277/1/214 1276/1/218 1285/1/219 1286/1/220
f 1274/1/211 1185/1/98 1283/1/221
f 1281/1/213 1280/1/212 1289/1/222 1290/1/223
f 1278/1/109 1277/1/214 1286/1/220 1287/1/110
f 1275/1/215 1274/1/211 1283/1/221 1284/1/224
f 1282/1/216 1281/1/213 1290/1/223 1291/1/225
f 1279/1/217 1278/1/109 1287/1/110 1288/1/226
f 1276/1/218 1275/1/215 1284/1/224 1285/1/219
f 1192/1/1 1282/1/216 1291/1/225
f 1280/1/212 1279/1/217 1288/1/226 1289/1/222
f 1192/1/1 1291/1/225 1300/1/227
f 1289/1/222 1288/1/226 1297/1/228 1298/1/229
f 1286/1/220 1285/1/219 1294/1/230 1295/1/231
f 1283/1/221 1185/1/98 1292/1/232
f 1290/1/223 1289/1/222 1298/1/229 1299/1/233
f 1287/1/110 1286/1/220 1295/1/231 1296/1/111
f 1284/1/224 1283/1/221 1292/1/232 1293/1/234
f 1291/1/225 1290/1/223 1299/1/233 1300/1/227
f 1288/1/226 1287/1/110 1296/1/111 1297/1/228
f 1285/1/219 1284/1/224 1293/1/234 1294/1/230
f 1297/1/228 1296/1/111 1305/1/112 1306/1/235
f 1294/1/230 1293/1/234 1302/1/236 1303/1/237
f 1192/1/1 1300/1/227 1309/1/238
f 1298/1/229 1297/1/228 1306/1/235 1307/1/239
f 1295/1/231 1294/1/230 1303/1/237 1304/1/240
f 1292/1/232 1185/1/98 1301/1/241
f 1299/1/233 1298/1/229 1307/1/239 1308/1/242
f 1296/1/111 1295/1/231 1304/1/240 1305/1/112
f 1293/1/234 1292/1/232 1301/1/241 1302/1/236
f 1300/1/227 1299/1/233 1308/1/242 1309/1/238
f 1302/1/236 1301/1/241 1310/1/243 1311/1/244
f 1309/1/238 1308/1/242 1317/1/245 1318/1/246
f 1306/1/235 1305/1/112 1314/1/113 1315/1/247
f 1303/1/237 1302/1/236 1311/1/244 1312/1/248
f 1192/1/1 1309/1/238 1318/1/246
f 1307/1/239 1306/1/235 1315/1/247 1316/1/249
f 1304/1/240 1303/1/237 1312/1/248 1313/1/250
f 1301/1/241 1185/1/98 1310/1/243
f 1308/1/242 1307/1/239 1316/1/249 1317/1/245
f 1305/1/112 1304/1/240 1313/1/250 1314/1/113
f 1314/1/113 1313/1/250 1322/1/251 1323/1/114
f 1311/1/244 1310/1/243 1319/1/252 1320/1/253
f 1318/1/246 1317/1/245 1326/1/254 1327/1/255
f 1315/1/247 1314/1/113 1323/1/114 1324/1/256
f 1312/1/248 1311/1/244 1320/1/253 1321/1/257
f 1192/1/1 1318/1/246 1327/1/255
f 1316/1/249 1315/1/247 1324/1/256 1325/1/258
f 1313/1/250 1312/1/248 1321/1/257 1322/1/251
f 1310/1/243 1185/1/98 1319/1/252
f 1317/1/245 1316/1/249 1325/1/258 1326/1/254
f 1319/1/252 1185/1/98 1186/1/145
f 1326/1/254 1325/1/258 1190/1/141 1330/1/132
f 1323/1/114 1322/1/251 1329/1/143 1188/1/99
f 1320/1/253 1319/1/252 1186/1/145 1328/1/138
f 1327/1/255 1326/1/254 1330/1/132 1191/1/131
f 1324/1/256 1323/1/114 1188/1/99 1189/1/135
f 1321/1/257 1320/1/253 1328/1/138 1187/1/137
f 1192/1/1 1327/1/255 1191/1/131
f 1325/1/258 1324/1/256 1189/1/135 1190/1/141
f 1322/1/251 1321/1/257 1187/1/137 1329/1/143
f 1331/1/259 1332/1/259 1334/1/260 1333/1/260
f 1333/1/260 1334/1/260 1336/1/261 1335/1/261
f 1335/1/261 1336/1/261 1338/1/262 1337/1/262
f 1337/1/262 1338/1/262 1340/1/263 1339/1/263
f 1339/1/263 1340/1/263 1342/1/264 1341/1/264
f 1341/1/264 1342/1/264 1344/1/265 1343/1/265
f 1334/1/98 1332/1/98 1346/1/98 1344/1/98 1342/1/98 1340/1/98 1338/1/98 1336/1/98
f 1343/1/265 1344/1/265 1346/1/266 1345/1/266
f 1345/1/266 1346/1/266 1332/1/259 1331/1/259
f 1331/1/1 1333/1/1 1335/1/1 1337/1/1 1339/1/1 1341/1/1 1343/1/1 1345/1/1
usemtl orange
f 1397/1/131 1536/1/132 1406/1/133 1407/1/134
f 1395/1/135 1394/1/99 1403/1/100 1404/1/136
f 1393/1/137 1534/1/138 1400/1/139 1401/1/140
f 1398/1/1 1397/1/131 1407/1/134
f 1396/1/141 1395/1/135 1404/1/136 1405/1/142
f 1535/1/143 1393/1/137 1401/1/140 1402/1/144
f 1392/1/145 1391/1/98 1399/1/146
f 1536/1/132 1396/1/141 1405/1/142 1406/1/133
f 1394/1/99 1535/1/143 1402/1/144 1403/1/100
f 1534/1/138 1392/1/145 1399/1/146 1400/1/139
f 1404/1/136 1403/1/100 1412/1/101 1413/1/147
f 1401/1/140 1400/1/139 1409/1/148 1410/1/149
f 1398/1/1 1407/1/134 1416/1/150
f 1405/1/142 1404/1/136 1413/1/147 1414/1/151
f 1402/1/144 1401/1/140 1410/1/149 1411/1/152
f 1399/1/146 1391/1/98 1408/1/153
f 1406/1/133 1405/1/142 1414/1/151 1415/1/154
f 1403/1/100 1402/1/144 1411/1/152 1412/1/101
f 1400/1/139 1399/1/146 1408/1/153 1409/1/148
f 1407/1/134 1406/1/133 1415/1/154 1416/1/150
f 1409/1/148 1408/1/153 1417/1/155 1418/1/156
f 1416/1/150 1415/1/154 1424/1/157 1425/1/158
f 1413/1/147 1412/1/101 1421/1/102 1422/1/159
f 1410/1/149 1409/1/148 1418/1/156 1419/1/160
f 1398/1/1 1416/1/150 1425/1/158
f 1414/1/151 1413/1/147 1422/1/159 1423/1/161
f 1411/1/152 1410/1/149 1419/1/160 1420/1/162
f 1408/1/153 1391/1/98 1417/1/155
f 1415/1/154 1414/1/151 1423/1/161 1424/1/157
f 1412/1/101 1411/1/152 1420/1/162 1421/1/102
f 1424/1/157 1423/1/161 1432/1/163 1433/1/164
f 1421/1/102 1420/1/162 1429/1/165 1430/1/103
f 1418/1/156 1417/1/155 1426/1/166 1427/1/167
f 1425/1/158 1424/1/157 1433/1/164 1434/1/168
f 1422/1/159 1421/1/102 1430/1/103 1431/1/169
f 1419/1/160 1418/1/156 1427/1/167 1428/1/170
f 1398/1/1 1425/1/158 1434/1/168
f 1423/1/161 1422/1/159 1431/1/169 1432/1/163
f 1420/1/162 1419/1/160 1428/1/170 1429/1/165
f 1417/1/155 1391/1/98 1426/1/166
f 1429/1/165 1428/1/170 1437/1/171 1438/1/172
f 1426/1/166 1391/1/98 1435/1/173
f 1433/1/164 1432/1/163 1441/1/174 1442/1/175
f 1430/1/103 1429/1/165 1438/1/172 1439/1/104
f 1427/1/167 1426/1/166 1435/1/173 1436/1/176
f 1434/1/168 1433/1/164 1442/1/175 1443/1/177
f 1431/1/169 1430/1/103 1439/1/104 1440/1/178
f 1428/1/170 1427/1/167 1436/1/176 1437/1/171
f 1398/1/1 1434/1/168 1443/1/177
f 1432/1/163 1431/1/169 1440/1/178 1441/1/174
f 1441/1/174 1440/1/178 1449/1/179 1450/1/180
f 1438/1/172 1437/1/171 1446/1/181 1447/1/182
f 1435/1/173 1391/1/98 1444/1/183
f 1442/1/175 1441/1/174 1450/1/180 1451/1/184
f 1439/1/104 1438/1/172 1447/1/182 1448/1/105
f 1436/1/176 1435/1/173 1444/1/183 1445/1/185
f 1443/1/177 1442/1/175 1451/1/184 1452/1/186
f 1440/1/178 1439/1/104 1448/1/105 1449/1/179
f 1437/1/171 1436/1/176 1445/1/185 1446/1/181
f 1398/1/1 1443/1/177 1452/1/186
f 1446/1/181 1445/1/185 1454/1/187 1455/1/188
f 1398/1/1 1452/1/186 1461/1/189
f 1450/1/180 1449/1/179 1458/1/190 1459/1/191
f 1447/1/182 1446/1/181 1455/1/188 1456/1/192
f 1444/1/183 1391/1/98 1453/1/193
f 1451/1/184 1450/1/180 1459/1/191 1460/1/194
f 1448/1/105 1447/1/182 1456/1/192 1457/1/106
f 1445/1/185 1444/1/183 1453/1/193 1454/1/187
f 1452/1/186 1451/1/184 1460/1/194 1461/1/189
f 1449/1/179 1448/1/105 1457/1/106 1458/1/190
f 1461/1/189 1460/1/194 1469/1/195 1470/1/196
f 1458/1/190 1457/1/106 1466/1/107 1467/1/197
f 1455/1/188 1454/1/187 1463/1/198 1464/1/199
f 1398/1/1 1461/1/189 1470/1/196
f 1459/1/191 1458/1/190 1467/1/197 1468/1/200
f 1456/1/192 1455/1/188 1464/1/199 1465/1/201
f 1453/1/193 1391/1/98 1462/1/202
f 1460/1/194 1459/1/191 1468/1/200 1469/1/195
f 1457/1/106 1456/1/192 1465/1/201 1466/1/107
f 1454/1/187 1453/1/193 1462/1/202 1463/1/198
f 1466/1/107 1465/1/201 1474/1/203 1475/1/108
f 1463/1/198 1462/1/202 1471/1/204 1472/1/205
f 1470/1/196 1469/1/195 1478/1/206 1479/1/207
f 1467/1/197 1466/1/107 1475/1/108 1476/1/208
f 1464/1/199 1463/1/198 1472/1/205 1473/1/209
f 1398/1/1 1470/1/196 1479/1/207
f 1468/1/200 1467/1/197 1476/1/208 1477/1/210
f 1465/1/201 1464/1/199 1473/1/209 1474/1/203
f 1462/1/202 1391/1/98 1471/1/204
f 1469/1/195 1468/1/200 1477/1/210 1478/1/206
f 1471/1/204 1391/1/98 1480/1/211
f 1478/1/206 1477/1/210 1486/1/212 1487/1/213
f 1475/1/108 1474/1/203 1483/1/214 1484/1/109
f 1472/1/205 1471/1/204 1480/1/211 1481/1/215
f 1479/1/207 1478/1/206 1487/1/213 1488/1/216
f 1476/1/208 1475/1/108 1484/1/109 1485/1/217
f 1473/1/209 1472/1/205 1481/1/215 1482/1/218
f 1398/1/1 1479/1/207 1488/1/216
f 1477/1/210 1476/1/208 1485/1/217 1486/1/212
f 1474/1/203 1473/1/209 1482/1/218 1483/1/214
f 1483/1/214 1482/1/218 1491/1/219 1492/1/220
f 1480/1/211 1391/1/98 1489/1/221
f 1487/1/213 1486/1/212 1495/1/222 1496/1/223
f 1484/1/109 1483/1/214 1492/1/220 1493/1/110
f 1481/1/215 1480/1/211 1489/1/221 1490/1/224
f 1488/1/216 1487/1/213 1496/1/223 1497/1/225
f 1485/1/217 1484/1/109 1493/1/110 1494/1/226
f 1482/1/218 1481/1/215 1490/1/224 1491/1/219
f 1398/1/1 1488/1/216 1497/1/225
f 1486/1/212 1485/1/217 1494/1/226 1495/1/222
f 1398/1/1 1497/1/225 1506/1/227
f 1495/1/222 1494/1/226 1503/1/228 1504/1/229
f 1492/1/220 1491/1/219 1500/1/230 1501/1/231
f 1489/1/221 1391/1/98 1498/1/232
f 1496/1/223 1495/1/222 1504/1/229 1505/1/233
f 1493/1/110 1492/1/220 1501/1/231 1502/1/111
f 1490/1/224 1489/1/221 1498/1/232 1499/1/234
f 1497/1/225 1496/1/223 1505/1/233 1506/1/227
f 1494/1/226 1493/1/110 1502/1/111 1503/1/228
f 1491/1/219 1490/1/224 1499/1/234 1500/1/230
f 1503/1/228 1502/1/111 1511/1/112 1512/1/235
f 1500/1/230 1499/1/234 1508/1/236 1509/1/237
f 1398/1/1 1506/1/227 1515/1/238
f 1504/1/229 1503/1/228 1512/1/235 1513/1/239
f 1501/1/231 1500/1/230 1509/1/237 1510/1/240
f 1498/1/232 1391/1/98 1507/1/241
f 1505/1/233 1504/1/229 1513/1/239 1514/1/242
f 1502/1/111 1501/1/231 1510/1/240 1511/1/112
f 1499/1/234 1498/1/232 1507/1/241 1508/1/236
f 1506/1/227 1505/1/233 1514/1/242 1515/1/238
f 1508/1/236 1507/1/241 1516/1/243 1517/1/244
f 1515/1/238 1514/1/242 1523/1/245 1524/1/246
f 1512/1/235 1511/1/112 1520/1/113 1521/1/247
f 1509/1/237 1508/1/236 1517/1/244 1518/1/248
f 1398/1/1 1515/1/238 1524/1/246
f 1513/1/239 1512/1/235 1521/1/247 1522/1/249
f 1510/1/240 1509/1/237 1518/1/248 1519/1/250
f 1507/1/241 1391/1/98 1516/1/243
f 1514/1/242 1513/1/239 1522/1/249 1523/1/245
f 1511/1/112 1510/1/240 1519/1/250 1520/1/113
f 1520/1/113 1519/1/250 1528/1/251 1529/1/114
f 1517/1/244 1516/1/243 1525/1/252 1526/1/253
f 1524/1/246 1523/1/245 1532/1/254 1533/1/255
f 1521/1/247 1520/1/113 1529/1/114 1530/1/256
f 1518/1/248 1517/1/244 1526/1/253 1527/1/257
f 1398/1/1 1524/1/246 1533/1/255
f 1522/1/249 1521/1/247 1530/1/256 1531/1/258
f 1519/1/250 1518/1/248 1527/1/257 1528/1/251
f 1516/1/243 1391/1/98 1525/1/252
f 1523/1/245 1522/1/249 1531/1/258 1532/1/254
f 1525/1/252 1391/1/98 1392/1/145
f 1532/1/254 1531/1/258 1396/1/141 1536/1/132
f 1529/1/114 1528/1/251 1535/1/143 1394/1/99
f 1526/1/253 1525/1/252 1392/1/145 1534/1/138
f 1533/1/255 1532/1/254 1536/1/132 1397/1/131
f 1530/1/256 1529/1/114 1394/1/99 1395/1/135
f 1527/1/257 1526/1/253 1534/1/138 1393/1/137
f 1398/1/1 1533/1/255 1397/1/131
f 1531/1/258 1530/1/256 1395/1/135 1396/1/141
f 1528/1/251 1527/1/257 1393/1/137 1535/1/143
f 1537/1/259 1538/1/259 1540/1/260 1539/1/260
f 1539/1/260 1540/1/260 1542/1/261 1541/1/261
f 1541/1/261 1542/1/261 1544/1/262 1543/1/262
f 1543/1/262 1544/1/262 1546/1/263 1545/1/263
f 1545/1/263 1546/1/263 1548/1/264 1547/1/264
f 1547/1/264 1548/1/264 1550/1/265 1549/1/265
f 1540/1/98 1538/1/98 1552/1/98 1550/1/98 1548/1/98 1546/1/98 1544/1/98 1542/1/98
f 1549/1/265 1550/1/265 1552/1/266 1551/1/266
f 1551/1/266 1552/1/266 1538/1/259 1537/1/259
f 1537/1/1 1539/1/1 1541/1/1 1543/1/1 1545/1/1 1547/1/1 1549/1/1 1551/1/1
