# Blender 5.0.1
# www.blender.org
mtllib BrokerDesk.mtl
o BrokerDesk
v -3.220000 2.400000 0.430801 0.1804 0.2078 0.3137
v -3.220000 2.480000 0.510801 0.1804 0.2078 0.3137
v -3.300000 2.480000 0.430801 0.1804 0.2078 0.3137
v -3.220000 2.423431 0.487369 0.1804 0.2078 0.3137
v -3.266188 2.433812 0.476989 0.1804 0.2078 0.3137
v -3.276568 2.480000 0.487369 0.1804 0.2078 0.3137
v -3.276568 2.423431 0.430801 0.1804 0.2078 0.3137
v -3.220000 2.520000 0.510801 0.1804 0.2078 0.3137
v -3.220000 2.600000 0.430801 0.1804 0.2078 0.3137
v -3.300000 2.520000 0.430801 0.1804 0.2078 0.3137
v -3.220000 2.576569 0.487369 0.1804 0.2078 0.3137
v -3.266188 2.566188 0.476989 0.1804 0.2078 0.3137
v -3.276568 2.576569 0.430801 0.1804 0.2078 0.3137
v -3.276568 2.520000 0.487369 0.1804 0.2078 0.3137
v -3.220000 2.400000 -2.009199 0.1804 0.2078 0.3137
v -3.300000 2.480000 -2.009199 0.1804 0.2078 0.3137
v -3.220000 2.480000 -2.089199 0.1804 0.2078 0.3137
v -3.276568 2.423431 -2.009199 0.1804 0.2078 0.3137
v -3.266188 2.433812 -2.055387 0.1804 0.2078 0.3137
v -3.276568 2.480000 -2.065768 0.1804 0.2078 0.3137
v -3.220000 2.423431 -2.065768 0.1804 0.2078 0.3137
v -3.220000 2.600000 -2.009199 0.1804 0.2078 0.3137
v -3.220000 2.520000 -2.089199 0.1804 0.2078 0.3137
v -3.300000 2.520000 -2.009199 0.1804 0.2078 0.3137
v -3.220000 2.576569 -2.065768 0.1804 0.2078 0.3137
v -3.266188 2.566188 -2.055387 0.1804 0.2078 0.3137
v -3.276568 2.520000 -2.065768 0.1804 0.2078 0.3137
v -3.276568 2.576569 -2.009199 0.1804 0.2078 0.3137
v 3.220000 2.400000 0.430801 0.1804 0.2078 0.3137
v 3.300000 2.480000 0.430801 0.1804 0.2078 0.3137
v 3.220000 2.480000 0.510801 0.1804 0.2078 0.3137
v 3.276568 2.423431 0.430801 0.1804 0.2078 0.3137
v 3.266188 2.433812 0.476989 0.1804 0.2078 0.3137
v 3.276568 2.480000 0.487369 0.1804 0.2078 0.3137
v 3.220000 2.423431 0.487369 0.1804 0.2078 0.3137
v 3.220000 2.600000 0.430801 0.1804 0.2078 0.3137
v 3.220000 2.520000 0.510801 0.1804 0.2078 0.3137
v 3.300000 2.520000 0.430801 0.1804 0.2078 0.3137
v 3.220000 2.576569 0.487369 0.1804 0.2078 0.3137
v 3.266188 2.566188 0.476989 0.1804 0.2078 0.3137
v 3.276568 2.520000 0.487369 0.1804 0.2078 0.3137
v 3.276568 2.576569 0.430801 0.1804 0.2078 0.3137
v 3.220000 2.400000 -2.009199 0.1804 0.2078 0.3137
v 3.220000 2.480000 -2.089199 0.1804 0.2078 0.3137
v 3.300000 2.480000 -2.009199 0.1804 0.2078 0.3137
v 3.220000 2.423431 -2.065768 0.1804 0.2078 0.3137
v 3.266188 2.433812 -2.055387 0.1804 0.2078 0.3137
v 3.276568 2.480000 -2.065768 0.1804 0.2078 0.3137
v 3.276568 2.423431 -2.009199 0.1804 0.2078 0.3137
v 3.220000 2.600000 -2.009199 0.1804 0.2078 0.3137
v 3.300000 2.520000 -2.009199 0.1804 0.2078 0.3137
v 3.220000 2.520000 -2.089199 0.1804 0.2078 0.3137
v 3.276568 2.576569 -2.009199 0.1804 0.2078 0.3137
v 3.266188 2.566188 -2.055387 0.1804 0.2078 0.3137
v 3.276568 2.520000 -2.065768 0.1804 0.2078 0.3137
v 3.220000 2.576569 -2.065768 0.1804 0.2078 0.3137
v -3.330000 2.340000 0.540801 0.9098 0.6980 0.2275
v -3.330000 2.360000 0.560801 0.9098 0.6980 0.2275
v -3.350000 2.360000 0.540801 0.9098 0.6980 0.2275
v -3.330000 2.400000 0.560801 0.9098 0.6980 0.2275
v -3.330000 2.420000 0.540801 0.9098 0.6980 0.2275
v -3.350000 2.400000 0.540801 0.9098 0.6980 0.2275
v -3.330000 2.340000 -2.119199 0.9098 0.6980 0.2275
v -3.350000 2.360000 -2.119199 0.9098 0.6980 0.2275
v -3.330000 2.360000 -2.139199 0.9098 0.6980 0.2275
v -3.330000 2.420000 -2.119199 0.9098 0.6980 0.2275
v -3.330000 2.400000 -2.139199 0.9098 0.6980 0.2275
v -3.350000 2.400000 -2.119199 0.9098 0.6980 0.2275
v 3.330000 2.340000 0.540801 0.9098 0.6980 0.2275
v 3.350000 2.360000 0.540801 0.9098 0.6980 0.2275
v 3.330000 2.360000 0.560801 0.9098 0.6980 0.2275
v 3.330000 2.420000 0.540801 0.9098 0.6980 0.2275
v 3.330000 2.400000 0.560801 0.9098 0.6980 0.2275
v 3.350000 2.400000 0.540801 0.9098 0.6980 0.2275
v 3.330000 2.340000 -2.119199 0.9098 0.6980 0.2275
v 3.330000 2.360000 -2.139199 0.9098 0.6980 0.2275
v 3.350000 2.360000 -2.119199 0.9098 0.6980 0.2275
v 3.330000 2.420000 -2.119199 0.9098 0.6980 0.2275
v 3.350000 2.400000 -2.119199 0.9098 0.6980 0.2275
v 3.330000 2.400000 -2.139199 0.9098 0.6980 0.2275
v -3.090000 0.000000 0.300801 0.6118 0.3961 0.2039
v -3.090000 0.060000 0.360801 0.6118 0.3961 0.2039
v -3.150000 0.060000 0.300801 0.6118 0.3961 0.2039
v -3.090000 2.240000 0.360801 0.6118 0.3961 0.2039
v -3.090000 2.300000 0.300801 0.6118 0.3961 0.2039
v -3.150000 2.240000 0.300801 0.6118 0.3961 0.2039
v -3.090000 0.000000 -1.879199 0.6118 0.3961 0.2039
v -3.150000 0.060000 -1.879199 0.6118 0.3961 0.2039
v -3.090000 0.060000 -1.939199 0.6118 0.3961 0.2039
v -3.090000 2.300000 -1.879199 0.6118 0.3961 0.2039
v -3.090000 2.240000 -1.939199 0.6118 0.3961 0.2039
v -3.150000 2.240000 -1.879199 0.6118 0.3961 0.2039
v -2.910000 0.000000 0.300801 0.6118 0.3961 0.2039
v -2.850000 0.060000 0.300801 0.6118 0.3961 0.2039
v -2.910000 0.060000 0.360801 0.6118 0.3961 0.2039
v -2.910000 2.300000 0.300801 0.6118 0.3961 0.2039
v -2.910000 2.240000 0.360801 0.6118 0.3961 0.2039
v -2.850000 2.240000 0.300801 0.6118 0.3961 0.2039
v -2.910000 0.000000 -1.879199 0.6118 0.3961 0.2039
v -2.910000 0.060000 -1.939199 0.6118 0.3961 0.2039
v -2.850000 0.060000 -1.879199 0.6118 0.3961 0.2039
v -2.910000 2.300000 -1.879199 0.6118 0.3961 0.2039
v -2.850000 2.240000 -1.879199 0.6118 0.3961 0.2039
v -2.910000 2.240000 -1.939199 0.6118 0.3961 0.2039
v 2.910000 0.000000 0.300801 0.6118 0.3961 0.2039
v 2.910000 0.060000 0.360801 0.6118 0.3961 0.2039
v 2.850000 0.060000 0.300801 0.6118 0.3961 0.2039
v 2.910000 2.240000 0.360801 0.6118 0.3961 0.2039
v 2.910000 2.300000 0.300801 0.6118 0.3961 0.2039
v 2.850000 2.240000 0.300801 0.6118 0.3961 0.2039
v 2.910000 0.000000 -1.879199 0.6118 0.3961 0.2039
v 2.850000 0.060000 -1.879199 0.6118 0.3961 0.2039
v 2.910000 0.060000 -1.939199 0.6118 0.3961 0.2039
v 2.910000 2.300000 -1.879199 0.6118 0.3961 0.2039
v 2.910000 2.240000 -1.939199 0.6118 0.3961 0.2039
v 2.850000 2.240000 -1.879199 0.6118 0.3961 0.2039
v 3.090000 0.000000 0.300801 0.6118 0.3961 0.2039
v 3.150000 0.060000 0.300801 0.6118 0.3961 0.2039
v 3.090000 0.060000 0.360801 0.6118 0.3961 0.2039
v 3.090000 2.300000 0.300801 0.6118 0.3961 0.2039
v 3.090000 2.240000 0.360801 0.6118 0.3961 0.2039
v 3.150000 2.240000 0.300801 0.6118 0.3961 0.2039
v 3.090000 0.000000 -1.879199 0.6118 0.3961 0.2039
v 3.090000 0.060000 -1.939199 0.6118 0.3961 0.2039
v 3.150000 0.060000 -1.879199 0.6118 0.3961 0.2039
v 3.090000 2.300000 -1.879199 0.6118 0.3961 0.2039
v 3.150000 2.240000 -1.879199 0.6118 0.3961 0.2039
v 3.090000 2.240000 -1.939199 0.6118 0.3961 0.2039
v -2.760000 0.600000 -1.869199 0.6118 0.3961 0.2039
v -2.760000 0.640000 -1.829199 0.6118 0.3961 0.2039
v -2.800000 0.640000 -1.869199 0.6118 0.3961 0.2039
v -2.760000 2.160000 -1.829199 0.6118 0.3961 0.2039
v -2.760000 2.200000 -1.869199 0.6118 0.3961 0.2039
v -2.800000 2.160000 -1.869199 0.6118 0.3961 0.2039
v -2.760000 0.600000 -1.909199 0.6118 0.3961 0.2039
v -2.800000 0.640000 -1.909199 0.6118 0.3961 0.2039
v -2.760000 0.640000 -1.949199 0.6118 0.3961 0.2039
v -2.760000 2.200000 -1.909199 0.6118 0.3961 0.2039
v -2.760000 2.160000 -1.949199 0.6118 0.3961 0.2039
v -2.800000 2.160000 -1.909199 0.6118 0.3961 0.2039
v 2.760000 0.600000 -1.869199 0.6118 0.3961 0.2039
v 2.800000 0.640000 -1.869199 0.6118 0.3961 0.2039
v 2.760000 0.640000 -1.829199 0.6118 0.3961 0.2039
v 2.760000 2.200000 -1.869199 0.6118 0.3961 0.2039
v 2.760000 2.160000 -1.829199 0.6118 0.3961 0.2039
v 2.800000 2.160000 -1.869199 0.6118 0.3961 0.2039
v 2.760000 0.600000 -1.909199 0.6118 0.3961 0.2039
v 2.760000 0.640000 -1.949199 0.6118 0.3961 0.2039
v 2.800000 0.640000 -1.909199 0.6118 0.3961 0.2039
v 2.760000 2.200000 -1.909199 0.6118 0.3961 0.2039
v 2.800000 2.160000 -1.909199 0.6118 0.3961 0.2039
v 2.760000 2.160000 -1.949199 0.6118 0.3961 0.2039
v -2.800000 2.295000 0.560801 0.1020 0.1020 0.1216
v -2.800000 2.545000 0.560801 0.1020 0.1020 0.1216
v -2.800000 2.295000 0.500801 0.1020 0.1020 0.1216
v -2.800000 2.545000 0.500801 0.1020 0.1020 0.1216
v 2.800000 2.295000 0.560801 0.1020 0.1020 0.1216
v 2.800000 2.545000 0.560801 0.1020 0.1020 0.1216
v 2.800000 2.295000 0.500801 0.1020 0.1020 0.1216
v 2.800000 2.545000 0.500801 0.1020 0.1020 0.1216
v -2.710000 2.370000 0.590801 0.8470 0.2275 0.1804
v -2.710000 2.470000 0.590801 0.8470 0.2275 0.1804
v -2.710000 2.370000 0.550801 0.8470 0.2275 0.1804
v -2.710000 2.470000 0.550801 0.8470 0.2275 0.1804
v -2.490000 2.370000 0.590801 0.8470 0.2275 0.1804
v -2.490000 2.470000 0.590801 0.8470 0.2275 0.1804
v -2.490000 2.370000 0.550801 0.8470 0.2275 0.1804
v -2.490000 2.470000 0.550801 0.8470 0.2275 0.1804
v -2.310000 2.370000 0.590801 0.4275 0.7451 0.2706
v -2.310000 2.470000 0.590801 0.4275 0.7451 0.2706
v -2.310000 2.370000 0.550801 0.4275 0.7451 0.2706
v -2.310000 2.470000 0.550801 0.4275 0.7451 0.2706
v -2.090000 2.370000 0.590801 0.4275 0.7451 0.2706
v -2.090000 2.470000 0.590801 0.4275 0.7451 0.2706
v -2.090000 2.370000 0.550801 0.4275 0.7451 0.2706
v -2.090000 2.470000 0.550801 0.4275 0.7451 0.2706
v -1.910000 2.370000 0.590801 0.4275 0.7451 0.2706
v -1.910000 2.470000 0.590801 0.4275 0.7451 0.2706
v -1.910000 2.370000 0.550801 0.4275 0.7451 0.2706
v -1.910000 2.470000 0.550801 0.4275 0.7451 0.2706
v -1.690000 2.370000 0.590801 0.4275 0.7451 0.2706
v -1.690000 2.470000 0.590801 0.4275 0.7451 0.2706
v -1.690000 2.370000 0.550801 0.4275 0.7451 0.2706
v -1.690000 2.470000 0.550801 0.4275 0.7451 0.2706
v -1.510000 2.370000 0.590801 0.8470 0.2275 0.1804
v -1.510000 2.470000 0.590801 0.8470 0.2275 0.1804
v -1.510000 2.370000 0.550801 0.8470 0.2275 0.1804
v -1.510000 2.470000 0.550801 0.8470 0.2275 0.1804
v -1.290000 2.370000 0.590801 0.8470 0.2275 0.1804
v -1.290000 2.470000 0.590801 0.8470 0.2275 0.1804
v -1.290000 2.370000 0.550801 0.8470 0.2275 0.1804
v -1.290000 2.470000 0.550801 0.8470 0.2275 0.1804
v -1.110000 2.370000 0.590801 0.4275 0.7451 0.2706
v -1.110000 2.470000 0.590801 0.4275 0.7451 0.2706
v -1.110000 2.370000 0.550801 0.4275 0.7451 0.2706
v -1.110000 2.470000 0.550801 0.4275 0.7451 0.2706
v -0.890000 2.370000 0.590801 0.4275 0.7451 0.2706
v -0.890000 2.470000 0.590801 0.4275 0.7451 0.2706
v -0.890000 2.370000 0.550801 0.4275 0.7451 0.2706
v -0.890000 2.470000 0.550801 0.4275 0.7451 0.2706
v -0.710000 2.370000 0.590801 0.4275 0.7451 0.2706
v -0.710000 2.470000 0.590801 0.4275 0.7451 0.2706
v -0.710000 2.370000 0.550801 0.4275 0.7451 0.2706
v -0.710000 2.470000 0.550801 0.4275 0.7451 0.2706
v -0.490000 2.370000 0.590801 0.4275 0.7451 0.2706
v -0.490000 2.470000 0.590801 0.4275 0.7451 0.2706
v -0.490000 2.370000 0.550801 0.4275 0.7451 0.2706
v -0.490000 2.470000 0.550801 0.4275 0.7451 0.2706
v -0.310000 2.370000 0.590801 0.8470 0.2275 0.1804
v -0.310000 2.470000 0.590801 0.8470 0.2275 0.1804
v -0.310000 2.370000 0.550801 0.8470 0.2275 0.1804
v -0.310000 2.470000 0.550801 0.8470 0.2275 0.1804
v -0.090000 2.370000 0.590801 0.8470 0.2275 0.1804
v -0.090000 2.470000 0.590801 0.8470 0.2275 0.1804
v -0.090000 2.370000 0.550801 0.8470 0.2275 0.1804
v -0.090000 2.470000 0.550801 0.8470 0.2275 0.1804
v 0.090000 2.370000 0.590801 0.4275 0.7451 0.2706
v 0.090000 2.470000 0.590801 0.4275 0.7451 0.2706
v 0.090000 2.370000 0.550801 0.4275 0.7451 0.2706
v 0.090000 2.470000 0.550801 0.4275 0.7451 0.2706
v 0.310000 2.370000 0.590801 0.4275 0.7451 0.2706
v 0.310000 2.470000 0.590801 0.4275 0.7451 0.2706
v 0.310000 2.370000 0.550801 0.4275 0.7451 0.2706
v 0.310000 2.470000 0.550801 0.4275 0.7451 0.2706
v 0.490000 2.370000 0.590801 0.4275 0.7451 0.2706
v 0.490000 2.470000 0.590801 0.4275 0.7451 0.2706
v 0.490000 2.370000 0.550801 0.4275 0.7451 0.2706
v 0.490000 2.470000 0.550801 0.4275 0.7451 0.2706
v 0.710000 2.370000 0.590801 0.4275 0.7451 0.2706
v 0.710000 2.470000 0.590801 0.4275 0.7451 0.2706
v 0.710000 2.370000 0.550801 0.4275 0.7451 0.2706
v 0.710000 2.470000 0.550801 0.4275 0.7451 0.2706
v 0.890000 2.370000 0.590801 0.8470 0.2275 0.1804
v 0.890000 2.470000 0.590801 0.8470 0.2275 0.1804
v 0.890000 2.370000 0.550801 0.8470 0.2275 0.1804
v 0.890000 2.470000 0.550801 0.8470 0.2275 0.1804
v 1.110000 2.370000 0.590801 0.8470 0.2275 0.1804
v 1.110000 2.470000 0.590801 0.8470 0.2275 0.1804
v 1.110000 2.370000 0.550801 0.8470 0.2275 0.1804
v 1.110000 2.470000 0.550801 0.8470 0.2275 0.1804
v 1.290000 2.370000 0.590801 0.4275 0.7451 0.2706
v 1.290000 2.470000 0.590801 0.4275 0.7451 0.2706
v 1.290000 2.370000 0.550801 0.4275 0.7451 0.2706
v 1.290000 2.470000 0.550801 0.4275 0.7451 0.2706
v 1.510000 2.370000 0.590801 0.4275 0.7451 0.2706
v 1.510000 2.470000 0.590801 0.4275 0.7451 0.2706
v 1.510000 2.370000 0.550801 0.4275 0.7451 0.2706
v 1.510000 2.470000 0.550801 0.4275 0.7451 0.2706
v 1.690000 2.370000 0.590801 0.4275 0.7451 0.2706
v 1.690000 2.470000 0.590801 0.4275 0.7451 0.2706
v 1.690000 2.370000 0.550801 0.4275 0.7451 0.2706
v 1.690000 2.470000 0.550801 0.4275 0.7451 0.2706
v 1.910000 2.370000 0.590801 0.4275 0.7451 0.2706
v 1.910000 2.470000 0.590801 0.4275 0.7451 0.2706
v 1.910000 2.370000 0.550801 0.4275 0.7451 0.2706
v 1.910000 2.470000 0.550801 0.4275 0.7451 0.2706
v 2.090000 2.370000 0.590801 0.8470 0.2275 0.1804
v 2.090000 2.470000 0.590801 0.8470 0.2275 0.1804
v 2.090000 2.370000 0.550801 0.8470 0.2275 0.1804
v 2.090000 2.470000 0.550801 0.8470 0.2275 0.1804
v 2.310000 2.370000 0.590801 0.8470 0.2275 0.1804
v 2.310000 2.470000 0.590801 0.8470 0.2275 0.1804
v 2.310000 2.370000 0.550801 0.8470 0.2275 0.1804
v 2.310000 2.470000 0.550801 0.8470 0.2275 0.1804
v 2.490000 2.370000 0.590801 0.4275 0.7451 0.2706
v 2.490000 2.470000 0.590801 0.4275 0.7451 0.2706
v 2.490000 2.370000 0.550801 0.4275 0.7451 0.2706
v 2.490000 2.470000 0.550801 0.4275 0.7451 0.2706
v 2.710000 2.370000 0.590801 0.4275 0.7451 0.2706
v 2.710000 2.470000 0.590801 0.4275 0.7451 0.2706
v 2.710000 2.370000 0.550801 0.4275 0.7451 0.2706
v 2.710000 2.470000 0.550801 0.4275 0.7451 0.2706
v -2.660000 4.100000 -1.579199 0.7216 0.7608 0.8000
v -2.660000 4.140000 -1.539199 0.7216 0.7608 0.8000
v -2.700000 4.140000 -1.579199 0.7216 0.7608 0.8000
v -2.660000 4.260000 -1.539199 0.7216 0.7608 0.8000
v -2.660000 4.300000 -1.579199 0.7216 0.7608 0.8000
v -2.700000 4.260000 -1.579199 0.7216 0.7608 0.8000
v -2.660000 4.100000 -1.699199 0.7216 0.7608 0.8000
v -2.700000 4.140000 -1.699199 0.7216 0.7608 0.8000
v -2.660000 4.140000 -1.739199 0.7216 0.7608 0.8000
v -2.660000 4.300000 -1.699199 0.7216 0.7608 0.8000
v -2.660000 4.260000 -1.739199 0.7216 0.7608 0.8000
v -2.700000 4.260000 -1.699199 0.7216 0.7608 0.8000
v 2.660000 4.100000 -1.579199 0.7216 0.7608 0.8000
v 2.700000 4.140000 -1.579199 0.7216 0.7608 0.8000
v 2.660000 4.140000 -1.539199 0.7216 0.7608 0.8000
v 2.660000 4.300000 -1.579199 0.7216 0.7608 0.8000
v 2.660000 4.260000 -1.539199 0.7216 0.7608 0.8000
v 2.700000 4.260000 -1.579199 0.7216 0.7608 0.8000
v 2.660000 4.100000 -1.699199 0.7216 0.7608 0.8000
v 2.660000 4.140000 -1.739199 0.7216 0.7608 0.8000
v 2.700000 4.140000 -1.699199 0.7216 0.7608 0.8000
v 2.660000 4.300000 -1.699199 0.7216 0.7608 0.8000
v 2.700000 4.260000 -1.699199 0.7216 0.7608 0.8000
v 2.660000 4.260000 -1.739199 0.7216 0.7608 0.8000
v 0.000000 2.600000 -1.739199 0.7216 0.7608 0.8000
v 0.000000 4.200000 -1.739199 0.7216 0.7608 0.8000
v 0.058779 2.600000 -1.720101 0.7216 0.7608 0.8000
v 0.058779 4.200000 -1.720101 0.7216 0.7608 0.8000
v 0.095106 2.600000 -1.670101 0.7216 0.7608 0.8000
v 0.095106 4.200000 -1.670101 0.7216 0.7608 0.8000
v 0.095106 2.600000 -1.608297 0.7216 0.7608 0.8000
v 0.095106 4.200000 -1.608297 0.7216 0.7608 0.8000
v 0.058779 2.600000 -1.558297 0.7216 0.7608 0.8000
v 0.058779 4.200000 -1.558297 0.7216 0.7608 0.8000
v 0.000000 2.600000 -1.539199 0.7216 0.7608 0.8000
v 0.000000 4.200000 -1.539199 0.7216 0.7608 0.8000
v -0.058779 2.600000 -1.558297 0.7216 0.7608 0.8000
v -0.058779 4.200000 -1.558297 0.7216 0.7608 0.8000
v -0.095106 2.600000 -1.608297 0.7216 0.7608 0.8000
v -0.095106 4.200000 -1.608297 0.7216 0.7608 0.8000
v -0.095106 2.600000 -1.670101 0.7216 0.7608 0.8000
v -0.095106 4.200000 -1.670101 0.7216 0.7608 0.8000
v -0.058779 2.600000 -1.720101 0.7216 0.7608 0.8000
v -0.058779 4.200000 -1.720101 0.7216 0.7608 0.8000
v 0.000000 2.600000 -2.039199 0.7216 0.7608 0.8000
v 0.000000 2.680000 -2.039199 0.7216 0.7608 0.8000
v 0.173554 2.600000 -1.999587 0.7216 0.7608 0.8000
v 0.173554 2.680000 -1.999587 0.7216 0.7608 0.8000
v 0.312733 2.600000 -1.888595 0.7216 0.7608 0.8000
v 0.312733 2.680000 -1.888595 0.7216 0.7608 0.8000
v 0.389971 2.600000 -1.728207 0.7216 0.7608 0.8000
v 0.389971 2.680000 -1.728207 0.7216 0.7608 0.8000
v 0.389971 2.600000 -1.550191 0.7216 0.7608 0.8000
v 0.389971 2.680000 -1.550191 0.7216 0.7608 0.8000
v 0.312733 2.600000 -1.389803 0.7216 0.7608 0.8000
v 0.312733 2.680000 -1.389803 0.7216 0.7608 0.8000
v 0.173554 2.600000 -1.278812 0.7216 0.7608 0.8000
v 0.173554 2.680000 -1.278812 0.7216 0.7608 0.8000
v 0.000000 2.600000 -1.239199 0.7216 0.7608 0.8000
v 0.000000 2.680000 -1.239199 0.7216 0.7608 0.8000
v -0.173554 2.600000 -1.278812 0.7216 0.7608 0.8000
v -0.173554 2.680000 -1.278812 0.7216 0.7608 0.8000
v -0.312733 2.600000 -1.389803 0.7216 0.7608 0.8000
v -0.312733 2.680000 -1.389803 0.7216 0.7608 0.8000
v -0.389971 2.600000 -1.550191 0.7216 0.7608 0.8000
v -0.389971 2.680000 -1.550191 0.7216 0.7608 0.8000
v -0.389971 2.600000 -1.728207 0.7216 0.7608 0.8000
v -0.389971 2.680000 -1.728207 0.7216 0.7608 0.8000
v -0.312733 2.600000 -1.888595 0.7216 0.7608 0.8000
v -0.312733 2.680000 -1.888595 0.7216 0.7608 0.8000
v -0.173554 2.600000 -1.999587 0.7216 0.7608 0.8000
v -0.173554 2.680000 -1.999587 0.7216 0.7608 0.8000
v -2.231402 3.250000 -1.237362 0.1804 0.2078 0.3137
v -2.225222 3.270000 -1.218341 0.1804 0.2078 0.3137
v -2.250423 3.270000 -1.231182 0.1804 0.2078 0.3137
v -2.225222 3.290000 -1.218341 0.1804 0.2078 0.3137
v -2.231402 3.310000 -1.237362 0.1804 0.2078 0.3137
v -2.250423 3.290000 -1.231182 0.1804 0.2078 0.3137
v -2.358099 3.250000 -1.627296 0.1804 0.2078 0.3137
v -2.377120 3.270000 -1.621115 0.1804 0.2078 0.3137
v -2.364279 3.270000 -1.646317 0.1804 0.2078 0.3137
v -2.358099 3.310000 -1.627296 0.1804 0.2078 0.3137
v -2.364279 3.290000 -1.646317 0.1804 0.2078 0.3137
v -2.377120 3.290000 -1.621115 0.1804 0.2078 0.3137
v -1.603705 3.250000 -1.441314 0.1804 0.2078 0.3137
v -1.584683 3.270000 -1.447494 0.1804 0.2078 0.3137
v -1.597524 3.270000 -1.422293 0.1804 0.2078 0.3137
v -1.603705 3.310000 -1.441314 0.1804 0.2078 0.3137
v -1.597524 3.290000 -1.422293 0.1804 0.2078 0.3137
v -1.584683 3.290000 -1.447494 0.1804 0.2078 0.3137
v -1.730402 3.250000 -1.831247 0.1804 0.2078 0.3137
v -1.736582 3.270000 -1.850268 0.1804 0.2078 0.3137
v -1.711380 3.270000 -1.837427 0.1804 0.2078 0.3137
v -1.730402 3.310000 -1.831247 0.1804 0.2078 0.3137
v -1.711380 3.290000 -1.837427 0.1804 0.2078 0.3137
v -1.736582 3.290000 -1.850268 0.1804 0.2078 0.3137
v -2.047476 3.300000 -1.512673 0.1804 0.2078 0.3137
v -2.047476 3.800000 -1.512673 0.1804 0.2078 0.3137
v -2.078377 3.300000 -1.607779 0.1804 0.2078 0.3137
v -2.078377 3.800000 -1.607779 0.1804 0.2078 0.3137
v -1.914328 3.300000 -1.555936 0.1804 0.2078 0.3137
v -1.914328 3.800000 -1.555936 0.1804 0.2078 0.3137
v -1.945230 3.300000 -1.651042 0.1804 0.2078 0.3137
v -1.945230 3.800000 -1.651042 0.1804 0.2078 0.3137
v -2.840183 3.750000 -1.234078 0.1804 0.2078 0.3137
v -2.827822 3.790000 -1.196036 0.1804 0.2078 0.3137
v -2.878225 3.790000 -1.221717 0.1804 0.2078 0.3137
v -2.827822 4.910000 -1.196036 0.1804 0.2078 0.3137
v -2.840183 4.950000 -1.234078 0.1804 0.2078 0.3137
v -2.878225 4.910000 -1.221717 0.1804 0.2078 0.3137
v -2.852544 3.750000 -1.272120 0.1804 0.2078 0.3137
v -2.890586 3.790000 -1.259760 0.1804 0.2078 0.3137
v -2.864904 3.790000 -1.310163 0.1804 0.2078 0.3137
v -2.852544 4.950000 -1.272120 0.1804 0.2078 0.3137
v -2.864904 4.910000 -1.310163 0.1804 0.2078 0.3137
v -2.890586 4.910000 -1.259760 0.1804 0.2078 0.3137
v -1.109260 3.750000 -1.796489 0.1804 0.2078 0.3137
v -1.071218 3.790000 -1.808850 0.1804 0.2078 0.3137
v -1.096899 3.790000 -1.758447 0.1804 0.2078 0.3137
v -1.109260 4.950000 -1.796489 0.1804 0.2078 0.3137
v -1.096899 4.910000 -1.758447 0.1804 0.2078 0.3137
v -1.071218 4.910000 -1.808850 0.1804 0.2078 0.3137
v -1.121621 3.750000 -1.834531 0.1804 0.2078 0.3137
v -1.133981 3.790000 -1.872574 0.1804 0.2078 0.3137
v -1.083578 3.790000 -1.846892 0.1804 0.2078 0.3137
v -1.121621 4.950000 -1.834531 0.1804 0.2078 0.3137
v -1.083578 4.910000 -1.846892 0.1804 0.2078 0.3137
v -1.133981 4.910000 -1.872574 0.1804 0.2078 0.3137
v -2.791565 3.820000 -1.181530 0.1176 0.1647 0.2275
v -2.791565 4.880000 -1.181530 0.1176 0.1647 0.2275
v -2.800836 3.820000 -1.210062 0.1176 0.1647 0.2275
v -2.800836 4.880000 -1.210062 0.1176 0.1647 0.2275
v -1.117706 3.820000 -1.725400 0.1176 0.1647 0.2275
v -1.117706 4.880000 -1.725400 0.1176 0.1647 0.2275
v -1.126976 3.820000 -1.753932 0.1176 0.1647 0.2275
v -1.126976 4.880000 -1.753932 0.1176 0.1647 0.2275
v -1.289101 4.875463 -1.672339 0.4275 0.7451 0.2706
v -1.278285 4.875463 -1.639052 0.4275 0.7451 0.2706
v -1.252522 4.854000 -1.629022 0.4275 0.7451 0.2706
v -1.237574 4.832537 -1.652280 0.4275 0.7451 0.2706
v -1.248389 4.832537 -1.685567 0.4275 0.7451 0.2706
v -1.274153 4.854000 -1.695596 0.4275 0.7451 0.2706
v -2.662426 4.011463 -1.226118 0.4275 0.7451 0.2706
v -2.651611 4.011463 -1.192831 0.4275 0.7451 0.2706
v -2.625847 3.990000 -1.182802 0.4275 0.7451 0.2706
v -2.610899 3.968537 -1.206059 0.4275 0.7451 0.2706
v -2.621715 3.968537 -1.239346 0.4275 0.7451 0.2706
v -2.647479 3.990000 -1.249376 0.4275 0.7451 0.2706
v -2.378419 4.306012 -1.318398 0.4275 0.7451 0.2706
v -2.367603 4.306012 -1.285111 0.4275 0.7451 0.2706
v -2.351182 4.278000 -1.272046 0.4275 0.7451 0.2706
v -2.345577 4.249989 -1.292268 0.4275 0.7451 0.2706
v -2.356392 4.249989 -1.325555 0.4275 0.7451 0.2706
v -2.372813 4.278000 -1.338620 0.4275 0.7451 0.2706
v -2.103754 4.306012 -1.407642 0.4275 0.7451 0.2706
v -2.092938 4.306012 -1.374355 0.4275 0.7451 0.2706
v -2.076517 4.278000 -1.361290 0.4275 0.7451 0.2706
v -2.070912 4.249989 -1.381512 0.4275 0.7451 0.2706
v -2.081727 4.249989 -1.414799 0.4275 0.7451 0.2706
v -2.098148 4.278000 -1.427864 0.4275 0.7451 0.2706
v -1.829089 4.594012 -1.496886 0.4275 0.7451 0.2706
v -1.818273 4.594012 -1.463599 0.4275 0.7451 0.2706
v -1.801852 4.566000 -1.450534 0.4275 0.7451 0.2706
v -1.796246 4.537988 -1.470756 0.4275 0.7451 0.2706
v -1.807062 4.537988 -1.504043 0.4275 0.7451 0.2706
v -1.823483 4.566000 -1.517108 0.4275 0.7451 0.2706
v -1.554423 4.594012 -1.586130 0.4275 0.7451 0.2706
v -1.543608 4.594012 -1.552843 0.4275 0.7451 0.2706
v -1.527187 4.566000 -1.539778 0.4275 0.7451 0.2706
v -1.521581 4.537988 -1.560000 0.4275 0.7451 0.2706
v -1.532397 4.537988 -1.593287 0.4275 0.7451 0.2706
v -1.548818 4.566000 -1.606352 0.4275 0.7451 0.2706
v -0.330000 3.250000 -1.334199 0.1804 0.2078 0.3137
v -0.330000 3.270000 -1.314199 0.1804 0.2078 0.3137
v -0.350000 3.270000 -1.334199 0.1804 0.2078 0.3137
v -0.330000 3.290000 -1.314199 0.1804 0.2078 0.3137
v -0.330000 3.310000 -1.334199 0.1804 0.2078 0.3137
v -0.350000 3.290000 -1.334199 0.1804 0.2078 0.3137
v -0.330000 3.250000 -1.744199 0.1804 0.2078 0.3137
v -0.350000 3.270000 -1.744199 0.1804 0.2078 0.3137
v -0.330000 3.270000 -1.764199 0.1804 0.2078 0.3137
v -0.330000 3.310000 -1.744199 0.1804 0.2078 0.3137
v -0.330000 3.290000 -1.764199 0.1804 0.2078 0.3137
v -0.350000 3.290000 -1.744199 0.1804 0.2078 0.3137
v 0.330000 3.250000 -1.334199 0.1804 0.2078 0.3137
v 0.350000 3.270000 -1.334199 0.1804 0.2078 0.3137
v 0.330000 3.270000 -1.314199 0.1804 0.2078 0.3137
v 0.330000 3.310000 -1.334199 0.1804 0.2078 0.3137
v 0.330000 3.290000 -1.314199 0.1804 0.2078 0.3137
v 0.350000 3.290000 -1.334199 0.1804 0.2078 0.3137
v 0.330000 3.250000 -1.744199 0.1804 0.2078 0.3137
v 0.330000 3.270000 -1.764199 0.1804 0.2078 0.3137
v 0.350000 3.270000 -1.744199 0.1804 0.2078 0.3137
v 0.330000 3.310000 -1.744199 0.1804 0.2078 0.3137
v 0.350000 3.290000 -1.744199 0.1804 0.2078 0.3137
v 0.330000 3.290000 -1.764199 0.1804 0.2078 0.3137
v -0.070000 3.300000 -1.539199 0.1804 0.2078 0.3137
v -0.070000 3.800000 -1.539199 0.1804 0.2078 0.3137
v -0.070000 3.300000 -1.639199 0.1804 0.2078 0.3137
v -0.070000 3.800000 -1.639199 0.1804 0.2078 0.3137
v 0.070000 3.300000 -1.539199 0.1804 0.2078 0.3137
v 0.070000 3.800000 -1.539199 0.1804 0.2078 0.3137
v 0.070000 3.300000 -1.639199 0.1804 0.2078 0.3137
v 0.070000 3.800000 -1.639199 0.1804 0.2078 0.3137
v -0.910000 3.750000 -1.519199 0.1804 0.2078 0.3137
v -0.910000 3.790000 -1.479199 0.1804 0.2078 0.3137
v -0.950000 3.790000 -1.519199 0.1804 0.2078 0.3137
v -0.910000 4.910000 -1.479199 0.1804 0.2078 0.3137
v -0.910000 4.950000 -1.519199 0.1804 0.2078 0.3137
v -0.950000 4.910000 -1.519199 0.1804 0.2078 0.3137
v -0.910000 3.750000 -1.559199 0.1804 0.2078 0.3137
v -0.950000 3.790000 -1.559199 0.1804 0.2078 0.3137
v -0.910000 3.790000 -1.599199 0.1804 0.2078 0.3137
v -0.910000 4.950000 -1.559199 0.1804 0.2078 0.3137
v -0.910000 4.910000 -1.599199 0.1804 0.2078 0.3137
v -0.950000 4.910000 -1.559199 0.1804 0.2078 0.3137
v 0.910000 3.750000 -1.519199 0.1804 0.2078 0.3137
v 0.950000 3.790000 -1.519199 0.1804 0.2078 0.3137
v 0.910000 3.790000 -1.479199 0.1804 0.2078 0.3137
v 0.910000 4.950000 -1.519199 0.1804 0.2078 0.3137
v 0.910000 4.910000 -1.479199 0.1804 0.2078 0.3137
v 0.950000 4.910000 -1.519199 0.1804 0.2078 0.3137
v 0.910000 3.750000 -1.559199 0.1804 0.2078 0.3137
v 0.910000 3.790000 -1.599199 0.1804 0.2078 0.3137
v 0.950000 3.790000 -1.559199 0.1804 0.2078 0.3137
v 0.910000 4.950000 -1.559199 0.1804 0.2078 0.3137
v 0.950000 4.910000 -1.559199 0.1804 0.2078 0.3137
v 0.910000 4.910000 -1.599199 0.1804 0.2078 0.3137
v -0.880000 3.820000 -1.454199 0.1176 0.1647 0.2275
v -0.880000 4.880000 -1.454199 0.1176 0.1647 0.2275
v -0.880000 3.820000 -1.484199 0.1176 0.1647 0.2275
v -0.880000 4.880000 -1.484199 0.1176 0.1647 0.2275
v 0.880000 3.820000 -1.454199 0.1176 0.1647 0.2275
v 0.880000 4.880000 -1.454199 0.1176 0.1647 0.2275
v 0.880000 3.820000 -1.484199 0.1176 0.1647 0.2275
v 0.880000 4.880000 -1.484199 0.1176 0.1647 0.2275
v -0.703000 3.918000 -1.424199 0.9490 0.7608 0.1882
v -0.703000 4.098000 -1.424199 0.9490 0.7608 0.1882
v -0.703000 3.918000 -1.454199 0.9490 0.7608 0.1882
v -0.703000 4.098000 -1.454199 0.9490 0.7608 0.1882
v -0.513000 3.918000 -1.424199 0.9490 0.7608 0.1882
v -0.513000 4.098000 -1.424199 0.9490 0.7608 0.1882
v -0.513000 3.918000 -1.454199 0.9490 0.7608 0.1882
v -0.513000 4.098000 -1.454199 0.9490 0.7608 0.1882
v -0.399000 3.918000 -1.424199 0.9490 0.7608 0.1882
v -0.399000 4.530000 -1.424199 0.9490 0.7608 0.1882
v -0.399000 3.918000 -1.454199 0.9490 0.7608 0.1882
v -0.399000 4.530000 -1.454199 0.9490 0.7608 0.1882
v -0.209000 3.918000 -1.424199 0.9490 0.7608 0.1882
v -0.209000 4.530000 -1.424199 0.9490 0.7608 0.1882
v -0.209000 3.918000 -1.454199 0.9490 0.7608 0.1882
v -0.209000 4.530000 -1.454199 0.9490 0.7608 0.1882
v -0.095000 3.918000 -1.424199 0.9490 0.7608 0.1882
v -0.095000 4.242000 -1.424199 0.9490 0.7608 0.1882
v -0.095000 3.918000 -1.454199 0.9490 0.7608 0.1882
v -0.095000 4.242000 -1.454199 0.9490 0.7608 0.1882
v 0.095000 3.918000 -1.424199 0.9490 0.7608 0.1882
v 0.095000 4.242000 -1.424199 0.9490 0.7608 0.1882
v 0.095000 3.918000 -1.454199 0.9490 0.7608 0.1882
v 0.095000 4.242000 -1.454199 0.9490 0.7608 0.1882
v 0.209000 3.918000 -1.424199 0.9490 0.7608 0.1882
v 0.209000 4.674000 -1.424199 0.9490 0.7608 0.1882
v 0.209000 3.918000 -1.454199 0.9490 0.7608 0.1882
v 0.209000 4.674000 -1.454199 0.9490 0.7608 0.1882
v 0.399000 3.918000 -1.424199 0.9490 0.7608 0.1882
v 0.399000 4.674000 -1.424199 0.9490 0.7608 0.1882
v 0.399000 3.918000 -1.454199 0.9490 0.7608 0.1882
v 0.399000 4.674000 -1.454199 0.9490 0.7608 0.1882
v 0.513000 3.918000 -1.424199 0.9490 0.7608 0.1882
v 0.513000 4.386000 -1.424199 0.9490 0.7608 0.1882
v 0.513000 3.918000 -1.454199 0.9490 0.7608 0.1882
v 0.513000 4.386000 -1.454199 0.9490 0.7608 0.1882
v 0.703000 3.918000 -1.424199 0.9490 0.7608 0.1882
v 0.703000 4.386000 -1.424199 0.9490 0.7608 0.1882
v 0.703000 3.918000 -1.454199 0.9490 0.7608 0.1882
v 0.703000 4.386000 -1.454199 0.9490 0.7608 0.1882
v 1.603705 3.250000 -1.441314 0.1804 0.2078 0.3137
v 1.597524 3.270000 -1.422293 0.1804 0.2078 0.3137
v 1.584683 3.270000 -1.447494 0.1804 0.2078 0.3137
v 1.597524 3.290000 -1.422293 0.1804 0.2078 0.3137
v 1.603705 3.310000 -1.441314 0.1804 0.2078 0.3137
v 1.584683 3.290000 -1.447494 0.1804 0.2078 0.3137
v 1.730402 3.250000 -1.831247 0.1804 0.2078 0.3137
v 1.711380 3.270000 -1.837427 0.1804 0.2078 0.3137
v 1.736582 3.270000 -1.850268 0.1804 0.2078 0.3137
v 1.730402 3.310000 -1.831247 0.1804 0.2078 0.3137
v 1.736582 3.290000 -1.850268 0.1804 0.2078 0.3137
v 1.711380 3.290000 -1.837427 0.1804 0.2078 0.3137
v 2.231402 3.250000 -1.237362 0.1804 0.2078 0.3137
v 2.250423 3.270000 -1.231182 0.1804 0.2078 0.3137
v 2.225222 3.270000 -1.218341 0.1804 0.2078 0.3137
v 2.231402 3.310000 -1.237362 0.1804 0.2078 0.3137
v 2.225222 3.290000 -1.218341 0.1804 0.2078 0.3137
v 2.250423 3.290000 -1.231182 0.1804 0.2078 0.3137
v 2.358099 3.250000 -1.627296 0.1804 0.2078 0.3137
v 2.364279 3.270000 -1.646317 0.1804 0.2078 0.3137
v 2.377120 3.270000 -1.621115 0.1804 0.2078 0.3137
v 2.358099 3.310000 -1.627296 0.1804 0.2078 0.3137
v 2.377120 3.290000 -1.621115 0.1804 0.2078 0.3137
v 2.364279 3.290000 -1.646317 0.1804 0.2078 0.3137
v 1.914328 3.300000 -1.555936 0.1804 0.2078 0.3137
v 1.914328 3.800000 -1.555936 0.1804 0.2078 0.3137
v 1.945230 3.300000 -1.651042 0.1804 0.2078 0.3137
v 1.945230 3.800000 -1.651042 0.1804 0.2078 0.3137
v 2.047476 3.300000 -1.512673 0.1804 0.2078 0.3137
v 2.047476 3.800000 -1.512673 0.1804 0.2078 0.3137
v 2.078377 3.300000 -1.607779 0.1804 0.2078 0.3137
v 2.078377 3.800000 -1.607779 0.1804 0.2078 0.3137
v 1.109260 3.750000 -1.796489 0.1804 0.2078 0.3137
v 1.096899 3.790000 -1.758447 0.1804 0.2078 0.3137
v 1.071218 3.790000 -1.808850 0.1804 0.2078 0.3137
v 1.096899 4.910000 -1.758447 0.1804 0.2078 0.3137
v 1.109260 4.950000 -1.796489 0.1804 0.2078 0.3137
v 1.071218 4.910000 -1.808850 0.1804 0.2078 0.3137
v 1.121621 3.750000 -1.834531 0.1804 0.2078 0.3137
v 1.083578 3.790000 -1.846892 0.1804 0.2078 0.3137
v 1.133981 3.790000 -1.872574 0.1804 0.2078 0.3137
v 1.121621 4.950000 -1.834531 0.1804 0.2078 0.3137
v 1.133981 4.910000 -1.872574 0.1804 0.2078 0.3137
v 1.083578 4.910000 -1.846892 0.1804 0.2078 0.3137
v 2.840183 3.750000 -1.234078 0.1804 0.2078 0.3137
v 2.878225 3.790000 -1.221717 0.1804 0.2078 0.3137
v 2.827822 3.790000 -1.196036 0.1804 0.2078 0.3137
v 2.840183 4.950000 -1.234078 0.1804 0.2078 0.3137
v 2.827822 4.910000 -1.196036 0.1804 0.2078 0.3137
v 2.878225 4.910000 -1.221717 0.1804 0.2078 0.3137
v 2.852544 3.750000 -1.272120 0.1804 0.2078 0.3137
v 2.864904 3.790000 -1.310163 0.1804 0.2078 0.3137
v 2.890586 3.790000 -1.259760 0.1804 0.2078 0.3137
v 2.852544 4.950000 -1.272120 0.1804 0.2078 0.3137
v 2.890586 4.910000 -1.259760 0.1804 0.2078 0.3137
v 2.864904 4.910000 -1.310163 0.1804 0.2078 0.3137
v 1.117706 3.820000 -1.725400 0.1176 0.1647 0.2275
v 1.117706 4.880000 -1.725400 0.1176 0.1647 0.2275
v 1.126976 3.820000 -1.753932 0.1176 0.1647 0.2275
v 1.126976 4.880000 -1.753932 0.1176 0.1647 0.2275
v 2.791565 3.820000 -1.181530 0.1176 0.1647 0.2275
v 2.791565 4.880000 -1.181530 0.1176 0.1647 0.2275
v 2.800836 3.820000 -1.210062 0.1176 0.1647 0.2275
v 2.800836 4.880000 -1.210062 0.1176 0.1647 0.2275
v 2.621715 4.875463 -1.239346 0.8470 0.2275 0.1804
v 2.610899 4.875463 -1.206059 0.8470 0.2275 0.1804
v 2.625847 4.854000 -1.182802 0.8470 0.2275 0.1804
v 2.651611 4.832537 -1.192831 0.8470 0.2275 0.1804
v 2.662426 4.832537 -1.226118 0.8470 0.2275 0.1804
v 2.647479 4.854000 -1.249376 0.8470 0.2275 0.1804
v 1.248389 4.011463 -1.685567 0.8470 0.2275 0.1804
v 1.237574 4.011463 -1.652280 0.8470 0.2275 0.1804
v 1.252522 3.990000 -1.629022 0.8470 0.2275 0.1804
v 1.278285 3.968537 -1.639052 0.8470 0.2275 0.1804
v 1.289101 3.968537 -1.672339 0.8470 0.2275 0.1804
v 1.274153 3.990000 -1.695596 0.8470 0.2275 0.1804
v 1.532397 4.306012 -1.593287 0.8470 0.2275 0.1804
v 1.521581 4.306012 -1.560000 0.8470 0.2275 0.1804
v 1.527187 4.278000 -1.539778 0.8470 0.2275 0.1804
v 1.543608 4.249989 -1.552843 0.8470 0.2275 0.1804
v 1.554423 4.249989 -1.586130 0.8470 0.2275 0.1804
v 1.548818 4.278000 -1.606352 0.8470 0.2275 0.1804
v 1.807062 4.306012 -1.504043 0.8470 0.2275 0.1804
v 1.796246 4.306012 -1.470756 0.8470 0.2275 0.1804
v 1.801852 4.278000 -1.450534 0.8470 0.2275 0.1804
v 1.818273 4.249989 -1.463599 0.8470 0.2275 0.1804
v 1.829089 4.249989 -1.496886 0.8470 0.2275 0.1804
v 1.823483 4.278000 -1.517108 0.8470 0.2275 0.1804
v 2.081727 4.594012 -1.414799 0.8470 0.2275 0.1804
v 2.070912 4.594012 -1.381512 0.8470 0.2275 0.1804
v 2.076517 4.566000 -1.361290 0.8470 0.2275 0.1804
v 2.092938 4.537988 -1.374355 0.8470 0.2275 0.1804
v 2.103754 4.537988 -1.407642 0.8470 0.2275 0.1804
v 2.098148 4.566000 -1.427864 0.8470 0.2275 0.1804
v 2.356392 4.594012 -1.325555 0.8470 0.2275 0.1804
v 2.345577 4.594012 -1.292268 0.8470 0.2275 0.1804
v 2.351182 4.566000 -1.272046 0.8470 0.2275 0.1804
v 2.367603 4.537988 -1.285111 0.8470 0.2275 0.1804
v 2.378419 4.537988 -1.318398 0.8470 0.2275 0.1804
v 2.372813 4.566000 -1.338620 0.8470 0.2275 0.1804
v -0.780000 2.600000 -0.059199 0.1804 0.2078 0.3137
v -0.780000 2.620000 -0.039199 0.1804 0.2078 0.3137
v -0.800000 2.620000 -0.059199 0.1804 0.2078 0.3137
v -0.780000 2.660000 -0.039199 0.1804 0.2078 0.3137
v -0.780000 2.680000 -0.059199 0.1804 0.2078 0.3137
v -0.800000 2.660000 -0.059199 0.1804 0.2078 0.3137
v -0.780000 2.600000 -0.519199 0.1804 0.2078 0.3137
v -0.800000 2.620000 -0.519199 0.1804 0.2078 0.3137
v -0.780000 2.620000 -0.539199 0.1804 0.2078 0.3137
v -0.780000 2.680000 -0.519199 0.1804 0.2078 0.3137
v -0.780000 2.660000 -0.539199 0.1804 0.2078 0.3137
v -0.800000 2.660000 -0.519199 0.1804 0.2078 0.3137
v 0.780000 2.600000 -0.059199 0.1804 0.2078 0.3137
v 0.800000 2.620000 -0.059199 0.1804 0.2078 0.3137
v 0.780000 2.620000 -0.039199 0.1804 0.2078 0.3137
v 0.780000 2.680000 -0.059199 0.1804 0.2078 0.3137
v 0.780000 2.660000 -0.039199 0.1804 0.2078 0.3137
v 0.800000 2.660000 -0.059199 0.1804 0.2078 0.3137
v 0.780000 2.600000 -0.519199 0.1804 0.2078 0.3137
v 0.780000 2.620000 -0.539199 0.1804 0.2078 0.3137
v 0.800000 2.620000 -0.519199 0.1804 0.2078 0.3137
v 0.780000 2.680000 -0.519199 0.1804 0.2078 0.3137
v 0.800000 2.660000 -0.519199 0.1804 0.2078 0.3137
v 0.780000 2.660000 -0.539199 0.1804 0.2078 0.3137
v -0.720000 2.670000 -0.089199 1.0000 0.9647 0.8980
v -0.720000 2.710000 -0.089199 1.0000 0.9647 0.8980
v -0.720000 2.670000 -0.189199 1.0000 0.9647 0.8980
v -0.720000 2.710000 -0.189199 1.0000 0.9647 0.8980
v 0.720000 2.670000 -0.089199 1.0000 0.9647 0.8980
v 0.720000 2.710000 -0.089199 1.0000 0.9647 0.8980
v 0.720000 2.670000 -0.189199 1.0000 0.9647 0.8980
v 0.720000 2.710000 -0.189199 1.0000 0.9647 0.8980
v -0.720000 2.670000 -0.239199 1.0000 0.9647 0.8980
v -0.720000 2.710000 -0.239199 1.0000 0.9647 0.8980
v -0.720000 2.670000 -0.339199 1.0000 0.9647 0.8980
v -0.720000 2.710000 -0.339199 1.0000 0.9647 0.8980
v 0.720000 2.670000 -0.239199 1.0000 0.9647 0.8980
v 0.720000 2.710000 -0.239199 1.0000 0.9647 0.8980
v 0.720000 2.670000 -0.339199 1.0000 0.9647 0.8980
v 0.720000 2.710000 -0.339199 1.0000 0.9647 0.8980
v -0.720000 2.670000 -0.389199 1.0000 0.9647 0.8980
v -0.720000 2.710000 -0.389199 1.0000 0.9647 0.8980
v -0.720000 2.670000 -0.489199 1.0000 0.9647 0.8980
v -0.720000 2.710000 -0.489199 1.0000 0.9647 0.8980
v 0.720000 2.670000 -0.389199 1.0000 0.9647 0.8980
v 0.720000 2.710000 -0.389199 1.0000 0.9647 0.8980
v 0.720000 2.670000 -0.489199 1.0000 0.9647 0.8980
v 0.720000 2.710000 -0.489199 1.0000 0.9647 0.8980
v 1.115000 2.600000 -0.079199 0.1804 0.2078 0.3137
v 1.115000 2.640000 -0.039199 0.1804 0.2078 0.3137
v 1.075000 2.640000 -0.079199 0.1804 0.2078 0.3137
v 1.115000 2.660000 -0.039199 0.1804 0.2078 0.3137
v 1.115000 2.700000 -0.079199 0.1804 0.2078 0.3137
v 1.075000 2.660000 -0.079199 0.1804 0.2078 0.3137
v 1.115000 2.600000 -0.399199 0.1804 0.2078 0.3137
v 1.075000 2.640000 -0.399199 0.1804 0.2078 0.3137
v 1.115000 2.640000 -0.439199 0.1804 0.2078 0.3137
v 1.115000 2.700000 -0.399199 0.1804 0.2078 0.3137
v 1.115000 2.660000 -0.439199 0.1804 0.2078 0.3137
v 1.075000 2.660000 -0.399199 0.1804 0.2078 0.3137
v 1.285000 2.600000 -0.079199 0.1804 0.2078 0.3137
v 1.325000 2.640000 -0.079199 0.1804 0.2078 0.3137
v 1.285000 2.640000 -0.039199 0.1804 0.2078 0.3137
v 1.285000 2.700000 -0.079199 0.1804 0.2078 0.3137
v 1.285000 2.660000 -0.039199 0.1804 0.2078 0.3137
v 1.325000 2.660000 -0.079199 0.1804 0.2078 0.3137
v 1.285000 2.600000 -0.399199 0.1804 0.2078 0.3137
v 1.285000 2.640000 -0.439199 0.1804 0.2078 0.3137
v 1.325000 2.640000 -0.399199 0.1804 0.2078 0.3137
v 1.285000 2.700000 -0.399199 0.1804 0.2078 0.3137
v 1.325000 2.660000 -0.399199 0.1804 0.2078 0.3137
v 1.285000 2.660000 -0.439199 0.1804 0.2078 0.3137
v -2.600000 2.600000 -0.459199 0.9490 0.7608 0.1882
v -2.600000 2.960000 -0.459199 0.9490 0.7608 0.1882
v -2.515000 2.600000 -0.436423 0.9490 0.7608 0.1882
v -2.515000 2.960000 -0.436423 0.9490 0.7608 0.1882
v -2.452775 2.600000 -0.374199 0.9490 0.7608 0.1882
v -2.452775 2.960000 -0.374199 0.9490 0.7608 0.1882
v -2.430000 2.600000 -0.289199 0.9490 0.7608 0.1882
v -2.430000 2.960000 -0.289199 0.9490 0.7608 0.1882
v -2.452775 2.600000 -0.204199 0.9490 0.7608 0.1882
v -2.452775 2.960000 -0.204199 0.9490 0.7608 0.1882
v -2.515000 2.600000 -0.141975 0.9490 0.7608 0.1882
v -2.515000 2.960000 -0.141975 0.9490 0.7608 0.1882
v -2.600000 2.600000 -0.119199 0.9490 0.7608 0.1882
v -2.600000 2.960000 -0.119199 0.9490 0.7608 0.1882
v -2.685000 2.600000 -0.141975 0.9490 0.7608 0.1882
v -2.685000 2.960000 -0.141975 0.9490 0.7608 0.1882
v -2.747224 2.600000 -0.204199 0.9490 0.7608 0.1882
v -2.747224 2.960000 -0.204199 0.9490 0.7608 0.1882
v -2.770000 2.600000 -0.289199 0.9490 0.7608 0.1882
v -2.770000 2.960000 -0.289199 0.9490 0.7608 0.1882
v -2.747224 2.600000 -0.374199 0.9490 0.7608 0.1882
v -2.747224 2.960000 -0.374199 0.9490 0.7608 0.1882
v -2.685000 2.600000 -0.436423 0.9490 0.7608 0.1882
v -2.685000 2.960000 -0.436423 0.9490 0.7608 0.1882
v -2.600000 2.940000 -0.429199 0.6118 0.3961 0.2039
v -2.600000 2.960000 -0.429199 0.6118 0.3961 0.2039
v -2.530000 2.940000 -0.410443 0.6118 0.3961 0.2039
v -2.530000 2.960000 -0.410443 0.6118 0.3961 0.2039
v -2.478756 2.940000 -0.359199 0.6118 0.3961 0.2039
v -2.478756 2.960000 -0.359199 0.6118 0.3961 0.2039
v -2.460000 2.940000 -0.289199 0.6118 0.3961 0.2039
v -2.460000 2.960000 -0.289199 0.6118 0.3961 0.2039
v -2.478756 2.940000 -0.219199 0.6118 0.3961 0.2039
v -2.478756 2.960000 -0.219199 0.6118 0.3961 0.2039
v -2.530000 2.940000 -0.167956 0.6118 0.3961 0.2039
v -2.530000 2.960000 -0.167956 0.6118 0.3961 0.2039
v -2.600000 2.940000 -0.149199 0.6118 0.3961 0.2039
v -2.600000 2.960000 -0.149199 0.6118 0.3961 0.2039
v -2.670000 2.940000 -0.167956 0.6118 0.3961 0.2039
v -2.670000 2.960000 -0.167956 0.6118 0.3961 0.2039
v -2.721243 2.940000 -0.219199 0.6118 0.3961 0.2039
v -2.721243 2.960000 -0.219199 0.6118 0.3961 0.2039
v -2.740000 2.940000 -0.289199 0.6118 0.3961 0.2039
v -2.740000 2.960000 -0.289199 0.6118 0.3961 0.2039
v -2.721243 2.940000 -0.359199 0.6118 0.3961 0.2039
v -2.721243 2.960000 -0.359199 0.6118 0.3961 0.2039
v -2.670000 2.940000 -0.410443 0.6118 0.3961 0.2039
v -2.670000 2.960000 -0.410443 0.6118 0.3961 0.2039
v -2.270000 2.780000 -0.289199 0.9490 0.7608 0.1882
v -2.294828 2.856412 -0.289199 0.9490 0.7608 0.1882
v -2.359828 2.903637 -0.289199 0.9490 0.7608 0.1882
v -2.440172 2.903637 -0.289199 0.9490 0.7608 0.1882
v -2.505172 2.856412 -0.289199 0.9490 0.7608 0.1882
v -2.530000 2.780000 -0.289199 0.9490 0.7608 0.1882
v -2.505172 2.703588 -0.289199 0.9490 0.7608 0.1882
v -2.440172 2.656363 -0.289199 0.9490 0.7608 0.1882
v -2.359828 2.656363 -0.289199 0.9490 0.7608 0.1882
v -2.294828 2.703588 -0.289199 0.9490 0.7608 0.1882
v -2.290730 2.780000 -0.260667 0.9490 0.7608 0.1882
v -2.311598 2.844228 -0.260667 0.9490 0.7608 0.1882
v -2.366234 2.883922 -0.260667 0.9490 0.7608 0.1882
v -2.433767 2.883922 -0.260667 0.9490 0.7608 0.1882
v -2.488402 2.844228 -0.260667 0.9490 0.7608 0.1882
v -2.509271 2.780000 -0.260667 0.9490 0.7608 0.1882
v -2.488402 2.715772 -0.260667 0.9490 0.7608 0.1882
v -2.433767 2.676078 -0.260667 0.9490 0.7608 0.1882
v -2.366234 2.676078 -0.260667 0.9490 0.7608 0.1882
v -2.311598 2.715772 -0.260667 0.9490 0.7608 0.1882
v -2.324271 2.780000 -0.271565 0.9490 0.7608 0.1882
v -2.338734 2.824513 -0.271565 0.9490 0.7608 0.1882
v -2.376598 2.852023 -0.271565 0.9490 0.7608 0.1882
v -2.423402 2.852023 -0.271565 0.9490 0.7608 0.1882
v -2.461267 2.824513 -0.271565 0.9490 0.7608 0.1882
v -2.475729 2.780000 -0.271565 0.9490 0.7608 0.1882
v -2.461267 2.735487 -0.271565 0.9490 0.7608 0.1882
v -2.423402 2.707977 -0.271565 0.9490 0.7608 0.1882
v -2.376598 2.707977 -0.271565 0.9490 0.7608 0.1882
v -2.338734 2.735487 -0.271565 0.9490 0.7608 0.1882
v -2.324271 2.780000 -0.306833 0.9490 0.7608 0.1882
v -2.338734 2.824513 -0.306833 0.9490 0.7608 0.1882
v -2.376598 2.852023 -0.306833 0.9490 0.7608 0.1882
v -2.423402 2.852023 -0.306833 0.9490 0.7608 0.1882
v -2.461267 2.824513 -0.306833 0.9490 0.7608 0.1882
v -2.475729 2.780000 -0.306833 0.9490 0.7608 0.1882
v -2.461267 2.735487 -0.306833 0.9490 0.7608 0.1882
v -2.423402 2.707977 -0.306833 0.9490 0.7608 0.1882
v -2.376598 2.707977 -0.306833 0.9490 0.7608 0.1882
v -2.338734 2.735487 -0.306833 0.9490 0.7608 0.1882
v -2.290730 2.780000 -0.317731 0.9490 0.7608 0.1882
v -2.311598 2.844228 -0.317731 0.9490 0.7608 0.1882
v -2.366234 2.883922 -0.317731 0.9490 0.7608 0.1882
v -2.433767 2.883922 -0.317731 0.9490 0.7608 0.1882
v -2.488402 2.844228 -0.317731 0.9490 0.7608 0.1882
v -2.509271 2.780000 -0.317731 0.9490 0.7608 0.1882
v -2.488402 2.715772 -0.317731 0.9490 0.7608 0.1882
v -2.433767 2.676078 -0.317731 0.9490 0.7608 0.1882
v -2.366234 2.676078 -0.317731 0.9490 0.7608 0.1882
v -2.311598 2.715772 -0.317731 0.9490 0.7608 0.1882
v -1.940000 2.572815 -0.168931 0.1020 0.1020 0.1216
v -1.940000 2.623881 -0.101165 0.1020 0.1020 0.1216
v -2.000000 2.632231 -0.160581 0.1020 0.1020 0.1216
v -1.940000 2.752615 -0.083072 0.1020 0.1020 0.1216
v -1.940000 2.820382 -0.134138 0.1020 0.1020 0.1216
v -2.000000 2.760966 -0.142488 0.1020 0.1020 0.1216
v -1.940000 2.639618 -0.644260 0.1020 0.1020 0.1216
v -2.000000 2.699034 -0.635910 0.1020 0.1020 0.1216
v -1.940000 2.707385 -0.695326 0.1020 0.1020 0.1216
v -1.940000 2.887185 -0.609467 0.1020 0.1020 0.1216
v -1.940000 2.836119 -0.677233 0.1020 0.1020 0.1216
v -2.000000 2.827769 -0.617817 0.1020 0.1020 0.1216
v -1.260000 2.572815 -0.168931 0.1020 0.1020 0.1216
v -1.200000 2.632231 -0.160581 0.1020 0.1020 0.1216
v -1.260000 2.623881 -0.101165 0.1020 0.1020 0.1216
v -1.260000 2.820382 -0.134138 0.1020 0.1020 0.1216
v -1.260000 2.752615 -0.083072 0.1020 0.1020 0.1216
v -1.200000 2.760966 -0.142488 0.1020 0.1020 0.1216
v -1.260000 2.639618 -0.644260 0.1020 0.1020 0.1216
v -1.260000 2.707385 -0.695326 0.1020 0.1020 0.1216
v -1.200000 2.699034 -0.635910 0.1020 0.1020 0.1216
v -1.260000 2.887185 -0.609467 0.1020 0.1020 0.1216
v -1.200000 2.827769 -0.617817 0.1020 0.1020 0.1216
v -1.260000 2.836119 -0.677233 0.1020 0.1020 0.1216
v -2.000000 2.950000 -0.439199 0.1020 0.1020 0.1216
v -1.970711 2.879289 -0.439199 0.1020 0.1020 0.1216
v -1.970711 2.900000 -0.489199 0.1020 0.1020 0.1216
v -1.970711 2.950000 -0.509910 0.1020 0.1020 0.1216
v -1.970711 3.000000 -0.489199 0.1020 0.1020 0.1216
v -1.970711 3.020711 -0.439199 0.1020 0.1020 0.1216
v -1.970711 3.000000 -0.389199 0.1020 0.1020 0.1216
v -1.970711 2.950000 -0.368488 0.1020 0.1020 0.1216
v -1.970711 2.900000 -0.389199 0.1020 0.1020 0.1216
v -1.900000 2.850000 -0.439199 0.1020 0.1020 0.1216
v -1.900000 2.879289 -0.509910 0.1020 0.1020 0.1216
v -1.900000 2.950000 -0.539199 0.1020 0.1020 0.1216
v -1.900000 3.020711 -0.509910 0.1020 0.1020 0.1216
v -1.900000 3.050000 -0.439199 0.1020 0.1020 0.1216
v -1.900000 3.020711 -0.368488 0.1020 0.1020 0.1216
v -1.900000 2.950000 -0.339199 0.1020 0.1020 0.1216
v -1.900000 2.879289 -0.368488 0.1020 0.1020 0.1216
v -1.300000 2.850000 -0.439199 0.1020 0.1020 0.1216
v -1.300000 2.879289 -0.509910 0.1020 0.1020 0.1216
v -1.300000 2.950000 -0.539199 0.1020 0.1020 0.1216
v -1.300000 3.020711 -0.509910 0.1020 0.1020 0.1216
v -1.300000 3.050000 -0.439199 0.1020 0.1020 0.1216
v -1.300000 3.020711 -0.368488 0.1020 0.1020 0.1216
v -1.300000 2.950000 -0.339199 0.1020 0.1020 0.1216
v -1.300000 2.879289 -0.368488 0.1020 0.1020 0.1216
v -1.229289 2.879289 -0.439199 0.1020 0.1020 0.1216
v -1.229289 2.900000 -0.489199 0.1020 0.1020 0.1216
v -1.229289 2.950000 -0.509910 0.1020 0.1020 0.1216
v -1.229289 3.000000 -0.489199 0.1020 0.1020 0.1216
v -1.229289 3.020711 -0.439199 0.1020 0.1020 0.1216
v -1.229289 3.000000 -0.389199 0.1020 0.1020 0.1216
v -1.229289 2.950000 -0.368488 0.1020 0.1020 0.1216
v -1.229289 2.900000 -0.389199 0.1020 0.1020 0.1216
v -1.200000 2.950000 -0.439199 0.1020 0.1020 0.1216
v 2.170000 2.600000 -0.034199 0.4275 0.7451 0.2706
v 2.170000 2.620000 -0.014199 0.4275 0.7451 0.2706
v 2.150000 2.620000 -0.034199 0.4275 0.7451 0.2706
v 2.170000 2.680000 -0.014199 0.4275 0.7451 0.2706
v 2.170000 2.700000 -0.034199 0.4275 0.7451 0.2706
v 2.150000 2.680000 -0.034199 0.4275 0.7451 0.2706
v 2.170000 2.600000 -0.344199 0.4275 0.7451 0.2706
v 2.150000 2.620000 -0.344199 0.4275 0.7451 0.2706
v 2.170000 2.620000 -0.364199 0.4275 0.7451 0.2706
v 2.170000 2.700000 -0.344199 0.4275 0.7451 0.2706
v 2.170000 2.680000 -0.364199 0.4275 0.7451 0.2706
v 2.150000 2.680000 -0.344199 0.4275 0.7451 0.2706
v 2.830000 2.600000 -0.034199 0.4275 0.7451 0.2706
v 2.850000 2.620000 -0.034199 0.4275 0.7451 0.2706
v 2.830000 2.620000 -0.014199 0.4275 0.7451 0.2706
v 2.830000 2.700000 -0.034199 0.4275 0.7451 0.2706
v 2.830000 2.680000 -0.014199 0.4275 0.7451 0.2706
v 2.850000 2.680000 -0.034199 0.4275 0.7451 0.2706
v 2.830000 2.600000 -0.344199 0.4275 0.7451 0.2706
v 2.830000 2.620000 -0.364199 0.4275 0.7451 0.2706
v 2.850000 2.620000 -0.344199 0.4275 0.7451 0.2706
v 2.830000 2.700000 -0.344199 0.4275 0.7451 0.2706
v 2.850000 2.680000 -0.344199 0.4275 0.7451 0.2706
v 2.830000 2.680000 -0.364199 0.4275 0.7451 0.2706
v 2.170000 2.700000 -0.054199 0.4275 0.7451 0.2706
v 2.170000 2.720000 -0.034199 0.4275 0.7451 0.2706
v 2.150000 2.720000 -0.054199 0.4275 0.7451 0.2706
v 2.170000 2.780000 -0.034199 0.4275 0.7451 0.2706
v 2.170000 2.800000 -0.054199 0.4275 0.7451 0.2706
v 2.150000 2.780000 -0.054199 0.4275 0.7451 0.2706
v 2.170000 2.700000 -0.364199 0.4275 0.7451 0.2706
v 2.150000 2.720000 -0.364199 0.4275 0.7451 0.2706
v 2.170000 2.720000 -0.384199 0.4275 0.7451 0.2706
v 2.170000 2.800000 -0.364199 0.4275 0.7451 0.2706
v 2.170000 2.780000 -0.384199 0.4275 0.7451 0.2706
v 2.150000 2.780000 -0.364199 0.4275 0.7451 0.2706
v 2.830000 2.700000 -0.054199 0.4275 0.7451 0.2706
v 2.850000 2.720000 -0.054199 0.4275 0.7451 0.2706
v 2.830000 2.720000 -0.034199 0.4275 0.7451 0.2706
v 2.830000 2.800000 -0.054199 0.4275 0.7451 0.2706
v 2.830000 2.780000 -0.034199 0.4275 0.7451 0.2706
v 2.850000 2.780000 -0.054199 0.4275 0.7451 0.2706
v 2.830000 2.700000 -0.364199 0.4275 0.7451 0.2706
v 2.830000 2.720000 -0.384199 0.4275 0.7451 0.2706
v 2.850000 2.720000 -0.364199 0.4275 0.7451 0.2706
v 2.830000 2.800000 -0.364199 0.4275 0.7451 0.2706
v 2.850000 2.780000 -0.364199 0.4275 0.7451 0.2706
v 2.830000 2.780000 -0.384199 0.4275 0.7451 0.2706
v 2.170000 2.800000 -0.074199 0.4275 0.7451 0.2706
v 2.170000 2.820000 -0.054199 0.4275 0.7451 0.2706
v 2.150000 2.820000 -0.074199 0.4275 0.7451 0.2706
v 2.170000 2.880000 -0.054199 0.4275 0.7451 0.2706
v 2.170000 2.900000 -0.074199 0.4275 0.7451 0.2706
v 2.150000 2.880000 -0.074199 0.4275 0.7451 0.2706
v 2.170000 2.800000 -0.384199 0.4275 0.7451 0.2706
v 2.150000 2.820000 -0.384199 0.4275 0.7451 0.2706
v 2.170000 2.820000 -0.404199 0.4275 0.7451 0.2706
v 2.170000 2.900000 -0.384199 0.4275 0.7451 0.2706
v 2.170000 2.880000 -0.404199 0.4275 0.7451 0.2706
v 2.150000 2.880000 -0.384199 0.4275 0.7451 0.2706
v 2.830000 2.800000 -0.074199 0.4275 0.7451 0.2706
v 2.850000 2.820000 -0.074199 0.4275 0.7451 0.2706
v 2.830000 2.820000 -0.054199 0.4275 0.7451 0.2706
v 2.830000 2.900000 -0.074199 0.4275 0.7451 0.2706
v 2.830000 2.880000 -0.054199 0.4275 0.7451 0.2706
v 2.850000 2.880000 -0.074199 0.4275 0.7451 0.2706
v 2.830000 2.800000 -0.384199 0.4275 0.7451 0.2706
v 2.830000 2.820000 -0.404199 0.4275 0.7451 0.2706
v 2.850000 2.820000 -0.384199 0.4275 0.7451 0.2706
v 2.830000 2.900000 -0.384199 0.4275 0.7451 0.2706
v 2.850000 2.880000 -0.384199 0.4275 0.7451 0.2706
v 2.830000 2.880000 -0.404199 0.4275 0.7451 0.2706
v 2.140000 2.540000 -0.139199 1.0000 0.9647 0.8980
v 2.140000 2.860000 -0.139199 1.0000 0.9647 0.8980
v 2.140000 2.540000 -0.239199 1.0000 0.9647 0.8980
v 2.140000 2.860000 -0.239199 1.0000 0.9647 0.8980
v 2.860000 2.540000 -0.139199 1.0000 0.9647 0.8980
v 2.860000 2.860000 -0.139199 1.0000 0.9647 0.8980
v 2.860000 2.540000 -0.239199 1.0000 0.9647 0.8980
v 2.860000 2.860000 -0.239199 1.0000 0.9647 0.8980
v 2.600000 2.605000 -1.389199 0.9098 0.6980 0.2275
v 2.600000 2.755000 -1.389199 0.9098 0.6980 0.2275
v 2.725000 2.605000 -1.355705 0.9098 0.6980 0.2275
v 2.725000 2.755000 -1.355705 0.9098 0.6980 0.2275
v 2.816506 2.605000 -1.264199 0.9098 0.6980 0.2275
v 2.816506 2.755000 -1.264199 0.9098 0.6980 0.2275
v 2.850000 2.605000 -1.139199 0.9098 0.6980 0.2275
v 2.850000 2.755000 -1.139199 0.9098 0.6980 0.2275
v 2.816506 2.605000 -1.014199 0.9098 0.6980 0.2275
v 2.816506 2.755000 -1.014199 0.9098 0.6980 0.2275
v 2.725000 2.605000 -0.922693 0.9098 0.6980 0.2275
v 2.725000 2.755000 -0.922693 0.9098 0.6980 0.2275
v 2.600000 2.605000 -0.889199 0.9098 0.6980 0.2275
v 2.600000 2.755000 -0.889199 0.9098 0.6980 0.2275
v 2.475000 2.605000 -0.922693 0.9098 0.6980 0.2275
v 2.475000 2.755000 -0.922693 0.9098 0.6980 0.2275
v 2.383494 2.605000 -1.014199 0.9098 0.6980 0.2275
v 2.383494 2.755000 -1.014199 0.9098 0.6980 0.2275
v 2.350000 2.605000 -1.139199 0.9098 0.6980 0.2275
v 2.350000 2.755000 -1.139199 0.9098 0.6980 0.2275
v 2.383494 2.605000 -1.264199 0.9098 0.6980 0.2275
v 2.383494 2.755000 -1.264199 0.9098 0.6980 0.2275
v 2.475000 2.605000 -1.355705 0.9098 0.6980 0.2275
v 2.475000 2.755000 -1.355705 0.9098 0.6980 0.2275
v 2.300000 2.980000 -1.139199 0.9098 0.6980 0.2275
v 2.324115 2.890000 -1.139199 0.9098 0.6980 0.2275
v 2.324115 2.907188 -1.192100 0.9098 0.6980 0.2275
v 2.324115 2.952188 -1.224794 0.9098 0.6980 0.2275
v 2.324115 3.007812 -1.224794 0.9098 0.6980 0.2275
v 2.324115 3.052812 -1.192100 0.9098 0.6980 0.2275
v 2.324115 3.070000 -1.139199 0.9098 0.6980 0.2275
v 2.324115 3.052812 -1.086298 0.9098 0.6980 0.2275
v 2.324115 3.007812 -1.053604 0.9098 0.6980 0.2275
v 2.324115 2.952188 -1.053604 0.9098 0.6980 0.2275
v 2.324115 2.907188 -1.086298 0.9098 0.6980 0.2275
v 2.390000 2.824116 -1.139199 0.9098 0.6980 0.2275
v 2.390000 2.853887 -1.230826 0.9098 0.6980 0.2275
v 2.390000 2.931829 -1.287454 0.9098 0.6980 0.2275
v 2.390000 3.028171 -1.287454 0.9098 0.6980 0.2275
v 2.390000 3.106113 -1.230826 0.9098 0.6980 0.2275
v 2.390000 3.135885 -1.139199 0.9098 0.6980 0.2275
v 2.390000 3.106113 -1.047572 0.9098 0.6980 0.2275
v 2.390000 3.028171 -0.990944 0.9098 0.6980 0.2275
v 2.390000 2.931829 -0.990944 0.9098 0.6980 0.2275
v 2.390000 2.853887 -1.047572 0.9098 0.6980 0.2275
v 2.480000 2.800000 -1.139199 0.9098 0.6980 0.2275
v 2.480000 2.834377 -1.245000 0.9098 0.6980 0.2275
v 2.480000 2.924377 -1.310389 0.9098 0.6980 0.2275
v 2.480000 3.035623 -1.310389 0.9098 0.6980 0.2275
v 2.480000 3.125623 -1.245000 0.9098 0.6980 0.2275
v 2.480000 3.160000 -1.139199 0.9098 0.6980 0.2275
v 2.480000 3.125623 -1.033398 0.9098 0.6980 0.2275
v 2.480000 3.035623 -0.968009 0.9098 0.6980 0.2275
v 2.480000 2.924377 -0.968009 0.9098 0.6980 0.2275
v 2.480000 2.834377 -1.033398 0.9098 0.6980 0.2275
v 2.720000 2.800000 -1.139199 0.9098 0.6980 0.2275
v 2.720000 2.834377 -1.245000 0.9098 0.6980 0.2275
v 2.720000 2.924377 -1.310389 0.9098 0.6980 0.2275
v 2.720000 3.035623 -1.310389 0.9098 0.6980 0.2275
v 2.720000 3.125623 -1.245000 0.9098 0.6980 0.2275
v 2.720000 3.160000 -1.139199 0.9098 0.6980 0.2275
v 2.720000 3.125623 -1.033398 0.9098 0.6980 0.2275
v 2.720000 3.035623 -0.968009 0.9098 0.6980 0.2275
v 2.720000 2.924377 -0.968009 0.9098 0.6980 0.2275
v 2.720000 2.834377 -1.033398 0.9098 0.6980 0.2275
v 2.810000 2.824116 -1.139199 0.9098 0.6980 0.2275
v 2.810000 2.853887 -1.230826 0.9098 0.6980 0.2275
v 2.810000 2.931829 -1.287454 0.9098 0.6980 0.2275
v 2.810000 3.028171 -1.287454 0.9098 0.6980 0.2275
v 2.810000 3.106113 -1.230826 0.9098 0.6980 0.2275
v 2.810000 3.135885 -1.139199 0.9098 0.6980 0.2275
v 2.810000 3.106113 -1.047572 0.9098 0.6980 0.2275
v 2.810000 3.028171 -0.990944 0.9098 0.6980 0.2275
v 2.810000 2.931829 -0.990944 0.9098 0.6980 0.2275
v 2.810000 2.853887 -1.047572 0.9098 0.6980 0.2275
v 2.875885 2.890000 -1.139199 0.9098 0.6980 0.2275
v 2.875885 2.907188 -1.192100 0.9098 0.6980 0.2275
v 2.875885 2.952188 -1.224794 0.9098 0.6980 0.2275
v 2.875885 3.007812 -1.224794 0.9098 0.6980 0.2275
v 2.875885 3.052812 -1.192100 0.9098 0.6980 0.2275
v 2.875885 3.070000 -1.139199 0.9098 0.6980 0.2275
v 2.875885 3.052812 -1.086298 0.9098 0.6980 0.2275
v 2.875885 3.007812 -1.053604 0.9098 0.6980 0.2275
v 2.875885 2.952188 -1.053604 0.9098 0.6980 0.2275
v 2.875885 2.907188 -1.086298 0.9098 0.6980 0.2275
v 2.900000 2.980000 -1.139199 0.9098 0.6980 0.2275
v 2.950000 3.240000 -1.139199 0.9098 0.6980 0.2275
v 2.950000 2.960000 -1.139199 0.9098 0.6980 0.2275
v 2.991145 3.221243 -1.195830 0.9098 0.6980 0.2275
v 3.021265 3.170000 -1.237287 0.9098 0.6980 0.2275
v 3.032290 3.100000 -1.252461 0.9098 0.6980 0.2275
v 3.021265 3.030000 -1.237287 0.9098 0.6980 0.2275
v 2.991145 2.978756 -1.195830 0.9098 0.6980 0.2275
v 3.016574 3.221243 -1.160830 0.9098 0.6980 0.2275
v 3.065310 3.170000 -1.176665 0.9098 0.6980 0.2275
v 3.083148 3.100000 -1.182462 0.9098 0.6980 0.2275
v 3.065310 3.030000 -1.176665 0.9098 0.6980 0.2275
v 3.016574 2.978756 -1.160830 0.9098 0.6980 0.2275
v 3.016574 3.221243 -1.117568 0.9098 0.6980 0.2275
v 3.065310 3.170000 -1.101733 0.9098 0.6980 0.2275
v 3.083148 3.100000 -1.095937 0.9098 0.6980 0.2275
v 3.065310 3.030000 -1.101733 0.9098 0.6980 0.2275
v 3.016574 2.978756 -1.117568 0.9098 0.6980 0.2275
v 2.991145 3.221243 -1.082568 0.9098 0.6980 0.2275
v 3.021265 3.170000 -1.041111 0.9098 0.6980 0.2275
v 3.032290 3.100000 -1.025937 0.9098 0.6980 0.2275
v 3.021265 3.030000 -1.041111 0.9098 0.6980 0.2275
v 2.991145 2.978756 -1.082568 0.9098 0.6980 0.2275
v 2.950000 3.221243 -1.069199 0.9098 0.6980 0.2275
v 2.950000 3.170000 -1.017956 0.9098 0.6980 0.2275
v 2.950000 3.100000 -0.999199 0.9098 0.6980 0.2275
v 2.950000 3.030000 -1.017956 0.9098 0.6980 0.2275
v 2.950000 2.978756 -1.069199 0.9098 0.6980 0.2275
v 2.908855 3.221243 -1.082568 0.9098 0.6980 0.2275
v 2.878735 3.170000 -1.041111 0.9098 0.6980 0.2275
v 2.867710 3.100000 -1.025937 0.9098 0.6980 0.2275
v 2.878735 3.030000 -1.041111 0.9098 0.6980 0.2275
v 2.908855 2.978756 -1.082568 0.9098 0.6980 0.2275
v 2.883426 3.221243 -1.117568 0.9098 0.6980 0.2275
v 2.834691 3.170000 -1.101733 0.9098 0.6980 0.2275
v 2.816852 3.100000 -1.095937 0.9098 0.6980 0.2275
v 2.834691 3.030000 -1.101733 0.9098 0.6980 0.2275
v 2.883426 2.978756 -1.117568 0.9098 0.6980 0.2275
v 2.883426 3.221243 -1.160830 0.9098 0.6980 0.2275
v 2.834691 3.170000 -1.176665 0.9098 0.6980 0.2275
v 2.816852 3.100000 -1.182461 0.9098 0.6980 0.2275
v 2.834691 3.030000 -1.176665 0.9098 0.6980 0.2275
v 2.883426 2.978756 -1.160830 0.9098 0.6980 0.2275
v 2.908855 3.221243 -1.195830 0.9098 0.6980 0.2275
v 2.878735 3.170000 -1.237287 0.9098 0.6980 0.2275
v 2.867710 3.100000 -1.252461 0.9098 0.6980 0.2275
v 2.878735 3.030000 -1.237287 0.9098 0.6980 0.2275
v 2.908855 2.978756 -1.195830 0.9098 0.6980 0.2275
v 2.950000 3.221243 -1.209199 0.9098 0.6980 0.2275
v 2.950000 3.170000 -1.260443 0.9098 0.6980 0.2275
v 2.950000 3.100000 -1.279199 0.9098 0.6980 0.2275
v 2.950000 3.030000 -1.260443 0.9098 0.6980 0.2275
v 2.950000 2.978756 -1.209199 0.9098 0.6980 0.2275
v 0.030000 0.200000 1.250801 0.1804 0.2078 0.3137
v 0.030000 0.230000 1.280801 0.1804 0.2078 0.3137
v 0.000000 0.230000 1.250801 0.1804 0.2078 0.3137
v 0.030000 0.270000 1.280801 0.1804 0.2078 0.3137
v 0.030000 0.300000 1.250801 0.1804 0.2078 0.3137
v 0.000000 0.270000 1.250801 0.1804 0.2078 0.3137
v 0.030000 0.200000 1.170801 0.1804 0.2078 0.3137
v 0.000000 0.230000 1.170801 0.1804 0.2078 0.3137
v 0.030000 0.230000 1.140801 0.1804 0.2078 0.3137
v 0.030000 0.300000 1.170801 0.1804 0.2078 0.3137
v 0.030000 0.270000 1.140801 0.1804 0.2078 0.3137
v 0.000000 0.270000 1.170801 0.1804 0.2078 0.3137
v 0.870000 0.200000 1.250801 0.1804 0.2078 0.3137
v 0.900000 0.230000 1.250801 0.1804 0.2078 0.3137
v 0.870000 0.230000 1.280801 0.1804 0.2078 0.3137
v 0.870000 0.300000 1.250801 0.1804 0.2078 0.3137
v 0.870000 0.270000 1.280801 0.1804 0.2078 0.3137
v 0.900000 0.270000 1.250801 0.1804 0.2078 0.3137
v 0.870000 0.200000 1.170801 0.1804 0.2078 0.3137
v 0.870000 0.230000 1.140801 0.1804 0.2078 0.3137
v 0.900000 0.230000 1.170801 0.1804 0.2078 0.3137
v 0.870000 0.300000 1.170801 0.1804 0.2078 0.3137
v 0.900000 0.270000 1.170801 0.1804 0.2078 0.3137
v 0.870000 0.270000 1.140801 0.1804 0.2078 0.3137
v 0.850000 0.240000 1.210801 0.2039 0.2196 0.2471
v 0.850000 0.204853 1.125948 0.2039 0.2196 0.2471
v 0.850000 0.035147 1.125948 0.2039 0.2196 0.2471
v 0.850000 0.000000 1.210801 0.2039 0.2196 0.2471
v 0.910000 0.204853 1.150801 0.2039 0.2196 0.2471
v 0.934853 0.120000 1.125948 0.2039 0.2196 0.2471
v 0.910000 0.035147 1.150801 0.2039 0.2196 0.2471
v 0.934853 0.204853 1.210801 0.2039 0.2196 0.2471
v 0.970000 0.120000 1.210801 0.2039 0.2196 0.2471
v 0.934853 0.035147 1.210801 0.2039 0.2196 0.2471
v 0.910000 0.204853 1.270801 0.2039 0.2196 0.2471
v 0.934853 0.120000 1.295654 0.2039 0.2196 0.2471
v 0.910000 0.035147 1.270801 0.2039 0.2196 0.2471
v 0.850000 0.204853 1.295654 0.2039 0.2196 0.2471
v 0.850000 0.120000 1.330801 0.2039 0.2196 0.2471
v 0.850000 0.035147 1.295654 0.2039 0.2196 0.2471
v 0.790000 0.204853 1.270801 0.2039 0.2196 0.2471
v 0.765147 0.120000 1.295654 0.2039 0.2196 0.2471
v 0.790000 0.035147 1.270801 0.2039 0.2196 0.2471
v 0.765147 0.204853 1.210801 0.2039 0.2196 0.2471
v 0.730000 0.120000 1.210801 0.2039 0.2196 0.2471
v 0.765147 0.035147 1.210801 0.2039 0.2196 0.2471
v 0.790000 0.204853 1.150801 0.2039 0.2196 0.2471
v 0.765147 0.120000 1.125948 0.2039 0.2196 0.2471
v 0.790000 0.035147 1.150801 0.2039 0.2196 0.2471
v 0.850000 0.120000 1.090801 0.2039 0.2196 0.2471
v 0.047313 0.200000 1.194630 0.1804 0.2078 0.3137
v 0.075844 0.230000 1.203901 0.1804 0.2078 0.3137
v 0.038042 0.230000 1.223162 0.1804 0.2078 0.3137
v 0.075844 0.270000 1.203901 0.1804 0.2078 0.3137
v 0.047313 0.300000 1.194630 0.1804 0.2078 0.3137
v 0.038042 0.270000 1.223162 0.1804 0.2078 0.3137
v -0.028772 0.200000 1.169909 0.1804 0.2078 0.3137
v -0.038042 0.230000 1.198440 0.1804 0.2078 0.3137
v -0.057303 0.230000 1.160638 0.1804 0.2078 0.3137
v -0.028772 0.300000 1.169909 0.1804 0.2078 0.3137
v -0.057303 0.270000 1.160638 0.1804 0.2078 0.3137
v -0.038042 0.270000 1.198440 0.1804 0.2078 0.3137
v 0.306887 0.200000 0.395742 0.1804 0.2078 0.3137
v 0.316158 0.230000 0.367211 0.1804 0.2078 0.3137
v 0.335419 0.230000 0.405013 0.1804 0.2078 0.3137
v 0.306887 0.300000 0.395742 0.1804 0.2078 0.3137
v 0.335419 0.270000 0.405013 0.1804 0.2078 0.3137
v 0.316158 0.270000 0.367211 0.1804 0.2078 0.3137
v 0.230803 0.200000 0.371021 0.1804 0.2078 0.3137
v 0.202271 0.230000 0.361751 0.1804 0.2078 0.3137
v 0.240073 0.230000 0.342489 0.1804 0.2078 0.3137
v 0.230803 0.300000 0.371021 0.1804 0.2078 0.3137
v 0.240073 0.270000 0.342489 0.1804 0.2078 0.3137
v 0.202271 0.270000 0.361751 0.1804 0.2078 0.3137
v 0.262664 0.240000 0.402403 0.2039 0.2196 0.2471
v 0.262664 0.204853 0.317550 0.2039 0.2196 0.2471
v 0.262664 0.035147 0.317550 0.2039 0.2196 0.2471
v 0.262664 0.000000 0.402403 0.2039 0.2196 0.2471
v 0.322664 0.204853 0.342403 0.2039 0.2196 0.2471
v 0.347517 0.120000 0.317550 0.2039 0.2196 0.2471
v 0.322664 0.035147 0.342403 0.2039 0.2196 0.2471
v 0.347517 0.204853 0.402403 0.2039 0.2196 0.2471
v 0.382664 0.120000 0.402403 0.2039 0.2196 0.2471
v 0.347517 0.035147 0.402403 0.2039 0.2196 0.2471
v 0.322664 0.204853 0.462403 0.2039 0.2196 0.2471
v 0.347517 0.120000 0.487256 0.2039 0.2196 0.2471
v 0.322664 0.035147 0.462403 0.2039 0.2196 0.2471
v 0.262664 0.204853 0.487256 0.2039 0.2196 0.2471
v 0.262664 0.120000 0.522403 0.2039 0.2196 0.2471
v 0.262664 0.035147 0.487256 0.2039 0.2196 0.2471
v 0.202664 0.204853 0.462403 0.2039 0.2196 0.2471
v 0.177812 0.120000 0.487256 0.2039 0.2196 0.2471
v 0.202664 0.035147 0.462403 0.2039 0.2196 0.2471
v 0.177812 0.204853 0.402403 0.2039 0.2196 0.2471
v 0.142664 0.120000 0.402403 0.2039 0.2196 0.2471
v 0.177812 0.035147 0.402403 0.2039 0.2196 0.2471
v 0.202664 0.204853 0.342403 0.2039 0.2196 0.2471
v 0.177812 0.120000 0.317550 0.2039 0.2196 0.2471
v 0.202664 0.035147 0.342403 0.2039 0.2196 0.2471
v 0.262664 0.120000 0.282403 0.2039 0.2196 0.2471
v -0.000759 0.200000 1.160807 0.1804 0.2078 0.3137
v 0.016874 0.230000 1.136536 0.1804 0.2078 0.3137
v 0.023511 0.230000 1.178440 0.1804 0.2078 0.3137
v 0.016874 0.270000 1.136536 0.1804 0.2078 0.3137
v -0.000759 0.300000 1.160807 0.1804 0.2078 0.3137
v 0.023511 0.270000 1.178440 0.1804 0.2078 0.3137
v -0.047782 0.200000 1.225528 0.1804 0.2078 0.3137
v -0.023511 0.230000 1.243161 0.1804 0.2078 0.3137
v -0.065415 0.230000 1.249799 0.1804 0.2078 0.3137
v -0.047782 0.300000 1.225528 0.1804 0.2078 0.3137
v -0.065415 0.270000 1.249799 0.1804 0.2078 0.3137
v -0.023511 0.270000 1.243161 0.1804 0.2078 0.3137
v -0.680333 0.200000 0.667067 0.1804 0.2078 0.3137
v -0.704604 0.230000 0.649434 0.1804 0.2078 0.3137
v -0.662700 0.230000 0.642797 0.1804 0.2078 0.3137
v -0.680333 0.300000 0.667067 0.1804 0.2078 0.3137
v -0.662700 0.270000 0.642797 0.1804 0.2078 0.3137
v -0.704604 0.270000 0.649434 0.1804 0.2078 0.3137
v -0.727356 0.200000 0.731788 0.1804 0.2078 0.3137
v -0.744990 0.230000 0.756059 0.1804 0.2078 0.3137
v -0.751627 0.230000 0.714155 0.1804 0.2078 0.3137
v -0.727356 0.300000 0.731788 0.1804 0.2078 0.3137
v -0.751627 0.270000 0.714155 0.1804 0.2078 0.3137
v -0.744990 0.270000 0.756059 0.1804 0.2078 0.3137
v -0.687664 0.240000 0.711183 0.2039 0.2196 0.2471
v -0.687664 0.204853 0.626331 0.2039 0.2196 0.2471
v -0.687664 0.035147 0.626331 0.2039 0.2196 0.2471
v -0.687664 0.000000 0.711183 0.2039 0.2196 0.2471
v -0.627664 0.204853 0.651183 0.2039 0.2196 0.2471
v -0.602812 0.120000 0.626331 0.2039 0.2196 0.2471
v -0.627664 0.035147 0.651183 0.2039 0.2196 0.2471
v -0.602812 0.204853 0.711183 0.2039 0.2196 0.2471
v -0.567664 0.120000 0.711183 0.2039 0.2196 0.2471
v -0.602812 0.035147 0.711183 0.2039 0.2196 0.2471
v -0.627664 0.204853 0.771184 0.2039 0.2196 0.2471
v -0.602812 0.120000 0.796036 0.2039 0.2196 0.2471
v -0.627664 0.035147 0.771184 0.2039 0.2196 0.2471
v -0.687664 0.204853 0.796036 0.2039 0.2196 0.2471
v -0.687664 0.120000 0.831183 0.2039 0.2196 0.2471
v -0.687664 0.035147 0.796036 0.2039 0.2196 0.2471
v -0.747664 0.204853 0.771184 0.2039 0.2196 0.2471
v -0.772517 0.120000 0.796036 0.2039 0.2196 0.2471
v -0.747664 0.035147 0.771184 0.2039 0.2196 0.2471
v -0.772517 0.204853 0.711183 0.2039 0.2196 0.2471
v -0.807664 0.120000 0.711183 0.2039 0.2196 0.2471
v -0.772517 0.035147 0.711183 0.2039 0.2196 0.2471
v -0.747664 0.204853 0.651183 0.2039 0.2196 0.2471
v -0.772517 0.120000 0.626331 0.2039 0.2196 0.2471
v -0.747664 0.035147 0.651183 0.2039 0.2196 0.2471
v -0.687664 0.120000 0.591183 0.2039 0.2196 0.2471
v -0.047782 0.200000 1.196074 0.1804 0.2078 0.3137
v -0.065416 0.230000 1.171803 0.1804 0.2078 0.3137
v -0.023511 0.230000 1.178440 0.1804 0.2078 0.3137
v -0.065416 0.270000 1.171803 0.1804 0.2078 0.3137
v -0.047782 0.300000 1.196074 0.1804 0.2078 0.3137
v -0.023511 0.270000 1.178440 0.1804 0.2078 0.3137
v -0.000759 0.200000 1.260795 0.1804 0.2078 0.3137
v 0.023511 0.230000 1.243161 0.1804 0.2078 0.3137
v 0.016874 0.230000 1.285066 0.1804 0.2078 0.3137
v -0.000759 0.300000 1.260795 0.1804 0.2078 0.3137
v 0.016874 0.270000 1.285066 0.1804 0.2078 0.3137
v 0.023511 0.270000 1.243161 0.1804 0.2078 0.3137
v -0.727356 0.200000 1.689814 0.1804 0.2078 0.3137
v -0.751627 0.230000 1.707447 0.1804 0.2078 0.3137
v -0.744990 0.230000 1.665543 0.1804 0.2078 0.3137
v -0.727356 0.300000 1.689814 0.1804 0.2078 0.3137
v -0.744990 0.270000 1.665543 0.1804 0.2078 0.3137
v -0.751627 0.270000 1.707447 0.1804 0.2078 0.3137
v -0.680333 0.200000 1.754535 0.1804 0.2078 0.3137
v -0.662700 0.230000 1.778805 0.1804 0.2078 0.3137
v -0.704604 0.230000 1.772168 0.1804 0.2078 0.3137
v -0.680333 0.300000 1.754535 0.1804 0.2078 0.3137
v -0.704604 0.270000 1.772168 0.1804 0.2078 0.3137
v -0.662700 0.270000 1.778805 0.1804 0.2078 0.3137
v -0.687664 0.240000 1.710418 0.2039 0.2196 0.2471
v -0.687664 0.204853 1.625566 0.2039 0.2196 0.2471
v -0.687664 0.035147 1.625566 0.2039 0.2196 0.2471
v -0.687664 0.000000 1.710418 0.2039 0.2196 0.2471
v -0.627664 0.204853 1.650418 0.2039 0.2196 0.2471
v -0.602812 0.120000 1.625566 0.2039 0.2196 0.2471
v -0.627664 0.035147 1.650418 0.2039 0.2196 0.2471
v -0.602812 0.204853 1.710418 0.2039 0.2196 0.2471
v -0.567664 0.120000 1.710418 0.2039 0.2196 0.2471
v -0.602812 0.035147 1.710418 0.2039 0.2196 0.2471
v -0.627664 0.204853 1.770418 0.2039 0.2196 0.2471
v -0.602812 0.120000 1.795271 0.2039 0.2196 0.2471
v -0.627664 0.035147 1.770418 0.2039 0.2196 0.2471
v -0.687664 0.204853 1.795271 0.2039 0.2196 0.2471
v -0.687664 0.120000 1.830418 0.2039 0.2196 0.2471
v -0.687664 0.035147 1.795271 0.2039 0.2196 0.2471
v -0.747664 0.204853 1.770418 0.2039 0.2196 0.2471
v -0.772517 0.120000 1.795271 0.2039 0.2196 0.2471
v -0.747664 0.035147 1.770418 0.2039 0.2196 0.2471
v -0.772517 0.204853 1.710418 0.2039 0.2196 0.2471
v -0.807664 0.120000 1.710418 0.2039 0.2196 0.2471
v -0.772517 0.035147 1.710418 0.2039 0.2196 0.2471
v -0.747664 0.204853 1.650418 0.2039 0.2196 0.2471
v -0.772517 0.120000 1.625566 0.2039 0.2196 0.2471
v -0.747664 0.035147 1.650418 0.2039 0.2196 0.2471
v -0.687664 0.120000 1.590418 0.2039 0.2196 0.2471
v -0.028772 0.200000 1.251693 0.1804 0.2078 0.3137
v -0.057303 0.230000 1.260964 0.1804 0.2078 0.3137
v -0.038042 0.230000 1.223162 0.1804 0.2078 0.3137
v -0.057303 0.270000 1.260964 0.1804 0.2078 0.3137
v -0.028772 0.300000 1.251693 0.1804 0.2078 0.3137
v -0.038042 0.270000 1.223162 0.1804 0.2078 0.3137
v 0.047313 0.200000 1.226972 0.1804 0.2078 0.3137
v 0.038042 0.230000 1.198440 0.1804 0.2078 0.3137
v 0.075844 0.230000 1.217701 0.1804 0.2078 0.3137
v 0.047313 0.300000 1.226972 0.1804 0.2078 0.3137
v 0.075844 0.270000 1.217701 0.1804 0.2078 0.3137
v 0.038042 0.270000 1.198440 0.1804 0.2078 0.3137
v 0.230803 0.200000 2.050581 0.1804 0.2078 0.3137
v 0.240073 0.230000 2.079113 0.1804 0.2078 0.3137
v 0.202271 0.230000 2.059851 0.1804 0.2078 0.3137
v 0.230803 0.300000 2.050581 0.1804 0.2078 0.3137
v 0.202271 0.270000 2.059851 0.1804 0.2078 0.3137
v 0.240073 0.270000 2.079113 0.1804 0.2078 0.3137
v 0.306887 0.200000 2.025859 0.1804 0.2078 0.3137
v 0.335419 0.230000 2.016589 0.1804 0.2078 0.3137
v 0.316158 0.230000 2.054391 0.1804 0.2078 0.3137
v 0.306887 0.300000 2.025859 0.1804 0.2078 0.3137
v 0.316158 0.270000 2.054391 0.1804 0.2078 0.3137
v 0.335419 0.270000 2.016589 0.1804 0.2078 0.3137
v 0.262664 0.240000 2.019199 0.2039 0.2196 0.2471
v 0.262664 0.204853 1.934346 0.2039 0.2196 0.2471
v 0.262664 0.035147 1.934346 0.2039 0.2196 0.2471
v 0.262664 0.000000 2.019199 0.2039 0.2196 0.2471
v 0.322664 0.204853 1.959199 0.2039 0.2196 0.2471
v 0.347517 0.120000 1.934346 0.2039 0.2196 0.2471
v 0.322664 0.035147 1.959199 0.2039 0.2196 0.2471
v 0.347517 0.204853 2.019199 0.2039 0.2196 0.2471
v 0.382664 0.120000 2.019199 0.2039 0.2196 0.2471
v 0.347517 0.035147 2.019199 0.2039 0.2196 0.2471
v 0.322664 0.204853 2.079199 0.2039 0.2196 0.2471
v 0.347517 0.120000 2.104052 0.2039 0.2196 0.2471
v 0.322664 0.035147 2.079199 0.2039 0.2196 0.2471
v 0.262664 0.204853 2.104052 0.2039 0.2196 0.2471
v 0.262664 0.120000 2.139199 0.2039 0.2196 0.2471
v 0.262664 0.035147 2.104052 0.2039 0.2196 0.2471
v 0.202664 0.204853 2.079199 0.2039 0.2196 0.2471
v 0.177812 0.120000 2.104052 0.2039 0.2196 0.2471
v 0.202664 0.035147 2.079199 0.2039 0.2196 0.2471
v 0.177812 0.204853 2.019199 0.2039 0.2196 0.2471
v 0.142664 0.120000 2.019199 0.2039 0.2196 0.2471
v 0.177812 0.035147 2.019199 0.2039 0.2196 0.2471
v 0.202664 0.204853 1.959199 0.2039 0.2196 0.2471
v 0.177812 0.120000 1.934346 0.2039 0.2196 0.2471
v 0.202664 0.035147 1.959199 0.2039 0.2196 0.2471
v 0.262664 0.120000 1.899199 0.2039 0.2196 0.2471
v 0.000000 0.250000 1.120801 0.7216 0.7608 0.8000
v 0.000000 1.250000 1.120801 0.7216 0.7608 0.8000
v 0.052901 0.250000 1.137990 0.7216 0.7608 0.8000
v 0.052901 1.250000 1.137990 0.7216 0.7608 0.8000
v 0.085595 0.250000 1.182989 0.7216 0.7608 0.8000
v 0.085595 1.250000 1.182989 0.7216 0.7608 0.8000
v 0.085595 0.250000 1.238612 0.7216 0.7608 0.8000
v 0.085595 1.250000 1.238612 0.7216 0.7608 0.8000
v 0.052901 0.250000 1.283612 0.7216 0.7608 0.8000
v 0.052901 1.250000 1.283612 0.7216 0.7608 0.8000
v 0.000000 0.250000 1.300801 0.7216 0.7608 0.8000
v 0.000000 1.250000 1.300801 0.7216 0.7608 0.8000
v -0.052901 0.250000 1.283612 0.7216 0.7608 0.8000
v -0.052901 1.250000 1.283612 0.7216 0.7608 0.8000
v -0.085595 0.250000 1.238612 0.7216 0.7608 0.8000
v -0.085595 1.250000 1.238612 0.7216 0.7608 0.8000
v -0.085595 0.250000 1.182989 0.7216 0.7608 0.8000
v -0.085595 1.250000 1.182989 0.7216 0.7608 0.8000
v -0.052901 0.250000 1.137990 0.7216 0.7608 0.8000
v -0.052901 1.250000 1.137990 0.7216 0.7608 0.8000
v -0.530000 1.200000 1.690801 0.1804 0.2078 0.3137
v -0.530000 1.320000 1.810801 0.1804 0.2078 0.3137
v -0.650000 1.320000 1.690801 0.1804 0.2078 0.3137
v -0.530000 1.235147 1.775654 0.1804 0.2078 0.3137
v -0.599282 1.250718 1.760083 0.1804 0.2078 0.3137
v -0.614853 1.320000 1.775654 0.1804 0.2078 0.3137
v -0.614853 1.235147 1.690801 0.1804 0.2078 0.3137
v -0.530000 1.380000 1.810801 0.1804 0.2078 0.3137
v -0.530000 1.500000 1.690801 0.1804 0.2078 0.3137
v -0.650000 1.380000 1.690801 0.1804 0.2078 0.3137
v -0.530000 1.464853 1.775654 0.1804 0.2078 0.3137
v -0.599282 1.449282 1.760083 0.1804 0.2078 0.3137
v -0.614853 1.464853 1.690801 0.1804 0.2078 0.3137
v -0.614853 1.380000 1.775654 0.1804 0.2078 0.3137
v -0.530000 1.200000 0.730801 0.1804 0.2078 0.3137
v -0.650000 1.320000 0.730801 0.1804 0.2078 0.3137
v -0.530000 1.320000 0.610801 0.1804 0.2078 0.3137
v -0.614853 1.235147 0.730801 0.1804 0.2078 0.3137
v -0.599282 1.250718 0.661519 0.1804 0.2078 0.3137
v -0.614853 1.320000 0.645948 0.1804 0.2078 0.3137
v -0.530000 1.235147 0.645948 0.1804 0.2078 0.3137
v -0.530000 1.500000 0.730801 0.1804 0.2078 0.3137
v -0.530000 1.380000 0.610801 0.1804 0.2078 0.3137
v -0.650000 1.380000 0.730801 0.1804 0.2078 0.3137
v -0.530000 1.464853 0.645948 0.1804 0.2078 0.3137
v -0.599282 1.449282 0.661519 0.1804 0.2078 0.3137
v -0.614853 1.380000 0.645948 0.1804 0.2078 0.3137
v -0.614853 1.464853 0.730801 0.1804 0.2078 0.3137
v 0.530000 1.200000 1.690801 0.1804 0.2078 0.3137
v 0.650000 1.320000 1.690801 0.1804 0.2078 0.3137
v 0.530000 1.320000 1.810801 0.1804 0.2078 0.3137
v 0.614853 1.235147 1.690801 0.1804 0.2078 0.3137
v 0.599282 1.250718 1.760083 0.1804 0.2078 0.3137
v 0.614853 1.320000 1.775654 0.1804 0.2078 0.3137
v 0.530000 1.235147 1.775654 0.1804 0.2078 0.3137
v 0.530000 1.500000 1.690801 0.1804 0.2078 0.3137
v 0.530000 1.380000 1.810801 0.1804 0.2078 0.3137
v 0.650000 1.380000 1.690801 0.1804 0.2078 0.3137
v 0.530000 1.464853 1.775654 0.1804 0.2078 0.3137
v 0.599282 1.449282 1.760083 0.1804 0.2078 0.3137
v 0.614853 1.380000 1.775654 0.1804 0.2078 0.3137
v 0.614853 1.464853 1.690801 0.1804 0.2078 0.3137
v 0.530000 1.200000 0.730801 0.1804 0.2078 0.3137
v 0.530000 1.320000 0.610801 0.1804 0.2078 0.3137
v 0.650000 1.320000 0.730801 0.1804 0.2078 0.3137
v 0.530000 1.235147 0.645948 0.1804 0.2078 0.3137
v 0.599282 1.250718 0.661519 0.1804 0.2078 0.3137
v 0.614853 1.320000 0.645948 0.1804 0.2078 0.3137
v 0.614853 1.235147 0.730801 0.1804 0.2078 0.3137
v 0.530000 1.500000 0.730801 0.1804 0.2078 0.3137
v 0.650000 1.380000 0.730801 0.1804 0.2078 0.3137
v 0.530000 1.380000 0.610801 0.1804 0.2078 0.3137
v 0.614853 1.464853 0.730801 0.1804 0.2078 0.3137
v 0.599282 1.449282 0.661519 0.1804 0.2078 0.3137
v 0.614853 1.380000 0.645948 0.1804 0.2078 0.3137
v 0.530000 1.464853 0.645948 0.1804 0.2078 0.3137
v -0.487500 1.508552 0.720600 0.1804 0.2078 0.3137
v -0.487500 1.635614 0.816349 0.1804 0.2078 0.3137
v -0.600000 1.619957 0.704943 0.1804 0.2078 0.3137
v -0.487500 1.552253 0.794790 0.1804 0.2078 0.3137
v -0.552452 1.564677 0.778303 0.1804 0.2078 0.3137
v -0.567050 1.631028 0.783719 0.1804 0.2078 0.3137
v -0.567050 1.541182 0.716014 0.1804 0.2078 0.3137
v -0.487500 2.799179 0.652820 0.1804 0.2078 0.3137
v -0.487500 2.894928 0.525758 0.1804 0.2078 0.3137
v -0.600000 2.783522 0.541415 0.1804 0.2078 0.3137
v -0.487500 2.873369 0.609119 0.1804 0.2078 0.3137
v -0.552452 2.856882 0.596695 0.1804 0.2078 0.3137
v -0.567050 2.862298 0.530344 0.1804 0.2078 0.3137
v -0.567050 2.794594 0.620190 0.1804 0.2078 0.3137
v -0.487500 1.505073 0.695844 0.1804 0.2078 0.3137
v -0.600000 1.616478 0.680187 0.1804 0.2078 0.3137
v -0.487500 1.600821 0.568782 0.1804 0.2078 0.3137
v -0.567050 1.537703 0.691258 0.1804 0.2078 0.3137
v -0.552452 1.543119 0.624907 0.1804 0.2078 0.3137
v -0.567050 1.605407 0.601412 0.1804 0.2078 0.3137
v -0.487500 1.526631 0.612483 0.1804 0.2078 0.3137
v -0.487500 2.891448 0.501001 0.1804 0.2078 0.3137
v -0.487500 2.764386 0.405253 0.1804 0.2078 0.3137
v -0.600000 2.780043 0.516658 0.1804 0.2078 0.3137
v -0.487500 2.847747 0.426812 0.1804 0.2078 0.3137
v -0.552452 2.835323 0.443299 0.1804 0.2078 0.3137
v -0.567050 2.768972 0.437883 0.1804 0.2078 0.3137
v -0.567050 2.858818 0.505587 0.1804 0.2078 0.3137
v 0.487500 1.508552 0.720600 0.1804 0.2078 0.3137
v 0.600000 1.619957 0.704943 0.1804 0.2078 0.3137
v 0.487500 1.635614 0.816349 0.1804 0.2078 0.3137
v 0.567050 1.541182 0.716014 0.1804 0.2078 0.3137
v 0.552452 1.564677 0.778303 0.1804 0.2078 0.3137
v 0.567050 1.631028 0.783719 0.1804 0.2078 0.3137
v 0.487500 1.552253 0.794790 0.1804 0.2078 0.3137
v 0.487500 2.894928 0.525758 0.1804 0.2078 0.3137
v 0.487500 2.799179 0.652820 0.1804 0.2078 0.3137
v 0.600000 2.783522 0.541415 0.1804 0.2078 0.3137
v 0.487500 2.873369 0.609119 0.1804 0.2078 0.3137
v 0.552452 2.856882 0.596695 0.1804 0.2078 0.3137
v 0.567050 2.794594 0.620190 0.1804 0.2078 0.3137
v 0.567050 2.862298 0.530344 0.1804 0.2078 0.3137
v 0.487500 1.505073 0.695844 0.1804 0.2078 0.3137
v 0.487500 1.600821 0.568782 0.1804 0.2078 0.3137
v 0.600000 1.616478 0.680187 0.1804 0.2078 0.3137
v 0.487500 1.526631 0.612483 0.1804 0.2078 0.3137
v 0.552452 1.543119 0.624907 0.1804 0.2078 0.3137
v 0.567050 1.605407 0.601412 0.1804 0.2078 0.3137
v 0.567050 1.537703 0.691258 0.1804 0.2078 0.3137
v 0.487500 2.891448 0.501001 0.1804 0.2078 0.3137
v 0.600000 2.780043 0.516658 0.1804 0.2078 0.3137
v 0.487500 2.764386 0.405253 0.1804 0.2078 0.3137
v 0.567050 2.858818 0.505587 0.1804 0.2078 0.3137
v 0.552452 2.835323 0.443299 0.1804 0.2078 0.3137
v 0.567050 2.768972 0.437883 0.1804 0.2078 0.3137
v 0.487500 2.847747 0.426812 0.1804 0.2078 0.3137
v -0.730000 1.800000 1.530801 0.1804 0.2078 0.3137
v -0.730000 1.830000 1.560801 0.1804 0.2078 0.3137
v -0.760000 1.830000 1.530801 0.1804 0.2078 0.3137
v -0.730000 1.870000 1.560801 0.1804 0.2078 0.3137
v -0.730000 1.900000 1.530801 0.1804 0.2078 0.3137
v -0.760000 1.870000 1.530801 0.1804 0.2078 0.3137
v -0.730000 1.800000 0.790801 0.1804 0.2078 0.3137
v -0.760000 1.830000 0.790801 0.1804 0.2078 0.3137
v -0.730000 1.830000 0.760801 0.1804 0.2078 0.3137
v -0.730000 1.900000 0.790801 0.1804 0.2078 0.3137
v -0.730000 1.870000 0.760801 0.1804 0.2078 0.3137
v -0.760000 1.870000 0.790801 0.1804 0.2078 0.3137
v -0.670000 1.800000 1.530801 0.1804 0.2078 0.3137
v -0.640000 1.830000 1.530801 0.1804 0.2078 0.3137
v -0.670000 1.830000 1.560801 0.1804 0.2078 0.3137
v -0.670000 1.900000 1.530801 0.1804 0.2078 0.3137
v -0.670000 1.870000 1.560801 0.1804 0.2078 0.3137
v -0.640000 1.870000 1.530801 0.1804 0.2078 0.3137
v -0.670000 1.800000 0.790801 0.1804 0.2078 0.3137
v -0.670000 1.830000 0.760801 0.1804 0.2078 0.3137
v -0.640000 1.830000 0.790801 0.1804 0.2078 0.3137
v -0.670000 1.900000 0.790801 0.1804 0.2078 0.3137
v -0.640000 1.870000 0.790801 0.1804 0.2078 0.3137
v -0.670000 1.870000 0.760801 0.1804 0.2078 0.3137
v -0.750000 1.420000 0.960801 0.1804 0.2078 0.3137
v -0.750000 1.820000 0.960801 0.1804 0.2078 0.3137
v -0.750000 1.420000 0.860801 0.1804 0.2078 0.3137
v -0.750000 1.820000 0.860801 0.1804 0.2078 0.3137
v -0.650000 1.420000 0.960801 0.1804 0.2078 0.3137
v -0.650000 1.820000 0.960801 0.1804 0.2078 0.3137
v -0.650000 1.420000 0.860801 0.1804 0.2078 0.3137
v -0.650000 1.820000 0.860801 0.1804 0.2078 0.3137
v 0.670000 1.800000 1.530801 0.1804 0.2078 0.3137
v 0.670000 1.830000 1.560801 0.1804 0.2078 0.3137
v 0.640000 1.830000 1.530801 0.1804 0.2078 0.3137
v 0.670000 1.870000 1.560801 0.1804 0.2078 0.3137
v 0.670000 1.900000 1.530801 0.1804 0.2078 0.3137
v 0.640000 1.870000 1.530801 0.1804 0.2078 0.3137
v 0.670000 1.800000 0.790801 0.1804 0.2078 0.3137
v 0.640000 1.830000 0.790801 0.1804 0.2078 0.3137
v 0.670000 1.830000 0.760801 0.1804 0.2078 0.3137
v 0.670000 1.900000 0.790801 0.1804 0.2078 0.3137
v 0.670000 1.870000 0.760801 0.1804 0.2078 0.3137
v 0.640000 1.870000 0.790801 0.1804 0.2078 0.3137
v 0.730000 1.800000 1.530801 0.1804 0.2078 0.3137
v 0.760000 1.830000 1.530801 0.1804 0.2078 0.3137
v 0.730000 1.830000 1.560801 0.1804 0.2078 0.3137
v 0.730000 1.900000 1.530801 0.1804 0.2078 0.3137
v 0.730000 1.870000 1.560801 0.1804 0.2078 0.3137
v 0.760000 1.870000 1.530801 0.1804 0.2078 0.3137
v 0.730000 1.800000 0.790801 0.1804 0.2078 0.3137
v 0.730000 1.830000 0.760801 0.1804 0.2078 0.3137
v 0.760000 1.830000 0.790801 0.1804 0.2078 0.3137
v 0.730000 1.900000 0.790801 0.1804 0.2078 0.3137
v 0.760000 1.870000 0.790801 0.1804 0.2078 0.3137
v 0.730000 1.870000 0.760801 0.1804 0.2078 0.3137
v 0.650000 1.420000 0.960801 0.1804 0.2078 0.3137
v 0.650000 1.820000 0.960801 0.1804 0.2078 0.3137
v 0.650000 1.420000 0.860801 0.1804 0.2078 0.3137
v 0.650000 1.820000 0.860801 0.1804 0.2078 0.3137
v 0.750000 1.420000 0.960801 0.1804 0.2078 0.3137
v 0.750000 1.820000 0.960801 0.1804 0.2078 0.3137
v 0.750000 1.420000 0.860801 0.1804 0.2078 0.3137
v 0.750000 1.820000 0.860801 0.1804 0.2078 0.3137
vn -0.1794 -0.9673 0.1794
vn -0.1585 -0.9194 0.3600
vn -0.3251 -0.8881 0.3251
vn -0.3600 -0.9194 0.1585
vn -0.1794 -0.1794 0.9673
vn -0.3600 -0.1585 0.9194
vn -0.3251 -0.3251 0.8881
vn -0.1585 -0.3600 0.9194
vn -0.9673 -0.1794 0.1794
vn -0.9194 -0.3600 0.1585
vn -0.8881 -0.3251 0.3251
vn -0.9194 -0.1585 0.3600
vn -0.1794 0.1794 0.9673
vn -0.1585 0.3600 0.9194
vn -0.3251 0.3251 0.8881
vn -0.3600 0.1585 0.9194
vn -0.1794 0.9673 0.1794
vn -0.3600 0.9194 0.1585
vn -0.3251 0.8881 0.3251
vn -0.1585 0.9194 0.3600
vn -0.9673 0.1794 0.1794
vn -0.9194 0.1585 0.3600
vn -0.8881 0.3251 0.3251
vn -0.9194 0.3600 0.1585
vn -0.1794 -0.9673 -0.1794
vn -0.3600 -0.9194 -0.1585
vn -0.3251 -0.8881 -0.3251
vn -0.1585 -0.9194 -0.3600
vn -0.9673 -0.1794 -0.1794
vn -0.9194 -0.1585 -0.3600
vn -0.8881 -0.3251 -0.3251
vn -0.9194 -0.3600 -0.1585
vn -0.1794 -0.1794 -0.9673
vn -0.1585 -0.3600 -0.9194
vn -0.3251 -0.3251 -0.8881
vn -0.3600 -0.1585 -0.9194
vn -0.1794 0.9673 -0.1794
vn -0.1585 0.9194 -0.3600
vn -0.3251 0.8881 -0.3251
vn -0.3600 0.9194 -0.1585
vn -0.1794 0.1794 -0.9673
vn -0.3600 0.1585 -0.9194
vn -0.3251 0.3251 -0.8881
vn -0.1585 0.3600 -0.9194
vn -0.9673 0.1794 -0.1794
vn -0.9194 0.3600 -0.1585
vn -0.8881 0.3251 -0.3251
vn -0.9194 0.1585 -0.3600
vn 0.1794 -0.9673 0.1794
vn 0.3600 -0.9194 0.1585
vn 0.3251 -0.8881 0.3251
vn 0.1585 -0.9194 0.3600
vn 0.9673 -0.1794 0.1794
vn 0.9194 -0.1585 0.3600
vn 0.8881 -0.3251 0.3251
vn 0.9194 -0.3600 0.1585
vn 0.1794 -0.1794 0.9673
vn 0.1585 -0.3600 0.9194
vn 0.3251 -0.3251 0.8881
vn 0.3600 -0.1585 0.9194
vn 0.1794 0.9673 0.1794
vn 0.1585 0.9194 0.3600
vn 0.3251 0.8881 0.3251
vn 0.3600 0.9194 0.1585
vn 0.1794 0.1794 0.9673
vn 0.3600 0.1585 0.9194
vn 0.3251 0.3251 0.8881
vn 0.1585 0.3600 0.9194
vn 0.9673 0.1794 0.1794
vn 0.9194 0.3600 0.1585
vn 0.8881 0.3251 0.3251
vn 0.9194 0.1585 0.3600
vn 0.1794 -0.9673 -0.1794
vn 0.1585 -0.9194 -0.3600
vn 0.3251 -0.8881 -0.3251
vn 0.3600 -0.9194 -0.1585
vn 0.1794 -0.1794 -0.9673
vn 0.3600 -0.1585 -0.9194
vn 0.3251 -0.3251 -0.8881
vn 0.1585 -0.3600 -0.9194
vn 0.9673 -0.1794 -0.1794
vn 0.9194 -0.3600 -0.1585
vn 0.8881 -0.3251 -0.3251
vn 0.9194 -0.1585 -0.3600
vn 0.1794 0.9673 -0.1794
vn 0.3600 0.9194 -0.1585
vn 0.3251 0.8881 -0.3251
vn 0.1585 0.9194 -0.3600
vn 0.9673 0.1794 -0.1794
vn 0.9194 0.1585 -0.3600
vn 0.8881 0.3251 -0.3251
vn 0.9194 0.3600 -0.1585
vn 0.1794 0.1794 -0.9673
vn 0.1585 0.3600 -0.9194
vn 0.3251 0.3251 -0.8881
vn 0.3600 0.1585 -0.9194
vn -0.4606 -0.7588 0.4606
vn -0.4606 -0.4606 0.7588
vn -0.7588 -0.4606 0.4606
vn -0.4606 0.4606 0.7588
vn -0.4606 0.7588 0.4606
vn -0.7588 0.4606 0.4606
vn -0.4606 -0.7588 -0.4606
vn -0.7588 -0.4606 -0.4606
vn -0.4606 -0.4606 -0.7588
vn -0.4606 0.7588 -0.4606
vn -0.4606 0.4606 -0.7588
vn -0.7588 0.4606 -0.4606
vn 0.4606 -0.7588 0.4606
vn 0.7588 -0.4606 0.4606
vn 0.4606 -0.4606 0.7588
vn 0.4606 0.7588 0.4606
vn 0.4606 0.4606 0.7588
vn 0.7588 0.4606 0.4606
vn 0.4606 -0.7588 -0.4606
vn 0.4606 -0.4606 -0.7588
vn 0.7588 -0.4606 -0.4606
vn 0.4606 0.7588 -0.4606
vn 0.7588 0.4606 -0.4606
vn 0.4606 0.4606 -0.7588
vn -0.0000 -1.0000 -0.0000
vn -1.0000 -0.0000 -0.0000
vn -0.0000 -0.0000 1.0000
vn -0.0000 1.0000 -0.0000
vn -0.0000 -0.0000 -1.0000
vn 1.0000 -0.0000 -0.0000
vn 0.5878 -0.0000 -0.8090
vn 0.9511 -0.0000 -0.3090
vn 0.9511 -0.0000 0.3090
vn 0.5878 -0.0000 0.8090
vn -0.5878 -0.0000 0.8090
vn -0.9511 -0.0000 0.3090
vn -0.9511 -0.0000 -0.3090
vn -0.5878 -0.0000 -0.8090
vn 0.4339 -0.0000 -0.9010
vn 0.7818 -0.0000 -0.6235
vn 0.9749 -0.0000 -0.2225
vn 0.9749 -0.0000 0.2225
vn 0.7818 -0.0000 0.6235
vn 0.4339 -0.0000 0.9010
vn -0.4339 -0.0000 0.9010
vn -0.7818 -0.0000 0.6235
vn -0.9749 -0.0000 0.2225
vn -0.9749 -0.0000 -0.2225
vn -0.7818 -0.0000 -0.6235
vn -0.4339 -0.0000 -0.9010
vn -0.2957 -0.7588 0.5803
vn -0.2035 -0.4606 0.8640
vn -0.5793 -0.4606 0.6725
vn -0.2035 0.4606 0.8640
vn -0.2957 0.7588 0.5803
vn -0.5793 0.4606 0.6725
vn -0.5803 -0.7588 -0.2957
vn -0.8640 -0.4606 -0.2035
vn -0.6725 -0.4606 -0.5793
vn -0.5803 0.7588 -0.2957
vn -0.6725 0.4606 -0.5793
vn -0.8640 0.4606 -0.2035
vn 0.5803 -0.7588 0.2957
vn 0.8640 -0.4606 0.2035
vn 0.6725 -0.4606 0.5793
vn 0.5803 0.7588 0.2957
vn 0.6725 0.4606 0.5793
vn 0.8640 0.4606 0.2035
vn 0.2957 -0.7588 -0.5803
vn 0.2035 -0.4606 -0.8640
vn 0.5793 -0.4606 -0.6725
vn 0.2957 0.7588 -0.5803
vn 0.5793 0.4606 -0.6725
vn 0.2035 0.4606 -0.8640
vn 0.3090 -0.0000 0.9511
vn -0.3090 -0.0000 -0.9511
vn 0.6734 0.7061 -0.2188
vn -0.6734 -0.7061 0.2188
vn -0.6095 0.3652 -0.7037
vn -0.4450 0.4565 -0.7704
vn -0.4447 0.4567 -0.7705
vn -0.6679 0.7119 0.2170
vn -0.0795 0.3652 0.9275
vn 0.0932 0.4567 0.8847
vn 0.0928 0.4565 0.8849
vn 0.6116 -0.3635 0.7027
vn 0.4461 -0.4558 0.7702
vn 0.4459 -0.4559 0.7703
vn 0.6755 -0.7040 -0.2195
vn 0.0818 -0.3635 -0.9280
vn -0.0920 -0.4559 -0.8853
vn -0.0918 -0.4558 -0.8853
vn -0.4493 0.4621 -0.7646
vn 0.0859 0.4621 0.8827
vn 0.4493 -0.4621 0.7646
vn -0.0859 -0.4621 -0.8827
vn -0.6716 0.7081 0.2182
vn 0.6716 -0.7081 -0.2182
vn -0.4461 0.4558 -0.7702
vn -0.4459 0.4559 -0.7703
vn 0.0920 0.4559 0.8853
vn 0.0918 0.4558 0.8853
vn 0.4450 -0.4565 0.7704
vn 0.4447 -0.4567 0.7705
vn -0.0932 -0.4567 -0.8847
vn -0.0928 -0.4565 -0.8849
vn -0.6116 0.3635 -0.7027
vn -0.6755 0.7040 0.2195
vn -0.0818 0.3635 0.9280
vn 0.6095 -0.3652 0.7037
vn 0.6679 -0.7119 -0.2170
vn 0.0795 -0.3652 -0.9275
vn -0.5803 -0.7588 0.2957
vn -0.6725 -0.4606 0.5793
vn -0.8640 -0.4606 0.2035
vn -0.6725 0.4606 0.5793
vn -0.5803 0.7588 0.2957
vn -0.8640 0.4606 0.2035
vn -0.2957 -0.7588 -0.5803
vn -0.5793 -0.4606 -0.6725
vn -0.2035 -0.4606 -0.8640
vn -0.2957 0.7588 -0.5803
vn -0.2035 0.4606 -0.8640
vn -0.5793 0.4606 -0.6725
vn 0.2957 -0.7588 0.5803
vn 0.5793 -0.4606 0.6725
vn 0.2035 -0.4606 0.8640
vn 0.2957 0.7588 0.5803
vn 0.2035 0.4606 0.8640
vn 0.5793 0.4606 0.6725
vn 0.5803 -0.7588 -0.2957
vn 0.6725 -0.4606 -0.5793
vn 0.8640 -0.4606 -0.2035
vn 0.5803 0.7588 -0.2957
vn 0.8640 0.4606 -0.2035
vn 0.6725 0.4606 -0.5793
vn -0.3090 -0.0000 0.9511
vn 0.3090 -0.0000 -0.9511
vn 0.6734 0.7061 0.2188
vn -0.6734 -0.7061 -0.2188
vn -0.0795 0.3652 -0.9275
vn 0.0928 0.4565 -0.8849
vn 0.0932 0.4567 -0.8847
vn -0.6679 0.7119 -0.2170
vn -0.6095 0.3652 0.7037
vn -0.4447 0.4567 0.7705
vn -0.4450 0.4565 0.7704
vn 0.0818 -0.3635 0.9280
vn -0.0918 -0.4558 0.8853
vn -0.0920 -0.4559 0.8853
vn 0.6755 -0.7040 0.2195
vn 0.6116 -0.3635 -0.7027
vn 0.4459 -0.4559 -0.7703
vn 0.4461 -0.4558 -0.7702
vn 0.0859 0.4621 -0.8827
vn -0.4493 0.4621 0.7646
vn -0.0859 -0.4621 0.8827
vn 0.4493 -0.4621 -0.7646
vn -0.6716 0.7081 -0.2182
vn 0.6716 -0.7081 0.2182
vn 0.0918 0.4558 -0.8853
vn 0.0920 0.4559 -0.8853
vn -0.4459 0.4559 0.7703
vn -0.4461 0.4558 0.7702
vn -0.0928 -0.4565 0.8849
vn -0.0932 -0.4567 0.8847
vn 0.4447 -0.4567 -0.7705
vn 0.4450 -0.4565 -0.7704
vn -0.0818 0.3635 -0.9280
vn -0.6755 0.7040 -0.2195
vn -0.6116 0.3635 0.7027
vn 0.0795 -0.3652 0.9275
vn 0.6679 -0.7119 0.2170
vn 0.6095 -0.3652 -0.7037
vn 0.5000 -0.0000 -0.8660
vn 0.8660 -0.0000 -0.5000
vn 0.8660 -0.0000 0.5000
vn 0.5000 -0.0000 0.8660
vn -0.5000 -0.0000 0.8660
vn -0.8660 -0.0000 0.5000
vn -0.8660 -0.0000 -0.5000
vn -0.5000 -0.0000 -0.8660
vn 0.8090 -0.0000 0.5878
vn 0.6545 0.4755 0.5878
vn 0.2500 0.7694 0.5878
vn -0.2500 0.7694 0.5878
vn -0.6545 0.4755 0.5878
vn -0.8090 -0.0000 0.5878
vn -0.6545 -0.4755 0.5878
vn -0.2500 -0.7694 0.5878
vn 0.2500 -0.7694 0.5878
vn 0.6545 -0.4755 0.5878
vn -0.2500 -0.1816 0.9511
vn -0.0955 -0.2939 0.9511
vn 0.0955 -0.2939 0.9511
vn 0.2500 -0.1816 0.9511
vn 0.2500 0.1816 0.9511
vn 0.0955 0.2939 0.9511
vn -0.0955 0.2939 0.9511
vn -0.2500 0.1816 0.9511
vn -0.8090 -0.5878 -0.0000
vn -0.3090 -0.9511 -0.0000
vn 0.3090 -0.9511 -0.0000
vn 0.8090 -0.5878 -0.0000
vn 0.8090 0.5878 -0.0000
vn 0.3090 0.9511 -0.0000
vn -0.3090 0.9511 -0.0000
vn -0.8090 0.5878 -0.0000
vn -0.2500 -0.1816 -0.9511
vn -0.0955 -0.2939 -0.9511
vn 0.0955 -0.2939 -0.9511
vn 0.2500 -0.1816 -0.9511
vn 0.2500 0.1816 -0.9511
vn 0.0955 0.2939 -0.9511
vn -0.0955 0.2939 -0.9511
vn -0.2500 0.1816 -0.9511
vn 0.8090 -0.0000 -0.5878
vn 0.6545 0.4755 -0.5878
vn 0.2500 0.7694 -0.5878
vn -0.2500 0.7694 -0.5878
vn -0.6545 0.4755 -0.5878
vn -0.8090 -0.0000 -0.5878
vn -0.6545 -0.4755 -0.5878
vn -0.2500 -0.7694 -0.5878
vn 0.2500 -0.7694 -0.5878
vn 0.6545 -0.4755 -0.5878
vn -0.4606 -0.8155 0.3505
vn -0.4606 -0.5617 0.6873
vn -0.7588 -0.5202 0.3920
vn -0.4606 0.3505 0.8155
vn -0.4606 0.6873 0.5617
vn -0.7588 0.3920 0.5202
vn -0.4606 -0.6873 -0.5617
vn -0.7588 -0.3920 -0.5202
vn -0.4606 -0.3505 -0.8155
vn -0.4606 0.8155 -0.3505
vn -0.4606 0.5617 -0.6873
vn -0.7588 0.5202 -0.3920
vn 0.4606 -0.8155 0.3505
vn 0.7588 -0.5202 0.3920
vn 0.4606 -0.5617 0.6873
vn 0.4606 0.6873 0.5617
vn 0.4606 0.3505 0.8155
vn 0.7588 0.3920 0.5202
vn 0.4606 -0.6873 -0.5617
vn 0.4606 -0.3505 -0.8155
vn 0.7588 -0.3920 -0.5202
vn 0.4606 0.8155 -0.3505
vn 0.7588 0.5202 -0.3920
vn 0.4606 0.5617 -0.6873
vn -0.0000 -0.9903 -0.1392
vn -0.0000 -0.1392 0.9903
vn -0.0000 0.9903 0.1392
vn -0.0000 0.1392 -0.9903
vn -0.9239 -0.2706 -0.2706
vn -0.9239 -0.3827 -0.0000
vn -0.9239 -0.0000 -0.3827
vn -0.9239 0.2706 -0.2706
vn -0.9239 0.3827 -0.0000
vn -0.9239 0.2706 0.2706
vn -0.9239 -0.0000 0.3827
vn -0.9239 -0.2706 0.2706
vn -0.3574 -0.8629 -0.3574
vn -0.1728 -0.9100 -0.3769
vn -0.3574 -0.3574 -0.8629
vn -0.1728 -0.3769 -0.9100
vn -0.3574 0.3574 -0.8629
vn -0.1728 0.3769 -0.9100
vn -0.3574 0.8629 -0.3574
vn -0.1728 0.9100 -0.3769
vn -0.3574 0.8629 0.3574
vn -0.1728 0.9100 0.3769
vn -0.3574 0.3574 0.8629
vn -0.1728 0.3769 0.9100
vn -0.3574 -0.3574 0.8629
vn -0.1728 -0.3769 0.9100
vn -0.3574 -0.8629 0.3574
vn -0.1728 -0.9100 0.3769
vn 0.1728 -0.9100 -0.3769
vn 0.1728 -0.3769 -0.9100
vn 0.1728 0.3769 -0.9100
vn 0.1728 0.9100 -0.3769
vn 0.1728 0.9100 0.3769
vn 0.1728 0.3769 0.9100
vn 0.1728 -0.3769 0.9100
vn 0.1728 -0.9100 0.3769
vn 0.3574 -0.8629 -0.3574
vn 0.3574 -0.3574 -0.8629
vn 0.3574 0.3574 -0.8629
vn 0.3574 0.8629 -0.3574
vn 0.3574 0.8629 0.3574
vn 0.3574 0.3574 0.8629
vn 0.3574 -0.3574 0.8629
vn 0.3574 -0.8629 0.3574
vn 0.9239 -0.3827 -0.0000
vn 0.9239 -0.2706 -0.2706
vn 0.9239 -0.0000 -0.3827
vn 0.9239 0.2706 -0.2706
vn 0.9239 0.3827 -0.0000
vn 0.9239 0.2706 0.2706
vn 0.9239 -0.0000 0.3827
vn 0.9239 -0.2706 0.2706
vn -0.8438 -0.4342 -0.3155
vn -0.8438 -0.5367 -0.0000
vn -0.8438 -0.1659 -0.5104
vn -0.8438 0.1659 -0.5104
vn -0.8438 0.4342 -0.3155
vn -0.8438 0.5367 -0.0000
vn -0.8438 0.4342 0.3155
vn -0.8438 0.1659 0.5104
vn -0.8438 -0.1659 0.5104
vn -0.8438 -0.4342 0.3155
vn -0.4791 -0.7101 -0.5159
vn -0.4791 -0.8778 -0.0000
vn -0.4791 -0.2712 -0.8348
vn -0.4791 0.2712 -0.8348
vn -0.4791 0.7101 -0.5159
vn -0.4791 0.8778 -0.0000
vn -0.4791 0.7101 0.5159
vn -0.4791 0.2712 0.8348
vn -0.4791 -0.2712 0.8348
vn -0.4791 -0.7101 0.5159
vn -0.1273 -0.8024 -0.5830
vn -0.1273 -0.9919 -0.0000
vn -0.1273 -0.3065 -0.9433
vn -0.1273 0.3065 -0.9433
vn -0.1273 0.8024 -0.5830
vn -0.1273 0.9919 -0.0000
vn -0.1273 0.8024 0.5830
vn -0.1273 0.3065 0.9433
vn -0.1273 -0.3065 0.9433
vn -0.1273 -0.8024 0.5830
vn 0.1273 -0.8024 -0.5830
vn 0.1273 -0.9919 -0.0000
vn 0.1273 -0.3065 -0.9433
vn 0.1273 0.3065 -0.9433
vn 0.1273 0.8024 -0.5830
vn 0.1273 0.9919 -0.0000
vn 0.1273 0.8024 0.5830
vn 0.1273 0.3065 0.9433
vn 0.1273 -0.3065 0.9433
vn 0.1273 -0.8024 0.5830
vn 0.4791 -0.7101 -0.5159
vn 0.4791 -0.8778 -0.0000
vn 0.4791 -0.2712 -0.8348
vn 0.4791 0.2712 -0.8348
vn 0.4791 0.7101 -0.5159
vn 0.4791 0.8778 -0.0000
vn 0.4791 0.7101 0.5159
vn 0.4791 0.2712 0.8348
vn 0.4791 -0.2712 0.8348
vn 0.4791 -0.7101 0.5159
vn 0.8438 -0.4342 -0.3155
vn 0.8438 -0.5367 -0.0000
vn 0.8438 -0.1659 -0.5104
vn 0.8438 0.1659 -0.5104
vn 0.8438 0.4342 -0.3155
vn 0.8438 0.5367 -0.0000
vn 0.8438 0.4342 0.3155
vn 0.8438 0.1659 0.5104
vn 0.8438 -0.1659 0.5104
vn 0.8438 -0.4342 0.3155
vn -0.0000 -0.8438 -0.5367
vn -0.0000 -0.4791 -0.8778
vn 0.5159 -0.4791 -0.7101
vn 0.3155 -0.8438 -0.4342
vn -0.0000 0.4791 -0.8778
vn 0.5159 0.4791 -0.7101
vn -0.0000 0.8438 -0.5367
vn 0.3155 0.8438 -0.4342
vn 0.5104 0.8438 -0.1659
vn 0.5104 -0.8438 -0.1659
vn 0.8348 -0.4791 -0.2712
vn 0.8348 0.4791 -0.2712
vn 0.5104 -0.8438 0.1659
vn 0.8348 -0.4791 0.2712
vn 0.5104 0.8438 0.1659
vn 0.8348 0.4791 0.2712
vn 0.3155 -0.8438 0.4342
vn 0.5159 -0.4791 0.7101
vn 0.3155 0.8438 0.4342
vn 0.5159 0.4791 0.7101
vn -0.0000 -0.8438 0.5367
vn -0.0000 -0.4791 0.8778
vn -0.0000 0.8438 0.5367
vn -0.0000 0.4791 0.8778
vn -0.5159 -0.4791 0.7101
vn -0.3155 0.8438 0.4342
vn -0.5159 0.4791 0.7101
vn -0.3155 -0.8438 0.4342
vn -0.5104 0.8438 0.1659
vn -0.8348 0.4791 0.2712
vn -0.8348 -0.4791 0.2712
vn -0.5104 -0.8438 0.1659
vn -0.8348 -0.4791 -0.2712
vn -0.5104 -0.8438 -0.1659
vn -0.8348 0.4791 -0.2712
vn -0.5104 0.8438 -0.1659
vn -0.5159 -0.4791 -0.7101
vn -0.3155 -0.8438 -0.4342
vn -0.5159 0.4791 -0.7101
vn -0.3155 0.8438 -0.4342
vn -0.0000 0.9239 -0.3827
vn 0.2706 0.9239 -0.2706
vn -0.0000 -0.9239 -0.3827
vn 0.2706 -0.9239 -0.2706
vn 0.8629 -0.3574 -0.3574
vn 0.3827 0.9239 -0.0000
vn 0.3827 -0.9239 -0.0000
vn 0.8629 0.3574 -0.3574
vn 0.8629 -0.3574 0.3574
vn 0.2706 0.9239 0.2706
vn 0.2706 -0.9239 0.2706
vn 0.8629 0.3574 0.3574
vn -0.0000 0.9239 0.3827
vn -0.0000 -0.9239 0.3827
vn -0.2706 0.9239 0.2706
vn -0.2706 -0.9239 0.2706
vn -0.8629 -0.3574 0.3574
vn -0.3827 0.9239 -0.0000
vn -0.3827 -0.9239 -0.0000
vn -0.8629 0.3574 0.3574
vn -0.8629 0.3574 -0.3574
vn -0.8629 -0.3574 -0.3574
vn -0.2706 0.9239 -0.2706
vn -0.2706 -0.9239 -0.2706
vn 0.6433 -0.7588 -0.1019
vn 0.8186 -0.4606 -0.3432
vn 0.8846 -0.4606 0.0734
vn 0.8186 0.4606 -0.3432
vn 0.6433 0.7588 -0.1019
vn 0.8846 0.4606 0.0734
vn 0.1019 -0.7588 0.6433
vn 0.3432 -0.4606 0.8186
vn -0.0734 -0.4606 0.8846
vn 0.1019 0.7588 0.6433
vn -0.0734 0.4606 0.8846
vn 0.3432 0.4606 0.8186
vn -0.1019 -0.7588 -0.6433
vn -0.3432 -0.4606 -0.8186
vn 0.0734 -0.4606 -0.8846
vn -0.1019 0.7588 -0.6433
vn 0.0734 0.4606 -0.8846
vn -0.3432 0.4606 -0.8186
vn -0.6433 -0.7588 0.1019
vn -0.8186 -0.4606 0.3432
vn -0.8846 -0.4606 -0.0734
vn -0.6433 0.7588 0.1019
vn -0.8846 0.4606 -0.0734
vn -0.8186 0.4606 0.3432
vn 0.1019 -0.7588 -0.6433
vn -0.0734 -0.4606 -0.8846
vn 0.3432 -0.4606 -0.8186
vn -0.0734 0.4606 -0.8846
vn 0.1019 0.7588 -0.6433
vn 0.3432 0.4606 -0.8186
vn 0.6433 -0.7588 0.1019
vn 0.8846 -0.4606 -0.0734
vn 0.8186 -0.4606 0.3432
vn 0.6433 0.7588 0.1019
vn 0.8186 0.4606 0.3432
vn 0.8846 0.4606 -0.0734
vn -0.6433 -0.7588 -0.1019
vn -0.8846 -0.4606 0.0734
vn -0.8186 -0.4606 -0.3432
vn -0.6433 0.7588 -0.1019
vn -0.8186 0.4606 -0.3432
vn -0.8846 0.4606 0.0734
vn -0.1019 -0.7588 0.6433
vn 0.0734 -0.4606 0.8846
vn -0.3432 -0.4606 0.8186
vn -0.1019 0.7588 0.6433
vn -0.3432 0.4606 0.8186
vn 0.0734 0.4606 0.8846
vn -0.1794 -0.9329 0.3122
vn -0.1585 -0.8604 0.4844
vn -0.3251 -0.8342 0.4455
vn -0.3600 -0.8884 0.2849
vn -0.1794 -0.0430 0.9828
vn -0.3600 -0.0290 0.9325
vn -0.3251 -0.1983 0.9247
vn -0.1585 -0.2285 0.9606
vn -0.9673 -0.1527 0.2026
vn -0.9194 -0.3344 0.2070
vn -0.8881 -0.2767 0.3671
vn -0.9194 -0.1068 0.3785
vn -0.1794 0.3122 0.9329
vn -0.1585 0.4844 0.8604
vn -0.3251 0.4455 0.8342
vn -0.3600 0.2849 0.8884
vn -0.1794 0.9828 0.0430
vn -0.3600 0.9325 0.0290
vn -0.3251 0.9247 0.1983
vn -0.1585 0.9606 0.2285
vn -0.9673 0.2026 0.1527
vn -0.9194 0.2070 0.3344
vn -0.8881 0.3671 0.2767
vn -0.9194 0.3785 0.1068
vn -0.1794 -0.9828 -0.0430
vn -0.3600 -0.9325 -0.0290
vn -0.3251 -0.9247 -0.1983
vn -0.1585 -0.9606 -0.2285
vn -0.9673 -0.2026 -0.1527
vn -0.9194 -0.2070 -0.3344
vn -0.8881 -0.3671 -0.2767
vn -0.9194 -0.3785 -0.1068
vn -0.1794 -0.3122 -0.9329
vn -0.1585 -0.4844 -0.8604
vn -0.3251 -0.4455 -0.8342
vn -0.3600 -0.2849 -0.8884
vn -0.1794 0.9329 -0.3122
vn -0.1585 0.8604 -0.4844
vn -0.3251 0.8342 -0.4455
vn -0.3600 0.8884 -0.2849
vn -0.1794 0.0430 -0.9828
vn -0.3600 0.0290 -0.9325
vn -0.3251 0.1983 -0.9247
vn -0.1585 0.2285 -0.9606
vn -0.9673 0.1527 -0.2026
vn -0.9194 0.3344 -0.2070
vn -0.8881 0.2767 -0.3671
vn -0.9194 0.1068 -0.3785
vn 0.1794 -0.9329 0.3122
vn 0.3600 -0.8884 0.2849
vn 0.3251 -0.8342 0.4455
vn 0.1585 -0.8604 0.4844
vn 0.9673 -0.1527 0.2026
vn 0.9194 -0.1068 0.3785
vn 0.8881 -0.2767 0.3671
vn 0.9194 -0.3344 0.2070
vn 0.1794 -0.0430 0.9828
vn 0.1585 -0.2285 0.9606
vn 0.3251 -0.1983 0.9247
vn 0.3600 -0.0290 0.9325
vn 0.1794 0.9828 0.0430
vn 0.1585 0.9606 0.2285
vn 0.3251 0.9247 0.1983
vn 0.3600 0.9325 0.0290
vn 0.1794 0.3122 0.9329
vn 0.3600 0.2849 0.8884
vn 0.3251 0.4455 0.8342
vn 0.1585 0.4844 0.8604
vn 0.9673 0.2026 0.1527
vn 0.9194 0.3785 0.1068
vn 0.8881 0.3671 0.2767
vn 0.9194 0.2070 0.3344
vn 0.1794 -0.9828 -0.0430
vn 0.1585 -0.9606 -0.2285
vn 0.3251 -0.9247 -0.1983
vn 0.3600 -0.9325 -0.0290
vn 0.1794 -0.3122 -0.9329
vn 0.3600 -0.2849 -0.8884
vn 0.3251 -0.4455 -0.8342
vn 0.1585 -0.4844 -0.8604
vn 0.9673 -0.2026 -0.1527
vn 0.9194 -0.3785 -0.1068
vn 0.8881 -0.3671 -0.2767
vn 0.9194 -0.2070 -0.3344
vn 0.1794 0.9329 -0.3122
vn 0.3600 0.8884 -0.2849
vn 0.3251 0.8342 -0.4455
vn 0.1585 0.8604 -0.4844
vn 0.9673 0.1527 -0.2026
vn 0.9194 0.1068 -0.3785
vn 0.8881 0.2767 -0.3671
vn 0.9194 0.3344 -0.2070
vn 0.1794 0.0430 -0.9828
vn 0.1585 0.2285 -0.9606
vn 0.3251 0.1983 -0.9247
vn 0.3600 0.0290 -0.9325
vt 0.000000 0.000000
vt 1.000000 0.000000
vt 0.600000 0.000000
vt 0.800000 0.000000
vt 0.400000 0.000000
vt 0.200000 0.000000
vt 0.000000 1.000000
vt 0.200000 1.000000
vt 0.200000 0.833333
vt 0.000000 0.833333
vt 0.000000 0.166667
vt 0.200000 0.166667
vt 0.000000 0.333333
vt 0.200000 0.333333
vt 0.000000 0.500000
vt 0.200000 0.500000
vt 0.000000 0.666667
vt 0.200000 0.666667
vt 0.400000 1.000000
vt 0.400000 0.833333
vt 0.400000 0.166667
vt 0.400000 0.333333
vt 0.400000 0.500000
vt 0.400000 0.666667
vt 0.600000 1.000000
vt 0.600000 0.833333
vt 0.600000 0.166667
vt 0.600000 0.333333
vt 0.600000 0.500000
vt 0.600000 0.666667
vt 0.800000 1.000000
vt 0.800000 0.833333
vt 0.800000 0.166667
vt 0.800000 0.333333
vt 0.800000 0.500000
vt 0.800000 0.666667
vt 1.000000 1.000000
vt 1.000000 0.833333
vt 1.000000 0.166667
vt 1.000000 0.333333
vt 1.000000 0.500000
vt 1.000000 0.666667
s 1
usemtl navy
f 1/1/1 4/1/2 5/1/3 7/1/4
f 2/1/5 6/1/6 5/1/7 4/1/8
f 3/1/9 7/1/10 5/1/11 6/1/12
f 8/1/13 11/1/14 12/1/15 14/1/16
f 9/1/17 13/1/18 12/1/19 11/1/20
f 10/1/21 14/1/22 12/1/23 13/1/24
f 15/1/25 18/1/26 19/1/27 21/1/28
f 16/1/29 20/1/30 19/1/31 18/1/32
f 17/1/33 21/1/34 19/1/35 20/1/36
f 22/1/37 25/1/38 26/1/39 28/1/40
f 23/1/41 27/1/42 26/1/43 25/1/44
f 24/1/45 28/1/46 26/1/47 27/1/48
f 29/1/49 32/1/50 33/1/51 35/1/52
f 30/1/53 34/1/54 33/1/55 32/1/56
f 31/1/57 35/1/58 33/1/59 34/1/60
f 36/1/61 39/1/62 40/1/63 42/1/64
f 37/1/65 41/1/66 40/1/67 39/1/68
f 38/1/69 42/1/70 40/1/71 41/1/72
f 43/1/73 46/1/74 47/1/75 49/1/76
f 44/1/77 48/1/78 47/1/79 46/1/80
f 45/1/81 49/1/82 47/1/83 48/1/84
f 50/1/85 53/1/86 54/1/87 56/1/88
f 51/1/89 55/1/90 54/1/91 53/1/92
f 52/1/93 56/1/94 54/1/95 55/1/96
f 15/1/25 1/1/1 7/1/4 18/1/26
f 18/1/32 7/1/10 3/1/9 16/1/29
f 2/1/5 8/1/13 14/1/16 6/1/6
f 6/1/12 14/1/22 10/1/21 3/1/9
f 9/1/17 22/1/37 28/1/40 13/1/18
f 13/1/24 28/1/46 24/1/45 10/1/21
f 23/1/41 17/1/33 20/1/36 27/1/42
f 27/1/48 20/1/30 16/1/29 24/1/45
f 43/1/73 15/1/25 21/1/28 46/1/74
f 46/1/80 21/1/34 17/1/33 44/1/77
f 22/1/37 50/1/85 56/1/88 25/1/38
f 25/1/44 56/1/94 52/1/93 23/1/41
f 51/1/89 45/1/81 48/1/84 55/1/90
f 55/1/96 48/1/78 44/1/77 52/1/93
f 29/1/49 43/1/73 49/1/76 32/1/50
f 32/1/56 49/1/82 45/1/81 30/1/53
f 50/1/85 36/1/61 42/1/64 53/1/86
f 53/1/92 42/1/70 38/1/69 51/1/89
f 37/1/65 31/1/57 34/1/60 41/1/66
f 41/1/72 34/1/54 30/1/53 38/1/69
f 1/1/1 29/1/49 35/1/52 4/1/2
f 4/1/8 35/1/58 31/1/57 2/1/5
f 36/1/61 9/1/17 11/1/20 39/1/62
f 39/1/68 11/1/14 8/1/13 37/1/65
f 15/1/25 43/1/73 29/1/49 1/1/1
f 3/1/9 10/1/21 24/1/45 16/1/29
f 31/1/57 37/1/65 8/1/13 2/1/5
f 50/1/85 22/1/37 9/1/17 36/1/61
f 17/1/33 23/1/41 52/1/93 44/1/77
f 45/1/81 51/1/89 38/1/69 30/1/53
f 345/1/147 346/1/148 347/1/149
f 348/1/150 349/1/151 350/1/152
f 351/1/153 352/1/154 353/1/155
f 354/1/156 355/1/157 356/1/158
f 357/1/159 358/1/160 359/1/161
f 360/1/162 361/1/163 362/1/164
f 363/1/165 364/1/166 365/1/167
f 366/1/168 367/1/169 368/1/170
f 351/1/153 345/1/147 347/1/149 352/1/154
f 346/1/148 348/1/150 350/1/152 347/1/149
f 349/1/151 354/1/156 356/1/158 350/1/152
f 355/1/157 353/1/155 352/1/154 356/1/158
f 363/1/165 351/1/153 353/1/155 364/1/166
f 354/1/156 366/1/168 368/1/170 355/1/157
f 367/1/169 365/1/167 364/1/166 368/1/170
f 357/1/159 363/1/165 365/1/167 358/1/160
f 366/1/168 360/1/162 362/1/164 367/1/169
f 361/1/163 359/1/161 358/1/160 362/1/164
f 345/1/147 357/1/159 359/1/161 346/1/148
f 360/1/162 349/1/151 348/1/150 361/1/163
f 351/1/121 363/1/121 357/1/121 345/1/121
f 347/1/132 350/1/132 356/1/132 352/1/132
f 359/1/171 361/1/171 348/1/171 346/1/171
f 366/1/124 354/1/124 349/1/124 360/1/124
f 353/1/172 355/1/172 368/1/172 364/1/172
f 365/1/128 367/1/128 362/1/128 358/1/128
f 369/1/132 370/1/132 372/1/132 371/1/132
f 371/1/172 372/1/172 376/1/172 375/1/172
f 375/1/128 376/1/128 374/1/128 373/1/128
f 373/1/171 374/1/171 370/1/171 369/1/171
f 371/1/121 375/1/121 373/1/121 369/1/121
f 376/1/124 372/1/124 370/1/124 374/1/124
f 377/1/147 378/1/148 379/1/149
f 380/1/150 381/1/151 382/1/152
f 383/1/153 384/1/154 385/1/155
f 386/1/156 387/1/157 388/1/158
f 389/1/159 390/1/160 391/1/161
f 392/1/162 393/1/163 394/1/164
f 395/1/165 396/1/166 397/1/167
f 398/1/168 399/1/169 400/1/170
f 383/1/153 377/1/147 379/1/149 384/1/154
f 378/1/148 380/1/150 382/1/152 379/1/149
f 381/1/151 386/1/156 388/1/158 382/1/152
f 387/1/157 385/1/155 384/1/154 388/1/158
f 395/1/165 383/1/153 385/1/155 396/1/166
f 386/1/156 398/1/168 400/1/170 387/1/157
f 399/1/169 397/1/167 396/1/166 400/1/170
f 389/1/159 395/1/165 397/1/167 390/1/160
f 398/1/168 392/1/162 394/1/164 399/1/169
f 393/1/163 391/1/161 390/1/160 394/1/164
f 377/1/147 389/1/159 391/1/161 378/1/148
f 392/1/162 381/1/151 380/1/150 393/1/163
f 383/1/121 395/1/121 389/1/121 377/1/121
f 379/1/132 382/1/132 388/1/132 384/1/132
f 391/1/171 393/1/171 380/1/171 378/1/171
f 398/1/124 386/1/124 381/1/124 392/1/124
f 385/1/172 387/1/172 400/1/172 396/1/172
f 397/1/128 399/1/128 394/1/128 390/1/128
f 445/1/97 446/1/98 447/1/99
f 448/1/100 449/1/101 450/1/102
f 451/1/103 452/1/104 453/1/105
f 454/1/106 455/1/107 456/1/108
f 457/1/109 458/1/110 459/1/111
f 460/1/112 461/1/113 462/1/114
f 463/1/115 464/1/116 465/1/117
f 466/1/118 467/1/119 468/1/120
f 451/1/103 445/1/97 447/1/99 452/1/104
f 446/1/98 448/1/100 450/1/102 447/1/99
f 449/1/101 454/1/106 456/1/108 450/1/102
f 455/1/107 453/1/105 452/1/104 456/1/108
f 463/1/115 451/1/103 453/1/105 464/1/116
f 454/1/106 466/1/118 468/1/120 455/1/107
f 467/1/119 465/1/117 464/1/116 468/1/120
f 457/1/109 463/1/115 465/1/117 458/1/110
f 466/1/118 460/1/112 462/1/114 467/1/119
f 461/1/113 459/1/111 458/1/110 462/1/114
f 445/1/97 457/1/109 459/1/111 446/1/98
f 460/1/112 449/1/101 448/1/100 461/1/113
f 451/1/121 463/1/121 457/1/121 445/1/121
f 447/1/122 450/1/122 456/1/122 452/1/122
f 459/1/123 461/1/123 448/1/123 446/1/123
f 466/1/124 454/1/124 449/1/124 460/1/124
f 453/1/125 455/1/125 468/1/125 464/1/125
f 465/1/126 467/1/126 462/1/126 458/1/126
f 469/1/122 470/1/122 472/1/122 471/1/122
f 471/1/125 472/1/125 476/1/125 475/1/125
f 475/1/126 476/1/126 474/1/126 473/1/126
f 473/1/123 474/1/123 470/1/123 469/1/123
f 471/1/121 475/1/121 473/1/121 469/1/121
f 476/1/124 472/1/124 470/1/124 474/1/124
f 477/1/97 478/1/98 479/1/99
f 480/1/100 481/1/101 482/1/102
f 483/1/103 484/1/104 485/1/105
f 486/1/106 487/1/107 488/1/108
f 489/1/109 490/1/110 491/1/111
f 492/1/112 493/1/113 494/1/114
f 495/1/115 496/1/116 497/1/117
f 498/1/118 499/1/119 500/1/120
f 483/1/103 477/1/97 479/1/99 484/1/104
f 478/1/98 480/1/100 482/1/102 479/1/99
f 481/1/101 486/1/106 488/1/108 482/1/102
f 487/1/107 485/1/105 484/1/104 488/1/108
f 495/1/115 483/1/103 485/1/105 496/1/116
f 486/1/106 498/1/118 500/1/120 487/1/107
f 499/1/119 497/1/117 496/1/116 500/1/120
f 489/1/109 495/1/115 497/1/117 490/1/110
f 498/1/118 492/1/112 494/1/114 499/1/119
f 493/1/113 491/1/111 490/1/110 494/1/114
f 477/1/97 489/1/109 491/1/111 478/1/98
f 492/1/112 481/1/101 480/1/100 493/1/113
f 483/1/121 495/1/121 489/1/121 477/1/121
f 479/1/122 482/1/122 488/1/122 484/1/122
f 491/1/123 493/1/123 480/1/123 478/1/123
f 498/1/124 486/1/124 481/1/124 492/1/124
f 485/1/125 487/1/125 500/1/125 496/1/125
f 497/1/126 499/1/126 494/1/126 490/1/126
f 549/1/209 550/1/210 551/1/211
f 552/1/212 553/1/213 554/1/214
f 555/1/215 556/1/216 557/1/217
f 558/1/218 559/1/219 560/1/220
f 561/1/221 562/1/222 563/1/223
f 564/1/224 565/1/225 566/1/226
f 567/1/227 568/1/228 569/1/229
f 570/1/230 571/1/231 572/1/232
f 555/1/215 549/1/209 551/1/211 556/1/216
f 550/1/210 552/1/212 554/1/214 551/1/211
f 553/1/213 558/1/218 560/1/220 554/1/214
f 559/1/219 557/1/217 556/1/216 560/1/220
f 567/1/227 555/1/215 557/1/217 568/1/228
f 558/1/218 570/1/230 572/1/232 559/1/219
f 571/1/231 569/1/229 568/1/228 572/1/232
f 561/1/221 567/1/227 569/1/229 562/1/222
f 570/1/230 564/1/224 566/1/226 571/1/231
f 565/1/225 563/1/223 562/1/222 566/1/226
f 549/1/209 561/1/221 563/1/223 550/1/210
f 564/1/224 553/1/213 552/1/212 565/1/225
f 555/1/121 567/1/121 561/1/121 549/1/121
f 551/1/133 554/1/133 560/1/133 556/1/133
f 563/1/233 565/1/233 552/1/233 550/1/233
f 570/1/124 558/1/124 553/1/124 564/1/124
f 557/1/234 559/1/234 572/1/234 568/1/234
f 569/1/129 571/1/129 566/1/129 562/1/129
f 573/1/133 574/1/133 576/1/133 575/1/133
f 575/1/234 576/1/234 580/1/234 579/1/234
f 579/1/129 580/1/129 578/1/129 577/1/129
f 577/1/233 578/1/233 574/1/233 573/1/233
f 575/1/121 579/1/121 577/1/121 573/1/121
f 580/1/124 576/1/124 574/1/124 578/1/124
f 581/1/209 582/1/210 583/1/211
f 584/1/212 585/1/213 586/1/214
f 587/1/215 588/1/216 589/1/217
f 590/1/218 591/1/219 592/1/220
f 593/1/221 594/1/222 595/1/223
f 596/1/224 597/1/225 598/1/226
f 599/1/227 600/1/228 601/1/229
f 602/1/230 603/1/231 604/1/232
f 587/1/215 581/1/209 583/1/211 588/1/216
f 582/1/210 584/1/212 586/1/214 583/1/211
f 585/1/213 590/1/218 592/1/220 586/1/214
f 591/1/219 589/1/217 588/1/216 592/1/220
f 599/1/227 587/1/215 589/1/217 600/1/228
f 590/1/218 602/1/230 604/1/232 591/1/219
f 603/1/231 601/1/229 600/1/228 604/1/232
f 593/1/221 599/1/227 601/1/229 594/1/222
f 602/1/230 596/1/224 598/1/226 603/1/231
f 597/1/225 595/1/223 594/1/222 598/1/226
f 581/1/209 593/1/221 595/1/223 582/1/210
f 596/1/224 585/1/213 584/1/212 597/1/225
f 587/1/121 599/1/121 593/1/121 581/1/121
f 583/1/133 586/1/133 592/1/133 588/1/133
f 595/1/233 597/1/233 584/1/233 582/1/233
f 602/1/124 590/1/124 585/1/124 596/1/124
f 589/1/234 591/1/234 604/1/234 600/1/234
f 601/1/129 603/1/129 598/1/129 594/1/129
f 649/1/97 650/1/98 651/1/99
f 652/1/100 653/1/101 654/1/102
f 655/1/103 656/1/104 657/1/105
f 658/1/106 659/1/107 660/1/108
f 661/1/109 662/1/110 663/1/111
f 664/1/112 665/1/113 666/1/114
f 667/1/115 668/1/116 669/1/117
f 670/1/118 671/1/119 672/1/120
f 655/1/103 649/1/97 651/1/99 656/1/104
f 650/1/98 652/1/100 654/1/102 651/1/99
f 653/1/101 658/1/106 660/1/108 654/1/102
f 659/1/107 657/1/105 656/1/104 660/1/108
f 667/1/115 655/1/103 657/1/105 668/1/116
f 658/1/106 670/1/118 672/1/120 659/1/107
f 671/1/119 669/1/117 668/1/116 672/1/120
f 661/1/109 667/1/115 669/1/117 662/1/110
f 670/1/118 664/1/112 666/1/114 671/1/119
f 665/1/113 663/1/111 662/1/110 666/1/114
f 649/1/97 661/1/109 663/1/111 650/1/98
f 664/1/112 653/1/101 652/1/100 665/1/113
f 655/1/121 667/1/121 661/1/121 649/1/121
f 651/1/122 654/1/122 660/1/122 656/1/122
f 663/1/123 665/1/123 652/1/123 650/1/123
f 670/1/124 658/1/124 653/1/124 664/1/124
f 657/1/125 659/1/125 672/1/125 668/1/125
f 669/1/126 671/1/126 666/1/126 662/1/126
f 697/1/97 698/1/98 699/1/99
f 700/1/100 701/1/101 702/1/102
f 703/1/103 704/1/104 705/1/105
f 706/1/106 707/1/107 708/1/108
f 709/1/109 710/1/110 711/1/111
f 712/1/112 713/1/113 714/1/114
f 715/1/115 716/1/116 717/1/117
f 718/1/118 719/1/119 720/1/120
f 703/1/103 697/1/97 699/1/99 704/1/104
f 698/1/98 700/1/100 702/1/102 699/1/99
f 701/1/101 706/1/106 708/1/108 702/1/102
f 707/1/107 705/1/105 704/1/104 708/1/108
f 715/1/115 703/1/103 705/1/105 716/1/116
f 706/1/106 718/1/118 720/1/120 707/1/107
f 719/1/119 717/1/117 716/1/116 720/1/120
f 709/1/109 715/1/115 717/1/117 710/1/110
f 718/1/118 712/1/112 714/1/114 719/1/119
f 713/1/113 711/1/111 710/1/110 714/1/114
f 697/1/97 709/1/109 711/1/111 698/1/98
f 712/1/112 701/1/101 700/1/100 713/1/113
f 703/1/121 715/1/121 709/1/121 697/1/121
f 699/1/122 702/1/122 708/1/122 704/1/122
f 711/1/123 713/1/123 700/1/123 698/1/123
f 718/1/124 706/1/124 701/1/124 712/1/124
f 705/1/125 707/1/125 720/1/125 716/1/125
f 717/1/126 719/1/126 714/1/126 710/1/126
f 1095/1/97 1096/1/98 1097/1/99
f 1098/1/100 1099/1/101 1100/1/102
f 1101/1/103 1102/1/104 1103/1/105
f 1104/1/106 1105/1/107 1106/1/108
f 1107/1/109 1108/1/110 1109/1/111
f 1110/1/112 1111/1/113 1112/1/114
f 1113/1/115 1114/1/116 1115/1/117
f 1116/1/118 1117/1/119 1118/1/120
f 1101/1/103 1095/1/97 1097/1/99 1102/1/104
f 1096/1/98 1098/1/100 1100/1/102 1097/1/99
f 1099/1/101 1104/1/106 1106/1/108 1100/1/102
f 1105/1/107 1103/1/105 1102/1/104 1106/1/108
f 1113/1/115 1101/1/103 1103/1/105 1114/1/116
f 1104/1/106 1116/1/118 1118/1/120 1105/1/107
f 1117/1/119 1115/1/117 1114/1/116 1118/1/120
f 1107/1/109 1113/1/115 1115/1/117 1108/1/110
f 1116/1/118 1110/1/112 1112/1/114 1117/1/119
f 1111/1/113 1109/1/111 1108/1/110 1112/1/114
f 1095/1/97 1107/1/109 1109/1/111 1096/1/98
f 1110/1/112 1099/1/101 1098/1/100 1111/1/113
f 1101/1/121 1113/1/121 1107/1/121 1095/1/121
f 1097/1/122 1100/1/122 1106/1/122 1102/1/122
f 1109/1/123 1111/1/123 1098/1/123 1096/1/123
f 1116/1/124 1104/1/124 1099/1/124 1110/1/124
f 1103/1/125 1105/1/125 1118/1/125 1114/1/125
f 1115/1/126 1117/1/126 1112/1/126 1108/1/126
f 1145/1/221 1146/1/222 1147/1/223
f 1148/1/226 1149/1/224 1150/1/225
f 1151/1/209 1152/1/210 1153/1/211
f 1154/1/213 1155/1/214 1156/1/212
f 1157/1/227 1158/1/228 1159/1/229
f 1160/1/230 1161/1/231 1162/1/232
f 1163/1/215 1164/1/216 1165/1/217
f 1166/1/218 1167/1/219 1168/1/220
f 1151/1/209 1145/1/221 1147/1/223 1152/1/210
f 1146/1/222 1148/1/226 1150/1/225 1147/1/223
f 1149/1/224 1154/1/213 1156/1/212 1150/1/225
f 1155/1/214 1153/1/211 1152/1/210 1156/1/212
f 1163/1/215 1151/1/209 1153/1/211 1164/1/216
f 1154/1/213 1166/1/218 1168/1/220 1155/1/214
f 1167/1/219 1165/1/217 1164/1/216 1168/1/220
f 1157/1/227 1163/1/215 1165/1/217 1158/1/228
f 1166/1/218 1160/1/230 1162/1/232 1167/1/219
f 1161/1/231 1159/1/229 1158/1/228 1162/1/232
f 1145/1/221 1157/1/227 1159/1/229 1146/1/222
f 1160/1/230 1149/1/224 1148/1/226 1161/1/231
f 1151/1/121 1163/1/121 1157/1/121 1145/1/121
f 1147/1/233 1150/1/233 1156/1/233 1152/1/233
f 1159/1/129 1161/1/129 1148/1/129 1146/1/129
f 1166/1/124 1154/1/124 1149/1/124 1160/1/124
f 1153/1/133 1155/1/133 1168/1/133 1164/1/133
f 1165/1/234 1167/1/234 1162/1/234 1158/1/234
f 1195/1/523 1196/1/524 1197/1/525
f 1198/1/526 1199/1/527 1200/1/528
f 1201/1/529 1202/1/530 1203/1/531
f 1204/1/532 1205/1/533 1206/1/534
f 1207/1/535 1208/1/536 1209/1/537
f 1210/1/538 1211/1/539 1212/1/540
f 1213/1/541 1214/1/542 1215/1/543
f 1216/1/544 1217/1/545 1218/1/546
f 1201/1/529 1195/1/523 1197/1/525 1202/1/530
f 1196/1/524 1198/1/526 1200/1/528 1197/1/525
f 1199/1/527 1204/1/532 1206/1/534 1200/1/528
f 1205/1/533 1203/1/531 1202/1/530 1206/1/534
f 1213/1/541 1201/1/529 1203/1/531 1214/1/542
f 1204/1/532 1216/1/544 1218/1/546 1205/1/533
f 1217/1/545 1215/1/543 1214/1/542 1218/1/546
f 1207/1/535 1213/1/541 1215/1/543 1208/1/536
f 1216/1/544 1210/1/538 1212/1/540 1217/1/545
f 1211/1/539 1209/1/537 1208/1/536 1212/1/540
f 1195/1/523 1207/1/535 1209/1/537 1196/1/524
f 1210/1/538 1199/1/527 1198/1/526 1211/1/539
f 1201/1/121 1213/1/121 1207/1/121 1195/1/121
f 1197/1/279 1200/1/279 1206/1/279 1202/1/279
f 1209/1/127 1211/1/127 1198/1/127 1196/1/127
f 1216/1/124 1204/1/124 1199/1/124 1210/1/124
f 1203/1/131 1205/1/131 1218/1/131 1214/1/131
f 1215/1/318 1217/1/318 1212/1/318 1208/1/318
f 1245/1/547 1246/1/548 1247/1/549
f 1248/1/550 1249/1/551 1250/1/552
f 1251/1/553 1252/1/554 1253/1/555
f 1254/1/556 1255/1/557 1256/1/558
f 1257/1/559 1258/1/560 1259/1/561
f 1260/1/562 1261/1/563 1262/1/564
f 1263/1/565 1264/1/566 1265/1/567
f 1266/1/568 1267/1/569 1268/1/570
f 1251/1/553 1245/1/547 1247/1/549 1252/1/554
f 1246/1/548 1248/1/550 1250/1/552 1247/1/549
f 1249/1/551 1254/1/556 1256/1/558 1250/1/552
f 1255/1/557 1253/1/555 1252/1/554 1256/1/558
f 1263/1/565 1251/1/553 1253/1/555 1264/1/566
f 1254/1/556 1266/1/568 1268/1/570 1255/1/557
f 1267/1/569 1265/1/567 1264/1/566 1268/1/570
f 1257/1/559 1263/1/565 1265/1/567 1258/1/560
f 1266/1/568 1260/1/562 1262/1/564 1267/1/569
f 1261/1/563 1259/1/561 1258/1/560 1262/1/564
f 1245/1/547 1257/1/559 1259/1/561 1246/1/548
f 1260/1/562 1249/1/551 1248/1/550 1261/1/563
f 1251/1/121 1263/1/121 1257/1/121 1245/1/121
f 1247/1/313 1250/1/313 1256/1/313 1252/1/313
f 1259/1/134 1261/1/134 1248/1/134 1246/1/134
f 1266/1/124 1254/1/124 1249/1/124 1260/1/124
f 1253/1/130 1255/1/130 1268/1/130 1264/1/130
f 1265/1/284 1267/1/284 1262/1/284 1258/1/284
f 1295/1/153 1296/1/154 1297/1/155
f 1298/1/158 1299/1/156 1300/1/157
f 1301/1/165 1302/1/166 1303/1/167
f 1304/1/168 1305/1/169 1306/1/170
f 1307/1/147 1308/1/148 1309/1/149
f 1310/1/151 1311/1/152 1312/1/150
f 1313/1/159 1314/1/160 1315/1/161
f 1316/1/162 1317/1/163 1318/1/164
f 1301/1/165 1295/1/153 1297/1/155 1302/1/166
f 1296/1/154 1298/1/158 1300/1/157 1297/1/155
f 1299/1/156 1304/1/168 1306/1/170 1300/1/157
f 1305/1/169 1303/1/167 1302/1/166 1306/1/170
f 1313/1/159 1301/1/165 1303/1/167 1314/1/160
f 1304/1/168 1316/1/162 1318/1/164 1305/1/169
f 1317/1/163 1315/1/161 1314/1/160 1318/1/164
f 1307/1/147 1313/1/159 1315/1/161 1308/1/148
f 1316/1/162 1310/1/151 1312/1/150 1317/1/163
f 1311/1/152 1309/1/149 1308/1/148 1312/1/150
f 1295/1/153 1307/1/147 1309/1/149 1296/1/154
f 1310/1/151 1299/1/156 1298/1/158 1311/1/152
f 1301/1/121 1313/1/121 1307/1/121 1295/1/121
f 1297/1/172 1300/1/172 1306/1/172 1302/1/172
f 1309/1/132 1311/1/132 1298/1/132 1296/1/132
f 1316/1/124 1304/1/124 1299/1/124 1310/1/124
f 1303/1/128 1305/1/128 1318/1/128 1314/1/128
f 1315/1/171 1317/1/171 1312/1/171 1308/1/171
f 1365/1/1 1368/1/2 1369/1/3 1371/1/4
f 1366/1/5 1370/1/6 1369/1/7 1368/1/8
f 1367/1/9 1371/1/10 1369/1/11 1370/1/12
f 1372/1/13 1375/1/14 1376/1/15 1378/1/16
f 1373/1/17 1377/1/18 1376/1/19 1375/1/20
f 1374/1/21 1378/1/22 1376/1/23 1377/1/24
f 1379/1/25 1382/1/26 1383/1/27 1385/1/28
f 1380/1/29 1384/1/30 1383/1/31 1382/1/32
f 1381/1/33 1385/1/34 1383/1/35 1384/1/36
f 1386/1/37 1389/1/38 1390/1/39 1392/1/40
f 1387/1/41 1391/1/42 1390/1/43 1389/1/44
f 1388/1/45 1392/1/46 1390/1/47 1391/1/48
f 1393/1/49 1396/1/50 1397/1/51 1399/1/52
f 1394/1/53 1398/1/54 1397/1/55 1396/1/56
f 1395/1/57 1399/1/58 1397/1/59 1398/1/60
f 1400/1/61 1403/1/62 1404/1/63 1406/1/64
f 1401/1/65 1405/1/66 1404/1/67 1403/1/68
f 1402/1/69 1406/1/70 1404/1/71 1405/1/72
f 1407/1/73 1410/1/74 1411/1/75 1413/1/76
f 1408/1/77 1412/1/78 1411/1/79 1410/1/80
f 1409/1/81 1413/1/82 1411/1/83 1412/1/84
f 1414/1/85 1417/1/86 1418/1/87 1420/1/88
f 1415/1/89 1419/1/90 1418/1/91 1417/1/92
f 1416/1/93 1420/1/94 1418/1/95 1419/1/96
f 1379/1/25 1365/1/1 1371/1/4 1382/1/26
f 1382/1/32 1371/1/10 1367/1/9 1380/1/29
f 1366/1/5 1372/1/13 1378/1/16 1370/1/6
f 1370/1/12 1378/1/22 1374/1/21 1367/1/9
f 1373/1/17 1386/1/37 1392/1/40 1377/1/18
f 1377/1/24 1392/1/46 1388/1/45 1374/1/21
f 1387/1/41 1381/1/33 1384/1/36 1391/1/42
f 1391/1/48 1384/1/30 1380/1/29 1388/1/45
f 1407/1/73 1379/1/25 1385/1/28 1410/1/74
f 1410/1/80 1385/1/34 1381/1/33 1408/1/77
f 1386/1/37 1414/1/85 1420/1/88 1389/1/38
f 1389/1/44 1420/1/94 1416/1/93 1387/1/41
f 1415/1/89 1409/1/81 1412/1/84 1419/1/90
f 1419/1/96 1412/1/78 1408/1/77 1416/1/93
f 1393/1/49 1407/1/73 1413/1/76 1396/1/50
f 1396/1/56 1413/1/82 1409/1/81 1394/1/53
f 1414/1/85 1400/1/61 1406/1/64 1417/1/86
f 1417/1/92 1406/1/70 1402/1/69 1415/1/89
f 1401/1/65 1395/1/57 1398/1/60 1405/1/66
f 1405/1/72 1398/1/54 1394/1/53 1402/1/69
f 1365/1/1 1393/1/49 1399/1/52 1368/1/2
f 1368/1/8 1399/1/58 1395/1/57 1366/1/5
f 1400/1/61 1373/1/17 1375/1/20 1403/1/62
f 1403/1/68 1375/1/14 1372/1/13 1401/1/65
f 1379/1/25 1407/1/73 1393/1/49 1365/1/1
f 1367/1/9 1374/1/21 1388/1/45 1380/1/29
f 1395/1/57 1401/1/65 1372/1/13 1366/1/5
f 1414/1/85 1386/1/37 1373/1/17 1400/1/61
f 1381/1/33 1387/1/41 1416/1/93 1408/1/77
f 1409/1/81 1415/1/89 1402/1/69 1394/1/53
f 1421/1/571 1424/1/572 1425/1/573 1427/1/574
f 1422/1/575 1426/1/576 1425/1/577 1424/1/578
f 1423/1/579 1427/1/580 1425/1/581 1426/1/582
f 1428/1/583 1431/1/584 1432/1/585 1434/1/586
f 1429/1/587 1433/1/588 1432/1/589 1431/1/590
f 1430/1/591 1434/1/592 1432/1/593 1433/1/594
f 1435/1/595 1438/1/596 1439/1/597 1441/1/598
f 1436/1/599 1440/1/600 1439/1/601 1438/1/602
f 1437/1/603 1441/1/604 1439/1/605 1440/1/606
f 1442/1/607 1445/1/608 1446/1/609 1448/1/610
f 1443/1/611 1447/1/612 1446/1/613 1445/1/614
f 1444/1/615 1448/1/616 1446/1/617 1447/1/618
f 1449/1/619 1452/1/620 1453/1/621 1455/1/622
f 1450/1/623 1454/1/624 1453/1/625 1452/1/626
f 1451/1/627 1455/1/628 1453/1/629 1454/1/630
f 1456/1/631 1459/1/632 1460/1/633 1462/1/634
f 1457/1/635 1461/1/636 1460/1/637 1459/1/638
f 1458/1/639 1462/1/640 1460/1/641 1461/1/642
f 1463/1/643 1466/1/644 1467/1/645 1469/1/646
f 1464/1/647 1468/1/648 1467/1/649 1466/1/650
f 1465/1/651 1469/1/652 1467/1/653 1468/1/654
f 1470/1/655 1473/1/656 1474/1/657 1476/1/658
f 1471/1/659 1475/1/660 1474/1/661 1473/1/662
f 1472/1/663 1476/1/664 1474/1/665 1475/1/666
f 1435/1/595 1421/1/571 1427/1/574 1438/1/596
f 1438/1/602 1427/1/580 1423/1/579 1436/1/599
f 1422/1/575 1428/1/583 1434/1/586 1426/1/576
f 1426/1/582 1434/1/592 1430/1/591 1423/1/579
f 1429/1/587 1442/1/607 1448/1/610 1433/1/588
f 1433/1/594 1448/1/616 1444/1/615 1430/1/591
f 1443/1/611 1437/1/603 1440/1/606 1447/1/612
f 1447/1/618 1440/1/600 1436/1/599 1444/1/615
f 1463/1/643 1435/1/595 1441/1/598 1466/1/644
f 1466/1/650 1441/1/604 1437/1/603 1464/1/647
f 1442/1/607 1470/1/655 1476/1/658 1445/1/608
f 1445/1/614 1476/1/664 1472/1/663 1443/1/611
f 1471/1/659 1465/1/651 1468/1/654 1475/1/660
f 1475/1/666 1468/1/648 1464/1/647 1472/1/663
f 1449/1/619 1463/1/643 1469/1/646 1452/1/620
f 1452/1/626 1469/1/652 1465/1/651 1450/1/623
f 1470/1/655 1456/1/631 1462/1/634 1473/1/656
f 1473/1/662 1462/1/640 1458/1/639 1471/1/659
f 1457/1/635 1451/1/627 1454/1/630 1461/1/636
f 1461/1/642 1454/1/624 1450/1/623 1458/1/639
f 1421/1/571 1449/1/619 1455/1/622 1424/1/572
f 1424/1/578 1455/1/628 1451/1/627 1422/1/575
f 1456/1/631 1429/1/587 1431/1/590 1459/1/632
f 1459/1/638 1431/1/584 1428/1/583 1457/1/635
f 1435/1/595 1463/1/643 1449/1/619 1421/1/571
f 1423/1/579 1430/1/591 1444/1/615 1436/1/599
f 1451/1/627 1457/1/635 1428/1/583 1422/1/575
f 1470/1/655 1442/1/607 1429/1/587 1456/1/631
f 1437/1/603 1443/1/611 1472/1/663 1464/1/647
f 1465/1/651 1471/1/659 1458/1/639 1450/1/623
f 1477/1/97 1478/1/98 1479/1/99
f 1480/1/100 1481/1/101 1482/1/102
f 1483/1/103 1484/1/104 1485/1/105
f 1486/1/106 1487/1/107 1488/1/108
f 1489/1/109 1490/1/110 1491/1/111
f 1492/1/112 1493/1/113 1494/1/114
f 1495/1/115 1496/1/116 1497/1/117
f 1498/1/118 1499/1/119 1500/1/120
f 1483/1/103 1477/1/97 1479/1/99 1484/1/104
f 1478/1/98 1480/1/100 1482/1/102 1479/1/99
f 1481/1/101 1486/1/106 1488/1/108 1482/1/102
f 1487/1/107 1485/1/105 1484/1/104 1488/1/108
f 1495/1/115 1483/1/103 1485/1/105 1496/1/116
f 1486/1/106 1498/1/118 1500/1/120 1487/1/107
f 1499/1/119 1497/1/117 1496/1/116 1500/1/120
f 1489/1/109 1495/1/115 1497/1/117 1490/1/110
f 1498/1/118 1492/1/112 1494/1/114 1499/1/119
f 1493/1/113 1491/1/111 1490/1/110 1494/1/114
f 1477/1/97 1489/1/109 1491/1/111 1478/1/98
f 1492/1/112 1481/1/101 1480/1/100 1493/1/113
f 1483/1/121 1495/1/121 1489/1/121 1477/1/121
f 1479/1/122 1482/1/122 1488/1/122 1484/1/122
f 1491/1/123 1493/1/123 1480/1/123 1478/1/123
f 1498/1/124 1486/1/124 1481/1/124 1492/1/124
f 1485/1/125 1487/1/125 1500/1/125 1496/1/125
f 1497/1/126 1499/1/126 1494/1/126 1490/1/126
f 1501/1/122 1502/1/122 1504/1/122 1503/1/122
f 1503/1/125 1504/1/125 1508/1/125 1507/1/125
f 1507/1/126 1508/1/126 1506/1/126 1505/1/126
f 1505/1/123 1506/1/123 1502/1/123 1501/1/123
f 1503/1/121 1507/1/121 1505/1/121 1501/1/121
f 1508/1/124 1504/1/124 1502/1/124 1506/1/124
f 1509/1/97 1510/1/98 1511/1/99
f 1512/1/100 1513/1/101 1514/1/102
f 1515/1/103 1516/1/104 1517/1/105
f 1518/1/106 1519/1/107 1520/1/108
f 1521/1/109 1522/1/110 1523/1/111
f 1524/1/112 1525/1/113 1526/1/114
f 1527/1/115 1528/1/116 1529/1/117
f 1530/1/118 1531/1/119 1532/1/120
f 1515/1/103 1509/1/97 1511/1/99 1516/1/104
f 1510/1/98 1512/1/100 1514/1/102 1511/1/99
f 1513/1/101 1518/1/106 1520/1/108 1514/1/102
f 1519/1/107 1517/1/105 1516/1/104 1520/1/108
f 1527/1/115 1515/1/103 1517/1/105 1528/1/116
f 1518/1/106 1530/1/118 1532/1/120 1519/1/107
f 1531/1/119 1529/1/117 1528/1/116 1532/1/120
f 1521/1/109 1527/1/115 1529/1/117 1522/1/110
f 1530/1/118 1524/1/112 1526/1/114 1531/1/119
f 1525/1/113 1523/1/111 1522/1/110 1526/1/114
f 1509/1/97 1521/1/109 1523/1/111 1510/1/98
f 1524/1/112 1513/1/101 1512/1/100 1525/1/113
f 1515/1/121 1527/1/121 1521/1/121 1509/1/121
f 1511/1/122 1514/1/122 1520/1/122 1516/1/122
f 1523/1/123 1525/1/123 1512/1/123 1510/1/123
f 1530/1/124 1518/1/124 1513/1/124 1524/1/124
f 1517/1/125 1519/1/125 1532/1/125 1528/1/125
f 1529/1/126 1531/1/126 1526/1/126 1522/1/126
f 1533/1/122 1534/1/122 1536/1/122 1535/1/122
f 1535/1/125 1536/1/125 1540/1/125 1539/1/125
f 1539/1/126 1540/1/126 1538/1/126 1537/1/126
f 1537/1/123 1538/1/123 1534/1/123 1533/1/123
f 1535/1/121 1539/1/121 1537/1/121 1533/1/121
f 1540/1/124 1536/1/124 1534/1/124 1538/1/124
usemtl gold
f 57/1/97 58/1/98 59/1/99
f 60/1/100 61/1/101 62/1/102
f 63/1/103 64/1/104 65/1/105
f 66/1/106 67/1/107 68/1/108
f 69/1/109 70/1/110 71/1/111
f 72/1/112 73/1/113 74/1/114
f 75/1/115 76/1/116 77/1/117
f 78/1/118 79/1/119 80/1/120
f 63/1/103 57/1/97 59/1/99 64/1/104
f 58/1/98 60/1/100 62/1/102 59/1/99
f 61/1/101 66/1/106 68/1/108 62/1/102
f 67/1/107 65/1/105 64/1/104 68/1/108
f 75/1/115 63/1/103 65/1/105 76/1/116
f 66/1/106 78/1/118 80/1/120 67/1/107
f 79/1/119 77/1/117 76/1/116 80/1/120
f 69/1/109 75/1/115 77/1/117 70/1/110
f 78/1/118 72/1/112 74/1/114 79/1/119
f 73/1/113 71/1/111 70/1/110 74/1/114
f 57/1/97 69/1/109 71/1/111 58/1/98
f 72/1/112 61/1/101 60/1/100 73/1/113
f 63/1/121 75/1/121 69/1/121 57/1/121
f 59/1/122 62/1/122 68/1/122 64/1/122
f 71/1/123 73/1/123 60/1/123 58/1/123
f 78/1/124 66/1/124 61/1/124 72/1/124
f 65/1/125 67/1/125 80/1/125 76/1/125
f 77/1/126 79/1/126 74/1/126 70/1/126
f 957/1/125 958/1/125 960/1/271 959/1/271
f 959/1/271 960/1/271 962/1/272 961/1/272
f 961/1/272 962/1/272 964/1/126 963/1/126
f 963/1/126 964/1/126 966/1/273 965/1/273
f 965/1/273 966/1/273 968/1/274 967/1/274
f 967/1/274 968/1/274 970/1/123 969/1/123
f 969/1/123 970/1/123 972/1/275 971/1/275
f 971/1/275 972/1/275 974/1/276 973/1/276
f 973/1/276 974/1/276 976/1/122 975/1/122
f 975/1/122 976/1/122 978/1/277 977/1/277
f 960/1/124 958/1/124 980/1/124 978/1/124 976/1/124 974/1/124 972/1/124 970/1/124 968/1/124 966/1/124 964/1/124 962/1/124
f 977/1/277 978/1/277 980/1/278 979/1/278
f 979/1/278 980/1/278 958/1/125 957/1/125
f 957/1/121 959/1/121 961/1/121 963/1/121 965/1/121 967/1/121 969/1/121 971/1/121 973/1/121 975/1/121 977/1/121 979/1/121
f 981/1/122 983/1/399 982/1/400
f 981/1/122 984/1/401 983/1/399
f 981/1/122 985/1/402 984/1/401
f 981/1/122 986/1/403 985/1/402
f 981/1/122 987/1/404 986/1/403
f 981/1/122 988/1/405 987/1/404
f 981/1/122 989/1/406 988/1/405
f 981/1/122 990/1/407 989/1/406
f 981/1/122 991/1/408 990/1/407
f 981/1/122 982/1/400 991/1/408
f 982/1/400 983/1/399 993/1/409 992/1/410
f 983/1/399 984/1/401 994/1/411 993/1/409
f 984/1/401 985/1/402 995/1/412 994/1/411
f 985/1/402 986/1/403 996/1/413 995/1/412
f 986/1/403 987/1/404 997/1/414 996/1/413
f 987/1/404 988/1/405 998/1/415 997/1/414
f 988/1/405 989/1/406 999/1/416 998/1/415
f 989/1/406 990/1/407 1000/1/417 999/1/416
f 990/1/407 991/1/408 1001/1/418 1000/1/417
f 991/1/408 982/1/400 992/1/410 1001/1/418
f 992/1/410 993/1/409 1003/1/419 1002/1/420
f 993/1/409 994/1/411 1004/1/421 1003/1/419
f 994/1/411 995/1/412 1005/1/422 1004/1/421
f 995/1/412 996/1/413 1006/1/423 1005/1/422
f 996/1/413 997/1/414 1007/1/424 1006/1/423
f 997/1/414 998/1/415 1008/1/425 1007/1/424
f 998/1/415 999/1/416 1009/1/426 1008/1/425
f 999/1/416 1000/1/417 1010/1/427 1009/1/426
f 1000/1/417 1001/1/418 1011/1/428 1010/1/427
f 1001/1/418 992/1/410 1002/1/420 1011/1/428
f 1002/1/420 1003/1/419 1013/1/429 1012/1/430
f 1003/1/419 1004/1/421 1014/1/431 1013/1/429
f 1004/1/421 1005/1/422 1015/1/432 1014/1/431
f 1005/1/422 1006/1/423 1016/1/433 1015/1/432
f 1006/1/423 1007/1/424 1017/1/434 1016/1/433
f 1007/1/424 1008/1/425 1018/1/435 1017/1/434
f 1008/1/425 1009/1/426 1019/1/436 1018/1/435
f 1009/1/426 1010/1/427 1020/1/437 1019/1/436
f 1010/1/427 1011/1/428 1021/1/438 1020/1/437
f 1011/1/428 1002/1/420 1012/1/430 1021/1/438
f 1012/1/430 1013/1/429 1023/1/439 1022/1/440
f 1013/1/429 1014/1/431 1024/1/441 1023/1/439
f 1014/1/431 1015/1/432 1025/1/442 1024/1/441
f 1015/1/432 1016/1/433 1026/1/443 1025/1/442
f 1016/1/433 1017/1/434 1027/1/444 1026/1/443
f 1017/1/434 1018/1/435 1028/1/445 1027/1/444
f 1018/1/435 1019/1/436 1029/1/446 1028/1/445
f 1019/1/436 1020/1/437 1030/1/447 1029/1/446
f 1020/1/437 1021/1/438 1031/1/448 1030/1/447
f 1021/1/438 1012/1/430 1022/1/440 1031/1/448
f 1022/1/440 1023/1/439 1033/1/449 1032/1/450
f 1023/1/439 1024/1/441 1034/1/451 1033/1/449
f 1024/1/441 1025/1/442 1035/1/452 1034/1/451
f 1025/1/442 1026/1/443 1036/1/453 1035/1/452
f 1026/1/443 1027/1/444 1037/1/454 1036/1/453
f 1027/1/444 1028/1/445 1038/1/455 1037/1/454
f 1028/1/445 1029/1/446 1039/1/456 1038/1/455
f 1029/1/446 1030/1/447 1040/1/457 1039/1/456
f 1030/1/447 1031/1/448 1041/1/458 1040/1/457
f 1031/1/448 1022/1/440 1032/1/450 1041/1/458
f 1032/1/450 1033/1/449 1042/1/126
f 1033/1/449 1034/1/451 1042/1/126
f 1034/1/451 1035/1/452 1042/1/126
f 1035/1/452 1036/1/453 1042/1/126
f 1036/1/453 1037/1/454 1042/1/126
f 1037/1/454 1038/1/455 1042/1/126
f 1038/1/455 1039/1/456 1042/1/126
f 1039/1/456 1040/1/457 1042/1/126
f 1040/1/457 1041/1/458 1042/1/126
f 1041/1/458 1032/1/450 1042/1/126
f 1094/1/459 1093/1/460 1048/1/461 1049/1/462
f 1092/1/125 1091/1/463 1046/1/464 1047/1/127
f 1090/1/465 1043/1/124 1045/1/466
f 1044/1/121 1094/1/459 1049/1/462
f 1093/1/460 1092/1/125 1047/1/127 1048/1/461
f 1091/1/463 1090/1/465 1045/1/466 1046/1/464
f 1045/1/466 1043/1/124 1050/1/467
f 1044/1/121 1049/1/462 1054/1/468
f 1048/1/461 1047/1/127 1052/1/128 1053/1/469
f 1046/1/464 1045/1/466 1050/1/467 1051/1/470
f 1049/1/462 1048/1/461 1053/1/469 1054/1/468
f 1047/1/127 1046/1/464 1051/1/470 1052/1/128
f 1044/1/121 1054/1/468 1059/1/471
f 1053/1/469 1052/1/128 1057/1/129 1058/1/472
f 1051/1/470 1050/1/467 1055/1/473 1056/1/474
f 1054/1/468 1053/1/469 1058/1/472 1059/1/471
f 1052/1/128 1051/1/470 1056/1/474 1057/1/129
f 1050/1/467 1043/1/124 1055/1/473
f 1044/1/121 1059/1/471 1064/1/475
f 1058/1/472 1057/1/129 1062/1/130 1063/1/476
f 1056/1/474 1055/1/473 1060/1/477 1061/1/478
f 1059/1/471 1058/1/472 1063/1/476 1064/1/475
f 1057/1/129 1056/1/474 1061/1/478 1062/1/130
f 1055/1/473 1043/1/124 1060/1/477
f 1044/1/121 1064/1/475 1069/1/479
f 1063/1/476 1062/1/130 1067/1/123 1068/1/480
f 1061/1/478 1060/1/477 1065/1/481 1066/1/482
f 1064/1/475 1063/1/476 1068/1/480 1069/1/479
f 1062/1/130 1061/1/478 1066/1/482 1067/1/123
f 1060/1/477 1043/1/124 1065/1/481
f 1068/1/480 1067/1/123 1072/1/131 1073/1/483
f 1066/1/482 1065/1/481 1070/1/484 1071/1/485
f 1069/1/479 1068/1/480 1073/1/483 1074/1/486
f 1067/1/123 1066/1/482 1071/1/485 1072/1/131
f 1065/1/481 1043/1/124 1070/1/484
f 1044/1/121 1069/1/479 1074/1/486
f 1071/1/485 1070/1/484 1075/1/487 1076/1/488
f 1074/1/486 1073/1/483 1078/1/489 1079/1/490
f 1072/1/131 1071/1/485 1076/1/488 1077/1/132
f 1070/1/484 1043/1/124 1075/1/487
f 1044/1/121 1074/1/486 1079/1/490
f 1073/1/483 1072/1/131 1077/1/132 1078/1/489
f 1079/1/490 1078/1/489 1083/1/491 1084/1/492
f 1077/1/132 1076/1/488 1081/1/493 1082/1/133
f 1075/1/487 1043/1/124 1080/1/494
f 1044/1/121 1079/1/490 1084/1/492
f 1078/1/489 1077/1/132 1082/1/133 1083/1/491
f 1076/1/488 1075/1/487 1080/1/494 1081/1/493
f 1084/1/492 1083/1/491 1088/1/495 1089/1/496
f 1082/1/133 1081/1/493 1086/1/497 1087/1/134
f 1080/1/494 1043/1/124 1085/1/498
f 1044/1/121 1084/1/492 1089/1/496
f 1083/1/491 1082/1/133 1087/1/134 1088/1/495
f 1081/1/493 1080/1/494 1085/1/498 1086/1/497
f 1089/1/496 1088/1/495 1093/1/460 1094/1/459
f 1087/1/134 1086/1/497 1091/1/463 1092/1/125
f 1085/1/498 1043/1/124 1090/1/465
f 1044/1/121 1089/1/496 1094/1/459
f 1088/1/495 1087/1/134 1092/1/125 1093/1/460
f 1086/1/497 1085/1/498 1090/1/465 1091/1/463
usemtl wood_dark
f 81/1/97 82/1/98 83/1/99
f 84/1/100 85/1/101 86/1/102
f 87/1/103 88/1/104 89/1/105
f 90/1/106 91/1/107 92/1/108
f 93/1/109 94/1/110 95/1/111
f 96/1/112 97/1/113 98/1/114
f 99/1/115 100/1/116 101/1/117
f 102/1/118 103/1/119 104/1/120
f 87/1/103 81/1/97 83/1/99 88/1/104
f 82/1/98 84/1/100 86/1/102 83/1/99
f 85/1/101 90/1/106 92/1/108 86/1/102
f 91/1/107 89/1/105 88/1/104 92/1/108
f 99/1/115 87/1/103 89/1/105 100/1/116
f 90/1/106 102/1/118 104/1/120 91/1/107
f 103/1/119 101/1/117 100/1/116 104/1/120
f 93/1/109 99/1/115 101/1/117 94/1/110
f 102/1/118 96/1/112 98/1/114 103/1/119
f 97/1/113 95/1/111 94/1/110 98/1/114
f 81/1/97 93/1/109 95/1/111 82/1/98
f 96/1/112 85/1/101 84/1/100 97/1/113
f 87/1/121 99/1/121 93/1/121 81/1/121
f 83/1/122 86/1/122 92/1/122 88/1/122
f 95/1/123 97/1/123 84/1/123 82/1/123
f 102/1/124 90/1/124 85/1/124 96/1/124
f 89/1/125 91/1/125 104/1/125 100/1/125
f 101/1/126 103/1/126 98/1/126 94/1/126
f 105/1/97 106/1/98 107/1/99
f 108/1/100 109/1/101 110/1/102
f 111/1/103 112/1/104 113/1/105
f 114/1/106 115/1/107 116/1/108
f 117/1/109 118/1/110 119/1/111
f 120/1/112 121/1/113 122/1/114
f 123/1/115 124/1/116 125/1/117
f 126/1/118 127/1/119 128/1/120
f 111/1/103 105/1/97 107/1/99 112/1/104
f 106/1/98 108/1/100 110/1/102 107/1/99
f 109/1/101 114/1/106 116/1/108 110/1/102
f 115/1/107 113/1/105 112/1/104 116/1/108
f 123/1/115 111/1/103 113/1/105 124/1/116
f 114/1/106 126/1/118 128/1/120 115/1/107
f 127/1/119 125/1/117 124/1/116 128/1/120
f 117/1/109 123/1/115 125/1/117 118/1/110
f 126/1/118 120/1/112 122/1/114 127/1/119
f 121/1/113 119/1/111 118/1/110 122/1/114
f 105/1/97 117/1/109 119/1/111 106/1/98
f 120/1/112 109/1/101 108/1/100 121/1/113
f 111/1/121 123/1/121 117/1/121 105/1/121
f 107/1/122 110/1/122 116/1/122 112/1/122
f 119/1/123 121/1/123 108/1/123 106/1/123
f 126/1/124 114/1/124 109/1/124 120/1/124
f 113/1/125 115/1/125 128/1/125 124/1/125
f 125/1/126 127/1/126 122/1/126 118/1/126
f 129/1/97 130/1/98 131/1/99
f 132/1/100 133/1/101 134/1/102
f 135/1/103 136/1/104 137/1/105
f 138/1/106 139/1/107 140/1/108
f 141/1/109 142/1/110 143/1/111
f 144/1/112 145/1/113 146/1/114
f 147/1/115 148/1/116 149/1/117
f 150/1/118 151/1/119 152/1/120
f 135/1/103 129/1/97 131/1/99 136/1/104
f 130/1/98 132/1/100 134/1/102 131/1/99
f 133/1/101 138/1/106 140/1/108 134/1/102
f 139/1/107 137/1/105 136/1/104 140/1/108
f 147/1/115 135/1/103 137/1/105 148/1/116
f 138/1/106 150/1/118 152/1/120 139/1/107
f 151/1/119 149/1/117 148/1/116 152/1/120
f 141/1/109 147/1/115 149/1/117 142/1/110
f 150/1/118 144/1/112 146/1/114 151/1/119
f 145/1/113 143/1/111 142/1/110 146/1/114
f 129/1/97 141/1/109 143/1/111 130/1/98
f 144/1/112 133/1/101 132/1/100 145/1/113
f 135/1/121 147/1/121 141/1/121 129/1/121
f 131/1/122 134/1/122 140/1/122 136/1/122
f 143/1/123 145/1/123 132/1/123 130/1/123
f 150/1/124 138/1/124 133/1/124 144/1/124
f 137/1/125 139/1/125 152/1/125 148/1/125
f 149/1/126 151/1/126 146/1/126 142/1/126
f 745/1/125 746/1/125 748/1/271 747/1/271
f 747/1/271 748/1/271 750/1/272 749/1/272
f 749/1/272 750/1/272 752/1/126 751/1/126
f 751/1/126 752/1/126 754/1/273 753/1/273
f 753/1/273 754/1/273 756/1/274 755/1/274
f 755/1/274 756/1/274 758/1/123 757/1/123
f 757/1/123 758/1/123 760/1/275 759/1/275
f 759/1/275 760/1/275 762/1/276 761/1/276
f 761/1/276 762/1/276 764/1/122 763/1/122
f 763/1/122 764/1/122 766/1/277 765/1/277
f 748/1/124 746/1/124 768/1/124 766/1/124 764/1/124 762/1/124 760/1/124 758/1/124 756/1/124 754/1/124 752/1/124 750/1/124
f 765/1/277 766/1/277 768/1/278 767/1/278
f 767/1/278 768/1/278 746/1/125 745/1/125
f 745/1/121 747/1/121 749/1/121 751/1/121 753/1/121 755/1/121 757/1/121 759/1/121 761/1/121 763/1/121 765/1/121 767/1/121
usemtl black
f 153/1/122 154/1/122 156/1/122 155/1/122
f 155/1/125 156/1/125 160/1/125 159/1/125
f 159/1/126 160/1/126 158/1/126 157/1/126
f 157/1/123 158/1/123 154/1/123 153/1/123
f 155/1/121 159/1/121 157/1/121 153/1/121
f 160/1/124 156/1/124 154/1/124 158/1/124
f 819/1/323 820/1/324 821/1/325
f 822/1/326 823/1/327 824/1/328
f 825/1/329 826/1/330 827/1/331
f 828/1/332 829/1/333 830/1/334
f 831/1/335 832/1/336 833/1/337
f 834/1/338 835/1/339 836/1/340
f 837/1/341 838/1/342 839/1/343
f 840/1/344 841/1/345 842/1/346
f 825/1/329 819/1/323 821/1/325 826/1/330
f 820/1/324 822/1/326 824/1/328 821/1/325
f 823/1/327 828/1/332 830/1/334 824/1/328
f 829/1/333 827/1/331 826/1/330 830/1/334
f 837/1/341 825/1/329 827/1/331 838/1/342
f 828/1/332 840/1/344 842/1/346 829/1/333
f 841/1/345 839/1/343 838/1/342 842/1/346
f 831/1/335 837/1/341 839/1/343 832/1/336
f 840/1/344 834/1/338 836/1/340 841/1/345
f 835/1/339 833/1/337 832/1/336 836/1/340
f 819/1/323 831/1/335 833/1/337 820/1/324
f 834/1/338 823/1/327 822/1/326 835/1/339
f 825/1/347 837/1/347 831/1/347 819/1/347
f 821/1/122 824/1/122 830/1/122 826/1/122
f 833/1/348 835/1/348 822/1/348 820/1/348
f 840/1/349 828/1/349 823/1/349 834/1/349
f 827/1/350 829/1/350 842/1/350 838/1/350
f 839/1/126 841/1/126 836/1/126 832/1/126
f 843/1/122 845/1/351 844/1/352
f 843/1/122 846/1/353 845/1/351
f 843/1/122 847/1/354 846/1/353
f 843/1/122 848/1/355 847/1/354
f 843/1/122 849/1/356 848/1/355
f 843/1/122 850/1/357 849/1/356
f 843/1/122 851/1/358 850/1/357
f 843/1/122 844/1/352 851/1/358
f 844/1/359 845/1/359 853/1/360 852/1/360
f 845/1/361 846/1/361 854/1/362 853/1/362
f 846/1/363 847/1/363 855/1/364 854/1/364
f 847/1/365 848/1/365 856/1/366 855/1/366
f 848/1/367 849/1/367 857/1/368 856/1/368
f 849/1/369 850/1/369 858/1/370 857/1/370
f 850/1/371 851/1/371 859/1/372 858/1/372
f 851/1/373 844/1/373 852/1/374 859/1/374
f 852/1/360 853/1/360 861/1/375 860/1/375
f 853/1/362 854/1/362 862/1/376 861/1/376
f 854/1/364 855/1/364 863/1/377 862/1/377
f 855/1/366 856/1/366 864/1/378 863/1/378
f 856/1/368 857/1/368 865/1/379 864/1/379
f 857/1/370 858/1/370 866/1/380 865/1/380
f 858/1/372 859/1/372 867/1/381 866/1/381
f 859/1/374 852/1/374 860/1/382 867/1/382
f 860/1/375 861/1/375 869/1/383 868/1/383
f 861/1/376 862/1/376 870/1/384 869/1/384
f 862/1/377 863/1/377 871/1/385 870/1/385
f 863/1/378 864/1/378 872/1/386 871/1/386
f 864/1/379 865/1/379 873/1/387 872/1/387
f 865/1/380 866/1/380 874/1/388 873/1/388
f 866/1/381 867/1/381 875/1/389 874/1/389
f 867/1/382 860/1/382 868/1/390 875/1/390
f 868/1/391 869/1/392 876/1/126
f 869/1/392 870/1/393 876/1/126
f 870/1/393 871/1/394 876/1/126
f 871/1/394 872/1/395 876/1/126
f 872/1/395 873/1/396 876/1/126
f 873/1/396 874/1/397 876/1/126
f 874/1/397 875/1/398 876/1/126
f 875/1/398 868/1/391 876/1/126
usemtl ketchup_e1.2
f 161/1/122 162/1/122 164/1/122 163/1/122
f 163/1/125 164/1/125 168/1/125 167/1/125
f 167/1/126 168/1/126 166/1/126 165/1/126
f 165/1/123 166/1/123 162/1/123 161/1/123
f 163/1/121 167/1/121 165/1/121 161/1/121
f 168/1/124 164/1/124 162/1/124 166/1/124
f 185/1/122 186/1/122 188/1/122 187/1/122
f 187/1/125 188/1/125 192/1/125 191/1/125
f 191/1/126 192/1/126 190/1/126 189/1/126
f 189/1/123 190/1/123 186/1/123 185/1/123
f 187/1/121 191/1/121 189/1/121 185/1/121
f 192/1/124 188/1/124 186/1/124 190/1/124
f 209/1/122 210/1/122 212/1/122 211/1/122
f 211/1/125 212/1/125 216/1/125 215/1/125
f 215/1/126 216/1/126 214/1/126 213/1/126
f 213/1/123 214/1/123 210/1/123 209/1/123
f 211/1/121 215/1/121 213/1/121 209/1/121
f 216/1/124 212/1/124 210/1/124 214/1/124
f 233/1/122 234/1/122 236/1/122 235/1/122
f 235/1/125 236/1/125 240/1/125 239/1/125
f 239/1/126 240/1/126 238/1/126 237/1/126
f 237/1/123 238/1/123 234/1/123 233/1/123
f 235/1/121 239/1/121 237/1/121 233/1/121
f 240/1/124 236/1/124 234/1/124 238/1/124
f 257/1/122 258/1/122 260/1/122 259/1/122
f 259/1/125 260/1/125 264/1/125 263/1/125
f 263/1/126 264/1/126 262/1/126 261/1/126
f 261/1/123 262/1/123 258/1/123 257/1/123
f 259/1/121 263/1/121 261/1/121 257/1/121
f 264/1/124 260/1/124 258/1/124 262/1/124
f 618/2/235 616/3/235 617/4/235
f 618/2/235 615/5/235 616/3/235
f 613/1/235 615/5/235 618/2/235
f 613/1/235 614/6/235 615/5/235
f 621/5/236 623/4/236 622/3/236
f 621/5/236 624/2/236 623/4/236
f 620/6/236 624/2/236 621/5/236
f 620/6/236 619/1/236 624/2/236
f 619/7/237 625/8/238 630/9/239 624/10/237
f 620/11/240 626/12/240 625/6/240 619/1/240
f 621/13/241 627/14/242 626/12/243 620/11/241
f 622/15/244 628/16/245 627/14/246 621/13/244
f 623/17/247 629/18/247 628/16/247 622/15/247
f 624/10/248 630/9/249 629/18/250 623/17/248
f 625/8/238 631/19/251 636/20/251 630/9/239
f 626/12/124 632/21/124 631/5/124 625/6/124
f 627/14/242 633/22/252 632/21/252 626/12/243
f 628/16/245 634/23/253 633/22/253 627/14/246
f 629/18/121 635/24/121 634/23/121 628/16/121
f 630/9/249 636/20/254 635/24/254 629/18/250
f 631/19/251 637/25/251 642/26/251 636/20/251
f 632/21/255 638/27/255 637/3/255 631/5/255
f 633/22/252 639/28/252 638/27/252 632/21/252
f 634/23/253 640/29/253 639/28/253 633/22/253
f 635/24/256 641/30/256 640/29/256 634/23/256
f 636/20/254 642/26/254 641/30/254 635/24/254
f 637/25/251 643/31/257 648/32/258 642/26/251
f 638/27/124 644/33/124 643/4/124 637/3/124
f 639/28/252 645/34/259 644/33/260 638/27/252
f 640/29/253 646/35/261 645/34/262 639/28/253
f 641/30/121 647/36/121 646/35/121 640/29/121
f 642/26/254 648/32/263 647/36/264 641/30/254
f 643/31/257 613/37/265 618/38/265 648/32/258
f 644/33/266 614/39/266 613/2/266 643/4/266
f 645/34/259 615/40/267 614/39/267 644/33/260
f 646/35/261 616/41/268 615/40/268 645/34/262
f 647/36/269 617/42/269 616/41/269 646/35/269
f 648/32/263 618/38/270 617/42/270 647/36/264
usemtl relish_e1.2
f 169/1/122 170/1/122 172/1/122 171/1/122
f 171/1/125 172/1/125 176/1/125 175/1/125
f 175/1/126 176/1/126 174/1/126 173/1/126
f 173/1/123 174/1/123 170/1/123 169/1/123
f 171/1/121 175/1/121 173/1/121 169/1/121
f 176/1/124 172/1/124 170/1/124 174/1/124
f 177/1/122 178/1/122 180/1/122 179/1/122
f 179/1/125 180/1/125 184/1/125 183/1/125
f 183/1/126 184/1/126 182/1/126 181/1/126
f 181/1/123 182/1/123 178/1/123 177/1/123
f 179/1/121 183/1/121 181/1/121 177/1/121
f 184/1/124 180/1/124 178/1/124 182/1/124
f 193/1/122 194/1/122 196/1/122 195/1/122
f 195/1/125 196/1/125 200/1/125 199/1/125
f 199/1/126 200/1/126 198/1/126 197/1/126
f 197/1/123 198/1/123 194/1/123 193/1/123
f 195/1/121 199/1/121 197/1/121 193/1/121
f 200/1/124 196/1/124 194/1/124 198/1/124
f 201/1/122 202/1/122 204/1/122 203/1/122
f 203/1/125 204/1/125 208/1/125 207/1/125
f 207/1/126 208/1/126 206/1/126 205/1/126
f 205/1/123 206/1/123 202/1/123 201/1/123
f 203/1/121 207/1/121 205/1/121 201/1/121
f 208/1/124 204/1/124 202/1/124 206/1/124
f 217/1/122 218/1/122 220/1/122 219/1/122
f 219/1/125 220/1/125 224/1/125 223/1/125
f 223/1/126 224/1/126 222/1/126 221/1/126
f 221/1/123 222/1/123 218/1/123 217/1/123
f 219/1/121 223/1/121 221/1/121 217/1/121
f 224/1/124 220/1/124 218/1/124 222/1/124
f 225/1/122 226/1/122 228/1/122 227/1/122
f 227/1/125 228/1/125 232/1/125 231/1/125
f 231/1/126 232/1/126 230/1/126 229/1/126
f 229/1/123 230/1/123 226/1/123 225/1/123
f 227/1/121 231/1/121 229/1/121 225/1/121
f 232/1/124 228/1/124 226/1/124 230/1/124
f 241/1/122 242/1/122 244/1/122 243/1/122
f 243/1/125 244/1/125 248/1/125 247/1/125
f 247/1/126 248/1/126 246/1/126 245/1/126
f 245/1/123 246/1/123 242/1/123 241/1/123
f 243/1/121 247/1/121 245/1/121 241/1/121
f 248/1/124 244/1/124 242/1/124 246/1/124
f 249/1/122 250/1/122 252/1/122 251/1/122
f 251/1/125 252/1/125 256/1/125 255/1/125
f 255/1/126 256/1/126 254/1/126 253/1/126
f 253/1/123 254/1/123 250/1/123 249/1/123
f 251/1/121 255/1/121 253/1/121 249/1/121
f 256/1/124 252/1/124 250/1/124 254/1/124
f 265/1/122 266/1/122 268/1/122 267/1/122
f 267/1/125 268/1/125 272/1/125 271/1/125
f 271/1/126 272/1/126 270/1/126 269/1/126
f 269/1/123 270/1/123 266/1/123 265/1/123
f 267/1/121 271/1/121 269/1/121 265/1/121
f 272/1/124 268/1/124 266/1/124 270/1/124
f 414/2/173 412/3/173 413/4/173
f 414/2/173 411/5/173 412/3/173
f 409/1/173 411/5/173 414/2/173
f 409/1/173 410/6/173 411/5/173
f 417/5/174 419/4/174 418/3/174
f 417/5/174 420/2/174 419/4/174
f 416/6/174 420/2/174 417/5/174
f 416/6/174 415/1/174 420/2/174
f 415/7/175 421/8/176 426/9/177 420/10/175
f 416/11/178 422/12/178 421/6/178 415/1/178
f 417/13/179 423/14/180 422/12/181 416/11/179
f 418/15/182 424/16/183 423/14/184 417/13/182
f 419/17/185 425/18/185 424/16/185 418/15/185
f 420/10/186 426/9/187 425/18/188 419/17/186
f 421/8/176 427/19/189 432/20/189 426/9/177
f 422/12/124 428/21/124 427/5/124 421/6/124
f 423/14/180 429/22/190 428/21/190 422/12/181
f 424/16/183 430/23/191 429/22/191 423/14/184
f 425/18/121 431/24/121 430/23/121 424/16/121
f 426/9/187 432/20/192 431/24/192 425/18/188
f 427/19/189 433/25/189 438/26/189 432/20/189
f 428/21/193 434/27/193 433/3/193 427/5/193
f 429/22/190 435/28/190 434/27/190 428/21/190
f 430/23/191 436/29/191 435/28/191 429/22/191
f 431/24/194 437/30/194 436/29/194 430/23/194
f 432/20/192 438/26/192 437/30/192 431/24/192
f 433/25/189 439/31/195 444/32/196 438/26/189
f 434/27/124 440/33/124 439/4/124 433/3/124
f 435/28/190 441/34/197 440/33/198 434/27/190
f 436/29/191 442/35/199 441/34/200 435/28/191
f 437/30/121 443/36/121 442/35/121 436/29/121
f 438/26/192 444/32/201 443/36/202 437/30/192
f 439/31/195 409/37/203 414/38/203 444/32/196
f 440/33/204 410/39/204 409/2/204 439/4/204
f 441/34/197 411/40/205 410/39/205 440/33/198
f 442/35/199 412/41/206 411/40/206 441/34/200
f 443/36/207 413/42/207 412/41/207 442/35/207
f 444/32/201 414/38/208 413/42/208 443/36/202
usemtl chrome
f 273/1/97 274/1/98 275/1/99
f 276/1/100 277/1/101 278/1/102
f 279/1/103 280/1/104 281/1/105
f 282/1/106 283/1/107 284/1/108
f 285/1/109 286/1/110 287/1/111
f 288/1/112 289/1/113 290/1/114
f 291/1/115 292/1/116 293/1/117
f 294/1/118 295/1/119 296/1/120
f 279/1/103 273/1/97 275/1/99 280/1/104
f 274/1/98 276/1/100 278/1/102 275/1/99
f 277/1/101 282/1/106 284/1/108 278/1/102
f 283/1/107 281/1/105 280/1/104 284/1/108
f 291/1/115 279/1/103 281/1/105 292/1/116
f 282/1/106 294/1/118 296/1/120 283/1/107
f 295/1/119 293/1/117 292/1/116 296/1/120
f 285/1/109 291/1/115 293/1/117 286/1/110
f 294/1/118 288/1/112 290/1/114 295/1/119
f 289/1/113 287/1/111 286/1/110 290/1/114
f 273/1/97 285/1/109 287/1/111 274/1/98
f 288/1/112 277/1/101 276/1/100 289/1/113
f 279/1/121 291/1/121 285/1/121 273/1/121
f 275/1/122 278/1/122 284/1/122 280/1/122
f 287/1/123 289/1/123 276/1/123 274/1/123
f 294/1/124 282/1/124 277/1/124 288/1/124
f 281/1/125 283/1/125 296/1/125 292/1/125
f 293/1/126 295/1/126 290/1/126 286/1/126
f 297/1/125 298/1/125 300/1/127 299/1/127
f 299/1/127 300/1/127 302/1/128 301/1/128
f 301/1/128 302/1/128 304/1/129 303/1/129
f 303/1/129 304/1/129 306/1/130 305/1/130
f 305/1/130 306/1/130 308/1/123 307/1/123
f 307/1/123 308/1/123 310/1/131 309/1/131
f 309/1/131 310/1/131 312/1/132 311/1/132
f 311/1/132 312/1/132 314/1/133 313/1/133
f 300/1/124 298/1/124 316/1/124 314/1/124 312/1/124 310/1/124 308/1/124 306/1/124 304/1/124 302/1/124
f 313/1/133 314/1/133 316/1/134 315/1/134
f 315/1/134 316/1/134 298/1/125 297/1/125
f 297/1/121 299/1/121 301/1/121 303/1/121 305/1/121 307/1/121 309/1/121 311/1/121 313/1/121 315/1/121
f 317/1/125 318/1/125 320/1/135 319/1/135
f 319/1/135 320/1/135 322/1/136 321/1/136
f 321/1/136 322/1/136 324/1/137 323/1/137
f 323/1/137 324/1/137 326/1/138 325/1/138
f 325/1/138 326/1/138 328/1/139 327/1/139
f 327/1/139 328/1/139 330/1/140 329/1/140
f 329/1/140 330/1/140 332/1/123 331/1/123
f 331/1/123 332/1/123 334/1/141 333/1/141
f 333/1/141 334/1/141 336/1/142 335/1/142
f 335/1/142 336/1/142 338/1/143 337/1/143
f 337/1/143 338/1/143 340/1/144 339/1/144
f 339/1/144 340/1/144 342/1/145 341/1/145
f 320/1/124 318/1/124 344/1/124 342/1/124 340/1/124 338/1/124 336/1/124 334/1/124 332/1/124 330/1/124 328/1/124 326/1/124 324/1/124 322/1/124
f 341/1/145 342/1/145 344/1/146 343/1/146
f 343/1/146 344/1/146 318/1/125 317/1/125
f 317/1/121 319/1/121 321/1/121 323/1/121 325/1/121 327/1/121 329/1/121 331/1/121 333/1/121 335/1/121 337/1/121 339/1/121 341/1/121 343/1/121
f 1345/1/125 1346/1/125 1348/1/127 1347/1/127
f 1347/1/127 1348/1/127 1350/1/128 1349/1/128
f 1349/1/128 1350/1/128 1352/1/129 1351/1/129
f 1351/1/129 1352/1/129 1354/1/130 1353/1/130
f 1353/1/130 1354/1/130 1356/1/123 1355/1/123
f 1355/1/123 1356/1/123 1358/1/131 1357/1/131
f 1357/1/131 1358/1/131 1360/1/132 1359/1/132
f 1359/1/132 1360/1/132 1362/1/133 1361/1/133
f 1348/1/124 1346/1/124 1364/1/124 1362/1/124 1360/1/124 1358/1/124 1356/1/124 1354/1/124 1352/1/124 1350/1/124
f 1361/1/133 1362/1/133 1364/1/134 1363/1/134
f 1363/1/134 1364/1/134 1346/1/125 1345/1/125
f 1345/1/121 1347/1/121 1349/1/121 1351/1/121 1353/1/121 1355/1/121 1357/1/121 1359/1/121 1361/1/121 1363/1/121
usemtl screen
f 401/1/132 402/1/132 404/1/132 403/1/132
f 403/1/172 404/1/172 408/1/172 407/1/172
f 407/1/128 408/1/128 406/1/128 405/1/128
f 405/1/171 406/1/171 402/1/171 401/1/171
f 403/1/121 407/1/121 405/1/121 401/1/121
f 408/1/124 404/1/124 402/1/124 406/1/124
f 501/1/122 502/1/122 504/1/122 503/1/122
f 503/1/125 504/1/125 508/1/125 507/1/125
f 507/1/126 508/1/126 506/1/126 505/1/126
f 505/1/123 506/1/123 502/1/123 501/1/123
f 503/1/121 507/1/121 505/1/121 501/1/121
f 508/1/124 504/1/124 502/1/124 506/1/124
f 605/1/133 606/1/133 608/1/133 607/1/133
f 607/1/234 608/1/234 612/1/234 611/1/234
f 611/1/129 612/1/129 610/1/129 609/1/129
f 609/1/233 610/1/233 606/1/233 605/1/233
f 607/1/121 611/1/121 609/1/121 605/1/121
f 612/1/124 608/1/124 606/1/124 610/1/124
usemtl mustard_e1.2
f 509/1/122 510/1/122 512/1/122 511/1/122
f 511/1/125 512/1/125 516/1/125 515/1/125
f 515/1/126 516/1/126 514/1/126 513/1/126
f 513/1/123 514/1/123 510/1/123 509/1/123
f 511/1/121 515/1/121 513/1/121 509/1/121
f 516/1/124 512/1/124 510/1/124 514/1/124
f 517/1/122 518/1/122 520/1/122 519/1/122
f 519/1/125 520/1/125 524/1/125 523/1/125
f 523/1/126 524/1/126 522/1/126 521/1/126
f 521/1/123 522/1/123 518/1/123 517/1/123
f 519/1/121 523/1/121 521/1/121 517/1/121
f 524/1/124 520/1/124 518/1/124 522/1/124
f 525/1/122 526/1/122 528/1/122 527/1/122
f 527/1/125 528/1/125 532/1/125 531/1/125
f 531/1/126 532/1/126 530/1/126 529/1/126
f 529/1/123 530/1/123 526/1/123 525/1/123
f 527/1/121 531/1/121 529/1/121 525/1/121
f 532/1/124 528/1/124 526/1/124 530/1/124
f 533/1/122 534/1/122 536/1/122 535/1/122
f 535/1/125 536/1/125 540/1/125 539/1/125
f 539/1/126 540/1/126 538/1/126 537/1/126
f 537/1/123 538/1/123 534/1/123 533/1/123
f 535/1/121 539/1/121 537/1/121 533/1/121
f 540/1/124 536/1/124 534/1/124 538/1/124
f 541/1/122 542/1/122 544/1/122 543/1/122
f 543/1/125 544/1/125 548/1/125 547/1/125
f 547/1/126 548/1/126 546/1/126 545/1/126
f 545/1/123 546/1/123 542/1/123 541/1/123
f 543/1/121 547/1/121 545/1/121 541/1/121
f 548/1/124 544/1/124 542/1/124 546/1/124
usemtl cream
f 673/1/122 674/1/122 676/1/122 675/1/122
f 675/1/125 676/1/125 680/1/125 679/1/125
f 679/1/126 680/1/126 678/1/126 677/1/126
f 677/1/123 678/1/123 674/1/123 673/1/123
f 675/1/121 679/1/121 677/1/121 673/1/121
f 680/1/124 676/1/124 674/1/124 678/1/124
f 681/1/122 682/1/122 684/1/122 683/1/122
f 683/1/125 684/1/125 688/1/125 687/1/125
f 687/1/126 688/1/126 686/1/126 685/1/126
f 685/1/123 686/1/123 682/1/123 681/1/123
f 683/1/121 687/1/121 685/1/121 681/1/121
f 688/1/124 684/1/124 682/1/124 686/1/124
f 689/1/122 690/1/122 692/1/122 691/1/122
f 691/1/125 692/1/125 696/1/125 695/1/125
f 695/1/126 696/1/126 694/1/126 693/1/126
f 693/1/123 694/1/123 690/1/123 689/1/123
f 691/1/121 695/1/121 693/1/121 689/1/121
f 696/1/124 692/1/124 690/1/124 694/1/124
f 949/1/122 950/1/122 952/1/122 951/1/122
f 951/1/125 952/1/125 956/1/125 955/1/125
f 955/1/126 956/1/126 954/1/126 953/1/126
f 953/1/123 954/1/123 950/1/123 949/1/123
f 951/1/121 955/1/121 953/1/121 949/1/121
f 956/1/124 952/1/124 950/1/124 954/1/124
usemtl mustard
f 721/1/125 722/1/125 724/1/271 723/1/271
f 723/1/271 724/1/271 726/1/272 725/1/272
f 725/1/272 726/1/272 728/1/126 727/1/126
f 727/1/126 728/1/126 730/1/273 729/1/273
f 729/1/273 730/1/273 732/1/274 731/1/274
f 731/1/274 732/1/274 734/1/123 733/1/123
f 733/1/123 734/1/123 736/1/275 735/1/275
f 735/1/275 736/1/275 738/1/276 737/1/276
f 737/1/276 738/1/276 740/1/122 739/1/122
f 739/1/122 740/1/122 742/1/277 741/1/277
f 724/1/124 722/1/124 744/1/124 742/1/124 740/1/124 738/1/124 736/1/124 734/1/124 732/1/124 730/1/124 728/1/124 726/1/124
f 741/1/277 742/1/277 744/1/278 743/1/278
f 743/1/278 744/1/278 722/1/125 721/1/125
f 721/1/121 723/1/121 725/1/121 727/1/121 729/1/121 731/1/121 733/1/121 735/1/121 737/1/121 739/1/121 741/1/121 743/1/121
f 769/1/279 770/1/280 780/1/280 779/1/279
f 770/1/280 771/1/281 781/1/281 780/1/280
f 771/1/281 772/1/282 782/1/282 781/1/281
f 772/1/282 773/1/283 783/1/283 782/1/282
f 773/1/283 774/1/284 784/1/284 783/1/283
f 774/1/284 775/1/285 785/1/285 784/1/284
f 775/1/285 776/1/286 786/1/286 785/1/285
f 776/1/286 777/1/287 787/1/287 786/1/286
f 777/1/287 778/1/288 788/1/288 787/1/287
f 778/1/288 769/1/279 779/1/279 788/1/288
f 779/1/233 780/1/289 790/1/289 789/1/233
f 780/1/289 781/1/290 791/1/290 790/1/289
f 781/1/290 782/1/291 792/1/291 791/1/290
f 782/1/291 783/1/292 793/1/292 792/1/291
f 783/1/292 784/1/171 794/1/171 793/1/292
f 784/1/171 785/1/293 795/1/293 794/1/171
f 785/1/293 786/1/294 796/1/294 795/1/293
f 786/1/294 787/1/295 797/1/295 796/1/294
f 787/1/295 788/1/296 798/1/296 797/1/295
f 788/1/296 779/1/233 789/1/233 798/1/296
f 789/1/122 790/1/297 800/1/297 799/1/122
f 790/1/297 791/1/298 801/1/298 800/1/297
f 791/1/298 792/1/299 802/1/299 801/1/298
f 792/1/299 793/1/300 803/1/300 802/1/299
f 793/1/300 794/1/126 804/1/126 803/1/300
f 794/1/126 795/1/301 805/1/301 804/1/126
f 795/1/301 796/1/302 806/1/302 805/1/301
f 796/1/302 797/1/303 807/1/303 806/1/302
f 797/1/303 798/1/304 808/1/304 807/1/303
f 798/1/304 789/1/122 799/1/122 808/1/304
f 799/1/172 800/1/305 810/1/305 809/1/172
f 800/1/305 801/1/306 811/1/306 810/1/305
f 801/1/306 802/1/307 812/1/307 811/1/306
f 802/1/307 803/1/308 813/1/308 812/1/307
f 803/1/308 804/1/234 814/1/234 813/1/308
f 804/1/234 805/1/309 815/1/309 814/1/234
f 805/1/309 806/1/310 816/1/310 815/1/309
f 806/1/310 807/1/311 817/1/311 816/1/310
f 807/1/311 808/1/312 818/1/312 817/1/311
f 808/1/312 799/1/172 809/1/172 818/1/312
f 809/1/313 810/1/314 770/1/314 769/1/313
f 810/1/314 811/1/315 771/1/315 770/1/314
f 811/1/315 812/1/316 772/1/316 771/1/315
f 812/1/316 813/1/317 773/1/317 772/1/316
f 813/1/317 814/1/318 774/1/318 773/1/317
f 814/1/318 815/1/319 775/1/319 774/1/318
f 815/1/319 816/1/320 776/1/320 775/1/319
f 816/1/320 817/1/321 777/1/321 776/1/320
f 817/1/321 818/1/322 778/1/322 777/1/321
f 818/1/322 809/1/313 769/1/313 778/1/322
usemtl relish
f 877/1/97 878/1/98 879/1/99
f 880/1/100 881/1/101 882/1/102
f 883/1/103 884/1/104 885/1/105
f 886/1/106 887/1/107 888/1/108
f 889/1/109 890/1/110 891/1/111
f 892/1/112 893/1/113 894/1/114
f 895/1/115 896/1/116 897/1/117
f 898/1/118 899/1/119 900/1/120
f 883/1/103 877/1/97 879/1/99 884/1/104
f 878/1/98 880/1/100 882/1/102 879/1/99
f 881/1/101 886/1/106 888/1/108 882/1/102
f 887/1/107 885/1/105 884/1/104 888/1/108
f 895/1/115 883/1/103 885/1/105 896/1/116
f 886/1/106 898/1/118 900/1/120 887/1/107
f 899/1/119 897/1/117 896/1/116 900/1/120
f 889/1/109 895/1/115 897/1/117 890/1/110
f 898/1/118 892/1/112 894/1/114 899/1/119
f 893/1/113 891/1/111 890/1/110 894/1/114
f 877/1/97 889/1/109 891/1/111 878/1/98
f 892/1/112 881/1/101 880/1/100 893/1/113
f 883/1/121 895/1/121 889/1/121 877/1/121
f 879/1/122 882/1/122 888/1/122 884/1/122
f 891/1/123 893/1/123 880/1/123 878/1/123
f 898/1/124 886/1/124 881/1/124 892/1/124
f 885/1/125 887/1/125 900/1/125 896/1/125
f 897/1/126 899/1/126 894/1/126 890/1/126
f 901/1/97 902/1/98 903/1/99
f 904/1/100 905/1/101 906/1/102
f 907/1/103 908/1/104 909/1/105
f 910/1/106 911/1/107 912/1/108
f 913/1/109 914/1/110 915/1/111
f 916/1/112 917/1/113 918/1/114
f 919/1/115 920/1/116 921/1/117
f 922/1/118 923/1/119 924/1/120
f 907/1/103 901/1/97 903/1/99 908/1/104
f 902/1/98 904/1/100 906/1/102 903/1/99
f 905/1/101 910/1/106 912/1/108 906/1/102
f 911/1/107 909/1/105 908/1/104 912/1/108
f 919/1/115 907/1/103 909/1/105 920/1/116
f 910/1/106 922/1/118 924/1/120 911/1/107
f 923/1/119 921/1/117 920/1/116 924/1/120
f 913/1/109 919/1/115 921/1/117 914/1/110
f 922/1/118 916/1/112 918/1/114 923/1/119
f 917/1/113 915/1/111 914/1/110 918/1/114
f 901/1/97 913/1/109 915/1/111 902/1/98
f 916/1/112 905/1/101 904/1/100 917/1/113
f 907/1/121 919/1/121 913/1/121 901/1/121
f 903/1/122 906/1/122 912/1/122 908/1/122
f 915/1/123 917/1/123 904/1/123 902/1/123
f 922/1/124 910/1/124 905/1/124 916/1/124
f 909/1/125 911/1/125 924/1/125 920/1/125
f 921/1/126 923/1/126 918/1/126 914/1/126
f 925/1/97 926/1/98 927/1/99
f 928/1/100 929/1/101 930/1/102
f 931/1/103 932/1/104 933/1/105
f 934/1/106 935/1/107 936/1/108
f 937/1/109 938/1/110 939/1/111
f 940/1/112 941/1/113 942/1/114
f 943/1/115 944/1/116 945/1/117
f 946/1/118 947/1/119 948/1/120
f 931/1/103 925/1/97 927/1/99 932/1/104
f 926/1/98 928/1/100 930/1/102 927/1/99
f 929/1/101 934/1/106 936/1/108 930/1/102
f 935/1/107 933/1/105 932/1/104 936/1/108
f 943/1/115 931/1/103 933/1/105 944/1/116
f 934/1/106 946/1/118 948/1/120 935/1/107
f 947/1/119 945/1/117 944/1/116 948/1/120
f 937/1/109 943/1/115 945/1/117 938/1/110
f 946/1/118 940/1/112 942/1/114 947/1/119
f 941/1/113 939/1/111 938/1/110 942/1/114
f 925/1/97 937/1/109 939/1/111 926/1/98
f 940/1/112 929/1/101 928/1/100 941/1/113
f 931/1/121 943/1/121 937/1/121 925/1/121
f 927/1/122 930/1/122 936/1/122 932/1/122
f 939/1/123 941/1/123 928/1/123 926/1/123
f 946/1/124 934/1/124 929/1/124 940/1/124
f 933/1/125 935/1/125 948/1/125 944/1/125
f 945/1/126 947/1/126 942/1/126 938/1/126
usemtl tire
f 1121/1/384 1144/1/384 1124/1/384 1125/1/384
f 1120/1/499 1119/1/124 1123/1/500
f 1122/1/121 1121/1/501 1125/1/502
f 1144/1/385 1120/1/385 1123/1/385 1124/1/385
f 1125/1/503 1124/1/503 1127/1/503 1128/1/503
f 1123/1/500 1119/1/124 1126/1/504
f 1122/1/121 1125/1/502 1128/1/505
f 1124/1/506 1123/1/506 1126/1/506 1127/1/506
f 1128/1/507 1127/1/507 1130/1/507 1131/1/507
f 1126/1/504 1119/1/124 1129/1/508
f 1122/1/121 1128/1/505 1131/1/509
f 1127/1/510 1126/1/510 1129/1/510 1130/1/510
f 1131/1/389 1130/1/389 1133/1/389 1134/1/389
f 1129/1/508 1119/1/124 1132/1/511
f 1122/1/121 1131/1/509 1134/1/512
f 1130/1/388 1129/1/388 1132/1/388 1133/1/388
f 1134/1/371 1133/1/371 1136/1/371 1137/1/371
f 1132/1/511 1119/1/124 1135/1/513
f 1122/1/121 1134/1/512 1137/1/514
f 1133/1/369 1132/1/369 1135/1/369 1136/1/369
f 1137/1/515 1136/1/515 1139/1/515 1140/1/515
f 1135/1/513 1119/1/124 1138/1/516
f 1122/1/121 1137/1/514 1140/1/517
f 1136/1/518 1135/1/518 1138/1/518 1139/1/518
f 1139/1/519 1138/1/519 1141/1/519 1142/1/519
f 1140/1/520 1139/1/520 1142/1/520 1143/1/520
f 1138/1/516 1119/1/124 1141/1/521
f 1122/1/121 1140/1/517 1143/1/522
f 1122/1/121 1143/1/522 1121/1/501
f 1142/1/363 1141/1/363 1120/1/363 1144/1/363
f 1143/1/361 1142/1/361 1144/1/361 1121/1/361
f 1141/1/521 1119/1/124 1120/1/499
f 1171/1/384 1194/1/384 1174/1/384 1175/1/384
f 1170/1/499 1169/1/124 1173/1/500
f 1172/1/121 1171/1/501 1175/1/502
f 1194/1/385 1170/1/385 1173/1/385 1174/1/385
f 1175/1/503 1174/1/503 1177/1/503 1178/1/503
f 1173/1/500 1169/1/124 1176/1/504
f 1172/1/121 1175/1/502 1178/1/505
f 1174/1/506 1173/1/506 1176/1/506 1177/1/506
f 1178/1/507 1177/1/507 1180/1/507 1181/1/507
f 1176/1/504 1169/1/124 1179/1/508
f 1172/1/121 1178/1/505 1181/1/509
f 1177/1/510 1176/1/510 1179/1/510 1180/1/510
f 1181/1/389 1180/1/389 1183/1/389 1184/1/389
f 1179/1/508 1169/1/124 1182/1/511
f 1172/1/121 1181/1/509 1184/1/512
f 1180/1/388 1179/1/388 1182/1/388 1183/1/388
f 1184/1/371 1183/1/371 1186/1/371 1187/1/371
f 1182/1/511 1169/1/124 1185/1/513
f 1172/1/121 1184/1/512 1187/1/514
f 1183/1/369 1182/1/369 1185/1/369 1186/1/369
f 1187/1/515 1186/1/515 1189/1/515 1190/1/515
f 1185/1/513 1169/1/124 1188/1/516
f 1172/1/121 1187/1/514 1190/1/517
f 1186/1/518 1185/1/518 1188/1/518 1189/1/518
f 1189/1/519 1188/1/519 1191/1/519 1192/1/519
f 1190/1/520 1189/1/520 1192/1/520 1193/1/520
f 1188/1/516 1169/1/124 1191/1/521
f 1172/1/121 1190/1/517 1193/1/522
f 1172/1/121 1193/1/522 1171/1/501
f 1192/1/363 1191/1/363 1170/1/363 1194/1/363
f 1193/1/361 1192/1/361 1194/1/361 1171/1/361
f 1191/1/521 1169/1/124 1170/1/499
f 1221/1/384 1244/1/384 1224/1/384 1225/1/384
f 1220/1/499 1219/1/124 1223/1/500
f 1222/1/121 1221/1/501 1225/1/502
f 1244/1/385 1220/1/385 1223/1/385 1224/1/385
f 1225/1/503 1224/1/503 1227/1/503 1228/1/503
f 1223/1/500 1219/1/124 1226/1/504
f 1222/1/121 1225/1/502 1228/1/505
f 1224/1/506 1223/1/506 1226/1/506 1227/1/506
f 1228/1/507 1227/1/507 1230/1/507 1231/1/507
f 1226/1/504 1219/1/124 1229/1/508
f 1222/1/121 1228/1/505 1231/1/509
f 1227/1/510 1226/1/510 1229/1/510 1230/1/510
f 1231/1/389 1230/1/389 1233/1/389 1234/1/389
f 1229/1/508 1219/1/124 1232/1/511
f 1222/1/121 1231/1/509 1234/1/512
f 1230/1/388 1229/1/388 1232/1/388 1233/1/388
f 1234/1/371 1233/1/371 1236/1/371 1237/1/371
f 1232/1/511 1219/1/124 1235/1/513
f 1222/1/121 1234/1/512 1237/1/514
f 1233/1/369 1232/1/369 1235/1/369 1236/1/369
f 1237/1/515 1236/1/515 1239/1/515 1240/1/515
f 1235/1/513 1219/1/124 1238/1/516
f 1222/1/121 1237/1/514 1240/1/517
f 1236/1/518 1235/1/518 1238/1/518 1239/1/518
f 1239/1/519 1238/1/519 1241/1/519 1242/1/519
f 1240/1/520 1239/1/520 1242/1/520 1243/1/520
f 1238/1/516 1219/1/124 1241/1/521
f 1222/1/121 1240/1/517 1243/1/522
f 1222/1/121 1243/1/522 1221/1/501
f 1242/1/363 1241/1/363 1220/1/363 1244/1/363
f 1243/1/361 1242/1/361 1244/1/361 1221/1/361
f 1241/1/521 1219/1/124 1220/1/499
f 1271/1/384 1294/1/384 1274/1/384 1275/1/384
f 1270/1/499 1269/1/124 1273/1/500
f 1272/1/121 1271/1/501 1275/1/502
f 1294/1/385 1270/1/385 1273/1/385 1274/1/385
f 1275/1/503 1274/1/503 1277/1/503 1278/1/503
f 1273/1/500 1269/1/124 1276/1/504
f 1272/1/121 1275/1/502 1278/1/505
f 1274/1/506 1273/1/506 1276/1/506 1277/1/506
f 1278/1/507 1277/1/507 1280/1/507 1281/1/507
f 1276/1/504 1269/1/124 1279/1/508
f 1272/1/121 1278/1/505 1281/1/509
f 1277/1/510 1276/1/510 1279/1/510 1280/1/510
f 1281/1/389 1280/1/389 1283/1/389 1284/1/389
f 1279/1/508 1269/1/124 1282/1/511
f 1272/1/121 1281/1/509 1284/1/512
f 1280/1/388 1279/1/388 1282/1/388 1283/1/388
f 1284/1/371 1283/1/371 1286/1/371 1287/1/371
f 1282/1/511 1269/1/124 1285/1/513
f 1272/1/121 1284/1/512 1287/1/514
f 1283/1/369 1282/1/369 1285/1/369 1286/1/369
f 1287/1/515 1286/1/515 1289/1/515 1290/1/515
f 1285/1/513 1269/1/124 1288/1/516
f 1272/1/121 1287/1/514 1290/1/517
f 1286/1/518 1285/1/518 1288/1/518 1289/1/518
f 1289/1/519 1288/1/519 1291/1/519 1292/1/519
f 1290/1/520 1289/1/520 1292/1/520 1293/1/520
f 1288/1/516 1269/1/124 1291/1/521
f 1272/1/121 1290/1/517 1293/1/522
f 1272/1/121 1293/1/522 1271/1/501
f 1292/1/363 1291/1/363 1270/1/363 1294/1/363
f 1293/1/361 1292/1/361 1294/1/361 1271/1/361
f 1291/1/521 1269/1/124 1270/1/499
f 1321/1/384 1344/1/384 1324/1/384 1325/1/384
f 1320/1/499 1319/1/124 1323/1/500
f 1322/1/121 1321/1/501 1325/1/502
f 1344/1/385 1320/1/385 1323/1/385 1324/1/385
f 1325/1/503 1324/1/503 1327/1/503 1328/1/503
f 1323/1/500 1319/1/124 1326/1/504
f 1322/1/121 1325/1/502 1328/1/505
f 1324/1/506 1323/1/506 1326/1/506 1327/1/506
f 1328/1/507 1327/1/507 1330/1/507 1331/1/507
f 1326/1/504 1319/1/124 1329/1/508
f 1322/1/121 1328/1/505 1331/1/509
f 1327/1/510 1326/1/510 1329/1/510 1330/1/510
f 1331/1/389 1330/1/389 1333/1/389 1334/1/389
f 1329/1/508 1319/1/124 1332/1/511
f 1322/1/121 1331/1/509 1334/1/512
f 1330/1/388 1329/1/388 1332/1/388 1333/1/388
f 1334/1/371 1333/1/371 1336/1/371 1337/1/371
f 1332/1/511 1319/1/124 1335/1/513
f 1322/1/121 1334/1/512 1337/1/514
f 1333/1/369 1332/1/369 1335/1/369 1336/1/369
f 1337/1/515 1336/1/515 1339/1/515 1340/1/515
f 1335/1/513 1319/1/124 1338/1/516
f 1322/1/121 1337/1/514 1340/1/517
f 1336/1/518 1335/1/518 1338/1/518 1339/1/518
f 1339/1/519 1338/1/519 1341/1/519 1342/1/519
f 1340/1/520 1339/1/520 1342/1/520 1343/1/520
f 1338/1/516 1319/1/124 1341/1/521
f 1322/1/121 1340/1/517 1343/1/522
f 1322/1/121 1343/1/522 1321/1/501
f 1342/1/363 1341/1/363 1320/1/363 1344/1/363
f 1343/1/361 1342/1/361 1344/1/361 1321/1/361
f 1341/1/521 1319/1/124 1320/1/499
