# Blender 5.0.1
# www.blender.org
mtllib ClockBoard.mtl
o ClockBoard
v -1.720000 0.000000 1.420000 0.9294 0.8902 0.8117
v -1.720000 0.080000 1.500000 0.9294 0.8902 0.8117
v -1.800000 0.080000 1.420000 0.9294 0.8902 0.8117
v -1.720000 0.420000 1.500000 0.9294 0.8902 0.8117
v -1.720000 0.500000 1.420000 0.9294 0.8902 0.8117
v -1.800000 0.420000 1.420000 0.9294 0.8902 0.8117
v -1.720000 0.000000 -1.420000 0.9294 0.8902 0.8117
v -1.800000 0.080000 -1.420000 0.9294 0.8902 0.8117
v -1.720000 0.080000 -1.500000 0.9294 0.8902 0.8117
v -1.720000 0.500000 -1.420000 0.9294 0.8902 0.8117
v -1.720000 0.420000 -1.500000 0.9294 0.8902 0.8117
v -1.800000 0.420000 -1.420000 0.9294 0.8902 0.8117
v 1.720000 0.000000 1.420000 0.9294 0.8902 0.8117
v 1.800000 0.080000 1.420000 0.9294 0.8902 0.8117
v 1.720000 0.080000 1.500000 0.9294 0.8902 0.8117
v 1.720000 0.500000 1.420000 0.9294 0.8902 0.8117
v 1.720000 0.420000 1.500000 0.9294 0.8902 0.8117
v 1.800000 0.420000 1.420000 0.9294 0.8902 0.8117
v 1.720000 0.000000 -1.420000 0.9294 0.8902 0.8117
v 1.720000 0.080000 -1.500000 0.9294 0.8902 0.8117
v 1.800000 0.080000 -1.420000 0.9294 0.8902 0.8117
v 1.720000 0.500000 -1.420000 0.9294 0.8902 0.8117
v 1.800000 0.420000 -1.420000 0.9294 0.8902 0.8117
v 1.720000 0.420000 -1.500000 0.9294 0.8902 0.8117
v -0.980000 0.500000 0.780000 0.2471 0.7137 0.7882
v -0.980000 0.620000 0.900000 0.2471 0.7137 0.7882
v -1.100000 0.620000 0.780000 0.2471 0.7137 0.7882
v -0.980000 0.535147 0.864853 0.2471 0.7137 0.7882
v -1.049282 0.550718 0.849282 0.2471 0.7137 0.7882
v -1.064853 0.620000 0.864853 0.2471 0.7137 0.7882
v -1.064853 0.535147 0.780000 0.2471 0.7137 0.7882
v -0.980000 4.180000 0.900000 0.2471 0.7137 0.7882
v -0.980000 4.300000 0.780000 0.2471 0.7137 0.7882
v -1.100000 4.180000 0.780000 0.2471 0.7137 0.7882
v -0.980000 4.264853 0.864853 0.2471 0.7137 0.7882
v -1.049282 4.249282 0.849282 0.2471 0.7137 0.7882
v -1.064853 4.264853 0.780000 0.2471 0.7137 0.7882
v -1.064853 4.180000 0.864853 0.2471 0.7137 0.7882
v -0.980000 0.500000 -0.780000 0.2471 0.7137 0.7882
v -1.100000 0.620000 -0.780000 0.2471 0.7137 0.7882
v -0.980000 0.620000 -0.900000 0.2471 0.7137 0.7882
v -1.064853 0.535147 -0.780000 0.2471 0.7137 0.7882
v -1.049282 0.550718 -0.849282 0.2471 0.7137 0.7882
v -1.064853 0.620000 -0.864853 0.2471 0.7137 0.7882
v -0.980000 0.535147 -0.864853 0.2471 0.7137 0.7882
v -0.980000 4.300000 -0.780000 0.2471 0.7137 0.7882
v -0.980000 4.180000 -0.900000 0.2471 0.7137 0.7882
v -1.100000 4.180000 -0.780000 0.2471 0.7137 0.7882
v -0.980000 4.264853 -0.864853 0.2471 0.7137 0.7882
v -1.049282 4.249282 -0.849282 0.2471 0.7137 0.7882
v -1.064853 4.180000 -0.864853 0.2471 0.7137 0.7882
v -1.064853 4.264853 -0.780000 0.2471 0.7137 0.7882
v 0.980000 0.500000 0.780000 0.2471 0.7137 0.7882
v 1.100000 0.620000 0.780000 0.2471 0.7137 0.7882
v 0.980000 0.620000 0.900000 0.2471 0.7137 0.7882
v 1.064853 0.535147 0.780000 0.2471 0.7137 0.7882
v 1.049282 0.550718 0.849282 0.2471 0.7137 0.7882
v 1.064853 0.620000 0.864853 0.2471 0.7137 0.7882
v 0.980000 0.535147 0.864853 0.2471 0.7137 0.7882
v 0.980000 4.300000 0.780000 0.2471 0.7137 0.7882
v 0.980000 4.180000 0.900000 0.2471 0.7137 0.7882
v 1.100000 4.180000 0.780000 0.2471 0.7137 0.7882
v 0.980000 4.264853 0.864853 0.2471 0.7137 0.7882
v 1.049282 4.249282 0.849282 0.2471 0.7137 0.7882
v 1.064853 4.180000 0.864853 0.2471 0.7137 0.7882
v 1.064853 4.264853 0.780000 0.2471 0.7137 0.7882
v 0.980000 0.500000 -0.780000 0.2471 0.7137 0.7882
v 0.980000 0.620000 -0.900000 0.2471 0.7137 0.7882
v 1.100000 0.620000 -0.780000 0.2471 0.7137 0.7882
v 0.980000 0.535147 -0.864853 0.2471 0.7137 0.7882
v 1.049282 0.550718 -0.849282 0.2471 0.7137 0.7882
v 1.064853 0.620000 -0.864853 0.2471 0.7137 0.7882
v 1.064853 0.535147 -0.780000 0.2471 0.7137 0.7882
v 0.980000 4.300000 -0.780000 0.2471 0.7137 0.7882
v 1.100000 4.180000 -0.780000 0.2471 0.7137 0.7882
v 0.980000 4.180000 -0.900000 0.2471 0.7137 0.7882
v 1.064853 4.264853 -0.780000 0.2471 0.7137 0.7882
v 1.049282 4.249282 -0.849282 0.2471 0.7137 0.7882
v 1.064853 4.180000 -0.864853 0.2471 0.7137 0.7882
v 0.980000 4.264853 -0.864853 0.2471 0.7137 0.7882
v -1.110000 1.310000 0.910000 1.0000 0.9647 0.8980
v -1.110000 1.350000 0.950000 1.0000 0.9647 0.8980
v -1.150000 1.350000 0.910000 1.0000 0.9647 0.8980
v -1.110000 1.450000 0.950000 1.0000 0.9647 0.8980
v -1.110000 1.490000 0.910000 1.0000 0.9647 0.8980
v -1.150000 1.450000 0.910000 1.0000 0.9647 0.8980
v -1.110000 1.310000 -0.910000 1.0000 0.9647 0.8980
v -1.150000 1.350000 -0.910000 1.0000 0.9647 0.8980
v -1.110000 1.350000 -0.950000 1.0000 0.9647 0.8980
v -1.110000 1.490000 -0.910000 1.0000 0.9647 0.8980
v -1.110000 1.450000 -0.950000 1.0000 0.9647 0.8980
v -1.150000 1.450000 -0.910000 1.0000 0.9647 0.8980
v 1.110000 1.310000 0.910000 1.0000 0.9647 0.8980
v 1.150000 1.350000 0.910000 1.0000 0.9647 0.8980
v 1.110000 1.350000 0.950000 1.0000 0.9647 0.8980
v 1.110000 1.490000 0.910000 1.0000 0.9647 0.8980
v 1.110000 1.450000 0.950000 1.0000 0.9647 0.8980
v 1.150000 1.450000 0.910000 1.0000 0.9647 0.8980
v 1.110000 1.310000 -0.910000 1.0000 0.9647 0.8980
v 1.110000 1.350000 -0.950000 1.0000 0.9647 0.8980
v 1.150000 1.350000 -0.910000 1.0000 0.9647 0.8980
v 1.110000 1.490000 -0.910000 1.0000 0.9647 0.8980
v 1.150000 1.450000 -0.910000 1.0000 0.9647 0.8980
v 1.110000 1.450000 -0.950000 1.0000 0.9647 0.8980
v -1.110000 2.810000 0.910000 1.0000 0.9647 0.8980
v -1.110000 2.850000 0.950000 1.0000 0.9647 0.8980
v -1.150000 2.850000 0.910000 1.0000 0.9647 0.8980
v -1.110000 2.950000 0.950000 1.0000 0.9647 0.8980
v -1.110000 2.990000 0.910000 1.0000 0.9647 0.8980
v -1.150000 2.950000 0.910000 1.0000 0.9647 0.8980
v -1.110000 2.810000 -0.910000 1.0000 0.9647 0.8980
v -1.150000 2.850000 -0.910000 1.0000 0.9647 0.8980
v -1.110000 2.850000 -0.950000 1.0000 0.9647 0.8980
v -1.110000 2.990000 -0.910000 1.0000 0.9647 0.8980
v -1.110000 2.950000 -0.950000 1.0000 0.9647 0.8980
v -1.150000 2.950000 -0.910000 1.0000 0.9647 0.8980
v 1.110000 2.810000 0.910000 1.0000 0.9647 0.8980
v 1.150000 2.850000 0.910000 1.0000 0.9647 0.8980
v 1.110000 2.850000 0.950000 1.0000 0.9647 0.8980
v 1.110000 2.990000 0.910000 1.0000 0.9647 0.8980
v 1.110000 2.950000 0.950000 1.0000 0.9647 0.8980
v 1.150000 2.950000 0.910000 1.0000 0.9647 0.8980
v 1.110000 2.810000 -0.910000 1.0000 0.9647 0.8980
v 1.110000 2.850000 -0.950000 1.0000 0.9647 0.8980
v 1.150000 2.850000 -0.910000 1.0000 0.9647 0.8980
v 1.110000 2.990000 -0.910000 1.0000 0.9647 0.8980
v 1.150000 2.950000 -0.910000 1.0000 0.9647 0.8980
v 1.110000 2.950000 -0.950000 1.0000 0.9647 0.8980
v -1.110000 4.010000 0.910000 1.0000 0.9647 0.8980
v -1.110000 4.050000 0.950000 1.0000 0.9647 0.8980
v -1.150000 4.050000 0.910000 1.0000 0.9647 0.8980
v -1.110000 4.150000 0.950000 1.0000 0.9647 0.8980
v -1.110000 4.190000 0.910000 1.0000 0.9647 0.8980
v -1.150000 4.150000 0.910000 1.0000 0.9647 0.8980
v -1.110000 4.010000 -0.910000 1.0000 0.9647 0.8980
v -1.150000 4.050000 -0.910000 1.0000 0.9647 0.8980
v -1.110000 4.050000 -0.950000 1.0000 0.9647 0.8980
v -1.110000 4.190000 -0.910000 1.0000 0.9647 0.8980
v -1.110000 4.150000 -0.950000 1.0000 0.9647 0.8980
v -1.150000 4.150000 -0.910000 1.0000 0.9647 0.8980
v 1.110000 4.010000 0.910000 1.0000 0.9647 0.8980
v 1.150000 4.050000 0.910000 1.0000 0.9647 0.8980
v 1.110000 4.050000 0.950000 1.0000 0.9647 0.8980
v 1.110000 4.190000 0.910000 1.0000 0.9647 0.8980
v 1.110000 4.150000 0.950000 1.0000 0.9647 0.8980
v 1.150000 4.150000 0.910000 1.0000 0.9647 0.8980
v 1.110000 4.010000 -0.910000 1.0000 0.9647 0.8980
v 1.110000 4.050000 -0.950000 1.0000 0.9647 0.8980
v 1.150000 4.050000 -0.910000 1.0000 0.9647 0.8980
v 1.110000 4.190000 -0.910000 1.0000 0.9647 0.8980
v 1.150000 4.150000 -0.910000 1.0000 0.9647 0.8980
v 1.110000 4.150000 -0.950000 1.0000 0.9647 0.8980
v -0.650000 0.500000 1.050000 1.0000 0.9647 0.8980
v -0.650000 0.550000 1.100000 1.0000 0.9647 0.8980
v -0.700000 0.550000 1.050000 1.0000 0.9647 0.8980
v -0.650000 2.550000 1.100000 1.0000 0.9647 0.8980
v -0.650000 2.600000 1.050000 1.0000 0.9647 0.8980
v -0.700000 2.550000 1.050000 1.0000 0.9647 0.8980
v -0.650000 0.500000 0.950000 1.0000 0.9647 0.8980
v -0.700000 0.550000 0.950000 1.0000 0.9647 0.8980
v -0.650000 0.550000 0.900000 1.0000 0.9647 0.8980
v -0.650000 2.600000 0.950000 1.0000 0.9647 0.8980
v -0.650000 2.550000 0.900000 1.0000 0.9647 0.8980
v -0.700000 2.550000 0.950000 1.0000 0.9647 0.8980
v 0.650000 0.500000 1.050000 1.0000 0.9647 0.8980
v 0.700000 0.550000 1.050000 1.0000 0.9647 0.8980
v 0.650000 0.550000 1.100000 1.0000 0.9647 0.8980
v 0.650000 2.600000 1.050000 1.0000 0.9647 0.8980
v 0.650000 2.550000 1.100000 1.0000 0.9647 0.8980
v 0.700000 2.550000 1.050000 1.0000 0.9647 0.8980
v 0.650000 0.500000 0.950000 1.0000 0.9647 0.8980
v 0.650000 0.550000 0.900000 1.0000 0.9647 0.8980
v 0.700000 0.550000 0.950000 1.0000 0.9647 0.8980
v 0.650000 2.600000 0.950000 1.0000 0.9647 0.8980
v 0.700000 2.550000 0.950000 1.0000 0.9647 0.8980
v 0.650000 2.550000 0.900000 1.0000 0.9647 0.8980
v -0.470000 0.500000 1.150000 0.9490 0.7608 0.1882
v -0.470000 0.530000 1.180000 0.9490 0.7608 0.1882
v -0.500000 0.530000 1.150000 0.9490 0.7608 0.1882
v -0.470000 2.370000 1.180000 0.9490 0.7608 0.1882
v -0.470000 2.400000 1.150000 0.9490 0.7608 0.1882
v -0.500000 2.370000 1.150000 0.9490 0.7608 0.1882
v -0.470000 0.500000 1.130000 0.9490 0.7608 0.1882
v -0.500000 0.530000 1.130000 0.9490 0.7608 0.1882
v -0.470000 0.530000 1.100000 0.9490 0.7608 0.1882
v -0.470000 2.400000 1.130000 0.9490 0.7608 0.1882
v -0.470000 2.370000 1.100000 0.9490 0.7608 0.1882
v -0.500000 2.370000 1.130000 0.9490 0.7608 0.1882
v 0.470000 0.500000 1.150000 0.9490 0.7608 0.1882
v 0.500000 0.530000 1.150000 0.9490 0.7608 0.1882
v 0.470000 0.530000 1.180000 0.9490 0.7608 0.1882
v 0.470000 2.400000 1.150000 0.9490 0.7608 0.1882
v 0.470000 2.370000 1.180000 0.9490 0.7608 0.1882
v 0.500000 2.370000 1.150000 0.9490 0.7608 0.1882
v 0.470000 0.500000 1.130000 0.9490 0.7608 0.1882
v 0.470000 0.530000 1.100000 0.9490 0.7608 0.1882
v 0.500000 0.530000 1.130000 0.9490 0.7608 0.1882
v 0.470000 2.400000 1.130000 0.9490 0.7608 0.1882
v 0.500000 2.370000 1.130000 0.9490 0.7608 0.1882
v 0.470000 2.370000 1.100000 0.9490 0.7608 0.1882
v -0.300000 1.355000 1.210000 0.5255 0.8157 0.9019
v -0.300000 2.153000 1.210000 0.5255 0.8157 0.9019
v -0.300000 1.355000 1.170000 0.5255 0.8157 0.9019
v -0.300000 2.153000 1.170000 0.5255 0.8157 0.9019
v 0.300000 1.355000 1.210000 0.5255 0.8157 0.9019
v 0.300000 2.153000 1.210000 0.5255 0.8157 0.9019
v 0.300000 1.355000 1.170000 0.5255 0.8157 0.9019
v 0.300000 2.153000 1.170000 0.5255 0.8157 0.9019
v -0.350000 0.972000 1.210000 1.0000 0.9647 0.8980
v -0.350000 1.092000 1.210000 1.0000 0.9647 0.8980
v -0.350000 0.972000 1.170000 1.0000 0.9647 0.8980
v -0.350000 1.092000 1.170000 1.0000 0.9647 0.8980
v 0.350000 0.972000 1.210000 1.0000 0.9647 0.8980
v 0.350000 1.092000 1.210000 1.0000 0.9647 0.8980
v 0.350000 0.972000 1.170000 1.0000 0.9647 0.8980
v 0.350000 1.092000 1.170000 1.0000 0.9647 0.8980
v 0.360000 1.482000 1.110000 0.7216 0.7608 0.8000
v 0.360000 1.482000 1.410000 0.7216 0.7608 0.8000
v 0.409497 1.461498 1.110000 0.7216 0.7608 0.8000
v 0.409497 1.461498 1.410000 0.7216 0.7608 0.8000
v 0.430000 1.412000 1.110000 0.7216 0.7608 0.8000
v 0.430000 1.412000 1.410000 0.7216 0.7608 0.8000
v 0.409497 1.362503 1.110000 0.7216 0.7608 0.8000
v 0.409497 1.362503 1.410000 0.7216 0.7608 0.8000
v 0.360000 1.342000 1.110000 0.7216 0.7608 0.8000
v 0.360000 1.342000 1.410000 0.7216 0.7608 0.8000
v 0.310503 1.362503 1.110000 0.7216 0.7608 0.8000
v 0.310503 1.362503 1.410000 0.7216 0.7608 0.8000
v 0.290000 1.412000 1.110000 0.7216 0.7608 0.8000
v 0.290000 1.412000 1.410000 0.7216 0.7608 0.8000
v 0.310503 1.461498 1.110000 0.7216 0.7608 0.8000
v 0.310503 1.461498 1.410000 0.7216 0.7608 0.8000
v -2.050000 4.200000 0.550000 0.8470 0.2275 0.1804
v -2.050000 4.450000 0.800000 0.8470 0.2275 0.1804
v -2.300000 4.450000 0.550000 0.8470 0.2275 0.1804
v -2.050000 4.233399 0.674836 0.8470 0.2275 0.1804
v -2.174836 4.233399 0.550000 0.8470 0.2275 0.1804
v -2.169553 4.265841 0.669553 0.8470 0.2275 0.1804
v -2.174836 4.450000 0.766601 0.8470 0.2275 0.1804
v -2.050000 4.325164 0.766601 0.8470 0.2275 0.1804
v -2.169553 4.330447 0.734158 0.8470 0.2275 0.1804
v -2.266601 4.325164 0.550000 0.8470 0.2275 0.1804
v -2.266601 4.450000 0.674836 0.8470 0.2275 0.1804
v -2.234158 4.330447 0.669553 0.8470 0.2275 0.1804
v -2.050000 7.950000 0.800000 0.8470 0.2275 0.1804
v -2.050000 8.200000 0.550000 0.8470 0.2275 0.1804
v -2.300000 7.950000 0.550000 0.8470 0.2275 0.1804
v -2.050000 8.074836 0.766601 0.8470 0.2275 0.1804
v -2.174836 7.950000 0.766601 0.8470 0.2275 0.1804
v -2.169553 8.069552 0.734158 0.8470 0.2275 0.1804
v -2.174836 8.166601 0.550000 0.8470 0.2275 0.1804
v -2.050000 8.166601 0.674836 0.8470 0.2275 0.1804
v -2.169553 8.134158 0.669553 0.8470 0.2275 0.1804
v -2.266601 7.950000 0.674836 0.8470 0.2275 0.1804
v -2.266601 8.074836 0.550000 0.8470 0.2275 0.1804
v -2.234158 8.069552 0.669553 0.8470 0.2275 0.1804
v -2.050000 4.200000 -0.550000 0.8470 0.2275 0.1804
v -2.300000 4.450000 -0.550000 0.8470 0.2275 0.1804
v -2.050000 4.450000 -0.800000 0.8470 0.2275 0.1804
v -2.174836 4.233399 -0.550000 0.8470 0.2275 0.1804
v -2.050000 4.233399 -0.674836 0.8470 0.2275 0.1804
v -2.169553 4.265841 -0.669553 0.8470 0.2275 0.1804
v -2.266601 4.450000 -0.674836 0.8470 0.2275 0.1804
v -2.266601 4.325164 -0.550000 0.8470 0.2275 0.1804
v -2.234158 4.330447 -0.669553 0.8470 0.2275 0.1804
v -2.050000 4.325164 -0.766601 0.8470 0.2275 0.1804
v -2.174836 4.450000 -0.766601 0.8470 0.2275 0.1804
v -2.169553 4.330447 -0.734158 0.8470 0.2275 0.1804
v -2.050000 8.200000 -0.550000 0.8470 0.2275 0.1804
v -2.050000 7.950000 -0.800000 0.8470 0.2275 0.1804
v -2.300000 7.950000 -0.550000 0.8470 0.2275 0.1804
v -2.050000 8.166601 -0.674836 0.8470 0.2275 0.1804
v -2.174836 8.166601 -0.550000 0.8470 0.2275 0.1804
v -2.169553 8.134158 -0.669553 0.8470 0.2275 0.1804
v -2.174836 7.950000 -0.766601 0.8470 0.2275 0.1804
v -2.050000 8.074836 -0.766601 0.8470 0.2275 0.1804
v -2.169553 8.069552 -0.734158 0.8470 0.2275 0.1804
v -2.266601 8.074836 -0.550000 0.8470 0.2275 0.1804
v -2.266601 7.950000 -0.674836 0.8470 0.2275 0.1804
v -2.234158 8.069552 -0.669553 0.8470 0.2275 0.1804
v 2.050000 4.200000 0.550000 0.8470 0.2275 0.1804
v 2.300000 4.450000 0.550000 0.8470 0.2275 0.1804
v 2.050000 4.450000 0.800000 0.8470 0.2275 0.1804
v 2.174836 4.233399 0.550000 0.8470 0.2275 0.1804
v 2.050000 4.233399 0.674836 0.8470 0.2275 0.1804
v 2.169553 4.265841 0.669553 0.8470 0.2275 0.1804
v 2.266601 4.450000 0.674836 0.8470 0.2275 0.1804
v 2.266601 4.325164 0.550000 0.8470 0.2275 0.1804
v 2.234158 4.330447 0.669553 0.8470 0.2275 0.1804
v 2.050000 4.325164 0.766601 0.8470 0.2275 0.1804
v 2.174836 4.450000 0.766601 0.8470 0.2275 0.1804
v 2.169553 4.330447 0.734158 0.8470 0.2275 0.1804
v 2.050000 8.200000 0.550000 0.8470 0.2275 0.1804
v 2.050000 7.950000 0.800000 0.8470 0.2275 0.1804
v 2.300000 7.950000 0.550000 0.8470 0.2275 0.1804
v 2.050000 8.166601 0.674836 0.8470 0.2275 0.1804
v 2.174836 8.166601 0.550000 0.8470 0.2275 0.1804
v 2.169553 8.134158 0.669553 0.8470 0.2275 0.1804
v 2.174836 7.950000 0.766601 0.8470 0.2275 0.1804
v 2.050000 8.074836 0.766601 0.8470 0.2275 0.1804
v 2.169553 8.069552 0.734158 0.8470 0.2275 0.1804
v 2.266601 8.074836 0.550000 0.8470 0.2275 0.1804
v 2.266601 7.950000 0.674836 0.8470 0.2275 0.1804
v 2.234158 8.069552 0.669553 0.8470 0.2275 0.1804
v 2.050000 4.200000 -0.550000 0.8470 0.2275 0.1804
v 2.050000 4.450000 -0.800000 0.8470 0.2275 0.1804
v 2.300000 4.450000 -0.550000 0.8470 0.2275 0.1804
v 2.050000 4.233399 -0.674836 0.8470 0.2275 0.1804
v 2.174836 4.233399 -0.550000 0.8470 0.2275 0.1804
v 2.169553 4.265841 -0.669553 0.8470 0.2275 0.1804
v 2.174836 4.450000 -0.766601 0.8470 0.2275 0.1804
v 2.050000 4.325164 -0.766601 0.8470 0.2275 0.1804
v 2.169553 4.330447 -0.734158 0.8470 0.2275 0.1804
v 2.266601 4.325164 -0.550000 0.8470 0.2275 0.1804
v 2.266601 4.450000 -0.674836 0.8470 0.2275 0.1804
v 2.234158 4.330447 -0.669553 0.8470 0.2275 0.1804
v 2.050000 8.200000 -0.550000 0.8470 0.2275 0.1804
v 2.300000 7.950000 -0.550000 0.8470 0.2275 0.1804
v 2.050000 7.950000 -0.800000 0.8470 0.2275 0.1804
v 2.174836 8.166601 -0.550000 0.8470 0.2275 0.1804
v 2.050000 8.166601 -0.674836 0.8470 0.2275 0.1804
v 2.169553 8.134158 -0.669553 0.8470 0.2275 0.1804
v 2.266601 7.950000 -0.674836 0.8470 0.2275 0.1804
v 2.266601 8.074836 -0.550000 0.8470 0.2275 0.1804
v 2.234158 8.069552 -0.669553 0.8470 0.2275 0.1804
v 2.050000 8.074836 -0.766601 0.8470 0.2275 0.1804
v 2.174836 7.950000 -0.766601 0.8470 0.2275 0.1804
v 2.169553 8.069552 -0.734158 0.8470 0.2275 0.1804
v 0.000000 7.950000 0.740000 1.0000 0.9647 0.8980
v 0.000000 7.950000 0.860000 1.0000 0.9647 0.8980
v 0.273760 7.928454 0.740000 1.0000 0.9647 0.8980
v 0.273760 7.928454 0.860000 1.0000 0.9647 0.8980
v 0.540780 7.864349 0.740000 1.0000 0.9647 0.8980
v 0.540780 7.864349 0.860000 1.0000 0.9647 0.8980
v 0.794483 7.759261 0.740000 1.0000 0.9647 0.8980
v 0.794483 7.759261 0.860000 1.0000 0.9647 0.8980
v 1.028624 7.615779 0.740000 1.0000 0.9647 0.8980
v 1.028624 7.615779 0.860000 1.0000 0.9647 0.8980
v 1.237437 7.437437 0.740000 1.0000 0.9647 0.8980
v 1.237437 7.437437 0.860000 1.0000 0.9647 0.8980
v 1.415780 7.228624 0.740000 1.0000 0.9647 0.8980
v 1.415780 7.228624 0.860000 1.0000 0.9647 0.8980
v 1.559261 6.994483 0.740000 1.0000 0.9647 0.8980
v 1.559261 6.994483 0.860000 1.0000 0.9647 0.8980
v 1.664349 6.740779 0.740000 1.0000 0.9647 0.8980
v 1.664349 6.740779 0.860000 1.0000 0.9647 0.8980
v 1.728455 6.473760 0.740000 1.0000 0.9647 0.8980
v 1.728455 6.473760 0.860000 1.0000 0.9647 0.8980
v 1.750000 6.200000 0.740000 1.0000 0.9647 0.8980
v 1.750000 6.200000 0.860000 1.0000 0.9647 0.8980
v 1.728455 5.926239 0.740000 1.0000 0.9647 0.8980
v 1.728455 5.926239 0.860000 1.0000 0.9647 0.8980
v 1.664349 5.659220 0.740000 1.0000 0.9647 0.8980
v 1.664349 5.659220 0.860000 1.0000 0.9647 0.8980
v 1.559261 5.405516 0.740000 1.0000 0.9647 0.8980
v 1.559261 5.405516 0.860000 1.0000 0.9647 0.8980
v 1.415780 5.171376 0.740000 1.0000 0.9647 0.8980
v 1.415780 5.171376 0.860000 1.0000 0.9647 0.8980
v 1.237437 4.962563 0.740000 1.0000 0.9647 0.8980
v 1.237437 4.962563 0.860000 1.0000 0.9647 0.8980
v 1.028624 4.784220 0.740000 1.0000 0.9647 0.8980
v 1.028624 4.784220 0.860000 1.0000 0.9647 0.8980
v 0.794483 4.640738 0.740000 1.0000 0.9647 0.8980
v 0.794483 4.640738 0.860000 1.0000 0.9647 0.8980
v 0.540780 4.535651 0.740000 1.0000 0.9647 0.8980
v 0.540780 4.535651 0.860000 1.0000 0.9647 0.8980
v 0.273760 4.471545 0.740000 1.0000 0.9647 0.8980
v 0.273760 4.471545 0.860000 1.0000 0.9647 0.8980
v 0.000000 4.450000 0.740000 1.0000 0.9647 0.8980
v 0.000000 4.450000 0.860000 1.0000 0.9647 0.8980
v -0.273760 4.471545 0.740000 1.0000 0.9647 0.8980
v -0.273760 4.471545 0.860000 1.0000 0.9647 0.8980
v -0.540780 4.535651 0.740000 1.0000 0.9647 0.8980
v -0.540780 4.535651 0.860000 1.0000 0.9647 0.8980
v -0.794483 4.640738 0.740000 1.0000 0.9647 0.8980
v -0.794483 4.640738 0.860000 1.0000 0.9647 0.8980
v -1.028624 4.784220 0.740000 1.0000 0.9647 0.8980
v -1.028624 4.784220 0.860000 1.0000 0.9647 0.8980
v -1.237437 4.962563 0.740000 1.0000 0.9647 0.8980
v -1.237437 4.962563 0.860000 1.0000 0.9647 0.8980
v -1.415780 5.171376 0.740000 1.0000 0.9647 0.8980
v -1.415780 5.171376 0.860000 1.0000 0.9647 0.8980
v -1.559261 5.405516 0.740000 1.0000 0.9647 0.8980
v -1.559261 5.405516 0.860000 1.0000 0.9647 0.8980
v -1.664349 5.659220 0.740000 1.0000 0.9647 0.8980
v -1.664349 5.659220 0.860000 1.0000 0.9647 0.8980
v -1.728455 5.926239 0.740000 1.0000 0.9647 0.8980
v -1.728455 5.926239 0.860000 1.0000 0.9647 0.8980
v -1.750000 6.200000 0.740000 1.0000 0.9647 0.8980
v -1.750000 6.200000 0.860000 1.0000 0.9647 0.8980
v -1.728455 6.473760 0.740000 1.0000 0.9647 0.8980
v -1.728455 6.473760 0.860000 1.0000 0.9647 0.8980
v -1.664349 6.740779 0.740000 1.0000 0.9647 0.8980
v -1.664349 6.740779 0.860000 1.0000 0.9647 0.8980
v -1.559261 6.994483 0.740000 1.0000 0.9647 0.8980
v -1.559261 6.994483 0.860000 1.0000 0.9647 0.8980
v -1.415780 7.228624 0.740000 1.0000 0.9647 0.8980
v -1.415780 7.228624 0.860000 1.0000 0.9647 0.8980
v -1.237437 7.437437 0.740000 1.0000 0.9647 0.8980
v -1.237437 7.437437 0.860000 1.0000 0.9647 0.8980
v -1.028624 7.615779 0.740000 1.0000 0.9647 0.8980
v -1.028624 7.615779 0.860000 1.0000 0.9647 0.8980
v -0.794483 7.759261 0.740000 1.0000 0.9647 0.8980
v -0.794483 7.759261 0.860000 1.0000 0.9647 0.8980
v -0.540780 7.864349 0.740000 1.0000 0.9647 0.8980
v -0.540780 7.864349 0.860000 1.0000 0.9647 0.8980
v -0.273760 7.928454 0.740000 1.0000 0.9647 0.8980
v -0.273760 7.928454 0.860000 1.0000 0.9647 0.8980
v 1.900000 6.200000 0.860000 0.9098 0.6980 0.2275
v 1.876608 6.497225 0.860000 0.9098 0.6980 0.2275
v 1.807007 6.787132 0.860000 0.9098 0.6980 0.2275
v 1.692912 7.062582 0.860000 0.9098 0.6980 0.2275
v 1.537132 7.316792 0.860000 0.9098 0.6980 0.2275
v 1.343503 7.543503 0.860000 0.9098 0.6980 0.2275
v 1.116792 7.737132 0.860000 0.9098 0.6980 0.2275
v 0.862582 7.892912 0.860000 0.9098 0.6980 0.2275
v 0.587132 8.007008 0.860000 0.9098 0.6980 0.2275
v 0.297225 8.076608 0.860000 0.9098 0.6980 0.2275
v 0.000000 8.100000 0.860000 0.9098 0.6980 0.2275
v -0.297225 8.076608 0.860000 0.9098 0.6980 0.2275
v -0.587132 8.007008 0.860000 0.9098 0.6980 0.2275
v -0.862582 7.892912 0.860000 0.9098 0.6980 0.2275
v -1.116792 7.737132 0.860000 0.9098 0.6980 0.2275
v -1.343503 7.543503 0.860000 0.9098 0.6980 0.2275
v -1.537132 7.316792 0.860000 0.9098 0.6980 0.2275
v -1.692912 7.062582 0.860000 0.9098 0.6980 0.2275
v -1.807007 6.787132 0.860000 0.9098 0.6980 0.2275
v -1.876608 6.497225 0.860000 0.9098 0.6980 0.2275
v -1.900000 6.200000 0.860000 0.9098 0.6980 0.2275
v -1.876608 5.902774 0.860000 0.9098 0.6980 0.2275
v -1.807007 5.612867 0.860000 0.9098 0.6980 0.2275
v -1.692912 5.337418 0.860000 0.9098 0.6980 0.2275
v -1.537132 5.083208 0.860000 0.9098 0.6980 0.2275
v -1.343503 4.856497 0.860000 0.9098 0.6980 0.2275
v -1.116792 4.662868 0.860000 0.9098 0.6980 0.2275
v -0.862582 4.507088 0.860000 0.9098 0.6980 0.2275
v -0.587132 4.392992 0.860000 0.9098 0.6980 0.2275
v -0.297225 4.323392 0.860000 0.9098 0.6980 0.2275
v -0.000000 4.300000 0.860000 0.9098 0.6980 0.2275
v 0.297225 4.323392 0.860000 0.9098 0.6980 0.2275
v 0.587132 4.392992 0.860000 0.9098 0.6980 0.2275
v 0.862582 4.507088 0.860000 0.9098 0.6980 0.2275
v 1.116792 4.662868 0.860000 0.9098 0.6980 0.2275
v 1.343503 4.856497 0.860000 0.9098 0.6980 0.2275
v 1.537132 5.083208 0.860000 0.9098 0.6980 0.2275
v 1.692912 5.337418 0.860000 0.9098 0.6980 0.2275
v 1.807007 5.612867 0.860000 0.9098 0.6980 0.2275
v 1.876608 5.902774 0.860000 0.9098 0.6980 0.2275
v 1.830902 6.200000 0.955106 0.9098 0.6980 0.2275
v 1.808360 6.486416 0.955106 0.9098 0.6980 0.2275
v 1.741291 6.765779 0.955106 0.9098 0.6980 0.2275
v 1.631345 7.031212 0.955106 0.9098 0.6980 0.2275
v 1.481231 7.276177 0.955106 0.9098 0.6980 0.2275
v 1.294643 7.494643 0.955106 0.9098 0.6980 0.2275
v 1.076177 7.681231 0.955106 0.9098 0.6980 0.2275
v 0.831212 7.831345 0.955106 0.9098 0.6980 0.2275
v 0.565780 7.941291 0.955106 0.9098 0.6980 0.2275
v 0.286416 8.008360 0.955106 0.9098 0.6980 0.2275
v 0.000000 8.030901 0.955106 0.9098 0.6980 0.2275
v -0.286416 8.008360 0.955106 0.9098 0.6980 0.2275
v -0.565780 7.941291 0.955106 0.9098 0.6980 0.2275
v -0.831212 7.831345 0.955106 0.9098 0.6980 0.2275
v -1.076177 7.681231 0.955106 0.9098 0.6980 0.2275
v -1.294643 7.494643 0.955106 0.9098 0.6980 0.2275
v -1.481231 7.276177 0.955106 0.9098 0.6980 0.2275
v -1.631345 7.031212 0.955106 0.9098 0.6980 0.2275
v -1.741291 6.765779 0.955106 0.9098 0.6980 0.2275
v -1.808360 6.486416 0.955106 0.9098 0.6980 0.2275
v -1.830902 6.200000 0.955106 0.9098 0.6980 0.2275
v -1.808360 5.913584 0.955106 0.9098 0.6980 0.2275
v -1.741291 5.634220 0.955106 0.9098 0.6980 0.2275
v -1.631345 5.368788 0.955106 0.9098 0.6980 0.2275
v -1.481231 5.123823 0.955106 0.9098 0.6980 0.2275
v -1.294643 4.905357 0.955106 0.9098 0.6980 0.2275
v -1.076177 4.718769 0.955106 0.9098 0.6980 0.2275
v -0.831212 4.568655 0.955106 0.9098 0.6980 0.2275
v -0.565780 4.458709 0.955106 0.9098 0.6980 0.2275
v -0.286416 4.391640 0.955106 0.9098 0.6980 0.2275
v -0.000000 4.369098 0.955106 0.9098 0.6980 0.2275
v 0.286416 4.391640 0.955106 0.9098 0.6980 0.2275
v 0.565780 4.458709 0.955106 0.9098 0.6980 0.2275
v 0.831212 4.568655 0.955106 0.9098 0.6980 0.2275
v 1.076177 4.718769 0.955106 0.9098 0.6980 0.2275
v 1.294643 4.905357 0.955106 0.9098 0.6980 0.2275
v 1.481231 5.123823 0.955106 0.9098 0.6980 0.2275
v 1.631345 5.368788 0.955106 0.9098 0.6980 0.2275
v 1.741291 5.634220 0.955106 0.9098 0.6980 0.2275
v 1.808360 5.913584 0.955106 0.9098 0.6980 0.2275
v 1.719098 6.200000 0.918779 0.9098 0.6980 0.2275
v 1.697933 6.468926 0.918779 0.9098 0.6980 0.2275
v 1.634960 6.731230 0.918779 0.9098 0.6980 0.2275
v 1.531728 6.980454 0.918779 0.9098 0.6980 0.2275
v 1.390780 7.210461 0.918779 0.9098 0.6980 0.2275
v 1.215586 7.415586 0.918779 0.9098 0.6980 0.2275
v 1.010461 7.590779 0.918779 0.9098 0.6980 0.2275
v 0.780454 7.731728 0.918779 0.9098 0.6980 0.2275
v 0.531231 7.834960 0.918779 0.9098 0.6980 0.2275
v 0.268926 7.897933 0.918779 0.9098 0.6980 0.2275
v 0.000000 7.919098 0.918779 0.9098 0.6980 0.2275
v -0.268926 7.897933 0.918779 0.9098 0.6980 0.2275
v -0.531231 7.834960 0.918779 0.9098 0.6980 0.2275
v -0.780454 7.731728 0.918779 0.9098 0.6980 0.2275
v -1.010461 7.590779 0.918779 0.9098 0.6980 0.2275
v -1.215586 7.415586 0.918779 0.9098 0.6980 0.2275
v -1.390780 7.210461 0.918779 0.9098 0.6980 0.2275
v -1.531728 6.980454 0.918779 0.9098 0.6980 0.2275
v -1.634960 6.731230 0.918779 0.9098 0.6980 0.2275
v -1.697933 6.468926 0.918779 0.9098 0.6980 0.2275
v -1.719098 6.200000 0.918779 0.9098 0.6980 0.2275
v -1.697933 5.931074 0.918779 0.9098 0.6980 0.2275
v -1.634960 5.668769 0.918779 0.9098 0.6980 0.2275
v -1.531728 5.419546 0.918778 0.9098 0.6980 0.2275
v -1.390780 5.189539 0.918778 0.9098 0.6980 0.2275
v -1.215586 4.984414 0.918778 0.9098 0.6980 0.2275
v -1.010461 4.809220 0.918778 0.9098 0.6980 0.2275
v -0.780454 4.668272 0.918778 0.9098 0.6980 0.2275
v -0.531231 4.565040 0.918778 0.9098 0.6980 0.2275
v -0.268926 4.502067 0.918778 0.9098 0.6980 0.2275
v -0.000000 4.480902 0.918778 0.9098 0.6980 0.2275
v 0.268926 4.502067 0.918778 0.9098 0.6980 0.2275
v 0.531231 4.565040 0.918778 0.9098 0.6980 0.2275
v 0.780454 4.668272 0.918778 0.9098 0.6980 0.2275
v 1.010461 4.809220 0.918778 0.9098 0.6980 0.2275
v 1.215586 4.984414 0.918778 0.9098 0.6980 0.2275
v 1.390780 5.189539 0.918778 0.9098 0.6980 0.2275
v 1.531728 5.419546 0.918778 0.9098 0.6980 0.2275
v 1.634960 5.668769 0.918779 0.9098 0.6980 0.2275
v 1.697933 5.931074 0.918779 0.9098 0.6980 0.2275
v 1.719098 6.200000 0.801221 0.9098 0.6980 0.2275
v 1.697933 6.468926 0.801221 0.9098 0.6980 0.2275
v 1.634960 6.731230 0.801221 0.9098 0.6980 0.2275
v 1.531728 6.980454 0.801222 0.9098 0.6980 0.2275
v 1.390780 7.210461 0.801222 0.9098 0.6980 0.2275
v 1.215586 7.415586 0.801222 0.9098 0.6980 0.2275
v 1.010461 7.590779 0.801222 0.9098 0.6980 0.2275
v 0.780454 7.731728 0.801222 0.9098 0.6980 0.2275
v 0.531231 7.834960 0.801222 0.9098 0.6980 0.2275
v 0.268926 7.897933 0.801222 0.9098 0.6980 0.2275
v 0.000000 7.919098 0.801222 0.9098 0.6980 0.2275
v -0.268926 7.897933 0.801222 0.9098 0.6980 0.2275
v -0.531231 7.834960 0.801222 0.9098 0.6980 0.2275
v -0.780454 7.731728 0.801222 0.9098 0.6980 0.2275
v -1.010461 7.590779 0.801222 0.9098 0.6980 0.2275
v -1.215586 7.415586 0.801222 0.9098 0.6980 0.2275
v -1.390780 7.210461 0.801222 0.9098 0.6980 0.2275
v -1.531728 6.980454 0.801222 0.9098 0.6980 0.2275
v -1.634960 6.731230 0.801221 0.9098 0.6980 0.2275
v -1.697933 6.468926 0.801221 0.9098 0.6980 0.2275
v -1.719098 6.200000 0.801221 0.9098 0.6980 0.2275
v -1.697933 5.931074 0.801221 0.9098 0.6980 0.2275
v -1.634960 5.668769 0.801221 0.9098 0.6980 0.2275
v -1.531728 5.419546 0.801221 0.9098 0.6980 0.2275
v -1.390780 5.189539 0.801221 0.9098 0.6980 0.2275
v -1.215586 4.984414 0.801221 0.9098 0.6980 0.2275
v -1.010461 4.809220 0.801221 0.9098 0.6980 0.2275
v -0.780454 4.668272 0.801221 0.9098 0.6980 0.2275
v -0.531231 4.565040 0.801221 0.9098 0.6980 0.2275
v -0.268926 4.502067 0.801221 0.9098 0.6980 0.2275
v -0.000000 4.480902 0.801221 0.9098 0.6980 0.2275
v 0.268926 4.502067 0.801221 0.9098 0.6980 0.2275
v 0.531231 4.565040 0.801221 0.9098 0.6980 0.2275
v 0.780454 4.668272 0.801221 0.9098 0.6980 0.2275
v 1.010461 4.809220 0.801221 0.9098 0.6980 0.2275
v 1.215586 4.984414 0.801221 0.9098 0.6980 0.2275
v 1.390780 5.189539 0.801221 0.9098 0.6980 0.2275
v 1.531728 5.419546 0.801221 0.9098 0.6980 0.2275
v 1.634960 5.668769 0.801221 0.9098 0.6980 0.2275
v 1.697933 5.931074 0.801221 0.9098 0.6980 0.2275
v 1.830902 6.200000 0.764894 0.9098 0.6980 0.2275
v 1.808360 6.486416 0.764894 0.9098 0.6980 0.2275
v 1.741291 6.765779 0.764894 0.9098 0.6980 0.2275
v 1.631345 7.031212 0.764894 0.9098 0.6980 0.2275
v 1.481231 7.276177 0.764894 0.9098 0.6980 0.2275
v 1.294643 7.494643 0.764894 0.9098 0.6980 0.2275
v 1.076177 7.681231 0.764894 0.9098 0.6980 0.2275
v 0.831212 7.831345 0.764894 0.9098 0.6980 0.2275
v 0.565780 7.941291 0.764894 0.9098 0.6980 0.2275
v 0.286416 8.008360 0.764894 0.9098 0.6980 0.2275
v 0.000000 8.030901 0.764894 0.9098 0.6980 0.2275
v -0.286416 8.008360 0.764894 0.9098 0.6980 0.2275
v -0.565780 7.941291 0.764894 0.9098 0.6980 0.2275
v -0.831212 7.831345 0.764894 0.9098 0.6980 0.2275
v -1.076177 7.681231 0.764894 0.9098 0.6980 0.2275
v -1.294643 7.494643 0.764894 0.9098 0.6980 0.2275
v -1.481231 7.276177 0.764894 0.9098 0.6980 0.2275
v -1.631345 7.031212 0.764894 0.9098 0.6980 0.2275
v -1.741291 6.765779 0.764894 0.9098 0.6980 0.2275
v -1.808360 6.486416 0.764894 0.9098 0.6980 0.2275
v -1.830902 6.200000 0.764894 0.9098 0.6980 0.2275
v -1.808360 5.913584 0.764894 0.9098 0.6980 0.2275
v -1.741291 5.634220 0.764894 0.9098 0.6980 0.2275
v -1.631345 5.368788 0.764894 0.9098 0.6980 0.2275
v -1.481231 5.123823 0.764894 0.9098 0.6980 0.2275
v -1.294643 4.905357 0.764894 0.9098 0.6980 0.2275
v -1.076177 4.718769 0.764894 0.9098 0.6980 0.2275
v -0.831212 4.568655 0.764894 0.9098 0.6980 0.2275
v -0.565780 4.458709 0.764894 0.9098 0.6980 0.2275
v -0.286416 4.391640 0.764894 0.9098 0.6980 0.2275
v -0.000000 4.369098 0.764894 0.9098 0.6980 0.2275
v 0.286416 4.391640 0.764894 0.9098 0.6980 0.2275
v 0.565780 4.458709 0.764894 0.9098 0.6980 0.2275
v 0.831212 4.568655 0.764894 0.9098 0.6980 0.2275
v 1.076177 4.718769 0.764894 0.9098 0.6980 0.2275
v 1.294643 4.905357 0.764894 0.9098 0.6980 0.2275
v 1.481231 5.123823 0.764894 0.9098 0.6980 0.2275
v 1.631345 5.368788 0.764894 0.9098 0.6980 0.2275
v 1.741291 5.634220 0.764894 0.9098 0.6980 0.2275
v 1.808360 5.913584 0.764894 0.9098 0.6980 0.2275
v -0.050000 7.460000 0.900000 0.8470 0.2275 0.1804
v -0.050000 7.840000 0.900000 0.8470 0.2275 0.1804
v -0.050000 7.460000 0.860000 0.8470 0.2275 0.1804
v -0.050000 7.840000 0.860000 0.8470 0.2275 0.1804
v 0.050000 7.460000 0.900000 0.8470 0.2275 0.1804
v 0.050000 7.840000 0.900000 0.8470 0.2275 0.1804
v 0.050000 7.460000 0.860000 0.8470 0.2275 0.1804
v 0.050000 7.840000 0.860000 0.8470 0.2275 0.1804
v 0.323016 7.521424 0.900000 0.1804 0.2078 0.3137
v 0.369604 7.695291 0.900000 0.1804 0.2078 0.3137
v 0.323016 7.521424 0.860000 0.1804 0.2078 0.3137
v 0.369604 7.695291 0.860000 0.1804 0.2078 0.3137
v 0.380972 7.505895 0.900000 0.1804 0.2078 0.3137
v 0.427559 7.679761 0.900000 0.1804 0.2078 0.3137
v 0.380972 7.505895 0.860000 0.1804 0.2078 0.3137
v 0.427559 7.679761 0.860000 0.1804 0.2078 0.3137
v 0.654019 7.392794 0.900000 0.1804 0.2078 0.3137
v 0.744019 7.548679 0.900000 0.1804 0.2078 0.3137
v 0.654019 7.392794 0.860000 0.1804 0.2078 0.3137
v 0.744019 7.548679 0.860000 0.1804 0.2078 0.3137
v 0.705981 7.362794 0.900000 0.1804 0.2078 0.3137
v 0.795981 7.518679 0.900000 0.1804 0.2078 0.3137
v 0.705981 7.362794 0.860000 0.1804 0.2078 0.3137
v 0.795981 7.518679 0.860000 0.1804 0.2078 0.3137
v 0.940452 7.182878 0.900000 0.1804 0.2078 0.3137
v 1.067731 7.310157 0.900000 0.1804 0.2078 0.3137
v 0.940452 7.182878 0.860000 0.1804 0.2078 0.3137
v 1.067731 7.310157 0.860000 0.1804 0.2078 0.3137
v 0.982878 7.140452 0.900000 0.1804 0.2078 0.3137
v 1.110158 7.267731 0.900000 0.1804 0.2078 0.3137
v 0.982878 7.140452 0.860000 0.1804 0.2078 0.3137
v 1.110158 7.267731 0.860000 0.1804 0.2078 0.3137
v 1.162795 6.905981 0.900000 0.1804 0.2078 0.3137
v 1.318679 6.995981 0.900000 0.1804 0.2078 0.3137
v 1.162795 6.905981 0.860000 0.1804 0.2078 0.3137
v 1.318679 6.995981 0.860000 0.1804 0.2078 0.3137
v 1.192795 6.854020 0.900000 0.1804 0.2078 0.3137
v 1.348679 6.944019 0.900000 0.1804 0.2078 0.3137
v 1.192795 6.854020 0.860000 0.1804 0.2078 0.3137
v 1.348679 6.944019 0.860000 0.1804 0.2078 0.3137
v 1.305894 6.580972 0.900000 0.1804 0.2078 0.3137
v 1.479761 6.627559 0.900000 0.1804 0.2078 0.3137
v 1.305894 6.580972 0.860000 0.1804 0.2078 0.3137
v 1.479761 6.627559 0.860000 0.1804 0.2078 0.3137
v 1.321424 6.523016 0.900000 0.1804 0.2078 0.3137
v 1.495290 6.569604 0.900000 0.1804 0.2078 0.3137
v 1.321424 6.523016 0.860000 0.1804 0.2078 0.3137
v 1.495290 6.569604 0.860000 0.1804 0.2078 0.3137
v 1.260000 6.250000 0.900000 0.8470 0.2275 0.1804
v 1.640000 6.250000 0.900000 0.8470 0.2275 0.1804
v 1.260000 6.250000 0.860000 0.8470 0.2275 0.1804
v 1.640000 6.250000 0.860000 0.8470 0.2275 0.1804
v 1.260000 6.150000 0.900000 0.8470 0.2275 0.1804
v 1.640000 6.150000 0.900000 0.8470 0.2275 0.1804
v 1.260000 6.150000 0.860000 0.8470 0.2275 0.1804
v 1.640000 6.150000 0.860000 0.8470 0.2275 0.1804
v 1.321424 5.876984 0.900000 0.1804 0.2078 0.3137
v 1.495290 5.830396 0.900000 0.1804 0.2078 0.3137
v 1.321424 5.876984 0.860000 0.1804 0.2078 0.3137
v 1.495290 5.830396 0.860000 0.1804 0.2078 0.3137
v 1.305894 5.819028 0.900000 0.1804 0.2078 0.3137
v 1.479761 5.772441 0.900000 0.1804 0.2078 0.3137
v 1.305894 5.819028 0.860000 0.1804 0.2078 0.3137
v 1.479761 5.772441 0.860000 0.1804 0.2078 0.3137
v 1.192795 5.545980 0.900000 0.1804 0.2078 0.3137
v 1.348679 5.455981 0.900000 0.1804 0.2078 0.3137
v 1.192795 5.545980 0.860000 0.1804 0.2078 0.3137
v 1.348679 5.455981 0.860000 0.1804 0.2078 0.3137
v 1.162795 5.494019 0.900000 0.1804 0.2078 0.3137
v 1.318679 5.404019 0.900000 0.1804 0.2078 0.3137
v 1.162795 5.494019 0.860000 0.1804 0.2078 0.3137
v 1.318679 5.404019 0.860000 0.1804 0.2078 0.3137
v 0.982878 5.259548 0.900000 0.1804 0.2078 0.3137
v 1.110158 5.132268 0.900000 0.1804 0.2078 0.3137
v 0.982878 5.259548 0.860000 0.1804 0.2078 0.3137
v 1.110158 5.132268 0.860000 0.1804 0.2078 0.3137
v 0.940452 5.217122 0.900000 0.1804 0.2078 0.3137
v 1.067731 5.089842 0.900000 0.1804 0.2078 0.3137
v 0.940452 5.217122 0.860000 0.1804 0.2078 0.3137
v 1.067731 5.089842 0.860000 0.1804 0.2078 0.3137
v 0.705981 5.037205 0.900000 0.1804 0.2078 0.3137
v 0.795981 4.881320 0.900000 0.1804 0.2078 0.3137
v 0.705981 5.037205 0.860000 0.1804 0.2078 0.3137
v 0.795981 4.881320 0.860000 0.1804 0.2078 0.3137
v 0.654019 5.007205 0.900000 0.1804 0.2078 0.3137
v 0.744019 4.851321 0.900000 0.1804 0.2078 0.3137
v 0.654019 5.007205 0.860000 0.1804 0.2078 0.3137
v 0.744019 4.851321 0.860000 0.1804 0.2078 0.3137
v 0.380972 4.894105 0.900000 0.1804 0.2078 0.3137
v 0.427559 4.720239 0.900000 0.1804 0.2078 0.3137
v 0.380972 4.894105 0.860000 0.1804 0.2078 0.3137
v 0.427559 4.720239 0.860000 0.1804 0.2078 0.3137
v 0.323016 4.878576 0.900000 0.1804 0.2078 0.3137
v 0.369604 4.704710 0.900000 0.1804 0.2078 0.3137
v 0.323016 4.878576 0.860000 0.1804 0.2078 0.3137
v 0.369604 4.704710 0.860000 0.1804 0.2078 0.3137
v 0.050000 4.940000 0.900000 0.8470 0.2275 0.1804
v 0.050000 4.560000 0.900000 0.8470 0.2275 0.1804
v 0.050000 4.940000 0.860000 0.8470 0.2275 0.1804
v 0.050000 4.560000 0.860000 0.8470 0.2275 0.1804
v -0.050000 4.940000 0.900000 0.8470 0.2275 0.1804
v -0.050000 4.560000 0.900000 0.8470 0.2275 0.1804
v -0.050000 4.940000 0.860000 0.8470 0.2275 0.1804
v -0.050000 4.560000 0.860000 0.8470 0.2275 0.1804
v -0.323016 4.878576 0.900000 0.1804 0.2078 0.3137
v -0.369604 4.704710 0.900000 0.1804 0.2078 0.3137
v -0.323016 4.878576 0.860000 0.1804 0.2078 0.3137
v -0.369604 4.704710 0.860000 0.1804 0.2078 0.3137
v -0.380972 4.894105 0.900000 0.1804 0.2078 0.3137
v -0.427559 4.720239 0.900000 0.1804 0.2078 0.3137
v -0.380972 4.894105 0.860000 0.1804 0.2078 0.3137
v -0.427559 4.720239 0.860000 0.1804 0.2078 0.3137
v -0.654019 5.007205 0.900000 0.1804 0.2078 0.3137
v -0.744019 4.851321 0.900000 0.1804 0.2078 0.3137
v -0.654019 5.007205 0.860000 0.1804 0.2078 0.3137
v -0.744019 4.851321 0.860000 0.1804 0.2078 0.3137
v -0.705981 5.037205 0.900000 0.1804 0.2078 0.3137
v -0.795981 4.881320 0.900000 0.1804 0.2078 0.3137
v -0.705981 5.037205 0.860000 0.1804 0.2078 0.3137
v -0.795981 4.881320 0.860000 0.1804 0.2078 0.3137
v -0.940452 5.217122 0.900000 0.1804 0.2078 0.3137
v -1.067731 5.089842 0.900000 0.1804 0.2078 0.3137
v -0.940452 5.217122 0.860000 0.1804 0.2078 0.3137
v -1.067731 5.089842 0.860000 0.1804 0.2078 0.3137
v -0.982878 5.259548 0.900000 0.1804 0.2078 0.3137
v -1.110158 5.132268 0.900000 0.1804 0.2078 0.3137
v -0.982878 5.259548 0.860000 0.1804 0.2078 0.3137
v -1.110158 5.132268 0.860000 0.1804 0.2078 0.3137
v -1.162795 5.494019 0.900000 0.1804 0.2078 0.3137
v -1.318679 5.404019 0.900000 0.1804 0.2078 0.3137
v -1.162795 5.494019 0.860000 0.1804 0.2078 0.3137
v -1.318679 5.404019 0.860000 0.1804 0.2078 0.3137
v -1.192795 5.545980 0.900000 0.1804 0.2078 0.3137
v -1.348679 5.455981 0.900000 0.1804 0.2078 0.3137
v -1.192795 5.545980 0.860000 0.1804 0.2078 0.3137
v -1.348679 5.455981 0.860000 0.1804 0.2078 0.3137
v -1.305894 5.819028 0.900000 0.1804 0.2078 0.3137
v -1.479761 5.772441 0.900000 0.1804 0.2078 0.3137
v -1.305894 5.819028 0.860000 0.1804 0.2078 0.3137
v -1.479761 5.772441 0.860000 0.1804 0.2078 0.3137
v -1.321424 5.876984 0.900000 0.1804 0.2078 0.3137
v -1.495290 5.830396 0.900000 0.1804 0.2078 0.3137
v -1.321424 5.876984 0.860000 0.1804 0.2078 0.3137
v -1.495290 5.830396 0.860000 0.1804 0.2078 0.3137
v -1.260000 6.150000 0.900000 0.8470 0.2275 0.1804
v -1.640000 6.150000 0.900000 0.8470 0.2275 0.1804
v -1.260000 6.150000 0.860000 0.8470 0.2275 0.1804
v -1.640000 6.150000 0.860000 0.8470 0.2275 0.1804
v -1.260000 6.250000 0.900000 0.8470 0.2275 0.1804
v -1.640000 6.250000 0.900000 0.8470 0.2275 0.1804
v -1.260000 6.250000 0.860000 0.8470 0.2275 0.1804
v -1.640000 6.250000 0.860000 0.8470 0.2275 0.1804
v -1.321424 6.523016 0.900000 0.1804 0.2078 0.3137
v -1.495290 6.569604 0.900000 0.1804 0.2078 0.3137
v -1.321424 6.523016 0.860000 0.1804 0.2078 0.3137
v -1.495290 6.569604 0.860000 0.1804 0.2078 0.3137
v -1.305894 6.580972 0.900000 0.1804 0.2078 0.3137
v -1.479761 6.627559 0.900000 0.1804 0.2078 0.3137
v -1.305894 6.580972 0.860000 0.1804 0.2078 0.3137
v -1.479761 6.627559 0.860000 0.1804 0.2078 0.3137
v -1.192795 6.854020 0.900000 0.1804 0.2078 0.3137
v -1.348679 6.944019 0.900000 0.1804 0.2078 0.3137
v -1.192795 6.854020 0.860000 0.1804 0.2078 0.3137
v -1.348679 6.944019 0.860000 0.1804 0.2078 0.3137
v -1.162795 6.905981 0.900000 0.1804 0.2078 0.3137
v -1.318679 6.995981 0.900000 0.1804 0.2078 0.3137
v -1.162795 6.905981 0.860000 0.1804 0.2078 0.3137
v -1.318679 6.995981 0.860000 0.1804 0.2078 0.3137
v -0.982878 7.140452 0.900000 0.1804 0.2078 0.3137
v -1.110158 7.267731 0.900000 0.1804 0.2078 0.3137
v -0.982878 7.140452 0.860000 0.1804 0.2078 0.3137
v -1.110158 7.267731 0.860000 0.1804 0.2078 0.3137
v -0.940452 7.182878 0.900000 0.1804 0.2078 0.3137
v -1.067731 7.310157 0.900000 0.1804 0.2078 0.3137
v -0.940452 7.182878 0.860000 0.1804 0.2078 0.3137
v -1.067731 7.310157 0.860000 0.1804 0.2078 0.3137
v -0.705981 7.362794 0.900000 0.1804 0.2078 0.3137
v -0.795981 7.518679 0.900000 0.1804 0.2078 0.3137
v -0.705981 7.362794 0.860000 0.1804 0.2078 0.3137
v -0.795981 7.518679 0.860000 0.1804 0.2078 0.3137
v -0.654019 7.392794 0.900000 0.1804 0.2078 0.3137
v -0.744019 7.548679 0.900000 0.1804 0.2078 0.3137
v -0.654019 7.392794 0.860000 0.1804 0.2078 0.3137
v -0.744019 7.548679 0.860000 0.1804 0.2078 0.3137
v -0.380972 7.505895 0.900000 0.1804 0.2078 0.3137
v -0.427559 7.679761 0.900000 0.1804 0.2078 0.3137
v -0.380972 7.505895 0.860000 0.1804 0.2078 0.3137
v -0.427559 7.679761 0.860000 0.1804 0.2078 0.3137
v -0.323016 7.521424 0.900000 0.1804 0.2078 0.3137
v -0.369604 7.695291 0.900000 0.1804 0.2078 0.3137
v -0.323016 7.521424 0.860000 0.1804 0.2078 0.3137
v -0.369604 7.695291 0.860000 0.1804 0.2078 0.3137
v -0.042947 6.241906 0.945000 0.1804 0.2078 0.3137
v 0.558094 6.842947 0.945000 0.1804 0.2078 0.3137
v -0.042947 6.241906 0.895000 0.1804 0.2078 0.3137
v 0.558094 6.842947 0.895000 0.1804 0.2078 0.3137
v 0.041906 6.157053 0.945000 0.1804 0.2078 0.3137
v 0.642947 6.758094 0.945000 0.1804 0.2078 0.3137
v 0.041906 6.157053 0.895000 0.1804 0.2078 0.3137
v 0.642947 6.758094 0.895000 0.1804 0.2078 0.3137
v -0.005811 6.146780 0.975000 0.1804 0.2078 0.3137
v -0.758080 7.145075 0.975000 0.1804 0.2078 0.3137
v -0.005811 6.146780 0.925000 0.1804 0.2078 0.3137
v -0.758080 7.145075 0.925000 0.1804 0.2078 0.3137
v 0.058080 6.194925 0.975000 0.1804 0.2078 0.3137
v -0.694189 7.193220 0.975000 0.1804 0.2078 0.3137
v 0.058080 6.194925 0.925000 0.1804 0.2078 0.3137
v -0.694189 7.193220 0.925000 0.1804 0.2078 0.3137
v 0.000000 6.340000 0.920000 0.9490 0.7608 0.1882
v 0.000000 6.340000 1.040000 0.9490 0.7608 0.1882
v 0.070000 6.321243 0.920000 0.9490 0.7608 0.1882
v 0.070000 6.321243 1.040000 0.9490 0.7608 0.1882
v 0.121244 6.270000 0.920000 0.9490 0.7608 0.1882
v 0.121244 6.270000 1.040000 0.9490 0.7608 0.1882
v 0.140000 6.200000 0.920000 0.9490 0.7608 0.1882
v 0.140000 6.200000 1.040000 0.9490 0.7608 0.1882
v 0.121244 6.130000 0.920000 0.9490 0.7608 0.1882
v 0.121244 6.130000 1.040000 0.9490 0.7608 0.1882
v 0.070000 6.078756 0.920000 0.9490 0.7608 0.1882
v 0.070000 6.078756 1.040000 0.9490 0.7608 0.1882
v 0.000000 6.060000 0.920000 0.9490 0.7608 0.1882
v 0.000000 6.060000 1.040000 0.9490 0.7608 0.1882
v -0.070000 6.078756 0.920000 0.9490 0.7608 0.1882
v -0.070000 6.078756 1.040000 0.9490 0.7608 0.1882
v -0.121244 6.130000 0.920000 0.9490 0.7608 0.1882
v -0.121244 6.130000 1.040000 0.9490 0.7608 0.1882
v -0.140000 6.200000 0.920000 0.9490 0.7608 0.1882
v -0.140000 6.200000 1.040000 0.9490 0.7608 0.1882
v -0.121244 6.270000 0.920000 0.9490 0.7608 0.1882
v -0.121244 6.270000 1.040000 0.9490 0.7608 0.1882
v -0.070000 6.321243 0.920000 0.9490 0.7608 0.1882
v -0.070000 6.321243 1.040000 0.9490 0.7608 0.1882
v -1.200000 4.175000 0.850000 0.1020 0.1020 0.1216
v -1.200000 4.525000 0.850000 0.1020 0.1020 0.1216
v -1.200000 4.175000 0.790000 0.1020 0.1020 0.1216
v -1.200000 4.525000 0.790000 0.1020 0.1020 0.1216
v 1.200000 4.175000 0.850000 0.1020 0.1020 0.1216
v 1.200000 4.525000 0.850000 0.1020 0.1020 0.1216
v 1.200000 4.175000 0.790000 0.1020 0.1020 0.1216
v 1.200000 4.525000 0.790000 0.1020 0.1020 0.1216
v -0.950000 4.250000 0.880000 0.4275 0.7451 0.2706
v -0.950000 4.450000 0.880000 0.4275 0.7451 0.2706
v -0.950000 4.250000 0.840000 0.4275 0.7451 0.2706
v -0.950000 4.450000 0.840000 0.4275 0.7451 0.2706
v -0.650000 4.250000 0.880000 0.4275 0.7451 0.2706
v -0.650000 4.450000 0.880000 0.4275 0.7451 0.2706
v -0.650000 4.250000 0.840000 0.4275 0.7451 0.2706
v -0.650000 4.450000 0.840000 0.4275 0.7451 0.2706
v -0.420000 4.250000 0.880000 0.4275 0.7451 0.2706
v -0.420000 4.450000 0.880000 0.4275 0.7451 0.2706
v -0.420000 4.250000 0.840000 0.4275 0.7451 0.2706
v -0.420000 4.450000 0.840000 0.4275 0.7451 0.2706
v -0.120000 4.250000 0.880000 0.4275 0.7451 0.2706
v -0.120000 4.450000 0.880000 0.4275 0.7451 0.2706
v -0.120000 4.250000 0.840000 0.4275 0.7451 0.2706
v -0.120000 4.450000 0.840000 0.4275 0.7451 0.2706
v 0.110000 4.250000 0.880000 0.4275 0.7451 0.2706
v 0.110000 4.450000 0.880000 0.4275 0.7451 0.2706
v 0.110000 4.250000 0.840000 0.4275 0.7451 0.2706
v 0.110000 4.450000 0.840000 0.4275 0.7451 0.2706
v 0.410000 4.250000 0.880000 0.4275 0.7451 0.2706
v 0.410000 4.450000 0.880000 0.4275 0.7451 0.2706
v 0.410000 4.250000 0.840000 0.4275 0.7451 0.2706
v 0.410000 4.450000 0.840000 0.4275 0.7451 0.2706
v 0.640000 4.250000 0.880000 0.4275 0.7451 0.2706
v 0.640000 4.450000 0.880000 0.4275 0.7451 0.2706
v 0.640000 4.250000 0.840000 0.4275 0.7451 0.2706
v 0.640000 4.450000 0.840000 0.4275 0.7451 0.2706
v 0.940000 4.250000 0.880000 0.4275 0.7451 0.2706
v 0.940000 4.450000 0.880000 0.4275 0.7451 0.2706
v 0.940000 4.250000 0.840000 0.4275 0.7451 0.2706
v 0.940000 4.450000 0.840000 0.4275 0.7451 0.2706
v -2.250000 8.370000 0.750000 0.9490 0.7608 0.1882
v -2.250000 7.930000 0.750000 0.9490 0.7608 0.1882
v -2.185344 8.340526 0.661008 0.9490 0.7608 0.1882
v -2.138012 8.259999 0.595862 0.9490 0.7608 0.1882
v -2.120687 8.150000 0.572016 0.9490 0.7608 0.1882
v -2.138012 8.039999 0.595862 0.9490 0.7608 0.1882
v -2.185344 7.959474 0.661008 0.9490 0.7608 0.1882
v -2.145384 8.340526 0.716008 0.9490 0.7608 0.1882
v -2.068799 8.259999 0.691124 0.9490 0.7608 0.1882
v -2.040768 8.150000 0.682016 0.9490 0.7608 0.1882
v -2.068799 8.039999 0.691124 0.9490 0.7608 0.1882
v -2.145384 7.959474 0.716008 0.9490 0.7608 0.1882
v -2.145384 8.340526 0.783992 0.9490 0.7608 0.1882
v -2.068799 8.259999 0.808876 0.9490 0.7608 0.1882
v -2.040768 8.150000 0.817984 0.9490 0.7608 0.1882
v -2.068799 8.039999 0.808876 0.9490 0.7608 0.1882
v -2.145384 7.959474 0.783992 0.9490 0.7608 0.1882
v -2.185344 8.340526 0.838992 0.9490 0.7608 0.1882
v -2.138012 8.259999 0.904138 0.9490 0.7608 0.1882
v -2.120687 8.150000 0.927984 0.9490 0.7608 0.1882
v -2.138012 8.039999 0.904138 0.9490 0.7608 0.1882
v -2.185344 7.959474 0.838992 0.9490 0.7608 0.1882
v -2.250000 8.340526 0.860000 0.9490 0.7608 0.1882
v -2.250000 8.259999 0.940526 0.9490 0.7608 0.1882
v -2.250000 8.150000 0.970000 0.9490 0.7608 0.1882
v -2.250000 8.039999 0.940526 0.9490 0.7608 0.1882
v -2.250000 7.959474 0.860000 0.9490 0.7608 0.1882
v -2.314656 8.340526 0.838992 0.9490 0.7608 0.1882
v -2.361988 8.259999 0.904138 0.9490 0.7608 0.1882
v -2.379313 8.150000 0.927984 0.9490 0.7608 0.1882
v -2.361988 8.039999 0.904138 0.9490 0.7608 0.1882
v -2.314656 7.959474 0.838992 0.9490 0.7608 0.1882
v -2.354616 8.340526 0.783992 0.9490 0.7608 0.1882
v -2.431201 8.259999 0.808876 0.9490 0.7608 0.1882
v -2.459232 8.150000 0.817984 0.9490 0.7608 0.1882
v -2.431201 8.039999 0.808876 0.9490 0.7608 0.1882
v -2.354616 7.959474 0.783992 0.9490 0.7608 0.1882
v -2.354616 8.340526 0.716008 0.9490 0.7608 0.1882
v -2.431201 8.259999 0.691124 0.9490 0.7608 0.1882
v -2.459233 8.150000 0.682016 0.9490 0.7608 0.1882
v -2.431201 8.039999 0.691124 0.9490 0.7608 0.1882
v -2.354616 7.959474 0.716008 0.9490 0.7608 0.1882
v -2.314656 8.340526 0.661008 0.9490 0.7608 0.1882
v -2.361988 8.259999 0.595862 0.9490 0.7608 0.1882
v -2.379313 8.150000 0.572016 0.9490 0.7608 0.1882
v -2.361988 8.039999 0.595862 0.9490 0.7608 0.1882
v -2.314656 7.959474 0.661008 0.9490 0.7608 0.1882
v -2.250000 8.340526 0.640000 0.9490 0.7608 0.1882
v -2.250000 8.259999 0.559474 0.9490 0.7608 0.1882
v -2.250000 8.150000 0.530000 0.9490 0.7608 0.1882
v -2.250000 8.039999 0.559474 0.9490 0.7608 0.1882
v -2.250000 7.959474 0.640000 0.9490 0.7608 0.1882
v 2.250000 8.370000 0.750000 0.9490 0.7608 0.1882
v 2.250000 7.930000 0.750000 0.9490 0.7608 0.1882
v 2.314656 8.340526 0.661008 0.9490 0.7608 0.1882
v 2.361988 8.259999 0.595862 0.9490 0.7608 0.1882
v 2.379313 8.150000 0.572016 0.9490 0.7608 0.1882
v 2.361988 8.039999 0.595862 0.9490 0.7608 0.1882
v 2.314656 7.959474 0.661008 0.9490 0.7608 0.1882
v 2.354616 8.340526 0.716008 0.9490 0.7608 0.1882
v 2.431201 8.259999 0.691124 0.9490 0.7608 0.1882
v 2.459232 8.150000 0.682016 0.9490 0.7608 0.1882
v 2.431201 8.039999 0.691124 0.9490 0.7608 0.1882
v 2.354616 7.959474 0.716008 0.9490 0.7608 0.1882
v 2.354616 8.340526 0.783992 0.9490 0.7608 0.1882
v 2.431201 8.259999 0.808876 0.9490 0.7608 0.1882
v 2.459232 8.150000 0.817984 0.9490 0.7608 0.1882
v 2.431201 8.039999 0.808876 0.9490 0.7608 0.1882
v 2.354616 7.959474 0.783992 0.9490 0.7608 0.1882
v 2.314656 8.340526 0.838992 0.9490 0.7608 0.1882
v 2.361988 8.259999 0.904138 0.9490 0.7608 0.1882
v 2.379313 8.150000 0.927984 0.9490 0.7608 0.1882
v 2.361988 8.039999 0.904138 0.9490 0.7608 0.1882
v 2.314656 7.959474 0.838992 0.9490 0.7608 0.1882
v 2.250000 8.340526 0.860000 0.9490 0.7608 0.1882
v 2.250000 8.259999 0.940526 0.9490 0.7608 0.1882
v 2.250000 8.150000 0.970000 0.9490 0.7608 0.1882
v 2.250000 8.039999 0.940526 0.9490 0.7608 0.1882
v 2.250000 7.959474 0.860000 0.9490 0.7608 0.1882
v 2.185344 8.340526 0.838992 0.9490 0.7608 0.1882
v 2.138012 8.259999 0.904138 0.9490 0.7608 0.1882
v 2.120687 8.150000 0.927984 0.9490 0.7608 0.1882
v 2.138012 8.039999 0.904138 0.9490 0.7608 0.1882
v 2.185344 7.959474 0.838992 0.9490 0.7608 0.1882
v 2.145384 8.340526 0.783992 0.9490 0.7608 0.1882
v 2.068799 8.259999 0.808876 0.9490 0.7608 0.1882
v 2.040768 8.150000 0.817984 0.9490 0.7608 0.1882
v 2.068799 8.039999 0.808876 0.9490 0.7608 0.1882
v 2.145384 7.959474 0.783992 0.9490 0.7608 0.1882
v 2.145384 8.340526 0.716008 0.9490 0.7608 0.1882
v 2.068799 8.259999 0.691124 0.9490 0.7608 0.1882
v 2.040767 8.150000 0.682016 0.9490 0.7608 0.1882
v 2.068799 8.039999 0.691124 0.9490 0.7608 0.1882
v 2.145384 7.959474 0.716008 0.9490 0.7608 0.1882
v 2.185344 8.340526 0.661008 0.9490 0.7608 0.1882
v 2.138012 8.259999 0.595862 0.9490 0.7608 0.1882
v 2.120687 8.150000 0.572016 0.9490 0.7608 0.1882
v 2.138012 8.039999 0.595862 0.9490 0.7608 0.1882
v 2.185344 7.959474 0.661008 0.9490 0.7608 0.1882
v 2.250000 8.340526 0.640000 0.9490 0.7608 0.1882
v 2.250000 8.259999 0.559474 0.9490 0.7608 0.1882
v 2.250000 8.150000 0.530000 0.9490 0.7608 0.1882
v 2.250000 8.039999 0.559474 0.9490 0.7608 0.1882
v 2.250000 7.959474 0.640000 0.9490 0.7608 0.1882
v -2.420000 8.200001 0.920000 0.9490 0.7608 0.1882
v -2.420000 8.280001 1.000000 0.9490 0.7608 0.1882
v -2.500000 8.280001 0.920000 0.9490 0.7608 0.1882
v -2.420000 8.420000 1.000000 0.9490 0.7608 0.1882
v -2.420000 8.500000 0.920000 0.9490 0.7608 0.1882
v -2.500000 8.420000 0.920000 0.9490 0.7608 0.1882
v -2.420000 8.200001 -0.920000 0.9490 0.7608 0.1882
v -2.500000 8.280001 -0.920000 0.9490 0.7608 0.1882
v -2.420000 8.280001 -1.000000 0.9490 0.7608 0.1882
v -2.420000 8.500000 -0.920000 0.9490 0.7608 0.1882
v -2.420000 8.420000 -1.000000 0.9490 0.7608 0.1882
v -2.500000 8.420000 -0.920000 0.9490 0.7608 0.1882
v 2.420000 8.200001 0.920000 0.9490 0.7608 0.1882
v 2.500000 8.280001 0.920000 0.9490 0.7608 0.1882
v 2.420000 8.280001 1.000000 0.9490 0.7608 0.1882
v 2.420000 8.500000 0.920000 0.9490 0.7608 0.1882
v 2.420000 8.420000 1.000000 0.9490 0.7608 0.1882
v 2.500000 8.420000 0.920000 0.9490 0.7608 0.1882
v 2.420000 8.200001 -0.920000 0.9490 0.7608 0.1882
v 2.420000 8.280001 -1.000000 0.9490 0.7608 0.1882
v 2.500000 8.280001 -0.920000 0.9490 0.7608 0.1882
v 2.420000 8.500000 -0.920000 0.9490 0.7608 0.1882
v 2.500000 8.420000 -0.920000 0.9490 0.7608 0.1882
v 2.420000 8.420000 -1.000000 0.9490 0.7608 0.1882
v -2.356292 8.524282 0.850000 0.2471 0.7137 0.7882
v -2.350000 8.500000 0.850000 0.2471 0.7137 0.7882
v -2.207044 8.550000 0.900000 0.2471 0.7137 0.7882
v -2.372554 8.507113 0.850000 0.2471 0.7137 0.7882
v -2.332166 8.517577 0.878868 0.2471 0.7137 0.7882
v -2.278522 8.514645 0.885355 0.2471 0.7137 0.7882
v -2.286697 8.546193 0.885355 0.2471 0.7137 0.7882
v 2.350000 8.500000 0.850000 0.2471 0.7137 0.7882
v 2.356292 8.524282 0.850000 0.2471 0.7137 0.7882
v 2.207044 8.550000 0.900000 0.2471 0.7137 0.7882
v 2.372553 8.507113 0.850000 0.2471 0.7137 0.7882
v 2.332166 8.517577 0.878868 0.2471 0.7137 0.7882
v 2.286697 8.546193 0.885355 0.2471 0.7137 0.7882
v 2.278522 8.514645 0.885355 0.2471 0.7137 0.7882
v 0.600000 9.500000 0.850000 0.2471 0.7137 0.7882
v 0.587044 9.450000 0.900000 0.2471 0.7137 0.7882
v 0.596205 9.485355 0.885355 0.2471 0.7137 0.7882
v -0.587044 9.450000 0.900000 0.2471 0.7137 0.7882
v -0.600000 9.500000 0.850000 0.2471 0.7137 0.7882
v -0.596205 9.485355 0.885355 0.2471 0.7137 0.7882
v -2.356292 8.524282 -0.850000 0.2471 0.7137 0.7882
v -2.207044 8.550000 -0.900000 0.2471 0.7137 0.7882
v -2.350000 8.500000 -0.850000 0.2471 0.7137 0.7882
v -2.286697 8.546193 -0.885355 0.2471 0.7137 0.7882
v -2.332166 8.517577 -0.878868 0.2471 0.7137 0.7882
v -2.278522 8.514645 -0.885355 0.2471 0.7137 0.7882
v -2.372553 8.507113 -0.850000 0.2471 0.7137 0.7882
v 2.356292 8.524282 -0.850000 0.2471 0.7137 0.7882
v 2.350000 8.500000 -0.850000 0.2471 0.7137 0.7882
v 2.207044 8.550000 -0.900000 0.2471 0.7137 0.7882
v 2.372554 8.507113 -0.850000 0.2471 0.7137 0.7882
v 2.332166 8.517577 -0.878868 0.2471 0.7137 0.7882
v 2.278522 8.514645 -0.885355 0.2471 0.7137 0.7882
v 2.286697 8.546193 -0.885355 0.2471 0.7137 0.7882
v 0.600000 9.500000 -0.850000 0.2471 0.7137 0.7882
v 0.587044 9.450000 -0.900000 0.2471 0.7137 0.7882
v 0.596205 9.485355 -0.885355 0.2471 0.7137 0.7882
v -0.600000 9.500000 -0.850000 0.2471 0.7137 0.7882
v -0.587044 9.450000 -0.900000 0.2471 0.7137 0.7882
v -0.596205 9.485355 -0.885355 0.2471 0.7137 0.7882
v 0.000000 9.450000 -0.080000 0.7216 0.7608 0.8000
v 0.000000 9.849999 -0.080000 0.7216 0.7608 0.8000
v 0.056569 9.450000 -0.056569 0.7216 0.7608 0.8000
v 0.056569 9.849999 -0.056569 0.7216 0.7608 0.8000
v 0.080000 9.450000 0.000000 0.7216 0.7608 0.8000
v 0.080000 9.849999 0.000000 0.7216 0.7608 0.8000
v 0.056569 9.450000 0.056569 0.7216 0.7608 0.8000
v 0.056569 9.849999 0.056569 0.7216 0.7608 0.8000
v 0.000000 9.450000 0.080000 0.7216 0.7608 0.8000
v 0.000000 9.849999 0.080000 0.7216 0.7608 0.8000
v -0.056569 9.450000 0.056569 0.7216 0.7608 0.8000
v -0.056569 9.849999 0.056569 0.7216 0.7608 0.8000
v -0.080000 9.450000 0.000000 0.7216 0.7608 0.8000
v -0.080000 9.849999 0.000000 0.7216 0.7608 0.8000
v -0.056569 9.450000 -0.056569 0.7216 0.7608 0.8000
v -0.056569 9.849999 -0.056569 0.7216 0.7608 0.8000
v -0.660000 10.090000 0.150000 0.9098 0.7216 0.4196
v -0.635885 9.973855 0.121042 0.9098 0.7216 0.4196
v -0.635885 10.012224 0.082911 0.9098 0.7216 0.4196
v -0.635885 10.086986 0.076172 0.9098 0.7216 0.4196
v -0.635885 10.163157 0.103977 0.9098 0.7216 0.4196
v -0.635885 10.205097 0.153318 0.9098 0.7216 0.4196
v -0.635885 10.193182 0.201106 0.9098 0.7216 0.4196
v -0.635885 10.132987 0.224981 0.9098 0.7216 0.4196
v -0.635885 10.052678 0.213771 0.9098 0.7216 0.4196
v -0.635885 9.989832 0.172723 0.9098 0.7216 0.4196
v -0.570000 9.888832 0.099843 0.9098 0.7216 0.4196
v -0.570000 9.955289 0.033798 0.9098 0.7216 0.4196
v -0.570000 10.084779 0.022125 0.9098 0.7216 0.4196
v -0.570000 10.216711 0.070286 0.9098 0.7216 0.4196
v -0.570000 10.289354 0.155746 0.9098 0.7216 0.4196
v -0.570000 10.268717 0.238518 0.9098 0.7216 0.4196
v -0.570000 10.164456 0.279870 0.9098 0.7216 0.4196
v -0.570000 10.025356 0.260455 0.9098 0.7216 0.4196
v -0.570000 9.916504 0.189357 0.9098 0.7216 0.4196
v -0.480000 9.857711 0.092084 0.9098 0.7216 0.4196
v -0.480000 9.934449 0.015822 0.9098 0.7216 0.4196
v -0.480000 10.083971 0.002343 0.9098 0.7216 0.4196
v -0.480000 10.236314 0.057955 0.9098 0.7216 0.4196
v -0.480000 10.320194 0.156635 0.9098 0.7216 0.4196
v -0.480000 10.296365 0.252211 0.9098 0.7216 0.4196
v -0.480000 10.175975 0.299961 0.9098 0.7216 0.4196
v -0.480000 10.015356 0.277543 0.9098 0.7216 0.4196
v -0.480000 9.889664 0.195446 0.9098 0.7216 0.4196
v 0.480000 9.857711 0.092084 0.9098 0.7216 0.4196
v 0.480000 9.934449 0.015822 0.9098 0.7216 0.4196
v 0.480000 10.083971 0.002343 0.9098 0.7216 0.4196
v 0.480000 10.236314 0.057955 0.9098 0.7216 0.4196
v 0.480000 10.320194 0.156635 0.9098 0.7216 0.4196
v 0.480000 10.296365 0.252211 0.9098 0.7216 0.4196
v 0.480000 10.175975 0.299961 0.9098 0.7216 0.4196
v 0.480000 10.015356 0.277543 0.9098 0.7216 0.4196
v 0.480000 9.889664 0.195446 0.9098 0.7216 0.4196
v 0.570000 9.888832 0.099843 0.9098 0.7216 0.4196
v 0.570000 9.955289 0.033798 0.9098 0.7216 0.4196
v 0.570000 10.084779 0.022125 0.9098 0.7216 0.4196
v 0.570000 10.216711 0.070286 0.9098 0.7216 0.4196
v 0.570000 10.289354 0.155746 0.9098 0.7216 0.4196
v 0.570000 10.268717 0.238518 0.9098 0.7216 0.4196
v 0.570000 10.164456 0.279870 0.9098 0.7216 0.4196
v 0.570000 10.025356 0.260455 0.9098 0.7216 0.4196
v 0.570000 9.916504 0.189357 0.9098 0.7216 0.4196
v 0.635885 9.973855 0.121042 0.9098 0.7216 0.4196
v 0.635885 10.012224 0.082911 0.9098 0.7216 0.4196
v 0.635885 10.086986 0.076172 0.9098 0.7216 0.4196
v 0.635885 10.163157 0.103977 0.9098 0.7216 0.4196
v 0.635885 10.205097 0.153318 0.9098 0.7216 0.4196
v 0.635885 10.193182 0.201106 0.9098 0.7216 0.4196
v 0.635885 10.132987 0.224981 0.9098 0.7216 0.4196
v 0.635885 10.052678 0.213771 0.9098 0.7216 0.4196
v 0.635885 9.989832 0.172723 0.9098 0.7216 0.4196
v 0.660000 10.090000 0.150000 0.9098 0.7216 0.4196
v -0.660000 10.090000 -0.150000 0.9098 0.7216 0.4196
v -0.635885 9.973855 -0.121042 0.9098 0.7216 0.4196
v -0.635885 9.989832 -0.172723 0.9098 0.7216 0.4196
v -0.635885 10.052678 -0.213771 0.9098 0.7216 0.4196
v -0.635885 10.132987 -0.224981 0.9098 0.7216 0.4196
v -0.635885 10.193182 -0.201106 0.9098 0.7216 0.4196
v -0.635885 10.205097 -0.153318 0.9098 0.7216 0.4196
v -0.635885 10.163157 -0.103977 0.9098 0.7216 0.4196
v -0.635885 10.086986 -0.076172 0.9098 0.7216 0.4196
v -0.635885 10.012224 -0.082911 0.9098 0.7216 0.4196
v -0.570000 9.888832 -0.099843 0.9098 0.7216 0.4196
v -0.570000 9.916504 -0.189357 0.9098 0.7216 0.4196
v -0.570000 10.025356 -0.260455 0.9098 0.7216 0.4196
v -0.570000 10.164456 -0.279870 0.9098 0.7216 0.4196
v -0.570000 10.268717 -0.238518 0.9098 0.7216 0.4196
v -0.570000 10.289354 -0.155746 0.9098 0.7216 0.4196
v -0.570000 10.216711 -0.070286 0.9098 0.7216 0.4196
v -0.570000 10.084779 -0.022125 0.9098 0.7216 0.4196
v -0.570000 9.955289 -0.033798 0.9098 0.7216 0.4196
v -0.480000 9.857711 -0.092084 0.9098 0.7216 0.4196
v -0.480000 9.889664 -0.195446 0.9098 0.7216 0.4196
v -0.480000 10.015356 -0.277543 0.9098 0.7216 0.4196
v -0.480000 10.175975 -0.299961 0.9098 0.7216 0.4196
v -0.480000 10.296365 -0.252211 0.9098 0.7216 0.4196
v -0.480000 10.320194 -0.156635 0.9098 0.7216 0.4196
v -0.480000 10.236314 -0.057955 0.9098 0.7216 0.4196
v -0.480000 10.083971 -0.002343 0.9098 0.7216 0.4196
v -0.480000 9.934449 -0.015822 0.9098 0.7216 0.4196
v 0.480000 9.857711 -0.092084 0.9098 0.7216 0.4196
v 0.480000 9.889664 -0.195446 0.9098 0.7216 0.4196
v 0.480000 10.015356 -0.277543 0.9098 0.7216 0.4196
v 0.480000 10.175975 -0.299961 0.9098 0.7216 0.4196
v 0.480000 10.296365 -0.252211 0.9098 0.7216 0.4196
v 0.480000 10.320194 -0.156635 0.9098 0.7216 0.4196
v 0.480000 10.236314 -0.057955 0.9098 0.7216 0.4196
v 0.480000 10.083971 -0.002343 0.9098 0.7216 0.4196
v 0.480000 9.934449 -0.015822 0.9098 0.7216 0.4196
v 0.570000 9.888832 -0.099843 0.9098 0.7216 0.4196
v 0.570000 9.916504 -0.189357 0.9098 0.7216 0.4196
v 0.570000 10.025356 -0.260455 0.9098 0.7216 0.4196
v 0.570000 10.164456 -0.279870 0.9098 0.7216 0.4196
v 0.570000 10.268717 -0.238518 0.9098 0.7216 0.4196
v 0.570000 10.289354 -0.155746 0.9098 0.7216 0.4196
v 0.570000 10.216711 -0.070286 0.9098 0.7216 0.4196
v 0.570000 10.084779 -0.022125 0.9098 0.7216 0.4196
v 0.570000 9.955289 -0.033798 0.9098 0.7216 0.4196
v 0.635885 9.973855 -0.121042 0.9098 0.7216 0.4196
v 0.635885 9.989832 -0.172723 0.9098 0.7216 0.4196
v 0.635885 10.052678 -0.213771 0.9098 0.7216 0.4196
v 0.635885 10.132987 -0.224981 0.9098 0.7216 0.4196
v 0.635885 10.193182 -0.201106 0.9098 0.7216 0.4196
v 0.635885 10.205097 -0.153318 0.9098 0.7216 0.4196
v 0.635885 10.163157 -0.103977 0.9098 0.7216 0.4196
v 0.635885 10.086986 -0.076172 0.9098 0.7216 0.4196
v 0.635885 10.012224 -0.082911 0.9098 0.7216 0.4196
v 0.660000 10.090000 -0.150000 0.9098 0.7216 0.4196
v -0.645000 9.955000 0.000000 0.9098 0.7216 0.4196
v -0.622894 9.905499 0.000000 0.9098 0.7216 0.4196
v -0.622894 9.917081 -0.066287 0.9098 0.7216 0.4196
v -0.622894 9.946404 -0.101558 0.9098 0.7216 0.4196
v -0.622894 9.979750 -0.089309 0.9098 0.7216 0.4196
v -0.622894 10.001514 -0.035271 0.9098 0.7216 0.4196
v -0.622894 10.001514 0.035271 0.9098 0.7216 0.4196
v -0.622894 9.979750 0.089309 0.9098 0.7216 0.4196
v -0.622894 9.946404 0.101558 0.9098 0.7216 0.4196
v -0.622894 9.917081 0.066287 0.9098 0.7216 0.4196
v -0.562500 9.869264 0.000000 0.9098 0.7216 0.4196
v -0.562500 9.889321 -0.114813 0.9098 0.7216 0.4196
v -0.562500 9.940112 -0.175904 0.9098 0.7216 0.4196
v -0.562500 9.997868 -0.154688 0.9098 0.7216 0.4196
v -0.562500 10.035565 -0.061091 0.9098 0.7216 0.4196
v -0.562500 10.035565 0.061091 0.9098 0.7216 0.4196
v -0.562500 9.997868 0.154688 0.9098 0.7216 0.4196
v -0.562500 9.940112 0.175904 0.9098 0.7216 0.4196
v -0.562500 9.889321 0.114813 0.9098 0.7216 0.4196
v -0.480000 9.856000 0.000000 0.9098 0.7216 0.4196
v -0.480000 9.879161 -0.132575 0.9098 0.7216 0.4196
v -0.480000 9.937809 -0.203117 0.9098 0.7216 0.4196
v -0.480000 10.004499 -0.178618 0.9098 0.7216 0.4196
v -0.480000 10.048029 -0.070542 0.9098 0.7216 0.4196
v -0.480000 10.048029 0.070542 0.9098 0.7216 0.4196
v -0.480000 10.004499 0.178618 0.9098 0.7216 0.4196
v -0.480000 9.937809 0.203117 0.9098 0.7216 0.4196
v -0.480000 9.879161 0.132575 0.9098 0.7216 0.4196
v 0.480000 9.856000 0.000000 0.9098 0.7216 0.4196
v 0.480000 9.879161 -0.132575 0.9098 0.7216 0.4196
v 0.480000 9.937808 -0.203117 0.9098 0.7216 0.4196
v 0.480000 10.004499 -0.178618 0.9098 0.7216 0.4196
v 0.480000 10.048029 -0.070542 0.9098 0.7216 0.4196
v 0.480000 10.048029 0.070542 0.9098 0.7216 0.4196
v 0.480000 10.004499 0.178618 0.9098 0.7216 0.4196
v 0.480000 9.937808 0.203117 0.9098 0.7216 0.4196
v 0.480000 9.879161 0.132575 0.9098 0.7216 0.4196
v 0.562500 9.869263 0.000000 0.9098 0.7216 0.4196
v 0.562500 9.889321 -0.114813 0.9098 0.7216 0.4196
v 0.562500 9.940112 -0.175904 0.9098 0.7216 0.4196
v 0.562500 9.997868 -0.154688 0.9098 0.7216 0.4196
v 0.562500 10.035565 -0.061091 0.9098 0.7216 0.4196
v 0.562500 10.035565 0.061091 0.9098 0.7216 0.4196
v 0.562500 9.997868 0.154688 0.9098 0.7216 0.4196
v 0.562500 9.940112 0.175904 0.9098 0.7216 0.4196
v 0.562500 9.889321 0.114813 0.9098 0.7216 0.4196
v 0.622894 9.905499 0.000000 0.9098 0.7216 0.4196
v 0.622894 9.917081 -0.066287 0.9098 0.7216 0.4196
v 0.622894 9.946404 -0.101558 0.9098 0.7216 0.4196
v 0.622894 9.979750 -0.089309 0.9098 0.7216 0.4196
v 0.622894 10.001514 -0.035271 0.9098 0.7216 0.4196
v 0.622894 10.001514 0.035271 0.9098 0.7216 0.4196
v 0.622894 9.979750 0.089309 0.9098 0.7216 0.4196
v 0.622894 9.946404 0.101558 0.9098 0.7216 0.4196
v 0.622894 9.917081 0.066287 0.9098 0.7216 0.4196
v 0.645000 9.955000 0.000000 0.9098 0.7216 0.4196
v -0.622500 10.045000 0.000000 1.0000 0.9647 0.8980
v -0.607428 10.011250 0.000000 1.0000 0.9647 0.8980
v -0.607428 10.019146 -0.054235 1.0000 0.9647 0.8980
v -0.607428 10.039139 -0.083093 1.0000 0.9647 0.8980
v -0.607428 10.061874 -0.073071 1.0000 0.9647 0.8980
v -0.607428 10.076715 -0.028858 1.0000 0.9647 0.8980
v -0.607428 10.076715 0.028858 1.0000 0.9647 0.8980
v -0.607428 10.061874 0.073071 1.0000 0.9647 0.8980
v -0.607428 10.039139 0.083093 1.0000 0.9647 0.8980
v -0.607428 10.019146 0.054235 1.0000 0.9647 0.8980
v -0.566250 9.986543 0.000000 1.0000 0.9647 0.8980
v -0.566250 10.000219 -0.093938 1.0000 0.9647 0.8980
v -0.566250 10.034849 -0.143922 1.0000 0.9647 0.8980
v -0.566250 10.074228 -0.126562 1.0000 0.9647 0.8980
v -0.566250 10.099931 -0.049983 1.0000 0.9647 0.8980
v -0.566250 10.099931 0.049983 1.0000 0.9647 0.8980
v -0.566250 10.074228 0.126562 1.0000 0.9647 0.8980
v -0.566250 10.034849 0.143922 1.0000 0.9647 0.8980
v -0.566250 10.000219 0.093938 1.0000 0.9647 0.8980
v -0.510000 9.977500 0.000000 1.0000 0.9647 0.8980
v -0.510000 9.993292 -0.108470 1.0000 0.9647 0.8980
v -0.510000 10.033278 -0.166186 1.0000 0.9647 0.8980
v -0.510000 10.078750 -0.146142 1.0000 0.9647 0.8980
v -0.510000 10.108429 -0.057716 1.0000 0.9647 0.8980
v -0.510000 10.108429 0.057716 1.0000 0.9647 0.8980
v -0.510000 10.078750 0.146142 1.0000 0.9647 0.8980
v -0.510000 10.033278 0.166186 1.0000 0.9647 0.8980
v -0.510000 9.993292 0.108470 1.0000 0.9647 0.8980
v 0.510000 9.977500 0.000000 1.0000 0.9647 0.8980
v 0.510000 9.993292 -0.108470 1.0000 0.9647 0.8980
v 0.510000 10.033278 -0.166186 1.0000 0.9647 0.8980
v 0.510000 10.078750 -0.146142 1.0000 0.9647 0.8980
v 0.510000 10.108429 -0.057716 1.0000 0.9647 0.8980
v 0.510000 10.108429 0.057716 1.0000 0.9647 0.8980
v 0.510000 10.078750 0.146142 1.0000 0.9647 0.8980
v 0.510000 10.033278 0.166186 1.0000 0.9647 0.8980
v 0.510000 9.993292 0.108470 1.0000 0.9647 0.8980
v 0.566250 9.986543 0.000000 1.0000 0.9647 0.8980
v 0.566250 10.000219 -0.093938 1.0000 0.9647 0.8980
v 0.566250 10.034849 -0.143922 1.0000 0.9647 0.8980
v 0.566250 10.074228 -0.126562 1.0000 0.9647 0.8980
v 0.566250 10.099931 -0.049983 1.0000 0.9647 0.8980
v 0.566250 10.099931 0.049983 1.0000 0.9647 0.8980
v 0.566250 10.074228 0.126562 1.0000 0.9647 0.8980
v 0.566250 10.034849 0.143922 1.0000 0.9647 0.8980
v 0.566250 10.000219 0.093938 1.0000 0.9647 0.8980
v 0.607428 10.011250 0.000000 1.0000 0.9647 0.8980
v 0.607428 10.019146 -0.054235 1.0000 0.9647 0.8980
v 0.607428 10.039139 -0.083093 1.0000 0.9647 0.8980
v 0.607428 10.061874 -0.073071 1.0000 0.9647 0.8980
v 0.607428 10.076715 -0.028858 1.0000 0.9647 0.8980
v 0.607428 10.076715 0.028858 1.0000 0.9647 0.8980
v 0.607428 10.061874 0.073071 1.0000 0.9647 0.8980
v 0.607428 10.039139 0.083093 1.0000 0.9647 0.8980
v 0.607428 10.019146 0.054235 1.0000 0.9647 0.8980
v 0.622500 10.045000 0.000000 1.0000 0.9647 0.8980
v -0.750000 10.195000 0.000000 0.7098 0.3294 0.2275
v -0.729904 10.120000 0.000000 0.7098 0.3294 0.2275
v -0.729904 10.137547 -0.048209 0.7098 0.3294 0.2275
v -0.729904 10.181976 -0.073861 0.7098 0.3294 0.2275
v -0.729904 10.232500 -0.064952 0.7098 0.3294 0.2275
v -0.729904 10.265476 -0.025652 0.7098 0.3294 0.2275
v -0.729904 10.265476 0.025652 0.7098 0.3294 0.2275
v -0.729904 10.232500 0.064952 0.7098 0.3294 0.2275
v -0.729904 10.181976 0.073861 0.7098 0.3294 0.2275
v -0.729904 10.137547 0.048209 0.7098 0.3294 0.2275
v -0.675000 10.065096 0.000000 0.7098 0.3294 0.2275
v -0.675000 10.095488 -0.083501 0.7098 0.3294 0.2275
v -0.675000 10.172442 -0.127930 0.7098 0.3294 0.2275
v -0.675000 10.259952 -0.112500 0.7098 0.3294 0.2275
v -0.675000 10.317069 -0.044430 0.7098 0.3294 0.2275
v -0.675000 10.317069 0.044430 0.7098 0.3294 0.2275
v -0.675000 10.259952 0.112500 0.7098 0.3294 0.2275
v -0.675000 10.172442 0.127930 0.7098 0.3294 0.2275
v -0.675000 10.095488 0.083501 0.7098 0.3294 0.2275
v -0.600000 10.045000 0.000000 0.7098 0.3294 0.2275
v -0.600000 10.080093 -0.096418 0.7098 0.3294 0.2275
v -0.600000 10.168953 -0.147721 0.7098 0.3294 0.2275
v -0.600000 10.270000 -0.129904 0.7098 0.3294 0.2275
v -0.600000 10.335954 -0.051303 0.7098 0.3294 0.2275
v -0.600000 10.335954 0.051303 0.7098 0.3294 0.2275
v -0.600000 10.270000 0.129904 0.7098 0.3294 0.2275
v -0.600000 10.168953 0.147721 0.7098 0.3294 0.2275
v -0.600000 10.080093 0.096418 0.7098 0.3294 0.2275
v 0.600000 10.045000 0.000000 0.7098 0.3294 0.2275
v 0.600000 10.080093 -0.096418 0.7098 0.3294 0.2275
v 0.600000 10.168953 -0.147721 0.7098 0.3294 0.2275
v 0.600000 10.270000 -0.129904 0.7098 0.3294 0.2275
v 0.600000 10.335954 -0.051303 0.7098 0.3294 0.2275
v 0.600000 10.335954 0.051303 0.7098 0.3294 0.2275
v 0.600000 10.270000 0.129904 0.7098 0.3294 0.2275
v 0.600000 10.168953 0.147721 0.7098 0.3294 0.2275
v 0.600000 10.080093 0.096418 0.7098 0.3294 0.2275
v 0.675000 10.065096 0.000000 0.7098 0.3294 0.2275
v 0.675000 10.095488 -0.083501 0.7098 0.3294 0.2275
v 0.675000 10.172442 -0.127930 0.7098 0.3294 0.2275
v 0.675000 10.259952 -0.112500 0.7098 0.3294 0.2275
v 0.675000 10.317069 -0.044430 0.7098 0.3294 0.2275
v 0.675000 10.317069 0.044430 0.7098 0.3294 0.2275
v 0.675000 10.259952 0.112500 0.7098 0.3294 0.2275
v 0.675000 10.172442 0.127930 0.7098 0.3294 0.2275
v 0.675000 10.095488 0.083501 0.7098 0.3294 0.2275
v 0.729904 10.120000 0.000000 0.7098 0.3294 0.2275
v 0.729904 10.137547 -0.048209 0.7098 0.3294 0.2275
v 0.729904 10.181976 -0.073861 0.7098 0.3294 0.2275
v 0.729904 10.232500 -0.064952 0.7098 0.3294 0.2275
v 0.729904 10.265476 -0.025652 0.7098 0.3294 0.2275
v 0.729904 10.265476 0.025652 0.7098 0.3294 0.2275
v 0.729904 10.232500 0.064952 0.7098 0.3294 0.2275
v 0.729904 10.181976 0.073861 0.7098 0.3294 0.2275
v 0.729904 10.137547 0.048209 0.7098 0.3294 0.2275
v 0.750000 10.195000 0.000000 0.7098 0.3294 0.2275
v 0.527949 10.371827 0.011283 0.8470 0.2275 0.1804
v 0.526825 10.371761 0.033755 0.8470 0.2275 0.1804
v 0.526125 10.352244 0.044927 0.8470 0.2275 0.1804
v 0.526551 10.332791 0.033628 0.8470 0.2275 0.1804
v 0.527675 10.332857 0.011156 0.8470 0.2275 0.1804
v 0.528375 10.352375 -0.000016 0.8470 0.2275 0.1804
v -0.526828 10.371795 -0.033699 0.8470 0.2275 0.1804
v -0.527952 10.371795 -0.011227 0.8470 0.2275 0.1804
v -0.528374 10.352309 0.000016 0.8470 0.2275 0.1804
v -0.527672 10.332825 -0.011213 0.8470 0.2275 0.1804
v -0.526548 10.332825 -0.033685 0.8470 0.2275 0.1804
v -0.526126 10.352309 -0.044927 0.8470 0.2275 0.1804
v -0.482575 10.372113 -0.031479 0.8470 0.2275 0.1804
v -0.484461 10.372107 -0.009058 0.8470 0.2275 0.1804
v -0.485198 10.352619 0.002164 0.8470 0.2275 0.1804
v -0.484050 10.333138 -0.009035 0.8470 0.2275 0.1804
v -0.482164 10.333144 -0.031456 0.8470 0.2275 0.1804
v -0.481427 10.352633 -0.042678 0.8470 0.2275 0.1804
v -0.438034 10.372738 -0.026209 0.8470 0.2275 0.1804
v -0.441234 10.372715 -0.003937 0.8470 0.2275 0.1804
v -0.442575 10.353220 0.007216 0.8470 0.2275 0.1804
v -0.440716 10.333747 -0.003902 0.8470 0.2275 0.1804
v -0.437516 10.333770 -0.026174 0.8470 0.2275 0.1804
v -0.436175 10.353265 -0.037327 0.8470 0.2275 0.1804
v -0.393590 10.373306 -0.018692 0.8470 0.2275 0.1804
v -0.397619 10.373275 0.003444 0.8470 0.2275 0.1804
v -0.399466 10.353774 0.014515 0.8470 0.2275 0.1804
v -0.397285 10.334305 0.003449 0.8470 0.2275 0.1804
v -0.393256 10.334337 -0.018687 0.8470 0.2275 0.1804
v -0.391409 10.353838 -0.029758 0.8470 0.2275 0.1804
v -0.349349 10.373499 -0.010071 0.8470 0.2275 0.1804
v -0.353620 10.373466 0.012020 0.8470 0.2275 0.1804
v -0.355771 10.353964 0.023033 0.8470 0.2275 0.1804
v -0.353651 10.334495 0.011956 0.8470 0.2275 0.1804
v -0.349380 10.334528 -0.010135 0.8470 0.2275 0.1804
v -0.347229 10.354030 -0.021149 0.8470 0.2275 0.1804
v -0.305426 10.373209 -0.001650 0.8470 0.2275 0.1804
v -0.309324 10.373175 0.020510 0.8470 0.2275 0.1804
v -0.311460 10.353672 0.031526 0.8470 0.2275 0.1804
v -0.309699 10.334205 0.020383 0.8470 0.2275 0.1804
v -0.305801 10.334240 -0.001777 0.8470 0.2275 0.1804
v -0.303665 10.353742 -0.012793 0.8470 0.2275 0.1804
v -0.261896 10.372607 0.005323 0.8470 0.2275 0.1804
v -0.264848 10.372561 0.027628 0.8470 0.2275 0.1804
v -0.266578 10.353054 0.038707 0.8470 0.2275 0.1804
v -0.265354 10.333593 0.027481 0.8470 0.2275 0.1804
v -0.262402 10.333639 0.005175 0.8470 0.2275 0.1804
v -0.260672 10.353147 -0.005904 0.8470 0.2275 0.1804
v -0.218738 10.372037 0.009848 0.8470 0.2275 0.1804
v -0.220293 10.371976 0.032294 0.8470 0.2275 0.1804
v -0.221243 10.352460 0.043452 0.8470 0.2275 0.1804
v -0.220637 10.333006 0.032163 0.8470 0.2275 0.1804
v -0.219082 10.333068 0.009717 0.8470 0.2275 0.1804
v -0.218132 10.352583 -0.001441 0.8470 0.2275 0.1804
v -0.175806 10.371823 0.011305 0.8470 0.2275 0.1804
v -0.175715 10.371755 0.033804 0.8470 0.2275 0.1804
v -0.175659 10.352235 0.044995 0.8470 0.2275 0.1804
v -0.175694 10.332784 0.033685 0.8470 0.2275 0.1804
v -0.175785 10.332852 0.011186 0.8470 0.2275 0.1804
v -0.175841 10.352372 -0.000005 0.8470 0.2275 0.1804
v -0.132861 10.372087 0.009499 0.8470 0.2275 0.1804
v -0.131138 10.372026 0.031933 0.8470 0.2275 0.1804
v -0.130090 10.352511 0.043083 0.8470 0.2275 0.1804
v -0.130764 10.333057 0.031800 0.8470 0.2275 0.1804
v -0.132487 10.333117 0.009366 0.8470 0.2275 0.1804
v -0.133535 10.352632 -0.001784 0.8470 0.2275 0.1804
v -0.089668 10.372677 0.004672 0.8470 0.2275 0.1804
v -0.086588 10.372633 0.026960 0.8470 0.2275 0.1804
v -0.084795 10.353127 0.038031 0.8470 0.2275 0.1804
v -0.086082 10.333666 0.026813 0.8470 0.2275 0.1804
v -0.089162 10.333710 0.004525 0.8470 0.2275 0.1804
v -0.090955 10.353215 -0.006546 0.8470 0.2275 0.1804
v -0.046094 10.373260 -0.002511 0.8470 0.2275 0.1804
v -0.042127 10.373226 0.019636 0.8470 0.2275 0.1804
v -0.039970 10.353724 0.030649 0.8470 0.2275 0.1804
v -0.041781 10.334257 0.019514 0.8470 0.2275 0.1804
v -0.045748 10.334291 -0.002633 0.8470 0.2275 0.1804
v -0.047905 10.353792 -0.013646 0.8470 0.2275 0.1804
v -0.002132 10.373502 -0.011017 0.8470 0.2275 0.1804
v 0.002142 10.373469 0.011073 0.8470 0.2275 0.1804
v 0.004274 10.353967 0.022090 0.8470 0.2275 0.1804
v 0.002132 10.334497 0.011017 0.8470 0.2275 0.1804
v -0.002142 10.334531 -0.011073 0.8470 0.2275 0.1804
v -0.004274 10.354033 -0.022090 0.8470 0.2275 0.1804
v 0.042137 10.373259 -0.019581 0.8470 0.2275 0.1804
v 0.046104 10.373228 0.002567 0.8470 0.2275 0.1804
v 0.047904 10.353727 0.013646 0.8470 0.2275 0.1804
v 0.045738 10.334258 0.002578 0.8470 0.2275 0.1804
v 0.041771 10.334290 -0.019570 0.8470 0.2275 0.1804
v 0.039971 10.353790 -0.030649 0.8470 0.2275 0.1804
v 0.086596 10.372665 -0.026904 0.8470 0.2275 0.1804
v 0.089675 10.372644 -0.004616 0.8470 0.2275 0.1804
v 0.090954 10.353150 0.006546 0.8470 0.2275 0.1804
v 0.089154 10.333677 -0.004581 0.8470 0.2275 0.1804
v 0.086075 10.333698 -0.026869 0.8470 0.2275 0.1804
v 0.084796 10.353192 -0.038031 0.8470 0.2275 0.1804
v 0.131143 10.372059 -0.031877 0.8470 0.2275 0.1804
v 0.132865 10.372053 -0.009443 0.8470 0.2275 0.1804
v 0.133534 10.352567 0.001785 0.8470 0.2275 0.1804
v 0.132482 10.333084 -0.009422 0.8470 0.2275 0.1804
v 0.130760 10.333090 -0.031856 0.8470 0.2275 0.1804
v 0.130091 10.352577 -0.043084 0.8470 0.2275 0.1804
v 0.175716 10.371787 -0.033748 0.8470 0.2275 0.1804
v 0.175807 10.371791 -0.011248 0.8470 0.2275 0.1804
v 0.175841 10.352306 0.000005 0.8470 0.2275 0.1804
v 0.175784 10.332819 -0.011242 0.8470 0.2275 0.1804
v 0.175693 10.332816 -0.033742 0.8470 0.2275 0.1804
v 0.175659 10.352300 -0.044995 0.8470 0.2275 0.1804
v 0.220289 10.372008 -0.032238 0.8470 0.2275 0.1804
v 0.218734 10.372005 -0.009791 0.8470 0.2275 0.1804
v 0.218133 10.352518 0.001441 0.8470 0.2275 0.1804
v 0.219086 10.333035 -0.009773 0.8470 0.2275 0.1804
v 0.220641 10.333038 -0.032220 0.8470 0.2275 0.1804
v 0.221242 10.352526 -0.043452 0.8470 0.2275 0.1804
v 0.264840 10.372594 -0.027572 0.8470 0.2275 0.1804
v 0.261889 10.372575 -0.005267 0.8470 0.2275 0.1804
v 0.260673 10.353081 0.005904 0.8470 0.2275 0.1804
v 0.262410 10.333607 -0.005231 0.8470 0.2275 0.1804
v 0.265361 10.333626 -0.027537 0.8470 0.2275 0.1804
v 0.266577 10.353120 -0.038707 0.8470 0.2275 0.1804
v 0.309314 10.373207 -0.020454 0.8470 0.2275 0.1804
v 0.305416 10.373177 0.001706 0.8470 0.2275 0.1804
v 0.303665 10.353677 0.012794 0.8470 0.2275 0.1804
v 0.305811 10.334208 0.001721 0.8470 0.2275 0.1804
v 0.309709 10.334238 -0.020438 0.8470 0.2275 0.1804
v 0.311460 10.353738 -0.031526 0.8470 0.2275 0.1804
v 0.353609 10.373499 -0.011964 0.8470 0.2275 0.1804
v 0.349338 10.373466 0.010127 0.8470 0.2275 0.1804
v 0.347229 10.353964 0.021149 0.8470 0.2275 0.1804
v 0.349391 10.334495 0.010080 0.8470 0.2275 0.1804
v 0.353662 10.334528 -0.012011 0.8470 0.2275 0.1804
v 0.355771 10.354030 -0.023033 0.8470 0.2275 0.1804
v 0.397609 10.373307 -0.003388 0.8470 0.2275 0.1804
v 0.393580 10.373274 0.018748 0.8470 0.2275 0.1804
v 0.391408 10.353772 0.029758 0.8470 0.2275 0.1804
v 0.393266 10.334304 0.018632 0.8470 0.2275 0.1804
v 0.397295 10.334338 -0.003505 0.8470 0.2275 0.1804
v 0.399467 10.353840 -0.014515 0.8470 0.2275 0.1804
v 0.441227 10.372747 0.003993 0.8470 0.2275 0.1804
v 0.438026 10.372705 0.026264 0.8470 0.2275 0.1804
v 0.436174 10.353199 0.037327 0.8470 0.2275 0.1804
v 0.437523 10.333737 0.026117 0.8470 0.2275 0.1804
v 0.440724 10.333780 0.003846 0.8470 0.2275 0.1804
v 0.442576 10.353285 -0.007216 0.8470 0.2275 0.1804
v 0.484457 10.372139 0.009115 0.8470 0.2275 0.1804
v 0.482570 10.372081 0.031535 0.8470 0.2275 0.1804
v 0.481426 10.352567 0.042678 0.8470 0.2275 0.1804
v 0.482168 10.333112 0.031400 0.8470 0.2275 0.1804
v 0.484055 10.333170 0.008979 0.8470 0.2275 0.1804
v 0.485199 10.352684 -0.002164 0.8470 0.2275 0.1804
v 0.564789 10.390957 0.019730 0.9490 0.7608 0.1882
v 0.544004 10.390618 0.034499 0.9490 0.7608 0.1882
v 0.534215 10.368377 0.042226 0.9490 0.7608 0.1882
v 0.545211 10.346473 0.035185 0.9490 0.7608 0.1882
v 0.565996 10.346812 0.020416 0.9490 0.7608 0.1882
v 0.575785 10.369054 0.012689 0.9490 0.7608 0.1882
v -0.544240 10.390790 -0.034326 0.9490 0.7608 0.1882
v -0.565032 10.390790 -0.019564 0.9490 0.7608 0.1882
v -0.575792 10.368715 -0.012695 0.9490 0.7608 0.1882
v -0.565760 10.346641 -0.020589 0.9490 0.7608 0.1882
v -0.544968 10.346641 -0.035352 0.9490 0.7608 0.1882
v -0.534208 10.368715 -0.042220 0.9490 0.7608 0.1882
v -0.497108 10.388383 0.031927 0.9490 0.7608 0.1882
v -0.516202 10.388132 0.048826 0.9490 0.7608 0.1882
v -0.527844 10.366187 0.054584 0.9490 0.7608 0.1882
v -0.520392 10.344495 0.043443 0.9490 0.7608 0.1882
v -0.501298 10.344746 0.026544 0.9490 0.7608 0.1882
v -0.489656 10.366690 0.020786 0.9490 0.7608 0.1882
v -0.457383 10.371592 0.069403 0.9490 0.7608 0.1882
v -0.464393 10.369441 0.093826 0.9490 0.7608 0.1882
v -0.469510 10.346471 0.103647 0.9490 0.7608 0.1882
v -0.467617 10.325651 0.089045 0.9490 0.7608 0.1882
v -0.460607 10.327802 0.064622 0.9490 0.7608 0.1882
v -0.455490 10.350772 0.054801 0.9490 0.7608 0.1882
v -0.425372 10.375675 0.062981 0.9490 0.7608 0.1882
v -0.412791 10.374351 0.085121 0.9490 0.7608 0.1882
v -0.403669 10.351980 0.093284 0.9490 0.7608 0.1882
v -0.407128 10.330935 0.079305 0.9490 0.7608 0.1882
v -0.419709 10.332260 0.057164 0.9490 0.7608 0.1882
v -0.428831 10.354630 0.049002 0.9490 0.7608 0.1882
v -0.381045 10.392141 0.011974 0.9490 0.7608 0.1882
v -0.361085 10.392093 0.027844 0.9490 0.7608 0.1882
v -0.350040 10.370055 0.034372 0.9490 0.7608 0.1882
v -0.358955 10.348066 0.025030 0.9490 0.7608 0.1882
v -0.378915 10.348116 0.009161 0.9490 0.7608 0.1882
v -0.389960 10.370152 0.002633 0.9490 0.7608 0.1882
v -0.330240 10.385801 -0.057458 0.9490 0.7608 0.1882
v -0.311868 10.385873 -0.039775 0.9490 0.7608 0.1882
v -0.305377 10.364182 -0.028044 0.9490 0.7608 0.1882
v -0.317260 10.342419 -0.033995 0.9490 0.7608 0.1882
v -0.335632 10.342347 -0.051679 0.9490 0.7608 0.1882
v -0.342123 10.364038 -0.063410 0.9490 0.7608 0.1882
v -0.278610 10.368219 -0.095850 0.9490 0.7608 0.1882
v -0.274405 10.370314 -0.070786 0.9490 0.7608 0.1882
v -0.273295 10.349391 -0.056252 0.9490 0.7608 0.1882
v -0.276390 10.326373 -0.066782 0.9490 0.7608 0.1882
v -0.280595 10.324279 -0.091845 0.9490 0.7608 0.1882
v -0.281705 10.345202 -0.106379 0.9490 0.7608 0.1882
v -0.227194 10.377278 -0.079369 0.9490 0.7608 0.1882
v -0.241750 10.377946 -0.058442 0.9490 0.7608 0.1882
v -0.245806 10.356629 -0.045047 0.9490 0.7608 0.1882
v -0.235306 10.334646 -0.052579 0.9490 0.7608 0.1882
v -0.220750 10.333979 -0.073506 0.9490 0.7608 0.1882
v -0.216694 10.355294 -0.086901 0.9490 0.7608 0.1882
v -0.175664 10.393154 -0.017709 0.9490 0.7608 0.1882
v -0.195790 10.392896 -0.002054 0.9490 0.7608 0.1882
v -0.205127 10.370703 0.006345 0.9490 0.7608 0.1882
v -0.194336 10.348767 -0.000912 0.9490 0.7608 0.1882
v -0.174210 10.349025 -0.016568 0.9490 0.7608 0.1882
v -0.164873 10.371219 -0.024966 0.9490 0.7608 0.1882
v -0.127197 10.383440 0.047215 0.9490 0.7608 0.1882
v -0.144675 10.382874 0.065774 0.9490 0.7608 0.1882
v -0.156228 10.360938 0.071744 0.9490 0.7608 0.1882
v -0.150303 10.339569 0.059154 0.9490 0.7608 0.1882
v -0.132825 10.340136 0.040594 0.9490 0.7608 0.1882
v -0.121272 10.362071 0.034625 0.9490 0.7608 0.1882
v -0.091489 10.369867 0.071958 0.9490 0.7608 0.1882
v -0.092895 10.367287 0.097288 0.9490 0.7608 0.1882
v -0.093906 10.344030 0.107698 0.9490 0.7608 0.1882
v -0.093511 10.323355 0.092778 0.9490 0.7608 0.1882
v -0.092105 10.325935 0.067448 0.9490 0.7608 0.1882
v -0.091094 10.349192 0.057038 0.9490 0.7608 0.1882
v -0.057392 10.380740 0.053463 0.9490 0.7608 0.1882
v -0.041165 10.379988 0.073119 0.9490 0.7608 0.1882
v -0.030022 10.357990 0.079618 0.9490 0.7608 0.1882
v -0.035108 10.336747 0.066462 0.9490 0.7608 0.1882
v -0.051335 10.337500 0.046806 0.9490 0.7608 0.1882
v -0.062478 10.359496 0.040306 0.9490 0.7608 0.1882
v -0.009979 10.393417 -0.007697 0.9490 0.7608 0.1882
v 0.010212 10.393249 0.007876 0.9490 0.7608 0.1882
v 0.020191 10.371080 0.015574 0.9490 0.7608 0.1882
v 0.009979 10.349082 0.007697 0.9490 0.7608 0.1882
v -0.010212 10.349251 -0.007876 0.9490 0.7608 0.1882
v -0.020191 10.371419 -0.015574 0.9490 0.7608 0.1882
v 0.041375 10.380160 -0.072917 0.9490 0.7608 0.1882
v 0.057555 10.380581 -0.053212 0.9490 0.7608 0.1882
v 0.062430 10.359164 -0.040257 0.9490 0.7608 0.1882
v 0.051125 10.337327 -0.047008 0.9490 0.7608 0.1882
v 0.034945 10.336905 -0.066713 0.9490 0.7608 0.1882
v 0.030070 10.358322 -0.079667 0.9490 0.7608 0.1882
v 0.092877 10.367483 -0.097012 0.9490 0.7608 0.1882
v 0.091475 10.369726 -0.071650 0.9490 0.7608 0.1882
v 0.091099 10.348854 -0.057006 0.9490 0.7608 0.1882
v 0.092123 10.325739 -0.067724 0.9490 0.7608 0.1882
v 0.093525 10.323496 -0.093086 0.9490 0.7608 0.1882
v 0.093901 10.344368 -0.107731 0.9490 0.7608 0.1882
v 0.144452 10.383044 -0.065585 0.9490 0.7608 0.1882
v 0.127019 10.383278 -0.046977 0.9490 0.7608 0.1882
v 0.121317 10.361739 -0.034576 0.9490 0.7608 0.1882
v 0.133048 10.339965 -0.040783 0.9490 0.7608 0.1882
v 0.150481 10.339731 -0.059392 0.9490 0.7608 0.1882
v 0.156183 10.361271 -0.071793 0.9490 0.7608 0.1882
v 0.195563 10.393066 0.002239 0.9490 0.7608 0.1882
v 0.175427 10.392985 0.017884 0.9490 0.7608 0.1882
v 0.164864 10.370880 0.024956 0.9490 0.7608 0.1882
v 0.174437 10.348855 0.016382 0.9490 0.7608 0.1882
v 0.194573 10.348935 0.000737 0.9490 0.7608 0.1882
v 0.205136 10.371041 -0.006335 0.9490 0.7608 0.1882
v 0.241606 10.378102 0.058706 0.9490 0.7608 0.1882
v 0.227002 10.377103 0.079586 0.9490 0.7608 0.1882
v 0.216646 10.354962 0.086854 0.9490 0.7608 0.1882
v 0.220894 10.333822 0.073242 0.9490 0.7608 0.1882
v 0.235498 10.334822 0.052362 0.9490 0.7608 0.1882
v 0.245854 10.356962 0.045094 0.9490 0.7608 0.1882
v 0.274446 10.370457 0.071091 0.9490 0.7608 0.1882
v 0.278666 10.368025 0.096122 0.9490 0.7608 0.1882
v 0.281720 10.344865 0.106346 0.9490 0.7608 0.1882
v 0.280554 10.324137 0.091541 0.9490 0.7608 0.1882
v 0.276334 10.326568 0.066510 0.9490 0.7608 0.1882
v 0.273280 10.349728 0.056285 0.9490 0.7608 0.1882
v 0.312059 10.386037 0.040001 0.9490 0.7608 0.1882
v 0.330472 10.385632 0.057638 0.9490 0.7608 0.1882
v 0.342162 10.363705 0.063364 0.9490 0.7608 0.1882
v 0.335441 10.342183 0.051452 0.9490 0.7608 0.1882
v 0.317028 10.342588 0.033815 0.9490 0.7608 0.1882
v 0.305338 10.364515 0.028089 0.9490 0.7608 0.1882
v 0.361323 10.392261 -0.027671 0.9490 0.7608 0.1882
v 0.381265 10.391972 -0.011781 0.9490 0.7608 0.1882
v 0.389942 10.369815 -0.002613 0.9490 0.7608 0.1882
v 0.378677 10.347948 -0.009334 0.9490 0.7608 0.1882
v 0.358735 10.348237 -0.025223 0.9490 0.7608 0.1882
v 0.350058 10.370394 -0.034392 0.9490 0.7608 0.1882
v 0.412958 10.374530 -0.084888 0.9490 0.7608 0.1882
v 0.425494 10.375523 -0.062704 0.9490 0.7608 0.1882
v 0.428787 10.354298 -0.048959 0.9490 0.7608 0.1882
v 0.419542 10.332081 -0.057398 0.9490 0.7608 0.1882
v 0.407006 10.331089 -0.079581 0.9490 0.7608 0.1882
v 0.403713 10.352313 -0.093326 0.9490 0.7608 0.1882
v 0.464300 10.369632 -0.093562 0.9490 0.7608 0.1882
v 0.457316 10.371446 -0.069105 0.9490 0.7608 0.1882
v 0.455516 10.350435 -0.054767 0.9490 0.7608 0.1882
v 0.460700 10.327611 -0.064886 0.9490 0.7608 0.1882
v 0.467684 10.325796 -0.089344 0.9490 0.7608 0.1882
v 0.469484 10.346807 -0.103682 0.9490 0.7608 0.1882
v 0.515966 10.388300 -0.048651 0.9490 0.7608 0.1882
v 0.496905 10.388216 -0.031712 0.9490 0.7608 0.1882
v 0.489689 10.366355 -0.020746 0.9490 0.7608 0.1882
v 0.501534 10.344577 -0.026719 0.9490 0.7608 0.1882
v 0.520595 10.344661 -0.043658 0.9490 0.7608 0.1882
v 0.527811 10.366523 -0.054624 0.9490 0.7608 0.1882
vn -0.4606 -0.7588 0.4606
vn -0.4606 -0.4606 0.7588
vn -0.7588 -0.4606 0.4606
vn -0.4606 0.4606 0.7588
vn -0.4606 0.7588 0.4606
vn -0.7588 0.4606 0.4606
vn -0.4606 -0.7588 -0.4606
vn -0.7588 -0.4606 -0.4606
vn -0.4606 -0.4606 -0.7588
vn -0.4606 0.7588 -0.4606
vn -0.4606 0.4606 -0.7588
vn -0.7588 0.4606 -0.4606
vn 0.4606 -0.7588 0.4606
vn 0.7588 -0.4606 0.4606
vn 0.4606 -0.4606 0.7588
vn 0.4606 0.7588 0.4606
vn 0.4606 0.4606 0.7588
vn 0.7588 0.4606 0.4606
vn 0.4606 -0.7588 -0.4606
vn 0.4606 -0.4606 -0.7588
vn 0.7588 -0.4606 -0.4606
vn 0.4606 0.7588 -0.4606
vn 0.7588 0.4606 -0.4606
vn 0.4606 0.4606 -0.7588
vn -0.0000 -1.0000 -0.0000
vn -1.0000 -0.0000 -0.0000
vn -0.0000 -0.0000 1.0000
vn -0.0000 1.0000 -0.0000
vn -0.0000 -0.0000 -1.0000
vn 1.0000 -0.0000 -0.0000
vn -0.1794 -0.9673 0.1794
vn -0.1585 -0.9194 0.3600
vn -0.3251 -0.8881 0.3251
vn -0.3600 -0.9194 0.1585
vn -0.1794 -0.1794 0.9673
vn -0.3600 -0.1585 0.9194
vn -0.3251 -0.3251 0.8881
vn -0.1585 -0.3600 0.9194
vn -0.9673 -0.1794 0.1794
vn -0.9194 -0.3600 0.1585
vn -0.8881 -0.3251 0.3251
vn -0.9194 -0.1585 0.3600
vn -0.1794 0.1794 0.9673
vn -0.1585 0.3600 0.9194
vn -0.3251 0.3251 0.8881
vn -0.3600 0.1585 0.9194
vn -0.1794 0.9673 0.1794
vn -0.3600 0.9194 0.1585
vn -0.3251 0.8881 0.3251
vn -0.1585 0.9194 0.3600
vn -0.9673 0.1794 0.1794
vn -0.9194 0.1585 0.3600
vn -0.8881 0.3251 0.3251
vn -0.9194 0.3600 0.1585
vn -0.1794 -0.9673 -0.1794
vn -0.3600 -0.9194 -0.1585
vn -0.3251 -0.8881 -0.3251
vn -0.1585 -0.9194 -0.3600
vn -0.9673 -0.1794 -0.1794
vn -0.9194 -0.1585 -0.3600
vn -0.8881 -0.3251 -0.3251
vn -0.9194 -0.3600 -0.1585
vn -0.1794 -0.1794 -0.9673
vn -0.1585 -0.3600 -0.9194
vn -0.3251 -0.3251 -0.8881
vn -0.3600 -0.1585 -0.9194
vn -0.1794 0.9673 -0.1794
vn -0.1585 0.9194 -0.3600
vn -0.3251 0.8881 -0.3251
vn -0.3600 0.9194 -0.1585
vn -0.1794 0.1794 -0.9673
vn -0.3600 0.1585 -0.9194
vn -0.3251 0.3251 -0.8881
vn -0.1585 0.3600 -0.9194
vn -0.9673 0.1794 -0.1794
vn -0.9194 0.3600 -0.1585
vn -0.8881 0.3251 -0.3251
vn -0.9194 0.1585 -0.3600
vn 0.1794 -0.9673 0.1794
vn 0.3600 -0.9194 0.1585
vn 0.3251 -0.8881 0.3251
vn 0.1585 -0.9194 0.3600
vn 0.9673 -0.1794 0.1794
vn 0.9194 -0.1585 0.3600
vn 0.8881 -0.3251 0.3251
vn 0.9194 -0.3600 0.1585
vn 0.1794 -0.1794 0.9673
vn 0.1585 -0.3600 0.9194
vn 0.3251 -0.3251 0.8881
vn 0.3600 -0.1585 0.9194
vn 0.1794 0.9673 0.1794
vn 0.1585 0.9194 0.3600
vn 0.3251 0.8881 0.3251
vn 0.3600 0.9194 0.1585
vn 0.1794 0.1794 0.9673
vn 0.3600 0.1585 0.9194
vn 0.3251 0.3251 0.8881
vn 0.1585 0.3600 0.9194
vn 0.9673 0.1794 0.1794
vn 0.9194 0.3600 0.1585
vn 0.8881 0.3251 0.3251
vn 0.9194 0.1585 0.3600
vn 0.1794 -0.9673 -0.1794
vn 0.1585 -0.9194 -0.3600
vn 0.3251 -0.8881 -0.3251
vn 0.3600 -0.9194 -0.1585
vn 0.1794 -0.1794 -0.9673
vn 0.3600 -0.1585 -0.9194
vn 0.3251 -0.3251 -0.8881
vn 0.1585 -0.3600 -0.9194
vn 0.9673 -0.1794 -0.1794
vn 0.9194 -0.3600 -0.1585
vn 0.8881 -0.3251 -0.3251
vn 0.9194 -0.1585 -0.3600
vn 0.1794 0.9673 -0.1794
vn 0.3600 0.9194 -0.1585
vn 0.3251 0.8881 -0.3251
vn 0.1585 0.9194 -0.3600
vn 0.9673 0.1794 -0.1794
vn 0.9194 0.1585 -0.3600
vn 0.8881 0.3251 -0.3251
vn 0.9194 0.3600 -0.1585
vn 0.1794 0.1794 -0.9673
vn 0.1585 0.3600 -0.9194
vn 0.3251 0.3251 -0.8881
vn 0.3600 0.1585 -0.9194
vn 0.3827 0.9239 -0.0000
vn 0.9239 0.3827 -0.0000
vn 0.9239 -0.3827 -0.0000
vn 0.3827 -0.9239 -0.0000
vn -0.3827 -0.9239 -0.0000
vn -0.9239 -0.3827 -0.0000
vn -0.9239 0.3827 -0.0000
vn -0.3827 0.9239 -0.0000
vn -0.1296 -0.9831 0.1296
vn -0.1216 -0.8623 0.4915
vn -0.4473 -0.7744 0.4473
vn -0.4915 -0.8623 0.1216
vn -0.1216 -0.4915 0.8623
vn -0.4473 -0.4473 0.7744
vn -0.1296 -0.1296 0.9831
vn -0.4915 -0.1216 0.8623
vn -0.8623 -0.1216 0.4915
vn -0.7744 -0.4473 0.4474
vn -0.9831 -0.1296 0.1296
vn -0.8623 -0.4915 0.1216
vn -0.1296 0.1296 0.9831
vn -0.1216 0.4915 0.8623
vn -0.4473 0.4473 0.7744
vn -0.4915 0.1216 0.8623
vn -0.1216 0.8623 0.4915
vn -0.4473 0.7744 0.4473
vn -0.1296 0.9831 0.1296
vn -0.4916 0.8623 0.1216
vn -0.8623 0.4915 0.1216
vn -0.7744 0.4473 0.4473
vn -0.9831 0.1296 0.1296
vn -0.8623 0.1216 0.4915
vn -0.1296 -0.9831 -0.1296
vn -0.4915 -0.8623 -0.1216
vn -0.4473 -0.7744 -0.4473
vn -0.1216 -0.8623 -0.4915
vn -0.8623 -0.4915 -0.1216
vn -0.7744 -0.4473 -0.4473
vn -0.9831 -0.1296 -0.1296
vn -0.8623 -0.1216 -0.4915
vn -0.4915 -0.1216 -0.8623
vn -0.4473 -0.4473 -0.7744
vn -0.1296 -0.1296 -0.9831
vn -0.1216 -0.4915 -0.8623
vn -0.1296 0.9831 -0.1296
vn -0.1216 0.8623 -0.4915
vn -0.4473 0.7744 -0.4473
vn -0.4916 0.8623 -0.1216
vn -0.1216 0.4915 -0.8623
vn -0.4473 0.4473 -0.7744
vn -0.1296 0.1296 -0.9831
vn -0.4915 0.1216 -0.8623
vn -0.8623 0.1216 -0.4915
vn -0.7744 0.4473 -0.4474
vn -0.9831 0.1296 -0.1296
vn -0.8623 0.4915 -0.1216
vn 0.1296 -0.9831 0.1296
vn 0.4915 -0.8623 0.1216
vn 0.4473 -0.7744 0.4473
vn 0.1216 -0.8623 0.4915
vn 0.8623 -0.4915 0.1216
vn 0.7744 -0.4473 0.4473
vn 0.9831 -0.1296 0.1296
vn 0.8623 -0.1216 0.4915
vn 0.4915 -0.1216 0.8623
vn 0.4473 -0.4473 0.7744
vn 0.1296 -0.1296 0.9831
vn 0.1216 -0.4915 0.8623
vn 0.1296 0.9831 0.1296
vn 0.1216 0.8623 0.4915
vn 0.4473 0.7744 0.4473
vn 0.4916 0.8623 0.1216
vn 0.1216 0.4915 0.8623
vn 0.4473 0.4473 0.7744
vn 0.1296 0.1296 0.9831
vn 0.4915 0.1216 0.8623
vn 0.8623 0.1216 0.4915
vn 0.7744 0.4473 0.4474
vn 0.9831 0.1296 0.1296
vn 0.8623 0.4915 0.1216
vn 0.1296 -0.9831 -0.1296
vn 0.1216 -0.8623 -0.4915
vn 0.4473 -0.7744 -0.4473
vn 0.4915 -0.8623 -0.1216
vn 0.1216 -0.4915 -0.8623
vn 0.4473 -0.4473 -0.7744
vn 0.1296 -0.1296 -0.9831
vn 0.4915 -0.1216 -0.8623
vn 0.8623 -0.1216 -0.4915
vn 0.7744 -0.4473 -0.4474
vn 0.9831 -0.1296 -0.1296
vn 0.8623 -0.4915 -0.1216
vn 0.1296 0.9831 -0.1296
vn 0.4916 0.8623 -0.1216
vn 0.4473 0.7744 -0.4473
vn 0.1216 0.8623 -0.4915
vn 0.8623 0.4915 -0.1216
vn 0.7744 0.4473 -0.4473
vn 0.9831 0.1296 -0.1296
vn 0.8623 0.1216 -0.4915
vn 0.4915 0.1216 -0.8623
vn 0.4473 0.4473 -0.7744
vn 0.1296 0.1296 -0.9831
vn 0.1216 0.4915 -0.8623
vn 0.1564 0.9877 -0.0000
vn 0.3090 0.9511 -0.0000
vn 0.4540 0.8910 -0.0000
vn 0.5878 0.8090 -0.0000
vn 0.7071 0.7071 -0.0000
vn 0.8090 0.5878 -0.0000
vn 0.8910 0.4540 -0.0000
vn 0.9511 0.3090 -0.0000
vn 0.9877 0.1564 -0.0000
vn 0.9877 -0.1564 -0.0000
vn 0.9511 -0.3090 -0.0000
vn 0.8910 -0.4540 -0.0000
vn 0.8090 -0.5878 -0.0000
vn 0.7071 -0.7071 -0.0000
vn 0.5878 -0.8090 -0.0000
vn 0.4540 -0.8910 -0.0000
vn 0.3090 -0.9511 -0.0000
vn 0.1564 -0.9877 -0.0000
vn -0.1564 -0.9877 -0.0000
vn -0.3090 -0.9511 -0.0000
vn -0.4540 -0.8910 -0.0000
vn -0.5878 -0.8090 -0.0000
vn -0.7071 -0.7071 -0.0000
vn -0.8090 -0.5878 -0.0000
vn -0.8910 -0.4540 -0.0000
vn -0.9511 -0.3090 -0.0000
vn -0.9877 -0.1564 -0.0000
vn -0.9877 0.1564 -0.0000
vn -0.9511 0.3090 -0.0000
vn -0.8910 0.4540 -0.0000
vn -0.8090 0.5878 -0.0000
vn -0.7071 0.7071 -0.0000
vn -0.5878 0.8090 -0.0000
vn -0.4540 0.8910 -0.0000
vn -0.3090 0.9511 -0.0000
vn -0.1564 0.9877 -0.0000
vn 0.8090 -0.0000 0.5878
vn 0.7991 0.1266 0.5878
vn 0.7694 0.2500 0.5878
vn 0.7208 0.3673 0.5878
vn 0.6545 0.4755 0.5878
vn 0.5721 0.5721 0.5878
vn 0.4755 0.6545 0.5878
vn 0.3673 0.7208 0.5878
vn 0.2500 0.7694 0.5878
vn 0.1266 0.7991 0.5878
vn -0.0000 0.8090 0.5878
vn -0.1266 0.7991 0.5878
vn -0.2500 0.7694 0.5878
vn -0.3673 0.7208 0.5878
vn -0.4755 0.6545 0.5878
vn -0.5721 0.5721 0.5878
vn -0.6545 0.4755 0.5878
vn -0.7208 0.3673 0.5878
vn -0.7694 0.2500 0.5878
vn -0.7991 0.1266 0.5878
vn -0.8090 -0.0000 0.5878
vn -0.7991 -0.1266 0.5878
vn -0.7694 -0.2500 0.5878
vn -0.7208 -0.3673 0.5878
vn -0.6545 -0.4755 0.5878
vn -0.5721 -0.5721 0.5878
vn -0.4755 -0.6545 0.5878
vn -0.3673 -0.7208 0.5878
vn -0.2500 -0.7694 0.5878
vn -0.1266 -0.7991 0.5878
vn -0.0000 -0.8090 0.5878
vn 0.1266 -0.7991 0.5878
vn 0.2500 -0.7694 0.5878
vn 0.3673 -0.7208 0.5878
vn 0.4755 -0.6545 0.5878
vn 0.5721 -0.5721 0.5878
vn 0.6545 -0.4755 0.5878
vn 0.7208 -0.3673 0.5878
vn 0.7694 -0.2500 0.5878
vn 0.7991 -0.1266 0.5878
vn -0.3090 -0.0000 0.9511
vn -0.3052 -0.0483 0.9511
vn -0.2939 -0.0955 0.9511
vn -0.2753 -0.1403 0.9511
vn -0.2500 -0.1816 0.9511
vn -0.2185 -0.2185 0.9511
vn -0.1816 -0.2500 0.9511
vn -0.1403 -0.2753 0.9511
vn -0.0955 -0.2939 0.9511
vn -0.0483 -0.3052 0.9511
vn -0.0000 -0.3090 0.9511
vn 0.0483 -0.3052 0.9511
vn 0.0955 -0.2939 0.9511
vn 0.1403 -0.2753 0.9511
vn 0.1816 -0.2500 0.9511
vn 0.2185 -0.2185 0.9511
vn 0.2500 -0.1816 0.9511
vn 0.2753 -0.1403 0.9511
vn 0.2939 -0.0955 0.9511
vn 0.3052 -0.0483 0.9511
vn 0.3090 -0.0000 0.9511
vn 0.3052 0.0483 0.9511
vn 0.2939 0.0955 0.9511
vn 0.2753 0.1403 0.9511
vn 0.2500 0.1816 0.9511
vn 0.2185 0.2185 0.9511
vn 0.1816 0.2500 0.9511
vn 0.1403 0.2753 0.9511
vn 0.0955 0.2939 0.9511
vn 0.0483 0.3052 0.9511
vn -0.0000 0.3090 0.9511
vn -0.0483 0.3052 0.9511
vn -0.0955 0.2939 0.9511
vn -0.1403 0.2753 0.9511
vn -0.1816 0.2500 0.9511
vn -0.2185 0.2185 0.9511
vn -0.2500 0.1816 0.9511
vn -0.2753 0.1403 0.9511
vn -0.2939 0.0955 0.9511
vn -0.3052 0.0483 0.9511
vn -0.3090 -0.0000 -0.9511
vn -0.3052 -0.0483 -0.9511
vn -0.2939 -0.0955 -0.9511
vn -0.2753 -0.1403 -0.9511
vn -0.2500 -0.1816 -0.9511
vn -0.2185 -0.2185 -0.9511
vn -0.1816 -0.2500 -0.9511
vn -0.1403 -0.2753 -0.9511
vn -0.0955 -0.2939 -0.9511
vn -0.0483 -0.3052 -0.9511
vn -0.0000 -0.3090 -0.9511
vn 0.0483 -0.3052 -0.9511
vn 0.0955 -0.2939 -0.9511
vn 0.1403 -0.2753 -0.9511
vn 0.1816 -0.2500 -0.9511
vn 0.2185 -0.2185 -0.9511
vn 0.2500 -0.1816 -0.9511
vn 0.2753 -0.1403 -0.9511
vn 0.2939 -0.0955 -0.9511
vn 0.3052 -0.0483 -0.9511
vn 0.3090 -0.0000 -0.9511
vn 0.3052 0.0483 -0.9511
vn 0.2939 0.0955 -0.9511
vn 0.2753 0.1403 -0.9511
vn 0.2500 0.1816 -0.9511
vn 0.2185 0.2185 -0.9511
vn 0.1816 0.2500 -0.9511
vn 0.1403 0.2753 -0.9511
vn 0.0955 0.2939 -0.9511
vn 0.0483 0.3052 -0.9511
vn -0.0000 0.3090 -0.9511
vn -0.0483 0.3052 -0.9511
vn -0.0955 0.2939 -0.9511
vn -0.1403 0.2753 -0.9511
vn -0.1816 0.2500 -0.9511
vn -0.2185 0.2185 -0.9511
vn -0.2500 0.1816 -0.9511
vn -0.2753 0.1403 -0.9511
vn -0.2939 0.0955 -0.9511
vn -0.3052 0.0483 -0.9511
vn 0.8090 -0.0000 -0.5878
vn 0.7991 0.1266 -0.5878
vn 0.7694 0.2500 -0.5878
vn 0.7208 0.3673 -0.5878
vn 0.6545 0.4755 -0.5878
vn 0.5721 0.5721 -0.5878
vn 0.4755 0.6545 -0.5878
vn 0.3673 0.7208 -0.5878
vn 0.2500 0.7694 -0.5878
vn 0.1266 0.7991 -0.5878
vn -0.0000 0.8090 -0.5878
vn -0.1266 0.7991 -0.5878
vn -0.2500 0.7694 -0.5878
vn -0.3673 0.7208 -0.5878
vn -0.4755 0.6545 -0.5878
vn -0.5721 0.5721 -0.5878
vn -0.6545 0.4755 -0.5878
vn -0.7208 0.3673 -0.5878
vn -0.7694 0.2500 -0.5878
vn -0.7991 0.1266 -0.5878
vn -0.8090 -0.0000 -0.5878
vn -0.7991 -0.1266 -0.5878
vn -0.7694 -0.2500 -0.5878
vn -0.7208 -0.3673 -0.5878
vn -0.6545 -0.4755 -0.5878
vn -0.5721 -0.5721 -0.5878
vn -0.4755 -0.6545 -0.5878
vn -0.3673 -0.7208 -0.5878
vn -0.2500 -0.7694 -0.5878
vn -0.1266 -0.7991 -0.5878
vn -0.0000 -0.8090 -0.5878
vn 0.1266 -0.7991 -0.5878
vn 0.2500 -0.7694 -0.5878
vn 0.3673 -0.7208 -0.5878
vn 0.4755 -0.6545 -0.5878
vn 0.5721 -0.5721 -0.5878
vn 0.6545 -0.4755 -0.5878
vn 0.7208 -0.3673 -0.5878
vn 0.7694 -0.2500 -0.5878
vn 0.7991 -0.1266 -0.5878
vn -0.9659 0.2588 -0.0000
vn 0.9659 -0.2588 -0.0000
vn -0.2588 -0.9659 -0.0000
vn 0.2588 0.9659 -0.0000
vn -0.8660 0.5000 -0.0000
vn 0.8660 -0.5000 -0.0000
vn -0.5000 -0.8660 -0.0000
vn 0.5000 0.8660 -0.0000
vn -0.5000 0.8660 -0.0000
vn 0.5000 -0.8660 -0.0000
vn -0.8660 -0.5000 -0.0000
vn 0.8660 0.5000 -0.0000
vn -0.2588 0.9659 -0.0000
vn 0.2588 -0.9659 -0.0000
vn -0.9659 -0.2588 -0.0000
vn 0.9659 0.2588 -0.0000
vn -0.7986 -0.6018 -0.0000
vn 0.7986 0.6018 -0.0000
vn 0.6018 -0.7986 -0.0000
vn -0.6018 0.7986 -0.0000
vn -0.0000 -0.8438 -0.5367
vn -0.0000 -0.4791 -0.8778
vn 0.5159 -0.4791 -0.7101
vn 0.3155 -0.8438 -0.4342
vn -0.0000 0.4791 -0.8778
vn 0.5159 0.4791 -0.7101
vn 0.5878 -0.0000 -0.8090
vn -0.0000 0.8438 -0.5367
vn 0.3155 0.8438 -0.4342
vn 0.5104 -0.8438 -0.1659
vn 0.9511 -0.0000 -0.3090
vn 0.8348 -0.4791 -0.2712
vn 0.5104 0.8438 -0.1659
vn 0.8348 0.4791 -0.2712
vn 0.5104 -0.8438 0.1659
vn 0.9511 -0.0000 0.3090
vn 0.8348 -0.4791 0.2712
vn 0.5104 0.8438 0.1659
vn 0.8348 0.4791 0.2712
vn 0.3155 -0.8438 0.4342
vn 0.5878 -0.0000 0.8090
vn 0.5159 -0.4791 0.7101
vn 0.3155 0.8438 0.4342
vn 0.5159 0.4791 0.7101
vn -0.0000 -0.4791 0.8778
vn -0.0000 0.8438 0.5367
vn -0.0000 0.4791 0.8778
vn -0.0000 -0.8438 0.5367
vn -0.3155 0.8438 0.4342
vn -0.5159 0.4791 0.7101
vn -0.5159 -0.4791 0.7101
vn -0.3155 -0.8438 0.4342
vn -0.5878 -0.0000 0.8090
vn -0.8348 -0.4791 0.2712
vn -0.5104 -0.8438 0.1659
vn -0.8348 0.4791 0.2712
vn -0.9511 -0.0000 0.3090
vn -0.5104 0.8438 0.1659
vn -0.8348 -0.4791 -0.2712
vn -0.5104 -0.8438 -0.1659
vn -0.8348 0.4791 -0.2712
vn -0.9511 -0.0000 -0.3090
vn -0.5104 0.8438 -0.1659
vn -0.5159 -0.4791 -0.7101
vn -0.3155 -0.8438 -0.4342
vn -0.5159 0.4791 -0.7101
vn -0.5878 -0.0000 -0.8090
vn -0.3155 0.8438 -0.4342
vn -0.5895 0.7574 0.2808
vn -0.6878 0.6963 0.2052
vn -0.5231 0.6228 0.5818
vn -0.4608 0.7864 0.4114
vn -0.1475 -0.9484 0.2808
vn -0.0209 -0.9112 0.4114
vn -0.1548 -0.7985 0.5818
vn -0.2631 -0.9427 0.2052
vn -0.0953 -0.0247 0.9951
vn -0.1624 0.0188 0.9865
vn -0.1562 -0.0405 0.9869
vn -0.1329 -0.0953 0.9865
vn 0.1475 -0.9484 0.2808
vn 0.2631 -0.9427 0.2052
vn 0.1548 -0.7985 0.5818
vn 0.0209 -0.9112 0.4114
vn 0.5895 0.7574 0.2808
vn 0.4608 0.7864 0.4114
vn 0.5231 0.6228 0.5818
vn 0.6878 0.6963 0.2052
vn 0.0953 -0.0247 0.9951
vn 0.1329 -0.0953 0.9865
vn 0.1562 -0.0405 0.9869
vn 0.1624 0.0188 0.9865
vn -0.5895 0.7574 -0.2808
vn -0.4608 0.7864 -0.4114
vn -0.5231 0.6228 -0.5818
vn -0.6878 0.6963 -0.2052
vn -0.0953 -0.0247 -0.9951
vn -0.1329 -0.0953 -0.9865
vn -0.1562 -0.0405 -0.9869
vn -0.1624 0.0188 -0.9865
vn -0.1475 -0.9484 -0.2808
vn -0.2631 -0.9427 -0.2052
vn -0.1548 -0.7985 -0.5818
vn -0.0209 -0.9112 -0.4114
vn 0.5895 0.7574 -0.2808
vn 0.6878 0.6963 -0.2052
vn 0.5231 0.6228 -0.5818
vn 0.4608 0.7864 -0.4114
vn 0.1475 -0.9484 -0.2808
vn 0.0209 -0.9112 -0.4114
vn 0.1548 -0.7985 -0.5818
vn 0.2631 -0.9427 -0.2052
vn 0.0953 -0.0247 -0.9951
vn 0.1624 0.0188 -0.9865
vn 0.1562 -0.0405 -0.9869
vn 0.1329 -0.0953 -0.9865
vn -0.2460 0.9495 0.1948
vn -0.2306 0.8900 0.3934
vn -0.0934 0.3603 0.9282
vn -0.0548 0.2116 0.9758
vn 0.2460 0.9495 0.1948
vn 0.2306 0.8900 0.3934
vn 0.0934 0.3603 0.9282
vn 0.0548 0.2116 0.9758
vn -0.2460 0.9495 -0.1948
vn -0.2306 0.8900 -0.3934
vn -0.0934 0.3603 -0.9282
vn -0.0548 0.2116 -0.9758
vn 0.2460 0.9495 -0.1948
vn 0.2306 0.8900 -0.3934
vn 0.0934 0.3603 -0.9282
vn 0.0548 0.2116 -0.9758
vn 0.3827 -0.0000 -0.9239
vn 0.9239 -0.0000 -0.3827
vn 0.9239 -0.0000 0.3827
vn 0.3827 -0.0000 0.9239
vn -0.3827 -0.0000 0.9239
vn -0.9239 -0.0000 0.3827
vn -0.9239 -0.0000 -0.3827
vn -0.3827 -0.0000 -0.9239
vn -1.0000 0.0001 -0.0000
vn -0.8448 -0.1978 -0.4971
vn -0.8835 -0.4546 -0.1133
vn -0.8040 0.0820 -0.5890
vn -0.8193 0.3137 -0.4800
vn -0.8712 0.4696 -0.1429
vn -0.8712 0.3475 0.3467
vn -0.8193 0.0516 0.5710
vn -0.8040 -0.2041 0.5586
vn -0.8448 -0.4081 0.3461
vn -0.4924 -0.3695 -0.7881
vn -0.5506 -0.8100 -0.2019
vn -0.4204 0.1155 -0.8999
vn -0.4473 0.5149 -0.7313
vn -0.5344 0.8222 -0.1961
vn -0.5344 0.6338 0.5592
vn -0.4473 0.1113 0.8874
vn -0.4205 -0.3205 0.8488
vn -0.4924 -0.6962 0.5224
vn -0.1331 -0.4289 -0.8935
vn -0.1387 -0.6981 -0.7024
vn -0.1051 0.1266 -0.9864
vn -0.1146 0.5735 -0.8112
vn -0.1151 0.7569 -0.6434
vn -0.1572 0.9582 0.2389
vn -0.1146 0.1255 0.9854
vn -0.1151 0.3662 0.9234
vn -0.1051 -0.3513 0.9304
vn -0.1331 -0.7981 0.5876
vn -0.1388 -0.9461 0.2925
vn 0.1331 -0.4289 -0.8935
vn 0.1387 -0.6981 -0.7024
vn 0.1051 0.1266 -0.9864
vn 0.1146 0.5735 -0.8112
vn 0.1151 0.7569 -0.6434
vn 0.1572 0.9582 0.2389
vn 0.1146 0.1255 0.9854
vn 0.1151 0.3662 0.9234
vn 0.1051 -0.3513 0.9304
vn 0.1331 -0.7981 0.5876
vn 0.1388 -0.9461 0.2925
vn 0.4924 -0.3695 -0.7881
vn 0.5506 -0.8100 -0.2019
vn 0.4204 0.1155 -0.8999
vn 0.4473 0.5149 -0.7313
vn 0.5344 0.8222 -0.1961
vn 0.5344 0.6338 0.5592
vn 0.4473 0.1113 0.8874
vn 0.4205 -0.3205 0.8488
vn 0.4924 -0.6962 0.5224
vn 0.8448 -0.1978 -0.4971
vn 0.8835 -0.4546 -0.1133
vn 0.8040 0.0820 -0.5890
vn 0.8193 0.3137 -0.4800
vn 0.8712 0.4696 -0.1429
vn 0.8712 0.3475 0.3467
vn 0.8193 0.0516 0.5710
vn 0.8040 -0.2041 0.5586
vn 0.8448 -0.4081 0.3461
vn 1.0000 0.0001 -0.0000
vn -0.8448 -0.4081 -0.3461
vn -0.8835 -0.4546 0.1133
vn -0.8040 -0.2041 -0.5586
vn -0.8193 0.0516 -0.5710
vn -0.8712 0.3475 -0.3467
vn -0.8712 0.4696 0.1429
vn -0.8193 0.3137 0.4800
vn -0.8040 0.0820 0.5890
vn -0.8448 -0.1978 0.4971
vn -0.4924 -0.6962 -0.5224
vn -0.5506 -0.8100 0.2019
vn -0.4205 -0.3205 -0.8488
vn -0.4473 0.1113 -0.8874
vn -0.5344 0.6338 -0.5592
vn -0.5344 0.8222 0.1961
vn -0.4473 0.5149 0.7313
vn -0.4204 0.1155 0.8999
vn -0.4924 -0.3695 0.7881
vn -0.1331 -0.7981 -0.5876
vn -0.1388 -0.9461 -0.2925
vn -0.1051 -0.3513 -0.9304
vn -0.1146 0.1255 -0.9854
vn -0.1151 0.3662 -0.9234
vn -0.1572 0.9582 -0.2389
vn -0.1146 0.5735 0.8112
vn -0.1151 0.7569 0.6434
vn -0.1051 0.1266 0.9864
vn -0.1331 -0.4289 0.8935
vn -0.1387 -0.6981 0.7024
vn 0.1331 -0.7981 -0.5876
vn 0.1388 -0.9461 -0.2925
vn 0.1051 -0.3513 -0.9304
vn 0.1146 0.1255 -0.9854
vn 0.1151 0.3662 -0.9234
vn 0.1572 0.9582 -0.2389
vn 0.1146 0.5735 0.8112
vn 0.1151 0.7569 0.6434
vn 0.1051 0.1266 0.9864
vn 0.1331 -0.4289 0.8935
vn 0.1387 -0.6981 0.7024
vn 0.4924 -0.6962 -0.5224
vn 0.5506 -0.8100 0.2019
vn 0.4205 -0.3205 -0.8488
vn 0.4473 0.1113 -0.8874
vn 0.5344 0.6338 -0.5592
vn 0.5344 0.8222 0.1961
vn 0.4473 0.5149 0.7313
vn 0.4205 0.1155 0.8999
vn 0.4924 -0.3695 0.7881
vn 0.8448 -0.4081 -0.3461
vn 0.8835 -0.4546 0.1133
vn 0.8040 -0.2041 -0.5586
vn 0.8193 0.0516 -0.5710
vn 0.8712 0.3475 -0.3467
vn 0.8712 0.4696 0.1429
vn 0.8193 0.3137 0.4800
vn 0.8040 0.0820 0.5890
vn 0.8448 -0.1978 0.4971
vn -1.0000 0.0004 -0.0000
vn -0.7794 -0.5788 -0.2399
vn -0.7323 -0.6810 -0.0000
vn -0.8608 -0.1654 -0.4813
vn -0.8237 0.4287 -0.3711
vn -0.7454 0.6560 -0.1185
vn -0.7454 0.6560 0.1185
vn -0.8237 0.4287 0.3711
vn -0.8608 -0.1654 0.4813
vn -0.7794 -0.5788 0.2399
vn -0.4039 -0.8264 -0.3923
vn -0.3363 -0.9418 -0.0000
vn -0.3885 -0.7086 -0.5891
vn -0.4736 0.6118 -0.6336
vn -0.4983 0.2990 -0.8138
vn -0.3535 0.9171 -0.1842
vn -0.3535 0.9171 0.1842
vn -0.4736 0.6118 0.6336
vn -0.4983 0.2990 0.8138
vn -0.4039 -0.8264 0.3923
vn -0.3885 -0.7086 0.5891
vn -0.0994 -0.8986 -0.4274
vn -0.0789 -0.9969 -0.0000
vn -0.1051 -0.7647 -0.6358
vn -0.1463 0.3411 -0.9286
vn -0.1388 0.3415 -0.9296
vn -0.0837 0.9774 -0.1943
vn -0.0832 0.9244 -0.3723
vn -0.0837 0.9774 0.1943
vn -0.0832 0.9244 0.3723
vn -0.1388 0.3415 0.9296
vn -0.1463 0.3411 0.9286
vn -0.0994 -0.8986 0.4274
vn -0.1051 -0.7647 0.6358
vn 0.0994 -0.8986 -0.4274
vn 0.0789 -0.9969 -0.0000
vn 0.1051 -0.7647 -0.6358
vn 0.1463 0.3411 -0.9286
vn 0.1388 0.3415 -0.9296
vn 0.0837 0.9774 -0.1943
vn 0.0832 0.9244 -0.3723
vn 0.0837 0.9774 0.1943
vn 0.0832 0.9244 0.3723
vn 0.1388 0.3415 0.9296
vn 0.1463 0.3411 0.9286
vn 0.0994 -0.8986 0.4274
vn 0.1051 -0.7647 0.6358
vn 0.4039 -0.8264 -0.3923
vn 0.3363 -0.9417 -0.0000
vn 0.3885 -0.7086 -0.5891
vn 0.4736 0.6118 -0.6336
vn 0.4983 0.2990 -0.8138
vn 0.3535 0.9171 -0.1842
vn 0.3535 0.9171 0.1842
vn 0.4736 0.6118 0.6336
vn 0.4983 0.2990 0.8138
vn 0.4039 -0.8264 0.3923
vn 0.3885 -0.7086 0.5891
vn 0.7794 -0.5788 -0.2399
vn 0.7323 -0.6810 -0.0000
vn 0.8608 -0.1654 -0.4813
vn 0.8237 0.4287 -0.3711
vn 0.7454 0.6560 -0.1185
vn 0.7454 0.6560 0.1185
vn 0.8237 0.4287 0.3711
vn 0.8608 -0.1654 0.4813
vn 0.7794 -0.5788 0.2399
vn 1.0000 0.0004 -0.0000
vn -1.0000 0.0008 -0.0000
vn -0.7877 -0.5831 -0.1990
vn -0.7349 -0.6782 -0.0000
vn -0.8858 -0.1752 -0.4298
vn -0.8388 0.4428 -0.3168
vn -0.7497 0.6545 -0.0978
vn -0.7497 0.6545 0.0978
vn -0.8388 0.4428 0.3168
vn -0.8858 -0.1752 0.4298
vn -0.7877 -0.5831 0.1990
vn -0.4188 -0.8413 -0.3419
vn -0.3373 -0.9414 -0.0000
vn -0.3912 -0.7565 -0.5241
vn -0.5077 0.6382 -0.5787
vn -0.5394 0.3397 -0.7705
vn -0.3577 0.9204 -0.1576
vn -0.3577 0.9204 0.1576
vn -0.5077 0.6382 0.5787
vn -0.5394 0.3397 0.7705
vn -0.4188 -0.8413 0.3419
vn -0.3912 -0.7565 0.5241
vn -0.1038 -0.9206 -0.3763
vn -0.0791 -0.9969 -0.0000
vn -0.1090 -0.8171 -0.5661
vn -0.1713 0.3974 -0.9015
vn -0.1582 0.3983 -0.9035
vn -0.0846 0.9825 -0.1659
vn -0.0829 0.9448 -0.3171
vn -0.0846 0.9825 0.1659
vn -0.0829 0.9448 0.3171
vn -0.1582 0.3983 0.9035
vn -0.1712 0.3974 0.9015
vn -0.1038 -0.9206 0.3763
vn -0.1090 -0.8171 0.5661
vn 0.1038 -0.9206 -0.3763
vn 0.0791 -0.9969 -0.0000
vn 0.1090 -0.8171 -0.5661
vn 0.1712 0.3974 -0.9015
vn 0.1582 0.3983 -0.9035
vn 0.0846 0.9825 -0.1659
vn 0.0829 0.9448 -0.3171
vn 0.0846 0.9825 0.1659
vn 0.0829 0.9448 0.3171
vn 0.1582 0.3983 0.9035
vn 0.1712 0.3974 0.9015
vn 0.1038 -0.9206 0.3763
vn 0.1090 -0.8171 0.5661
vn 0.4188 -0.8413 -0.3419
vn 0.3373 -0.9414 -0.0000
vn 0.3912 -0.7565 -0.5241
vn 0.5077 0.6382 -0.5787
vn 0.5394 0.3397 -0.7705
vn 0.3577 0.9204 -0.1576
vn 0.3577 0.9204 0.1576
vn 0.5077 0.6382 0.5787
vn 0.5394 0.3397 0.7705
vn 0.4188 -0.8413 0.3419
vn 0.3912 -0.7565 0.5241
vn 0.7877 -0.5831 -0.1990
vn 0.7349 -0.6782 -0.0000
vn 0.8858 -0.1752 -0.4298
vn 0.8388 0.4428 -0.3168
vn 0.7497 0.6545 -0.0978
vn 0.7497 0.6545 0.0978
vn 0.8388 0.4428 0.3168
vn 0.8858 -0.1752 0.4298
vn 0.7877 -0.5831 0.1990
vn 1.0000 0.0008 -0.0000
vn -0.8413 -0.4141 -0.3474
vn -0.8413 -0.5405 -0.0000
vn -0.8413 -0.0939 -0.5323
vn -0.8413 0.2703 -0.4681
vn -0.8413 0.5079 -0.1849
vn -0.8413 0.5079 0.1849
vn -0.8413 0.2703 0.4681
vn -0.8413 -0.0939 0.5323
vn -0.8413 -0.4141 0.3474
vn -0.4770 -0.6733 -0.5650
vn -0.4770 -0.8789 -0.0000
vn -0.4770 -0.1526 -0.8656
vn -0.4770 0.4395 -0.7612
vn -0.4770 0.8259 -0.3006
vn -0.4770 0.8259 0.3006
vn -0.4770 0.4395 0.7612
vn -0.4770 -0.1526 0.8656
vn -0.4770 -0.6733 0.5650
vn -0.1270 -0.7598 -0.6376
vn -0.1270 -0.9919 -0.0000
vn -0.1270 -0.1722 -0.9768
vn -0.1270 0.4960 -0.8590
vn -0.1270 0.9321 -0.3393
vn -0.1270 0.9321 0.3393
vn -0.1270 0.4960 0.8590
vn -0.1270 -0.1722 0.9768
vn -0.1270 -0.7598 0.6376
vn 0.1270 -0.7598 -0.6376
vn 0.1270 -0.9919 -0.0000
vn 0.1270 -0.1722 -0.9768
vn 0.1270 0.4960 -0.8590
vn 0.1270 0.9321 -0.3393
vn 0.1270 0.9321 0.3393
vn 0.1270 0.4960 0.8590
vn 0.1270 -0.1722 0.9768
vn 0.1270 -0.7598 0.6376
vn 0.4770 -0.6733 -0.5650
vn 0.4770 -0.8789 -0.0000
vn 0.4770 -0.1526 -0.8656
vn 0.4770 0.4395 -0.7612
vn 0.4770 0.8259 -0.3006
vn 0.4770 0.8259 0.3006
vn 0.4770 0.4395 0.7612
vn 0.4770 -0.1526 0.8656
vn 0.4770 -0.6733 0.5650
vn 0.8413 -0.4141 -0.3474
vn 0.8413 -0.5405 -0.0000
vn 0.8413 -0.0939 -0.5323
vn 0.8413 0.2703 -0.4681
vn 0.8413 0.5079 -0.1849
vn 0.8413 0.5079 0.1849
vn 0.8413 0.2703 0.4681
vn 0.8413 -0.0939 0.5323
vn 0.8413 -0.4141 0.3474
vn 0.9987 -0.0072 0.0500
vn -0.9987 -0.0072 -0.0500
vn 0.0399 0.4999 -0.8652
vn 0.0674 0.5003 -0.8632
vn -0.0072 1.0000 -0.0003
vn -0.0106 0.9999 -0.0006
vn -0.0467 0.4999 0.8648
vn -0.0778 0.4998 0.8626
vn -0.0395 -0.4999 0.8652
vn -0.0673 -0.5003 0.8632
vn 0.0072 -1.0000 0.0003
vn 0.0105 -0.9999 0.0006
vn 0.0471 -0.4999 -0.8648
vn 0.0779 -0.4998 -0.8626
vn 0.1164 0.5008 -0.8577
vn -0.0133 0.9999 -0.0009
vn -0.1299 0.4991 0.8568
vn -0.1166 -0.5008 0.8577
vn 0.0133 -0.9999 0.0009
vn 0.1297 -0.4991 -0.8568
vn 0.1507 0.5012 -0.8521
vn -0.0085 1.0000 -0.0001
vn -0.1594 0.4987 0.8520
vn -0.1508 -0.5012 0.8521
vn 0.0086 -1.0000 0.0001
vn 0.1593 -0.4988 -0.8520
vn 0.1648 0.5012 -0.8495
vn 0.0008 1.0000 0.0016
vn -0.1640 0.4987 0.8511
vn -0.1648 -0.5012 0.8495
vn -0.0008 -1.0000 -0.0017
vn 0.1640 -0.4987 -0.8511
vn 0.1549 0.5013 -0.8513
vn 0.0096 0.9999 0.0032
vn -0.1452 0.4986 0.8546
vn -0.1548 -0.5013 0.8513
vn -0.0096 -0.9999 -0.0033
vn 0.1453 -0.4986 -0.8546
vn 0.1202 0.5017 -0.8566
vn 0.0130 0.9999 0.0038
vn -0.1071 0.4982 0.8604
vn -0.1200 -0.5017 0.8567
vn -0.0130 -0.9999 -0.0038
vn 0.1072 -0.4982 -0.8604
vn 0.0643 0.5024 -0.8623
vn 0.0088 1.0000 0.0034
vn -0.0554 0.4976 0.8656
vn -0.0642 -0.5024 0.8623
vn -0.0088 -1.0000 -0.0034
vn 0.0555 -0.4976 -0.8656
vn -0.0038 0.5027 -0.8645
vn -0.0006 1.0000 0.0031
vn 0.0032 0.4974 0.8675
vn 0.0038 -0.5027 0.8645
vn 0.0006 -1.0000 -0.0031
vn -0.0032 -0.4974 -0.8675
vn -0.0712 0.5023 -0.8618
vn -0.0096 0.9999 0.0034
vn 0.0615 0.4977 0.8652
vn 0.0614 0.4977 0.8652
vn 0.0710 -0.5023 0.8618
vn 0.0096 -0.9999 -0.0034
vn -0.0616 -0.4977 -0.8652
vn -0.0615 -0.4977 -0.8652
vn -0.1251 0.5017 -0.8560
vn -0.0130 0.9999 0.0038
vn 0.1120 0.4982 0.8598
vn 0.1249 -0.5017 0.8560
vn 0.0130 -0.9999 -0.0038
vn -0.1121 -0.4983 -0.8598
vn -0.1572 0.5013 -0.8509
vn -0.0089 1.0000 0.0031
vn 0.1482 0.4986 0.8540
vn 0.1571 -0.5013 0.8509
vn 0.0089 -1.0000 -0.0031
vn -0.1483 -0.4987 -0.8540
vn -0.1644 0.5012 -0.8496
vn 0.0003 1.0000 0.0014
vn 0.1646 0.4987 0.8510
vn 0.1644 -0.5012 0.8496
vn -0.0003 -1.0000 -0.0014
vn -0.1647 -0.4987 -0.8510
vn -0.1479 0.5012 -0.8526
vn 0.0094 1.0000 -0.0003
vn 0.1574 0.4988 0.8523
vn 0.1480 -0.5012 0.8526
vn -0.0094 -1.0000 0.0002
vn -0.1573 -0.4988 -0.8523
vn -0.1117 0.5008 -0.8583
vn -0.1118 0.5008 -0.8583
vn 0.0134 0.9999 -0.0009
vn 0.1253 0.4992 0.8574
vn 0.1119 -0.5008 0.8583
vn -0.0134 -0.9999 0.0009
vn -0.1251 -0.4992 -0.8574
vn -0.0613 0.5002 -0.8637
vn 0.0098 1.0000 -0.0005
vn 0.0713 0.4998 0.8632
vn 0.0614 -0.5002 0.8637
vn -0.0098 -1.0000 0.0005
vn -0.0711 -0.4998 -0.8632
vn -0.0032 0.4999 -0.8661
vn 0.0006 1.0000 -0.0002
vn 0.0038 0.5001 0.8659
vn 0.0032 -0.4999 0.8661
vn -0.0006 -1.0000 0.0002
vn -0.0038 -0.5001 -0.8659
vn 0.0553 0.5001 -0.8642
vn -0.0090 1.0000 -0.0005
vn -0.0644 0.4999 0.8637
vn -0.0553 -0.5001 0.8642
vn -0.0554 -0.5001 0.8642
vn 0.0090 -1.0000 0.0005
vn 0.0643 -0.4998 -0.8637
vn 0.1069 0.5007 -0.8590
vn -0.0134 0.9999 -0.0009
vn -0.1204 0.4992 0.8581
vn -0.1070 -0.5007 0.8590
vn 0.0134 -0.9999 0.0009
vn 0.1202 -0.4992 -0.8581
vn 0.1449 0.5011 -0.8532
vn -0.0101 0.9999 -0.0004
vn -0.1551 0.4988 0.8527
vn -0.1450 -0.5011 0.8531
vn 0.0101 -0.9999 0.0004
vn 0.1550 -0.4988 -0.8527
vn 0.1637 0.5012 -0.8497
vn -0.0014 1.0000 0.0012
vn -0.1650 0.4987 0.8509
vn -0.1637 -0.5012 0.8497
vn 0.0014 -1.0000 -0.0012
vn 0.1651 -0.4987 -0.8509
vn 0.1592 0.5013 -0.8505
vn 0.0081 1.0000 0.0030
vn -0.1510 0.4987 0.8535
vn -0.1591 -0.5013 0.8505
vn -0.0080 -1.0000 -0.0030
vn 0.1511 -0.4987 -0.8535
vn 0.1297 0.5016 -0.8553
vn 0.0129 0.9999 0.0038
vn -0.1167 0.4983 0.8591
vn -0.1295 -0.5016 0.8553
vn -0.1296 -0.5016 0.8553
vn -0.0129 -0.9999 -0.0038
vn 0.1168 -0.4983 -0.8591
vn 0.0777 0.5023 -0.8612
vn 0.0103 0.9999 0.0035
vn -0.0675 0.4978 0.8647
vn -0.0778 -0.5023 0.8612
vn -0.0103 -0.9999 -0.0035
vn 0.0674 -0.4978 -0.8647
vn 0.0466 0.5024 -0.8634
vn 0.0070 1.0000 0.0032
vn -0.0400 0.4974 0.8666
vn -0.0470 -0.5024 0.8634
vn -0.0071 -1.0000 -0.0032
vn 0.0396 -0.4973 -0.8666
vn 0.5787 0.0285 0.8151
vn 0.5786 0.0285 0.8151
vn -0.5787 0.0285 -0.8151
vn -0.5786 0.0285 -0.8151
vn 0.7150 0.4987 -0.4900
vn 0.7137 0.4852 -0.5052
vn 0.0151 0.9995 0.0269
vn 0.1104 0.9882 0.1065
vn -0.6952 0.5015 0.5150
vn -0.6005 0.4787 0.6405
vn -0.5987 0.4782 0.6426
vn -0.7148 -0.4988 0.4902
vn -0.6870 -0.4954 0.5316
vn -0.6870 -0.4954 0.5317
vn -0.0123 -0.9997 -0.0234
vn -0.1080 -0.9887 -0.1041
vn -0.1080 -0.9887 -0.1042
vn 0.6990 -0.5019 -0.5095
vn 0.6140 -0.4797 -0.6268
vn 0.6115 -0.4790 -0.6298
vn 0.7121 0.4715 -0.5202
vn 0.0583 0.9888 0.1372
vn 0.0576 0.9889 0.1369
vn -0.1979 0.4312 0.8803
vn -0.1950 0.4309 0.8811
vn -0.6575 -0.4908 0.5718
vn -0.0621 -0.9888 -0.1358
vn -0.0620 -0.9888 -0.1357
vn 0.2011 -0.4362 -0.8771
vn 0.1988 -0.4360 -0.8777
vn -0.2410 0.5533 -0.7973
vn -0.5152 0.5372 -0.6678
vn -0.5134 0.5375 -0.6690
vn -0.1242 0.9840 0.1274
vn -0.1242 0.9840 0.1275
vn 0.3601 0.4442 0.8204
vn 0.3551 0.4430 0.8232
vn 0.1767 -0.5595 0.8098
vn 0.4738 -0.5470 0.6902
vn 0.4727 -0.5472 0.6908
vn 0.1217 -0.9842 -0.1290
vn 0.1217 -0.9841 -0.1291
vn -0.3777 -0.4458 -0.8116
vn -0.3701 -0.4440 -0.8160
vn -0.7079 0.4906 -0.5082
vn -0.7080 0.4905 -0.5081
vn -0.0539 0.9970 0.0564
vn -0.0546 0.9969 0.0572
vn 0.6545 0.4894 0.5763
vn 0.6537 0.4893 0.5773
vn 0.7003 -0.4935 0.5157
vn 0.7004 -0.4935 0.5157
vn 0.0551 -0.9968 -0.0571
vn 0.0559 -0.9967 -0.0580
vn -0.6613 -0.4897 -0.5682
vn -0.6603 -0.4896 -0.5695
vn -0.5608 0.4789 -0.6753
vn -0.5637 0.4798 -0.6724
vn 0.1372 0.9842 -0.1122
vn 0.1373 0.9842 -0.1122
vn 0.7055 0.4803 0.5211
vn 0.7057 0.4803 0.5209
vn 0.5764 -0.4794 0.6618
vn 0.5803 -0.4807 0.6574
vn -0.1344 -0.9846 0.1115
vn -0.1343 -0.9847 0.1114
vn -0.6705 -0.4943 -0.5532
vn -0.6708 -0.4943 -0.5529
vn -0.1161 0.4385 -0.8912
vn -0.1177 0.4386 -0.8909
vn 0.0322 0.9904 -0.1343
vn 0.0330 0.9904 -0.1345
vn 0.6824 0.4679 0.5616
vn 0.4603 -0.4381 0.7721
vn -0.0367 -0.9908 0.1301
vn -0.0369 -0.9908 0.1302
vn -0.6067 -0.4927 -0.6238
vn 0.4147 0.4602 -0.7850
vn 0.4197 0.4616 -0.7815
vn -0.1501 0.9815 -0.1190
vn -0.1501 0.9815 -0.1189
vn -0.4198 0.5208 0.7433
vn -0.5959 0.5058 0.6238
vn -0.5974 0.5055 0.6225
vn -0.2392 -0.3953 0.8869
vn -0.4326 -0.4607 0.7750
vn -0.4402 -0.4629 0.7694
vn 0.1447 -0.9822 0.1199
vn 0.1447 -0.9822 0.1198
vn 0.3213 -0.5378 -0.7794
vn 0.5464 -0.5216 -0.6553
vn 0.5474 -0.5214 -0.6546
vn 0.6678 0.5012 -0.5503
vn 0.6683 0.5012 -0.5497
vn -0.0363 0.9991 -0.0228
vn -0.0355 0.9991 -0.0219
vn -0.7035 0.4826 0.5217
vn -0.7033 0.4826 0.5219
vn -0.6718 -0.5015 0.5451
vn -0.6724 -0.5015 0.5444
vn 0.0373 -0.9990 0.0235
vn 0.0363 -0.9991 0.0224
vn 0.7010 -0.4840 -0.5238
vn 0.7008 -0.4841 -0.5240
vn 0.6833 0.4949 -0.5369
vn 0.6829 0.4948 -0.5374
vn 0.1415 0.9814 0.1300
vn 0.1414 0.9814 0.1299
vn -0.5299 0.4611 0.7117
vn -0.5263 0.4599 0.7152
vn -0.6396 -0.5122 0.5732
vn -0.6392 -0.5122 0.5737
vn -0.1371 -0.9821 -0.1294
vn 0.5502 -0.4622 -0.6955
vn 0.5449 -0.4604 -0.7008
vn 0.6289 0.4897 -0.6039
vn 0.0095 0.9882 0.1531
vn 0.0091 0.9882 0.1531
vn -0.0398 0.4246 0.9045
vn -0.0393 0.4246 0.9045
vn -0.5343 -0.5176 0.6683
vn -0.0110 -0.9890 -0.1475
vn -0.0109 -0.9890 -0.1475
vn 0.4100 -0.4094 -0.8150
vn -0.5459 0.5076 -0.6666
vn -0.6494 0.5024 -0.5708
vn -0.6487 0.5025 -0.5716
vn -0.1476 0.9802 0.1320
vn -0.1474 0.9802 0.1320
vn 0.4817 0.4552 0.7488
vn 0.4773 0.4539 0.7525
vn 0.4405 -0.5331 0.7223
vn 0.5998 -0.5208 0.6074
vn 0.5991 -0.5209 0.6080
vn 0.1422 -0.9810 -0.1321
vn 0.1421 -0.9810 -0.1321
vn -0.3362 -0.3948 -0.8551
vn -0.5037 -0.4565 -0.7334
vn -0.4970 -0.4542 -0.7394
vn -0.6849 0.4983 -0.5316
vn -0.6852 0.4983 -0.5313
vn 0.0057 1.0000 0.0037
vn 0.0049 1.0000 0.0046
vn 0.6903 0.4868 0.5352
vn 0.6900 0.4868 0.5356
vn 0.6861 -0.4989 0.5295
vn 0.6864 -0.4988 0.5291
vn -0.0059 -1.0000 -0.0035
vn -0.0049 -1.0000 -0.0047
vn -0.6915 -0.4874 -0.5331
vn -0.6912 -0.4875 -0.5335
vn -0.4717 0.4656 -0.7488
vn -0.4761 0.4670 -0.7452
vn 0.1562 0.9802 -0.1216
vn 0.1564 0.9802 -0.1216
vn 0.6513 0.4918 0.5779
vn 0.6522 0.4917 0.5770
vn 0.4906 -0.4660 0.7363
vn 0.4973 -0.4682 0.7304
vn -0.1503 -0.9811 0.1215
vn -0.1504 -0.9811 0.1215
vn -0.6016 -0.5101 -0.6147
vn -0.6024 -0.5100 -0.6140
vn 0.0388 0.4364 -0.8989
vn 0.0393 0.4364 -0.8989
vn -0.0098 0.9900 -0.1409
vn -0.0101 0.9900 -0.1409
vn 0.5468 0.4976 0.6733
vn 0.3303 -0.4066 0.8518
vn 0.0117 -0.9908 0.1348
vn 0.0118 -0.9908 0.1349
vn -0.4412 -0.5229 -0.7293
vn 0.5204 0.4716 -0.7118
vn 0.5241 0.4728 -0.7084
vn -0.1508 0.9813 -0.1200
vn -0.1510 0.9812 -0.1201
vn -0.6302 0.4797 0.6106
vn -0.6859 0.4841 0.5433
vn -0.6863 0.4841 0.5427
vn -0.4034 -0.4210 0.8124
vn -0.5384 -0.4720 0.6981
vn -0.5437 -0.4738 0.6927
vn 0.1461 -0.9820 0.1194
vn 0.5354 -0.5073 -0.6753
vn 0.6421 -0.5014 -0.5800
vn 0.6426 -0.5013 -0.5795
vn 0.6985 0.4941 -0.5177
vn 0.6987 0.4940 -0.5175
vn 0.0249 0.9992 0.0303
vn 0.0257 0.9992 0.0312
vn -0.6738 0.4897 0.5534
vn -0.6732 0.4897 0.5540
vn -0.6960 -0.4955 0.5197
vn -0.6962 -0.4954 0.5195
vn -0.0256 -0.9992 -0.0307
vn -0.0266 -0.9991 -0.0318
vn 0.6779 -0.4900 -0.5481
vn 0.6773 -0.4900 -0.5488
vn 0.5950 0.5163 -0.6160
vn 0.5936 0.5165 -0.6171
vn 0.1423 0.9813 0.1299
vn -0.4249 0.4499 0.7855
vn -0.4199 0.4485 0.7890
vn -0.5452 -0.5323 0.6477
vn -0.5442 -0.5324 0.6483
vn -0.1374 -0.9818 -0.1308
vn -0.1374 -0.9818 -0.1309
vn 0.4463 -0.4511 -0.7729
vn 0.4385 -0.4489 -0.7786
vn 0.4192 0.5308 -0.7366
vn -0.0310 0.9887 0.1467
vn -0.0302 0.9887 0.1465
vn 0.1193 0.4269 0.8964
vn 0.1177 0.4268 0.8967
vn -0.3209 -0.5480 0.7725
vn 0.0348 -0.9892 -0.1427
vn 0.0346 -0.9892 -0.1427
vn 0.2437 -0.3833 -0.8909
vn -0.6807 0.4781 -0.5551
vn -0.7022 0.4912 -0.5153
vn -0.7021 0.4911 -0.5156
vn -0.1273 0.9844 0.1216
vn 0.5696 0.4681 0.6756
vn 0.5668 0.4673 0.6785
vn 0.6052 -0.5031 0.6169
vn 0.6675 -0.5052 0.5470
vn 0.6673 -0.5052 0.5473
vn 0.1248 -0.9848 -0.1210
vn 0.1249 -0.9848 -0.1211
vn -0.4673 -0.4267 -0.7743
vn -0.5868 -0.4690 -0.6601
vn -0.5829 -0.4678 -0.6644
vn -0.6480 0.5008 -0.5739
vn -0.6488 0.5009 -0.5728
vn 0.0652 0.9967 -0.0487
vn 0.0645 0.9968 -0.0480
vn 0.7125 0.4791 0.5126
vn 0.7124 0.4792 0.5127
vn 0.6545 -0.5011 0.5662
vn 0.6556 -0.5011 0.5649
vn -0.0666 -0.9966 0.0495
vn -0.0657 -0.9967 0.0486
vn -0.7048 -0.4822 -0.5204
vn -0.7047 -0.4822 -0.5204
vn -0.3505 0.4548 -0.8187
vn -0.3555 0.4559 -0.8159
vn 0.1309 0.9846 -0.1161
vn 0.1309 0.9846 -0.1160
vn 0.5154 0.5266 0.6761
vn 0.5173 0.5263 0.6749
vn 0.3649 -0.4558 0.8118
vn 0.3724 -0.4575 0.8075
vn -0.1280 -0.9848 0.1175
vn -0.1279 -0.9848 0.1174
vn -0.4745 -0.5362 -0.6981
vn -0.4757 -0.5360 -0.6974
vn 0.1924 0.4426 -0.8758
vn 0.1953 0.4430 -0.8750
vn -0.0610 0.9903 -0.1248
vn -0.0618 0.9902 -0.1251
vn 0.2413 0.5432 0.8042
vn -0.1961 -0.4476 0.8725
vn -0.1984 -0.4478 0.8718
vn 0.0654 -0.9902 0.1234
vn 0.0656 -0.9902 0.1234
vn -0.1769 -0.5493 -0.8167
vn 0.5927 0.4898 -0.6394
vn 0.5945 0.4903 -0.6373
vn -0.1206 0.9879 -0.0975
vn -0.1207 0.9879 -0.0975
vn -0.7142 0.4610 0.5266
vn -0.7173 0.4741 0.5105
vn -0.7174 0.4742 0.5104
vn -0.6052 -0.4905 0.6270
vn -0.6077 -0.4912 0.6240
vn 0.1180 -0.9885 0.0950
vn 0.1179 -0.9885 0.0949
vn 0.6593 -0.4801 -0.5786
vn 0.6906 -0.4843 -0.5372
vn 0.6906 -0.4843 -0.5371
vn 0.6894 0.5129 -0.5114
vn -0.0258 0.9995 -0.0192
vn -0.7202 0.4871 0.4941
vn -0.6933 -0.5132 0.5058
vn 0.0232 -0.9996 0.0157
vn 0.7200 -0.4871 -0.4943
vt 0.000000 0.000000
vt 0.800000 0.000000
vt 0.400000 0.000000
vt 0.600000 0.000000
vt 1.000000 0.000000
vt 0.200000 0.000000
vt 0.000000 1.000000
vt 0.041667 1.000000
vt 0.041667 0.833333
vt 0.000000 0.833333
vt 0.000000 0.166667
vt 0.041667 0.166667
vt 0.041667 0.000000
vt 0.000000 0.333333
vt 0.041667 0.333333
vt 0.000000 0.500000
vt 0.041667 0.500000
vt 0.000000 0.666667
vt 0.041667 0.666667
vt 0.083333 1.000000
vt 0.083333 0.833333
vt 0.083333 0.166667
vt 0.083333 0.000000
vt 0.083333 0.333333
vt 0.083333 0.500000
vt 0.083333 0.666667
vt 0.125000 1.000000
vt 0.125000 0.833333
vt 0.125000 0.166667
vt 0.125000 0.000000
vt 0.125000 0.333333
vt 0.125000 0.500000
vt 0.125000 0.666667
vt 0.166667 1.000000
vt 0.166667 0.833333
vt 0.166667 0.166667
vt 0.166667 0.000000
vt 0.166667 0.333333
vt 0.166667 0.500000
vt 0.166667 0.666667
vt 0.208333 1.000000
vt 0.208333 0.833333
vt 0.208333 0.166667
vt 0.208333 0.000000
vt 0.208333 0.333333
vt 0.208333 0.500000
vt 0.208333 0.666667
vt 0.250000 1.000000
vt 0.250000 0.833333
vt 0.250000 0.166667
vt 0.250000 0.000000
vt 0.250000 0.333333
vt 0.250000 0.500000
vt 0.250000 0.666667
vt 0.291667 1.000000
vt 0.291667 0.833333
vt 0.291667 0.166667
vt 0.291667 0.000000
vt 0.291667 0.333333
vt 0.291667 0.500000
vt 0.291667 0.666667
vt 0.333333 1.000000
vt 0.333333 0.833333
vt 0.333333 0.166667
vt 0.333333 0.000000
vt 0.333333 0.333333
vt 0.333333 0.500000
vt 0.333333 0.666667
vt 0.375000 1.000000
vt 0.375000 0.833333
vt 0.375000 0.166667
vt 0.375000 0.000000
vt 0.375000 0.333333
vt 0.375000 0.500000
vt 0.375000 0.666667
vt 0.416667 1.000000
vt 0.416667 0.833333
vt 0.416667 0.166667
vt 0.416667 0.000000
vt 0.416667 0.333333
vt 0.416667 0.500000
vt 0.416667 0.666667
vt 0.458333 1.000000
vt 0.458333 0.833333
vt 0.458333 0.166667
vt 0.458333 0.000000
vt 0.458333 0.333333
vt 0.458333 0.500000
vt 0.458333 0.666667
vt 0.500000 1.000000
vt 0.500000 0.833333
vt 0.500000 0.166667
vt 0.500000 0.000000
vt 0.500000 0.333333
vt 0.500000 0.500000
vt 0.500000 0.666667
vt 0.541667 1.000000
vt 0.541667 0.833333
vt 0.541667 0.166667
vt 0.541667 0.000000
vt 0.541667 0.333333
vt 0.541667 0.500000
vt 0.541667 0.666667
vt 0.583333 1.000000
vt 0.583333 0.833333
vt 0.583333 0.166667
vt 0.583333 0.000000
vt 0.583333 0.333333
vt 0.583333 0.500000
vt 0.583333 0.666667
vt 0.625000 1.000000
vt 0.625000 0.833333
vt 0.625000 0.166667
vt 0.625000 0.000000
vt 0.625000 0.333333
vt 0.625000 0.500000
vt 0.625000 0.666667
vt 0.666667 1.000000
vt 0.666667 0.833333
vt 0.666667 0.166667
vt 0.666667 0.000000
vt 0.666667 0.333333
vt 0.666667 0.500000
vt 0.666667 0.666667
vt 0.708333 1.000000
vt 0.708333 0.833333
vt 0.708333 0.166667
vt 0.708333 0.000000
vt 0.708333 0.333333
vt 0.708333 0.500000
vt 0.708333 0.666667
vt 0.750000 1.000000
vt 0.750000 0.833333
vt 0.750000 0.166667
vt 0.750000 0.000000
vt 0.750000 0.333333
vt 0.750000 0.500000
vt 0.750000 0.666667
vt 0.791667 1.000000
vt 0.791667 0.833333
vt 0.791667 0.166667
vt 0.791667 0.000000
vt 0.791667 0.333333
vt 0.791667 0.500000
vt 0.791667 0.666667
vt 0.833333 1.000000
vt 0.833333 0.833333
vt 0.833333 0.166667
vt 0.833333 0.000000
vt 0.833333 0.333333
vt 0.833333 0.500000
vt 0.833333 0.666667
vt 0.875000 1.000000
vt 0.875000 0.833333
vt 0.875000 0.166667
vt 0.875000 0.000000
vt 0.875000 0.333333
vt 0.875000 0.500000
vt 0.875000 0.666667
vt 0.916667 1.000000
vt 0.916667 0.833333
vt 0.916667 0.166667
vt 0.916667 0.000000
vt 0.916667 0.333333
vt 0.916667 0.500000
vt 0.916667 0.666667
vt 0.958333 1.000000
vt 0.958333 0.833333
vt 0.958333 0.166667
vt 0.958333 0.000000
vt 0.958333 0.333333
vt 0.958333 0.500000
vt 0.958333 0.666667
vt 1.000000 1.000000
vt 1.000000 0.833333
vt 1.000000 0.166667
vt 1.000000 0.333333
vt 1.000000 0.500000
vt 1.000000 0.666667
s 1
usemtl stone
f 1/1/1 2/1/2 3/1/3
f 4/1/4 5/1/5 6/1/6
f 7/1/7 8/1/8 9/1/9
f 10/1/10 11/1/11 12/1/12
f 13/1/13 14/1/14 15/1/15
f 16/1/16 17/1/17 18/1/18
f 19/1/19 20/1/20 21/1/21
f 22/1/22 23/1/23 24/1/24
f 7/1/7 1/1/1 3/1/3 8/1/8
f 2/1/2 4/1/4 6/1/6 3/1/3
f 5/1/5 10/1/10 12/1/12 6/1/6
f 11/1/11 9/1/9 8/1/8 12/1/12
f 19/1/19 7/1/7 9/1/9 20/1/20
f 10/1/10 22/1/22 24/1/24 11/1/11
f 23/1/23 21/1/21 20/1/20 24/1/24
f 13/1/13 19/1/19 21/1/21 14/1/14
f 22/1/22 16/1/16 18/1/18 23/1/23
f 17/1/17 15/1/15 14/1/14 18/1/18
f 1/1/1 13/1/13 15/1/15 2/1/2
f 16/1/16 5/1/5 4/1/4 17/1/17
f 7/1/25 19/1/25 13/1/25 1/1/25
f 3/1/26 6/1/26 12/1/26 8/1/26
f 15/1/27 17/1/27 4/1/27 2/1/27
f 22/1/28 10/1/28 5/1/28 16/1/28
f 9/1/29 11/1/29 24/1/29 20/1/29
f 21/1/30 23/1/30 18/1/30 14/1/30
usemtl teal
f 25/1/31 28/1/32 29/1/33 31/1/34
f 26/1/35 30/1/36 29/1/37 28/1/38
f 27/1/39 31/1/40 29/1/41 30/1/42
f 32/1/43 35/1/44 36/1/45 38/1/46
f 33/1/47 37/1/48 36/1/49 35/1/50
f 34/1/51 38/1/52 36/1/53 37/1/54
f 39/1/55 42/1/56 43/1/57 45/1/58
f 40/1/59 44/1/60 43/1/61 42/1/62
f 41/1/63 45/1/64 43/1/65 44/1/66
f 46/1/67 49/1/68 50/1/69 52/1/70
f 47/1/71 51/1/72 50/1/73 49/1/74
f 48/1/75 52/1/76 50/1/77 51/1/78
f 53/1/79 56/1/80 57/1/81 59/1/82
f 54/1/83 58/1/84 57/1/85 56/1/86
f 55/1/87 59/1/88 57/1/89 58/1/90
f 60/1/91 63/1/92 64/1/93 66/1/94
f 61/1/95 65/1/96 64/1/97 63/1/98
f 62/1/99 66/1/100 64/1/101 65/1/102
f 67/1/103 70/1/104 71/1/105 73/1/106
f 68/1/107 72/1/108 71/1/109 70/1/110
f 69/1/111 73/1/112 71/1/113 72/1/114
f 74/1/115 77/1/116 78/1/117 80/1/118
f 75/1/119 79/1/120 78/1/121 77/1/122
f 76/1/123 80/1/124 78/1/125 79/1/126
f 39/1/55 25/1/31 31/1/34 42/1/56
f 42/1/62 31/1/40 27/1/39 40/1/59
f 26/1/35 32/1/43 38/1/46 30/1/36
f 30/1/42 38/1/52 34/1/51 27/1/39
f 33/1/47 46/1/67 52/1/70 37/1/48
f 37/1/54 52/1/76 48/1/75 34/1/51
f 47/1/71 41/1/63 44/1/66 51/1/72
f 51/1/78 44/1/60 40/1/59 48/1/75
f 67/1/103 39/1/55 45/1/58 70/1/104
f 70/1/110 45/1/64 41/1/63 68/1/107
f 46/1/67 74/1/115 80/1/118 49/1/68
f 49/1/74 80/1/124 76/1/123 47/1/71
f 75/1/119 69/1/111 72/1/114 79/1/120
f 79/1/126 72/1/108 68/1/107 76/1/123
f 53/1/79 67/1/103 73/1/106 56/1/80
f 56/1/86 73/1/112 69/1/111 54/1/83
f 74/1/115 60/1/91 66/1/94 77/1/116
f 77/1/122 66/1/100 62/1/99 75/1/119
f 61/1/95 55/1/87 58/1/90 65/1/96
f 65/1/102 58/1/84 54/1/83 62/1/99
f 25/1/31 53/1/79 59/1/82 28/1/32
f 28/1/38 59/1/88 55/1/87 26/1/35
f 60/1/91 33/1/47 35/1/50 63/1/92
f 63/1/98 35/1/44 32/1/43 61/1/95
f 39/1/55 67/1/103 53/1/79 25/1/31
f 27/1/39 34/1/51 48/1/75 40/1/59
f 55/1/87 61/1/95 32/1/43 26/1/35
f 74/1/115 46/1/67 33/1/47 60/1/91
f 41/1/63 47/1/71 76/1/123 68/1/107
f 69/1/111 75/1/119 62/1/99 54/1/83
f 1009/1/495 1012/1/496 1013/1/497 1015/1/498
f 1010/1/499 1014/1/500 1013/1/501 1012/1/502
f 1011/1/503 1015/1/504 1013/1/505 1014/1/506
f 1016/1/507 1019/1/508 1020/1/509 1022/1/510
f 1017/1/511 1021/1/512 1020/1/513 1019/1/514
f 1018/1/515 1022/1/516 1020/1/517 1021/1/518
f 1029/1/519 1032/1/520 1033/1/521 1035/1/522
f 1030/1/523 1034/1/524 1033/1/525 1032/1/526
f 1031/1/527 1035/1/528 1033/1/529 1034/1/530
f 1036/1/531 1039/1/532 1040/1/533 1042/1/534
f 1037/1/535 1041/1/536 1040/1/537 1039/1/538
f 1038/1/539 1042/1/540 1040/1/541 1041/1/542
f 1027/1/543 1009/1/495 1015/1/498 1028/1/544
f 1028/1/545 1015/1/504 1011/1/503 1026/1/546
f 1010/1/499 1016/1/507 1022/1/510 1014/1/500
f 1014/1/506 1022/1/516 1018/1/515 1011/1/503
f 1017/1/511 1023/1/547 1025/1/548 1021/1/512
f 1021/1/518 1025/1/549 1024/1/550 1018/1/515
f 1023/1/547 1027/1/543 1028/1/544 1025/1/548
f 1025/1/549 1028/1/545 1026/1/546 1024/1/550
f 1029/1/519 1046/1/551 1048/1/552 1032/1/520
f 1032/1/526 1048/1/553 1047/1/554 1030/1/523
f 1046/1/551 1043/1/555 1045/1/556 1048/1/552
f 1048/1/553 1045/1/557 1044/1/558 1047/1/554
f 1043/1/555 1036/1/531 1042/1/534 1045/1/556
f 1045/1/557 1042/1/540 1038/1/539 1044/1/558
f 1037/1/535 1031/1/527 1034/1/530 1041/1/536
f 1041/1/542 1034/1/524 1030/1/523 1038/1/539
f 1009/1/495 1029/1/519 1035/1/522 1012/1/496
f 1012/1/502 1035/1/528 1031/1/527 1010/1/499
f 1036/1/531 1017/1/511 1019/1/514 1039/1/532
f 1039/1/538 1019/1/508 1016/1/507 1037/1/535
f 1027/1/543 1046/1/551 1029/1/519 1009/1/495
f 1011/1/503 1018/1/515 1024/1/550 1026/1/546
f 1010/1/499 1031/1/527 1037/1/535 1016/1/507
f 1017/1/511 1036/1/531 1043/1/555 1023/1/547
f 1023/1/547 1043/1/555 1046/1/551 1027/1/543
f 1047/1/554 1044/1/558 1038/1/539 1030/1/523
usemtl cream
f 81/1/1 82/1/2 83/1/3
f 84/1/4 85/1/5 86/1/6
f 87/1/7 88/1/8 89/1/9
f 90/1/10 91/1/11 92/1/12
f 93/1/13 94/1/14 95/1/15
f 96/1/16 97/1/17 98/1/18
f 99/1/19 100/1/20 101/1/21
f 102/1/22 103/1/23 104/1/24
f 87/1/7 81/1/1 83/1/3 88/1/8
f 82/1/2 84/1/4 86/1/6 83/1/3
f 85/1/5 90/1/10 92/1/12 86/1/6
f 91/1/11 89/1/9 88/1/8 92/1/12
f 99/1/19 87/1/7 89/1/9 100/1/20
f 90/1/10 102/1/22 104/1/24 91/1/11
f 103/1/23 101/1/21 100/1/20 104/1/24
f 93/1/13 99/1/19 101/1/21 94/1/14
f 102/1/22 96/1/16 98/1/18 103/1/23
f 97/1/17 95/1/15 94/1/14 98/1/18
f 81/1/1 93/1/13 95/1/15 82/1/2
f 96/1/16 85/1/5 84/1/4 97/1/17
f 87/1/25 99/1/25 93/1/25 81/1/25
f 83/1/26 86/1/26 92/1/26 88/1/26
f 95/1/27 97/1/27 84/1/27 82/1/27
f 102/1/28 90/1/28 85/1/28 96/1/28
f 89/1/29 91/1/29 104/1/29 100/1/29
f 101/1/30 103/1/30 98/1/30 94/1/30
f 105/1/1 106/1/2 107/1/3
f 108/1/4 109/1/5 110/1/6
f 111/1/7 112/1/8 113/1/9
f 114/1/10 115/1/11 116/1/12
f 117/1/13 118/1/14 119/1/15
f 120/1/16 121/1/17 122/1/18
f 123/1/19 124/1/20 125/1/21
f 126/1/22 127/1/23 128/1/24
f 111/1/7 105/1/1 107/1/3 112/1/8
f 106/1/2 108/1/4 110/1/6 107/1/3
f 109/1/5 114/1/10 116/1/12 110/1/6
f 115/1/11 113/1/9 112/1/8 116/1/12
f 123/1/19 111/1/7 113/1/9 124/1/20
f 114/1/10 126/1/22 128/1/24 115/1/11
f 127/1/23 125/1/21 124/1/20 128/1/24
f 117/1/13 123/1/19 125/1/21 118/1/14
f 126/1/22 120/1/16 122/1/18 127/1/23
f 121/1/17 119/1/15 118/1/14 122/1/18
f 105/1/1 117/1/13 119/1/15 106/1/2
f 120/1/16 109/1/5 108/1/4 121/1/17
f 111/1/25 123/1/25 117/1/25 105/1/25
f 107/1/26 110/1/26 116/1/26 112/1/26
f 119/1/27 121/1/27 108/1/27 106/1/27
f 126/1/28 114/1/28 109/1/28 120/1/28
f 113/1/29 115/1/29 128/1/29 124/1/29
f 125/1/30 127/1/30 122/1/30 118/1/30
f 129/1/1 130/1/2 131/1/3
f 132/1/4 133/1/5 134/1/6
f 135/1/7 136/1/8 137/1/9
f 138/1/10 139/1/11 140/1/12
f 141/1/13 142/1/14 143/1/15
f 144/1/16 145/1/17 146/1/18
f 147/1/19 148/1/20 149/1/21
f 150/1/22 151/1/23 152/1/24
f 135/1/7 129/1/1 131/1/3 136/1/8
f 130/1/2 132/1/4 134/1/6 131/1/3
f 133/1/5 138/1/10 140/1/12 134/1/6
f 139/1/11 137/1/9 136/1/8 140/1/12
f 147/1/19 135/1/7 137/1/9 148/1/20
f 138/1/10 150/1/22 152/1/24 139/1/11
f 151/1/23 149/1/21 148/1/20 152/1/24
f 141/1/13 147/1/19 149/1/21 142/1/14
f 150/1/22 144/1/16 146/1/18 151/1/23
f 145/1/17 143/1/15 142/1/14 146/1/18
f 129/1/1 141/1/13 143/1/15 130/1/2
f 144/1/16 133/1/5 132/1/4 145/1/17
f 135/1/25 147/1/25 141/1/25 129/1/25
f 131/1/26 134/1/26 140/1/26 136/1/26
f 143/1/27 145/1/27 132/1/27 130/1/27
f 150/1/28 138/1/28 133/1/28 144/1/28
f 137/1/29 139/1/29 152/1/29 148/1/29
f 149/1/30 151/1/30 146/1/30 142/1/30
f 153/1/1 154/1/2 155/1/3
f 156/1/4 157/1/5 158/1/6
f 159/1/7 160/1/8 161/1/9
f 162/1/10 163/1/11 164/1/12
f 165/1/13 166/1/14 167/1/15
f 168/1/16 169/1/17 170/1/18
f 171/1/19 172/1/20 173/1/21
f 174/1/22 175/1/23 176/1/24
f 159/1/7 153/1/1 155/1/3 160/1/8
f 154/1/2 156/1/4 158/1/6 155/1/3
f 157/1/5 162/1/10 164/1/12 158/1/6
f 163/1/11 161/1/9 160/1/8 164/1/12
f 171/1/19 159/1/7 161/1/9 172/1/20
f 162/1/10 174/1/22 176/1/24 163/1/11
f 175/1/23 173/1/21 172/1/20 176/1/24
f 165/1/13 171/1/19 173/1/21 166/1/14
f 174/1/22 168/1/16 170/1/18 175/1/23
f 169/1/17 167/1/15 166/1/14 170/1/18
f 153/1/1 165/1/13 167/1/15 154/1/2
f 168/1/16 157/1/5 156/1/4 169/1/17
f 159/1/25 171/1/25 165/1/25 153/1/25
f 155/1/26 158/1/26 164/1/26 160/1/26
f 167/1/27 169/1/27 156/1/27 154/1/27
f 174/1/28 162/1/28 157/1/28 168/1/28
f 161/1/29 163/1/29 176/1/29 172/1/29
f 173/1/30 175/1/30 170/1/30 166/1/30
f 209/1/26 210/1/26 212/1/26 211/1/26
f 211/1/29 212/1/29 216/1/29 215/1/29
f 215/1/30 216/1/30 214/1/30 213/1/30
f 213/1/27 214/1/27 210/1/27 209/1/27
f 211/1/25 215/1/25 213/1/25 209/1/25
f 216/1/28 212/1/28 210/1/28 214/1/28
f 329/1/28 330/1/28 332/1/231 331/1/231
f 331/1/231 332/1/231 334/1/232 333/1/232
f 333/1/232 334/1/232 336/1/233 335/1/233
f 335/1/233 336/1/233 338/1/234 337/1/234
f 337/1/234 338/1/234 340/1/235 339/1/235
f 339/1/235 340/1/235 342/1/236 341/1/236
f 341/1/236 342/1/236 344/1/237 343/1/237
f 343/1/237 344/1/237 346/1/238 345/1/238
f 345/1/238 346/1/238 348/1/239 347/1/239
f 347/1/239 348/1/239 350/1/30 349/1/30
f 349/1/30 350/1/30 352/1/240 351/1/240
f 351/1/240 352/1/240 354/1/241 353/1/241
f 353/1/241 354/1/241 356/1/242 355/1/242
f 355/1/242 356/1/242 358/1/243 357/1/243
f 357/1/243 358/1/243 360/1/244 359/1/244
f 359/1/244 360/1/244 362/1/245 361/1/245
f 361/1/245 362/1/245 364/1/246 363/1/246
f 363/1/246 364/1/246 366/1/247 365/1/247
f 365/1/247 366/1/247 368/1/248 367/1/248
f 367/1/248 368/1/248 370/1/25 369/1/25
f 369/1/25 370/1/25 372/1/249 371/1/249
f 371/1/249 372/1/249 374/1/250 373/1/250
f 373/1/250 374/1/250 376/1/251 375/1/251
f 375/1/251 376/1/251 378/1/252 377/1/252
f 377/1/252 378/1/252 380/1/253 379/1/253
f 379/1/253 380/1/253 382/1/254 381/1/254
f 381/1/254 382/1/254 384/1/255 383/1/255
f 383/1/255 384/1/255 386/1/256 385/1/256
f 385/1/256 386/1/256 388/1/257 387/1/257
f 387/1/257 388/1/257 390/1/26 389/1/26
f 389/1/26 390/1/26 392/1/258 391/1/258
f 391/1/258 392/1/258 394/1/259 393/1/259
f 393/1/259 394/1/259 396/1/260 395/1/260
f 395/1/260 396/1/260 398/1/261 397/1/261
f 397/1/261 398/1/261 400/1/262 399/1/262
f 399/1/262 400/1/262 402/1/263 401/1/263
f 401/1/263 402/1/263 404/1/264 403/1/264
f 403/1/264 404/1/264 406/1/265 405/1/265
f 332/1/27 330/1/27 408/1/27 406/1/27 404/1/27 402/1/27 400/1/27 398/1/27 396/1/27 394/1/27 392/1/27 390/1/27 388/1/27 386/1/27 384/1/27 382/1/27 380/1/27 378/1/27 376/1/27 374/1/27 372/1/27 370/1/27 368/1/27 366/1/27 364/1/27 362/1/27 360/1/27 358/1/27 356/1/27 354/1/27 352/1/27 350/1/27 348/1/27 346/1/27 344/1/27 342/1/27 340/1/27 338/1/27 336/1/27 334/1/27
f 405/1/265 406/1/265 408/1/266 407/1/266
f 407/1/266 408/1/266 330/1/28 329/1/28
f 329/1/29 331/1/29 333/1/29 335/1/29 337/1/29 339/1/29 341/1/29 343/1/29 345/1/29 347/1/29 349/1/29 351/1/29 353/1/29 355/1/29 357/1/29 359/1/29 361/1/29 363/1/29 365/1/29 367/1/29 369/1/29 371/1/29 373/1/29 375/1/29 377/1/29 379/1/29 381/1/29 383/1/29 385/1/29 387/1/29 389/1/29 391/1/29 393/1/29 395/1/29 397/1/29 399/1/29 401/1/29 403/1/29 405/1/29 407/1/29
f 1233/1/753 1235/1/754 1234/1/755
f 1233/1/753 1236/1/756 1235/1/754
f 1233/1/753 1237/1/757 1236/1/756
f 1233/1/753 1238/1/758 1237/1/757
f 1233/1/753 1239/1/759 1238/1/758
f 1233/1/753 1240/1/760 1239/1/759
f 1233/1/753 1241/1/761 1240/1/760
f 1233/1/753 1242/1/762 1241/1/761
f 1233/1/753 1234/1/755 1242/1/762
f 1234/1/755 1235/1/754 1244/1/763 1243/1/764
f 1235/1/754 1236/1/756 1245/1/765 1244/1/763
f 1236/1/756 1237/1/757 1246/1/766 1245/1/767
f 1237/1/757 1238/1/758 1247/1/768 1246/1/766
f 1238/1/758 1239/1/759 1248/1/769 1247/1/768
f 1239/1/759 1240/1/760 1249/1/770 1248/1/769
f 1240/1/760 1241/1/761 1250/1/771 1249/1/770
f 1241/1/761 1242/1/762 1251/1/772 1250/1/773
f 1242/1/762 1234/1/755 1243/1/764 1251/1/772
f 1243/1/764 1244/1/763 1253/1/774 1252/1/775
f 1244/1/763 1245/1/765 1254/1/776 1253/1/774
f 1245/1/767 1246/1/766 1255/1/777 1254/1/778
f 1246/1/766 1247/1/768 1256/1/779 1255/1/780
f 1247/1/768 1248/1/769 1257/1/781 1256/1/779
f 1248/1/769 1249/1/770 1258/1/782 1257/1/781
f 1249/1/770 1250/1/771 1259/1/783 1258/1/784
f 1250/1/773 1251/1/772 1260/1/785 1259/1/786
f 1251/1/772 1243/1/764 1252/1/775 1260/1/785
f 1252/1/775 1253/1/774 1262/1/787 1261/1/788
f 1253/1/774 1254/1/776 1263/1/789 1262/1/787
f 1254/1/778 1255/1/777 1264/1/790 1263/1/791
f 1255/1/780 1256/1/779 1265/1/792 1264/1/793
f 1256/1/779 1257/1/781 1266/1/794 1265/1/792
f 1257/1/781 1258/1/782 1267/1/795 1266/1/794
f 1258/1/784 1259/1/783 1268/1/796 1267/1/797
f 1259/1/786 1260/1/785 1269/1/798 1268/1/799
f 1260/1/785 1252/1/775 1261/1/788 1269/1/798
f 1261/1/788 1262/1/787 1271/1/800 1270/1/801
f 1262/1/787 1263/1/789 1272/1/802 1271/1/800
f 1263/1/791 1264/1/790 1273/1/803 1272/1/804
f 1264/1/793 1265/1/792 1274/1/805 1273/1/803
f 1265/1/792 1266/1/794 1275/1/806 1274/1/805
f 1266/1/794 1267/1/795 1276/1/807 1275/1/806
f 1267/1/797 1268/1/796 1277/1/808 1276/1/807
f 1268/1/799 1269/1/798 1278/1/809 1277/1/810
f 1269/1/798 1261/1/788 1270/1/801 1278/1/809
f 1270/1/801 1271/1/800 1280/1/811 1279/1/812
f 1271/1/800 1272/1/802 1281/1/813 1280/1/811
f 1272/1/804 1273/1/803 1282/1/814 1281/1/813
f 1273/1/803 1274/1/805 1283/1/815 1282/1/814
f 1274/1/805 1275/1/806 1284/1/816 1283/1/815
f 1275/1/806 1276/1/807 1285/1/817 1284/1/816
f 1276/1/807 1277/1/808 1286/1/818 1285/1/817
f 1277/1/810 1278/1/809 1287/1/819 1286/1/818
f 1278/1/809 1270/1/801 1279/1/812 1287/1/819
f 1279/1/812 1280/1/811 1288/1/820
f 1280/1/811 1281/1/813 1288/1/820
f 1281/1/813 1282/1/814 1288/1/820
f 1282/1/814 1283/1/815 1288/1/820
f 1283/1/815 1284/1/816 1288/1/820
f 1284/1/816 1285/1/817 1288/1/820
f 1285/1/817 1286/1/818 1288/1/820
f 1286/1/818 1287/1/819 1288/1/820
f 1287/1/819 1279/1/812 1288/1/820
usemtl mustard
f 177/1/1 178/1/2 179/1/3
f 180/1/4 181/1/5 182/1/6
f 183/1/7 184/1/8 185/1/9
f 186/1/10 187/1/11 188/1/12
f 189/1/13 190/1/14 191/1/15
f 192/1/16 193/1/17 194/1/18
f 195/1/19 196/1/20 197/1/21
f 198/1/22 199/1/23 200/1/24
f 183/1/7 177/1/1 179/1/3 184/1/8
f 178/1/2 180/1/4 182/1/6 179/1/3
f 181/1/5 186/1/10 188/1/12 182/1/6
f 187/1/11 185/1/9 184/1/8 188/1/12
f 195/1/19 183/1/7 185/1/9 196/1/20
f 186/1/10 198/1/22 200/1/24 187/1/11
f 199/1/23 197/1/21 196/1/20 200/1/24
f 189/1/13 195/1/19 197/1/21 190/1/14
f 198/1/22 192/1/16 194/1/18 199/1/23
f 193/1/17 191/1/15 190/1/14 194/1/18
f 177/1/1 189/1/13 191/1/15 178/1/2
f 192/1/16 181/1/5 180/1/4 193/1/17
f 183/1/25 195/1/25 189/1/25 177/1/25
f 179/1/26 182/1/26 188/1/26 184/1/26
f 191/1/27 193/1/27 180/1/27 178/1/27
f 198/1/28 186/1/28 181/1/28 192/1/28
f 185/1/29 187/1/29 200/1/29 196/1/29
f 197/1/30 199/1/30 194/1/30 190/1/30
f 817/1/28 818/1/28 820/1/434 819/1/434
f 819/1/434 820/1/434 822/1/438 821/1/438
f 821/1/438 822/1/438 824/1/30 823/1/30
f 823/1/30 824/1/30 826/1/432 825/1/432
f 825/1/432 826/1/432 828/1/436 827/1/436
f 827/1/436 828/1/436 830/1/25 829/1/25
f 829/1/25 830/1/25 832/1/433 831/1/433
f 831/1/433 832/1/433 834/1/437 833/1/437
f 833/1/437 834/1/437 836/1/26 835/1/26
f 835/1/26 836/1/26 838/1/431 837/1/431
f 820/1/27 818/1/27 840/1/27 838/1/27 836/1/27 834/1/27 832/1/27 830/1/27 828/1/27 826/1/27 824/1/27 822/1/27
f 837/1/431 838/1/431 840/1/435 839/1/435
f 839/1/435 840/1/435 818/1/28 817/1/28
f 817/1/29 819/1/29 821/1/29 823/1/29 825/1/29 827/1/29 829/1/29 831/1/29 833/1/29 835/1/29 837/1/29 839/1/29
f 985/1/1 986/1/2 987/1/3
f 988/1/4 989/1/5 990/1/6
f 991/1/7 992/1/8 993/1/9
f 994/1/10 995/1/11 996/1/12
f 997/1/13 998/1/14 999/1/15
f 1000/1/16 1001/1/17 1002/1/18
f 1003/1/19 1004/1/20 1005/1/21
f 1006/1/22 1007/1/23 1008/1/24
f 991/1/7 985/1/1 987/1/3 992/1/8
f 986/1/2 988/1/4 990/1/6 987/1/3
f 989/1/5 994/1/10 996/1/12 990/1/6
f 995/1/11 993/1/9 992/1/8 996/1/12
f 1003/1/19 991/1/7 993/1/9 1004/1/20
f 994/1/10 1006/1/22 1008/1/24 995/1/11
f 1007/1/23 1005/1/21 1004/1/20 1008/1/24
f 997/1/13 1003/1/19 1005/1/21 998/1/14
f 1006/1/22 1000/1/16 1002/1/18 1007/1/23
f 1001/1/17 999/1/15 998/1/14 1002/1/18
f 985/1/1 997/1/13 999/1/15 986/1/2
f 1000/1/16 989/1/5 988/1/4 1001/1/17
f 991/1/25 1003/1/25 997/1/25 985/1/25
f 987/1/26 990/1/26 996/1/26 992/1/26
f 999/1/27 1001/1/27 988/1/27 986/1/27
f 1006/1/28 994/1/28 989/1/28 1000/1/28
f 993/1/29 995/1/29 1008/1/29 1004/1/29
f 1005/1/30 1007/1/30 1002/1/30 998/1/30
f 1499/2/1032 1497/3/1032 1498/4/1032
f 1500/5/1032 1497/3/1032 1499/2/1032
f 1500/5/1032 1496/6/1032 1497/3/1032
f 1495/1/1033 1496/6/1032 1500/5/1032
f 1503/3/1034 1505/2/1034 1504/4/1035
f 1503/3/1034 1506/5/1034 1505/2/1034
f 1502/6/1034 1506/5/1034 1503/3/1034
f 1502/6/1034 1501/1/1035 1506/5/1034
f 1501/7/1036 1507/8/1037 1512/9/1037 1506/10/1036
f 1502/11/1038 1508/12/1039 1507/13/1039 1501/1/1038
f 1503/14/1040 1509/15/1041 1508/12/1042 1502/11/1040
f 1504/16/1043 1510/17/1044 1509/15/1045 1503/14/1043
f 1505/18/1046 1511/19/1047 1510/17/1048 1504/16/1046
f 1506/10/1049 1512/9/1050 1511/19/1051 1505/18/1049
f 1507/8/1037 1513/20/1052 1518/21/1052 1512/9/1037
f 1508/12/1039 1514/22/1053 1513/23/1054 1507/13/1039
f 1509/15/1041 1515/24/1055 1514/22/1056 1508/12/1042
f 1510/17/1044 1516/25/1057 1515/24/1057 1509/15/1045
f 1511/19/1047 1517/26/1058 1516/25/1059 1510/17/1048
f 1512/9/1050 1518/21/1060 1517/26/1061 1511/19/1051
f 1513/20/1062 1519/27/1063 1524/28/1064 1518/21/1062
f 1514/22/1053 1520/29/1065 1519/30/1066 1513/23/1054
f 1515/24/1055 1521/31/1067 1520/29/1068 1514/22/1056
f 1516/25/1069 1522/32/1070 1521/31/1071 1515/24/1069
f 1517/26/1058 1523/33/1072 1522/32/1073 1516/25/1059
f 1518/21/1060 1524/28/1074 1523/33/1075 1517/26/1061
f 1519/27/1063 1525/34/1076 1530/35/1077 1524/28/1064
f 1520/29/1065 1526/36/1078 1525/37/1079 1519/30/1066
f 1521/31/1067 1527/38/1080 1526/36/1081 1520/29/1068
f 1522/32/1070 1528/39/1082 1527/38/1083 1521/31/1071
f 1523/33/1072 1529/40/1084 1528/39/1085 1522/32/1073
f 1524/28/1074 1530/35/1086 1529/40/1087 1523/33/1075
f 1525/34/1076 1531/41/1088 1536/42/1089 1530/35/1077
f 1526/36/1078 1532/43/1090 1531/44/1091 1525/37/1079
f 1527/38/1080 1533/45/1092 1532/43/1093 1526/36/1081
f 1528/39/1082 1534/46/1094 1533/45/1095 1527/38/1083
f 1529/40/1084 1535/47/1096 1534/46/1097 1528/39/1085
f 1530/35/1086 1536/42/1098 1535/47/1099 1529/40/1087
f 1531/41/1088 1537/48/1100 1542/49/1101 1536/42/1089
f 1532/43/1090 1538/50/1102 1537/51/1103 1531/44/1091
f 1533/45/1092 1539/52/1104 1538/50/1104 1532/43/1093
f 1534/46/1094 1540/53/1105 1539/52/1105 1533/45/1095
f 1535/47/1096 1541/54/1106 1540/53/1107 1534/46/1097
f 1536/42/1098 1542/49/1108 1541/54/1108 1535/47/1099
f 1537/48/1100 1543/55/1109 1548/56/1110 1542/49/1101
f 1538/50/1102 1544/57/1111 1543/58/1112 1537/51/1103
f 1539/52/1113 1545/59/1114 1544/57/1115 1538/50/1113
f 1540/53/1116 1546/60/1117 1545/59/1118 1539/52/1116
f 1541/54/1106 1547/61/1119 1546/60/1120 1540/53/1107
f 1542/49/1121 1548/56/1122 1547/61/1123 1541/54/1121
f 1543/55/1109 1549/62/1124 1554/63/1125 1548/56/1110
f 1544/57/1111 1550/64/1126 1549/65/1127 1543/58/1112
f 1545/59/1114 1551/66/1128 1550/64/1129 1544/57/1115
f 1546/60/1117 1552/67/1130 1551/66/1131 1545/59/1118
f 1547/61/1119 1553/68/1132 1552/67/1133 1546/60/1120
f 1548/56/1122 1554/63/1134 1553/68/1135 1547/61/1123
f 1549/62/1124 1555/69/1136 1560/70/1137 1554/63/1125
f 1550/64/1126 1556/71/1138 1555/72/1139 1549/65/1127
f 1551/66/1128 1557/73/1140 1556/71/1141 1550/64/1129
f 1552/67/1130 1558/74/1142 1557/73/1143 1551/66/1131
f 1553/68/1132 1559/75/1144 1558/74/1144 1552/67/1133
f 1554/63/1134 1560/70/1145 1559/75/1146 1553/68/1135
f 1555/69/1136 1561/76/1147 1566/77/1147 1560/70/1137
f 1556/71/1138 1562/78/1148 1561/79/1149 1555/72/1139
f 1557/73/1140 1563/80/1150 1562/78/1151 1556/71/1141
f 1558/74/1142 1564/81/1152 1563/80/1152 1557/73/1143
f 1559/75/1144 1565/82/1153 1564/81/1154 1558/74/1144
f 1560/70/1145 1566/77/1155 1565/82/1155 1559/75/1146
f 1561/76/1156 1567/83/1157 1572/84/1158 1566/77/1156
f 1562/78/1148 1568/85/1159 1567/86/1160 1561/79/1149
f 1563/80/1150 1569/87/1161 1568/85/1162 1562/78/1151
f 1564/81/1163 1570/88/1164 1569/87/1165 1563/80/1163
f 1565/82/1153 1571/89/1166 1570/88/1167 1564/81/1154
f 1566/77/1168 1572/84/1169 1571/89/1170 1565/82/1168
f 1567/83/1157 1573/90/1171 1578/91/1172 1572/84/1158
f 1568/85/1159 1574/92/1173 1573/93/1174 1567/86/1160
f 1569/87/1161 1575/94/1175 1574/92/1176 1568/85/1162
f 1570/88/1164 1576/95/1177 1575/94/1178 1569/87/1165
f 1571/89/1166 1577/96/1179 1576/95/1180 1570/88/1167
f 1572/84/1169 1578/91/1181 1577/96/1182 1571/89/1170
f 1573/90/1171 1579/97/1183 1584/98/1184 1578/91/1172
f 1574/92/1173 1580/99/1185 1579/100/1186 1573/93/1174
f 1575/94/1175 1581/101/1187 1580/99/1188 1574/92/1176
f 1576/95/1177 1582/102/1189 1581/101/1190 1575/94/1178
f 1577/96/1179 1583/103/1191 1582/102/1192 1576/95/1180
f 1578/91/1181 1584/98/1193 1583/103/1194 1577/96/1182
f 1579/97/1183 1585/104/1195 1590/105/1196 1584/98/1184
f 1580/99/1185 1586/106/1197 1585/107/1198 1579/100/1186
f 1581/101/1187 1587/108/1199 1586/106/1199 1580/99/1188
f 1582/102/1189 1588/109/1200 1587/108/1200 1581/101/1190
f 1583/103/1191 1589/110/1201 1588/109/1202 1582/102/1192
f 1584/98/1193 1590/105/1203 1589/110/1203 1583/103/1194
f 1585/104/1195 1591/111/1204 1596/112/1205 1590/105/1196
f 1586/106/1197 1592/113/1206 1591/114/1207 1585/107/1198
f 1587/108/1208 1593/115/1209 1592/113/1210 1586/106/1208
f 1588/109/1211 1594/116/1212 1593/115/1213 1587/108/1211
f 1589/110/1201 1595/117/1214 1594/116/1214 1588/109/1202
f 1590/105/1215 1596/112/1216 1595/117/1217 1589/110/1215
f 1591/111/1204 1597/118/1218 1602/119/1219 1596/112/1205
f 1592/113/1206 1598/120/1220 1597/121/1221 1591/114/1207
f 1593/115/1209 1599/122/1222 1598/120/1223 1592/113/1210
f 1594/116/1212 1600/123/1224 1599/122/1225 1593/115/1213
f 1595/117/1214 1601/124/1226 1600/123/1227 1594/116/1214
f 1596/112/1216 1602/119/1228 1601/124/1229 1595/117/1217
f 1597/118/1218 1603/125/1230 1608/126/1231 1602/119/1219
f 1598/120/1220 1604/127/1232 1603/128/1232 1597/121/1221
f 1599/122/1222 1605/129/1233 1604/127/1234 1598/120/1223
f 1600/123/1224 1606/130/1235 1605/129/1236 1599/122/1225
f 1601/124/1226 1607/131/1237 1606/130/1238 1600/123/1227
f 1602/119/1228 1608/126/1239 1607/131/1240 1601/124/1229
f 1603/125/1230 1609/132/1241 1614/133/1241 1608/126/1231
f 1604/127/1232 1610/134/1242 1609/135/1243 1603/128/1232
f 1605/129/1233 1611/136/1244 1610/134/1245 1604/127/1234
f 1606/130/1235 1612/137/1246 1611/136/1246 1605/129/1236
f 1607/131/1237 1613/138/1247 1612/137/1248 1606/130/1238
f 1608/126/1239 1614/133/1249 1613/138/1249 1607/131/1240
f 1609/132/1250 1615/139/1251 1620/140/1252 1614/133/1250
f 1610/134/1242 1616/141/1253 1615/142/1253 1609/135/1243
f 1611/136/1244 1617/143/1254 1616/141/1255 1610/134/1245
f 1612/137/1256 1618/144/1257 1617/143/1258 1611/136/1256
f 1613/138/1247 1619/145/1259 1618/144/1260 1612/137/1248
f 1614/133/1261 1620/140/1262 1619/145/1263 1613/138/1261
f 1615/139/1251 1621/146/1264 1626/147/1265 1620/140/1252
f 1616/141/1253 1622/148/1266 1621/149/1267 1615/142/1253
f 1617/143/1254 1623/150/1268 1622/148/1269 1616/141/1255
f 1618/144/1257 1624/151/1270 1623/150/1271 1617/143/1258
f 1619/145/1259 1625/152/1272 1624/151/1273 1618/144/1260
f 1620/140/1262 1626/147/1274 1625/152/1275 1619/145/1263
f 1621/146/1264 1627/153/1276 1632/154/1277 1626/147/1265
f 1622/148/1266 1628/155/1278 1627/156/1279 1621/149/1267
f 1623/150/1268 1629/157/1280 1628/155/1281 1622/148/1269
f 1624/151/1270 1630/158/1282 1629/157/1283 1623/150/1271
f 1625/152/1272 1631/159/1284 1630/158/1285 1624/151/1273
f 1626/147/1274 1632/154/1286 1631/159/1287 1625/152/1275
f 1627/153/1276 1633/160/1288 1638/161/1289 1632/154/1277
f 1628/155/1278 1634/162/1290 1633/163/1291 1627/156/1279
f 1629/157/1280 1635/164/1292 1634/162/1292 1628/155/1281
f 1630/158/1282 1636/165/1293 1635/164/1294 1629/157/1283
f 1631/159/1284 1637/166/1295 1636/165/1296 1630/158/1285
f 1632/154/1286 1638/161/1297 1637/166/1297 1631/159/1287
f 1633/160/1288 1639/167/1298 1644/168/1299 1638/161/1289
f 1634/162/1290 1640/169/1300 1639/170/1301 1633/163/1291
f 1635/164/1302 1641/171/1303 1640/169/1304 1634/162/1302
f 1636/165/1293 1642/172/1305 1641/171/1306 1635/164/1294
f 1637/166/1295 1643/173/1307 1642/172/1308 1636/165/1296
f 1638/161/1309 1644/168/1310 1643/173/1311 1637/166/1309
f 1639/167/1298 1495/174/1312 1500/175/1312 1644/168/1299
f 1640/169/1300 1496/176/1313 1495/5/1313 1639/170/1301
f 1641/171/1303 1497/177/1314 1496/176/1314 1640/169/1304
f 1642/172/1305 1498/178/1315 1497/177/1315 1641/171/1306
f 1643/173/1307 1499/179/1316 1498/178/1316 1642/172/1308
f 1644/168/1310 1500/175/1317 1499/179/1317 1643/173/1311
usemtl window
f 201/1/26 202/1/26 204/1/26 203/1/26
f 203/1/29 204/1/29 208/1/29 207/1/29
f 207/1/30 208/1/30 206/1/30 205/1/30
f 205/1/27 206/1/27 202/1/27 201/1/27
f 203/1/25 207/1/25 205/1/25 201/1/25
f 208/1/28 204/1/28 202/1/28 206/1/28
usemtl chrome
f 217/1/127 218/1/127 220/1/127 219/1/127
f 219/1/128 220/1/128 222/1/128 221/1/128
f 221/1/129 222/1/129 224/1/129 223/1/129
f 223/1/130 224/1/130 226/1/130 225/1/130
f 225/1/131 226/1/131 228/1/131 227/1/131
f 227/1/132 228/1/132 230/1/132 229/1/132
f 220/1/27 218/1/27 232/1/27 230/1/27 228/1/27 226/1/27 224/1/27 222/1/27
f 229/1/133 230/1/133 232/1/133 231/1/133
f 231/1/134 232/1/134 218/1/134 217/1/134
f 217/1/29 219/1/29 221/1/29 223/1/29 225/1/29 227/1/29 229/1/29 231/1/29
f 1049/1/559 1050/1/559 1052/1/559 1051/1/559
f 1051/1/560 1052/1/560 1054/1/560 1053/1/560
f 1053/1/561 1054/1/561 1056/1/561 1055/1/561
f 1055/1/562 1056/1/562 1058/1/562 1057/1/562
f 1057/1/563 1058/1/563 1060/1/563 1059/1/563
f 1059/1/564 1060/1/564 1062/1/564 1061/1/564
f 1052/1/28 1050/1/28 1064/1/28 1062/1/28 1060/1/28 1058/1/28 1056/1/28 1054/1/28
f 1061/1/565 1062/1/565 1064/1/565 1063/1/565
f 1063/1/566 1064/1/566 1050/1/566 1049/1/566
f 1049/1/25 1051/1/25 1053/1/25 1055/1/25 1057/1/25 1059/1/25 1061/1/25 1063/1/25
usemtl ketchup
f 233/1/135 236/1/136 238/1/137 237/1/138
f 236/1/136 240/1/139 241/1/140 238/1/137
f 234/1/141 239/1/142 241/1/140 240/1/139
f 239/1/142 243/1/143 244/1/144 241/1/140
f 235/1/145 242/1/146 244/1/144 243/1/143
f 242/1/146 237/1/138 238/1/137 244/1/144
f 238/1/137 241/1/140 244/1/144
f 245/1/147 248/1/148 250/1/149 249/1/150
f 248/1/148 252/1/151 253/1/152 250/1/149
f 246/1/153 251/1/154 253/1/152 252/1/151
f 251/1/154 255/1/155 256/1/156 253/1/152
f 247/1/157 254/1/158 256/1/156 255/1/155
f 254/1/158 249/1/150 250/1/149 256/1/156
f 250/1/149 253/1/152 256/1/156
f 257/1/159 260/1/160 262/1/161 261/1/162
f 260/1/160 264/1/163 265/1/164 262/1/161
f 258/1/165 263/1/166 265/1/164 264/1/163
f 263/1/166 267/1/167 268/1/168 265/1/164
f 259/1/169 266/1/170 268/1/168 267/1/167
f 266/1/170 261/1/162 262/1/161 268/1/168
f 262/1/161 265/1/164 268/1/168
f 269/1/171 272/1/172 274/1/173 273/1/174
f 272/1/172 276/1/175 277/1/176 274/1/173
f 270/1/177 275/1/178 277/1/176 276/1/175
f 275/1/178 279/1/179 280/1/180 277/1/176
f 271/1/181 278/1/182 280/1/180 279/1/179
f 278/1/182 273/1/174 274/1/173 280/1/180
f 274/1/173 277/1/176 280/1/180
f 281/1/183 284/1/184 286/1/185 285/1/186
f 284/1/184 288/1/187 289/1/188 286/1/185
f 282/1/189 287/1/190 289/1/188 288/1/187
f 287/1/190 291/1/191 292/1/192 289/1/188
f 283/1/193 290/1/194 292/1/192 291/1/191
f 290/1/194 285/1/186 286/1/185 292/1/192
f 286/1/185 289/1/188 292/1/192
f 293/1/195 296/1/196 298/1/197 297/1/198
f 296/1/196 300/1/199 301/1/200 298/1/197
f 294/1/201 299/1/202 301/1/200 300/1/199
f 299/1/202 303/1/203 304/1/204 301/1/200
f 295/1/205 302/1/206 304/1/204 303/1/203
f 302/1/206 297/1/198 298/1/197 304/1/204
f 298/1/197 301/1/200 304/1/204
f 305/1/207 308/1/208 310/1/209 309/1/210
f 308/1/208 312/1/211 313/1/212 310/1/209
f 306/1/213 311/1/214 313/1/212 312/1/211
f 311/1/214 315/1/215 316/1/216 313/1/212
f 307/1/217 314/1/218 316/1/216 315/1/215
f 314/1/218 309/1/210 310/1/209 316/1/216
f 310/1/209 313/1/212 316/1/216
f 317/1/219 320/1/220 322/1/221 321/1/222
f 320/1/220 324/1/223 325/1/224 322/1/221
f 318/1/225 323/1/226 325/1/224 324/1/223
f 323/1/226 327/1/227 328/1/228 325/1/224
f 319/1/229 326/1/230 328/1/228 327/1/227
f 326/1/230 321/1/222 322/1/221 328/1/228
f 322/1/221 325/1/224 328/1/228
f 257/1/159 233/1/135 237/1/138 260/1/160
f 260/1/160 237/1/138 242/1/146 264/1/163
f 264/1/163 242/1/146 235/1/145 258/1/165
f 234/1/141 245/1/147 249/1/150 239/1/142
f 239/1/142 249/1/150 254/1/158 243/1/143
f 243/1/143 254/1/158 247/1/157 235/1/145
f 246/1/153 269/1/171 273/1/174 251/1/154
f 251/1/154 273/1/174 278/1/182 255/1/155
f 255/1/155 278/1/182 271/1/181 247/1/157
f 270/1/177 259/1/169 267/1/167 275/1/178
f 275/1/178 267/1/167 263/1/166 279/1/179
f 279/1/179 263/1/166 258/1/165 271/1/181
f 305/1/207 257/1/159 261/1/162 308/1/208
f 308/1/208 261/1/162 266/1/170 312/1/211
f 312/1/211 266/1/170 259/1/169 306/1/213
f 269/1/171 317/1/219 321/1/222 272/1/172
f 272/1/172 321/1/222 326/1/230 276/1/175
f 276/1/175 326/1/230 319/1/229 270/1/177
f 318/1/225 307/1/217 315/1/215 323/1/226
f 323/1/226 315/1/215 311/1/214 327/1/227
f 327/1/227 311/1/214 306/1/213 319/1/229
f 281/1/183 305/1/207 309/1/210 284/1/184
f 284/1/184 309/1/210 314/1/218 288/1/187
f 288/1/187 314/1/218 307/1/217 282/1/189
f 317/1/219 293/1/195 297/1/198 320/1/220
f 320/1/220 297/1/198 302/1/206 324/1/223
f 324/1/223 302/1/206 295/1/205 318/1/225
f 294/1/201 283/1/193 291/1/191 299/1/202
f 299/1/202 291/1/191 287/1/190 303/1/203
f 303/1/203 287/1/190 282/1/189 295/1/205
f 233/1/135 281/1/183 285/1/186 236/1/136
f 236/1/136 285/1/186 290/1/194 240/1/139
f 240/1/139 290/1/194 283/1/193 234/1/141
f 293/1/195 246/1/153 252/1/151 296/1/196
f 296/1/196 252/1/151 248/1/148 300/1/199
f 300/1/199 248/1/148 245/1/147 294/1/201
f 257/1/159 305/1/207 281/1/183 233/1/135
f 235/1/145 247/1/157 271/1/181 258/1/165
f 283/1/193 294/1/201 245/1/147 234/1/141
f 317/1/219 269/1/171 246/1/153 293/1/195
f 259/1/169 270/1/177 319/1/229 306/1/213
f 307/1/217 318/1/225 295/1/205 282/1/189
f 609/1/26 610/1/26 612/1/26 611/1/26
f 611/1/29 612/1/29 616/1/29 615/1/29
f 615/1/30 616/1/30 614/1/30 613/1/30
f 613/1/27 614/1/27 610/1/27 609/1/27
f 611/1/25 615/1/25 613/1/25 609/1/25
f 616/1/28 612/1/28 610/1/28 614/1/28
f 657/1/28 658/1/28 660/1/28 659/1/28
f 659/1/29 660/1/29 664/1/29 663/1/29
f 663/1/25 664/1/25 662/1/25 661/1/25
f 661/1/27 662/1/27 658/1/27 657/1/27
f 659/1/26 663/1/26 661/1/26 657/1/26
f 664/1/30 660/1/30 658/1/30 662/1/30
f 705/1/30 706/1/30 708/1/30 707/1/30
f 707/1/29 708/1/29 712/1/29 711/1/29
f 711/1/26 712/1/26 710/1/26 709/1/26
f 709/1/27 710/1/27 706/1/27 705/1/27
f 707/1/28 711/1/28 709/1/28 705/1/28
f 712/1/25 708/1/25 706/1/25 710/1/25
f 753/1/25 754/1/25 756/1/25 755/1/25
f 755/1/29 756/1/29 760/1/29 759/1/29
f 759/1/28 760/1/28 758/1/28 757/1/28
f 757/1/27 758/1/27 754/1/27 753/1/27
f 755/1/30 759/1/30 757/1/30 753/1/30
f 760/1/26 756/1/26 754/1/26 758/1/26
f 1349/2/875 1347/3/875 1348/4/875
f 1350/5/875 1347/3/875 1349/2/875
f 1350/5/875 1346/6/875 1347/3/875
f 1345/1/875 1346/6/875 1350/5/875
f 1353/3/876 1355/2/876 1354/4/876
f 1353/3/876 1356/5/876 1355/2/876
f 1352/6/876 1356/5/876 1353/3/876
f 1352/6/876 1351/1/876 1356/5/876
f 1351/7/877 1357/8/878 1362/9/878 1356/10/877
f 1352/11/879 1358/12/880 1357/13/880 1351/1/879
f 1353/14/881 1359/15/882 1358/12/882 1352/11/881
f 1354/16/883 1360/17/884 1359/15/884 1353/14/883
f 1355/18/885 1361/19/886 1360/17/886 1354/16/885
f 1356/10/887 1362/9/888 1361/19/888 1355/18/887
f 1357/8/878 1363/20/889 1368/21/889 1362/9/878
f 1358/12/880 1364/22/890 1363/23/890 1357/13/880
f 1359/15/882 1365/24/891 1364/22/891 1358/12/882
f 1360/17/884 1366/25/892 1365/24/892 1359/15/884
f 1361/19/886 1367/26/893 1366/25/893 1360/17/886
f 1362/9/888 1368/21/894 1367/26/894 1361/19/888
f 1363/20/889 1369/27/895 1374/28/895 1368/21/889
f 1364/22/890 1370/29/896 1369/30/896 1363/23/890
f 1365/24/891 1371/31/897 1370/29/897 1364/22/891
f 1366/25/892 1372/32/898 1371/31/898 1365/24/892
f 1367/26/893 1373/33/899 1372/32/899 1366/25/893
f 1368/21/894 1374/28/900 1373/33/900 1367/26/894
f 1369/27/895 1375/34/901 1380/35/901 1374/28/895
f 1370/29/896 1376/36/902 1375/37/902 1369/30/896
f 1371/31/897 1377/38/903 1376/36/903 1370/29/897
f 1372/32/898 1378/39/904 1377/38/904 1371/31/898
f 1373/33/899 1379/40/905 1378/39/905 1372/32/899
f 1374/28/900 1380/35/906 1379/40/906 1373/33/900
f 1375/34/901 1381/41/907 1386/42/907 1380/35/901
f 1376/36/902 1382/43/908 1381/44/908 1375/37/902
f 1377/38/903 1383/45/909 1382/43/909 1376/36/903
f 1378/39/904 1384/46/910 1383/45/910 1377/38/904
f 1379/40/905 1385/47/911 1384/46/911 1378/39/905
f 1380/35/906 1386/42/912 1385/47/912 1379/40/906
f 1381/41/907 1387/48/913 1392/49/913 1386/42/907
f 1382/43/908 1388/50/914 1387/51/914 1381/44/908
f 1383/45/909 1389/52/915 1388/50/915 1382/43/909
f 1384/46/910 1390/53/916 1389/52/916 1383/45/910
f 1385/47/911 1391/54/917 1390/53/917 1384/46/911
f 1386/42/912 1392/49/918 1391/54/918 1385/47/912
f 1387/48/913 1393/55/919 1398/56/919 1392/49/913
f 1388/50/914 1394/57/920 1393/58/920 1387/51/914
f 1389/52/915 1395/59/921 1394/57/921 1388/50/915
f 1390/53/916 1396/60/922 1395/59/922 1389/52/916
f 1391/54/917 1397/61/923 1396/60/923 1390/53/917
f 1392/49/918 1398/56/924 1397/61/924 1391/54/918
f 1393/55/919 1399/62/925 1404/63/925 1398/56/919
f 1394/57/920 1400/64/926 1399/65/926 1393/58/920
f 1395/59/921 1401/66/927 1400/64/927 1394/57/921
f 1396/60/922 1402/67/928 1401/66/928 1395/59/922
f 1397/61/923 1403/68/929 1402/67/929 1396/60/923
f 1398/56/924 1404/63/930 1403/68/930 1397/61/924
f 1399/62/925 1405/69/931 1410/70/931 1404/63/925
f 1400/64/926 1406/71/932 1405/72/932 1399/65/926
f 1401/66/927 1407/73/933 1406/71/934 1400/64/927
f 1402/67/928 1408/74/935 1407/73/935 1401/66/928
f 1403/68/929 1409/75/936 1408/74/936 1402/67/929
f 1404/63/930 1410/70/937 1409/75/938 1403/68/930
f 1405/69/931 1411/76/939 1416/77/939 1410/70/931
f 1406/71/932 1412/78/940 1411/79/940 1405/72/932
f 1407/73/933 1413/80/941 1412/78/941 1406/71/934
f 1408/74/935 1414/81/942 1413/80/942 1407/73/935
f 1409/75/936 1415/82/943 1414/81/943 1408/74/936
f 1410/70/937 1416/77/944 1415/82/944 1409/75/938
f 1411/76/939 1417/83/945 1422/84/945 1416/77/939
f 1412/78/940 1418/85/946 1417/86/946 1411/79/940
f 1413/80/941 1419/87/947 1418/85/947 1412/78/941
f 1414/81/942 1420/88/948 1419/87/948 1413/80/942
f 1415/82/943 1421/89/949 1420/88/949 1414/81/943
f 1416/77/944 1422/84/950 1421/89/950 1415/82/944
f 1417/83/945 1423/90/951 1428/91/951 1422/84/945
f 1418/85/946 1424/92/952 1423/93/952 1417/86/946
f 1419/87/947 1425/94/953 1424/92/953 1418/85/947
f 1420/88/948 1426/95/954 1425/94/954 1419/87/948
f 1421/89/949 1427/96/955 1426/95/955 1420/88/949
f 1422/84/950 1428/91/956 1427/96/956 1421/89/950
f 1423/90/951 1429/97/957 1434/98/957 1428/91/951
f 1424/92/952 1430/99/958 1429/100/958 1423/93/952
f 1425/94/953 1431/101/959 1430/99/959 1424/92/953
f 1426/95/954 1432/102/960 1431/101/960 1425/94/954
f 1427/96/955 1433/103/961 1432/102/961 1426/95/955
f 1428/91/956 1434/98/962 1433/103/962 1427/96/956
f 1429/97/957 1435/104/963 1440/105/964 1434/98/957
f 1430/99/958 1436/106/965 1435/107/965 1429/100/958
f 1431/101/959 1437/108/966 1436/106/966 1430/99/959
f 1432/102/960 1438/109/967 1437/108/967 1431/101/960
f 1433/103/961 1439/110/968 1438/109/968 1432/102/961
f 1434/98/962 1440/105/969 1439/110/969 1433/103/962
f 1435/104/963 1441/111/970 1446/112/970 1440/105/964
f 1436/106/965 1442/113/971 1441/114/971 1435/107/965
f 1437/108/966 1443/115/972 1442/113/972 1436/106/966
f 1438/109/967 1444/116/973 1443/115/973 1437/108/967
f 1439/110/968 1445/117/974 1444/116/974 1438/109/968
f 1440/105/969 1446/112/975 1445/117/975 1439/110/969
f 1441/111/970 1447/118/976 1452/119/976 1446/112/970
f 1442/113/971 1448/120/977 1447/121/977 1441/114/971
f 1443/115/972 1449/122/978 1448/120/978 1442/113/972
f 1444/116/973 1450/123/979 1449/122/979 1443/115/973
f 1445/117/974 1451/124/980 1450/123/980 1444/116/974
f 1446/112/975 1452/119/981 1451/124/981 1445/117/975
f 1447/118/976 1453/125/982 1458/126/982 1452/119/976
f 1448/120/977 1454/127/983 1453/128/983 1447/121/977
f 1449/122/978 1455/129/984 1454/127/984 1448/120/978
f 1450/123/979 1456/130/985 1455/129/986 1449/122/979
f 1451/124/980 1457/131/987 1456/130/987 1450/123/980
f 1452/119/981 1458/126/988 1457/131/988 1451/124/981
f 1453/125/982 1459/132/989 1464/133/989 1458/126/982
f 1454/127/983 1460/134/990 1459/135/990 1453/128/983
f 1455/129/984 1461/136/991 1460/134/991 1454/127/984
f 1456/130/985 1462/137/992 1461/136/992 1455/129/986
f 1457/131/987 1463/138/993 1462/137/993 1456/130/987
f 1458/126/988 1464/133/994 1463/138/994 1457/131/988
f 1459/132/989 1465/139/995 1470/140/995 1464/133/989
f 1460/134/990 1466/141/996 1465/142/996 1459/135/990
f 1461/136/991 1467/143/997 1466/141/997 1460/134/991
f 1462/137/992 1468/144/998 1467/143/998 1461/136/992
f 1463/138/993 1469/145/999 1468/144/999 1462/137/993
f 1464/133/994 1470/140/1000 1469/145/1000 1463/138/994
f 1465/139/995 1471/146/1001 1476/147/1001 1470/140/995
f 1466/141/996 1472/148/1002 1471/149/1002 1465/142/996
f 1467/143/997 1473/150/1003 1472/148/1003 1466/141/997
f 1468/144/998 1474/151/1004 1473/150/1004 1467/143/998
f 1469/145/999 1475/152/1005 1474/151/1005 1468/144/999
f 1470/140/1000 1476/147/1006 1475/152/1006 1469/145/1000
f 1471/146/1001 1477/153/1007 1482/154/1007 1476/147/1001
f 1472/148/1002 1478/155/1008 1477/156/1008 1471/149/1002
f 1473/150/1003 1479/157/1009 1478/155/1009 1472/148/1003
f 1474/151/1004 1480/158/1010 1479/157/1010 1473/150/1004
f 1475/152/1005 1481/159/1011 1480/158/1011 1474/151/1005
f 1476/147/1006 1482/154/1012 1481/159/1012 1475/152/1006
f 1477/153/1007 1483/160/1013 1488/161/1013 1482/154/1007
f 1478/155/1008 1484/162/1014 1483/163/1014 1477/156/1008
f 1479/157/1009 1485/164/1015 1484/162/1015 1478/155/1009
f 1480/158/1010 1486/165/1016 1485/164/1017 1479/157/1010
f 1481/159/1011 1487/166/1018 1486/165/1018 1480/158/1011
f 1482/154/1012 1488/161/1019 1487/166/1019 1481/159/1012
f 1483/160/1013 1489/167/1020 1494/168/1020 1488/161/1013
f 1484/162/1014 1490/169/1021 1489/170/1021 1483/163/1014
f 1485/164/1015 1491/171/1022 1490/169/1022 1484/162/1015
f 1486/165/1016 1492/172/1023 1491/171/1023 1485/164/1017
f 1487/166/1018 1493/173/1024 1492/172/1024 1486/165/1018
f 1488/161/1019 1494/168/1025 1493/173/1025 1487/166/1019
f 1489/167/1020 1345/174/1026 1350/175/1026 1494/168/1020
f 1490/169/1021 1346/176/1027 1345/5/1027 1489/170/1021
f 1491/171/1022 1347/177/1028 1346/176/1028 1490/169/1022
f 1492/172/1023 1348/178/1029 1347/177/1029 1491/171/1023
f 1493/173/1024 1349/179/1030 1348/178/1030 1492/172/1024
f 1494/168/1025 1350/175/1031 1349/179/1031 1493/173/1025
usemtl gold
f 409/1/267 410/1/268 450/1/268 449/1/267
f 410/1/268 411/1/269 451/1/269 450/1/268
f 411/1/269 412/1/270 452/1/270 451/1/269
f 412/1/270 413/1/271 453/1/271 452/1/270
f 413/1/271 414/1/272 454/1/272 453/1/271
f 414/1/272 415/1/273 455/1/273 454/1/272
f 415/1/273 416/1/274 456/1/274 455/1/273
f 416/1/274 417/1/275 457/1/275 456/1/274
f 417/1/275 418/1/276 458/1/276 457/1/275
f 418/1/276 419/1/277 459/1/277 458/1/276
f 419/1/277 420/1/278 460/1/278 459/1/277
f 420/1/278 421/1/279 461/1/279 460/1/278
f 421/1/279 422/1/280 462/1/280 461/1/279
f 422/1/280 423/1/281 463/1/281 462/1/280
f 423/1/281 424/1/282 464/1/282 463/1/281
f 424/1/282 425/1/283 465/1/283 464/1/282
f 425/1/283 426/1/284 466/1/284 465/1/283
f 426/1/284 427/1/285 467/1/285 466/1/284
f 427/1/285 428/1/286 468/1/286 467/1/285
f 428/1/286 429/1/287 469/1/287 468/1/286
f 429/1/287 430/1/288 470/1/288 469/1/287
f 430/1/288 431/1/289 471/1/289 470/1/288
f 431/1/289 432/1/290 472/1/290 471/1/289
f 432/1/290 433/1/291 473/1/291 472/1/290
f 433/1/291 434/1/292 474/1/292 473/1/291
f 434/1/292 435/1/293 475/1/293 474/1/292
f 435/1/293 436/1/294 476/1/294 475/1/293
f 436/1/294 437/1/295 477/1/295 476/1/294
f 437/1/295 438/1/296 478/1/296 477/1/295
f 438/1/296 439/1/297 479/1/297 478/1/296
f 439/1/297 440/1/298 480/1/298 479/1/297
f 440/1/298 441/1/299 481/1/299 480/1/298
f 441/1/299 442/1/300 482/1/300 481/1/299
f 442/1/300 443/1/301 483/1/301 482/1/300
f 443/1/301 444/1/302 484/1/302 483/1/301
f 444/1/302 445/1/303 485/1/303 484/1/302
f 445/1/303 446/1/304 486/1/304 485/1/303
f 446/1/304 447/1/305 487/1/305 486/1/304
f 447/1/305 448/1/306 488/1/306 487/1/305
f 448/1/306 409/1/267 449/1/267 488/1/306
f 449/1/307 450/1/308 490/1/308 489/1/307
f 450/1/308 451/1/309 491/1/309 490/1/308
f 451/1/309 452/1/310 492/1/310 491/1/309
f 452/1/310 453/1/311 493/1/311 492/1/310
f 453/1/311 454/1/312 494/1/312 493/1/311
f 454/1/312 455/1/313 495/1/313 494/1/312
f 455/1/313 456/1/314 496/1/314 495/1/313
f 456/1/314 457/1/315 497/1/315 496/1/314
f 457/1/315 458/1/316 498/1/316 497/1/315
f 458/1/316 459/1/317 499/1/317 498/1/316
f 459/1/317 460/1/318 500/1/318 499/1/317
f 460/1/318 461/1/319 501/1/319 500/1/318
f 461/1/319 462/1/320 502/1/320 501/1/319
f 462/1/320 463/1/321 503/1/321 502/1/320
f 463/1/321 464/1/322 504/1/322 503/1/321
f 464/1/322 465/1/323 505/1/323 504/1/322
f 465/1/323 466/1/324 506/1/324 505/1/323
f 466/1/324 467/1/325 507/1/325 506/1/324
f 467/1/325 468/1/326 508/1/326 507/1/325
f 468/1/326 469/1/327 509/1/327 508/1/326
f 469/1/327 470/1/328 510/1/328 509/1/327
f 470/1/328 471/1/329 511/1/329 510/1/328
f 471/1/329 472/1/330 512/1/330 511/1/329
f 472/1/330 473/1/331 513/1/331 512/1/330
f 473/1/331 474/1/332 514/1/332 513/1/331
f 474/1/332 475/1/333 515/1/333 514/1/332
f 475/1/333 476/1/334 516/1/334 515/1/333
f 476/1/334 477/1/335 517/1/335 516/1/334
f 477/1/335 478/1/336 518/1/336 517/1/335
f 478/1/336 479/1/337 519/1/337 518/1/336
f 479/1/337 480/1/338 520/1/338 519/1/337
f 480/1/338 481/1/339 521/1/339 520/1/338
f 481/1/339 482/1/340 522/1/340 521/1/339
f 482/1/340 483/1/341 523/1/341 522/1/340
f 483/1/341 484/1/342 524/1/342 523/1/341
f 484/1/342 485/1/343 525/1/343 524/1/342
f 485/1/343 486/1/344 526/1/344 525/1/343
f 486/1/344 487/1/345 527/1/345 526/1/344
f 487/1/345 488/1/346 528/1/346 527/1/345
f 488/1/346 449/1/307 489/1/307 528/1/346
f 489/1/26 490/1/257 530/1/257 529/1/26
f 490/1/257 491/1/256 531/1/256 530/1/257
f 491/1/256 492/1/255 532/1/255 531/1/256
f 492/1/255 493/1/254 533/1/254 532/1/255
f 493/1/254 494/1/253 534/1/253 533/1/254
f 494/1/253 495/1/252 535/1/252 534/1/253
f 495/1/252 496/1/251 536/1/251 535/1/252
f 496/1/251 497/1/250 537/1/250 536/1/251
f 497/1/250 498/1/249 538/1/249 537/1/250
f 498/1/249 499/1/25 539/1/25 538/1/249
f 499/1/25 500/1/248 540/1/248 539/1/25
f 500/1/248 501/1/247 541/1/247 540/1/248
f 501/1/247 502/1/246 542/1/246 541/1/247
f 502/1/246 503/1/245 543/1/245 542/1/246
f 503/1/245 504/1/244 544/1/244 543/1/245
f 504/1/244 505/1/243 545/1/243 544/1/244
f 505/1/243 506/1/242 546/1/242 545/1/243
f 506/1/242 507/1/241 547/1/241 546/1/242
f 507/1/241 508/1/240 548/1/240 547/1/241
f 508/1/240 509/1/30 549/1/30 548/1/240
f 509/1/30 510/1/239 550/1/239 549/1/30
f 510/1/239 511/1/238 551/1/238 550/1/239
f 511/1/238 512/1/237 552/1/237 551/1/238
f 512/1/237 513/1/236 553/1/236 552/1/237
f 513/1/236 514/1/235 554/1/235 553/1/236
f 514/1/235 515/1/234 555/1/234 554/1/235
f 515/1/234 516/1/233 556/1/233 555/1/234
f 516/1/233 517/1/232 557/1/232 556/1/233
f 517/1/232 518/1/231 558/1/231 557/1/232
f 518/1/231 519/1/28 559/1/28 558/1/231
f 519/1/28 520/1/266 560/1/266 559/1/28
f 520/1/266 521/1/265 561/1/265 560/1/266
f 521/1/265 522/1/264 562/1/264 561/1/265
f 522/1/264 523/1/263 563/1/263 562/1/264
f 523/1/263 524/1/262 564/1/262 563/1/263
f 524/1/262 525/1/261 565/1/261 564/1/262
f 525/1/261 526/1/260 566/1/260 565/1/261
f 526/1/260 527/1/259 567/1/259 566/1/260
f 527/1/259 528/1/258 568/1/258 567/1/259
f 528/1/258 489/1/26 529/1/26 568/1/258
f 529/1/347 530/1/348 570/1/348 569/1/347
f 530/1/348 531/1/349 571/1/349 570/1/348
f 531/1/349 532/1/350 572/1/350 571/1/349
f 532/1/350 533/1/351 573/1/351 572/1/350
f 533/1/351 534/1/352 574/1/352 573/1/351
f 534/1/352 535/1/353 575/1/353 574/1/352
f 535/1/353 536/1/354 576/1/354 575/1/353
f 536/1/354 537/1/355 577/1/355 576/1/354
f 537/1/355 538/1/356 578/1/356 577/1/355
f 538/1/356 539/1/357 579/1/357 578/1/356
f 539/1/357 540/1/358 580/1/358 579/1/357
f 540/1/358 541/1/359 581/1/359 580/1/358
f 541/1/359 542/1/360 582/1/360 581/1/359
f 542/1/360 543/1/361 583/1/361 582/1/360
f 543/1/361 544/1/362 584/1/362 583/1/361
f 544/1/362 545/1/363 585/1/363 584/1/362
f 545/1/363 546/1/364 586/1/364 585/1/363
f 546/1/364 547/1/365 587/1/365 586/1/364
f 547/1/365 548/1/366 588/1/366 587/1/365
f 548/1/366 549/1/367 589/1/367 588/1/366
f 549/1/367 550/1/368 590/1/368 589/1/367
f 550/1/368 551/1/369 591/1/369 590/1/368
f 551/1/369 552/1/370 592/1/370 591/1/369
f 552/1/370 553/1/371 593/1/371 592/1/370
f 553/1/371 554/1/372 594/1/372 593/1/371
f 554/1/372 555/1/373 595/1/373 594/1/372
f 555/1/373 556/1/374 596/1/374 595/1/373
f 556/1/374 557/1/375 597/1/375 596/1/374
f 557/1/375 558/1/376 598/1/376 597/1/375
f 558/1/376 559/1/377 599/1/377 598/1/376
f 559/1/377 560/1/378 600/1/378 599/1/377
f 560/1/378 561/1/379 601/1/379 600/1/378
f 561/1/379 562/1/380 602/1/380 601/1/379
f 562/1/380 563/1/381 603/1/381 602/1/380
f 563/1/381 564/1/382 604/1/382 603/1/381
f 564/1/382 565/1/383 605/1/383 604/1/382
f 565/1/383 566/1/384 606/1/384 605/1/383
f 566/1/384 567/1/385 607/1/385 606/1/384
f 567/1/385 568/1/386 608/1/386 607/1/385
f 568/1/386 529/1/347 569/1/347 608/1/386
f 569/1/387 570/1/388 410/1/388 409/1/387
f 570/1/388 571/1/389 411/1/389 410/1/388
f 571/1/389 572/1/390 412/1/390 411/1/389
f 572/1/390 573/1/391 413/1/391 412/1/390
f 573/1/391 574/1/392 414/1/392 413/1/391
f 574/1/392 575/1/393 415/1/393 414/1/392
f 575/1/393 576/1/394 416/1/394 415/1/393
f 576/1/394 577/1/395 417/1/395 416/1/394
f 577/1/395 578/1/396 418/1/396 417/1/395
f 578/1/396 579/1/397 419/1/397 418/1/396
f 579/1/397 580/1/398 420/1/398 419/1/397
f 580/1/398 581/1/399 421/1/399 420/1/398
f 581/1/399 582/1/400 422/1/400 421/1/399
f 582/1/400 583/1/401 423/1/401 422/1/400
f 583/1/401 584/1/402 424/1/402 423/1/401
f 584/1/402 585/1/403 425/1/403 424/1/402
f 585/1/403 586/1/404 426/1/404 425/1/403
f 586/1/404 587/1/405 427/1/405 426/1/404
f 587/1/405 588/1/406 428/1/406 427/1/405
f 588/1/406 589/1/407 429/1/407 428/1/406
f 589/1/407 590/1/408 430/1/408 429/1/407
f 590/1/408 591/1/409 431/1/409 430/1/408
f 591/1/409 592/1/410 432/1/410 431/1/409
f 592/1/410 593/1/411 433/1/411 432/1/410
f 593/1/411 594/1/412 434/1/412 433/1/411
f 594/1/412 595/1/413 435/1/413 434/1/412
f 595/1/413 596/1/414 436/1/414 435/1/413
f 596/1/414 597/1/415 437/1/415 436/1/414
f 597/1/415 598/1/416 438/1/416 437/1/415
f 598/1/416 599/1/417 439/1/417 438/1/416
f 599/1/417 600/1/418 440/1/418 439/1/417
f 600/1/418 601/1/419 441/1/419 440/1/418
f 601/1/419 602/1/420 442/1/420 441/1/419
f 602/1/420 603/1/421 443/1/421 442/1/420
f 603/1/421 604/1/422 444/1/422 443/1/421
f 604/1/422 605/1/423 445/1/423 444/1/422
f 605/1/423 606/1/424 446/1/424 445/1/423
f 606/1/424 607/1/425 447/1/425 446/1/424
f 607/1/425 608/1/426 448/1/426 447/1/425
f 608/1/426 569/1/387 409/1/387 448/1/426
usemtl navy
f 617/1/427 618/1/427 620/1/427 619/1/427
f 619/1/29 620/1/29 624/1/29 623/1/29
f 623/1/428 624/1/428 622/1/428 621/1/428
f 621/1/27 622/1/27 618/1/27 617/1/27
f 619/1/429 623/1/429 621/1/429 617/1/429
f 624/1/430 620/1/430 618/1/430 622/1/430
f 625/1/431 626/1/431 628/1/431 627/1/431
f 627/1/29 628/1/29 632/1/29 631/1/29
f 631/1/432 632/1/432 630/1/432 629/1/432
f 629/1/27 630/1/27 626/1/27 625/1/27
f 627/1/433 631/1/433 629/1/433 625/1/433
f 632/1/434 628/1/434 626/1/434 630/1/434
f 633/1/262 634/1/262 636/1/262 635/1/262
f 635/1/29 636/1/29 640/1/29 639/1/29
f 639/1/244 640/1/244 638/1/244 637/1/244
f 637/1/27 638/1/27 634/1/27 633/1/27
f 635/1/253 639/1/253 637/1/253 633/1/253
f 640/1/235 636/1/235 634/1/235 638/1/235
f 641/1/435 642/1/435 644/1/435 643/1/435
f 643/1/29 644/1/29 648/1/29 647/1/29
f 647/1/436 648/1/436 646/1/436 645/1/436
f 645/1/27 646/1/27 642/1/27 641/1/27
f 643/1/437 647/1/437 645/1/437 641/1/437
f 648/1/438 644/1/438 642/1/438 646/1/438
f 649/1/439 650/1/439 652/1/439 651/1/439
f 651/1/29 652/1/29 656/1/29 655/1/29
f 655/1/440 656/1/440 654/1/440 653/1/440
f 653/1/27 654/1/27 650/1/27 649/1/27
f 651/1/441 655/1/441 653/1/441 649/1/441
f 656/1/442 652/1/442 650/1/442 654/1/442
f 665/1/430 666/1/430 668/1/430 667/1/430
f 667/1/29 668/1/29 672/1/29 671/1/29
f 671/1/429 672/1/429 670/1/429 669/1/429
f 669/1/27 670/1/27 666/1/27 665/1/27
f 667/1/427 671/1/427 669/1/427 665/1/427
f 672/1/428 668/1/428 666/1/428 670/1/428
f 673/1/434 674/1/434 676/1/434 675/1/434
f 675/1/29 676/1/29 680/1/29 679/1/29
f 679/1/433 680/1/433 678/1/433 677/1/433
f 677/1/27 678/1/27 674/1/27 673/1/27
f 675/1/431 679/1/431 677/1/431 673/1/431
f 680/1/432 676/1/432 674/1/432 678/1/432
f 681/1/235 682/1/235 684/1/235 683/1/235
f 683/1/29 684/1/29 688/1/29 687/1/29
f 687/1/253 688/1/253 686/1/253 685/1/253
f 685/1/27 686/1/27 682/1/27 681/1/27
f 683/1/262 687/1/262 685/1/262 681/1/262
f 688/1/244 684/1/244 682/1/244 686/1/244
f 689/1/438 690/1/438 692/1/438 691/1/438
f 691/1/29 692/1/29 696/1/29 695/1/29
f 695/1/437 696/1/437 694/1/437 693/1/437
f 693/1/27 694/1/27 690/1/27 689/1/27
f 691/1/435 695/1/435 693/1/435 689/1/435
f 696/1/436 692/1/436 690/1/436 694/1/436
f 697/1/442 698/1/442 700/1/442 699/1/442
f 699/1/29 700/1/29 704/1/29 703/1/29
f 703/1/441 704/1/441 702/1/441 701/1/441
f 701/1/27 702/1/27 698/1/27 697/1/27
f 699/1/439 703/1/439 701/1/439 697/1/439
f 704/1/440 700/1/440 698/1/440 702/1/440
f 713/1/428 714/1/428 716/1/428 715/1/428
f 715/1/29 716/1/29 720/1/29 719/1/29
f 719/1/427 720/1/427 718/1/427 717/1/427
f 717/1/27 718/1/27 714/1/27 713/1/27
f 715/1/430 719/1/430 717/1/430 713/1/430
f 720/1/429 716/1/429 714/1/429 718/1/429
f 721/1/432 722/1/432 724/1/432 723/1/432
f 723/1/29 724/1/29 728/1/29 727/1/29
f 727/1/431 728/1/431 726/1/431 725/1/431
f 725/1/27 726/1/27 722/1/27 721/1/27
f 723/1/434 727/1/434 725/1/434 721/1/434
f 728/1/433 724/1/433 722/1/433 726/1/433
f 729/1/244 730/1/244 732/1/244 731/1/244
f 731/1/29 732/1/29 736/1/29 735/1/29
f 735/1/262 736/1/262 734/1/262 733/1/262
f 733/1/27 734/1/27 730/1/27 729/1/27
f 731/1/235 735/1/235 733/1/235 729/1/235
f 736/1/253 732/1/253 730/1/253 734/1/253
f 737/1/436 738/1/436 740/1/436 739/1/436
f 739/1/29 740/1/29 744/1/29 743/1/29
f 743/1/435 744/1/435 742/1/435 741/1/435
f 741/1/27 742/1/27 738/1/27 737/1/27
f 739/1/438 743/1/438 741/1/438 737/1/438
f 744/1/437 740/1/437 738/1/437 742/1/437
f 745/1/440 746/1/440 748/1/440 747/1/440
f 747/1/29 748/1/29 752/1/29 751/1/29
f 751/1/439 752/1/439 750/1/439 749/1/439
f 749/1/27 750/1/27 746/1/27 745/1/27
f 747/1/442 751/1/442 749/1/442 745/1/442
f 752/1/441 748/1/441 746/1/441 750/1/441
f 761/1/429 762/1/429 764/1/429 763/1/429
f 763/1/29 764/1/29 768/1/29 767/1/29
f 767/1/430 768/1/430 766/1/430 765/1/430
f 765/1/27 766/1/27 762/1/27 761/1/27
f 763/1/428 767/1/428 765/1/428 761/1/428
f 768/1/427 764/1/427 762/1/427 766/1/427
f 769/1/433 770/1/433 772/1/433 771/1/433
f 771/1/29 772/1/29 776/1/29 775/1/29
f 775/1/434 776/1/434 774/1/434 773/1/434
f 773/1/27 774/1/27 770/1/27 769/1/27
f 771/1/432 775/1/432 773/1/432 769/1/432
f 776/1/431 772/1/431 770/1/431 774/1/431
f 777/1/253 778/1/253 780/1/253 779/1/253
f 779/1/29 780/1/29 784/1/29 783/1/29
f 783/1/235 784/1/235 782/1/235 781/1/235
f 781/1/27 782/1/27 778/1/27 777/1/27
f 779/1/244 783/1/244 781/1/244 777/1/244
f 784/1/262 780/1/262 778/1/262 782/1/262
f 785/1/437 786/1/437 788/1/437 787/1/437
f 787/1/29 788/1/29 792/1/29 791/1/29
f 791/1/438 792/1/438 790/1/438 789/1/438
f 789/1/27 790/1/27 786/1/27 785/1/27
f 787/1/436 791/1/436 789/1/436 785/1/436
f 792/1/435 788/1/435 786/1/435 790/1/435
f 793/1/441 794/1/441 796/1/441 795/1/441
f 795/1/29 796/1/29 800/1/29 799/1/29
f 799/1/442 800/1/442 798/1/442 797/1/442
f 797/1/27 798/1/27 794/1/27 793/1/27
f 795/1/440 799/1/440 797/1/440 793/1/440
f 800/1/439 796/1/439 794/1/439 798/1/439
f 801/1/262 802/1/262 804/1/262 803/1/262
f 803/1/29 804/1/29 808/1/29 807/1/29
f 807/1/244 808/1/244 806/1/244 805/1/244
f 805/1/27 806/1/27 802/1/27 801/1/27
f 803/1/253 807/1/253 805/1/253 801/1/253
f 808/1/235 804/1/235 802/1/235 806/1/235
f 809/1/443 810/1/443 812/1/443 811/1/443
f 811/1/29 812/1/29 816/1/29 815/1/29
f 815/1/444 816/1/444 814/1/444 813/1/444
f 813/1/27 814/1/27 810/1/27 809/1/27
f 811/1/445 815/1/445 813/1/445 809/1/445
f 816/1/446 812/1/446 810/1/446 814/1/446
usemtl black
f 841/1/26 842/1/26 844/1/26 843/1/26
f 843/1/29 844/1/29 848/1/29 847/1/29
f 847/1/30 848/1/30 846/1/30 845/1/30
f 845/1/27 846/1/27 842/1/27 841/1/27
f 843/1/25 847/1/25 845/1/25 841/1/25
f 848/1/28 844/1/28 842/1/28 846/1/28
usemtl relish_e1.5
f 849/1/26 850/1/26 852/1/26 851/1/26
f 851/1/29 852/1/29 856/1/29 855/1/29
f 855/1/30 856/1/30 854/1/30 853/1/30
f 853/1/27 854/1/27 850/1/27 849/1/27
f 851/1/25 855/1/25 853/1/25 849/1/25
f 856/1/28 852/1/28 850/1/28 854/1/28
f 857/1/26 858/1/26 860/1/26 859/1/26
f 859/1/29 860/1/29 864/1/29 863/1/29
f 863/1/30 864/1/30 862/1/30 861/1/30
f 861/1/27 862/1/27 858/1/27 857/1/27
f 859/1/25 863/1/25 861/1/25 857/1/25
f 864/1/28 860/1/28 858/1/28 862/1/28
f 865/1/26 866/1/26 868/1/26 867/1/26
f 867/1/29 868/1/29 872/1/29 871/1/29
f 871/1/30 872/1/30 870/1/30 869/1/30
f 869/1/27 870/1/27 866/1/27 865/1/27
f 867/1/25 871/1/25 869/1/25 865/1/25
f 872/1/28 868/1/28 866/1/28 870/1/28
f 873/1/26 874/1/26 876/1/26 875/1/26
f 875/1/29 876/1/29 880/1/29 879/1/29
f 879/1/30 880/1/30 878/1/30 877/1/30
f 877/1/27 878/1/27 874/1/27 873/1/27
f 875/1/25 879/1/25 877/1/25 873/1/25
f 880/1/28 876/1/28 874/1/28 878/1/28
usemtl mustard_e1
f 932/1/447 931/1/448 886/1/449 887/1/450
f 930/1/29 929/1/451 884/1/452 885/1/453
f 928/1/454 881/1/28 883/1/455
f 882/1/25 932/1/447 887/1/450
f 931/1/448 930/1/29 885/1/453 886/1/449
f 929/1/451 928/1/454 883/1/455 884/1/452
f 882/1/25 887/1/450 892/1/456
f 886/1/449 885/1/453 890/1/457 891/1/458
f 884/1/452 883/1/455 888/1/459 889/1/460
f 887/1/450 886/1/449 891/1/458 892/1/456
f 885/1/453 884/1/452 889/1/460 890/1/457
f 883/1/455 881/1/28 888/1/459
f 882/1/25 892/1/456 897/1/461
f 891/1/458 890/1/457 895/1/462 896/1/463
f 889/1/460 888/1/459 893/1/464 894/1/465
f 892/1/456 891/1/458 896/1/463 897/1/461
f 890/1/457 889/1/460 894/1/465 895/1/462
f 888/1/459 881/1/28 893/1/464
f 882/1/25 897/1/461 902/1/466
f 896/1/463 895/1/462 900/1/467 901/1/468
f 894/1/465 893/1/464 898/1/469 899/1/470
f 897/1/461 896/1/463 901/1/468 902/1/466
f 895/1/462 894/1/465 899/1/470 900/1/467
f 893/1/464 881/1/28 898/1/469
f 901/1/468 900/1/467 905/1/27 906/1/471
f 899/1/470 898/1/469 903/1/472 904/1/473
f 902/1/466 901/1/468 906/1/471 907/1/474
f 900/1/467 899/1/470 904/1/473 905/1/27
f 898/1/469 881/1/28 903/1/472
f 882/1/25 902/1/466 907/1/474
f 904/1/473 903/1/472 908/1/475 909/1/476
f 907/1/474 906/1/471 911/1/477 912/1/478
f 905/1/27 904/1/473 909/1/476 910/1/479
f 903/1/472 881/1/28 908/1/475
f 882/1/25 907/1/474 912/1/478
f 906/1/471 905/1/27 910/1/479 911/1/477
f 912/1/478 911/1/477 916/1/480 917/1/481
f 910/1/479 909/1/476 914/1/482 915/1/483
f 908/1/475 881/1/28 913/1/484
f 882/1/25 912/1/478 917/1/481
f 911/1/477 910/1/479 915/1/483 916/1/480
f 909/1/476 908/1/475 913/1/484 914/1/482
f 917/1/481 916/1/480 921/1/485 922/1/486
f 915/1/483 914/1/482 919/1/487 920/1/488
f 913/1/484 881/1/28 918/1/489
f 882/1/25 917/1/481 922/1/486
f 916/1/480 915/1/483 920/1/488 921/1/485
f 914/1/482 913/1/484 918/1/489 919/1/487
f 922/1/486 921/1/485 926/1/490 927/1/491
f 920/1/488 919/1/487 924/1/492 925/1/493
f 918/1/489 881/1/28 923/1/494
f 882/1/25 922/1/486 927/1/491
f 921/1/485 920/1/488 925/1/493 926/1/490
f 919/1/487 918/1/489 923/1/494 924/1/492
f 927/1/491 926/1/490 931/1/448 932/1/447
f 925/1/493 924/1/492 929/1/451 930/1/29
f 923/1/494 881/1/28 928/1/454
f 882/1/25 927/1/491 932/1/447
f 926/1/490 925/1/493 930/1/29 931/1/448
f 924/1/492 923/1/494 928/1/454 929/1/451
f 984/1/447 983/1/448 938/1/449 939/1/450
f 982/1/29 981/1/451 936/1/452 937/1/453
f 980/1/454 933/1/28 935/1/455
f 934/1/25 984/1/447 939/1/450
f 983/1/448 982/1/29 937/1/453 938/1/449
f 981/1/451 980/1/454 935/1/455 936/1/452
f 934/1/25 939/1/450 944/1/456
f 938/1/449 937/1/453 942/1/457 943/1/458
f 936/1/452 935/1/455 940/1/459 941/1/460
f 939/1/450 938/1/449 943/1/458 944/1/456
f 937/1/453 936/1/452 941/1/460 942/1/457
f 935/1/455 933/1/28 940/1/459
f 934/1/25 944/1/456 949/1/461
f 943/1/458 942/1/457 947/1/462 948/1/463
f 941/1/460 940/1/459 945/1/464 946/1/465
f 944/1/456 943/1/458 948/1/463 949/1/461
f 942/1/457 941/1/460 946/1/465 947/1/462
f 940/1/459 933/1/28 945/1/464
f 934/1/25 949/1/461 954/1/466
f 948/1/463 947/1/462 952/1/467 953/1/468
f 946/1/465 945/1/464 950/1/469 951/1/470
f 949/1/461 948/1/463 953/1/468 954/1/466
f 947/1/462 946/1/465 951/1/470 952/1/467
f 945/1/464 933/1/28 950/1/469
f 953/1/468 952/1/467 957/1/27 958/1/471
f 951/1/470 950/1/469 955/1/472 956/1/473
f 954/1/466 953/1/468 958/1/471 959/1/474
f 952/1/467 951/1/470 956/1/473 957/1/27
f 950/1/469 933/1/28 955/1/472
f 934/1/25 954/1/466 959/1/474
f 956/1/473 955/1/472 960/1/475 961/1/476
f 959/1/474 958/1/471 963/1/477 964/1/478
f 957/1/27 956/1/473 961/1/476 962/1/479
f 955/1/472 933/1/28 960/1/475
f 934/1/25 959/1/474 964/1/478
f 958/1/471 957/1/27 962/1/479 963/1/477
f 964/1/478 963/1/477 968/1/480 969/1/481
f 962/1/479 961/1/476 966/1/482 967/1/483
f 960/1/475 933/1/28 965/1/484
f 934/1/25 964/1/478 969/1/481
f 963/1/477 962/1/479 967/1/483 968/1/480
f 961/1/476 960/1/475 965/1/484 966/1/482
f 969/1/481 968/1/480 973/1/485 974/1/486
f 967/1/483 966/1/482 971/1/487 972/1/488
f 965/1/484 933/1/28 970/1/489
f 934/1/25 969/1/481 974/1/486
f 968/1/480 967/1/483 972/1/488 973/1/485
f 966/1/482 965/1/484 970/1/489 971/1/487
f 974/1/486 973/1/485 978/1/490 979/1/491
f 972/1/488 971/1/487 976/1/492 977/1/493
f 970/1/489 933/1/28 975/1/494
f 934/1/25 974/1/486 979/1/491
f 973/1/485 972/1/488 977/1/493 978/1/490
f 971/1/487 970/1/489 975/1/494 976/1/492
f 979/1/491 978/1/490 983/1/448 984/1/447
f 977/1/493 976/1/492 981/1/451 982/1/29
f 975/1/494 933/1/28 980/1/454
f 934/1/25 979/1/491 984/1/447
f 978/1/490 977/1/493 982/1/29 983/1/448
f 976/1/492 975/1/494 980/1/454 981/1/451
usemtl bun
f 1065/1/567 1067/1/568 1066/1/569
f 1065/1/567 1068/1/570 1067/1/568
f 1065/1/567 1069/1/571 1068/1/570
f 1065/1/567 1070/1/572 1069/1/571
f 1065/1/567 1071/1/573 1070/1/572
f 1065/1/567 1072/1/574 1071/1/573
f 1065/1/567 1073/1/575 1072/1/574
f 1065/1/567 1074/1/576 1073/1/575
f 1065/1/567 1066/1/569 1074/1/576
f 1066/1/569 1067/1/568 1076/1/577 1075/1/578
f 1067/1/568 1068/1/570 1077/1/579 1076/1/577
f 1068/1/570 1069/1/571 1078/1/580 1077/1/579
f 1069/1/571 1070/1/572 1079/1/581 1078/1/580
f 1070/1/572 1071/1/573 1080/1/582 1079/1/581
f 1071/1/573 1072/1/574 1081/1/583 1080/1/582
f 1072/1/574 1073/1/575 1082/1/584 1081/1/583
f 1073/1/575 1074/1/576 1083/1/585 1082/1/584
f 1074/1/576 1066/1/569 1075/1/578 1083/1/585
f 1075/1/578 1076/1/577 1085/1/586 1084/1/587
f 1076/1/577 1077/1/579 1086/1/588 1085/1/586
f 1077/1/579 1078/1/580 1087/1/589 1086/1/588
f 1078/1/580 1079/1/581 1088/1/590 1087/1/589
f 1079/1/581 1080/1/582 1089/1/591 1088/1/591
f 1080/1/582 1081/1/583 1090/1/592 1089/1/593
f 1081/1/583 1082/1/584 1091/1/594 1090/1/592
f 1082/1/584 1083/1/585 1092/1/595 1091/1/594
f 1083/1/585 1075/1/578 1084/1/596 1092/1/595
f 1084/1/587 1085/1/586 1094/1/597 1093/1/598
f 1085/1/586 1086/1/588 1095/1/599 1094/1/597
f 1086/1/588 1087/1/589 1096/1/600 1095/1/599
f 1087/1/589 1088/1/590 1097/1/601 1096/1/600
f 1088/1/591 1089/1/591 1098/1/602 1097/1/602
f 1089/1/593 1090/1/592 1099/1/603 1098/1/604
f 1090/1/592 1091/1/594 1100/1/605 1099/1/603
f 1091/1/594 1092/1/595 1101/1/606 1100/1/605
f 1092/1/595 1084/1/596 1093/1/607 1101/1/606
f 1093/1/598 1094/1/597 1103/1/608 1102/1/609
f 1094/1/597 1095/1/599 1104/1/610 1103/1/608
f 1095/1/599 1096/1/600 1105/1/611 1104/1/610
f 1096/1/600 1097/1/601 1106/1/612 1105/1/611
f 1097/1/602 1098/1/602 1107/1/613 1106/1/612
f 1098/1/604 1099/1/603 1108/1/614 1107/1/613
f 1099/1/603 1100/1/605 1109/1/615 1108/1/614
f 1100/1/605 1101/1/606 1110/1/616 1109/1/615
f 1101/1/606 1093/1/607 1102/1/609 1110/1/616
f 1102/1/609 1103/1/608 1112/1/617 1111/1/618
f 1103/1/608 1104/1/610 1113/1/619 1112/1/617
f 1104/1/610 1105/1/611 1114/1/620 1113/1/619
f 1105/1/611 1106/1/612 1115/1/621 1114/1/620
f 1106/1/612 1107/1/613 1116/1/622 1115/1/621
f 1107/1/613 1108/1/614 1117/1/623 1116/1/622
f 1108/1/614 1109/1/615 1118/1/624 1117/1/623
f 1109/1/615 1110/1/616 1119/1/625 1118/1/624
f 1110/1/616 1102/1/609 1111/1/618 1119/1/625
f 1111/1/618 1112/1/617 1120/1/626
f 1112/1/617 1113/1/619 1120/1/626
f 1113/1/619 1114/1/620 1120/1/626
f 1114/1/620 1115/1/621 1120/1/626
f 1115/1/621 1116/1/622 1120/1/626
f 1116/1/622 1117/1/623 1120/1/626
f 1117/1/623 1118/1/624 1120/1/626
f 1118/1/624 1119/1/625 1120/1/626
f 1119/1/625 1111/1/618 1120/1/626
f 1121/1/567 1123/1/627 1122/1/628
f 1121/1/567 1124/1/629 1123/1/627
f 1121/1/567 1125/1/630 1124/1/629
f 1121/1/567 1126/1/631 1125/1/630
f 1121/1/567 1127/1/632 1126/1/631
f 1121/1/567 1128/1/633 1127/1/632
f 1121/1/567 1129/1/634 1128/1/633
f 1121/1/567 1130/1/635 1129/1/634
f 1121/1/567 1122/1/628 1130/1/635
f 1122/1/628 1123/1/627 1132/1/636 1131/1/637
f 1123/1/627 1124/1/629 1133/1/638 1132/1/636
f 1124/1/629 1125/1/630 1134/1/639 1133/1/638
f 1125/1/630 1126/1/631 1135/1/640 1134/1/639
f 1126/1/631 1127/1/632 1136/1/641 1135/1/640
f 1127/1/632 1128/1/633 1137/1/642 1136/1/641
f 1128/1/633 1129/1/634 1138/1/643 1137/1/642
f 1129/1/634 1130/1/635 1139/1/644 1138/1/643
f 1130/1/635 1122/1/628 1131/1/637 1139/1/644
f 1131/1/637 1132/1/636 1141/1/645 1140/1/646
f 1132/1/636 1133/1/638 1142/1/647 1141/1/645
f 1133/1/638 1134/1/639 1143/1/648 1142/1/647
f 1134/1/639 1135/1/640 1144/1/649 1143/1/648
f 1135/1/640 1136/1/641 1145/1/650 1144/1/650
f 1136/1/641 1137/1/642 1146/1/651 1145/1/652
f 1137/1/642 1138/1/643 1147/1/653 1146/1/651
f 1138/1/643 1139/1/644 1148/1/654 1147/1/653
f 1139/1/644 1131/1/637 1140/1/655 1148/1/654
f 1140/1/646 1141/1/645 1150/1/656 1149/1/657
f 1141/1/645 1142/1/647 1151/1/658 1150/1/656
f 1142/1/647 1143/1/648 1152/1/659 1151/1/658
f 1143/1/648 1144/1/649 1153/1/660 1152/1/659
f 1144/1/650 1145/1/650 1154/1/661 1153/1/661
f 1145/1/652 1146/1/651 1155/1/662 1154/1/663
f 1146/1/651 1147/1/653 1156/1/664 1155/1/662
f 1147/1/653 1148/1/654 1157/1/665 1156/1/664
f 1148/1/654 1140/1/655 1149/1/666 1157/1/665
f 1149/1/657 1150/1/656 1159/1/667 1158/1/668
f 1150/1/656 1151/1/658 1160/1/669 1159/1/667
f 1151/1/658 1152/1/659 1161/1/670 1160/1/669
f 1152/1/659 1153/1/660 1162/1/671 1161/1/670
f 1153/1/661 1154/1/661 1163/1/672 1162/1/671
f 1154/1/663 1155/1/662 1164/1/673 1163/1/672
f 1155/1/662 1156/1/664 1165/1/674 1164/1/673
f 1156/1/664 1157/1/665 1166/1/675 1165/1/674
f 1157/1/665 1149/1/666 1158/1/668 1166/1/675
f 1158/1/668 1159/1/667 1168/1/676 1167/1/677
f 1159/1/667 1160/1/669 1169/1/678 1168/1/676
f 1160/1/669 1161/1/670 1170/1/679 1169/1/678
f 1161/1/670 1162/1/671 1171/1/680 1170/1/679
f 1162/1/671 1163/1/672 1172/1/681 1171/1/680
f 1163/1/672 1164/1/673 1173/1/682 1172/1/681
f 1164/1/673 1165/1/674 1174/1/683 1173/1/682
f 1165/1/674 1166/1/675 1175/1/684 1174/1/683
f 1166/1/675 1158/1/668 1167/1/677 1175/1/684
f 1167/1/677 1168/1/676 1176/1/626
f 1168/1/676 1169/1/678 1176/1/626
f 1169/1/678 1170/1/679 1176/1/626
f 1170/1/679 1171/1/680 1176/1/626
f 1171/1/680 1172/1/681 1176/1/626
f 1172/1/681 1173/1/682 1176/1/626
f 1173/1/682 1174/1/683 1176/1/626
f 1174/1/683 1175/1/684 1176/1/626
f 1175/1/684 1167/1/677 1176/1/626
f 1177/1/685 1179/1/686 1178/1/687
f 1177/1/685 1180/1/688 1179/1/686
f 1177/1/685 1181/1/689 1180/1/688
f 1177/1/685 1182/1/690 1181/1/689
f 1177/1/685 1183/1/691 1182/1/690
f 1177/1/685 1184/1/692 1183/1/691
f 1177/1/685 1185/1/693 1184/1/692
f 1177/1/685 1186/1/694 1185/1/693
f 1177/1/685 1178/1/687 1186/1/694
f 1178/1/687 1179/1/686 1188/1/695 1187/1/696
f 1179/1/686 1180/1/688 1189/1/697 1188/1/695
f 1180/1/688 1181/1/689 1190/1/698 1189/1/699
f 1181/1/689 1182/1/690 1191/1/700 1190/1/698
f 1182/1/690 1183/1/691 1192/1/701 1191/1/700
f 1183/1/691 1184/1/692 1193/1/702 1192/1/701
f 1184/1/692 1185/1/693 1194/1/703 1193/1/702
f 1185/1/693 1186/1/694 1195/1/704 1194/1/705
f 1186/1/694 1178/1/687 1187/1/696 1195/1/704
f 1187/1/696 1188/1/695 1197/1/706 1196/1/707
f 1188/1/695 1189/1/697 1198/1/708 1197/1/706
f 1189/1/699 1190/1/698 1199/1/709 1198/1/710
f 1190/1/698 1191/1/700 1200/1/711 1199/1/712
f 1191/1/700 1192/1/701 1201/1/713 1200/1/711
f 1192/1/701 1193/1/702 1202/1/714 1201/1/713
f 1193/1/702 1194/1/703 1203/1/715 1202/1/716
f 1194/1/705 1195/1/704 1204/1/717 1203/1/718
f 1195/1/704 1187/1/696 1196/1/707 1204/1/717
f 1196/1/707 1197/1/706 1206/1/719 1205/1/720
f 1197/1/706 1198/1/708 1207/1/721 1206/1/719
f 1198/1/710 1199/1/709 1208/1/722 1207/1/723
f 1199/1/712 1200/1/711 1209/1/724 1208/1/725
f 1200/1/711 1201/1/713 1210/1/726 1209/1/724
f 1201/1/713 1202/1/714 1211/1/727 1210/1/726
f 1202/1/716 1203/1/715 1212/1/728 1211/1/729
f 1203/1/718 1204/1/717 1213/1/730 1212/1/731
f 1204/1/717 1196/1/707 1205/1/720 1213/1/730
f 1205/1/720 1206/1/719 1215/1/732 1214/1/733
f 1206/1/719 1207/1/721 1216/1/734 1215/1/732
f 1207/1/723 1208/1/722 1217/1/735 1216/1/736
f 1208/1/725 1209/1/724 1218/1/737 1217/1/735
f 1209/1/724 1210/1/726 1219/1/738 1218/1/737
f 1210/1/726 1211/1/727 1220/1/739 1219/1/738
f 1211/1/729 1212/1/728 1221/1/740 1220/1/739
f 1212/1/731 1213/1/730 1222/1/741 1221/1/742
f 1213/1/730 1205/1/720 1214/1/733 1222/1/741
f 1214/1/733 1215/1/732 1224/1/743 1223/1/744
f 1215/1/732 1216/1/734 1225/1/745 1224/1/743
f 1216/1/736 1217/1/735 1226/1/746 1225/1/745
f 1217/1/735 1218/1/737 1227/1/747 1226/1/746
f 1218/1/737 1219/1/738 1228/1/748 1227/1/747
f 1219/1/738 1220/1/739 1229/1/749 1228/1/748
f 1220/1/739 1221/1/740 1230/1/750 1229/1/749
f 1221/1/742 1222/1/741 1231/1/751 1230/1/750
f 1222/1/741 1214/1/733 1223/1/744 1231/1/751
f 1223/1/744 1224/1/743 1232/1/752
f 1224/1/743 1225/1/745 1232/1/752
f 1225/1/745 1226/1/746 1232/1/752
f 1226/1/746 1227/1/747 1232/1/752
f 1227/1/747 1228/1/748 1232/1/752
f 1228/1/748 1229/1/749 1232/1/752
f 1229/1/749 1230/1/750 1232/1/752
f 1230/1/750 1231/1/751 1232/1/752
f 1231/1/751 1223/1/744 1232/1/752
usemtl sausage
f 1289/1/26 1291/1/821 1290/1/822
f 1289/1/26 1292/1/823 1291/1/821
f 1289/1/26 1293/1/824 1292/1/823
f 1289/1/26 1294/1/825 1293/1/824
f 1289/1/26 1295/1/826 1294/1/825
f 1289/1/26 1296/1/827 1295/1/826
f 1289/1/26 1297/1/828 1296/1/827
f 1289/1/26 1298/1/829 1297/1/828
f 1289/1/26 1290/1/822 1298/1/829
f 1290/1/822 1291/1/821 1300/1/830 1299/1/831
f 1291/1/821 1292/1/823 1301/1/832 1300/1/830
f 1292/1/823 1293/1/824 1302/1/833 1301/1/832
f 1293/1/824 1294/1/825 1303/1/834 1302/1/833
f 1294/1/825 1295/1/826 1304/1/835 1303/1/834
f 1295/1/826 1296/1/827 1305/1/836 1304/1/835
f 1296/1/827 1297/1/828 1306/1/837 1305/1/836
f 1297/1/828 1298/1/829 1307/1/838 1306/1/837
f 1298/1/829 1290/1/822 1299/1/831 1307/1/838
f 1299/1/831 1300/1/830 1309/1/839 1308/1/840
f 1300/1/830 1301/1/832 1310/1/841 1309/1/839
f 1301/1/832 1302/1/833 1311/1/842 1310/1/841
f 1302/1/833 1303/1/834 1312/1/843 1311/1/842
f 1303/1/834 1304/1/835 1313/1/844 1312/1/843
f 1304/1/835 1305/1/836 1314/1/845 1313/1/844
f 1305/1/836 1306/1/837 1315/1/846 1314/1/845
f 1306/1/837 1307/1/838 1316/1/847 1315/1/846
f 1307/1/838 1299/1/831 1308/1/840 1316/1/847
f 1308/1/840 1309/1/839 1318/1/848 1317/1/849
f 1309/1/839 1310/1/841 1319/1/850 1318/1/848
f 1310/1/841 1311/1/842 1320/1/851 1319/1/850
f 1311/1/842 1312/1/843 1321/1/852 1320/1/851
f 1312/1/843 1313/1/844 1322/1/853 1321/1/852
f 1313/1/844 1314/1/845 1323/1/854 1322/1/853
f 1314/1/845 1315/1/846 1324/1/855 1323/1/854
f 1315/1/846 1316/1/847 1325/1/856 1324/1/855
f 1316/1/847 1308/1/840 1317/1/849 1325/1/856
f 1317/1/849 1318/1/848 1327/1/857 1326/1/858
f 1318/1/848 1319/1/850 1328/1/859 1327/1/857
f 1319/1/850 1320/1/851 1329/1/860 1328/1/859
f 1320/1/851 1321/1/852 1330/1/861 1329/1/860
f 1321/1/852 1322/1/853 1331/1/862 1330/1/861
f 1322/1/853 1323/1/854 1332/1/863 1331/1/862
f 1323/1/854 1324/1/855 1333/1/864 1332/1/863
f 1324/1/855 1325/1/856 1334/1/865 1333/1/864
f 1325/1/856 1317/1/849 1326/1/858 1334/1/865
f 1326/1/858 1327/1/857 1336/1/866 1335/1/867
f 1327/1/857 1328/1/859 1337/1/868 1336/1/866
f 1328/1/859 1329/1/860 1338/1/869 1337/1/868
f 1329/1/860 1330/1/861 1339/1/870 1338/1/869
f 1330/1/861 1331/1/862 1340/1/871 1339/1/870
f 1331/1/862 1332/1/863 1341/1/872 1340/1/871
f 1332/1/863 1333/1/864 1342/1/873 1341/1/872
f 1333/1/864 1334/1/865 1343/1/874 1342/1/873
f 1334/1/865 1326/1/858 1335/1/867 1343/1/874
f 1335/1/867 1336/1/866 1344/1/30
f 1336/1/866 1337/1/868 1344/1/30
f 1337/1/868 1338/1/869 1344/1/30
f 1338/1/869 1339/1/870 1344/1/30
f 1339/1/870 1340/1/871 1344/1/30
f 1340/1/871 1341/1/872 1344/1/30
f 1341/1/872 1342/1/873 1344/1/30
f 1342/1/873 1343/1/874 1344/1/30
f 1343/1/874 1335/1/867 1344/1/30
