# Blender 5.0.1
# www.blender.org
mtllib CloudPuff.mtl
o CloudPuff
v -0.000002 4.600000 0.000001 0.8470 0.9019 0.9647
v -0.000002 4.521629 -1.656441 0.8470 0.9019 0.9647
v -0.000002 3.450000 -5.542562 0.8470 0.9019 0.9647
v -0.000002 2.895284 -6.181924 0.8470 0.9019 0.9647
v -0.000002 2.300000 -6.399999 0.8470 0.9019 0.9647
v -0.000002 1.704716 -6.181924 0.8470 0.9019 0.9647
v -0.000002 1.150000 -5.542562 0.8470 0.9019 0.9647
v -0.000002 0.673654 -4.525483 0.8470 0.9019 0.9647
v -0.000002 0.078371 -1.656441 0.8470 0.9019 0.9647
v -0.000002 0.000000 0.000001 0.8470 0.9019 0.9647
v 0.978012 4.521629 -1.599999 0.8470 0.9019 0.9647
v 1.889377 4.291858 -3.090962 0.8470 0.9019 0.9647
v 2.671983 3.926345 -4.371280 0.8470 0.9019 0.9647
v 3.272498 3.450000 -5.353703 0.8470 0.9019 0.9647
v 3.649998 2.895284 -5.971280 0.8470 0.9019 0.9647
v 3.778756 2.300000 -6.181924 0.8470 0.9019 0.9647
v 3.649998 1.704716 -5.971280 0.8470 0.9019 0.9647
v 3.272498 1.150000 -5.353703 0.8470 0.9019 0.9647
v 2.671983 0.673654 -4.371280 0.8470 0.9019 0.9647
v 1.889377 0.308142 -3.090962 0.8470 0.9019 0.9647
v 0.978012 0.078371 -1.599999 0.8470 0.9019 0.9647
v 1.889377 4.521629 -1.434520 0.8470 0.9019 0.9647
v 3.649998 4.291858 -2.771280 0.8470 0.9019 0.9647
v 5.161877 3.926345 -3.919183 0.8470 0.9019 0.9647
v 6.321983 3.450000 -4.799999 0.8470 0.9019 0.9647
v 7.051256 2.895284 -5.353703 0.8470 0.9019 0.9647
v 7.299998 2.300000 -5.542562 0.8470 0.9019 0.9647
v 7.051256 1.704716 -5.353703 0.8470 0.9019 0.9647
v 6.321983 1.150000 -4.799999 0.8470 0.9019 0.9647
v 5.161877 0.673654 -3.919183 0.8470 0.9019 0.9647
v 3.649998 0.308142 -2.771280 0.8470 0.9019 0.9647
v 1.889377 0.078371 -1.434520 0.8470 0.9019 0.9647
v 2.671983 4.521629 -1.171280 0.8470 0.9019 0.9647
v 5.161877 4.291858 -2.262741 0.8470 0.9019 0.9647
v 7.299997 3.926345 -3.199999 0.8470 0.9019 0.9647
v 8.940636 3.450000 -3.919183 0.8470 0.9019 0.9647
v 9.971983 2.895284 -4.371280 0.8470 0.9019 0.9647
v 10.323757 2.300000 -4.525482 0.8470 0.9019 0.9647
v 9.971983 1.704716 -4.371280 0.8470 0.9019 0.9647
v 8.940636 1.150000 -3.919183 0.8470 0.9019 0.9647
v 7.299997 0.673654 -3.199999 0.8470 0.9019 0.9647
v 5.161877 0.308142 -2.262741 0.8470 0.9019 0.9647
v 2.671983 0.078371 -1.171280 0.8470 0.9019 0.9647
v 3.272498 4.521629 -0.828220 0.8470 0.9019 0.9647
v 6.321983 4.291858 -1.599999 0.8470 0.9019 0.9647
v 8.940634 3.926345 -2.262741 0.8470 0.9019 0.9647
v 10.949997 3.450000 -2.771280 0.8470 0.9019 0.9647
v 12.213135 2.895284 -3.090961 0.8470 0.9019 0.9647
v 12.643969 2.300000 -3.199999 0.8470 0.9019 0.9647
v 12.213135 1.704716 -3.090961 0.8470 0.9019 0.9647
v 10.949997 1.150000 -2.771280 0.8470 0.9019 0.9647
v 8.940634 0.673654 -2.262741 0.8470 0.9019 0.9647
v 6.321983 0.308142 -1.599999 0.8470 0.9019 0.9647
v 3.272498 0.078371 -0.828220 0.8470 0.9019 0.9647
v 3.649998 4.521629 -0.428718 0.8470 0.9019 0.9647
v 7.051255 4.291858 -0.828220 0.8470 0.9019 0.9647
v 9.971981 3.926345 -1.171280 0.8470 0.9019 0.9647
v 12.213135 3.450000 -1.434520 0.8470 0.9019 0.9647
v 13.621983 2.895284 -1.599999 0.8470 0.9019 0.9647
v 14.102512 2.300000 -1.656441 0.8470 0.9019 0.9647
v 13.621983 1.704716 -1.599999 0.8470 0.9019 0.9647
v 12.213135 1.150000 -1.434520 0.8470 0.9019 0.9647
v 9.971981 0.673654 -1.171280 0.8470 0.9019 0.9647
v 7.051255 0.308142 -0.828220 0.8470 0.9019 0.9647
v 3.649998 0.078371 -0.428718 0.8470 0.9019 0.9647
v 3.778756 4.521629 0.000001 0.8470 0.9019 0.9647
v 7.299996 4.291858 0.000001 0.8470 0.9019 0.9647
v 10.323755 3.926345 0.000001 0.8470 0.9019 0.9647
v 12.643969 3.450000 0.000001 0.8470 0.9019 0.9647
v 14.102514 2.895284 0.000001 0.8470 0.9019 0.9647
v 14.599995 2.300000 0.000001 0.8470 0.9019 0.9647
v 14.102514 1.704716 0.000001 0.8470 0.9019 0.9647
v 12.643969 1.150000 0.000001 0.8470 0.9019 0.9647
v 10.323755 0.673654 0.000001 0.8470 0.9019 0.9647
v 7.299996 0.308142 0.000001 0.8470 0.9019 0.9647
v 3.778756 0.078371 0.000001 0.8470 0.9019 0.9647
v 3.649998 4.521629 0.428720 0.8470 0.9019 0.9647
v 7.051255 4.291858 0.828222 0.8470 0.9019 0.9647
v 9.971981 3.926345 1.171282 0.8470 0.9019 0.9647
v 12.213135 3.450000 1.434522 0.8470 0.9019 0.9647
v 13.621983 2.895284 1.600001 0.8470 0.9019 0.9647
v 14.102512 2.300000 1.656443 0.8470 0.9019 0.9647
v 13.621983 1.704716 1.600001 0.8470 0.9019 0.9647
v 12.213135 1.150000 1.434522 0.8470 0.9019 0.9647
v 9.971981 0.673654 1.171282 0.8470 0.9019 0.9647
v 7.051255 0.308142 0.828222 0.8470 0.9019 0.9647
v 3.649998 0.078371 0.428720 0.8470 0.9019 0.9647
v 3.272498 4.521629 0.828222 0.8470 0.9019 0.9647
v 6.321982 4.291858 1.600001 0.8470 0.9019 0.9647
v 8.940634 3.926345 2.262742 0.8470 0.9019 0.9647
v 10.949997 3.450000 2.771282 0.8470 0.9019 0.9647
v 12.213135 2.895284 3.090964 0.8470 0.9019 0.9647
v 12.643967 2.300000 3.200001 0.8470 0.9019 0.9647
v 12.213135 1.704716 3.090964 0.8470 0.9019 0.9647
v 10.949997 1.150000 2.771282 0.8470 0.9019 0.9647
v 8.940634 0.673654 2.262742 0.8470 0.9019 0.9647
v 6.321982 0.308142 1.600001 0.8470 0.9019 0.9647
v 3.272498 0.078371 0.828222 0.8470 0.9019 0.9647
v 2.671983 4.521629 1.171282 0.8470 0.9019 0.9647
v 5.161876 4.291858 2.262742 0.8470 0.9019 0.9647
v 7.299995 3.926345 3.200000 0.8470 0.9019 0.9647
v 8.940634 3.450000 3.919184 0.8470 0.9019 0.9647
v 9.971983 2.895284 4.371282 0.8470 0.9019 0.9647
v 10.323753 2.300000 4.525484 0.8470 0.9019 0.9647
v 9.971983 1.704716 4.371282 0.8470 0.9019 0.9647
v 8.940634 1.150000 3.919184 0.8470 0.9019 0.9647
v 7.299995 0.673654 3.200000 0.8470 0.9019 0.9647
v 5.161876 0.308142 2.262742 0.8470 0.9019 0.9647
v 2.671983 0.078371 1.171282 0.8470 0.9019 0.9647
v 1.889377 4.521629 1.434522 0.8470 0.9019 0.9647
v 3.649997 4.291858 2.771282 0.8470 0.9019 0.9647
v 5.161876 3.926345 3.919183 0.8470 0.9019 0.9647
v 6.321982 3.450000 4.800000 0.8470 0.9019 0.9647
v 7.051256 2.895284 5.353705 0.8470 0.9019 0.9647
v 7.299995 2.300000 5.542562 0.8470 0.9019 0.9647
v 7.051256 1.704716 5.353705 0.8470 0.9019 0.9647
v 6.321982 1.150000 4.800000 0.8470 0.9019 0.9647
v 5.161876 0.673654 3.919183 0.8470 0.9019 0.9647
v 3.649997 0.308142 2.771282 0.8470 0.9019 0.9647
v 1.889377 0.078371 1.434522 0.8470 0.9019 0.9647
v 0.978012 4.521629 1.600001 0.8470 0.9019 0.9647
v 1.889376 4.291858 3.090963 0.8470 0.9019 0.9647
v 2.671982 3.926345 4.371281 0.8470 0.9019 0.9647
v 3.272497 3.450000 5.353705 0.8470 0.9019 0.9647
v 3.649997 2.895284 5.971282 0.8470 0.9019 0.9647
v 3.778754 2.300000 6.181925 0.8470 0.9019 0.9647
v 3.649997 1.704716 5.971282 0.8470 0.9019 0.9647
v 3.272497 1.150000 5.353705 0.8470 0.9019 0.9647
v 2.671982 0.673654 4.371281 0.8470 0.9019 0.9647
v 1.889376 0.308142 3.090963 0.8470 0.9019 0.9647
v 0.978012 0.078371 1.600001 0.8470 0.9019 0.9647
v -0.000002 4.521629 1.656443 0.8470 0.9019 0.9647
v -0.000003 4.291858 3.200000 0.8470 0.9019 0.9647
v -0.000002 3.926345 4.525483 0.8470 0.9019 0.9647
v -0.000003 3.450000 5.542563 0.8470 0.9019 0.9647
v -0.000003 2.895284 6.181926 0.8470 0.9019 0.9647
v -0.000003 2.300000 6.399999 0.8470 0.9019 0.9647
v -0.000003 1.704716 6.181926 0.8470 0.9019 0.9647
v -0.000003 1.150000 5.542563 0.8470 0.9019 0.9647
v -0.000002 0.673654 4.525483 0.8470 0.9019 0.9647
v -0.000003 0.308142 3.200000 0.8470 0.9019 0.9647
v -0.000002 0.078371 1.656443 0.8470 0.9019 0.9647
v -0.978017 4.521629 1.600001 0.8470 0.9019 0.9647
v -1.889381 4.291858 3.090963 0.8470 0.9019 0.9647
v -2.671986 3.926345 4.371280 0.8470 0.9019 0.9647
v -3.272503 3.450000 5.353704 0.8470 0.9019 0.9647
v -3.650002 2.895284 5.971282 0.8470 0.9019 0.9647
v -3.778760 2.300000 6.181924 0.8470 0.9019 0.9647
v -3.650002 1.704716 5.971282 0.8470 0.9019 0.9647
v -3.272503 1.150000 5.353704 0.8470 0.9019 0.9647
v -2.671986 0.673654 4.371280 0.8470 0.9019 0.9647
v -1.889381 0.308142 3.090963 0.8470 0.9019 0.9647
v -0.978017 0.078371 1.600001 0.8470 0.9019 0.9647
v -1.889381 4.521629 1.434522 0.8470 0.9019 0.9647
v -3.650002 4.291858 2.771281 0.8470 0.9019 0.9647
v -5.161879 3.926345 3.919183 0.8470 0.9019 0.9647
v -6.321988 3.450000 4.800000 0.8470 0.9019 0.9647
v -7.051261 2.895284 5.353705 0.8470 0.9019 0.9647
v -7.300001 2.300000 5.542562 0.8470 0.9019 0.9647
v -7.051261 1.704716 5.353705 0.8470 0.9019 0.9647
v -6.321988 1.150000 4.800000 0.8470 0.9019 0.9647
v -5.161879 0.673654 3.919183 0.8470 0.9019 0.9647
v -3.650002 0.308142 2.771281 0.8470 0.9019 0.9647
v -1.889381 0.078371 1.434522 0.8470 0.9019 0.9647
v -2.671988 4.521629 1.171282 0.8470 0.9019 0.9647
v -5.161880 4.291858 2.262742 0.8470 0.9019 0.9647
v -7.299998 3.926345 3.199999 0.8470 0.9019 0.9647
v -8.940639 3.450000 3.919183 0.8470 0.9019 0.9647
v -9.971987 2.895284 4.371282 0.8470 0.9019 0.9647
v -10.323759 2.300000 4.525483 0.8470 0.9019 0.9647
v -9.971987 1.704716 4.371282 0.8470 0.9019 0.9647
v -8.940639 1.150000 3.919183 0.8470 0.9019 0.9647
v -7.299998 0.673654 3.199999 0.8470 0.9019 0.9647
v -5.161880 0.308142 2.262742 0.8470 0.9019 0.9647
v -2.671988 0.078371 1.171282 0.8470 0.9019 0.9647
v -3.272503 4.521629 0.828222 0.8470 0.9019 0.9647
v -6.321986 4.291858 1.600000 0.8470 0.9019 0.9647
v -8.940634 3.926345 2.262741 0.8470 0.9019 0.9647
v -10.950001 3.450000 2.771281 0.8470 0.9019 0.9647
v -12.213140 2.895284 3.090963 0.8470 0.9019 0.9647
v -12.643969 2.300000 3.199999 0.8470 0.9019 0.9647
v -12.213140 1.704716 3.090963 0.8470 0.9019 0.9647
v -10.950001 1.150000 2.771281 0.8470 0.9019 0.9647
v -8.940634 0.673654 2.262741 0.8470 0.9019 0.9647
v -6.321986 0.308142 1.600000 0.8470 0.9019 0.9647
v -3.272503 0.078371 0.828222 0.8470 0.9019 0.9647
v -3.650002 4.521629 0.428720 0.8470 0.9019 0.9647
v -7.051258 4.291858 0.828221 0.8470 0.9019 0.9647
v -9.971981 3.926345 1.171282 0.8470 0.9019 0.9647
v -12.213139 3.450000 1.434521 0.8470 0.9019 0.9647
v -13.621988 2.895284 1.600001 0.8470 0.9019 0.9647
v -14.102514 2.300000 1.656441 0.8470 0.9019 0.9647
v -13.621988 1.704716 1.600001 0.8470 0.9019 0.9647
v -12.213139 1.150000 1.434521 0.8470 0.9019 0.9647
v -9.971981 0.673654 1.171282 0.8470 0.9019 0.9647
v -7.051258 0.308142 0.828221 0.8470 0.9019 0.9647
v -3.650002 0.078371 0.428720 0.8470 0.9019 0.9647
v -3.778760 4.521629 0.000001 0.8470 0.9019 0.9647
v -7.299999 4.291858 0.000001 0.8470 0.9019 0.9647
v -10.323755 3.926345 0.000001 0.8470 0.9019 0.9647
v -12.643970 3.450000 0.000000 0.8470 0.9019 0.9647
v -14.102520 2.895284 0.000001 0.8470 0.9019 0.9647
v -14.599995 2.300000 0.000000 0.8470 0.9019 0.9647
v -14.102520 1.704716 0.000001 0.8470 0.9019 0.9647
v -12.643970 1.150000 0.000000 0.8470 0.9019 0.9647
v -10.323755 0.673654 0.000001 0.8470 0.9019 0.9647
v -7.299999 0.308142 0.000001 0.8470 0.9019 0.9647
v -3.778760 0.078371 0.000001 0.8470 0.9019 0.9647
v -3.650002 4.521629 -0.428718 0.8470 0.9019 0.9647
v -7.051257 4.291858 -0.828220 0.8470 0.9019 0.9647
v -9.971981 3.926345 -1.171279 0.8470 0.9019 0.9647
v -12.213137 3.450000 -1.434520 0.8470 0.9019 0.9647
v -13.621988 2.895284 -1.599999 0.8470 0.9019 0.9647
v -14.102510 2.300000 -1.656441 0.8470 0.9019 0.9647
v -13.621988 1.704716 -1.599999 0.8470 0.9019 0.9647
v -12.213137 1.150000 -1.434520 0.8470 0.9019 0.9647
v -9.971981 0.673654 -1.171279 0.8470 0.9019 0.9647
v -7.051257 0.308142 -0.828220 0.8470 0.9019 0.9647
v -3.650002 0.078371 -0.428718 0.8470 0.9019 0.9647
v -3.272503 4.521629 -0.828220 0.8470 0.9019 0.9647
v -6.321984 4.291858 -1.599998 0.8470 0.9019 0.9647
v -8.940634 3.926345 -2.262739 0.8470 0.9019 0.9647
v -10.949999 3.450000 -2.771280 0.8470 0.9019 0.9647
v -12.213140 2.895284 -3.090962 0.8470 0.9019 0.9647
v -12.643965 2.300000 -3.199998 0.8470 0.9019 0.9647
v -12.213140 1.704716 -3.090962 0.8470 0.9019 0.9647
v -10.949999 1.150000 -2.771280 0.8470 0.9019 0.9647
v -8.940634 0.673654 -2.262739 0.8470 0.9019 0.9647
v -6.321984 0.308142 -1.599998 0.8470 0.9019 0.9647
v -3.272503 0.078371 -0.828220 0.8470 0.9019 0.9647
v -2.671988 4.521629 -1.171280 0.8470 0.9019 0.9647
v -5.161879 4.291858 -2.262740 0.8470 0.9019 0.9647
v -7.299997 3.926345 -3.199997 0.8470 0.9019 0.9647
v -8.940638 3.450000 -3.919182 0.8470 0.9019 0.9647
v -9.971987 2.895284 -4.371280 0.8470 0.9019 0.9647
v -10.323755 2.300000 -4.525481 0.8470 0.9019 0.9647
v -9.971987 1.704716 -4.371280 0.8470 0.9019 0.9647
v -8.940638 1.150000 -3.919182 0.8470 0.9019 0.9647
v -7.299997 0.673654 -3.199997 0.8470 0.9019 0.9647
v -5.161879 0.308142 -2.262740 0.8470 0.9019 0.9647
v -2.671988 0.078371 -1.171280 0.8470 0.9019 0.9647
v -1.889381 4.521629 -1.434520 0.8470 0.9019 0.9647
v -3.650000 4.291858 -2.771279 0.8470 0.9019 0.9647
v -5.161878 3.926345 -3.919180 0.8470 0.9019 0.9647
v -6.321985 3.450000 -4.799998 0.8470 0.9019 0.9647
v -7.051260 2.895284 -5.353703 0.8470 0.9019 0.9647
v -7.299997 2.300000 -5.542559 0.8470 0.9019 0.9647
v -7.051260 1.704716 -5.353703 0.8470 0.9019 0.9647
v -6.321985 1.150000 -4.799998 0.8470 0.9019 0.9647
v -5.161878 0.673654 -3.919180 0.8470 0.9019 0.9647
v -3.650000 0.308142 -2.771279 0.8470 0.9019 0.9647
v -1.889381 0.078371 -1.434520 0.8470 0.9019 0.9647
v -0.978017 4.521629 -1.599999 0.8470 0.9019 0.9647
v -1.889380 4.291858 -3.090960 0.8470 0.9019 0.9647
v -2.671985 3.926345 -4.371277 0.8470 0.9019 0.9647
v -3.272501 3.450000 -5.353702 0.8470 0.9019 0.9647
v -3.650002 2.895284 -5.971280 0.8470 0.9019 0.9647
v -3.778757 2.300000 -6.181921 0.8470 0.9019 0.9647
v -3.650002 1.704716 -5.971280 0.8470 0.9019 0.9647
v -3.272501 1.150000 -5.353702 0.8470 0.9019 0.9647
v -2.671985 0.673654 -4.371277 0.8470 0.9019 0.9647
v -1.889380 0.308142 -3.090960 0.8470 0.9019 0.9647
v -0.978017 0.078371 -1.599999 0.8470 0.9019 0.9647
v -0.000002 4.291858 -3.199997 0.8470 0.9019 0.9647
v -0.000002 3.926345 -4.525479 0.8470 0.9019 0.9647
v -0.000002 0.308142 -3.199997 0.8470 0.9019 0.9647
v -11.000002 6.400001 -0.499999 1.0000 1.0000 1.0000
v -11.000002 5.827051 -2.263355 1.0000 1.0000 1.0000
v -11.000002 5.163356 -2.927050 1.0000 1.0000 1.0000
v -11.000002 4.327051 -3.353169 1.0000 1.0000 1.0000
v -11.000002 2.472949 -3.353169 1.0000 1.0000 1.0000
v -11.000002 1.636644 -2.927050 1.0000 1.0000 1.0000
v -11.000002 0.972949 -2.263355 1.0000 1.0000 1.0000
v -11.000002 0.400000 -0.499999 1.0000 1.0000 1.0000
v -10.713528 6.253170 -1.381677 1.0000 1.0000 1.0000
v -10.455095 5.827051 -2.177050 1.0000 1.0000 1.0000
v -10.250002 5.163356 -2.808262 1.0000 1.0000 1.0000
v -10.118324 4.327051 -3.213525 1.0000 1.0000 1.0000
v -10.072952 3.400000 -3.353169 1.0000 1.0000 1.0000
v -10.118324 2.472949 -3.213525 1.0000 1.0000 1.0000
v -10.250002 1.636644 -2.808262 1.0000 1.0000 1.0000
v -10.455095 0.972949 -2.177050 1.0000 1.0000 1.0000
v -10.713528 0.546831 -1.381677 1.0000 1.0000 1.0000
v -10.455095 6.253170 -1.249999 1.0000 1.0000 1.0000
v -9.963528 5.827051 -1.926584 1.0000 1.0000 1.0000
v -9.573418 5.163356 -2.463525 1.0000 1.0000 1.0000
v -9.322952 4.327051 -2.808262 1.0000 1.0000 1.0000
v -9.236647 3.400000 -2.927051 1.0000 1.0000 1.0000
v -9.322952 2.472949 -2.808262 1.0000 1.0000 1.0000
v -9.573418 1.636644 -2.463525 1.0000 1.0000 1.0000
v -9.963528 0.972949 -1.926584 1.0000 1.0000 1.0000
v -10.455095 0.546831 -1.249999 1.0000 1.0000 1.0000
v -10.250002 6.253170 -1.044906 1.0000 1.0000 1.0000
v -9.573418 5.827051 -1.536474 1.0000 1.0000 1.0000
v -9.036476 5.163356 -1.926584 1.0000 1.0000 1.0000
v -8.691740 4.327051 -2.177050 1.0000 1.0000 1.0000
v -8.572950 3.400000 -2.263355 1.0000 1.0000 1.0000
v -8.691740 2.472949 -2.177050 1.0000 1.0000 1.0000
v -9.036476 1.636644 -1.926584 1.0000 1.0000 1.0000
v -9.573418 0.972949 -1.536474 1.0000 1.0000 1.0000
v -10.250002 0.546831 -1.044906 1.0000 1.0000 1.0000
v -10.118324 6.253170 -0.786474 1.0000 1.0000 1.0000
v -9.322952 5.827051 -1.044906 1.0000 1.0000 1.0000
v -8.691740 5.163356 -1.249999 1.0000 1.0000 1.0000
v -8.286478 4.327051 -1.381677 1.0000 1.0000 1.0000
v -8.146833 3.400000 -1.427051 1.0000 1.0000 1.0000
v -8.286478 2.472949 -1.381677 1.0000 1.0000 1.0000
v -8.691740 1.636644 -1.249999 1.0000 1.0000 1.0000
v -9.322952 0.972949 -1.044906 1.0000 1.0000 1.0000
v -10.118324 0.546831 -0.786474 1.0000 1.0000 1.0000
v -10.072952 6.253170 -0.499999 1.0000 1.0000 1.0000
v -9.236647 5.827051 -0.499999 1.0000 1.0000 1.0000
v -8.572950 5.163356 -0.499999 1.0000 1.0000 1.0000
v -8.146833 4.327051 -0.499999 1.0000 1.0000 1.0000
v -8.000002 3.400000 -0.499999 1.0000 1.0000 1.0000
v -8.146833 2.472949 -0.499999 1.0000 1.0000 1.0000
v -8.572950 1.636644 -0.499999 1.0000 1.0000 1.0000
v -9.236647 0.972949 -0.499999 1.0000 1.0000 1.0000
v -10.072952 0.546831 -0.499999 1.0000 1.0000 1.0000
v -10.118324 6.253170 -0.213525 1.0000 1.0000 1.0000
v -9.322952 5.827051 0.044908 1.0000 1.0000 1.0000
v -8.691738 5.163356 0.250001 1.0000 1.0000 1.0000
v -8.286476 4.327051 0.381679 1.0000 1.0000 1.0000
v -8.146832 3.400000 0.427052 1.0000 1.0000 1.0000
v -8.286476 2.472949 0.381679 1.0000 1.0000 1.0000
v -8.691738 1.636644 0.250001 1.0000 1.0000 1.0000
v -9.322952 0.972949 0.044908 1.0000 1.0000 1.0000
v -10.118324 0.546831 -0.213525 1.0000 1.0000 1.0000
v -10.250002 6.253170 0.044908 1.0000 1.0000 1.0000
v -9.573418 5.827051 0.536476 1.0000 1.0000 1.0000
v -9.036476 5.163356 0.926586 1.0000 1.0000 1.0000
v -8.691740 4.327051 1.177052 1.0000 1.0000 1.0000
v -8.572950 3.400000 1.263357 1.0000 1.0000 1.0000
v -8.691740 2.472949 1.177052 1.0000 1.0000 1.0000
v -9.036476 1.636644 0.926586 1.0000 1.0000 1.0000
v -9.573418 0.972949 0.536476 1.0000 1.0000 1.0000
v -10.250002 0.546831 0.044908 1.0000 1.0000 1.0000
v -10.455095 6.253170 0.250001 1.0000 1.0000 1.0000
v -9.963528 5.827051 0.926586 1.0000 1.0000 1.0000
v -9.573418 5.163356 1.463527 1.0000 1.0000 1.0000
v -9.322952 4.327051 1.808265 1.0000 1.0000 1.0000
v -9.236647 3.400000 1.927053 1.0000 1.0000 1.0000
v -9.322952 2.472949 1.808265 1.0000 1.0000 1.0000
v -9.573418 1.636644 1.463527 1.0000 1.0000 1.0000
v -9.963528 0.972949 0.926586 1.0000 1.0000 1.0000
v -10.455095 0.546831 0.250001 1.0000 1.0000 1.0000
v -10.713528 6.253170 0.381679 1.0000 1.0000 1.0000
v -10.455095 5.827051 1.177052 1.0000 1.0000 1.0000
v -10.250002 5.163356 1.808265 1.0000 1.0000 1.0000
v -10.118324 4.327051 2.213527 1.0000 1.0000 1.0000
v -10.072950 3.400000 2.353172 1.0000 1.0000 1.0000
v -10.118324 2.472949 2.213527 1.0000 1.0000 1.0000
v -10.250002 1.636644 1.808265 1.0000 1.0000 1.0000
v -10.455095 0.972949 1.177052 1.0000 1.0000 1.0000
v -10.713528 0.546831 0.381679 1.0000 1.0000 1.0000
v -11.000002 6.253170 0.427052 1.0000 1.0000 1.0000
v -11.000002 5.827051 1.263357 1.0000 1.0000 1.0000
v -11.000002 5.163356 1.927053 1.0000 1.0000 1.0000
v -11.000002 4.327051 2.353172 1.0000 1.0000 1.0000
v -11.000002 3.400000 2.500002 1.0000 1.0000 1.0000
v -11.000002 2.472949 2.353172 1.0000 1.0000 1.0000
v -11.000002 1.636644 1.927053 1.0000 1.0000 1.0000
v -11.000002 0.972949 1.263357 1.0000 1.0000 1.0000
v -11.000002 0.546831 0.427052 1.0000 1.0000 1.0000
v -11.286478 6.253170 0.381679 1.0000 1.0000 1.0000
v -11.544910 5.827051 1.177052 1.0000 1.0000 1.0000
v -11.750004 5.163356 1.808265 1.0000 1.0000 1.0000
v -11.881681 4.327051 2.213527 1.0000 1.0000 1.0000
v -11.927053 3.400000 2.353172 1.0000 1.0000 1.0000
v -11.881681 2.472949 2.213527 1.0000 1.0000 1.0000
v -11.750004 1.636644 1.808265 1.0000 1.0000 1.0000
v -11.544910 0.972949 1.177052 1.0000 1.0000 1.0000
v -11.286478 0.546831 0.381679 1.0000 1.0000 1.0000
v -11.544910 6.253170 0.250001 1.0000 1.0000 1.0000
v -12.036476 5.827051 0.926586 1.0000 1.0000 1.0000
v -12.426588 5.163356 1.463527 1.0000 1.0000 1.0000
v -12.677053 4.327051 1.808265 1.0000 1.0000 1.0000
v -12.763359 3.400000 1.927053 1.0000 1.0000 1.0000
v -12.677053 2.472949 1.808265 1.0000 1.0000 1.0000
v -12.426588 1.636644 1.463527 1.0000 1.0000 1.0000
v -12.036476 0.972949 0.926586 1.0000 1.0000 1.0000
v -11.544910 0.546831 0.250001 1.0000 1.0000 1.0000
v -11.750004 6.253170 0.044908 1.0000 1.0000 1.0000
v -12.426588 5.827051 0.536476 1.0000 1.0000 1.0000
v -12.963530 5.163356 0.926587 1.0000 1.0000 1.0000
v -13.308266 4.327051 1.177052 1.0000 1.0000 1.0000
v -13.427053 3.400000 1.263358 1.0000 1.0000 1.0000
v -13.308266 2.472949 1.177052 1.0000 1.0000 1.0000
v -12.963530 1.636644 0.926587 1.0000 1.0000 1.0000
v -12.426588 0.972949 0.536476 1.0000 1.0000 1.0000
v -11.750004 0.546831 0.044908 1.0000 1.0000 1.0000
v -11.881681 6.253170 -0.213524 1.0000 1.0000 1.0000
v -12.677053 5.827051 0.044908 1.0000 1.0000 1.0000
v -13.308266 5.163356 0.250001 1.0000 1.0000 1.0000
v -13.713530 4.327051 0.381679 1.0000 1.0000 1.0000
v -13.853172 3.400000 0.427053 1.0000 1.0000 1.0000
v -13.713530 2.472949 0.381679 1.0000 1.0000 1.0000
v -13.308266 1.636644 0.250001 1.0000 1.0000 1.0000
v -12.677053 0.972949 0.044908 1.0000 1.0000 1.0000
v -11.881681 0.546831 -0.213524 1.0000 1.0000 1.0000
v -11.927053 6.253170 -0.499999 1.0000 1.0000 1.0000
v -12.763359 5.827051 -0.499999 1.0000 1.0000 1.0000
v -13.427055 5.163356 -0.499999 1.0000 1.0000 1.0000
v -13.853172 4.327051 -0.500000 1.0000 1.0000 1.0000
v -14.000004 3.400000 -0.499999 1.0000 1.0000 1.0000
v -13.853172 2.472949 -0.500000 1.0000 1.0000 1.0000
v -13.427055 1.636644 -0.499999 1.0000 1.0000 1.0000
v -12.763359 0.972949 -0.499999 1.0000 1.0000 1.0000
v -11.927053 0.546831 -0.499999 1.0000 1.0000 1.0000
v -11.881681 6.253170 -0.786474 1.0000 1.0000 1.0000
v -12.677053 5.827051 -1.044906 1.0000 1.0000 1.0000
v -13.308266 5.163356 -1.249999 1.0000 1.0000 1.0000
v -13.713530 4.327051 -1.381678 1.0000 1.0000 1.0000
v -13.853172 3.400000 -1.427050 1.0000 1.0000 1.0000
v -13.713530 2.472949 -1.381678 1.0000 1.0000 1.0000
v -13.308266 1.636644 -1.249999 1.0000 1.0000 1.0000
v -12.677053 0.972949 -1.044906 1.0000 1.0000 1.0000
v -11.881681 0.546831 -0.786474 1.0000 1.0000 1.0000
v -11.750004 6.253170 -1.044906 1.0000 1.0000 1.0000
v -12.426588 5.827051 -1.536474 1.0000 1.0000 1.0000
v -12.963530 5.163356 -1.926585 1.0000 1.0000 1.0000
v -13.308266 4.327051 -2.177052 1.0000 1.0000 1.0000
v -13.427055 3.400000 -2.263356 1.0000 1.0000 1.0000
v -13.308266 2.472949 -2.177052 1.0000 1.0000 1.0000
v -12.963530 1.636644 -1.926585 1.0000 1.0000 1.0000
v -12.426588 0.972949 -1.536474 1.0000 1.0000 1.0000
v -11.750004 0.546831 -1.044906 1.0000 1.0000 1.0000
v -11.544910 6.253170 -1.250000 1.0000 1.0000 1.0000
v -12.036476 5.827051 -1.926585 1.0000 1.0000 1.0000
v -12.426588 5.163356 -2.463526 1.0000 1.0000 1.0000
v -12.677053 4.327051 -2.808264 1.0000 1.0000 1.0000
v -12.763359 3.400000 -2.927051 1.0000 1.0000 1.0000
v -12.677053 2.472949 -2.808264 1.0000 1.0000 1.0000
v -12.426588 1.636644 -2.463526 1.0000 1.0000 1.0000
v -12.036476 0.972949 -1.926585 1.0000 1.0000 1.0000
v -11.544910 0.546831 -1.250000 1.0000 1.0000 1.0000
v -11.286478 6.253170 -1.381678 1.0000 1.0000 1.0000
v -11.544910 5.827051 -2.177051 1.0000 1.0000 1.0000
v -11.750004 5.163356 -2.808263 1.0000 1.0000 1.0000
v -11.881680 4.327051 -3.213527 1.0000 1.0000 1.0000
v -11.927055 3.400000 -3.353170 1.0000 1.0000 1.0000
v -11.881680 2.472949 -3.213527 1.0000 1.0000 1.0000
v -11.750004 1.636644 -2.808263 1.0000 1.0000 1.0000
v -11.544910 0.972949 -2.177051 1.0000 1.0000 1.0000
v -11.286478 0.546831 -1.381678 1.0000 1.0000 1.0000
v -11.000002 6.253170 -1.427051 1.0000 1.0000 1.0000
v -11.000002 3.400000 -3.500001 1.0000 1.0000 1.0000
v -11.000002 0.546831 -1.427051 1.0000 1.0000 1.0000
v -6.400002 8.800000 0.600001 1.0000 1.0000 1.0000
v -6.400002 8.594438 -0.697870 1.0000 1.0000 1.0000
v -6.400002 7.997871 -1.868697 1.0000 1.0000 1.0000
v -6.400002 5.897871 -3.394437 1.0000 1.0000 1.0000
v -6.400002 4.600000 -3.599999 1.0000 1.0000 1.0000
v -6.400002 1.202129 -1.868697 1.0000 1.0000 1.0000
v -6.400002 0.605563 -0.697870 1.0000 1.0000 1.0000
v -6.400002 0.400000 0.600001 1.0000 1.0000 1.0000
v -5.998938 8.594438 -0.634348 1.0000 1.0000 1.0000
v -5.637133 7.997871 -1.747870 1.0000 1.0000 1.0000
v -5.350003 7.068698 -2.631567 1.0000 1.0000 1.0000
v -5.165654 5.897871 -3.198935 1.0000 1.0000 1.0000
v -5.102131 4.600000 -3.394437 1.0000 1.0000 1.0000
v -5.165654 3.302129 -3.198935 1.0000 1.0000 1.0000
v -5.350003 2.131302 -2.631567 1.0000 1.0000 1.0000
v -5.637133 1.202129 -1.747870 1.0000 1.0000 1.0000
v -5.998938 0.605563 -0.634348 1.0000 1.0000 1.0000
v -5.637133 8.594438 -0.449999 1.0000 1.0000 1.0000
v -4.948938 7.997871 -1.397218 1.0000 1.0000 1.0000
v -4.402784 7.068698 -2.148935 1.0000 1.0000 1.0000
v -4.052131 5.897871 -2.631567 1.0000 1.0000 1.0000
v -3.931304 4.600000 -2.797870 1.0000 1.0000 1.0000
v -4.052131 3.302129 -2.631567 1.0000 1.0000 1.0000
v -4.402784 2.131302 -2.148935 1.0000 1.0000 1.0000
v -4.948938 1.202129 -1.397218 1.0000 1.0000 1.0000
v -5.637133 0.605563 -0.449999 1.0000 1.0000 1.0000
v -5.350003 8.594438 -0.162869 1.0000 1.0000 1.0000
v -4.402783 7.997871 -0.851063 1.0000 1.0000 1.0000
v -3.651067 7.068698 -1.397218 1.0000 1.0000 1.0000
v -3.168435 5.897871 -1.747870 1.0000 1.0000 1.0000
v -3.002131 4.600000 -1.868697 1.0000 1.0000 1.0000
v -3.168435 3.302129 -1.747870 1.0000 1.0000 1.0000
v -3.651067 2.131302 -1.397218 1.0000 1.0000 1.0000
v -4.402783 1.202129 -0.851063 1.0000 1.0000 1.0000
v -5.350003 0.605563 -0.162869 1.0000 1.0000 1.0000
v -5.165654 8.594438 0.198937 1.0000 1.0000 1.0000
v -4.052131 7.997871 -0.162869 1.0000 1.0000 1.0000
v -3.168434 7.068698 -0.449999 1.0000 1.0000 1.0000
v -2.601066 5.897871 -0.634348 1.0000 1.0000 1.0000
v -2.405565 4.600000 -0.697870 1.0000 1.0000 1.0000
v -2.601066 3.302129 -0.634348 1.0000 1.0000 1.0000
v -3.168434 2.131302 -0.449999 1.0000 1.0000 1.0000
v -4.052131 1.202129 -0.162869 1.0000 1.0000 1.0000
v -5.165654 0.605563 0.198937 1.0000 1.0000 1.0000
v -5.102131 8.594438 0.600001 1.0000 1.0000 1.0000
v -3.931304 7.997871 0.600001 1.0000 1.0000 1.0000
v -3.002131 7.068698 0.600001 1.0000 1.0000 1.0000
v -2.405565 5.897871 0.600001 1.0000 1.0000 1.0000
v -2.200003 4.600000 0.600001 1.0000 1.0000 1.0000
v -2.405565 3.302129 0.600001 1.0000 1.0000 1.0000
v -3.002131 2.131302 0.600001 1.0000 1.0000 1.0000
v -3.931304 1.202129 0.600001 1.0000 1.0000 1.0000
v -5.102131 0.605563 0.600001 1.0000 1.0000 1.0000
v -5.165654 8.594438 1.001065 1.0000 1.0000 1.0000
v -4.052131 7.997871 1.362871 1.0000 1.0000 1.0000
v -3.168434 7.068698 1.650001 1.0000 1.0000 1.0000
v -2.601066 5.897871 1.834350 1.0000 1.0000 1.0000
v -2.405565 4.600000 1.897873 1.0000 1.0000 1.0000
v -2.601066 3.302129 1.834350 1.0000 1.0000 1.0000
v -3.168434 2.131302 1.650001 1.0000 1.0000 1.0000
v -4.052131 1.202129 1.362871 1.0000 1.0000 1.0000
v -5.165654 0.605563 1.001065 1.0000 1.0000 1.0000
v -5.350003 8.594438 1.362871 1.0000 1.0000 1.0000
v -4.402783 7.997871 2.051066 1.0000 1.0000 1.0000
v -3.651066 7.068698 2.597220 1.0000 1.0000 1.0000
v -3.168434 5.897871 2.947873 1.0000 1.0000 1.0000
v -3.002131 4.600000 3.068700 1.0000 1.0000 1.0000
v -3.168434 3.302129 2.947873 1.0000 1.0000 1.0000
v -3.651066 2.131302 2.597220 1.0000 1.0000 1.0000
v -4.402783 1.202129 2.051066 1.0000 1.0000 1.0000
v -5.350003 0.605563 1.362871 1.0000 1.0000 1.0000
v -5.637133 8.594438 1.650001 1.0000 1.0000 1.0000
v -4.948938 7.997871 2.597220 1.0000 1.0000 1.0000
v -4.402783 7.068698 3.348938 1.0000 1.0000 1.0000
v -4.052130 5.897871 3.831569 1.0000 1.0000 1.0000
v -3.931304 4.600000 3.997872 1.0000 1.0000 1.0000
v -4.052130 3.302129 3.831569 1.0000 1.0000 1.0000
v -4.402783 2.131302 3.348938 1.0000 1.0000 1.0000
v -4.948938 1.202129 2.597220 1.0000 1.0000 1.0000
v -5.637133 0.605563 1.650001 1.0000 1.0000 1.0000
v -5.998939 8.594438 1.834350 1.0000 1.0000 1.0000
v -5.637133 7.997871 2.947873 1.0000 1.0000 1.0000
v -5.350002 7.068698 3.831569 1.0000 1.0000 1.0000
v -5.165653 5.897871 4.398938 1.0000 1.0000 1.0000
v -5.102131 4.600000 4.594439 1.0000 1.0000 1.0000
v -5.165653 3.302129 4.398938 1.0000 1.0000 1.0000
v -5.350002 2.131302 3.831569 1.0000 1.0000 1.0000
v -5.637133 1.202129 2.947873 1.0000 1.0000 1.0000
v -5.998939 0.605563 1.834350 1.0000 1.0000 1.0000
v -6.400002 8.594438 1.897873 1.0000 1.0000 1.0000
v -6.400002 7.997871 3.068700 1.0000 1.0000 1.0000
v -6.400002 7.068698 3.997874 1.0000 1.0000 1.0000
v -6.400002 5.897871 4.594440 1.0000 1.0000 1.0000
v -6.400002 4.600000 4.800002 1.0000 1.0000 1.0000
v -6.400002 3.302129 4.594440 1.0000 1.0000 1.0000
v -6.400002 2.131302 3.997874 1.0000 1.0000 1.0000
v -6.400002 1.202129 3.068700 1.0000 1.0000 1.0000
v -6.400002 0.605563 1.897873 1.0000 1.0000 1.0000
v -6.801067 8.594438 1.834350 1.0000 1.0000 1.0000
v -7.162872 7.997871 2.947873 1.0000 1.0000 1.0000
v -7.450003 7.068698 3.831570 1.0000 1.0000 1.0000
v -7.634352 5.897871 4.398938 1.0000 1.0000 1.0000
v -7.697874 4.600000 4.594439 1.0000 1.0000 1.0000
v -7.634352 3.302129 4.398938 1.0000 1.0000 1.0000
v -7.450003 2.131302 3.831570 1.0000 1.0000 1.0000
v -7.162872 1.202129 2.947873 1.0000 1.0000 1.0000
v -6.801067 0.605563 1.834350 1.0000 1.0000 1.0000
v -7.162872 8.594438 1.650001 1.0000 1.0000 1.0000
v -7.851068 7.997871 2.597220 1.0000 1.0000 1.0000
v -8.397221 7.068698 3.348938 1.0000 1.0000 1.0000
v -8.747875 5.897871 3.831570 1.0000 1.0000 1.0000
v -8.868700 4.600000 3.997872 1.0000 1.0000 1.0000
v -8.747875 3.302129 3.831570 1.0000 1.0000 1.0000
v -8.397221 2.131302 3.348938 1.0000 1.0000 1.0000
v -7.851068 1.202129 2.597220 1.0000 1.0000 1.0000
v -7.162872 0.605563 1.650001 1.0000 1.0000 1.0000
v -7.450003 8.594438 1.362871 1.0000 1.0000 1.0000
v -8.397223 7.997871 2.051066 1.0000 1.0000 1.0000
v -9.148939 7.068698 2.597220 1.0000 1.0000 1.0000
v -9.631573 5.897871 2.947873 1.0000 1.0000 1.0000
v -9.797874 4.600000 3.068700 1.0000 1.0000 1.0000
v -9.631573 3.302129 2.947873 1.0000 1.0000 1.0000
v -9.148939 2.131302 2.597220 1.0000 1.0000 1.0000
v -8.397223 1.202129 2.051066 1.0000 1.0000 1.0000
v -7.450003 0.605563 1.362871 1.0000 1.0000 1.0000
v -7.634352 8.594438 1.001065 1.0000 1.0000 1.0000
v -8.747875 7.997871 1.362871 1.0000 1.0000 1.0000
v -9.631571 7.068698 1.650002 1.0000 1.0000 1.0000
v -10.198940 5.897871 1.834350 1.0000 1.0000 1.0000
v -10.394440 4.600000 1.897873 1.0000 1.0000 1.0000
v -10.198940 3.302129 1.834350 1.0000 1.0000 1.0000
v -9.631571 2.131302 1.650002 1.0000 1.0000 1.0000
v -8.747875 1.202129 1.362871 1.0000 1.0000 1.0000
v -7.634352 0.605563 1.001065 1.0000 1.0000 1.0000
v -7.697874 8.594438 0.600001 1.0000 1.0000 1.0000
v -8.868702 7.997871 0.600001 1.0000 1.0000 1.0000
v -9.797874 7.068698 0.600001 1.0000 1.0000 1.0000
v -10.394442 5.897871 0.600001 1.0000 1.0000 1.0000
v -10.600002 4.600000 0.600001 1.0000 1.0000 1.0000
v -10.394442 3.302129 0.600001 1.0000 1.0000 1.0000
v -9.797874 2.131302 0.600001 1.0000 1.0000 1.0000
v -8.868702 1.202129 0.600001 1.0000 1.0000 1.0000
v -7.697874 0.605563 0.600001 1.0000 1.0000 1.0000
v -7.634352 8.594438 0.198937 1.0000 1.0000 1.0000
v -8.747875 7.997871 -0.162869 1.0000 1.0000 1.0000
v -9.631571 7.068698 -0.449999 1.0000 1.0000 1.0000
v -10.198940 5.897871 -0.634349 1.0000 1.0000 1.0000
v -10.394440 4.600000 -0.697870 1.0000 1.0000 1.0000
v -10.198940 3.302129 -0.634349 1.0000 1.0000 1.0000
v -9.631571 2.131302 -0.449999 1.0000 1.0000 1.0000
v -8.747875 1.202129 -0.162869 1.0000 1.0000 1.0000
v -7.634352 0.605563 0.198937 1.0000 1.0000 1.0000
v -7.450003 8.594438 -0.162869 1.0000 1.0000 1.0000
v -8.397223 7.997871 -0.851064 1.0000 1.0000 1.0000
v -9.148939 7.068698 -1.397218 1.0000 1.0000 1.0000
v -9.631573 5.897871 -1.747872 1.0000 1.0000 1.0000
v -9.797874 4.600000 -1.868697 1.0000 1.0000 1.0000
v -9.631573 3.302129 -1.747872 1.0000 1.0000 1.0000
v -9.148939 2.131302 -1.397218 1.0000 1.0000 1.0000
v -8.397223 1.202129 -0.851064 1.0000 1.0000 1.0000
v -7.450003 0.605563 -0.162869 1.0000 1.0000 1.0000
v -7.162872 8.594438 -0.450000 1.0000 1.0000 1.0000
v -7.851068 7.997871 -1.397219 1.0000 1.0000 1.0000
v -8.397223 7.068698 -2.148936 1.0000 1.0000 1.0000
v -8.747875 5.897871 -2.631569 1.0000 1.0000 1.0000
v -8.868700 4.600000 -2.797870 1.0000 1.0000 1.0000
v -8.747875 3.302129 -2.631569 1.0000 1.0000 1.0000
v -8.397223 2.131302 -2.148936 1.0000 1.0000 1.0000
v -7.851068 1.202129 -1.397219 1.0000 1.0000 1.0000
v -7.162872 0.605563 -0.450000 1.0000 1.0000 1.0000
v -6.801067 8.594438 -0.634349 1.0000 1.0000 1.0000
v -7.162872 7.997871 -1.747872 1.0000 1.0000 1.0000
v -7.450003 7.068698 -2.631568 1.0000 1.0000 1.0000
v -7.634352 5.897871 -3.198937 1.0000 1.0000 1.0000
v -7.697874 4.600000 -3.394437 1.0000 1.0000 1.0000
v -7.634352 3.302129 -3.198937 1.0000 1.0000 1.0000
v -7.450003 2.131302 -2.631568 1.0000 1.0000 1.0000
v -7.162872 1.202129 -1.747872 1.0000 1.0000 1.0000
v -6.801067 0.605563 -0.634349 1.0000 1.0000 1.0000
v -6.400002 7.068698 -2.797872 1.0000 1.0000 1.0000
v -6.400002 3.302129 -3.394439 1.0000 1.0000 1.0000
v -6.400002 2.131302 -2.797872 1.0000 1.0000 1.0000
v -0.000002 9.900001 -0.299999 1.0000 1.0000 1.0000
v -0.000002 9.674860 -1.721477 1.0000 1.0000 1.0000
v -0.000002 9.021479 -3.003812 1.0000 1.0000 1.0000
v -0.000002 8.003813 -4.021478 1.0000 1.0000 1.0000
v -0.000002 6.721478 -4.674860 1.0000 1.0000 1.0000
v -0.000002 5.300000 -4.900000 1.0000 1.0000 1.0000
v -0.000002 3.878522 -4.674860 1.0000 1.0000 1.0000
v -0.000002 2.596188 -4.021478 1.0000 1.0000 1.0000
v -0.000002 1.578522 -3.003812 1.0000 1.0000 1.0000
v -0.000002 0.925140 -1.721477 1.0000 1.0000 1.0000
v -0.000002 0.700000 -0.299999 1.0000 1.0000 1.0000
v 0.439259 9.674860 -1.651905 1.0000 1.0000 1.0000
v 0.835522 9.021479 -2.871478 1.0000 1.0000 1.0000
v 1.149998 8.003813 -3.839335 1.0000 1.0000 1.0000
v 1.351904 6.721478 -4.460739 1.0000 1.0000 1.0000
v 1.421476 5.300000 -4.674860 1.0000 1.0000 1.0000
v 1.351904 3.878522 -4.460739 1.0000 1.0000 1.0000
v 1.149998 2.596188 -3.839335 1.0000 1.0000 1.0000
v 0.835522 1.578522 -2.871478 1.0000 1.0000 1.0000
v 0.439259 0.925140 -1.651905 1.0000 1.0000 1.0000
v 0.835522 9.674860 -1.449999 1.0000 1.0000 1.0000
v 1.589259 9.021479 -2.487429 1.0000 1.0000 1.0000
v 2.187428 8.003813 -3.310739 1.0000 1.0000 1.0000
v 2.571476 6.721478 -3.839335 1.0000 1.0000 1.0000
v 2.703810 5.300000 -4.021477 1.0000 1.0000 1.0000
v 2.571476 3.878522 -3.839335 1.0000 1.0000 1.0000
v 2.187428 2.596188 -3.310739 1.0000 1.0000 1.0000
v 1.589259 1.578522 -2.487429 1.0000 1.0000 1.0000
v 0.835522 0.925140 -1.449999 1.0000 1.0000 1.0000
v 1.149998 9.674860 -1.135523 1.0000 1.0000 1.0000
v 2.187428 9.021479 -1.889260 1.0000 1.0000 1.0000
v 3.010737 8.003813 -2.487429 1.0000 1.0000 1.0000
v 3.539334 6.721478 -2.871478 1.0000 1.0000 1.0000
v 3.721476 5.300000 -3.003812 1.0000 1.0000 1.0000
v 3.539334 3.878522 -2.871478 1.0000 1.0000 1.0000
v 3.010737 2.596188 -2.487429 1.0000 1.0000 1.0000
v 2.187428 1.578522 -1.889260 1.0000 1.0000 1.0000
v 1.149998 0.925140 -1.135523 1.0000 1.0000 1.0000
v 1.351904 9.674860 -0.739260 1.0000 1.0000 1.0000
v 2.571476 9.021479 -1.135523 1.0000 1.0000 1.0000
v 3.539334 8.003813 -1.449999 1.0000 1.0000 1.0000
v 4.160737 6.721478 -1.651905 1.0000 1.0000 1.0000
v 4.374857 5.300000 -1.721477 1.0000 1.0000 1.0000
v 4.160737 3.878522 -1.651905 1.0000 1.0000 1.0000
v 3.539334 2.596188 -1.449999 1.0000 1.0000 1.0000
v 2.571476 1.578522 -1.135523 1.0000 1.0000 1.0000
v 1.351904 0.925140 -0.739260 1.0000 1.0000 1.0000
v 1.421476 9.674860 -0.299999 1.0000 1.0000 1.0000
v 2.703810 9.021479 -0.299999 1.0000 1.0000 1.0000
v 3.721477 8.003813 -0.299999 1.0000 1.0000 1.0000
v 4.374857 6.721478 -0.299999 1.0000 1.0000 1.0000
v 4.599998 5.300000 -0.299999 1.0000 1.0000 1.0000
v 4.374857 3.878522 -0.299999 1.0000 1.0000 1.0000
v 3.721477 2.596188 -0.299999 1.0000 1.0000 1.0000
v 2.703810 1.578522 -0.299999 1.0000 1.0000 1.0000
v 1.421476 0.925140 -0.299999 1.0000 1.0000 1.0000
v 1.351904 9.674860 0.139262 1.0000 1.0000 1.0000
v 2.571476 9.021479 0.535525 1.0000 1.0000 1.0000
v 3.539334 8.003813 0.850001 1.0000 1.0000 1.0000
v 4.160737 6.721478 1.051907 1.0000 1.0000 1.0000
v 4.374857 5.300000 1.121479 1.0000 1.0000 1.0000
v 4.160737 3.878522 1.051907 1.0000 1.0000 1.0000
v 3.539334 2.596188 0.850001 1.0000 1.0000 1.0000
v 2.571476 1.578522 0.535525 1.0000 1.0000 1.0000
v 1.351904 0.925140 0.139262 1.0000 1.0000 1.0000
v 1.149998 9.674860 0.535525 1.0000 1.0000 1.0000
v 2.187428 9.021479 1.289262 1.0000 1.0000 1.0000
v 3.010737 8.003813 1.887432 1.0000 1.0000 1.0000
v 3.539334 6.721478 2.271479 1.0000 1.0000 1.0000
v 3.721476 5.300000 2.403813 1.0000 1.0000 1.0000
v 3.539334 3.878522 2.271479 1.0000 1.0000 1.0000
v 3.010737 2.596188 1.887432 1.0000 1.0000 1.0000
v 2.187428 1.578522 1.289262 1.0000 1.0000 1.0000
v 1.149998 0.925140 0.535525 1.0000 1.0000 1.0000
v 0.835522 9.674860 0.850001 1.0000 1.0000 1.0000
v 1.589258 9.021479 1.887431 1.0000 1.0000 1.0000
v 2.187428 8.003813 2.710741 1.0000 1.0000 1.0000
v 2.571476 6.721478 3.239337 1.0000 1.0000 1.0000
v 2.703810 5.300000 3.421479 1.0000 1.0000 1.0000
v 2.571476 3.878522 3.239337 1.0000 1.0000 1.0000
v 2.187428 2.596188 2.710741 1.0000 1.0000 1.0000
v 1.589258 1.578522 1.887431 1.0000 1.0000 1.0000
v 0.835522 0.925140 0.850001 1.0000 1.0000 1.0000
v 0.439259 9.674860 1.051907 1.0000 1.0000 1.0000
v 0.835521 9.021479 2.271480 1.0000 1.0000 1.0000
v 1.149998 8.003813 3.239339 1.0000 1.0000 1.0000
v 1.351904 6.721478 3.860740 1.0000 1.0000 1.0000
v 1.421476 5.300000 4.074862 1.0000 1.0000 1.0000
v 1.351904 3.878522 3.860740 1.0000 1.0000 1.0000
v 1.149998 2.596188 3.239339 1.0000 1.0000 1.0000
v 0.835521 1.578522 2.271480 1.0000 1.0000 1.0000
v 0.439259 0.925140 1.051907 1.0000 1.0000 1.0000
v -0.000002 9.674860 1.121479 1.0000 1.0000 1.0000
v -0.000003 9.021479 2.403814 1.0000 1.0000 1.0000
v -0.000002 8.003813 3.421481 1.0000 1.0000 1.0000
v -0.000002 6.721478 4.074862 1.0000 1.0000 1.0000
v -0.000002 5.300000 4.300002 1.0000 1.0000 1.0000
v -0.000002 3.878522 4.074862 1.0000 1.0000 1.0000
v -0.000002 2.596188 3.421481 1.0000 1.0000 1.0000
v -0.000003 1.578522 2.403814 1.0000 1.0000 1.0000
v -0.000002 0.925140 1.121479 1.0000 1.0000 1.0000
v -0.439263 9.674860 1.051907 1.0000 1.0000 1.0000
v -0.835527 9.021479 2.271480 1.0000 1.0000 1.0000
v -1.150003 8.003813 3.239339 1.0000 1.0000 1.0000
v -1.351909 6.721478 3.860740 1.0000 1.0000 1.0000
v -1.421481 5.300000 4.074862 1.0000 1.0000 1.0000
v -1.351909 3.878522 3.860740 1.0000 1.0000 1.0000
v -1.150003 2.596188 3.239339 1.0000 1.0000 1.0000
v -0.835527 1.578522 2.271480 1.0000 1.0000 1.0000
v -0.439263 0.925140 1.051907 1.0000 1.0000 1.0000
v -0.835527 9.674860 0.850001 1.0000 1.0000 1.0000
v -1.589264 9.021479 1.887431 1.0000 1.0000 1.0000
v -2.187433 8.003813 2.710742 1.0000 1.0000 1.0000
v -2.571481 6.721478 3.239337 1.0000 1.0000 1.0000
v -2.703815 5.300000 3.421479 1.0000 1.0000 1.0000
v -2.571481 3.878522 3.239337 1.0000 1.0000 1.0000
v -2.187433 2.596188 2.710742 1.0000 1.0000 1.0000
v -1.589264 1.578522 1.887431 1.0000 1.0000 1.0000
v -0.835527 0.925140 0.850001 1.0000 1.0000 1.0000
v -1.150003 9.674860 0.535525 1.0000 1.0000 1.0000
v -2.187433 9.021479 1.289262 1.0000 1.0000 1.0000
v -3.010743 8.003813 1.887432 1.0000 1.0000 1.0000
v -3.539338 6.721478 2.271479 1.0000 1.0000 1.0000
v -3.721480 5.300000 2.403813 1.0000 1.0000 1.0000
v -3.539338 3.878522 2.271479 1.0000 1.0000 1.0000
v -3.010743 2.596188 1.887432 1.0000 1.0000 1.0000
v -2.187433 1.578522 1.289262 1.0000 1.0000 1.0000
v -1.150003 0.925140 0.535525 1.0000 1.0000 1.0000
v -1.351909 9.674860 0.139262 1.0000 1.0000 1.0000
v -2.571481 9.021479 0.535525 1.0000 1.0000 1.0000
v -3.539340 8.003813 0.850002 1.0000 1.0000 1.0000
v -4.160741 6.721478 1.051907 1.0000 1.0000 1.0000
v -4.374862 5.300000 1.121479 1.0000 1.0000 1.0000
v -4.160741 3.878522 1.051907 1.0000 1.0000 1.0000
v -3.539340 2.596188 0.850002 1.0000 1.0000 1.0000
v -2.571481 1.578522 0.535525 1.0000 1.0000 1.0000
v -1.351909 0.925140 0.139262 1.0000 1.0000 1.0000
v -1.421481 9.674860 -0.299999 1.0000 1.0000 1.0000
v -2.703815 9.021479 -0.299999 1.0000 1.0000 1.0000
v -3.721483 8.003813 -0.299999 1.0000 1.0000 1.0000
v -4.374862 6.721478 -0.299999 1.0000 1.0000 1.0000
v -4.600002 5.300000 -0.299999 1.0000 1.0000 1.0000
v -4.374862 3.878522 -0.299999 1.0000 1.0000 1.0000
v -3.721483 2.596188 -0.299999 1.0000 1.0000 1.0000
v -2.703815 1.578522 -0.299999 1.0000 1.0000 1.0000
v -1.421481 0.925140 -0.299999 1.0000 1.0000 1.0000
v -1.351909 9.674860 -0.739260 1.0000 1.0000 1.0000
v -2.571481 9.021479 -1.135523 1.0000 1.0000 1.0000
v -3.539340 8.003813 -1.450000 1.0000 1.0000 1.0000
v -4.160741 6.721478 -1.651905 1.0000 1.0000 1.0000
v -4.374862 5.300000 -1.721477 1.0000 1.0000 1.0000
v -4.160741 3.878522 -1.651905 1.0000 1.0000 1.0000
v -3.539340 2.596188 -1.450000 1.0000 1.0000 1.0000
v -2.571481 1.578522 -1.135523 1.0000 1.0000 1.0000
v -1.351909 0.925140 -0.739260 1.0000 1.0000 1.0000
v -1.150002 9.674860 -1.135523 1.0000 1.0000 1.0000
v -2.187433 9.021479 -1.889261 1.0000 1.0000 1.0000
v -3.010743 8.003813 -2.487430 1.0000 1.0000 1.0000
v -3.539338 6.721478 -2.871478 1.0000 1.0000 1.0000
v -3.721480 5.300000 -3.003812 1.0000 1.0000 1.0000
v -3.539338 3.878522 -2.871478 1.0000 1.0000 1.0000
v -3.010743 2.596188 -2.487430 1.0000 1.0000 1.0000
v -2.187433 1.578522 -1.889261 1.0000 1.0000 1.0000
v -1.150002 0.925140 -1.135523 1.0000 1.0000 1.0000
v -0.835526 9.674860 -1.450000 1.0000 1.0000 1.0000
v -1.589263 9.021479 -2.487430 1.0000 1.0000 1.0000
v -2.187434 8.003813 -3.310740 1.0000 1.0000 1.0000
v -2.571481 6.721478 -3.839335 1.0000 1.0000 1.0000
v -2.703815 5.300000 -4.021477 1.0000 1.0000 1.0000
v -2.571481 3.878522 -3.839335 1.0000 1.0000 1.0000
v -2.187434 2.596188 -3.310740 1.0000 1.0000 1.0000
v -1.589263 1.578522 -2.487430 1.0000 1.0000 1.0000
v -0.835526 0.925140 -1.450000 1.0000 1.0000 1.0000
v -0.439263 9.674860 -1.651906 1.0000 1.0000 1.0000
v -0.835526 9.021479 -2.871479 1.0000 1.0000 1.0000
v -1.150003 8.003813 -3.839337 1.0000 1.0000 1.0000
v -1.351909 6.721478 -4.460739 1.0000 1.0000 1.0000
v -1.421481 5.300000 -4.674860 1.0000 1.0000 1.0000
v -1.351909 3.878522 -4.460739 1.0000 1.0000 1.0000
v -1.150003 2.596188 -3.839337 1.0000 1.0000 1.0000
v -0.835526 1.578522 -2.871479 1.0000 1.0000 1.0000
v -0.439263 0.925140 -1.651906 1.0000 1.0000 1.0000
v 6.199997 8.600000 0.400001 1.0000 1.0000 1.0000
v 6.199997 7.836068 -1.951140 1.0000 1.0000 1.0000
v 6.199997 6.951141 -2.836067 1.0000 1.0000 1.0000
v 6.199997 5.836068 -3.404226 1.0000 1.0000 1.0000
v 6.199997 4.600000 -3.599999 1.0000 1.0000 1.0000
v 6.199997 2.248859 -2.836067 1.0000 1.0000 1.0000
v 6.199997 1.363932 -1.951140 1.0000 1.0000 1.0000
v 6.199997 0.600000 0.400001 1.0000 1.0000 1.0000
v 6.581964 8.404226 -0.775570 1.0000 1.0000 1.0000
v 6.926540 7.836068 -1.836067 1.0000 1.0000 1.0000
v 7.199998 6.951141 -2.677683 1.0000 1.0000 1.0000
v 7.375568 5.836068 -3.218034 1.0000 1.0000 1.0000
v 7.436066 4.600000 -3.404226 1.0000 1.0000 1.0000
v 7.375568 3.363932 -3.218034 1.0000 1.0000 1.0000
v 7.199998 2.248859 -2.677683 1.0000 1.0000 1.0000
v 6.926540 1.363932 -1.836067 1.0000 1.0000 1.0000
v 6.581964 0.795774 -0.775570 1.0000 1.0000 1.0000
v 6.926540 8.404226 -0.599999 1.0000 1.0000 1.0000
v 7.581964 7.836068 -1.502112 1.0000 1.0000 1.0000
v 8.102112 6.951141 -2.218034 1.0000 1.0000 1.0000
v 8.436066 5.836068 -2.677683 1.0000 1.0000 1.0000
v 8.551140 4.600000 -2.836067 1.0000 1.0000 1.0000
v 8.436066 3.363932 -2.677683 1.0000 1.0000 1.0000
v 8.102112 2.248859 -2.218034 1.0000 1.0000 1.0000
v 7.581964 1.363932 -1.502112 1.0000 1.0000 1.0000
v 6.926540 0.795774 -0.599999 1.0000 1.0000 1.0000
v 7.199998 8.404226 -0.326542 1.0000 1.0000 1.0000
v 8.102112 7.836068 -0.981965 1.0000 1.0000 1.0000
v 8.818031 6.951141 -1.502113 1.0000 1.0000 1.0000
v 9.277681 5.836068 -1.836068 1.0000 1.0000 1.0000
v 9.436066 4.600000 -1.951140 1.0000 1.0000 1.0000
v 9.277681 3.363932 -1.836068 1.0000 1.0000 1.0000
v 8.818031 2.248859 -1.502113 1.0000 1.0000 1.0000
v 8.102112 1.363932 -0.981965 1.0000 1.0000 1.0000
v 7.199998 0.795774 -0.326542 1.0000 1.0000 1.0000
v 7.375568 8.404226 0.018035 1.0000 1.0000 1.0000
v 8.436066 7.836068 -0.326542 1.0000 1.0000 1.0000
v 9.277681 6.951141 -0.599999 1.0000 1.0000 1.0000
v 9.818033 5.836068 -0.775570 1.0000 1.0000 1.0000
v 10.004225 4.600000 -0.836067 1.0000 1.0000 1.0000
v 9.818033 3.363932 -0.775570 1.0000 1.0000 1.0000
v 9.277681 2.248859 -0.599999 1.0000 1.0000 1.0000
v 8.436066 1.363932 -0.326542 1.0000 1.0000 1.0000
v 7.375568 0.795774 0.018035 1.0000 1.0000 1.0000
v 7.436066 8.404226 0.400001 1.0000 1.0000 1.0000
v 8.551140 7.836068 0.400001 1.0000 1.0000 1.0000
v 9.436066 6.951141 0.400001 1.0000 1.0000 1.0000
v 10.004225 5.836068 0.400001 1.0000 1.0000 1.0000
v 10.199999 4.600000 0.400001 1.0000 1.0000 1.0000
v 10.004225 3.363932 0.400001 1.0000 1.0000 1.0000
v 9.436066 2.248859 0.400001 1.0000 1.0000 1.0000
v 8.551140 1.363932 0.400001 1.0000 1.0000 1.0000
v 7.436066 0.795774 0.400001 1.0000 1.0000 1.0000
v 7.375568 8.404226 0.781967 1.0000 1.0000 1.0000
v 8.436066 7.836068 1.126544 1.0000 1.0000 1.0000
v 9.277681 6.951141 1.400001 1.0000 1.0000 1.0000
v 9.818033 5.836068 1.575572 1.0000 1.0000 1.0000
v 10.004225 4.600000 1.636069 1.0000 1.0000 1.0000
v 9.818033 3.363932 1.575572 1.0000 1.0000 1.0000
v 9.277681 2.248859 1.400001 1.0000 1.0000 1.0000
v 8.436066 1.363932 1.126544 1.0000 1.0000 1.0000
v 7.375568 0.795774 0.781967 1.0000 1.0000 1.0000
v 7.199998 8.404226 1.126544 1.0000 1.0000 1.0000
v 8.102112 7.836068 1.781968 1.0000 1.0000 1.0000
v 8.818033 6.951141 2.302115 1.0000 1.0000 1.0000
v 9.277681 5.836068 2.636070 1.0000 1.0000 1.0000
v 9.436066 4.600000 2.751143 1.0000 1.0000 1.0000
v 9.277681 3.363932 2.636070 1.0000 1.0000 1.0000
v 8.818033 2.248859 2.302115 1.0000 1.0000 1.0000
v 8.102112 1.363932 1.781968 1.0000 1.0000 1.0000
v 7.199998 0.795774 1.126544 1.0000 1.0000 1.0000
v 6.926540 8.404226 1.400002 1.0000 1.0000 1.0000
v 7.581964 7.836068 2.302115 1.0000 1.0000 1.0000
v 8.102112 6.951141 3.018036 1.0000 1.0000 1.0000
v 8.436066 5.836068 3.477686 1.0000 1.0000 1.0000
v 8.551140 4.600000 3.636070 1.0000 1.0000 1.0000
v 8.436066 3.363932 3.477686 1.0000 1.0000 1.0000
v 8.102112 2.248859 3.018036 1.0000 1.0000 1.0000
v 7.581964 1.363932 2.302115 1.0000 1.0000 1.0000
v 6.926540 0.795774 1.400002 1.0000 1.0000 1.0000
v 6.581964 8.404226 1.575572 1.0000 1.0000 1.0000
v 6.926540 7.836068 2.636070 1.0000 1.0000 1.0000
v 7.199998 6.951141 3.477686 1.0000 1.0000 1.0000
v 7.375568 5.836068 4.018036 1.0000 1.0000 1.0000
v 7.436066 4.600000 4.204228 1.0000 1.0000 1.0000
v 7.375568 3.363932 4.018036 1.0000 1.0000 1.0000
v 7.199998 2.248859 3.477686 1.0000 1.0000 1.0000
v 6.926540 1.363932 2.636070 1.0000 1.0000 1.0000
v 6.581964 0.795774 1.575572 1.0000 1.0000 1.0000
v 6.199997 8.404226 1.636070 1.0000 1.0000 1.0000
v 6.199997 7.836068 2.751143 1.0000 1.0000 1.0000
v 6.199997 6.951141 3.636070 1.0000 1.0000 1.0000
v 6.199997 5.836068 4.204228 1.0000 1.0000 1.0000
v 6.199997 4.600000 4.400002 1.0000 1.0000 1.0000
v 6.199997 3.363932 4.204228 1.0000 1.0000 1.0000
v 6.199997 2.248859 3.636070 1.0000 1.0000 1.0000
v 6.199997 1.363932 2.751143 1.0000 1.0000 1.0000
v 6.199997 0.795774 1.636070 1.0000 1.0000 1.0000
v 5.818032 8.404226 1.575572 1.0000 1.0000 1.0000
v 5.473455 7.836068 2.636070 1.0000 1.0000 1.0000
v 5.199997 6.951141 3.477686 1.0000 1.0000 1.0000
v 5.024427 5.836068 4.018036 1.0000 1.0000 1.0000
v 4.963930 4.600000 4.204228 1.0000 1.0000 1.0000
v 5.024427 3.363932 4.018036 1.0000 1.0000 1.0000
v 5.199997 2.248859 3.477686 1.0000 1.0000 1.0000
v 5.473455 1.363932 2.636070 1.0000 1.0000 1.0000
v 5.818032 0.795774 1.575572 1.0000 1.0000 1.0000
v 5.473455 8.404226 1.400002 1.0000 1.0000 1.0000
v 4.818031 7.836068 2.302115 1.0000 1.0000 1.0000
v 4.297884 6.951141 3.018036 1.0000 1.0000 1.0000
v 3.963929 5.836068 3.477685 1.0000 1.0000 1.0000
v 3.848856 4.600000 3.636070 1.0000 1.0000 1.0000
v 3.963929 3.363932 3.477685 1.0000 1.0000 1.0000
v 4.297884 2.248859 3.018036 1.0000 1.0000 1.0000
v 4.818031 1.363932 2.302115 1.0000 1.0000 1.0000
v 5.473455 0.795774 1.400002 1.0000 1.0000 1.0000
v 5.199997 8.404226 1.126544 1.0000 1.0000 1.0000
v 4.297884 7.836068 1.781968 1.0000 1.0000 1.0000
v 3.581962 6.951141 2.302115 1.0000 1.0000 1.0000
v 3.122313 5.836068 2.636070 1.0000 1.0000 1.0000
v 2.963928 4.600000 2.751143 1.0000 1.0000 1.0000
v 3.122313 3.363932 2.636070 1.0000 1.0000 1.0000
v 3.581962 2.248859 2.302115 1.0000 1.0000 1.0000
v 4.297884 1.363932 1.781968 1.0000 1.0000 1.0000
v 5.199997 0.795774 1.126544 1.0000 1.0000 1.0000
v 5.024426 8.404226 0.781967 1.0000 1.0000 1.0000
v 3.963929 7.836068 1.126544 1.0000 1.0000 1.0000
v 3.122313 6.951141 1.400002 1.0000 1.0000 1.0000
v 2.581963 5.836068 1.575572 1.0000 1.0000 1.0000
v 2.395770 4.600000 1.636070 1.0000 1.0000 1.0000
v 2.581963 3.363932 1.575572 1.0000 1.0000 1.0000
v 3.122313 2.248859 1.400002 1.0000 1.0000 1.0000
v 3.963929 1.363932 1.126544 1.0000 1.0000 1.0000
v 5.024426 0.795774 0.781967 1.0000 1.0000 1.0000
v 4.963929 8.404226 0.400001 1.0000 1.0000 1.0000
v 3.848856 7.836068 0.400001 1.0000 1.0000 1.0000
v 2.963928 6.951141 0.400001 1.0000 1.0000 1.0000
v 2.395771 5.836068 0.400001 1.0000 1.0000 1.0000
v 2.199996 4.600000 0.400001 1.0000 1.0000 1.0000
v 2.395771 3.363932 0.400001 1.0000 1.0000 1.0000
v 2.963928 2.248859 0.400001 1.0000 1.0000 1.0000
v 3.848856 1.363932 0.400001 1.0000 1.0000 1.0000
v 4.963929 0.795774 0.400001 1.0000 1.0000 1.0000
v 5.024426 8.404226 0.018035 1.0000 1.0000 1.0000
v 3.963929 7.836068 -0.326542 1.0000 1.0000 1.0000
v 3.122313 6.951141 -0.600000 1.0000 1.0000 1.0000
v 2.581963 5.836068 -0.775570 1.0000 1.0000 1.0000
v 2.395770 4.600000 -0.836068 1.0000 1.0000 1.0000
v 2.581963 3.363932 -0.775570 1.0000 1.0000 1.0000
v 3.122313 2.248859 -0.600000 1.0000 1.0000 1.0000
v 3.963929 1.363932 -0.326542 1.0000 1.0000 1.0000
v 5.024426 0.795774 0.018035 1.0000 1.0000 1.0000
v 5.199997 8.404226 -0.326542 1.0000 1.0000 1.0000
v 4.297884 7.836068 -0.981966 1.0000 1.0000 1.0000
v 3.581962 6.951141 -1.502113 1.0000 1.0000 1.0000
v 3.122313 5.836068 -1.836068 1.0000 1.0000 1.0000
v 2.963928 4.600000 -1.951142 1.0000 1.0000 1.0000
v 3.122313 3.363932 -1.836068 1.0000 1.0000 1.0000
v 3.581962 2.248859 -1.502113 1.0000 1.0000 1.0000
v 4.297884 1.363932 -0.981966 1.0000 1.0000 1.0000
v 5.199997 0.795774 -0.326542 1.0000 1.0000 1.0000
v 5.473454 8.404226 -0.600000 1.0000 1.0000 1.0000
v 4.818031 7.836068 -1.502113 1.0000 1.0000 1.0000
v 4.297884 6.951141 -2.218035 1.0000 1.0000 1.0000
v 3.963929 5.836068 -2.677684 1.0000 1.0000 1.0000
v 3.848855 4.600000 -2.836070 1.0000 1.0000 1.0000
v 3.963929 3.363932 -2.677684 1.0000 1.0000 1.0000
v 4.297884 2.248859 -2.218035 1.0000 1.0000 1.0000
v 4.818031 1.363932 -1.502113 1.0000 1.0000 1.0000
v 5.473454 0.795774 -0.600000 1.0000 1.0000 1.0000
v 5.818031 8.404226 -0.775570 1.0000 1.0000 1.0000
v 5.473455 7.836068 -1.836068 1.0000 1.0000 1.0000
v 5.199997 6.951141 -2.677685 1.0000 1.0000 1.0000
v 5.024427 5.836068 -3.218034 1.0000 1.0000 1.0000
v 4.963929 4.600000 -3.404228 1.0000 1.0000 1.0000
v 5.024427 3.363932 -3.218034 1.0000 1.0000 1.0000
v 5.199997 2.248859 -2.677685 1.0000 1.0000 1.0000
v 5.473455 1.363932 -1.836068 1.0000 1.0000 1.0000
v 5.818031 0.795774 -0.775570 1.0000 1.0000 1.0000
v 6.199997 8.404226 -0.836068 1.0000 1.0000 1.0000
v 6.199997 3.363932 -3.404226 1.0000 1.0000 1.0000
v 6.199997 0.795774 -0.836068 1.0000 1.0000 1.0000
v 10.999998 6.600000 -0.399999 1.0000 1.0000 1.0000
v 10.999998 5.988855 -2.280912 1.0000 1.0000 1.0000
v 10.999998 4.388855 -3.443381 1.0000 1.0000 1.0000
v 10.999998 3.400000 -3.599999 1.0000 1.0000 1.0000
v 10.999998 2.411146 -3.443381 1.0000 1.0000 1.0000
v 10.999998 1.519087 -2.988854 1.0000 1.0000 1.0000
v 10.999998 0.811146 -2.280912 1.0000 1.0000 1.0000
v 10.999998 0.200000 -0.399999 1.0000 1.0000 1.0000
v 11.305571 6.443381 -1.340456 1.0000 1.0000 1.0000
v 11.581232 5.988855 -2.188854 1.0000 1.0000 1.0000
v 11.799997 5.280913 -2.862146 1.0000 1.0000 1.0000
v 11.940454 4.388855 -3.294427 1.0000 1.0000 1.0000
v 11.988852 3.400000 -3.443381 1.0000 1.0000 1.0000
v 11.940454 2.411146 -3.294427 1.0000 1.0000 1.0000
v 11.799997 1.519087 -2.862146 1.0000 1.0000 1.0000
v 11.581232 0.811146 -2.188854 1.0000 1.0000 1.0000
v 11.305571 0.356619 -1.340456 1.0000 1.0000 1.0000
v 11.581232 6.443381 -1.199999 1.0000 1.0000 1.0000
v 12.105572 5.988855 -1.921690 1.0000 1.0000 1.0000
v 12.521688 5.280913 -2.494426 1.0000 1.0000 1.0000
v 12.788853 4.388855 -2.862146 1.0000 1.0000 1.0000
v 12.880911 3.400000 -2.988854 1.0000 1.0000 1.0000
v 12.788853 2.411146 -2.862146 1.0000 1.0000 1.0000
v 12.521688 1.519087 -2.494426 1.0000 1.0000 1.0000
v 12.105572 0.811146 -1.921690 1.0000 1.0000 1.0000
v 11.581232 0.356619 -1.199999 1.0000 1.0000 1.0000
v 11.799997 6.443381 -0.981233 1.0000 1.0000 1.0000
v 12.521688 5.988855 -1.505572 1.0000 1.0000 1.0000
v 13.094425 5.280913 -1.921690 1.0000 1.0000 1.0000
v 13.462145 4.388855 -2.188854 1.0000 1.0000 1.0000
v 13.588852 3.400000 -2.280912 1.0000 1.0000 1.0000
v 13.462145 2.411146 -2.188854 1.0000 1.0000 1.0000
v 13.094425 1.519087 -1.921690 1.0000 1.0000 1.0000
v 12.521688 0.811146 -1.505572 1.0000 1.0000 1.0000
v 11.799997 0.356619 -0.981233 1.0000 1.0000 1.0000
v 11.940454 6.443381 -0.705572 1.0000 1.0000 1.0000
v 12.788853 5.988855 -0.981233 1.0000 1.0000 1.0000
v 13.462145 5.280913 -1.199999 1.0000 1.0000 1.0000
v 13.894424 4.388855 -1.340456 1.0000 1.0000 1.0000
v 14.043379 3.400000 -1.388854 1.0000 1.0000 1.0000
v 13.894424 2.411146 -1.340456 1.0000 1.0000 1.0000
v 13.462145 1.519087 -1.199999 1.0000 1.0000 1.0000
v 12.788853 0.811146 -0.981233 1.0000 1.0000 1.0000
v 11.940454 0.356619 -0.705572 1.0000 1.0000 1.0000
v 11.988852 6.443381 -0.399999 1.0000 1.0000 1.0000
v 12.880911 5.988855 -0.399999 1.0000 1.0000 1.0000
v 13.588852 5.280913 -0.399999 1.0000 1.0000 1.0000
v 14.043379 4.388855 -0.399999 1.0000 1.0000 1.0000
v 14.199997 3.400000 -0.399999 1.0000 1.0000 1.0000
v 14.043379 2.411146 -0.399999 1.0000 1.0000 1.0000
v 13.588852 1.519087 -0.399999 1.0000 1.0000 1.0000
v 12.880911 0.811146 -0.399999 1.0000 1.0000 1.0000
v 11.988852 0.356619 -0.399999 1.0000 1.0000 1.0000
v 11.940454 6.443381 -0.094426 1.0000 1.0000 1.0000
v 12.788853 5.988855 0.181235 1.0000 1.0000 1.0000
v 13.462145 5.280913 0.400001 1.0000 1.0000 1.0000
v 13.894424 4.388855 0.540457 1.0000 1.0000 1.0000
v 14.043379 3.400000 0.588856 1.0000 1.0000 1.0000
v 13.894424 2.411146 0.540457 1.0000 1.0000 1.0000
v 13.462145 1.519087 0.400001 1.0000 1.0000 1.0000
v 12.788853 0.811146 0.181235 1.0000 1.0000 1.0000
v 11.940454 0.356619 -0.094426 1.0000 1.0000 1.0000
v 11.799997 6.443381 0.181235 1.0000 1.0000 1.0000
v 12.521688 5.988855 0.705574 1.0000 1.0000 1.0000
v 13.094425 5.280913 1.121692 1.0000 1.0000 1.0000
v 13.462145 4.388855 1.388856 1.0000 1.0000 1.0000
v 13.588852 3.400000 1.480914 1.0000 1.0000 1.0000
v 13.462145 2.411146 1.388856 1.0000 1.0000 1.0000
v 13.094425 1.519087 1.121692 1.0000 1.0000 1.0000
v 12.521688 0.811146 0.705574 1.0000 1.0000 1.0000
v 11.799997 0.356619 0.181235 1.0000 1.0000 1.0000
v 11.581232 6.443381 0.400001 1.0000 1.0000 1.0000
v 12.105572 5.988855 1.121692 1.0000 1.0000 1.0000
v 12.521688 5.280913 1.694428 1.0000 1.0000 1.0000
v 12.788853 4.388855 2.062149 1.0000 1.0000 1.0000
v 12.880911 3.400000 2.188856 1.0000 1.0000 1.0000
v 12.788853 2.411146 2.062149 1.0000 1.0000 1.0000
v 12.521688 1.519087 1.694428 1.0000 1.0000 1.0000
v 12.105572 0.811146 1.121692 1.0000 1.0000 1.0000
v 11.581232 0.356619 0.400001 1.0000 1.0000 1.0000
v 11.305571 6.443381 0.540457 1.0000 1.0000 1.0000
v 11.581232 5.988855 1.388856 1.0000 1.0000 1.0000
v 11.799997 5.280913 2.062148 1.0000 1.0000 1.0000
v 11.940454 4.388855 2.494429 1.0000 1.0000 1.0000
v 11.988852 3.400000 2.643383 1.0000 1.0000 1.0000
v 11.940454 2.411146 2.494429 1.0000 1.0000 1.0000
v 11.799997 1.519087 2.062148 1.0000 1.0000 1.0000
v 11.581232 0.811146 1.388856 1.0000 1.0000 1.0000
v 11.305571 0.356619 0.540457 1.0000 1.0000 1.0000
v 10.999998 6.443381 0.588856 1.0000 1.0000 1.0000
v 10.999998 5.988855 1.480914 1.0000 1.0000 1.0000
v 10.999998 5.280913 2.188856 1.0000 1.0000 1.0000
v 10.999998 4.388855 2.643383 1.0000 1.0000 1.0000
v 10.999998 3.400000 2.800002 1.0000 1.0000 1.0000
v 10.999998 2.411146 2.643383 1.0000 1.0000 1.0000
v 10.999998 1.519087 2.188856 1.0000 1.0000 1.0000
v 10.999998 0.811146 1.480914 1.0000 1.0000 1.0000
v 10.999998 0.356619 0.588856 1.0000 1.0000 1.0000
v 10.694426 6.443381 0.540458 1.0000 1.0000 1.0000
v 10.418764 5.988855 1.388856 1.0000 1.0000 1.0000
v 10.199997 5.280913 2.062148 1.0000 1.0000 1.0000
v 10.059542 4.388855 2.494429 1.0000 1.0000 1.0000
v 10.011143 3.400000 2.643383 1.0000 1.0000 1.0000
v 10.059542 2.411146 2.494429 1.0000 1.0000 1.0000
v 10.199997 1.519087 2.062148 1.0000 1.0000 1.0000
v 10.418764 0.811146 1.388856 1.0000 1.0000 1.0000
v 10.694426 0.356619 0.540458 1.0000 1.0000 1.0000
v 10.418764 6.443381 0.400001 1.0000 1.0000 1.0000
v 9.894424 5.988855 1.121692 1.0000 1.0000 1.0000
v 9.478308 5.280913 1.694428 1.0000 1.0000 1.0000
v 9.211143 4.388855 2.062149 1.0000 1.0000 1.0000
v 9.119083 3.400000 2.188856 1.0000 1.0000 1.0000
v 9.211143 2.411146 2.062149 1.0000 1.0000 1.0000
v 9.478308 1.519087 1.694428 1.0000 1.0000 1.0000
v 9.894424 0.811146 1.121692 1.0000 1.0000 1.0000
v 10.418764 0.356619 0.400001 1.0000 1.0000 1.0000
v 10.199997 6.443381 0.181235 1.0000 1.0000 1.0000
v 9.478308 5.988855 0.705574 1.0000 1.0000 1.0000
v 8.905569 5.280913 1.121692 1.0000 1.0000 1.0000
v 8.537849 4.388855 1.388856 1.0000 1.0000 1.0000
v 8.411142 3.400000 1.480914 1.0000 1.0000 1.0000
v 8.537849 2.411146 1.388856 1.0000 1.0000 1.0000
v 8.905569 1.519087 1.121692 1.0000 1.0000 1.0000
v 9.478308 0.811146 0.705574 1.0000 1.0000 1.0000
v 10.199997 0.356619 0.181235 1.0000 1.0000 1.0000
v 10.059542 6.443381 -0.094426 1.0000 1.0000 1.0000
v 9.211143 5.988855 0.181235 1.0000 1.0000 1.0000
v 8.537851 5.280913 0.400001 1.0000 1.0000 1.0000
v 8.105570 4.388855 0.540457 1.0000 1.0000 1.0000
v 7.956616 3.400000 0.588856 1.0000 1.0000 1.0000
v 8.105570 2.411146 0.540457 1.0000 1.0000 1.0000
v 8.537851 1.519087 0.400001 1.0000 1.0000 1.0000
v 9.211143 0.811146 0.181235 1.0000 1.0000 1.0000
v 10.059542 0.356619 -0.094426 1.0000 1.0000 1.0000
v 10.011143 6.443381 -0.399999 1.0000 1.0000 1.0000
v 9.119085 5.988855 -0.399999 1.0000 1.0000 1.0000
v 8.411142 5.280913 -0.399999 1.0000 1.0000 1.0000
v 7.956616 4.388855 -0.400000 1.0000 1.0000 1.0000
v 7.799996 3.400000 -0.399999 1.0000 1.0000 1.0000
v 7.956616 2.411146 -0.400000 1.0000 1.0000 1.0000
v 8.411142 1.519087 -0.399999 1.0000 1.0000 1.0000
v 9.119085 0.811146 -0.399999 1.0000 1.0000 1.0000
v 10.011143 0.356619 -0.399999 1.0000 1.0000 1.0000
v 10.059542 6.443381 -0.705572 1.0000 1.0000 1.0000
v 9.211143 5.988855 -0.981233 1.0000 1.0000 1.0000
v 8.537851 5.280913 -1.199999 1.0000 1.0000 1.0000
v 8.105570 4.388855 -1.340456 1.0000 1.0000 1.0000
v 7.956615 3.400000 -1.388854 1.0000 1.0000 1.0000
v 8.105570 2.411146 -1.340456 1.0000 1.0000 1.0000
v 8.537851 1.519087 -1.199999 1.0000 1.0000 1.0000
v 9.211143 0.811146 -0.981233 1.0000 1.0000 1.0000
v 10.059542 0.356619 -0.705572 1.0000 1.0000 1.0000
v 10.199997 6.443381 -0.981233 1.0000 1.0000 1.0000
v 9.478308 5.988855 -1.505572 1.0000 1.0000 1.0000
v 8.905569 5.280913 -1.921690 1.0000 1.0000 1.0000
v 8.537849 4.388855 -2.188855 1.0000 1.0000 1.0000
v 8.411142 3.400000 -2.280913 1.0000 1.0000 1.0000
v 8.537849 2.411146 -2.188855 1.0000 1.0000 1.0000
v 8.905569 1.519087 -1.921690 1.0000 1.0000 1.0000
v 9.478308 0.811146 -1.505572 1.0000 1.0000 1.0000
v 10.199997 0.356619 -0.981233 1.0000 1.0000 1.0000
v 10.418764 6.443381 -1.199999 1.0000 1.0000 1.0000
v 9.894424 5.988855 -1.921690 1.0000 1.0000 1.0000
v 9.478308 5.280913 -2.494426 1.0000 1.0000 1.0000
v 9.211143 4.388855 -2.862148 1.0000 1.0000 1.0000
v 9.119083 3.400000 -2.988855 1.0000 1.0000 1.0000
v 9.211143 2.411146 -2.862148 1.0000 1.0000 1.0000
v 9.478308 1.519087 -2.494426 1.0000 1.0000 1.0000
v 9.894424 0.811146 -1.921690 1.0000 1.0000 1.0000
v 10.418764 0.356619 -1.199999 1.0000 1.0000 1.0000
v 10.694426 6.443381 -1.340456 1.0000 1.0000 1.0000
v 10.418764 5.988855 -2.188854 1.0000 1.0000 1.0000
v 10.199997 5.280913 -2.862146 1.0000 1.0000 1.0000
v 10.059542 4.388855 -3.294428 1.0000 1.0000 1.0000
v 10.011143 3.400000 -3.443382 1.0000 1.0000 1.0000
v 10.059542 2.411146 -3.294428 1.0000 1.0000 1.0000
v 10.199997 1.519087 -2.862146 1.0000 1.0000 1.0000
v 10.418764 0.811146 -2.188854 1.0000 1.0000 1.0000
v 10.694426 0.356619 -1.340456 1.0000 1.0000 1.0000
v 10.999998 6.443381 -1.388854 1.0000 1.0000 1.0000
v 10.999998 5.280913 -2.988854 1.0000 1.0000 1.0000
v 10.999998 0.356619 -1.388854 1.0000 1.0000 1.0000
v -3.000002 7.600000 -2.299999 1.0000 1.0000 1.0000
v -3.000002 7.433593 -3.350657 1.0000 1.0000 1.0000
v -3.000002 6.950658 -4.298470 1.0000 1.0000 1.0000
v -3.000002 6.198470 -5.050658 1.0000 1.0000 1.0000
v -3.000002 2.201530 -5.050658 1.0000 1.0000 1.0000
v -3.000002 1.449342 -4.298470 1.0000 1.0000 1.0000
v -3.000002 0.800000 -2.299999 1.0000 1.0000 1.0000
v -2.675331 7.433593 -3.299235 1.0000 1.0000 1.0000
v -2.382441 6.950658 -4.200657 1.0000 1.0000 1.0000
v -2.150002 6.198470 -4.916031 1.0000 1.0000 1.0000
v -2.000767 5.250658 -5.375329 1.0000 1.0000 1.0000
v -1.949345 4.200000 -5.533592 1.0000 1.0000 1.0000
v -2.000767 3.149342 -5.375329 1.0000 1.0000 1.0000
v -2.150002 2.201530 -4.916031 1.0000 1.0000 1.0000
v -2.382441 1.449342 -4.200657 1.0000 1.0000 1.0000
v -2.675331 0.966408 -3.299235 1.0000 1.0000 1.0000
v -2.382441 7.433593 -3.149999 1.0000 1.0000 1.0000
v -1.825331 6.950658 -3.916795 1.0000 1.0000 1.0000
v -1.383206 6.198470 -4.525329 1.0000 1.0000 1.0000
v -1.099344 5.250658 -4.916031 1.0000 1.0000 1.0000
v -1.001532 4.200000 -5.050658 1.0000 1.0000 1.0000
v -1.099344 3.149342 -4.916031 1.0000 1.0000 1.0000
v -1.383206 2.201530 -4.525329 1.0000 1.0000 1.0000
v -1.825331 1.449342 -3.916795 1.0000 1.0000 1.0000
v -2.382441 0.966408 -3.149999 1.0000 1.0000 1.0000
v -2.150002 7.433593 -2.917561 1.0000 1.0000 1.0000
v -1.383206 6.950658 -3.474671 1.0000 1.0000 1.0000
v -0.774673 6.198470 -3.916795 1.0000 1.0000 1.0000
v -0.383971 5.250658 -4.200657 1.0000 1.0000 1.0000
v -0.249344 4.200000 -4.298470 1.0000 1.0000 1.0000
v -0.383971 3.149342 -4.200657 1.0000 1.0000 1.0000
v -0.774673 2.201530 -3.916795 1.0000 1.0000 1.0000
v -1.383206 1.449342 -3.474671 1.0000 1.0000 1.0000
v -2.150002 0.966408 -2.917561 1.0000 1.0000 1.0000
v -2.000767 7.433593 -2.624671 1.0000 1.0000 1.0000
v -1.099344 6.950658 -2.917561 1.0000 1.0000 1.0000
v -0.383971 6.198470 -3.149999 1.0000 1.0000 1.0000
v 0.075327 5.250658 -3.299235 1.0000 1.0000 1.0000
v 0.233590 4.200000 -3.350657 1.0000 1.0000 1.0000
v 0.075327 3.149342 -3.299235 1.0000 1.0000 1.0000
v -0.383971 2.201530 -3.149999 1.0000 1.0000 1.0000
v -1.099344 1.449342 -2.917561 1.0000 1.0000 1.0000
v -2.000767 0.966408 -2.624671 1.0000 1.0000 1.0000
v -1.949344 7.433593 -2.299999 1.0000 1.0000 1.0000
v -1.001532 6.950658 -2.299999 1.0000 1.0000 1.0000
v -0.249344 6.198470 -2.299999 1.0000 1.0000 1.0000
v 0.233590 5.250658 -2.299999 1.0000 1.0000 1.0000
v 0.399998 4.200000 -2.299999 1.0000 1.0000 1.0000
v 0.233590 3.149342 -2.299999 1.0000 1.0000 1.0000
v -0.249344 2.201530 -2.299999 1.0000 1.0000 1.0000
v -1.001532 1.449342 -2.299999 1.0000 1.0000 1.0000
v -1.949344 0.966408 -2.299999 1.0000 1.0000 1.0000
v -2.000767 7.433593 -1.975328 1.0000 1.0000 1.0000
v -1.099344 6.950658 -1.682438 1.0000 1.0000 1.0000
v -0.383971 6.198470 -1.449999 1.0000 1.0000 1.0000
v 0.075327 5.250658 -1.300764 1.0000 1.0000 1.0000
v 0.233591 4.200000 -1.249341 1.0000 1.0000 1.0000
v 0.075327 3.149342 -1.300764 1.0000 1.0000 1.0000
v -0.383971 2.201530 -1.449999 1.0000 1.0000 1.0000
v -1.099344 1.449342 -1.682438 1.0000 1.0000 1.0000
v -2.000767 0.966408 -1.975328 1.0000 1.0000 1.0000
v -2.150002 7.433593 -1.682438 1.0000 1.0000 1.0000
v -1.383206 6.950658 -1.125328 1.0000 1.0000 1.0000
v -0.774673 6.198470 -0.683203 1.0000 1.0000 1.0000
v -0.383971 5.250658 -0.399341 1.0000 1.0000 1.0000
v -0.249344 4.200000 -0.301529 1.0000 1.0000 1.0000
v -0.383971 3.149342 -0.399341 1.0000 1.0000 1.0000
v -0.774673 2.201530 -0.683203 1.0000 1.0000 1.0000
v -1.383206 1.449342 -1.125328 1.0000 1.0000 1.0000
v -2.150002 0.966408 -1.682438 1.0000 1.0000 1.0000
v -2.382441 7.433593 -1.449999 1.0000 1.0000 1.0000
v -1.825331 6.950658 -0.683203 1.0000 1.0000 1.0000
v -1.383206 6.198470 -0.074670 1.0000 1.0000 1.0000
v -1.099344 5.250658 0.316033 1.0000 1.0000 1.0000
v -1.001532 4.200000 0.450660 1.0000 1.0000 1.0000
v -1.099344 3.149342 0.316033 1.0000 1.0000 1.0000
v -1.383206 2.201530 -0.074670 1.0000 1.0000 1.0000
v -1.825331 1.449342 -0.683203 1.0000 1.0000 1.0000
v -2.382441 0.966408 -1.449999 1.0000 1.0000 1.0000
v -2.675331 7.433593 -1.300764 1.0000 1.0000 1.0000
v -2.382441 6.950658 -0.399341 1.0000 1.0000 1.0000
v -2.150002 6.198470 0.316033 1.0000 1.0000 1.0000
v -2.000767 5.250658 0.775331 1.0000 1.0000 1.0000
v -1.949344 4.200000 0.933594 1.0000 1.0000 1.0000
v -2.000767 3.149342 0.775331 1.0000 1.0000 1.0000
v -2.150002 2.201530 0.316033 1.0000 1.0000 1.0000
v -2.382441 1.449342 -0.399341 1.0000 1.0000 1.0000
v -2.675331 0.966408 -1.300764 1.0000 1.0000 1.0000
v -3.000002 7.433593 -1.249341 1.0000 1.0000 1.0000
v -3.000002 6.950658 -0.301529 1.0000 1.0000 1.0000
v -3.000003 6.198470 0.450659 1.0000 1.0000 1.0000
v -3.000003 5.250658 0.933594 1.0000 1.0000 1.0000
v -3.000002 4.200000 1.100002 1.0000 1.0000 1.0000
v -3.000003 3.149342 0.933594 1.0000 1.0000 1.0000
v -3.000003 2.201530 0.450659 1.0000 1.0000 1.0000
v -3.000002 1.449342 -0.301529 1.0000 1.0000 1.0000
v -3.000002 0.966408 -1.249341 1.0000 1.0000 1.0000
v -3.324674 7.433593 -1.300764 1.0000 1.0000 1.0000
v -3.617563 6.950658 -0.399341 1.0000 1.0000 1.0000
v -3.850003 6.198470 0.316032 1.0000 1.0000 1.0000
v -3.999238 5.250658 0.775331 1.0000 1.0000 1.0000
v -4.050661 4.200000 0.933595 1.0000 1.0000 1.0000
v -3.999238 3.149342 0.775331 1.0000 1.0000 1.0000
v -3.850003 2.201530 0.316032 1.0000 1.0000 1.0000
v -3.617563 1.449342 -0.399341 1.0000 1.0000 1.0000
v -3.324674 0.966408 -1.300764 1.0000 1.0000 1.0000
v -3.617564 7.433593 -1.449999 1.0000 1.0000 1.0000
v -4.174674 6.950658 -0.683203 1.0000 1.0000 1.0000
v -4.616799 6.198470 -0.074670 1.0000 1.0000 1.0000
v -4.900661 5.250658 0.316033 1.0000 1.0000 1.0000
v -4.998473 4.200000 0.450660 1.0000 1.0000 1.0000
v -4.900661 3.149342 0.316033 1.0000 1.0000 1.0000
v -4.616799 2.201530 -0.074670 1.0000 1.0000 1.0000
v -4.174674 1.449342 -0.683203 1.0000 1.0000 1.0000
v -3.617564 0.966408 -1.449999 1.0000 1.0000 1.0000
v -3.850003 7.433593 -1.682438 1.0000 1.0000 1.0000
v -4.616798 6.950658 -1.125328 1.0000 1.0000 1.0000
v -5.225332 6.198470 -0.683203 1.0000 1.0000 1.0000
v -5.616034 5.250658 -0.399341 1.0000 1.0000 1.0000
v -5.750661 4.200000 -0.301528 1.0000 1.0000 1.0000
v -5.616034 3.149342 -0.399341 1.0000 1.0000 1.0000
v -5.225332 2.201530 -0.683203 1.0000 1.0000 1.0000
v -4.616798 1.449342 -1.125328 1.0000 1.0000 1.0000
v -3.850003 0.966408 -1.682438 1.0000 1.0000 1.0000
v -3.999238 7.433593 -1.975328 1.0000 1.0000 1.0000
v -4.900661 6.950658 -1.682438 1.0000 1.0000 1.0000
v -5.616034 6.198470 -1.449999 1.0000 1.0000 1.0000
v -6.075333 5.250658 -1.300764 1.0000 1.0000 1.0000
v -6.233596 4.200000 -1.249341 1.0000 1.0000 1.0000
v -6.075333 3.149342 -1.300764 1.0000 1.0000 1.0000
v -5.616034 2.201530 -1.449999 1.0000 1.0000 1.0000
v -4.900661 1.449342 -1.682438 1.0000 1.0000 1.0000
v -3.999238 0.966408 -1.975328 1.0000 1.0000 1.0000
v -4.050661 7.433593 -2.299999 1.0000 1.0000 1.0000
v -4.998473 6.950658 -2.299999 1.0000 1.0000 1.0000
v -5.750661 6.198470 -2.300000 1.0000 1.0000 1.0000
v -6.233596 5.250658 -2.299999 1.0000 1.0000 1.0000
v -6.400004 4.200000 -2.299999 1.0000 1.0000 1.0000
v -6.233596 3.149342 -2.299999 1.0000 1.0000 1.0000
v -5.750661 2.201530 -2.300000 1.0000 1.0000 1.0000
v -4.998473 1.449342 -2.299999 1.0000 1.0000 1.0000
v -4.050661 0.966408 -2.299999 1.0000 1.0000 1.0000
v -3.999238 7.433593 -2.624671 1.0000 1.0000 1.0000
v -4.900661 6.950658 -2.917561 1.0000 1.0000 1.0000
v -5.616034 6.198470 -3.150000 1.0000 1.0000 1.0000
v -6.075333 5.250658 -3.299235 1.0000 1.0000 1.0000
v -6.233596 4.200000 -3.350657 1.0000 1.0000 1.0000
v -6.075333 3.149342 -3.299235 1.0000 1.0000 1.0000
v -5.616034 2.201530 -3.150000 1.0000 1.0000 1.0000
v -4.900661 1.449342 -2.917561 1.0000 1.0000 1.0000
v -3.999238 0.966408 -2.624671 1.0000 1.0000 1.0000
v -3.850003 7.433593 -2.917561 1.0000 1.0000 1.0000
v -4.616799 6.950658 -3.474671 1.0000 1.0000 1.0000
v -5.225332 6.198470 -3.916797 1.0000 1.0000 1.0000
v -5.616035 5.250658 -4.200658 1.0000 1.0000 1.0000
v -5.750661 4.200000 -4.298470 1.0000 1.0000 1.0000
v -5.616035 3.149342 -4.200658 1.0000 1.0000 1.0000
v -5.225332 2.201530 -3.916797 1.0000 1.0000 1.0000
v -4.616799 1.449342 -3.474671 1.0000 1.0000 1.0000
v -3.850003 0.966408 -2.917561 1.0000 1.0000 1.0000
v -3.617564 7.433593 -3.150000 1.0000 1.0000 1.0000
v -4.174674 6.950658 -3.916796 1.0000 1.0000 1.0000
v -4.616798 6.198470 -4.525330 1.0000 1.0000 1.0000
v -4.900661 5.250658 -4.916032 1.0000 1.0000 1.0000
v -4.998474 4.200000 -5.050659 1.0000 1.0000 1.0000
v -4.900661 3.149342 -4.916032 1.0000 1.0000 1.0000
v -4.616798 2.201530 -4.525330 1.0000 1.0000 1.0000
v -4.174674 1.449342 -3.916796 1.0000 1.0000 1.0000
v -3.617564 0.966408 -3.150000 1.0000 1.0000 1.0000
v -3.324674 7.433593 -3.299235 1.0000 1.0000 1.0000
v -3.617564 6.950658 -4.200658 1.0000 1.0000 1.0000
v -3.850002 6.198470 -4.916031 1.0000 1.0000 1.0000
v -3.999238 5.250658 -5.375330 1.0000 1.0000 1.0000
v -4.050661 4.200000 -5.533594 1.0000 1.0000 1.0000
v -3.999238 3.149342 -5.375330 1.0000 1.0000 1.0000
v -3.850002 2.201530 -4.916031 1.0000 1.0000 1.0000
v -3.617564 1.449342 -4.200658 1.0000 1.0000 1.0000
v -3.324674 0.966408 -3.299235 1.0000 1.0000 1.0000
v -3.000002 5.250658 -5.533594 1.0000 1.0000 1.0000
v -3.000003 4.200000 -5.700001 1.0000 1.0000 1.0000
v -3.000002 3.149342 -5.533594 1.0000 1.0000 1.0000
v -3.000002 0.966408 -3.350658 1.0000 1.0000 1.0000
v 3.599998 7.400001 -2.399999 1.0000 1.0000 1.0000
v 3.599998 7.233592 -3.450658 1.0000 1.0000 1.0000
v 3.599998 6.750658 -4.398469 1.0000 1.0000 1.0000
v 3.599998 5.998470 -5.150658 1.0000 1.0000 1.0000
v 3.599998 2.001530 -5.150658 1.0000 1.0000 1.0000
v 3.599998 1.249342 -4.398469 1.0000 1.0000 1.0000
v 3.599998 0.600000 -2.399999 1.0000 1.0000 1.0000
v 3.924669 7.233592 -3.399235 1.0000 1.0000 1.0000
v 4.217559 6.750658 -4.300658 1.0000 1.0000 1.0000
v 4.449998 5.998470 -5.016031 1.0000 1.0000 1.0000
v 4.599233 5.050658 -5.475329 1.0000 1.0000 1.0000
v 4.650656 4.000000 -5.633592 1.0000 1.0000 1.0000
v 4.599233 2.949342 -5.475329 1.0000 1.0000 1.0000
v 4.449998 2.001530 -5.016031 1.0000 1.0000 1.0000
v 4.217559 1.249342 -4.300658 1.0000 1.0000 1.0000
v 3.924669 0.766408 -3.399235 1.0000 1.0000 1.0000
v 4.217559 7.233592 -3.250000 1.0000 1.0000 1.0000
v 4.774669 6.750658 -4.016796 1.0000 1.0000 1.0000
v 5.216794 5.998470 -4.625329 1.0000 1.0000 1.0000
v 5.500656 5.050658 -5.016031 1.0000 1.0000 1.0000
v 5.598468 4.000000 -5.150658 1.0000 1.0000 1.0000
v 5.500656 2.949342 -5.016031 1.0000 1.0000 1.0000
v 5.216794 2.001530 -4.625329 1.0000 1.0000 1.0000
v 4.774669 1.249342 -4.016796 1.0000 1.0000 1.0000
v 4.217559 0.766408 -3.250000 1.0000 1.0000 1.0000
v 4.449998 7.233592 -3.017561 1.0000 1.0000 1.0000
v 5.216794 6.750658 -3.574671 1.0000 1.0000 1.0000
v 5.825327 5.998470 -4.016796 1.0000 1.0000 1.0000
v 6.216029 5.050658 -4.300658 1.0000 1.0000 1.0000
v 6.350656 4.000000 -4.398470 1.0000 1.0000 1.0000
v 6.216029 2.949342 -4.300658 1.0000 1.0000 1.0000
v 5.825327 2.001530 -4.016796 1.0000 1.0000 1.0000
v 5.216794 1.249342 -3.574671 1.0000 1.0000 1.0000
v 4.449998 0.766408 -3.017561 1.0000 1.0000 1.0000
v 4.599233 7.233592 -2.724671 1.0000 1.0000 1.0000
v 5.500656 6.750658 -3.017561 1.0000 1.0000 1.0000
v 6.216029 5.998470 -3.250000 1.0000 1.0000 1.0000
v 6.675326 5.050658 -3.399235 1.0000 1.0000 1.0000
v 6.833591 4.000000 -3.450658 1.0000 1.0000 1.0000
v 6.675326 2.949342 -3.399235 1.0000 1.0000 1.0000
v 6.216029 2.001530 -3.250000 1.0000 1.0000 1.0000
v 5.500656 1.249342 -3.017561 1.0000 1.0000 1.0000
v 4.599233 0.766408 -2.724671 1.0000 1.0000 1.0000
v 4.650656 7.233592 -2.399999 1.0000 1.0000 1.0000
v 5.598468 6.750658 -2.399999 1.0000 1.0000 1.0000
v 6.350656 5.998470 -2.399999 1.0000 1.0000 1.0000
v 6.833591 5.050658 -2.399999 1.0000 1.0000 1.0000
v 6.999999 4.000000 -2.399999 1.0000 1.0000 1.0000
v 6.833591 2.949342 -2.399999 1.0000 1.0000 1.0000
v 6.350656 2.001530 -2.399999 1.0000 1.0000 1.0000
v 5.598468 1.249342 -2.399999 1.0000 1.0000 1.0000
v 4.650656 0.766408 -2.399999 1.0000 1.0000 1.0000
v 4.599233 7.233592 -2.075328 1.0000 1.0000 1.0000
v 5.500656 6.750658 -1.782438 1.0000 1.0000 1.0000
v 6.216029 5.998470 -1.549999 1.0000 1.0000 1.0000
v 6.675327 5.050658 -1.400764 1.0000 1.0000 1.0000
v 6.833591 4.000000 -1.349341 1.0000 1.0000 1.0000
v 6.675327 2.949342 -1.400764 1.0000 1.0000 1.0000
v 6.216029 2.001530 -1.549999 1.0000 1.0000 1.0000
v 5.500656 1.249342 -1.782438 1.0000 1.0000 1.0000
v 4.599233 0.766408 -2.075328 1.0000 1.0000 1.0000
v 4.449998 7.233592 -1.782438 1.0000 1.0000 1.0000
v 5.216794 6.750658 -1.225328 1.0000 1.0000 1.0000
v 5.825327 5.998470 -0.783203 1.0000 1.0000 1.0000
v 6.216029 5.050658 -0.499341 1.0000 1.0000 1.0000
v 6.350656 4.000000 -0.401529 1.0000 1.0000 1.0000
v 6.216029 2.949342 -0.499341 1.0000 1.0000 1.0000
v 5.825327 2.001530 -0.783203 1.0000 1.0000 1.0000
v 5.216794 1.249342 -1.225328 1.0000 1.0000 1.0000
v 4.449998 0.766408 -1.782438 1.0000 1.0000 1.0000
v 4.217559 7.233592 -1.549999 1.0000 1.0000 1.0000
v 4.774669 6.750658 -0.783203 1.0000 1.0000 1.0000
v 5.216794 5.998470 -0.174670 1.0000 1.0000 1.0000
v 5.500656 5.050658 0.216032 1.0000 1.0000 1.0000
v 5.598468 4.000000 0.350660 1.0000 1.0000 1.0000
v 5.500656 2.949342 0.216032 1.0000 1.0000 1.0000
v 5.216794 2.001530 -0.174670 1.0000 1.0000 1.0000
v 4.774669 1.249342 -0.783203 1.0000 1.0000 1.0000
v 4.217559 0.766408 -1.549999 1.0000 1.0000 1.0000
v 3.924669 7.233592 -1.400764 1.0000 1.0000 1.0000
v 4.217559 6.750658 -0.499341 1.0000 1.0000 1.0000
v 4.449997 5.998470 0.216032 1.0000 1.0000 1.0000
v 4.599233 5.050658 0.675330 1.0000 1.0000 1.0000
v 4.650656 4.000000 0.833594 1.0000 1.0000 1.0000
v 4.599233 2.949342 0.675330 1.0000 1.0000 1.0000
v 4.449997 2.001530 0.216032 1.0000 1.0000 1.0000
v 4.217559 1.249342 -0.499341 1.0000 1.0000 1.0000
v 3.924669 0.766408 -1.400764 1.0000 1.0000 1.0000
v 3.599998 7.233592 -1.349341 1.0000 1.0000 1.0000
v 3.599998 6.750658 -0.401529 1.0000 1.0000 1.0000
v 3.599997 5.998470 0.350659 1.0000 1.0000 1.0000
v 3.599998 5.050658 0.833594 1.0000 1.0000 1.0000
v 3.599998 4.000000 1.000002 1.0000 1.0000 1.0000
v 3.599998 2.949342 0.833594 1.0000 1.0000 1.0000
v 3.599997 2.001530 0.350659 1.0000 1.0000 1.0000
v 3.599998 1.249342 -0.401529 1.0000 1.0000 1.0000
v 3.599998 0.766408 -1.349341 1.0000 1.0000 1.0000
v 3.275326 7.233592 -1.400764 1.0000 1.0000 1.0000
v 2.982436 6.750658 -0.499341 1.0000 1.0000 1.0000
v 2.749997 5.998470 0.216032 1.0000 1.0000 1.0000
v 2.600762 5.050658 0.675331 1.0000 1.0000 1.0000
v 2.549340 4.000000 0.833594 1.0000 1.0000 1.0000
v 2.600762 2.949342 0.675331 1.0000 1.0000 1.0000
v 2.749997 2.001530 0.216032 1.0000 1.0000 1.0000
v 2.982436 1.249342 -0.499341 1.0000 1.0000 1.0000
v 3.275326 0.766408 -1.400764 1.0000 1.0000 1.0000
v 2.982436 7.233592 -1.549999 1.0000 1.0000 1.0000
v 2.425326 6.750658 -0.783203 1.0000 1.0000 1.0000
v 1.983201 5.998470 -0.174670 1.0000 1.0000 1.0000
v 1.699339 5.050658 0.216033 1.0000 1.0000 1.0000
v 1.601527 4.000000 0.350660 1.0000 1.0000 1.0000
v 1.699339 2.949342 0.216033 1.0000 1.0000 1.0000
v 1.983201 2.001530 -0.174670 1.0000 1.0000 1.0000
v 2.425326 1.249342 -0.783203 1.0000 1.0000 1.0000
v 2.982436 0.766408 -1.549999 1.0000 1.0000 1.0000
v 2.749997 7.233592 -1.782438 1.0000 1.0000 1.0000
v 1.983201 6.750658 -1.225328 1.0000 1.0000 1.0000
v 1.374668 5.998470 -0.783203 1.0000 1.0000 1.0000
v 0.983966 5.050658 -0.499341 1.0000 1.0000 1.0000
v 0.849339 4.000000 -0.401529 1.0000 1.0000 1.0000
v 0.983966 2.949342 -0.499341 1.0000 1.0000 1.0000
v 1.374668 2.001530 -0.783203 1.0000 1.0000 1.0000
v 1.983201 1.249342 -1.225328 1.0000 1.0000 1.0000
v 2.749997 0.766408 -1.782438 1.0000 1.0000 1.0000
v 2.600762 7.233592 -2.075328 1.0000 1.0000 1.0000
v 1.699339 6.750658 -1.782438 1.0000 1.0000 1.0000
v 0.983966 5.998470 -1.550000 1.0000 1.0000 1.0000
v 0.524668 5.050658 -1.400764 1.0000 1.0000 1.0000
v 0.366404 4.000000 -1.349341 1.0000 1.0000 1.0000
v 0.524668 2.949342 -1.400764 1.0000 1.0000 1.0000
v 0.983966 2.001530 -1.550000 1.0000 1.0000 1.0000
v 1.699339 1.249342 -1.782438 1.0000 1.0000 1.0000
v 2.600762 0.766408 -2.075328 1.0000 1.0000 1.0000
v 2.549339 7.233592 -2.399999 1.0000 1.0000 1.0000
v 1.601527 6.750658 -2.399999 1.0000 1.0000 1.0000
v 0.849339 5.998470 -2.400000 1.0000 1.0000 1.0000
v 0.366404 5.050658 -2.399999 1.0000 1.0000 1.0000
v 0.199996 4.000000 -2.399999 1.0000 1.0000 1.0000
v 0.366404 2.949342 -2.399999 1.0000 1.0000 1.0000
v 0.849339 2.001530 -2.400000 1.0000 1.0000 1.0000
v 1.601527 1.249342 -2.399999 1.0000 1.0000 1.0000
v 2.549339 0.766408 -2.399999 1.0000 1.0000 1.0000
v 2.600762 7.233592 -2.724671 1.0000 1.0000 1.0000
v 1.699339 6.750658 -3.017561 1.0000 1.0000 1.0000
v 0.983966 5.998470 -3.250001 1.0000 1.0000 1.0000
v 0.524667 5.050658 -3.399235 1.0000 1.0000 1.0000
v 0.366404 4.000000 -3.450658 1.0000 1.0000 1.0000
v 0.524667 2.949342 -3.399235 1.0000 1.0000 1.0000
v 0.983966 2.001530 -3.250001 1.0000 1.0000 1.0000
v 1.699339 1.249342 -3.017561 1.0000 1.0000 1.0000
v 2.600762 0.766408 -2.724671 1.0000 1.0000 1.0000
v 2.749997 7.233592 -3.017561 1.0000 1.0000 1.0000
v 1.983201 6.750658 -3.574671 1.0000 1.0000 1.0000
v 1.374668 5.998470 -4.016797 1.0000 1.0000 1.0000
v 0.983965 5.050658 -4.300658 1.0000 1.0000 1.0000
v 0.849338 4.000000 -4.398470 1.0000 1.0000 1.0000
v 0.983965 2.949342 -4.300658 1.0000 1.0000 1.0000
v 1.374668 2.001530 -4.016797 1.0000 1.0000 1.0000
v 1.983201 1.249342 -3.574671 1.0000 1.0000 1.0000
v 2.749997 0.766408 -3.017561 1.0000 1.0000 1.0000
v 2.982436 7.233592 -3.250000 1.0000 1.0000 1.0000
v 2.425326 6.750658 -4.016797 1.0000 1.0000 1.0000
v 1.983202 5.998470 -4.625330 1.0000 1.0000 1.0000
v 1.699339 5.050658 -5.016032 1.0000 1.0000 1.0000
v 1.601527 4.000000 -5.150659 1.0000 1.0000 1.0000
v 1.699339 2.949342 -5.016032 1.0000 1.0000 1.0000
v 1.983202 2.001530 -4.625330 1.0000 1.0000 1.0000
v 2.425326 1.249342 -4.016797 1.0000 1.0000 1.0000
v 2.982436 0.766408 -3.250000 1.0000 1.0000 1.0000
v 3.275326 7.233592 -3.399235 1.0000 1.0000 1.0000
v 2.982436 6.750658 -4.300658 1.0000 1.0000 1.0000
v 2.749998 5.998470 -5.016032 1.0000 1.0000 1.0000
v 2.600762 5.050658 -5.475330 1.0000 1.0000 1.0000
v 2.549339 4.000000 -5.633594 1.0000 1.0000 1.0000
v 2.600762 2.949342 -5.475330 1.0000 1.0000 1.0000
v 2.749998 2.001530 -5.016032 1.0000 1.0000 1.0000
v 2.982436 1.249342 -4.300658 1.0000 1.0000 1.0000
v 3.275326 0.766408 -3.399235 1.0000 1.0000 1.0000
v 3.599998 5.050658 -5.633594 1.0000 1.0000 1.0000
v 3.599998 4.000000 -5.800002 1.0000 1.0000 1.0000
v 3.599998 2.949342 -5.633594 1.0000 1.0000 1.0000
v 3.599998 0.766408 -3.450658 1.0000 1.0000 1.0000
v -2.600002 6.200000 2.700001 1.0000 1.0000 1.0000
v -2.600002 5.684346 1.112981 1.0000 1.0000 1.0000
v -2.600002 5.087021 0.515655 1.0000 1.0000 1.0000
v -2.600002 4.334346 0.132148 1.0000 1.0000 1.0000
v -2.600002 1.912980 0.515655 1.0000 1.0000 1.0000
v -2.600002 1.315654 1.112981 1.0000 1.0000 1.0000
v -2.600002 0.800000 2.700001 1.0000 1.0000 1.0000
v -2.342175 6.067853 1.906491 1.0000 1.0000 1.0000
v -2.109586 5.684346 1.190655 1.0000 1.0000 1.0000
v -1.925002 5.087021 0.622565 1.0000 1.0000 1.0000
v -1.806492 4.334346 0.257828 1.0000 1.0000 1.0000
v -1.765656 3.500000 0.132148 1.0000 1.0000 1.0000
v -1.806492 2.665654 0.257828 1.0000 1.0000 1.0000
v -1.925002 1.912980 0.622565 1.0000 1.0000 1.0000
v -2.109586 1.315654 1.190655 1.0000 1.0000 1.0000
v -2.342175 0.932148 1.906491 1.0000 1.0000 1.0000
v -2.109586 6.067853 2.025001 1.0000 1.0000 1.0000
v -1.667175 5.684346 1.416075 1.0000 1.0000 1.0000
v -1.316076 5.087021 0.932828 1.0000 1.0000 1.0000
v -1.090656 4.334346 0.622564 1.0000 1.0000 1.0000
v -1.012982 3.500000 0.515655 1.0000 1.0000 1.0000
v -1.090656 2.665654 0.622564 1.0000 1.0000 1.0000
v -1.316076 1.912980 0.932828 1.0000 1.0000 1.0000
v -1.667175 1.315654 1.416075 1.0000 1.0000 1.0000
v -2.109586 0.932148 2.025001 1.0000 1.0000 1.0000
v -1.925002 6.067853 2.209585 1.0000 1.0000 1.0000
v -1.316076 5.684346 1.767174 1.0000 1.0000 1.0000
v -0.832829 5.087021 1.416075 1.0000 1.0000 1.0000
v -0.522565 4.334346 1.190655 1.0000 1.0000 1.0000
v -0.415656 3.500000 1.112981 1.0000 1.0000 1.0000
v -0.522565 2.665654 1.190655 1.0000 1.0000 1.0000
v -0.832829 1.912980 1.416075 1.0000 1.0000 1.0000
v -1.316076 1.315654 1.767174 1.0000 1.0000 1.0000
v -1.925002 0.932148 2.209585 1.0000 1.0000 1.0000
v -1.806492 6.067853 2.442174 1.0000 1.0000 1.0000
v -1.090656 5.684346 2.209585 1.0000 1.0000 1.0000
v -0.522566 5.087021 2.025001 1.0000 1.0000 1.0000
v -0.157829 4.334346 1.906491 1.0000 1.0000 1.0000
v -0.032149 3.500000 1.865655 1.0000 1.0000 1.0000
v -0.157829 2.665654 1.906491 1.0000 1.0000 1.0000
v -0.522566 1.912980 2.025001 1.0000 1.0000 1.0000
v -1.090656 1.315654 2.209585 1.0000 1.0000 1.0000
v -1.806492 0.932148 2.442174 1.0000 1.0000 1.0000
v -1.765656 6.067853 2.700001 1.0000 1.0000 1.0000
v -1.012982 5.684346 2.700001 1.0000 1.0000 1.0000
v -0.415656 5.087021 2.700001 1.0000 1.0000 1.0000
v -0.032149 4.334346 2.700001 1.0000 1.0000 1.0000
v 0.099998 3.500000 2.700001 1.0000 1.0000 1.0000
v -0.032149 2.665654 2.700001 1.0000 1.0000 1.0000
v -0.415656 1.912980 2.700001 1.0000 1.0000 1.0000
v -1.012982 1.315654 2.700001 1.0000 1.0000 1.0000
v -1.765656 0.932148 2.700001 1.0000 1.0000 1.0000
v -1.806492 6.067853 2.957829 1.0000 1.0000 1.0000
v -1.090656 5.684346 3.190418 1.0000 1.0000 1.0000
v -0.522566 5.087021 3.375001 1.0000 1.0000 1.0000
v -0.157829 4.334346 3.493511 1.0000 1.0000 1.0000
v -0.032149 3.500000 3.534348 1.0000 1.0000 1.0000
v -0.157829 2.665654 3.493511 1.0000 1.0000 1.0000
v -0.522566 1.912980 3.375001 1.0000 1.0000 1.0000
v -1.090656 1.315654 3.190418 1.0000 1.0000 1.0000
v -1.806492 0.932148 2.957829 1.0000 1.0000 1.0000
v -1.925002 6.067853 3.190418 1.0000 1.0000 1.0000
v -1.316076 5.684346 3.632829 1.0000 1.0000 1.0000
v -0.832829 5.087021 3.983928 1.0000 1.0000 1.0000
v -0.522565 4.334346 4.209348 1.0000 1.0000 1.0000
v -0.415656 3.500000 4.287022 1.0000 1.0000 1.0000
v -0.522565 2.665654 4.209348 1.0000 1.0000 1.0000
v -0.832829 1.912980 3.983928 1.0000 1.0000 1.0000
v -1.316076 1.315654 3.632829 1.0000 1.0000 1.0000
v -1.925002 0.932148 3.190418 1.0000 1.0000 1.0000
v -2.109586 6.067853 3.375002 1.0000 1.0000 1.0000
v -1.667175 5.684346 3.983928 1.0000 1.0000 1.0000
v -1.316076 5.087021 4.467175 1.0000 1.0000 1.0000
v -1.090656 4.334346 4.777439 1.0000 1.0000 1.0000
v -1.012982 3.500000 4.884348 1.0000 1.0000 1.0000
v -1.090656 2.665654 4.777439 1.0000 1.0000 1.0000
v -1.316076 1.912980 4.467175 1.0000 1.0000 1.0000
v -1.667175 1.315654 3.983928 1.0000 1.0000 1.0000
v -2.109586 0.932148 3.375002 1.0000 1.0000 1.0000
v -2.342175 6.067853 3.493512 1.0000 1.0000 1.0000
v -2.109586 5.684346 4.209348 1.0000 1.0000 1.0000
v -1.925002 5.087021 4.777438 1.0000 1.0000 1.0000
v -1.806492 4.334346 5.142176 1.0000 1.0000 1.0000
v -1.765656 3.500000 5.267855 1.0000 1.0000 1.0000
v -1.806492 2.665654 5.142176 1.0000 1.0000 1.0000
v -1.925002 1.912980 4.777438 1.0000 1.0000 1.0000
v -2.109586 1.315654 4.209348 1.0000 1.0000 1.0000
v -2.342175 0.932148 3.493512 1.0000 1.0000 1.0000
v -2.600002 6.067853 3.534348 1.0000 1.0000 1.0000
v -2.600002 5.684346 4.287022 1.0000 1.0000 1.0000
v -2.600002 5.087021 4.884348 1.0000 1.0000 1.0000
v -2.600002 4.334346 5.267855 1.0000 1.0000 1.0000
v -2.600002 3.500000 5.400002 1.0000 1.0000 1.0000
v -2.600002 2.665654 5.267855 1.0000 1.0000 1.0000
v -2.600002 1.912980 4.884348 1.0000 1.0000 1.0000
v -2.600002 1.315654 4.287022 1.0000 1.0000 1.0000
v -2.600002 0.932148 3.534348 1.0000 1.0000 1.0000
v -2.857830 6.067853 3.493512 1.0000 1.0000 1.0000
v -3.090419 5.684346 4.209348 1.0000 1.0000 1.0000
v -3.275002 5.087021 4.777438 1.0000 1.0000 1.0000
v -3.393513 4.334346 5.142176 1.0000 1.0000 1.0000
v -3.434349 3.500000 5.267855 1.0000 1.0000 1.0000
v -3.393513 2.665654 5.142176 1.0000 1.0000 1.0000
v -3.275002 1.912980 4.777438 1.0000 1.0000 1.0000
v -3.090419 1.315654 4.209348 1.0000 1.0000 1.0000
v -2.857830 0.932148 3.493512 1.0000 1.0000 1.0000
v -3.090419 6.067853 3.375002 1.0000 1.0000 1.0000
v -3.532830 5.684346 3.983928 1.0000 1.0000 1.0000
v -3.883929 5.087021 4.467175 1.0000 1.0000 1.0000
v -4.109349 4.334346 4.777439 1.0000 1.0000 1.0000
v -4.187023 3.500000 4.884348 1.0000 1.0000 1.0000
v -4.109349 2.665654 4.777439 1.0000 1.0000 1.0000
v -3.883929 1.912980 4.467175 1.0000 1.0000 1.0000
v -3.532830 1.315654 3.983928 1.0000 1.0000 1.0000
v -3.090419 0.932148 3.375002 1.0000 1.0000 1.0000
v -3.275002 6.067853 3.190418 1.0000 1.0000 1.0000
v -3.883929 5.684346 3.632829 1.0000 1.0000 1.0000
v -4.367176 5.087021 3.983928 1.0000 1.0000 1.0000
v -4.677440 4.334346 4.209348 1.0000 1.0000 1.0000
v -4.784349 3.500000 4.287022 1.0000 1.0000 1.0000
v -4.677440 2.665654 4.209348 1.0000 1.0000 1.0000
v -4.367176 1.912980 3.983928 1.0000 1.0000 1.0000
v -3.883929 1.315654 3.632829 1.0000 1.0000 1.0000
v -3.275002 0.932148 3.190418 1.0000 1.0000 1.0000
v -3.393513 6.067853 2.957829 1.0000 1.0000 1.0000
v -4.109349 5.684346 3.190418 1.0000 1.0000 1.0000
v -4.677440 5.087021 3.375002 1.0000 1.0000 1.0000
v -5.042176 4.334346 3.493512 1.0000 1.0000 1.0000
v -5.167856 3.500000 3.534348 1.0000 1.0000 1.0000
v -5.042176 2.665654 3.493512 1.0000 1.0000 1.0000
v -4.677440 1.912980 3.375002 1.0000 1.0000 1.0000
v -4.109349 1.315654 3.190418 1.0000 1.0000 1.0000
v -3.393513 0.932148 2.957829 1.0000 1.0000 1.0000
v -3.434349 6.067853 2.700001 1.0000 1.0000 1.0000
v -4.187023 5.684346 2.700001 1.0000 1.0000 1.0000
v -4.784349 5.087021 2.700001 1.0000 1.0000 1.0000
v -5.167856 4.334346 2.700001 1.0000 1.0000 1.0000
v -5.300003 3.500000 2.700001 1.0000 1.0000 1.0000
v -5.167856 2.665654 2.700001 1.0000 1.0000 1.0000
v -4.784349 1.912980 2.700001 1.0000 1.0000 1.0000
v -4.187023 1.315654 2.700001 1.0000 1.0000 1.0000
v -3.434349 0.932148 2.700001 1.0000 1.0000 1.0000
v -3.393513 6.067853 2.442174 1.0000 1.0000 1.0000
v -4.109349 5.684346 2.209585 1.0000 1.0000 1.0000
v -4.677440 5.087021 2.025001 1.0000 1.0000 1.0000
v -5.042176 4.334346 1.906491 1.0000 1.0000 1.0000
v -5.167856 3.500000 1.865655 1.0000 1.0000 1.0000
v -5.042176 2.665654 1.906491 1.0000 1.0000 1.0000
v -4.677440 1.912980 2.025001 1.0000 1.0000 1.0000
v -4.109349 1.315654 2.209585 1.0000 1.0000 1.0000
v -3.393513 0.932148 2.442174 1.0000 1.0000 1.0000
v -3.275002 6.067853 2.209585 1.0000 1.0000 1.0000
v -3.883929 5.684346 1.767174 1.0000 1.0000 1.0000
v -4.367176 5.087021 1.416075 1.0000 1.0000 1.0000
v -4.677440 4.334346 1.190655 1.0000 1.0000 1.0000
v -4.784349 3.500000 1.112981 1.0000 1.0000 1.0000
v -4.677440 2.665654 1.190655 1.0000 1.0000 1.0000
v -4.367176 1.912980 1.416075 1.0000 1.0000 1.0000
v -3.883929 1.315654 1.767174 1.0000 1.0000 1.0000
v -3.275002 0.932148 2.209585 1.0000 1.0000 1.0000
v -3.090419 6.067853 2.025001 1.0000 1.0000 1.0000
v -3.532830 5.684346 1.416074 1.0000 1.0000 1.0000
v -3.883929 5.087021 0.932828 1.0000 1.0000 1.0000
v -4.109349 4.334346 0.622564 1.0000 1.0000 1.0000
v -4.187023 3.500000 0.515654 1.0000 1.0000 1.0000
v -4.109349 2.665654 0.622564 1.0000 1.0000 1.0000
v -3.883929 1.912980 0.932828 1.0000 1.0000 1.0000
v -3.532830 1.315654 1.416074 1.0000 1.0000 1.0000
v -3.090419 0.932148 2.025001 1.0000 1.0000 1.0000
v -2.857830 6.067853 1.906491 1.0000 1.0000 1.0000
v -3.090419 5.684346 1.190655 1.0000 1.0000 1.0000
v -3.275002 5.087021 0.622564 1.0000 1.0000 1.0000
v -3.393512 4.334346 0.257827 1.0000 1.0000 1.0000
v -3.434349 3.500000 0.132147 1.0000 1.0000 1.0000
v -3.393512 2.665654 0.257827 1.0000 1.0000 1.0000
v -3.275002 1.912980 0.622564 1.0000 1.0000 1.0000
v -3.090419 1.315654 1.190655 1.0000 1.0000 1.0000
v -2.857830 0.932148 1.906491 1.0000 1.0000 1.0000
v -2.600002 6.067853 1.865655 1.0000 1.0000 1.0000
v -2.600003 3.500000 -0.000000 1.0000 1.0000 1.0000
v -2.600002 2.665654 0.132148 1.0000 1.0000 1.0000
v -2.600002 0.932148 1.865655 1.0000 1.0000 1.0000
v 3.999998 5.900000 2.800001 1.0000 1.0000 1.0000
v 3.999998 4.828241 0.696557 1.0000 1.0000 1.0000
v 3.999998 4.103444 0.327254 1.0000 1.0000 1.0000
v 3.999998 2.496556 0.327254 1.0000 1.0000 1.0000
v 3.999998 1.771758 0.696557 1.0000 1.0000 1.0000
v 3.999998 0.700000 2.800001 1.0000 1.0000 1.0000
v 4.248275 5.772747 2.035880 1.0000 1.0000 1.0000
v 4.472250 5.403444 1.346557 1.0000 1.0000 1.0000
v 4.649998 4.828241 0.799507 1.0000 1.0000 1.0000
v 4.764119 4.103444 0.448279 1.0000 1.0000 1.0000
v 4.803442 3.300000 0.327254 1.0000 1.0000 1.0000
v 4.764119 2.496556 0.448279 1.0000 1.0000 1.0000
v 4.649998 1.771758 0.799507 1.0000 1.0000 1.0000
v 4.472250 1.196556 1.346557 1.0000 1.0000 1.0000
v 4.248275 0.827253 2.035880 1.0000 1.0000 1.0000
v 4.472250 5.772747 2.150001 1.0000 1.0000 1.0000
v 4.898275 5.403444 1.563628 1.0000 1.0000 1.0000
v 5.236371 4.828241 1.098279 1.0000 1.0000 1.0000
v 5.453442 4.103444 0.799507 1.0000 1.0000 1.0000
v 5.528239 3.300000 0.696557 1.0000 1.0000 1.0000
v 5.453442 2.496556 0.799507 1.0000 1.0000 1.0000
v 5.236371 1.771758 1.098279 1.0000 1.0000 1.0000
v 4.898275 1.196556 1.563628 1.0000 1.0000 1.0000
v 4.472250 0.827253 2.150001 1.0000 1.0000 1.0000
v 4.649998 5.772747 2.327748 1.0000 1.0000 1.0000
v 5.236371 5.403444 1.901723 1.0000 1.0000 1.0000
v 5.701720 4.828241 1.563628 1.0000 1.0000 1.0000
v 6.000492 4.103444 1.346557 1.0000 1.0000 1.0000
v 6.103442 3.300000 1.271759 1.0000 1.0000 1.0000
v 6.000492 2.496556 1.346557 1.0000 1.0000 1.0000
v 5.701720 1.771758 1.563628 1.0000 1.0000 1.0000
v 5.236371 1.196556 1.901723 1.0000 1.0000 1.0000
v 4.649998 0.827253 2.327748 1.0000 1.0000 1.0000
v 4.764119 5.772747 2.551723 1.0000 1.0000 1.0000
v 5.453442 5.403444 2.327748 1.0000 1.0000 1.0000
v 6.000492 4.828241 2.150001 1.0000 1.0000 1.0000
v 6.351720 4.103444 2.035881 1.0000 1.0000 1.0000
v 6.472744 3.300000 1.996557 1.0000 1.0000 1.0000
v 6.351720 2.496556 2.035881 1.0000 1.0000 1.0000
v 6.000492 1.771758 2.150001 1.0000 1.0000 1.0000
v 5.453442 1.196556 2.327748 1.0000 1.0000 1.0000
v 4.764119 0.827253 2.551723 1.0000 1.0000 1.0000
v 4.803442 5.772747 2.800001 1.0000 1.0000 1.0000
v 5.528240 5.403444 2.800001 1.0000 1.0000 1.0000
v 6.103442 4.828241 2.800001 1.0000 1.0000 1.0000
v 6.472745 4.103444 2.800001 1.0000 1.0000 1.0000
v 6.599998 3.300000 2.800001 1.0000 1.0000 1.0000
v 6.472745 2.496556 2.800001 1.0000 1.0000 1.0000
v 6.103442 1.771758 2.800001 1.0000 1.0000 1.0000
v 5.528240 1.196556 2.800001 1.0000 1.0000 1.0000
v 4.803442 0.827253 2.800001 1.0000 1.0000 1.0000
v 4.764119 5.772747 3.048279 1.0000 1.0000 1.0000
v 5.453442 5.403444 3.272254 1.0000 1.0000 1.0000
v 6.000492 4.828241 3.450001 1.0000 1.0000 1.0000
v 6.351720 4.103444 3.564122 1.0000 1.0000 1.0000
v 6.472744 3.300000 3.603445 1.0000 1.0000 1.0000
v 6.351720 2.496556 3.564122 1.0000 1.0000 1.0000
v 6.000492 1.771758 3.450001 1.0000 1.0000 1.0000
v 5.453442 1.196556 3.272254 1.0000 1.0000 1.0000
v 4.764119 0.827253 3.048279 1.0000 1.0000 1.0000
v 4.649998 5.772747 3.272254 1.0000 1.0000 1.0000
v 5.236371 5.403444 3.698279 1.0000 1.0000 1.0000
v 5.701720 4.828241 4.036375 1.0000 1.0000 1.0000
v 6.000492 4.103444 4.253446 1.0000 1.0000 1.0000
v 6.103442 3.300000 4.328243 1.0000 1.0000 1.0000
v 6.000492 2.496556 4.253446 1.0000 1.0000 1.0000
v 5.701720 1.771758 4.036375 1.0000 1.0000 1.0000
v 5.236371 1.196556 3.698279 1.0000 1.0000 1.0000
v 4.649998 0.827253 3.272254 1.0000 1.0000 1.0000
v 4.472251 5.772747 3.450001 1.0000 1.0000 1.0000
v 4.898275 5.403444 4.036375 1.0000 1.0000 1.0000
v 5.236371 4.828241 4.501723 1.0000 1.0000 1.0000
v 5.453442 4.103444 4.800496 1.0000 1.0000 1.0000
v 5.528239 3.300000 4.903446 1.0000 1.0000 1.0000
v 5.453442 2.496556 4.800496 1.0000 1.0000 1.0000
v 5.236371 1.771758 4.501723 1.0000 1.0000 1.0000
v 4.898275 1.196556 4.036375 1.0000 1.0000 1.0000
v 4.472251 0.827253 3.450001 1.0000 1.0000 1.0000
v 4.248276 5.772747 3.564122 1.0000 1.0000 1.0000
v 4.472250 5.403444 4.253446 1.0000 1.0000 1.0000
v 4.649998 4.828241 4.800496 1.0000 1.0000 1.0000
v 4.764119 4.103444 5.151724 1.0000 1.0000 1.0000
v 4.803442 3.300000 5.272748 1.0000 1.0000 1.0000
v 4.764119 2.496556 5.151724 1.0000 1.0000 1.0000
v 4.649998 1.771758 4.800496 1.0000 1.0000 1.0000
v 4.472250 1.196556 4.253446 1.0000 1.0000 1.0000
v 4.248276 0.827253 3.564122 1.0000 1.0000 1.0000
v 3.999998 5.772747 3.603446 1.0000 1.0000 1.0000
v 3.999998 5.403444 4.328244 1.0000 1.0000 1.0000
v 3.999998 4.828241 4.903446 1.0000 1.0000 1.0000
v 3.999998 4.103444 5.272749 1.0000 1.0000 1.0000
v 3.999998 3.300000 5.400002 1.0000 1.0000 1.0000
v 3.999998 2.496556 5.272749 1.0000 1.0000 1.0000
v 3.999998 1.771758 4.903446 1.0000 1.0000 1.0000
v 3.999998 1.196556 4.328244 1.0000 1.0000 1.0000
v 3.999998 0.827253 3.603446 1.0000 1.0000 1.0000
v 3.751719 5.772747 3.564122 1.0000 1.0000 1.0000
v 3.527745 5.403444 4.253446 1.0000 1.0000 1.0000
v 3.349998 4.828241 4.800496 1.0000 1.0000 1.0000
v 3.235877 4.103444 5.151724 1.0000 1.0000 1.0000
v 3.196553 3.300000 5.272748 1.0000 1.0000 1.0000
v 3.235877 2.496556 5.151724 1.0000 1.0000 1.0000
v 3.349998 1.771758 4.800496 1.0000 1.0000 1.0000
v 3.527745 1.196556 4.253446 1.0000 1.0000 1.0000
v 3.751719 0.827253 3.564122 1.0000 1.0000 1.0000
v 3.527745 5.772747 3.450001 1.0000 1.0000 1.0000
v 3.101719 5.403444 4.036376 1.0000 1.0000 1.0000
v 2.763624 4.828241 4.501723 1.0000 1.0000 1.0000
v 2.546553 4.103444 4.800496 1.0000 1.0000 1.0000
v 2.471756 3.300000 4.903446 1.0000 1.0000 1.0000
v 2.546553 2.496556 4.800496 1.0000 1.0000 1.0000
v 2.763624 1.771758 4.501723 1.0000 1.0000 1.0000
v 3.101719 1.196556 4.036376 1.0000 1.0000 1.0000
v 3.527745 0.827253 3.450001 1.0000 1.0000 1.0000
v 3.349998 5.772747 3.272254 1.0000 1.0000 1.0000
v 2.763624 5.403444 3.698279 1.0000 1.0000 1.0000
v 2.298276 4.828241 4.036375 1.0000 1.0000 1.0000
v 1.999503 4.103444 4.253446 1.0000 1.0000 1.0000
v 1.896553 3.300000 4.328243 1.0000 1.0000 1.0000
v 1.999503 2.496556 4.253446 1.0000 1.0000 1.0000
v 2.298276 1.771758 4.036375 1.0000 1.0000 1.0000
v 2.763624 1.196556 3.698279 1.0000 1.0000 1.0000
v 3.349998 0.827253 3.272254 1.0000 1.0000 1.0000
v 3.235877 5.772747 3.048279 1.0000 1.0000 1.0000
v 2.546553 5.403444 3.272254 1.0000 1.0000 1.0000
v 1.999503 4.828241 3.450001 1.0000 1.0000 1.0000
v 1.648275 4.103444 3.564122 1.0000 1.0000 1.0000
v 1.527251 3.300000 3.603446 1.0000 1.0000 1.0000
v 1.648275 2.496556 3.564122 1.0000 1.0000 1.0000
v 1.999503 1.771758 3.450001 1.0000 1.0000 1.0000
v 2.546553 1.196556 3.272254 1.0000 1.0000 1.0000
v 3.235877 0.827253 3.048279 1.0000 1.0000 1.0000
v 3.196553 5.772747 2.800001 1.0000 1.0000 1.0000
v 2.471755 5.403444 2.800001 1.0000 1.0000 1.0000
v 1.896553 4.828241 2.800001 1.0000 1.0000 1.0000
v 1.527250 4.103444 2.800001 1.0000 1.0000 1.0000
v 1.399998 3.300000 2.800001 1.0000 1.0000 1.0000
v 1.527250 2.496556 2.800001 1.0000 1.0000 1.0000
v 1.896553 1.771758 2.800001 1.0000 1.0000 1.0000
v 2.471755 1.196556 2.800001 1.0000 1.0000 1.0000
v 3.196553 0.827253 2.800001 1.0000 1.0000 1.0000
v 3.235877 5.772747 2.551723 1.0000 1.0000 1.0000
v 2.546553 5.403444 2.327748 1.0000 1.0000 1.0000
v 1.999503 4.828241 2.150001 1.0000 1.0000 1.0000
v 1.648275 4.103444 2.035880 1.0000 1.0000 1.0000
v 1.527251 3.300000 1.996557 1.0000 1.0000 1.0000
v 1.648275 2.496556 2.035880 1.0000 1.0000 1.0000
v 1.999503 1.771758 2.150001 1.0000 1.0000 1.0000
v 2.546553 1.196556 2.327748 1.0000 1.0000 1.0000
v 3.235877 0.827253 2.551723 1.0000 1.0000 1.0000
v 3.349997 5.772747 2.327748 1.0000 1.0000 1.0000
v 2.763624 5.403444 1.901723 1.0000 1.0000 1.0000
v 2.298276 4.828241 1.563628 1.0000 1.0000 1.0000
v 1.999503 4.103444 1.346556 1.0000 1.0000 1.0000
v 1.896553 3.300000 1.271759 1.0000 1.0000 1.0000
v 1.999503 2.496556 1.346556 1.0000 1.0000 1.0000
v 2.298276 1.771758 1.563628 1.0000 1.0000 1.0000
v 2.763624 1.196556 1.901723 1.0000 1.0000 1.0000
v 3.349997 0.827253 2.327748 1.0000 1.0000 1.0000
v 3.527745 5.772747 2.150001 1.0000 1.0000 1.0000
v 3.101719 5.403444 1.563627 1.0000 1.0000 1.0000
v 2.763624 4.828241 1.098279 1.0000 1.0000 1.0000
v 2.546553 4.103444 0.799506 1.0000 1.0000 1.0000
v 2.471756 3.300000 0.696557 1.0000 1.0000 1.0000
v 2.546553 2.496556 0.799506 1.0000 1.0000 1.0000
v 2.763624 1.771758 1.098279 1.0000 1.0000 1.0000
v 3.101719 1.196556 1.563627 1.0000 1.0000 1.0000
v 3.527745 0.827253 2.150001 1.0000 1.0000 1.0000
v 3.751719 5.772747 2.035880 1.0000 1.0000 1.0000
v 3.527745 5.403444 1.346556 1.0000 1.0000 1.0000
v 3.349998 4.828241 0.799507 1.0000 1.0000 1.0000
v 3.235877 4.103444 0.448278 1.0000 1.0000 1.0000
v 3.196553 3.300000 0.327254 1.0000 1.0000 1.0000
v 3.235877 2.496556 0.448278 1.0000 1.0000 1.0000
v 3.349998 1.771758 0.799507 1.0000 1.0000 1.0000
v 3.527745 1.196556 1.346556 1.0000 1.0000 1.0000
v 3.751719 0.827253 2.035880 1.0000 1.0000 1.0000
v 3.999998 5.772747 1.996557 1.0000 1.0000 1.0000
v 3.999998 5.403444 1.271759 1.0000 1.0000 1.0000
v 3.999998 3.300000 0.200001 1.0000 1.0000 1.0000
v 3.999998 1.196556 1.271759 1.0000 1.0000 1.0000
v 3.999998 0.827253 1.996557 1.0000 1.0000 1.0000
vn -0.0000 -0.5634 -0.8262
vn -0.0000 -0.3440 -0.9390
vn 0.1164 -0.3536 -0.9281
vn 0.0979 -0.5734 -0.8134
vn -0.0000 0.8362 -0.5485
vn -0.0000 0.9371 -0.3489
vn 0.0388 0.9400 -0.3389
vn 0.0621 0.8426 -0.5349
vn -0.0000 -0.9951 -0.0992
vn -0.0000 -0.9779 -0.2090
vn 0.0229 -0.9790 -0.2028
vn 0.0105 -0.9953 -0.0964
vn -0.0000 0.9951 -0.0992
vn -0.0000 1.0000 -0.0000
vn 0.0105 0.9953 -0.0964
vn -0.0000 -0.8362 -0.5485
vn 0.0621 -0.8426 -0.5349
vn -0.0000 0.5634 -0.8262
vn 0.0979 0.5734 -0.8134
vn -0.0000 -1.0000 -0.0000
vn -0.0000 0.9779 -0.2090
vn 0.0229 0.9790 -0.2028
vn -0.0000 -0.9371 -0.3489
vn 0.0388 -0.9400 -0.3389
vn -0.0000 0.3440 -0.9390
vn 0.1164 0.3536 -0.9281
vn 0.1231 0.8611 -0.4934
vn 0.1996 0.6029 -0.7725
vn 0.0208 -0.9959 -0.0878
vn 0.0208 0.9959 -0.0878
vn 0.0450 0.9819 -0.1840
vn 0.1231 -0.8611 -0.4934
vn 0.0762 -0.9481 -0.3086
vn 0.2420 0.3838 -0.8911
vn 0.0762 0.9481 -0.3086
vn 0.0450 -0.9819 -0.1840
vn 0.2420 -0.3838 -0.8911
vn 0.1996 -0.6029 -0.7725
vn 0.1104 0.9598 -0.2580
vn 0.1816 0.8886 -0.4213
vn 0.0648 -0.9861 -0.1529
vn 0.0303 -0.9968 -0.0734
vn 0.0303 0.9968 -0.0734
vn 0.3096 -0.6499 -0.6941
vn 0.1816 -0.8886 -0.4213
vn 0.3096 0.6499 -0.6941
vn 0.0648 0.9861 -0.1529
vn 0.1104 -0.9598 -0.2580
vn 0.3860 0.4384 -0.8117
vn 0.3860 -0.4384 -0.8117
vn 0.4303 0.7094 -0.5582
vn 0.5503 0.5182 -0.6547
vn 0.0812 0.9905 -0.1107
vn 0.1391 0.9723 -0.1881
vn 0.1391 -0.9723 -0.1881
vn 0.0812 -0.9905 -0.1107
vn 0.5503 -0.5182 -0.6547
vn 0.4303 -0.7094 -0.5582
vn 0.2345 0.9197 -0.3150
vn 0.0383 -0.9978 -0.0536
vn 0.0383 0.9978 -0.0536
vn 0.2345 -0.9197 -0.3150
vn 0.2756 0.9457 -0.1725
vn 0.5499 0.7667 -0.3313
vn 0.0444 -0.9986 -0.0289
vn 0.0444 0.9986 -0.0289
vn 0.0930 0.9939 -0.0589
vn 0.2756 -0.9457 -0.1725
vn 0.1598 -0.9820 -0.1006
vn 0.7031 0.6033 -0.3764
vn 0.1598 0.9820 -0.1006
vn 0.0930 -0.9939 -0.0589
vn 0.7031 -0.6033 -0.3764
vn 0.5499 -0.7667 -0.3313
vn 0.7673 -0.6413 -0.0000
vn 0.6096 -0.7927 -0.0000
vn 0.1681 0.9858 -0.0000
vn 0.2928 0.9562 -0.0000
vn 0.0977 -0.9952 -0.0000
vn 0.0471 -0.9989 -0.0000
vn 0.0471 0.9989 -0.0000
vn 0.2928 -0.9562 -0.0000
vn 0.6096 0.7927 -0.0000
vn 0.0977 0.9952 -0.0000
vn 0.1681 -0.9858 -0.0000
vn 0.7673 0.6413 -0.0000
vn 0.5499 0.7667 0.3313
vn 0.7031 0.6033 0.3764
vn 0.0930 0.9939 0.0589
vn 0.1598 0.9820 0.1006
vn 0.1598 -0.9820 0.1006
vn 0.0930 -0.9939 0.0589
vn 0.7031 -0.6033 0.3764
vn 0.5499 -0.7667 0.3313
vn 0.2756 0.9457 0.1725
vn 0.0444 -0.9986 0.0289
vn 0.0444 0.9986 0.0289
vn 0.2756 -0.9457 0.1725
vn 0.4303 -0.7094 0.5582
vn 0.2345 -0.9197 0.3150
vn 0.2345 0.9197 0.3150
vn 0.4303 0.7094 0.5582
vn 0.0383 -0.9978 0.0536
vn 0.0383 0.9978 0.0536
vn 0.0812 0.9905 0.1107
vn 0.1391 -0.9723 0.1881
vn 0.5503 0.5182 0.6547
vn 0.1391 0.9723 0.1881
vn 0.0812 -0.9905 0.1107
vn 0.5503 -0.5182 0.6547
vn 0.3860 -0.4384 0.8117
vn 0.3096 -0.6499 0.6941
vn 0.1104 0.9598 0.2580
vn 0.1816 0.8886 0.4213
vn 0.0648 -0.9861 0.1529
vn 0.0303 -0.9968 0.0734
vn 0.0303 0.9968 0.0734
vn 0.1816 -0.8886 0.4213
vn 0.3096 0.6499 0.6941
vn 0.0648 0.9861 0.1529
vn 0.1104 -0.9598 0.2580
vn 0.3860 0.4384 0.8117
vn 0.1231 -0.8611 0.4934
vn 0.0762 -0.9481 0.3086
vn 0.1996 0.6029 0.7725
vn 0.2420 0.3838 0.8911
vn 0.0450 0.9819 0.1840
vn 0.0762 0.9481 0.3086
vn 0.0450 -0.9819 0.1840
vn 0.2420 -0.3838 0.8911
vn 0.1996 -0.6029 0.7725
vn 0.1231 0.8611 0.4934
vn 0.0208 -0.9959 0.0878
vn 0.0208 0.9959 0.0878
vn 0.0105 0.9953 0.0964
vn 0.0979 -0.5734 0.8134
vn 0.0621 -0.8426 0.5349
vn 0.0621 0.8426 0.5349
vn 0.0979 0.5734 0.8134
vn 0.0105 -0.9953 0.0964
vn 0.0229 0.9790 0.2028
vn 0.0388 -0.9400 0.3389
vn 0.1164 0.3536 0.9281
vn 0.0388 0.9400 0.3389
vn 0.0229 -0.9790 0.2028
vn 0.1164 -0.3536 0.9281
vn -0.0000 -0.9371 0.3489
vn -0.0000 -0.9779 0.2090
vn -0.0000 -0.3440 0.9390
vn -0.0000 -0.5634 0.8262
vn -0.0000 0.9371 0.3489
vn -0.0000 0.8362 0.5485
vn -0.0000 -0.9951 0.0992
vn -0.0000 0.9951 0.0992
vn -0.0000 -0.8362 0.5485
vn -0.0000 0.5634 0.8262
vn -0.0000 0.9779 0.2090
vn -0.0000 0.3440 0.9390
vn -0.0105 0.9953 0.0964
vn -0.0229 0.9790 0.2028
vn -0.0621 -0.8426 0.5349
vn -0.0388 -0.9400 0.3389
vn -0.0979 0.5734 0.8134
vn -0.1164 0.3536 0.9281
vn -0.0388 0.9400 0.3389
vn -0.0229 -0.9790 0.2028
vn -0.1164 -0.3536 0.9281
vn -0.0979 -0.5734 0.8134
vn -0.0621 0.8426 0.5349
vn -0.0105 -0.9953 0.0964
vn -0.0450 -0.9819 0.1840
vn -0.0208 -0.9959 0.0878
vn -0.0208 0.9959 0.0878
vn -0.1996 -0.6029 0.7725
vn -0.1231 -0.8611 0.4934
vn -0.1231 0.8611 0.4934
vn -0.1996 0.6029 0.7725
vn -0.0450 0.9819 0.1840
vn -0.0762 -0.9481 0.3086
vn -0.2420 0.3838 0.8911
vn -0.0762 0.9481 0.3086
vn -0.2420 -0.3838 0.8911
vn -0.0648 0.9861 0.1529
vn -0.1104 0.9598 0.2580
vn -0.1104 -0.9598 0.2580
vn -0.0648 -0.9861 0.1529
vn -0.3860 -0.4384 0.8117
vn -0.3096 -0.6499 0.6941
vn -0.1816 0.8886 0.4213
vn -0.0303 -0.9968 0.0734
vn -0.0303 0.9968 0.0734
vn -0.1816 -0.8886 0.4213
vn -0.3096 0.6499 0.6941
vn -0.3860 0.4384 0.8117
vn -0.0383 -0.9978 0.0536
vn -0.0383 0.9978 0.0536
vn -0.0812 0.9905 0.1107
vn -0.2345 -0.9197 0.3150
vn -0.1391 -0.9723 0.1881
vn -0.4303 0.7094 0.5582
vn -0.5503 0.5182 0.6547
vn -0.1391 0.9723 0.1881
vn -0.0812 -0.9905 0.1107
vn -0.5503 -0.5182 0.6547
vn -0.4303 -0.7094 0.5582
vn -0.2345 0.9197 0.3150
vn -0.1598 0.9820 0.1006
vn -0.2756 0.9457 0.1725
vn -0.0930 -0.9939 0.0589
vn -0.0444 -0.9986 0.0289
vn -0.0444 0.9986 0.0289
vn -0.5499 -0.7667 0.3313
vn -0.2756 -0.9457 0.1725
vn -0.5499 0.7667 0.3313
vn -0.0930 0.9939 0.0589
vn -0.1598 -0.9820 0.1006
vn -0.7031 0.6033 0.3764
vn -0.7031 -0.6033 0.3764
vn -0.0977 0.9952 -0.0000
vn -0.1681 0.9858 -0.0000
vn -0.1681 -0.9858 -0.0000
vn -0.0977 -0.9952 -0.0000
vn -0.7673 -0.6413 -0.0000
vn -0.6096 -0.7927 -0.0000
vn -0.2928 0.9562 -0.0000
vn -0.0471 -0.9989 -0.0000
vn -0.0471 0.9989 -0.0000
vn -0.2928 -0.9562 -0.0000
vn -0.6096 0.7927 -0.0000
vn -0.7673 0.6413 -0.0000
vn -0.2756 0.9457 -0.1725
vn -0.5499 0.7667 -0.3313
vn -0.0444 -0.9986 -0.0289
vn -0.0444 0.9986 -0.0289
vn -0.0930 0.9939 -0.0589
vn -0.2756 -0.9457 -0.1725
vn -0.1598 -0.9820 -0.1006
vn -0.7031 0.6033 -0.3764
vn -0.1598 0.9820 -0.1006
vn -0.0930 -0.9939 -0.0589
vn -0.7031 -0.6033 -0.3764
vn -0.5499 -0.7667 -0.3313
vn -0.1391 0.9723 -0.1881
vn -0.2345 0.9197 -0.3150
vn -0.0812 -0.9905 -0.1107
vn -0.0383 -0.9978 -0.0536
vn -0.0383 0.9978 -0.0536
vn -0.4303 -0.7094 -0.5582
vn -0.2345 -0.9197 -0.3150
vn -0.4303 0.7094 -0.5582
vn -0.0812 0.9905 -0.1107
vn -0.1391 -0.9723 -0.1881
vn -0.5503 0.5182 -0.6547
vn -0.5503 -0.5182 -0.6547
vn -0.3096 0.6499 -0.6941
vn -0.3860 0.4384 -0.8117
vn -0.0648 0.9861 -0.1529
vn -0.1104 0.9598 -0.2580
vn -0.1104 -0.9598 -0.2580
vn -0.0648 -0.9861 -0.1529
vn -0.3860 -0.4384 -0.8117
vn -0.3096 -0.6499 -0.6941
vn -0.1816 0.8886 -0.4213
vn -0.0303 -0.9968 -0.0734
vn -0.0303 0.9968 -0.0734
vn -0.1816 -0.8886 -0.4213
vn -0.1231 0.8611 -0.4934
vn -0.1996 0.6029 -0.7725
vn -0.0208 -0.9959 -0.0878
vn -0.0208 0.9959 -0.0878
vn -0.0450 0.9819 -0.1840
vn -0.1231 -0.8611 -0.4934
vn -0.0762 -0.9481 -0.3086
vn -0.2420 0.3838 -0.8911
vn -0.0762 0.9481 -0.3086
vn -0.0450 -0.9819 -0.1840
vn -0.2420 -0.3838 -0.8911
vn -0.1996 -0.6029 -0.7725
vn -0.1164 -0.3536 -0.9281
vn -0.0979 -0.5734 -0.8134
vn -0.0388 0.9400 -0.3389
vn -0.0621 0.8426 -0.5349
vn -0.0229 -0.9790 -0.2028
vn -0.0105 -0.9953 -0.0964
vn -0.0105 0.9953 -0.0964
vn -0.0621 -0.8426 -0.5349
vn -0.0979 0.5734 -0.8134
vn -0.0229 0.9790 -0.2028
vn -0.0388 -0.9400 -0.3389
vn -0.1164 0.3536 -0.9281
vn -0.0000 -0.5805 -0.8143
vn -0.0000 -0.3045 -0.9525
vn 0.2943 -0.3045 -0.9059
vn 0.2516 -0.5805 -0.7744
vn -0.0000 0.3045 -0.9525
vn -0.0000 0.5805 -0.8143
vn 0.2516 0.5805 -0.7744
vn 0.2943 0.3045 -0.9059
vn -0.0000 0.9464 -0.3230
vn 0.0998 0.9464 -0.3072
vn -0.0000 -0.8016 -0.5978
vn 0.1847 -0.8016 -0.5686
vn -0.0000 -0.0000 -1.0000
vn 0.3090 -0.0000 -0.9511
vn -0.0000 0.8016 -0.5978
vn 0.1847 0.8016 -0.5686
vn -0.0000 -0.9464 -0.3230
vn 0.0998 -0.9464 -0.3072
vn 0.5599 -0.3045 -0.7706
vn 0.4786 -0.5805 -0.6588
vn 0.4786 0.5805 -0.6588
vn 0.5599 0.3045 -0.7706
vn 0.1899 0.9464 -0.2613
vn 0.3514 -0.8016 -0.4836
vn 0.5878 -0.0000 -0.8090
vn 0.3514 0.8016 -0.4836
vn 0.1899 -0.9464 -0.2613
vn 0.4836 0.8016 -0.3514
vn 0.6588 0.5805 -0.4786
vn 0.2613 -0.9464 -0.1899
vn 0.7706 -0.3045 -0.5599
vn 0.6588 -0.5805 -0.4786
vn 0.7706 0.3045 -0.5599
vn 0.2613 0.9464 -0.1899
vn 0.4836 -0.8016 -0.3514
vn 0.8090 -0.0000 -0.5878
vn 0.9511 -0.0000 -0.3090
vn 0.9059 -0.3045 -0.2943
vn 0.5686 0.8016 -0.1847
vn 0.7744 0.5805 -0.2516
vn 0.3072 -0.9464 -0.0998
vn 0.7744 -0.5805 -0.2516
vn 0.9059 0.3045 -0.2943
vn 0.3072 0.9464 -0.0998
vn 0.5686 -0.8016 -0.1847
vn 0.3230 0.9464 -0.0000
vn 0.5978 0.8016 -0.0000
vn 0.5978 -0.8016 -0.0000
vn 0.3230 -0.9464 -0.0000
vn 1.0000 -0.0000 -0.0000
vn 0.9525 -0.3045 -0.0000
vn 0.8143 0.5805 -0.0000
vn 0.8143 -0.5805 -0.0000
vn 0.9525 0.3045 -0.0000
vn 0.7744 -0.5805 0.2516
vn 0.5686 -0.8016 0.1847
vn 0.9059 0.3045 0.2943
vn 0.9511 -0.0000 0.3090
vn 0.3072 0.9464 0.0998
vn 0.5686 0.8016 0.1847
vn 0.3072 -0.9464 0.0998
vn 0.9059 -0.3045 0.2943
vn 0.7744 0.5805 0.2516
vn 0.6588 0.5805 0.4786
vn 0.7706 0.3045 0.5599
vn 0.2613 0.9464 0.1899
vn 0.6588 -0.5805 0.4786
vn 0.4836 -0.8016 0.3514
vn 0.8090 -0.0000 0.5878
vn 0.4836 0.8016 0.3514
vn 0.2613 -0.9464 0.1899
vn 0.7706 -0.3045 0.5599
vn 0.5599 -0.3045 0.7706
vn 0.4786 -0.5805 0.6588
vn 0.4786 0.5805 0.6588
vn 0.5599 0.3045 0.7706
vn 0.1899 0.9464 0.2613
vn 0.3514 -0.8016 0.4836
vn 0.5878 -0.0000 0.8090
vn 0.3514 0.8016 0.4836
vn 0.1899 -0.9464 0.2613
vn 0.1847 0.8016 0.5686
vn 0.2516 0.5805 0.7744
vn 0.0998 -0.9464 0.3072
vn 0.2943 -0.3045 0.9059
vn 0.2516 -0.5805 0.7744
vn 0.2943 0.3045 0.9059
vn 0.0998 0.9464 0.3072
vn 0.1847 -0.8016 0.5686
vn 0.3090 -0.0000 0.9511
vn -0.0000 -0.8016 0.5978
vn -0.0000 -0.9464 0.3230
vn -0.0000 -0.0000 1.0000
vn -0.0000 -0.3045 0.9525
vn -0.0000 0.8016 0.5978
vn -0.0000 0.5805 0.8143
vn -0.0000 -0.5805 0.8143
vn -0.0000 0.3045 0.9525
vn -0.0000 0.9464 0.3230
vn -0.2943 0.3045 0.9059
vn -0.3090 -0.0000 0.9511
vn -0.0998 0.9464 0.3072
vn -0.1847 0.8016 0.5686
vn -0.1847 -0.8016 0.5686
vn -0.0998 -0.9464 0.3072
vn -0.2943 -0.3045 0.9059
vn -0.2516 0.5805 0.7744
vn -0.2516 -0.5805 0.7744
vn -0.1899 0.9464 0.2613
vn -0.4786 -0.5805 0.6588
vn -0.3514 -0.8016 0.4836
vn -0.5599 0.3045 0.7706
vn -0.5878 -0.0000 0.8090
vn -0.3514 0.8016 0.4836
vn -0.1899 -0.9464 0.2613
vn -0.5599 -0.3045 0.7706
vn -0.4786 0.5805 0.6588
vn -0.6588 0.5805 0.4786
vn -0.7706 0.3045 0.5599
vn -0.2613 0.9464 0.1899
vn -0.6588 -0.5805 0.4786
vn -0.4836 -0.8016 0.3514
vn -0.8090 -0.0000 0.5878
vn -0.4836 0.8016 0.3514
vn -0.2613 -0.9464 0.1899
vn -0.7706 -0.3045 0.5599
vn -0.3072 -0.9464 0.0998
vn -0.9059 -0.3045 0.2943
vn -0.7744 -0.5805 0.2516
vn -0.7744 0.5805 0.2516
vn -0.9059 0.3045 0.2943
vn -0.3072 0.9464 0.0998
vn -0.5686 -0.8016 0.1847
vn -0.9511 -0.0000 0.3090
vn -0.5686 0.8016 0.1847
vn -1.0000 -0.0000 -0.0000
vn -0.9525 -0.3045 -0.0000
vn -0.5978 0.8016 -0.0000
vn -0.8143 0.5805 -0.0000
vn -0.3230 -0.9464 -0.0000
vn -0.8143 -0.5805 -0.0000
vn -0.9525 0.3045 -0.0000
vn -0.3230 0.9464 -0.0000
vn -0.5978 -0.8016 -0.0000
vn -0.3072 0.9464 -0.0998
vn -0.5686 0.8016 -0.1847
vn -0.5686 -0.8016 -0.1847
vn -0.3072 -0.9464 -0.0998
vn -0.9511 -0.0000 -0.3090
vn -0.9059 -0.3045 -0.2943
vn -0.7744 0.5805 -0.2516
vn -0.7744 -0.5805 -0.2516
vn -0.9059 0.3045 -0.2943
vn -0.7706 0.3045 -0.5599
vn -0.8090 -0.0000 -0.5878
vn -0.2613 0.9464 -0.1899
vn -0.4836 0.8016 -0.3514
vn -0.4836 -0.8016 -0.3514
vn -0.2613 -0.9464 -0.1899
vn -0.7706 -0.3045 -0.5599
vn -0.6588 0.5805 -0.4786
vn -0.6588 -0.5805 -0.4786
vn -0.1899 0.9464 -0.2613
vn -0.4786 -0.5805 -0.6588
vn -0.3514 -0.8016 -0.4836
vn -0.5599 0.3045 -0.7706
vn -0.5878 -0.0000 -0.8090
vn -0.3514 0.8016 -0.4836
vn -0.1899 -0.9464 -0.2613
vn -0.5599 -0.3045 -0.7706
vn -0.4786 0.5805 -0.6588
vn -0.2943 -0.3045 -0.9059
vn -0.2516 -0.5805 -0.7744
vn -0.2516 0.5805 -0.7744
vn -0.2943 0.3045 -0.9059
vn -0.0998 0.9464 -0.3072
vn -0.1847 -0.8016 -0.5686
vn -0.3090 -0.0000 -0.9511
vn -0.1847 0.8016 -0.5686
vn -0.0998 -0.9464 -0.3072
s 1
usemtl cloud_shade
f 6//1 5//2 16//3 17//4
f 3//5 265//6 13//7 14//8
f 9//9 266//10 20//11 21//12
f 2//13 1//14 11//15
f 7//16 6//1 17//4 18//17
f 4//18 3//5 14//8 15//19
f 10//20 9//9 21//12
f 264//21 2//13 11//15 12//22
f 8//23 7//16 18//17 19//24
f 5//25 4//18 15//19 16//26
f 265//6 264//21 12//22 13//7
f 266//10 8//23 19//24 20//11
f 15//19 14//8 25//27 26//28
f 10//20 21//12 32//29
f 12//22 11//15 22//30 23//31
f 19//24 18//17 29//32 30//33
f 16//26 15//19 26//28 27//34
f 13//7 12//22 23//31 24//35
f 20//11 19//24 30//33 31//36
f 17//4 16//3 27//37 28//38
f 14//8 13//7 24//35 25//27
f 21//12 20//11 31//36 32//29
f 11//15 1//14 22//30
f 18//17 17//4 28//38 29//32
f 25//27 24//35 35//39 36//40
f 32//29 31//36 42//41 43//42
f 22//30 1//14 33//43
f 29//32 28//38 39//44 40//45
f 26//28 25//27 36//40 37//46
f 10//20 32//29 43//42
f 23//31 22//30 33//43 34//47
f 30//33 29//32 40//45 41//48
f 27//34 26//28 37//46 38//49
f 24//35 23//31 34//47 35//39
f 31//36 30//33 41//48 42//41
f 28//38 27//37 38//50 39//44
f 38//49 37//46 48//51 49//52
f 35//39 34//47 45//53 46//54
f 42//41 41//48 52//55 53//56
f 39//44 38//50 49//57 50//58
f 36//40 35//39 46//54 47//59
f 43//42 42//41 53//56 54//60
f 33//43 1//14 44//61
f 40//45 39//44 50//58 51//62
f 37//46 36//40 47//59 48//51
f 10//20 43//42 54//60
f 34//47 33//43 44//61 45//53
f 41//48 40//45 51//62 52//55
f 48//51 47//59 58//63 59//64
f 10//20 54//60 65//65
f 45//53 44//61 55//66 56//67
f 52//55 51//62 62//68 63//69
f 49//52 48//51 59//64 60//70
f 46//54 45//53 56//67 57//71
f 53//56 52//55 63//69 64//72
f 50//58 49//57 60//73 61//74
f 47//59 46//54 57//71 58//63
f 54//60 53//56 64//72 65//65
f 44//61 1//14 55//66
f 51//62 50//58 61//74 62//68
f 61//74 60//73 71//75 72//76
f 58//63 57//71 68//77 69//78
f 65//65 64//72 75//79 76//80
f 55//66 1//14 66//81
f 62//68 61//74 72//76 73//82
f 59//64 58//63 69//78 70//83
f 10//20 65//65 76//80
f 56//67 55//66 66//81 67//84
f 63//69 62//68 73//82 74//85
f 60//70 59//64 70//83 71//86
f 57//71 56//67 67//84 68//77
f 64//72 63//69 74//85 75//79
f 71//86 70//83 81//87 82//88
f 68//77 67//84 78//89 79//90
f 75//79 74//85 85//91 86//92
f 72//76 71//75 82//93 83//94
f 69//78 68//77 79//90 80//95
f 76//80 75//79 86//92 87//96
f 66//81 1//14 77//97
f 73//82 72//76 83//94 84//98
f 70//83 69//78 80//95 81//87
f 10//20 76//80 87//96
f 67//84 66//81 77//97 78//89
f 74//85 73//82 84//98 85//91
f 84//98 83//94 94//99 95//100
f 81//87 80//95 91//101 92//102
f 10//20 87//96 98//103
f 78//89 77//97 88//104 89//105
f 85//91 84//98 95//100 96//106
f 82//88 81//87 92//102 93//107
f 79//90 78//89 89//105 90//108
f 86//92 85//91 96//106 97//109
f 83//94 82//93 93//110 94//99
f 80//95 79//90 90//108 91//101
f 87//96 86//92 97//109 98//103
f 77//97 1//14 88//104
f 94//99 93//110 104//111 105//112
f 91//101 90//108 101//113 102//114
f 98//103 97//109 108//115 109//116
f 88//104 1//14 99//117
f 95//100 94//99 105//112 106//118
f 92//102 91//101 102//114 103//119
f 10//20 98//103 109//116
f 89//105 88//104 99//117 100//120
f 96//106 95//100 106//118 107//121
f 93//107 92//102 103//119 104//122
f 90//108 89//105 100//120 101//113
f 97//109 96//106 107//121 108//115
f 107//121 106//118 117//123 118//124
f 104//122 103//119 114//125 115//126
f 101//113 100//120 111//127 112//128
f 108//115 107//121 118//124 119//129
f 105//112 104//111 115//130 116//131
f 102//114 101//113 112//128 113//132
f 109//116 108//115 119//129 120//133
f 99//117 1//14 110//134
f 106//118 105//112 116//131 117//123
f 103//119 102//114 113//132 114//125
f 10//20 109//116 120//133
f 100//120 99//117 110//134 111//127
f 110//134 1//14 121//135
f 117//123 116//131 127//136 128//137
f 114//125 113//132 124//138 125//139
f 10//20 120//133 131//140
f 111//127 110//134 121//135 122//141
f 118//124 117//123 128//137 129//142
f 115//126 114//125 125//139 126//143
f 112//128 111//127 122//141 123//144
f 119//129 118//124 129//142 130//145
f 116//131 115//130 126//146 127//136
f 113//132 112//128 123//144 124//138
f 120//133 119//129 130//145 131//140
f 130//145 129//142 140//147 141//148
f 127//136 126//146 137//149 138//150
f 124//138 123//144 134//151 135//152
f 131//140 130//145 141//148 142//153
f 121//135 1//14 132//154
f 128//137 127//136 138//150 139//155
f 125//139 124//138 135//152 136//156
f 10//20 131//140 142//153
f 122//141 121//135 132//154 133//157
f 129//142 128//137 139//155 140//147
f 126//143 125//139 136//156 137//158
f 123//144 122//141 133//157 134//151
f 133//157 132//154 143//159 144//160
f 140//147 139//155 150//161 151//162
f 137//158 136//156 147//163 148//164
f 134//151 133//157 144//160 145//165
f 141//148 140//147 151//162 152//166
f 138//150 137//149 148//167 149//168
f 135//152 134//151 145//165 146//169
f 142//153 141//148 152//166 153//170
f 132//154 1//14 143//159
f 139//155 138//150 149//168 150//161
f 136//156 135//152 146//169 147//163
f 10//20 142//153 153//170
f 153//170 152//166 163//171 164//172
f 143//159 1//14 154//173
f 150//161 149//168 160//174 161//175
f 147//163 146//169 157//176 158//177
f 10//20 153//170 164//172
f 144//160 143//159 154//173 155//178
f 151//162 150//161 161//175 162//179
f 148//164 147//163 158//177 159//180
f 145//165 144//160 155//178 156//181
f 152//166 151//162 162//179 163//171
f 149//168 148//167 159//182 160//174
f 146//169 145//165 156//181 157//176
f 156//181 155//178 166//183 167//184
f 163//171 162//179 173//185 174//186
f 160//174 159//182 170//187 171//188
f 157//176 156//181 167//184 168//189
f 164//172 163//171 174//186 175//190
f 154//173 1//14 165//191
f 161//175 160//174 171//188 172//192
f 158//177 157//176 168//189 169//193
f 10//20 164//172 175//190
f 155//178 154//173 165//191 166//183
f 162//179 161//175 172//192 173//185
f 159//180 158//177 169//193 170//194
f 10//20 175//190 186//195
f 166//183 165//191 176//196 177//197
f 173//185 172//192 183//198 184//199
f 170//194 169//193 180//200 181//201
f 167//184 166//183 177//197 178//202
f 174//186 173//185 184//199 185//203
f 171//188 170//187 181//204 182//205
f 168//189 167//184 178//202 179//206
f 175//190 174//186 185//203 186//195
f 165//191 1//14 176//196
f 172//192 171//188 182//205 183//198
f 169//193 168//189 179//206 180//200
f 179//206 178//202 189//207 190//208
f 186//195 185//203 196//209 197//210
f 176//196 1//14 187//211
f 183//198 182//205 193//212 194//213
f 180//200 179//206 190//208 191//214
f 10//20 186//195 197//210
f 177//197 176//196 187//211 188//215
f 184//199 183//198 194//213 195//216
f 181//201 180//200 191//214 192//217
f 178//202 177//197 188//215 189//207
f 185//203 184//199 195//216 196//209
f 182//205 181//204 192//218 193//212
f 189//207 188//215 199//219 200//220
f 196//209 195//216 206//221 207//222
f 193//212 192//218 203//223 204//224
f 190//208 189//207 200//220 201//225
f 197//210 196//209 207//222 208//226
f 187//211 1//14 198//227
f 194//213 193//212 204//224 205//228
f 191//214 190//208 201//225 202//229
f 10//20 197//210 208//226
f 188//215 187//211 198//227 199//219
f 195//216 194//213 205//228 206//221
f 192//217 191//214 202//229 203//230
f 202//229 201//225 212//231 213//232
f 10//20 208//226 219//233
f 199//219 198//227 209//234 210//235
f 206//221 205//228 216//236 217//237
f 203//230 202//229 213//232 214//238
f 200//220 199//219 210//235 211//239
f 207//222 206//221 217//237 218//240
f 204//224 203//223 214//241 215//242
f 201//225 200//220 211//239 212//231
f 208//226 207//222 218//240 219//233
f 198//227 1//14 209//234
f 205//228 204//224 215//242 216//236
f 212//231 211//239 222//243 223//244
f 219//233 218//240 229//245 230//246
f 209//234 1//14 220//247
f 216//236 215//242 226//248 227//249
f 213//232 212//231 223//244 224//250
f 10//20 219//233 230//246
f 210//235 209//234 220//247 221//251
f 217//237 216//236 227//249 228//252
f 214//238 213//232 224//250 225//253
f 211//239 210//235 221//251 222//243
f 218//240 217//237 228//252 229//245
f 215//242 214//241 225//254 226//248
f 225//253 224//250 235//255 236//256
f 222//243 221//251 232//257 233//258
f 229//245 228//252 239//259 240//260
f 226//248 225//254 236//261 237//262
f 223//244 222//243 233//258 234//263
f 230//246 229//245 240//260 241//264
f 220//247 1//14 231//265
f 227//249 226//248 237//262 238//266
f 224//250 223//244 234//263 235//255
f 10//20 230//246 241//264
f 221//251 220//247 231//265 232//257
f 228//252 227//249 238//266 239//259
f 235//255 234//263 245//267 246//268
f 10//20 241//264 252//269
f 232//257 231//265 242//270 243//271
f 239//259 238//266 249//272 250//273
f 236//256 235//255 246//268 247//274
f 233//258 232//257 243//271 244//275
f 240//260 239//259 250//273 251//276
f 237//262 236//261 247//277 248//278
f 234//263 233//258 244//275 245//267
f 241//264 240//260 251//276 252//269
f 231//265 1//14 242//270
f 238//266 237//262 248//278 249//272
f 248//278 247//277 258//279 259//280
f 245//267 244//275 255//281 256//282
f 252//269 251//276 262//283 263//284
f 242//270 1//14 253//285
f 249//272 248//278 259//280 260//286
f 246//268 245//267 256//282 257//287
f 10//20 252//269 263//284
f 243//271 242//270 253//285 254//288
f 250//273 249//272 260//286 261//289
f 247//274 246//268 257//287 258//290
f 244//275 243//271 254//288 255//281
f 251//276 250//273 261//289 262//283
f 258//290 257//287 4//18 5//25
f 255//281 254//288 264//21 265//6
f 262//283 261//289 8//23 266//10
f 259//280 258//279 5//2 6//1
f 256//282 255//281 265//6 3//5
f 263//284 262//283 266//10 9//9
f 253//285 1//14 2//13
f 260//286 259//280 6//1 7//16
f 257//287 256//282 3//5 4//18
f 10//20 263//284 9//9
f 254//288 253//285 2//13 264//21
f 261//289 260//286 7//16 8//23
usemtl white
f 272//291 271//292 280//293 281//294
f 270//295 269//296 277//297 278//298
f 446//299 267//14 275//300
f 273//301 272//291 281//294 282//302
f 447//303 270//295 278//298 279//304
f 268//305 446//299 275//300 276//306
f 448//307 273//301 282//302 283//308
f 271//292 447//303 279//304 280//293
f 269//296 268//305 276//306 277//297
f 274//20 448//307 283//308
f 281//294 280//293 289//309 290//310
f 278//298 277//297 286//311 287//312
f 275//300 267//14 284//313
f 282//302 281//294 290//310 291//314
f 279//304 278//298 287//312 288//315
f 276//306 275//300 284//313 285//316
f 283//308 282//302 291//314 292//317
f 280//293 279//304 288//315 289//309
f 277//297 276//306 285//316 286//311
f 274//20 283//308 292//317
f 286//311 285//316 294//318 295//319
f 274//20 292//317 301//320
f 290//310 289//309 298//321 299//322
f 287//312 286//311 295//319 296//323
f 284//313 267//14 293//324
f 291//314 290//310 299//322 300//325
f 288//315 287//312 296//323 297//326
f 285//316 284//313 293//324 294//318
f 292//317 291//314 300//325 301//320
f 289//309 288//315 297//326 298//321
f 298//321 297//326 306//327 307//328
f 295//319 294//318 303//329 304//330
f 274//20 301//320 310//331
f 299//322 298//321 307//328 308//332
f 296//323 295//319 304//330 305//333
f 293//324 267//14 302//334
f 300//325 299//322 308//332 309//335
f 297//326 296//323 305//333 306//327
f 294//318 293//324 302//334 303//329
f 301//320 300//325 309//335 310//331
f 303//329 302//334 311//336 312//337
f 310//331 309//335 318//338 319//339
f 307//328 306//327 315//340 316//341
f 304//330 303//329 312//337 313//342
f 274//20 310//331 319//339
f 308//332 307//328 316//341 317//343
f 305//333 304//330 313//342 314//344
f 302//334 267//14 311//336
f 309//335 308//332 317//343 318//338
f 306//327 305//333 314//344 315//340
f 318//338 317//343 326//345 327//346
f 315//340 314//344 323//347 324//348
f 312//337 311//336 320//349 321//350
f 319//339 318//338 327//346 328//351
f 316//341 315//340 324//348 325//352
f 313//342 312//337 321//350 322//353
f 274//20 319//339 328//351
f 317//343 316//341 325//352 326//345
f 314//344 313//342 322//353 323//347
f 311//336 267//14 320//349
f 323//347 322//353 331//354 332//355
f 320//349 267//14 329//356
f 327//346 326//345 335//357 336//358
f 324//348 323//347 332//355 333//359
f 321//350 320//349 329//356 330//360
f 328//351 327//346 336//358 337//361
f 325//352 324//348 333//359 334//362
f 322//353 321//350 330//360 331//354
f 274//20 328//351 337//361
f 326//345 325//352 334//362 335//357
f 335//357 334//362 343//363 344//364
f 332//355 331//354 340//365 341//366
f 329//356 267//14 338//367
f 336//358 335//357 344//364 345//368
f 333//359 332//355 341//366 342//369
f 330//360 329//356 338//367 339//370
f 337//361 336//358 345//368 346//371
f 334//362 333//359 342//369 343//363
f 331//354 330//360 339//370 340//365
f 274//20 337//361 346//371
f 340//365 339//370 348//372 349//373
f 274//20 346//371 355//374
f 344//364 343//363 352//375 353//376
f 341//366 340//365 349//373 350//377
f 338//367 267//14 347//378
f 345//368 344//364 353//376 354//379
f 342//369 341//366 350//377 351//380
f 339//370 338//367 347//378 348//372
f 346//371 345//368 354//379 355//374
f 343//363 342//369 351//380 352//375
f 355//374 354//379 363//381 364//382
f 352//375 351//380 360//383 361//384
f 349//373 348//372 357//385 358//386
f 274//20 355//374 364//382
f 353//376 352//375 361//384 362//387
f 350//377 349//373 358//386 359//388
f 347//378 267//14 356//389
f 354//379 353//376 362//387 363//381
f 351//380 350//377 359//388 360//383
f 348//372 347//378 356//389 357//385
f 360//383 359//388 368//390 369//391
f 357//385 356//389 365//392 366//393
f 364//382 363//381 372//394 373//395
f 361//384 360//383 369//391 370//396
f 358//386 357//385 366//393 367//397
f 274//20 364//382 373//395
f 362//387 361//384 370//396 371//398
f 359//388 358//386 367//397 368//390
f 356//389 267//14 365//392
f 363//381 362//387 371//398 372//394
f 365//392 267//14 374//399
f 372//394 371//398 380//400 381//401
f 369//391 368//390 377//402 378//403
f 366//393 365//392 374//399 375//404
f 373//395 372//394 381//401 382//405
f 370//396 369//391 378//403 379//406
f 367//397 366//393 375//404 376//407
f 274//20 373//395 382//405
f 371//398 370//396 379//406 380//400
f 368//390 367//397 376//407 377//402
f 377//402 376//407 385//408 386//409
f 374//399 267//14 383//410
f 381//401 380//400 389//411 390//412
f 378//403 377//402 386//409 387//413
f 375//404 374//399 383//410 384//414
f 382//405 381//401 390//412 391//415
f 379//406 378//403 387//413 388//416
f 376//407 375//404 384//414 385//408
f 274//20 382//405 391//415
f 380//400 379//406 388//416 389//411
f 274//20 391//415 400//417
f 389//411 388//416 397//418 398//419
f 386//409 385//408 394//420 395//421
f 383//410 267//14 392//422
f 390//412 389//411 398//419 399//423
f 387//413 386//409 395//421 396//424
f 384//414 383//410 392//422 393//425
f 391//415 390//412 399//423 400//417
f 388//416 387//413 396//424 397//418
f 385//408 384//414 393//425 394//420
f 397//418 396//424 405//426 406//427
f 394//420 393//425 402//428 403//429
f 274//20 400//417 409//430
f 398//419 397//418 406//427 407//431
f 395//421 394//420 403//429 404//432
f 392//422 267//14 401//433
f 399//423 398//419 407//431 408//434
f 396//424 395//421 404//432 405//426
f 393//425 392//422 401//433 402//428
f 400//417 399//423 408//434 409//430
f 402//428 401//433 410//435 411//436
f 409//430 408//434 417//437 418//438
f 406//427 405//426 414//439 415//440
f 403//429 402//428 411//436 412//441
f 274//20 409//430 418//438
f 407//431 406//427 415//440 416//442
f 404//432 403//429 412//441 413//443
f 401//433 267//14 410//435
f 408//434 407//431 416//442 417//437
f 405//426 404//432 413//443 414//439
f 414//439 413//443 422//444 423//445
f 411//436 410//435 419//446 420//447
f 418//438 417//437 426//448 427//449
f 415//440 414//439 423//445 424//450
f 412//441 411//436 420//447 421//451
f 274//20 418//438 427//449
f 416//442 415//440 424//450 425//452
f 413//443 412//441 421//451 422//444
f 410//435 267//14 419//446
f 417//437 416//442 425//452 426//448
f 419//446 267//14 428//453
f 426//448 425//452 434//454 435//455
f 423//445 422//444 431//456 432//457
f 420//447 419//446 428//453 429//458
f 427//449 426//448 435//455 436//459
f 424//450 423//445 432//457 433//460
f 421//451 420//447 429//458 430//461
f 274//20 427//449 436//459
f 425//452 424//450 433//460 434//454
f 422//444 421//451 430//461 431//456
f 434//454 433//460 442//462 443//463
f 431//456 430//461 439//464 440//465
f 428//453 267//14 437//466
f 435//455 434//454 443//463 444//467
f 432//457 431//456 440//465 441//468
f 429//458 428//453 437//466 438//469
f 436//459 435//455 444//467 445//470
f 433//460 432//457 441//468 442//462
f 430//461 429//458 438//469 439//464
f 274//20 436//459 445//470
f 439//464 438//469 268//305 269//296
f 274//20 445//470 448//307
f 443//463 442//462 271//292 272//291
f 440//465 439//464 269//296 270//295
f 437//466 267//14 446//299
f 444//467 443//463 272//291 273//301
f 441//468 440//465 270//295 447//303
f 438//469 437//466 446//299 268//305
f 445//470 444//467 273//301 448//307
f 442//462 441//468 447//303 271//292
f 630//291 629//292 462//293 463//294
f 452//295 628//296 459//297 460//298
f 450//299 449//14 457//300
f 454//301 630//291 463//294 464//302
f 453//303 452//295 460//298 461//304
f 451//305 450//299 457//300 458//306
f 455//307 454//301 464//302 465//308
f 629//292 453//303 461//304 462//293
f 628//296 451//305 458//306 459//297
f 456//20 455//307 465//308
f 463//294 462//293 471//309 472//310
f 460//298 459//297 468//311 469//312
f 457//300 449//14 466//313
f 464//302 463//294 472//310 473//314
f 461//304 460//298 469//312 470//315
f 458//306 457//300 466//313 467//316
f 465//308 464//302 473//314 474//317
f 462//293 461//304 470//315 471//309
f 459//297 458//306 467//316 468//311
f 456//20 465//308 474//317
f 468//311 467//316 476//318 477//319
f 456//20 474//317 483//320
f 472//310 471//309 480//321 481//322
f 469//312 468//311 477//319 478//323
f 466//313 449//14 475//324
f 473//314 472//310 481//322 482//325
f 470//315 469//312 478//323 479//326
f 467//316 466//313 475//324 476//318
f 474//317 473//314 482//325 483//320
f 471//309 470//315 479//326 480//321
f 480//321 479//326 488//327 489//328
f 477//319 476//318 485//329 486//330
f 456//20 483//320 492//331
f 481//322 480//321 489//328 490//332
f 478//323 477//319 486//330 487//333
f 475//324 449//14 484//334
f 482//325 481//322 490//332 491//335
f 479//326 478//323 487//333 488//327
f 476//318 475//324 484//334 485//329
f 483//320 482//325 491//335 492//331
f 485//329 484//334 493//336 494//337
f 492//331 491//335 500//338 501//339
f 489//328 488//327 497//340 498//341
f 486//330 485//329 494//337 495//342
f 456//20 492//331 501//339
f 490//332 489//328 498//341 499//343
f 487//333 486//330 495//342 496//344
f 484//334 449//14 493//336
f 491//335 490//332 499//343 500//338
f 488//327 487//333 496//344 497//340
f 500//338 499//343 508//345 509//346
f 497//340 496//344 505//347 506//348
f 494//337 493//336 502//349 503//350
f 501//339 500//338 509//346 510//351
f 498//341 497//340 506//348 507//352
f 495//342 494//337 503//350 504//353
f 456//20 501//339 510//351
f 499//343 498//341 507//352 508//345
f 496//344 495//342 504//353 505//347
f 493//336 449//14 502//349
f 505//347 504//353 513//354 514//355
f 502//349 449//14 511//356
f 509//346 508//345 517//357 518//358
f 506//348 505//347 514//355 515//359
f 503//350 502//349 511//356 512//360
f 510//351 509//346 518//358 519//361
f 507//352 506//348 515//359 516//362
f 504//353 503//350 512//360 513//354
f 456//20 510//351 519//361
f 508//345 507//352 516//362 517//357
f 517//357 516//362 525//363 526//364
f 514//355 513//354 522//365 523//366
f 511//356 449//14 520//367
f 518//358 517//357 526//364 527//368
f 515//359 514//355 523//366 524//369
f 512//360 511//356 520//367 521//370
f 519//361 518//358 527//368 528//371
f 516//362 515//359 524//369 525//363
f 513//354 512//360 521//370 522//365
f 456//20 519//361 528//371
f 522//365 521//370 530//372 531//373
f 456//20 528//371 537//374
f 526//364 525//363 534//375 535//376
f 523//366 522//365 531//373 532//377
f 520//367 449//14 529//378
f 527//368 526//364 535//376 536//379
f 524//369 523//366 532//377 533//380
f 521//370 520//367 529//378 530//372
f 528//371 527//368 536//379 537//374
f 525//363 524//369 533//380 534//375
f 537//374 536//379 545//381 546//382
f 534//375 533//380 542//383 543//384
f 531//373 530//372 539//385 540//386
f 456//20 537//374 546//382
f 535//376 534//375 543//384 544//387
f 532//377 531//373 540//386 541//388
f 529//378 449//14 538//389
f 536//379 535//376 544//387 545//381
f 533//380 532//377 541//388 542//383
f 530//372 529//378 538//389 539//385
f 542//383 541//388 550//390 551//391
f 539//385 538//389 547//392 548//393
f 546//382 545//381 554//394 555//395
f 543//384 542//383 551//391 552//396
f 540//386 539//385 548//393 549//397
f 456//20 546//382 555//395
f 544//387 543//384 552//396 553//398
f 541//388 540//386 549//397 550//390
f 538//389 449//14 547//392
f 545//381 544//387 553//398 554//394
f 547//392 449//14 556//399
f 554//394 553//398 562//400 563//401
f 551//391 550//390 559//402 560//403
f 548//393 547//392 556//399 557//404
f 555//395 554//394 563//401 564//405
f 552//396 551//391 560//403 561//406
f 549//397 548//393 557//404 558//407
f 456//20 555//395 564//405
f 553//398 552//396 561//406 562//400
f 550//390 549//397 558//407 559//402
f 559//402 558//407 567//408 568//409
f 556//399 449//14 565//410
f 563//401 562//400 571//411 572//412
f 560//403 559//402 568//409 569//413
f 557//404 556//399 565//410 566//414
f 564//405 563//401 572//412 573//415
f 561//406 560//403 569//413 570//416
f 558//407 557//404 566//414 567//408
f 456//20 564//405 573//415
f 562//400 561//406 570//416 571//411
f 456//20 573//415 582//417
f 571//411 570//416 579//418 580//419
f 568//409 567//408 576//420 577//421
f 565//410 449//14 574//422
f 572//412 571//411 580//419 581//423
f 569//413 568//409 577//421 578//424
f 566//414 565//410 574//422 575//425
f 573//415 572//412 581//423 582//417
f 570//416 569//413 578//424 579//418
f 567//408 566//414 575//425 576//420
f 579//418 578//424 587//426 588//427
f 576//420 575//425 584//428 585//429
f 456//20 582//417 591//430
f 580//419 579//418 588//427 589//431
f 577//421 576//420 585//429 586//432
f 574//422 449//14 583//433
f 581//423 580//419 589//431 590//434
f 578//424 577//421 586//432 587//426
f 575//425 574//422 583//433 584//428
f 582//417 581//423 590//434 591//430
f 584//428 583//433 592//435 593//436
f 591//430 590//434 599//437 600//438
f 588//427 587//426 596//439 597//440
f 585//429 584//428 593//436 594//441
f 456//20 591//430 600//438
f 589//431 588//427 597//440 598//442
f 586//432 585//429 594//441 595//443
f 583//433 449//14 592//435
f 590//434 589//431 598//442 599//437
f 587//426 586//432 595//443 596//439
f 596//439 595//443 604//444 605//445
f 593//436 592//435 601//446 602//447
f 600//438 599//437 608//448 609//449
f 597//440 596//439 605//445 606//450
f 594//441 593//436 602//447 603//451
f 456//20 600//438 609//449
f 598//442 597//440 606//450 607//452
f 595//443 594//441 603//451 604//444
f 592//435 449//14 601//446
f 599//437 598//442 607//452 608//448
f 601//446 449//14 610//453
f 608//448 607//452 616//454 617//455
f 605//445 604//444 613//456 614//457
f 602//447 601//446 610//453 611//458
f 609//449 608//448 617//455 618//459
f 606//450 605//445 614//457 615//460
f 603//451 602//447 611//458 612//461
f 456//20 609//449 618//459
f 607//452 606//450 615//460 616//454
f 604//444 603//451 612//461 613//456
f 616//454 615//460 624//462 625//463
f 613//456 612//461 621//464 622//465
f 610//453 449//14 619//466
f 617//455 616//454 625//463 626//467
f 614//457 613//456 622//465 623//468
f 611//458 610//453 619//466 620//469
f 618//459 617//455 626//467 627//470
f 615//460 614//457 623//468 624//462
f 612//461 611//458 620//469 621//464
f 456//20 618//459 627//470
f 621//464 620//469 451//305 628//296
f 456//20 627//470 455//307
f 625//463 624//462 629//292 630//291
f 622//465 621//464 628//296 452//295
f 619//466 449//14 450//299
f 626//467 625//463 630//291 454//301
f 623//468 622//465 452//295 453//303
f 620//469 619//466 450//299 451//305
f 627//470 626//467 454//301 455//307
f 624//462 623//468 453//303 629//292
f 638//291 637//292 647//293 648//294
f 635//295 634//296 644//297 645//298
f 632//299 631//14 642//300
f 639//301 638//291 648//294 649//302
f 636//303 635//295 645//298 646//304
f 633//305 632//299 642//300 643//306
f 640//307 639//301 649//302 650//308
f 637//292 636//303 646//304 647//293
f 634//296 633//305 643//306 644//297
f 641//20 640//307 650//308
f 648//294 647//293 656//309 657//310
f 645//298 644//297 653//311 654//312
f 642//300 631//14 651//313
f 649//302 648//294 657//310 658//314
f 646//304 645//298 654//312 655//315
f 643//306 642//300 651//313 652//316
f 650//308 649//302 658//314 659//317
f 647//293 646//304 655//315 656//309
f 644//297 643//306 652//316 653//311
f 641//20 650//308 659//317
f 653//311 652//316 661//318 662//319
f 641//20 659//317 668//320
f 657//310 656//309 665//321 666//322
f 654//312 653//311 662//319 663//323
f 651//313 631//14 660//324
f 658//314 657//310 666//322 667//325
f 655//315 654//312 663//323 664//326
f 652//316 651//313 660//324 661//318
f 659//317 658//314 667//325 668//320
f 656//309 655//315 664//326 665//321
f 665//321 664//326 673//327 674//328
f 662//319 661//318 670//329 671//330
f 641//20 668//320 677//331
f 666//322 665//321 674//328 675//332
f 663//323 662//319 671//330 672//333
f 660//324 631//14 669//334
f 667//325 666//322 675//332 676//335
f 664//326 663//323 672//333 673//327
f 661//318 660//324 669//334 670//329
f 668//320 667//325 676//335 677//331
f 670//329 669//334 678//336 679//337
f 677//331 676//335 685//338 686//339
f 674//328 673//327 682//340 683//341
f 671//330 670//329 679//337 680//342
f 641//20 677//331 686//339
f 675//332 674//328 683//341 684//343
f 672//333 671//330 680//342 681//344
f 669//334 631//14 678//336
f 676//335 675//332 684//343 685//338
f 673//327 672//333 681//344 682//340
f 685//338 684//343 693//345 694//346
f 682//340 681//344 690//347 691//348
f 679//337 678//336 687//349 688//350
f 686//339 685//338 694//346 695//351
f 683//341 682//340 691//348 692//352
f 680//342 679//337 688//350 689//353
f 641//20 686//339 695//351
f 684//343 683//341 692//352 693//345
f 681//344 680//342 689//353 690//347
f 678//336 631//14 687//349
f 690//347 689//353 698//354 699//355
f 687//349 631//14 696//356
f 694//346 693//345 702//357 703//358
f 691//348 690//347 699//355 700//359
f 688//350 687//349 696//356 697//360
f 695//351 694//346 703//358 704//361
f 692//352 691//348 700//359 701//362
f 689//353 688//350 697//360 698//354
f 641//20 695//351 704//361
f 693//345 692//352 701//362 702//357
f 702//357 701//362 710//363 711//364
f 699//355 698//354 707//365 708//366
f 696//356 631//14 705//367
f 703//358 702//357 711//364 712//368
f 700//359 699//355 708//366 709//369
f 697//360 696//356 705//367 706//370
f 704//361 703//358 712//368 713//371
f 701//362 700//359 709//369 710//363
f 698//354 697//360 706//370 707//365
f 641//20 704//361 713//371
f 707//365 706//370 715//372 716//373
f 641//20 713//371 722//374
f 711//364 710//363 719//375 720//376
f 708//366 707//365 716//373 717//377
f 705//367 631//14 714//378
f 712//368 711//364 720//376 721//379
f 709//369 708//366 717//377 718//380
f 706//370 705//367 714//378 715//372
f 713//371 712//368 721//379 722//374
f 710//363 709//369 718//380 719//375
f 722//374 721//379 730//381 731//382
f 719//375 718//380 727//383 728//384
f 716//373 715//372 724//385 725//386
f 641//20 722//374 731//382
f 720//376 719//375 728//384 729//387
f 717//377 716//373 725//386 726//388
f 714//378 631//14 723//389
f 721//379 720//376 729//387 730//381
f 718//380 717//377 726//388 727//383
f 715//372 714//378 723//389 724//385
f 727//383 726//388 735//390 736//391
f 724//385 723//389 732//392 733//393
f 731//382 730//381 739//394 740//395
f 728//384 727//383 736//391 737//396
f 725//386 724//385 733//393 734//397
f 641//20 731//382 740//395
f 729//387 728//384 737//396 738//398
f 726//388 725//386 734//397 735//390
f 723//389 631//14 732//392
f 730//381 729//387 738//398 739//394
f 732//392 631//14 741//399
f 739//394 738//398 747//400 748//401
f 736//391 735//390 744//402 745//403
f 733//393 732//392 741//399 742//404
f 740//395 739//394 748//401 749//405
f 737//396 736//391 745//403 746//406
f 734//397 733//393 742//404 743//407
f 641//20 740//395 749//405
f 738//398 737//396 746//406 747//400
f 735//390 734//397 743//407 744//402
f 744//402 743//407 752//408 753//409
f 741//399 631//14 750//410
f 748//401 747//400 756//411 757//412
f 745//403 744//402 753//409 754//413
f 742//404 741//399 750//410 751//414
f 749//405 748//401 757//412 758//415
f 746//406 745//403 754//413 755//416
f 743//407 742//404 751//414 752//408
f 641//20 749//405 758//415
f 747//400 746//406 755//416 756//411
f 641//20 758//415 767//417
f 756//411 755//416 764//418 765//419
f 753//409 752//408 761//420 762//421
f 750//410 631//14 759//422
f 757//412 756//411 765//419 766//423
f 754//413 753//409 762//421 763//424
f 751//414 750//410 759//422 760//425
f 758//415 757//412 766//423 767//417
f 755//416 754//413 763//424 764//418
f 752//408 751//414 760//425 761//420
f 764//418 763//424 772//426 773//427
f 761//420 760//425 769//428 770//429
f 641//20 767//417 776//430
f 765//419 764//418 773//427 774//431
f 762//421 761//420 770//429 771//432
f 759//422 631//14 768//433
f 766//423 765//419 774//431 775//434
f 763//424 762//421 771//432 772//426
f 760//425 759//422 768//433 769//428
f 767//417 766//423 775//434 776//430
f 769//428 768//433 777//435 778//436
f 776//430 775//434 784//437 785//438
f 773//427 772//426 781//439 782//440
f 770//429 769//428 778//436 779//441
f 641//20 776//430 785//438
f 774//431 773//427 782//440 783//442
f 771//432 770//429 779//441 780//443
f 768//433 631//14 777//435
f 775//434 774//431 783//442 784//437
f 772//426 771//432 780//443 781//439
f 781//439 780//443 789//444 790//445
f 778//436 777//435 786//446 787//447
f 785//438 784//437 793//448 794//449
f 782//440 781//439 790//445 791//450
f 779//441 778//436 787//447 788//451
f 641//20 785//438 794//449
f 783//442 782//440 791//450 792//452
f 780//443 779//441 788//451 789//444
f 777//435 631//14 786//446
f 784//437 783//442 792//452 793//448
f 786//446 631//14 795//453
f 793//448 792//452 801//454 802//455
f 790//445 789//444 798//456 799//457
f 787//447 786//446 795//453 796//458
f 794//449 793//448 802//455 803//459
f 791//450 790//445 799//457 800//460
f 788//451 787//447 796//458 797//461
f 641//20 794//449 803//459
f 792//452 791//450 800//460 801//454
f 789//444 788//451 797//461 798//456
f 801//454 800//460 809//462 810//463
f 798//456 797//461 806//464 807//465
f 795//453 631//14 804//466
f 802//455 801//454 810//463 811//467
f 799//457 798//456 807//465 808//468
f 796//458 795//453 804//466 805//469
f 803//459 802//455 811//467 812//470
f 800//460 799//457 808//468 809//462
f 797//461 796//458 805//469 806//464
f 641//20 803//459 812//470
f 806//464 805//469 633//305 634//296
f 641//20 812//470 640//307
f 810//463 809//462 637//292 638//291
f 807//465 806//464 634//296 635//295
f 804//466 631//14 632//299
f 811//467 810//463 638//291 639//301
f 808//468 807//465 635//295 636//303
f 805//469 804//466 632//299 633//305
f 812//470 811//467 639//301 640//307
f 809//462 808//468 636//303 637//292
f 818//291 993//292 826//293 827//294
f 816//295 815//296 823//297 824//298
f 992//299 813//14 821//300
f 819//301 818//291 827//294 828//302
f 817//303 816//295 824//298 825//304
f 814//305 992//299 821//300 822//306
f 994//307 819//301 828//302 829//308
f 993//292 817//303 825//304 826//293
f 815//296 814//305 822//306 823//297
f 820//20 994//307 829//308
f 827//294 826//293 835//309 836//310
f 824//298 823//297 832//311 833//312
f 821//300 813//14 830//313
f 828//302 827//294 836//310 837//314
f 825//304 824//298 833//312 834//315
f 822//306 821//300 830//313 831//316
f 829//308 828//302 837//314 838//317
f 826//293 825//304 834//315 835//309
f 823//297 822//306 831//316 832//311
f 820//20 829//308 838//317
f 832//311 831//316 840//318 841//319
f 820//20 838//317 847//320
f 836//310 835//309 844//321 845//322
f 833//312 832//311 841//319 842//323
f 830//313 813//14 839//324
f 837//314 836//310 845//322 846//325
f 834//315 833//312 842//323 843//326
f 831//316 830//313 839//324 840//318
f 838//317 837//314 846//325 847//320
f 835//309 834//315 843//326 844//321
f 844//321 843//326 852//327 853//328
f 841//319 840//318 849//329 850//330
f 820//20 847//320 856//331
f 845//322 844//321 853//328 854//332
f 842//323 841//319 850//330 851//333
f 839//324 813//14 848//334
f 846//325 845//322 854//332 855//335
f 843//326 842//323 851//333 852//327
f 840//318 839//324 848//334 849//329
f 847//320 846//325 855//335 856//331
f 849//329 848//334 857//336 858//337
f 856//331 855//335 864//338 865//339
f 853//328 852//327 861//340 862//341
f 850//330 849//329 858//337 859//342
f 820//20 856//331 865//339
f 854//332 853//328 862//341 863//343
f 851//333 850//330 859//342 860//344
f 848//334 813//14 857//336
f 855//335 854//332 863//343 864//338
f 852//327 851//333 860//344 861//340
f 864//338 863//343 872//345 873//346
f 861//340 860//344 869//347 870//348
f 858//337 857//336 866//349 867//350
f 865//339 864//338 873//346 874//351
f 862//341 861//340 870//348 871//352
f 859//342 858//337 867//350 868//353
f 820//20 865//339 874//351
f 863//343 862//341 871//352 872//345
f 860//344 859//342 868//353 869//347
f 857//336 813//14 866//349
f 869//347 868//353 877//354 878//355
f 866//349 813//14 875//356
f 873//346 872//345 881//357 882//358
f 870//348 869//347 878//355 879//359
f 867//350 866//349 875//356 876//360
f 874//351 873//346 882//358 883//361
f 871//352 870//348 879//359 880//362
f 868//353 867//350 876//360 877//354
f 820//20 874//351 883//361
f 872//345 871//352 880//362 881//357
f 881//357 880//362 889//363 890//364
f 878//355 877//354 886//365 887//366
f 875//356 813//14 884//367
f 882//358 881//357 890//364 891//368
f 879//359 878//355 887//366 888//369
f 876//360 875//356 884//367 885//370
f 883//361 882//358 891//368 892//371
f 880//362 879//359 888//369 889//363
f 877//354 876//360 885//370 886//365
f 820//20 883//361 892//371
f 886//365 885//370 894//372 895//373
f 820//20 892//371 901//374
f 890//364 889//363 898//375 899//376
f 887//366 886//365 895//373 896//377
f 884//367 813//14 893//378
f 891//368 890//364 899//376 900//379
f 888//369 887//366 896//377 897//380
f 885//370 884//367 893//378 894//372
f 892//371 891//368 900//379 901//374
f 889//363 888//369 897//380 898//375
f 901//374 900//379 909//381 910//382
f 898//375 897//380 906//383 907//384
f 895//373 894//372 903//385 904//386
f 820//20 901//374 910//382
f 899//376 898//375 907//384 908//387
f 896//377 895//373 904//386 905//388
f 893//378 813//14 902//389
f 900//379 899//376 908//387 909//381
f 897//380 896//377 905//388 906//383
f 894//372 893//378 902//389 903//385
f 906//383 905//388 914//390 915//391
f 903//385 902//389 911//392 912//393
f 910//382 909//381 918//394 919//395
f 907//384 906//383 915//391 916//396
f 904//386 903//385 912//393 913//397
f 820//20 910//382 919//395
f 908//387 907//384 916//396 917//398
f 905//388 904//386 913//397 914//390
f 902//389 813//14 911//392
f 909//381 908//387 917//398 918//394
f 911//392 813//14 920//399
f 918//394 917//398 926//400 927//401
f 915//391 914//390 923//402 924//403
f 912//393 911//392 920//399 921//404
f 919//395 918//394 927//401 928//405
f 916//396 915//391 924//403 925//406
f 913//397 912//393 921//404 922//407
f 820//20 919//395 928//405
f 917//398 916//396 925//406 926//400
f 914//390 913//397 922//407 923//402
f 923//402 922//407 931//408 932//409
f 920//399 813//14 929//410
f 927//401 926//400 935//411 936//412
f 924//403 923//402 932//409 933//413
f 921//404 920//399 929//410 930//414
f 928//405 927//401 936//412 937//415
f 925//406 924//403 933//413 934//416
f 922//407 921//404 930//414 931//408
f 820//20 928//405 937//415
f 926//400 925//406 934//416 935//411
f 820//20 937//415 946//417
f 935//411 934//416 943//418 944//419
f 932//409 931//408 940//420 941//421
f 929//410 813//14 938//422
f 936//412 935//411 944//419 945//423
f 933//413 932//409 941//421 942//424
f 930//414 929//410 938//422 939//425
f 937//415 936//412 945//423 946//417
f 934//416 933//413 942//424 943//418
f 931//408 930//414 939//425 940//420
f 943//418 942//424 951//426 952//427
f 940//420 939//425 948//428 949//429
f 820//20 946//417 955//430
f 944//419 943//418 952//427 953//431
f 941//421 940//420 949//429 950//432
f 938//422 813//14 947//433
f 945//423 944//419 953//431 954//434
f 942//424 941//421 950//432 951//426
f 939//425 938//422 947//433 948//428
f 946//417 945//423 954//434 955//430
f 948//428 947//433 956//435 957//436
f 955//430 954//434 963//437 964//438
f 952//427 951//426 960//439 961//440
f 949//429 948//428 957//436 958//441
f 820//20 955//430 964//438
f 953//431 952//427 961//440 962//442
f 950//432 949//429 958//441 959//443
f 947//433 813//14 956//435
f 954//434 953//431 962//442 963//437
f 951//426 950//432 959//443 960//439
f 960//439 959//443 968//444 969//445
f 957//436 956//435 965//446 966//447
f 964//438 963//437 972//448 973//449
f 961//440 960//439 969//445 970//450
f 958//441 957//436 966//447 967//451
f 820//20 964//438 973//449
f 962//442 961//440 970//450 971//452
f 959//443 958//441 967//451 968//444
f 956//435 813//14 965//446
f 963//437 962//442 971//452 972//448
f 965//446 813//14 974//453
f 972//448 971//452 980//454 981//455
f 969//445 968//444 977//456 978//457
f 966//447 965//446 974//453 975//458
f 973//449 972//448 981//455 982//459
f 970//450 969//445 978//457 979//460
f 967//451 966//447 975//458 976//461
f 820//20 973//449 982//459
f 971//452 970//450 979//460 980//454
f 968//444 967//451 976//461 977//456
f 980//454 979//460 988//462 989//463
f 977//456 976//461 985//464 986//465
f 974//453 813//14 983//466
f 981//455 980//454 989//463 990//467
f 978//457 977//456 986//465 987//468
f 975//458 974//453 983//466 984//469
f 982//459 981//455 990//467 991//470
f 979//460 978//457 987//468 988//462
f 976//461 975//458 984//469 985//464
f 820//20 982//459 991//470
f 985//464 984//469 814//305 815//296
f 820//20 991//470 994//307
f 989//463 988//462 993//292 818//291
f 986//465 985//464 815//296 816//295
f 983//466 813//14 992//299
f 990//467 989//463 818//291 819//301
f 987//468 986//465 816//295 817//303
f 984//469 983//466 992//299 814//305
f 991//470 990//467 819//301 994//307
f 988//462 987//468 817//303 993//292
f 1000//291 999//292 1008//293 1009//294
f 997//295 1175//296 1005//297 1006//298
f 1174//299 995//14 1003//300
f 1001//301 1000//291 1009//294 1010//302
f 998//303 997//295 1006//298 1007//304
f 996//305 1174//299 1003//300 1004//306
f 1176//307 1001//301 1010//302 1011//308
f 999//292 998//303 1007//304 1008//293
f 1175//296 996//305 1004//306 1005//297
f 1002//20 1176//307 1011//308
f 1009//294 1008//293 1017//309 1018//310
f 1006//298 1005//297 1014//311 1015//312
f 1003//300 995//14 1012//313
f 1010//302 1009//294 1018//310 1019//314
f 1007//304 1006//298 1015//312 1016//315
f 1004//306 1003//300 1012//313 1013//316
f 1011//308 1010//302 1019//314 1020//317
f 1008//293 1007//304 1016//315 1017//309
f 1005//297 1004//306 1013//316 1014//311
f 1002//20 1011//308 1020//317
f 1014//311 1013//316 1022//318 1023//319
f 1002//20 1020//317 1029//320
f 1018//310 1017//309 1026//321 1027//322
f 1015//312 1014//311 1023//319 1024//323
f 1012//313 995//14 1021//324
f 1019//314 1018//310 1027//322 1028//325
f 1016//315 1015//312 1024//323 1025//326
f 1013//316 1012//313 1021//324 1022//318
f 1020//317 1019//314 1028//325 1029//320
f 1017//309 1016//315 1025//326 1026//321
f 1026//321 1025//326 1034//327 1035//328
f 1023//319 1022//318 1031//329 1032//330
f 1002//20 1029//320 1038//331
f 1027//322 1026//321 1035//328 1036//332
f 1024//323 1023//319 1032//330 1033//333
f 1021//324 995//14 1030//334
f 1028//325 1027//322 1036//332 1037//335
f 1025//326 1024//323 1033//333 1034//327
f 1022//318 1021//324 1030//334 1031//329
f 1029//320 1028//325 1037//335 1038//331
f 1031//329 1030//334 1039//336 1040//337
f 1038//331 1037//335 1046//338 1047//339
f 1035//328 1034//327 1043//340 1044//341
f 1032//330 1031//329 1040//337 1041//342
f 1002//20 1038//331 1047//339
f 1036//332 1035//328 1044//341 1045//343
f 1033//333 1032//330 1041//342 1042//344
f 1030//334 995//14 1039//336
f 1037//335 1036//332 1045//343 1046//338
f 1034//327 1033//333 1042//344 1043//340
f 1046//338 1045//343 1054//345 1055//346
f 1043//340 1042//344 1051//347 1052//348
f 1040//337 1039//336 1048//349 1049//350
f 1047//339 1046//338 1055//346 1056//351
f 1044//341 1043//340 1052//348 1053//352
f 1041//342 1040//337 1049//350 1050//353
f 1002//20 1047//339 1056//351
f 1045//343 1044//341 1053//352 1054//345
f 1042//344 1041//342 1050//353 1051//347
f 1039//336 995//14 1048//349
f 1051//347 1050//353 1059//354 1060//355
f 1048//349 995//14 1057//356
f 1055//346 1054//345 1063//357 1064//358
f 1052//348 1051//347 1060//355 1061//359
f 1049//350 1048//349 1057//356 1058//360
f 1056//351 1055//346 1064//358 1065//361
f 1053//352 1052//348 1061//359 1062//362
f 1050//353 1049//350 1058//360 1059//354
f 1002//20 1056//351 1065//361
f 1054//345 1053//352 1062//362 1063//357
f 1063//357 1062//362 1071//363 1072//364
f 1060//355 1059//354 1068//365 1069//366
f 1057//356 995//14 1066//367
f 1064//358 1063//357 1072//364 1073//368
f 1061//359 1060//355 1069//366 1070//369
f 1058//360 1057//356 1066//367 1067//370
f 1065//361 1064//358 1073//368 1074//371
f 1062//362 1061//359 1070//369 1071//363
f 1059//354 1058//360 1067//370 1068//365
f 1002//20 1065//361 1074//371
f 1068//365 1067//370 1076//372 1077//373
f 1002//20 1074//371 1083//374
f 1072//364 1071//363 1080//375 1081//376
f 1069//366 1068//365 1077//373 1078//377
f 1066//367 995//14 1075//378
f 1073//368 1072//364 1081//376 1082//379
f 1070//369 1069//366 1078//377 1079//380
f 1067//370 1066//367 1075//378 1076//372
f 1074//371 1073//368 1082//379 1083//374
f 1071//363 1070//369 1079//380 1080//375
f 1083//374 1082//379 1091//381 1092//382
f 1080//375 1079//380 1088//383 1089//384
f 1077//373 1076//372 1085//385 1086//386
f 1002//20 1083//374 1092//382
f 1081//376 1080//375 1089//384 1090//387
f 1078//377 1077//373 1086//386 1087//388
f 1075//378 995//14 1084//389
f 1082//379 1081//376 1090//387 1091//381
f 1079//380 1078//377 1087//388 1088//383
f 1076//372 1075//378 1084//389 1085//385
f 1088//383 1087//388 1096//390 1097//391
f 1085//385 1084//389 1093//392 1094//393
f 1092//382 1091//381 1100//394 1101//395
f 1089//384 1088//383 1097//391 1098//396
f 1086//386 1085//385 1094//393 1095//397
f 1002//20 1092//382 1101//395
f 1090//387 1089//384 1098//396 1099//398
f 1087//388 1086//386 1095//397 1096//390
f 1084//389 995//14 1093//392
f 1091//381 1090//387 1099//398 1100//394
f 1093//392 995//14 1102//399
f 1100//394 1099//398 1108//400 1109//401
f 1097//391 1096//390 1105//402 1106//403
f 1094//393 1093//392 1102//399 1103//404
f 1101//395 1100//394 1109//401 1110//405
f 1098//396 1097//391 1106//403 1107//406
f 1095//397 1094//393 1103//404 1104//407
f 1002//20 1101//395 1110//405
f 1099//398 1098//396 1107//406 1108//400
f 1096//390 1095//397 1104//407 1105//402
f 1105//402 1104//407 1113//408 1114//409
f 1102//399 995//14 1111//410
f 1109//401 1108//400 1117//411 1118//412
f 1106//403 1105//402 1114//409 1115//413
f 1103//404 1102//399 1111//410 1112//414
f 1110//405 1109//401 1118//412 1119//415
f 1107//406 1106//403 1115//413 1116//416
f 1104//407 1103//404 1112//414 1113//408
f 1002//20 1110//405 1119//415
f 1108//400 1107//406 1116//416 1117//411
f 1002//20 1119//415 1128//417
f 1117//411 1116//416 1125//418 1126//419
f 1114//409 1113//408 1122//420 1123//421
f 1111//410 995//14 1120//422
f 1118//412 1117//411 1126//419 1127//423
f 1115//413 1114//409 1123//421 1124//424
f 1112//414 1111//410 1120//422 1121//425
f 1119//415 1118//412 1127//423 1128//417
f 1116//416 1115//413 1124//424 1125//418
f 1113//408 1112//414 1121//425 1122//420
f 1125//418 1124//424 1133//426 1134//427
f 1122//420 1121//425 1130//428 1131//429
f 1002//20 1128//417 1137//430
f 1126//419 1125//418 1134//427 1135//431
f 1123//421 1122//420 1131//429 1132//432
f 1120//422 995//14 1129//433
f 1127//423 1126//419 1135//431 1136//434
f 1124//424 1123//421 1132//432 1133//426
f 1121//425 1120//422 1129//433 1130//428
f 1128//417 1127//423 1136//434 1137//430
f 1130//428 1129//433 1138//435 1139//436
f 1137//430 1136//434 1145//437 1146//438
f 1134//427 1133//426 1142//439 1143//440
f 1131//429 1130//428 1139//436 1140//441
f 1002//20 1137//430 1146//438
f 1135//431 1134//427 1143//440 1144//442
f 1132//432 1131//429 1140//441 1141//443
f 1129//433 995//14 1138//435
f 1136//434 1135//431 1144//442 1145//437
f 1133//426 1132//432 1141//443 1142//439
f 1142//439 1141//443 1150//444 1151//445
f 1139//436 1138//435 1147//446 1148//447
f 1146//438 1145//437 1154//448 1155//449
f 1143//440 1142//439 1151//445 1152//450
f 1140//441 1139//436 1148//447 1149//451
f 1002//20 1146//438 1155//449
f 1144//442 1143//440 1152//450 1153//452
f 1141//443 1140//441 1149//451 1150//444
f 1138//435 995//14 1147//446
f 1145//437 1144//442 1153//452 1154//448
f 1147//446 995//14 1156//453
f 1154//448 1153//452 1162//454 1163//455
f 1151//445 1150//444 1159//456 1160//457
f 1148//447 1147//446 1156//453 1157//458
f 1155//449 1154//448 1163//455 1164//459
f 1152//450 1151//445 1160//457 1161//460
f 1149//451 1148//447 1157//458 1158//461
f 1002//20 1155//449 1164//459
f 1153//452 1152//450 1161//460 1162//454
f 1150//444 1149//451 1158//461 1159//456
f 1162//454 1161//460 1170//462 1171//463
f 1159//456 1158//461 1167//464 1168//465
f 1156//453 995//14 1165//466
f 1163//455 1162//454 1171//463 1172//467
f 1160//457 1159//456 1168//465 1169//468
f 1157//458 1156//453 1165//466 1166//469
f 1164//459 1163//455 1172//467 1173//470
f 1161//460 1160//457 1169//468 1170//462
f 1158//461 1157//458 1166//469 1167//464
f 1002//20 1164//459 1173//470
f 1167//464 1166//469 996//305 1175//296
f 1002//20 1173//470 1176//307
f 1171//463 1170//462 999//292 1000//291
f 1168//465 1167//464 1175//296 997//295
f 1165//466 995//14 1174//299
f 1172//467 1171//463 1000//291 1001//301
f 1169//468 1168//465 997//295 998//303
f 1166//469 1165//466 1174//299 996//305
f 1173//470 1172//467 1001//301 1176//307
f 1170//462 1169//468 998//303 999//292
f 1181//291 1357//292 1189//293 1190//294
f 1355//295 1180//296 1186//297 1187//298
f 1178//299 1177//14 1184//300
f 1182//301 1181//291 1190//294 1191//302
f 1356//303 1355//295 1187//298 1188//304
f 1179//305 1178//299 1184//300 1185//306
f 1358//307 1182//301 1191//302 1192//308
f 1357//292 1356//303 1188//304 1189//293
f 1180//296 1179//305 1185//306 1186//297
f 1183//20 1358//307 1192//308
f 1190//294 1189//293 1198//309 1199//310
f 1187//298 1186//297 1195//311 1196//312
f 1184//300 1177//14 1193//313
f 1191//302 1190//294 1199//310 1200//314
f 1188//304 1187//298 1196//312 1197//315
f 1185//306 1184//300 1193//313 1194//316
f 1192//308 1191//302 1200//314 1201//317
f 1189//293 1188//304 1197//315 1198//309
f 1186//297 1185//306 1194//316 1195//311
f 1183//20 1192//308 1201//317
f 1195//311 1194//316 1203//318 1204//319
f 1183//20 1201//317 1210//320
f 1199//310 1198//309 1207//321 1208//322
f 1196//312 1195//311 1204//319 1205//323
f 1193//313 1177//14 1202//324
f 1200//314 1199//310 1208//322 1209//325
f 1197//315 1196//312 1205//323 1206//326
f 1194//316 1193//313 1202//324 1203//318
f 1201//317 1200//314 1209//325 1210//320
f 1198//309 1197//315 1206//326 1207//321
f 1207//321 1206//326 1215//327 1216//328
f 1204//319 1203//318 1212//329 1213//330
f 1183//20 1210//320 1219//331
f 1208//322 1207//321 1216//328 1217//332
f 1205//323 1204//319 1213//330 1214//333
f 1202//324 1177//14 1211//334
f 1209//325 1208//322 1217//332 1218//335
f 1206//326 1205//323 1214//333 1215//327
f 1203//318 1202//324 1211//334 1212//329
f 1210//320 1209//325 1218//335 1219//331
f 1212//329 1211//334 1220//336 1221//337
f 1219//331 1218//335 1227//338 1228//339
f 1216//328 1215//327 1224//340 1225//341
f 1213//330 1212//329 1221//337 1222//342
f 1183//20 1219//331 1228//339
f 1217//332 1216//328 1225//341 1226//343
f 1214//333 1213//330 1222//342 1223//344
f 1211//334 1177//14 1220//336
f 1218//335 1217//332 1226//343 1227//338
f 1215//327 1214//333 1223//344 1224//340
f 1227//338 1226//343 1235//345 1236//346
f 1224//340 1223//344 1232//347 1233//348
f 1221//337 1220//336 1229//349 1230//350
f 1228//339 1227//338 1236//346 1237//351
f 1225//341 1224//340 1233//348 1234//352
f 1222//342 1221//337 1230//350 1231//353
f 1183//20 1228//339 1237//351
f 1226//343 1225//341 1234//352 1235//345
f 1223//344 1222//342 1231//353 1232//347
f 1220//336 1177//14 1229//349
f 1232//347 1231//353 1240//354 1241//355
f 1229//349 1177//14 1238//356
f 1236//346 1235//345 1244//357 1245//358
f 1233//348 1232//347 1241//355 1242//359
f 1230//350 1229//349 1238//356 1239//360
f 1237//351 1236//346 1245//358 1246//361
f 1234//352 1233//348 1242//359 1243//362
f 1231//353 1230//350 1239//360 1240//354
f 1183//20 1237//351 1246//361
f 1235//345 1234//352 1243//362 1244//357
f 1244//357 1243//362 1252//363 1253//364
f 1241//355 1240//354 1249//365 1250//366
f 1238//356 1177//14 1247//367
f 1245//358 1244//357 1253//364 1254//368
f 1242//359 1241//355 1250//366 1251//369
f 1239//360 1238//356 1247//367 1248//370
f 1246//361 1245//358 1254//368 1255//371
f 1243//362 1242//359 1251//369 1252//363
f 1240//354 1239//360 1248//370 1249//365
f 1183//20 1246//361 1255//371
f 1249//365 1248//370 1257//372 1258//373
f 1183//20 1255//371 1264//374
f 1253//364 1252//363 1261//375 1262//376
f 1250//366 1249//365 1258//373 1259//377
f 1247//367 1177//14 1256//378
f 1254//368 1253//364 1262//376 1263//379
f 1251//369 1250//366 1259//377 1260//380
f 1248//370 1247//367 1256//378 1257//372
f 1255//371 1254//368 1263//379 1264//374
f 1252//363 1251//369 1260//380 1261//375
f 1264//374 1263//379 1272//381 1273//382
f 1261//375 1260//380 1269//383 1270//384
f 1258//373 1257//372 1266//385 1267//386
f 1183//20 1264//374 1273//382
f 1262//376 1261//375 1270//384 1271//387
f 1259//377 1258//373 1267//386 1268//388
f 1256//378 1177//14 1265//389
f 1263//379 1262//376 1271//387 1272//381
f 1260//380 1259//377 1268//388 1269//383
f 1257//372 1256//378 1265//389 1266//385
f 1269//383 1268//388 1277//390 1278//391
f 1266//385 1265//389 1274//392 1275//393
f 1273//382 1272//381 1281//394 1282//395
f 1270//384 1269//383 1278//391 1279//396
f 1267//386 1266//385 1275//393 1276//397
f 1183//20 1273//382 1282//395
f 1271//387 1270//384 1279//396 1280//398
f 1268//388 1267//386 1276//397 1277//390
f 1265//389 1177//14 1274//392
f 1272//381 1271//387 1280//398 1281//394
f 1274//392 1177//14 1283//399
f 1281//394 1280//398 1289//400 1290//401
f 1278//391 1277//390 1286//402 1287//403
f 1275//393 1274//392 1283//399 1284//404
f 1282//395 1281//394 1290//401 1291//405
f 1279//396 1278//391 1287//403 1288//406
f 1276//397 1275//393 1284//404 1285//407
f 1183//20 1282//395 1291//405
f 1280//398 1279//396 1288//406 1289//400
f 1277//390 1276//397 1285//407 1286//402
f 1286//402 1285//407 1294//408 1295//409
f 1283//399 1177//14 1292//410
f 1290//401 1289//400 1298//411 1299//412
f 1287//403 1286//402 1295//409 1296//413
f 1284//404 1283//399 1292//410 1293//414
f 1291//405 1290//401 1299//412 1300//415
f 1288//406 1287//403 1296//413 1297//416
f 1285//407 1284//404 1293//414 1294//408
f 1183//20 1291//405 1300//415
f 1289//400 1288//406 1297//416 1298//411
f 1183//20 1300//415 1309//417
f 1298//411 1297//416 1306//418 1307//419
f 1295//409 1294//408 1303//420 1304//421
f 1292//410 1177//14 1301//422
f 1299//412 1298//411 1307//419 1308//423
f 1296//413 1295//409 1304//421 1305//424
f 1293//414 1292//410 1301//422 1302//425
f 1300//415 1299//412 1308//423 1309//417
f 1297//416 1296//413 1305//424 1306//418
f 1294//408 1293//414 1302//425 1303//420
f 1306//418 1305//424 1314//426 1315//427
f 1303//420 1302//425 1311//428 1312//429
f 1183//20 1309//417 1318//430
f 1307//419 1306//418 1315//427 1316//431
f 1304//421 1303//420 1312//429 1313//432
f 1301//422 1177//14 1310//433
f 1308//423 1307//419 1316//431 1317//434
f 1305//424 1304//421 1313//432 1314//426
f 1302//425 1301//422 1310//433 1311//428
f 1309//417 1308//423 1317//434 1318//430
f 1311//428 1310//433 1319//435 1320//436
f 1318//430 1317//434 1326//437 1327//438
f 1315//427 1314//426 1323//439 1324//440
f 1312//429 1311//428 1320//436 1321//441
f 1183//20 1318//430 1327//438
f 1316//431 1315//427 1324//440 1325//442
f 1313//432 1312//429 1321//441 1322//443
f 1310//433 1177//14 1319//435
f 1317//434 1316//431 1325//442 1326//437
f 1314//426 1313//432 1322//443 1323//439
f 1323//439 1322//443 1331//444 1332//445
f 1320//436 1319//435 1328//446 1329//447
f 1327//438 1326//437 1335//448 1336//449
f 1324//440 1323//439 1332//445 1333//450
f 1321//441 1320//436 1329//447 1330//451
f 1183//20 1327//438 1336//449
f 1325//442 1324//440 1333//450 1334//452
f 1322//443 1321//441 1330//451 1331//444
f 1319//435 1177//14 1328//446
f 1326//437 1325//442 1334//452 1335//448
f 1328//446 1177//14 1337//453
f 1335//448 1334//452 1343//454 1344//455
f 1332//445 1331//444 1340//456 1341//457
f 1329//447 1328//446 1337//453 1338//458
f 1336//449 1335//448 1344//455 1345//459
f 1333//450 1332//445 1341//457 1342//460
f 1330//451 1329//447 1338//458 1339//461
f 1183//20 1336//449 1345//459
f 1334//452 1333//450 1342//460 1343//454
f 1331//444 1330//451 1339//461 1340//456
f 1343//454 1342//460 1351//462 1352//463
f 1340//456 1339//461 1348//464 1349//465
f 1337//453 1177//14 1346//466
f 1344//455 1343//454 1352//463 1353//467
f 1341//457 1340//456 1349//465 1350//468
f 1338//458 1337//453 1346//466 1347//469
f 1345//459 1344//455 1353//467 1354//470
f 1342//460 1341//457 1350//468 1351//462
f 1339//461 1338//458 1347//469 1348//464
f 1183//20 1345//459 1354//470
f 1348//464 1347//469 1179//305 1180//296
f 1183//20 1354//470 1358//307
f 1352//463 1351//462 1357//292 1181//291
f 1349//465 1348//464 1180//296 1355//295
f 1346//466 1177//14 1178//299
f 1353//467 1352//463 1181//291 1182//301
f 1350//468 1349//465 1355//295 1356//303
f 1347//469 1346//466 1178//299 1179//305
f 1354//470 1353//467 1182//301 1358//307
f 1351//462 1350//468 1356//303 1357//292
f 1363//291 1539//292 1371//293 1372//294
f 1537//295 1362//296 1368//297 1369//298
f 1360//299 1359//14 1366//300
f 1364//301 1363//291 1372//294 1373//302
f 1538//303 1537//295 1369//298 1370//304
f 1361//305 1360//299 1366//300 1367//306
f 1540//307 1364//301 1373//302 1374//308
f 1539//292 1538//303 1370//304 1371//293
f 1362//296 1361//305 1367//306 1368//297
f 1365//20 1540//307 1374//308
f 1372//294 1371//293 1380//309 1381//310
f 1369//298 1368//297 1377//311 1378//312
f 1366//300 1359//14 1375//313
f 1373//302 1372//294 1381//310 1382//314
f 1370//304 1369//298 1378//312 1379//315
f 1367//306 1366//300 1375//313 1376//316
f 1374//308 1373//302 1382//314 1383//317
f 1371//293 1370//304 1379//315 1380//309
f 1368//297 1367//306 1376//316 1377//311
f 1365//20 1374//308 1383//317
f 1377//311 1376//316 1385//318 1386//319
f 1365//20 1383//317 1392//320
f 1381//310 1380//309 1389//321 1390//322
f 1378//312 1377//311 1386//319 1387//323
f 1375//313 1359//14 1384//324
f 1382//314 1381//310 1390//322 1391//325
f 1379//315 1378//312 1387//323 1388//326
f 1376//316 1375//313 1384//324 1385//318
f 1383//317 1382//314 1391//325 1392//320
f 1380//309 1379//315 1388//326 1389//321
f 1389//321 1388//326 1397//327 1398//328
f 1386//319 1385//318 1394//329 1395//330
f 1365//20 1392//320 1401//331
f 1390//322 1389//321 1398//328 1399//332
f 1387//323 1386//319 1395//330 1396//333
f 1384//324 1359//14 1393//334
f 1391//325 1390//322 1399//332 1400//335
f 1388//326 1387//323 1396//333 1397//327
f 1385//318 1384//324 1393//334 1394//329
f 1392//320 1391//325 1400//335 1401//331
f 1394//329 1393//334 1402//336 1403//337
f 1401//331 1400//335 1409//338 1410//339
f 1398//328 1397//327 1406//340 1407//341
f 1395//330 1394//329 1403//337 1404//342
f 1365//20 1401//331 1410//339
f 1399//332 1398//328 1407//341 1408//343
f 1396//333 1395//330 1404//342 1405//344
f 1393//334 1359//14 1402//336
f 1400//335 1399//332 1408//343 1409//338
f 1397//327 1396//333 1405//344 1406//340
f 1409//338 1408//343 1417//345 1418//346
f 1406//340 1405//344 1414//347 1415//348
f 1403//337 1402//336 1411//349 1412//350
f 1410//339 1409//338 1418//346 1419//351
f 1407//341 1406//340 1415//348 1416//352
f 1404//342 1403//337 1412//350 1413//353
f 1365//20 1410//339 1419//351
f 1408//343 1407//341 1416//352 1417//345
f 1405//344 1404//342 1413//353 1414//347
f 1402//336 1359//14 1411//349
f 1414//347 1413//353 1422//354 1423//355
f 1411//349 1359//14 1420//356
f 1418//346 1417//345 1426//357 1427//358
f 1415//348 1414//347 1423//355 1424//359
f 1412//350 1411//349 1420//356 1421//360
f 1419//351 1418//346 1427//358 1428//361
f 1416//352 1415//348 1424//359 1425//362
f 1413//353 1412//350 1421//360 1422//354
f 1365//20 1419//351 1428//361
f 1417//345 1416//352 1425//362 1426//357
f 1426//357 1425//362 1434//363 1435//364
f 1423//355 1422//354 1431//365 1432//366
f 1420//356 1359//14 1429//367
f 1427//358 1426//357 1435//364 1436//368
f 1424//359 1423//355 1432//366 1433//369
f 1421//360 1420//356 1429//367 1430//370
f 1428//361 1427//358 1436//368 1437//371
f 1425//362 1424//359 1433//369 1434//363
f 1422//354 1421//360 1430//370 1431//365
f 1365//20 1428//361 1437//371
f 1431//365 1430//370 1439//372 1440//373
f 1365//20 1437//371 1446//374
f 1435//364 1434//363 1443//375 1444//376
f 1432//366 1431//365 1440//373 1441//377
f 1429//367 1359//14 1438//378
f 1436//368 1435//364 1444//376 1445//379
f 1433//369 1432//366 1441//377 1442//380
f 1430//370 1429//367 1438//378 1439//372
f 1437//371 1436//368 1445//379 1446//374
f 1434//363 1433//369 1442//380 1443//375
f 1446//374 1445//379 1454//381 1455//382
f 1443//375 1442//380 1451//383 1452//384
f 1440//373 1439//372 1448//385 1449//386
f 1365//20 1446//374 1455//382
f 1444//376 1443//375 1452//384 1453//387
f 1441//377 1440//373 1449//386 1450//388
f 1438//378 1359//14 1447//389
f 1445//379 1444//376 1453//387 1454//381
f 1442//380 1441//377 1450//388 1451//383
f 1439//372 1438//378 1447//389 1448//385
f 1451//383 1450//388 1459//390 1460//391
f 1448//385 1447//389 1456//392 1457//393
f 1455//382 1454//381 1463//394 1464//395
f 1452//384 1451//383 1460//391 1461//396
f 1449//386 1448//385 1457//393 1458//397
f 1365//20 1455//382 1464//395
f 1453//387 1452//384 1461//396 1462//398
f 1450//388 1449//386 1458//397 1459//390
f 1447//389 1359//14 1456//392
f 1454//381 1453//387 1462//398 1463//394
f 1456//392 1359//14 1465//399
f 1463//394 1462//398 1471//400 1472//401
f 1460//391 1459//390 1468//402 1469//403
f 1457//393 1456//392 1465//399 1466//404
f 1464//395 1463//394 1472//401 1473//405
f 1461//396 1460//391 1469//403 1470//406
f 1458//397 1457//393 1466//404 1467//407
f 1365//20 1464//395 1473//405
f 1462//398 1461//396 1470//406 1471//400
f 1459//390 1458//397 1467//407 1468//402
f 1468//402 1467//407 1476//408 1477//409
f 1465//399 1359//14 1474//410
f 1472//401 1471//400 1480//411 1481//412
f 1469//403 1468//402 1477//409 1478//413
f 1466//404 1465//399 1474//410 1475//414
f 1473//405 1472//401 1481//412 1482//415
f 1470//406 1469//403 1478//413 1479//416
f 1467//407 1466//404 1475//414 1476//408
f 1365//20 1473//405 1482//415
f 1471//400 1470//406 1479//416 1480//411
f 1365//20 1482//415 1491//417
f 1480//411 1479//416 1488//418 1489//419
f 1477//409 1476//408 1485//420 1486//421
f 1474//410 1359//14 1483//422
f 1481//412 1480//411 1489//419 1490//423
f 1478//413 1477//409 1486//421 1487//424
f 1475//414 1474//410 1483//422 1484//425
f 1482//415 1481//412 1490//423 1491//417
f 1479//416 1478//413 1487//424 1488//418
f 1476//408 1475//414 1484//425 1485//420
f 1488//418 1487//424 1496//426 1497//427
f 1485//420 1484//425 1493//428 1494//429
f 1365//20 1491//417 1500//430
f 1489//419 1488//418 1497//427 1498//431
f 1486//421 1485//420 1494//429 1495//432
f 1483//422 1359//14 1492//433
f 1490//423 1489//419 1498//431 1499//434
f 1487//424 1486//421 1495//432 1496//426
f 1484//425 1483//422 1492//433 1493//428
f 1491//417 1490//423 1499//434 1500//430
f 1493//428 1492//433 1501//435 1502//436
f 1500//430 1499//434 1508//437 1509//438
f 1497//427 1496//426 1505//439 1506//440
f 1494//429 1493//428 1502//436 1503//441
f 1365//20 1500//430 1509//438
f 1498//431 1497//427 1506//440 1507//442
f 1495//432 1494//429 1503//441 1504//443
f 1492//433 1359//14 1501//435
f 1499//434 1498//431 1507//442 1508//437
f 1496//426 1495//432 1504//443 1505//439
f 1505//439 1504//443 1513//444 1514//445
f 1502//436 1501//435 1510//446 1511//447
f 1509//438 1508//437 1517//448 1518//449
f 1506//440 1505//439 1514//445 1515//450
f 1503//441 1502//436 1511//447 1512//451
f 1365//20 1509//438 1518//449
f 1507//442 1506//440 1515//450 1516//452
f 1504//443 1503//441 1512//451 1513//444
f 1501//435 1359//14 1510//446
f 1508//437 1507//442 1516//452 1517//448
f 1510//446 1359//14 1519//453
f 1517//448 1516//452 1525//454 1526//455
f 1514//445 1513//444 1522//456 1523//457
f 1511//447 1510//446 1519//453 1520//458
f 1518//449 1517//448 1526//455 1527//459
f 1515//450 1514//445 1523//457 1524//460
f 1512//451 1511//447 1520//458 1521//461
f 1365//20 1518//449 1527//459
f 1516//452 1515//450 1524//460 1525//454
f 1513//444 1512//451 1521//461 1522//456
f 1525//454 1524//460 1533//462 1534//463
f 1522//456 1521//461 1530//464 1531//465
f 1519//453 1359//14 1528//466
f 1526//455 1525//454 1534//463 1535//467
f 1523//457 1522//456 1531//465 1532//468
f 1520//458 1519//453 1528//466 1529//469
f 1527//459 1526//455 1535//467 1536//470
f 1524//460 1523//457 1532//468 1533//462
f 1521//461 1520//458 1529//469 1530//464
f 1365//20 1527//459 1536//470
f 1530//464 1529//469 1361//305 1362//296
f 1365//20 1536//470 1540//307
f 1534//463 1533//462 1539//292 1363//291
f 1531//465 1530//464 1362//296 1537//295
f 1528//466 1359//14 1360//299
f 1535//467 1534//463 1363//291 1364//301
f 1532//468 1531//465 1537//295 1538//303
f 1529//469 1528//466 1360//299 1361//305
f 1536//470 1535//467 1364//301 1540//307
f 1533//462 1532//468 1538//303 1539//292
f 1545//291 1721//292 1553//293 1554//294
f 1544//295 1543//296 1550//297 1551//298
f 1719//299 1541//14 1548//300
f 1546//301 1545//291 1554//294 1555//302
f 1720//303 1544//295 1551//298 1552//304
f 1542//305 1719//299 1548//300 1549//306
f 1722//307 1546//301 1555//302 1556//308
f 1721//292 1720//303 1552//304 1553//293
f 1543//296 1542//305 1549//306 1550//297
f 1547//20 1722//307 1556//308
f 1554//294 1553//293 1562//309 1563//310
f 1551//298 1550//297 1559//311 1560//312
f 1548//300 1541//14 1557//313
f 1555//302 1554//294 1563//310 1564//314
f 1552//304 1551//298 1560//312 1561//315
f 1549//306 1548//300 1557//313 1558//316
f 1556//308 1555//302 1564//314 1565//317
f 1553//293 1552//304 1561//315 1562//309
f 1550//297 1549//306 1558//316 1559//311
f 1547//20 1556//308 1565//317
f 1559//311 1558//316 1567//318 1568//319
f 1547//20 1565//317 1574//320
f 1563//310 1562//309 1571//321 1572//322
f 1560//312 1559//311 1568//319 1569//323
f 1557//313 1541//14 1566//324
f 1564//314 1563//310 1572//322 1573//325
f 1561//315 1560//312 1569//323 1570//326
f 1558//316 1557//313 1566//324 1567//318
f 1565//317 1564//314 1573//325 1574//320
f 1562//309 1561//315 1570//326 1571//321
f 1571//321 1570//326 1579//327 1580//328
f 1568//319 1567//318 1576//329 1577//330
f 1547//20 1574//320 1583//331
f 1572//322 1571//321 1580//328 1581//332
f 1569//323 1568//319 1577//330 1578//333
f 1566//324 1541//14 1575//334
f 1573//325 1572//322 1581//332 1582//335
f 1570//326 1569//323 1578//333 1579//327
f 1567//318 1566//324 1575//334 1576//329
f 1574//320 1573//325 1582//335 1583//331
f 1576//329 1575//334 1584//336 1585//337
f 1583//331 1582//335 1591//338 1592//339
f 1580//328 1579//327 1588//340 1589//341
f 1577//330 1576//329 1585//337 1586//342
f 1547//20 1583//331 1592//339
f 1581//332 1580//328 1589//341 1590//343
f 1578//333 1577//330 1586//342 1587//344
f 1575//334 1541//14 1584//336
f 1582//335 1581//332 1590//343 1591//338
f 1579//327 1578//333 1587//344 1588//340
f 1591//338 1590//343 1599//345 1600//346
f 1588//340 1587//344 1596//347 1597//348
f 1585//337 1584//336 1593//349 1594//350
f 1592//339 1591//338 1600//346 1601//351
f 1589//341 1588//340 1597//348 1598//352
f 1586//342 1585//337 1594//350 1595//353
f 1547//20 1592//339 1601//351
f 1590//343 1589//341 1598//352 1599//345
f 1587//344 1586//342 1595//353 1596//347
f 1584//336 1541//14 1593//349
f 1596//347 1595//353 1604//354 1605//355
f 1593//349 1541//14 1602//356
f 1600//346 1599//345 1608//357 1609//358
f 1597//348 1596//347 1605//355 1606//359
f 1594//350 1593//349 1602//356 1603//360
f 1601//351 1600//346 1609//358 1610//361
f 1598//352 1597//348 1606//359 1607//362
f 1595//353 1594//350 1603//360 1604//354
f 1547//20 1601//351 1610//361
f 1599//345 1598//352 1607//362 1608//357
f 1608//357 1607//362 1616//363 1617//364
f 1605//355 1604//354 1613//365 1614//366
f 1602//356 1541//14 1611//367
f 1609//358 1608//357 1617//364 1618//368
f 1606//359 1605//355 1614//366 1615//369
f 1603//360 1602//356 1611//367 1612//370
f 1610//361 1609//358 1618//368 1619//371
f 1607//362 1606//359 1615//369 1616//363
f 1604//354 1603//360 1612//370 1613//365
f 1547//20 1610//361 1619//371
f 1613//365 1612//370 1621//372 1622//373
f 1547//20 1619//371 1628//374
f 1617//364 1616//363 1625//375 1626//376
f 1614//366 1613//365 1622//373 1623//377
f 1611//367 1541//14 1620//378
f 1618//368 1617//364 1626//376 1627//379
f 1615//369 1614//366 1623//377 1624//380
f 1612//370 1611//367 1620//378 1621//372
f 1619//371 1618//368 1627//379 1628//374
f 1616//363 1615//369 1624//380 1625//375
f 1628//374 1627//379 1636//381 1637//382
f 1625//375 1624//380 1633//383 1634//384
f 1622//373 1621//372 1630//385 1631//386
f 1547//20 1628//374 1637//382
f 1626//376 1625//375 1634//384 1635//387
f 1623//377 1622//373 1631//386 1632//388
f 1620//378 1541//14 1629//389
f 1627//379 1626//376 1635//387 1636//381
f 1624//380 1623//377 1632//388 1633//383
f 1621//372 1620//378 1629//389 1630//385
f 1633//383 1632//388 1641//390 1642//391
f 1630//385 1629//389 1638//392 1639//393
f 1637//382 1636//381 1645//394 1646//395
f 1634//384 1633//383 1642//391 1643//396
f 1631//386 1630//385 1639//393 1640//397
f 1547//20 1637//382 1646//395
f 1635//387 1634//384 1643//396 1644//398
f 1632//388 1631//386 1640//397 1641//390
f 1629//389 1541//14 1638//392
f 1636//381 1635//387 1644//398 1645//394
f 1638//392 1541//14 1647//399
f 1645//394 1644//398 1653//400 1654//401
f 1642//391 1641//390 1650//402 1651//403
f 1639//393 1638//392 1647//399 1648//404
f 1646//395 1645//394 1654//401 1655//405
f 1643//396 1642//391 1651//403 1652//406
f 1640//397 1639//393 1648//404 1649//407
f 1547//20 1646//395 1655//405
f 1644//398 1643//396 1652//406 1653//400
f 1641//390 1640//397 1649//407 1650//402
f 1650//402 1649//407 1658//408 1659//409
f 1647//399 1541//14 1656//410
f 1654//401 1653//400 1662//411 1663//412
f 1651//403 1650//402 1659//409 1660//413
f 1648//404 1647//399 1656//410 1657//414
f 1655//405 1654//401 1663//412 1664//415
f 1652//406 1651//403 1660//413 1661//416
f 1649//407 1648//404 1657//414 1658//408
f 1547//20 1655//405 1664//415
f 1653//400 1652//406 1661//416 1662//411
f 1547//20 1664//415 1673//417
f 1662//411 1661//416 1670//418 1671//419
f 1659//409 1658//408 1667//420 1668//421
f 1656//410 1541//14 1665//422
f 1663//412 1662//411 1671//419 1672//423
f 1660//413 1659//409 1668//421 1669//424
f 1657//414 1656//410 1665//422 1666//425
f 1664//415 1663//412 1672//423 1673//417
f 1661//416 1660//413 1669//424 1670//418
f 1658//408 1657//414 1666//425 1667//420
f 1670//418 1669//424 1678//426 1679//427
f 1667//420 1666//425 1675//428 1676//429
f 1547//20 1673//417 1682//430
f 1671//419 1670//418 1679//427 1680//431
f 1668//421 1667//420 1676//429 1677//432
f 1665//422 1541//14 1674//433
f 1672//423 1671//419 1680//431 1681//434
f 1669//424 1668//421 1677//432 1678//426
f 1666//425 1665//422 1674//433 1675//428
f 1673//417 1672//423 1681//434 1682//430
f 1675//428 1674//433 1683//435 1684//436
f 1682//430 1681//434 1690//437 1691//438
f 1679//427 1678//426 1687//439 1688//440
f 1676//429 1675//428 1684//436 1685//441
f 1547//20 1682//430 1691//438
f 1680//431 1679//427 1688//440 1689//442
f 1677//432 1676//429 1685//441 1686//443
f 1674//433 1541//14 1683//435
f 1681//434 1680//431 1689//442 1690//437
f 1678//426 1677//432 1686//443 1687//439
f 1687//439 1686//443 1695//444 1696//445
f 1684//436 1683//435 1692//446 1693//447
f 1691//438 1690//437 1699//448 1700//449
f 1688//440 1687//439 1696//445 1697//450
f 1685//441 1684//436 1693//447 1694//451
f 1547//20 1691//438 1700//449
f 1689//442 1688//440 1697//450 1698//452
f 1686//443 1685//441 1694//451 1695//444
f 1683//435 1541//14 1692//446
f 1690//437 1689//442 1698//452 1699//448
f 1692//446 1541//14 1701//453
f 1699//448 1698//452 1707//454 1708//455
f 1696//445 1695//444 1704//456 1705//457
f 1693//447 1692//446 1701//453 1702//458
f 1700//449 1699//448 1708//455 1709//459
f 1697//450 1696//445 1705//457 1706//460
f 1694//451 1693//447 1702//458 1703//461
f 1547//20 1700//449 1709//459
f 1698//452 1697//450 1706//460 1707//454
f 1695//444 1694//451 1703//461 1704//456
f 1707//454 1706//460 1715//462 1716//463
f 1704//456 1703//461 1712//464 1713//465
f 1701//453 1541//14 1710//466
f 1708//455 1707//454 1716//463 1717//467
f 1705//457 1704//456 1713//465 1714//468
f 1702//458 1701//453 1710//466 1711//469
f 1709//459 1708//455 1717//467 1718//470
f 1706//460 1705//457 1714//468 1715//462
f 1703//461 1702//458 1711//469 1712//464
f 1547//20 1709//459 1718//470
f 1712//464 1711//469 1542//305 1543//296
f 1547//20 1718//470 1722//307
f 1716//463 1715//462 1721//292 1545//291
f 1713//465 1712//464 1543//296 1544//295
f 1710//466 1541//14 1719//299
f 1717//467 1716//463 1545//291 1546//301
f 1714//468 1713//465 1544//295 1720//303
f 1711//469 1710//466 1719//299 1542//305
f 1718//470 1717//467 1546//301 1722//307
f 1715//462 1714//468 1720//303 1721//292
f 1727//291 1726//292 1734//293 1735//294
f 1725//295 1724//296 1731//297 1732//298
f 1900//299 1723//14 1729//300
f 1903//301 1727//291 1735//294 1736//302
f 1902//303 1725//295 1732//298 1733//304
f 1901//305 1900//299 1729//300 1730//306
f 1904//307 1903//301 1736//302 1737//308
f 1726//292 1902//303 1733//304 1734//293
f 1724//296 1901//305 1730//306 1731//297
f 1728//20 1904//307 1737//308
f 1735//294 1734//293 1743//309 1744//310
f 1732//298 1731//297 1740//311 1741//312
f 1729//300 1723//14 1738//313
f 1736//302 1735//294 1744//310 1745//314
f 1733//304 1732//298 1741//312 1742//315
f 1730//306 1729//300 1738//313 1739//316
f 1737//308 1736//302 1745//314 1746//317
f 1734//293 1733//304 1742//315 1743//309
f 1731//297 1730//306 1739//316 1740//311
f 1728//20 1737//308 1746//317
f 1740//311 1739//316 1748//318 1749//319
f 1728//20 1746//317 1755//320
f 1744//310 1743//309 1752//321 1753//322
f 1741//312 1740//311 1749//319 1750//323
f 1738//313 1723//14 1747//324
f 1745//314 1744//310 1753//322 1754//325
f 1742//315 1741//312 1750//323 1751//326
f 1739//316 1738//313 1747//324 1748//318
f 1746//317 1745//314 1754//325 1755//320
f 1743//309 1742//315 1751//326 1752//321
f 1752//321 1751//326 1760//327 1761//328
f 1749//319 1748//318 1757//329 1758//330
f 1728//20 1755//320 1764//331
f 1753//322 1752//321 1761//328 1762//332
f 1750//323 1749//319 1758//330 1759//333
f 1747//324 1723//14 1756//334
f 1754//325 1753//322 1762//332 1763//335
f 1751//326 1750//323 1759//333 1760//327
f 1748//318 1747//324 1756//334 1757//329
f 1755//320 1754//325 1763//335 1764//331
f 1757//329 1756//334 1765//336 1766//337
f 1764//331 1763//335 1772//338 1773//339
f 1761//328 1760//327 1769//340 1770//341
f 1758//330 1757//329 1766//337 1767//342
f 1728//20 1764//331 1773//339
f 1762//332 1761//328 1770//341 1771//343
f 1759//333 1758//330 1767//342 1768//344
f 1756//334 1723//14 1765//336
f 1763//335 1762//332 1771//343 1772//338
f 1760//327 1759//333 1768//344 1769//340
f 1772//338 1771//343 1780//345 1781//346
f 1769//340 1768//344 1777//347 1778//348
f 1766//337 1765//336 1774//349 1775//350
f 1773//339 1772//338 1781//346 1782//351
f 1770//341 1769//340 1778//348 1779//352
f 1767//342 1766//337 1775//350 1776//353
f 1728//20 1773//339 1782//351
f 1771//343 1770//341 1779//352 1780//345
f 1768//344 1767//342 1776//353 1777//347
f 1765//336 1723//14 1774//349
f 1777//347 1776//353 1785//354 1786//355
f 1774//349 1723//14 1783//356
f 1781//346 1780//345 1789//357 1790//358
f 1778//348 1777//347 1786//355 1787//359
f 1775//350 1774//349 1783//356 1784//360
f 1782//351 1781//346 1790//358 1791//361
f 1779//352 1778//348 1787//359 1788//362
f 1776//353 1775//350 1784//360 1785//354
f 1728//20 1782//351 1791//361
f 1780//345 1779//352 1788//362 1789//357
f 1789//357 1788//362 1797//363 1798//364
f 1786//355 1785//354 1794//365 1795//366
f 1783//356 1723//14 1792//367
f 1790//358 1789//357 1798//364 1799//368
f 1787//359 1786//355 1795//366 1796//369
f 1784//360 1783//356 1792//367 1793//370
f 1791//361 1790//358 1799//368 1800//371
f 1788//362 1787//359 1796//369 1797//363
f 1785//354 1784//360 1793//370 1794//365
f 1728//20 1791//361 1800//371
f 1794//365 1793//370 1802//372 1803//373
f 1728//20 1800//371 1809//374
f 1798//364 1797//363 1806//375 1807//376
f 1795//366 1794//365 1803//373 1804//377
f 1792//367 1723//14 1801//378
f 1799//368 1798//364 1807//376 1808//379
f 1796//369 1795//366 1804//377 1805//380
f 1793//370 1792//367 1801//378 1802//372
f 1800//371 1799//368 1808//379 1809//374
f 1797//363 1796//369 1805//380 1806//375
f 1809//374 1808//379 1817//381 1818//382
f 1806//375 1805//380 1814//383 1815//384
f 1803//373 1802//372 1811//385 1812//386
f 1728//20 1809//374 1818//382
f 1807//376 1806//375 1815//384 1816//387
f 1804//377 1803//373 1812//386 1813//388
f 1801//378 1723//14 1810//389
f 1808//379 1807//376 1816//387 1817//381
f 1805//380 1804//377 1813//388 1814//383
f 1802//372 1801//378 1810//389 1811//385
f 1814//383 1813//388 1822//390 1823//391
f 1811//385 1810//389 1819//392 1820//393
f 1818//382 1817//381 1826//394 1827//395
f 1815//384 1814//383 1823//391 1824//396
f 1812//386 1811//385 1820//393 1821//397
f 1728//20 1818//382 1827//395
f 1816//387 1815//384 1824//396 1825//398
f 1813//388 1812//386 1821//397 1822//390
f 1810//389 1723//14 1819//392
f 1817//381 1816//387 1825//398 1826//394
f 1819//392 1723//14 1828//399
f 1826//394 1825//398 1834//400 1835//401
f 1823//391 1822//390 1831//402 1832//403
f 1820//393 1819//392 1828//399 1829//404
f 1827//395 1826//394 1835//401 1836//405
f 1824//396 1823//391 1832//403 1833//406
f 1821//397 1820//393 1829//404 1830//407
f 1728//20 1827//395 1836//405
f 1825//398 1824//396 1833//406 1834//400
f 1822//390 1821//397 1830//407 1831//402
f 1831//402 1830//407 1839//408 1840//409
f 1828//399 1723//14 1837//410
f 1835//401 1834//400 1843//411 1844//412
f 1832//403 1831//402 1840//409 1841//413
f 1829//404 1828//399 1837//410 1838//414
f 1836//405 1835//401 1844//412 1845//415
f 1833//406 1832//403 1841//413 1842//416
f 1830//407 1829//404 1838//414 1839//408
f 1728//20 1836//405 1845//415
f 1834//400 1833//406 1842//416 1843//411
f 1728//20 1845//415 1854//417
f 1843//411 1842//416 1851//418 1852//419
f 1840//409 1839//408 1848//420 1849//421
f 1837//410 1723//14 1846//422
f 1844//412 1843//411 1852//419 1853//423
f 1841//413 1840//409 1849//421 1850//424
f 1838//414 1837//410 1846//422 1847//425
f 1845//415 1844//412 1853//423 1854//417
f 1842//416 1841//413 1850//424 1851//418
f 1839//408 1838//414 1847//425 1848//420
f 1851//418 1850//424 1859//426 1860//427
f 1848//420 1847//425 1856//428 1857//429
f 1728//20 1854//417 1863//430
f 1852//419 1851//418 1860//427 1861//431
f 1849//421 1848//420 1857//429 1858//432
f 1846//422 1723//14 1855//433
f 1853//423 1852//419 1861//431 1862//434
f 1850//424 1849//421 1858//432 1859//426
f 1847//425 1846//422 1855//433 1856//428
f 1854//417 1853//423 1862//434 1863//430
f 1856//428 1855//433 1864//435 1865//436
f 1863//430 1862//434 1871//437 1872//438
f 1860//427 1859//426 1868//439 1869//440
f 1857//429 1856//428 1865//436 1866//441
f 1728//20 1863//430 1872//438
f 1861//431 1860//427 1869//440 1870//442
f 1858//432 1857//429 1866//441 1867//443
f 1855//433 1723//14 1864//435
f 1862//434 1861//431 1870//442 1871//437
f 1859//426 1858//432 1867//443 1868//439
f 1868//439 1867//443 1876//444 1877//445
f 1865//436 1864//435 1873//446 1874//447
f 1872//438 1871//437 1880//448 1881//449
f 1869//440 1868//439 1877//445 1878//450
f 1866//441 1865//436 1874//447 1875//451
f 1728//20 1872//438 1881//449
f 1870//442 1869//440 1878//450 1879//452
f 1867//443 1866//441 1875//451 1876//444
f 1864//435 1723//14 1873//446
f 1871//437 1870//442 1879//452 1880//448
f 1873//446 1723//14 1882//453
f 1880//448 1879//452 1888//454 1889//455
f 1877//445 1876//444 1885//456 1886//457
f 1874//447 1873//446 1882//453 1883//458
f 1881//449 1880//448 1889//455 1890//459
f 1878//450 1877//445 1886//457 1887//460
f 1875//451 1874//447 1883//458 1884//461
f 1728//20 1881//449 1890//459
f 1879//452 1878//450 1887//460 1888//454
f 1876//444 1875//451 1884//461 1885//456
f 1888//454 1887//460 1896//462 1897//463
f 1885//456 1884//461 1893//464 1894//465
f 1882//453 1723//14 1891//466
f 1889//455 1888//454 1897//463 1898//467
f 1886//457 1885//456 1894//465 1895//468
f 1883//458 1882//453 1891//466 1892//469
f 1890//459 1889//455 1898//467 1899//470
f 1887//460 1886//457 1895//468 1896//462
f 1884//461 1883//458 1892//469 1893//464
f 1728//20 1890//459 1899//470
f 1893//464 1892//469 1901//305 1724//296
f 1728//20 1899//470 1904//307
f 1897//463 1896//462 1726//292 1727//291
f 1894//465 1893//464 1724//296 1725//295
f 1891//466 1723//14 1900//299
f 1898//467 1897//463 1727//291 1903//301
f 1895//468 1894//465 1725//295 1902//303
f 1892//469 1891//466 1900//299 1901//305
f 1899//470 1898//467 1903//301 1904//307
f 1896//462 1895//468 1902//303 1726//292
