# Blender 5.0.1
# www.blender.org
mtllib Coin.mtl
o Coin
v -0.033646 1.984876 -0.183333 0.9098 0.6980 0.2275
v -0.023294 2.025000 -0.144696 0.9098 0.6980 0.2275
v -0.030614 2.013248 -0.172016 0.9098 0.6980 0.2275
v 0.033646 1.984876 0.067808 0.9098 0.6980 0.2275
v 0.023294 2.025000 0.029171 0.9098 0.6980 0.2275
v 0.030614 2.013248 0.056492 0.9098 0.6980 0.2275
v 0.111395 1.973059 -0.222196 0.9098 0.6980 0.2275
v 0.127810 2.012688 -0.185184 0.9098 0.6980 0.2275
v 0.118714 2.001081 -0.212029 0.9098 0.6980 0.2275
v 0.178688 1.973059 0.028944 0.9098 0.6980 0.2275
v 0.174398 2.012688 -0.011317 0.9098 0.6980 0.2275
v 0.179943 2.001081 0.016479 0.9098 0.6980 0.2275
v 0.252865 1.937896 -0.260103 0.9098 0.6980 0.2275
v 0.275194 1.976056 -0.224675 0.9098 0.6980 0.2275
v 0.264366 1.964880 -0.251056 0.9098 0.6980 0.2275
v 0.320158 1.937896 -0.008962 0.9098 0.6980 0.2275
v 0.321781 1.976056 -0.050808 0.9098 0.6980 0.2275
v 0.325594 1.964880 -0.022548 0.9098 0.6980 0.2275
v 0.387279 1.880256 -0.296119 0.9098 0.6980 0.2275
v 0.415227 1.916006 -0.262197 0.9098 0.6980 0.2275
v 0.402753 1.905536 -0.288137 0.9098 0.6980 0.2275
v 0.454572 1.880256 -0.044979 0.9098 0.6980 0.2275
v 0.461815 1.916006 -0.088330 0.9098 0.6980 0.2275
v 0.463982 1.905535 -0.059629 0.9098 0.6980 0.2275
v 0.511330 1.801556 -0.329359 0.9098 0.6980 0.2275
v 0.544463 1.834017 -0.296826 0.9098 0.6980 0.2275
v 0.530471 1.824509 -0.322358 0.9098 0.6980 0.2275
v 0.578623 1.801556 -0.078218 0.9098 0.6980 0.2275
v 0.591051 1.834017 -0.122959 0.9098 0.6980 0.2275
v 0.591699 1.824509 -0.093851 0.9098 0.6980 0.2275
v 0.621961 1.703735 -0.359002 0.9098 0.6980 0.2275
v 0.659719 1.732107 -0.327708 0.9098 0.6980 0.2275
v 0.644372 1.723797 -0.352878 0.9098 0.6980 0.2275
v 0.689254 1.703735 -0.107861 0.9098 0.6980 0.2275
v 0.706306 1.732107 -0.153842 0.9098 0.6980 0.2275
v 0.705600 1.723797 -0.124370 0.9098 0.6980 0.2275
v 0.716449 1.589201 -0.384320 0.9098 0.6980 0.2275
v 0.758157 1.612785 -0.354085 0.9098 0.6980 0.2275
v 0.741653 1.605878 -0.378944 0.9098 0.6980 0.2275
v 0.783742 1.589201 -0.133179 0.9098 0.6980 0.2275
v 0.804744 1.612785 -0.180218 0.9098 0.6980 0.2275
v 0.802881 1.605878 -0.150437 0.9098 0.6980 0.2275
v 0.792467 1.460775 -0.404689 0.9098 0.6980 0.2275
v 0.837352 1.478991 -0.375305 0.9098 0.6980 0.2275
v 0.819918 1.473655 -0.399915 0.9098 0.6980 0.2275
v 0.859760 1.460775 -0.153548 0.9098 0.6980 0.2275
v 0.883940 1.478991 -0.201438 0.9098 0.6980 0.2275
v 0.881146 1.473655 -0.171408 0.9098 0.6980 0.2275
v 0.848144 1.321618 -0.419608 0.9098 0.6980 0.2275
v 0.895356 1.334017 -0.390847 0.9098 0.6980 0.2275
v 0.877240 1.330385 -0.415275 0.9098 0.6980 0.2275
v 0.915437 1.321618 -0.168467 0.9098 0.6980 0.2275
v 0.941944 1.334017 -0.216980 0.9098 0.6980 0.2275
v 0.938468 1.330385 -0.186767 0.9098 0.6980 0.2275
v 0.882108 1.175158 -0.428708 0.9098 0.6980 0.2275
v 0.930740 1.181435 -0.400328 0.9098 0.6980 0.2275
v 0.912208 1.179596 -0.424644 0.9098 0.6980 0.2275
v 0.949401 1.175158 -0.177568 0.9098 0.6980 0.2275
v 0.977327 1.181435 -0.226461 0.9098 0.6980 0.2275
v 0.973436 1.179596 -0.196137 0.9098 0.6980 0.2275
v 0.893523 1.025000 -0.431767 0.9098 0.6980 0.2275
v 0.942632 1.025000 -0.403515 0.9098 0.6980 0.2275
v 0.923960 1.025000 -0.427793 0.9098 0.6980 0.2275
v 0.960816 1.025000 -0.180626 0.9098 0.6980 0.2275
v 0.989220 1.025000 -0.229648 0.9098 0.6980 0.2275
v 0.985189 1.025000 -0.199286 0.9098 0.6980 0.2275
v 0.882108 0.874842 -0.428708 0.9098 0.6980 0.2275
v 0.930740 0.868565 -0.400328 0.9098 0.6980 0.2275
v 0.912208 0.870404 -0.424644 0.9098 0.6980 0.2275
v 0.949401 0.874842 -0.177568 0.9098 0.6980 0.2275
v 0.977327 0.868565 -0.226461 0.9098 0.6980 0.2275
v 0.973436 0.870404 -0.196137 0.9098 0.6980 0.2275
v 0.848144 0.728382 -0.419608 0.9098 0.6980 0.2275
v 0.895356 0.715983 -0.390847 0.9098 0.6980 0.2275
v 0.877240 0.719615 -0.415275 0.9098 0.6980 0.2275
v 0.915437 0.728382 -0.168467 0.9098 0.6980 0.2275
v 0.941944 0.715983 -0.216980 0.9098 0.6980 0.2275
v 0.938468 0.719615 -0.186767 0.9098 0.6980 0.2275
v 0.792467 0.589225 -0.404689 0.9098 0.6980 0.2275
v 0.837352 0.571009 -0.375305 0.9098 0.6980 0.2275
v 0.819918 0.576345 -0.399915 0.9098 0.6980 0.2275
v 0.859760 0.589225 -0.153548 0.9098 0.6980 0.2275
v 0.883940 0.571009 -0.201438 0.9098 0.6980 0.2275
v 0.881146 0.576345 -0.171408 0.9098 0.6980 0.2275
v 0.716449 0.460799 -0.384320 0.9098 0.6980 0.2275
v 0.758157 0.437215 -0.354085 0.9098 0.6980 0.2275
v 0.741653 0.444122 -0.378944 0.9098 0.6980 0.2275
v 0.783742 0.460799 -0.133179 0.9098 0.6980 0.2275
v 0.804744 0.437215 -0.180218 0.9098 0.6980 0.2275
v 0.802881 0.444122 -0.150437 0.9098 0.6980 0.2275
v 0.621961 0.346265 -0.359002 0.9098 0.6980 0.2275
v 0.659719 0.317893 -0.327708 0.9098 0.6980 0.2275
v 0.644372 0.326203 -0.352878 0.9098 0.6980 0.2275
v 0.689254 0.346265 -0.107861 0.9098 0.6980 0.2275
v 0.706306 0.317893 -0.153842 0.9098 0.6980 0.2275
v 0.705600 0.326203 -0.124370 0.9098 0.6980 0.2275
v 0.511330 0.248444 -0.329359 0.9098 0.6980 0.2275
v 0.544463 0.215983 -0.296826 0.9098 0.6980 0.2275
v 0.530470 0.225491 -0.322358 0.9098 0.6980 0.2275
v 0.578623 0.248444 -0.078218 0.9098 0.6980 0.2275
v 0.591051 0.215983 -0.122959 0.9098 0.6980 0.2275
v 0.591699 0.225491 -0.093851 0.9098 0.6980 0.2275
v 0.387280 0.169744 -0.296119 0.9098 0.6980 0.2275
v 0.415227 0.133993 -0.262197 0.9098 0.6980 0.2275
v 0.402753 0.144465 -0.288137 0.9098 0.6980 0.2275
v 0.454573 0.169744 -0.044979 0.9098 0.6980 0.2275
v 0.461815 0.133993 -0.088330 0.9098 0.6980 0.2275
v 0.463982 0.144465 -0.059629 0.9098 0.6980 0.2275
v 0.252865 0.112103 -0.260103 0.9098 0.6980 0.2275
v 0.275194 0.073943 -0.224675 0.9098 0.6980 0.2275
v 0.264365 0.085120 -0.251056 0.9098 0.6980 0.2275
v 0.320158 0.112103 -0.008962 0.9098 0.6980 0.2275
v 0.321781 0.073943 -0.050808 0.9098 0.6980 0.2275
v 0.325594 0.085120 -0.022548 0.9098 0.6980 0.2275
v 0.111395 0.076941 -0.222196 0.9098 0.6980 0.2275
v 0.127810 0.037312 -0.185184 0.9098 0.6980 0.2275
v 0.118714 0.048919 -0.212029 0.9098 0.6980 0.2275
v 0.178688 0.076941 0.028944 0.9098 0.6980 0.2275
v 0.174398 0.037312 -0.011317 0.9098 0.6980 0.2275
v 0.179943 0.048919 0.016479 0.9098 0.6980 0.2275
v -0.033646 0.065124 -0.183333 0.9098 0.6980 0.2275
v -0.023294 0.025000 -0.144696 0.9098 0.6980 0.2275
v -0.030614 0.036752 -0.172016 0.9098 0.6980 0.2275
v 0.033646 0.065124 0.067808 0.9098 0.6980 0.2275
v 0.023294 0.025000 0.029171 0.9098 0.6980 0.2275
v 0.030614 0.036752 0.056492 0.9098 0.6980 0.2275
v -0.178688 0.076941 -0.144469 0.9098 0.6980 0.2275
v -0.174398 0.037312 -0.104207 0.9098 0.6980 0.2275
v -0.179943 0.048919 -0.132004 0.9098 0.6980 0.2275
v -0.111395 0.076941 0.106672 0.9098 0.6980 0.2275
v -0.127810 0.037312 0.069659 0.9098 0.6980 0.2275
v -0.118714 0.048919 0.096504 0.9098 0.6980 0.2275
v -0.320158 0.112103 -0.106562 0.9098 0.6980 0.2275
v -0.321781 0.073943 -0.064716 0.9098 0.6980 0.2275
v -0.325594 0.085120 -0.092977 0.9098 0.6980 0.2275
v -0.252865 0.112103 0.144578 0.9098 0.6980 0.2275
v -0.275194 0.073943 0.109151 0.9098 0.6980 0.2275
v -0.264365 0.085120 0.135531 0.9098 0.6980 0.2275
v -0.454573 0.169744 -0.070546 0.9098 0.6980 0.2275
v -0.461815 0.133993 -0.027194 0.9098 0.6980 0.2275
v -0.463982 0.144465 -0.055896 0.9098 0.6980 0.2275
v -0.387280 0.169744 0.180595 0.9098 0.6980 0.2275
v -0.415227 0.133993 0.146672 0.9098 0.6980 0.2275
v -0.402754 0.144465 0.172612 0.9098 0.6980 0.2275
v -0.578623 0.248444 -0.037307 0.9098 0.6980 0.2275
v -0.591051 0.215983 0.007434 0.9098 0.6980 0.2275
v -0.591699 0.225491 -0.021674 0.9098 0.6980 0.2275
v -0.511330 0.248444 0.213834 0.9098 0.6980 0.2275
v -0.544463 0.215983 0.181301 0.9098 0.6980 0.2275
v -0.530470 0.225491 0.206834 0.9098 0.6980 0.2275
v -0.689254 0.346265 -0.007663 0.9098 0.6980 0.2275
v -0.706306 0.317893 0.038317 0.9098 0.6980 0.2275
v -0.705600 0.326203 0.008846 0.9098 0.6980 0.2275
v -0.621961 0.346265 0.243478 0.9098 0.6980 0.2275
v -0.659719 0.317893 0.212184 0.9098 0.6980 0.2275
v -0.644372 0.326203 0.237353 0.9098 0.6980 0.2275
v -0.783742 0.460799 0.017655 0.9098 0.6980 0.2275
v -0.804744 0.437215 0.064693 0.9098 0.6980 0.2275
v -0.802881 0.444122 0.034912 0.9098 0.6980 0.2275
v -0.716449 0.460799 0.268796 0.9098 0.6980 0.2275
v -0.758157 0.437215 0.238560 0.9098 0.6980 0.2275
v -0.741653 0.444122 0.263420 0.9098 0.6980 0.2275
v -0.859760 0.589225 0.038024 0.9098 0.6980 0.2275
v -0.883940 0.571009 0.085914 0.9098 0.6980 0.2275
v -0.881146 0.576345 0.055883 0.9098 0.6980 0.2275
v -0.792467 0.589225 0.289165 0.9098 0.6980 0.2275
v -0.837352 0.571009 0.259780 0.9098 0.6980 0.2275
v -0.819918 0.576345 0.284391 0.9098 0.6980 0.2275
v -0.915437 0.728382 0.052942 0.9098 0.6980 0.2275
v -0.941944 0.715983 0.101456 0.9098 0.6980 0.2275
v -0.938468 0.719615 0.071243 0.9098 0.6980 0.2275
v -0.848144 0.728382 0.304083 0.9098 0.6980 0.2275
v -0.895356 0.715983 0.275323 0.9098 0.6980 0.2275
v -0.877240 0.719615 0.299750 0.9098 0.6980 0.2275
v -0.949401 0.874842 0.062043 0.9098 0.6980 0.2275
v -0.977327 0.868565 0.110937 0.9098 0.6980 0.2275
v -0.973436 0.870404 0.080612 0.9098 0.6980 0.2275
v -0.882108 0.874842 0.313184 0.9098 0.6980 0.2275
v -0.930740 0.868565 0.284804 0.9098 0.6980 0.2275
v -0.912208 0.870404 0.309120 0.9098 0.6980 0.2275
v -0.960816 1.025000 0.065102 0.9098 0.6980 0.2275
v -0.989220 1.025000 0.114123 0.9098 0.6980 0.2275
v -0.985189 1.025000 0.083761 0.9098 0.6980 0.2275
v -0.893523 1.025000 0.316242 0.9098 0.6980 0.2275
v -0.942632 1.025000 0.287990 0.9098 0.6980 0.2275
v -0.923960 1.025000 0.312269 0.9098 0.6980 0.2275
v -0.949401 1.175158 0.062043 0.9098 0.6980 0.2275
v -0.977327 1.181435 0.110937 0.9098 0.6980 0.2275
v -0.973436 1.179596 0.080612 0.9098 0.6980 0.2275
v -0.882108 1.175158 0.313184 0.9098 0.6980 0.2275
v -0.930740 1.181435 0.284804 0.9098 0.6980 0.2275
v -0.912208 1.179596 0.309120 0.9098 0.6980 0.2275
v -0.915437 1.321618 0.052942 0.9098 0.6980 0.2275
v -0.941944 1.334017 0.101456 0.9098 0.6980 0.2275
v -0.938468 1.330385 0.071243 0.9098 0.6980 0.2275
v -0.848144 1.321618 0.304083 0.9098 0.6980 0.2275
v -0.895356 1.334017 0.275323 0.9098 0.6980 0.2275
v -0.877240 1.330385 0.299750 0.9098 0.6980 0.2275
v -0.859760 1.460775 0.038024 0.9098 0.6980 0.2275
v -0.883940 1.478991 0.085914 0.9098 0.6980 0.2275
v -0.881146 1.473655 0.055883 0.9098 0.6980 0.2275
v -0.792467 1.460775 0.289165 0.9098 0.6980 0.2275
v -0.837352 1.478991 0.259781 0.9098 0.6980 0.2275
v -0.819918 1.473655 0.284391 0.9098 0.6980 0.2275
v -0.783742 1.589201 0.017655 0.9098 0.6980 0.2275
v -0.804744 1.612785 0.064693 0.9098 0.6980 0.2275
v -0.802881 1.605878 0.034912 0.9098 0.6980 0.2275
v -0.716449 1.589201 0.268796 0.9098 0.6980 0.2275
v -0.758157 1.612785 0.238560 0.9098 0.6980 0.2275
v -0.741653 1.605878 0.263420 0.9098 0.6980 0.2275
v -0.689254 1.703735 -0.007663 0.9098 0.6980 0.2275
v -0.706306 1.732107 0.038317 0.9098 0.6980 0.2275
v -0.705600 1.723797 0.008846 0.9098 0.6980 0.2275
v -0.621961 1.703735 0.243478 0.9098 0.6980 0.2275
v -0.659719 1.732107 0.212184 0.9098 0.6980 0.2275
v -0.644372 1.723797 0.237354 0.9098 0.6980 0.2275
v -0.578623 1.801556 -0.037307 0.9098 0.6980 0.2275
v -0.591051 1.834017 0.007434 0.9098 0.6980 0.2275
v -0.591699 1.824509 -0.021674 0.9098 0.6980 0.2275
v -0.511330 1.801556 0.213834 0.9098 0.6980 0.2275
v -0.544463 1.834017 0.181301 0.9098 0.6980 0.2275
v -0.530471 1.824509 0.206834 0.9098 0.6980 0.2275
v -0.454572 1.880256 -0.070546 0.9098 0.6980 0.2275
v -0.461815 1.916006 -0.027194 0.9098 0.6980 0.2275
v -0.463982 1.905535 -0.055896 0.9098 0.6980 0.2275
v -0.387279 1.880256 0.180595 0.9098 0.6980 0.2275
v -0.415227 1.916006 0.146673 0.9098 0.6980 0.2275
v -0.402753 1.905535 0.172612 0.9098 0.6980 0.2275
v -0.320158 1.937896 -0.106562 0.9098 0.6980 0.2275
v -0.321781 1.976056 -0.064716 0.9098 0.6980 0.2275
v -0.325594 1.964880 -0.092976 0.9098 0.6980 0.2275
v -0.252865 1.937896 0.144579 0.9098 0.6980 0.2275
v -0.275194 1.976056 0.109151 0.9098 0.6980 0.2275
v -0.264366 1.964880 0.135531 0.9098 0.6980 0.2275
v -0.178688 1.973059 -0.144469 0.9098 0.6980 0.2275
v -0.174398 2.012688 -0.104207 0.9098 0.6980 0.2275
v -0.179943 2.001081 -0.132004 0.9098 0.6980 0.2275
v -0.111395 1.973059 0.106672 0.9098 0.6980 0.2275
v -0.127810 2.012688 0.069659 0.9098 0.6980 0.2275
v -0.118714 2.001081 0.096504 0.9098 0.6980 0.2275
v 0.960935 1.025000 -0.180658 1.0000 0.8784 0.5412
v 0.949519 1.175177 -0.177599 1.0000 0.8784 0.5412
v 0.915550 1.321656 -0.168497 1.0000 0.8784 0.5412
v 0.859867 1.460831 -0.153577 1.0000 0.8784 0.5412
v 0.783839 1.589274 -0.133205 1.0000 0.8784 0.5412
v 0.689339 1.703822 -0.107884 1.0000 0.8784 0.5412
v 0.578693 1.801656 -0.078237 1.0000 0.8784 0.5412
v 0.454627 1.880366 -0.044993 1.0000 0.8784 0.5412
v 0.320194 1.938014 -0.008972 1.0000 0.8784 0.5412
v 0.178706 1.973181 0.028939 1.0000 0.8784 0.5412
v 0.033646 1.985000 0.067808 1.0000 0.8784 0.5412
v -0.111413 1.973181 0.106677 1.0000 0.8784 0.5412
v -0.252901 1.938014 0.144588 1.0000 0.8784 0.5412
v -0.387334 1.880366 0.180609 1.0000 0.8784 0.5412
v -0.511400 1.801656 0.213853 1.0000 0.8784 0.5412
v -0.622046 1.703822 0.243500 1.0000 0.8784 0.5412
v -0.716546 1.589274 0.268822 1.0000 0.8784 0.5412
v -0.792574 1.460831 0.289193 1.0000 0.8784 0.5412
v -0.848258 1.321656 0.304114 1.0000 0.8784 0.5412
v -0.882226 1.175177 0.313215 1.0000 0.8784 0.5412
v -0.893642 1.025000 0.316274 1.0000 0.8784 0.5412
v -0.882226 0.874823 0.313215 1.0000 0.8784 0.5412
v -0.848258 0.728344 0.304114 1.0000 0.8784 0.5412
v -0.792574 0.589169 0.289193 1.0000 0.8784 0.5412
v -0.716546 0.460726 0.268822 1.0000 0.8784 0.5412
v -0.622046 0.346177 0.243500 1.0000 0.8784 0.5412
v -0.511400 0.248344 0.213853 1.0000 0.8784 0.5412
v -0.387334 0.169634 0.180609 1.0000 0.8784 0.5412
v -0.252902 0.111986 0.144588 1.0000 0.8784 0.5412
v -0.111413 0.076819 0.106677 1.0000 0.8784 0.5412
v 0.033646 0.065000 0.067808 1.0000 0.8784 0.5412
v 0.178706 0.076819 0.028939 1.0000 0.8784 0.5412
v 0.320194 0.111986 -0.008972 1.0000 0.8784 0.5412
v 0.454627 0.169634 -0.044993 1.0000 0.8784 0.5412
v 0.578693 0.248344 -0.078237 1.0000 0.8784 0.5412
v 0.689339 0.346177 -0.107884 1.0000 0.8784 0.5412
v 0.783839 0.460726 -0.133205 1.0000 0.8784 0.5412
v 0.859867 0.589169 -0.153577 1.0000 0.8784 0.5412
v 0.915550 0.728344 -0.168497 1.0000 0.8784 0.5412
v 0.949519 0.874823 -0.177599 1.0000 0.8784 0.5412
v 0.935658 1.025000 -0.114809 1.0000 0.8784 0.5412
v 0.924735 1.168692 -0.111882 1.0000 0.8784 0.5412
v 0.892233 1.308845 -0.103173 1.0000 0.8784 0.5412
v 0.838954 1.442009 -0.088897 1.0000 0.8784 0.5412
v 0.766210 1.564905 -0.069405 1.0000 0.8784 0.5412
v 0.675791 1.674507 -0.045178 1.0000 0.8784 0.5412
v 0.569924 1.768115 -0.016811 1.0000 0.8784 0.5412
v 0.451215 1.843426 0.014997 1.0000 0.8784 0.5412
v 0.322589 1.898584 0.049463 1.0000 0.8784 0.5412
v 0.187211 1.932232 0.085737 1.0000 0.8784 0.5412
v 0.048416 1.943541 0.122927 1.0000 0.8784 0.5412
v -0.090380 1.932232 0.160117 1.0000 0.8784 0.5412
v -0.225757 1.898584 0.196392 1.0000 0.8784 0.5412
v -0.354384 1.843426 0.230857 1.0000 0.8784 0.5412
v -0.473093 1.768115 0.262665 1.0000 0.8784 0.5412
v -0.578960 1.674507 0.291032 1.0000 0.8784 0.5412
v -0.669379 1.564905 0.315260 1.0000 0.8784 0.5412
v -0.742123 1.442009 0.334751 1.0000 0.8784 0.5412
v -0.795402 1.308845 0.349027 1.0000 0.8784 0.5412
v -0.827904 1.168692 0.357736 1.0000 0.8784 0.5412
v -0.838827 1.025000 0.360663 1.0000 0.8784 0.5412
v -0.827904 0.881308 0.357736 1.0000 0.8784 0.5412
v -0.795402 0.741155 0.349027 1.0000 0.8784 0.5412
v -0.742123 0.607991 0.334751 1.0000 0.8784 0.5412
v -0.669379 0.485095 0.315259 1.0000 0.8784 0.5412
v -0.578960 0.375493 0.291032 1.0000 0.8784 0.5412
v -0.473093 0.281885 0.262665 1.0000 0.8784 0.5412
v -0.354384 0.206574 0.230857 1.0000 0.8784 0.5412
v -0.225757 0.151416 0.196391 1.0000 0.8784 0.5412
v -0.090380 0.117768 0.160117 1.0000 0.8784 0.5412
v 0.048416 0.106459 0.122927 1.0000 0.8784 0.5412
v 0.187211 0.117768 0.085737 1.0000 0.8784 0.5412
v 0.322589 0.151416 0.049463 1.0000 0.8784 0.5412
v 0.451215 0.206574 0.014997 1.0000 0.8784 0.5412
v 0.569924 0.281885 -0.016811 1.0000 0.8784 0.5412
v 0.675791 0.375493 -0.045178 1.0000 0.8784 0.5412
v 0.766210 0.485095 -0.069405 1.0000 0.8784 0.5412
v 0.838954 0.607991 -0.088897 1.0000 0.8784 0.5412
v 0.892233 0.741155 -0.103173 1.0000 0.8784 0.5412
v 0.924735 0.881308 -0.111882 1.0000 0.8784 0.5412
v 0.865220 1.025000 -0.118500 1.0000 0.8784 0.5412
v 0.855095 1.158198 -0.115787 1.0000 0.8784 0.5412
v 0.824967 1.288115 -0.107714 1.0000 0.8784 0.5412
v 0.775579 1.411554 -0.094481 1.0000 0.8784 0.5412
v 0.708147 1.525475 -0.076413 1.0000 0.8784 0.5412
v 0.624332 1.627072 -0.053954 1.0000 0.8784 0.5412
v 0.526196 1.713845 -0.027659 1.0000 0.8784 0.5412
v 0.416157 1.783656 0.001826 1.0000 0.8784 0.5412
v 0.296924 1.834786 0.033774 1.0000 0.8784 0.5412
v 0.171433 1.865976 0.067399 1.0000 0.8784 0.5412
v 0.042774 1.876459 0.101874 1.0000 0.8784 0.5412
v -0.085885 1.865976 0.136348 1.0000 0.8784 0.5412
v -0.211376 1.834786 0.169973 1.0000 0.8784 0.5412
v -0.330608 1.783656 0.201921 1.0000 0.8784 0.5412
v -0.440647 1.713845 0.231406 1.0000 0.8784 0.5412
v -0.538783 1.627072 0.257701 1.0000 0.8784 0.5412
v -0.622599 1.525475 0.280160 1.0000 0.8784 0.5412
v -0.690031 1.411554 0.298228 1.0000 0.8784 0.5412
v -0.739419 1.288115 0.311461 1.0000 0.8784 0.5412
v -0.769546 1.158198 0.319534 1.0000 0.8784 0.5412
v -0.779672 1.025000 0.322247 1.0000 0.8784 0.5412
v -0.769546 0.891802 0.319534 1.0000 0.8784 0.5412
v -0.739419 0.761885 0.311461 1.0000 0.8784 0.5412
v -0.690031 0.638446 0.298228 1.0000 0.8784 0.5412
v -0.622599 0.524525 0.280160 1.0000 0.8784 0.5412
v -0.538783 0.422928 0.257701 1.0000 0.8784 0.5412
v -0.440648 0.336155 0.231406 1.0000 0.8784 0.5412
v -0.330609 0.266345 0.201921 1.0000 0.8784 0.5412
v -0.211376 0.215214 0.169973 1.0000 0.8784 0.5412
v -0.085885 0.184024 0.136348 1.0000 0.8784 0.5412
v 0.042774 0.173541 0.101873 1.0000 0.8784 0.5412
v 0.171433 0.184024 0.067399 1.0000 0.8784 0.5412
v 0.296924 0.215214 0.033774 1.0000 0.8784 0.5412
v 0.416157 0.266345 0.001826 1.0000 0.8784 0.5412
v 0.526196 0.336155 -0.027659 1.0000 0.8784 0.5412
v 0.624332 0.422928 -0.053954 1.0000 0.8784 0.5412
v 0.708147 0.524525 -0.076413 1.0000 0.8784 0.5412
v 0.775579 0.638446 -0.094481 1.0000 0.8784 0.5412
v 0.824967 0.761885 -0.107714 1.0000 0.8784 0.5412
v 0.855095 0.891802 -0.115787 1.0000 0.8784 0.5412
v 0.846965 1.025000 -0.186631 1.0000 0.8784 0.5412
v 0.836839 1.158198 -0.183918 1.0000 0.8784 0.5412
v 0.806711 1.288115 -0.175845 1.0000 0.8784 0.5412
v 0.757324 1.411554 -0.162612 1.0000 0.8784 0.5412
v 0.689892 1.525475 -0.144543 1.0000 0.8784 0.5412
v 0.606076 1.627072 -0.122085 1.0000 0.8784 0.5412
v 0.507940 1.713845 -0.095790 1.0000 0.8784 0.5412
v 0.397901 1.783656 -0.066305 1.0000 0.8784 0.5412
v 0.278669 1.834786 -0.034357 1.0000 0.8784 0.5412
v 0.153178 1.865976 -0.000731 1.0000 0.8784 0.5412
v 0.024519 1.876459 0.033743 1.0000 0.8784 0.5412
v -0.104140 1.865976 0.068217 1.0000 0.8784 0.5412
v -0.229631 1.834786 0.101842 1.0000 0.8784 0.5412
v -0.348864 1.783656 0.133790 1.0000 0.8784 0.5412
v -0.458903 1.713845 0.163275 1.0000 0.8784 0.5412
v -0.557039 1.627072 0.189571 1.0000 0.8784 0.5412
v -0.640854 1.525475 0.212029 1.0000 0.8784 0.5412
v -0.708286 1.411554 0.230097 1.0000 0.8784 0.5412
v -0.757674 1.288115 0.243331 1.0000 0.8784 0.5412
v -0.787802 1.158198 0.251403 1.0000 0.8784 0.5412
v -0.797927 1.025000 0.254116 1.0000 0.8784 0.5412
v -0.787802 0.891802 0.251403 1.0000 0.8784 0.5412
v -0.757674 0.761885 0.243331 1.0000 0.8784 0.5412
v -0.708286 0.638446 0.230097 1.0000 0.8784 0.5412
v -0.640854 0.524525 0.212029 1.0000 0.8784 0.5412
v -0.557039 0.422928 0.189570 1.0000 0.8784 0.5412
v -0.458903 0.336155 0.163275 1.0000 0.8784 0.5412
v -0.348864 0.266345 0.133790 1.0000 0.8784 0.5412
v -0.229631 0.215214 0.101842 1.0000 0.8784 0.5412
v -0.104140 0.184024 0.068217 1.0000 0.8784 0.5412
v 0.024519 0.173541 0.033743 1.0000 0.8784 0.5412
v 0.153178 0.184024 -0.000731 1.0000 0.8784 0.5412
v 0.278669 0.215214 -0.034357 1.0000 0.8784 0.5412
v 0.397901 0.266345 -0.066305 1.0000 0.8784 0.5412
v 0.507940 0.336155 -0.095790 1.0000 0.8784 0.5412
v 0.606076 0.422928 -0.122085 1.0000 0.8784 0.5412
v 0.689892 0.524525 -0.144543 1.0000 0.8784 0.5412
v 0.757324 0.638446 -0.162612 1.0000 0.8784 0.5412
v 0.806711 0.761885 -0.175845 1.0000 0.8784 0.5412
v 0.836839 0.891802 -0.183918 1.0000 0.8784 0.5412
v 0.906120 1.025000 -0.225047 1.0000 0.8784 0.5412
v 0.895196 1.168692 -0.222120 1.0000 0.8784 0.5412
v 0.862695 1.308845 -0.213411 1.0000 0.8784 0.5412
v 0.809416 1.442009 -0.199135 1.0000 0.8784 0.5412
v 0.736672 1.564905 -0.179643 1.0000 0.8784 0.5412
v 0.646253 1.674507 -0.155416 1.0000 0.8784 0.5412
v 0.540385 1.768115 -0.127049 1.0000 0.8784 0.5412
v 0.421677 1.843426 -0.095241 1.0000 0.8784 0.5412
v 0.293050 1.898584 -0.060775 1.0000 0.8784 0.5412
v 0.157673 1.932232 -0.024501 1.0000 0.8784 0.5412
v 0.018877 1.943541 0.012689 1.0000 0.8784 0.5412
v -0.119918 1.932232 0.049879 1.0000 0.8784 0.5412
v -0.255296 1.898584 0.086154 1.0000 0.8784 0.5412
v -0.383922 1.843426 0.120619 1.0000 0.8784 0.5412
v -0.502631 1.768115 0.152427 1.0000 0.8784 0.5412
v -0.608498 1.674507 0.180794 1.0000 0.8784 0.5412
v -0.698917 1.564905 0.205022 1.0000 0.8784 0.5412
v -0.771661 1.442009 0.224513 1.0000 0.8784 0.5412
v -0.824940 1.308845 0.238789 1.0000 0.8784 0.5412
v -0.857442 1.168692 0.247498 1.0000 0.8784 0.5412
v -0.868365 1.025000 0.250425 1.0000 0.8784 0.5412
v -0.857442 0.881308 0.247498 1.0000 0.8784 0.5412
v -0.824940 0.741155 0.238789 1.0000 0.8784 0.5412
v -0.771661 0.607991 0.224513 1.0000 0.8784 0.5412
v -0.698917 0.485095 0.205021 1.0000 0.8784 0.5412
v -0.608498 0.375493 0.180794 1.0000 0.8784 0.5412
v -0.502631 0.281885 0.152427 1.0000 0.8784 0.5412
v -0.383922 0.206574 0.120619 1.0000 0.8784 0.5412
v -0.255296 0.151416 0.086153 1.0000 0.8784 0.5412
v -0.119918 0.117768 0.049879 1.0000 0.8784 0.5412
v 0.018877 0.106459 0.012689 1.0000 0.8784 0.5412
v 0.157673 0.117768 -0.024501 1.0000 0.8784 0.5412
v 0.293050 0.151416 -0.060775 1.0000 0.8784 0.5412
v 0.421677 0.206574 -0.095241 1.0000 0.8784 0.5412
v 0.540385 0.281885 -0.127049 1.0000 0.8784 0.5412
v 0.646253 0.375493 -0.155416 1.0000 0.8784 0.5412
v 0.736672 0.485095 -0.179643 1.0000 0.8784 0.5412
v 0.809416 0.607991 -0.199135 1.0000 0.8784 0.5412
v 0.862695 0.741155 -0.213411 1.0000 0.8784 0.5412
v 0.895196 0.881308 -0.222120 1.0000 0.8784 0.5412
v 0.031058 1.845000 0.058149 0.8470 0.2275 0.1804
v 0.038823 1.845000 0.087127 0.8470 0.2275 0.1804
v 0.154964 1.834904 0.024949 0.8470 0.2275 0.1804
v 0.162728 1.834904 0.053926 0.8470 0.2275 0.1804
v 0.275818 1.804866 -0.007434 0.8470 0.2275 0.1804
v 0.283583 1.804866 0.021543 0.8470 0.2275 0.1804
v 0.390646 1.755625 -0.038202 0.8470 0.2275 0.1804
v 0.398410 1.755625 -0.009225 0.8470 0.2275 0.1804
v 0.496619 1.688394 -0.066598 0.8470 0.2275 0.1804
v 0.504384 1.688394 -0.037620 0.8470 0.2275 0.1804
v 0.591129 1.604828 -0.091922 0.8470 0.2275 0.1804
v 0.598893 1.604828 -0.062944 0.8470 0.2275 0.1804
v 0.671848 1.506984 -0.113550 0.8470 0.2275 0.1804
v 0.679612 1.506984 -0.084572 0.8470 0.2275 0.1804
v 0.736788 1.397272 -0.130951 0.8470 0.2275 0.1804
v 0.744553 1.397272 -0.101973 0.8470 0.2275 0.1804
v 0.784351 1.278394 -0.143695 0.8470 0.2275 0.1804
v 0.792116 1.278394 -0.114718 0.8470 0.2275 0.1804
v 0.813366 1.153276 -0.151470 0.8470 0.2275 0.1804
v 0.821131 1.153276 -0.122492 0.8470 0.2275 0.1804
v 0.823117 1.025000 -0.154083 0.8470 0.2275 0.1804
v 0.830882 1.025000 -0.125105 0.8470 0.2275 0.1804
v 0.813366 0.896724 -0.151470 0.8470 0.2275 0.1804
v 0.821131 0.896724 -0.122492 0.8470 0.2275 0.1804
v 0.784351 0.771606 -0.143695 0.8470 0.2275 0.1804
v 0.792116 0.771606 -0.114718 0.8470 0.2275 0.1804
v 0.736788 0.652728 -0.130951 0.8470 0.2275 0.1804
v 0.744553 0.652728 -0.101973 0.8470 0.2275 0.1804
v 0.671848 0.543016 -0.113550 0.8470 0.2275 0.1804
v 0.679612 0.543016 -0.084572 0.8470 0.2275 0.1804
v 0.591129 0.445172 -0.091922 0.8470 0.2275 0.1804
v 0.598893 0.445172 -0.062944 0.8470 0.2275 0.1804
v 0.496619 0.361606 -0.066598 0.8470 0.2275 0.1804
v 0.504384 0.361606 -0.037620 0.8470 0.2275 0.1804
v 0.390646 0.294375 -0.038202 0.8470 0.2275 0.1804
v 0.398410 0.294375 -0.009225 0.8470 0.2275 0.1804
v 0.275818 0.245134 -0.007434 0.8470 0.2275 0.1804
v 0.283583 0.245134 0.021543 0.8470 0.2275 0.1804
v 0.154964 0.215096 0.024948 0.8470 0.2275 0.1804
v 0.162728 0.215096 0.053926 0.8470 0.2275 0.1804
v 0.031058 0.205000 0.058149 0.8470 0.2275 0.1804
v 0.038823 0.205000 0.087127 0.8470 0.2275 0.1804
v -0.092847 0.215096 0.091349 0.8470 0.2275 0.1804
v -0.085083 0.215096 0.120327 0.8470 0.2275 0.1804
v -0.213701 0.245134 0.123732 0.8470 0.2275 0.1804
v -0.205937 0.245134 0.152710 0.8470 0.2275 0.1804
v -0.328529 0.294375 0.154500 0.8470 0.2275 0.1804
v -0.320765 0.294375 0.183478 0.8470 0.2275 0.1804
v -0.434502 0.361606 0.182895 0.8470 0.2275 0.1804
v -0.426738 0.361606 0.211873 0.8470 0.2275 0.1804
v -0.529012 0.445172 0.208219 0.8470 0.2275 0.1804
v -0.521248 0.445172 0.237197 0.8470 0.2275 0.1804
v -0.609731 0.543016 0.229848 0.8470 0.2275 0.1804
v -0.601967 0.543016 0.258826 0.8470 0.2275 0.1804
v -0.674672 0.652728 0.247249 0.8470 0.2275 0.1804
v -0.666907 0.652728 0.276226 0.8470 0.2275 0.1804
v -0.722235 0.771606 0.259993 0.8470 0.2275 0.1804
v -0.714470 0.771606 0.288971 0.8470 0.2275 0.1804
v -0.751249 0.896724 0.267768 0.8470 0.2275 0.1804
v -0.743485 0.896724 0.296745 0.8470 0.2275 0.1804
v -0.761001 1.025000 0.270380 0.8470 0.2275 0.1804
v -0.753236 1.025000 0.299358 0.8470 0.2275 0.1804
v -0.751249 1.153276 0.267768 0.8470 0.2275 0.1804
v -0.743485 1.153276 0.296745 0.8470 0.2275 0.1804
v -0.722235 1.278394 0.259993 0.8470 0.2275 0.1804
v -0.714470 1.278394 0.288971 0.8470 0.2275 0.1804
v -0.674672 1.397272 0.247249 0.8470 0.2275 0.1804
v -0.666907 1.397272 0.276226 0.8470 0.2275 0.1804
v -0.609731 1.506984 0.229848 0.8470 0.2275 0.1804
v -0.601966 1.506984 0.258826 0.8470 0.2275 0.1804
v -0.529012 1.604828 0.208219 0.8470 0.2275 0.1804
v -0.521248 1.604828 0.237197 0.8470 0.2275 0.1804
v -0.434502 1.688394 0.182895 0.8470 0.2275 0.1804
v -0.426738 1.688394 0.211873 0.8470 0.2275 0.1804
v -0.328529 1.755625 0.154500 0.8470 0.2275 0.1804
v -0.320765 1.755625 0.183478 0.8470 0.2275 0.1804
v -0.213701 1.804866 0.123732 0.8470 0.2275 0.1804
v -0.205937 1.804866 0.152710 0.8470 0.2275 0.1804
v -0.092847 1.834904 0.091349 0.8470 0.2275 0.1804
v -0.085082 1.834904 0.120327 0.8470 0.2275 0.1804
v 0.893642 1.025000 -0.431799 1.0000 0.8784 0.5412
v 0.882226 1.175177 -0.428740 1.0000 0.8784 0.5412
v 0.848258 1.321656 -0.419638 1.0000 0.8784 0.5412
v 0.792574 1.460831 -0.404718 1.0000 0.8784 0.5412
v 0.716546 1.589274 -0.384346 1.0000 0.8784 0.5412
v 0.622046 1.703822 -0.359025 1.0000 0.8784 0.5412
v 0.511400 1.801656 -0.329377 1.0000 0.8784 0.5412
v 0.387334 1.880366 -0.296134 1.0000 0.8784 0.5412
v 0.252902 1.938014 -0.260113 1.0000 0.8784 0.5412
v 0.111413 1.973181 -0.222201 1.0000 0.8784 0.5412
v -0.033646 1.985000 -0.183333 1.0000 0.8784 0.5412
v -0.178706 1.973181 -0.144464 1.0000 0.8784 0.5412
v -0.320194 1.938014 -0.106552 1.0000 0.8784 0.5412
v -0.454627 1.880366 -0.070531 1.0000 0.8784 0.5412
v -0.578693 1.801656 -0.037288 1.0000 0.8784 0.5412
v -0.689339 1.703822 -0.007640 1.0000 0.8784 0.5412
v -0.783839 1.589274 0.017681 1.0000 0.8784 0.5412
v -0.859867 1.460831 0.038052 1.0000 0.8784 0.5412
v -0.915550 1.321656 0.052973 1.0000 0.8784 0.5412
v -0.949519 1.175177 0.062075 1.0000 0.8784 0.5412
v -0.960935 1.025000 0.065134 1.0000 0.8784 0.5412
v -0.949519 0.874823 0.062075 1.0000 0.8784 0.5412
v -0.915550 0.728344 0.052973 1.0000 0.8784 0.5412
v -0.859867 0.589169 0.038052 1.0000 0.8784 0.5412
v -0.783839 0.460726 0.017681 1.0000 0.8784 0.5412
v -0.689339 0.346177 -0.007640 1.0000 0.8784 0.5412
v -0.578693 0.248344 -0.037288 1.0000 0.8784 0.5412
v -0.454627 0.169634 -0.070531 1.0000 0.8784 0.5412
v -0.320194 0.111986 -0.106552 1.0000 0.8784 0.5412
v -0.178706 0.076819 -0.144464 1.0000 0.8784 0.5412
v -0.033646 0.065000 -0.183333 1.0000 0.8784 0.5412
v 0.111413 0.076819 -0.222201 1.0000 0.8784 0.5412
v 0.252901 0.111986 -0.260113 1.0000 0.8784 0.5412
v 0.387334 0.169634 -0.296134 1.0000 0.8784 0.5412
v 0.511400 0.248344 -0.329377 1.0000 0.8784 0.5412
v 0.622046 0.346177 -0.359025 1.0000 0.8784 0.5412
v 0.716546 0.460726 -0.384346 1.0000 0.8784 0.5412
v 0.792574 0.589169 -0.404718 1.0000 0.8784 0.5412
v 0.848258 0.728344 -0.419638 1.0000 0.8784 0.5412
v 0.882226 0.874823 -0.428740 1.0000 0.8784 0.5412
v 0.868365 1.025000 -0.365950 1.0000 0.8784 0.5412
v 0.857442 1.168692 -0.363023 1.0000 0.8784 0.5412
v 0.824940 1.308845 -0.354314 1.0000 0.8784 0.5412
v 0.771661 1.442009 -0.340038 1.0000 0.8784 0.5412
v 0.698917 1.564905 -0.320546 1.0000 0.8784 0.5412
v 0.608498 1.674507 -0.296318 1.0000 0.8784 0.5412
v 0.502631 1.768115 -0.267951 1.0000 0.8784 0.5412
v 0.383922 1.843426 -0.236143 1.0000 0.8784 0.5412
v 0.255296 1.898584 -0.201678 1.0000 0.8784 0.5412
v 0.119918 1.932232 -0.165404 1.0000 0.8784 0.5412
v -0.018877 1.943541 -0.128214 1.0000 0.8784 0.5412
v -0.157673 1.932232 -0.091023 1.0000 0.8784 0.5412
v -0.293050 1.898584 -0.054749 1.0000 0.8784 0.5412
v -0.421677 1.843426 -0.020284 1.0000 0.8784 0.5412
v -0.540385 1.768115 0.011524 1.0000 0.8784 0.5412
v -0.646253 1.674507 0.039891 1.0000 0.8784 0.5412
v -0.736672 1.564905 0.064119 1.0000 0.8784 0.5412
v -0.809416 1.442009 0.083611 1.0000 0.8784 0.5412
v -0.862695 1.308845 0.097887 1.0000 0.8784 0.5412
v -0.895196 1.168692 0.106595 1.0000 0.8784 0.5412
v -0.906120 1.025000 0.109522 1.0000 0.8784 0.5412
v -0.895196 0.881308 0.106595 1.0000 0.8784 0.5412
v -0.862695 0.741155 0.097887 1.0000 0.8784 0.5412
v -0.809416 0.607991 0.083611 1.0000 0.8784 0.5412
v -0.736672 0.485095 0.064119 1.0000 0.8784 0.5412
v -0.646253 0.375493 0.039891 1.0000 0.8784 0.5412
v -0.540385 0.281885 0.011524 1.0000 0.8784 0.5412
v -0.421677 0.206574 -0.020284 1.0000 0.8784 0.5412
v -0.293050 0.151416 -0.054749 1.0000 0.8784 0.5412
v -0.157673 0.117768 -0.091024 1.0000 0.8784 0.5412
v -0.018877 0.106459 -0.128214 1.0000 0.8784 0.5412
v 0.119918 0.117768 -0.165404 1.0000 0.8784 0.5412
v 0.255296 0.151416 -0.201678 1.0000 0.8784 0.5412
v 0.383922 0.206574 -0.236143 1.0000 0.8784 0.5412
v 0.502631 0.281885 -0.267951 1.0000 0.8784 0.5412
v 0.608498 0.375493 -0.296318 1.0000 0.8784 0.5412
v 0.698917 0.485095 -0.320546 1.0000 0.8784 0.5412
v 0.771661 0.607991 -0.340038 1.0000 0.8784 0.5412
v 0.824940 0.741155 -0.354314 1.0000 0.8784 0.5412
v 0.857442 0.881308 -0.363023 1.0000 0.8784 0.5412
v 0.797927 1.025000 -0.369641 1.0000 0.8784 0.5412
v 0.787802 1.158198 -0.366928 1.0000 0.8784 0.5412
v 0.757674 1.288115 -0.358855 1.0000 0.8784 0.5412
v 0.708286 1.411554 -0.345622 1.0000 0.8784 0.5412
v 0.640854 1.525475 -0.327553 1.0000 0.8784 0.5412
v 0.557039 1.627072 -0.305095 1.0000 0.8784 0.5412
v 0.458903 1.713845 -0.278800 1.0000 0.8784 0.5412
v 0.348864 1.783656 -0.249315 1.0000 0.8784 0.5412
v 0.229631 1.834786 -0.217366 1.0000 0.8784 0.5412
v 0.104140 1.865976 -0.183741 1.0000 0.8784 0.5412
v -0.024519 1.876459 -0.149267 1.0000 0.8784 0.5412
v -0.153178 1.865976 -0.114793 1.0000 0.8784 0.5412
v -0.278669 1.834786 -0.081168 1.0000 0.8784 0.5412
v -0.397901 1.783656 -0.049220 1.0000 0.8784 0.5412
v -0.507940 1.713845 -0.019735 1.0000 0.8784 0.5412
v -0.606076 1.627072 0.006561 1.0000 0.8784 0.5412
v -0.689892 1.525475 0.029019 1.0000 0.8784 0.5412
v -0.757324 1.411554 0.047087 1.0000 0.8784 0.5412
v -0.806711 1.288115 0.060321 1.0000 0.8784 0.5412
v -0.836839 1.158198 0.068393 1.0000 0.8784 0.5412
v -0.846965 1.025000 0.071107 1.0000 0.8784 0.5412
v -0.836839 0.891802 0.068393 1.0000 0.8784 0.5412
v -0.806711 0.761885 0.060321 1.0000 0.8784 0.5412
v -0.757324 0.638446 0.047087 1.0000 0.8784 0.5412
v -0.689892 0.524525 0.029019 1.0000 0.8784 0.5412
v -0.606076 0.422928 0.006561 1.0000 0.8784 0.5412
v -0.507940 0.336155 -0.019735 1.0000 0.8784 0.5412
v -0.397901 0.266345 -0.049220 1.0000 0.8784 0.5412
v -0.278669 0.215214 -0.081168 1.0000 0.8784 0.5412
v -0.153178 0.184024 -0.114793 1.0000 0.8784 0.5412
v -0.024519 0.173541 -0.149267 1.0000 0.8784 0.5412
v 0.104140 0.184024 -0.183741 1.0000 0.8784 0.5412
v 0.229631 0.215214 -0.217366 1.0000 0.8784 0.5412
v 0.348864 0.266345 -0.249315 1.0000 0.8784 0.5412
v 0.458903 0.336155 -0.278800 1.0000 0.8784 0.5412
v 0.557039 0.422928 -0.305095 1.0000 0.8784 0.5412
v 0.640854 0.524525 -0.327553 1.0000 0.8784 0.5412
v 0.708286 0.638446 -0.345622 1.0000 0.8784 0.5412
v 0.757674 0.761885 -0.358855 1.0000 0.8784 0.5412
v 0.787802 0.891802 -0.366928 1.0000 0.8784 0.5412
v 0.779672 1.025000 -0.437772 1.0000 0.8784 0.5412
v 0.769546 1.158198 -0.435059 1.0000 0.8784 0.5412
v 0.739419 1.288115 -0.426986 1.0000 0.8784 0.5412
v 0.690031 1.411554 -0.413752 1.0000 0.8784 0.5412
v 0.622599 1.525475 -0.395684 1.0000 0.8784 0.5412
v 0.538783 1.627072 -0.373226 1.0000 0.8784 0.5412
v 0.440648 1.713845 -0.346930 1.0000 0.8784 0.5412
v 0.330609 1.783656 -0.317446 1.0000 0.8784 0.5412
v 0.211376 1.834786 -0.285497 1.0000 0.8784 0.5412
v 0.085885 1.865976 -0.251872 1.0000 0.8784 0.5412
v -0.042774 1.876459 -0.217398 1.0000 0.8784 0.5412
v -0.171433 1.865976 -0.182924 1.0000 0.8784 0.5412
v -0.296924 1.834786 -0.149299 1.0000 0.8784 0.5412
v -0.416157 1.783656 -0.117350 1.0000 0.8784 0.5412
v -0.526196 1.713845 -0.087866 1.0000 0.8784 0.5412
v -0.624332 1.627072 -0.061570 1.0000 0.8784 0.5412
v -0.708147 1.525475 -0.039112 1.0000 0.8784 0.5412
v -0.775579 1.411554 -0.021044 1.0000 0.8784 0.5412
v -0.824967 1.288115 -0.007810 1.0000 0.8784 0.5412
v -0.855095 1.158198 0.000263 1.0000 0.8784 0.5412
v -0.865220 1.025000 0.002976 1.0000 0.8784 0.5412
v -0.855095 0.891802 0.000263 1.0000 0.8784 0.5412
v -0.824967 0.761885 -0.007810 1.0000 0.8784 0.5412
v -0.775579 0.638446 -0.021044 1.0000 0.8784 0.5412
v -0.708147 0.524525 -0.039112 1.0000 0.8784 0.5412
v -0.624332 0.422928 -0.061570 1.0000 0.8784 0.5412
v -0.526196 0.336155 -0.087866 1.0000 0.8784 0.5412
v -0.416157 0.266345 -0.117350 1.0000 0.8784 0.5412
v -0.296924 0.215214 -0.149299 1.0000 0.8784 0.5412
v -0.171433 0.184024 -0.182924 1.0000 0.8784 0.5412
v -0.042774 0.173541 -0.217398 1.0000 0.8784 0.5412
v 0.085885 0.184024 -0.251872 1.0000 0.8784 0.5412
v 0.211376 0.215214 -0.285497 1.0000 0.8784 0.5412
v 0.330608 0.266345 -0.317446 1.0000 0.8784 0.5412
v 0.440647 0.336155 -0.346931 1.0000 0.8784 0.5412
v 0.538783 0.422928 -0.373226 1.0000 0.8784 0.5412
v 0.622599 0.524525 -0.395684 1.0000 0.8784 0.5412
v 0.690031 0.638446 -0.413753 1.0000 0.8784 0.5412
v 0.739419 0.761885 -0.426986 1.0000 0.8784 0.5412
v 0.769546 0.891802 -0.435059 1.0000 0.8784 0.5412
v 0.838827 1.025000 -0.476188 1.0000 0.8784 0.5412
v 0.827904 1.168692 -0.473261 1.0000 0.8784 0.5412
v 0.795402 1.308845 -0.464552 1.0000 0.8784 0.5412
v 0.742123 1.442009 -0.450276 1.0000 0.8784 0.5412
v 0.669379 1.564905 -0.430784 1.0000 0.8784 0.5412
v 0.578960 1.674507 -0.406556 1.0000 0.8784 0.5412
v 0.473093 1.768115 -0.378189 1.0000 0.8784 0.5412
v 0.354384 1.843426 -0.346381 1.0000 0.8784 0.5412
v 0.225757 1.898584 -0.311916 1.0000 0.8784 0.5412
v 0.090380 1.932232 -0.275642 1.0000 0.8784 0.5412
v -0.048416 1.943541 -0.238452 1.0000 0.8784 0.5412
v -0.187211 1.932232 -0.201261 1.0000 0.8784 0.5412
v -0.322589 1.898584 -0.164987 1.0000 0.8784 0.5412
v -0.451215 1.843426 -0.130522 1.0000 0.8784 0.5412
v -0.569924 1.768115 -0.098714 1.0000 0.8784 0.5412
v -0.675791 1.674507 -0.070347 1.0000 0.8784 0.5412
v -0.766210 1.564905 -0.046119 1.0000 0.8784 0.5412
v -0.838954 1.442009 -0.026627 1.0000 0.8784 0.5412
v -0.892233 1.308845 -0.012351 1.0000 0.8784 0.5412
v -0.924735 1.168692 -0.003643 1.0000 0.8784 0.5412
v -0.935658 1.025000 -0.000716 1.0000 0.8784 0.5412
v -0.924735 0.881308 -0.003643 1.0000 0.8784 0.5412
v -0.892233 0.741155 -0.012351 1.0000 0.8784 0.5412
v -0.838954 0.607991 -0.026627 1.0000 0.8784 0.5412
v -0.766210 0.485095 -0.046119 1.0000 0.8784 0.5412
v -0.675791 0.375493 -0.070347 1.0000 0.8784 0.5412
v -0.569924 0.281885 -0.098714 1.0000 0.8784 0.5412
v -0.451215 0.206574 -0.130522 1.0000 0.8784 0.5412
v -0.322589 0.151416 -0.164987 1.0000 0.8784 0.5412
v -0.187211 0.117768 -0.201262 1.0000 0.8784 0.5412
v -0.048416 0.106459 -0.238452 1.0000 0.8784 0.5412
v 0.090380 0.117768 -0.275642 1.0000 0.8784 0.5412
v 0.225757 0.151416 -0.311916 1.0000 0.8784 0.5412
v 0.354384 0.206574 -0.346382 1.0000 0.8784 0.5412
v 0.473093 0.281885 -0.378189 1.0000 0.8784 0.5412
v 0.578960 0.375493 -0.406556 1.0000 0.8784 0.5412
v 0.669379 0.485095 -0.430784 1.0000 0.8784 0.5412
v 0.742123 0.607991 -0.450276 1.0000 0.8784 0.5412
v 0.795402 0.741155 -0.464552 1.0000 0.8784 0.5412
v 0.827904 0.881308 -0.473261 1.0000 0.8784 0.5412
v -0.038823 1.845000 -0.202651 0.8470 0.2275 0.1804
v -0.031058 1.845000 -0.173673 0.8470 0.2275 0.1804
v 0.085083 1.834904 -0.235851 0.8470 0.2275 0.1804
v 0.092847 1.834904 -0.206874 0.8470 0.2275 0.1804
v 0.205937 1.804866 -0.268234 0.8470 0.2275 0.1804
v 0.213701 1.804866 -0.239257 0.8470 0.2275 0.1804
v 0.320765 1.755625 -0.299002 0.8470 0.2275 0.1804
v 0.328529 1.755625 -0.270024 0.8470 0.2275 0.1804
v 0.426738 1.688394 -0.327398 0.8470 0.2275 0.1804
v 0.434502 1.688394 -0.298420 0.8470 0.2275 0.1804
v 0.521248 1.604828 -0.352722 0.8470 0.2275 0.1804
v 0.529012 1.604828 -0.323744 0.8470 0.2275 0.1804
v 0.601967 1.506984 -0.374350 0.8470 0.2275 0.1804
v 0.609731 1.506984 -0.345372 0.8470 0.2275 0.1804
v 0.666907 1.397272 -0.391751 0.8470 0.2275 0.1804
v 0.674672 1.397272 -0.362773 0.8470 0.2275 0.1804
v 0.714470 1.278394 -0.404495 0.8470 0.2275 0.1804
v 0.722235 1.278394 -0.375518 0.8470 0.2275 0.1804
v 0.743485 1.153276 -0.412270 0.8470 0.2275 0.1804
v 0.751249 1.153276 -0.383292 0.8470 0.2275 0.1804
v 0.753236 1.025000 -0.414883 0.8470 0.2275 0.1804
v 0.761001 1.025000 -0.385905 0.8470 0.2275 0.1804
v 0.743485 0.896724 -0.412270 0.8470 0.2275 0.1804
v 0.751249 0.896724 -0.383292 0.8470 0.2275 0.1804
v 0.714470 0.771606 -0.404495 0.8470 0.2275 0.1804
v 0.722235 0.771606 -0.375518 0.8470 0.2275 0.1804
v 0.666907 0.652728 -0.391751 0.8470 0.2275 0.1804
v 0.674672 0.652728 -0.362773 0.8470 0.2275 0.1804
v 0.601966 0.543016 -0.374350 0.8470 0.2275 0.1804
v 0.609731 0.543016 -0.345372 0.8470 0.2275 0.1804
v 0.521248 0.445172 -0.352722 0.8470 0.2275 0.1804
v 0.529012 0.445172 -0.323744 0.8470 0.2275 0.1804
v 0.426738 0.361606 -0.327398 0.8470 0.2275 0.1804
v 0.434502 0.361606 -0.298420 0.8470 0.2275 0.1804
v 0.320765 0.294375 -0.299002 0.8470 0.2275 0.1804
v 0.328529 0.294375 -0.270025 0.8470 0.2275 0.1804
v 0.205937 0.245134 -0.268234 0.8470 0.2275 0.1804
v 0.213701 0.245134 -0.239257 0.8470 0.2275 0.1804
v 0.085082 0.215096 -0.235852 0.8470 0.2275 0.1804
v 0.092847 0.215096 -0.206874 0.8470 0.2275 0.1804
v -0.038823 0.205000 -0.202651 0.8470 0.2275 0.1804
v -0.031058 0.205000 -0.173673 0.8470 0.2275 0.1804
v -0.162728 0.215096 -0.169451 0.8470 0.2275 0.1804
v -0.154964 0.215096 -0.140473 0.8470 0.2275 0.1804
v -0.283583 0.245134 -0.137068 0.8470 0.2275 0.1804
v -0.275818 0.245134 -0.108090 0.8470 0.2275 0.1804
v -0.398410 0.294375 -0.106300 0.8470 0.2275 0.1804
v -0.390646 0.294375 -0.077322 0.8470 0.2275 0.1804
v -0.504384 0.361606 -0.077905 0.8470 0.2275 0.1804
v -0.496619 0.361606 -0.048927 0.8470 0.2275 0.1804
v -0.598893 0.445172 -0.052581 0.8470 0.2275 0.1804
v -0.591129 0.445172 -0.023603 0.8470 0.2275 0.1804
v -0.679612 0.543016 -0.030952 0.8470 0.2275 0.1804
v -0.671848 0.543016 -0.001974 0.8470 0.2275 0.1804
v -0.744553 0.652728 -0.013551 0.8470 0.2275 0.1804
v -0.736788 0.652728 0.015426 0.8470 0.2275 0.1804
v -0.792116 0.771606 -0.000807 0.8470 0.2275 0.1804
v -0.784351 0.771606 0.028171 0.8470 0.2275 0.1804
v -0.821131 0.896724 0.006968 0.8470 0.2275 0.1804
v -0.813366 0.896724 0.035945 0.8470 0.2275 0.1804
v -0.830882 1.025000 0.009580 0.8470 0.2275 0.1804
v -0.823117 1.025000 0.038558 0.8470 0.2275 0.1804
v -0.821131 1.153276 0.006968 0.8470 0.2275 0.1804
v -0.813366 1.153276 0.035945 0.8470 0.2275 0.1804
v -0.792116 1.278394 -0.000807 0.8470 0.2275 0.1804
v -0.784351 1.278394 0.028171 0.8470 0.2275 0.1804
v -0.744553 1.397272 -0.013551 0.8470 0.2275 0.1804
v -0.736788 1.397272 0.015426 0.8470 0.2275 0.1804
v -0.679612 1.506984 -0.030952 0.8470 0.2275 0.1804
v -0.671848 1.506984 -0.001974 0.8470 0.2275 0.1804
v -0.598893 1.604828 -0.052581 0.8470 0.2275 0.1804
v -0.591129 1.604828 -0.023603 0.8470 0.2275 0.1804
v -0.504384 1.688394 -0.077905 0.8470 0.2275 0.1804
v -0.496619 1.688394 -0.048927 0.8470 0.2275 0.1804
v -0.398410 1.755625 -0.106300 0.8470 0.2275 0.1804
v -0.390646 1.755625 -0.077322 0.8470 0.2275 0.1804
v -0.283583 1.804866 -0.137068 0.8470 0.2275 0.1804
v -0.275818 1.804866 -0.108090 0.8470 0.2275 0.1804
v -0.162728 1.834904 -0.169451 0.8470 0.2275 0.1804
v -0.154964 1.834904 -0.140473 0.8470 0.2275 0.1804
v 0.976718 0.985000 -0.179711 0.9098 0.6980 0.2275
v 0.976718 1.065000 -0.179711 0.9098 0.6980 0.2275
v 0.906837 0.985000 -0.440511 0.9098 0.6980 0.2275
v 0.906837 1.065000 -0.440511 0.9098 0.6980 0.2275
v 1.025015 0.985000 -0.192652 0.9098 0.6980 0.2275
v 1.025015 1.065000 -0.192652 0.9098 0.6980 0.2275
v 0.955133 0.985000 -0.453452 0.9098 0.6980 0.2275
v 0.955133 1.065000 -0.453452 0.9098 0.6980 0.2275
v 0.969120 1.154915 -0.177675 0.9098 0.6980 0.2275
v 0.955701 1.233699 -0.174079 0.9098 0.6980 0.2275
v 0.899239 1.154915 -0.438475 0.9098 0.6980 0.2275
v 0.885820 1.233699 -0.434879 0.9098 0.6980 0.2275
v 1.016682 1.163597 -0.190419 0.9098 0.6980 0.2275
v 1.003264 1.242382 -0.186824 0.9098 0.6980 0.2275
v 0.946801 1.163597 -0.451219 0.9098 0.6980 0.2275
v 0.933383 1.242382 -0.447624 0.9098 0.6980 0.2275
v 0.933137 1.320882 -0.168033 0.9098 0.6980 0.2275
v 0.906707 1.396057 -0.160952 0.9098 0.6980 0.2275
v 0.863256 1.320882 -0.428833 0.9098 0.6980 0.2275
v 0.836826 1.396057 -0.421751 0.9098 0.6980 0.2275
v 0.978520 1.337983 -0.180194 0.9098 0.6980 0.2275
v 0.952091 1.413158 -0.173112 0.9098 0.6980 0.2275
v 0.908639 1.337983 -0.440994 0.9098 0.6980 0.2275
v 0.882210 1.413158 -0.433912 0.9098 0.6980 0.2275
v 0.869862 1.477859 -0.151079 0.9098 0.6980 0.2275
v 0.831225 1.547141 -0.140726 0.9098 0.6980 0.2275
v 0.799981 1.477859 -0.411879 0.9098 0.6980 0.2275
v 0.761344 1.547141 -0.401526 0.9098 0.6980 0.2275
v 0.911688 1.502859 -0.162286 0.9098 0.6980 0.2275
v 0.873051 1.572141 -0.151933 0.9098 0.6980 0.2275
v 0.841807 1.502859 -0.423086 0.9098 0.6980 0.2275
v 0.803170 1.572141 -0.412733 0.9098 0.6980 0.2275
v 0.781219 1.621076 -0.127327 0.9098 0.6980 0.2275
v 0.731549 1.682360 -0.114018 0.9098 0.6980 0.2275
v 0.711338 1.621076 -0.388127 0.9098 0.6980 0.2275
v 0.661668 1.682360 -0.374818 0.9098 0.6980 0.2275
v 0.818217 1.653215 -0.137240 0.9098 0.6980 0.2275
v 0.768546 1.714499 -0.123931 0.9098 0.6980 0.2275
v 0.748335 1.653215 -0.398040 0.9098 0.6980 0.2275
v 0.698665 1.714499 -0.384731 0.9098 0.6980 0.2275
v 0.669901 1.746182 -0.097499 0.9098 0.6980 0.2275
v 0.610706 1.797605 -0.081638 0.9098 0.6980 0.2275
v 0.600020 1.746182 -0.358299 0.9098 0.6980 0.2275
v 0.540825 1.797605 -0.342438 0.9098 0.6980 0.2275
v 0.700945 1.784484 -0.105818 0.9098 0.6980 0.2275
v 0.641750 1.835907 -0.089956 0.9098 0.6980 0.2275
v 0.631064 1.784484 -0.366618 0.9098 0.6980 0.2275
v 0.571869 1.835907 -0.350756 0.9098 0.6980 0.2275
v 0.539290 1.849375 -0.062502 0.9098 0.6980 0.2275
v 0.472369 1.889375 -0.044571 0.9098 0.6980 0.2275
v 0.469409 1.849375 -0.323302 0.9098 0.6980 0.2275
v 0.402488 1.889375 -0.305371 0.9098 0.6980 0.2275
v 0.563438 1.892676 -0.068973 0.9098 0.6980 0.2275
v 0.496517 1.932676 -0.051041 0.9098 0.6980 0.2275
v 0.493557 1.892676 -0.329773 0.9098 0.6980 0.2275
v 0.426636 1.932676 -0.311841 0.9098 0.6980 0.2275
v 0.393354 1.927519 -0.023399 0.9098 0.6980 0.2275
v 0.320741 1.954881 -0.003942 0.9098 0.6980 0.2275
v 0.323473 1.927519 -0.284199 0.9098 0.6980 0.2275
v 0.250859 1.954881 -0.264742 0.9098 0.6980 0.2275
v 0.409873 1.974504 -0.027825 0.9098 0.6980 0.2275
v 0.337259 2.001866 -0.008368 0.9098 0.6980 0.2275
v 0.339992 1.974504 -0.288625 0.9098 0.6980 0.2275
v 0.267378 2.001866 -0.269168 0.9098 0.6980 0.2275
v 0.236529 1.978242 0.018622 0.9098 0.6980 0.2275
v 0.160429 1.992133 0.039013 0.9098 0.6980 0.2275
v 0.166647 1.978242 -0.242178 0.9098 0.6980 0.2275
v 0.090547 1.992133 -0.221787 0.9098 0.6980 0.2275
v 0.244915 2.027482 0.016375 0.9098 0.6980 0.2275
v 0.168815 2.041374 0.036766 0.9098 0.6980 0.2275
v 0.175034 2.027482 -0.244425 0.9098 0.6980 0.2275
v 0.098934 2.041374 -0.224034 0.9098 0.6980 0.2275
v 0.073578 2.000000 0.062285 0.9098 0.6980 0.2275
v -0.003696 2.000000 0.082990 0.9098 0.6980 0.2275
v 0.003696 2.000000 -0.198515 0.9098 0.6980 0.2275
v -0.073578 2.000000 -0.177809 0.9098 0.6980 0.2275
v 0.073578 2.050000 0.062285 0.9098 0.6980 0.2275
v -0.003696 2.050000 0.082990 0.9098 0.6980 0.2275
v 0.003696 2.050000 -0.198515 0.9098 0.6980 0.2275
v -0.073578 2.050000 -0.177809 0.9098 0.6980 0.2275
v -0.090547 1.992133 0.106262 0.9098 0.6980 0.2275
v -0.166647 1.978242 0.126653 0.9098 0.6980 0.2275
v -0.160429 1.992133 -0.154538 0.9098 0.6980 0.2275
v -0.236529 1.978242 -0.134147 0.9098 0.6980 0.2275
v -0.098934 2.041374 0.108509 0.9098 0.6980 0.2275
v -0.175034 2.027482 0.128900 0.9098 0.6980 0.2275
v -0.168815 2.041374 -0.152291 0.9098 0.6980 0.2275
v -0.244915 2.027482 -0.131900 0.9098 0.6980 0.2275
v -0.250859 1.954881 0.149218 0.9098 0.6980 0.2275
v -0.323473 1.927519 0.168674 0.9098 0.6980 0.2275
v -0.320741 1.954881 -0.111582 0.9098 0.6980 0.2275
v -0.393354 1.927519 -0.092126 0.9098 0.6980 0.2275
v -0.267378 2.001866 0.153644 0.9098 0.6980 0.2275
v -0.339992 1.974504 0.173101 0.9098 0.6980 0.2275
v -0.337259 2.001866 -0.107156 0.9098 0.6980 0.2275
v -0.409873 1.974504 -0.087699 0.9098 0.6980 0.2275
v -0.402488 1.889375 0.189846 0.9098 0.6980 0.2275
v -0.469409 1.849375 0.207778 0.9098 0.6980 0.2275
v -0.472369 1.889375 -0.070954 0.9098 0.6980 0.2275
v -0.539290 1.849375 -0.053022 0.9098 0.6980 0.2275
v -0.426636 1.932676 0.196317 0.9098 0.6980 0.2275
v -0.493557 1.892676 0.214248 0.9098 0.6980 0.2275
v -0.496517 1.932676 -0.064483 0.9098 0.6980 0.2275
v -0.563438 1.892676 -0.046552 0.9098 0.6980 0.2275
v -0.540825 1.797605 0.226914 0.9098 0.6980 0.2275
v -0.600020 1.746182 0.242775 0.9098 0.6980 0.2275
v -0.610706 1.797605 -0.033886 0.9098 0.6980 0.2275
v -0.669901 1.746182 -0.018025 0.9098 0.6980 0.2275
v -0.571869 1.835907 0.235232 0.9098 0.6980 0.2275
v -0.631064 1.784484 0.251093 0.9098 0.6980 0.2275
v -0.641750 1.835907 -0.025568 0.9098 0.6980 0.2275
v -0.700945 1.784484 -0.009707 0.9098 0.6980 0.2275
v -0.661668 1.682360 0.259293 0.9098 0.6980 0.2275
v -0.711338 1.621076 0.272603 0.9098 0.6980 0.2275
v -0.731549 1.682360 -0.001507 0.9098 0.6980 0.2275
v -0.781219 1.621076 0.011803 0.9098 0.6980 0.2275
v -0.698665 1.714499 0.269207 0.9098 0.6980 0.2275
v -0.748335 1.653215 0.282516 0.9098 0.6980 0.2275
v -0.768546 1.714499 0.008407 0.9098 0.6980 0.2275
v -0.818217 1.653215 0.021716 0.9098 0.6980 0.2275
v -0.761344 1.547141 0.286002 0.9098 0.6980 0.2275
v -0.799981 1.477859 0.296354 0.9098 0.6980 0.2275
v -0.831225 1.547141 0.025202 0.9098 0.6980 0.2275
v -0.869862 1.477859 0.035554 0.9098 0.6980 0.2275
v -0.803170 1.572141 0.297209 0.9098 0.6980 0.2275
v -0.841807 1.502859 0.307562 0.9098 0.6980 0.2275
v -0.873051 1.572141 0.036409 0.9098 0.6980 0.2275
v -0.911688 1.502859 0.046762 0.9098 0.6980 0.2275
v -0.836826 1.396057 0.306227 0.9098 0.6980 0.2275
v -0.863256 1.320882 0.313309 0.9098 0.6980 0.2275
v -0.906707 1.396057 0.045427 0.9098 0.6980 0.2275
v -0.933137 1.320882 0.052509 0.9098 0.6980 0.2275
v -0.882210 1.413158 0.318387 0.9098 0.6980 0.2275
v -0.908639 1.337983 0.325469 0.9098 0.6980 0.2275
v -0.952091 1.413158 0.057588 0.9098 0.6980 0.2275
v -0.978520 1.337983 0.064669 0.9098 0.6980 0.2275
v -0.885820 1.233699 0.319355 0.9098 0.6980 0.2275
v -0.899239 1.154915 0.322950 0.9098 0.6980 0.2275
v -0.955701 1.233699 0.058555 0.9098 0.6980 0.2275
v -0.969120 1.154915 0.062150 0.9098 0.6980 0.2275
v -0.933383 1.242382 0.332099 0.9098 0.6980 0.2275
v -0.946801 1.163597 0.335695 0.9098 0.6980 0.2275
v -1.003264 1.242382 0.071299 0.9098 0.6980 0.2275
v -1.016682 1.163597 0.074895 0.9098 0.6980 0.2275
v -0.906837 1.065000 0.324986 0.9098 0.6980 0.2275
v -0.906837 0.985000 0.324986 0.9098 0.6980 0.2275
v -0.976718 1.065000 0.064186 0.9098 0.6980 0.2275
v -0.976718 0.985000 0.064186 0.9098 0.6980 0.2275
v -0.955133 1.065000 0.337927 0.9098 0.6980 0.2275
v -0.955133 0.985000 0.337927 0.9098 0.6980 0.2275
v -1.025015 1.065000 0.077127 0.9098 0.6980 0.2275
v -1.025015 0.985000 0.077127 0.9098 0.6980 0.2275
v -0.899239 0.895085 0.322950 0.9098 0.6980 0.2275
v -0.885820 0.816301 0.319355 0.9098 0.6980 0.2275
v -0.969120 0.895085 0.062150 0.9098 0.6980 0.2275
v -0.955701 0.816301 0.058555 0.9098 0.6980 0.2275
v -0.946801 0.886403 0.335695 0.9098 0.6980 0.2275
v -0.933383 0.807618 0.332099 0.9098 0.6980 0.2275
v -1.016682 0.886403 0.074895 0.9098 0.6980 0.2275
v -1.003264 0.807618 0.071299 0.9098 0.6980 0.2275
v -0.863256 0.729118 0.313309 0.9098 0.6980 0.2275
v -0.836826 0.653943 0.306227 0.9098 0.6980 0.2275
v -0.933137 0.729118 0.052509 0.9098 0.6980 0.2275
v -0.906707 0.653943 0.045427 0.9098 0.6980 0.2275
v -0.908639 0.712017 0.325469 0.9098 0.6980 0.2275
v -0.882210 0.636842 0.318387 0.9098 0.6980 0.2275
v -0.978520 0.712017 0.064669 0.9098 0.6980 0.2275
v -0.952091 0.636842 0.057588 0.9098 0.6980 0.2275
v -0.799981 0.572141 0.296354 0.9098 0.6980 0.2275
v -0.761344 0.502859 0.286002 0.9098 0.6980 0.2275
v -0.869862 0.572141 0.035554 0.9098 0.6980 0.2275
v -0.831225 0.502859 0.025202 0.9098 0.6980 0.2275
v -0.841807 0.547141 0.307562 0.9098 0.6980 0.2275
v -0.803170 0.477859 0.297209 0.9098 0.6980 0.2275
v -0.911688 0.547141 0.046762 0.9098 0.6980 0.2275
v -0.873051 0.477859 0.036409 0.9098 0.6980 0.2275
v -0.711338 0.428924 0.272603 0.9098 0.6980 0.2275
v -0.661668 0.367640 0.259293 0.9098 0.6980 0.2275
v -0.781219 0.428924 0.011803 0.9098 0.6980 0.2275
v -0.731549 0.367640 -0.001507 0.9098 0.6980 0.2275
v -0.748335 0.396784 0.282516 0.9098 0.6980 0.2275
v -0.698665 0.335501 0.269207 0.9098 0.6980 0.2275
v -0.818217 0.396784 0.021716 0.9098 0.6980 0.2275
v -0.768546 0.335501 0.008407 0.9098 0.6980 0.2275
v -0.600020 0.303818 0.242775 0.9098 0.6980 0.2275
v -0.540825 0.252395 0.226914 0.9098 0.6980 0.2275
v -0.669901 0.303818 -0.018025 0.9098 0.6980 0.2275
v -0.610706 0.252395 -0.033886 0.9098 0.6980 0.2275
v -0.631064 0.265516 0.251093 0.9098 0.6980 0.2275
v -0.571869 0.214093 0.235232 0.9098 0.6980 0.2275
v -0.700945 0.265516 -0.009707 0.9098 0.6980 0.2275
v -0.641750 0.214093 -0.025568 0.9098 0.6980 0.2275
v -0.469409 0.200625 0.207778 0.9098 0.6980 0.2275
v -0.402488 0.160625 0.189846 0.9098 0.6980 0.2275
v -0.539290 0.200625 -0.053022 0.9098 0.6980 0.2275
v -0.472369 0.160625 -0.070954 0.9098 0.6980 0.2275
v -0.493557 0.157324 0.214248 0.9098 0.6980 0.2275
v -0.426636 0.117324 0.196317 0.9098 0.6980 0.2275
v -0.563438 0.157324 -0.046552 0.9098 0.6980 0.2275
v -0.496517 0.117324 -0.064483 0.9098 0.6980 0.2275
v -0.323473 0.122481 0.168674 0.9098 0.6980 0.2275
v -0.250859 0.095119 0.149218 0.9098 0.6980 0.2275
v -0.393354 0.122481 -0.092126 0.9098 0.6980 0.2275
v -0.320741 0.095119 -0.111582 0.9098 0.6980 0.2275
v -0.339992 0.075496 0.173101 0.9098 0.6980 0.2275
v -0.267378 0.048134 0.153644 0.9098 0.6980 0.2275
v -0.409873 0.075496 -0.087699 0.9098 0.6980 0.2275
v -0.337259 0.048134 -0.107156 0.9098 0.6980 0.2275
v -0.166647 0.071758 0.126653 0.9098 0.6980 0.2275
v -0.090547 0.057867 0.106262 0.9098 0.6980 0.2275
v -0.236529 0.071758 -0.134147 0.9098 0.6980 0.2275
v -0.160429 0.057867 -0.154538 0.9098 0.6980 0.2275
v -0.175034 0.022518 0.128900 0.9098 0.6980 0.2275
v -0.098934 0.008626 0.108509 0.9098 0.6980 0.2275
v -0.244915 0.022518 -0.131900 0.9098 0.6980 0.2275
v -0.168815 0.008626 -0.152291 0.9098 0.6980 0.2275
v -0.003696 0.050000 0.082990 0.9098 0.6980 0.2275
v 0.073578 0.050000 0.062285 0.9098 0.6980 0.2275
v -0.073578 0.050000 -0.177809 0.9098 0.6980 0.2275
v 0.003696 0.050000 -0.198515 0.9098 0.6980 0.2275
v -0.003696 0.000000 0.082990 0.9098 0.6980 0.2275
v 0.073578 0.000000 0.062285 0.9098 0.6980 0.2275
v -0.073578 0.000000 -0.177809 0.9098 0.6980 0.2275
v 0.003696 0.000000 -0.198515 0.9098 0.6980 0.2275
v 0.160429 0.057867 0.039013 0.9098 0.6980 0.2275
v 0.236529 0.071758 0.018622 0.9098 0.6980 0.2275
v 0.090547 0.057867 -0.221787 0.9098 0.6980 0.2275
v 0.166647 0.071758 -0.242178 0.9098 0.6980 0.2275
v 0.168815 0.008626 0.036766 0.9098 0.6980 0.2275
v 0.244915 0.022518 0.016375 0.9098 0.6980 0.2275
v 0.098934 0.008626 -0.224034 0.9098 0.6980 0.2275
v 0.175034 0.022518 -0.244425 0.9098 0.6980 0.2275
v 0.320741 0.095119 -0.003942 0.9098 0.6980 0.2275
v 0.393354 0.122480 -0.023399 0.9098 0.6980 0.2275
v 0.250859 0.095119 -0.264742 0.9098 0.6980 0.2275
v 0.323473 0.122480 -0.284199 0.9098 0.6980 0.2275
v 0.337259 0.048134 -0.008368 0.9098 0.6980 0.2275
v 0.409873 0.075496 -0.027825 0.9098 0.6980 0.2275
v 0.267378 0.048134 -0.269168 0.9098 0.6980 0.2275
v 0.339992 0.075496 -0.288625 0.9098 0.6980 0.2275
v 0.472369 0.160625 -0.044571 0.9098 0.6980 0.2275
v 0.539290 0.200625 -0.062502 0.9098 0.6980 0.2275
v 0.402488 0.160625 -0.305371 0.9098 0.6980 0.2275
v 0.469409 0.200625 -0.323302 0.9098 0.6980 0.2275
v 0.496517 0.117324 -0.051041 0.9098 0.6980 0.2275
v 0.563438 0.157324 -0.068973 0.9098 0.6980 0.2275
v 0.426636 0.117324 -0.311841 0.9098 0.6980 0.2275
v 0.493557 0.157324 -0.329773 0.9098 0.6980 0.2275
v 0.610706 0.252395 -0.081638 0.9098 0.6980 0.2275
v 0.669901 0.303818 -0.097499 0.9098 0.6980 0.2275
v 0.540825 0.252395 -0.342438 0.9098 0.6980 0.2275
v 0.600020 0.303818 -0.358299 0.9098 0.6980 0.2275
v 0.641750 0.214093 -0.089956 0.9098 0.6980 0.2275
v 0.700945 0.265516 -0.105818 0.9098 0.6980 0.2275
v 0.571869 0.214093 -0.350756 0.9098 0.6980 0.2275
v 0.631064 0.265516 -0.366618 0.9098 0.6980 0.2275
v 0.731549 0.367640 -0.114018 0.9098 0.6980 0.2275
v 0.781219 0.428924 -0.127327 0.9098 0.6980 0.2275
v 0.661668 0.367640 -0.374818 0.9098 0.6980 0.2275
v 0.711338 0.428924 -0.388127 0.9098 0.6980 0.2275
v 0.768546 0.335501 -0.123931 0.9098 0.6980 0.2275
v 0.818217 0.396784 -0.137240 0.9098 0.6980 0.2275
v 0.698665 0.335501 -0.384731 0.9098 0.6980 0.2275
v 0.748335 0.396784 -0.398040 0.9098 0.6980 0.2275
v 0.831225 0.502859 -0.140726 0.9098 0.6980 0.2275
v 0.869862 0.572141 -0.151079 0.9098 0.6980 0.2275
v 0.761344 0.502859 -0.401526 0.9098 0.6980 0.2275
v 0.799981 0.572141 -0.411879 0.9098 0.6980 0.2275
v 0.873051 0.477859 -0.151933 0.9098 0.6980 0.2275
v 0.911688 0.547141 -0.162286 0.9098 0.6980 0.2275
v 0.803170 0.477859 -0.412733 0.9098 0.6980 0.2275
v 0.841807 0.547141 -0.423086 0.9098 0.6980 0.2275
v 0.906707 0.653943 -0.160952 0.9098 0.6980 0.2275
v 0.933137 0.729118 -0.168033 0.9098 0.6980 0.2275
v 0.836826 0.653943 -0.421751 0.9098 0.6980 0.2275
v 0.863256 0.729118 -0.428833 0.9098 0.6980 0.2275
v 0.952091 0.636842 -0.173112 0.9098 0.6980 0.2275
v 0.978520 0.712017 -0.180194 0.9098 0.6980 0.2275
v 0.882210 0.636842 -0.433912 0.9098 0.6980 0.2275
v 0.908639 0.712017 -0.440994 0.9098 0.6980 0.2275
v 0.955701 0.816301 -0.174079 0.9098 0.6980 0.2275
v 0.969120 0.895085 -0.177675 0.9098 0.6980 0.2275
v 0.885820 0.816301 -0.434879 0.9098 0.6980 0.2275
v 0.899239 0.895085 -0.438475 0.9098 0.6980 0.2275
v 1.003264 0.807618 -0.186824 0.9098 0.6980 0.2275
v 1.016682 0.886403 -0.190419 0.9098 0.6980 0.2275
v 0.933383 0.807618 -0.447624 0.9098 0.6980 0.2275
v 0.946801 0.886403 -0.451219 0.9098 0.6980 0.2275
v -0.394315 0.648847 0.343983 0.9098 0.7216 0.4196
v -0.399920 0.681883 0.289372 0.9098 0.7216 0.4196
v -0.409399 0.713216 0.310449 0.9098 0.7216 0.4196
v -0.402863 0.718754 0.344817 0.9098 0.7216 0.4196
v -0.383372 0.695905 0.376395 0.9098 0.7216 0.4196
v -0.360045 0.655362 0.390407 0.9098 0.7216 0.4196
v -0.343796 0.616093 0.380297 0.9098 0.7216 0.4196
v -0.342230 0.596475 0.350796 0.9098 0.7216 0.4196
v -0.356079 0.605686 0.315706 0.9098 0.7216 0.4196
v -0.378863 0.639416 0.291449 0.9098 0.7216 0.4196
v -0.365742 0.724548 0.239137 0.9098 0.7216 0.4196
v -0.382159 0.778818 0.275643 0.9098 0.7216 0.4196
v -0.370840 0.788410 0.335170 0.9098 0.7216 0.4196
v -0.337079 0.748835 0.389865 0.9098 0.7216 0.4196
v -0.296675 0.678611 0.414135 0.9098 0.7216 0.4196
v -0.268532 0.610596 0.396623 0.9098 0.7216 0.4196
v -0.265820 0.576616 0.345525 0.9098 0.7216 0.4196
v -0.289807 0.592570 0.284749 0.9098 0.7216 0.4196
v -0.329269 0.650993 0.242733 0.9098 0.7216 0.4196
v -0.300938 0.765409 0.206737 0.9098 0.7216 0.4196
v -0.319895 0.828075 0.248891 0.9098 0.7216 0.4196
v -0.306824 0.839151 0.317627 0.9098 0.7216 0.4196
v -0.267841 0.793454 0.380783 0.9098 0.7216 0.4196
v -0.221186 0.712366 0.408807 0.9098 0.7216 0.4196
v -0.188690 0.633830 0.388587 0.9098 0.7216 0.4196
v -0.185558 0.594593 0.329584 0.9098 0.7216 0.4196
v -0.213255 0.613014 0.259406 0.9098 0.7216 0.4196
v -0.258822 0.680475 0.210890 0.9098 0.7216 0.4196
v 0.461033 1.133256 0.002568 0.9098 0.7216 0.4196
v 0.442076 1.195922 0.044722 0.9098 0.7216 0.4196
v 0.455147 1.206998 0.113458 0.9098 0.7216 0.4196
v 0.494130 1.161301 0.176614 0.9098 0.7216 0.4196
v 0.540785 1.080213 0.204638 0.9098 0.7216 0.4196
v 0.573281 1.001677 0.184418 0.9098 0.7216 0.4196
v 0.576413 0.962439 0.125414 0.9098 0.7216 0.4196
v 0.548715 0.980861 0.055236 0.9098 0.7216 0.4196
v 0.503148 1.048322 0.006720 0.9098 0.7216 0.4196
v 0.539099 1.161366 -0.003314 0.9098 0.7216 0.4196
v 0.522681 1.215636 0.033192 0.9098 0.7216 0.4196
v 0.534001 1.225228 0.092719 0.9098 0.7216 0.4196
v 0.567761 1.185653 0.147414 0.9098 0.7216 0.4196
v 0.608165 1.115429 0.171683 0.9098 0.7216 0.4196
v 0.636308 1.047415 0.154172 0.9098 0.7216 0.4196
v 0.639020 1.013434 0.103074 0.9098 0.7216 0.4196
v 0.615034 1.029388 0.042298 0.9098 0.7216 0.4196
v 0.575572 1.087811 0.000282 0.9098 0.7216 0.4196
v 0.609508 1.169192 0.018897 0.9098 0.7216 0.4196
v 0.600029 1.200525 0.039974 0.9098 0.7216 0.4196
v 0.606565 1.206063 0.074342 0.9098 0.7216 0.4196
v 0.626056 1.183214 0.105920 0.9098 0.7216 0.4196
v 0.649384 1.142670 0.119932 0.9098 0.7216 0.4196
v 0.665632 1.103402 0.109822 0.9098 0.7216 0.4196
v 0.667198 1.083783 0.080320 0.9098 0.7216 0.4196
v 0.653349 1.092994 0.045231 0.9098 0.7216 0.4196
v 0.630566 1.126725 0.020973 0.9098 0.7216 0.4196
v 0.653395 1.154637 0.063250 0.9098 0.7216 0.4196
v -0.505350 0.895363 0.373735 0.9098 0.7216 0.4196
v -0.489520 0.880808 0.313380 0.9098 0.7216 0.4196
v -0.506718 0.923275 0.325707 0.9098 0.7216 0.4196
v -0.514320 0.957006 0.358107 0.9098 0.7216 0.4196
v -0.508769 0.966217 0.395419 0.9098 0.7216 0.4196
v -0.492662 0.946598 0.420186 0.9098 0.7216 0.4196
v -0.473536 0.907330 0.420817 0.9098 0.7216 0.4196
v -0.460340 0.866786 0.397019 0.9098 0.7216 0.4196
v -0.459248 0.843937 0.359926 0.9098 0.7216 0.4196
v -0.470772 0.849475 0.326894 0.9098 0.7216 0.4196
v -0.439649 0.888634 0.258940 0.9098 0.7216 0.4196
v -0.469438 0.962189 0.280291 0.9098 0.7216 0.4196
v -0.482605 1.020612 0.336409 0.9098 0.7216 0.4196
v -0.472990 1.036566 0.401036 0.9098 0.7216 0.4196
v -0.445092 1.002585 0.443932 0.9098 0.7216 0.4196
v -0.411964 0.934571 0.445026 0.9098 0.7216 0.4196
v -0.389108 0.864347 0.403806 0.9098 0.7216 0.4196
v -0.387218 0.824772 0.339559 0.9098 0.7216 0.4196
v -0.407178 0.834364 0.282347 0.9098 0.7216 0.4196
v -0.369101 0.916744 0.225002 0.9098 0.7216 0.4196
v -0.403498 1.001678 0.249656 0.9098 0.7216 0.4196
v -0.418702 1.069139 0.314455 0.9098 0.7216 0.4196
v -0.407600 1.087560 0.389080 0.9098 0.7216 0.4196
v -0.375386 1.048323 0.438612 0.9098 0.7216 0.4196
v -0.337133 0.969787 0.439875 0.9098 0.7216 0.4196
v -0.310741 0.888699 0.392278 0.9098 0.7216 0.4196
v -0.308559 0.843002 0.318092 0.9098 0.7216 0.4196
v -0.331607 0.854078 0.252029 0.9098 0.7216 0.4196
v 0.392869 1.284591 0.020832 0.9098 0.7216 0.4196
v 0.358473 1.369525 0.045486 0.9098 0.7216 0.4196
v 0.343269 1.436986 0.110285 0.9098 0.7216 0.4196
v 0.354371 1.455407 0.184910 0.9098 0.7216 0.4196
v 0.386585 1.416170 0.234443 0.9098 0.7216 0.4196
v 0.424838 1.337634 0.235706 0.9098 0.7216 0.4196
v 0.451230 1.256546 0.188109 0.9098 0.7216 0.4196
v 0.453412 1.210849 0.113922 0.9098 0.7216 0.4196
v 0.430364 1.221924 0.047860 0.9098 0.7216 0.4196
v 0.465191 1.325452 0.016489 0.9098 0.7216 0.4196
v 0.435403 1.399007 0.037840 0.9098 0.7216 0.4196
v 0.422236 1.457430 0.093958 0.9098 0.7216 0.4196
v 0.431850 1.473384 0.158585 0.9098 0.7216 0.4196
v 0.459749 1.439404 0.201481 0.9098 0.7216 0.4196
v 0.492876 1.371389 0.202575 0.9098 0.7216 0.4196
v 0.515733 1.301165 0.161355 0.9098 0.7216 0.4196
v 0.517623 1.261590 0.097108 0.9098 0.7216 0.4196
v 0.497662 1.271182 0.039896 0.9098 0.7216 0.4196
v 0.519908 1.368117 0.042905 0.9098 0.7216 0.4196
v 0.502710 1.410584 0.055232 0.9098 0.7216 0.4196
v 0.495108 1.444314 0.087632 0.9098 0.7216 0.4196
v 0.500659 1.453525 0.124944 0.9098 0.7216 0.4196
v 0.516766 1.433907 0.149710 0.9098 0.7216 0.4196
v 0.535892 1.394638 0.150342 0.9098 0.7216 0.4196
v 0.549089 1.354095 0.126543 0.9098 0.7216 0.4196
v 0.550180 1.331246 0.089450 0.9098 0.7216 0.4196
v 0.538656 1.336784 0.056419 0.9098 0.7216 0.4196
v 0.542360 1.401153 0.093002 0.9098 0.7216 0.4196
v -0.454233 0.777853 0.294816 0.9098 0.7216 0.4196
v -0.442665 0.786323 0.267801 0.9098 0.7216 0.4196
v -0.465801 0.840793 0.279595 0.9098 0.7216 0.4196
v -0.475313 0.869776 0.296311 0.9098 0.7216 0.4196
v -0.466752 0.859710 0.310128 0.9098 0.7216 0.4196
v -0.444123 0.815306 0.314579 0.9098 0.7216 0.4196
v -0.418014 0.757340 0.307584 0.9098 0.7216 0.4196
v -0.400643 0.712936 0.292414 0.9098 0.7216 0.4196
v -0.400136 0.702871 0.276168 0.9098 0.7216 0.4196
v -0.416732 0.731853 0.266448 0.9098 0.7216 0.4196
v -0.399106 0.809465 0.238623 0.9098 0.7216 0.4196
v -0.439178 0.903809 0.259051 0.9098 0.7216 0.4196
v -0.455654 0.954008 0.288004 0.9098 0.7216 0.4196
v -0.440825 0.936574 0.311934 0.9098 0.7216 0.4196
v -0.401630 0.859664 0.319645 0.9098 0.7216 0.4196
v -0.356409 0.759265 0.307528 0.9098 0.7216 0.4196
v -0.326320 0.682355 0.281253 0.9098 0.7216 0.4196
v -0.325444 0.664921 0.253114 0.9098 0.7216 0.4196
v -0.354189 0.715120 0.236278 0.9098 0.7216 0.4196
v -0.335226 0.841076 0.215098 0.9098 0.7216 0.4196
v -0.381497 0.950016 0.238686 0.9098 0.7216 0.4196
v -0.400522 1.007981 0.272118 0.9098 0.7216 0.4196
v -0.383400 0.987850 0.299751 0.9098 0.7216 0.4196
v -0.338141 0.899042 0.308654 0.9098 0.7216 0.4196
v -0.285924 0.783111 0.294663 0.9098 0.7216 0.4196
v -0.251180 0.694303 0.264323 0.9098 0.7216 0.4196
v -0.250168 0.674172 0.231831 0.9098 0.7216 0.4196
v -0.283360 0.732137 0.212391 0.9098 0.7216 0.4196
v 0.426745 1.208923 0.010929 0.9098 0.7216 0.4196
v 0.380474 1.317863 0.034517 0.9098 0.7216 0.4196
v 0.361449 1.375828 0.067949 0.9098 0.7216 0.4196
v 0.378571 1.355697 0.095581 0.9098 0.7216 0.4196
v 0.423830 1.266889 0.104485 0.9098 0.7216 0.4196
v 0.476047 1.150958 0.090493 0.9098 0.7216 0.4196
v 0.510790 1.062150 0.060153 0.9098 0.7216 0.4196
v 0.511803 1.042019 0.027662 0.9098 0.7216 0.4196
v 0.478610 1.099984 0.008221 0.9098 0.7216 0.4196
v 0.493828 1.240535 -0.000638 0.9098 0.7216 0.4196
v 0.453757 1.334880 0.019790 0.9098 0.7216 0.4196
v 0.437281 1.385079 0.048743 0.9098 0.7216 0.4196
v 0.452109 1.367645 0.072673 0.9098 0.7216 0.4196
v 0.491304 1.290735 0.080384 0.9098 0.7216 0.4196
v 0.536526 1.190336 0.068266 0.9098 0.7216 0.4196
v 0.566614 1.113426 0.041991 0.9098 0.7216 0.4196
v 0.567491 1.095991 0.013853 0.9098 0.7216 0.4196
v 0.538746 1.146191 -0.002983 0.9098 0.7216 0.4196
v 0.546141 1.263677 0.002851 0.9098 0.7216 0.4196
v 0.523006 1.318146 0.014645 0.9098 0.7216 0.4196
v 0.513493 1.347129 0.031361 0.9098 0.7216 0.4196
v 0.522055 1.337064 0.045178 0.9098 0.7216 0.4196
v 0.544684 1.292660 0.049629 0.9098 0.7216 0.4196
v 0.570792 1.234694 0.042634 0.9098 0.7216 0.4196
v 0.588164 1.190290 0.027464 0.9098 0.7216 0.4196
v 0.588670 1.180224 0.011218 0.9098 0.7216 0.4196
v 0.572074 1.209207 0.001498 0.9098 0.7216 0.4196
v 0.569666 1.272147 0.020463 0.9098 0.7216 0.4196
v -0.425503 0.786474 0.330599 1.0000 0.9647 0.8980
v -0.417617 0.792249 0.312180 1.0000 0.9647 0.8980
v -0.436736 0.836816 0.321118 1.0000 0.9647 0.8980
v -0.445002 0.860529 0.332993 1.0000 0.9647 0.8980
v -0.438547 0.852293 0.342247 1.0000 0.9647 0.8980
v -0.420391 0.815963 0.344552 1.0000 0.9647 0.8980
v -0.399029 0.768536 0.338828 1.0000 0.9647 0.8980
v -0.384457 0.732206 0.327754 1.0000 0.9647 0.8980
v -0.383494 0.723970 0.316511 1.0000 0.9647 0.8980
v -0.396590 0.747683 0.310361 1.0000 0.9647 0.8980
v -0.387917 0.808028 0.292286 1.0000 0.9647 0.8980
v -0.421034 0.885219 0.307767 1.0000 0.9647 0.8980
v -0.435351 0.926291 0.328334 1.0000 0.9647 0.8980
v -0.424169 0.912027 0.344363 1.0000 0.9647 0.8980
v -0.392722 0.849100 0.348354 1.0000 0.9647 0.8980
v -0.355722 0.766955 0.338440 1.0000 0.9647 0.8980
v -0.330483 0.704029 0.319260 1.0000 0.9647 0.8980
v -0.328815 0.689765 0.299787 1.0000 0.9647 0.8980
v -0.351497 0.730837 0.289135 1.0000 0.9647 0.8980
v -0.344363 0.829581 0.276246 1.0000 0.9647 0.8980
v -0.382602 0.918714 0.294122 1.0000 0.9647 0.8980
v -0.399134 0.966140 0.317871 1.0000 0.9647 0.8980
v -0.386223 0.949669 0.336380 1.0000 0.9647 0.8980
v -0.349911 0.877008 0.340989 1.0000 0.9647 0.8980
v -0.307187 0.782155 0.329541 1.0000 0.9647 0.8980
v -0.278044 0.709494 0.307393 1.0000 0.9647 0.8980
v -0.276117 0.693023 0.284908 1.0000 0.9647 0.8980
v -0.302309 0.740449 0.272608 1.0000 0.9647 0.8980
v 0.465231 1.220419 0.059316 1.0000 0.9647 0.8980
v 0.426992 1.309551 0.077192 1.0000 0.9647 0.8980
v 0.410460 1.356977 0.100941 1.0000 0.9647 0.8980
v 0.423371 1.340506 0.119450 1.0000 0.9647 0.8980
v 0.459684 1.267845 0.124059 1.0000 0.9647 0.8980
v 0.502407 1.172992 0.112611 1.0000 0.9647 0.8980
v 0.531550 1.100331 0.090463 1.0000 0.9647 0.8980
v 0.533477 1.083860 0.067978 1.0000 0.9647 0.8980
v 0.507285 1.131287 0.055678 1.0000 0.9647 0.8980
v 0.510970 1.241972 0.051430 1.0000 0.9647 0.8980
v 0.477854 1.319163 0.066911 1.0000 0.9647 0.8980
v 0.463537 1.360235 0.087477 1.0000 0.9647 0.8980
v 0.474718 1.345971 0.103507 1.0000 0.9647 0.8980
v 0.506166 1.283044 0.107498 1.0000 0.9647 0.8980
v 0.543165 1.200900 0.097584 1.0000 0.9647 0.8980
v 0.568404 1.137973 0.078404 1.0000 0.9647 0.8980
v 0.570073 1.123709 0.058931 1.0000 0.9647 0.8980
v 0.547390 1.164781 0.048278 1.0000 0.9647 0.8980
v 0.546638 1.257751 0.053809 1.0000 0.9647 0.8980
v 0.527518 1.302317 0.062747 1.0000 0.9647 0.8980
v 0.519252 1.326030 0.074621 1.0000 0.9647 0.8980
v 0.525708 1.317794 0.083876 1.0000 0.9647 0.8980
v 0.543864 1.281464 0.086180 1.0000 0.9647 0.8980
v 0.565226 1.234037 0.080456 1.0000 0.9647 0.8980
v 0.579797 1.197707 0.069382 1.0000 0.9647 0.8980
v 0.580761 1.189471 0.058140 1.0000 0.9647 0.8980
v 0.567665 1.213184 0.051990 1.0000 0.9647 0.8980
v 0.562678 1.263526 0.065817 1.0000 0.9647 0.8980
v -0.508585 0.737620 0.425330 0.7098 0.3294 0.2275
v -0.501693 0.745320 0.387249 0.7098 0.3294 0.2275
v -0.517417 0.784934 0.399939 0.7098 0.3294 0.2275
v -0.521545 0.806013 0.422511 0.7098 0.3294 0.2275
v -0.512145 0.798692 0.444402 0.7098 0.3294 0.2275
v -0.493616 0.766398 0.455369 0.7098 0.3294 0.2275
v -0.474628 0.724242 0.450281 0.7098 0.3294 0.2275
v -0.464065 0.691948 0.431519 0.7098 0.3294 0.2275
v -0.466871 0.684627 0.407861 0.7098 0.3294 0.2275
v -0.481731 0.705706 0.390377 0.7098 0.3294 0.2275
v -0.464746 0.766358 0.350823 0.7098 0.3294 0.2275
v -0.491981 0.834972 0.372804 0.7098 0.3294 0.2275
v -0.499130 0.871480 0.411899 0.7098 0.3294 0.2275
v -0.482850 0.858801 0.449815 0.7098 0.3294 0.2275
v -0.450757 0.802866 0.468811 0.7098 0.3294 0.2275
v -0.417868 0.729849 0.459998 0.7098 0.3294 0.2275
v -0.399573 0.673914 0.427501 0.7098 0.3294 0.2275
v -0.404432 0.661235 0.386524 0.7098 0.3294 0.2275
v -0.430171 0.697744 0.356242 0.7098 0.3294 0.2275
v -0.407645 0.795096 0.325814 0.7098 0.3294 0.2275
v -0.439092 0.874324 0.351195 0.7098 0.3294 0.2275
v -0.447348 0.916481 0.396338 0.7098 0.3294 0.2275
v -0.428548 0.901840 0.440119 0.7098 0.3294 0.2275
v -0.391491 0.837252 0.462054 0.7098 0.3294 0.2275
v -0.353515 0.752939 0.451878 0.7098 0.3294 0.2275
v -0.332389 0.688351 0.414353 0.7098 0.3294 0.2275
v -0.337999 0.673710 0.367038 0.7098 0.3294 0.2275
v -0.367720 0.715867 0.332071 0.7098 0.3294 0.2275
v 0.544819 1.254904 0.070602 0.7098 0.3294 0.2275
v 0.513371 1.334133 0.095983 0.7098 0.3294 0.2275
v 0.505116 1.376290 0.141126 0.7098 0.3294 0.2275
v 0.523915 1.361649 0.184907 0.7098 0.3294 0.2275
v 0.560973 1.297061 0.206842 0.7098 0.3294 0.2275
v 0.598949 1.212748 0.196666 0.7098 0.3294 0.2275
v 0.620074 1.148160 0.159141 0.7098 0.3294 0.2275
v 0.614464 1.133519 0.111826 0.7098 0.3294 0.2275
v 0.584743 1.175676 0.076859 0.7098 0.3294 0.2275
v 0.606775 1.283642 0.063710 0.7098 0.3294 0.2275
v 0.579541 1.352256 0.085691 0.7098 0.3294 0.2275
v 0.572391 1.388765 0.124785 0.7098 0.3294 0.2275
v 0.588672 1.376086 0.162701 0.7098 0.3294 0.2275
v 0.620765 1.320151 0.181697 0.7098 0.3294 0.2275
v 0.653653 1.247134 0.172885 0.7098 0.3294 0.2275
v 0.671948 1.191199 0.140387 0.7098 0.3294 0.2275
v 0.667090 1.178520 0.099411 0.7098 0.3294 0.2275
v 0.641351 1.215028 0.069129 0.7098 0.3294 0.2275
v 0.656985 1.304680 0.076782 0.7098 0.3294 0.2275
v 0.641261 1.344294 0.089473 0.7098 0.3294 0.2275
v 0.637133 1.365373 0.112044 0.7098 0.3294 0.2275
v 0.646533 1.358052 0.133935 0.7098 0.3294 0.2275
v 0.665062 1.325758 0.144902 0.7098 0.3294 0.2275
v 0.684050 1.283602 0.139814 0.7098 0.3294 0.2275
v 0.694613 1.251308 0.121052 0.7098 0.3294 0.2275
v 0.691807 1.243987 0.097394 0.7098 0.3294 0.2275
v 0.676947 1.265066 0.079910 0.7098 0.3294 0.2275
v 0.681994 1.312380 0.106315 0.7098 0.3294 0.2275
v 0.531282 1.218025 0.232129 0.8470 0.2275 0.1804
v 0.538698 1.199128 0.230110 0.8470 0.2275 0.1804
v 0.539921 1.189680 0.220353 0.8470 0.2275 0.1804
v 0.533727 1.199128 0.212615 0.8470 0.2275 0.1804
v 0.526310 1.218024 0.214634 0.8470 0.2275 0.1804
v 0.525088 1.227473 0.224391 0.8470 0.2275 0.1804
v -0.322568 0.850824 0.460902 0.8470 0.2275 0.1804
v -0.315143 0.831928 0.458912 0.8470 0.2275 0.1804
v -0.313671 0.822527 0.449104 0.8470 0.2275 0.1804
v -0.319623 0.832023 0.441285 0.8470 0.2275 0.1804
v -0.327047 0.850920 0.443274 0.8470 0.2275 0.1804
v -0.328520 0.860320 0.453083 0.8470 0.2275 0.1804
v -0.286584 0.865957 0.451414 0.8470 0.2275 0.1804
v -0.279783 0.846810 0.449588 0.8470 0.2275 0.1804
v -0.278569 0.837307 0.439848 0.8470 0.2275 0.1804
v -0.284155 0.846949 0.431933 0.8470 0.2275 0.1804
v -0.290956 0.866096 0.433758 0.8470 0.2275 0.1804
v -0.292170 0.875599 0.443499 0.8470 0.2275 0.1804
v -0.249205 0.878693 0.441700 0.8470 0.2275 0.1804
v -0.243504 0.859166 0.440161 0.8470 0.2275 0.1804
v -0.242795 0.849487 0.430553 0.8470 0.2275 0.1804
v -0.247786 0.859336 0.422482 0.8470 0.2275 0.1804
v -0.253487 0.878863 0.424021 0.8470 0.2275 0.1804
v -0.254196 0.888541 0.433629 0.8470 0.2275 0.1804
v -0.211078 0.889546 0.431759 0.8470 0.2275 0.1804
v -0.206086 0.869813 0.430406 0.8470 0.2275 0.1804
v -0.205811 0.860008 0.420911 0.8470 0.2275 0.1804
v -0.210526 0.869937 0.412768 0.8470 0.2275 0.1804
v -0.215518 0.889670 0.414121 0.8470 0.2275 0.1804
v -0.215793 0.899475 0.423616 0.8470 0.2275 0.1804
v -0.172749 0.899415 0.421581 0.8470 0.2275 0.1804
v -0.167966 0.879626 0.420284 0.8470 0.2275 0.1804
v -0.167953 0.869751 0.410858 0.8470 0.2275 0.1804
v -0.172722 0.879666 0.402730 0.8470 0.2275 0.1804
v -0.177504 0.899455 0.404027 0.8470 0.2275 0.1804
v -0.177518 0.909329 0.413453 0.8470 0.2275 0.1804
v -0.134804 0.909325 0.411274 0.8470 0.2275 0.1804
v -0.129701 0.889622 0.409890 0.8470 0.2275 0.1804
v -0.129675 0.879751 0.400461 0.8470 0.2275 0.1804
v -0.134752 0.889583 0.392416 0.8470 0.2275 0.1804
v -0.139856 0.909285 0.393800 0.8470 0.2275 0.1804
v -0.139882 0.919156 0.403229 0.8470 0.2275 0.1804
v -0.097745 0.920275 0.401053 0.8470 0.2275 0.1804
v -0.091839 0.900815 0.399449 0.8470 0.2275 0.1804
v -0.091467 0.891048 0.389925 0.8470 0.2275 0.1804
v -0.097002 0.900742 0.382006 0.8470 0.2275 0.1804
v -0.102908 0.920202 0.383610 0.8470 0.2275 0.1804
v -0.103280 0.929968 0.393134 0.8470 0.2275 0.1804
v -0.061884 0.933093 0.391169 0.8470 0.2275 0.1804
v -0.054818 0.914053 0.389246 0.8470 0.2275 0.1804
v -0.053800 0.904521 0.379544 0.8470 0.2275 0.1804
v -0.059847 0.914029 0.371766 0.8470 0.2275 0.1804
v -0.066913 0.933069 0.373689 0.8470 0.2275 0.1804
v -0.067932 0.942601 0.383391 0.8470 0.2275 0.1804
v -0.027295 0.948346 0.381798 0.8470 0.2275 0.1804
v -0.018904 0.929893 0.379516 0.8470 0.2275 0.1804
v -0.017075 0.920719 0.369595 0.8470 0.2275 0.1804
v -0.023638 0.929999 0.361956 0.8470 0.2275 0.1804
v -0.032029 0.948452 0.364238 0.8470 0.2275 0.1804
v -0.033858 0.957626 0.374159 0.8470 0.2275 0.1804
v 0.006155 0.966286 0.372962 0.8470 0.2275 0.1804
v 0.015818 0.948511 0.370343 0.8470 0.2275 0.1804
v 0.018420 0.939750 0.360218 0.8470 0.2275 0.1804
v 0.011359 0.948764 0.352711 0.8470 0.2275 0.1804
v 0.001696 0.966538 0.355329 0.8470 0.2275 0.1804
v -0.000906 0.975299 0.365455 0.8470 0.2275 0.1804
v 0.038723 0.986803 0.364521 0.8470 0.2275 0.1804
v 0.049411 0.969668 0.361635 0.8470 0.2275 0.1804
v 0.052575 0.961258 0.351364 0.8470 0.2275 0.1804
v 0.045052 0.969983 0.343977 0.8470 0.2275 0.1804
v 0.034363 0.987118 0.346862 0.8470 0.2275 0.1804
v 0.031199 0.995527 0.357134 0.8470 0.2275 0.1804
v 0.070720 1.009402 0.356229 0.8470 0.2275 0.1804
v 0.082062 0.992723 0.353173 0.8470 0.2275 0.1804
v 0.085494 0.984500 0.342832 0.8470 0.2275 0.1804
v 0.077584 0.992955 0.335546 0.8470 0.2275 0.1804
v 0.066242 1.009634 0.338601 0.8470 0.2275 0.1804
v 0.062810 1.017857 0.348943 0.8470 0.2275 0.1804
v 0.102494 1.033236 0.347831 0.8470 0.2275 0.1804
v 0.114059 1.016722 0.344717 0.8470 0.2275 0.1804
v 0.117473 1.008486 0.334380 0.8470 0.2275 0.1804
v 0.109323 1.016764 0.327158 0.8470 0.2275 0.1804
v 0.097758 1.033278 0.330272 0.8470 0.2275 0.1804
v 0.094344 1.041514 0.340609 0.8470 0.2275 0.1804
v 0.134433 1.057236 0.339156 0.8470 0.2275 0.1804
v 0.145775 1.040556 0.336102 0.8470 0.2275 0.1804
v 0.148949 1.032142 0.325830 0.8470 0.2275 0.1804
v 0.140781 1.040407 0.318613 0.8470 0.2275 0.1804
v 0.129440 1.057087 0.321667 0.8470 0.2275 0.1804
v 0.126265 1.065501 0.331939 0.8470 0.2275 0.1804
v 0.166939 1.080289 0.330160 0.8470 0.2275 0.1804
v 0.177629 1.063154 0.327285 0.8470 0.2275 0.1804
v 0.180421 1.054472 0.317119 0.8470 0.2275 0.1804
v 0.172522 1.062925 0.309827 0.8470 0.2275 0.1804
v 0.161831 1.080060 0.312702 0.8470 0.2275 0.1804
v 0.159040 1.088742 0.322868 0.8470 0.2275 0.1804
v 0.200383 1.101444 0.320905 0.8470 0.2275 0.1804
v 0.210052 1.083670 0.318312 0.8470 0.2275 0.1804
v 0.212385 1.074700 0.308272 0.8470 0.2275 0.1804
v 0.205049 1.083506 0.300825 0.8470 0.2275 0.1804
v 0.195379 1.101281 0.303419 0.8470 0.2275 0.1804
v 0.193046 1.110250 0.313459 0.8470 0.2275 0.1804
v 0.235035 1.120061 0.311489 0.8470 0.2275 0.1804
v 0.243436 1.101607 0.309240 0.8470 0.2275 0.1804
v 0.245274 1.092374 0.299334 0.8470 0.2275 0.1804
v 0.238713 1.101594 0.291677 0.8470 0.2275 0.1804
v 0.230313 1.120048 0.293926 0.8470 0.2275 0.1804
v 0.228474 1.129281 0.303832 0.8470 0.2275 0.1804
v 0.271000 1.135899 0.301959 0.8470 0.2275 0.1804
v 0.278073 1.116859 0.300062 0.8470 0.2275 0.1804
v 0.279399 1.107399 0.290292 0.8470 0.2275 0.1804
v 0.273652 1.116979 0.282419 0.8470 0.2275 0.1804
v 0.266579 1.136019 0.284316 0.8470 0.2275 0.1804
v 0.265252 1.145479 0.294086 0.8470 0.2275 0.1804
v 0.308159 1.149137 0.292285 0.8470 0.2275 0.1804
v 0.314069 1.129677 0.290692 0.8470 0.2275 0.1804
v 0.314884 1.120032 0.281056 0.8470 0.2275 0.1804
v 0.309789 1.129847 0.273013 0.8470 0.2275 0.1804
v 0.303879 1.149307 0.274606 0.8470 0.2275 0.1804
v 0.303063 1.158952 0.284242 0.8470 0.2275 0.1804
v 0.346166 1.160328 0.282397 0.8470 0.2275 0.1804
v 0.351271 1.140626 0.281015 0.8470 0.2275 0.1804
v 0.351630 1.130844 0.271498 0.8470 0.2275 0.1804
v 0.346884 1.140764 0.263363 0.8470 0.2275 0.1804
v 0.341779 1.160467 0.264746 0.8470 0.2275 0.1804
v 0.341420 1.170249 0.274263 0.8470 0.2275 0.1804
v 0.384502 1.170325 0.272266 0.8470 0.2275 0.1804
v 0.389285 1.150536 0.270969 0.8470 0.2275 0.1804
v 0.389335 1.140671 0.261534 0.8470 0.2275 0.1804
v 0.384602 1.150595 0.253396 0.8470 0.2275 0.1804
v 0.379820 1.170384 0.254693 0.8470 0.2275 0.1804
v 0.379769 1.180249 0.264128 0.8470 0.2275 0.1804
v 0.422577 1.180138 0.261972 0.8470 0.2275 0.1804
v 0.427567 1.160404 0.260618 0.8470 0.2275 0.1804
v 0.427563 1.150525 0.251198 0.8470 0.2275 0.1804
v 0.422569 1.160379 0.243130 0.8470 0.2275 0.1804
v 0.417578 1.180113 0.244484 0.8470 0.2275 0.1804
v 0.417582 1.189992 0.253905 0.8470 0.2275 0.1804
v 0.459861 1.190785 0.251711 0.8470 0.2275 0.1804
v 0.465558 1.171258 0.250164 0.8470 0.2275 0.1804
v 0.465827 1.161459 0.240668 0.8470 0.2275 0.1804
v 0.460399 1.171186 0.232720 0.8470 0.2275 0.1804
v 0.454702 1.190713 0.234267 0.8470 0.2275 0.1804
v 0.454433 1.200513 0.243763 0.8470 0.2275 0.1804
v 0.495996 1.203142 0.241735 0.8470 0.2275 0.1804
v 0.502790 1.183995 0.239886 0.8470 0.2275 0.1804
v 0.503649 1.174401 0.230228 0.8470 0.2275 0.1804
v 0.497714 1.183953 0.222419 0.8470 0.2275 0.1804
v 0.490920 1.203099 0.224268 0.8470 0.2275 0.1804
v 0.490061 1.212693 0.233926 0.8470 0.2275 0.1804
v 0.565959 1.225200 0.232080 0.9490 0.7608 0.1882
v 0.554887 1.205100 0.234883 0.9490 0.7608 0.1882
v 0.547291 1.194999 0.226172 0.9490 0.7608 0.1882
v 0.550767 1.204998 0.214659 0.9490 0.7608 0.1882
v 0.561839 1.225098 0.211856 0.9490 0.7608 0.1882
v 0.569435 1.235199 0.220566 0.9490 0.7608 0.1882
v -0.334326 0.844668 0.473229 0.9490 0.7608 0.1882
v -0.345365 0.824570 0.476188 0.9490 0.7608 0.1882
v -0.354030 0.814803 0.467844 0.9490 0.7608 0.1882
v -0.351656 0.825134 0.456543 0.9490 0.7608 0.1882
v -0.340616 0.845232 0.453585 0.9490 0.7608 0.1882
v -0.331951 0.854998 0.461928 0.9490 0.7608 0.1882
v -0.272686 0.808287 0.455550 0.9490 0.7608 0.1882
v -0.281617 0.787084 0.457822 0.9490 0.7608 0.1882
v -0.291377 0.777891 0.449835 0.9490 0.7608 0.1882
v -0.292206 0.789901 0.439577 0.9490 0.7608 0.1882
v -0.283274 0.811104 0.437305 0.9490 0.7608 0.1882
v -0.273515 0.820297 0.445292 0.9490 0.7608 0.1882
v -0.229313 0.792713 0.435816 0.9490 0.7608 0.1882
v -0.226097 0.769958 0.433915 0.9490 0.7608 0.1882
v -0.229298 0.759927 0.423675 0.9490 0.7608 0.1882
v -0.235714 0.772651 0.415336 0.9490 0.7608 0.1882
v -0.238931 0.795406 0.417237 0.9490 0.7608 0.1882
v -0.235730 0.805437 0.427477 0.9490 0.7608 0.1882
v -0.205789 0.810256 0.431486 0.9490 0.7608 0.1882
v -0.187769 0.796883 0.426017 0.9490 0.7608 0.1882
v -0.180209 0.793672 0.413184 0.9490 0.7608 0.1882
v -0.190670 0.803833 0.405820 0.9490 0.7608 0.1882
v -0.208691 0.817206 0.411288 0.9490 0.7608 0.1882
v -0.216250 0.820417 0.424122 0.9490 0.7608 0.1882
v -0.187495 0.869154 0.434539 0.9490 0.7608 0.1882
v -0.165785 0.863762 0.428699 0.9490 0.7608 0.1882
v -0.157264 0.862630 0.415769 0.9490 0.7608 0.1882
v -0.170453 0.866890 0.408679 0.9490 0.7608 0.1882
v -0.192164 0.872282 0.414520 0.9490 0.7608 0.1882
v -0.200685 0.873414 0.427450 0.9490 0.7608 0.1882
v -0.173635 0.945675 0.427762 0.9490 0.7608 0.1882
v -0.152498 0.938184 0.422134 0.9490 0.7608 0.1882
v -0.145625 0.931031 0.409812 0.9490 0.7608 0.1882
v -0.159888 0.931369 0.403120 0.9490 0.7608 0.1882
v -0.181024 0.938860 0.408748 0.9490 0.7608 0.1882
v -0.187897 0.946013 0.421069 0.9490 0.7608 0.1882
v -0.148988 0.997005 0.412664 0.9490 0.7608 0.1882
v -0.136121 0.978021 0.410228 0.9490 0.7608 0.1882
v -0.132388 0.966504 0.399119 0.9490 0.7608 0.1882
v -0.141521 0.973970 0.390446 0.9490 0.7608 0.1882
v -0.154388 0.992954 0.392882 0.9490 0.7608 0.1882
v -0.158121 1.004472 0.403991 0.9490 0.7608 0.1882
v -0.100983 1.003164 0.404178 0.9490 0.7608 0.1882
v -0.104711 0.980391 0.405499 0.9490 0.7608 0.1882
v -0.105548 0.967830 0.395425 0.9490 0.7608 0.1882
v -0.102657 0.978042 0.384029 0.9490 0.7608 0.1882
v -0.098929 1.000815 0.382708 0.9490 0.7608 0.1882
v -0.098092 1.013376 0.392782 0.9490 0.7608 0.1882
v -0.035344 0.972242 0.394260 0.9490 0.7608 0.1882
v -0.045556 0.951666 0.396871 0.9490 0.7608 0.1882
v -0.052539 0.941187 0.388020 0.9490 0.7608 0.1882
v -0.049309 0.951285 0.376557 0.9490 0.7608 0.1882
v -0.039098 0.971861 0.373946 0.9490 0.7608 0.1882
v -0.032115 0.982340 0.382797 0.9490 0.7608 0.1882
v 0.025981 0.937464 0.373135 0.9490 0.7608 0.1882
v 0.018909 0.915516 0.374756 0.9490 0.7608 0.1882
v 0.009299 0.906184 0.366733 0.9490 0.7608 0.1882
v 0.006761 0.918800 0.357089 0.9490 0.7608 0.1882
v 0.013833 0.940748 0.355468 0.9490 0.7608 0.1882
v 0.023443 0.950080 0.363491 0.9490 0.7608 0.1882
v 0.061842 0.930815 0.356969 0.9490 0.7608 0.1882
v 0.069789 0.909462 0.353592 0.9490 0.7608 0.1882
v 0.070030 0.900520 0.342292 0.9490 0.7608 0.1882
v 0.062325 0.912931 0.334367 0.9490 0.7608 0.1882
v 0.054378 0.934284 0.337744 0.9490 0.7608 0.1882
v 0.054136 0.943226 0.349044 0.9490 0.7608 0.1882
v 0.083373 0.959077 0.356452 0.9490 0.7608 0.1882
v 0.103437 0.949144 0.350712 0.9490 0.7608 0.1882
v 0.112029 0.948073 0.337783 0.9490 0.7608 0.1882
v 0.100558 0.956935 0.330593 0.9490 0.7608 0.1882
v 0.080494 0.966868 0.336333 0.9490 0.7608 0.1882
v 0.071901 0.967940 0.349262 0.9490 0.7608 0.1882
v 0.099900 1.027501 0.358149 0.9490 0.7608 0.1882
v 0.121670 1.022441 0.352234 0.9490 0.7608 0.1882
v 0.129762 1.019940 0.339355 0.9490 0.7608 0.1882
v 0.116084 1.022499 0.332392 0.9490 0.7608 0.1882
v 0.094315 1.027559 0.338307 0.9490 0.7608 0.1882
v 0.086223 1.030061 0.351185 0.9490 0.7608 0.1882
v 0.114921 1.100771 0.347719 0.9490 0.7608 0.1882
v 0.135107 1.090779 0.342513 0.9490 0.7608 0.1882
v 0.141184 1.082001 0.330538 0.9490 0.7608 0.1882
v 0.127075 1.083217 0.323768 0.9490 0.7608 0.1882
v 0.106889 1.093209 0.328973 0.9490 0.7608 0.1882
v 0.100812 1.101986 0.340949 0.9490 0.7608 0.1882
v 0.145349 1.140305 0.333441 0.9490 0.7608 0.1882
v 0.153895 1.118927 0.332235 0.9490 0.7608 0.1882
v 0.156495 1.106749 0.321454 0.9490 0.7608 0.1882
v 0.150550 1.115949 0.311880 0.9490 0.7608 0.1882
v 0.142004 1.137327 0.313086 0.9490 0.7608 0.1882
v 0.139404 1.149505 0.323866 0.9490 0.7608 0.1882
v 0.199797 1.134243 0.326370 0.9490 0.7608 0.1882
v 0.192876 1.112272 0.328337 0.9490 0.7608 0.1882
v 0.190338 1.099897 0.318611 0.9490 0.7608 0.1882
v 0.194722 1.109493 0.306917 0.9490 0.7608 0.1882
v 0.201643 1.131464 0.304949 0.9490 0.7608 0.1882
v 0.204181 1.143839 0.314675 0.9490 0.7608 0.1882
v 0.266678 1.098095 0.313291 0.9490 0.7608 0.1882
v 0.256477 1.077523 0.315985 0.9490 0.7608 0.1882
v 0.248040 1.067665 0.307566 0.9490 0.7608 0.1882
v 0.249805 1.078378 0.296452 0.9490 0.7608 0.1882
v 0.260006 1.098950 0.293758 0.9490 0.7608 0.1882
v 0.268443 1.108808 0.302177 0.9490 0.7608 0.1882
v 0.322315 1.069337 0.291153 0.9490 0.7608 0.1882
v 0.318331 1.046584 0.291738 0.9490 0.7608 0.1882
v 0.310127 1.036644 0.283240 0.9490 0.7608 0.1882
v 0.305908 1.049457 0.274157 0.9490 0.7608 0.1882
v 0.309892 1.072210 0.273572 0.9490 0.7608 0.1882
v 0.318096 1.082150 0.282070 0.9490 0.7608 0.1882
v 0.352042 1.071744 0.279494 0.9490 0.7608 0.1882
v 0.364362 1.052793 0.275018 0.9490 0.7608 0.1882
v 0.367772 1.045561 0.262915 0.9490 0.7608 0.1882
v 0.358863 1.057280 0.255288 0.9490 0.7608 0.1882
v 0.346544 1.076232 0.259763 0.9490 0.7608 0.1882
v 0.343133 1.083464 0.271867 0.9490 0.7608 0.1882
v 0.372271 1.111703 0.281601 0.9490 0.7608 0.1882
v 0.393364 1.104266 0.275753 0.9490 0.7608 0.1882
v 0.402114 1.104040 0.262815 0.9490 0.7608 0.1882
v 0.389771 1.111253 0.255725 0.9490 0.7608 0.1882
v 0.368678 1.118690 0.261573 0.9490 0.7608 0.1882
v 0.359928 1.118916 0.274511 0.9490 0.7608 0.1882
v 0.387078 1.186187 0.280640 0.9490 0.7608 0.1882
v 0.408752 1.180772 0.274693 0.9490 0.7608 0.1882
v 0.416357 1.176563 0.261951 0.9490 0.7608 0.1882
v 0.402286 1.177769 0.255157 0.9490 0.7608 0.1882
v 0.380612 1.183184 0.261104 0.9490 0.7608 0.1882
v 0.373007 1.187393 0.273846 0.9490 0.7608 0.1882
v 0.404743 1.252988 0.267341 0.9490 0.7608 0.1882
v 0.423023 1.239564 0.262922 0.9490 0.7608 0.1882
v 0.428160 1.229531 0.251291 0.9490 0.7608 0.1882
v 0.415016 1.232923 0.244080 0.9490 0.7608 0.1882
v 0.396735 1.246347 0.248499 0.9490 0.7608 0.1882
v 0.391599 1.256380 0.260129 0.9490 0.7608 0.1882
v 0.441691 1.279790 0.255074 0.9490 0.7608 0.1882
v 0.445419 1.257016 0.254952 0.9490 0.7608 0.1882
v 0.446760 1.244545 0.244442 0.9490 0.7608 0.1882
v 0.444373 1.254846 0.234054 0.9490 0.7608 0.1882
v 0.440645 1.277620 0.234177 0.9490 0.7608 0.1882
v 0.439304 1.290092 0.244686 0.9490 0.7608 0.1882
v 0.501577 1.262682 0.248047 0.9490 0.7608 0.1882
v 0.492708 1.241459 0.250383 0.9490 0.7608 0.1882
v 0.488399 1.229683 0.240976 0.9490 0.7608 0.1882
v 0.492959 1.239130 0.229232 0.9490 0.7608 0.1882
v 0.501828 1.260353 0.226896 0.9490 0.7608 0.1882
v 0.506137 1.272129 0.236304 0.9490 0.7608 0.1882
vn -0.0502 0.9810 -0.1872
vn 0.0981 0.9690 -0.2269
vn 0.0402 0.9121 -0.4080
vn -0.0993 0.9235 -0.3706
vn -0.2392 0.3817 -0.8928
vn -0.1816 0.3770 -0.9083
vn -0.2226 0.2014 -0.9539
vn -0.2534 0.2039 -0.9456
vn 0.1984 0.9690 0.1475
vn 0.0502 0.9810 0.1872
vn 0.0993 0.9235 0.3706
vn 0.2388 0.9121 0.3332
vn 0.2969 0.3770 0.8773
vn 0.2392 0.3817 0.8928
vn 0.2534 0.2039 0.9456
vn 0.2842 0.2014 0.9374
vn 0.2427 0.9330 -0.2656
vn 0.1763 0.8783 -0.4445
vn -0.1253 0.3630 -0.9233
vn -0.1925 0.1939 -0.9619
vn 0.3430 0.9330 0.1087
vn 0.3749 0.8783 0.2968
vn 0.3532 0.3630 0.8623
vn 0.3142 0.1939 0.9293
vn 0.3801 0.8741 -0.3024
vn 0.3057 0.8228 -0.4791
vn -0.0719 0.3401 -0.9376
vn -0.1640 0.1817 -0.9696
vn 0.4804 0.8741 0.0719
vn 0.5043 0.8228 0.2621
vn 0.4066 0.3401 0.8480
vn 0.3428 0.1817 0.9217
vn 0.5068 0.7937 -0.3364
vn 0.4250 0.7471 -0.5111
vn -0.0225 0.3088 -0.9509
vn -0.1376 0.1649 -0.9767
vn 0.6071 0.7937 0.0379
vn 0.6236 0.7471 0.2301
vn 0.4559 0.3088 0.8347
vn 0.3691 0.1649 0.9146
vn 0.6199 0.6937 -0.3667
vn 0.5314 0.6530 -0.5396
vn 0.0215 0.2699 -0.9627
vn -0.1141 0.1442 -0.9830
vn 0.7202 0.6937 0.0076
vn 0.7300 0.6530 0.2016
vn 0.4999 0.2699 0.8229
vn 0.3926 0.1442 0.9083
vn 0.7165 0.5766 -0.3926
vn 0.6223 0.5428 -0.5640
vn 0.0590 0.2243 -0.9727
vn -0.0941 0.1198 -0.9883
vn 0.8168 0.5766 -0.0182
vn 0.8209 0.5428 0.1773
vn 0.5375 0.2243 0.8129
vn 0.4127 0.1198 0.9029
vn 0.7942 0.4454 -0.4134
vn 0.6955 0.4192 -0.5836
vn 0.0893 0.1733 -0.9808
vn -0.0779 0.0926 -0.9927
vn 0.8945 0.4454 -0.0391
vn 0.8941 0.4192 0.1577
vn 0.5677 0.1733 0.8048
vn 0.4288 0.0926 0.8986
vn 0.8511 0.3032 -0.4287
vn 0.7490 0.2854 -0.5979
vn 0.1114 0.1179 -0.9868
vn -0.0661 0.0630 -0.9958
vn 0.9514 0.3032 -0.0543
vn 0.9476 0.2854 0.1433
vn 0.5899 0.1179 0.7989
vn 0.4407 0.0630 0.8955
vn 0.8858 0.1535 -0.4380
vn 0.7817 0.1445 -0.6067
vn 0.1249 0.0597 -0.9904
vn -0.0589 0.0319 -0.9978
vn 0.9861 0.1535 -0.0636
vn 0.9803 0.1445 0.1346
vn 0.6034 0.0597 0.7952
vn 0.4479 0.0319 0.8935
vn 0.8975 -0.0000 -0.4411
vn 0.7927 -0.0000 -0.6096
vn 0.1294 -0.0000 -0.9916
vn -0.0565 -0.0000 -0.9984
vn 0.9978 -0.0000 -0.0667
vn 0.9913 -0.0000 0.1316
vn 0.6079 -0.0000 0.7940
vn 0.4503 -0.0000 0.8929
vn 0.8858 -0.1535 -0.4380
vn 0.7817 -0.1445 -0.6067
vn 0.1249 -0.0597 -0.9904
vn -0.0589 -0.0319 -0.9978
vn 0.9861 -0.1535 -0.0636
vn 0.9803 -0.1445 0.1346
vn 0.6034 -0.0597 0.7952
vn 0.4479 -0.0319 0.8935
vn 0.8511 -0.3032 -0.4287
vn 0.7490 -0.2854 -0.5979
vn 0.1114 -0.1179 -0.9868
vn -0.0661 -0.0630 -0.9958
vn 0.9514 -0.3032 -0.0543
vn 0.9476 -0.2854 0.1433
vn 0.5899 -0.1179 0.7989
vn 0.4407 -0.0630 0.8955
vn 0.7942 -0.4454 -0.4134
vn 0.6955 -0.4192 -0.5836
vn 0.0893 -0.1733 -0.9808
vn -0.0779 -0.0926 -0.9927
vn 0.8945 -0.4454 -0.0391
vn 0.8941 -0.4192 0.1577
vn 0.5677 -0.1733 0.8048
vn 0.4288 -0.0926 0.8986
vn 0.7165 -0.5766 -0.3926
vn 0.6223 -0.5428 -0.5640
vn 0.0590 -0.2243 -0.9727
vn -0.0941 -0.1198 -0.9883
vn 0.8168 -0.5766 -0.0182
vn 0.8209 -0.5428 0.1773
vn 0.5375 -0.2243 0.8129
vn 0.4127 -0.1198 0.9029
vn 0.6199 -0.6937 -0.3667
vn 0.5314 -0.6530 -0.5396
vn 0.0215 -0.2699 -0.9627
vn -0.1141 -0.1442 -0.9830
vn 0.7202 -0.6937 0.0076
vn 0.7300 -0.6530 0.2016
vn 0.4999 -0.2699 0.8229
vn 0.3926 -0.1442 0.9083
vn 0.5068 -0.7937 -0.3364
vn 0.4250 -0.7471 -0.5111
vn -0.0225 -0.3088 -0.9509
vn -0.1376 -0.1649 -0.9767
vn 0.6071 -0.7937 0.0379
vn 0.6236 -0.7471 0.2301
vn 0.4559 -0.3088 0.8347
vn 0.3691 -0.1649 0.9146
vn 0.3801 -0.8741 -0.3025
vn 0.3056 -0.8228 -0.4791
vn -0.0719 -0.3401 -0.9376
vn -0.1640 -0.1817 -0.9696
vn 0.4804 -0.8741 0.0719
vn 0.5043 -0.8228 0.2621
vn 0.4066 -0.3401 0.8480
vn 0.3428 -0.1817 0.9217
vn 0.2427 -0.9330 -0.2656
vn 0.1763 -0.8783 -0.4445
vn -0.1253 -0.3630 -0.9233
vn -0.1925 -0.1939 -0.9619
vn 0.3430 -0.9330 0.1087
vn 0.3749 -0.8783 0.2968
vn 0.3532 -0.3630 0.8623
vn 0.3142 -0.1939 0.9293
vn 0.0981 -0.9690 -0.2269
vn 0.0402 -0.9121 -0.4080
vn -0.1816 -0.3770 -0.9083
vn -0.2226 -0.2014 -0.9539
vn 0.1984 -0.9690 0.1475
vn 0.2388 -0.9121 0.3332
vn 0.2969 -0.3770 0.8773
vn 0.2842 -0.2014 0.9374
vn -0.0502 -0.9810 -0.1872
vn -0.0993 -0.9235 -0.3706
vn -0.2392 -0.3817 -0.8928
vn -0.2534 -0.2039 -0.9456
vn 0.0502 -0.9810 0.1872
vn 0.0993 -0.9235 0.3706
vn 0.2392 -0.3817 0.8928
vn 0.2534 -0.2039 0.9456
vn -0.1984 -0.9690 -0.1475
vn -0.2388 -0.9121 -0.3332
vn -0.2969 -0.3770 -0.8773
vn -0.2842 -0.2014 -0.9374
vn -0.0981 -0.9690 0.2269
vn -0.0402 -0.9121 0.4080
vn 0.1816 -0.3770 0.9083
vn 0.2226 -0.2014 0.9539
vn -0.3430 -0.9330 -0.1087
vn -0.3749 -0.8783 -0.2968
vn -0.3532 -0.3630 -0.8623
vn -0.3142 -0.1939 -0.9293
vn -0.2427 -0.9330 0.2656
vn -0.1763 -0.8783 0.4445
vn 0.1253 -0.3630 0.9233
vn 0.1925 -0.1939 0.9619
vn -0.4804 -0.8741 -0.0719
vn -0.5043 -0.8228 -0.2621
vn -0.4066 -0.3401 -0.8480
vn -0.3428 -0.1817 -0.9217
vn -0.3801 -0.8741 0.3024
vn -0.3057 -0.8228 0.4791
vn 0.0719 -0.3401 0.9376
vn 0.1640 -0.1817 0.9696
vn -0.6071 -0.7937 -0.0379
vn -0.6236 -0.7471 -0.2301
vn -0.4559 -0.3088 -0.8347
vn -0.3691 -0.1649 -0.9146
vn -0.5068 -0.7937 0.3364
vn -0.4250 -0.7471 0.5111
vn 0.0225 -0.3088 0.9509
vn 0.1376 -0.1649 0.9767
vn -0.7202 -0.6937 -0.0076
vn -0.7300 -0.6530 -0.2016
vn -0.4999 -0.2699 -0.8229
vn -0.3926 -0.1442 -0.9083
vn -0.6199 -0.6937 0.3667
vn -0.5314 -0.6530 0.5396
vn -0.0215 -0.2699 0.9627
vn 0.1141 -0.1442 0.9830
vn -0.8168 -0.5766 0.0182
vn -0.8209 -0.5428 -0.1773
vn -0.5375 -0.2243 -0.8129
vn -0.4127 -0.1198 -0.9029
vn -0.7165 -0.5766 0.3926
vn -0.6223 -0.5428 0.5640
vn -0.0590 -0.2243 0.9727
vn 0.0941 -0.1198 0.9883
vn -0.8945 -0.4454 0.0391
vn -0.8941 -0.4192 -0.1577
vn -0.5677 -0.1733 -0.8048
vn -0.4288 -0.0926 -0.8986
vn -0.7942 -0.4454 0.4134
vn -0.6955 -0.4192 0.5836
vn -0.0893 -0.1733 0.9808
vn 0.0779 -0.0926 0.9927
vn -0.9514 -0.3032 0.0543
vn -0.9476 -0.2854 -0.1433
vn -0.5899 -0.1179 -0.7989
vn -0.4407 -0.0630 -0.8955
vn -0.8511 -0.3032 0.4287
vn -0.7490 -0.2854 0.5979
vn -0.1114 -0.1179 0.9868
vn 0.0661 -0.0630 0.9958
vn -0.9861 -0.1535 0.0636
vn -0.9803 -0.1445 -0.1346
vn -0.6034 -0.0597 -0.7952
vn -0.4479 -0.0319 -0.8935
vn -0.8858 -0.1535 0.4380
vn -0.7817 -0.1445 0.6067
vn -0.1249 -0.0597 0.9904
vn 0.0589 -0.0319 0.9978
vn -0.9978 -0.0000 0.0667
vn -0.9913 -0.0000 -0.1316
vn -0.6079 -0.0000 -0.7940
vn -0.4503 -0.0000 -0.8929
vn -0.8975 -0.0000 0.4411
vn -0.7927 -0.0000 0.6096
vn -0.1294 -0.0000 0.9916
vn 0.0565 -0.0000 0.9984
vn -0.9861 0.1535 0.0636
vn -0.9803 0.1445 -0.1346
vn -0.6034 0.0597 -0.7952
vn -0.4479 0.0319 -0.8935
vn -0.8858 0.1535 0.4380
vn -0.7817 0.1445 0.6067
vn -0.1249 0.0597 0.9904
vn 0.0589 0.0319 0.9978
vn -0.9514 0.3032 0.0543
vn -0.9476 0.2854 -0.1433
vn -0.5899 0.1179 -0.7989
vn -0.4407 0.0630 -0.8955
vn -0.8511 0.3032 0.4287
vn -0.7490 0.2854 0.5979
vn -0.1114 0.1179 0.9868
vn 0.0661 0.0630 0.9958
vn -0.8945 0.4454 0.0391
vn -0.8941 0.4192 -0.1577
vn -0.5677 0.1733 -0.8048
vn -0.4288 0.0926 -0.8986
vn -0.7942 0.4454 0.4134
vn -0.6955 0.4192 0.5836
vn -0.0893 0.1733 0.9808
vn 0.0779 0.0926 0.9927
vn -0.8168 0.5766 0.0182
vn -0.8209 0.5428 -0.1773
vn -0.5375 0.2243 -0.8129
vn -0.4127 0.1198 -0.9029
vn -0.7165 0.5766 0.3926
vn -0.6223 0.5428 0.5640
vn -0.0590 0.2243 0.9727
vn 0.0941 0.1198 0.9883
vn -0.7202 0.6937 -0.0076
vn -0.7300 0.6530 -0.2016
vn -0.4999 0.2699 -0.8229
vn -0.3926 0.1442 -0.9083
vn -0.6199 0.6937 0.3667
vn -0.5314 0.6530 0.5396
vn -0.0215 0.2699 0.9627
vn 0.1141 0.1442 0.9830
vn -0.6071 0.7937 -0.0379
vn -0.6236 0.7471 -0.2301
vn -0.4559 0.3088 -0.8347
vn -0.3691 0.1649 -0.9146
vn -0.5068 0.7937 0.3364
vn -0.4250 0.7471 0.5111
vn 0.0225 0.3088 0.9509
vn 0.1376 0.1649 0.9767
vn -0.4804 0.8741 -0.0719
vn -0.5043 0.8228 -0.2621
vn -0.4066 0.3401 -0.8480
vn -0.3428 0.1817 -0.9217
vn -0.3801 0.8741 0.3025
vn -0.3056 0.8228 0.4791
vn 0.0719 0.3401 0.9376
vn 0.1640 0.1817 0.9696
vn -0.3430 0.9330 -0.1087
vn -0.3749 0.8783 -0.2968
vn -0.3532 0.3630 -0.8623
vn -0.3142 0.1939 -0.9293
vn -0.2427 0.9330 0.2656
vn -0.1763 0.8783 0.4445
vn 0.1253 0.3630 0.9233
vn 0.1925 0.1939 0.9619
vn -0.1984 0.9690 -0.1475
vn -0.2388 0.9121 -0.3332
vn -0.2969 0.3770 -0.8773
vn -0.2842 0.2014 -0.9374
vn -0.0981 0.9690 0.2269
vn -0.0402 0.9121 0.4080
vn 0.1816 0.3770 0.9083
vn 0.2226 0.2014 0.9539
vn 0.9336 -0.0000 0.3584
vn 0.9240 0.1266 0.3609
vn 0.8953 0.2500 0.3686
vn 0.8484 0.3673 0.3812
vn 0.7843 0.4755 0.3984
vn 0.7047 0.5721 0.4197
vn 0.6115 0.6545 0.4447
vn 0.5069 0.7208 0.4727
vn 0.3936 0.7694 0.5031
vn 0.2744 0.7991 0.5350
vn 0.1521 0.8090 0.5678
vn 0.0299 0.7991 0.6005
vn -0.0894 0.7694 0.6325
vn -0.2026 0.7208 0.6628
vn -0.3072 0.6545 0.6908
vn -0.4004 0.5721 0.7158
vn -0.4801 0.4755 0.7372
vn -0.5441 0.3673 0.7543
vn -0.5911 0.2500 0.7669
vn -0.6197 0.1266 0.7746
vn -0.6293 -0.0000 0.7771
vn -0.6197 -0.1266 0.7746
vn -0.5911 -0.2500 0.7669
vn -0.5441 -0.3673 0.7543
vn -0.4801 -0.4755 0.7372
vn -0.4004 -0.5721 0.7158
vn -0.3072 -0.6545 0.6908
vn -0.2026 -0.7208 0.6628
vn -0.0894 -0.7694 0.6325
vn 0.0299 -0.7991 0.6005
vn 0.1521 -0.8090 0.5678
vn 0.2744 -0.7991 0.5350
vn 0.3936 -0.7694 0.5031
vn 0.5069 -0.7208 0.4727
vn 0.6115 -0.6545 0.4447
vn 0.7047 -0.5721 0.4197
vn 0.7843 -0.4755 0.3984
vn 0.8484 -0.3673 0.3812
vn 0.8953 -0.2500 0.3686
vn 0.9240 -0.1266 0.3609
vn -0.0523 -0.0000 0.9986
vn -0.0487 -0.0483 0.9976
vn -0.0377 -0.0955 0.9947
vn -0.0198 -0.1403 0.9899
vn 0.0047 -0.1816 0.9834
vn 0.0351 -0.2185 0.9752
vn 0.0707 -0.2500 0.9657
vn 0.1106 -0.2753 0.9550
vn 0.1539 -0.2939 0.9434
vn 0.1995 -0.3052 0.9312
vn 0.2462 -0.3090 0.9186
vn 0.2928 -0.3052 0.9061
vn 0.3384 -0.2939 0.8939
vn 0.3817 -0.2753 0.8823
vn 0.4216 -0.2500 0.8716
vn 0.4572 -0.2185 0.8621
vn 0.4876 -0.1816 0.8539
vn 0.5121 -0.1403 0.8474
vn 0.5300 -0.0955 0.8426
vn 0.5410 -0.0483 0.8397
vn 0.5446 -0.0000 0.8387
vn 0.5410 0.0483 0.8397
vn 0.5300 0.0955 0.8426
vn 0.5121 0.1403 0.8474
vn 0.4876 0.1816 0.8539
vn 0.4572 0.2185 0.8621
vn 0.4216 0.2500 0.8716
vn 0.3817 0.2753 0.8823
vn 0.3384 0.2939 0.8939
vn 0.2928 0.3052 0.9061
vn 0.2462 0.3090 0.9187
vn 0.1995 0.3052 0.9312
vn 0.1539 0.2939 0.9434
vn 0.1106 0.2753 0.9550
vn 0.0707 0.2500 0.9657
vn 0.0351 0.2185 0.9752
vn 0.0047 0.1816 0.9834
vn -0.0198 0.1403 0.9899
vn -0.0377 0.0955 0.9947
vn -0.0487 0.0483 0.9976
vn -0.9659 -0.0000 0.2588
vn -0.9540 -0.1564 0.2556
vn -0.9187 -0.3090 0.2462
vn -0.8606 -0.4540 0.2306
vn -0.7815 -0.5878 0.2094
vn -0.6830 -0.7071 0.1830
vn -0.5678 -0.8090 0.1521
vn -0.4385 -0.8910 0.1175
vn -0.2985 -0.9511 0.0800
vn -0.1511 -0.9877 0.0405
vn -0.0000 -1.0000 -0.0000
vn 0.1511 -0.9877 -0.0405
vn 0.2985 -0.9511 -0.0800
vn 0.4385 -0.8910 -0.1175
vn 0.5678 -0.8090 -0.1521
vn 0.6830 -0.7071 -0.1830
vn 0.7815 -0.5878 -0.2094
vn 0.8606 -0.4540 -0.2306
vn 0.9187 -0.3090 -0.2462
vn 0.9540 -0.1564 -0.2556
vn 0.9659 -0.0000 -0.2588
vn 0.9540 0.1564 -0.2556
vn 0.9187 0.3090 -0.2462
vn 0.8606 0.4540 -0.2306
vn 0.7815 0.5878 -0.2094
vn 0.6830 0.7071 -0.1830
vn 0.5678 0.8090 -0.1521
vn 0.4385 0.8910 -0.1175
vn 0.2985 0.9511 -0.0800
vn 0.1511 0.9877 -0.0405
vn -0.0000 1.0000 -0.0000
vn -0.1511 0.9877 0.0405
vn -0.2985 0.9511 0.0800
vn -0.4385 0.8910 0.1175
vn -0.5678 0.8090 0.1521
vn -0.6830 0.7071 0.1830
vn -0.7815 0.5878 0.2094
vn -0.8606 0.4540 0.2306
vn -0.9187 0.3090 0.2462
vn -0.9540 0.1564 0.2556
vn -0.5446 -0.0000 -0.8387
vn -0.5410 -0.0483 -0.8397
vn -0.5300 -0.0955 -0.8426
vn -0.5121 -0.1403 -0.8474
vn -0.4876 -0.1816 -0.8539
vn -0.4572 -0.2185 -0.8621
vn -0.4216 -0.2500 -0.8716
vn -0.3817 -0.2753 -0.8823
vn -0.3384 -0.2939 -0.8939
vn -0.2928 -0.3052 -0.9061
vn -0.2462 -0.3090 -0.9186
vn -0.1995 -0.3052 -0.9312
vn -0.1539 -0.2939 -0.9434
vn -0.1106 -0.2753 -0.9550
vn -0.0707 -0.2500 -0.9657
vn -0.0351 -0.2185 -0.9752
vn -0.0047 -0.1816 -0.9834
vn 0.0198 -0.1403 -0.9899
vn 0.0377 -0.0955 -0.9947
vn 0.0487 -0.0483 -0.9976
vn 0.0523 -0.0000 -0.9986
vn 0.0487 0.0483 -0.9976
vn 0.0377 0.0955 -0.9947
vn 0.0198 0.1403 -0.9899
vn -0.0047 0.1816 -0.9834
vn -0.0351 0.2185 -0.9752
vn -0.0707 0.2500 -0.9657
vn -0.1106 0.2753 -0.9550
vn -0.1539 0.2939 -0.9434
vn -0.1995 0.3052 -0.9312
vn -0.2462 0.3090 -0.9187
vn -0.2928 0.3052 -0.9061
vn -0.3384 0.2939 -0.8939
vn -0.3817 0.2753 -0.8823
vn -0.4216 0.2500 -0.8716
vn -0.4572 0.2185 -0.8621
vn -0.4876 0.1816 -0.8539
vn -0.5121 0.1403 -0.8474
vn -0.5300 0.0955 -0.8426
vn -0.5410 0.0483 -0.8397
vn 0.6293 -0.0000 -0.7771
vn 0.6197 0.1266 -0.7746
vn 0.5911 0.2500 -0.7669
vn 0.5441 0.3673 -0.7543
vn 0.4801 0.4755 -0.7372
vn 0.4004 0.5721 -0.7158
vn 0.3072 0.6545 -0.6908
vn 0.2026 0.7208 -0.6628
vn 0.0894 0.7694 -0.6325
vn -0.0299 0.7991 -0.6005
vn -0.1521 0.8090 -0.5678
vn -0.2744 0.7991 -0.5350
vn -0.3936 0.7694 -0.5031
vn -0.5069 0.7208 -0.4727
vn -0.6115 0.6545 -0.4447
vn -0.7047 0.5721 -0.4197
vn -0.7843 0.4755 -0.3984
vn -0.8484 0.3673 -0.3812
vn -0.8953 0.2500 -0.3686
vn -0.9240 0.1266 -0.3609
vn -0.9336 -0.0000 -0.3584
vn -0.9240 -0.1266 -0.3609
vn -0.8953 -0.2500 -0.3686
vn -0.8484 -0.3673 -0.3812
vn -0.7843 -0.4755 -0.3984
vn -0.7047 -0.5721 -0.4197
vn -0.6115 -0.6545 -0.4447
vn -0.5069 -0.7208 -0.4727
vn -0.3936 -0.7694 -0.5031
vn -0.2744 -0.7991 -0.5350
vn -0.1521 -0.8090 -0.5678
vn -0.0299 -0.7991 -0.6005
vn 0.0894 -0.7694 -0.6325
vn 0.2026 -0.7208 -0.6628
vn 0.3072 -0.6545 -0.6908
vn 0.4004 -0.5721 -0.7158
vn 0.4801 -0.4755 -0.7372
vn 0.5441 -0.3673 -0.7543
vn 0.5911 -0.2500 -0.7669
vn 0.6197 -0.1266 -0.7746
vn -0.9186 0.3090 0.2462
vn 0.2588 -0.0000 0.9659
vn -0.2588 -0.0000 -0.9659
vn 0.9186 -0.3090 -0.2462
vn 0.9186 0.3090 -0.2462
vn -0.9186 -0.3090 0.2462
vn -0.9187 0.3090 0.2461
vn -0.9513 -0.1736 0.2549
vn 0.9513 0.1736 -0.2549
vn 0.1677 -0.9848 -0.0449
vn -0.1677 0.9848 0.0449
vn -0.9077 -0.3420 0.2432
vn 0.9077 0.3420 -0.2432
vn 0.3304 -0.9397 -0.0885
vn -0.3304 0.9397 0.0885
vn -0.8365 -0.5000 0.2241
vn 0.8365 0.5000 -0.2241
vn 0.4830 -0.8660 -0.1294
vn -0.4830 0.8660 0.1294
vn -0.7399 -0.6428 0.1983
vn 0.7399 0.6428 -0.1983
vn 0.6209 -0.7660 -0.1664
vn -0.6209 0.7660 0.1664
vn -0.6209 -0.7660 0.1664
vn 0.6209 0.7660 -0.1664
vn 0.7399 -0.6428 -0.1983
vn -0.7399 0.6428 0.1983
vn -0.4830 -0.8660 0.1294
vn 0.4830 0.8660 -0.1294
vn 0.8365 -0.5000 -0.2241
vn -0.8365 0.5000 0.2241
vn -0.3304 -0.9397 0.0885
vn 0.3304 0.9397 -0.0885
vn 0.9077 -0.3420 -0.2432
vn -0.9077 0.3420 0.2432
vn -0.1677 -0.9848 0.0449
vn 0.1677 0.9848 -0.0449
vn 0.9513 -0.1736 -0.2549
vn -0.9513 0.1736 0.2549
vn -0.8754 -0.4226 0.2346
vn -0.9895 0.0942 -0.1096
vn -0.8698 -0.2405 -0.4308
vn -0.8925 0.2120 0.3981
vn -0.6862 0.0637 0.7246
vn -0.5209 -0.2228 0.8240
vn -0.4258 -0.5971 0.6798
vn -0.4329 -0.8723 0.2274
vn -0.5455 -0.8045 -0.2348
vn -0.6944 -0.5570 -0.4555
vn -0.7119 0.2308 -0.6633
vn -0.6292 -0.0214 -0.7770
vn -0.6700 0.6355 0.3838
vn -0.7664 0.6410 0.0425
vn -0.3648 0.3879 0.8465
vn -0.1226 -0.0321 0.9919
vn 0.0348 -0.5870 0.8089
vn 0.0809 -0.8280 0.5549
vn -0.1458 -0.8622 -0.4851
vn -0.0218 -0.9691 -0.2458
vn -0.3708 -0.4869 -0.7908
vn -0.4976 0.3754 -0.7819
vn -0.4016 0.1095 -0.9092
vn -0.5367 0.8431 -0.0338
vn -0.5353 0.8439 -0.0342
vn -0.1322 0.5362 0.8337
vn -0.2558 0.7013 0.6653
vn 0.1248 0.0900 0.9881
vn 0.2346 -0.1502 0.9604
vn 0.3879 -0.7579 0.5246
vn 0.3862 -0.7585 0.5249
vn 0.1184 -0.7944 -0.5958
vn 0.2427 -0.9105 -0.3348
vn -0.1449 -0.3968 -0.9064
vn -0.3338 0.4545 -0.8258
vn -0.2404 0.1873 -0.9524
vn -0.3517 0.9324 -0.0833
vn -0.3533 0.9318 -0.0830
vn 0.0160 0.6078 0.7939
vn -0.1094 0.7720 0.6261
vn 0.2727 0.1614 0.9484
vn 0.3806 -0.0797 0.9213
vn 0.5696 -0.6701 0.4759
vn 0.5711 -0.6693 0.4754
vn 0.2800 -0.7164 -0.6391
vn 0.4070 -0.8312 -0.3788
vn -0.0014 -0.3276 -0.9448
vn -0.0640 0.5436 -0.8369
vn 0.0319 0.2977 -0.9541
vn 0.0443 0.9803 0.1924
vn -0.0486 0.9875 -0.1499
vn 0.2550 0.6870 0.6804
vn 0.4965 0.2668 0.8261
vn 0.7480 -0.2427 0.6178
vn 0.7975 -0.4820 0.3629
vn 0.5164 -0.5425 -0.6626
vn 0.6277 -0.6555 -0.4198
vn 0.2330 -0.1954 -0.9526
vn 0.4125 0.7710 -0.4853
vn 0.4644 0.4036 -0.7883
vn 0.4821 0.8756 0.0298
vn 0.6161 0.6924 0.3757
vn 0.7808 0.4057 0.4752
vn 0.9479 0.0660 0.3117
vn 0.9695 -0.1953 -0.1483
vn 0.7895 -0.1600 -0.5925
vn 0.5950 0.0655 -0.8010
vn 0.8754 0.4226 -0.2346
vn -0.9158 -0.0655 -0.3962
vn -0.7963 -0.4036 -0.4505
vn -0.9800 0.1600 -0.1184
vn -0.9137 0.1953 0.3563
vn -0.6651 -0.0660 0.7439
vn -0.4386 -0.4057 0.8019
vn -0.3457 -0.6924 0.6334
vn -0.4026 -0.8756 0.2668
vn -0.5998 -0.7710 -0.2140
vn -0.6781 0.1954 -0.7085
vn -0.5047 -0.2977 -0.8103
vn -0.7785 0.5425 -0.3156
vn -0.7536 0.6555 -0.0497
vn -0.3389 0.2427 0.9090
vn -0.5092 0.4820 0.7130
vn -0.0169 -0.2668 0.9636
vn 0.1194 -0.6870 0.7167
vn 0.0578 -0.9803 0.1888
vn -0.0329 -0.9875 -0.1541
vn -0.3631 -0.5436 -0.7568
vn -0.4712 0.3276 -0.8190
vn -0.2680 -0.1873 -0.9450
vn -0.5620 0.7164 -0.4134
vn -0.5418 0.8312 -0.1246
vn -0.2569 0.6693 0.6972
vn -0.2553 0.6701 0.6969
vn 0.2380 -0.1614 0.9578
vn 0.1310 0.0797 0.9882
vn 0.3831 -0.6078 0.6956
vn 0.4078 -0.7720 0.4875
vn 0.2645 -0.9318 -0.2485
vn 0.2629 -0.9324 -0.2481
vn -0.1238 -0.4545 -0.8821
vn -0.3277 0.3968 -0.8574
vn -0.1068 -0.1095 -0.9882
vn -0.4005 0.7944 -0.4567
vn -0.3775 0.9105 -0.1686
vn -0.0720 0.7585 0.6477
vn -0.0736 0.7579 0.6482
vn 0.3860 -0.0900 0.9181
vn 0.2770 0.1502 0.9490
vn 0.5313 -0.5362 0.6559
vn 0.5542 -0.7013 0.4483
vn 0.4465 -0.8439 -0.2973
vn 0.4480 -0.8431 -0.2976
vn 0.0400 -0.3754 -0.9260
vn -0.0743 0.4869 -0.8703
vn 0.1564 0.0214 -0.9875
vn -0.1163 0.8622 -0.4930
vn -0.1040 0.9691 -0.2238
vn 0.3743 0.5870 0.7179
vn 0.2074 0.8280 0.5210
vn 0.6021 0.0321 0.7977
vn 0.7391 -0.3879 0.5507
vn 0.7721 -0.6355 -0.0026
vn 0.6849 -0.6410 -0.3464
vn 0.2849 -0.2308 -0.9304
vn 0.3736 0.5570 -0.7417
vn 0.5378 0.2405 -0.8080
vn 0.3551 0.8045 -0.4761
vn 0.4886 0.8723 -0.0195
vn 0.7087 0.5971 0.3758
vn 0.8632 0.2228 0.4531
vn 0.9566 -0.0637 0.2844
vn 0.9720 -0.2120 -0.1015
vn 0.8021 -0.0942 -0.5897
vn -0.8748 -0.4226 0.2370
vn -0.8260 -0.1106 -0.5527
vn -0.6900 -0.2279 -0.6870
vn -0.9950 0.0978 0.0213
vn -0.6180 -0.0337 0.7854
vn -0.3203 -0.1626 0.9333
vn -0.2505 -0.3175 0.9146
vn -0.3668 -0.5914 0.7181
vn -0.5891 -0.8033 -0.0874
vn -0.6819 -0.4305 -0.5913
vn -0.5754 0.1145 -0.8098
vn -0.4194 -0.0798 -0.9043
vn -0.5996 0.2430 -0.7625
vn -0.6126 0.4080 0.6769
vn -0.5433 0.4817 0.6876
vn 0.0283 0.0101 0.9995
vn 0.0140 0.1068 0.9942
vn 0.1156 -0.1838 0.9761
vn 0.1771 -0.2554 0.9505
vn 0.0556 -0.8480 0.5271
vn -0.0461 -0.8498 0.5251
vn -0.3712 -0.3388 -0.8645
vn -0.2881 -0.4487 -0.8460
vn -0.4042 0.2047 -0.8915
vn -0.2946 -0.0174 -0.9554
vn -0.4536 0.3289 -0.8283
vn -0.2958 0.6755 0.6754
vn -0.2844 0.6824 0.6734
vn 0.1751 0.0766 0.9816
vn 0.1311 0.1648 0.9776
vn 0.2610 -0.1143 0.9585
vn 0.2966 -0.2028 0.9332
vn 0.3755 -0.7826 0.4966
vn 0.3629 -0.7870 0.4989
vn -0.1976 -0.2539 -0.9468
vn -0.1331 -0.3828 -0.9142
vn -0.3023 0.2539 -0.9188
vn -0.2226 0.0174 -0.9748
vn -0.3419 0.3828 -0.8583
vn -0.0648 0.7870 0.6135
vn -0.0769 0.7826 0.6178
vn 0.2532 0.1143 0.9606
vn 0.2097 0.2028 0.9565
vn 0.3392 -0.0766 0.9376
vn 0.3753 -0.1648 0.9121
vn 0.5830 -0.6824 0.4410
vn 0.5939 -0.6755 0.4370
vn -0.0957 -0.2047 -0.9741
vn -0.0213 -0.3289 -0.9441
vn -0.1108 0.3388 -0.9343
vn -0.0889 0.0798 -0.9928
vn -0.1735 0.4487 -0.8767
vn 0.3024 0.8498 0.4317
vn 0.2154 0.8480 0.4843
vn 0.3879 0.1838 0.9032
vn 0.3218 0.2554 0.9117
vn 0.4753 -0.0101 0.8798
vn 0.4850 -0.1068 0.8680
vn 0.8143 -0.4817 0.3238
vn 0.8690 -0.4080 0.2799
vn 0.0934 -0.1145 -0.9890
vn 0.1380 -0.2430 -0.9602
vn 0.2949 0.4305 -0.8531
vn 0.2540 0.2279 -0.9400
vn 0.4664 0.8033 -0.3702
vn 0.6767 0.5914 0.4385
vn 0.6742 0.3175 0.6668
vn 0.7440 0.1626 0.6481
vn 0.9279 0.0337 0.3712
vn 0.8723 -0.0978 -0.4790
vn 0.4390 0.1106 -0.8917
vn 0.8761 0.4226 -0.2321
vn -0.8745 -0.4226 0.2381
vn -0.8189 -0.1408 -0.5564
vn -0.6908 -0.2283 -0.6860
vn -0.9990 0.0401 0.0173
vn -0.6048 -0.0839 0.7919
vn -0.3172 -0.1768 0.9317
vn -0.2591 -0.3058 0.9162
vn -0.3946 -0.5506 0.7356
vn -0.6348 -0.7685 -0.0803
vn -0.6998 -0.4051 -0.5883
vn -0.5681 0.0786 -0.8192
vn -0.4196 -0.0798 -0.9042
vn -0.5772 0.1958 -0.7928
vn -0.6162 0.3238 0.7180
vn -0.5235 0.4216 0.7404
vn 0.0340 -0.0052 0.9994
vn 0.0354 0.0809 0.9961
vn 0.1081 -0.1697 0.9796
vn 0.1724 -0.2233 0.9594
vn 0.0291 -0.8052 0.5923
vn -0.1071 -0.8064 0.5816
vn -0.3937 -0.3084 -0.8659
vn -0.3107 -0.3958 -0.8642
vn -0.3926 0.1709 -0.9037
vn -0.2947 -0.0174 -0.9554
vn -0.4358 0.2769 -0.8564
vn -0.0832 0.4205 0.9035
vn -0.2534 0.6281 0.7357
vn 0.1821 0.0615 0.9814
vn 0.2546 -0.0994 0.9619
vn 0.3363 -0.5110 0.7911
vn 0.3616 -0.7371 0.5709
vn -0.2160 -0.2211 -0.9510
vn -0.1621 -0.3307 -0.9297
vn -0.2884 0.2211 -0.9316
vn -0.2225 0.0174 -0.9748
vn -0.3245 0.3307 -0.8862
vn 0.1043 0.5110 0.8532
vn -0.0277 0.7371 0.6752
vn 0.2605 0.0994 0.9603
vn 0.3330 -0.0615 0.9409
vn 0.5238 -0.4205 0.7408
vn 0.5873 -0.6281 0.5105
vn -0.1119 -0.1709 -0.9789
vn -0.0508 -0.2769 -0.9595
vn -0.0920 0.3084 -0.9468
vn -0.0888 0.0798 -0.9928
vn -0.1630 0.3958 -0.9038
vn 0.3835 0.8064 0.4501
vn 0.2710 0.8052 0.5275
vn 0.3962 0.1697 0.9024
vn 0.3304 0.2233 0.9170
vn 0.4703 0.0052 0.8825
vn 0.4674 -0.0809 0.8803
vn 0.8236 -0.4216 0.3794
vn 0.8926 -0.3238 0.3137
vn 0.0823 -0.0786 -0.9935
vn 0.1035 -0.1958 -0.9752
vn 0.3119 0.4051 -0.8594
vn 0.2552 0.2283 -0.9395
vn 0.5096 0.7685 -0.3870
vn 0.7095 0.5506 0.4398
vn 0.6825 0.3058 0.6639
vn 0.7406 0.1768 0.6483
vn 0.9197 0.0839 0.3834
vn 0.8738 -0.0401 -0.4846
vn 0.4309 0.1408 -0.8913
vn 0.8764 0.4226 -0.2310
vn -0.8754 -0.4226 0.2348
vn -0.9190 -0.0579 -0.3899
vn -0.7902 -0.2908 -0.5395
vn -0.9847 0.1518 0.0859
vn -0.7438 0.0583 0.6659
vn -0.4901 -0.1712 0.8547
vn -0.3771 -0.4220 0.8244
vn -0.3933 -0.7198 0.5720
vn -0.5365 -0.8432 -0.0342
vn -0.6904 -0.5655 -0.4512
vn -0.6980 0.2320 -0.6774
vn -0.5063 -0.1251 -0.8533
vn -0.7403 0.4184 -0.5262
vn -0.4791 0.4334 0.7633
vn -0.6542 0.5868 0.4771
vn -0.1123 0.0485 0.9925
vn 0.0497 -0.3110 0.9491
vn 0.0695 -0.7844 0.6163
vn 0.0407 -0.9559 0.2910
vn -0.3542 -0.5313 -0.7696
vn -0.2309 -0.7124 -0.6626
vn -0.4866 0.3695 -0.7916
vn -0.3177 -0.0287 -0.9478
vn -0.5415 0.5627 -0.6246
vn -0.4041 0.8011 0.4414
vn -0.4004 0.8035 0.4406
vn 0.1058 0.1561 0.9821
vn 0.0123 0.3279 0.9446
vn 0.2738 -0.2167 0.9371
vn 0.3352 -0.3889 0.8581
vn 0.3669 -0.9001 0.2350
vn 0.3628 -0.9015 0.2359
vn -0.1217 -0.4406 -0.8894
vn -0.0004 -0.6386 -0.7695
vn -0.3393 0.4406 -0.8311
vn -0.1988 0.0287 -0.9796
vn -0.3844 0.6386 -0.6667
vn -0.1962 0.9015 0.3857
vn -0.2003 0.9001 0.3870
vn 0.2314 0.2167 0.9484
vn 0.1388 0.3889 0.9107
vn 0.3994 -0.1561 0.9034
vn 0.4617 -0.3279 0.8242
vn 0.5670 -0.8035 0.1814
vn 0.5707 -0.8011 0.1802
vn 0.0256 -0.3695 -0.9289
vn 0.1567 -0.5627 -0.8116
vn -0.0780 0.5313 -0.8436
vn 0.0118 0.1251 -0.9921
vn -0.1313 0.7124 -0.6893
vn 0.2480 0.7844 0.5685
vn 0.1103 0.9559 0.2723
vn 0.4315 0.3110 0.8468
vn 0.5935 -0.0485 0.8034
vn 0.7965 -0.4334 0.4215
vn 0.8051 -0.5868 0.0861
vn 0.2658 -0.2320 -0.9357
vn 0.3781 -0.4184 -0.8258
vn 0.3723 0.5655 -0.7359
vn 0.4146 0.2908 -0.8623
vn 0.4476 0.8432 -0.2979
vn 0.6266 0.7198 0.2987
vn 0.7388 0.4220 0.5254
vn 0.8518 0.1712 0.4951
vn 0.9771 -0.0583 0.2048
vn 0.8957 -0.1518 -0.4179
vn 0.6009 0.0579 -0.7972
vn 0.8755 0.4226 -0.2343
vn 0.8910 0.3768 -0.2532
vn -0.8983 -0.3768 0.2262
vn -0.0514 0.6155 0.7864
vn -0.0323 0.6228 0.7817
vn -0.0320 0.6229 0.7816
vn 0.2555 -0.0014 0.9668
vn 0.2539 -0.0020 0.9672
vn 0.4331 -0.6175 0.6566
vn 0.4113 -0.6262 0.6624
vn 0.4116 -0.6261 0.6623
vn 0.0517 -0.6154 -0.7865
vn 0.0321 -0.6229 -0.7817
vn 0.0323 -0.6228 -0.7817
vn -0.2555 0.0014 -0.9668
vn -0.2539 0.0020 -0.9672
vn -0.4328 0.6176 -0.6567
vn -0.4115 0.6261 -0.6623
vn -0.4112 0.6262 -0.6624
vn 0.0027 0.6346 0.7728
vn 0.0029 0.6347 0.7727
vn 0.2526 -0.0025 0.9676
vn 0.3743 -0.6394 0.6716
vn 0.3746 -0.6393 0.6716
vn -0.0030 -0.6348 -0.7727
vn -0.0028 -0.6347 -0.7728
vn -0.2526 0.0025 -0.9676
vn -0.3747 0.6392 -0.6715
vn -0.3745 0.6393 -0.6716
vn 0.0277 0.6417 0.7664
vn 0.0278 0.6418 0.7664
vn 0.2549 -0.0018 0.9670
vn 0.3530 -0.6457 0.6770
vn 0.3531 -0.6457 0.6770
vn -0.0279 -0.6418 -0.7664
vn -0.0278 -0.6418 -0.7664
vn -0.2549 0.0018 -0.9670
vn -0.3532 0.6457 -0.6770
vn -0.3531 0.6457 -0.6770
vn 0.0380 0.6444 0.7637
vn 0.2595 -0.0006 0.9657
vn 0.3497 -0.6466 0.6779
vn -0.0380 -0.6444 -0.7637
vn -0.2595 0.0006 -0.9657
vn -0.3497 0.6466 -0.6779
vn 0.0308 0.6425 0.7657
vn 0.0309 0.6425 0.7657
vn 0.2638 0.0006 0.9646
vn 0.3634 -0.6430 0.6741
vn 0.3636 -0.6430 0.6741
vn -0.0308 -0.6425 -0.7657
vn -0.0307 -0.6424 -0.7657
vn -0.2638 -0.0006 -0.9646
vn -0.3635 0.6430 -0.6741
vn -0.3633 0.6430 -0.6742
vn 0.0059 0.6347 0.7728
vn 0.0062 0.6348 0.7727
vn 0.2655 0.0011 0.9641
vn 0.3908 -0.6350 0.6664
vn 0.3911 -0.6349 0.6663
vn -0.0060 -0.6347 -0.7727
vn -0.0058 -0.6346 -0.7728
vn -0.2655 -0.0011 -0.9641
vn -0.3910 0.6349 -0.6664
vn -0.3907 0.6350 -0.6664
vn -0.0331 0.6201 0.7838
vn -0.0329 0.6202 0.7837
vn 0.2635 0.0003 0.9647
vn 0.4273 -0.6221 0.6561
vn 0.4275 -0.6220 0.6560
vn 0.0330 -0.6202 -0.7838
vn 0.0332 -0.6201 -0.7838
vn -0.2635 -0.0003 -0.9647
vn -0.4274 0.6220 -0.6561
vn -0.4272 0.6221 -0.6561
vn -0.0793 0.5995 0.7964
vn 0.2592 -0.0016 0.9658
vn 0.4675 -0.6044 0.6451
vn 0.0793 -0.5995 -0.7964
vn -0.2592 0.0016 -0.9658
vn -0.4675 0.6044 -0.6451
vn -0.1238 0.5760 0.8080
vn -0.1240 0.5759 0.8081
vn 0.2552 -0.0037 0.9669
vn 0.5061 -0.5836 0.6350
vn 0.5059 -0.5837 0.6351
vn 0.1239 -0.5759 -0.8081
vn 0.1236 -0.5761 -0.8080
vn -0.2552 0.0037 -0.9669
vn -0.5059 0.5837 -0.6351
vn -0.5061 0.5836 -0.6350
vn -0.1585 0.5548 0.8168
vn -0.1587 0.5546 0.8168
vn 0.2538 -0.0046 0.9673
vn 0.5384 -0.5631 0.6269
vn 0.5382 -0.5633 0.6270
vn 0.1586 -0.5547 -0.8168
vn 0.1584 -0.5549 -0.8167
vn -0.2538 0.0046 -0.9673
vn -0.5383 0.5632 -0.6269
vn -0.5385 0.5631 -0.6269
vn -0.1787 0.5410 0.8218
vn -0.1788 0.5409 0.8218
vn 0.2555 -0.0034 0.9668
vn 0.5609 -0.5472 0.6212
vn 0.5608 -0.5473 0.6213
vn 0.1787 -0.5410 -0.8218
vn -0.2555 0.0034 -0.9668
vn -0.5609 0.5472 -0.6212
vn -0.5610 0.5471 -0.6212
vn -0.1832 0.5377 0.8230
vn 0.2592 -0.0006 0.9658
vn 0.5710 -0.5397 0.6186
vn 0.1832 -0.5377 -0.8230
vn -0.2592 0.0006 -0.9658
vn -0.5710 0.5397 -0.6186
vn -0.1731 0.5452 0.8202
vn -0.1732 0.5452 0.8202
vn 0.2630 0.0022 0.9648
vn 0.5666 -0.5430 0.6198
vn 0.5665 -0.5430 0.6199
vn 0.1733 -0.5451 -0.8203
vn 0.1732 -0.5452 -0.8202
vn -0.2630 -0.0022 -0.9648
vn -0.5664 0.5431 -0.6199
vn -0.5665 0.5430 -0.6199
vn -0.1507 0.5612 0.8138
vn -0.1509 0.5610 0.8139
vn 0.2647 0.0033 0.9643
vn 0.5466 -0.5567 0.6255
vn 0.5464 -0.5569 0.6256
vn 0.1510 -0.5610 -0.8139
vn 0.1508 -0.5611 -0.8139
vn -0.2647 -0.0033 -0.9643
vn -0.5462 0.5570 -0.6256
vn -0.5465 0.5568 -0.6256
vn -0.1188 0.5816 0.8048
vn -0.1190 0.5815 0.8048
vn 0.2631 0.0024 0.9648
vn 0.5120 -0.5780 0.6354
vn 0.5118 -0.5782 0.6355
vn 0.1191 -0.5814 -0.8048
vn 0.1188 -0.5815 -0.8048
vn -0.2631 -0.0024 -0.9648
vn -0.5117 0.5782 -0.6355
vn -0.5119 0.5781 -0.6354
vn -0.0807 0.6022 0.7943
vn 0.2590 0.0002 0.9659
vn 0.4674 -0.6017 0.6477
vn 0.0807 -0.6021 -0.7943
vn 0.0807 -0.6022 -0.7943
vn -0.2590 -0.0002 -0.9659
vn -0.4674 0.6017 -0.6477
vn -0.0408 0.6197 0.7838
vn -0.0405 0.6197 0.7838
vn 0.2546 -0.0017 0.9670
vn 0.4206 -0.6225 0.6599
vn 0.4209 -0.6224 0.6599
vn 0.0405 -0.6198 -0.7837
vn 0.0407 -0.6197 -0.7838
vn -0.2547 0.0017 -0.9670
vn -0.4210 0.6224 -0.6598
vn -0.4208 0.6225 -0.6599
vn -0.0042 0.6325 0.7745
vn -0.0040 0.6326 0.7745
vn 0.3812 -0.6371 0.6699
vn 0.3814 -0.6370 0.6699
vn 0.0039 -0.6326 -0.7744
vn 0.0041 -0.6325 -0.7745
vn -0.3816 0.6370 -0.6698
vn -0.3813 0.6371 -0.6699
vn 0.0234 0.6406 0.7675
vn 0.0235 0.6406 0.7675
vn 0.2542 -0.0020 0.9672
vn 0.3561 -0.6449 0.6762
vn 0.3562 -0.6449 0.6762
vn -0.0236 -0.6406 -0.7675
vn -0.0235 -0.6406 -0.7675
vn -0.2542 0.0020 -0.9672
vn -0.3563 0.6448 -0.6762
vn -0.3562 0.6448 -0.6762
vn 0.0372 0.6442 0.7639
vn 0.2585 -0.0009 0.9660
vn 0.3489 -0.6468 0.6781
vn -0.0372 -0.6442 -0.7639
vn -0.2585 0.0009 -0.9660
vn -0.3489 0.6468 -0.6781
vn 0.0339 0.6433 0.7648
vn 0.0340 0.6433 0.7648
vn 0.2631 0.0004 0.9648
vn 0.3592 -0.6442 0.6753
vn 0.3593 -0.6441 0.6753
vn -0.0339 -0.6433 -0.7648
vn -0.0338 -0.6433 -0.7649
vn -0.2631 -0.0004 -0.9648
vn -0.3592 0.6442 -0.6753
vn -0.3591 0.6442 -0.6753
vn 0.0127 0.6369 0.7708
vn 0.0129 0.6370 0.7708
vn 0.2654 0.0011 0.9641
vn 0.3839 -0.6371 0.6683
vn 0.3842 -0.6370 0.6683
vn -0.0128 -0.6369 -0.7708
vn -0.0125 -0.6369 -0.7709
vn -0.2654 -0.0011 -0.9641
vn -0.3841 0.6371 -0.6683
vn -0.3838 0.6371 -0.6684
vn -0.0239 0.6237 0.7813
vn -0.0236 0.6239 0.7812
vn 0.2642 0.0006 0.9645
vn 0.4188 -0.6252 0.6585
vn 0.4190 -0.6252 0.6585
vn 0.0235 -0.6239 -0.7812
vn 0.0238 -0.6238 -0.7812
vn -0.2642 -0.0006 -0.9645
vn -0.4191 0.6251 -0.6585
vn -0.4189 0.6252 -0.6585
vn -0.0453 0.6152 0.7871
vn 0.2627 -0.0000 0.9649
vn 0.4381 -0.6178 0.6530
vn 0.0450 -0.6153 -0.7870
vn -0.2627 -0.0000 -0.9649
vn -0.4383 0.6177 -0.6529
vn 0.8527 -0.4936 -0.1712
vn -0.8241 0.4936 0.2780
vn 0.5205 0.5740 0.6321
vn 0.5146 0.5925 0.6197
vn 0.5157 0.5893 0.6219
vn 0.2712 -0.0093 0.9625
vn 0.3315 -0.0261 0.9431
vn 0.3317 -0.0262 0.9430
vn -0.1121 -0.5837 0.8042
vn -0.0254 -0.6475 0.7617
vn -0.0055 -0.6608 0.7505
vn -0.5203 -0.5741 -0.6322
vn -0.4911 -0.5940 -0.6372
vn -0.4855 -0.5976 -0.6381
vn -0.2692 0.0082 -0.9630
vn -0.3301 0.0256 -0.9436
vn -0.3299 0.0255 -0.9437
vn 0.1163 0.5809 -0.8056
vn 0.0211 0.6540 -0.7562
vn 0.0356 0.6436 -0.7645
vn 0.5097 0.6074 0.6093
vn 0.3146 -0.0516 0.9478
vn 0.1990 0.0783 0.9769
vn 0.3142 -0.7171 0.6221
vn 0.3484 -0.7137 0.6076
vn -0.2445 -0.3555 -0.9021
vn -0.1426 -0.5772 -0.8041
vn -0.3159 0.0502 -0.9475
vn -0.3445 0.7098 -0.6144
vn -0.3119 0.7129 -0.6280
vn 0.0032 0.0766 0.9971
vn -0.3560 0.2658 0.8959
vn -0.1899 0.4564 0.8693
vn 0.2281 -0.0878 0.9697
vn 0.7119 -0.4583 0.5321
vn 0.6842 -0.5055 0.5257
vn 0.1059 -0.1446 -0.9838
vn 0.2991 -0.3285 -0.8959
vn -0.2296 0.0879 -0.9693
vn -0.6958 0.4899 -0.5252
vn -0.7175 0.4510 -0.5308
vn -0.4513 0.1230 0.8839
vn -0.4487 0.1259 0.8848
vn 0.2459 -0.0388 0.9685
vn 0.2458 -0.0393 0.9685
vn 0.8181 -0.1865 0.5440
vn 0.8158 -0.1964 0.5440
vn 0.4438 -0.1329 -0.8862
vn 0.4458 -0.1314 -0.8854
vn -0.2455 0.0395 -0.9686
vn -0.2453 0.0400 -0.9686
vn -0.8181 0.1872 -0.5438
vn -0.8197 0.1800 -0.5437
vn -0.4089 0.3113 0.8579
vn -0.4127 0.2784 0.8673
vn 0.2969 0.0839 0.9512
vn 0.2968 0.0837 0.9513
vn 0.8368 -0.1322 0.5312
vn 0.8371 -0.1407 0.5286
vn 0.4179 -0.2675 -0.8682
vn 0.4159 -0.2915 -0.8614
vn -0.2956 -0.0827 -0.9517
vn -0.8174 0.1759 -0.5486
vn -0.8211 0.1614 -0.5475
vn -0.1885 0.6199 0.7617
vn -0.2053 0.6066 0.7681
vn 0.2451 0.0707 0.9669
vn 0.2453 0.0709 0.9669
vn 0.8376 -0.1740 0.5178
vn 0.2006 -0.6002 -0.7743
vn 0.1838 -0.6136 -0.7680
vn -0.2479 -0.0696 -0.9663
vn -0.2481 -0.0697 -0.9662
vn -0.7989 0.2388 -0.5520
vn 0.1892 0.7126 0.6756
vn 0.2400 0.6962 0.6766
vn 0.1636 0.0232 0.9863
vn 0.1494 -0.6429 0.7512
vn -0.0322 -0.6211 0.7831
vn 0.0079 -0.6278 0.7784
vn -0.2507 -0.6959 -0.6729
vn -0.2120 -0.7097 -0.6719
vn -0.1660 -0.0248 -0.9858
vn -0.1660 -0.0247 -0.9858
vn -0.2289 0.6273 -0.7444
vn -0.0568 0.6241 -0.7793
vn -0.0139 0.6203 -0.7842
vn 0.4681 0.6003 0.6485
vn 0.4721 0.5984 0.6473
vn 0.2372 0.0029 0.9714
vn 0.2378 0.0027 0.9713
vn -0.1241 -0.6004 0.7900
vn -0.1266 -0.5999 0.7900
vn -0.4758 -0.5963 -0.6466
vn -0.4732 -0.5975 -0.6474
vn -0.2366 -0.0030 -0.9716
vn -0.2373 -0.0027 -0.9714
vn 0.1232 0.6000 -0.7905
vn 0.1210 0.6003 -0.7905
vn 0.4768 0.6027 0.6399
vn 0.4905 0.5947 0.6370
vn 0.3502 -0.0303 0.9362
vn 0.3504 -0.0302 0.9361
vn 0.0348 -0.6823 0.7303
vn 0.0680 -0.7017 0.7092
vn -0.4540 -0.5974 -0.6610
vn -0.4331 -0.6044 -0.6686
vn -0.3482 0.0309 -0.9369
vn -0.3479 0.0310 -0.9370
vn -0.0451 0.6950 -0.7176
vn -0.0216 0.6798 -0.7330
vn 0.4264 0.6301 0.6490
vn 0.2950 -0.0698 0.9529
vn 0.2949 -0.0699 0.9530
vn 0.4445 -0.6841 0.5783
vn 0.4516 -0.6813 0.5762
vn -0.3448 -0.6297 -0.6961
vn -0.2946 0.0668 -0.9533
vn -0.2945 0.0669 -0.9533
vn -0.4508 0.6734 -0.5860
vn -0.4436 0.6763 -0.5881
vn -0.3778 0.2852 0.8808
vn -0.4156 0.1993 0.8875
vn -0.4258 0.1742 0.8879
vn 0.2181 -0.0951 0.9713
vn 0.2180 -0.0951 0.9713
vn 0.7677 -0.3621 0.5288
vn 0.7507 -0.4090 0.5187
vn 0.3084 -0.3503 -0.8844
vn 0.3946 -0.2093 -0.8947
vn 0.3782 -0.2381 -0.8946
vn -0.2205 0.0939 -0.9709
vn -0.2207 0.0938 -0.9708
vn -0.7635 0.3861 -0.5178
vn -0.7748 0.3509 -0.5259
vn -0.4357 0.1476 0.8879
vn -0.4358 0.1473 0.8879
vn 0.2622 -0.0005 0.9650
vn 0.2620 -0.0011 0.9651
vn 0.8294 -0.1498 0.5382
vn 0.8293 -0.1501 0.5383
vn 0.4354 -0.1457 -0.8884
vn 0.4355 -0.1454 -0.8884
vn -0.2622 0.0004 -0.9650
vn -0.2620 0.0011 -0.9651
vn -0.8293 0.1479 -0.5388
vn -0.8292 0.1482 -0.5389
vn -0.3775 0.4040 0.8332
vn -0.3869 0.3584 0.8496
vn 0.3031 0.0921 0.9485
vn 0.8197 -0.1789 0.5442
vn 0.8101 -0.2048 0.5493
vn 0.3941 -0.3479 -0.8507
vn 0.3885 -0.3821 -0.8385
vn -0.3003 -0.0906 -0.9495
vn -0.3004 -0.0907 -0.9495
vn -0.7811 0.2443 -0.5746
vn -0.7961 0.2145 -0.5659
vn -0.0957 0.6708 0.7355
vn -0.0888 0.6735 0.7339
vn 0.2235 0.0639 0.9726
vn 0.2234 0.0639 0.9726
vn 0.7728 -0.2919 0.5635
vn 0.0833 -0.6659 -0.7413
vn 0.0904 -0.6631 -0.7430
vn -0.2241 -0.0607 -0.9727
vn -0.2240 -0.0606 -0.9727
vn -0.7140 0.3578 -0.6018
vn 0.2950 0.6906 0.6603
vn 0.3332 0.6717 0.6617
vn 0.1625 0.0235 0.9864
vn -0.0478 -0.6404 0.7666
vn -0.1120 -0.6051 0.7882
vn -0.0979 -0.6132 0.7839
vn -0.3453 -0.6695 -0.6577
vn -0.3179 -0.6843 -0.6563
vn -0.1652 -0.0242 -0.9860
vn -0.1650 -0.0242 -0.9860
vn -0.0475 0.6402 -0.7667
vn 0.0450 0.6152 -0.7871
vn 0.0678 0.6080 -0.7910
vn 0.5025 0.5898 0.6322
vn 0.5003 0.5903 0.6334
vn 0.2767 -0.0089 0.9609
vn 0.2772 -0.0091 0.9608
vn -0.0930 -0.6085 0.7881
vn -0.0890 -0.6103 0.7872
vn -0.4980 -0.5902 -0.6353
vn -0.4999 -0.5898 -0.6342
vn -0.2771 0.0089 -0.9608
vn -0.2778 0.0092 -0.9606
vn 0.0939 0.6075 -0.7888
vn 0.0966 0.6063 -0.7894
vn 0.3839 0.6170 0.6870
vn 0.4199 0.6103 0.6717
vn 0.3502 -0.0301 0.9362
vn 0.1242 -0.7073 0.6960
vn 0.1690 -0.7241 0.6686
vn -0.3902 -0.3604 -0.8473
vn -0.3426 -0.6131 -0.7118
vn -0.3482 0.0316 -0.9369
vn -0.1464 0.7211 -0.6771
vn -0.1124 0.7069 -0.6983
vn 0.2496 0.6328 0.7329
vn 0.2744 -0.0763 0.9586
vn 0.2747 -0.0761 0.9585
vn 0.5654 -0.6156 0.5490
vn 0.5470 -0.6294 0.5520
vn -0.2460 -0.2561 -0.9348
vn -0.1781 -0.6173 -0.7663
vn -0.2718 0.0752 -0.9594
vn -0.5460 0.6229 -0.5603
vn -0.5645 0.6090 -0.5572
vn -0.4553 0.1685 0.8742
vn -0.4485 0.1365 0.8833
vn -0.4467 0.1284 0.8854
vn 0.2252 -0.0859 0.9705
vn 0.2250 -0.0862 0.9705
vn 0.7991 -0.2811 0.5314
vn 0.7909 -0.3148 0.5248
vn 0.4052 -0.2325 -0.8842
vn 0.4251 -0.1572 -0.8914
vn 0.4217 -0.1710 -0.8905
vn -0.2262 0.0852 -0.9704
vn -0.2263 0.0851 -0.9703
vn -0.7990 0.2942 -0.5244
vn -0.8043 0.2695 -0.5296
vn -0.4211 0.1940 0.8860
vn -0.4231 0.1843 0.8872
vn 0.2780 0.0377 0.9599
vn 0.2778 0.0372 0.9599
vn 0.8387 -0.1288 0.5291
vn 0.8405 -0.1260 0.5270
vn 0.4246 -0.1779 -0.8877
vn 0.4232 -0.1850 -0.8869
vn -0.2784 -0.0384 -0.9597
vn -0.2782 -0.0378 -0.9598
vn -0.8365 0.1346 -0.5312
vn -0.8352 0.1360 -0.5329
vn -0.3174 0.4985 0.8067
vn -0.3376 0.4528 0.8252
vn 0.5025 -0.0825 0.8606
vn 0.2928 0.0838 0.9525
vn 0.7628 -0.2720 0.5867
vn 0.3429 -0.4460 -0.8267
vn 0.3273 -0.4836 -0.8118
vn -0.5904 0.1504 -0.7930
vn -0.2912 -0.0838 -0.9530
vn -0.7125 0.3361 -0.6159
vn 0.0073 0.7024 0.7117
vn 0.0428 0.7057 0.7073
vn 0.3186 -0.0862 0.9440
vn 0.2027 0.0451 0.9782
vn 0.6026 -0.4648 0.6487
vn -0.0474 -0.7016 -0.7110
vn -0.0138 -0.6986 -0.7153
vn -0.2398 0.3653 -0.8995
vn -0.2012 -0.0435 -0.9786
vn -0.2791 0.5881 -0.7591
vn 0.3780 0.6504 0.6588
vn 0.4004 0.6373 0.6585
vn 0.1815 0.0196 0.9832
vn 0.1816 0.0196 0.9832
vn -0.1415 -0.6179 0.7734
vn -0.1422 -0.5996 0.7876
vn -0.1421 -0.6029 0.7851
vn -0.4102 -0.6337 -0.6559
vn -0.3938 -0.6439 -0.6560
vn -0.1835 -0.0190 -0.9828
vn -0.1834 -0.0190 -0.9829
vn 0.1072 0.6081 -0.7866
vn 0.1129 0.6044 -0.7887
vn 0.4963 0.5740 0.6514
vn 0.2431 0.0033 0.9700
vn -0.1427 -0.5841 0.7990
vn -0.5006 -0.5712 -0.6505
vn -0.2451 -0.0023 -0.9695
vn 0.1425 0.5842 -0.7990
vt 0.000000 0.000000
vt 0.800000 0.000000
vt 0.400000 0.000000
vt 0.600000 0.000000
vt 1.000000 0.000000
vt 0.200000 0.000000
vt 0.000000 1.000000
vt 0.041667 1.000000
vt 0.041667 0.833333
vt 0.000000 0.833333
vt 0.000000 0.166667
vt 0.041667 0.166667
vt 0.041667 0.000000
vt 0.000000 0.333333
vt 0.041667 0.333333
vt 0.000000 0.500000
vt 0.041667 0.500000
vt 0.000000 0.666667
vt 0.041667 0.666667
vt 0.083333 1.000000
vt 0.083333 0.833333
vt 0.083333 0.166667
vt 0.083333 0.000000
vt 0.083333 0.333333
vt 0.083333 0.500000
vt 0.083333 0.666667
vt 0.125000 1.000000
vt 0.125000 0.833333
vt 0.125000 0.166667
vt 0.125000 0.000000
vt 0.125000 0.333333
vt 0.125000 0.500000
vt 0.125000 0.666667
vt 0.166667 1.000000
vt 0.166667 0.833333
vt 0.166667 0.166667
vt 0.166667 0.000000
vt 0.166667 0.333333
vt 0.166667 0.500000
vt 0.166667 0.666667
vt 0.208333 1.000000
vt 0.208333 0.833333
vt 0.208333 0.166667
vt 0.208333 0.000000
vt 0.208333 0.333333
vt 0.208333 0.500000
vt 0.208333 0.666667
vt 0.250000 1.000000
vt 0.250000 0.833333
vt 0.250000 0.166667
vt 0.250000 0.000000
vt 0.250000 0.333333
vt 0.250000 0.500000
vt 0.250000 0.666667
vt 0.291667 1.000000
vt 0.291667 0.833333
vt 0.291667 0.166667
vt 0.291667 0.000000
vt 0.291667 0.333333
vt 0.291667 0.500000
vt 0.291667 0.666667
vt 0.333333 1.000000
vt 0.333333 0.833333
vt 0.333333 0.166667
vt 0.333333 0.000000
vt 0.333333 0.333333
vt 0.333333 0.500000
vt 0.333333 0.666667
vt 0.375000 1.000000
vt 0.375000 0.833333
vt 0.375000 0.166667
vt 0.375000 0.000000
vt 0.375000 0.333333
vt 0.375000 0.500000
vt 0.375000 0.666667
vt 0.416667 1.000000
vt 0.416667 0.833333
vt 0.416667 0.166667
vt 0.416667 0.000000
vt 0.416667 0.333333
vt 0.416667 0.500000
vt 0.416667 0.666667
vt 0.458333 1.000000
vt 0.458333 0.833333
vt 0.458333 0.166667
vt 0.458333 0.000000
vt 0.458333 0.333333
vt 0.458333 0.500000
vt 0.458333 0.666667
vt 0.500000 1.000000
vt 0.500000 0.833333
vt 0.500000 0.166667
vt 0.500000 0.000000
vt 0.500000 0.333333
vt 0.500000 0.500000
vt 0.500000 0.666667
vt 0.541667 1.000000
vt 0.541667 0.833333
vt 0.541667 0.166667
vt 0.541667 0.000000
vt 0.541667 0.333333
vt 0.541667 0.500000
vt 0.541667 0.666667
vt 0.583333 1.000000
vt 0.583333 0.833333
vt 0.583333 0.166667
vt 0.583333 0.000000
vt 0.583333 0.333333
vt 0.583333 0.500000
vt 0.583333 0.666667
vt 0.625000 1.000000
vt 0.625000 0.833333
vt 0.625000 0.166667
vt 0.625000 0.000000
vt 0.625000 0.333333
vt 0.625000 0.500000
vt 0.625000 0.666667
vt 0.666667 1.000000
vt 0.666667 0.833333
vt 0.666667 0.166667
vt 0.666667 0.000000
vt 0.666667 0.333333
vt 0.666667 0.500000
vt 0.666667 0.666667
vt 0.708333 1.000000
vt 0.708333 0.833333
vt 0.708333 0.166667
vt 0.708333 0.000000
vt 0.708333 0.333333
vt 0.708333 0.500000
vt 0.708333 0.666667
vt 0.750000 1.000000
vt 0.750000 0.833333
vt 0.750000 0.166667
vt 0.750000 0.000000
vt 0.750000 0.333333
vt 0.750000 0.500000
vt 0.750000 0.666667
vt 0.791667 1.000000
vt 0.791667 0.833333
vt 0.791667 0.166667
vt 0.791667 0.000000
vt 0.791667 0.333333
vt 0.791667 0.500000
vt 0.791667 0.666667
vt 0.833333 1.000000
vt 0.833333 0.833333
vt 0.833333 0.166667
vt 0.833333 0.000000
vt 0.833333 0.333333
vt 0.833333 0.500000
vt 0.833333 0.666667
vt 0.875000 1.000000
vt 0.875000 0.833333
vt 0.875000 0.166667
vt 0.875000 0.000000
vt 0.875000 0.333333
vt 0.875000 0.500000
vt 0.875000 0.666667
vt 0.916667 1.000000
vt 0.916667 0.833333
vt 0.916667 0.166667
vt 0.916667 0.000000
vt 0.916667 0.333333
vt 0.916667 0.500000
vt 0.916667 0.666667
vt 0.958333 1.000000
vt 0.958333 0.833333
vt 0.958333 0.166667
vt 0.958333 0.000000
vt 0.958333 0.333333
vt 0.958333 0.500000
vt 0.958333 0.666667
vt 1.000000 1.000000
vt 1.000000 0.833333
vt 1.000000 0.166667
vt 1.000000 0.333333
vt 1.000000 0.500000
vt 1.000000 0.666667
s 1
usemtl gold
f 2/1/1 8/1/2 9/1/3 3/1/4
f 3/1/5 9/1/6 7/1/7 1/1/8
f 11/1/9 5/1/10 6/1/11 12/1/12
f 12/1/13 6/1/14 4/1/15 10/1/16
f 8/1/2 14/1/17 15/1/18 9/1/3
f 9/1/6 15/1/19 13/1/20 7/1/7
f 17/1/21 11/1/9 12/1/12 18/1/22
f 18/1/23 12/1/13 10/1/16 16/1/24
f 14/1/17 20/1/25 21/1/26 15/1/18
f 15/1/19 21/1/27 19/1/28 13/1/20
f 23/1/29 17/1/21 18/1/22 24/1/30
f 24/1/31 18/1/23 16/1/24 22/1/32
f 20/1/25 26/1/33 27/1/34 21/1/26
f 21/1/27 27/1/35 25/1/36 19/1/28
f 29/1/37 23/1/29 24/1/30 30/1/38
f 30/1/39 24/1/31 22/1/32 28/1/40
f 26/1/33 32/1/41 33/1/42 27/1/34
f 27/1/35 33/1/43 31/1/44 25/1/36
f 35/1/45 29/1/37 30/1/38 36/1/46
f 36/1/47 30/1/39 28/1/40 34/1/48
f 32/1/41 38/1/49 39/1/50 33/1/42
f 33/1/43 39/1/51 37/1/52 31/1/44
f 41/1/53 35/1/45 36/1/46 42/1/54
f 42/1/55 36/1/47 34/1/48 40/1/56
f 38/1/49 44/1/57 45/1/58 39/1/50
f 39/1/51 45/1/59 43/1/60 37/1/52
f 47/1/61 41/1/53 42/1/54 48/1/62
f 48/1/63 42/1/55 40/1/56 46/1/64
f 44/1/57 50/1/65 51/1/66 45/1/58
f 45/1/59 51/1/67 49/1/68 43/1/60
f 53/1/69 47/1/61 48/1/62 54/1/70
f 54/1/71 48/1/63 46/1/64 52/1/72
f 50/1/65 56/1/73 57/1/74 51/1/66
f 51/1/67 57/1/75 55/1/76 49/1/68
f 59/1/77 53/1/69 54/1/70 60/1/78
f 60/1/79 54/1/71 52/1/72 58/1/80
f 56/1/73 62/1/81 63/1/82 57/1/74
f 57/1/75 63/1/83 61/1/84 55/1/76
f 65/1/85 59/1/77 60/1/78 66/1/86
f 66/1/87 60/1/79 58/1/80 64/1/88
f 62/1/81 68/1/89 69/1/90 63/1/82
f 63/1/83 69/1/91 67/1/92 61/1/84
f 71/1/93 65/1/85 66/1/86 72/1/94
f 72/1/95 66/1/87 64/1/88 70/1/96
f 68/1/89 74/1/97 75/1/98 69/1/90
f 69/1/91 75/1/99 73/1/100 67/1/92
f 77/1/101 71/1/93 72/1/94 78/1/102
f 78/1/103 72/1/95 70/1/96 76/1/104
f 74/1/97 80/1/105 81/1/106 75/1/98
f 75/1/99 81/1/107 79/1/108 73/1/100
f 83/1/109 77/1/101 78/1/102 84/1/110
f 84/1/111 78/1/103 76/1/104 82/1/112
f 80/1/105 86/1/113 87/1/114 81/1/106
f 81/1/107 87/1/115 85/1/116 79/1/108
f 89/1/117 83/1/109 84/1/110 90/1/118
f 90/1/119 84/1/111 82/1/112 88/1/120
f 86/1/113 92/1/121 93/1/122 87/1/114
f 87/1/115 93/1/123 91/1/124 85/1/116
f 95/1/125 89/1/117 90/1/118 96/1/126
f 96/1/127 90/1/119 88/1/120 94/1/128
f 92/1/121 98/1/129 99/1/130 93/1/122
f 93/1/123 99/1/131 97/1/132 91/1/124
f 101/1/133 95/1/125 96/1/126 102/1/134
f 102/1/135 96/1/127 94/1/128 100/1/136
f 98/1/129 104/1/137 105/1/138 99/1/130
f 99/1/131 105/1/139 103/1/140 97/1/132
f 107/1/141 101/1/133 102/1/134 108/1/142
f 108/1/143 102/1/135 100/1/136 106/1/144
f 104/1/137 110/1/145 111/1/146 105/1/138
f 105/1/139 111/1/147 109/1/148 103/1/140
f 113/1/149 107/1/141 108/1/142 114/1/150
f 114/1/151 108/1/143 106/1/144 112/1/152
f 110/1/145 116/1/153 117/1/154 111/1/146
f 111/1/147 117/1/155 115/1/156 109/1/148
f 119/1/157 113/1/149 114/1/150 120/1/158
f 120/1/159 114/1/151 112/1/152 118/1/160
f 116/1/153 122/1/161 123/1/162 117/1/154
f 117/1/155 123/1/163 121/1/164 115/1/156
f 125/1/165 119/1/157 120/1/158 126/1/166
f 126/1/167 120/1/159 118/1/160 124/1/168
f 122/1/161 128/1/169 129/1/170 123/1/162
f 123/1/163 129/1/171 127/1/172 121/1/164
f 131/1/173 125/1/165 126/1/166 132/1/174
f 132/1/175 126/1/167 124/1/168 130/1/176
f 128/1/169 134/1/177 135/1/178 129/1/170
f 129/1/171 135/1/179 133/1/180 127/1/172
f 137/1/181 131/1/173 132/1/174 138/1/182
f 138/1/183 132/1/175 130/1/176 136/1/184
f 134/1/177 140/1/185 141/1/186 135/1/178
f 135/1/179 141/1/187 139/1/188 133/1/180
f 143/1/189 137/1/181 138/1/182 144/1/190
f 144/1/191 138/1/183 136/1/184 142/1/192
f 140/1/185 146/1/193 147/1/194 141/1/186
f 141/1/187 147/1/195 145/1/196 139/1/188
f 149/1/197 143/1/189 144/1/190 150/1/198
f 150/1/199 144/1/191 142/1/192 148/1/200
f 146/1/193 152/1/201 153/1/202 147/1/194
f 147/1/195 153/1/203 151/1/204 145/1/196
f 155/1/205 149/1/197 150/1/198 156/1/206
f 156/1/207 150/1/199 148/1/200 154/1/208
f 152/1/201 158/1/209 159/1/210 153/1/202
f 153/1/203 159/1/211 157/1/212 151/1/204
f 161/1/213 155/1/205 156/1/206 162/1/214
f 162/1/215 156/1/207 154/1/208 160/1/216
f 158/1/209 164/1/217 165/1/218 159/1/210
f 159/1/211 165/1/219 163/1/220 157/1/212
f 167/1/221 161/1/213 162/1/214 168/1/222
f 168/1/223 162/1/215 160/1/216 166/1/224
f 164/1/217 170/1/225 171/1/226 165/1/218
f 165/1/219 171/1/227 169/1/228 163/1/220
f 173/1/229 167/1/221 168/1/222 174/1/230
f 174/1/231 168/1/223 166/1/224 172/1/232
f 170/1/225 176/1/233 177/1/234 171/1/226
f 171/1/227 177/1/235 175/1/236 169/1/228
f 179/1/237 173/1/229 174/1/230 180/1/238
f 180/1/239 174/1/231 172/1/232 178/1/240
f 176/1/233 182/1/241 183/1/242 177/1/234
f 177/1/235 183/1/243 181/1/244 175/1/236
f 185/1/245 179/1/237 180/1/238 186/1/246
f 186/1/247 180/1/239 178/1/240 184/1/248
f 182/1/241 188/1/249 189/1/250 183/1/242
f 183/1/243 189/1/251 187/1/252 181/1/244
f 191/1/253 185/1/245 186/1/246 192/1/254
f 192/1/255 186/1/247 184/1/248 190/1/256
f 188/1/249 194/1/257 195/1/258 189/1/250
f 189/1/251 195/1/259 193/1/260 187/1/252
f 197/1/261 191/1/253 192/1/254 198/1/262
f 198/1/263 192/1/255 190/1/256 196/1/264
f 194/1/257 200/1/265 201/1/266 195/1/258
f 195/1/259 201/1/267 199/1/268 193/1/260
f 203/1/269 197/1/261 198/1/262 204/1/270
f 204/1/271 198/1/263 196/1/264 202/1/272
f 200/1/265 206/1/273 207/1/274 201/1/266
f 201/1/267 207/1/275 205/1/276 199/1/268
f 209/1/277 203/1/269 204/1/270 210/1/278
f 210/1/279 204/1/271 202/1/272 208/1/280
f 206/1/273 212/1/281 213/1/282 207/1/274
f 207/1/275 213/1/283 211/1/284 205/1/276
f 215/1/285 209/1/277 210/1/278 216/1/286
f 216/1/287 210/1/279 208/1/280 214/1/288
f 212/1/281 218/1/289 219/1/290 213/1/282
f 213/1/283 219/1/291 217/1/292 211/1/284
f 221/1/293 215/1/285 216/1/286 222/1/294
f 222/1/295 216/1/287 214/1/288 220/1/296
f 218/1/289 224/1/297 225/1/298 219/1/290
f 219/1/291 225/1/299 223/1/300 217/1/292
f 227/1/301 221/1/293 222/1/294 228/1/302
f 228/1/303 222/1/295 220/1/296 226/1/304
f 224/1/297 230/1/305 231/1/306 225/1/298
f 225/1/299 231/1/307 229/1/308 223/1/300
f 233/1/309 227/1/301 228/1/302 234/1/310
f 234/1/311 228/1/303 226/1/304 232/1/312
f 230/1/305 236/1/313 237/1/314 231/1/306
f 231/1/307 237/1/315 235/1/316 229/1/308
f 239/1/317 233/1/309 234/1/310 240/1/318
f 240/1/319 234/1/311 232/1/312 238/1/320
f 236/1/313 2/1/1 3/1/4 237/1/314
f 237/1/315 3/1/5 1/1/8 235/1/316
f 5/1/10 239/1/317 240/1/318 6/1/11
f 6/1/14 240/1/319 238/1/320 4/1/15
f 1/1/8 7/1/7 13/1/20 19/1/28 25/1/36 31/1/44 37/1/52 43/1/60 49/1/68 55/1/76 61/1/84 67/1/92 73/1/100 79/1/108 85/1/116 91/1/124 97/1/132 103/1/140 109/1/148 115/1/156 121/1/164 127/1/172 133/1/180 139/1/188 145/1/196 151/1/204 157/1/212 163/1/220 169/1/228 175/1/236 181/1/244 187/1/252 193/1/260 199/1/268 205/1/276 211/1/284 217/1/292 223/1/300 229/1/308 235/1/316
f 2/1/1 5/1/10 11/1/9 8/1/2
f 236/1/313 239/1/317 5/1/10 2/1/1
f 10/1/16 4/1/15 238/1/320 232/1/312 226/1/304 220/1/296 214/1/288 208/1/280 202/1/272 196/1/264 190/1/256 184/1/248 178/1/240 172/1/232 166/1/224 160/1/216 154/1/208 148/1/200 142/1/192 136/1/184 130/1/176 124/1/168 118/1/160 112/1/152 106/1/144 100/1/136 94/1/128 88/1/120 82/1/112 76/1/104 70/1/96 64/1/88 58/1/80 52/1/72 46/1/64 40/1/56 34/1/48 28/1/40 22/1/32 16/1/24
f 8/1/2 11/1/9 17/1/21 14/1/17
f 14/1/17 17/1/21 23/1/29 20/1/25
f 20/1/25 23/1/29 29/1/37 26/1/33
f 26/1/33 29/1/37 35/1/45 32/1/41
f 32/1/41 35/1/45 41/1/53 38/1/49
f 38/1/49 41/1/53 47/1/61 44/1/57
f 44/1/57 47/1/61 53/1/69 50/1/65
f 50/1/65 53/1/69 59/1/77 56/1/73
f 56/1/73 59/1/77 65/1/85 62/1/81
f 62/1/81 65/1/85 71/1/93 68/1/89
f 68/1/89 71/1/93 77/1/101 74/1/97
f 74/1/97 77/1/101 83/1/109 80/1/105
f 80/1/105 83/1/109 89/1/117 86/1/113
f 86/1/113 89/1/117 95/1/125 92/1/121
f 92/1/121 95/1/125 101/1/133 98/1/129
f 98/1/129 101/1/133 107/1/141 104/1/137
f 104/1/137 107/1/141 113/1/149 110/1/145
f 110/1/145 113/1/149 119/1/157 116/1/153
f 116/1/153 119/1/157 125/1/165 122/1/161
f 122/1/161 125/1/165 131/1/173 128/1/169
f 128/1/169 131/1/173 137/1/181 134/1/177
f 134/1/177 137/1/181 143/1/189 140/1/185
f 140/1/185 143/1/189 149/1/197 146/1/193
f 146/1/193 149/1/197 155/1/205 152/1/201
f 152/1/201 155/1/205 161/1/213 158/1/209
f 158/1/209 161/1/213 167/1/221 164/1/217
f 164/1/217 167/1/221 173/1/229 170/1/225
f 170/1/225 173/1/229 179/1/237 176/1/233
f 176/1/233 179/1/237 185/1/245 182/1/241
f 182/1/241 185/1/245 191/1/253 188/1/249
f 188/1/249 191/1/253 197/1/261 194/1/257
f 194/1/257 197/1/261 203/1/269 200/1/265
f 200/1/265 203/1/269 209/1/277 206/1/273
f 206/1/273 209/1/277 215/1/285 212/1/281
f 212/1/281 215/1/285 221/1/293 218/1/289
f 218/1/289 221/1/293 227/1/301 224/1/297
f 224/1/297 227/1/301 233/1/309 230/1/305
f 230/1/305 233/1/309 239/1/317 236/1/313
f 801/1/401 802/1/401 804/1/401 803/1/401
f 803/1/523 804/1/523 808/1/523 807/1/523
f 807/1/421 808/1/421 806/1/421 805/1/421
f 805/1/522 806/1/522 802/1/522 801/1/522
f 803/1/411 807/1/411 805/1/411 801/1/411
f 808/1/431 804/1/431 802/1/431 806/1/431
f 809/1/528 810/1/528 812/1/528 811/1/528
f 811/1/523 812/1/523 816/1/523 815/1/523
f 815/1/529 816/1/529 814/1/529 813/1/529
f 813/1/522 814/1/522 810/1/522 809/1/522
f 811/1/530 815/1/530 813/1/530 809/1/530
f 816/1/531 812/1/531 810/1/531 814/1/531
f 817/1/532 818/1/532 820/1/532 819/1/532
f 819/1/523 820/1/523 824/1/523 823/1/523
f 823/1/533 824/1/533 822/1/533 821/1/533
f 821/1/522 822/1/522 818/1/522 817/1/522
f 819/1/534 823/1/534 821/1/534 817/1/534
f 824/1/535 820/1/535 818/1/535 822/1/535
f 825/1/536 826/1/536 828/1/536 827/1/536
f 827/1/523 828/1/523 832/1/523 831/1/523
f 831/1/537 832/1/537 830/1/537 829/1/537
f 829/1/522 830/1/522 826/1/522 825/1/522
f 827/1/538 831/1/538 829/1/538 825/1/538
f 832/1/539 828/1/539 826/1/539 830/1/539
f 833/1/540 834/1/540 836/1/540 835/1/540
f 835/1/523 836/1/523 840/1/523 839/1/523
f 839/1/541 840/1/541 838/1/541 837/1/541
f 837/1/522 838/1/522 834/1/522 833/1/522
f 835/1/542 839/1/542 837/1/542 833/1/542
f 840/1/543 836/1/543 834/1/543 838/1/543
f 841/1/544 842/1/544 844/1/544 843/1/544
f 843/1/523 844/1/523 848/1/523 847/1/523
f 847/1/545 848/1/545 846/1/545 845/1/545
f 845/1/522 846/1/522 842/1/522 841/1/522
f 843/1/546 847/1/546 845/1/546 841/1/546
f 848/1/547 844/1/547 842/1/547 846/1/547
f 849/1/548 850/1/548 852/1/548 851/1/548
f 851/1/523 852/1/523 856/1/523 855/1/523
f 855/1/549 856/1/549 854/1/549 853/1/549
f 853/1/522 854/1/522 850/1/522 849/1/522
f 851/1/550 855/1/550 853/1/550 849/1/550
f 856/1/551 852/1/551 850/1/551 854/1/551
f 857/1/552 858/1/552 860/1/552 859/1/552
f 859/1/523 860/1/523 864/1/523 863/1/523
f 863/1/553 864/1/553 862/1/553 861/1/553
f 861/1/522 862/1/522 858/1/522 857/1/522
f 859/1/554 863/1/554 861/1/554 857/1/554
f 864/1/555 860/1/555 858/1/555 862/1/555
f 865/1/556 866/1/556 868/1/556 867/1/556
f 867/1/523 868/1/523 872/1/523 871/1/523
f 871/1/557 872/1/557 870/1/557 869/1/557
f 869/1/522 870/1/522 866/1/522 865/1/522
f 867/1/558 871/1/558 869/1/558 865/1/558
f 872/1/559 868/1/559 866/1/559 870/1/559
f 873/1/411 874/1/411 876/1/411 875/1/411
f 875/1/523 876/1/523 880/1/523 879/1/523
f 879/1/431 880/1/431 878/1/431 877/1/431
f 877/1/522 878/1/522 874/1/522 873/1/522
f 875/1/421 879/1/421 877/1/421 873/1/421
f 880/1/401 876/1/401 874/1/401 878/1/401
f 881/1/530 882/1/530 884/1/530 883/1/530
f 883/1/523 884/1/523 888/1/523 887/1/523
f 887/1/531 888/1/531 886/1/531 885/1/531
f 885/1/522 886/1/522 882/1/522 881/1/522
f 883/1/529 887/1/529 885/1/529 881/1/529
f 888/1/528 884/1/528 882/1/528 886/1/528
f 889/1/534 890/1/534 892/1/534 891/1/534
f 891/1/523 892/1/523 896/1/523 895/1/523
f 895/1/535 896/1/535 894/1/535 893/1/535
f 893/1/522 894/1/522 890/1/522 889/1/522
f 891/1/533 895/1/533 893/1/533 889/1/533
f 896/1/532 892/1/532 890/1/532 894/1/532
f 897/1/538 898/1/538 900/1/538 899/1/538
f 899/1/523 900/1/523 904/1/523 903/1/523
f 903/1/539 904/1/539 902/1/539 901/1/539
f 901/1/522 902/1/522 898/1/522 897/1/522
f 899/1/537 903/1/537 901/1/537 897/1/537
f 904/1/536 900/1/536 898/1/536 902/1/536
f 905/1/542 906/1/542 908/1/542 907/1/542
f 907/1/523 908/1/523 912/1/523 911/1/523
f 911/1/543 912/1/543 910/1/543 909/1/543
f 909/1/522 910/1/522 906/1/522 905/1/522
f 907/1/541 911/1/541 909/1/541 905/1/541
f 912/1/540 908/1/540 906/1/540 910/1/540
f 913/1/546 914/1/546 916/1/546 915/1/546
f 915/1/523 916/1/523 920/1/523 919/1/523
f 919/1/547 920/1/547 918/1/547 917/1/547
f 917/1/522 918/1/522 914/1/522 913/1/522
f 915/1/545 919/1/545 917/1/545 913/1/545
f 920/1/544 916/1/544 914/1/544 918/1/544
f 921/1/550 922/1/550 924/1/550 923/1/550
f 923/1/523 924/1/523 928/1/523 927/1/523
f 927/1/551 928/1/551 926/1/551 925/1/551
f 925/1/522 926/1/522 922/1/522 921/1/522
f 923/1/549 927/1/549 925/1/549 921/1/549
f 928/1/548 924/1/548 922/1/548 926/1/548
f 929/1/554 930/1/554 932/1/554 931/1/554
f 931/1/523 932/1/523 936/1/523 935/1/523
f 935/1/555 936/1/555 934/1/555 933/1/555
f 933/1/522 934/1/522 930/1/522 929/1/522
f 931/1/553 935/1/553 933/1/553 929/1/553
f 936/1/552 932/1/552 930/1/552 934/1/552
f 937/1/558 938/1/558 940/1/558 939/1/558
f 939/1/523 940/1/523 944/1/523 943/1/523
f 943/1/559 944/1/559 942/1/559 941/1/559
f 941/1/522 942/1/522 938/1/522 937/1/522
f 939/1/557 943/1/557 941/1/557 937/1/557
f 944/1/556 940/1/556 938/1/556 942/1/556
f 945/1/421 946/1/421 948/1/421 947/1/421
f 947/1/523 948/1/523 952/1/523 951/1/523
f 951/1/401 952/1/401 950/1/401 949/1/401
f 949/1/522 950/1/522 946/1/522 945/1/522
f 947/1/431 951/1/431 949/1/431 945/1/431
f 952/1/411 948/1/411 946/1/411 950/1/411
f 953/1/529 954/1/529 956/1/529 955/1/529
f 955/1/523 956/1/523 960/1/523 959/1/523
f 959/1/528 960/1/528 958/1/528 957/1/528
f 957/1/522 958/1/522 954/1/522 953/1/522
f 955/1/531 959/1/531 957/1/531 953/1/531
f 960/1/530 956/1/530 954/1/530 958/1/530
f 961/1/533 962/1/533 964/1/533 963/1/533
f 963/1/523 964/1/523 968/1/523 967/1/523
f 967/1/532 968/1/532 966/1/532 965/1/532
f 965/1/522 966/1/522 962/1/522 961/1/522
f 963/1/535 967/1/535 965/1/535 961/1/535
f 968/1/534 964/1/534 962/1/534 966/1/534
f 969/1/537 970/1/537 972/1/537 971/1/537
f 971/1/523 972/1/523 976/1/523 975/1/523
f 975/1/536 976/1/536 974/1/536 973/1/536
f 973/1/522 974/1/522 970/1/522 969/1/522
f 971/1/539 975/1/539 973/1/539 969/1/539
f 976/1/538 972/1/538 970/1/538 974/1/538
f 977/1/541 978/1/541 980/1/541 979/1/541
f 979/1/523 980/1/523 984/1/523 983/1/523
f 983/1/540 984/1/540 982/1/540 981/1/540
f 981/1/522 982/1/522 978/1/522 977/1/522
f 979/1/543 983/1/543 981/1/543 977/1/543
f 984/1/542 980/1/542 978/1/542 982/1/542
f 985/1/545 986/1/545 988/1/545 987/1/545
f 987/1/523 988/1/523 992/1/523 991/1/523
f 991/1/544 992/1/544 990/1/544 989/1/544
f 989/1/522 990/1/522 986/1/522 985/1/522
f 987/1/547 991/1/547 989/1/547 985/1/547
f 992/1/546 988/1/546 986/1/546 990/1/546
f 993/1/549 994/1/549 996/1/549 995/1/549
f 995/1/523 996/1/523 1000/1/523 999/1/523
f 999/1/548 1000/1/548 998/1/548 997/1/548
f 997/1/522 998/1/522 994/1/522 993/1/522
f 995/1/551 999/1/551 997/1/551 993/1/551
f 1000/1/550 996/1/550 994/1/550 998/1/550
f 1001/1/553 1002/1/553 1004/1/553 1003/1/553
f 1003/1/523 1004/1/523 1008/1/523 1007/1/523
f 1007/1/552 1008/1/552 1006/1/552 1005/1/552
f 1005/1/522 1006/1/522 1002/1/522 1001/1/522
f 1003/1/555 1007/1/555 1005/1/555 1001/1/555
f 1008/1/554 1004/1/554 1002/1/554 1006/1/554
f 1009/1/557 1010/1/557 1012/1/557 1011/1/557
f 1011/1/523 1012/1/523 1016/1/523 1015/1/523
f 1015/1/556 1016/1/556 1014/1/556 1013/1/556
f 1013/1/522 1014/1/522 1010/1/522 1009/1/522
f 1011/1/559 1015/1/559 1013/1/559 1009/1/559
f 1016/1/558 1012/1/558 1010/1/558 1014/1/558
f 1017/1/431 1018/1/431 1020/1/431 1019/1/431
f 1019/1/523 1020/1/523 1024/1/523 1023/1/523
f 1023/1/411 1024/1/411 1022/1/411 1021/1/411
f 1021/1/522 1022/1/522 1018/1/522 1017/1/522
f 1019/1/401 1023/1/401 1021/1/401 1017/1/401
f 1024/1/421 1020/1/421 1018/1/421 1022/1/421
f 1025/1/531 1026/1/531 1028/1/531 1027/1/531
f 1027/1/523 1028/1/523 1032/1/523 1031/1/523
f 1031/1/530 1032/1/530 1030/1/530 1029/1/530
f 1029/1/522 1030/1/522 1026/1/522 1025/1/522
f 1027/1/528 1031/1/528 1029/1/528 1025/1/528
f 1032/1/529 1028/1/529 1026/1/529 1030/1/529
f 1033/1/535 1034/1/535 1036/1/535 1035/1/535
f 1035/1/523 1036/1/523 1040/1/523 1039/1/523
f 1039/1/534 1040/1/534 1038/1/534 1037/1/534
f 1037/1/522 1038/1/522 1034/1/522 1033/1/522
f 1035/1/532 1039/1/532 1037/1/532 1033/1/532
f 1040/1/533 1036/1/533 1034/1/533 1038/1/533
f 1041/1/539 1042/1/539 1044/1/539 1043/1/539
f 1043/1/523 1044/1/523 1048/1/523 1047/1/523
f 1047/1/538 1048/1/538 1046/1/538 1045/1/538
f 1045/1/522 1046/1/522 1042/1/522 1041/1/522
f 1043/1/536 1047/1/536 1045/1/536 1041/1/536
f 1048/1/537 1044/1/537 1042/1/537 1046/1/537
f 1049/1/543 1050/1/543 1052/1/543 1051/1/543
f 1051/1/523 1052/1/523 1056/1/523 1055/1/523
f 1055/1/542 1056/1/542 1054/1/542 1053/1/542
f 1053/1/522 1054/1/522 1050/1/522 1049/1/522
f 1051/1/540 1055/1/540 1053/1/540 1049/1/540
f 1056/1/541 1052/1/541 1050/1/541 1054/1/541
f 1057/1/547 1058/1/547 1060/1/547 1059/1/547
f 1059/1/523 1060/1/523 1064/1/523 1063/1/523
f 1063/1/546 1064/1/546 1062/1/546 1061/1/546
f 1061/1/522 1062/1/522 1058/1/522 1057/1/522
f 1059/1/544 1063/1/544 1061/1/544 1057/1/544
f 1064/1/545 1060/1/545 1058/1/545 1062/1/545
f 1065/1/551 1066/1/551 1068/1/551 1067/1/551
f 1067/1/523 1068/1/523 1072/1/523 1071/1/523
f 1071/1/550 1072/1/550 1070/1/550 1069/1/550
f 1069/1/522 1070/1/522 1066/1/522 1065/1/522
f 1067/1/548 1071/1/548 1069/1/548 1065/1/548
f 1072/1/549 1068/1/549 1066/1/549 1070/1/549
f 1073/1/555 1074/1/555 1076/1/555 1075/1/555
f 1075/1/523 1076/1/523 1080/1/523 1079/1/523
f 1079/1/554 1080/1/554 1078/1/554 1077/1/554
f 1077/1/522 1078/1/522 1074/1/522 1073/1/522
f 1075/1/552 1079/1/552 1077/1/552 1073/1/552
f 1080/1/553 1076/1/553 1074/1/553 1078/1/553
f 1081/1/559 1082/1/559 1084/1/559 1083/1/559
f 1083/1/523 1084/1/523 1088/1/523 1087/1/523
f 1087/1/558 1088/1/558 1086/1/558 1085/1/558
f 1085/1/522 1086/1/522 1082/1/522 1081/1/522
f 1083/1/556 1087/1/556 1085/1/556 1081/1/556
f 1088/1/557 1084/1/557 1082/1/557 1086/1/557
usemtl gold_light
f 241/1/321 242/1/322 282/1/322 281/1/321
f 242/1/322 243/1/323 283/1/323 282/1/322
f 243/1/323 244/1/324 284/1/324 283/1/323
f 244/1/324 245/1/325 285/1/325 284/1/324
f 245/1/325 246/1/326 286/1/326 285/1/325
f 246/1/326 247/1/327 287/1/327 286/1/326
f 247/1/327 248/1/328 288/1/328 287/1/327
f 248/1/328 249/1/329 289/1/329 288/1/328
f 249/1/329 250/1/330 290/1/330 289/1/329
f 250/1/330 251/1/331 291/1/331 290/1/330
f 251/1/331 252/1/332 292/1/332 291/1/331
f 252/1/332 253/1/333 293/1/333 292/1/332
f 253/1/333 254/1/334 294/1/334 293/1/333
f 254/1/334 255/1/335 295/1/335 294/1/334
f 255/1/335 256/1/336 296/1/336 295/1/335
f 256/1/336 257/1/337 297/1/337 296/1/336
f 257/1/337 258/1/338 298/1/338 297/1/337
f 258/1/338 259/1/339 299/1/339 298/1/338
f 259/1/339 260/1/340 300/1/340 299/1/339
f 260/1/340 261/1/341 301/1/341 300/1/340
f 261/1/341 262/1/342 302/1/342 301/1/341
f 262/1/342 263/1/343 303/1/343 302/1/342
f 263/1/343 264/1/344 304/1/344 303/1/343
f 264/1/344 265/1/345 305/1/345 304/1/344
f 265/1/345 266/1/346 306/1/346 305/1/345
f 266/1/346 267/1/347 307/1/347 306/1/346
f 267/1/347 268/1/348 308/1/348 307/1/347
f 268/1/348 269/1/349 309/1/349 308/1/348
f 269/1/349 270/1/350 310/1/350 309/1/349
f 270/1/350 271/1/351 311/1/351 310/1/350
f 271/1/351 272/1/352 312/1/352 311/1/351
f 272/1/352 273/1/353 313/1/353 312/1/352
f 273/1/353 274/1/354 314/1/354 313/1/353
f 274/1/354 275/1/355 315/1/355 314/1/354
f 275/1/355 276/1/356 316/1/356 315/1/355
f 276/1/356 277/1/357 317/1/357 316/1/356
f 277/1/357 278/1/358 318/1/358 317/1/357
f 278/1/358 279/1/359 319/1/359 318/1/358
f 279/1/359 280/1/360 320/1/360 319/1/359
f 280/1/360 241/1/321 281/1/321 320/1/360
f 281/1/361 282/1/362 322/1/362 321/1/361
f 282/1/362 283/1/363 323/1/363 322/1/362
f 283/1/363 284/1/364 324/1/364 323/1/363
f 284/1/364 285/1/365 325/1/365 324/1/364
f 285/1/365 286/1/366 326/1/366 325/1/365
f 286/1/366 287/1/367 327/1/367 326/1/366
f 287/1/367 288/1/368 328/1/368 327/1/367
f 288/1/368 289/1/369 329/1/369 328/1/368
f 289/1/369 290/1/370 330/1/370 329/1/369
f 290/1/370 291/1/371 331/1/371 330/1/370
f 291/1/371 292/1/372 332/1/372 331/1/371
f 292/1/372 293/1/373 333/1/373 332/1/372
f 293/1/373 294/1/374 334/1/374 333/1/373
f 294/1/374 295/1/375 335/1/375 334/1/374
f 295/1/375 296/1/376 336/1/376 335/1/375
f 296/1/376 297/1/377 337/1/377 336/1/376
f 297/1/377 298/1/378 338/1/378 337/1/377
f 298/1/378 299/1/379 339/1/379 338/1/378
f 299/1/379 300/1/380 340/1/380 339/1/379
f 300/1/380 301/1/381 341/1/381 340/1/380
f 301/1/381 302/1/382 342/1/382 341/1/381
f 302/1/382 303/1/383 343/1/383 342/1/382
f 303/1/383 304/1/384 344/1/384 343/1/383
f 304/1/384 305/1/385 345/1/385 344/1/384
f 305/1/385 306/1/386 346/1/386 345/1/385
f 306/1/386 307/1/387 347/1/387 346/1/386
f 307/1/387 308/1/388 348/1/388 347/1/387
f 308/1/388 309/1/389 349/1/389 348/1/388
f 309/1/389 310/1/390 350/1/390 349/1/389
f 310/1/390 311/1/391 351/1/391 350/1/390
f 311/1/391 312/1/392 352/1/392 351/1/391
f 312/1/392 313/1/393 353/1/393 352/1/392
f 313/1/393 314/1/394 354/1/394 353/1/393
f 314/1/394 315/1/395 355/1/395 354/1/394
f 315/1/395 316/1/396 356/1/396 355/1/395
f 316/1/396 317/1/397 357/1/397 356/1/396
f 317/1/397 318/1/398 358/1/398 357/1/397
f 318/1/398 319/1/399 359/1/399 358/1/398
f 319/1/399 320/1/400 360/1/400 359/1/399
f 320/1/400 281/1/361 321/1/361 360/1/400
f 321/1/401 322/1/402 362/1/402 361/1/401
f 322/1/402 323/1/403 363/1/403 362/1/402
f 323/1/403 324/1/404 364/1/404 363/1/403
f 324/1/404 325/1/405 365/1/405 364/1/404
f 325/1/405 326/1/406 366/1/406 365/1/405
f 326/1/406 327/1/407 367/1/407 366/1/406
f 327/1/407 328/1/408 368/1/408 367/1/407
f 328/1/408 329/1/409 369/1/409 368/1/408
f 329/1/409 330/1/410 370/1/410 369/1/409
f 330/1/410 331/1/411 371/1/411 370/1/410
f 331/1/411 332/1/412 372/1/412 371/1/411
f 332/1/412 333/1/413 373/1/413 372/1/412
f 333/1/413 334/1/414 374/1/414 373/1/413
f 334/1/414 335/1/415 375/1/415 374/1/414
f 335/1/415 336/1/416 376/1/416 375/1/415
f 336/1/416 337/1/417 377/1/417 376/1/416
f 337/1/417 338/1/418 378/1/418 377/1/417
f 338/1/418 339/1/419 379/1/419 378/1/418
f 339/1/419 340/1/420 380/1/420 379/1/419
f 340/1/420 341/1/421 381/1/421 380/1/420
f 341/1/421 342/1/422 382/1/422 381/1/421
f 342/1/422 343/1/423 383/1/423 382/1/422
f 343/1/423 344/1/424 384/1/424 383/1/423
f 344/1/424 345/1/425 385/1/425 384/1/424
f 345/1/425 346/1/426 386/1/426 385/1/425
f 346/1/426 347/1/427 387/1/427 386/1/426
f 347/1/427 348/1/428 388/1/428 387/1/427
f 348/1/428 349/1/429 389/1/429 388/1/428
f 349/1/429 350/1/430 390/1/430 389/1/429
f 350/1/430 351/1/431 391/1/431 390/1/430
f 351/1/431 352/1/432 392/1/432 391/1/431
f 352/1/432 353/1/433 393/1/433 392/1/432
f 353/1/433 354/1/434 394/1/434 393/1/433
f 354/1/434 355/1/435 395/1/435 394/1/434
f 355/1/435 356/1/436 396/1/436 395/1/435
f 356/1/436 357/1/437 397/1/437 396/1/436
f 357/1/437 358/1/438 398/1/438 397/1/437
f 358/1/438 359/1/439 399/1/439 398/1/438
f 359/1/439 360/1/440 400/1/440 399/1/439
f 360/1/440 321/1/401 361/1/401 400/1/440
f 361/1/441 362/1/442 402/1/442 401/1/441
f 362/1/442 363/1/443 403/1/443 402/1/442
f 363/1/443 364/1/444 404/1/444 403/1/443
f 364/1/444 365/1/445 405/1/445 404/1/444
f 365/1/445 366/1/446 406/1/446 405/1/445
f 366/1/446 367/1/447 407/1/447 406/1/446
f 367/1/447 368/1/448 408/1/448 407/1/447
f 368/1/448 369/1/449 409/1/449 408/1/448
f 369/1/449 370/1/450 410/1/450 409/1/449
f 370/1/450 371/1/451 411/1/451 410/1/450
f 371/1/451 372/1/452 412/1/452 411/1/451
f 372/1/452 373/1/453 413/1/453 412/1/452
f 373/1/453 374/1/454 414/1/454 413/1/453
f 374/1/454 375/1/455 415/1/455 414/1/454
f 375/1/455 376/1/456 416/1/456 415/1/455
f 376/1/456 377/1/457 417/1/457 416/1/456
f 377/1/457 378/1/458 418/1/458 417/1/457
f 378/1/458 379/1/459 419/1/459 418/1/458
f 379/1/459 380/1/460 420/1/460 419/1/459
f 380/1/460 381/1/461 421/1/461 420/1/460
f 381/1/461 382/1/462 422/1/462 421/1/461
f 382/1/462 383/1/463 423/1/463 422/1/462
f 383/1/463 384/1/464 424/1/464 423/1/463
f 384/1/464 385/1/465 425/1/465 424/1/464
f 385/1/465 386/1/466 426/1/466 425/1/465
f 386/1/466 387/1/467 427/1/467 426/1/466
f 387/1/467 388/1/468 428/1/468 427/1/467
f 388/1/468 389/1/469 429/1/469 428/1/468
f 389/1/469 390/1/470 430/1/470 429/1/469
f 390/1/470 391/1/471 431/1/471 430/1/470
f 391/1/471 392/1/472 432/1/472 431/1/471
f 392/1/472 393/1/473 433/1/473 432/1/472
f 393/1/473 394/1/474 434/1/474 433/1/473
f 394/1/474 395/1/475 435/1/475 434/1/474
f 395/1/475 396/1/476 436/1/476 435/1/475
f 396/1/476 397/1/477 437/1/477 436/1/476
f 397/1/477 398/1/478 438/1/478 437/1/477
f 398/1/478 399/1/479 439/1/479 438/1/478
f 399/1/479 400/1/480 440/1/480 439/1/479
f 400/1/480 361/1/441 401/1/441 440/1/480
f 401/1/481 402/1/482 242/1/482 241/1/481
f 402/1/482 403/1/483 243/1/483 242/1/482
f 403/1/483 404/1/484 244/1/484 243/1/483
f 404/1/484 405/1/485 245/1/485 244/1/484
f 405/1/485 406/1/486 246/1/486 245/1/485
f 406/1/486 407/1/487 247/1/487 246/1/486
f 407/1/487 408/1/488 248/1/488 247/1/487
f 408/1/488 409/1/489 249/1/489 248/1/488
f 409/1/489 410/1/490 250/1/490 249/1/489
f 410/1/490 411/1/491 251/1/491 250/1/490
f 411/1/491 412/1/492 252/1/492 251/1/491
f 412/1/492 413/1/493 253/1/493 252/1/492
f 413/1/493 414/1/494 254/1/494 253/1/493
f 414/1/494 415/1/495 255/1/495 254/1/494
f 415/1/495 416/1/496 256/1/496 255/1/495
f 416/1/496 417/1/497 257/1/497 256/1/496
f 417/1/497 418/1/498 258/1/498 257/1/497
f 418/1/498 419/1/499 259/1/499 258/1/498
f 419/1/499 420/1/500 260/1/500 259/1/499
f 420/1/500 421/1/501 261/1/501 260/1/500
f 421/1/501 422/1/502 262/1/502 261/1/501
f 422/1/502 423/1/503 263/1/503 262/1/502
f 423/1/503 424/1/504 264/1/504 263/1/503
f 424/1/504 425/1/505 265/1/505 264/1/504
f 425/1/505 426/1/506 266/1/506 265/1/505
f 426/1/506 427/1/507 267/1/507 266/1/506
f 427/1/507 428/1/508 268/1/508 267/1/507
f 428/1/508 429/1/509 269/1/509 268/1/508
f 429/1/509 430/1/510 270/1/510 269/1/509
f 430/1/510 431/1/511 271/1/511 270/1/510
f 431/1/511 432/1/512 272/1/512 271/1/511
f 432/1/512 433/1/513 273/1/513 272/1/512
f 433/1/513 434/1/514 274/1/514 273/1/513
f 434/1/514 435/1/515 275/1/515 274/1/514
f 435/1/515 436/1/516 276/1/516 275/1/515
f 436/1/516 437/1/517 277/1/517 276/1/516
f 437/1/517 438/1/518 278/1/518 277/1/517
f 438/1/518 439/1/519 279/1/519 278/1/518
f 439/1/519 440/1/520 280/1/520 279/1/519
f 440/1/520 401/1/481 241/1/481 280/1/520
f 521/1/321 522/1/322 562/1/322 561/1/321
f 522/1/322 523/1/323 563/1/323 562/1/322
f 523/1/323 524/1/324 564/1/324 563/1/323
f 524/1/324 525/1/325 565/1/325 564/1/324
f 525/1/325 526/1/326 566/1/326 565/1/325
f 526/1/326 527/1/327 567/1/327 566/1/326
f 527/1/327 528/1/328 568/1/328 567/1/327
f 528/1/328 529/1/329 569/1/329 568/1/328
f 529/1/329 530/1/330 570/1/330 569/1/329
f 530/1/330 531/1/331 571/1/331 570/1/330
f 531/1/331 532/1/332 572/1/332 571/1/331
f 532/1/332 533/1/333 573/1/333 572/1/332
f 533/1/333 534/1/334 574/1/334 573/1/333
f 534/1/334 535/1/335 575/1/335 574/1/334
f 535/1/335 536/1/336 576/1/336 575/1/335
f 536/1/336 537/1/337 577/1/337 576/1/336
f 537/1/337 538/1/338 578/1/338 577/1/337
f 538/1/338 539/1/339 579/1/339 578/1/338
f 539/1/339 540/1/340 580/1/340 579/1/339
f 540/1/340 541/1/341 581/1/341 580/1/340
f 541/1/341 542/1/342 582/1/342 581/1/341
f 542/1/342 543/1/343 583/1/343 582/1/342
f 543/1/343 544/1/344 584/1/344 583/1/343
f 544/1/344 545/1/345 585/1/345 584/1/344
f 545/1/345 546/1/346 586/1/346 585/1/345
f 546/1/346 547/1/347 587/1/347 586/1/346
f 547/1/347 548/1/348 588/1/348 587/1/347
f 548/1/348 549/1/349 589/1/349 588/1/348
f 549/1/349 550/1/350 590/1/350 589/1/349
f 550/1/350 551/1/351 591/1/351 590/1/350
f 551/1/351 552/1/352 592/1/352 591/1/351
f 552/1/352 553/1/353 593/1/353 592/1/352
f 553/1/353 554/1/354 594/1/354 593/1/353
f 554/1/354 555/1/355 595/1/355 594/1/354
f 555/1/355 556/1/356 596/1/356 595/1/355
f 556/1/356 557/1/357 597/1/357 596/1/356
f 557/1/357 558/1/358 598/1/358 597/1/357
f 558/1/358 559/1/359 599/1/359 598/1/358
f 559/1/359 560/1/360 600/1/360 599/1/359
f 560/1/360 521/1/321 561/1/321 600/1/360
f 561/1/361 562/1/362 602/1/362 601/1/361
f 562/1/362 563/1/363 603/1/363 602/1/362
f 563/1/363 564/1/364 604/1/364 603/1/363
f 564/1/364 565/1/365 605/1/365 604/1/364
f 565/1/365 566/1/366 606/1/366 605/1/365
f 566/1/366 567/1/367 607/1/367 606/1/366
f 567/1/367 568/1/368 608/1/368 607/1/367
f 568/1/368 569/1/369 609/1/369 608/1/368
f 569/1/369 570/1/370 610/1/370 609/1/369
f 570/1/370 571/1/371 611/1/371 610/1/370
f 571/1/371 572/1/372 612/1/372 611/1/371
f 572/1/372 573/1/373 613/1/373 612/1/372
f 573/1/373 574/1/374 614/1/374 613/1/373
f 574/1/374 575/1/375 615/1/375 614/1/374
f 575/1/375 576/1/376 616/1/376 615/1/375
f 576/1/376 577/1/377 617/1/377 616/1/376
f 577/1/377 578/1/378 618/1/378 617/1/377
f 578/1/378 579/1/379 619/1/379 618/1/378
f 579/1/379 580/1/380 620/1/380 619/1/379
f 580/1/380 581/1/381 621/1/381 620/1/380
f 581/1/381 582/1/382 622/1/382 621/1/381
f 582/1/382 583/1/383 623/1/383 622/1/382
f 583/1/383 584/1/384 624/1/384 623/1/383
f 584/1/384 585/1/385 625/1/385 624/1/384
f 585/1/385 586/1/386 626/1/386 625/1/385
f 586/1/386 587/1/387 627/1/387 626/1/386
f 587/1/387 588/1/388 628/1/388 627/1/387
f 588/1/388 589/1/389 629/1/389 628/1/388
f 589/1/389 590/1/390 630/1/390 629/1/389
f 590/1/390 591/1/391 631/1/391 630/1/390
f 591/1/391 592/1/392 632/1/392 631/1/391
f 592/1/392 593/1/393 633/1/393 632/1/392
f 593/1/393 594/1/394 634/1/394 633/1/393
f 594/1/394 595/1/395 635/1/395 634/1/394
f 595/1/395 596/1/396 636/1/396 635/1/395
f 596/1/396 597/1/397 637/1/397 636/1/396
f 597/1/397 598/1/398 638/1/398 637/1/397
f 598/1/398 599/1/399 639/1/399 638/1/398
f 599/1/399 600/1/400 640/1/400 639/1/399
f 600/1/400 561/1/361 601/1/361 640/1/400
f 601/1/401 602/1/402 642/1/402 641/1/401
f 602/1/402 603/1/403 643/1/403 642/1/402
f 603/1/403 604/1/404 644/1/404 643/1/403
f 604/1/404 605/1/405 645/1/405 644/1/404
f 605/1/405 606/1/406 646/1/406 645/1/405
f 606/1/406 607/1/407 647/1/407 646/1/406
f 607/1/407 608/1/408 648/1/408 647/1/407
f 608/1/408 609/1/409 649/1/409 648/1/408
f 609/1/409 610/1/410 650/1/410 649/1/409
f 610/1/410 611/1/411 651/1/411 650/1/410
f 611/1/411 612/1/412 652/1/412 651/1/411
f 612/1/412 613/1/413 653/1/413 652/1/412
f 613/1/413 614/1/414 654/1/414 653/1/413
f 614/1/414 615/1/415 655/1/415 654/1/414
f 615/1/415 616/1/416 656/1/416 655/1/415
f 616/1/416 617/1/417 657/1/417 656/1/416
f 617/1/417 618/1/418 658/1/418 657/1/417
f 618/1/418 619/1/524 659/1/524 658/1/418
f 619/1/524 620/1/420 660/1/420 659/1/524
f 620/1/420 621/1/421 661/1/421 660/1/420
f 621/1/421 622/1/422 662/1/422 661/1/421
f 622/1/422 623/1/423 663/1/525 662/1/422
f 623/1/423 624/1/424 664/1/424 663/1/525
f 624/1/424 625/1/425 665/1/425 664/1/424
f 625/1/425 626/1/426 666/1/426 665/1/425
f 626/1/426 627/1/427 667/1/427 666/1/426
f 627/1/427 628/1/428 668/1/428 667/1/427
f 628/1/428 629/1/429 669/1/429 668/1/428
f 629/1/429 630/1/430 670/1/430 669/1/429
f 630/1/430 631/1/431 671/1/431 670/1/430
f 631/1/431 632/1/432 672/1/432 671/1/431
f 632/1/432 633/1/433 673/1/433 672/1/432
f 633/1/433 634/1/434 674/1/434 673/1/433
f 634/1/434 635/1/435 675/1/435 674/1/434
f 635/1/435 636/1/436 676/1/436 675/1/435
f 636/1/436 637/1/437 677/1/437 676/1/436
f 637/1/437 638/1/438 678/1/438 677/1/437
f 638/1/438 639/1/439 679/1/439 678/1/438
f 639/1/439 640/1/440 680/1/440 679/1/439
f 640/1/440 601/1/401 641/1/401 680/1/440
f 641/1/441 642/1/442 682/1/442 681/1/441
f 642/1/442 643/1/443 683/1/443 682/1/442
f 643/1/443 644/1/444 684/1/444 683/1/443
f 644/1/444 645/1/445 685/1/445 684/1/444
f 645/1/445 646/1/446 686/1/446 685/1/445
f 646/1/446 647/1/447 687/1/447 686/1/446
f 647/1/447 648/1/448 688/1/448 687/1/447
f 648/1/448 649/1/449 689/1/449 688/1/448
f 649/1/449 650/1/450 690/1/450 689/1/449
f 650/1/450 651/1/451 691/1/451 690/1/450
f 651/1/451 652/1/452 692/1/452 691/1/451
f 652/1/452 653/1/453 693/1/453 692/1/452
f 653/1/453 654/1/454 694/1/454 693/1/453
f 654/1/454 655/1/455 695/1/455 694/1/454
f 655/1/455 656/1/456 696/1/456 695/1/455
f 656/1/456 657/1/457 697/1/457 696/1/456
f 657/1/457 658/1/458 698/1/458 697/1/457
f 658/1/458 659/1/459 699/1/459 698/1/458
f 659/1/459 660/1/460 700/1/460 699/1/459
f 660/1/460 661/1/461 701/1/461 700/1/460
f 661/1/461 662/1/462 702/1/462 701/1/461
f 662/1/462 663/1/463 703/1/463 702/1/462
f 663/1/463 664/1/464 704/1/464 703/1/463
f 664/1/464 665/1/465 705/1/465 704/1/464
f 665/1/465 666/1/466 706/1/466 705/1/465
f 666/1/466 667/1/467 707/1/467 706/1/466
f 667/1/467 668/1/468 708/1/468 707/1/467
f 668/1/468 669/1/469 709/1/469 708/1/468
f 669/1/469 670/1/470 710/1/470 709/1/469
f 670/1/470 671/1/471 711/1/471 710/1/470
f 671/1/471 672/1/472 712/1/472 711/1/471
f 672/1/472 673/1/473 713/1/473 712/1/472
f 673/1/473 674/1/474 714/1/474 713/1/473
f 674/1/474 675/1/475 715/1/475 714/1/474
f 675/1/475 676/1/476 716/1/476 715/1/475
f 676/1/476 677/1/477 717/1/477 716/1/476
f 677/1/477 678/1/478 718/1/478 717/1/477
f 678/1/478 679/1/479 719/1/479 718/1/478
f 679/1/479 680/1/480 720/1/480 719/1/479
f 680/1/480 641/1/441 681/1/441 720/1/480
f 681/1/481 682/1/482 522/1/482 521/1/481
f 682/1/482 683/1/483 523/1/483 522/1/482
f 683/1/483 684/1/484 524/1/484 523/1/483
f 684/1/484 685/1/485 525/1/485 524/1/484
f 685/1/485 686/1/486 526/1/486 525/1/485
f 686/1/486 687/1/487 527/1/487 526/1/486
f 687/1/487 688/1/488 528/1/488 527/1/487
f 688/1/488 689/1/489 529/1/489 528/1/488
f 689/1/489 690/1/490 530/1/490 529/1/489
f 690/1/490 691/1/491 531/1/491 530/1/490
f 691/1/491 692/1/492 532/1/492 531/1/491
f 692/1/492 693/1/493 533/1/493 532/1/492
f 693/1/493 694/1/494 534/1/494 533/1/493
f 694/1/494 695/1/495 535/1/495 534/1/494
f 695/1/495 696/1/496 536/1/496 535/1/495
f 696/1/496 697/1/497 537/1/497 536/1/496
f 697/1/497 698/1/498 538/1/498 537/1/497
f 698/1/498 699/1/499 539/1/499 538/1/498
f 699/1/499 700/1/500 540/1/500 539/1/499
f 700/1/500 701/1/501 541/1/501 540/1/500
f 701/1/501 702/1/502 542/1/502 541/1/501
f 702/1/502 703/1/503 543/1/503 542/1/502
f 703/1/503 704/1/504 544/1/504 543/1/503
f 704/1/504 705/1/505 545/1/505 544/1/504
f 705/1/505 706/1/506 546/1/506 545/1/505
f 706/1/506 707/1/507 547/1/507 546/1/506
f 707/1/507 708/1/508 548/1/508 547/1/507
f 708/1/508 709/1/509 549/1/509 548/1/508
f 709/1/509 710/1/510 550/1/510 549/1/509
f 710/1/510 711/1/511 551/1/511 550/1/510
f 711/1/511 712/1/512 552/1/512 551/1/511
f 712/1/512 713/1/513 553/1/513 552/1/512
f 713/1/513 714/1/514 554/1/514 553/1/513
f 714/1/514 715/1/515 555/1/515 554/1/514
f 715/1/515 716/1/516 556/1/516 555/1/515
f 716/1/516 717/1/517 557/1/517 556/1/516
f 717/1/517 718/1/518 558/1/518 557/1/517
f 718/1/518 719/1/519 559/1/519 558/1/518
f 719/1/519 720/1/520 560/1/520 559/1/519
f 720/1/520 681/1/481 521/1/481 560/1/520
usemtl ketchup
f 441/1/431 442/1/431 444/1/430 443/1/430
f 443/1/430 444/1/430 446/1/429 445/1/429
f 445/1/429 446/1/429 448/1/428 447/1/428
f 447/1/428 448/1/428 450/1/427 449/1/427
f 449/1/427 450/1/427 452/1/426 451/1/426
f 451/1/426 452/1/426 454/1/425 453/1/425
f 453/1/425 454/1/425 456/1/424 455/1/424
f 455/1/424 456/1/424 458/1/423 457/1/423
f 457/1/423 458/1/423 460/1/422 459/1/422
f 459/1/422 460/1/422 462/1/421 461/1/421
f 461/1/421 462/1/421 464/1/420 463/1/420
f 463/1/420 464/1/420 466/1/419 465/1/419
f 465/1/419 466/1/419 468/1/418 467/1/418
f 467/1/418 468/1/418 470/1/417 469/1/417
f 469/1/417 470/1/417 472/1/416 471/1/416
f 471/1/416 472/1/416 474/1/415 473/1/415
f 473/1/415 474/1/415 476/1/414 475/1/414
f 475/1/414 476/1/414 478/1/413 477/1/413
f 477/1/413 478/1/413 480/1/412 479/1/412
f 479/1/412 480/1/412 482/1/411 481/1/411
f 481/1/411 482/1/411 484/1/410 483/1/410
f 483/1/410 484/1/410 486/1/409 485/1/409
f 485/1/409 486/1/409 488/1/408 487/1/408
f 487/1/408 488/1/408 490/1/407 489/1/407
f 489/1/407 490/1/407 492/1/406 491/1/406
f 491/1/406 492/1/406 494/1/405 493/1/405
f 493/1/405 494/1/405 496/1/404 495/1/404
f 495/1/404 496/1/404 498/1/403 497/1/403
f 497/1/403 498/1/403 500/1/402 499/1/402
f 499/1/402 500/1/402 502/1/401 501/1/401
f 501/1/401 502/1/401 504/1/440 503/1/440
f 503/1/440 504/1/440 506/1/521 505/1/521
f 505/1/521 506/1/521 508/1/438 507/1/438
f 507/1/438 508/1/438 510/1/437 509/1/437
f 509/1/437 510/1/437 512/1/436 511/1/436
f 511/1/436 512/1/436 514/1/435 513/1/435
f 513/1/435 514/1/435 516/1/434 515/1/434
f 515/1/434 516/1/434 518/1/433 517/1/433
f 444/1/522 442/1/522 520/1/522 518/1/522 516/1/522 514/1/522 512/1/522 510/1/522 508/1/522 506/1/522 504/1/522 502/1/522 500/1/522 498/1/522 496/1/522 494/1/522 492/1/522 490/1/522 488/1/522 486/1/522 484/1/522 482/1/522 480/1/522 478/1/522 476/1/522 474/1/522 472/1/522 470/1/522 468/1/522 466/1/522 464/1/522 462/1/522 460/1/522 458/1/522 456/1/522 454/1/522 452/1/522 450/1/522 448/1/522 446/1/522
f 517/1/433 518/1/433 520/1/432 519/1/432
f 519/1/432 520/1/432 442/1/431 441/1/431
f 441/1/523 443/1/523 445/1/523 447/1/523 449/1/523 451/1/523 453/1/523 455/1/523 457/1/523 459/1/523 461/1/523 463/1/523 465/1/523 467/1/523 469/1/523 471/1/523 473/1/523 475/1/523 477/1/523 479/1/523 481/1/523 483/1/523 485/1/523 487/1/523 489/1/523 491/1/523 493/1/523 495/1/523 497/1/523 499/1/523 501/1/523 503/1/523 505/1/523 507/1/523 509/1/523 511/1/523 513/1/523 515/1/523 517/1/523 519/1/523
f 721/1/431 722/1/431 724/1/430 723/1/430
f 723/1/430 724/1/430 726/1/429 725/1/429
f 725/1/429 726/1/429 728/1/428 727/1/428
f 727/1/428 728/1/428 730/1/427 729/1/427
f 729/1/427 730/1/427 732/1/426 731/1/426
f 731/1/426 732/1/426 734/1/425 733/1/425
f 733/1/425 734/1/425 736/1/424 735/1/424
f 735/1/424 736/1/424 738/1/525 737/1/525
f 737/1/525 738/1/525 740/1/422 739/1/422
f 739/1/422 740/1/422 742/1/421 741/1/421
f 741/1/421 742/1/421 744/1/420 743/1/420
f 743/1/420 744/1/420 746/1/524 745/1/524
f 745/1/524 746/1/524 748/1/418 747/1/418
f 747/1/418 748/1/418 750/1/417 749/1/417
f 749/1/417 750/1/417 752/1/416 751/1/416
f 751/1/416 752/1/416 754/1/415 753/1/415
f 753/1/415 754/1/415 756/1/414 755/1/414
f 755/1/414 756/1/414 758/1/413 757/1/413
f 757/1/413 758/1/413 760/1/412 759/1/412
f 759/1/412 760/1/412 762/1/411 761/1/411
f 761/1/411 762/1/411 764/1/410 763/1/410
f 763/1/410 764/1/410 766/1/409 765/1/409
f 765/1/409 766/1/409 768/1/408 767/1/408
f 767/1/408 768/1/408 770/1/407 769/1/407
f 769/1/407 770/1/407 772/1/406 771/1/406
f 771/1/406 772/1/406 774/1/405 773/1/405
f 773/1/405 774/1/405 776/1/404 775/1/404
f 775/1/404 776/1/404 778/1/526 777/1/526
f 777/1/526 778/1/526 780/1/402 779/1/402
f 779/1/402 780/1/402 782/1/401 781/1/401
f 781/1/401 782/1/401 784/1/440 783/1/440
f 783/1/440 784/1/440 786/1/527 785/1/527
f 785/1/527 786/1/527 788/1/438 787/1/438
f 787/1/438 788/1/438 790/1/437 789/1/437
f 789/1/437 790/1/437 792/1/436 791/1/436
f 791/1/436 792/1/436 794/1/435 793/1/435
f 793/1/435 794/1/435 796/1/434 795/1/434
f 795/1/434 796/1/434 798/1/433 797/1/433
f 724/1/522 722/1/522 800/1/522 798/1/522 796/1/522 794/1/522 792/1/522 790/1/522 788/1/522 786/1/522 784/1/522 782/1/522 780/1/522 778/1/522 776/1/522 774/1/522 772/1/522 770/1/522 768/1/522 766/1/522 764/1/522 762/1/522 760/1/522 758/1/522 756/1/522 754/1/522 752/1/522 750/1/522 748/1/522 746/1/522 744/1/522 742/1/522 740/1/522 738/1/522 736/1/522 734/1/522 732/1/522 730/1/522 728/1/522 726/1/522
f 797/1/433 798/1/433 800/1/432 799/1/432
f 799/1/432 800/1/432 722/1/431 721/1/431
f 721/1/523 723/1/523 725/1/523 727/1/523 729/1/523 731/1/523 733/1/523 735/1/523 737/1/523 739/1/523 741/1/523 743/1/523 745/1/523 747/1/523 749/1/523 751/1/523 753/1/523 755/1/523 757/1/523 759/1/523 761/1/523 763/1/523 765/1/523 767/1/523 769/1/523 771/1/523 773/1/523 775/1/523 777/1/523 779/1/523 781/1/523 783/1/523 785/1/523 787/1/523 789/1/523 791/1/523 793/1/523 795/1/523 797/1/523 799/1/523
f 1373/2/902 1371/3/902 1372/4/902
f 1374/5/902 1371/3/902 1373/2/902
f 1374/5/902 1370/6/902 1371/3/902
f 1369/1/902 1370/6/902 1374/5/902
f 1377/3/903 1379/2/903 1378/4/903
f 1377/3/903 1380/5/903 1379/2/903
f 1376/6/903 1380/5/903 1377/3/903
f 1376/6/903 1375/1/903 1380/5/903
f 1375/7/904 1381/8/905 1386/9/906 1380/10/904
f 1376/11/907 1382/12/908 1381/13/908 1375/1/907
f 1377/14/909 1383/15/910 1382/12/911 1376/11/909
f 1378/16/912 1384/17/913 1383/15/914 1377/14/912
f 1379/18/915 1385/19/916 1384/17/916 1378/16/915
f 1380/10/917 1386/9/918 1385/19/919 1379/18/917
f 1381/8/905 1387/20/920 1392/21/921 1386/9/906
f 1382/12/908 1388/22/922 1387/23/922 1381/13/908
f 1383/15/910 1389/24/923 1388/22/924 1382/12/911
f 1384/17/913 1390/25/925 1389/24/926 1383/15/914
f 1385/19/916 1391/26/927 1390/25/927 1384/17/916
f 1386/9/918 1392/21/928 1391/26/929 1385/19/919
f 1387/20/920 1393/27/930 1398/28/931 1392/21/921
f 1388/22/922 1394/29/932 1393/30/932 1387/23/922
f 1389/24/923 1395/31/933 1394/29/934 1388/22/924
f 1390/25/925 1396/32/935 1395/31/936 1389/24/926
f 1391/26/927 1397/33/937 1396/32/937 1390/25/927
f 1392/21/928 1398/28/938 1397/33/939 1391/26/929
f 1393/27/930 1399/34/940 1404/35/940 1398/28/931
f 1394/29/932 1400/36/941 1399/37/941 1393/30/932
f 1395/31/933 1401/38/942 1400/36/942 1394/29/934
f 1396/32/935 1402/39/943 1401/38/943 1395/31/936
f 1397/33/937 1403/40/944 1402/39/944 1396/32/937
f 1398/28/938 1404/35/945 1403/40/945 1397/33/939
f 1399/34/940 1405/41/946 1410/42/947 1404/35/940
f 1400/36/941 1406/43/948 1405/44/948 1399/37/941
f 1401/38/942 1407/45/949 1406/43/950 1400/36/942
f 1402/39/943 1408/46/951 1407/45/952 1401/38/943
f 1403/40/944 1409/47/953 1408/46/953 1402/39/944
f 1404/35/945 1410/42/954 1409/47/955 1403/40/945
f 1405/41/946 1411/48/956 1416/49/957 1410/42/947
f 1406/43/948 1412/50/958 1411/51/958 1405/44/948
f 1407/45/949 1413/52/959 1412/50/960 1406/43/950
f 1408/46/951 1414/53/961 1413/52/962 1407/45/952
f 1409/47/953 1415/54/963 1414/53/963 1408/46/953
f 1410/42/954 1416/49/964 1415/54/965 1409/47/955
f 1411/48/956 1417/55/966 1422/56/967 1416/49/957
f 1412/50/958 1418/57/968 1417/58/968 1411/51/958
f 1413/52/959 1419/59/969 1418/57/970 1412/50/960
f 1414/53/961 1420/60/971 1419/59/972 1413/52/962
f 1415/54/963 1421/61/973 1420/60/973 1414/53/963
f 1416/49/964 1422/56/974 1421/61/975 1415/54/965
f 1417/55/966 1423/62/976 1428/63/976 1422/56/967
f 1418/57/968 1424/64/977 1423/65/977 1417/58/968
f 1419/59/969 1425/66/978 1424/64/978 1418/57/970
f 1420/60/971 1426/67/979 1425/66/979 1419/59/972
f 1421/61/973 1427/68/980 1426/67/980 1420/60/973
f 1422/56/974 1428/63/981 1427/68/981 1421/61/975
f 1423/62/976 1429/69/982 1434/70/983 1428/63/976
f 1424/64/977 1430/71/984 1429/72/984 1423/65/977
f 1425/66/978 1431/73/985 1430/71/986 1424/64/978
f 1426/67/979 1432/74/987 1431/73/988 1425/66/979
f 1427/68/980 1433/75/989 1432/74/989 1426/67/980
f 1428/63/981 1434/70/990 1433/75/991 1427/68/981
f 1429/69/982 1435/76/992 1440/77/993 1434/70/983
f 1430/71/984 1436/78/994 1435/79/994 1429/72/984
f 1431/73/985 1437/80/995 1436/78/996 1430/71/986
f 1432/74/987 1438/81/997 1437/80/998 1431/73/988
f 1433/75/989 1439/82/999 1438/81/999 1432/74/989
f 1434/70/990 1440/77/1000 1439/82/1001 1433/75/991
f 1435/76/992 1441/83/1002 1446/84/1003 1440/77/993
f 1436/78/994 1442/85/1004 1441/86/1004 1435/79/994
f 1437/80/995 1443/87/1005 1442/85/1006 1436/78/996
f 1438/81/997 1444/88/1007 1443/87/1007 1437/80/998
f 1439/82/999 1445/89/1008 1444/88/1008 1438/81/999
f 1440/77/1000 1446/84/1009 1445/89/1010 1439/82/1001
f 1441/83/1002 1447/90/1011 1452/91/1011 1446/84/1003
f 1442/85/1004 1448/92/1012 1447/93/1012 1441/86/1004
f 1443/87/1005 1449/94/1013 1448/92/1013 1442/85/1006
f 1444/88/1007 1450/95/1014 1449/94/1014 1443/87/1007
f 1445/89/1008 1451/96/1015 1450/95/1015 1444/88/1008
f 1446/84/1009 1452/91/1016 1451/96/1016 1445/89/1010
f 1447/90/1011 1453/97/1017 1458/98/1018 1452/91/1011
f 1448/92/1012 1454/99/1019 1453/100/1019 1447/93/1012
f 1449/94/1013 1455/101/1020 1454/99/1021 1448/92/1013
f 1450/95/1014 1456/102/1022 1455/101/1023 1449/94/1014
f 1451/96/1015 1457/103/1024 1456/102/1024 1450/95/1015
f 1452/91/1016 1458/98/1025 1457/103/1026 1451/96/1016
f 1453/97/1017 1459/104/1027 1464/105/1028 1458/98/1018
f 1454/99/1019 1460/106/1029 1459/107/1029 1453/100/1019
f 1455/101/1020 1461/108/1030 1460/106/1031 1454/99/1021
f 1456/102/1022 1462/109/1032 1461/108/1033 1455/101/1023
f 1457/103/1024 1463/110/1034 1462/109/1034 1456/102/1024
f 1458/98/1025 1464/105/1035 1463/110/1036 1457/103/1026
f 1459/104/1027 1465/111/1037 1470/112/1038 1464/105/1028
f 1460/106/1029 1466/113/1039 1465/114/1039 1459/107/1029
f 1461/108/1030 1467/115/1040 1466/113/1041 1460/106/1031
f 1462/109/1032 1468/116/1042 1467/115/1043 1461/108/1033
f 1463/110/1034 1469/117/1044 1468/116/1044 1462/109/1034
f 1464/105/1035 1470/112/1045 1469/117/1046 1463/110/1036
f 1465/111/1037 1471/118/1047 1476/119/1047 1470/112/1038
f 1466/113/1039 1472/120/1048 1471/121/1048 1465/114/1039
f 1467/115/1040 1473/122/1049 1472/120/1049 1466/113/1041
f 1468/116/1042 1474/123/1050 1473/122/1051 1467/115/1043
f 1469/117/1044 1475/124/1052 1474/123/1052 1468/116/1044
f 1470/112/1045 1476/119/1053 1475/124/1053 1469/117/1046
f 1471/118/1047 1477/125/1054 1482/126/1055 1476/119/1047
f 1472/120/1048 1478/127/1056 1477/128/1056 1471/121/1048
f 1473/122/1049 1479/129/1057 1478/127/1058 1472/120/1049
f 1474/123/1050 1480/130/1059 1479/129/1060 1473/122/1051
f 1475/124/1052 1481/131/1061 1480/130/1061 1474/123/1052
f 1476/119/1053 1482/126/1062 1481/131/1063 1475/124/1053
f 1477/125/1054 1483/132/1064 1488/133/1065 1482/126/1055
f 1478/127/1056 1484/134/922 1483/135/922 1477/128/1056
f 1479/129/1057 1485/136/1066 1484/134/1067 1478/127/1058
f 1480/130/1059 1486/137/1068 1485/136/1069 1479/129/1060
f 1481/131/1061 1487/138/927 1486/137/927 1480/130/1061
f 1482/126/1062 1488/133/1070 1487/138/1071 1481/131/1063
f 1483/132/1064 1489/139/1072 1494/140/1073 1488/133/1065
f 1484/134/922 1490/141/1074 1489/142/1074 1483/135/922
f 1485/136/1066 1491/143/1075 1490/141/1076 1484/134/1067
f 1486/137/1068 1492/144/1077 1491/143/1078 1485/136/1069
f 1487/138/927 1493/145/1079 1492/144/1079 1486/137/927
f 1488/133/1070 1494/140/1080 1493/145/1081 1487/138/1071
f 1489/139/1072 1495/146/1082 1500/147/1082 1494/140/1073
f 1490/141/1074 1496/148/1083 1495/149/1083 1489/142/1074
f 1491/143/1075 1497/150/1084 1496/148/1084 1490/141/1076
f 1492/144/1077 1498/151/1085 1497/150/1085 1491/143/1078
f 1493/145/1079 1499/152/1086 1498/151/1086 1492/144/1079
f 1494/140/1080 1500/147/1087 1499/152/1087 1493/145/1081
f 1495/146/1082 1501/153/1088 1506/154/1089 1500/147/1082
f 1496/148/1083 1502/155/1090 1501/156/1090 1495/149/1083
f 1497/150/1084 1503/157/1091 1502/155/1092 1496/148/1084
f 1498/151/1085 1504/158/1093 1503/157/1094 1497/150/1085
f 1499/152/1086 1505/159/1095 1504/158/1095 1498/151/1086
f 1500/147/1087 1506/154/1096 1505/159/1097 1499/152/1087
f 1501/153/1088 1507/160/1098 1512/161/1099 1506/154/1089
f 1502/155/1090 1508/162/1100 1507/163/1100 1501/156/1090
f 1503/157/1091 1509/164/1101 1508/162/1102 1502/155/1092
f 1504/158/1093 1510/165/1103 1509/164/1104 1503/157/1094
f 1505/159/1095 1511/166/1105 1510/165/1105 1504/158/1095
f 1506/154/1096 1512/161/1106 1511/166/1107 1505/159/1097
f 1507/160/1098 1513/167/1108 1518/168/1109 1512/161/1099
f 1508/162/1100 1514/169/1110 1513/170/1110 1507/163/1100
f 1509/164/1101 1515/171/1111 1514/169/1112 1508/162/1102
f 1510/165/1103 1516/172/1113 1515/171/1114 1509/164/1104
f 1511/166/1105 1517/173/1115 1516/172/1115 1510/165/1105
f 1512/161/1106 1518/168/1116 1517/173/1117 1511/166/1107
f 1513/167/1108 1369/174/1118 1374/175/1118 1518/168/1109
f 1514/169/1110 1370/176/1119 1369/5/1119 1513/170/1110
f 1515/171/1111 1371/177/1120 1370/176/1120 1514/169/1112
f 1516/172/1113 1372/178/1121 1371/177/1121 1515/171/1114
f 1517/173/1115 1373/179/1122 1372/178/1122 1516/172/1115
f 1518/168/1116 1374/175/1123 1373/179/1123 1517/173/1117
usemtl bun
f 1089/1/560 1091/1/561 1090/1/562
f 1089/1/560 1092/1/563 1091/1/561
f 1089/1/560 1093/1/564 1092/1/563
f 1089/1/560 1094/1/565 1093/1/564
f 1089/1/560 1095/1/566 1094/1/565
f 1089/1/560 1096/1/567 1095/1/566
f 1089/1/560 1097/1/568 1096/1/567
f 1089/1/560 1098/1/569 1097/1/568
f 1089/1/560 1090/1/562 1098/1/569
f 1090/1/562 1091/1/561 1100/1/570 1099/1/571
f 1091/1/561 1092/1/563 1101/1/572 1100/1/573
f 1092/1/563 1093/1/564 1102/1/574 1101/1/572
f 1093/1/564 1094/1/565 1103/1/575 1102/1/574
f 1094/1/565 1095/1/566 1104/1/576 1103/1/575
f 1095/1/566 1096/1/567 1105/1/577 1104/1/576
f 1096/1/567 1097/1/568 1106/1/578 1105/1/579
f 1097/1/568 1098/1/569 1107/1/580 1106/1/578
f 1098/1/569 1090/1/562 1099/1/571 1107/1/580
f 1099/1/571 1100/1/570 1109/1/581 1108/1/582
f 1100/1/573 1101/1/572 1110/1/583 1109/1/584
f 1101/1/572 1102/1/574 1111/1/585 1110/1/586
f 1102/1/574 1103/1/575 1112/1/587 1111/1/585
f 1103/1/575 1104/1/576 1113/1/588 1112/1/587
f 1104/1/576 1105/1/577 1114/1/589 1113/1/590
f 1105/1/579 1106/1/578 1115/1/591 1114/1/592
f 1106/1/578 1107/1/580 1116/1/593 1115/1/591
f 1107/1/580 1099/1/571 1108/1/582 1116/1/593
f 1108/1/582 1109/1/581 1118/1/594 1117/1/595
f 1109/1/584 1110/1/583 1119/1/596 1118/1/597
f 1110/1/586 1111/1/585 1120/1/598 1119/1/599
f 1111/1/585 1112/1/587 1121/1/600 1120/1/598
f 1112/1/587 1113/1/588 1122/1/601 1121/1/600
f 1113/1/590 1114/1/589 1123/1/602 1122/1/603
f 1114/1/592 1115/1/591 1124/1/604 1123/1/605
f 1115/1/591 1116/1/593 1125/1/606 1124/1/604
f 1116/1/593 1108/1/582 1117/1/595 1125/1/606
f 1117/1/595 1118/1/594 1127/1/607 1126/1/608
f 1118/1/597 1119/1/596 1128/1/609 1127/1/610
f 1119/1/599 1120/1/598 1129/1/611 1128/1/609
f 1120/1/598 1121/1/600 1130/1/612 1129/1/611
f 1121/1/600 1122/1/601 1131/1/613 1130/1/612
f 1122/1/603 1123/1/602 1132/1/614 1131/1/613
f 1123/1/605 1124/1/604 1133/1/615 1132/1/616
f 1124/1/604 1125/1/606 1134/1/617 1133/1/615
f 1125/1/606 1117/1/595 1126/1/608 1134/1/617
f 1126/1/608 1127/1/607 1136/1/618 1135/1/619
f 1127/1/610 1128/1/609 1137/1/620 1136/1/618
f 1128/1/609 1129/1/611 1138/1/621 1137/1/620
f 1129/1/611 1130/1/612 1139/1/622 1138/1/621
f 1130/1/612 1131/1/613 1140/1/623 1139/1/622
f 1131/1/613 1132/1/614 1141/1/624 1140/1/623
f 1132/1/616 1133/1/615 1142/1/625 1141/1/624
f 1133/1/615 1134/1/617 1143/1/626 1142/1/625
f 1134/1/617 1126/1/608 1135/1/619 1143/1/626
f 1135/1/619 1136/1/618 1144/1/627
f 1136/1/618 1137/1/620 1144/1/627
f 1137/1/620 1138/1/621 1144/1/627
f 1138/1/621 1139/1/622 1144/1/627
f 1139/1/622 1140/1/623 1144/1/627
f 1140/1/623 1141/1/624 1144/1/627
f 1141/1/624 1142/1/625 1144/1/627
f 1142/1/625 1143/1/626 1144/1/627
f 1143/1/626 1135/1/619 1144/1/627
f 1145/1/560 1147/1/628 1146/1/629
f 1145/1/560 1148/1/630 1147/1/628
f 1145/1/560 1149/1/631 1148/1/630
f 1145/1/560 1150/1/632 1149/1/631
f 1145/1/560 1151/1/633 1150/1/632
f 1145/1/560 1152/1/634 1151/1/633
f 1145/1/560 1153/1/635 1152/1/634
f 1145/1/560 1154/1/636 1153/1/635
f 1145/1/560 1146/1/629 1154/1/636
f 1146/1/629 1147/1/628 1156/1/637 1155/1/638
f 1147/1/628 1148/1/630 1157/1/639 1156/1/637
f 1148/1/630 1149/1/631 1158/1/640 1157/1/639
f 1149/1/631 1150/1/632 1159/1/641 1158/1/642
f 1150/1/632 1151/1/633 1160/1/643 1159/1/641
f 1151/1/633 1152/1/634 1161/1/644 1160/1/643
f 1152/1/634 1153/1/635 1162/1/645 1161/1/644
f 1153/1/635 1154/1/636 1163/1/646 1162/1/645
f 1154/1/636 1146/1/629 1155/1/638 1163/1/647
f 1155/1/638 1156/1/637 1165/1/648 1164/1/649
f 1156/1/637 1157/1/639 1166/1/650 1165/1/648
f 1157/1/639 1158/1/640 1167/1/651 1166/1/650
f 1158/1/642 1159/1/641 1168/1/652 1167/1/653
f 1159/1/641 1160/1/643 1169/1/654 1168/1/655
f 1160/1/643 1161/1/644 1170/1/656 1169/1/654
f 1161/1/644 1162/1/645 1171/1/657 1170/1/656
f 1162/1/645 1163/1/646 1172/1/658 1171/1/659
f 1163/1/647 1155/1/638 1164/1/649 1172/1/660
f 1164/1/649 1165/1/648 1174/1/661 1173/1/662
f 1165/1/648 1166/1/650 1175/1/663 1174/1/661
f 1166/1/650 1167/1/651 1176/1/664 1175/1/663
f 1167/1/653 1168/1/652 1177/1/665 1176/1/666
f 1168/1/655 1169/1/654 1178/1/667 1177/1/668
f 1169/1/654 1170/1/656 1179/1/669 1178/1/667
f 1170/1/656 1171/1/657 1180/1/670 1179/1/669
f 1171/1/659 1172/1/658 1181/1/671 1180/1/672
f 1172/1/660 1164/1/649 1173/1/662 1181/1/673
f 1173/1/662 1174/1/661 1183/1/674 1182/1/675
f 1174/1/661 1175/1/663 1184/1/676 1183/1/674
f 1175/1/663 1176/1/664 1185/1/677 1184/1/676
f 1176/1/666 1177/1/665 1186/1/678 1185/1/679
f 1177/1/668 1178/1/667 1187/1/680 1186/1/678
f 1178/1/667 1179/1/669 1188/1/681 1187/1/680
f 1179/1/669 1180/1/670 1189/1/682 1188/1/681
f 1180/1/672 1181/1/671 1190/1/683 1189/1/682
f 1181/1/673 1173/1/662 1182/1/675 1190/1/684
f 1182/1/675 1183/1/674 1192/1/685 1191/1/686
f 1183/1/674 1184/1/676 1193/1/687 1192/1/685
f 1184/1/676 1185/1/677 1194/1/688 1193/1/687
f 1185/1/679 1186/1/678 1195/1/689 1194/1/688
f 1186/1/678 1187/1/680 1196/1/690 1195/1/689
f 1187/1/680 1188/1/681 1197/1/691 1196/1/690
f 1188/1/681 1189/1/682 1198/1/692 1197/1/691
f 1189/1/682 1190/1/683 1199/1/693 1198/1/692
f 1190/1/684 1182/1/675 1191/1/686 1199/1/693
f 1191/1/686 1192/1/685 1200/1/627
f 1192/1/685 1193/1/687 1200/1/627
f 1193/1/687 1194/1/688 1200/1/627
f 1194/1/688 1195/1/689 1200/1/627
f 1195/1/689 1196/1/690 1200/1/627
f 1196/1/690 1197/1/691 1200/1/627
f 1197/1/691 1198/1/692 1200/1/627
f 1198/1/692 1199/1/693 1200/1/627
f 1199/1/693 1191/1/686 1200/1/627
f 1201/1/694 1203/1/695 1202/1/696
f 1201/1/694 1204/1/697 1203/1/695
f 1201/1/694 1205/1/698 1204/1/697
f 1201/1/694 1206/1/699 1205/1/698
f 1201/1/694 1207/1/700 1206/1/699
f 1201/1/694 1208/1/701 1207/1/700
f 1201/1/694 1209/1/702 1208/1/701
f 1201/1/694 1210/1/703 1209/1/702
f 1201/1/694 1202/1/696 1210/1/703
f 1202/1/696 1203/1/695 1212/1/704 1211/1/705
f 1203/1/695 1204/1/697 1213/1/706 1212/1/704
f 1204/1/697 1205/1/698 1214/1/707 1213/1/708
f 1205/1/698 1206/1/699 1215/1/709 1214/1/710
f 1206/1/699 1207/1/700 1216/1/711 1215/1/709
f 1207/1/700 1208/1/701 1217/1/712 1216/1/711
f 1208/1/701 1209/1/702 1218/1/713 1217/1/714
f 1209/1/702 1210/1/703 1219/1/715 1218/1/716
f 1210/1/703 1202/1/696 1211/1/705 1219/1/715
f 1211/1/705 1212/1/704 1221/1/717 1220/1/718
f 1212/1/704 1213/1/706 1222/1/719 1221/1/717
f 1213/1/708 1214/1/707 1223/1/720 1222/1/721
f 1214/1/710 1215/1/709 1224/1/722 1223/1/723
f 1215/1/709 1216/1/711 1225/1/724 1224/1/722
f 1216/1/711 1217/1/712 1226/1/725 1225/1/724
f 1217/1/714 1218/1/713 1227/1/726 1226/1/727
f 1218/1/716 1219/1/715 1228/1/728 1227/1/729
f 1219/1/715 1211/1/705 1220/1/718 1228/1/728
f 1220/1/718 1221/1/717 1230/1/730 1229/1/731
f 1221/1/717 1222/1/719 1231/1/732 1230/1/730
f 1222/1/721 1223/1/720 1232/1/733 1231/1/734
f 1223/1/723 1224/1/722 1233/1/735 1232/1/736
f 1224/1/722 1225/1/724 1234/1/737 1233/1/735
f 1225/1/724 1226/1/725 1235/1/738 1234/1/737
f 1226/1/727 1227/1/726 1236/1/739 1235/1/740
f 1227/1/729 1228/1/728 1237/1/741 1236/1/742
f 1228/1/728 1220/1/718 1229/1/731 1237/1/741
f 1229/1/731 1230/1/730 1239/1/743 1238/1/744
f 1230/1/730 1231/1/732 1240/1/745 1239/1/743
f 1231/1/734 1232/1/733 1241/1/746 1240/1/747
f 1232/1/736 1233/1/735 1242/1/748 1241/1/749
f 1233/1/735 1234/1/737 1243/1/750 1242/1/748
f 1234/1/737 1235/1/738 1244/1/751 1243/1/750
f 1235/1/740 1236/1/739 1245/1/752 1244/1/753
f 1236/1/742 1237/1/741 1246/1/754 1245/1/755
f 1237/1/741 1229/1/731 1238/1/744 1246/1/754
f 1238/1/744 1239/1/743 1248/1/756 1247/1/757
f 1239/1/743 1240/1/745 1249/1/758 1248/1/756
f 1240/1/747 1241/1/746 1250/1/759 1249/1/758
f 1241/1/749 1242/1/748 1251/1/760 1250/1/759
f 1242/1/748 1243/1/750 1252/1/761 1251/1/760
f 1243/1/750 1244/1/751 1253/1/762 1252/1/761
f 1244/1/753 1245/1/752 1254/1/763 1253/1/762
f 1245/1/755 1246/1/754 1255/1/764 1254/1/763
f 1246/1/754 1238/1/744 1247/1/757 1255/1/764
f 1247/1/757 1248/1/756 1256/1/765
f 1248/1/756 1249/1/758 1256/1/765
f 1249/1/758 1250/1/759 1256/1/765
f 1250/1/759 1251/1/760 1256/1/765
f 1251/1/760 1252/1/761 1256/1/765
f 1252/1/761 1253/1/762 1256/1/765
f 1253/1/762 1254/1/763 1256/1/765
f 1254/1/763 1255/1/764 1256/1/765
f 1255/1/764 1247/1/757 1256/1/765
usemtl cream
f 1257/1/766 1259/1/767 1258/1/768
f 1257/1/766 1260/1/769 1259/1/767
f 1257/1/766 1261/1/770 1260/1/769
f 1257/1/766 1262/1/771 1261/1/770
f 1257/1/766 1263/1/772 1262/1/771
f 1257/1/766 1264/1/773 1263/1/772
f 1257/1/766 1265/1/774 1264/1/773
f 1257/1/766 1266/1/775 1265/1/774
f 1257/1/766 1258/1/768 1266/1/775
f 1258/1/768 1259/1/767 1268/1/776 1267/1/777
f 1259/1/767 1260/1/769 1269/1/778 1268/1/776
f 1260/1/769 1261/1/770 1270/1/779 1269/1/780
f 1261/1/770 1262/1/771 1271/1/781 1270/1/782
f 1262/1/771 1263/1/772 1272/1/783 1271/1/781
f 1263/1/772 1264/1/773 1273/1/784 1272/1/783
f 1264/1/773 1265/1/774 1274/1/785 1273/1/786
f 1265/1/774 1266/1/775 1275/1/787 1274/1/788
f 1266/1/775 1258/1/768 1267/1/777 1275/1/787
f 1267/1/777 1268/1/776 1277/1/789 1276/1/790
f 1268/1/776 1269/1/778 1278/1/791 1277/1/789
f 1269/1/780 1270/1/779 1279/1/792 1278/1/793
f 1270/1/782 1271/1/781 1280/1/794 1279/1/792
f 1271/1/781 1272/1/783 1281/1/795 1280/1/794
f 1272/1/783 1273/1/784 1282/1/796 1281/1/795
f 1273/1/786 1274/1/785 1283/1/797 1282/1/796
f 1274/1/788 1275/1/787 1284/1/798 1283/1/799
f 1275/1/787 1267/1/777 1276/1/790 1284/1/798
f 1276/1/790 1277/1/789 1286/1/800 1285/1/801
f 1277/1/789 1278/1/791 1287/1/802 1286/1/800
f 1278/1/793 1279/1/792 1288/1/803 1287/1/804
f 1279/1/792 1280/1/794 1289/1/805 1288/1/803
f 1280/1/794 1281/1/795 1290/1/806 1289/1/805
f 1281/1/795 1282/1/796 1291/1/807 1290/1/806
f 1282/1/796 1283/1/797 1292/1/808 1291/1/807
f 1283/1/799 1284/1/798 1293/1/809 1292/1/810
f 1284/1/798 1276/1/790 1285/1/801 1293/1/809
f 1285/1/801 1286/1/800 1295/1/811 1294/1/812
f 1286/1/800 1287/1/802 1296/1/813 1295/1/811
f 1287/1/804 1288/1/803 1297/1/814 1296/1/815
f 1288/1/803 1289/1/805 1298/1/816 1297/1/817
f 1289/1/805 1290/1/806 1299/1/818 1298/1/816
f 1290/1/806 1291/1/807 1300/1/819 1299/1/818
f 1291/1/807 1292/1/808 1301/1/820 1300/1/821
f 1292/1/810 1293/1/809 1302/1/822 1301/1/823
f 1293/1/809 1285/1/801 1294/1/812 1302/1/822
f 1294/1/812 1295/1/811 1304/1/824 1303/1/825
f 1295/1/811 1296/1/813 1305/1/826 1304/1/824
f 1296/1/815 1297/1/814 1306/1/827 1305/1/826
f 1297/1/817 1298/1/816 1307/1/828 1306/1/827
f 1298/1/816 1299/1/818 1308/1/829 1307/1/828
f 1299/1/818 1300/1/819 1309/1/830 1308/1/829
f 1300/1/821 1301/1/820 1310/1/831 1309/1/830
f 1301/1/823 1302/1/822 1311/1/832 1310/1/831
f 1302/1/822 1294/1/812 1303/1/825 1311/1/832
f 1303/1/825 1304/1/824 1312/1/833
f 1304/1/824 1305/1/826 1312/1/833
f 1305/1/826 1306/1/827 1312/1/833
f 1306/1/827 1307/1/828 1312/1/833
f 1307/1/828 1308/1/829 1312/1/833
f 1308/1/829 1309/1/830 1312/1/833
f 1309/1/830 1310/1/831 1312/1/833
f 1310/1/831 1311/1/832 1312/1/833
f 1311/1/832 1303/1/825 1312/1/833
usemtl sausage
f 1313/1/834 1315/1/835 1314/1/836
f 1313/1/834 1316/1/837 1315/1/835
f 1313/1/834 1317/1/838 1316/1/837
f 1313/1/834 1318/1/839 1317/1/838
f 1313/1/834 1319/1/840 1318/1/839
f 1313/1/834 1320/1/841 1319/1/840
f 1313/1/834 1321/1/842 1320/1/841
f 1313/1/834 1322/1/843 1321/1/842
f 1313/1/834 1314/1/836 1322/1/843
f 1314/1/836 1315/1/835 1324/1/844 1323/1/845
f 1315/1/835 1316/1/837 1325/1/846 1324/1/844
f 1316/1/837 1317/1/838 1326/1/847 1325/1/848
f 1317/1/838 1318/1/839 1327/1/849 1326/1/847
f 1318/1/839 1319/1/840 1328/1/850 1327/1/849
f 1319/1/840 1320/1/841 1329/1/851 1328/1/850
f 1320/1/841 1321/1/842 1330/1/852 1329/1/851
f 1321/1/842 1322/1/843 1331/1/853 1330/1/854
f 1322/1/843 1314/1/836 1323/1/845 1331/1/853
f 1323/1/845 1324/1/844 1333/1/855 1332/1/856
f 1324/1/844 1325/1/846 1334/1/857 1333/1/855
f 1325/1/848 1326/1/847 1335/1/858 1334/1/859
f 1326/1/847 1327/1/849 1336/1/860 1335/1/861
f 1327/1/849 1328/1/850 1337/1/862 1336/1/860
f 1328/1/850 1329/1/851 1338/1/863 1337/1/862
f 1329/1/851 1330/1/852 1339/1/864 1338/1/865
f 1330/1/854 1331/1/853 1340/1/866 1339/1/867
f 1331/1/853 1323/1/845 1332/1/856 1340/1/866
f 1332/1/856 1333/1/855 1342/1/868 1341/1/869
f 1333/1/855 1334/1/857 1343/1/870 1342/1/868
f 1334/1/859 1335/1/858 1344/1/871 1343/1/872
f 1335/1/861 1336/1/860 1345/1/873 1344/1/874
f 1336/1/860 1337/1/862 1346/1/875 1345/1/873
f 1337/1/862 1338/1/863 1347/1/876 1346/1/875
f 1338/1/865 1339/1/864 1348/1/877 1347/1/878
f 1339/1/867 1340/1/866 1349/1/879 1348/1/880
f 1340/1/866 1332/1/856 1341/1/869 1349/1/879
f 1341/1/869 1342/1/868 1351/1/881 1350/1/882
f 1342/1/868 1343/1/870 1352/1/883 1351/1/881
f 1343/1/872 1344/1/871 1353/1/884 1352/1/885
f 1344/1/874 1345/1/873 1354/1/886 1353/1/884
f 1345/1/873 1346/1/875 1355/1/887 1354/1/886
f 1346/1/875 1347/1/876 1356/1/888 1355/1/887
f 1347/1/878 1348/1/877 1357/1/889 1356/1/888
f 1348/1/880 1349/1/879 1358/1/890 1357/1/891
f 1349/1/879 1341/1/869 1350/1/882 1358/1/890
f 1350/1/882 1351/1/881 1360/1/892 1359/1/893
f 1351/1/881 1352/1/883 1361/1/894 1360/1/892
f 1352/1/885 1353/1/884 1362/1/895 1361/1/894
f 1353/1/884 1354/1/886 1363/1/896 1362/1/895
f 1354/1/886 1355/1/887 1364/1/897 1363/1/896
f 1355/1/887 1356/1/888 1365/1/898 1364/1/897
f 1356/1/888 1357/1/889 1366/1/899 1365/1/898
f 1357/1/891 1358/1/890 1367/1/900 1366/1/899
f 1358/1/890 1350/1/882 1359/1/893 1367/1/900
f 1359/1/893 1360/1/892 1368/1/901
f 1360/1/892 1361/1/894 1368/1/901
f 1361/1/894 1362/1/895 1368/1/901
f 1362/1/895 1363/1/896 1368/1/901
f 1363/1/896 1364/1/897 1368/1/901
f 1364/1/897 1365/1/898 1368/1/901
f 1365/1/898 1366/1/899 1368/1/901
f 1366/1/899 1367/1/900 1368/1/901
f 1367/1/900 1359/1/893 1368/1/901
usemtl mustard
f 1523/2/1124 1521/3/1124 1522/4/1124
f 1524/5/1124 1521/3/1124 1523/2/1124
f 1524/5/1124 1520/6/1124 1521/3/1124
f 1519/1/1124 1520/6/1124 1524/5/1124
f 1527/3/1125 1529/2/1125 1528/4/1125
f 1527/3/1125 1530/5/1125 1529/2/1125
f 1526/6/1125 1530/5/1125 1527/3/1125
f 1526/6/1125 1525/1/1125 1530/5/1125
f 1525/7/1126 1531/8/1127 1536/9/1128 1530/10/1126
f 1526/11/1129 1532/12/1130 1531/13/1131 1525/1/1129
f 1527/14/1132 1533/15/1133 1532/12/1134 1526/11/1132
f 1528/16/1135 1534/17/1136 1533/15/1137 1527/14/1135
f 1529/18/1138 1535/19/1139 1534/17/1140 1528/16/1138
f 1530/10/1141 1536/9/1142 1535/19/1143 1529/18/1141
f 1531/8/1127 1537/20/1144 1542/21/1144 1536/9/1128
f 1532/12/1130 1538/22/1145 1537/23/1146 1531/13/1131
f 1533/15/1133 1539/24/1147 1538/22/1148 1532/12/1134
f 1534/17/1136 1540/25/1149 1539/24/1150 1533/15/1137
f 1535/19/1139 1541/26/1151 1540/25/1149 1534/17/1140
f 1536/9/1142 1542/21/1152 1541/26/1153 1535/19/1143
f 1537/20/1146 1543/27/1154 1548/28/1155 1542/21/1156
f 1538/22/1145 1544/29/1157 1543/30/1154 1537/23/1146
f 1539/24/1147 1545/31/1158 1544/29/1159 1538/22/1148
f 1540/25/1149 1546/32/1160 1545/31/1161 1539/24/1150
f 1541/26/1151 1547/33/1162 1546/32/1160 1540/25/1149
f 1542/21/1152 1548/28/1163 1547/33/1164 1541/26/1153
f 1543/27/1154 1549/34/1165 1554/35/1166 1548/28/1155
f 1544/29/1157 1550/36/1167 1549/37/1168 1543/30/1154
f 1545/31/1158 1551/38/1169 1550/36/1170 1544/29/1159
f 1546/32/1160 1552/39/1171 1551/38/1172 1545/31/1161
f 1547/33/1162 1553/40/1173 1552/39/1174 1546/32/1160
f 1548/28/1163 1554/35/1175 1553/40/1176 1547/33/1164
f 1549/34/1165 1555/41/1177 1560/42/1178 1554/35/1166
f 1550/36/1167 1556/43/1179 1555/44/1180 1549/37/1168
f 1551/38/1169 1557/45/1181 1556/43/1182 1550/36/1170
f 1552/39/1171 1558/46/1183 1557/45/1184 1551/38/1172
f 1553/40/1173 1559/47/1185 1558/46/1185 1552/39/1174
f 1554/35/1175 1560/42/1186 1559/47/1187 1553/40/1176
f 1555/41/1177 1561/48/1188 1566/49/1189 1560/42/1178
f 1556/43/1179 1562/50/1190 1561/51/1191 1555/44/1180
f 1557/45/1181 1563/52/1192 1562/50/1192 1556/43/1182
f 1558/46/1183 1564/53/1193 1563/52/1194 1557/45/1184
f 1559/47/1185 1565/54/1195 1564/53/1196 1558/46/1185
f 1560/42/1186 1566/49/1197 1565/54/1197 1559/47/1187
f 1561/48/1188 1567/55/1198 1572/56/1199 1566/49/1189
f 1562/50/1190 1568/57/1200 1567/58/1200 1561/51/1191
f 1563/52/1201 1569/59/1202 1568/57/1203 1562/50/1201
f 1564/53/1193 1570/60/1204 1569/59/1205 1563/52/1194
f 1565/54/1195 1571/61/1206 1570/60/1207 1564/53/1196
f 1566/49/1208 1572/56/1209 1571/61/1210 1565/54/1208
f 1567/55/1198 1573/62/1211 1578/63/1212 1572/56/1199
f 1568/57/1200 1574/64/1213 1573/65/1214 1567/58/1200
f 1569/59/1202 1575/66/1215 1574/64/1216 1568/57/1203
f 1570/60/1204 1576/67/1217 1575/66/1218 1569/59/1205
f 1571/61/1206 1577/68/1219 1576/67/1220 1570/60/1207
f 1572/56/1209 1578/63/1221 1577/68/1222 1571/61/1210
f 1573/62/1211 1579/69/1223 1584/70/1224 1578/63/1212
f 1574/64/1213 1580/71/1225 1579/72/1226 1573/65/1214
f 1575/66/1215 1581/73/1227 1580/71/1228 1574/64/1216
f 1576/67/1217 1582/74/1229 1581/73/1230 1575/66/1218
f 1577/68/1219 1583/75/1231 1582/74/1232 1576/67/1220
f 1578/63/1221 1584/70/1233 1583/75/1234 1577/68/1222
f 1579/69/1223 1585/76/1235 1590/77/1235 1584/70/1224
f 1580/71/1225 1586/78/1236 1585/79/1237 1579/72/1226
f 1581/73/1227 1587/80/1238 1586/78/1239 1580/71/1228
f 1582/74/1229 1588/81/1240 1587/80/1240 1581/73/1230
f 1583/75/1231 1589/82/1241 1588/81/1242 1582/74/1232
f 1584/70/1233 1590/77/1243 1589/82/1244 1583/75/1234
f 1585/76/1245 1591/83/1246 1596/84/1247 1590/77/1245
f 1586/78/1236 1592/85/1248 1591/86/1249 1585/79/1237
f 1587/80/1238 1593/87/1250 1592/85/1251 1586/78/1239
f 1588/81/1252 1594/88/1253 1593/87/1254 1587/80/1252
f 1589/82/1241 1595/89/1255 1594/88/1256 1588/81/1242
f 1590/77/1243 1596/84/1257 1595/89/1258 1589/82/1244
f 1591/83/1246 1597/90/1259 1602/91/1260 1596/84/1247
f 1592/85/1248 1598/92/1261 1597/93/1262 1591/86/1249
f 1593/87/1250 1599/94/1263 1598/92/1264 1592/85/1251
f 1594/88/1253 1600/95/1265 1599/94/1266 1593/87/1254
f 1595/89/1255 1601/96/1267 1600/95/1268 1594/88/1256
f 1596/84/1257 1602/91/1269 1601/96/1270 1595/89/1258
f 1597/90/1259 1603/97/1271 1608/98/1272 1602/91/1260
f 1598/92/1261 1604/99/1273 1603/100/1273 1597/93/1262
f 1599/94/1263 1605/101/1274 1604/99/1275 1598/92/1264
f 1600/95/1265 1606/102/1276 1605/101/1277 1599/94/1266
f 1601/96/1267 1607/103/1278 1606/102/1279 1600/95/1268
f 1602/91/1269 1608/98/1280 1607/103/1281 1601/96/1270
f 1603/97/1271 1609/104/1282 1614/105/1283 1608/98/1272
f 1604/99/1273 1610/106/1284 1609/107/1285 1603/100/1273
f 1605/101/1274 1611/108/1286 1610/106/1286 1604/99/1275
f 1606/102/1276 1612/109/1287 1611/108/1288 1605/101/1277
f 1607/103/1278 1613/110/1289 1612/109/1290 1606/102/1279
f 1608/98/1280 1614/105/1291 1613/110/1291 1607/103/1281
f 1609/104/1282 1615/111/1292 1620/112/1293 1614/105/1283
f 1610/106/1284 1616/113/1294 1615/114/1294 1609/107/1285
f 1611/108/1295 1617/115/1296 1616/113/1297 1610/106/1295
f 1612/109/1287 1618/116/1298 1617/115/1299 1611/108/1288
f 1613/110/1289 1619/117/1300 1618/116/1301 1612/109/1290
f 1614/105/1302 1620/112/1303 1619/117/1304 1613/110/1302
f 1615/111/1292 1621/118/1305 1626/119/1306 1620/112/1293
f 1616/113/1294 1622/120/1307 1621/121/1308 1615/114/1294
f 1617/115/1296 1623/122/1309 1622/120/1310 1616/113/1297
f 1618/116/1298 1624/123/1311 1623/122/1312 1617/115/1299
f 1619/117/1300 1625/124/1313 1624/123/1314 1618/116/1301
f 1620/112/1303 1626/119/1315 1625/124/1316 1619/117/1304
f 1621/118/1305 1627/125/1317 1632/126/1318 1626/119/1306
f 1622/120/1307 1628/127/1319 1627/128/1319 1621/121/1308
f 1623/122/1309 1629/129/1320 1628/127/1321 1622/120/1310
f 1624/123/1311 1630/130/1322 1629/129/1323 1623/122/1312
f 1625/124/1313 1631/131/1324 1630/130/1322 1624/123/1314
f 1626/119/1315 1632/126/1325 1631/131/1326 1625/124/1316
f 1627/125/1317 1633/132/1327 1638/133/1327 1632/126/1318
f 1628/127/1319 1634/134/1328 1633/135/1329 1627/128/1319
f 1629/129/1320 1635/136/1330 1634/134/1331 1628/127/1321
f 1630/130/1322 1636/137/1332 1635/136/1333 1629/129/1323
f 1631/131/1324 1637/138/1334 1636/137/1332 1630/130/1322
f 1632/126/1325 1638/133/1335 1637/138/1336 1631/131/1326
f 1633/132/1337 1639/139/1338 1644/140/1339 1638/133/1337
f 1634/134/1328 1640/141/1340 1639/142/1341 1633/135/1329
f 1635/136/1330 1641/143/1342 1640/141/1343 1634/134/1331
f 1636/137/1344 1642/144/1345 1641/143/1346 1635/136/1344
f 1637/138/1334 1643/145/1347 1642/144/1348 1636/137/1332
f 1638/133/1335 1644/140/1349 1643/145/1350 1637/138/1336
f 1639/139/1338 1645/146/1351 1650/147/1352 1644/140/1339
f 1640/141/1340 1646/148/1353 1645/149/1354 1639/142/1341
f 1641/143/1342 1647/150/1355 1646/148/1356 1640/141/1343
f 1642/144/1345 1648/151/1357 1647/150/1358 1641/143/1346
f 1643/145/1347 1649/152/1359 1648/151/1360 1642/144/1348
f 1644/140/1349 1650/147/1361 1649/152/1362 1643/145/1350
f 1645/146/1351 1651/153/1363 1656/154/1364 1650/147/1352
f 1646/148/1353 1652/155/1365 1651/156/1366 1645/149/1354
f 1647/150/1355 1653/157/1367 1652/155/1365 1646/148/1356
f 1648/151/1357 1654/158/1368 1653/157/1369 1647/150/1358
f 1649/152/1359 1655/159/1370 1654/158/1371 1648/151/1360
f 1650/147/1361 1656/154/1372 1655/159/1370 1649/152/1362
f 1651/153/1363 1657/160/1373 1662/161/1374 1656/154/1364
f 1652/155/1365 1658/162/1375 1657/163/1376 1651/156/1366
f 1653/157/1367 1659/164/1377 1658/162/1375 1652/155/1365
f 1654/158/1368 1660/165/1378 1659/164/1379 1653/157/1369
f 1655/159/1370 1661/166/1380 1660/165/1381 1654/158/1371
f 1656/154/1372 1662/161/1382 1661/166/1380 1655/159/1370
f 1657/160/1373 1663/167/1383 1668/168/1384 1662/161/1374
f 1658/162/1375 1664/169/1385 1663/170/1386 1657/163/1376
f 1659/164/1387 1665/171/1388 1664/169/1389 1658/162/1387
f 1660/165/1378 1666/172/1390 1665/171/1391 1659/164/1379
f 1661/166/1380 1667/173/1392 1666/172/1393 1660/165/1381
f 1662/161/1382 1668/168/1394 1667/173/1395 1661/166/1380
f 1663/167/1383 1519/174/1396 1524/175/1396 1668/168/1384
f 1664/169/1385 1520/176/1397 1519/5/1397 1663/170/1386
f 1665/171/1388 1521/177/1398 1520/176/1398 1664/169/1389
f 1666/172/1390 1522/178/1399 1521/177/1399 1665/171/1391
f 1667/173/1392 1523/179/1400 1522/178/1400 1666/172/1393
f 1668/168/1394 1524/175/1401 1523/179/1401 1667/173/1395
