# Blender 5.0.1
# www.blender.org
mtllib CustomerB.mtl
o CustomerB
v -0.485000 0.000000 0.435000 0.9490 0.7608 0.1882
v -0.485000 0.120000 0.555000 0.9490 0.7608 0.1882
v -0.605000 0.120000 0.435000 0.9490 0.7608 0.1882
v -0.485000 0.035147 0.519853 0.9490 0.7608 0.1882
v -0.554282 0.050718 0.504282 0.9490 0.7608 0.1882
v -0.569853 0.120000 0.519853 0.9490 0.7608 0.1882
v -0.569853 0.035147 0.435000 0.9490 0.7608 0.1882
v -0.485000 0.200000 0.555000 0.9490 0.7608 0.1882
v -0.485000 0.320000 0.435000 0.9490 0.7608 0.1882
v -0.605000 0.200000 0.435000 0.9490 0.7608 0.1882
v -0.485000 0.284853 0.519853 0.9490 0.7608 0.1882
v -0.554282 0.269282 0.504282 0.9490 0.7608 0.1882
v -0.569853 0.284853 0.435000 0.9490 0.7608 0.1882
v -0.569853 0.200000 0.519853 0.9490 0.7608 0.1882
v -0.485000 0.000000 -0.175000 0.9490 0.7608 0.1882
v -0.605000 0.120000 -0.175000 0.9490 0.7608 0.1882
v -0.485000 0.120000 -0.295000 0.9490 0.7608 0.1882
v -0.569853 0.035147 -0.175000 0.9490 0.7608 0.1882
v -0.554282 0.050718 -0.244282 0.9490 0.7608 0.1882
v -0.569853 0.120000 -0.259853 0.9490 0.7608 0.1882
v -0.485000 0.035147 -0.259853 0.9490 0.7608 0.1882
v -0.485000 0.320000 -0.175000 0.9490 0.7608 0.1882
v -0.485000 0.200000 -0.295000 0.9490 0.7608 0.1882
v -0.605000 0.200000 -0.175000 0.9490 0.7608 0.1882
v -0.485000 0.284853 -0.259853 0.9490 0.7608 0.1882
v -0.554282 0.269282 -0.244282 0.9490 0.7608 0.1882
v -0.569853 0.200000 -0.259853 0.9490 0.7608 0.1882
v -0.569853 0.284853 -0.175000 0.9490 0.7608 0.1882
v -0.175000 0.000000 0.435000 0.9490 0.7608 0.1882
v -0.055000 0.120000 0.435000 0.9490 0.7608 0.1882
v -0.175000 0.120000 0.555000 0.9490 0.7608 0.1882
v -0.090147 0.035147 0.435000 0.9490 0.7608 0.1882
v -0.105718 0.050718 0.504282 0.9490 0.7608 0.1882
v -0.090147 0.120000 0.519853 0.9490 0.7608 0.1882
v -0.175000 0.035147 0.519853 0.9490 0.7608 0.1882
v -0.175000 0.320000 0.435000 0.9490 0.7608 0.1882
v -0.175000 0.200000 0.555000 0.9490 0.7608 0.1882
v -0.055000 0.200000 0.435000 0.9490 0.7608 0.1882
v -0.175000 0.284853 0.519853 0.9490 0.7608 0.1882
v -0.105718 0.269282 0.504282 0.9490 0.7608 0.1882
v -0.090147 0.200000 0.519853 0.9490 0.7608 0.1882
v -0.090147 0.284853 0.435000 0.9490 0.7608 0.1882
v -0.175000 0.000000 -0.175000 0.9490 0.7608 0.1882
v -0.175000 0.120000 -0.295000 0.9490 0.7608 0.1882
v -0.055000 0.120000 -0.175000 0.9490 0.7608 0.1882
v -0.175000 0.035147 -0.259853 0.9490 0.7608 0.1882
v -0.105718 0.050718 -0.244282 0.9490 0.7608 0.1882
v -0.090147 0.120000 -0.259853 0.9490 0.7608 0.1882
v -0.090147 0.035147 -0.175000 0.9490 0.7608 0.1882
v -0.175000 0.320000 -0.175000 0.9490 0.7608 0.1882
v -0.055000 0.200000 -0.175000 0.9490 0.7608 0.1882
v -0.175000 0.200000 -0.295000 0.9490 0.7608 0.1882
v -0.090147 0.284853 -0.175000 0.9490 0.7608 0.1882
v -0.105718 0.269282 -0.244282 0.9490 0.7608 0.1882
v -0.090147 0.200000 -0.259853 0.9490 0.7608 0.1882
v -0.175000 0.284853 -0.259853 0.9490 0.7608 0.1882
v -0.615000 0.000000 0.150000 1.0000 1.0000 1.0000
v -0.615000 0.120000 0.150000 1.0000 1.0000 1.0000
v -0.615000 0.000000 0.110000 1.0000 1.0000 1.0000
v -0.615000 0.120000 0.110000 1.0000 1.0000 1.0000
v -0.045000 0.000000 0.150000 1.0000 1.0000 1.0000
v -0.045000 0.120000 0.150000 1.0000 1.0000 1.0000
v -0.045000 0.000000 0.110000 1.0000 1.0000 1.0000
v -0.045000 0.120000 0.110000 1.0000 1.0000 1.0000
v 0.175000 0.000000 0.435000 0.9490 0.7608 0.1882
v 0.175000 0.120000 0.555000 0.9490 0.7608 0.1882
v 0.055000 0.120000 0.435000 0.9490 0.7608 0.1882
v 0.175000 0.035147 0.519853 0.9490 0.7608 0.1882
v 0.105718 0.050718 0.504282 0.9490 0.7608 0.1882
v 0.090147 0.120000 0.519853 0.9490 0.7608 0.1882
v 0.090147 0.035147 0.435000 0.9490 0.7608 0.1882
v 0.175000 0.200000 0.555000 0.9490 0.7608 0.1882
v 0.175000 0.320000 0.435000 0.9490 0.7608 0.1882
v 0.055000 0.200000 0.435000 0.9490 0.7608 0.1882
v 0.175000 0.284853 0.519853 0.9490 0.7608 0.1882
v 0.105718 0.269282 0.504282 0.9490 0.7608 0.1882
v 0.090147 0.284853 0.435000 0.9490 0.7608 0.1882
v 0.090147 0.200000 0.519853 0.9490 0.7608 0.1882
v 0.175000 0.000000 -0.175000 0.9490 0.7608 0.1882
v 0.055000 0.120000 -0.175000 0.9490 0.7608 0.1882
v 0.175000 0.120000 -0.295000 0.9490 0.7608 0.1882
v 0.090147 0.035147 -0.175000 0.9490 0.7608 0.1882
v 0.105718 0.050718 -0.244282 0.9490 0.7608 0.1882
v 0.090147 0.120000 -0.259853 0.9490 0.7608 0.1882
v 0.175000 0.035147 -0.259853 0.9490 0.7608 0.1882
v 0.175000 0.320000 -0.175000 0.9490 0.7608 0.1882
v 0.175000 0.200000 -0.295000 0.9490 0.7608 0.1882
v 0.055000 0.200000 -0.175000 0.9490 0.7608 0.1882
v 0.175000 0.284853 -0.259853 0.9490 0.7608 0.1882
v 0.105718 0.269282 -0.244282 0.9490 0.7608 0.1882
v 0.090147 0.200000 -0.259853 0.9490 0.7608 0.1882
v 0.090147 0.284853 -0.175000 0.9490 0.7608 0.1882
v 0.485000 0.000000 0.435000 0.9490 0.7608 0.1882
v 0.605000 0.120000 0.435000 0.9490 0.7608 0.1882
v 0.485000 0.120000 0.555000 0.9490 0.7608 0.1882
v 0.569853 0.035147 0.435000 0.9490 0.7608 0.1882
v 0.554282 0.050718 0.504282 0.9490 0.7608 0.1882
v 0.569853 0.120000 0.519853 0.9490 0.7608 0.1882
v 0.485000 0.035147 0.519853 0.9490 0.7608 0.1882
v 0.485000 0.320000 0.435000 0.9490 0.7608 0.1882
v 0.485000 0.200000 0.555000 0.9490 0.7608 0.1882
v 0.605000 0.200000 0.435000 0.9490 0.7608 0.1882
v 0.485000 0.284853 0.519853 0.9490 0.7608 0.1882
v 0.554282 0.269282 0.504282 0.9490 0.7608 0.1882
v 0.569853 0.200000 0.519853 0.9490 0.7608 0.1882
v 0.569853 0.284853 0.435000 0.9490 0.7608 0.1882
v 0.485000 0.000000 -0.175000 0.9490 0.7608 0.1882
v 0.485000 0.120000 -0.295000 0.9490 0.7608 0.1882
v 0.605000 0.120000 -0.175000 0.9490 0.7608 0.1882
v 0.485000 0.035147 -0.259853 0.9490 0.7608 0.1882
v 0.554282 0.050718 -0.244282 0.9490 0.7608 0.1882
v 0.569853 0.120000 -0.259853 0.9490 0.7608 0.1882
v 0.569853 0.035147 -0.175000 0.9490 0.7608 0.1882
v 0.485000 0.320000 -0.175000 0.9490 0.7608 0.1882
v 0.605000 0.200000 -0.175000 0.9490 0.7608 0.1882
v 0.485000 0.200000 -0.295000 0.9490 0.7608 0.1882
v 0.569853 0.284853 -0.175000 0.9490 0.7608 0.1882
v 0.554282 0.269282 -0.244282 0.9490 0.7608 0.1882
v 0.569853 0.200000 -0.259853 0.9490 0.7608 0.1882
v 0.485000 0.284853 -0.259853 0.9490 0.7608 0.1882
v 0.045000 0.000000 0.150000 1.0000 1.0000 1.0000
v 0.045000 0.120000 0.150000 1.0000 1.0000 1.0000
v 0.045000 0.000000 0.110000 1.0000 1.0000 1.0000
v 0.045000 0.120000 0.110000 1.0000 1.0000 1.0000
v 0.615000 0.000000 0.150000 1.0000 1.0000 1.0000
v 0.615000 0.120000 0.150000 1.0000 1.0000 1.0000
v 0.615000 0.000000 0.110000 1.0000 1.0000 1.0000
v 0.615000 0.120000 0.110000 1.0000 1.0000 1.0000
v -0.490000 0.300000 0.190000 0.5530 0.3529 0.2314
v -0.490000 0.400000 0.290000 0.5530 0.3529 0.2314
v -0.590000 0.400000 0.190000 0.5530 0.3529 0.2314
v -0.490000 0.329289 0.260711 0.5530 0.3529 0.2314
v -0.547735 0.342265 0.247735 0.5530 0.3529 0.2314
v -0.560711 0.400000 0.260711 0.5530 0.3529 0.2314
v -0.560711 0.329289 0.190000 0.5530 0.3529 0.2314
v -0.490000 1.950000 0.290000 0.5530 0.3529 0.2314
v -0.490000 2.050000 0.190000 0.5530 0.3529 0.2314
v -0.590000 1.950000 0.190000 0.5530 0.3529 0.2314
v -0.490000 2.020711 0.260711 0.5530 0.3529 0.2314
v -0.547735 2.007735 0.247735 0.5530 0.3529 0.2314
v -0.560711 2.020711 0.190000 0.5530 0.3529 0.2314
v -0.560711 1.950000 0.260711 0.5530 0.3529 0.2314
v -0.490000 0.300000 -0.190000 0.5530 0.3529 0.2314
v -0.590000 0.400000 -0.190000 0.5530 0.3529 0.2314
v -0.490000 0.400000 -0.290000 0.5530 0.3529 0.2314
v -0.560711 0.329289 -0.190000 0.5530 0.3529 0.2314
v -0.547735 0.342265 -0.247735 0.5530 0.3529 0.2314
v -0.560711 0.400000 -0.260711 0.5530 0.3529 0.2314
v -0.490000 0.329289 -0.260711 0.5530 0.3529 0.2314
v -0.490000 2.050000 -0.190000 0.5530 0.3529 0.2314
v -0.490000 1.950000 -0.290000 0.5530 0.3529 0.2314
v -0.590000 1.950000 -0.190000 0.5530 0.3529 0.2314
v -0.490000 2.020711 -0.260711 0.5530 0.3529 0.2314
v -0.547735 2.007735 -0.247735 0.5530 0.3529 0.2314
v -0.560711 1.950000 -0.260711 0.5530 0.3529 0.2314
v -0.560711 2.020711 -0.190000 0.5530 0.3529 0.2314
v -0.170000 0.300000 0.190000 0.5530 0.3529 0.2314
v -0.070000 0.400000 0.190000 0.5530 0.3529 0.2314
v -0.170000 0.400000 0.290000 0.5530 0.3529 0.2314
v -0.099289 0.329289 0.190000 0.5530 0.3529 0.2314
v -0.112265 0.342265 0.247735 0.5530 0.3529 0.2314
v -0.099289 0.400000 0.260711 0.5530 0.3529 0.2314
v -0.170000 0.329289 0.260711 0.5530 0.3529 0.2314
v -0.170000 2.050000 0.190000 0.5530 0.3529 0.2314
v -0.170000 1.950000 0.290000 0.5530 0.3529 0.2314
v -0.070000 1.950000 0.190000 0.5530 0.3529 0.2314
v -0.170000 2.020711 0.260711 0.5530 0.3529 0.2314
v -0.112265 2.007735 0.247735 0.5530 0.3529 0.2314
v -0.099289 1.950000 0.260711 0.5530 0.3529 0.2314
v -0.099289 2.020711 0.190000 0.5530 0.3529 0.2314
v -0.170000 0.300000 -0.190000 0.5530 0.3529 0.2314
v -0.170000 0.400000 -0.290000 0.5530 0.3529 0.2314
v -0.070000 0.400000 -0.190000 0.5530 0.3529 0.2314
v -0.170000 0.329289 -0.260711 0.5530 0.3529 0.2314
v -0.112265 0.342265 -0.247735 0.5530 0.3529 0.2314
v -0.099289 0.400000 -0.260711 0.5530 0.3529 0.2314
v -0.099289 0.329289 -0.190000 0.5530 0.3529 0.2314
v -0.170000 2.050000 -0.190000 0.5530 0.3529 0.2314
v -0.070000 1.950000 -0.190000 0.5530 0.3529 0.2314
v -0.170000 1.950000 -0.290000 0.5530 0.3529 0.2314
v -0.099289 2.020711 -0.190000 0.5530 0.3529 0.2314
v -0.112265 2.007735 -0.247735 0.5530 0.3529 0.2314
v -0.099289 1.950000 -0.260711 0.5530 0.3529 0.2314
v -0.170000 2.020711 -0.260711 0.5530 0.3529 0.2314
v 0.170000 0.300000 0.190000 0.5530 0.3529 0.2314
v 0.170000 0.400000 0.290000 0.5530 0.3529 0.2314
v 0.070000 0.400000 0.190000 0.5530 0.3529 0.2314
v 0.170000 0.329289 0.260711 0.5530 0.3529 0.2314
v 0.112265 0.342265 0.247735 0.5530 0.3529 0.2314
v 0.099289 0.400000 0.260711 0.5530 0.3529 0.2314
v 0.099289 0.329289 0.190000 0.5530 0.3529 0.2314
v 0.170000 1.950000 0.290000 0.5530 0.3529 0.2314
v 0.170000 2.050000 0.190000 0.5530 0.3529 0.2314
v 0.070000 1.950000 0.190000 0.5530 0.3529 0.2314
v 0.170000 2.020711 0.260711 0.5530 0.3529 0.2314
v 0.112265 2.007735 0.247735 0.5530 0.3529 0.2314
v 0.099289 2.020711 0.190000 0.5530 0.3529 0.2314
v 0.099289 1.950000 0.260711 0.5530 0.3529 0.2314
v 0.170000 0.300000 -0.190000 0.5530 0.3529 0.2314
v 0.070000 0.400000 -0.190000 0.5530 0.3529 0.2314
v 0.170000 0.400000 -0.290000 0.5530 0.3529 0.2314
v 0.099289 0.329289 -0.190000 0.5530 0.3529 0.2314
v 0.112265 0.342265 -0.247735 0.5530 0.3529 0.2314
v 0.099289 0.400000 -0.260711 0.5530 0.3529 0.2314
v 0.170000 0.329289 -0.260711 0.5530 0.3529 0.2314
v 0.170000 2.050000 -0.190000 0.5530 0.3529 0.2314
v 0.170000 1.950000 -0.290000 0.5530 0.3529 0.2314
v 0.070000 1.950000 -0.190000 0.5530 0.3529 0.2314
v 0.170000 2.020711 -0.260711 0.5530 0.3529 0.2314
v 0.112265 2.007735 -0.247735 0.5530 0.3529 0.2314
v 0.099289 1.950000 -0.260711 0.5530 0.3529 0.2314
v 0.099289 2.020711 -0.190000 0.5530 0.3529 0.2314
v 0.490000 0.300000 0.190000 0.5530 0.3529 0.2314
v 0.590000 0.400000 0.190000 0.5530 0.3529 0.2314
v 0.490000 0.400000 0.290000 0.5530 0.3529 0.2314
v 0.560711 0.329289 0.190000 0.5530 0.3529 0.2314
v 0.547735 0.342265 0.247735 0.5530 0.3529 0.2314
v 0.560711 0.400000 0.260711 0.5530 0.3529 0.2314
v 0.490000 0.329289 0.260711 0.5530 0.3529 0.2314
v 0.490000 2.050000 0.190000 0.5530 0.3529 0.2314
v 0.490000 1.950000 0.290000 0.5530 0.3529 0.2314
v 0.590000 1.950000 0.190000 0.5530 0.3529 0.2314
v 0.490000 2.020711 0.260711 0.5530 0.3529 0.2314
v 0.547735 2.007735 0.247735 0.5530 0.3529 0.2314
v 0.560711 1.950000 0.260711 0.5530 0.3529 0.2314
v 0.560711 2.020711 0.190000 0.5530 0.3529 0.2314
v 0.490000 0.300000 -0.190000 0.5530 0.3529 0.2314
v 0.490000 0.400000 -0.290000 0.5530 0.3529 0.2314
v 0.590000 0.400000 -0.190000 0.5530 0.3529 0.2314
v 0.490000 0.329289 -0.260711 0.5530 0.3529 0.2314
v 0.547735 0.342265 -0.247735 0.5530 0.3529 0.2314
v 0.560711 0.400000 -0.260711 0.5530 0.3529 0.2314
v 0.560711 0.329289 -0.190000 0.5530 0.3529 0.2314
v 0.490000 2.050000 -0.190000 0.5530 0.3529 0.2314
v 0.590000 1.950000 -0.190000 0.5530 0.3529 0.2314
v 0.490000 1.950000 -0.290000 0.5530 0.3529 0.2314
v 0.560711 2.020711 -0.190000 0.5530 0.3529 0.2314
v 0.547735 2.007735 -0.247735 0.5530 0.3529 0.2314
v 0.560711 1.950000 -0.260711 0.5530 0.3529 0.2314
v 0.490000 2.020711 -0.260711 0.5530 0.3529 0.2314
v -0.495000 2.100000 0.180000 1.0000 0.5608 0.7216
v -0.495000 2.280000 0.360000 1.0000 0.5608 0.7216
v -0.675000 2.280000 0.180000 1.0000 0.5608 0.7216
v -0.495000 2.152721 0.307279 1.0000 0.5608 0.7216
v -0.598923 2.176077 0.283923 1.0000 0.5608 0.7216
v -0.622279 2.280000 0.307279 1.0000 0.5608 0.7216
v -0.622279 2.152721 0.180000 1.0000 0.5608 0.7216
v -0.495000 3.620000 0.360000 1.0000 0.5608 0.7216
v -0.495000 3.800000 0.180000 1.0000 0.5608 0.7216
v -0.675000 3.620000 0.180000 1.0000 0.5608 0.7216
v -0.495000 3.747279 0.307279 1.0000 0.5608 0.7216
v -0.598923 3.723923 0.283923 1.0000 0.5608 0.7216
v -0.622279 3.747279 0.180000 1.0000 0.5608 0.7216
v -0.622279 3.620000 0.307279 1.0000 0.5608 0.7216
v -0.495000 2.100000 -0.180000 1.0000 0.5608 0.7216
v -0.675000 2.280000 -0.180000 1.0000 0.5608 0.7216
v -0.495000 2.280000 -0.360000 1.0000 0.5608 0.7216
v -0.622279 2.152721 -0.180000 1.0000 0.5608 0.7216
v -0.598923 2.176077 -0.283923 1.0000 0.5608 0.7216
v -0.622279 2.280000 -0.307279 1.0000 0.5608 0.7216
v -0.495000 2.152721 -0.307279 1.0000 0.5608 0.7216
v -0.495000 3.800000 -0.180000 1.0000 0.5608 0.7216
v -0.495000 3.620000 -0.360000 1.0000 0.5608 0.7216
v -0.675000 3.620000 -0.180000 1.0000 0.5608 0.7216
v -0.495000 3.747279 -0.307279 1.0000 0.5608 0.7216
v -0.598923 3.723923 -0.283923 1.0000 0.5608 0.7216
v -0.622279 3.620000 -0.307279 1.0000 0.5608 0.7216
v -0.622279 3.747279 -0.180000 1.0000 0.5608 0.7216
v 0.495000 2.100000 0.180000 1.0000 0.5608 0.7216
v 0.675000 2.280000 0.180000 1.0000 0.5608 0.7216
v 0.495000 2.280000 0.360000 1.0000 0.5608 0.7216
v 0.622279 2.152721 0.180000 1.0000 0.5608 0.7216
v 0.598923 2.176077 0.283923 1.0000 0.5608 0.7216
v 0.622279 2.280000 0.307279 1.0000 0.5608 0.7216
v 0.495000 2.152721 0.307279 1.0000 0.5608 0.7216
v 0.495000 3.800000 0.180000 1.0000 0.5608 0.7216
v 0.495000 3.620000 0.360000 1.0000 0.5608 0.7216
v 0.675000 3.620000 0.180000 1.0000 0.5608 0.7216
v 0.495000 3.747279 0.307279 1.0000 0.5608 0.7216
v 0.598923 3.723923 0.283923 1.0000 0.5608 0.7216
v 0.622279 3.620000 0.307279 1.0000 0.5608 0.7216
v 0.622279 3.747279 0.180000 1.0000 0.5608 0.7216
v 0.495000 2.100000 -0.180000 1.0000 0.5608 0.7216
v 0.495000 2.280000 -0.360000 1.0000 0.5608 0.7216
v 0.675000 2.280000 -0.180000 1.0000 0.5608 0.7216
v 0.495000 2.152721 -0.307279 1.0000 0.5608 0.7216
v 0.598923 2.176077 -0.283923 1.0000 0.5608 0.7216
v 0.622279 2.280000 -0.307279 1.0000 0.5608 0.7216
v 0.622279 2.152721 -0.180000 1.0000 0.5608 0.7216
v 0.495000 3.800000 -0.180000 1.0000 0.5608 0.7216
v 0.675000 3.620000 -0.180000 1.0000 0.5608 0.7216
v 0.495000 3.620000 -0.360000 1.0000 0.5608 0.7216
v 0.622279 3.747279 -0.180000 1.0000 0.5608 0.7216
v 0.598923 3.723923 -0.283923 1.0000 0.5608 0.7216
v 0.622279 3.620000 -0.307279 1.0000 0.5608 0.7216
v 0.495000 3.747279 -0.307279 1.0000 0.5608 0.7216
v 0.000000 3.750000 -0.220000 0.5530 0.3529 0.2314
v 0.000000 3.950000 -0.220000 0.5530 0.3529 0.2314
v 0.110000 3.750000 -0.190526 0.5530 0.3529 0.2314
v 0.110000 3.950000 -0.190526 0.5530 0.3529 0.2314
v 0.190526 3.750000 -0.110000 0.5530 0.3529 0.2314
v 0.190526 3.950000 -0.110000 0.5530 0.3529 0.2314
v 0.220000 3.750000 0.000000 0.5530 0.3529 0.2314
v 0.220000 3.950000 0.000000 0.5530 0.3529 0.2314
v 0.190526 3.750000 0.110000 0.5530 0.3529 0.2314
v 0.190526 3.950000 0.110000 0.5530 0.3529 0.2314
v 0.110000 3.750000 0.190526 0.5530 0.3529 0.2314
v 0.110000 3.950000 0.190526 0.5530 0.3529 0.2314
v 0.000000 3.750000 0.220000 0.5530 0.3529 0.2314
v 0.000000 3.950000 0.220000 0.5530 0.3529 0.2314
v -0.110000 3.750000 0.190526 0.5530 0.3529 0.2314
v -0.110000 3.950000 0.190526 0.5530 0.3529 0.2314
v -0.190526 3.750000 0.110000 0.5530 0.3529 0.2314
v -0.190526 3.950000 0.110000 0.5530 0.3529 0.2314
v -0.220000 3.750000 0.000000 0.5530 0.3529 0.2314
v -0.220000 3.950000 0.000000 0.5530 0.3529 0.2314
v -0.190526 3.750000 -0.110000 0.5530 0.3529 0.2314
v -0.190526 3.950000 -0.110000 0.5530 0.3529 0.2314
v -0.110000 3.750000 -0.190526 0.5530 0.3529 0.2314
v -0.110000 3.950000 -0.190526 0.5530 0.3529 0.2314
v -0.225000 3.940000 0.175000 0.5530 0.3529 0.2314
v -0.225000 4.240000 0.475000 0.5530 0.3529 0.2314
v -0.525000 4.240000 0.175000 0.5530 0.3529 0.2314
v -0.225000 3.980079 0.324803 0.5530 0.3529 0.2314
v -0.374803 3.980079 0.175000 0.5530 0.3529 0.2314
v -0.368463 4.019010 0.318463 0.5530 0.3529 0.2314
v -0.374803 4.240000 0.434921 0.5530 0.3529 0.2314
v -0.225000 4.090197 0.434921 0.5530 0.3529 0.2314
v -0.368463 4.096537 0.395990 0.5530 0.3529 0.2314
v -0.484921 4.090197 0.175000 0.5530 0.3529 0.2314
v -0.484921 4.240000 0.324803 0.5530 0.3529 0.2314
v -0.445990 4.096537 0.318463 0.5530 0.3529 0.2314
v -0.225000 4.660000 0.475000 0.5530 0.3529 0.2314
v -0.225000 4.960000 0.175000 0.5530 0.3529 0.2314
v -0.525000 4.660000 0.175000 0.5530 0.3529 0.2314
v -0.225000 4.809803 0.434921 0.5530 0.3529 0.2314
v -0.374803 4.660000 0.434921 0.5530 0.3529 0.2314
v -0.368463 4.803463 0.395990 0.5530 0.3529 0.2314
v -0.374803 4.919921 0.175000 0.5530 0.3529 0.2314
v -0.225000 4.919921 0.324803 0.5530 0.3529 0.2314
v -0.368463 4.880990 0.318463 0.5530 0.3529 0.2314
v -0.484921 4.660000 0.324803 0.5530 0.3529 0.2314
v -0.484921 4.809803 0.175000 0.5530 0.3529 0.2314
v -0.445990 4.803463 0.318464 0.5530 0.3529 0.2314
v -0.225000 3.940000 -0.175000 0.5530 0.3529 0.2314
v -0.525000 4.240000 -0.175000 0.5530 0.3529 0.2314
v -0.225000 4.240000 -0.475000 0.5530 0.3529 0.2314
v -0.374803 3.980079 -0.175000 0.5530 0.3529 0.2314
v -0.225000 3.980079 -0.324803 0.5530 0.3529 0.2314
v -0.368463 4.019010 -0.318463 0.5530 0.3529 0.2314
v -0.484921 4.240000 -0.324803 0.5530 0.3529 0.2314
v -0.484921 4.090197 -0.175000 0.5530 0.3529 0.2314
v -0.445990 4.096537 -0.318463 0.5530 0.3529 0.2314
v -0.225000 4.090197 -0.434921 0.5530 0.3529 0.2314
v -0.374803 4.240000 -0.434921 0.5530 0.3529 0.2314
v -0.368463 4.096537 -0.395990 0.5530 0.3529 0.2314
v -0.225000 4.960000 -0.175000 0.5530 0.3529 0.2314
v -0.225000 4.660000 -0.475000 0.5530 0.3529 0.2314
v -0.525000 4.660000 -0.175000 0.5530 0.3529 0.2314
v -0.225000 4.919921 -0.324803 0.5530 0.3529 0.2314
v -0.374803 4.919921 -0.175000 0.5530 0.3529 0.2314
v -0.368463 4.880990 -0.318463 0.5530 0.3529 0.2314
v -0.374803 4.660000 -0.434921 0.5530 0.3529 0.2314
v -0.225000 4.809803 -0.434921 0.5530 0.3529 0.2314
v -0.368463 4.803463 -0.395990 0.5530 0.3529 0.2314
v -0.484921 4.809803 -0.175000 0.5530 0.3529 0.2314
v -0.484921 4.660000 -0.324803 0.5530 0.3529 0.2314
v -0.445990 4.803463 -0.318463 0.5530 0.3529 0.2314
v 0.225000 3.940000 0.175000 0.5530 0.3529 0.2314
v 0.525000 4.240000 0.175000 0.5530 0.3529 0.2314
v 0.225000 4.240000 0.475000 0.5530 0.3529 0.2314
v 0.374803 3.980079 0.175000 0.5530 0.3529 0.2314
v 0.225000 3.980079 0.324803 0.5530 0.3529 0.2314
v 0.368463 4.019010 0.318464 0.5530 0.3529 0.2314
v 0.484921 4.240000 0.324803 0.5530 0.3529 0.2314
v 0.484921 4.090197 0.175000 0.5530 0.3529 0.2314
v 0.445990 4.096537 0.318464 0.5530 0.3529 0.2314
v 0.225000 4.090197 0.434921 0.5530 0.3529 0.2314
v 0.374803 4.240000 0.434921 0.5530 0.3529 0.2314
v 0.368463 4.096537 0.395990 0.5530 0.3529 0.2314
v 0.225000 4.960000 0.175000 0.5530 0.3529 0.2314
v 0.225000 4.660000 0.475000 0.5530 0.3529 0.2314
v 0.525000 4.660000 0.175000 0.5530 0.3529 0.2314
v 0.225000 4.919921 0.324803 0.5530 0.3529 0.2314
v 0.374803 4.919921 0.175000 0.5530 0.3529 0.2314
v 0.368463 4.880990 0.318463 0.5530 0.3529 0.2314
v 0.374803 4.660000 0.434921 0.5530 0.3529 0.2314
v 0.225000 4.809803 0.434921 0.5530 0.3529 0.2314
v 0.368463 4.803463 0.395990 0.5530 0.3529 0.2314
v 0.484921 4.809803 0.175000 0.5530 0.3529 0.2314
v 0.484921 4.660000 0.324803 0.5530 0.3529 0.2314
v 0.445990 4.803463 0.318463 0.5530 0.3529 0.2314
v 0.225000 3.940000 -0.175000 0.5530 0.3529 0.2314
v 0.225000 4.240000 -0.475000 0.5530 0.3529 0.2314
v 0.525000 4.240000 -0.175000 0.5530 0.3529 0.2314
v 0.225000 3.980079 -0.324803 0.5530 0.3529 0.2314
v 0.374803 3.980079 -0.175000 0.5530 0.3529 0.2314
v 0.368463 4.019010 -0.318463 0.5530 0.3529 0.2314
v 0.374803 4.240000 -0.434921 0.5530 0.3529 0.2314
v 0.225000 4.090197 -0.434921 0.5530 0.3529 0.2314
v 0.368463 4.096537 -0.395990 0.5530 0.3529 0.2314
v 0.484921 4.090197 -0.175000 0.5530 0.3529 0.2314
v 0.484921 4.240000 -0.324803 0.5530 0.3529 0.2314
v 0.445990 4.096537 -0.318463 0.5530 0.3529 0.2314
v 0.225000 4.960000 -0.175000 0.5530 0.3529 0.2314
v 0.525000 4.660000 -0.175000 0.5530 0.3529 0.2314
v 0.225000 4.660000 -0.475000 0.5530 0.3529 0.2314
v 0.374803 4.919921 -0.175000 0.5530 0.3529 0.2314
v 0.225000 4.919921 -0.324803 0.5530 0.3529 0.2314
v 0.368463 4.880990 -0.318463 0.5530 0.3529 0.2314
v 0.484921 4.660000 -0.324803 0.5530 0.3529 0.2314
v 0.484921 4.809803 -0.175000 0.5530 0.3529 0.2314
v 0.445990 4.803463 -0.318463 0.5530 0.3529 0.2314
v 0.225000 4.809803 -0.434921 0.5530 0.3529 0.2314
v 0.374803 4.660000 -0.434921 0.5530 0.3529 0.2314
v 0.368463 4.803463 -0.395990 0.5530 0.3529 0.2314
v -0.210000 4.670000 0.495000 0.1020 0.1020 0.1216
v -0.210000 4.390000 0.495000 0.1020 0.1020 0.1216
v -0.180611 4.651244 0.474775 0.1020 0.1020 0.1216
v -0.159096 4.600000 0.459969 0.1020 0.1020 0.1216
v -0.151221 4.530000 0.454549 0.1020 0.1020 0.1216
v -0.159096 4.460000 0.459969 0.1020 0.1020 0.1216
v -0.180611 4.408757 0.474775 0.1020 0.1020 0.1216
v -0.162447 4.651244 0.487275 0.1020 0.1020 0.1216
v -0.127636 4.600000 0.481619 0.1020 0.1020 0.1216
v -0.114894 4.530000 0.479549 0.1020 0.1020 0.1216
v -0.127636 4.460000 0.481619 0.1020 0.1020 0.1216
v -0.162447 4.408757 0.487275 0.1020 0.1020 0.1216
v -0.162447 4.651244 0.502725 0.1020 0.1020 0.1216
v -0.127636 4.600000 0.508381 0.1020 0.1020 0.1216
v -0.114894 4.530000 0.510451 0.1020 0.1020 0.1216
v -0.127636 4.460000 0.508381 0.1020 0.1020 0.1216
v -0.162447 4.408757 0.502725 0.1020 0.1020 0.1216
v -0.180611 4.651244 0.515225 0.1020 0.1020 0.1216
v -0.159096 4.600000 0.530032 0.1020 0.1020 0.1216
v -0.151221 4.530000 0.535451 0.1020 0.1020 0.1216
v -0.159096 4.460000 0.530032 0.1020 0.1020 0.1216
v -0.180611 4.408757 0.515225 0.1020 0.1020 0.1216
v -0.210000 4.651244 0.520000 0.1020 0.1020 0.1216
v -0.210000 4.600000 0.538301 0.1020 0.1020 0.1216
v -0.210000 4.530000 0.545000 0.1020 0.1020 0.1216
v -0.210000 4.460000 0.538301 0.1020 0.1020 0.1216
v -0.210000 4.408757 0.520000 0.1020 0.1020 0.1216
v -0.239389 4.651244 0.515225 0.1020 0.1020 0.1216
v -0.260904 4.600000 0.530032 0.1020 0.1020 0.1216
v -0.268779 4.530000 0.535451 0.1020 0.1020 0.1216
v -0.260904 4.460000 0.530032 0.1020 0.1020 0.1216
v -0.239389 4.408757 0.515225 0.1020 0.1020 0.1216
v -0.257553 4.651244 0.502725 0.1020 0.1020 0.1216
v -0.292364 4.600000 0.508381 0.1020 0.1020 0.1216
v -0.305106 4.530000 0.510451 0.1020 0.1020 0.1216
v -0.292364 4.460000 0.508381 0.1020 0.1020 0.1216
v -0.257553 4.408757 0.502725 0.1020 0.1020 0.1216
v -0.257553 4.651244 0.487275 0.1020 0.1020 0.1216
v -0.292364 4.600000 0.481619 0.1020 0.1020 0.1216
v -0.305106 4.530000 0.479549 0.1020 0.1020 0.1216
v -0.292364 4.460000 0.481619 0.1020 0.1020 0.1216
v -0.257553 4.408757 0.487275 0.1020 0.1020 0.1216
v -0.239389 4.651244 0.474775 0.1020 0.1020 0.1216
v -0.260904 4.600000 0.459969 0.1020 0.1020 0.1216
v -0.268779 4.530000 0.454549 0.1020 0.1020 0.1216
v -0.260904 4.460000 0.459969 0.1020 0.1020 0.1216
v -0.239389 4.408757 0.474775 0.1020 0.1020 0.1216
v -0.210000 4.651244 0.470000 0.1020 0.1020 0.1216
v -0.210000 4.600000 0.451699 0.1020 0.1020 0.1216
v -0.210000 4.530000 0.445000 0.1020 0.1020 0.1216
v -0.210000 4.460000 0.451699 0.1020 0.1020 0.1216
v -0.210000 4.408757 0.470000 0.1020 0.1020 0.1216
v -0.240000 4.615000 0.545000 1.0000 1.0000 1.0000
v -0.240000 4.604749 0.520251 1.0000 1.0000 1.0000
v -0.240000 4.580000 0.510000 1.0000 1.0000 1.0000
v -0.240000 4.555251 0.520251 1.0000 1.0000 1.0000
v -0.240000 4.545000 0.545000 1.0000 1.0000 1.0000
v -0.218567 4.604749 0.532626 1.0000 1.0000 1.0000
v -0.209689 4.580000 0.527500 1.0000 1.0000 1.0000
v -0.218567 4.555251 0.532626 1.0000 1.0000 1.0000
v -0.218567 4.604749 0.557374 1.0000 1.0000 1.0000
v -0.209689 4.580000 0.562500 1.0000 1.0000 1.0000
v -0.218567 4.555251 0.557374 1.0000 1.0000 1.0000
v -0.240000 4.604749 0.569749 1.0000 1.0000 1.0000
v -0.240000 4.580000 0.580000 1.0000 1.0000 1.0000
v -0.240000 4.555251 0.569749 1.0000 1.0000 1.0000
v -0.261433 4.604749 0.557374 1.0000 1.0000 1.0000
v -0.270311 4.580000 0.562500 1.0000 1.0000 1.0000
v -0.261433 4.555251 0.557374 1.0000 1.0000 1.0000
v -0.261433 4.604749 0.532626 1.0000 1.0000 1.0000
v -0.270311 4.580000 0.527500 1.0000 1.0000 1.0000
v -0.261433 4.555251 0.532626 1.0000 1.0000 1.0000
v 0.210000 4.670000 0.495000 0.1020 0.1020 0.1216
v 0.210000 4.390000 0.495000 0.1020 0.1020 0.1216
v 0.239389 4.651244 0.474775 0.1020 0.1020 0.1216
v 0.260904 4.600000 0.459969 0.1020 0.1020 0.1216
v 0.268779 4.530000 0.454549 0.1020 0.1020 0.1216
v 0.260904 4.460000 0.459969 0.1020 0.1020 0.1216
v 0.239389 4.408757 0.474775 0.1020 0.1020 0.1216
v 0.257553 4.651244 0.487275 0.1020 0.1020 0.1216
v 0.292364 4.600000 0.481619 0.1020 0.1020 0.1216
v 0.305106 4.530000 0.479549 0.1020 0.1020 0.1216
v 0.292364 4.460000 0.481619 0.1020 0.1020 0.1216
v 0.257553 4.408757 0.487275 0.1020 0.1020 0.1216
v 0.257553 4.651244 0.502725 0.1020 0.1020 0.1216
v 0.292364 4.600000 0.508381 0.1020 0.1020 0.1216
v 0.305106 4.530000 0.510451 0.1020 0.1020 0.1216
v 0.292364 4.460000 0.508381 0.1020 0.1020 0.1216
v 0.257553 4.408757 0.502725 0.1020 0.1020 0.1216
v 0.239389 4.651244 0.515225 0.1020 0.1020 0.1216
v 0.260904 4.600000 0.530032 0.1020 0.1020 0.1216
v 0.268779 4.530000 0.535451 0.1020 0.1020 0.1216
v 0.260904 4.460000 0.530032 0.1020 0.1020 0.1216
v 0.239389 4.408757 0.515225 0.1020 0.1020 0.1216
v 0.210000 4.651244 0.520000 0.1020 0.1020 0.1216
v 0.210000 4.600000 0.538301 0.1020 0.1020 0.1216
v 0.210000 4.530000 0.545000 0.1020 0.1020 0.1216
v 0.210000 4.460000 0.538301 0.1020 0.1020 0.1216
v 0.210000 4.408757 0.520000 0.1020 0.1020 0.1216
v 0.180611 4.651244 0.515225 0.1020 0.1020 0.1216
v 0.159096 4.600000 0.530032 0.1020 0.1020 0.1216
v 0.151221 4.530000 0.535451 0.1020 0.1020 0.1216
v 0.159096 4.460000 0.530032 0.1020 0.1020 0.1216
v 0.180611 4.408757 0.515225 0.1020 0.1020 0.1216
v 0.162447 4.651244 0.502725 0.1020 0.1020 0.1216
v 0.127636 4.600000 0.508381 0.1020 0.1020 0.1216
v 0.114894 4.530000 0.510451 0.1020 0.1020 0.1216
v 0.127636 4.460000 0.508381 0.1020 0.1020 0.1216
v 0.162447 4.408757 0.502725 0.1020 0.1020 0.1216
v 0.162447 4.651244 0.487275 0.1020 0.1020 0.1216
v 0.127636 4.600000 0.481619 0.1020 0.1020 0.1216
v 0.114894 4.530000 0.479549 0.1020 0.1020 0.1216
v 0.127636 4.460000 0.481619 0.1020 0.1020 0.1216
v 0.162447 4.408757 0.487275 0.1020 0.1020 0.1216
v 0.180611 4.651244 0.474775 0.1020 0.1020 0.1216
v 0.159096 4.600000 0.459969 0.1020 0.1020 0.1216
v 0.151221 4.530000 0.454549 0.1020 0.1020 0.1216
v 0.159096 4.460000 0.459969 0.1020 0.1020 0.1216
v 0.180611 4.408757 0.474775 0.1020 0.1020 0.1216
v 0.210000 4.651244 0.470000 0.1020 0.1020 0.1216
v 0.210000 4.600000 0.451699 0.1020 0.1020 0.1216
v 0.210000 4.530000 0.445000 0.1020 0.1020 0.1216
v 0.210000 4.460000 0.451699 0.1020 0.1020 0.1216
v 0.210000 4.408757 0.470000 0.1020 0.1020 0.1216
v 0.180000 4.615000 0.545000 1.0000 1.0000 1.0000
v 0.180000 4.604749 0.520251 1.0000 1.0000 1.0000
v 0.180000 4.580000 0.510000 1.0000 1.0000 1.0000
v 0.180000 4.555251 0.520251 1.0000 1.0000 1.0000
v 0.180000 4.545000 0.545000 1.0000 1.0000 1.0000
v 0.201433 4.604749 0.532626 1.0000 1.0000 1.0000
v 0.210311 4.580000 0.527500 1.0000 1.0000 1.0000
v 0.201433 4.555251 0.532626 1.0000 1.0000 1.0000
v 0.201433 4.604749 0.557374 1.0000 1.0000 1.0000
v 0.210311 4.580000 0.562500 1.0000 1.0000 1.0000
v 0.201433 4.555251 0.557374 1.0000 1.0000 1.0000
v 0.180000 4.604749 0.569749 1.0000 1.0000 1.0000
v 0.180000 4.580000 0.580000 1.0000 1.0000 1.0000
v 0.180000 4.555251 0.569749 1.0000 1.0000 1.0000
v 0.158567 4.604749 0.557374 1.0000 1.0000 1.0000
v 0.149689 4.580000 0.562500 1.0000 1.0000 1.0000
v 0.158567 4.555251 0.557374 1.0000 1.0000 1.0000
v 0.158567 4.604749 0.532626 1.0000 1.0000 1.0000
v 0.149689 4.580000 0.527500 1.0000 1.0000 1.0000
v 0.158567 4.555251 0.532626 1.0000 1.0000 1.0000
v 0.139337 4.250395 0.477500 0.5569 0.2314 0.1490
v 0.139337 4.250395 0.512500 0.5569 0.2314 0.1490
v 0.155885 4.225000 0.530000 0.5569 0.2314 0.1490
v 0.172432 4.199605 0.512500 0.5569 0.2314 0.1490
v 0.172432 4.199605 0.477500 0.5569 0.2314 0.1490
v 0.155885 4.225000 0.460000 0.5569 0.2314 0.1490
v -0.139337 4.250395 0.477500 0.5569 0.2314 0.1490
v -0.139337 4.250395 0.512500 0.5569 0.2314 0.1490
v -0.155885 4.225000 0.530000 0.5569 0.2314 0.1490
v -0.172432 4.199605 0.512500 0.5569 0.2314 0.1490
v -0.172432 4.199605 0.477500 0.5569 0.2314 0.1490
v -0.155885 4.225000 0.460000 0.5569 0.2314 0.1490
v -0.113500 4.233358 0.477500 0.5569 0.2314 0.1490
v -0.113500 4.233358 0.512500 0.5569 0.2314 0.1490
v -0.127279 4.206360 0.530000 0.5569 0.2314 0.1490
v -0.141059 4.179363 0.512500 0.5569 0.2314 0.1490
v -0.141059 4.179363 0.477500 0.5569 0.2314 0.1490
v -0.127279 4.206360 0.460000 0.5569 0.2314 0.1490
v -0.081470 4.221143 0.477500 0.5569 0.2314 0.1490
v -0.081470 4.221143 0.512500 0.5569 0.2314 0.1490
v -0.090000 4.192058 0.530000 0.5569 0.2314 0.1490
v -0.098530 4.162972 0.512500 0.5569 0.2314 0.1490
v -0.098530 4.162972 0.477500 0.5569 0.2314 0.1490
v -0.090000 4.192058 0.460000 0.5569 0.2314 0.1490
v -0.042509 4.213102 0.477500 0.5569 0.2314 0.1490
v -0.042509 4.213102 0.512500 0.5569 0.2314 0.1490
v -0.046587 4.183067 0.530000 0.5569 0.2314 0.1490
v -0.050666 4.153032 0.512500 0.5569 0.2314 0.1490
v -0.050666 4.153032 0.477500 0.5569 0.2314 0.1490
v -0.046587 4.183067 0.460000 0.5569 0.2314 0.1490
v 0.000000 4.210311 0.477500 0.5569 0.2314 0.1490
v 0.000000 4.210311 0.512500 0.5569 0.2314 0.1490
v 0.000000 4.180000 0.530000 0.5569 0.2314 0.1490
v 0.000000 4.149689 0.512500 0.5569 0.2314 0.1490
v 0.000000 4.149689 0.477500 0.5569 0.2314 0.1490
v 0.000000 4.180000 0.460000 0.5569 0.2314 0.1490
v 0.042509 4.213102 0.477500 0.5569 0.2314 0.1490
v 0.042509 4.213102 0.512500 0.5569 0.2314 0.1490
v 0.046587 4.183067 0.530000 0.5569 0.2314 0.1490
v 0.050666 4.153032 0.512500 0.5569 0.2314 0.1490
v 0.050666 4.153032 0.477500 0.5569 0.2314 0.1490
v 0.046587 4.183067 0.460000 0.5569 0.2314 0.1490
v 0.081470 4.221143 0.477500 0.5569 0.2314 0.1490
v 0.081470 4.221143 0.512500 0.5569 0.2314 0.1490
v 0.090000 4.192058 0.530000 0.5569 0.2314 0.1490
v 0.098530 4.162972 0.512500 0.5569 0.2314 0.1490
v 0.098530 4.162972 0.477500 0.5569 0.2314 0.1490
v 0.090000 4.192058 0.460000 0.5569 0.2314 0.1490
v 0.113500 4.233358 0.477500 0.5569 0.2314 0.1490
v 0.113500 4.233358 0.512500 0.5569 0.2314 0.1490
v 0.127279 4.206360 0.530000 0.5569 0.2314 0.1490
v 0.141059 4.179363 0.512500 0.5569 0.2314 0.1490
v 0.141059 4.179363 0.477500 0.5569 0.2314 0.1490
v 0.127279 4.206360 0.460000 0.5569 0.2314 0.1490
v -0.330000 4.401500 0.475000 1.0000 0.6197 0.7804
v -0.330000 4.380558 0.447776 1.0000 0.6197 0.7804
v -0.330000 4.330000 0.436500 1.0000 0.6197 0.7804
v -0.330000 4.279442 0.447776 1.0000 0.6197 0.7804
v -0.330000 4.258500 0.475000 1.0000 0.6197 0.7804
v -0.275000 4.380558 0.455750 1.0000 0.6197 0.7804
v -0.252218 4.330000 0.447776 1.0000 0.6197 0.7804
v -0.275000 4.279442 0.455750 1.0000 0.6197 0.7804
v -0.252218 4.380558 0.475000 1.0000 0.6197 0.7804
v -0.220000 4.330000 0.475000 1.0000 0.6197 0.7804
v -0.252218 4.279442 0.475000 1.0000 0.6197 0.7804
v -0.275000 4.380558 0.494250 1.0000 0.6197 0.7804
v -0.252218 4.330000 0.502224 1.0000 0.6197 0.7804
v -0.275000 4.279442 0.494250 1.0000 0.6197 0.7804
v -0.330000 4.380558 0.502224 1.0000 0.6197 0.7804
v -0.330000 4.330000 0.513500 1.0000 0.6197 0.7804
v -0.330000 4.279442 0.502224 1.0000 0.6197 0.7804
v -0.385000 4.380558 0.494250 1.0000 0.6197 0.7804
v -0.407782 4.330000 0.502224 1.0000 0.6197 0.7804
v -0.385000 4.279442 0.494250 1.0000 0.6197 0.7804
v -0.407782 4.380558 0.475000 1.0000 0.6197 0.7804
v -0.440000 4.330000 0.475000 1.0000 0.6197 0.7804
v -0.407782 4.279442 0.475000 1.0000 0.6197 0.7804
v -0.385000 4.380558 0.455750 1.0000 0.6197 0.7804
v -0.407782 4.330000 0.447776 1.0000 0.6197 0.7804
v -0.385000 4.279442 0.455750 1.0000 0.6197 0.7804
v -0.323202 4.754209 0.510000 0.1804 0.1412 0.1255
v -0.314852 4.813625 0.510000 0.1804 0.1412 0.1255
v -0.323202 4.754209 0.460000 0.1804 0.1412 0.1255
v -0.314852 4.813625 0.460000 0.1804 0.1412 0.1255
v -0.125148 4.726375 0.510000 0.1804 0.1412 0.1255
v -0.116798 4.785791 0.510000 0.1804 0.1412 0.1255
v -0.125148 4.726375 0.460000 0.1804 0.1412 0.1255
v -0.116798 4.785791 0.460000 0.1804 0.1412 0.1255
v 0.330000 4.401500 0.475000 1.0000 0.6197 0.7804
v 0.330000 4.380558 0.447776 1.0000 0.6197 0.7804
v 0.330000 4.330000 0.436500 1.0000 0.6197 0.7804
v 0.330000 4.279442 0.447776 1.0000 0.6197 0.7804
v 0.330000 4.258500 0.475000 1.0000 0.6197 0.7804
v 0.385000 4.380558 0.455750 1.0000 0.6197 0.7804
v 0.407782 4.330000 0.447776 1.0000 0.6197 0.7804
v 0.385000 4.279442 0.455750 1.0000 0.6197 0.7804
v 0.407782 4.380558 0.475000 1.0000 0.6197 0.7804
v 0.440000 4.330000 0.475000 1.0000 0.6197 0.7804
v 0.407782 4.279442 0.475000 1.0000 0.6197 0.7804
v 0.385000 4.380558 0.494250 1.0000 0.6197 0.7804
v 0.407782 4.330000 0.502224 1.0000 0.6197 0.7804
v 0.385000 4.279442 0.494250 1.0000 0.6197 0.7804
v 0.330000 4.380558 0.502224 1.0000 0.6197 0.7804
v 0.330000 4.330000 0.513500 1.0000 0.6197 0.7804
v 0.330000 4.279442 0.502224 1.0000 0.6197 0.7804
v 0.275000 4.380558 0.494250 1.0000 0.6197 0.7804
v 0.252218 4.330000 0.502224 1.0000 0.6197 0.7804
v 0.275000 4.279442 0.494250 1.0000 0.6197 0.7804
v 0.252218 4.380558 0.475000 1.0000 0.6197 0.7804
v 0.220000 4.330000 0.475000 1.0000 0.6197 0.7804
v 0.252218 4.279442 0.475000 1.0000 0.6197 0.7804
v 0.275000 4.380558 0.455750 1.0000 0.6197 0.7804
v 0.252218 4.330000 0.447776 1.0000 0.6197 0.7804
v 0.275000 4.279442 0.455750 1.0000 0.6197 0.7804
v 0.125148 4.726375 0.510000 0.1804 0.1412 0.1255
v 0.116798 4.785791 0.510000 0.1804 0.1412 0.1255
v 0.125148 4.726375 0.460000 0.1804 0.1412 0.1255
v 0.116798 4.785791 0.460000 0.1804 0.1412 0.1255
v 0.323202 4.754209 0.510000 0.1804 0.1412 0.1255
v 0.314852 4.813625 0.510000 0.1804 0.1412 0.1255
v 0.323202 4.754209 0.460000 0.1804 0.1412 0.1255
v 0.314852 4.813625 0.460000 0.1804 0.1412 0.1255
v 0.000000 1.150000 0.000000 1.0000 0.5608 0.7216
v 0.980000 1.150000 0.000000 1.0000 0.5608 0.7216
v 0.932035 1.150000 -0.218042 1.0000 0.5608 0.7216
v 0.792837 1.150000 -0.414741 1.0000 0.5608 0.7216
v 0.576030 1.150000 -0.570842 1.0000 0.5608 0.7216
v 0.302837 1.150000 -0.671066 1.0000 0.5608 0.7216
v 0.000000 1.150000 -0.705600 1.0000 0.5608 0.7216
v -0.302837 1.150000 -0.671066 1.0000 0.5608 0.7216
v -0.576030 1.150000 -0.570842 1.0000 0.5608 0.7216
v -0.792837 1.150000 -0.414741 1.0000 0.5608 0.7216
v -0.932035 1.150000 -0.218042 1.0000 0.5608 0.7216
v -0.980000 1.150000 0.000000 1.0000 0.5608 0.7216
v -0.932035 1.150000 0.218042 1.0000 0.5608 0.7216
v -0.792837 1.150000 0.414741 1.0000 0.5608 0.7216
v -0.576030 1.150000 0.570842 1.0000 0.5608 0.7216
v -0.302837 1.150000 0.671066 1.0000 0.5608 0.7216
v 0.000000 1.150000 0.705600 1.0000 0.5608 0.7216
v 0.302837 1.150000 0.671066 1.0000 0.5608 0.7216
v 0.576030 1.150000 0.570842 1.0000 0.5608 0.7216
v 0.792837 1.150000 0.414741 1.0000 0.5608 0.7216
v 0.932035 1.150000 0.218042 1.0000 0.5608 0.7216
v 0.920000 1.400000 0.000000 1.0000 0.5608 0.7216
v 0.874972 1.400000 -0.204693 1.0000 0.5608 0.7216
v 0.744296 1.400000 -0.389349 1.0000 0.5608 0.7216
v 0.540762 1.400000 -0.535893 1.0000 0.5608 0.7216
v 0.284296 1.400000 -0.629980 1.0000 0.5608 0.7216
v 0.000000 1.400000 -0.662400 1.0000 0.5608 0.7216
v -0.284296 1.400000 -0.629980 1.0000 0.5608 0.7216
v -0.540762 1.400000 -0.535893 1.0000 0.5608 0.7216
v -0.744296 1.400000 -0.389349 1.0000 0.5608 0.7216
v -0.874972 1.400000 -0.204693 1.0000 0.5608 0.7216
v -0.920000 1.400000 0.000000 1.0000 0.5608 0.7216
v -0.874972 1.400000 0.204693 1.0000 0.5608 0.7216
v -0.744296 1.400000 0.389349 1.0000 0.5608 0.7216
v -0.540762 1.400000 0.535893 1.0000 0.5608 0.7216
v -0.284296 1.400000 0.629980 1.0000 0.5608 0.7216
v 0.000000 1.400000 0.662400 1.0000 0.5608 0.7216
v 0.284296 1.400000 0.629980 1.0000 0.5608 0.7216
v 0.540762 1.400000 0.535893 1.0000 0.5608 0.7216
v 0.744296 1.400000 0.389349 1.0000 0.5608 0.7216
v 0.874972 1.400000 0.204693 1.0000 0.5608 0.7216
v 0.740000 2.300000 0.000000 1.0000 0.5608 0.7216
v 0.703782 2.300000 -0.164644 1.0000 0.5608 0.7216
v 0.598673 2.300000 -0.313172 1.0000 0.5608 0.7216
v 0.434961 2.300000 -0.431044 1.0000 0.5608 0.7216
v 0.228673 2.300000 -0.506723 1.0000 0.5608 0.7216
v 0.000000 2.300000 -0.532800 1.0000 0.5608 0.7216
v -0.228673 2.300000 -0.506723 1.0000 0.5608 0.7216
v -0.434961 2.300000 -0.431044 1.0000 0.5608 0.7216
v -0.598673 2.300000 -0.313172 1.0000 0.5608 0.7216
v -0.703782 2.300000 -0.164644 1.0000 0.5608 0.7216
v -0.740000 2.300000 0.000000 1.0000 0.5608 0.7216
v -0.703782 2.300000 0.164644 1.0000 0.5608 0.7216
v -0.598673 2.300000 0.313172 1.0000 0.5608 0.7216
v -0.434961 2.300000 0.431044 1.0000 0.5608 0.7216
v -0.228673 2.300000 0.506723 1.0000 0.5608 0.7216
v 0.000000 2.300000 0.532800 1.0000 0.5608 0.7216
v 0.228673 2.300000 0.506723 1.0000 0.5608 0.7216
v 0.434961 2.300000 0.431044 1.0000 0.5608 0.7216
v 0.598673 2.300000 0.313172 1.0000 0.5608 0.7216
v 0.703782 2.300000 0.164644 1.0000 0.5608 0.7216
v 0.000000 2.300000 0.000000 1.0000 0.5608 0.7216
v 0.910000 1.280000 0.000000 1.0000 0.9647 0.8980
v 0.865461 1.280000 -0.210904 1.0000 0.9647 0.8980
v 0.736205 1.280000 -0.401163 1.0000 0.9647 0.8980
v 0.534885 1.280000 -0.552154 1.0000 0.9647 0.8980
v 0.281205 1.280000 -0.649096 1.0000 0.9647 0.8980
v 0.000000 1.280000 -0.682500 1.0000 0.9647 0.8980
v -0.281205 1.280000 -0.649096 1.0000 0.9647 0.8980
v -0.534885 1.280000 -0.552154 1.0000 0.9647 0.8980
v -0.736205 1.280000 -0.401163 1.0000 0.9647 0.8980
v -0.865461 1.280000 -0.210904 1.0000 0.9647 0.8980
v -0.910000 1.280000 0.000000 1.0000 0.9647 0.8980
v -0.865461 1.280000 0.210904 1.0000 0.9647 0.8980
v -0.736205 1.280000 0.401163 1.0000 0.9647 0.8980
v -0.534885 1.280000 0.552154 1.0000 0.9647 0.8980
v -0.281205 1.280000 0.649096 1.0000 0.9647 0.8980
v 0.000000 1.280000 0.682500 1.0000 0.9647 0.8980
v 0.281205 1.280000 0.649096 1.0000 0.9647 0.8980
v 0.534885 1.280000 0.552154 1.0000 0.9647 0.8980
v 0.736205 1.280000 0.401163 1.0000 0.9647 0.8980
v 0.865461 1.280000 0.210904 1.0000 0.9647 0.8980
v 0.860000 1.330000 0.000000 1.0000 0.9647 0.8980
v 0.817909 1.330000 -0.199316 1.0000 0.9647 0.8980
v 0.695755 1.330000 -0.379121 1.0000 0.9647 0.8980
v 0.505495 1.330000 -0.521816 1.0000 0.9647 0.8980
v 0.265755 1.330000 -0.613431 1.0000 0.9647 0.8980
v 0.000000 1.330000 -0.645000 1.0000 0.9647 0.8980
v -0.265755 1.330000 -0.613431 1.0000 0.9647 0.8980
v -0.505495 1.330000 -0.521816 1.0000 0.9647 0.8980
v -0.695755 1.330000 -0.379121 1.0000 0.9647 0.8980
v -0.817909 1.330000 -0.199316 1.0000 0.9647 0.8980
v -0.860000 1.330000 0.000000 1.0000 0.9647 0.8980
v -0.817909 1.330000 0.199316 1.0000 0.9647 0.8980
v -0.695755 1.330000 0.379121 1.0000 0.9647 0.8980
v -0.505495 1.330000 0.521816 1.0000 0.9647 0.8980
v -0.265755 1.330000 0.613431 1.0000 0.9647 0.8980
v 0.000000 1.330000 0.645000 1.0000 0.9647 0.8980
v 0.265755 1.330000 0.613431 1.0000 0.9647 0.8980
v 0.505495 1.330000 0.521816 1.0000 0.9647 0.8980
v 0.695755 1.330000 0.379121 1.0000 0.9647 0.8980
v 0.817909 1.330000 0.199316 1.0000 0.9647 0.8980
v 0.810000 1.280000 0.000000 1.0000 0.9647 0.8980
v 0.770356 1.280000 -0.187728 1.0000 0.9647 0.8980
v 0.655304 1.280000 -0.357080 1.0000 0.9647 0.8980
v 0.476106 1.280000 -0.491478 1.0000 0.9647 0.8980
v 0.250304 1.280000 -0.577767 1.0000 0.9647 0.8980
v 0.000000 1.280000 -0.607500 1.0000 0.9647 0.8980
v -0.250304 1.280000 -0.577767 1.0000 0.9647 0.8980
v -0.476106 1.280000 -0.491478 1.0000 0.9647 0.8980
v -0.655304 1.280000 -0.357080 1.0000 0.9647 0.8980
v -0.770356 1.280000 -0.187728 1.0000 0.9647 0.8980
v -0.810000 1.280000 0.000000 1.0000 0.9647 0.8980
v -0.770356 1.280000 0.187728 1.0000 0.9647 0.8980
v -0.655304 1.280000 0.357080 1.0000 0.9647 0.8980
v -0.476106 1.280000 0.491478 1.0000 0.9647 0.8980
v -0.250304 1.280000 0.577767 1.0000 0.9647 0.8980
v 0.000000 1.280000 0.607500 1.0000 0.9647 0.8980
v 0.250304 1.280000 0.577767 1.0000 0.9647 0.8980
v 0.476106 1.280000 0.491478 1.0000 0.9647 0.8980
v 0.655304 1.280000 0.357080 1.0000 0.9647 0.8980
v 0.770356 1.280000 0.187728 1.0000 0.9647 0.8980
v 0.860000 1.230000 0.000000 1.0000 0.9647 0.8980
v 0.817909 1.230000 -0.199316 1.0000 0.9647 0.8980
v 0.695755 1.230000 -0.379121 1.0000 0.9647 0.8980
v 0.505495 1.230000 -0.521816 1.0000 0.9647 0.8980
v 0.265755 1.230000 -0.613431 1.0000 0.9647 0.8980
v 0.000000 1.230000 -0.645000 1.0000 0.9647 0.8980
v -0.265755 1.230000 -0.613431 1.0000 0.9647 0.8980
v -0.505495 1.230000 -0.521816 1.0000 0.9647 0.8980
v -0.695755 1.230000 -0.379121 1.0000 0.9647 0.8980
v -0.817909 1.230000 -0.199316 1.0000 0.9647 0.8980
v -0.860000 1.230000 0.000000 1.0000 0.9647 0.8980
v -0.817909 1.230000 0.199316 1.0000 0.9647 0.8980
v -0.695755 1.230000 0.379121 1.0000 0.9647 0.8980
v -0.505495 1.230000 0.521816 1.0000 0.9647 0.8980
v -0.265755 1.230000 0.613431 1.0000 0.9647 0.8980
v 0.000000 1.230000 0.645000 1.0000 0.9647 0.8980
v 0.265755 1.230000 0.613431 1.0000 0.9647 0.8980
v 0.505495 1.230000 0.521816 1.0000 0.9647 0.8980
v 0.695755 1.230000 0.379121 1.0000 0.9647 0.8980
v 0.817909 1.230000 0.199316 1.0000 0.9647 0.8980
v -0.350000 3.370000 0.390000 1.0000 0.9647 0.8980
v -0.350000 3.349497 0.340503 1.0000 0.9647 0.8980
v -0.350000 3.300000 0.320000 1.0000 0.9647 0.8980
v -0.350000 3.250503 0.340503 1.0000 0.9647 0.8980
v -0.350000 3.230000 0.390000 1.0000 0.9647 0.8980
v -0.307134 3.349497 0.365251 1.0000 0.9647 0.8980
v -0.289378 3.300000 0.355000 1.0000 0.9647 0.8980
v -0.307134 3.250503 0.365251 1.0000 0.9647 0.8980
v -0.307134 3.349497 0.414749 1.0000 0.9647 0.8980
v -0.289378 3.300000 0.425000 1.0000 0.9647 0.8980
v -0.307134 3.250503 0.414749 1.0000 0.9647 0.8980
v -0.350000 3.349497 0.439497 1.0000 0.9647 0.8980
v -0.350000 3.300000 0.460000 1.0000 0.9647 0.8980
v -0.350000 3.250503 0.439497 1.0000 0.9647 0.8980
v -0.392866 3.349497 0.414749 1.0000 0.9647 0.8980
v -0.410622 3.300000 0.425000 1.0000 0.9647 0.8980
v -0.392866 3.250503 0.414749 1.0000 0.9647 0.8980
v -0.392866 3.349497 0.365251 1.0000 0.9647 0.8980
v -0.410622 3.300000 0.355000 1.0000 0.9647 0.8980
v -0.392866 3.250503 0.365251 1.0000 0.9647 0.8980
v -0.120000 3.370000 0.390000 1.0000 0.9647 0.8980
v -0.120000 3.349497 0.340503 1.0000 0.9647 0.8980
v -0.120000 3.300000 0.320000 1.0000 0.9647 0.8980
v -0.120000 3.250503 0.340503 1.0000 0.9647 0.8980
v -0.120000 3.230000 0.390000 1.0000 0.9647 0.8980
v -0.077134 3.349497 0.365251 1.0000 0.9647 0.8980
v -0.059378 3.300000 0.355000 1.0000 0.9647 0.8980
v -0.077134 3.250503 0.365251 1.0000 0.9647 0.8980
v -0.077134 3.349497 0.414749 1.0000 0.9647 0.8980
v -0.059378 3.300000 0.425000 1.0000 0.9647 0.8980
v -0.077134 3.250503 0.414749 1.0000 0.9647 0.8980
v -0.120000 3.349497 0.439497 1.0000 0.9647 0.8980
v -0.120000 3.300000 0.460000 1.0000 0.9647 0.8980
v -0.120000 3.250503 0.439497 1.0000 0.9647 0.8980
v -0.162866 3.349497 0.414749 1.0000 0.9647 0.8980
v -0.180622 3.300000 0.425000 1.0000 0.9647 0.8980
v -0.162866 3.250503 0.414749 1.0000 0.9647 0.8980
v -0.162866 3.349497 0.365251 1.0000 0.9647 0.8980
v -0.180622 3.300000 0.355000 1.0000 0.9647 0.8980
v -0.162866 3.250503 0.365251 1.0000 0.9647 0.8980
v 0.110000 3.370000 0.390000 1.0000 0.9647 0.8980
v 0.110000 3.349497 0.340503 1.0000 0.9647 0.8980
v 0.110000 3.300000 0.320000 1.0000 0.9647 0.8980
v 0.110000 3.250503 0.340503 1.0000 0.9647 0.8980
v 0.110000 3.230000 0.390000 1.0000 0.9647 0.8980
v 0.152866 3.349497 0.365251 1.0000 0.9647 0.8980
v 0.170622 3.300000 0.355000 1.0000 0.9647 0.8980
v 0.152866 3.250503 0.365251 1.0000 0.9647 0.8980
v 0.152866 3.349497 0.414749 1.0000 0.9647 0.8980
v 0.170622 3.300000 0.425000 1.0000 0.9647 0.8980
v 0.152866 3.250503 0.414749 1.0000 0.9647 0.8980
v 0.110000 3.349497 0.439497 1.0000 0.9647 0.8980
v 0.110000 3.300000 0.460000 1.0000 0.9647 0.8980
v 0.110000 3.250503 0.439497 1.0000 0.9647 0.8980
v 0.067134 3.349497 0.414749 1.0000 0.9647 0.8980
v 0.049378 3.300000 0.425000 1.0000 0.9647 0.8980
v 0.067134 3.250503 0.414749 1.0000 0.9647 0.8980
v 0.067134 3.349497 0.365251 1.0000 0.9647 0.8980
v 0.049378 3.300000 0.355000 1.0000 0.9647 0.8980
v 0.067134 3.250503 0.365251 1.0000 0.9647 0.8980
v 0.340000 3.370000 0.390000 1.0000 0.9647 0.8980
v 0.340000 3.349497 0.340503 1.0000 0.9647 0.8980
v 0.340000 3.300000 0.320000 1.0000 0.9647 0.8980
v 0.340000 3.250503 0.340503 1.0000 0.9647 0.8980
v 0.340000 3.230000 0.390000 1.0000 0.9647 0.8980
v 0.382866 3.349497 0.365251 1.0000 0.9647 0.8980
v 0.400622 3.300000 0.355000 1.0000 0.9647 0.8980
v 0.382866 3.250503 0.365251 1.0000 0.9647 0.8980
v 0.382866 3.349497 0.414749 1.0000 0.9647 0.8980
v 0.400622 3.300000 0.425000 1.0000 0.9647 0.8980
v 0.382866 3.250503 0.414749 1.0000 0.9647 0.8980
v 0.340000 3.349497 0.439497 1.0000 0.9647 0.8980
v 0.340000 3.300000 0.460000 1.0000 0.9647 0.8980
v 0.340000 3.250503 0.439497 1.0000 0.9647 0.8980
v 0.297134 3.349497 0.414749 1.0000 0.9647 0.8980
v 0.279378 3.300000 0.425000 1.0000 0.9647 0.8980
v 0.297134 3.250503 0.414749 1.0000 0.9647 0.8980
v 0.297134 3.349497 0.365251 1.0000 0.9647 0.8980
v 0.279378 3.300000 0.355000 1.0000 0.9647 0.8980
v 0.297134 3.250503 0.365251 1.0000 0.9647 0.8980
v -1.084902 3.191566 0.150000 1.0000 0.5608 0.7216
v -1.076187 3.291185 0.250000 1.0000 0.5608 0.7216
v -1.175806 3.299901 0.150000 1.0000 0.5608 0.7216
v -1.082350 3.220744 0.220711 1.0000 0.5608 0.7216
v -1.138734 3.238702 0.207735 1.0000 0.5608 0.7216
v -1.146628 3.297348 0.220711 1.0000 0.5608 0.7216
v -1.152791 3.226907 0.150000 1.0000 0.5608 0.7216
v -1.039581 3.709587 0.250000 1.0000 0.5608 0.7216
v -1.030866 3.809206 0.150000 1.0000 0.5608 0.7216
v -1.139201 3.718303 0.150000 1.0000 0.5608 0.7216
v -1.033419 3.780029 0.220711 1.0000 0.5608 0.7216
v -1.092065 3.772135 0.207735 1.0000 0.5608 0.7216
v -1.103860 3.786192 0.150000 1.0000 0.5608 0.7216
v -1.110023 3.715750 0.220711 1.0000 0.5608 0.7216
v -1.084902 3.191566 -0.150000 1.0000 0.5608 0.7216
v -1.175806 3.299901 -0.150000 1.0000 0.5608 0.7216
v -1.076187 3.291185 -0.250000 1.0000 0.5608 0.7216
v -1.152791 3.226907 -0.150000 1.0000 0.5608 0.7216
v -1.138734 3.238702 -0.207735 1.0000 0.5608 0.7216
v -1.146628 3.297348 -0.220711 1.0000 0.5608 0.7216
v -1.082350 3.220744 -0.220711 1.0000 0.5608 0.7216
v -1.030866 3.809206 -0.150000 1.0000 0.5608 0.7216
v -1.039581 3.709587 -0.250000 1.0000 0.5608 0.7216
v -1.139201 3.718303 -0.150000 1.0000 0.5608 0.7216
v -1.033419 3.780029 -0.220711 1.0000 0.5608 0.7216
v -1.092065 3.772135 -0.207735 1.0000 0.5608 0.7216
v -1.110023 3.715750 -0.220711 1.0000 0.5608 0.7216
v -1.103860 3.786192 -0.150000 1.0000 0.5608 0.7216
v -0.865740 3.172392 0.150000 1.0000 0.5608 0.7216
v -0.757405 3.263296 0.150000 1.0000 0.5608 0.7216
v -0.857024 3.272011 0.250000 1.0000 0.5608 0.7216
v -0.792745 3.195407 0.150000 1.0000 0.5608 0.7216
v -0.804541 3.209464 0.207735 1.0000 0.5608 0.7216
v -0.786582 3.265848 0.220711 1.0000 0.5608 0.7216
v -0.863187 3.201570 0.220711 1.0000 0.5608 0.7216
v -0.811703 3.790032 0.150000 1.0000 0.5608 0.7216
v -0.820419 3.690413 0.250000 1.0000 0.5608 0.7216
v -0.720799 3.681697 0.150000 1.0000 0.5608 0.7216
v -0.814256 3.760854 0.220711 1.0000 0.5608 0.7216
v -0.757871 3.742896 0.207735 1.0000 0.5608 0.7216
v -0.749977 3.684250 0.220711 1.0000 0.5608 0.7216
v -0.743814 3.754692 0.150000 1.0000 0.5608 0.7216
v -0.865740 3.172392 -0.150000 1.0000 0.5608 0.7216
v -0.857024 3.272011 -0.250000 1.0000 0.5608 0.7216
v -0.757405 3.263296 -0.150000 1.0000 0.5608 0.7216
v -0.863187 3.201570 -0.220711 1.0000 0.5608 0.7216
v -0.804541 3.209464 -0.207735 1.0000 0.5608 0.7216
v -0.786582 3.265848 -0.220711 1.0000 0.5608 0.7216
v -0.792745 3.195407 -0.150000 1.0000 0.5608 0.7216
v -0.811703 3.790032 -0.150000 1.0000 0.5608 0.7216
v -0.720799 3.681697 -0.150000 1.0000 0.5608 0.7216
v -0.820419 3.690413 -0.250000 1.0000 0.5608 0.7216
v -0.743814 3.754692 -0.150000 1.0000 0.5608 0.7216
v -0.757871 3.742896 -0.207735 1.0000 0.5608 0.7216
v -0.749977 3.684250 -0.220711 1.0000 0.5608 0.7216
v -0.814256 3.760854 -0.220711 1.0000 0.5608 0.7216
v -1.133892 2.287395 0.120000 0.5530 0.3529 0.2314
v -1.125177 2.387014 0.220000 0.5530 0.3529 0.2314
v -1.224796 2.395730 0.120000 0.5530 0.3529 0.2314
v -1.131340 2.316573 0.190711 0.5530 0.3529 0.2314
v -1.187724 2.334531 0.177735 0.5530 0.3529 0.2314
v -1.195619 2.393177 0.190711 0.5530 0.3529 0.2314
v -1.201781 2.322736 0.120000 0.5530 0.3529 0.2314
v -1.059810 3.134161 0.220000 0.5530 0.3529 0.2314
v -1.051095 3.233780 0.120000 0.5530 0.3529 0.2314
v -1.159430 3.142876 0.120000 0.5530 0.3529 0.2314
v -1.053647 3.204602 0.190711 0.5530 0.3529 0.2314
v -1.112294 3.196708 0.177735 0.5530 0.3529 0.2314
v -1.124089 3.210765 0.120000 0.5530 0.3529 0.2314
v -1.130252 3.140323 0.190711 0.5530 0.3529 0.2314
v -1.133892 2.287395 -0.120000 0.5530 0.3529 0.2314
v -1.224796 2.395730 -0.120000 0.5530 0.3529 0.2314
v -1.125177 2.387014 -0.220000 0.5530 0.3529 0.2314
v -1.201781 2.322736 -0.120000 0.5530 0.3529 0.2314
v -1.187724 2.334531 -0.177735 0.5530 0.3529 0.2314
v -1.195619 2.393177 -0.190711 0.5530 0.3529 0.2314
v -1.131340 2.316573 -0.190711 0.5530 0.3529 0.2314
v -1.051095 3.233780 -0.120000 0.5530 0.3529 0.2314
v -1.059810 3.134161 -0.220000 0.5530 0.3529 0.2314
v -1.159430 3.142876 -0.120000 0.5530 0.3529 0.2314
v -1.053647 3.204602 -0.190711 0.5530 0.3529 0.2314
v -1.112294 3.196708 -0.177735 0.5530 0.3529 0.2314
v -1.130252 3.140323 -0.190711 0.5530 0.3529 0.2314
v -1.124089 3.210765 -0.120000 0.5530 0.3529 0.2314
v -0.974501 2.273450 0.120000 0.5530 0.3529 0.2314
v -0.866166 2.364354 0.120000 0.5530 0.3529 0.2314
v -0.965786 2.373070 0.220000 0.5530 0.3529 0.2314
v -0.901507 2.296465 0.120000 0.5530 0.3529 0.2314
v -0.913302 2.310523 0.177735 0.5530 0.3529 0.2314
v -0.895344 2.366907 0.190711 0.5530 0.3529 0.2314
v -0.971949 2.302628 0.190711 0.5530 0.3529 0.2314
v -0.891703 3.219835 0.120000 0.5530 0.3529 0.2314
v -0.900419 3.120216 0.220000 0.5530 0.3529 0.2314
v -0.800799 3.111500 0.120000 0.5530 0.3529 0.2314
v -0.894256 3.190657 0.190711 0.5530 0.3529 0.2314
v -0.837872 3.172699 0.177735 0.5530 0.3529 0.2314
v -0.829977 3.114053 0.190711 0.5530 0.3529 0.2314
v -0.823814 3.184494 0.120000 0.5530 0.3529 0.2314
v -0.974501 2.273450 -0.120000 0.5530 0.3529 0.2314
v -0.965786 2.373070 -0.220000 0.5530 0.3529 0.2314
v -0.866166 2.364354 -0.120000 0.5530 0.3529 0.2314
v -0.971949 2.302628 -0.190711 0.5530 0.3529 0.2314
v -0.913302 2.310523 -0.177735 0.5530 0.3529 0.2314
v -0.895344 2.366907 -0.190711 0.5530 0.3529 0.2314
v -0.901507 2.296465 -0.120000 0.5530 0.3529 0.2314
v -0.891703 3.219835 -0.120000 0.5530 0.3529 0.2314
v -0.800799 3.111500 -0.120000 0.5530 0.3529 0.2314
v -0.900419 3.120216 -0.220000 0.5530 0.3529 0.2314
v -0.823814 3.184494 -0.120000 0.5530 0.3529 0.2314
v -0.837872 3.172699 -0.177735 0.5530 0.3529 0.2314
v -0.829977 3.114053 -0.190711 0.5530 0.3529 0.2314
v -0.894256 3.190657 -0.190711 0.5530 0.3529 0.2314
v 0.865739 3.172392 0.150000 1.0000 0.5608 0.7216
v 0.857024 3.272011 0.250000 1.0000 0.5608 0.7216
v 0.757404 3.263296 0.150000 1.0000 0.5608 0.7216
v 0.863187 3.201570 0.220711 1.0000 0.5608 0.7216
v 0.804541 3.209464 0.207735 1.0000 0.5608 0.7216
v 0.786582 3.265848 0.220711 1.0000 0.5608 0.7216
v 0.792745 3.195407 0.150000 1.0000 0.5608 0.7216
v 0.820419 3.690413 0.250000 1.0000 0.5608 0.7216
v 0.811703 3.790032 0.150000 1.0000 0.5608 0.7216
v 0.720799 3.681697 0.150000 1.0000 0.5608 0.7216
v 0.814256 3.760854 0.220711 1.0000 0.5608 0.7216
v 0.757871 3.742896 0.207735 1.0000 0.5608 0.7216
v 0.743814 3.754692 0.150000 1.0000 0.5608 0.7216
v 0.749977 3.684250 0.220711 1.0000 0.5608 0.7216
v 0.865739 3.172392 -0.150000 1.0000 0.5608 0.7216
v 0.757404 3.263296 -0.150000 1.0000 0.5608 0.7216
v 0.857024 3.272011 -0.250000 1.0000 0.5608 0.7216
v 0.792745 3.195407 -0.150000 1.0000 0.5608 0.7216
v 0.804541 3.209464 -0.207735 1.0000 0.5608 0.7216
v 0.786582 3.265848 -0.220711 1.0000 0.5608 0.7216
v 0.863187 3.201570 -0.220711 1.0000 0.5608 0.7216
v 0.811703 3.790032 -0.150000 1.0000 0.5608 0.7216
v 0.820419 3.690413 -0.250000 1.0000 0.5608 0.7216
v 0.720799 3.681697 -0.150000 1.0000 0.5608 0.7216
v 0.814256 3.760854 -0.220711 1.0000 0.5608 0.7216
v 0.757871 3.742896 -0.207735 1.0000 0.5608 0.7216
v 0.749977 3.684250 -0.220711 1.0000 0.5608 0.7216
v 0.743814 3.754692 -0.150000 1.0000 0.5608 0.7216
v 1.084902 3.191566 0.150000 1.0000 0.5608 0.7216
v 1.175806 3.299901 0.150000 1.0000 0.5608 0.7216
v 1.076187 3.291185 0.250000 1.0000 0.5608 0.7216
v 1.152791 3.226907 0.150000 1.0000 0.5608 0.7216
v 1.138734 3.238702 0.207735 1.0000 0.5608 0.7216
v 1.146628 3.297348 0.220711 1.0000 0.5608 0.7216
v 1.082350 3.220744 0.220711 1.0000 0.5608 0.7216
v 1.030866 3.809206 0.150000 1.0000 0.5608 0.7216
v 1.039581 3.709587 0.250000 1.0000 0.5608 0.7216
v 1.139201 3.718303 0.150000 1.0000 0.5608 0.7216
v 1.033419 3.780029 0.220711 1.0000 0.5608 0.7216
v 1.092065 3.772135 0.207735 1.0000 0.5608 0.7216
v 1.110023 3.715750 0.220711 1.0000 0.5608 0.7216
v 1.103860 3.786192 0.150000 1.0000 0.5608 0.7216
v 1.084902 3.191566 -0.150000 1.0000 0.5608 0.7216
v 1.076187 3.291185 -0.250000 1.0000 0.5608 0.7216
v 1.175806 3.299901 -0.150000 1.0000 0.5608 0.7216
v 1.082350 3.220744 -0.220711 1.0000 0.5608 0.7216
v 1.138734 3.238702 -0.207735 1.0000 0.5608 0.7216
v 1.146628 3.297348 -0.220711 1.0000 0.5608 0.7216
v 1.152791 3.226907 -0.150000 1.0000 0.5608 0.7216
v 1.030866 3.809206 -0.150000 1.0000 0.5608 0.7216
v 1.139201 3.718303 -0.150000 1.0000 0.5608 0.7216
v 1.039581 3.709587 -0.250000 1.0000 0.5608 0.7216
v 1.103860 3.786192 -0.150000 1.0000 0.5608 0.7216
v 1.092065 3.772135 -0.207735 1.0000 0.5608 0.7216
v 1.110023 3.715750 -0.220711 1.0000 0.5608 0.7216
v 1.033419 3.780029 -0.220711 1.0000 0.5608 0.7216
v 0.974501 2.273450 0.120000 0.5530 0.3529 0.2314
v 0.965786 2.373070 0.220000 0.5530 0.3529 0.2314
v 0.866166 2.364354 0.120000 0.5530 0.3529 0.2314
v 0.971949 2.302628 0.190711 0.5530 0.3529 0.2314
v 0.913302 2.310523 0.177735 0.5530 0.3529 0.2314
v 0.895344 2.366907 0.190711 0.5530 0.3529 0.2314
v 0.901507 2.296465 0.120000 0.5530 0.3529 0.2314
v 0.900419 3.120216 0.220000 0.5530 0.3529 0.2314
v 0.891703 3.219835 0.120000 0.5530 0.3529 0.2314
v 0.800799 3.111500 0.120000 0.5530 0.3529 0.2314
v 0.894256 3.190657 0.190711 0.5530 0.3529 0.2314
v 0.837872 3.172699 0.177735 0.5530 0.3529 0.2314
v 0.823814 3.184494 0.120000 0.5530 0.3529 0.2314
v 0.829977 3.114053 0.190711 0.5530 0.3529 0.2314
v 0.974501 2.273450 -0.120000 0.5530 0.3529 0.2314
v 0.866166 2.364354 -0.120000 0.5530 0.3529 0.2314
v 0.965786 2.373070 -0.220000 0.5530 0.3529 0.2314
v 0.901507 2.296465 -0.120000 0.5530 0.3529 0.2314
v 0.913302 2.310523 -0.177735 0.5530 0.3529 0.2314
v 0.895344 2.366907 -0.190711 0.5530 0.3529 0.2314
v 0.971949 2.302628 -0.190711 0.5530 0.3529 0.2314
v 0.891703 3.219835 -0.120000 0.5530 0.3529 0.2314
v 0.900419 3.120216 -0.220000 0.5530 0.3529 0.2314
v 0.800799 3.111500 -0.120000 0.5530 0.3529 0.2314
v 0.894256 3.190657 -0.190711 0.5530 0.3529 0.2314
v 0.837872 3.172699 -0.177735 0.5530 0.3529 0.2314
v 0.829977 3.114053 -0.190711 0.5530 0.3529 0.2314
v 0.823814 3.184494 -0.120000 0.5530 0.3529 0.2314
v 1.133892 2.287395 0.120000 0.5530 0.3529 0.2314
v 1.224796 2.395730 0.120000 0.5530 0.3529 0.2314
v 1.125177 2.387014 0.220000 0.5530 0.3529 0.2314
v 1.201781 2.322736 0.120000 0.5530 0.3529 0.2314
v 1.187724 2.334531 0.177735 0.5530 0.3529 0.2314
v 1.195619 2.393177 0.190711 0.5530 0.3529 0.2314
v 1.131340 2.316573 0.190711 0.5530 0.3529 0.2314
v 1.051095 3.233780 0.120000 0.5530 0.3529 0.2314
v 1.059810 3.134161 0.220000 0.5530 0.3529 0.2314
v 1.159430 3.142876 0.120000 0.5530 0.3529 0.2314
v 1.053647 3.204602 0.190711 0.5530 0.3529 0.2314
v 1.112294 3.196708 0.177735 0.5530 0.3529 0.2314
v 1.130252 3.140323 0.190711 0.5530 0.3529 0.2314
v 1.124089 3.210765 0.120000 0.5530 0.3529 0.2314
v 1.133892 2.287395 -0.120000 0.5530 0.3529 0.2314
v 1.125177 2.387014 -0.220000 0.5530 0.3529 0.2314
v 1.224796 2.395730 -0.120000 0.5530 0.3529 0.2314
v 1.131340 2.316573 -0.190711 0.5530 0.3529 0.2314
v 1.187724 2.334531 -0.177735 0.5530 0.3529 0.2314
v 1.195619 2.393177 -0.190711 0.5530 0.3529 0.2314
v 1.201781 2.322736 -0.120000 0.5530 0.3529 0.2314
v 1.051095 3.233780 -0.120000 0.5530 0.3529 0.2314
v 1.159430 3.142876 -0.120000 0.5530 0.3529 0.2314
v 1.059810 3.134161 -0.220000 0.5530 0.3529 0.2314
v 1.124089 3.210765 -0.120000 0.5530 0.3529 0.2314
v 1.112294 3.196708 -0.177735 0.5530 0.3529 0.2314
v 1.130252 3.140323 -0.190711 0.5530 0.3529 0.2314
v 1.053647 3.204602 -0.190711 0.5530 0.3529 0.2314
v 0.000000 5.146400 -0.070000 0.1804 0.1412 0.1255
v 0.000000 4.870830 -0.614165 0.1804 0.1412 0.1255
v 0.000000 4.700000 -0.659000 0.1804 0.1412 0.1255
v 0.000000 4.529170 -0.614165 0.1804 0.1412 0.1255
v 0.000000 4.287580 -0.295401 0.1804 0.1412 0.1255
v 0.000000 4.253600 -0.070000 0.1804 0.1412 0.1255
v 0.088981 5.112420 -0.278243 0.1804 0.1412 0.1255
v 0.164415 5.015652 -0.454783 0.1804 0.1412 0.1255
v 0.214819 4.870830 -0.572743 0.1804 0.1412 0.1255
v 0.232518 4.700000 -0.614165 0.1804 0.1412 0.1255
v 0.214819 4.529170 -0.572743 0.1804 0.1412 0.1255
v 0.164415 4.384347 -0.454783 0.1804 0.1412 0.1255
v 0.088981 4.287580 -0.278243 0.1804 0.1412 0.1255
v 0.164415 5.112420 -0.229382 0.1804 0.1412 0.1255
v 0.303800 5.015652 -0.364500 0.1804 0.1412 0.1255
v 0.396934 4.870830 -0.454783 0.1804 0.1412 0.1255
v 0.429638 4.700000 -0.486486 0.1804 0.1412 0.1255
v 0.396934 4.529170 -0.454783 0.1804 0.1412 0.1255
v 0.303800 4.384347 -0.364500 0.1804 0.1412 0.1255
v 0.164415 4.287580 -0.229382 0.1804 0.1412 0.1255
v 0.214819 5.112420 -0.156257 0.1804 0.1412 0.1255
v 0.396934 5.015652 -0.229382 0.1804 0.1412 0.1255
v 0.518619 4.870830 -0.278243 0.1804 0.1412 0.1255
v 0.561349 4.700000 -0.295400 0.1804 0.1412 0.1255
v 0.518619 4.529170 -0.278243 0.1804 0.1412 0.1255
v 0.396934 4.384347 -0.229382 0.1804 0.1412 0.1255
v 0.214819 4.287580 -0.156257 0.1804 0.1412 0.1255
v 0.232518 5.112420 -0.070000 0.1804 0.1412 0.1255
v 0.429638 5.015652 -0.070000 0.1804 0.1412 0.1255
v 0.561349 4.870830 -0.070000 0.1804 0.1412 0.1255
v 0.607600 4.700000 -0.070000 0.1804 0.1412 0.1255
v 0.561349 4.529170 -0.070000 0.1804 0.1412 0.1255
v 0.429638 4.384347 -0.070000 0.1804 0.1412 0.1255
v 0.232518 4.287580 -0.070000 0.1804 0.1412 0.1255
v 0.214819 5.112420 0.016257 0.1804 0.1412 0.1255
v 0.396934 5.015652 0.089382 0.1804 0.1412 0.1255
v 0.518619 4.870830 0.138243 0.1804 0.1412 0.1255
v 0.561349 4.700000 0.155401 0.1804 0.1412 0.1255
v 0.518619 4.529170 0.138243 0.1804 0.1412 0.1255
v 0.396934 4.384347 0.089382 0.1804 0.1412 0.1255
v 0.214819 4.287580 0.016257 0.1804 0.1412 0.1255
v 0.164415 5.112420 0.089382 0.1804 0.1412 0.1255
v 0.303800 5.015652 0.224500 0.1804 0.1412 0.1255
v 0.396934 4.870830 0.314783 0.1804 0.1412 0.1255
v 0.429638 4.700000 0.346486 0.1804 0.1412 0.1255
v 0.396934 4.529170 0.314783 0.1804 0.1412 0.1255
v 0.303800 4.384347 0.224500 0.1804 0.1412 0.1255
v 0.164415 4.287580 0.089382 0.1804 0.1412 0.1255
v 0.088981 5.112420 0.138243 0.1804 0.1412 0.1255
v 0.164415 5.015652 0.314783 0.1804 0.1412 0.1255
v 0.214819 4.870830 0.432743 0.1804 0.1412 0.1255
v 0.232518 4.700000 0.474165 0.1804 0.1412 0.1255
v 0.214819 4.529170 0.432743 0.1804 0.1412 0.1255
v 0.164415 4.384347 0.314783 0.1804 0.1412 0.1255
v 0.088981 4.287580 0.138243 0.1804 0.1412 0.1255
v -0.000000 5.112420 0.155401 0.1804 0.1412 0.1255
v -0.000000 5.015652 0.346486 0.1804 0.1412 0.1255
v -0.000000 4.870830 0.474165 0.1804 0.1412 0.1255
v -0.000000 4.700000 0.519000 0.1804 0.1412 0.1255
v -0.000000 4.529170 0.474165 0.1804 0.1412 0.1255
v -0.000000 4.384347 0.346486 0.1804 0.1412 0.1255
v -0.000000 4.287580 0.155401 0.1804 0.1412 0.1255
v -0.088981 5.112420 0.138243 0.1804 0.1412 0.1255
v -0.164415 5.015652 0.314783 0.1804 0.1412 0.1255
v -0.214819 4.870830 0.432743 0.1804 0.1412 0.1255
v -0.232519 4.700000 0.474165 0.1804 0.1412 0.1255
v -0.214819 4.529170 0.432743 0.1804 0.1412 0.1255
v -0.164415 4.384347 0.314783 0.1804 0.1412 0.1255
v -0.088981 4.287580 0.138243 0.1804 0.1412 0.1255
v -0.164415 5.112420 0.089382 0.1804 0.1412 0.1255
v -0.303800 5.015652 0.224500 0.1804 0.1412 0.1255
v -0.396934 4.870830 0.314783 0.1804 0.1412 0.1255
v -0.429638 4.700000 0.346486 0.1804 0.1412 0.1255
v -0.396934 4.529170 0.314783 0.1804 0.1412 0.1255
v -0.303800 4.384347 0.224500 0.1804 0.1412 0.1255
v -0.164415 4.287580 0.089382 0.1804 0.1412 0.1255
v -0.214819 5.112420 0.016257 0.1804 0.1412 0.1255
v -0.396934 5.015652 0.089382 0.1804 0.1412 0.1255
v -0.518619 4.870830 0.138243 0.1804 0.1412 0.1255
v -0.561349 4.700000 0.155400 0.1804 0.1412 0.1255
v -0.518619 4.529170 0.138243 0.1804 0.1412 0.1255
v -0.396934 4.384347 0.089382 0.1804 0.1412 0.1255
v -0.214819 4.287580 0.016257 0.1804 0.1412 0.1255
v -0.232518 5.112420 -0.070000 0.1804 0.1412 0.1255
v -0.429638 5.015652 -0.070000 0.1804 0.1412 0.1255
v -0.561349 4.870830 -0.070000 0.1804 0.1412 0.1255
v -0.607600 4.700000 -0.070000 0.1804 0.1412 0.1255
v -0.561349 4.529170 -0.070000 0.1804 0.1412 0.1255
v -0.429638 4.384347 -0.070000 0.1804 0.1412 0.1255
v -0.232518 4.287580 -0.070000 0.1804 0.1412 0.1255
v -0.214819 5.112420 -0.156257 0.1804 0.1412 0.1255
v -0.396934 5.015652 -0.229382 0.1804 0.1412 0.1255
v -0.518619 4.870830 -0.278243 0.1804 0.1412 0.1255
v -0.561349 4.700000 -0.295401 0.1804 0.1412 0.1255
v -0.518619 4.529170 -0.278243 0.1804 0.1412 0.1255
v -0.396934 4.384347 -0.229382 0.1804 0.1412 0.1255
v -0.214819 4.287580 -0.156257 0.1804 0.1412 0.1255
v -0.164415 5.112420 -0.229382 0.1804 0.1412 0.1255
v -0.303800 5.015652 -0.364500 0.1804 0.1412 0.1255
v -0.396934 4.870830 -0.454783 0.1804 0.1412 0.1255
v -0.429638 4.700000 -0.486486 0.1804 0.1412 0.1255
v -0.396934 4.529170 -0.454783 0.1804 0.1412 0.1255
v -0.303800 4.384347 -0.364500 0.1804 0.1412 0.1255
v -0.164415 4.287580 -0.229382 0.1804 0.1412 0.1255
v -0.088981 5.112420 -0.278243 0.1804 0.1412 0.1255
v -0.164415 5.015652 -0.454783 0.1804 0.1412 0.1255
v -0.214819 4.870830 -0.572743 0.1804 0.1412 0.1255
v -0.232518 4.700000 -0.614165 0.1804 0.1412 0.1255
v -0.214819 4.529170 -0.572743 0.1804 0.1412 0.1255
v -0.164415 4.384347 -0.454783 0.1804 0.1412 0.1255
v -0.088981 4.287580 -0.278243 0.1804 0.1412 0.1255
v 0.000000 5.112420 -0.295401 0.1804 0.1412 0.1255
v 0.000000 5.015652 -0.486486 0.1804 0.1412 0.1255
v 0.000000 4.384347 -0.486486 0.1804 0.1412 0.1255
v -0.380000 3.350000 -0.325000 0.1804 0.1412 0.1255
v -0.380000 3.530000 -0.145000 0.1804 0.1412 0.1255
v -0.560000 3.530000 -0.325000 0.1804 0.1412 0.1255
v -0.380000 3.402721 -0.197721 0.1804 0.1412 0.1255
v -0.483923 3.426077 -0.221077 0.1804 0.1412 0.1255
v -0.507279 3.530000 -0.197721 0.1804 0.1412 0.1255
v -0.507279 3.402721 -0.325000 0.1804 0.1412 0.1255
v -0.380000 4.670000 -0.145000 0.1804 0.1412 0.1255
v -0.380000 4.849999 -0.325000 0.1804 0.1412 0.1255
v -0.560000 4.670000 -0.325000 0.1804 0.1412 0.1255
v -0.380000 4.797279 -0.197721 0.1804 0.1412 0.1255
v -0.483923 4.773923 -0.221077 0.1804 0.1412 0.1255
v -0.507279 4.797279 -0.325000 0.1804 0.1412 0.1255
v -0.507279 4.670000 -0.197721 0.1804 0.1412 0.1255
v -0.380000 3.350000 -0.415000 0.1804 0.1412 0.1255
v -0.560000 3.530000 -0.415000 0.1804 0.1412 0.1255
v -0.380000 3.530000 -0.595000 0.1804 0.1412 0.1255
v -0.507279 3.402721 -0.415000 0.1804 0.1412 0.1255
v -0.483923 3.426077 -0.518923 0.1804 0.1412 0.1255
v -0.507279 3.530000 -0.542279 0.1804 0.1412 0.1255
v -0.380000 3.402721 -0.542279 0.1804 0.1412 0.1255
v -0.380000 4.849999 -0.415000 0.1804 0.1412 0.1255
v -0.380000 4.670000 -0.595000 0.1804 0.1412 0.1255
v -0.560000 4.670000 -0.415000 0.1804 0.1412 0.1255
v -0.380000 4.797279 -0.542279 0.1804 0.1412 0.1255
v -0.483923 4.773923 -0.518923 0.1804 0.1412 0.1255
v -0.507279 4.670000 -0.542279 0.1804 0.1412 0.1255
v -0.507279 4.797279 -0.415000 0.1804 0.1412 0.1255
v 0.380000 3.350000 -0.325000 0.1804 0.1412 0.1255
v 0.560000 3.530000 -0.325000 0.1804 0.1412 0.1255
v 0.380000 3.530000 -0.145000 0.1804 0.1412 0.1255
v 0.507279 3.402721 -0.325000 0.1804 0.1412 0.1255
v 0.483923 3.426077 -0.221077 0.1804 0.1412 0.1255
v 0.507279 3.530000 -0.197721 0.1804 0.1412 0.1255
v 0.380000 3.402721 -0.197721 0.1804 0.1412 0.1255
v 0.380000 4.849999 -0.325000 0.1804 0.1412 0.1255
v 0.380000 4.670000 -0.145000 0.1804 0.1412 0.1255
v 0.560000 4.670000 -0.325000 0.1804 0.1412 0.1255
v 0.380000 4.797279 -0.197721 0.1804 0.1412 0.1255
v 0.483923 4.773923 -0.221077 0.1804 0.1412 0.1255
v 0.507279 4.670000 -0.197721 0.1804 0.1412 0.1255
v 0.507279 4.797279 -0.325000 0.1804 0.1412 0.1255
v 0.380000 3.350000 -0.415000 0.1804 0.1412 0.1255
v 0.380000 3.530000 -0.595000 0.1804 0.1412 0.1255
v 0.560000 3.530000 -0.415000 0.1804 0.1412 0.1255
v 0.380000 3.402721 -0.542279 0.1804 0.1412 0.1255
v 0.483923 3.426077 -0.518923 0.1804 0.1412 0.1255
v 0.507279 3.530000 -0.542279 0.1804 0.1412 0.1255
v 0.507279 3.402721 -0.415000 0.1804 0.1412 0.1255
v 0.380000 4.849999 -0.415000 0.1804 0.1412 0.1255
v 0.560000 4.670000 -0.415000 0.1804 0.1412 0.1255
v 0.380000 4.670000 -0.595000 0.1804 0.1412 0.1255
v 0.507279 4.797279 -0.415000 0.1804 0.1412 0.1255
v 0.483923 4.773923 -0.518923 0.1804 0.1412 0.1255
v 0.507279 4.670000 -0.542279 0.1804 0.1412 0.1255
v 0.380000 4.797279 -0.542279 0.1804 0.1412 0.1255
v -0.600000 3.745000 0.110000 0.1804 0.1412 0.1255
v -0.600000 3.815000 0.180000 0.1804 0.1412 0.1255
v -0.670000 3.815000 0.110000 0.1804 0.1412 0.1255
v -0.600000 4.725000 0.180000 0.1804 0.1412 0.1255
v -0.600000 4.795000 0.110000 0.1804 0.1412 0.1255
v -0.670000 4.725000 0.110000 0.1804 0.1412 0.1255
v -0.600000 3.745000 -0.250000 0.1804 0.1412 0.1255
v -0.670000 3.815000 -0.250000 0.1804 0.1412 0.1255
v -0.600000 3.815000 -0.320000 0.1804 0.1412 0.1255
v -0.600000 4.795000 -0.250000 0.1804 0.1412 0.1255
v -0.600000 4.725000 -0.320000 0.1804 0.1412 0.1255
v -0.670000 4.725000 -0.250000 0.1804 0.1412 0.1255
v -0.560000 3.745000 0.110000 0.1804 0.1412 0.1255
v -0.490000 3.815000 0.110000 0.1804 0.1412 0.1255
v -0.560000 3.815000 0.180000 0.1804 0.1412 0.1255
v -0.560000 4.795000 0.110000 0.1804 0.1412 0.1255
v -0.560000 4.725000 0.180000 0.1804 0.1412 0.1255
v -0.490000 4.725000 0.110000 0.1804 0.1412 0.1255
v -0.560000 3.745000 -0.250000 0.1804 0.1412 0.1255
v -0.560000 3.815000 -0.320000 0.1804 0.1412 0.1255
v -0.490000 3.815000 -0.250000 0.1804 0.1412 0.1255
v -0.560000 4.795000 -0.250000 0.1804 0.1412 0.1255
v -0.490000 4.725000 -0.250000 0.1804 0.1412 0.1255
v -0.560000 4.725000 -0.320000 0.1804 0.1412 0.1255
v 0.560000 3.745000 0.110000 0.1804 0.1412 0.1255
v 0.560000 3.815000 0.180000 0.1804 0.1412 0.1255
v 0.490000 3.815000 0.110000 0.1804 0.1412 0.1255
v 0.560000 4.725000 0.180000 0.1804 0.1412 0.1255
v 0.560000 4.795000 0.110000 0.1804 0.1412 0.1255
v 0.490000 4.725000 0.110000 0.1804 0.1412 0.1255
v 0.560000 3.745000 -0.250000 0.1804 0.1412 0.1255
v 0.490000 3.815000 -0.250000 0.1804 0.1412 0.1255
v 0.560000 3.815000 -0.320000 0.1804 0.1412 0.1255
v 0.560000 4.795000 -0.250000 0.1804 0.1412 0.1255
v 0.560000 4.725000 -0.320000 0.1804 0.1412 0.1255
v 0.490000 4.725000 -0.250000 0.1804 0.1412 0.1255
v 0.600000 3.745000 0.110000 0.1804 0.1412 0.1255
v 0.670000 3.815000 0.110000 0.1804 0.1412 0.1255
v 0.600000 3.815000 0.180000 0.1804 0.1412 0.1255
v 0.600000 4.795000 0.110000 0.1804 0.1412 0.1255
v 0.600000 4.725000 0.180000 0.1804 0.1412 0.1255
v 0.670000 4.725000 0.110000 0.1804 0.1412 0.1255
v 0.600000 3.745000 -0.250000 0.1804 0.1412 0.1255
v 0.600000 3.815000 -0.320000 0.1804 0.1412 0.1255
v 0.670000 3.815000 -0.250000 0.1804 0.1412 0.1255
v 0.600000 4.795000 -0.250000 0.1804 0.1412 0.1255
v 0.670000 4.725000 -0.250000 0.1804 0.1412 0.1255
v 0.600000 4.725000 -0.320000 0.1804 0.1412 0.1255
v 0.623205 4.800000 0.312000 0.9490 0.7608 0.1882
v 0.623205 4.800000 0.288000 0.9490 0.7608 0.1882
v 0.611112 4.883067 0.312000 0.9490 0.7608 0.1882
v 0.611112 4.883067 0.288000 0.9490 0.7608 0.1882
v 0.604071 4.950061 0.312000 0.9490 0.7608 0.1882
v 0.604071 4.950061 0.288000 0.9490 0.7608 0.1882
v 0.598629 5.033826 0.312000 0.9490 0.7608 0.1882
v 0.598629 5.033826 0.288000 0.9490 0.7608 0.1882
v 0.515891 5.047995 0.312000 0.9490 0.7608 0.1882
v 0.515891 5.047995 0.288000 0.9490 0.7608 0.1882
v 0.450000 5.062000 0.312000 0.9490 0.7608 0.1882
v 0.450000 5.062000 0.288000 0.9490 0.7608 0.1882
v 0.368653 5.082709 0.312000 0.9490 0.7608 0.1882
v 0.368653 5.082709 0.288000 0.9490 0.7608 0.1882
v 0.329610 5.008399 0.312000 0.9490 0.7608 0.1882
v 0.329610 5.008399 0.288000 0.9490 0.7608 0.1882
v 0.295929 4.950061 0.312000 0.9490 0.7608 0.1882
v 0.295929 4.950061 0.288000 0.9490 0.7608 0.1882
v 0.251096 4.879095 0.312000 0.9490 0.7608 0.1882
v 0.251096 4.879095 0.288000 0.9490 0.7608 0.1882
v 0.309704 4.819000 0.312000 0.9490 0.7608 0.1882
v 0.309704 4.819000 0.288000 0.9490 0.7608 0.1882
v 0.354779 4.768939 0.312000 0.9490 0.7608 0.1882
v 0.354779 4.768939 0.288000 0.9490 0.7608 0.1882
v 0.408418 4.704370 0.312000 0.9490 0.7608 0.1882
v 0.408418 4.704370 0.288000 0.9490 0.7608 0.1882
v 0.483682 4.741540 0.312000 0.9490 0.7608 0.1882
v 0.483682 4.741540 0.288000 0.9490 0.7608 0.1882
v 0.545221 4.768939 0.312000 0.9490 0.7608 0.1882
v 0.545221 4.768939 0.288000 0.9490 0.7608 0.1882
v 0.450000 4.900000 0.354400 0.8470 0.2275 0.1804
v 0.450000 4.900000 0.277600 0.8470 0.2275 0.1804
v 0.493713 4.911713 0.343153 0.8470 0.2275 0.1804
v 0.511819 4.916564 0.316000 0.8470 0.2275 0.1804
v 0.493713 4.911713 0.288847 0.8470 0.2275 0.1804
v 0.489192 4.877373 0.343153 0.8470 0.2275 0.1804
v 0.505426 4.868000 0.316000 0.8470 0.2275 0.1804
v 0.489192 4.877373 0.288847 0.8470 0.2275 0.1804
v 0.461713 4.856287 0.343153 0.8470 0.2275 0.1804
v 0.466564 4.838181 0.316000 0.8470 0.2275 0.1804
v 0.461713 4.856287 0.288847 0.8470 0.2275 0.1804
v 0.427373 4.860808 0.343153 0.8470 0.2275 0.1804
v 0.418000 4.844574 0.316000 0.8470 0.2275 0.1804
v 0.427373 4.860808 0.288847 0.8470 0.2275 0.1804
v 0.406287 4.888287 0.343153 0.8470 0.2275 0.1804
v 0.388181 4.883436 0.316000 0.8470 0.2275 0.1804
v 0.406287 4.888287 0.288847 0.8470 0.2275 0.1804
v 0.410808 4.922627 0.343153 0.8470 0.2275 0.1804
v 0.394574 4.932000 0.316000 0.8470 0.2275 0.1804
v 0.410808 4.922627 0.288847 0.8470 0.2275 0.1804
v 0.438287 4.943713 0.343153 0.8470 0.2275 0.1804
v 0.433436 4.961819 0.316000 0.8470 0.2275 0.1804
v 0.438287 4.943713 0.288847 0.8470 0.2275 0.1804
v 0.472627 4.939192 0.343153 0.8470 0.2275 0.1804
v 0.482000 4.955426 0.316000 0.8470 0.2275 0.1804
v 0.472627 4.939192 0.288847 0.8470 0.2275 0.1804
v 0.190000 1.850000 0.510000 1.0000 0.9647 0.8980
v 0.190000 1.910000 0.570000 1.0000 0.9647 0.8980
v 0.130000 1.910000 0.510000 1.0000 0.9647 0.8980
v 0.190000 2.190000 0.570000 1.0000 0.9647 0.8980
v 0.190000 2.250000 0.510000 1.0000 0.9647 0.8980
v 0.130000 2.190000 0.510000 1.0000 0.9647 0.8980
v 0.190000 1.850000 0.430000 1.0000 0.9647 0.8980
v 0.130000 1.910000 0.430000 1.0000 0.9647 0.8980
v 0.190000 1.910000 0.370000 1.0000 0.9647 0.8980
v 0.190000 2.250000 0.430000 1.0000 0.9647 0.8980
v 0.190000 2.190000 0.370000 1.0000 0.9647 0.8980
v 0.130000 2.190000 0.430000 1.0000 0.9647 0.8980
v 0.570000 1.850000 0.510000 1.0000 0.9647 0.8980
v 0.630000 1.910000 0.510000 1.0000 0.9647 0.8980
v 0.570000 1.910000 0.570000 1.0000 0.9647 0.8980
v 0.570000 2.250000 0.510000 1.0000 0.9647 0.8980
v 0.570000 2.190000 0.570000 1.0000 0.9647 0.8980
v 0.630000 2.190000 0.510000 1.0000 0.9647 0.8980
v 0.570000 1.850000 0.430000 1.0000 0.9647 0.8980
v 0.570000 1.910000 0.370000 1.0000 0.9647 0.8980
v 0.630000 1.910000 0.430000 1.0000 0.9647 0.8980
v 0.570000 2.250000 0.430000 1.0000 0.9647 0.8980
v 0.630000 2.190000 0.430000 1.0000 0.9647 0.8980
v 0.570000 2.190000 0.370000 1.0000 0.9647 0.8980
v 0.148000 2.105000 0.582000 0.8470 0.2275 0.1804
v 0.148000 2.123000 0.600000 0.8470 0.2275 0.1804
v 0.130000 2.123000 0.582000 0.8470 0.2275 0.1804
v 0.148000 2.237000 0.600000 0.8470 0.2275 0.1804
v 0.148000 2.255000 0.582000 0.8470 0.2275 0.1804
v 0.130000 2.237000 0.582000 0.8470 0.2275 0.1804
v 0.148000 2.105000 0.578000 0.8470 0.2275 0.1804
v 0.130000 2.123000 0.578000 0.8470 0.2275 0.1804
v 0.148000 2.123000 0.560000 0.8470 0.2275 0.1804
v 0.148000 2.255000 0.578000 0.8470 0.2275 0.1804
v 0.148000 2.237000 0.560000 0.8470 0.2275 0.1804
v 0.130000 2.237000 0.578000 0.8470 0.2275 0.1804
v 0.612000 2.105000 0.582000 0.8470 0.2275 0.1804
v 0.630000 2.123000 0.582000 0.8470 0.2275 0.1804
v 0.612000 2.123000 0.600000 0.8470 0.2275 0.1804
v 0.612000 2.255000 0.582000 0.8470 0.2275 0.1804
v 0.612000 2.237000 0.600000 0.8470 0.2275 0.1804
v 0.630000 2.237000 0.582000 0.8470 0.2275 0.1804
v 0.612000 2.105000 0.578000 0.8470 0.2275 0.1804
v 0.612000 2.123000 0.560000 0.8470 0.2275 0.1804
v 0.630000 2.123000 0.578000 0.8470 0.2275 0.1804
v 0.612000 2.255000 0.578000 0.8470 0.2275 0.1804
v 0.630000 2.237000 0.578000 0.8470 0.2275 0.1804
v 0.612000 2.237000 0.560000 0.8470 0.2275 0.1804
v -0.427527 3.720500 0.417313 0.8470 0.2275 0.1804
v -0.426435 3.718939 0.382364 0.8470 0.2275 0.1804
v -0.448908 3.698440 0.365052 0.8470 0.2275 0.1804
v -0.472473 3.679501 0.382687 0.8470 0.2275 0.1804
v -0.473565 3.681061 0.417636 0.8470 0.2275 0.1804
v -0.451092 3.701560 0.434948 0.8470 0.2275 0.1804
v 0.626418 2.214860 0.467500 0.8470 0.2275 0.1804
v 0.626418 2.214860 0.432500 0.8470 0.2275 0.1804
v 0.600000 2.200000 0.415000 0.8470 0.2275 0.1804
v 0.573582 2.185140 0.432500 0.8470 0.2275 0.1804
v 0.573582 2.185140 0.467500 0.8470 0.2275 0.1804
v 0.600000 2.200000 0.485000 0.8470 0.2275 0.1804
v 0.174583 3.017778 0.467453 0.8470 0.2275 0.1804
v 0.175091 3.016970 0.432466 0.8470 0.2275 0.1804
v 0.150508 2.999193 0.415013 0.8470 0.2275 0.1804
v 0.125417 2.982222 0.432547 0.8470 0.2275 0.1804
v 0.124909 2.983030 0.467534 0.8470 0.2275 0.1804
v 0.149492 3.000807 0.484987 0.8470 0.2275 0.1804
vn -0.1794 -0.9673 0.1794
vn -0.1585 -0.9194 0.3600
vn -0.3251 -0.8881 0.3251
vn -0.3600 -0.9194 0.1585
vn -0.1794 -0.1794 0.9673
vn -0.3600 -0.1585 0.9194
vn -0.3251 -0.3251 0.8881
vn -0.1585 -0.3600 0.9194
vn -0.9673 -0.1794 0.1794
vn -0.9194 -0.3600 0.1585
vn -0.8881 -0.3251 0.3251
vn -0.9194 -0.1585 0.3600
vn -0.1794 0.1794 0.9673
vn -0.1585 0.3600 0.9194
vn -0.3251 0.3251 0.8881
vn -0.3600 0.1585 0.9194
vn -0.1794 0.9673 0.1794
vn -0.3600 0.9194 0.1585
vn -0.3251 0.8881 0.3251
vn -0.1585 0.9194 0.3600
vn -0.9673 0.1794 0.1794
vn -0.9194 0.1585 0.3600
vn -0.8881 0.3251 0.3251
vn -0.9194 0.3600 0.1585
vn -0.1794 -0.9673 -0.1794
vn -0.3600 -0.9194 -0.1585
vn -0.3251 -0.8881 -0.3251
vn -0.1585 -0.9194 -0.3600
vn -0.9673 -0.1794 -0.1794
vn -0.9194 -0.1585 -0.3600
vn -0.8881 -0.3251 -0.3251
vn -0.9194 -0.3600 -0.1585
vn -0.1794 -0.1794 -0.9673
vn -0.1585 -0.3600 -0.9194
vn -0.3251 -0.3251 -0.8881
vn -0.3600 -0.1585 -0.9194
vn -0.1794 0.9673 -0.1794
vn -0.1585 0.9194 -0.3600
vn -0.3251 0.8881 -0.3251
vn -0.3600 0.9194 -0.1585
vn -0.1794 0.1794 -0.9673
vn -0.3600 0.1585 -0.9194
vn -0.3251 0.3251 -0.8881
vn -0.1585 0.3600 -0.9194
vn -0.9673 0.1794 -0.1794
vn -0.9194 0.3600 -0.1585
vn -0.8881 0.3251 -0.3251
vn -0.9194 0.1585 -0.3600
vn 0.1794 -0.9673 0.1794
vn 0.3600 -0.9194 0.1585
vn 0.3251 -0.8881 0.3251
vn 0.1585 -0.9194 0.3600
vn 0.9673 -0.1794 0.1794
vn 0.9194 -0.1585 0.3600
vn 0.8881 -0.3251 0.3251
vn 0.9194 -0.3600 0.1585
vn 0.1794 -0.1794 0.9673
vn 0.1585 -0.3600 0.9194
vn 0.3251 -0.3251 0.8881
vn 0.3600 -0.1585 0.9194
vn 0.1794 0.9673 0.1794
vn 0.1585 0.9194 0.3600
vn 0.3251 0.8881 0.3251
vn 0.3600 0.9194 0.1585
vn 0.1794 0.1794 0.9673
vn 0.3600 0.1585 0.9194
vn 0.3251 0.3251 0.8881
vn 0.1585 0.3600 0.9194
vn 0.9673 0.1794 0.1794
vn 0.9194 0.3600 0.1585
vn 0.8881 0.3251 0.3251
vn 0.9194 0.1585 0.3600
vn 0.1794 -0.9673 -0.1794
vn 0.1585 -0.9194 -0.3600
vn 0.3251 -0.8881 -0.3251
vn 0.3600 -0.9194 -0.1585
vn 0.1794 -0.1794 -0.9673
vn 0.3600 -0.1585 -0.9194
vn 0.3251 -0.3251 -0.8881
vn 0.1585 -0.3600 -0.9194
vn 0.9673 -0.1794 -0.1794
vn 0.9194 -0.3600 -0.1585
vn 0.8881 -0.3251 -0.3251
vn 0.9194 -0.1585 -0.3600
vn 0.1794 0.9673 -0.1794
vn 0.3600 0.9194 -0.1585
vn 0.3251 0.8881 -0.3251
vn 0.1585 0.9194 -0.3600
vn 0.9673 0.1794 -0.1794
vn 0.9194 0.1585 -0.3600
vn 0.8881 0.3251 -0.3251
vn 0.9194 0.3600 -0.1585
vn 0.1794 0.1794 -0.9673
vn 0.1585 0.3600 -0.9194
vn 0.3251 0.3251 -0.8881
vn 0.3600 0.1585 -0.9194
vn -1.0000 -0.0000 -0.0000
vn -0.0000 -0.0000 -1.0000
vn 1.0000 -0.0000 -0.0000
vn -0.0000 -0.0000 1.0000
vn -0.0000 -1.0000 -0.0000
vn -0.0000 1.0000 -0.0000
vn 0.5000 -0.0000 -0.8660
vn 0.8660 -0.0000 -0.5000
vn 0.8660 -0.0000 0.5000
vn 0.5000 -0.0000 0.8660
vn -0.5000 -0.0000 0.8660
vn -0.8660 -0.0000 0.5000
vn -0.8660 -0.0000 -0.5000
vn -0.5000 -0.0000 -0.8660
vn -0.1296 -0.9831 0.1296
vn -0.1216 -0.8623 0.4915
vn -0.4473 -0.7744 0.4473
vn -0.4915 -0.8623 0.1216
vn -0.1216 -0.4915 0.8623
vn -0.4473 -0.4473 0.7744
vn -0.1296 -0.1296 0.9831
vn -0.4915 -0.1216 0.8623
vn -0.8623 -0.1216 0.4915
vn -0.7744 -0.4473 0.4473
vn -0.9831 -0.1296 0.1296
vn -0.8623 -0.4915 0.1216
vn -0.1296 0.1296 0.9831
vn -0.1216 0.4915 0.8623
vn -0.4473 0.4473 0.7744
vn -0.4915 0.1216 0.8623
vn -0.1216 0.8623 0.4915
vn -0.4473 0.7744 0.4473
vn -0.1296 0.9831 0.1296
vn -0.4915 0.8623 0.1216
vn -0.8623 0.4915 0.1216
vn -0.7744 0.4473 0.4473
vn -0.9831 0.1296 0.1296
vn -0.8623 0.1216 0.4915
vn -0.1296 -0.9831 -0.1296
vn -0.4915 -0.8623 -0.1216
vn -0.4473 -0.7744 -0.4473
vn -0.1216 -0.8623 -0.4915
vn -0.8623 -0.4915 -0.1216
vn -0.7744 -0.4473 -0.4473
vn -0.9831 -0.1296 -0.1296
vn -0.8623 -0.1216 -0.4915
vn -0.4915 -0.1216 -0.8623
vn -0.4473 -0.4473 -0.7744
vn -0.1296 -0.1296 -0.9831
vn -0.1216 -0.4915 -0.8623
vn -0.1296 0.9831 -0.1296
vn -0.1216 0.8623 -0.4915
vn -0.4473 0.7744 -0.4473
vn -0.4915 0.8623 -0.1216
vn -0.1216 0.4915 -0.8623
vn -0.4473 0.4473 -0.7744
vn -0.1296 0.1296 -0.9831
vn -0.4915 0.1216 -0.8623
vn -0.8623 0.1216 -0.4915
vn -0.7744 0.4473 -0.4473
vn -0.9831 0.1296 -0.1296
vn -0.8623 0.4915 -0.1216
vn 0.1296 -0.9831 0.1296
vn 0.4915 -0.8623 0.1216
vn 0.4473 -0.7744 0.4473
vn 0.1216 -0.8623 0.4915
vn 0.8623 -0.4915 0.1216
vn 0.7744 -0.4473 0.4473
vn 0.9831 -0.1296 0.1296
vn 0.8623 -0.1216 0.4915
vn 0.4915 -0.1216 0.8623
vn 0.4473 -0.4473 0.7744
vn 0.1296 -0.1296 0.9831
vn 0.1216 -0.4915 0.8623
vn 0.1296 0.9831 0.1296
vn 0.1216 0.8623 0.4915
vn 0.4473 0.7744 0.4473
vn 0.4915 0.8623 0.1216
vn 0.1216 0.4915 0.8623
vn 0.4473 0.4473 0.7744
vn 0.1296 0.1296 0.9831
vn 0.4915 0.1216 0.8623
vn 0.8623 0.1216 0.4915
vn 0.7744 0.4473 0.4473
vn 0.9831 0.1296 0.1296
vn 0.8623 0.4915 0.1216
vn 0.1296 -0.9831 -0.1296
vn 0.1216 -0.8623 -0.4915
vn 0.4473 -0.7744 -0.4473
vn 0.4915 -0.8623 -0.1216
vn 0.1216 -0.4915 -0.8623
vn 0.4473 -0.4473 -0.7744
vn 0.1296 -0.1296 -0.9831
vn 0.4915 -0.1216 -0.8623
vn 0.8623 -0.1216 -0.4915
vn 0.7744 -0.4473 -0.4473
vn 0.9831 -0.1296 -0.1296
vn 0.8623 -0.4915 -0.1216
vn 0.1296 0.9831 -0.1296
vn 0.4915 0.8623 -0.1216
vn 0.4473 0.7744 -0.4473
vn 0.1216 0.8623 -0.4915
vn 0.8623 0.4915 -0.1216
vn 0.7744 0.4473 -0.4473
vn 0.9831 0.1296 -0.1296
vn 0.8623 0.1216 -0.4915
vn 0.4915 0.1216 -0.8623
vn 0.4473 0.4473 -0.7744
vn 0.1296 0.1296 -0.9831
vn 0.1216 0.4915 -0.8623
vn -0.0000 0.2148 -0.9767
vn -0.0000 0.5796 -0.8149
vn 0.2848 0.6303 -0.7222
vn 0.3690 0.2529 -0.8943
vn -0.0000 -0.5796 -0.8149
vn -0.0000 -0.2148 -0.9767
vn 0.3690 -0.2529 -0.8943
vn 0.2848 -0.6303 -0.7222
vn 0.3821 -0.0000 -0.9241
vn 0.5487 -0.2518 -0.7972
vn 0.5954 -0.7260 -0.3440
vn 0.5486 0.2518 -0.7972
vn 0.5669 -0.0000 -0.8238
vn 0.5954 0.7260 -0.3440
vn 0.9286 -0.3711 -0.0000
vn 0.5954 -0.7260 0.3440
vn 0.9286 0.3711 -0.0000
vn 0.5954 0.7260 0.3440
vn 0.5669 -0.0000 0.8238
vn 0.5487 0.2518 0.7972
vn 0.3690 0.2529 0.8943
vn 0.3821 -0.0000 0.9241
vn 0.2848 0.6303 0.7222
vn 0.2848 -0.6303 0.7222
vn 0.5487 -0.2518 0.7972
vn 0.3690 -0.2529 0.8943
vn -0.0000 0.5796 0.8149
vn -0.0000 -0.5796 0.8149
vn -0.0000 -0.2148 0.9767
vn -0.0000 0.2148 0.9767
vn -0.2848 -0.6303 0.7222
vn -0.3821 -0.0000 0.9241
vn -0.3690 -0.2529 0.8943
vn -0.2848 0.6303 0.7222
vn -0.3690 0.2529 0.8943
vn -0.5954 -0.7260 0.3440
vn -0.5669 -0.0000 0.8238
vn -0.5486 -0.2518 0.7972
vn -0.5954 0.7260 0.3440
vn -0.5487 0.2518 0.7972
vn -0.5954 -0.7260 -0.3440
vn -0.9286 -0.3711 -0.0000
vn -0.9286 0.3711 -0.0000
vn -0.5954 0.7260 -0.3440
vn -0.5486 -0.2518 -0.7972
vn -0.5669 -0.0000 -0.8238
vn -0.3821 -0.0000 -0.9241
vn -0.3690 -0.2529 -0.8943
vn -0.5487 0.2518 -0.7972
vn -0.2848 0.6303 -0.7222
vn -0.3690 0.2529 -0.8943
vn -0.2848 -0.6303 -0.7222
vn 0.4706 0.3376 -0.8152
vn 0.4706 -0.3376 -0.8152
vn -0.0000 0.9239 -0.3827
vn 0.3314 0.9239 -0.1913
vn -0.0000 -0.9239 -0.3827
vn 0.3314 -0.9239 -0.1913
vn 0.9413 -0.3376 -0.0000
vn 0.3314 0.9239 0.1913
vn 0.3314 -0.9239 0.1913
vn 0.9413 0.3376 -0.0000
vn 0.4706 -0.3377 0.8152
vn -0.0000 0.9239 0.3827
vn -0.0000 -0.9239 0.3827
vn 0.4706 0.3377 0.8152
vn -0.4706 0.3377 0.8152
vn -0.4706 -0.3377 0.8152
vn -0.3314 0.9239 0.1913
vn -0.3314 -0.9239 0.1913
vn -0.3314 -0.9239 -0.1913
vn -0.9413 0.3376 -0.0000
vn -0.9413 -0.3377 -0.0000
vn -0.3314 0.9239 -0.1913
vn -0.4706 0.3376 -0.8152
vn -0.4706 -0.3376 -0.8152
vn 0.5486 -0.2518 -0.7972
vn 0.4706 -0.3377 -0.8152
vn -0.9413 0.3377 -0.0000
vn 0.8378 0.5459 -0.0000
vn -0.8378 0.5459 -0.0000
vn 0.2747 0.4191 -0.8654
vn 0.2273 0.4445 -0.8665
vn 0.5505 0.8348 -0.0000
vn 0.4561 0.8899 -0.0000
vn 0.2747 0.4191 0.8654
vn 0.2273 0.4445 0.8665
vn -0.2725 -0.4204 0.8654
vn -0.2266 -0.4449 0.8664
vn -0.5421 -0.8403 -0.0000
vn -0.4533 -0.8914 -0.0000
vn -0.2725 -0.4204 -0.8654
vn -0.2266 -0.4449 -0.8664
vn 0.1404 0.4800 -0.8659
vn 0.1405 0.4800 -0.8659
vn 0.2801 0.9600 -0.0000
vn 0.1405 0.4800 0.8659
vn 0.1404 0.4800 0.8659
vn -0.1410 -0.4798 0.8660
vn -0.2824 -0.9593 -0.0000
vn -0.1410 -0.4798 -0.8660
vn 0.0672 0.4955 -0.8660
vn 0.1341 0.9910 -0.0000
vn 0.0672 0.4955 0.8660
vn -0.0674 -0.4955 0.8660
vn -0.1349 -0.9909 -0.0000
vn -0.0674 -0.4955 -0.8660
vn -0.0000 0.5000 -0.8660
vn -0.0000 0.5000 0.8660
vn -0.0000 -0.5000 0.8660
vn -0.0000 -0.5000 -0.8660
vn -0.0672 0.4955 -0.8660
vn -0.1341 0.9910 -0.0000
vn -0.0672 0.4955 0.8660
vn 0.0674 -0.4955 0.8660
vn 0.1349 -0.9909 -0.0000
vn 0.0674 -0.4955 -0.8660
vn -0.1404 0.4800 -0.8659
vn -0.1405 0.4800 -0.8659
vn -0.2801 0.9600 -0.0000
vn -0.1405 0.4800 0.8659
vn -0.1404 0.4800 0.8659
vn 0.1410 -0.4798 0.8660
vn 0.2824 -0.9593 -0.0000
vn 0.1410 -0.4798 -0.8660
vn -0.2273 0.4445 -0.8665
vn -0.4561 0.8899 -0.0000
vn -0.2273 0.4445 0.8665
vn 0.2266 -0.4449 0.8664
vn 0.4533 -0.8914 -0.0000
vn 0.2266 -0.4449 -0.8664
vn -0.2747 0.4191 -0.8654
vn -0.5505 0.8348 -0.0000
vn -0.2747 0.4191 0.8654
vn 0.2725 -0.4204 0.8654
vn 0.5421 -0.8403 -0.0000
vn 0.2725 -0.4204 -0.8654
vn -0.0000 0.5237 -0.8519
vn 0.3101 0.6228 -0.7183
vn 0.4567 -0.0000 -0.8896
vn -0.0000 -0.5237 -0.8519
vn 0.3101 -0.6228 -0.7183
vn 0.5969 -0.3804 -0.7064
vn 0.2600 0.9656 -0.0000
vn 0.2600 -0.9656 -0.0000
vn 0.5969 0.3804 -0.7064
vn 0.5969 -0.3804 0.7064
vn 0.4567 -0.0000 0.8896
vn 0.3101 -0.6228 0.7183
vn 0.3101 0.6228 0.7183
vn 0.5969 0.3804 0.7064
vn -0.0000 0.5237 0.8519
vn -0.0000 -0.5237 0.8519
vn -0.3101 -0.6228 0.7183
vn -0.3101 0.6228 0.7183
vn -0.4567 -0.0000 0.8896
vn -0.2600 -0.9656 -0.0000
vn -0.5969 0.3804 0.7064
vn -0.5969 -0.3804 0.7064
vn -0.2600 0.9656 -0.0000
vn -0.3101 -0.6228 -0.7183
vn -0.5969 0.3804 -0.7064
vn -0.3101 0.6228 -0.7183
vn -0.4567 -0.0000 -0.8896
vn -0.5969 -0.3804 -0.7064
vn -0.9903 0.1392 -0.0000
vn 0.9903 -0.1392 -0.0000
vn -0.1392 -0.9903 -0.0000
vn 0.1392 0.9903 -0.0000
vn -0.9903 -0.1392 -0.0000
vn 0.9903 0.1392 -0.0000
vn 0.1392 -0.9903 -0.0000
vn -0.1392 0.9903 -0.0000
vn 0.9724 0.2334 -0.0000
vn 0.8933 0.2247 -0.3894
vn 0.8945 0.2070 -0.3962
vn 0.9765 0.2153 -0.0000
vn 0.6993 0.2053 -0.6847
vn 0.6967 0.1887 -0.6921
vn 0.4647 0.1866 -0.8656
vn 0.4613 0.1714 -0.8705
vn 0.2294 0.1744 -0.9576
vn 0.2272 0.1603 -0.9606
vn -0.0000 0.1703 -0.9854
vn -0.0000 0.1566 -0.9877
vn -0.2294 0.1744 -0.9576
vn -0.2272 0.1603 -0.9606
vn -0.4647 0.1866 -0.8656
vn -0.4613 0.1714 -0.8705
vn -0.6993 0.2053 -0.6847
vn -0.6967 0.1887 -0.6921
vn -0.8933 0.2247 -0.3894
vn -0.8945 0.2070 -0.3962
vn -0.9724 0.2334 -0.0000
vn -0.9765 0.2153 -0.0000
vn -0.8933 0.2247 0.3894
vn -0.8945 0.2070 0.3962
vn -0.6993 0.2053 0.6847
vn -0.6967 0.1887 0.6921
vn -0.4647 0.1866 0.8656
vn -0.4613 0.1714 0.8705
vn -0.2294 0.1744 0.9576
vn -0.2272 0.1603 0.9606
vn -0.0000 0.1703 0.9854
vn -0.0000 0.1566 0.9877
vn 0.2294 0.1744 0.9576
vn 0.2272 0.1603 0.9606
vn 0.4647 0.1866 0.8656
vn 0.4613 0.1714 0.8705
vn 0.6993 0.2053 0.6847
vn 0.6967 0.1887 0.6921
vn 0.8933 0.2247 0.3894
vn 0.8945 0.2070 0.3962
vn 0.8964 0.1884 -0.4012
vn 0.9806 0.1961 -0.0000
vn 0.6955 0.1716 -0.6977
vn 0.4592 0.1559 -0.8745
vn 0.2259 0.1459 -0.9632
vn -0.0000 0.1425 -0.9898
vn -0.2259 0.1459 -0.9632
vn -0.4592 0.1559 -0.8745
vn -0.6955 0.1716 -0.6977
vn -0.8964 0.1884 -0.4012
vn -0.9806 0.1961 -0.0000
vn -0.8964 0.1884 0.4012
vn -0.6955 0.1716 0.6977
vn -0.4592 0.1559 0.8745
vn -0.2259 0.1459 0.9632
vn -0.0000 0.1425 0.9898
vn 0.2259 0.1459 0.9632
vn 0.4592 0.1559 0.8745
vn 0.6955 0.1716 0.6977
vn 0.8964 0.1884 0.4012
vn 0.7071 0.7071 -0.0000
vn 0.6646 0.6954 -0.2732
vn 0.6581 0.6937 -0.2927
vn 0.5481 0.6663 -0.5057
vn 0.5311 0.6625 -0.5282
vn 0.3833 0.6333 -0.6724
vn 0.3640 0.6301 -0.6859
vn 0.1956 0.6088 -0.7688
vn 0.1834 0.6078 -0.7726
vn -0.0000 0.6000 -0.8000
vn -0.1956 0.6088 -0.7688
vn -0.1834 0.6078 -0.7726
vn -0.3833 0.6333 -0.6724
vn -0.3640 0.6301 -0.6859
vn -0.5481 0.6663 -0.5057
vn -0.5311 0.6625 -0.5282
vn -0.6646 0.6954 -0.2732
vn -0.6581 0.6937 -0.2927
vn -0.7071 0.7071 -0.0000
vn -0.6646 0.6954 0.2732
vn -0.6581 0.6937 0.2927
vn -0.5481 0.6663 0.5057
vn -0.5311 0.6625 0.5282
vn -0.3833 0.6333 0.6724
vn -0.3640 0.6301 0.6859
vn -0.1956 0.6088 0.7688
vn -0.1834 0.6078 0.7726
vn -0.0000 0.6000 0.8000
vn 0.1956 0.6088 0.7688
vn 0.1834 0.6078 0.7726
vn 0.3833 0.6333 0.6723
vn 0.3640 0.6301 0.6859
vn 0.5481 0.6663 0.5057
vn 0.5311 0.6625 0.5282
vn 0.6646 0.6954 0.2732
vn 0.6581 0.6937 0.2927
vn -0.3833 0.6333 0.6723
vn 0.3833 0.6333 -0.6723
vn -0.3833 0.6333 -0.6723
vn -0.7071 -0.7071 -0.0000
vn -0.6581 -0.6937 0.2927
vn -0.6646 -0.6954 0.2732
vn -0.5311 -0.6625 0.5282
vn -0.5481 -0.6663 0.5057
vn -0.3640 -0.6301 0.6859
vn -0.3833 -0.6333 0.6723
vn -0.1834 -0.6078 0.7726
vn -0.1956 -0.6088 0.7688
vn -0.0000 -0.6000 0.8000
vn 0.1834 -0.6078 0.7726
vn 0.1956 -0.6088 0.7688
vn 0.3640 -0.6301 0.6859
vn 0.3833 -0.6333 0.6723
vn 0.5311 -0.6625 0.5282
vn 0.5481 -0.6663 0.5057
vn 0.6581 -0.6937 0.2927
vn 0.6646 -0.6954 0.2732
vn 0.7071 -0.7071 -0.0000
vn 0.6581 -0.6937 -0.2927
vn 0.6646 -0.6954 -0.2732
vn 0.5311 -0.6625 -0.5282
vn 0.5481 -0.6663 -0.5057
vn 0.3640 -0.6301 -0.6859
vn 0.3833 -0.6333 -0.6723
vn 0.1834 -0.6078 -0.7726
vn 0.1956 -0.6088 -0.7688
vn -0.0000 -0.6000 -0.8000
vn -0.1834 -0.6078 -0.7726
vn -0.1956 -0.6088 -0.7688
vn -0.3640 -0.6301 -0.6859
vn -0.3833 -0.6333 -0.6723
vn -0.5311 -0.6625 -0.5282
vn -0.5481 -0.6663 -0.5057
vn -0.6581 -0.6937 -0.2927
vn -0.6646 -0.6954 -0.2732
vn -0.3833 -0.6333 -0.6724
vn -0.3833 -0.6333 0.6724
vn 0.4706 0.3377 -0.8152
vn 0.9413 -0.3377 -0.0000
vn 0.9413 0.3377 -0.0000
vn -0.4706 0.3377 -0.8152
vn -0.4706 -0.3377 -0.8152
vn -0.2630 -0.9480 0.1794
vn -0.2380 -0.9021 0.3600
vn -0.4012 -0.8564 0.3251
vn -0.4387 -0.8845 0.1585
vn -0.1943 -0.1631 0.9673
vn -0.3724 -0.1265 0.9194
vn -0.3522 -0.2955 0.8881
vn -0.1893 -0.3448 0.9194
vn -0.9792 -0.0944 0.1794
vn -0.9473 -0.2785 0.1585
vn -0.9130 -0.2464 0.3251
vn -0.9297 -0.0778 0.3600
vn -0.1631 0.1943 0.9673
vn -0.1265 0.3724 0.9194
vn -0.2955 0.3522 0.8881
vn -0.3448 0.1893 0.9194
vn -0.0944 0.9792 0.1794
vn -0.2785 0.9473 0.1585
vn -0.2464 0.9130 0.3251
vn -0.0778 0.9297 0.3600
vn -0.9480 0.2630 0.1794
vn -0.9021 0.2380 0.3600
vn -0.8564 0.4012 0.3251
vn -0.8845 0.4387 0.1585
vn -0.2630 -0.9480 -0.1794
vn -0.4387 -0.8845 -0.1585
vn -0.4012 -0.8564 -0.3251
vn -0.2380 -0.9021 -0.3600
vn -0.9792 -0.0944 -0.1794
vn -0.9297 -0.0778 -0.3600
vn -0.9130 -0.2464 -0.3251
vn -0.9473 -0.2785 -0.1585
vn -0.1943 -0.1631 -0.9673
vn -0.1893 -0.3448 -0.9194
vn -0.3522 -0.2955 -0.8881
vn -0.3724 -0.1265 -0.9194
vn -0.0944 0.9792 -0.1794
vn -0.0778 0.9297 -0.3600
vn -0.2464 0.9130 -0.3251
vn -0.2785 0.9473 -0.1585
vn -0.1631 0.1943 -0.9673
vn -0.3448 0.1893 -0.9194
vn -0.2955 0.3522 -0.8881
vn -0.1265 0.3724 -0.9194
vn -0.9480 0.2630 -0.1794
vn -0.8845 0.4387 -0.1585
vn -0.8564 0.4012 -0.3251
vn -0.9021 0.2380 -0.3600
vn 0.0944 -0.9792 0.1794
vn 0.2785 -0.9473 0.1585
vn 0.2464 -0.9130 0.3251
vn 0.0778 -0.9297 0.3600
vn 0.9480 -0.2630 0.1794
vn 0.9021 -0.2380 0.3600
vn 0.8564 -0.4012 0.3251
vn 0.8845 -0.4387 0.1585
vn 0.1631 -0.1943 0.9673
vn 0.1265 -0.3724 0.9194
vn 0.2955 -0.3522 0.8881
vn 0.3448 -0.1893 0.9194
vn 0.2630 0.9480 0.1794
vn 0.2380 0.9021 0.3600
vn 0.4012 0.8564 0.3251
vn 0.4387 0.8845 0.1585
vn 0.1943 0.1631 0.9673
vn 0.3724 0.1265 0.9194
vn 0.3521 0.2955 0.8881
vn 0.1893 0.3448 0.9194
vn 0.9792 0.0944 0.1794
vn 0.9473 0.2785 0.1585
vn 0.9130 0.2464 0.3251
vn 0.9297 0.0778 0.3600
vn 0.0944 -0.9792 -0.1794
vn 0.0778 -0.9297 -0.3600
vn 0.2464 -0.9130 -0.3251
vn 0.2785 -0.9473 -0.1585
vn 0.1631 -0.1943 -0.9673
vn 0.3448 -0.1893 -0.9194
vn 0.2955 -0.3522 -0.8881
vn 0.1265 -0.3724 -0.9194
vn 0.9480 -0.2630 -0.1794
vn 0.8845 -0.4387 -0.1585
vn 0.8564 -0.4012 -0.3251
vn 0.9021 -0.2380 -0.3600
vn 0.2630 0.9480 -0.1794
vn 0.4387 0.8845 -0.1585
vn 0.4012 0.8564 -0.3251
vn 0.2380 0.9021 -0.3600
vn 0.9792 0.0944 -0.1794
vn 0.9297 0.0778 -0.3600
vn 0.9130 0.2464 -0.3251
vn 0.9473 0.2785 -0.1585
vn 0.1943 0.1631 -0.9673
vn 0.1893 0.3448 -0.9194
vn 0.3521 0.2955 -0.8881
vn 0.3724 0.1265 -0.9194
vn -0.3521 -0.2955 0.8881
vn 0.3522 0.2955 0.8881
vn 0.3522 0.2955 -0.8881
vn -0.0944 -0.9792 0.1794
vn -0.0778 -0.9297 0.3600
vn -0.2464 -0.9130 0.3251
vn -0.2785 -0.9473 0.1585
vn -0.1631 -0.1943 0.9673
vn -0.3448 -0.1893 0.9194
vn -0.2955 -0.3522 0.8881
vn -0.1265 -0.3724 0.9194
vn -0.9480 -0.2630 0.1794
vn -0.8845 -0.4387 0.1585
vn -0.8564 -0.4012 0.3251
vn -0.9021 -0.2380 0.3600
vn -0.1943 0.1631 0.9673
vn -0.1893 0.3448 0.9194
vn -0.3521 0.2955 0.8881
vn -0.3724 0.1265 0.9194
vn -0.2630 0.9480 0.1794
vn -0.4387 0.8845 0.1585
vn -0.4012 0.8564 0.3251
vn -0.2380 0.9021 0.3600
vn -0.9792 0.0944 0.1794
vn -0.9297 0.0778 0.3600
vn -0.9130 0.2464 0.3251
vn -0.9473 0.2785 0.1585
vn -0.0944 -0.9792 -0.1794
vn -0.2785 -0.9473 -0.1585
vn -0.2464 -0.9130 -0.3251
vn -0.0778 -0.9297 -0.3600
vn -0.9480 -0.2630 -0.1794
vn -0.9021 -0.2380 -0.3600
vn -0.8564 -0.4012 -0.3251
vn -0.8845 -0.4387 -0.1585
vn -0.1631 -0.1943 -0.9673
vn -0.1265 -0.3724 -0.9194
vn -0.2955 -0.3522 -0.8881
vn -0.3448 -0.1893 -0.9194
vn -0.2630 0.9480 -0.1794
vn -0.2380 0.9021 -0.3600
vn -0.4012 0.8564 -0.3251
vn -0.4387 0.8845 -0.1585
vn -0.1943 0.1631 -0.9673
vn -0.3724 0.1265 -0.9194
vn -0.3521 0.2955 -0.8881
vn -0.1893 0.3448 -0.9194
vn -0.9792 0.0944 -0.1794
vn -0.9473 0.2785 -0.1585
vn -0.9130 0.2464 -0.3251
vn -0.9297 0.0778 -0.3600
vn 0.2630 -0.9480 0.1794
vn 0.4387 -0.8845 0.1585
vn 0.4012 -0.8564 0.3251
vn 0.2380 -0.9021 0.3600
vn 0.9792 -0.0944 0.1794
vn 0.9297 -0.0778 0.3600
vn 0.9130 -0.2464 0.3251
vn 0.9473 -0.2785 0.1585
vn 0.1943 -0.1631 0.9673
vn 0.1893 -0.3448 0.9194
vn 0.3522 -0.2955 0.8881
vn 0.3724 -0.1265 0.9194
vn 0.0944 0.9792 0.1794
vn 0.0778 0.9297 0.3600
vn 0.2464 0.9130 0.3251
vn 0.2785 0.9473 0.1585
vn 0.1631 0.1943 0.9673
vn 0.3448 0.1893 0.9194
vn 0.2955 0.3522 0.8881
vn 0.1265 0.3724 0.9194
vn 0.9480 0.2630 0.1794
vn 0.8845 0.4387 0.1585
vn 0.8564 0.4012 0.3251
vn 0.9021 0.2380 0.3600
vn 0.2630 -0.9480 -0.1794
vn 0.2380 -0.9021 -0.3600
vn 0.4012 -0.8564 -0.3251
vn 0.4387 -0.8845 -0.1585
vn 0.1943 -0.1631 -0.9673
vn 0.3724 -0.1265 -0.9194
vn 0.3522 -0.2955 -0.8881
vn 0.1893 -0.3448 -0.9194
vn 0.9792 -0.0944 -0.1794
vn 0.9473 -0.2785 -0.1585
vn 0.9130 -0.2464 -0.3251
vn 0.9297 -0.0778 -0.3600
vn 0.0944 0.9792 -0.1794
vn 0.2785 0.9473 -0.1585
vn 0.2464 0.9130 -0.3251
vn 0.0778 0.9297 -0.3600
vn 0.9480 0.2630 -0.1794
vn 0.9021 0.2380 -0.3600
vn 0.8564 0.4012 -0.3251
vn 0.8845 0.4387 -0.1585
vn 0.1631 0.1943 -0.9673
vn 0.1265 0.3724 -0.9194
vn 0.2955 0.3522 -0.8881
vn 0.3448 0.1893 -0.9194
vn -0.3522 0.2955 0.8881
vn -0.3522 0.2955 -0.8881
vn 0.3521 -0.2955 0.8881
vn -0.0000 0.7800 -0.6258
vn -0.0000 0.9469 -0.3216
vn 0.1192 0.9472 -0.2975
vn 0.2328 0.7811 -0.5794
vn -0.0000 -0.9469 -0.3216
vn -0.0000 -0.7800 -0.6258
vn 0.2328 -0.7811 -0.5794
vn 0.1192 -0.9472 -0.2975
vn -0.0000 -0.4591 -0.8884
vn 0.3739 -0.0000 -0.9275
vn 0.3316 -0.4604 -0.8234
vn -0.0000 0.4591 -0.8884
vn 0.3316 0.4604 -0.8234
vn 0.6975 -0.0000 -0.7166
vn 0.6177 -0.4636 -0.6353
vn 0.4323 0.7839 -0.4457
vn 0.6177 0.4636 -0.6353
vn 0.2210 0.9481 -0.2286
vn 0.2210 -0.9481 -0.2286
vn 0.4323 -0.7839 -0.4457
vn 0.2898 -0.9490 -0.1242
vn 0.8136 -0.4669 -0.3466
vn 0.5677 -0.7867 -0.2425
vn 0.8136 0.4669 -0.3466
vn 0.9202 -0.0000 -0.3915
vn 0.2898 0.9490 -0.1242
vn 0.5677 0.7867 -0.2425
vn 0.8836 0.4683 -0.0000
vn 0.3142 0.9494 -0.0000
vn 0.6158 0.7879 -0.0000
vn 0.6158 -0.7879 -0.0000
vn 0.3142 -0.9494 -0.0000
vn 0.8836 -0.4683 -0.0000
vn 0.5677 -0.7867 0.2425
vn 0.2898 -0.9490 0.1242
vn 0.9202 -0.0000 0.3915
vn 0.8136 -0.4669 0.3466
vn 0.5677 0.7867 0.2425
vn 0.8136 0.4669 0.3466
vn 0.2898 0.9490 0.1242
vn 0.4323 0.7839 0.4457
vn 0.6177 0.4636 0.6353
vn 0.2210 0.9481 0.2286
vn 0.2210 -0.9481 0.2286
vn 0.6177 -0.4636 0.6353
vn 0.4322 -0.7839 0.4457
vn 0.6975 -0.0000 0.7166
vn 0.1192 -0.9472 0.2975
vn 0.3316 -0.4604 0.8234
vn 0.2328 -0.7811 0.5794
vn 0.3316 0.4604 0.8234
vn 0.3739 -0.0000 0.9275
vn 0.1192 0.9472 0.2975
vn 0.2328 0.7811 0.5794
vn -0.0000 0.9469 0.3216
vn -0.0000 0.7800 0.6258
vn -0.0000 -0.7800 0.6258
vn -0.0000 -0.9469 0.3216
vn -0.0000 -0.4591 0.8884
vn -0.0000 0.4591 0.8884
vn -0.2328 -0.7811 0.5794
vn -0.1192 -0.9472 0.2975
vn -0.3739 -0.0000 0.9275
vn -0.3316 -0.4604 0.8234
vn -0.2328 0.7811 0.5794
vn -0.3316 0.4604 0.8234
vn -0.1192 0.9472 0.2975
vn -0.2210 0.9481 0.2286
vn -0.2210 -0.9481 0.2286
vn -0.6177 -0.4636 0.6353
vn -0.4323 -0.7839 0.4457
vn -0.6177 0.4636 0.6353
vn -0.6975 -0.0000 0.7166
vn -0.4323 0.7839 0.4457
vn -0.8136 -0.4669 0.3466
vn -0.5677 -0.7867 0.2425
vn -0.8136 0.4669 0.3466
vn -0.9202 -0.0000 0.3915
vn -0.2898 0.9490 0.1242
vn -0.5677 0.7867 0.2425
vn -0.2898 -0.9490 0.1242
vn -0.6158 -0.7879 -0.0000
vn -0.3142 -0.9494 -0.0000
vn -0.8836 -0.4683 -0.0000
vn -0.6158 0.7879 -0.0000
vn -0.8836 0.4683 -0.0000
vn -0.3142 0.9494 -0.0000
vn -0.9202 -0.0000 -0.3915
vn -0.8136 -0.4669 -0.3466
vn -0.5677 0.7867 -0.2425
vn -0.8136 0.4669 -0.3466
vn -0.2898 0.9490 -0.1242
vn -0.2898 -0.9490 -0.1242
vn -0.5677 -0.7867 -0.2425
vn -0.2210 -0.9481 -0.2286
vn -0.6177 -0.4636 -0.6353
vn -0.4323 -0.7839 -0.4457
vn -0.6177 0.4636 -0.6353
vn -0.6975 -0.0000 -0.7166
vn -0.2210 0.9481 -0.2286
vn -0.4322 0.7839 -0.4457
vn -0.3316 0.4604 -0.8234
vn -0.3739 -0.0000 -0.9275
vn -0.1192 0.9472 -0.2975
vn -0.2328 0.7811 -0.5794
vn -0.2328 -0.7811 -0.5794
vn -0.1192 -0.9472 -0.2975
vn -0.3316 -0.4604 -0.8234
vn -0.4606 -0.7588 0.4606
vn -0.4606 -0.4606 0.7588
vn -0.7588 -0.4606 0.4606
vn -0.4606 0.4606 0.7588
vn -0.4606 0.7588 0.4606
vn -0.7588 0.4606 0.4606
vn -0.4606 -0.7588 -0.4606
vn -0.7588 -0.4606 -0.4606
vn -0.4606 -0.4606 -0.7588
vn -0.4606 0.7588 -0.4606
vn -0.4606 0.4606 -0.7588
vn -0.7588 0.4606 -0.4606
vn 0.4606 -0.7588 0.4606
vn 0.7588 -0.4606 0.4606
vn 0.4606 -0.4606 0.7588
vn 0.4606 0.7588 0.4606
vn 0.4606 0.4606 0.7588
vn 0.7588 0.4606 0.4606
vn 0.4606 -0.7588 -0.4606
vn 0.4606 -0.4606 -0.7588
vn 0.7588 -0.4606 -0.4606
vn 0.4606 0.7588 -0.4606
vn 0.7588 0.4606 -0.4606
vn 0.4606 0.4606 -0.7588
vn 0.9896 0.1441 -0.0000
vn 0.9922 0.1243 -0.0000
vn 0.9964 0.0847 -0.0000
vn 0.9979 0.0648 -0.0000
vn 0.1688 0.9857 -0.0000
vn 0.1884 0.9821 -0.0000
vn 0.2274 0.9738 -0.0000
vn 0.2467 0.9691 -0.0000
vn -0.8853 0.4651 -0.0000
vn -0.8758 0.4826 -0.0000
vn -0.8559 0.5172 -0.0000
vn -0.8454 0.5341 -0.0000
vn -0.7159 -0.6982 -0.0000
vn -0.7297 -0.6838 -0.0000
vn -0.7563 -0.6542 -0.0000
vn -0.7692 -0.6390 -0.0000
vn 0.4428 -0.8966 -0.0000
vn 0.4249 -0.9053 -0.0000
vn 0.3885 -0.9215 -0.0000
vn 0.3700 -0.9290 -0.0000
vn 0.4115 0.7127 0.5681
vn 0.7949 0.2130 0.5681
vn 0.4115 0.7127 -0.5681
vn 0.7949 0.2130 -0.5681
vn 0.1206 0.2089 0.9705
vn 0.2330 0.0624 0.9705
vn 0.1206 0.2089 -0.9705
vn 0.2330 0.0624 -0.9705
vn 0.7127 -0.4115 -0.5681
vn 0.2089 -0.1206 0.9705
vn 0.2089 -0.1206 -0.9705
vn 0.7127 -0.4115 0.5681
vn 0.2130 -0.7949 -0.5681
vn 0.0624 -0.2330 0.9705
vn 0.0624 -0.2330 -0.9705
vn 0.2130 -0.7949 0.5681
vn -0.4115 -0.7127 0.5681
vn -0.4115 -0.7127 -0.5681
vn -0.1206 -0.2089 0.9705
vn -0.1206 -0.2089 -0.9705
vn -0.2330 -0.0624 -0.9705
vn -0.7949 -0.2130 0.5681
vn -0.7949 -0.2130 -0.5681
vn -0.2330 -0.0624 0.9705
vn -0.2089 0.1206 -0.9705
vn -0.7127 0.4115 0.5681
vn -0.7127 0.4115 -0.5681
vn -0.2089 0.1206 0.9705
vn -0.0624 0.2330 -0.9705
vn -0.2130 0.7949 0.5681
vn -0.2130 0.7949 -0.5681
vn -0.0624 0.2330 0.9705
vn -0.6498 0.7581 -0.0542
vn 0.4903 -0.8716 -0.0000
vn 0.4367 0.2458 0.8654
vn 0.3962 0.3059 0.8657
vn 0.8715 0.4904 0.0007
vn 0.8194 0.5732 -0.0020
vn 0.4363 0.2454 -0.8657
vn 0.4218 0.2663 -0.8667
vn -0.4368 -0.2456 -0.8654
vn -0.3962 -0.3059 -0.8657
vn -0.8717 -0.4901 -0.0007
vn -0.8194 -0.5732 0.0020
vn -0.4363 -0.2454 0.8657
vn -0.4218 -0.2663 0.8667
vn 0.3536 0.3645 0.8614
vn 0.7595 0.6505 -0.0047
vn 0.4071 0.2870 -0.8671
vn -0.3535 -0.3647 -0.8614
vn -0.7593 -0.6507 0.0047
vn -0.4071 -0.2870 0.8671
vt 0.000000 0.000000
vt 1.000000 0.000000
vt 0.600000 0.000000
vt 0.800000 0.000000
vt 0.400000 0.000000
vt 0.200000 0.000000
vt 0.000000 1.000000
vt 0.125000 1.000000
vt 0.125000 0.833333
vt 0.000000 0.833333
vt 0.000000 0.166667
vt 0.125000 0.166667
vt 0.125000 0.000000
vt 0.000000 0.333333
vt 0.125000 0.333333
vt 0.000000 0.500000
vt 0.125000 0.500000
vt 0.000000 0.666667
vt 0.125000 0.666667
vt 0.250000 1.000000
vt 0.250000 0.833333
vt 0.250000 0.166667
vt 0.250000 0.000000
vt 0.250000 0.333333
vt 0.250000 0.500000
vt 0.250000 0.666667
vt 0.375000 1.000000
vt 0.375000 0.833333
vt 0.375000 0.166667
vt 0.375000 0.000000
vt 0.375000 0.333333
vt 0.375000 0.500000
vt 0.375000 0.666667
vt 0.500000 1.000000
vt 0.500000 0.833333
vt 0.500000 0.166667
vt 0.500000 0.000000
vt 0.500000 0.333333
vt 0.500000 0.500000
vt 0.500000 0.666667
vt 0.625000 1.000000
vt 0.625000 0.833333
vt 0.625000 0.166667
vt 0.625000 0.000000
vt 0.625000 0.333333
vt 0.625000 0.500000
vt 0.625000 0.666667
vt 0.750000 1.000000
vt 0.750000 0.833333
vt 0.750000 0.166667
vt 0.750000 0.000000
vt 0.750000 0.333333
vt 0.750000 0.500000
vt 0.750000 0.666667
vt 0.875000 1.000000
vt 0.875000 0.833333
vt 0.875000 0.166667
vt 0.875000 0.000000
vt 0.875000 0.333333
vt 0.875000 0.500000
vt 0.875000 0.666667
vt 1.000000 1.000000
vt 1.000000 0.833333
vt 1.000000 0.166667
vt 1.000000 0.333333
vt 1.000000 0.500000
vt 1.000000 0.666667
s 1
usemtl mustard
f 1/1/1 4/1/2 5/1/3 7/1/4
f 2/1/5 6/1/6 5/1/7 4/1/8
f 3/1/9 7/1/10 5/1/11 6/1/12
f 8/1/13 11/1/14 12/1/15 14/1/16
f 9/1/17 13/1/18 12/1/19 11/1/20
f 10/1/21 14/1/22 12/1/23 13/1/24
f 15/1/25 18/1/26 19/1/27 21/1/28
f 16/1/29 20/1/30 19/1/31 18/1/32
f 17/1/33 21/1/34 19/1/35 20/1/36
f 22/1/37 25/1/38 26/1/39 28/1/40
f 23/1/41 27/1/42 26/1/43 25/1/44
f 24/1/45 28/1/46 26/1/47 27/1/48
f 29/1/49 32/1/50 33/1/51 35/1/52
f 30/1/53 34/1/54 33/1/55 32/1/56
f 31/1/57 35/1/58 33/1/59 34/1/60
f 36/1/61 39/1/62 40/1/63 42/1/64
f 37/1/65 41/1/66 40/1/67 39/1/68
f 38/1/69 42/1/70 40/1/71 41/1/72
f 43/1/73 46/1/74 47/1/75 49/1/76
f 44/1/77 48/1/78 47/1/79 46/1/80
f 45/1/81 49/1/82 47/1/83 48/1/84
f 50/1/85 53/1/86 54/1/87 56/1/88
f 51/1/89 55/1/90 54/1/91 53/1/92
f 52/1/93 56/1/94 54/1/95 55/1/96
f 15/1/25 1/1/1 7/1/4 18/1/26
f 18/1/32 7/1/10 3/1/9 16/1/29
f 2/1/5 8/1/13 14/1/16 6/1/6
f 6/1/12 14/1/22 10/1/21 3/1/9
f 9/1/17 22/1/37 28/1/40 13/1/18
f 13/1/24 28/1/46 24/1/45 10/1/21
f 23/1/41 17/1/33 20/1/36 27/1/42
f 27/1/48 20/1/30 16/1/29 24/1/45
f 43/1/73 15/1/25 21/1/28 46/1/74
f 46/1/80 21/1/34 17/1/33 44/1/77
f 22/1/37 50/1/85 56/1/88 25/1/38
f 25/1/44 56/1/94 52/1/93 23/1/41
f 51/1/89 45/1/81 48/1/84 55/1/90
f 55/1/96 48/1/78 44/1/77 52/1/93
f 29/1/49 43/1/73 49/1/76 32/1/50
f 32/1/56 49/1/82 45/1/81 30/1/53
f 50/1/85 36/1/61 42/1/64 53/1/86
f 53/1/92 42/1/70 38/1/69 51/1/89
f 37/1/65 31/1/57 34/1/60 41/1/66
f 41/1/72 34/1/54 30/1/53 38/1/69
f 1/1/1 29/1/49 35/1/52 4/1/2
f 4/1/8 35/1/58 31/1/57 2/1/5
f 36/1/61 9/1/17 11/1/20 39/1/62
f 39/1/68 11/1/14 8/1/13 37/1/65
f 15/1/25 43/1/73 29/1/49 1/1/1
f 3/1/9 10/1/21 24/1/45 16/1/29
f 31/1/57 37/1/65 8/1/13 2/1/5
f 50/1/85 22/1/37 9/1/17 36/1/61
f 17/1/33 23/1/41 52/1/93 44/1/77
f 45/1/81 51/1/89 38/1/69 30/1/53
f 65/1/1 68/1/2 69/1/3 71/1/4
f 66/1/5 70/1/6 69/1/7 68/1/8
f 67/1/9 71/1/10 69/1/11 70/1/12
f 72/1/13 75/1/14 76/1/15 78/1/16
f 73/1/17 77/1/18 76/1/19 75/1/20
f 74/1/21 78/1/22 76/1/23 77/1/24
f 79/1/25 82/1/26 83/1/27 85/1/28
f 80/1/29 84/1/30 83/1/31 82/1/32
f 81/1/33 85/1/34 83/1/35 84/1/36
f 86/1/37 89/1/38 90/1/39 92/1/40
f 87/1/41 91/1/42 90/1/43 89/1/44
f 88/1/45 92/1/46 90/1/47 91/1/48
f 93/1/49 96/1/50 97/1/51 99/1/52
f 94/1/53 98/1/54 97/1/55 96/1/56
f 95/1/57 99/1/58 97/1/59 98/1/60
f 100/1/61 103/1/62 104/1/63 106/1/64
f 101/1/65 105/1/66 104/1/67 103/1/68
f 102/1/69 106/1/70 104/1/71 105/1/72
f 107/1/73 110/1/74 111/1/75 113/1/76
f 108/1/77 112/1/78 111/1/79 110/1/80
f 109/1/81 113/1/82 111/1/83 112/1/84
f 114/1/85 117/1/86 118/1/87 120/1/88
f 115/1/89 119/1/90 118/1/91 117/1/92
f 116/1/93 120/1/94 118/1/95 119/1/96
f 79/1/25 65/1/1 71/1/4 82/1/26
f 82/1/32 71/1/10 67/1/9 80/1/29
f 66/1/5 72/1/13 78/1/16 70/1/6
f 70/1/12 78/1/22 74/1/21 67/1/9
f 73/1/17 86/1/37 92/1/40 77/1/18
f 77/1/24 92/1/46 88/1/45 74/1/21
f 87/1/41 81/1/33 84/1/36 91/1/42
f 91/1/48 84/1/30 80/1/29 88/1/45
f 107/1/73 79/1/25 85/1/28 110/1/74
f 110/1/80 85/1/34 81/1/33 108/1/77
f 86/1/37 114/1/85 120/1/88 89/1/38
f 89/1/44 120/1/94 116/1/93 87/1/41
f 115/1/89 109/1/81 112/1/84 119/1/90
f 119/1/96 112/1/78 108/1/77 116/1/93
f 93/1/49 107/1/73 113/1/76 96/1/50
f 96/1/56 113/1/82 109/1/81 94/1/53
f 114/1/85 100/1/61 106/1/64 117/1/86
f 117/1/92 106/1/70 102/1/69 115/1/89
f 101/1/65 95/1/57 98/1/60 105/1/66
f 105/1/72 98/1/54 94/1/53 102/1/69
f 65/1/1 93/1/49 99/1/52 68/1/2
f 68/1/8 99/1/58 95/1/57 66/1/5
f 100/1/61 73/1/17 75/1/20 103/1/62
f 103/1/68 75/1/14 72/1/13 101/1/65
f 79/1/25 107/1/73 93/1/49 65/1/1
f 67/1/9 74/1/21 88/1/45 80/1/29
f 95/1/57 101/1/65 72/1/13 66/1/5
f 114/1/85 86/1/37 73/1/17 100/1/61
f 81/1/33 87/1/41 116/1/93 108/1/77
f 109/1/81 115/1/89 102/1/69 94/1/53
f 1347/1/100 1349/1/100 1351/1/100 1353/1/100 1355/1/100 1357/1/100 1359/1/100 1361/1/100 1363/1/100 1365/1/100 1367/1/100 1369/1/100 1371/1/100 1373/1/100 1375/1/100
f 1376/1/98 1374/1/98 1372/1/98 1370/1/98 1368/1/98 1366/1/98 1364/1/98 1362/1/98 1360/1/98 1358/1/98 1356/1/98 1354/1/98 1352/1/98 1350/1/98 1348/1/98
f 1348/1/852 1350/1/853 1349/1/853 1347/1/852
f 1350/1/853 1352/1/854 1351/1/854 1349/1/853
f 1352/1/854 1354/1/855 1353/1/855 1351/1/854
f 1354/1/856 1356/1/857 1355/1/857 1353/1/856
f 1356/1/857 1358/1/858 1357/1/858 1355/1/857
f 1358/1/858 1360/1/859 1359/1/859 1357/1/858
f 1360/1/860 1362/1/861 1361/1/861 1359/1/860
f 1362/1/861 1364/1/862 1363/1/862 1361/1/861
f 1364/1/862 1366/1/863 1365/1/863 1363/1/862
f 1366/1/864 1368/1/865 1367/1/865 1365/1/864
f 1368/1/865 1370/1/866 1369/1/866 1367/1/865
f 1370/1/866 1372/1/867 1371/1/867 1369/1/866
f 1372/1/868 1374/1/869 1373/1/869 1371/1/868
f 1374/1/869 1376/1/870 1375/1/870 1373/1/869
f 1376/1/870 1348/1/871 1347/1/871 1375/1/870
usemtl white
f 57/1/97 58/1/97 60/1/97 59/1/97
f 59/1/98 60/1/98 64/1/98 63/1/98
f 63/1/99 64/1/99 62/1/99 61/1/99
f 61/1/100 62/1/100 58/1/100 57/1/100
f 59/1/101 63/1/101 61/1/101 57/1/101
f 64/1/102 60/1/102 58/1/102 62/1/102
f 121/1/97 122/1/97 124/1/97 123/1/97
f 123/1/98 124/1/98 128/1/98 127/1/98
f 127/1/99 128/1/99 126/1/99 125/1/99
f 125/1/100 126/1/100 122/1/100 121/1/100
f 123/1/101 127/1/101 125/1/101 121/1/101
f 128/1/102 124/1/102 122/1/102 126/1/102
usemtl skin_b
f 129/1/1 132/1/2 133/1/3 135/1/4
f 130/1/5 134/1/6 133/1/7 132/1/8
f 131/1/9 135/1/10 133/1/11 134/1/12
f 136/1/13 139/1/14 140/1/15 142/1/16
f 137/1/17 141/1/18 140/1/19 139/1/20
f 138/1/21 142/1/22 140/1/23 141/1/24
f 143/1/25 146/1/26 147/1/27 149/1/28
f 144/1/29 148/1/30 147/1/31 146/1/32
f 145/1/33 149/1/34 147/1/35 148/1/36
f 150/1/37 153/1/38 154/1/39 156/1/40
f 151/1/41 155/1/42 154/1/43 153/1/44
f 152/1/45 156/1/46 154/1/47 155/1/48
f 157/1/49 160/1/50 161/1/51 163/1/52
f 158/1/53 162/1/54 161/1/55 160/1/56
f 159/1/57 163/1/58 161/1/59 162/1/60
f 164/1/61 167/1/62 168/1/63 170/1/64
f 165/1/65 169/1/66 168/1/67 167/1/68
f 166/1/69 170/1/70 168/1/71 169/1/72
f 171/1/73 174/1/74 175/1/75 177/1/76
f 172/1/77 176/1/78 175/1/79 174/1/80
f 173/1/81 177/1/82 175/1/83 176/1/84
f 178/1/85 181/1/86 182/1/87 184/1/88
f 179/1/89 183/1/90 182/1/91 181/1/92
f 180/1/93 184/1/94 182/1/95 183/1/96
f 143/1/25 129/1/1 135/1/4 146/1/26
f 146/1/32 135/1/10 131/1/9 144/1/29
f 130/1/5 136/1/13 142/1/16 134/1/6
f 134/1/12 142/1/22 138/1/21 131/1/9
f 137/1/17 150/1/37 156/1/40 141/1/18
f 141/1/24 156/1/46 152/1/45 138/1/21
f 151/1/41 145/1/33 148/1/36 155/1/42
f 155/1/48 148/1/30 144/1/29 152/1/45
f 171/1/73 143/1/25 149/1/28 174/1/74
f 174/1/80 149/1/34 145/1/33 172/1/77
f 150/1/37 178/1/85 184/1/88 153/1/38
f 153/1/44 184/1/94 180/1/93 151/1/41
f 179/1/89 173/1/81 176/1/84 183/1/90
f 183/1/96 176/1/78 172/1/77 180/1/93
f 157/1/49 171/1/73 177/1/76 160/1/50
f 160/1/56 177/1/82 173/1/81 158/1/53
f 178/1/85 164/1/61 170/1/64 181/1/86
f 181/1/92 170/1/70 166/1/69 179/1/89
f 165/1/65 159/1/57 162/1/60 169/1/66
f 169/1/72 162/1/54 158/1/53 166/1/69
f 129/1/1 157/1/49 163/1/52 132/1/2
f 132/1/8 163/1/58 159/1/57 130/1/5
f 164/1/61 137/1/17 139/1/20 167/1/62
f 167/1/68 139/1/14 136/1/13 165/1/65
f 143/1/25 171/1/73 157/1/49 129/1/1
f 131/1/9 138/1/21 152/1/45 144/1/29
f 159/1/57 165/1/65 136/1/13 130/1/5
f 178/1/85 150/1/37 137/1/17 164/1/61
f 145/1/33 151/1/41 180/1/93 172/1/77
f 173/1/81 179/1/89 166/1/69 158/1/53
f 185/1/1 188/1/2 189/1/3 191/1/4
f 186/1/5 190/1/6 189/1/7 188/1/8
f 187/1/9 191/1/10 189/1/11 190/1/12
f 192/1/13 195/1/14 196/1/15 198/1/16
f 193/1/17 197/1/18 196/1/19 195/1/20
f 194/1/21 198/1/22 196/1/23 197/1/24
f 199/1/25 202/1/26 203/1/27 205/1/28
f 200/1/29 204/1/30 203/1/31 202/1/32
f 201/1/33 205/1/34 203/1/35 204/1/36
f 206/1/37 209/1/38 210/1/39 212/1/40
f 207/1/41 211/1/42 210/1/43 209/1/44
f 208/1/45 212/1/46 210/1/47 211/1/48
f 213/1/49 216/1/50 217/1/51 219/1/52
f 214/1/53 218/1/54 217/1/55 216/1/56
f 215/1/57 219/1/58 217/1/59 218/1/60
f 220/1/61 223/1/62 224/1/63 226/1/64
f 221/1/65 225/1/66 224/1/67 223/1/68
f 222/1/69 226/1/70 224/1/71 225/1/72
f 227/1/73 230/1/74 231/1/75 233/1/76
f 228/1/77 232/1/78 231/1/79 230/1/80
f 229/1/81 233/1/82 231/1/83 232/1/84
f 234/1/85 237/1/86 238/1/87 240/1/88
f 235/1/89 239/1/90 238/1/91 237/1/92
f 236/1/93 240/1/94 238/1/95 239/1/96
f 199/1/25 185/1/1 191/1/4 202/1/26
f 202/1/32 191/1/10 187/1/9 200/1/29
f 186/1/5 192/1/13 198/1/16 190/1/6
f 190/1/12 198/1/22 194/1/21 187/1/9
f 193/1/17 206/1/37 212/1/40 197/1/18
f 197/1/24 212/1/46 208/1/45 194/1/21
f 207/1/41 201/1/33 204/1/36 211/1/42
f 211/1/48 204/1/30 200/1/29 208/1/45
f 227/1/73 199/1/25 205/1/28 230/1/74
f 230/1/80 205/1/34 201/1/33 228/1/77
f 206/1/37 234/1/85 240/1/88 209/1/38
f 209/1/44 240/1/94 236/1/93 207/1/41
f 235/1/89 229/1/81 232/1/84 239/1/90
f 239/1/96 232/1/78 228/1/77 236/1/93
f 213/1/49 227/1/73 233/1/76 216/1/50
f 216/1/56 233/1/82 229/1/81 214/1/53
f 234/1/85 220/1/61 226/1/64 237/1/86
f 237/1/92 226/1/70 222/1/69 235/1/89
f 221/1/65 215/1/57 218/1/60 225/1/66
f 225/1/72 218/1/54 214/1/53 222/1/69
f 185/1/1 213/1/49 219/1/52 188/1/2
f 188/1/8 219/1/58 215/1/57 186/1/5
f 220/1/61 193/1/17 195/1/20 223/1/62
f 223/1/68 195/1/14 192/1/13 221/1/65
f 199/1/25 227/1/73 213/1/49 185/1/1
f 187/1/9 194/1/21 208/1/45 200/1/29
f 215/1/57 221/1/65 192/1/13 186/1/5
f 234/1/85 206/1/37 193/1/17 220/1/61
f 201/1/33 207/1/41 236/1/93 228/1/77
f 229/1/81 235/1/89 222/1/69 214/1/53
f 297/1/98 298/1/98 300/1/103 299/1/103
f 299/1/103 300/1/103 302/1/104 301/1/104
f 301/1/104 302/1/104 304/1/99 303/1/99
f 303/1/99 304/1/99 306/1/105 305/1/105
f 305/1/105 306/1/105 308/1/106 307/1/106
f 307/1/106 308/1/106 310/1/100 309/1/100
f 309/1/100 310/1/100 312/1/107 311/1/107
f 311/1/107 312/1/107 314/1/108 313/1/108
f 313/1/108 314/1/108 316/1/97 315/1/97
f 315/1/97 316/1/97 318/1/109 317/1/109
f 300/1/102 298/1/102 320/1/102 318/1/102 316/1/102 314/1/102 312/1/102 310/1/102 308/1/102 306/1/102 304/1/102 302/1/102
f 317/1/109 318/1/109 320/1/110 319/1/110
f 319/1/110 320/1/110 298/1/98 297/1/98
f 297/1/101 299/1/101 301/1/101 303/1/101 305/1/101 307/1/101 309/1/101 311/1/101 313/1/101 315/1/101 317/1/101 319/1/101
f 321/1/111 324/1/112 326/1/113 325/1/114
f 324/1/112 328/1/115 329/1/116 326/1/113
f 322/1/117 327/1/118 329/1/116 328/1/115
f 327/1/118 331/1/119 332/1/120 329/1/116
f 323/1/121 330/1/122 332/1/120 331/1/119
f 330/1/122 325/1/114 326/1/113 332/1/120
f 326/1/113 329/1/116 332/1/120
f 333/1/123 336/1/124 338/1/125 337/1/126
f 336/1/124 340/1/127 341/1/128 338/1/125
f 334/1/129 339/1/130 341/1/128 340/1/127
f 339/1/130 343/1/131 344/1/132 341/1/128
f 335/1/133 342/1/134 344/1/132 343/1/131
f 342/1/134 337/1/126 338/1/125 344/1/132
f 338/1/125 341/1/128 344/1/132
f 345/1/135 348/1/136 350/1/137 349/1/138
f 348/1/136 352/1/139 353/1/140 350/1/137
f 346/1/141 351/1/142 353/1/140 352/1/139
f 351/1/142 355/1/143 356/1/144 353/1/140
f 347/1/145 354/1/146 356/1/144 355/1/143
f 354/1/146 349/1/138 350/1/137 356/1/144
f 350/1/137 353/1/140 356/1/144
f 357/1/147 360/1/148 362/1/149 361/1/150
f 360/1/148 364/1/151 365/1/152 362/1/149
f 358/1/153 363/1/154 365/1/152 364/1/151
f 363/1/154 367/1/155 368/1/156 365/1/152
f 359/1/157 366/1/158 368/1/156 367/1/155
f 366/1/158 361/1/150 362/1/149 368/1/156
f 362/1/149 365/1/152 368/1/156
f 369/1/159 372/1/160 374/1/161 373/1/162
f 372/1/160 376/1/163 377/1/164 374/1/161
f 370/1/165 375/1/166 377/1/164 376/1/163
f 375/1/166 379/1/167 380/1/168 377/1/164
f 371/1/169 378/1/170 380/1/168 379/1/167
f 378/1/170 373/1/162 374/1/161 380/1/168
f 374/1/161 377/1/164 380/1/168
f 381/1/171 384/1/172 386/1/173 385/1/174
f 384/1/172 388/1/175 389/1/176 386/1/173
f 382/1/177 387/1/178 389/1/176 388/1/175
f 387/1/178 391/1/179 392/1/180 389/1/176
f 383/1/181 390/1/182 392/1/180 391/1/179
f 390/1/182 385/1/174 386/1/173 392/1/180
f 386/1/173 389/1/176 392/1/180
f 393/1/183 396/1/184 398/1/185 397/1/186
f 396/1/184 400/1/187 401/1/188 398/1/185
f 394/1/189 399/1/190 401/1/188 400/1/187
f 399/1/190 403/1/191 404/1/192 401/1/188
f 395/1/193 402/1/194 404/1/192 403/1/191
f 402/1/194 397/1/186 398/1/185 404/1/192
f 398/1/185 401/1/188 404/1/192
f 405/1/195 408/1/196 410/1/197 409/1/198
f 408/1/196 412/1/199 413/1/200 410/1/197
f 406/1/201 411/1/202 413/1/200 412/1/199
f 411/1/202 415/1/203 416/1/204 413/1/200
f 407/1/205 414/1/206 416/1/204 415/1/203
f 414/1/206 409/1/198 410/1/197 416/1/204
f 410/1/197 413/1/200 416/1/204
f 345/1/135 321/1/111 325/1/114 348/1/136
f 348/1/136 325/1/114 330/1/122 352/1/139
f 352/1/139 330/1/122 323/1/121 346/1/141
f 322/1/117 333/1/123 337/1/126 327/1/118
f 327/1/118 337/1/126 342/1/134 331/1/119
f 331/1/119 342/1/134 335/1/133 323/1/121
f 334/1/129 357/1/147 361/1/150 339/1/130
f 339/1/130 361/1/150 366/1/158 343/1/131
f 343/1/131 366/1/158 359/1/157 335/1/133
f 358/1/153 347/1/145 355/1/143 363/1/154
f 363/1/154 355/1/143 351/1/142 367/1/155
f 367/1/155 351/1/142 346/1/141 359/1/157
f 393/1/183 345/1/135 349/1/138 396/1/184
f 396/1/184 349/1/138 354/1/146 400/1/187
f 400/1/187 354/1/146 347/1/145 394/1/189
f 357/1/147 405/1/195 409/1/198 360/1/148
f 360/1/148 409/1/198 414/1/206 364/1/151
f 364/1/151 414/1/206 407/1/205 358/1/153
f 406/1/201 395/1/193 403/1/191 411/1/202
f 411/1/202 403/1/191 399/1/190 415/1/203
f 415/1/203 399/1/190 394/1/189 407/1/205
f 369/1/159 393/1/183 397/1/186 372/1/160
f 372/1/160 397/1/186 402/1/194 376/1/163
f 376/1/163 402/1/194 395/1/193 370/1/165
f 405/1/195 381/1/171 385/1/174 408/1/196
f 408/1/196 385/1/174 390/1/182 412/1/199
f 412/1/199 390/1/182 383/1/181 406/1/201
f 382/1/177 371/1/169 379/1/167 387/1/178
f 387/1/178 379/1/167 375/1/166 391/1/179
f 391/1/179 375/1/166 370/1/165 383/1/181
f 321/1/111 369/1/159 373/1/162 324/1/112
f 324/1/112 373/1/162 378/1/170 328/1/115
f 328/1/115 378/1/170 371/1/169 322/1/117
f 381/1/171 334/1/129 340/1/127 384/1/172
f 384/1/172 340/1/127 336/1/124 388/1/175
f 388/1/175 336/1/124 333/1/123 382/1/177
f 345/1/135 393/1/183 369/1/159 321/1/111
f 323/1/121 335/1/133 359/1/157 346/1/141
f 371/1/169 382/1/177 333/1/123 322/1/117
f 405/1/195 357/1/147 334/1/129 381/1/171
f 347/1/145 358/1/153 407/1/205 394/1/189
f 395/1/193 406/1/201 383/1/181 370/1/165
f 961/1/522 964/1/523 965/1/524 967/1/525
f 962/1/526 966/1/527 965/1/618 964/1/529
f 963/1/530 967/1/531 965/1/532 966/1/533
f 968/1/534 971/1/535 972/1/536 974/1/537
f 969/1/538 973/1/539 972/1/540 971/1/541
f 970/1/542 974/1/543 972/1/544 973/1/545
f 975/1/546 978/1/547 979/1/548 981/1/549
f 976/1/550 980/1/551 979/1/552 978/1/553
f 977/1/554 981/1/555 979/1/556 980/1/557
f 982/1/558 985/1/559 986/1/560 988/1/561
f 983/1/562 987/1/563 986/1/564 985/1/565
f 984/1/566 988/1/567 986/1/568 987/1/569
f 989/1/570 992/1/571 993/1/572 995/1/573
f 990/1/574 994/1/575 993/1/576 992/1/577
f 991/1/578 995/1/579 993/1/580 994/1/581
f 996/1/582 999/1/583 1000/1/584 1002/1/585
f 997/1/586 1001/1/587 1000/1/619 999/1/589
f 998/1/590 1002/1/591 1000/1/592 1001/1/593
f 1003/1/594 1006/1/595 1007/1/596 1009/1/597
f 1004/1/598 1008/1/599 1007/1/600 1006/1/601
f 1005/1/602 1009/1/603 1007/1/604 1008/1/605
f 1010/1/606 1013/1/607 1014/1/608 1016/1/609
f 1011/1/610 1015/1/611 1014/1/612 1013/1/613
f 1012/1/614 1016/1/615 1014/1/620 1015/1/617
f 975/1/546 961/1/522 967/1/525 978/1/547
f 978/1/553 967/1/531 963/1/530 976/1/550
f 962/1/526 968/1/534 974/1/537 966/1/527
f 966/1/533 974/1/543 970/1/542 963/1/530
f 969/1/538 982/1/558 988/1/561 973/1/539
f 973/1/545 988/1/567 984/1/566 970/1/542
f 983/1/562 977/1/554 980/1/557 987/1/563
f 987/1/569 980/1/551 976/1/550 984/1/566
f 1003/1/594 975/1/546 981/1/549 1006/1/595
f 1006/1/601 981/1/555 977/1/554 1004/1/598
f 982/1/558 1010/1/606 1016/1/609 985/1/559
f 985/1/565 1016/1/615 1012/1/614 983/1/562
f 1011/1/610 1005/1/602 1008/1/605 1015/1/611
f 1015/1/617 1008/1/599 1004/1/598 1012/1/614
f 989/1/570 1003/1/594 1009/1/597 992/1/571
f 992/1/577 1009/1/603 1005/1/602 990/1/574
f 1010/1/606 996/1/582 1002/1/585 1013/1/607
f 1013/1/613 1002/1/591 998/1/590 1011/1/610
f 997/1/586 991/1/578 994/1/581 1001/1/587
f 1001/1/593 994/1/575 990/1/574 998/1/590
f 961/1/522 989/1/570 995/1/573 964/1/523
f 964/1/529 995/1/579 991/1/578 962/1/526
f 996/1/582 969/1/538 971/1/541 999/1/583
f 999/1/589 971/1/535 968/1/534 997/1/586
f 975/1/546 1003/1/594 989/1/570 961/1/522
f 963/1/530 970/1/542 984/1/566 976/1/550
f 991/1/578 997/1/586 968/1/534 962/1/526
f 1010/1/606 982/1/558 969/1/538 996/1/582
f 977/1/554 983/1/562 1012/1/614 1004/1/598
f 1005/1/602 1011/1/610 998/1/590 990/1/574
f 1073/1/621 1076/1/622 1077/1/623 1079/1/624
f 1074/1/625 1078/1/626 1077/1/627 1076/1/628
f 1075/1/629 1079/1/630 1077/1/631 1078/1/632
f 1080/1/633 1083/1/634 1084/1/717 1086/1/636
f 1081/1/637 1085/1/638 1084/1/639 1083/1/640
f 1082/1/641 1086/1/642 1084/1/643 1085/1/644
f 1087/1/645 1090/1/646 1091/1/647 1093/1/648
f 1088/1/649 1092/1/650 1091/1/651 1090/1/652
f 1089/1/653 1093/1/654 1091/1/655 1092/1/656
f 1094/1/657 1097/1/658 1098/1/659 1100/1/660
f 1095/1/661 1099/1/662 1098/1/718 1097/1/664
f 1096/1/665 1100/1/666 1098/1/667 1099/1/668
f 1101/1/669 1104/1/670 1105/1/671 1107/1/672
f 1102/1/673 1106/1/674 1105/1/675 1104/1/676
f 1103/1/677 1107/1/678 1105/1/719 1106/1/680
f 1108/1/681 1111/1/682 1112/1/683 1114/1/684
f 1109/1/685 1113/1/686 1112/1/687 1111/1/688
f 1110/1/689 1114/1/690 1112/1/691 1113/1/692
f 1115/1/693 1118/1/694 1119/1/695 1121/1/696
f 1116/1/697 1120/1/698 1119/1/699 1118/1/700
f 1117/1/701 1121/1/702 1119/1/703 1120/1/704
f 1122/1/705 1125/1/706 1126/1/707 1128/1/708
f 1123/1/709 1127/1/710 1126/1/711 1125/1/712
f 1124/1/713 1128/1/714 1126/1/715 1127/1/716
f 1087/1/645 1073/1/621 1079/1/624 1090/1/646
f 1090/1/652 1079/1/630 1075/1/629 1088/1/649
f 1074/1/625 1080/1/633 1086/1/636 1078/1/626
f 1078/1/632 1086/1/642 1082/1/641 1075/1/629
f 1081/1/637 1094/1/657 1100/1/660 1085/1/638
f 1085/1/644 1100/1/666 1096/1/665 1082/1/641
f 1095/1/661 1089/1/653 1092/1/656 1099/1/662
f 1099/1/668 1092/1/650 1088/1/649 1096/1/665
f 1115/1/693 1087/1/645 1093/1/648 1118/1/694
f 1118/1/700 1093/1/654 1089/1/653 1116/1/697
f 1094/1/657 1122/1/705 1128/1/708 1097/1/658
f 1097/1/664 1128/1/714 1124/1/713 1095/1/661
f 1123/1/709 1117/1/701 1120/1/704 1127/1/710
f 1127/1/716 1120/1/698 1116/1/697 1124/1/713
f 1101/1/669 1115/1/693 1121/1/696 1104/1/670
f 1104/1/676 1121/1/702 1117/1/701 1102/1/673
f 1122/1/705 1108/1/681 1114/1/684 1125/1/706
f 1125/1/712 1114/1/690 1110/1/689 1123/1/709
f 1109/1/685 1103/1/677 1106/1/680 1113/1/686
f 1113/1/692 1106/1/674 1102/1/673 1110/1/689
f 1073/1/621 1101/1/669 1107/1/672 1076/1/622
f 1076/1/628 1107/1/678 1103/1/677 1074/1/625
f 1108/1/681 1081/1/637 1083/1/640 1111/1/682
f 1111/1/688 1083/1/634 1080/1/633 1109/1/685
f 1087/1/645 1115/1/693 1101/1/669 1073/1/621
f 1075/1/629 1082/1/641 1096/1/665 1088/1/649
f 1103/1/677 1109/1/685 1080/1/633 1074/1/625
f 1122/1/705 1094/1/657 1081/1/637 1108/1/681
f 1089/1/653 1095/1/661 1124/1/713 1116/1/697
f 1117/1/701 1123/1/709 1110/1/689 1102/1/673
usemtl dress
f 241/1/1 244/1/2 245/1/3 247/1/4
f 242/1/5 246/1/6 245/1/7 244/1/8
f 243/1/9 247/1/10 245/1/11 246/1/12
f 248/1/13 251/1/14 252/1/15 254/1/16
f 249/1/17 253/1/18 252/1/19 251/1/20
f 250/1/21 254/1/22 252/1/23 253/1/24
f 255/1/25 258/1/26 259/1/27 261/1/28
f 256/1/29 260/1/30 259/1/31 258/1/32
f 257/1/33 261/1/34 259/1/35 260/1/36
f 262/1/37 265/1/38 266/1/39 268/1/40
f 263/1/41 267/1/42 266/1/43 265/1/44
f 264/1/45 268/1/46 266/1/47 267/1/48
f 269/1/49 272/1/50 273/1/51 275/1/52
f 270/1/53 274/1/54 273/1/55 272/1/56
f 271/1/57 275/1/58 273/1/59 274/1/60
f 276/1/61 279/1/62 280/1/63 282/1/64
f 277/1/65 281/1/66 280/1/67 279/1/68
f 278/1/69 282/1/70 280/1/71 281/1/72
f 283/1/73 286/1/74 287/1/75 289/1/76
f 284/1/77 288/1/78 287/1/79 286/1/80
f 285/1/81 289/1/82 287/1/83 288/1/84
f 290/1/85 293/1/86 294/1/87 296/1/88
f 291/1/89 295/1/90 294/1/91 293/1/92
f 292/1/93 296/1/94 294/1/95 295/1/96
f 255/1/25 241/1/1 247/1/4 258/1/26
f 258/1/32 247/1/10 243/1/9 256/1/29
f 242/1/5 248/1/13 254/1/16 246/1/6
f 246/1/12 254/1/22 250/1/21 243/1/9
f 249/1/17 262/1/37 268/1/40 253/1/18
f 253/1/24 268/1/46 264/1/45 250/1/21
f 263/1/41 257/1/33 260/1/36 267/1/42
f 267/1/48 260/1/30 256/1/29 264/1/45
f 283/1/73 255/1/25 261/1/28 286/1/74
f 286/1/80 261/1/34 257/1/33 284/1/77
f 262/1/37 290/1/85 296/1/88 265/1/38
f 265/1/44 296/1/94 292/1/93 263/1/41
f 291/1/89 285/1/81 288/1/84 295/1/90
f 295/1/96 288/1/78 284/1/77 292/1/93
f 269/1/49 283/1/73 289/1/76 272/1/50
f 272/1/56 289/1/82 285/1/81 270/1/53
f 290/1/85 276/1/61 282/1/64 293/1/86
f 293/1/92 282/1/70 278/1/69 291/1/89
f 277/1/65 271/1/57 274/1/60 281/1/66
f 281/1/72 274/1/54 270/1/53 278/1/69
f 241/1/1 269/1/49 275/1/52 244/1/2
f 244/1/8 275/1/58 271/1/57 242/1/5
f 276/1/61 249/1/17 251/1/20 279/1/62
f 279/1/68 251/1/14 248/1/13 277/1/65
f 255/1/25 283/1/73 269/1/49 241/1/1
f 243/1/9 250/1/21 264/1/45 256/1/29
f 271/1/57 277/1/65 248/1/13 242/1/5
f 290/1/85 262/1/37 249/1/17 276/1/61
f 257/1/33 263/1/41 292/1/93 284/1/77
f 285/1/81 291/1/89 278/1/69 270/1/53
f 683/1/101 685/1/101 684/1/101
f 683/1/101 686/1/101 685/1/101
f 683/1/101 687/1/101 686/1/101
f 683/1/101 688/1/101 687/1/101
f 683/1/101 689/1/101 688/1/101
f 683/1/101 690/1/101 689/1/101
f 683/1/101 691/1/101 690/1/101
f 683/1/101 692/1/101 691/1/101
f 683/1/101 693/1/101 692/1/101
f 683/1/101 694/1/101 693/1/101
f 683/1/101 695/1/101 694/1/101
f 683/1/101 696/1/101 695/1/101
f 683/1/101 697/1/101 696/1/101
f 683/1/101 698/1/101 697/1/101
f 683/1/101 699/1/101 698/1/101
f 683/1/101 700/1/101 699/1/101
f 683/1/101 701/1/101 700/1/101
f 683/1/101 702/1/101 701/1/101
f 683/1/101 703/1/101 702/1/101
f 683/1/101 684/1/101 703/1/101
f 684/1/380 685/1/381 705/1/382 704/1/383
f 685/1/381 686/1/384 706/1/385 705/1/382
f 686/1/384 687/1/386 707/1/387 706/1/385
f 687/1/386 688/1/388 708/1/389 707/1/387
f 688/1/388 689/1/390 709/1/391 708/1/389
f 689/1/390 690/1/392 710/1/393 709/1/391
f 690/1/392 691/1/394 711/1/395 710/1/393
f 691/1/394 692/1/396 712/1/397 711/1/395
f 692/1/396 693/1/398 713/1/399 712/1/397
f 693/1/398 694/1/400 714/1/401 713/1/399
f 694/1/400 695/1/402 715/1/403 714/1/401
f 695/1/402 696/1/404 716/1/405 715/1/403
f 696/1/404 697/1/406 717/1/407 716/1/405
f 697/1/406 698/1/408 718/1/409 717/1/407
f 698/1/408 699/1/410 719/1/411 718/1/409
f 699/1/410 700/1/412 720/1/413 719/1/411
f 700/1/412 701/1/414 721/1/415 720/1/413
f 701/1/414 702/1/416 722/1/417 721/1/415
f 702/1/416 703/1/418 723/1/419 722/1/417
f 703/1/418 684/1/380 704/1/383 723/1/419
f 704/1/383 705/1/382 725/1/420 724/1/421
f 705/1/382 706/1/385 726/1/422 725/1/420
f 706/1/385 707/1/387 727/1/423 726/1/422
f 707/1/387 708/1/389 728/1/424 727/1/423
f 708/1/389 709/1/391 729/1/425 728/1/424
f 709/1/391 710/1/393 730/1/426 729/1/425
f 710/1/393 711/1/395 731/1/427 730/1/426
f 711/1/395 712/1/397 732/1/428 731/1/427
f 712/1/397 713/1/399 733/1/429 732/1/428
f 713/1/399 714/1/401 734/1/430 733/1/429
f 714/1/401 715/1/403 735/1/431 734/1/430
f 715/1/403 716/1/405 736/1/432 735/1/431
f 716/1/405 717/1/407 737/1/433 736/1/432
f 717/1/407 718/1/409 738/1/434 737/1/433
f 718/1/409 719/1/411 739/1/435 738/1/434
f 719/1/411 720/1/413 740/1/436 739/1/435
f 720/1/413 721/1/415 741/1/437 740/1/436
f 721/1/415 722/1/417 742/1/438 741/1/437
f 722/1/417 723/1/419 743/1/439 742/1/438
f 723/1/419 704/1/383 724/1/421 743/1/439
f 724/1/102 725/1/102 744/1/102
f 725/1/102 726/1/102 744/1/102
f 726/1/102 727/1/102 744/1/102
f 727/1/102 728/1/102 744/1/102
f 728/1/102 729/1/102 744/1/102
f 729/1/102 730/1/102 744/1/102
f 730/1/102 731/1/102 744/1/102
f 731/1/102 732/1/102 744/1/102
f 732/1/102 733/1/102 744/1/102
f 733/1/102 734/1/102 744/1/102
f 734/1/102 735/1/102 744/1/102
f 735/1/102 736/1/102 744/1/102
f 736/1/102 737/1/102 744/1/102
f 737/1/102 738/1/102 744/1/102
f 738/1/102 739/1/102 744/1/102
f 739/1/102 740/1/102 744/1/102
f 740/1/102 741/1/102 744/1/102
f 741/1/102 742/1/102 744/1/102
f 742/1/102 743/1/102 744/1/102
f 743/1/102 724/1/102 744/1/102
f 905/1/522 908/1/523 909/1/524 911/1/525
f 906/1/526 910/1/527 909/1/528 908/1/529
f 907/1/530 911/1/531 909/1/532 910/1/533
f 912/1/534 915/1/535 916/1/536 918/1/537
f 913/1/538 917/1/539 916/1/540 915/1/541
f 914/1/542 918/1/543 916/1/544 917/1/545
f 919/1/546 922/1/547 923/1/548 925/1/549
f 920/1/550 924/1/551 923/1/552 922/1/553
f 921/1/554 925/1/555 923/1/556 924/1/557
f 926/1/558 929/1/559 930/1/560 932/1/561
f 927/1/562 931/1/563 930/1/564 929/1/565
f 928/1/566 932/1/567 930/1/568 931/1/569
f 933/1/570 936/1/571 937/1/572 939/1/573
f 934/1/574 938/1/575 937/1/576 936/1/577
f 935/1/578 939/1/579 937/1/580 938/1/581
f 940/1/582 943/1/583 944/1/584 946/1/585
f 941/1/586 945/1/587 944/1/588 943/1/589
f 942/1/590 946/1/591 944/1/592 945/1/593
f 947/1/594 950/1/595 951/1/596 953/1/597
f 948/1/598 952/1/599 951/1/600 950/1/601
f 949/1/602 953/1/603 951/1/604 952/1/605
f 954/1/606 957/1/607 958/1/608 960/1/609
f 955/1/610 959/1/611 958/1/612 957/1/613
f 956/1/614 960/1/615 958/1/616 959/1/617
f 919/1/546 905/1/522 911/1/525 922/1/547
f 922/1/553 911/1/531 907/1/530 920/1/550
f 906/1/526 912/1/534 918/1/537 910/1/527
f 910/1/533 918/1/543 914/1/542 907/1/530
f 913/1/538 926/1/558 932/1/561 917/1/539
f 917/1/545 932/1/567 928/1/566 914/1/542
f 927/1/562 921/1/554 924/1/557 931/1/563
f 931/1/569 924/1/551 920/1/550 928/1/566
f 947/1/594 919/1/546 925/1/549 950/1/595
f 950/1/601 925/1/555 921/1/554 948/1/598
f 926/1/558 954/1/606 960/1/609 929/1/559
f 929/1/565 960/1/615 956/1/614 927/1/562
f 955/1/610 949/1/602 952/1/605 959/1/611
f 959/1/617 952/1/599 948/1/598 956/1/614
f 933/1/570 947/1/594 953/1/597 936/1/571
f 936/1/577 953/1/603 949/1/602 934/1/574
f 954/1/606 940/1/582 946/1/585 957/1/607
f 957/1/613 946/1/591 942/1/590 955/1/610
f 941/1/586 935/1/578 938/1/581 945/1/587
f 945/1/593 938/1/575 934/1/574 942/1/590
f 905/1/522 933/1/570 939/1/573 908/1/523
f 908/1/529 939/1/579 935/1/578 906/1/526
f 940/1/582 913/1/538 915/1/541 943/1/583
f 943/1/589 915/1/535 912/1/534 941/1/586
f 919/1/546 947/1/594 933/1/570 905/1/522
f 907/1/530 914/1/542 928/1/566 920/1/550
f 935/1/578 941/1/586 912/1/534 906/1/526
f 954/1/606 926/1/558 913/1/538 940/1/582
f 921/1/554 927/1/562 956/1/614 948/1/598
f 949/1/602 955/1/610 942/1/590 934/1/574
f 1017/1/621 1020/1/622 1021/1/623 1023/1/624
f 1018/1/625 1022/1/626 1021/1/627 1020/1/628
f 1019/1/629 1023/1/630 1021/1/631 1022/1/632
f 1024/1/633 1027/1/634 1028/1/635 1030/1/636
f 1025/1/637 1029/1/638 1028/1/639 1027/1/640
f 1026/1/641 1030/1/642 1028/1/643 1029/1/644
f 1031/1/645 1034/1/646 1035/1/647 1037/1/648
f 1032/1/649 1036/1/650 1035/1/651 1034/1/652
f 1033/1/653 1037/1/654 1035/1/655 1036/1/656
f 1038/1/657 1041/1/658 1042/1/659 1044/1/660
f 1039/1/661 1043/1/662 1042/1/663 1041/1/664
f 1040/1/665 1044/1/666 1042/1/667 1043/1/668
f 1045/1/669 1048/1/670 1049/1/671 1051/1/672
f 1046/1/673 1050/1/674 1049/1/675 1048/1/676
f 1047/1/677 1051/1/678 1049/1/679 1050/1/680
f 1052/1/681 1055/1/682 1056/1/683 1058/1/684
f 1053/1/685 1057/1/686 1056/1/687 1055/1/688
f 1054/1/689 1058/1/690 1056/1/691 1057/1/692
f 1059/1/693 1062/1/694 1063/1/695 1065/1/696
f 1060/1/697 1064/1/698 1063/1/699 1062/1/700
f 1061/1/701 1065/1/702 1063/1/703 1064/1/704
f 1066/1/705 1069/1/706 1070/1/707 1072/1/708
f 1067/1/709 1071/1/710 1070/1/711 1069/1/712
f 1068/1/713 1072/1/714 1070/1/715 1071/1/716
f 1031/1/645 1017/1/621 1023/1/624 1034/1/646
f 1034/1/652 1023/1/630 1019/1/629 1032/1/649
f 1018/1/625 1024/1/633 1030/1/636 1022/1/626
f 1022/1/632 1030/1/642 1026/1/641 1019/1/629
f 1025/1/637 1038/1/657 1044/1/660 1029/1/638
f 1029/1/644 1044/1/666 1040/1/665 1026/1/641
f 1039/1/661 1033/1/653 1036/1/656 1043/1/662
f 1043/1/668 1036/1/650 1032/1/649 1040/1/665
f 1059/1/693 1031/1/645 1037/1/648 1062/1/694
f 1062/1/700 1037/1/654 1033/1/653 1060/1/697
f 1038/1/657 1066/1/705 1072/1/708 1041/1/658
f 1041/1/664 1072/1/714 1068/1/713 1039/1/661
f 1067/1/709 1061/1/701 1064/1/704 1071/1/710
f 1071/1/716 1064/1/698 1060/1/697 1068/1/713
f 1045/1/669 1059/1/693 1065/1/696 1048/1/670
f 1048/1/676 1065/1/702 1061/1/701 1046/1/673
f 1066/1/705 1052/1/681 1058/1/684 1069/1/706
f 1069/1/712 1058/1/690 1054/1/689 1067/1/709
f 1053/1/685 1047/1/677 1050/1/680 1057/1/686
f 1057/1/692 1050/1/674 1046/1/673 1054/1/689
f 1017/1/621 1045/1/669 1051/1/672 1020/1/622
f 1020/1/628 1051/1/678 1047/1/677 1018/1/625
f 1052/1/681 1025/1/637 1027/1/640 1055/1/682
f 1055/1/688 1027/1/634 1024/1/633 1053/1/685
f 1031/1/645 1059/1/693 1045/1/669 1017/1/621
f 1019/1/629 1026/1/641 1040/1/665 1032/1/649
f 1047/1/677 1053/1/685 1024/1/633 1018/1/625
f 1066/1/705 1038/1/657 1025/1/637 1052/1/681
f 1033/1/653 1039/1/661 1068/1/713 1060/1/697
f 1061/1/701 1067/1/709 1054/1/689 1046/1/673
usemtl black
f 465/1/207 464/1/208 419/1/209 420/1/210
f 468/1/211 467/1/212 422/1/213 423/1/214
f 466/1/98 465/1/207 420/1/210 421/1/215
f 464/1/208 417/1/102 419/1/209
f 418/1/101 468/1/211 423/1/214
f 467/1/212 466/1/98 421/1/215 422/1/213
f 423/1/214 422/1/213 427/1/216 428/1/217
f 421/1/215 420/1/210 425/1/218 426/1/219
f 419/1/209 417/1/102 424/1/220
f 418/1/101 423/1/214 428/1/217
f 422/1/213 421/1/215 426/1/219 427/1/216
f 420/1/210 419/1/209 424/1/220 425/1/218
f 428/1/217 427/1/221 432/1/221 433/1/222
f 426/1/99 425/1/223 430/1/223 431/1/99
f 424/1/220 417/1/102 429/1/224
f 418/1/101 428/1/217 433/1/222
f 427/1/221 426/1/99 431/1/99 432/1/221
f 425/1/223 424/1/220 429/1/224 430/1/223
f 431/1/225 430/1/226 435/1/227 436/1/228
f 429/1/224 417/1/102 434/1/229
f 418/1/101 433/1/222 438/1/230
f 432/1/231 431/1/225 436/1/228 437/1/232
f 430/1/226 429/1/224 434/1/229 435/1/227
f 433/1/222 432/1/231 437/1/232 438/1/230
f 434/1/229 417/1/102 439/1/233
f 418/1/101 438/1/230 443/1/234
f 437/1/232 436/1/228 441/1/100 442/1/235
f 435/1/227 434/1/229 439/1/233 440/1/236
f 438/1/230 437/1/232 442/1/235 443/1/234
f 436/1/228 435/1/227 440/1/236 441/1/100
f 418/1/101 443/1/234 448/1/237
f 442/1/235 441/1/100 446/1/238 447/1/239
f 440/1/236 439/1/233 444/1/240 445/1/241
f 443/1/234 442/1/235 447/1/239 448/1/237
f 441/1/100 440/1/236 445/1/241 446/1/238
f 439/1/233 417/1/102 444/1/240
f 418/1/101 448/1/237 453/1/242
f 447/1/239 446/1/238 451/1/243 452/1/244
f 445/1/241 444/1/240 449/1/245 450/1/246
f 448/1/237 447/1/239 452/1/244 453/1/242
f 446/1/238 445/1/241 450/1/246 451/1/243
f 444/1/240 417/1/102 449/1/245
f 418/1/101 453/1/242 458/1/247
f 452/1/248 451/1/97 456/1/97 457/1/248
f 450/1/249 449/1/245 454/1/250 455/1/249
f 453/1/242 452/1/248 457/1/248 458/1/247
f 451/1/97 450/1/249 455/1/249 456/1/97
f 449/1/245 417/1/102 454/1/250
f 457/1/251 456/1/252 461/1/253 462/1/254
f 455/1/255 454/1/250 459/1/256 460/1/257
f 458/1/247 457/1/251 462/1/254 463/1/258
f 456/1/252 455/1/255 460/1/257 461/1/253
f 454/1/250 417/1/102 459/1/256
f 418/1/101 458/1/247 463/1/258
f 460/1/257 459/1/256 464/1/208 465/1/207
f 463/1/258 462/1/254 467/1/212 468/1/211
f 461/1/253 460/1/257 465/1/207 466/1/98
f 459/1/256 417/1/102 464/1/208
f 418/1/101 463/1/258 468/1/211
f 462/1/254 461/1/253 466/1/98 467/1/212
f 537/1/207 536/1/208 491/1/209 492/1/210
f 540/1/211 539/1/212 494/1/213 495/1/214
f 538/1/98 537/1/207 492/1/210 493/1/215
f 536/1/208 489/1/102 491/1/209
f 490/1/101 540/1/211 495/1/214
f 539/1/212 538/1/98 493/1/215 494/1/213
f 495/1/214 494/1/213 499/1/283 500/1/217
f 493/1/215 492/1/210 497/1/218 498/1/219
f 491/1/209 489/1/102 496/1/220
f 490/1/101 495/1/214 500/1/217
f 494/1/213 493/1/215 498/1/219 499/1/283
f 492/1/210 491/1/209 496/1/220 497/1/218
f 500/1/217 499/1/221 504/1/221 505/1/222
f 498/1/99 497/1/223 502/1/223 503/1/99
f 496/1/220 489/1/102 501/1/224
f 490/1/101 500/1/217 505/1/222
f 499/1/221 498/1/99 503/1/99 504/1/221
f 497/1/223 496/1/220 501/1/224 502/1/223
f 503/1/225 502/1/226 507/1/227 508/1/228
f 501/1/224 489/1/102 506/1/229
f 490/1/101 505/1/222 510/1/230
f 504/1/231 503/1/225 508/1/228 509/1/232
f 502/1/226 501/1/224 506/1/229 507/1/227
f 505/1/222 504/1/231 509/1/232 510/1/230
f 506/1/229 489/1/102 511/1/233
f 490/1/101 510/1/230 515/1/234
f 509/1/232 508/1/228 513/1/100 514/1/235
f 507/1/227 506/1/229 511/1/233 512/1/236
f 510/1/230 509/1/232 514/1/235 515/1/234
f 508/1/228 507/1/227 512/1/236 513/1/100
f 490/1/101 515/1/234 520/1/237
f 514/1/235 513/1/100 518/1/238 519/1/239
f 512/1/236 511/1/233 516/1/240 517/1/241
f 515/1/234 514/1/235 519/1/239 520/1/237
f 513/1/100 512/1/236 517/1/241 518/1/238
f 511/1/233 489/1/102 516/1/240
f 490/1/101 520/1/237 525/1/242
f 519/1/239 518/1/238 523/1/243 524/1/244
f 517/1/241 516/1/240 521/1/245 522/1/246
f 520/1/237 519/1/239 524/1/244 525/1/242
f 518/1/238 517/1/241 522/1/246 523/1/243
f 516/1/240 489/1/102 521/1/245
f 490/1/101 525/1/242 530/1/247
f 524/1/248 523/1/97 528/1/97 529/1/248
f 522/1/249 521/1/245 526/1/250 527/1/249
f 525/1/242 524/1/248 529/1/248 530/1/247
f 523/1/97 522/1/249 527/1/249 528/1/97
f 521/1/245 489/1/102 526/1/250
f 529/1/251 528/1/252 533/1/253 534/1/254
f 527/1/255 526/1/250 531/1/256 532/1/257
f 530/1/247 529/1/251 534/1/254 535/1/258
f 528/1/252 527/1/255 532/1/257 533/1/253
f 526/1/250 489/1/102 531/1/256
f 490/1/101 530/1/247 535/1/258
f 532/1/257 531/1/256 536/1/208 537/1/207
f 535/1/258 534/1/254 539/1/212 540/1/211
f 533/1/253 532/1/257 537/1/207 538/1/98
f 531/1/256 489/1/102 536/1/208
f 490/1/101 535/1/258 540/1/211
f 534/1/254 533/1/253 538/1/98 539/1/212
usemtl white_e0.3
f 471/1/103 470/1/259 474/1/259 475/1/103
f 472/1/260 471/1/103 475/1/103 476/1/260
f 470/1/261 469/1/102 474/1/262
f 473/1/101 472/1/263 476/1/264
f 476/1/265 475/1/99 478/1/99 479/1/265
f 474/1/262 469/1/102 477/1/266
f 473/1/101 476/1/264 479/1/267
f 475/1/99 474/1/268 477/1/268 478/1/99
f 479/1/269 478/1/106 481/1/106 482/1/269
f 477/1/266 469/1/102 480/1/270
f 473/1/101 479/1/267 482/1/271
f 478/1/106 477/1/272 480/1/272 481/1/106
f 481/1/107 480/1/273 483/1/273 484/1/107
f 482/1/274 481/1/107 484/1/107 485/1/274
f 480/1/270 469/1/102 483/1/275
f 473/1/101 482/1/271 485/1/276
f 473/1/101 485/1/276 488/1/277
f 484/1/97 483/1/278 486/1/278 487/1/97
f 485/1/279 484/1/97 487/1/97 488/1/279
f 483/1/275 469/1/102 486/1/280
f 473/1/101 488/1/277 472/1/263
f 487/1/110 486/1/281 470/1/281 471/1/110
f 488/1/282 487/1/110 471/1/110 472/1/282
f 486/1/280 469/1/102 470/1/261
f 543/1/103 542/1/259 546/1/259 547/1/103
f 544/1/284 543/1/103 547/1/103 548/1/284
f 542/1/261 541/1/102 546/1/262
f 545/1/101 544/1/263 548/1/264
f 548/1/265 547/1/99 550/1/99 551/1/265
f 546/1/262 541/1/102 549/1/266
f 545/1/101 548/1/264 551/1/267
f 547/1/99 546/1/268 549/1/268 550/1/99
f 551/1/269 550/1/106 553/1/106 554/1/269
f 549/1/266 541/1/102 552/1/270
f 545/1/101 551/1/267 554/1/271
f 550/1/106 549/1/272 552/1/272 553/1/106
f 553/1/107 552/1/273 555/1/273 556/1/107
f 554/1/274 553/1/107 556/1/107 557/1/274
f 552/1/270 541/1/102 555/1/275
f 545/1/101 554/1/271 557/1/276
f 545/1/101 557/1/276 560/1/277
f 556/1/97 555/1/285 558/1/285 559/1/97
f 557/1/279 556/1/97 559/1/97 560/1/279
f 555/1/275 541/1/102 558/1/280
f 545/1/101 560/1/277 544/1/263
f 559/1/110 558/1/281 542/1/281 543/1/110
f 560/1/282 559/1/110 543/1/110 544/1/282
f 558/1/280 541/1/102 542/1/261
usemtl sausage_dark
f 566/2/286 564/3/286 565/4/286
f 566/2/286 563/5/286 564/3/286
f 561/1/286 563/5/286 566/2/286
f 561/1/286 562/6/286 563/5/286
f 569/5/287 571/4/287 570/3/287
f 569/5/287 572/2/287 571/4/287
f 568/6/287 572/2/287 569/5/287
f 568/6/287 567/1/287 572/2/287
f 567/7/288 573/8/289 578/9/289 572/10/288
f 568/11/290 574/12/291 573/13/291 567/1/290
f 569/14/292 575/15/293 574/12/293 568/11/292
f 570/16/294 576/17/295 575/15/295 569/14/294
f 571/18/296 577/19/297 576/17/297 570/16/296
f 572/10/298 578/9/299 577/19/299 571/18/298
f 573/8/289 579/20/300 584/21/301 578/9/289
f 574/12/291 580/22/302 579/23/302 573/13/291
f 575/15/293 581/24/303 580/22/304 574/12/293
f 576/17/295 582/25/305 581/24/305 575/15/295
f 577/19/297 583/26/306 582/25/306 576/17/297
f 578/9/299 584/21/307 583/26/307 577/19/299
f 579/20/300 585/27/308 590/28/308 584/21/301
f 580/22/302 586/29/309 585/30/309 579/23/302
f 581/24/303 587/31/310 586/29/310 580/22/304
f 582/25/305 588/32/311 587/31/311 581/24/305
f 583/26/306 589/33/312 588/32/312 582/25/306
f 584/21/307 590/28/313 589/33/313 583/26/307
f 585/27/308 591/34/314 596/35/314 590/28/308
f 586/29/309 592/36/102 591/37/102 585/30/309
f 587/31/310 593/38/315 592/36/315 586/29/310
f 588/32/311 594/39/316 593/38/316 587/31/311
f 589/33/312 595/40/101 594/39/101 588/32/312
f 590/28/313 596/35/317 595/40/317 589/33/313
f 591/34/314 597/41/318 602/42/318 596/35/314
f 592/36/102 598/43/319 597/44/319 591/37/102
f 593/38/315 599/45/320 598/43/320 592/36/315
f 594/39/316 600/46/321 599/45/321 593/38/316
f 595/40/101 601/47/322 600/46/322 594/39/101
f 596/35/317 602/42/323 601/47/323 595/40/317
f 597/41/318 603/48/324 608/49/325 602/42/318
f 598/43/319 604/50/326 603/51/326 597/44/319
f 599/45/320 605/52/327 604/50/328 598/43/320
f 600/46/321 606/53/329 605/52/329 599/45/321
f 601/47/322 607/54/330 606/53/330 600/46/322
f 602/42/323 608/49/331 607/54/331 601/47/323
f 603/48/324 609/55/332 614/56/332 608/49/325
f 604/50/326 610/57/333 609/58/333 603/51/326
f 605/52/327 611/59/334 610/57/334 604/50/328
f 606/53/329 612/60/335 611/59/335 605/52/329
f 607/54/330 613/61/336 612/60/336 606/53/330
f 608/49/331 614/56/337 613/61/337 607/54/331
f 609/55/332 561/62/338 566/63/338 614/56/332
f 610/57/333 562/64/339 561/2/339 609/58/333
f 611/59/334 563/65/340 562/64/340 610/57/334
f 612/60/335 564/66/341 563/65/341 611/59/335
f 613/61/336 565/67/342 564/66/342 612/60/336
f 614/56/337 566/63/343 565/67/343 613/61/337
usemtl pink
f 617/1/98 616/1/344 620/1/345 621/1/346
f 618/1/347 617/1/98 621/1/346 622/1/348
f 616/1/344 615/1/102 620/1/345
f 619/1/101 618/1/347 622/1/348
f 622/1/348 621/1/346 624/1/349 625/1/349
f 620/1/345 615/1/102 623/1/350
f 619/1/101 622/1/348 625/1/351
f 621/1/346 620/1/345 623/1/352 624/1/352
f 625/1/353 624/1/353 627/1/354 628/1/355
f 623/1/350 615/1/102 626/1/356
f 619/1/101 625/1/351 628/1/355
f 624/1/357 623/1/357 626/1/356 627/1/354
f 627/1/354 626/1/356 629/1/358 630/1/100
f 628/1/355 627/1/354 630/1/100 631/1/359
f 626/1/356 615/1/102 629/1/358
f 619/1/101 628/1/355 631/1/359
f 619/1/101 631/1/359 634/1/360
f 630/1/100 629/1/358 632/1/361 633/1/362
f 631/1/359 630/1/100 633/1/362 634/1/360
f 629/1/358 615/1/102 632/1/361
f 619/1/101 634/1/360 637/1/363
f 633/1/362 632/1/361 635/1/364 636/1/364
f 634/1/360 633/1/362 636/1/365 637/1/365
f 632/1/361 615/1/102 635/1/366
f 619/1/101 637/1/363 640/1/367
f 636/1/368 635/1/368 638/1/369 639/1/370
f 637/1/371 636/1/371 639/1/370 640/1/367
f 635/1/366 615/1/102 638/1/369
f 619/1/101 640/1/367 618/1/347
f 639/1/370 638/1/369 616/1/344 617/1/98
f 640/1/367 639/1/370 617/1/98 618/1/347
f 638/1/369 615/1/102 616/1/344
f 651/1/98 650/1/344 654/1/345 655/1/346
f 652/1/347 651/1/98 655/1/346 656/1/348
f 650/1/344 649/1/102 654/1/345
f 653/1/101 652/1/347 656/1/348
f 656/1/348 655/1/346 658/1/349 659/1/349
f 654/1/345 649/1/102 657/1/350
f 653/1/101 656/1/348 659/1/351
f 655/1/346 654/1/345 657/1/352 658/1/352
f 659/1/353 658/1/353 661/1/354 662/1/355
f 657/1/350 649/1/102 660/1/356
f 653/1/101 659/1/351 662/1/355
f 658/1/357 657/1/357 660/1/356 661/1/354
f 661/1/354 660/1/356 663/1/358 664/1/100
f 662/1/355 661/1/354 664/1/100 665/1/359
f 660/1/356 649/1/102 663/1/358
f 653/1/101 662/1/355 665/1/359
f 653/1/101 665/1/359 668/1/360
f 664/1/100 663/1/358 666/1/361 667/1/362
f 665/1/359 664/1/100 667/1/362 668/1/360
f 663/1/358 649/1/102 666/1/361
f 653/1/101 668/1/360 671/1/363
f 667/1/362 666/1/361 669/1/364 670/1/364
f 668/1/360 667/1/362 670/1/365 671/1/365
f 666/1/361 649/1/102 669/1/366
f 653/1/101 671/1/363 674/1/367
f 670/1/368 669/1/368 672/1/369 673/1/370
f 671/1/371 670/1/371 673/1/370 674/1/367
f 669/1/366 649/1/102 672/1/369
f 653/1/101 674/1/367 652/1/347
f 673/1/370 672/1/369 650/1/344 651/1/98
f 674/1/367 673/1/370 651/1/98 652/1/347
f 672/1/369 649/1/102 650/1/344
usemtl hair_dark
f 641/1/372 642/1/372 644/1/372 643/1/372
f 643/1/98 644/1/98 648/1/98 647/1/98
f 647/1/373 648/1/373 646/1/373 645/1/373
f 645/1/100 646/1/100 642/1/100 641/1/100
f 643/1/374 647/1/374 645/1/374 641/1/374
f 648/1/375 644/1/375 642/1/375 646/1/375
f 675/1/376 676/1/376 678/1/376 677/1/376
f 677/1/98 678/1/98 682/1/98 681/1/98
f 681/1/377 682/1/377 680/1/377 679/1/377
f 679/1/100 680/1/100 676/1/100 675/1/100
f 677/1/378 681/1/378 679/1/378 675/1/378
f 682/1/379 678/1/379 676/1/379 680/1/379
f 1241/1/720 1240/1/721 1135/1/722 1136/1/723
f 1133/1/724 1242/1/725 1140/1/726 1141/1/727
f 1132/1/728 1131/1/98 1138/1/729 1139/1/730
f 1130/1/731 1241/1/720 1136/1/723 1137/1/732
f 1240/1/721 1129/1/102 1135/1/722
f 1134/1/101 1133/1/724 1141/1/727
f 1242/1/725 1132/1/728 1139/1/730 1140/1/726
f 1131/1/98 1130/1/731 1137/1/732 1138/1/729
f 1139/1/730 1138/1/729 1145/1/733 1146/1/734
f 1137/1/732 1136/1/723 1143/1/735 1144/1/736
f 1135/1/722 1129/1/102 1142/1/737
f 1134/1/101 1141/1/727 1148/1/738
f 1140/1/726 1139/1/730 1146/1/734 1147/1/739
f 1138/1/729 1137/1/732 1144/1/736 1145/1/733
f 1136/1/723 1135/1/722 1142/1/737 1143/1/735
f 1141/1/727 1140/1/726 1147/1/739 1148/1/738
f 1134/1/101 1148/1/738 1155/1/740
f 1147/1/739 1146/1/734 1153/1/741 1154/1/742
f 1145/1/733 1144/1/736 1151/1/743 1152/1/744
f 1143/1/735 1142/1/737 1149/1/745 1150/1/746
f 1148/1/738 1147/1/739 1154/1/742 1155/1/740
f 1146/1/734 1145/1/733 1152/1/744 1153/1/741
f 1144/1/736 1143/1/735 1150/1/746 1151/1/743
f 1142/1/737 1129/1/102 1149/1/745
f 1152/1/744 1151/1/743 1158/1/747 1159/1/99
f 1150/1/746 1149/1/745 1156/1/748 1157/1/749
f 1155/1/740 1154/1/742 1161/1/750 1162/1/751
f 1153/1/741 1152/1/744 1159/1/99 1160/1/752
f 1151/1/743 1150/1/746 1157/1/749 1158/1/747
f 1149/1/745 1129/1/102 1156/1/748
f 1134/1/101 1155/1/740 1162/1/751
f 1154/1/742 1153/1/741 1160/1/752 1161/1/750
f 1162/1/751 1161/1/750 1168/1/753 1169/1/754
f 1160/1/752 1159/1/99 1166/1/755 1167/1/756
f 1158/1/747 1157/1/749 1164/1/757 1165/1/758
f 1156/1/748 1129/1/102 1163/1/759
f 1134/1/101 1162/1/751 1169/1/754
f 1161/1/750 1160/1/752 1167/1/756 1168/1/753
f 1159/1/99 1158/1/747 1165/1/758 1166/1/755
f 1157/1/749 1156/1/748 1163/1/759 1164/1/757
f 1165/1/758 1164/1/757 1171/1/760 1172/1/761
f 1163/1/759 1129/1/102 1170/1/762
f 1134/1/101 1169/1/754 1176/1/763
f 1168/1/753 1167/1/756 1174/1/764 1175/1/765
f 1166/1/755 1165/1/758 1172/1/761 1173/1/766
f 1164/1/757 1163/1/759 1170/1/762 1171/1/760
f 1169/1/754 1168/1/753 1175/1/765 1176/1/763
f 1167/1/756 1166/1/755 1173/1/766 1174/1/764
f 1134/1/101 1176/1/763 1183/1/767
f 1175/1/765 1174/1/764 1181/1/768 1182/1/769
f 1173/1/766 1172/1/761 1179/1/770 1180/1/771
f 1171/1/760 1170/1/762 1177/1/772 1178/1/773
f 1176/1/763 1175/1/765 1182/1/769 1183/1/767
f 1174/1/764 1173/1/766 1180/1/771 1181/1/768
f 1172/1/761 1171/1/760 1178/1/773 1179/1/770
f 1170/1/762 1129/1/102 1177/1/772
f 1178/1/773 1177/1/772 1184/1/774 1185/1/775
f 1183/1/767 1182/1/769 1189/1/776 1190/1/777
f 1181/1/768 1180/1/771 1187/1/100 1188/1/778
f 1179/1/770 1178/1/773 1185/1/775 1186/1/779
f 1177/1/772 1129/1/102 1184/1/774
f 1134/1/101 1183/1/767 1190/1/777
f 1182/1/769 1181/1/768 1188/1/778 1189/1/776
f 1180/1/771 1179/1/770 1186/1/779 1187/1/100
f 1190/1/777 1189/1/776 1196/1/780 1197/1/781
f 1188/1/778 1187/1/100 1194/1/782 1195/1/783
f 1186/1/779 1185/1/775 1192/1/784 1193/1/785
f 1184/1/774 1129/1/102 1191/1/786
f 1134/1/101 1190/1/777 1197/1/781
f 1189/1/776 1188/1/778 1195/1/783 1196/1/780
f 1187/1/100 1186/1/779 1193/1/785 1194/1/782
f 1185/1/775 1184/1/774 1191/1/786 1192/1/784
f 1191/1/786 1129/1/102 1198/1/787
f 1134/1/101 1197/1/781 1204/1/788
f 1196/1/780 1195/1/783 1202/1/789 1203/1/790
f 1194/1/782 1193/1/785 1200/1/791 1201/1/792
f 1192/1/784 1191/1/786 1198/1/787 1199/1/793
f 1197/1/781 1196/1/780 1203/1/790 1204/1/788
f 1195/1/783 1194/1/782 1201/1/792 1202/1/789
f 1193/1/785 1192/1/784 1199/1/793 1200/1/791
f 1203/1/790 1202/1/789 1209/1/794 1210/1/795
f 1201/1/792 1200/1/791 1207/1/796 1208/1/797
f 1199/1/793 1198/1/787 1205/1/798 1206/1/799
f 1204/1/788 1203/1/790 1210/1/795 1211/1/800
f 1202/1/789 1201/1/792 1208/1/797 1209/1/794
f 1200/1/791 1199/1/793 1206/1/799 1207/1/796
f 1198/1/787 1129/1/102 1205/1/798
f 1134/1/101 1204/1/788 1211/1/800
f 1211/1/800 1210/1/795 1217/1/801 1218/1/802
f 1209/1/794 1208/1/797 1215/1/97 1216/1/803
f 1207/1/796 1206/1/799 1213/1/804 1214/1/805
f 1205/1/798 1129/1/102 1212/1/806
f 1134/1/101 1211/1/800 1218/1/802
f 1210/1/795 1209/1/794 1216/1/803 1217/1/801
f 1208/1/797 1207/1/796 1214/1/805 1215/1/97
f 1206/1/799 1205/1/798 1212/1/806 1213/1/804
f 1216/1/803 1215/1/97 1222/1/807 1223/1/808
f 1214/1/805 1213/1/804 1220/1/809 1221/1/810
f 1212/1/806 1129/1/102 1219/1/811
f 1134/1/101 1218/1/802 1225/1/812
f 1217/1/801 1216/1/803 1223/1/808 1224/1/813
f 1215/1/97 1214/1/805 1221/1/810 1222/1/807
f 1213/1/804 1212/1/806 1219/1/811 1220/1/809
f 1218/1/802 1217/1/801 1224/1/813 1225/1/812
f 1134/1/101 1225/1/812 1232/1/814
f 1224/1/813 1223/1/808 1230/1/815 1231/1/816
f 1222/1/807 1221/1/810 1228/1/817 1229/1/818
f 1220/1/809 1219/1/811 1226/1/819 1227/1/820
f 1225/1/812 1224/1/813 1231/1/816 1232/1/814
f 1223/1/808 1222/1/807 1229/1/818 1230/1/815
f 1221/1/810 1220/1/809 1227/1/820 1228/1/817
f 1219/1/811 1129/1/102 1226/1/819
f 1229/1/818 1228/1/817 1235/1/821 1236/1/822
f 1227/1/820 1226/1/819 1233/1/823 1234/1/824
f 1232/1/814 1231/1/816 1238/1/825 1239/1/826
f 1230/1/815 1229/1/818 1236/1/822 1237/1/827
f 1228/1/817 1227/1/820 1234/1/824 1235/1/821
f 1226/1/819 1129/1/102 1233/1/823
f 1134/1/101 1232/1/814 1239/1/826
f 1231/1/816 1230/1/815 1237/1/827 1238/1/825
f 1239/1/826 1238/1/825 1242/1/725 1133/1/724
f 1237/1/827 1236/1/822 1131/1/98 1132/1/728
f 1235/1/821 1234/1/824 1241/1/720 1130/1/731
f 1233/1/823 1129/1/102 1240/1/721
f 1134/1/101 1239/1/826 1133/1/724
f 1238/1/825 1237/1/827 1132/1/728 1242/1/725
f 1236/1/822 1235/1/821 1130/1/731 1131/1/98
f 1234/1/824 1233/1/823 1240/1/721 1241/1/720
f 1243/1/1 1246/1/2 1247/1/3 1249/1/4
f 1244/1/5 1248/1/6 1247/1/7 1246/1/8
f 1245/1/9 1249/1/10 1247/1/11 1248/1/12
f 1250/1/13 1253/1/14 1254/1/15 1256/1/16
f 1251/1/17 1255/1/18 1254/1/19 1253/1/20
f 1252/1/21 1256/1/22 1254/1/23 1255/1/24
f 1257/1/25 1260/1/26 1261/1/27 1263/1/28
f 1258/1/29 1262/1/30 1261/1/31 1260/1/32
f 1259/1/33 1263/1/34 1261/1/35 1262/1/36
f 1264/1/37 1267/1/38 1268/1/39 1270/1/40
f 1265/1/41 1269/1/42 1268/1/43 1267/1/44
f 1266/1/45 1270/1/46 1268/1/47 1269/1/48
f 1271/1/49 1274/1/50 1275/1/51 1277/1/52
f 1272/1/53 1276/1/54 1275/1/55 1274/1/56
f 1273/1/57 1277/1/58 1275/1/59 1276/1/60
f 1278/1/61 1281/1/62 1282/1/63 1284/1/64
f 1279/1/65 1283/1/66 1282/1/67 1281/1/68
f 1280/1/69 1284/1/70 1282/1/71 1283/1/72
f 1285/1/73 1288/1/74 1289/1/75 1291/1/76
f 1286/1/77 1290/1/78 1289/1/79 1288/1/80
f 1287/1/81 1291/1/82 1289/1/83 1290/1/84
f 1292/1/85 1295/1/86 1296/1/87 1298/1/88
f 1293/1/89 1297/1/90 1296/1/91 1295/1/92
f 1294/1/93 1298/1/94 1296/1/95 1297/1/96
f 1257/1/25 1243/1/1 1249/1/4 1260/1/26
f 1260/1/32 1249/1/10 1245/1/9 1258/1/29
f 1244/1/5 1250/1/13 1256/1/16 1248/1/6
f 1248/1/12 1256/1/22 1252/1/21 1245/1/9
f 1251/1/17 1264/1/37 1270/1/40 1255/1/18
f 1255/1/24 1270/1/46 1266/1/45 1252/1/21
f 1265/1/41 1259/1/33 1262/1/36 1269/1/42
f 1269/1/48 1262/1/30 1258/1/29 1266/1/45
f 1285/1/73 1257/1/25 1263/1/28 1288/1/74
f 1288/1/80 1263/1/34 1259/1/33 1286/1/77
f 1264/1/37 1292/1/85 1298/1/88 1267/1/38
f 1267/1/44 1298/1/94 1294/1/93 1265/1/41
f 1293/1/89 1287/1/81 1290/1/84 1297/1/90
f 1297/1/96 1290/1/78 1286/1/77 1294/1/93
f 1271/1/49 1285/1/73 1291/1/76 1274/1/50
f 1274/1/56 1291/1/82 1287/1/81 1272/1/53
f 1292/1/85 1278/1/61 1284/1/64 1295/1/86
f 1295/1/92 1284/1/70 1280/1/69 1293/1/89
f 1279/1/65 1273/1/57 1276/1/60 1283/1/66
f 1283/1/72 1276/1/54 1272/1/53 1280/1/69
f 1243/1/1 1271/1/49 1277/1/52 1246/1/2
f 1246/1/8 1277/1/58 1273/1/57 1244/1/5
f 1278/1/61 1251/1/17 1253/1/20 1281/1/62
f 1281/1/68 1253/1/14 1250/1/13 1279/1/65
f 1257/1/25 1285/1/73 1271/1/49 1243/1/1
f 1245/1/9 1252/1/21 1266/1/45 1258/1/29
f 1273/1/57 1279/1/65 1250/1/13 1244/1/5
f 1292/1/85 1264/1/37 1251/1/17 1278/1/61
f 1259/1/33 1265/1/41 1294/1/93 1286/1/77
f 1287/1/81 1293/1/89 1280/1/69 1272/1/53
f 1299/1/828 1300/1/829 1301/1/830
f 1302/1/831 1303/1/832 1304/1/833
f 1305/1/834 1306/1/835 1307/1/836
f 1308/1/837 1309/1/838 1310/1/839
f 1311/1/840 1312/1/841 1313/1/842
f 1314/1/843 1315/1/844 1316/1/845
f 1317/1/846 1318/1/847 1319/1/848
f 1320/1/849 1321/1/850 1322/1/851
f 1305/1/834 1299/1/828 1301/1/830 1306/1/835
f 1300/1/829 1302/1/831 1304/1/833 1301/1/830
f 1303/1/832 1308/1/837 1310/1/839 1304/1/833
f 1309/1/838 1307/1/836 1306/1/835 1310/1/839
f 1317/1/846 1305/1/834 1307/1/836 1318/1/847
f 1308/1/837 1320/1/849 1322/1/851 1309/1/838
f 1321/1/850 1319/1/848 1318/1/847 1322/1/851
f 1311/1/840 1317/1/846 1319/1/848 1312/1/841
f 1320/1/849 1314/1/843 1316/1/845 1321/1/850
f 1315/1/844 1313/1/842 1312/1/841 1316/1/845
f 1299/1/828 1311/1/840 1313/1/842 1300/1/829
f 1314/1/843 1303/1/832 1302/1/831 1315/1/844
f 1305/1/101 1317/1/101 1311/1/101 1299/1/101
f 1301/1/97 1304/1/97 1310/1/97 1306/1/97
f 1313/1/100 1315/1/100 1302/1/100 1300/1/100
f 1320/1/102 1308/1/102 1303/1/102 1314/1/102
f 1307/1/98 1309/1/98 1322/1/98 1318/1/98
f 1319/1/99 1321/1/99 1316/1/99 1312/1/99
f 1323/1/828 1324/1/829 1325/1/830
f 1326/1/831 1327/1/832 1328/1/833
f 1329/1/834 1330/1/835 1331/1/836
f 1332/1/837 1333/1/838 1334/1/839
f 1335/1/840 1336/1/841 1337/1/842
f 1338/1/843 1339/1/844 1340/1/845
f 1341/1/846 1342/1/847 1343/1/848
f 1344/1/849 1345/1/850 1346/1/851
f 1329/1/834 1323/1/828 1325/1/830 1330/1/835
f 1324/1/829 1326/1/831 1328/1/833 1325/1/830
f 1327/1/832 1332/1/837 1334/1/839 1328/1/833
f 1333/1/838 1331/1/836 1330/1/835 1334/1/839
f 1341/1/846 1329/1/834 1331/1/836 1342/1/847
f 1332/1/837 1344/1/849 1346/1/851 1333/1/838
f 1345/1/850 1343/1/848 1342/1/847 1346/1/851
f 1335/1/840 1341/1/846 1343/1/848 1336/1/841
f 1344/1/849 1338/1/843 1340/1/845 1345/1/850
f 1339/1/844 1337/1/842 1336/1/841 1340/1/845
f 1323/1/828 1335/1/840 1337/1/842 1324/1/829
f 1338/1/843 1327/1/832 1326/1/831 1339/1/844
f 1329/1/101 1341/1/101 1335/1/101 1323/1/101
f 1325/1/97 1328/1/97 1334/1/97 1330/1/97
f 1337/1/100 1339/1/100 1326/1/100 1324/1/100
f 1344/1/102 1332/1/102 1327/1/102 1338/1/102
f 1331/1/98 1333/1/98 1346/1/98 1342/1/98
f 1343/1/99 1345/1/99 1340/1/99 1336/1/99
usemtl cream
f 745/1/440 746/1/441 766/1/442 765/1/440
f 746/1/441 747/1/443 767/1/444 766/1/442
f 747/1/443 748/1/445 768/1/446 767/1/444
f 748/1/445 749/1/447 769/1/448 768/1/446
f 749/1/447 750/1/449 770/1/449 769/1/448
f 750/1/449 751/1/450 771/1/451 770/1/449
f 751/1/450 752/1/452 772/1/453 771/1/451
f 752/1/452 753/1/454 773/1/455 772/1/453
f 753/1/454 754/1/456 774/1/457 773/1/455
f 754/1/456 755/1/458 775/1/458 774/1/457
f 755/1/458 756/1/459 776/1/460 775/1/458
f 756/1/459 757/1/461 777/1/462 776/1/460
f 757/1/461 758/1/463 778/1/464 777/1/462
f 758/1/463 759/1/465 779/1/466 778/1/464
f 759/1/465 760/1/467 780/1/467 779/1/466
f 760/1/467 761/1/468 781/1/469 780/1/467
f 761/1/468 762/1/470 782/1/471 781/1/469
f 762/1/470 763/1/472 783/1/473 782/1/471
f 763/1/472 764/1/474 784/1/475 783/1/473
f 764/1/474 745/1/440 765/1/440 784/1/475
f 765/1/458 766/1/459 786/1/460 785/1/458
f 766/1/459 767/1/461 787/1/462 786/1/460
f 767/1/461 768/1/476 788/1/464 787/1/462
f 768/1/476 769/1/465 789/1/466 788/1/464
f 769/1/465 770/1/467 790/1/467 789/1/466
f 770/1/467 771/1/468 791/1/469 790/1/467
f 771/1/468 772/1/470 792/1/471 791/1/469
f 772/1/470 773/1/472 793/1/473 792/1/471
f 773/1/472 774/1/474 794/1/475 793/1/473
f 774/1/474 775/1/440 795/1/440 794/1/475
f 775/1/440 776/1/441 796/1/442 795/1/440
f 776/1/441 777/1/443 797/1/444 796/1/442
f 777/1/443 778/1/477 798/1/446 797/1/444
f 778/1/477 779/1/447 799/1/448 798/1/446
f 779/1/447 780/1/449 800/1/449 799/1/448
f 780/1/449 781/1/450 801/1/451 800/1/449
f 781/1/450 782/1/478 802/1/453 801/1/451
f 782/1/478 783/1/454 803/1/455 802/1/453
f 783/1/454 784/1/456 804/1/457 803/1/455
f 784/1/456 765/1/458 785/1/458 804/1/457
f 785/1/479 786/1/480 806/1/481 805/1/479
f 786/1/480 787/1/482 807/1/483 806/1/481
f 787/1/482 788/1/484 808/1/485 807/1/483
f 788/1/484 789/1/486 809/1/487 808/1/485
f 789/1/486 790/1/488 810/1/488 809/1/487
f 790/1/488 791/1/489 811/1/490 810/1/488
f 791/1/489 792/1/491 812/1/492 811/1/490
f 792/1/491 793/1/493 813/1/494 812/1/492
f 793/1/493 794/1/495 814/1/496 813/1/494
f 794/1/495 795/1/497 815/1/497 814/1/496
f 795/1/497 796/1/498 816/1/499 815/1/497
f 796/1/498 797/1/500 817/1/501 816/1/499
f 797/1/500 798/1/502 818/1/503 817/1/501
f 798/1/502 799/1/504 819/1/505 818/1/503
f 799/1/504 800/1/506 820/1/506 819/1/505
f 800/1/506 801/1/507 821/1/508 820/1/506
f 801/1/507 802/1/509 822/1/510 821/1/508
f 802/1/509 803/1/511 823/1/512 822/1/510
f 803/1/511 804/1/513 824/1/514 823/1/512
f 804/1/513 785/1/479 805/1/479 824/1/514
f 805/1/497 806/1/498 746/1/499 745/1/497
f 806/1/498 807/1/500 747/1/501 746/1/499
f 807/1/500 808/1/502 748/1/503 747/1/501
f 808/1/502 809/1/504 749/1/505 748/1/503
f 809/1/504 810/1/506 750/1/506 749/1/505
f 810/1/506 811/1/507 751/1/508 750/1/506
f 811/1/507 812/1/509 752/1/515 751/1/508
f 812/1/509 813/1/511 753/1/512 752/1/515
f 813/1/511 814/1/513 754/1/514 753/1/512
f 814/1/513 815/1/479 755/1/479 754/1/514
f 815/1/479 816/1/480 756/1/481 755/1/479
f 816/1/480 817/1/482 757/1/483 756/1/481
f 817/1/482 818/1/484 758/1/516 757/1/483
f 818/1/484 819/1/486 759/1/487 758/1/516
f 819/1/486 820/1/488 760/1/488 759/1/487
f 820/1/488 821/1/489 761/1/490 760/1/488
f 821/1/489 822/1/491 762/1/492 761/1/490
f 822/1/491 823/1/493 763/1/494 762/1/492
f 823/1/493 824/1/495 764/1/496 763/1/494
f 824/1/495 805/1/497 745/1/497 764/1/496
f 827/1/103 826/1/517 830/1/517 831/1/103
f 828/1/284 827/1/103 831/1/103 832/1/284
f 826/1/261 825/1/102 830/1/262
f 829/1/101 828/1/263 832/1/264
f 832/1/518 831/1/99 834/1/99 835/1/518
f 830/1/262 825/1/102 833/1/266
f 829/1/101 832/1/264 835/1/267
f 831/1/99 830/1/519 833/1/519 834/1/99
f 835/1/269 834/1/106 837/1/106 838/1/269
f 833/1/266 825/1/102 836/1/270
f 829/1/101 835/1/267 838/1/271
f 834/1/106 833/1/272 836/1/272 837/1/106
f 837/1/107 836/1/273 839/1/273 840/1/107
f 838/1/274 837/1/107 840/1/107 841/1/274
f 836/1/270 825/1/102 839/1/275
f 829/1/101 838/1/271 841/1/276
f 829/1/101 841/1/276 844/1/277
f 840/1/97 839/1/285 842/1/285 843/1/97
f 841/1/279 840/1/97 843/1/97 844/1/279
f 839/1/275 825/1/102 842/1/280
f 829/1/101 844/1/277 828/1/263
f 843/1/110 842/1/520 826/1/520 827/1/110
f 844/1/521 843/1/110 827/1/110 828/1/521
f 842/1/280 825/1/102 826/1/261
f 847/1/103 846/1/517 850/1/517 851/1/103
f 848/1/284 847/1/103 851/1/103 852/1/284
f 846/1/261 845/1/102 850/1/262
f 849/1/101 848/1/263 852/1/264
f 852/1/518 851/1/99 854/1/99 855/1/518
f 850/1/262 845/1/102 853/1/266
f 849/1/101 852/1/264 855/1/267
f 851/1/99 850/1/519 853/1/519 854/1/99
f 855/1/269 854/1/106 857/1/106 858/1/269
f 853/1/266 845/1/102 856/1/270
f 849/1/101 855/1/267 858/1/271
f 854/1/106 853/1/272 856/1/272 857/1/106
f 857/1/107 856/1/273 859/1/273 860/1/107
f 858/1/274 857/1/107 860/1/107 861/1/274
f 856/1/270 845/1/102 859/1/275
f 849/1/101 858/1/271 861/1/276
f 849/1/101 861/1/276 864/1/277
f 860/1/97 859/1/285 862/1/285 863/1/97
f 861/1/279 860/1/97 863/1/97 864/1/279
f 859/1/275 845/1/102 862/1/280
f 849/1/101 864/1/277 848/1/263
f 863/1/110 862/1/520 846/1/520 847/1/110
f 864/1/521 863/1/110 847/1/110 848/1/521
f 862/1/280 845/1/102 846/1/261
f 867/1/103 866/1/517 870/1/517 871/1/103
f 868/1/284 867/1/103 871/1/103 872/1/284
f 866/1/261 865/1/102 870/1/262
f 869/1/101 868/1/263 872/1/264
f 872/1/518 871/1/99 874/1/99 875/1/518
f 870/1/262 865/1/102 873/1/266
f 869/1/101 872/1/264 875/1/267
f 871/1/99 870/1/519 873/1/519 874/1/99
f 875/1/269 874/1/106 877/1/106 878/1/269
f 873/1/266 865/1/102 876/1/270
f 869/1/101 875/1/267 878/1/271
f 874/1/106 873/1/272 876/1/272 877/1/106
f 877/1/107 876/1/273 879/1/273 880/1/107
f 878/1/274 877/1/107 880/1/107 881/1/274
f 876/1/270 865/1/102 879/1/275
f 869/1/101 878/1/271 881/1/276
f 869/1/101 881/1/276 884/1/277
f 880/1/97 879/1/285 882/1/285 883/1/97
f 881/1/279 880/1/97 883/1/97 884/1/279
f 879/1/275 865/1/102 882/1/280
f 869/1/101 884/1/277 868/1/263
f 883/1/110 882/1/520 866/1/520 867/1/110
f 884/1/521 883/1/110 867/1/110 868/1/521
f 882/1/280 865/1/102 866/1/261
f 887/1/103 886/1/517 890/1/517 891/1/103
f 888/1/284 887/1/103 891/1/103 892/1/284
f 886/1/261 885/1/102 890/1/262
f 889/1/101 888/1/263 892/1/264
f 892/1/518 891/1/99 894/1/99 895/1/518
f 890/1/262 885/1/102 893/1/266
f 889/1/101 892/1/264 895/1/267
f 891/1/99 890/1/519 893/1/519 894/1/99
f 895/1/269 894/1/106 897/1/106 898/1/269
f 893/1/266 885/1/102 896/1/270
f 889/1/101 895/1/267 898/1/271
f 894/1/106 893/1/272 896/1/272 897/1/106
f 897/1/107 896/1/273 899/1/273 900/1/107
f 898/1/274 897/1/107 900/1/107 901/1/274
f 896/1/270 885/1/102 899/1/275
f 889/1/101 898/1/271 901/1/276
f 889/1/101 901/1/276 904/1/277
f 900/1/97 899/1/285 902/1/285 903/1/97
f 901/1/279 900/1/97 903/1/97 904/1/279
f 899/1/275 885/1/102 902/1/280
f 889/1/101 904/1/277 888/1/263
f 903/1/110 902/1/520 886/1/520 887/1/110
f 904/1/521 903/1/110 887/1/110 888/1/521
f 902/1/280 885/1/102 886/1/261
f 1403/1/828 1404/1/829 1405/1/830
f 1406/1/831 1407/1/832 1408/1/833
f 1409/1/834 1410/1/835 1411/1/836
f 1412/1/837 1413/1/838 1414/1/839
f 1415/1/840 1416/1/841 1417/1/842
f 1418/1/843 1419/1/844 1420/1/845
f 1421/1/846 1422/1/847 1423/1/848
f 1424/1/849 1425/1/850 1426/1/851
f 1409/1/834 1403/1/828 1405/1/830 1410/1/835
f 1404/1/829 1406/1/831 1408/1/833 1405/1/830
f 1407/1/832 1412/1/837 1414/1/839 1408/1/833
f 1413/1/838 1411/1/836 1410/1/835 1414/1/839
f 1421/1/846 1409/1/834 1411/1/836 1422/1/847
f 1412/1/837 1424/1/849 1426/1/851 1413/1/838
f 1425/1/850 1423/1/848 1422/1/847 1426/1/851
f 1415/1/840 1421/1/846 1423/1/848 1416/1/841
f 1424/1/849 1418/1/843 1420/1/845 1425/1/850
f 1419/1/844 1417/1/842 1416/1/841 1420/1/845
f 1403/1/828 1415/1/840 1417/1/842 1404/1/829
f 1418/1/843 1407/1/832 1406/1/831 1419/1/844
f 1409/1/101 1421/1/101 1415/1/101 1403/1/101
f 1405/1/97 1408/1/97 1414/1/97 1410/1/97
f 1417/1/100 1419/1/100 1406/1/100 1404/1/100
f 1424/1/102 1412/1/102 1407/1/102 1418/1/102
f 1411/1/98 1413/1/98 1426/1/98 1422/1/98
f 1423/1/99 1425/1/99 1420/1/99 1416/1/99
usemtl ketchup
f 1401/1/872 1400/1/872 1379/1/873 1380/1/873
f 1402/1/874 1401/1/874 1380/1/875 1381/1/875
f 1400/1/876 1377/1/100 1379/1/877
f 1378/1/98 1402/1/878 1381/1/879
f 1381/1/875 1380/1/875 1383/1/880 1384/1/880
f 1379/1/877 1377/1/100 1382/1/881
f 1378/1/98 1381/1/879 1384/1/882
f 1380/1/873 1379/1/873 1382/1/883 1383/1/883
f 1384/1/880 1383/1/880 1386/1/884 1387/1/884
f 1382/1/881 1377/1/100 1385/1/885
f 1378/1/98 1384/1/882 1387/1/886
f 1383/1/883 1382/1/883 1385/1/887 1386/1/887
f 1386/1/887 1385/1/887 1388/1/888 1389/1/888
f 1387/1/884 1386/1/884 1389/1/889 1390/1/889
f 1385/1/885 1377/1/100 1388/1/890
f 1378/1/98 1387/1/886 1390/1/891
f 1378/1/98 1390/1/891 1393/1/892
f 1389/1/888 1388/1/888 1391/1/893 1392/1/893
f 1390/1/889 1389/1/889 1392/1/894 1393/1/894
f 1388/1/890 1377/1/100 1391/1/895
f 1378/1/98 1393/1/892 1396/1/896
f 1392/1/893 1391/1/893 1394/1/897 1395/1/897
f 1393/1/894 1392/1/894 1395/1/898 1396/1/898
f 1391/1/895 1377/1/100 1394/1/899
f 1378/1/98 1396/1/896 1399/1/900
f 1395/1/897 1394/1/897 1397/1/901 1398/1/901
f 1396/1/898 1395/1/898 1398/1/902 1399/1/902
f 1394/1/899 1377/1/100 1397/1/903
f 1378/1/98 1399/1/900 1402/1/878
f 1398/1/901 1397/1/901 1400/1/872 1401/1/872
f 1399/1/902 1398/1/902 1401/1/874 1402/1/874
f 1397/1/903 1377/1/100 1400/1/876
f 1427/1/828 1428/1/829 1429/1/830
f 1430/1/831 1431/1/832 1432/1/833
f 1433/1/834 1434/1/835 1435/1/836
f 1436/1/837 1437/1/838 1438/1/839
f 1439/1/840 1440/1/841 1441/1/842
f 1442/1/843 1443/1/844 1444/1/845
f 1445/1/846 1446/1/847 1447/1/848
f 1448/1/849 1449/1/850 1450/1/851
f 1433/1/834 1427/1/828 1429/1/830 1434/1/835
f 1428/1/829 1430/1/831 1432/1/833 1429/1/830
f 1431/1/832 1436/1/837 1438/1/839 1432/1/833
f 1437/1/838 1435/1/836 1434/1/835 1438/1/839
f 1445/1/846 1433/1/834 1435/1/836 1446/1/847
f 1436/1/837 1448/1/849 1450/1/851 1437/1/838
f 1449/1/850 1447/1/848 1446/1/847 1450/1/851
f 1439/1/840 1445/1/846 1447/1/848 1440/1/841
f 1448/1/849 1442/1/843 1444/1/845 1449/1/850
f 1443/1/844 1441/1/842 1440/1/841 1444/1/845
f 1427/1/828 1439/1/840 1441/1/842 1428/1/829
f 1442/1/843 1431/1/832 1430/1/831 1443/1/844
f 1433/1/101 1445/1/101 1439/1/101 1427/1/101
f 1429/1/97 1432/1/97 1438/1/97 1434/1/97
f 1441/1/100 1443/1/100 1430/1/100 1428/1/100
f 1448/1/102 1436/1/102 1431/1/102 1442/1/102
f 1435/1/98 1437/1/98 1450/1/98 1446/1/98
f 1447/1/99 1449/1/99 1444/1/99 1440/1/99
f 1455/4/904 1453/5/904 1454/3/904
f 1456/2/904 1453/5/904 1455/4/904
f 1456/2/904 1452/6/904 1453/5/904
f 1451/1/904 1452/6/904 1456/2/904
f 1459/5/905 1461/4/905 1460/3/905
f 1459/5/905 1462/2/905 1461/4/905
f 1458/6/905 1462/2/905 1459/5/905
f 1458/6/905 1457/1/905 1462/2/905
f 1457/7/906 1463/34/907 1468/35/907 1462/10/906
f 1458/11/908 1464/36/909 1463/37/909 1457/1/908
f 1459/14/910 1465/38/911 1464/36/911 1458/11/910
f 1460/16/912 1466/39/913 1465/38/913 1459/14/912
f 1461/18/914 1467/40/915 1466/39/915 1460/16/914
f 1462/10/916 1468/35/917 1467/40/917 1461/18/916
f 1463/34/907 1451/62/918 1456/63/918 1468/35/907
f 1464/36/909 1452/64/919 1451/2/919 1463/37/909
f 1465/38/911 1453/65/920 1452/64/920 1464/36/911
f 1466/39/913 1454/66/921 1453/65/921 1465/38/913
f 1467/40/915 1455/67/922 1454/66/922 1466/39/915
f 1468/35/917 1456/63/923 1455/67/923 1467/40/917
