# Blender 5.0.1
# www.blender.org
mtllib DepotBuilding.mtl
o DepotBuilding
v -17.440001 0.000000 6.735000 0.8117 0.7921 0.7529
v -17.440001 0.060000 6.795000 0.8117 0.7921 0.7529
v -17.500000 0.060000 6.735000 0.8117 0.7921 0.7529
v -17.440001 0.340000 6.795000 0.8117 0.7921 0.7529
v -17.440001 0.400000 6.735000 0.8117 0.7921 0.7529
v -17.500000 0.340000 6.735000 0.8117 0.7921 0.7529
v -17.440001 0.000000 -9.645000 0.8117 0.7921 0.7529
v -17.500000 0.060000 -9.645000 0.8117 0.7921 0.7529
v -17.440001 0.060000 -9.705000 0.8117 0.7921 0.7529
v -17.440001 0.400000 -9.645000 0.8117 0.7921 0.7529
v -17.440001 0.340000 -9.705000 0.8117 0.7921 0.7529
v -17.500000 0.340000 -9.645000 0.8117 0.7921 0.7529
v 17.440001 0.000000 6.735000 0.8117 0.7921 0.7529
v 17.500000 0.060000 6.735000 0.8117 0.7921 0.7529
v 17.440001 0.060000 6.795000 0.8117 0.7921 0.7529
v 17.440001 0.400000 6.735000 0.8117 0.7921 0.7529
v 17.440001 0.340000 6.795000 0.8117 0.7921 0.7529
v 17.500000 0.340000 6.735000 0.8117 0.7921 0.7529
v 17.440001 0.000000 -9.645000 0.8117 0.7921 0.7529
v 17.440001 0.060000 -9.705000 0.8117 0.7921 0.7529
v 17.500000 0.060000 -9.645000 0.8117 0.7921 0.7529
v 17.440001 0.400000 -9.645000 0.8117 0.7921 0.7529
v 17.500000 0.340000 -9.645000 0.8117 0.7921 0.7529
v 17.440001 0.340000 -9.705000 0.8117 0.7921 0.7529
v -16.879999 0.400000 6.175000 0.2471 0.7137 0.7882
v -16.879999 0.520000 6.295000 0.2471 0.7137 0.7882
v -17.000000 0.520000 6.175000 0.2471 0.7137 0.7882
v -16.879999 0.435147 6.259853 0.2471 0.7137 0.7882
v -16.949282 0.450718 6.244282 0.2471 0.7137 0.7882
v -16.964853 0.520000 6.259853 0.2471 0.7137 0.7882
v -16.964853 0.435147 6.175000 0.2471 0.7137 0.7882
v -16.879999 11.280000 6.295000 0.2471 0.7137 0.7882
v -16.879999 11.400001 6.175000 0.2471 0.7137 0.7882
v -17.000000 11.280000 6.175000 0.2471 0.7137 0.7882
v -16.879999 11.364853 6.259853 0.2471 0.7137 0.7882
v -16.949282 11.349282 6.244282 0.2471 0.7137 0.7882
v -16.964853 11.364853 6.175000 0.2471 0.7137 0.7882
v -16.964853 11.280000 6.259853 0.2471 0.7137 0.7882
v -16.879999 0.400000 -9.085000 0.2471 0.7137 0.7882
v -17.000000 0.520000 -9.085000 0.2471 0.7137 0.7882
v -16.879999 0.520000 -9.205000 0.2471 0.7137 0.7882
v -16.964851 0.435147 -9.085000 0.2471 0.7137 0.7882
v -16.949280 0.450718 -9.154282 0.2471 0.7137 0.7882
v -16.964851 0.520000 -9.169853 0.2471 0.7137 0.7882
v -16.879997 0.435147 -9.169853 0.2471 0.7137 0.7882
v -16.879999 11.400001 -9.085000 0.2471 0.7137 0.7882
v -16.879999 11.280000 -9.205000 0.2471 0.7137 0.7882
v -17.000000 11.280000 -9.085000 0.2471 0.7137 0.7882
v -16.879999 11.364853 -9.169853 0.2471 0.7137 0.7882
v -16.949282 11.349282 -9.154282 0.2471 0.7137 0.7882
v -16.964853 11.280000 -9.169853 0.2471 0.7137 0.7882
v -16.964853 11.364853 -9.085000 0.2471 0.7137 0.7882
v 16.879999 0.400000 6.175000 0.2471 0.7137 0.7882
v 17.000000 0.520000 6.175000 0.2471 0.7137 0.7882
v 16.879999 0.520000 6.295000 0.2471 0.7137 0.7882
v 16.964851 0.435147 6.175000 0.2471 0.7137 0.7882
v 16.949280 0.450718 6.244282 0.2471 0.7137 0.7882
v 16.964851 0.520000 6.259853 0.2471 0.7137 0.7882
v 16.879997 0.435147 6.259853 0.2471 0.7137 0.7882
v 16.879999 11.400001 6.175000 0.2471 0.7137 0.7882
v 16.879999 11.280000 6.295000 0.2471 0.7137 0.7882
v 17.000000 11.280000 6.175000 0.2471 0.7137 0.7882
v 16.879999 11.364853 6.259853 0.2471 0.7137 0.7882
v 16.949282 11.349282 6.244282 0.2471 0.7137 0.7882
v 16.964853 11.280000 6.259853 0.2471 0.7137 0.7882
v 16.964853 11.364853 6.175000 0.2471 0.7137 0.7882
v 16.879999 0.400000 -9.085000 0.2471 0.7137 0.7882
v 16.879999 0.520000 -9.205000 0.2471 0.7137 0.7882
v 17.000000 0.520000 -9.085000 0.2471 0.7137 0.7882
v 16.879999 0.435147 -9.169853 0.2471 0.7137 0.7882
v 16.949282 0.450718 -9.154282 0.2471 0.7137 0.7882
v 16.964853 0.520000 -9.169853 0.2471 0.7137 0.7882
v 16.964853 0.435147 -9.085000 0.2471 0.7137 0.7882
v 16.879999 11.400001 -9.085000 0.2471 0.7137 0.7882
v 17.000000 11.280000 -9.085000 0.2471 0.7137 0.7882
v 16.879999 11.280000 -9.205000 0.2471 0.7137 0.7882
v 16.964851 11.364853 -9.085000 0.2471 0.7137 0.7882
v 16.949280 11.349282 -9.154282 0.2471 0.7137 0.7882
v 16.964851 11.280000 -9.169853 0.2471 0.7137 0.7882
v 16.879997 11.364853 -9.169853 0.2471 0.7137 0.7882
v -17.029999 8.625000 6.325000 0.8470 0.2275 0.1804
v -17.029999 8.665000 6.365000 0.8470 0.2275 0.1804
v -17.070000 8.665000 6.325000 0.8470 0.2275 0.1804
v -17.029999 9.335000 6.365000 0.8470 0.2275 0.1804
v -17.029999 9.375000 6.325000 0.8470 0.2275 0.1804
v -17.070000 9.335000 6.325000 0.8470 0.2275 0.1804
v -17.029999 8.625000 -9.235001 0.8470 0.2275 0.1804
v -17.070000 8.665000 -9.235001 0.8470 0.2275 0.1804
v -17.029999 8.665000 -9.275000 0.8470 0.2275 0.1804
v -17.029999 9.375000 -9.235001 0.8470 0.2275 0.1804
v -17.029999 9.335000 -9.275000 0.8470 0.2275 0.1804
v -17.070000 9.335000 -9.235001 0.8470 0.2275 0.1804
v 17.029999 8.625000 6.325000 0.8470 0.2275 0.1804
v 17.070000 8.665000 6.325000 0.8470 0.2275 0.1804
v 17.029999 8.665000 6.365000 0.8470 0.2275 0.1804
v 17.029999 9.375000 6.325000 0.8470 0.2275 0.1804
v 17.029999 9.335000 6.365000 0.8470 0.2275 0.1804
v 17.070000 9.335000 6.325000 0.8470 0.2275 0.1804
v 17.029999 8.625000 -9.235001 0.8470 0.2275 0.1804
v 17.029999 8.665000 -9.275000 0.8470 0.2275 0.1804
v 17.070000 8.665000 -9.235001 0.8470 0.2275 0.1804
v 17.029999 9.375000 -9.235001 0.8470 0.2275 0.1804
v 17.070000 9.335000 -9.235001 0.8470 0.2275 0.1804
v 17.029999 9.335000 -9.275000 0.8470 0.2275 0.1804
v -17.049999 8.100000 6.345000 0.9490 0.7608 0.1882
v -17.049999 8.120000 6.365000 0.9490 0.7608 0.1882
v -17.070000 8.120000 6.345000 0.9490 0.7608 0.1882
v -17.049999 8.380000 6.365000 0.9490 0.7608 0.1882
v -17.049999 8.400000 6.345000 0.9490 0.7608 0.1882
v -17.070000 8.380000 6.345000 0.9490 0.7608 0.1882
v -17.049999 8.100000 -9.255000 0.9490 0.7608 0.1882
v -17.070000 8.120000 -9.255000 0.9490 0.7608 0.1882
v -17.049999 8.120000 -9.275000 0.9490 0.7608 0.1882
v -17.049999 8.400000 -9.255000 0.9490 0.7608 0.1882
v -17.049999 8.380000 -9.275000 0.9490 0.7608 0.1882
v -17.070000 8.380000 -9.255000 0.9490 0.7608 0.1882
v 17.049999 8.100000 6.345000 0.9490 0.7608 0.1882
v 17.070000 8.120000 6.345000 0.9490 0.7608 0.1882
v 17.049999 8.120000 6.365000 0.9490 0.7608 0.1882
v 17.049999 8.400000 6.345000 0.9490 0.7608 0.1882
v 17.049999 8.380000 6.365000 0.9490 0.7608 0.1882
v 17.070000 8.380000 6.345000 0.9490 0.7608 0.1882
v 17.049999 8.100000 -9.255000 0.9490 0.7608 0.1882
v 17.049999 8.120000 -9.275000 0.9490 0.7608 0.1882
v 17.070000 8.120000 -9.255000 0.9490 0.7608 0.1882
v 17.049999 8.400000 -9.255000 0.9490 0.7608 0.1882
v 17.070000 8.380000 -9.255000 0.9490 0.7608 0.1882
v 17.049999 8.380000 -9.275000 0.9490 0.7608 0.1882
v -17.150000 11.250000 6.445000 1.0000 0.9647 0.8980
v -17.150000 11.350000 6.545000 1.0000 0.9647 0.8980
v -17.250000 11.350000 6.445000 1.0000 0.9647 0.8980
v -17.150000 11.650000 6.545000 1.0000 0.9647 0.8980
v -17.150000 11.750000 6.445000 1.0000 0.9647 0.8980
v -17.250000 11.650000 6.445000 1.0000 0.9647 0.8980
v -17.150000 11.250000 -9.355000 1.0000 0.9647 0.8980
v -17.250000 11.350000 -9.355000 1.0000 0.9647 0.8980
v -17.150000 11.350000 -9.455000 1.0000 0.9647 0.8980
v -17.150000 11.750000 -9.355000 1.0000 0.9647 0.8980
v -17.150000 11.650000 -9.455000 1.0000 0.9647 0.8980
v -17.250000 11.650000 -9.355000 1.0000 0.9647 0.8980
v 17.150000 11.250000 6.445000 1.0000 0.9647 0.8980
v 17.250000 11.350000 6.445000 1.0000 0.9647 0.8980
v 17.150000 11.350000 6.545000 1.0000 0.9647 0.8980
v 17.150000 11.750000 6.445000 1.0000 0.9647 0.8980
v 17.150000 11.650000 6.545000 1.0000 0.9647 0.8980
v 17.250000 11.650000 6.445000 1.0000 0.9647 0.8980
v 17.150000 11.250000 -9.355000 1.0000 0.9647 0.8980
v 17.150000 11.350000 -9.455000 1.0000 0.9647 0.8980
v 17.250000 11.350000 -9.355000 1.0000 0.9647 0.8980
v 17.150000 11.750000 -9.355000 1.0000 0.9647 0.8980
v 17.250000 11.650000 -9.355000 1.0000 0.9647 0.8980
v 17.150000 11.650000 -9.455000 1.0000 0.9647 0.8980
v -16.570000 0.600000 6.405000 0.1647 0.5294 0.5921
v -16.570000 7.799999 6.405000 0.1647 0.5294 0.5921
v -16.570000 0.600000 6.285000 0.1647 0.5294 0.5921
v -16.570000 7.799999 6.285000 0.1647 0.5294 0.5921
v -16.430000 0.600000 6.405000 0.1647 0.5294 0.5921
v -16.430000 7.799999 6.405000 0.1647 0.5294 0.5921
v -16.430000 0.600000 6.285000 0.1647 0.5294 0.5921
v -16.430000 7.799999 6.285000 0.1647 0.5294 0.5921
v -16.570000 9.475000 6.405000 0.1647 0.5294 0.5921
v -16.570000 11.225000 6.405000 0.1647 0.5294 0.5921
v -16.570000 9.475000 6.285000 0.1647 0.5294 0.5921
v -16.570000 11.225000 6.285000 0.1647 0.5294 0.5921
v -16.430000 9.475000 6.405000 0.1647 0.5294 0.5921
v -16.430000 11.225000 6.405000 0.1647 0.5294 0.5921
v -16.430000 9.475000 6.285000 0.1647 0.5294 0.5921
v -16.430000 11.225000 6.285000 0.1647 0.5294 0.5921
v -15.599411 0.600000 6.405000 0.1647 0.5294 0.5921
v -15.599411 7.799999 6.405000 0.1647 0.5294 0.5921
v -15.599411 0.600000 6.285000 0.1647 0.5294 0.5921
v -15.599411 7.799999 6.285000 0.1647 0.5294 0.5921
v -15.459412 0.600000 6.405000 0.1647 0.5294 0.5921
v -15.459412 7.799999 6.405000 0.1647 0.5294 0.5921
v -15.459412 0.600000 6.285000 0.1647 0.5294 0.5921
v -15.459412 7.799999 6.285000 0.1647 0.5294 0.5921
v -15.599411 9.475000 6.405000 0.1647 0.5294 0.5921
v -15.599411 11.225000 6.405000 0.1647 0.5294 0.5921
v -15.599411 9.475000 6.285000 0.1647 0.5294 0.5921
v -15.599411 11.225000 6.285000 0.1647 0.5294 0.5921
v -15.459412 9.475000 6.405000 0.1647 0.5294 0.5921
v -15.459412 11.225000 6.405000 0.1647 0.5294 0.5921
v -15.459412 9.475000 6.285000 0.1647 0.5294 0.5921
v -15.459412 11.225000 6.285000 0.1647 0.5294 0.5921
v -14.628823 0.600000 6.405000 0.1647 0.5294 0.5921
v -14.628823 7.799999 6.405000 0.1647 0.5294 0.5921
v -14.628823 0.600000 6.285000 0.1647 0.5294 0.5921
v -14.628823 7.799999 6.285000 0.1647 0.5294 0.5921
v -14.488824 0.600000 6.405000 0.1647 0.5294 0.5921
v -14.488824 7.799999 6.405000 0.1647 0.5294 0.5921
v -14.488824 0.600000 6.285000 0.1647 0.5294 0.5921
v -14.488824 7.799999 6.285000 0.1647 0.5294 0.5921
v -14.628823 9.475000 6.405000 0.1647 0.5294 0.5921
v -14.628823 11.225000 6.405000 0.1647 0.5294 0.5921
v -14.628823 9.475000 6.285000 0.1647 0.5294 0.5921
v -14.628823 11.225000 6.285000 0.1647 0.5294 0.5921
v -14.488824 9.475000 6.405000 0.1647 0.5294 0.5921
v -14.488824 11.225000 6.405000 0.1647 0.5294 0.5921
v -14.488824 9.475000 6.285000 0.1647 0.5294 0.5921
v -14.488824 11.225000 6.285000 0.1647 0.5294 0.5921
v -13.658235 0.600000 6.405000 0.1647 0.5294 0.5921
v -13.658235 7.799999 6.405000 0.1647 0.5294 0.5921
v -13.658235 0.600000 6.285000 0.1647 0.5294 0.5921
v -13.658235 7.799999 6.285000 0.1647 0.5294 0.5921
v -13.518235 0.600000 6.405000 0.1647 0.5294 0.5921
v -13.518235 7.799999 6.405000 0.1647 0.5294 0.5921
v -13.518235 0.600000 6.285000 0.1647 0.5294 0.5921
v -13.518235 7.799999 6.285000 0.1647 0.5294 0.5921
v -13.658235 9.475000 6.405000 0.1647 0.5294 0.5921
v -13.658235 11.225000 6.405000 0.1647 0.5294 0.5921
v -13.658235 9.475000 6.285000 0.1647 0.5294 0.5921
v -13.658235 11.225000 6.285000 0.1647 0.5294 0.5921
v -13.518235 9.475000 6.405000 0.1647 0.5294 0.5921
v -13.518235 11.225000 6.405000 0.1647 0.5294 0.5921
v -13.518235 9.475000 6.285000 0.1647 0.5294 0.5921
v -13.518235 11.225000 6.285000 0.1647 0.5294 0.5921
v -12.687647 0.600000 6.405000 0.1647 0.5294 0.5921
v -12.687647 7.799999 6.405000 0.1647 0.5294 0.5921
v -12.687647 0.600000 6.285000 0.1647 0.5294 0.5921
v -12.687647 7.799999 6.285000 0.1647 0.5294 0.5921
v -12.547647 0.600000 6.405000 0.1647 0.5294 0.5921
v -12.547647 7.799999 6.405000 0.1647 0.5294 0.5921
v -12.547647 0.600000 6.285000 0.1647 0.5294 0.5921
v -12.547647 7.799999 6.285000 0.1647 0.5294 0.5921
v -12.687647 9.475000 6.405000 0.1647 0.5294 0.5921
v -12.687647 11.225000 6.405000 0.1647 0.5294 0.5921
v -12.687647 9.475000 6.285000 0.1647 0.5294 0.5921
v -12.687647 11.225000 6.285000 0.1647 0.5294 0.5921
v -12.547647 9.475000 6.405000 0.1647 0.5294 0.5921
v -12.547647 11.225000 6.405000 0.1647 0.5294 0.5921
v -12.547647 9.475000 6.285000 0.1647 0.5294 0.5921
v -12.547647 11.225000 6.285000 0.1647 0.5294 0.5921
v -11.717058 0.600000 6.405000 0.1647 0.5294 0.5921
v -11.717058 7.799999 6.405000 0.1647 0.5294 0.5921
v -11.717058 0.600000 6.285000 0.1647 0.5294 0.5921
v -11.717058 7.799999 6.285000 0.1647 0.5294 0.5921
v -11.577059 0.600000 6.405000 0.1647 0.5294 0.5921
v -11.577059 7.799999 6.405000 0.1647 0.5294 0.5921
v -11.577059 0.600000 6.285000 0.1647 0.5294 0.5921
v -11.577059 7.799999 6.285000 0.1647 0.5294 0.5921
v -11.717058 9.475000 6.405000 0.1647 0.5294 0.5921
v -11.717058 11.225000 6.405000 0.1647 0.5294 0.5921
v -11.717058 9.475000 6.285000 0.1647 0.5294 0.5921
v -11.717058 11.225000 6.285000 0.1647 0.5294 0.5921
v -11.577059 9.475000 6.405000 0.1647 0.5294 0.5921
v -11.577059 11.225000 6.405000 0.1647 0.5294 0.5921
v -11.577059 9.475000 6.285000 0.1647 0.5294 0.5921
v -11.577059 11.225000 6.285000 0.1647 0.5294 0.5921
v -10.746470 0.600000 6.405000 0.1647 0.5294 0.5921
v -10.746470 7.799999 6.405000 0.1647 0.5294 0.5921
v -10.746470 0.600000 6.285000 0.1647 0.5294 0.5921
v -10.746470 7.799999 6.285000 0.1647 0.5294 0.5921
v -10.606471 0.600000 6.405000 0.1647 0.5294 0.5921
v -10.606471 7.799999 6.405000 0.1647 0.5294 0.5921
v -10.606471 0.600000 6.285000 0.1647 0.5294 0.5921
v -10.606471 7.799999 6.285000 0.1647 0.5294 0.5921
v -10.746470 9.475000 6.405000 0.1647 0.5294 0.5921
v -10.746470 11.225000 6.405000 0.1647 0.5294 0.5921
v -10.746470 9.475000 6.285000 0.1647 0.5294 0.5921
v -10.746470 11.225000 6.285000 0.1647 0.5294 0.5921
v -10.606471 9.475000 6.405000 0.1647 0.5294 0.5921
v -10.606471 11.225000 6.405000 0.1647 0.5294 0.5921
v -10.606471 9.475000 6.285000 0.1647 0.5294 0.5921
v -10.606471 11.225000 6.285000 0.1647 0.5294 0.5921
v -9.775882 0.600000 6.405000 0.1647 0.5294 0.5921
v -9.775882 7.799999 6.405000 0.1647 0.5294 0.5921
v -9.775882 0.600000 6.285000 0.1647 0.5294 0.5921
v -9.775882 7.799999 6.285000 0.1647 0.5294 0.5921
v -9.635882 0.600000 6.405000 0.1647 0.5294 0.5921
v -9.635882 7.799999 6.405000 0.1647 0.5294 0.5921
v -9.635882 0.600000 6.285000 0.1647 0.5294 0.5921
v -9.635882 7.799999 6.285000 0.1647 0.5294 0.5921
v -9.775882 9.475000 6.405000 0.1647 0.5294 0.5921
v -9.775882 11.225000 6.405000 0.1647 0.5294 0.5921
v -9.775882 9.475000 6.285000 0.1647 0.5294 0.5921
v -9.775882 11.225000 6.285000 0.1647 0.5294 0.5921
v -9.635882 9.475000 6.405000 0.1647 0.5294 0.5921
v -9.635882 11.225000 6.405000 0.1647 0.5294 0.5921
v -9.635882 9.475000 6.285000 0.1647 0.5294 0.5921
v -9.635882 11.225000 6.285000 0.1647 0.5294 0.5921
v -8.805294 0.600000 6.405000 0.1647 0.5294 0.5921
v -8.805294 7.799999 6.405000 0.1647 0.5294 0.5921
v -8.805294 0.600000 6.285000 0.1647 0.5294 0.5921
v -8.805294 7.799999 6.285000 0.1647 0.5294 0.5921
v -8.665295 0.600000 6.405000 0.1647 0.5294 0.5921
v -8.665295 7.799999 6.405000 0.1647 0.5294 0.5921
v -8.665295 0.600000 6.285000 0.1647 0.5294 0.5921
v -8.665295 7.799999 6.285000 0.1647 0.5294 0.5921
v -8.805294 9.475000 6.405000 0.1647 0.5294 0.5921
v -8.805294 11.225000 6.405000 0.1647 0.5294 0.5921
v -8.805294 9.475000 6.285000 0.1647 0.5294 0.5921
v -8.805294 11.225000 6.285000 0.1647 0.5294 0.5921
v -8.665295 9.475000 6.405000 0.1647 0.5294 0.5921
v -8.665295 11.225000 6.405000 0.1647 0.5294 0.5921
v -8.665295 9.475000 6.285000 0.1647 0.5294 0.5921
v -8.665295 11.225000 6.285000 0.1647 0.5294 0.5921
v -7.834706 0.600000 6.405000 0.1647 0.5294 0.5921
v -7.834706 7.799999 6.405000 0.1647 0.5294 0.5921
v -7.834706 0.600000 6.285000 0.1647 0.5294 0.5921
v -7.834706 7.799999 6.285000 0.1647 0.5294 0.5921
v -7.694705 0.600000 6.405000 0.1647 0.5294 0.5921
v -7.694705 7.799999 6.405000 0.1647 0.5294 0.5921
v -7.694705 0.600000 6.285000 0.1647 0.5294 0.5921
v -7.694705 7.799999 6.285000 0.1647 0.5294 0.5921
v -7.834706 9.475000 6.405000 0.1647 0.5294 0.5921
v -7.834706 11.225000 6.405000 0.1647 0.5294 0.5921
v -7.834706 9.475000 6.285000 0.1647 0.5294 0.5921
v -7.834706 11.225000 6.285000 0.1647 0.5294 0.5921
v -7.694705 9.475000 6.405000 0.1647 0.5294 0.5921
v -7.694705 11.225000 6.405000 0.1647 0.5294 0.5921
v -7.694705 9.475000 6.285000 0.1647 0.5294 0.5921
v -7.694705 11.225000 6.285000 0.1647 0.5294 0.5921
v -6.864118 0.600000 6.405000 0.1647 0.5294 0.5921
v -6.864118 7.799999 6.405000 0.1647 0.5294 0.5921
v -6.864118 0.600000 6.285000 0.1647 0.5294 0.5921
v -6.864118 7.799999 6.285000 0.1647 0.5294 0.5921
v -6.724117 0.600000 6.405000 0.1647 0.5294 0.5921
v -6.724117 7.799999 6.405000 0.1647 0.5294 0.5921
v -6.724117 0.600000 6.285000 0.1647 0.5294 0.5921
v -6.724117 7.799999 6.285000 0.1647 0.5294 0.5921
v -6.864118 9.475000 6.405000 0.1647 0.5294 0.5921
v -6.864118 11.225000 6.405000 0.1647 0.5294 0.5921
v -6.864118 9.475000 6.285000 0.1647 0.5294 0.5921
v -6.864118 11.225000 6.285000 0.1647 0.5294 0.5921
v -6.724117 9.475000 6.405000 0.1647 0.5294 0.5921
v -6.724117 11.225000 6.405000 0.1647 0.5294 0.5921
v -6.724117 9.475000 6.285000 0.1647 0.5294 0.5921
v -6.724117 11.225000 6.285000 0.1647 0.5294 0.5921
v -5.893529 0.600000 6.405000 0.1647 0.5294 0.5921
v -5.893529 7.799999 6.405000 0.1647 0.5294 0.5921
v -5.893529 0.600000 6.285000 0.1647 0.5294 0.5921
v -5.893529 7.799999 6.285000 0.1647 0.5294 0.5921
v -5.753529 0.600000 6.405000 0.1647 0.5294 0.5921
v -5.753529 7.799999 6.405000 0.1647 0.5294 0.5921
v -5.753529 0.600000 6.285000 0.1647 0.5294 0.5921
v -5.753529 7.799999 6.285000 0.1647 0.5294 0.5921
v -5.893529 9.475000 6.405000 0.1647 0.5294 0.5921
v -5.893529 11.225000 6.405000 0.1647 0.5294 0.5921
v -5.893529 9.475000 6.285000 0.1647 0.5294 0.5921
v -5.893529 11.225000 6.285000 0.1647 0.5294 0.5921
v -5.753529 9.475000 6.405000 0.1647 0.5294 0.5921
v -5.753529 11.225000 6.405000 0.1647 0.5294 0.5921
v -5.753529 9.475000 6.285000 0.1647 0.5294 0.5921
v -5.753529 11.225000 6.285000 0.1647 0.5294 0.5921
v -4.922941 0.600000 6.405000 0.1647 0.5294 0.5921
v -4.922941 7.799999 6.405000 0.1647 0.5294 0.5921
v -4.922941 0.600000 6.285000 0.1647 0.5294 0.5921
v -4.922941 7.799999 6.285000 0.1647 0.5294 0.5921
v -4.782941 0.600000 6.405000 0.1647 0.5294 0.5921
v -4.782941 7.799999 6.405000 0.1647 0.5294 0.5921
v -4.782941 0.600000 6.285000 0.1647 0.5294 0.5921
v -4.782941 7.799999 6.285000 0.1647 0.5294 0.5921
v -4.922941 9.475000 6.405000 0.1647 0.5294 0.5921
v -4.922941 11.225000 6.405000 0.1647 0.5294 0.5921
v -4.922941 9.475000 6.285000 0.1647 0.5294 0.5921
v -4.922941 11.225000 6.285000 0.1647 0.5294 0.5921
v -4.782941 9.475000 6.405000 0.1647 0.5294 0.5921
v -4.782941 11.225000 6.405000 0.1647 0.5294 0.5921
v -4.782941 9.475000 6.285000 0.1647 0.5294 0.5921
v -4.782941 11.225000 6.285000 0.1647 0.5294 0.5921
v -3.952353 0.600000 6.405000 0.1647 0.5294 0.5921
v -3.952353 7.799999 6.405000 0.1647 0.5294 0.5921
v -3.952353 0.600000 6.285000 0.1647 0.5294 0.5921
v -3.952353 7.799999 6.285000 0.1647 0.5294 0.5921
v -3.812353 0.600000 6.405000 0.1647 0.5294 0.5921
v -3.812353 7.799999 6.405000 0.1647 0.5294 0.5921
v -3.812353 0.600000 6.285000 0.1647 0.5294 0.5921
v -3.812353 7.799999 6.285000 0.1647 0.5294 0.5921
v -3.952353 9.475000 6.405000 0.1647 0.5294 0.5921
v -3.952353 11.225000 6.405000 0.1647 0.5294 0.5921
v -3.952353 9.475000 6.285000 0.1647 0.5294 0.5921
v -3.952353 11.225000 6.285000 0.1647 0.5294 0.5921
v -3.812353 9.475000 6.405000 0.1647 0.5294 0.5921
v -3.812353 11.225000 6.405000 0.1647 0.5294 0.5921
v -3.812353 9.475000 6.285000 0.1647 0.5294 0.5921
v -3.812353 11.225000 6.285000 0.1647 0.5294 0.5921
v -2.981765 0.600000 6.405000 0.1647 0.5294 0.5921
v -2.981765 7.799999 6.405000 0.1647 0.5294 0.5921
v -2.981765 0.600000 6.285000 0.1647 0.5294 0.5921
v -2.981765 7.799999 6.285000 0.1647 0.5294 0.5921
v -2.841765 0.600000 6.405000 0.1647 0.5294 0.5921
v -2.841765 7.799999 6.405000 0.1647 0.5294 0.5921
v -2.841765 0.600000 6.285000 0.1647 0.5294 0.5921
v -2.841765 7.799999 6.285000 0.1647 0.5294 0.5921
v -2.981765 9.475000 6.405000 0.1647 0.5294 0.5921
v -2.981765 11.225000 6.405000 0.1647 0.5294 0.5921
v -2.981765 9.475000 6.285000 0.1647 0.5294 0.5921
v -2.981765 11.225000 6.285000 0.1647 0.5294 0.5921
v -2.841765 9.475000 6.405000 0.1647 0.5294 0.5921
v -2.841765 11.225000 6.405000 0.1647 0.5294 0.5921
v -2.841765 9.475000 6.285000 0.1647 0.5294 0.5921
v -2.841765 11.225000 6.285000 0.1647 0.5294 0.5921
v -2.011176 0.600000 6.405000 0.1647 0.5294 0.5921
v -2.011176 7.799999 6.405000 0.1647 0.5294 0.5921
v -2.011176 0.600000 6.285000 0.1647 0.5294 0.5921
v -2.011176 7.799999 6.285000 0.1647 0.5294 0.5921
v -1.871176 0.600000 6.405000 0.1647 0.5294 0.5921
v -1.871176 7.799999 6.405000 0.1647 0.5294 0.5921
v -1.871176 0.600000 6.285000 0.1647 0.5294 0.5921
v -1.871176 7.799999 6.285000 0.1647 0.5294 0.5921
v -2.011176 9.475000 6.405000 0.1647 0.5294 0.5921
v -2.011176 11.225000 6.405000 0.1647 0.5294 0.5921
v -2.011176 9.475000 6.285000 0.1647 0.5294 0.5921
v -2.011176 11.225000 6.285000 0.1647 0.5294 0.5921
v -1.871176 9.475000 6.405000 0.1647 0.5294 0.5921
v -1.871176 11.225000 6.405000 0.1647 0.5294 0.5921
v -1.871176 9.475000 6.285000 0.1647 0.5294 0.5921
v -1.871176 11.225000 6.285000 0.1647 0.5294 0.5921
v -1.040588 0.600000 6.405000 0.1647 0.5294 0.5921
v -1.040588 7.799999 6.405000 0.1647 0.5294 0.5921
v -1.040588 0.600000 6.285000 0.1647 0.5294 0.5921
v -1.040588 7.799999 6.285000 0.1647 0.5294 0.5921
v -0.900588 0.600000 6.405000 0.1647 0.5294 0.5921
v -0.900588 7.799999 6.405000 0.1647 0.5294 0.5921
v -0.900588 0.600000 6.285000 0.1647 0.5294 0.5921
v -0.900588 7.799999 6.285000 0.1647 0.5294 0.5921
v -1.040588 9.475000 6.405000 0.1647 0.5294 0.5921
v -1.040588 11.225000 6.405000 0.1647 0.5294 0.5921
v -1.040588 9.475000 6.285000 0.1647 0.5294 0.5921
v -1.040588 11.225000 6.285000 0.1647 0.5294 0.5921
v -0.900588 9.475000 6.405000 0.1647 0.5294 0.5921
v -0.900588 11.225000 6.405000 0.1647 0.5294 0.5921
v -0.900588 9.475000 6.285000 0.1647 0.5294 0.5921
v -0.900588 11.225000 6.285000 0.1647 0.5294 0.5921
v -0.070000 0.600000 6.405000 0.1647 0.5294 0.5921
v -0.070000 7.799999 6.405000 0.1647 0.5294 0.5921
v -0.070000 0.600000 6.285000 0.1647 0.5294 0.5921
v -0.070000 7.799999 6.285000 0.1647 0.5294 0.5921
v 0.070000 0.600000 6.405000 0.1647 0.5294 0.5921
v 0.070000 7.799999 6.405000 0.1647 0.5294 0.5921
v 0.070000 0.600000 6.285000 0.1647 0.5294 0.5921
v 0.070000 7.799999 6.285000 0.1647 0.5294 0.5921
v -0.070000 9.475000 6.405000 0.1647 0.5294 0.5921
v -0.070000 11.225000 6.405000 0.1647 0.5294 0.5921
v -0.070000 9.475000 6.285000 0.1647 0.5294 0.5921
v -0.070000 11.225000 6.285000 0.1647 0.5294 0.5921
v 0.070000 9.475000 6.405000 0.1647 0.5294 0.5921
v 0.070000 11.225000 6.405000 0.1647 0.5294 0.5921
v 0.070000 9.475000 6.285000 0.1647 0.5294 0.5921
v 0.070000 11.225000 6.285000 0.1647 0.5294 0.5921
v 0.900588 0.600000 6.405000 0.1647 0.5294 0.5921
v 0.900588 7.799999 6.405000 0.1647 0.5294 0.5921
v 0.900588 0.600000 6.285000 0.1647 0.5294 0.5921
v 0.900588 7.799999 6.285000 0.1647 0.5294 0.5921
v 1.040588 0.600000 6.405000 0.1647 0.5294 0.5921
v 1.040588 7.799999 6.405000 0.1647 0.5294 0.5921
v 1.040588 0.600000 6.285000 0.1647 0.5294 0.5921
v 1.040588 7.799999 6.285000 0.1647 0.5294 0.5921
v 0.900588 9.475000 6.405000 0.1647 0.5294 0.5921
v 0.900588 11.225000 6.405000 0.1647 0.5294 0.5921
v 0.900588 9.475000 6.285000 0.1647 0.5294 0.5921
v 0.900588 11.225000 6.285000 0.1647 0.5294 0.5921
v 1.040588 9.475000 6.405000 0.1647 0.5294 0.5921
v 1.040588 11.225000 6.405000 0.1647 0.5294 0.5921
v 1.040588 9.475000 6.285000 0.1647 0.5294 0.5921
v 1.040588 11.225000 6.285000 0.1647 0.5294 0.5921
v 1.871176 0.600000 6.405000 0.1647 0.5294 0.5921
v 1.871176 7.799999 6.405000 0.1647 0.5294 0.5921
v 1.871176 0.600000 6.285000 0.1647 0.5294 0.5921
v 1.871176 7.799999 6.285000 0.1647 0.5294 0.5921
v 2.011176 0.600000 6.405000 0.1647 0.5294 0.5921
v 2.011176 7.799999 6.405000 0.1647 0.5294 0.5921
v 2.011176 0.600000 6.285000 0.1647 0.5294 0.5921
v 2.011176 7.799999 6.285000 0.1647 0.5294 0.5921
v 1.871176 9.475000 6.405000 0.1647 0.5294 0.5921
v 1.871176 11.225000 6.405000 0.1647 0.5294 0.5921
v 1.871176 9.475000 6.285000 0.1647 0.5294 0.5921
v 1.871176 11.225000 6.285000 0.1647 0.5294 0.5921
v 2.011176 9.475000 6.405000 0.1647 0.5294 0.5921
v 2.011176 11.225000 6.405000 0.1647 0.5294 0.5921
v 2.011176 9.475000 6.285000 0.1647 0.5294 0.5921
v 2.011176 11.225000 6.285000 0.1647 0.5294 0.5921
v 2.841765 0.600000 6.405000 0.1647 0.5294 0.5921
v 2.841765 7.799999 6.405000 0.1647 0.5294 0.5921
v 2.841765 0.600000 6.285000 0.1647 0.5294 0.5921
v 2.841765 7.799999 6.285000 0.1647 0.5294 0.5921
v 2.981765 0.600000 6.405000 0.1647 0.5294 0.5921
v 2.981765 7.799999 6.405000 0.1647 0.5294 0.5921
v 2.981765 0.600000 6.285000 0.1647 0.5294 0.5921
v 2.981765 7.799999 6.285000 0.1647 0.5294 0.5921
v 2.841765 9.475000 6.405000 0.1647 0.5294 0.5921
v 2.841765 11.225000 6.405000 0.1647 0.5294 0.5921
v 2.841765 9.475000 6.285000 0.1647 0.5294 0.5921
v 2.841765 11.225000 6.285000 0.1647 0.5294 0.5921
v 2.981765 9.475000 6.405000 0.1647 0.5294 0.5921
v 2.981765 11.225000 6.405000 0.1647 0.5294 0.5921
v 2.981765 9.475000 6.285000 0.1647 0.5294 0.5921
v 2.981765 11.225000 6.285000 0.1647 0.5294 0.5921
v 3.812353 0.600000 6.405000 0.1647 0.5294 0.5921
v 3.812353 7.799999 6.405000 0.1647 0.5294 0.5921
v 3.812353 0.600000 6.285000 0.1647 0.5294 0.5921
v 3.812353 7.799999 6.285000 0.1647 0.5294 0.5921
v 3.952353 0.600000 6.405000 0.1647 0.5294 0.5921
v 3.952353 7.799999 6.405000 0.1647 0.5294 0.5921
v 3.952353 0.600000 6.285000 0.1647 0.5294 0.5921
v 3.952353 7.799999 6.285000 0.1647 0.5294 0.5921
v 3.812353 9.475000 6.405000 0.1647 0.5294 0.5921
v 3.812353 11.225000 6.405000 0.1647 0.5294 0.5921
v 3.812353 9.475000 6.285000 0.1647 0.5294 0.5921
v 3.812353 11.225000 6.285000 0.1647 0.5294 0.5921
v 3.952353 9.475000 6.405000 0.1647 0.5294 0.5921
v 3.952353 11.225000 6.405000 0.1647 0.5294 0.5921
v 3.952353 9.475000 6.285000 0.1647 0.5294 0.5921
v 3.952353 11.225000 6.285000 0.1647 0.5294 0.5921
v 4.782941 0.600000 6.405000 0.1647 0.5294 0.5921
v 4.782941 7.799999 6.405000 0.1647 0.5294 0.5921
v 4.782941 0.600000 6.285000 0.1647 0.5294 0.5921
v 4.782941 7.799999 6.285000 0.1647 0.5294 0.5921
v 4.922941 0.600000 6.405000 0.1647 0.5294 0.5921
v 4.922941 7.799999 6.405000 0.1647 0.5294 0.5921
v 4.922941 0.600000 6.285000 0.1647 0.5294 0.5921
v 4.922941 7.799999 6.285000 0.1647 0.5294 0.5921
v 4.782941 9.475000 6.405000 0.1647 0.5294 0.5921
v 4.782941 11.225000 6.405000 0.1647 0.5294 0.5921
v 4.782941 9.475000 6.285000 0.1647 0.5294 0.5921
v 4.782941 11.225000 6.285000 0.1647 0.5294 0.5921
v 4.922941 9.475000 6.405000 0.1647 0.5294 0.5921
v 4.922941 11.225000 6.405000 0.1647 0.5294 0.5921
v 4.922941 9.475000 6.285000 0.1647 0.5294 0.5921
v 4.922941 11.225000 6.285000 0.1647 0.5294 0.5921
v 5.753529 0.600000 6.405000 0.1647 0.5294 0.5921
v 5.753529 7.799999 6.405000 0.1647 0.5294 0.5921
v 5.753529 0.600000 6.285000 0.1647 0.5294 0.5921
v 5.753529 7.799999 6.285000 0.1647 0.5294 0.5921
v 5.893529 0.600000 6.405000 0.1647 0.5294 0.5921
v 5.893529 7.799999 6.405000 0.1647 0.5294 0.5921
v 5.893529 0.600000 6.285000 0.1647 0.5294 0.5921
v 5.893529 7.799999 6.285000 0.1647 0.5294 0.5921
v 5.753529 9.475000 6.405000 0.1647 0.5294 0.5921
v 5.753529 11.225000 6.405000 0.1647 0.5294 0.5921
v 5.753529 9.475000 6.285000 0.1647 0.5294 0.5921
v 5.753529 11.225000 6.285000 0.1647 0.5294 0.5921
v 5.893529 9.475000 6.405000 0.1647 0.5294 0.5921
v 5.893529 11.225000 6.405000 0.1647 0.5294 0.5921
v 5.893529 9.475000 6.285000 0.1647 0.5294 0.5921
v 5.893529 11.225000 6.285000 0.1647 0.5294 0.5921
v 6.724117 0.600000 6.405000 0.1647 0.5294 0.5921
v 6.724117 7.799999 6.405000 0.1647 0.5294 0.5921
v 6.724117 0.600000 6.285000 0.1647 0.5294 0.5921
v 6.724117 7.799999 6.285000 0.1647 0.5294 0.5921
v 6.864118 0.600000 6.405000 0.1647 0.5294 0.5921
v 6.864118 7.799999 6.405000 0.1647 0.5294 0.5921
v 6.864118 0.600000 6.285000 0.1647 0.5294 0.5921
v 6.864118 7.799999 6.285000 0.1647 0.5294 0.5921
v 6.724117 9.475000 6.405000 0.1647 0.5294 0.5921
v 6.724117 11.225000 6.405000 0.1647 0.5294 0.5921
v 6.724117 9.475000 6.285000 0.1647 0.5294 0.5921
v 6.724117 11.225000 6.285000 0.1647 0.5294 0.5921
v 6.864118 9.475000 6.405000 0.1647 0.5294 0.5921
v 6.864118 11.225000 6.405000 0.1647 0.5294 0.5921
v 6.864118 9.475000 6.285000 0.1647 0.5294 0.5921
v 6.864118 11.225000 6.285000 0.1647 0.5294 0.5921
v 7.694705 0.600000 6.405000 0.1647 0.5294 0.5921
v 7.694705 7.799999 6.405000 0.1647 0.5294 0.5921
v 7.694705 0.600000 6.285000 0.1647 0.5294 0.5921
v 7.694705 7.799999 6.285000 0.1647 0.5294 0.5921
v 7.834706 0.600000 6.405000 0.1647 0.5294 0.5921
v 7.834706 7.799999 6.405000 0.1647 0.5294 0.5921
v 7.834706 0.600000 6.285000 0.1647 0.5294 0.5921
v 7.834706 7.799999 6.285000 0.1647 0.5294 0.5921
v 7.694705 9.475000 6.405000 0.1647 0.5294 0.5921
v 7.694705 11.225000 6.405000 0.1647 0.5294 0.5921
v 7.694705 9.475000 6.285000 0.1647 0.5294 0.5921
v 7.694705 11.225000 6.285000 0.1647 0.5294 0.5921
v 7.834706 9.475000 6.405000 0.1647 0.5294 0.5921
v 7.834706 11.225000 6.405000 0.1647 0.5294 0.5921
v 7.834706 9.475000 6.285000 0.1647 0.5294 0.5921
v 7.834706 11.225000 6.285000 0.1647 0.5294 0.5921
v 8.665295 0.600000 6.405000 0.1647 0.5294 0.5921
v 8.665295 7.799999 6.405000 0.1647 0.5294 0.5921
v 8.665295 0.600000 6.285000 0.1647 0.5294 0.5921
v 8.665295 7.799999 6.285000 0.1647 0.5294 0.5921
v 8.805294 0.600000 6.405000 0.1647 0.5294 0.5921
v 8.805294 7.799999 6.405000 0.1647 0.5294 0.5921
v 8.805294 0.600000 6.285000 0.1647 0.5294 0.5921
v 8.805294 7.799999 6.285000 0.1647 0.5294 0.5921
v 8.665295 9.475000 6.405000 0.1647 0.5294 0.5921
v 8.665295 11.225000 6.405000 0.1647 0.5294 0.5921
v 8.665295 9.475000 6.285000 0.1647 0.5294 0.5921
v 8.665295 11.225000 6.285000 0.1647 0.5294 0.5921
v 8.805294 9.475000 6.405000 0.1647 0.5294 0.5921
v 8.805294 11.225000 6.405000 0.1647 0.5294 0.5921
v 8.805294 9.475000 6.285000 0.1647 0.5294 0.5921
v 8.805294 11.225000 6.285000 0.1647 0.5294 0.5921
v 9.635882 0.600000 6.405000 0.1647 0.5294 0.5921
v 9.635882 7.799999 6.405000 0.1647 0.5294 0.5921
v 9.635882 0.600000 6.285000 0.1647 0.5294 0.5921
v 9.635882 7.799999 6.285000 0.1647 0.5294 0.5921
v 9.775882 0.600000 6.405000 0.1647 0.5294 0.5921
v 9.775882 7.799999 6.405000 0.1647 0.5294 0.5921
v 9.775882 0.600000 6.285000 0.1647 0.5294 0.5921
v 9.775882 7.799999 6.285000 0.1647 0.5294 0.5921
v 9.635882 9.475000 6.405000 0.1647 0.5294 0.5921
v 9.635882 11.225000 6.405000 0.1647 0.5294 0.5921
v 9.635882 9.475000 6.285000 0.1647 0.5294 0.5921
v 9.635882 11.225000 6.285000 0.1647 0.5294 0.5921
v 9.775882 9.475000 6.405000 0.1647 0.5294 0.5921
v 9.775882 11.225000 6.405000 0.1647 0.5294 0.5921
v 9.775882 9.475000 6.285000 0.1647 0.5294 0.5921
v 9.775882 11.225000 6.285000 0.1647 0.5294 0.5921
v 10.606471 0.600000 6.405000 0.1647 0.5294 0.5921
v 10.606471 7.799999 6.405000 0.1647 0.5294 0.5921
v 10.606471 0.600000 6.285000 0.1647 0.5294 0.5921
v 10.606471 7.799999 6.285000 0.1647 0.5294 0.5921
v 10.746470 0.600000 6.405000 0.1647 0.5294 0.5921
v 10.746470 7.799999 6.405000 0.1647 0.5294 0.5921
v 10.746470 0.600000 6.285000 0.1647 0.5294 0.5921
v 10.746470 7.799999 6.285000 0.1647 0.5294 0.5921
v 10.606471 9.475000 6.405000 0.1647 0.5294 0.5921
v 10.606471 11.225000 6.405000 0.1647 0.5294 0.5921
v 10.606471 9.475000 6.285000 0.1647 0.5294 0.5921
v 10.606471 11.225000 6.285000 0.1647 0.5294 0.5921
v 10.746470 9.475000 6.405000 0.1647 0.5294 0.5921
v 10.746470 11.225000 6.405000 0.1647 0.5294 0.5921
v 10.746470 9.475000 6.285000 0.1647 0.5294 0.5921
v 10.746470 11.225000 6.285000 0.1647 0.5294 0.5921
v 11.577059 0.600000 6.405000 0.1647 0.5294 0.5921
v 11.577059 7.799999 6.405000 0.1647 0.5294 0.5921
v 11.577059 0.600000 6.285000 0.1647 0.5294 0.5921
v 11.577059 7.799999 6.285000 0.1647 0.5294 0.5921
v 11.717058 0.600000 6.405000 0.1647 0.5294 0.5921
v 11.717058 7.799999 6.405000 0.1647 0.5294 0.5921
v 11.717058 0.600000 6.285000 0.1647 0.5294 0.5921
v 11.717058 7.799999 6.285000 0.1647 0.5294 0.5921
v 11.577059 9.475000 6.405000 0.1647 0.5294 0.5921
v 11.577059 11.225000 6.405000 0.1647 0.5294 0.5921
v 11.577059 9.475000 6.285000 0.1647 0.5294 0.5921
v 11.577059 11.225000 6.285000 0.1647 0.5294 0.5921
v 11.717058 9.475000 6.405000 0.1647 0.5294 0.5921
v 11.717058 11.225000 6.405000 0.1647 0.5294 0.5921
v 11.717058 9.475000 6.285000 0.1647 0.5294 0.5921
v 11.717058 11.225000 6.285000 0.1647 0.5294 0.5921
v 12.547647 0.600000 6.405000 0.1647 0.5294 0.5921
v 12.547647 7.799999 6.405000 0.1647 0.5294 0.5921
v 12.547647 0.600000 6.285000 0.1647 0.5294 0.5921
v 12.547647 7.799999 6.285000 0.1647 0.5294 0.5921
v 12.687647 0.600000 6.405000 0.1647 0.5294 0.5921
v 12.687647 7.799999 6.405000 0.1647 0.5294 0.5921
v 12.687647 0.600000 6.285000 0.1647 0.5294 0.5921
v 12.687647 7.799999 6.285000 0.1647 0.5294 0.5921
v 12.547647 9.475000 6.405000 0.1647 0.5294 0.5921
v 12.547647 11.225000 6.405000 0.1647 0.5294 0.5921
v 12.547647 9.475000 6.285000 0.1647 0.5294 0.5921
v 12.547647 11.225000 6.285000 0.1647 0.5294 0.5921
v 12.687647 9.475000 6.405000 0.1647 0.5294 0.5921
v 12.687647 11.225000 6.405000 0.1647 0.5294 0.5921
v 12.687647 9.475000 6.285000 0.1647 0.5294 0.5921
v 12.687647 11.225000 6.285000 0.1647 0.5294 0.5921
v 13.518235 0.600000 6.405000 0.1647 0.5294 0.5921
v 13.518235 7.799999 6.405000 0.1647 0.5294 0.5921
v 13.518235 0.600000 6.285000 0.1647 0.5294 0.5921
v 13.518235 7.799999 6.285000 0.1647 0.5294 0.5921
v 13.658235 0.600000 6.405000 0.1647 0.5294 0.5921
v 13.658235 7.799999 6.405000 0.1647 0.5294 0.5921
v 13.658235 0.600000 6.285000 0.1647 0.5294 0.5921
v 13.658235 7.799999 6.285000 0.1647 0.5294 0.5921
v 13.518235 9.475000 6.405000 0.1647 0.5294 0.5921
v 13.518235 11.225000 6.405000 0.1647 0.5294 0.5921
v 13.518235 9.475000 6.285000 0.1647 0.5294 0.5921
v 13.518235 11.225000 6.285000 0.1647 0.5294 0.5921
v 13.658235 9.475000 6.405000 0.1647 0.5294 0.5921
v 13.658235 11.225000 6.405000 0.1647 0.5294 0.5921
v 13.658235 9.475000 6.285000 0.1647 0.5294 0.5921
v 13.658235 11.225000 6.285000 0.1647 0.5294 0.5921
v 14.488824 0.600000 6.405000 0.1647 0.5294 0.5921
v 14.488824 7.799999 6.405000 0.1647 0.5294 0.5921
v 14.488824 0.600000 6.285000 0.1647 0.5294 0.5921
v 14.488824 7.799999 6.285000 0.1647 0.5294 0.5921
v 14.628823 0.600000 6.405000 0.1647 0.5294 0.5921
v 14.628823 7.799999 6.405000 0.1647 0.5294 0.5921
v 14.628823 0.600000 6.285000 0.1647 0.5294 0.5921
v 14.628823 7.799999 6.285000 0.1647 0.5294 0.5921
v 14.488824 9.475000 6.405000 0.1647 0.5294 0.5921
v 14.488824 11.225000 6.405000 0.1647 0.5294 0.5921
v 14.488824 9.475000 6.285000 0.1647 0.5294 0.5921
v 14.488824 11.225000 6.285000 0.1647 0.5294 0.5921
v 14.628823 9.475000 6.405000 0.1647 0.5294 0.5921
v 14.628823 11.225000 6.405000 0.1647 0.5294 0.5921
v 14.628823 9.475000 6.285000 0.1647 0.5294 0.5921
v 14.628823 11.225000 6.285000 0.1647 0.5294 0.5921
v 15.459412 0.600000 6.405000 0.1647 0.5294 0.5921
v 15.459412 7.799999 6.405000 0.1647 0.5294 0.5921
v 15.459412 0.600000 6.285000 0.1647 0.5294 0.5921
v 15.459412 7.799999 6.285000 0.1647 0.5294 0.5921
v 15.599411 0.600000 6.405000 0.1647 0.5294 0.5921
v 15.599411 7.799999 6.405000 0.1647 0.5294 0.5921
v 15.599411 0.600000 6.285000 0.1647 0.5294 0.5921
v 15.599411 7.799999 6.285000 0.1647 0.5294 0.5921
v 15.459412 9.475000 6.405000 0.1647 0.5294 0.5921
v 15.459412 11.225000 6.405000 0.1647 0.5294 0.5921
v 15.459412 9.475000 6.285000 0.1647 0.5294 0.5921
v 15.459412 11.225000 6.285000 0.1647 0.5294 0.5921
v 15.599411 9.475000 6.405000 0.1647 0.5294 0.5921
v 15.599411 11.225000 6.405000 0.1647 0.5294 0.5921
v 15.599411 9.475000 6.285000 0.1647 0.5294 0.5921
v 15.599411 11.225000 6.285000 0.1647 0.5294 0.5921
v 16.430000 0.600000 6.405000 0.1647 0.5294 0.5921
v 16.430000 7.799999 6.405000 0.1647 0.5294 0.5921
v 16.430000 0.600000 6.285000 0.1647 0.5294 0.5921
v 16.430000 7.799999 6.285000 0.1647 0.5294 0.5921
v 16.570000 0.600000 6.405000 0.1647 0.5294 0.5921
v 16.570000 7.799999 6.405000 0.1647 0.5294 0.5921
v 16.570000 0.600000 6.285000 0.1647 0.5294 0.5921
v 16.570000 7.799999 6.285000 0.1647 0.5294 0.5921
v 16.430000 9.475000 6.405000 0.1647 0.5294 0.5921
v 16.430000 11.225000 6.405000 0.1647 0.5294 0.5921
v 16.430000 9.475000 6.285000 0.1647 0.5294 0.5921
v 16.430000 11.225000 6.285000 0.1647 0.5294 0.5921
v 16.570000 9.475000 6.405000 0.1647 0.5294 0.5921
v 16.570000 11.225000 6.405000 0.1647 0.5294 0.5921
v 16.570000 9.475000 6.285000 0.1647 0.5294 0.5921
v 16.570000 11.225000 6.285000 0.1647 0.5294 0.5921
v 16.990000 0.600000 5.865000 0.1647 0.5294 0.5921
v 16.990000 7.799999 5.865000 0.1647 0.5294 0.5921
v 16.990000 0.600000 5.725000 0.1647 0.5294 0.5921
v 16.990000 7.799999 5.725000 0.1647 0.5294 0.5921
v 17.109999 0.600000 5.865000 0.1647 0.5294 0.5921
v 17.109999 7.799999 5.865000 0.1647 0.5294 0.5921
v 17.109999 0.600000 5.725000 0.1647 0.5294 0.5921
v 17.109999 7.799999 5.725000 0.1647 0.5294 0.5921
v 16.990000 0.600000 4.898334 0.1647 0.5294 0.5921
v 16.990000 7.799999 4.898334 0.1647 0.5294 0.5921
v 16.990000 0.600000 4.758333 0.1647 0.5294 0.5921
v 16.990000 7.799999 4.758333 0.1647 0.5294 0.5921
v 17.109999 0.600000 4.898334 0.1647 0.5294 0.5921
v 17.109999 7.799999 4.898334 0.1647 0.5294 0.5921
v 17.109999 0.600000 4.758333 0.1647 0.5294 0.5921
v 17.109999 7.799999 4.758333 0.1647 0.5294 0.5921
v 16.990000 0.600000 3.931667 0.1647 0.5294 0.5921
v 16.990000 7.799999 3.931667 0.1647 0.5294 0.5921
v 16.990000 0.600000 3.791667 0.1647 0.5294 0.5921
v 16.990000 7.799999 3.791667 0.1647 0.5294 0.5921
v 17.109999 0.600000 3.931667 0.1647 0.5294 0.5921
v 17.109999 7.799999 3.931667 0.1647 0.5294 0.5921
v 17.109999 0.600000 3.791667 0.1647 0.5294 0.5921
v 17.109999 7.799999 3.791667 0.1647 0.5294 0.5921
v 16.990000 0.600000 2.965000 0.1647 0.5294 0.5921
v 16.990000 7.799999 2.965000 0.1647 0.5294 0.5921
v 16.990000 0.600000 2.825000 0.1647 0.5294 0.5921
v 16.990000 7.799999 2.825000 0.1647 0.5294 0.5921
v 17.109999 0.600000 2.965000 0.1647 0.5294 0.5921
v 17.109999 7.799999 2.965000 0.1647 0.5294 0.5921
v 17.109999 0.600000 2.825000 0.1647 0.5294 0.5921
v 17.109999 7.799999 2.825000 0.1647 0.5294 0.5921
v 16.990000 0.600000 1.998333 0.1647 0.5294 0.5921
v 16.990000 7.799999 1.998333 0.1647 0.5294 0.5921
v 16.990000 0.600000 1.858333 0.1647 0.5294 0.5921
v 16.990000 7.799999 1.858333 0.1647 0.5294 0.5921
v 17.109999 0.600000 1.998333 0.1647 0.5294 0.5921
v 17.109999 7.799999 1.998333 0.1647 0.5294 0.5921
v 17.109999 0.600000 1.858333 0.1647 0.5294 0.5921
v 17.109999 7.799999 1.858333 0.1647 0.5294 0.5921
v 16.990000 0.600000 1.031667 0.1647 0.5294 0.5921
v 16.990000 7.799999 1.031667 0.1647 0.5294 0.5921
v 16.990000 0.600000 0.891667 0.1647 0.5294 0.5921
v 16.990000 7.799999 0.891667 0.1647 0.5294 0.5921
v 17.109999 0.600000 1.031667 0.1647 0.5294 0.5921
v 17.109999 7.799999 1.031667 0.1647 0.5294 0.5921
v 17.109999 0.600000 0.891667 0.1647 0.5294 0.5921
v 17.109999 7.799999 0.891667 0.1647 0.5294 0.5921
v 16.990000 0.600000 0.065000 0.1647 0.5294 0.5921
v 16.990000 7.799999 0.065000 0.1647 0.5294 0.5921
v 16.990000 0.600000 -0.075000 0.1647 0.5294 0.5921
v 16.990000 7.799999 -0.075000 0.1647 0.5294 0.5921
v 17.109999 0.600000 0.065000 0.1647 0.5294 0.5921
v 17.109999 7.799999 0.065000 0.1647 0.5294 0.5921
v 17.109999 0.600000 -0.075000 0.1647 0.5294 0.5921
v 17.109999 7.799999 -0.075000 0.1647 0.5294 0.5921
v 16.990000 0.600000 -0.901667 0.1647 0.5294 0.5921
v 16.990000 7.799999 -0.901667 0.1647 0.5294 0.5921
v 16.990000 0.600000 -1.041667 0.1647 0.5294 0.5921
v 16.990000 7.799999 -1.041667 0.1647 0.5294 0.5921
v 17.109999 0.600000 -0.901667 0.1647 0.5294 0.5921
v 17.109999 7.799999 -0.901667 0.1647 0.5294 0.5921
v 17.109999 0.600000 -1.041667 0.1647 0.5294 0.5921
v 17.109999 7.799999 -1.041667 0.1647 0.5294 0.5921
v 16.990000 0.600000 -1.868333 0.1647 0.5294 0.5921
v 16.990000 7.799999 -1.868333 0.1647 0.5294 0.5921
v 16.990000 0.600000 -2.008333 0.1647 0.5294 0.5921
v 16.990000 7.799999 -2.008333 0.1647 0.5294 0.5921
v 17.109999 0.600000 -1.868333 0.1647 0.5294 0.5921
v 17.109999 7.799999 -1.868333 0.1647 0.5294 0.5921
v 17.109999 0.600000 -2.008333 0.1647 0.5294 0.5921
v 17.109999 7.799999 -2.008333 0.1647 0.5294 0.5921
v 16.990000 0.600000 -2.835000 0.1647 0.5294 0.5921
v 16.990000 7.799999 -2.835000 0.1647 0.5294 0.5921
v 16.990000 0.600000 -2.975000 0.1647 0.5294 0.5921
v 16.990000 7.799999 -2.975000 0.1647 0.5294 0.5921
v 17.109999 0.600000 -2.835000 0.1647 0.5294 0.5921
v 17.109999 7.799999 -2.835000 0.1647 0.5294 0.5921
v 17.109999 0.600000 -2.975000 0.1647 0.5294 0.5921
v 17.109999 7.799999 -2.975000 0.1647 0.5294 0.5921
v 16.990000 0.600000 -3.801666 0.1647 0.5294 0.5921
v 16.990000 7.799999 -3.801666 0.1647 0.5294 0.5921
v 16.990000 0.600000 -3.941667 0.1647 0.5294 0.5921
v 16.990000 7.799999 -3.941667 0.1647 0.5294 0.5921
v 17.109999 0.600000 -3.801666 0.1647 0.5294 0.5921
v 17.109999 7.799999 -3.801666 0.1647 0.5294 0.5921
v 17.109999 0.600000 -3.941667 0.1647 0.5294 0.5921
v 17.109999 7.799999 -3.941667 0.1647 0.5294 0.5921
v 16.990000 0.600000 -4.768333 0.1647 0.5294 0.5921
v 16.990000 7.799999 -4.768333 0.1647 0.5294 0.5921
v 16.990000 0.600000 -4.908333 0.1647 0.5294 0.5921
v 16.990000 7.799999 -4.908333 0.1647 0.5294 0.5921
v 17.109999 0.600000 -4.768333 0.1647 0.5294 0.5921
v 17.109999 7.799999 -4.768333 0.1647 0.5294 0.5921
v 17.109999 0.600000 -4.908333 0.1647 0.5294 0.5921
v 17.109999 7.799999 -4.908333 0.1647 0.5294 0.5921
v 16.990000 0.600000 -5.735000 0.1647 0.5294 0.5921
v 16.990000 7.799999 -5.735000 0.1647 0.5294 0.5921
v 16.990000 0.600000 -5.875000 0.1647 0.5294 0.5921
v 16.990000 7.799999 -5.875000 0.1647 0.5294 0.5921
v 17.109999 0.600000 -5.735000 0.1647 0.5294 0.5921
v 17.109999 7.799999 -5.735000 0.1647 0.5294 0.5921
v 17.109999 0.600000 -5.875000 0.1647 0.5294 0.5921
v 17.109999 7.799999 -5.875000 0.1647 0.5294 0.5921
v 16.990000 0.600000 -6.701666 0.1647 0.5294 0.5921
v 16.990000 7.799999 -6.701666 0.1647 0.5294 0.5921
v 16.990000 0.600000 -6.841667 0.1647 0.5294 0.5921
v 16.990000 7.799999 -6.841667 0.1647 0.5294 0.5921
v 17.109999 0.600000 -6.701666 0.1647 0.5294 0.5921
v 17.109999 7.799999 -6.701666 0.1647 0.5294 0.5921
v 17.109999 0.600000 -6.841667 0.1647 0.5294 0.5921
v 17.109999 7.799999 -6.841667 0.1647 0.5294 0.5921
v 16.990000 0.600000 -7.668333 0.1647 0.5294 0.5921
v 16.990000 7.799999 -7.668333 0.1647 0.5294 0.5921
v 16.990000 0.600000 -7.808334 0.1647 0.5294 0.5921
v 16.990000 7.799999 -7.808334 0.1647 0.5294 0.5921
v 17.109999 0.600000 -7.668333 0.1647 0.5294 0.5921
v 17.109999 7.799999 -7.668333 0.1647 0.5294 0.5921
v 17.109999 0.600000 -7.808334 0.1647 0.5294 0.5921
v 17.109999 7.799999 -7.808334 0.1647 0.5294 0.5921
v 16.990000 0.600000 -8.635000 0.1647 0.5294 0.5921
v 16.990000 7.799999 -8.635000 0.1647 0.5294 0.5921
v 16.990000 0.600000 -8.775000 0.1647 0.5294 0.5921
v 16.990000 7.799999 -8.775000 0.1647 0.5294 0.5921
v 17.109999 0.600000 -8.635000 0.1647 0.5294 0.5921
v 17.109999 7.799999 -8.635000 0.1647 0.5294 0.5921
v 17.109999 0.600000 -8.775000 0.1647 0.5294 0.5921
v 17.109999 7.799999 -8.775000 0.1647 0.5294 0.5921
v -16.740000 0.000000 9.435000 0.8117 0.7921 0.7529
v -16.740000 0.060000 9.495001 0.8117 0.7921 0.7529
v -16.799999 0.060000 9.435000 0.8117 0.7921 0.7529
v -16.740000 1.340000 9.495001 0.8117 0.7921 0.7529
v -16.740000 1.400000 9.435000 0.8117 0.7921 0.7529
v -16.799999 1.340000 9.435000 0.8117 0.7921 0.7529
v -16.740000 0.000000 6.355000 0.8117 0.7921 0.7529
v -16.799999 0.060000 6.355000 0.8117 0.7921 0.7529
v -16.740000 0.060000 6.295001 0.8117 0.7921 0.7529
v -16.740000 1.400000 6.355000 0.8117 0.7921 0.7529
v -16.740000 1.340000 6.295001 0.8117 0.7921 0.7529
v -16.799999 1.340000 6.355000 0.8117 0.7921 0.7529
v 5.939999 0.000000 9.435000 0.8117 0.7921 0.7529
v 6.000000 0.060000 9.435000 0.8117 0.7921 0.7529
v 5.939999 0.060000 9.495001 0.8117 0.7921 0.7529
v 5.939999 1.400000 9.435000 0.8117 0.7921 0.7529
v 5.939999 1.340000 9.495001 0.8117 0.7921 0.7529
v 6.000000 1.340000 9.435000 0.8117 0.7921 0.7529
v 5.939999 0.000000 6.355000 0.8117 0.7921 0.7529
v 5.939999 0.060000 6.295001 0.8117 0.7921 0.7529
v 6.000000 0.060000 6.355000 0.8117 0.7921 0.7529
v 5.939999 1.400000 6.355000 0.8117 0.7921 0.7529
v 6.000000 1.340000 6.355000 0.8117 0.7921 0.7529
v 5.939999 1.340000 6.295001 0.8117 0.7921 0.7529
v -16.799999 1.100000 9.554999 0.9490 0.7608 0.1882
v -16.799999 1.400000 9.554999 0.9490 0.7608 0.1882
v -16.799999 1.100000 9.495000 0.9490 0.7608 0.1882
v -16.799999 1.400000 9.495000 0.9490 0.7608 0.1882
v -15.923077 1.100000 9.554999 0.6079 0.4941 0.1608
v -15.923077 1.400000 9.554999 0.6079 0.4941 0.1608
v -15.923077 1.100000 9.495000 0.6079 0.4941 0.1608
v -15.923077 1.400000 9.495000 0.6079 0.4941 0.1608
v -15.046154 1.100000 9.554999 0.4392 0.3647 0.1451
v -15.046154 1.400000 9.554999 0.4392 0.3647 0.1451
v -15.046154 1.100000 9.495000 0.4392 0.3647 0.1451
v -15.046154 1.400000 9.495000 0.4392 0.3647 0.1451
v -14.169231 1.100000 9.554999 0.6079 0.4941 0.1608
v -14.169231 1.400000 9.554999 0.6079 0.4941 0.1608
v -14.169231 1.100000 9.495000 0.6079 0.4941 0.1608
v -14.169231 1.400000 9.495000 0.6079 0.4941 0.1608
v -13.292308 1.100000 9.554999 0.4392 0.3647 0.1451
v -13.292308 1.400000 9.554999 0.4392 0.3647 0.1451
v -13.292308 1.100000 9.495000 0.4392 0.3647 0.1451
v -13.292308 1.400000 9.495000 0.4392 0.3647 0.1451
v -12.415385 1.100000 9.554999 0.6079 0.4941 0.1608
v -12.415385 1.400000 9.554999 0.6079 0.4941 0.1608
v -12.415385 1.100000 9.495000 0.6079 0.4941 0.1608
v -12.415385 1.400000 9.495000 0.6079 0.4941 0.1608
v -11.538462 1.100000 9.554999 0.4392 0.3647 0.1451
v -11.538462 1.400000 9.554999 0.4392 0.3647 0.1451
v -11.538462 1.100000 9.495000 0.4392 0.3647 0.1451
v -11.538462 1.400000 9.495000 0.4392 0.3647 0.1451
v -10.661539 1.400000 9.554999 0.6079 0.4941 0.1608
v -10.661538 1.100000 9.554999 0.6079 0.4941 0.1608
v -10.661538 1.100000 9.495000 0.6079 0.4941 0.1608
v -10.661538 1.400000 9.495000 0.6079 0.4941 0.1608
v -9.784616 1.100000 9.554999 0.4392 0.3647 0.1451
v -9.784616 1.400000 9.554999 0.4392 0.3647 0.1451
v -9.784616 1.100000 9.495000 0.4392 0.3647 0.1451
v -9.784616 1.400000 9.495000 0.4392 0.3647 0.1451
v -8.907692 1.100000 9.554999 0.4392 0.3647 0.1451
v -8.907692 1.400000 9.554999 0.4392 0.3647 0.1451
v -8.907692 1.100000 9.495000 0.4392 0.3647 0.1451
v -8.907692 1.400000 9.495000 0.4392 0.3647 0.1451
v -8.030769 1.100000 9.554999 0.4392 0.3647 0.1451
v -8.030769 1.400000 9.554999 0.4392 0.3647 0.1451
v -8.030769 1.100000 9.495000 0.4392 0.3647 0.1451
v -8.030769 1.400000 9.495000 0.4392 0.3647 0.1451
v -7.153846 1.100000 9.554999 0.6079 0.4941 0.1608
v -7.153846 1.400000 9.554999 0.6079 0.4941 0.1608
v -7.153846 1.100000 9.495000 0.6079 0.4941 0.1608
v -7.153846 1.400000 9.495000 0.6079 0.4941 0.1608
v -6.276923 1.100000 9.554999 0.4392 0.3647 0.1451
v -6.276923 1.400000 9.554999 0.4392 0.3647 0.1451
v -6.276923 1.100000 9.495000 0.4392 0.3647 0.1451
v -6.276923 1.400000 9.495000 0.4392 0.3647 0.1451
v -5.400000 1.100000 9.554999 0.6079 0.4941 0.1608
v -5.400000 1.400000 9.554999 0.6079 0.4941 0.1608
v -5.400000 1.100000 9.495000 0.6079 0.4941 0.1608
v -5.400000 1.400000 9.495000 0.6079 0.4941 0.1608
v -4.523077 1.100000 9.554999 0.4392 0.3647 0.1451
v -4.523077 1.400000 9.554999 0.4392 0.3647 0.1451
v -4.523077 1.100000 9.495000 0.4392 0.3647 0.1451
v -4.523077 1.400000 9.495000 0.4392 0.3647 0.1451
v -3.646154 1.100000 9.554999 0.6079 0.4941 0.1608
v -3.646154 1.400000 9.554999 0.6079 0.4941 0.1608
v -3.646154 1.100000 9.495000 0.6079 0.4941 0.1608
v -3.646154 1.400000 9.495000 0.6079 0.4941 0.1608
v -2.769231 1.100000 9.554999 0.4392 0.3647 0.1451
v -2.769231 1.400000 9.554999 0.4392 0.3647 0.1451
v -2.769231 1.100000 9.495000 0.4392 0.3647 0.1451
v -2.769231 1.400000 9.495000 0.4392 0.3647 0.1451
v -1.892308 1.100000 9.554999 0.6079 0.4941 0.1608
v -1.892308 1.400000 9.554999 0.6079 0.4941 0.1608
v -1.892308 1.100000 9.495000 0.6079 0.4941 0.1608
v -1.892308 1.400000 9.495000 0.6079 0.4941 0.1608
v -1.015385 1.100000 9.554999 0.6079 0.4941 0.1608
v -1.015385 1.400000 9.554999 0.6079 0.4941 0.1608
v -1.015385 1.100000 9.495000 0.6079 0.4941 0.1608
v -1.015385 1.400000 9.495000 0.6079 0.4941 0.1608
v -0.138462 1.100000 9.554999 0.6079 0.4941 0.1608
v -0.138462 1.400000 9.554999 0.6079 0.4941 0.1608
v -0.138462 1.100000 9.495000 0.6079 0.4941 0.1608
v -0.138462 1.400000 9.495000 0.6079 0.4941 0.1608
v 0.738461 1.100000 9.554999 0.6079 0.4941 0.1608
v 0.738461 1.400000 9.554999 0.6079 0.4941 0.1608
v 0.738461 1.100000 9.495000 0.6079 0.4941 0.1608
v 0.738461 1.400000 9.495000 0.6079 0.4941 0.1608
v 1.615385 1.100000 9.554999 0.6079 0.4941 0.1608
v 1.615385 1.400000 9.554999 0.6079 0.4941 0.1608
v 1.615385 1.100000 9.495000 0.6079 0.4941 0.1608
v 1.615385 1.400000 9.495000 0.6079 0.4941 0.1608
v 2.492308 1.100000 9.554999 0.4392 0.3647 0.1451
v 2.492308 1.400000 9.554999 0.4392 0.3647 0.1451
v 2.492308 1.100000 9.495000 0.4392 0.3647 0.1451
v 2.492308 1.400000 9.495000 0.4392 0.3647 0.1451
v 3.369231 1.100000 9.554999 0.6079 0.4941 0.1608
v 3.369231 1.400000 9.554999 0.6079 0.4941 0.1608
v 3.369231 1.100000 9.495000 0.6079 0.4941 0.1608
v 3.369231 1.400000 9.495000 0.6079 0.4941 0.1608
v 4.246154 1.100000 9.554999 0.4392 0.3647 0.1451
v 4.246154 1.400000 9.554999 0.4392 0.3647 0.1451
v 4.246154 1.100000 9.495000 0.4392 0.3647 0.1451
v 4.246154 1.400000 9.495000 0.4392 0.3647 0.1451
v 5.123077 1.100000 9.554999 0.6079 0.4941 0.1608
v 5.123077 1.400000 9.554999 0.6079 0.4941 0.1608
v 5.123077 1.100000 9.495000 0.6079 0.4941 0.1608
v 5.123077 1.400000 9.495000 0.6079 0.4941 0.1608
v 6.000000 1.100000 9.554999 0.1020 0.1020 0.1216
v 6.000000 1.400000 9.554999 0.1020 0.1020 0.1216
v 6.000000 1.100000 9.495000 0.1020 0.1020 0.1216
v 6.000000 1.400000 9.495000 0.1020 0.1020 0.1216
v 6.030000 0.000000 9.125000 0.6628 0.6432 0.6039
v 6.030000 0.030000 9.155000 0.6628 0.6432 0.6039
v 6.000000 0.030000 9.125000 0.6628 0.6432 0.6039
v 6.030000 0.320000 9.155000 0.6628 0.6432 0.6039
v 6.030000 0.350000 9.125000 0.6628 0.6432 0.6039
v 6.000000 0.320000 9.125000 0.6628 0.6432 0.6039
v 6.030000 0.000000 8.764999 0.6628 0.6432 0.6039
v 6.000000 0.030000 8.764999 0.6628 0.6432 0.6039
v 6.030000 0.030000 8.735000 0.6628 0.6432 0.6039
v 6.030000 0.350000 8.764999 0.6628 0.6432 0.6039
v 6.030000 0.320000 8.735000 0.6628 0.6432 0.6039
v 6.000000 0.320000 8.764999 0.6628 0.6432 0.6039
v 7.770000 0.000000 9.125000 0.6628 0.6432 0.6039
v 7.800000 0.030000 9.125000 0.6628 0.6432 0.6039
v 7.770000 0.030000 9.155000 0.6628 0.6432 0.6039
v 7.770000 0.350000 9.125000 0.6628 0.6432 0.6039
v 7.770000 0.320000 9.155000 0.6628 0.6432 0.6039
v 7.800000 0.320000 9.125000 0.6628 0.6432 0.6039
v 7.770000 0.000000 8.764999 0.6628 0.6432 0.6039
v 7.770000 0.030000 8.735000 0.6628 0.6432 0.6039
v 7.800000 0.030000 8.764999 0.6628 0.6432 0.6039
v 7.770000 0.350000 8.764999 0.6628 0.6432 0.6039
v 7.800000 0.320000 8.764999 0.6628 0.6432 0.6039
v 7.770000 0.320000 8.735000 0.6628 0.6432 0.6039
v 6.030000 0.000000 8.705000 0.6628 0.6432 0.6039
v 6.000000 0.030000 8.705000 0.6628 0.6432 0.6039
v 6.030000 0.670000 8.735000 0.6628 0.6432 0.6039
v 6.030000 0.700000 8.705000 0.6628 0.6432 0.6039
v 6.000000 0.670000 8.705000 0.6628 0.6432 0.6039
v 6.030000 0.000000 8.344999 0.6628 0.6432 0.6039
v 6.000000 0.030000 8.344999 0.6628 0.6432 0.6039
v 6.030000 0.700000 8.344999 0.6628 0.6432 0.6039
v 6.030000 0.670000 8.315000 0.6628 0.6432 0.6039
v 6.000000 0.670000 8.344999 0.6628 0.6432 0.6039
v 7.770000 0.000000 8.705000 0.6628 0.6432 0.6039
v 7.800000 0.030000 8.705000 0.6628 0.6432 0.6039
v 7.770000 0.700000 8.705000 0.6628 0.6432 0.6039
v 7.770000 0.670000 8.735000 0.6628 0.6432 0.6039
v 7.800000 0.670000 8.705000 0.6628 0.6432 0.6039
v 7.770000 0.000000 8.344999 0.6628 0.6432 0.6039
v 7.800000 0.030000 8.344999 0.6628 0.6432 0.6039
v 7.770000 0.700000 8.344999 0.6628 0.6432 0.6039
v 7.800000 0.670000 8.344999 0.6628 0.6432 0.6039
v 7.770000 0.670000 8.315000 0.6628 0.6432 0.6039
v 6.030000 0.000000 8.285000 0.6628 0.6432 0.6039
v 6.030000 0.030000 8.315000 0.6628 0.6432 0.6039
v 6.000000 0.030000 8.285000 0.6628 0.6432 0.6039
v 6.030000 1.020000 8.315000 0.6628 0.6432 0.6039
v 6.030000 1.050000 8.285000 0.6628 0.6432 0.6039
v 6.000000 1.020000 8.285000 0.6628 0.6432 0.6039
v 6.030000 0.000000 7.924999 0.6628 0.6432 0.6039
v 6.000000 0.030000 7.924999 0.6628 0.6432 0.6039
v 6.030000 0.030000 7.895000 0.6628 0.6432 0.6039
v 6.030000 1.050000 7.924999 0.6628 0.6432 0.6039
v 6.030000 1.020000 7.895000 0.6628 0.6432 0.6039
v 6.000000 1.020000 7.924999 0.6628 0.6432 0.6039
v 7.770000 0.000000 8.285000 0.6628 0.6432 0.6039
v 7.800000 0.030000 8.285000 0.6628 0.6432 0.6039
v 7.770000 0.030000 8.315000 0.6628 0.6432 0.6039
v 7.770000 1.050000 8.285000 0.6628 0.6432 0.6039
v 7.770000 1.020000 8.315000 0.6628 0.6432 0.6039
v 7.800000 1.020000 8.285000 0.6628 0.6432 0.6039
v 7.770000 0.000000 7.924999 0.6628 0.6432 0.6039
v 7.800000 0.030000 7.924999 0.6628 0.6432 0.6039
v 7.770000 1.050000 7.924999 0.6628 0.6432 0.6039
v 7.800000 1.020000 7.924999 0.6628 0.6432 0.6039
v 7.770000 1.020000 7.895000 0.6628 0.6432 0.6039
v 6.030000 0.000000 7.865000 0.6628 0.6432 0.6039
v 6.000000 0.030000 7.865000 0.6628 0.6432 0.6039
v 6.030000 1.370000 7.895000 0.6628 0.6432 0.6039
v 6.030000 1.400000 7.865000 0.6628 0.6432 0.6039
v 6.000000 1.370000 7.865000 0.6628 0.6432 0.6039
v 6.030000 0.000000 7.504999 0.6628 0.6432 0.6039
v 6.000000 0.030000 7.504999 0.6628 0.6432 0.6039
v 6.030000 0.030000 7.474999 0.6628 0.6432 0.6039
v 6.030000 1.400000 7.504999 0.6628 0.6432 0.6039
v 6.030000 1.370000 7.474999 0.6628 0.6432 0.6039
v 6.000000 1.370000 7.504999 0.6628 0.6432 0.6039
v 7.770000 0.000000 7.865000 0.6628 0.6432 0.6039
v 7.800000 0.030000 7.865000 0.6628 0.6432 0.6039
v 7.770000 0.030000 7.895000 0.6628 0.6432 0.6039
v 7.770000 1.400000 7.865000 0.6628 0.6432 0.6039
v 7.770000 1.370000 7.895000 0.6628 0.6432 0.6039
v 7.800000 1.370000 7.865000 0.6628 0.6432 0.6039
v 7.770000 0.000000 7.504999 0.6628 0.6432 0.6039
v 7.770000 0.030000 7.474999 0.6628 0.6432 0.6039
v 7.800000 0.030000 7.504999 0.6628 0.6432 0.6039
v 7.770000 1.400000 7.504999 0.6628 0.6432 0.6039
v 7.800000 1.370000 7.504999 0.6628 0.6432 0.6039
v 7.770000 1.370000 7.474999 0.6628 0.6432 0.6039
v 5.900000 1.400000 9.245000 0.9490 0.7608 0.1882
v 5.900000 2.400000 9.245000 0.9490 0.7608 0.1882
v 5.935356 1.400000 9.259645 0.9490 0.7608 0.1882
v 5.935356 2.400000 9.259645 0.9490 0.7608 0.1882
v 5.950000 1.400000 9.295000 0.9490 0.7608 0.1882
v 5.950000 2.400000 9.295000 0.9490 0.7608 0.1882
v 5.935356 1.400000 9.330356 0.9490 0.7608 0.1882
v 5.935356 2.400000 9.330356 0.9490 0.7608 0.1882
v 5.900000 1.400000 9.345000 0.9490 0.7608 0.1882
v 5.900000 2.400000 9.345000 0.9490 0.7608 0.1882
v 5.864645 1.400000 9.330356 0.9490 0.7608 0.1882
v 5.864645 2.400000 9.330356 0.9490 0.7608 0.1882
v 5.850000 1.400000 9.295000 0.9490 0.7608 0.1882
v 5.850000 2.400000 9.295000 0.9490 0.7608 0.1882
v 5.864645 1.400000 9.259645 0.9490 0.7608 0.1882
v 5.864645 2.400000 9.259645 0.9490 0.7608 0.1882
v 5.900000 1.400000 7.895000 0.9490 0.7608 0.1882
v 5.900000 2.400000 7.895000 0.9490 0.7608 0.1882
v 5.935356 1.400000 7.909644 0.9490 0.7608 0.1882
v 5.935356 2.400000 7.909644 0.9490 0.7608 0.1882
v 5.950000 1.400000 7.945000 0.9490 0.7608 0.1882
v 5.950000 2.400000 7.945000 0.9490 0.7608 0.1882
v 5.935356 1.400000 7.980355 0.9490 0.7608 0.1882
v 5.935356 2.400000 7.980355 0.9490 0.7608 0.1882
v 5.900000 1.400000 7.995000 0.9490 0.7608 0.1882
v 5.900000 2.400000 7.995000 0.9490 0.7608 0.1882
v 5.864645 1.400000 7.980355 0.9490 0.7608 0.1882
v 5.864645 2.400000 7.980355 0.9490 0.7608 0.1882
v 5.850000 1.400000 7.945000 0.9490 0.7608 0.1882
v 5.850000 2.400000 7.945000 0.9490 0.7608 0.1882
v 5.864645 1.400000 7.909644 0.9490 0.7608 0.1882
v 5.864645 2.400000 7.909644 0.9490 0.7608 0.1882
v 5.900000 1.400000 6.545000 0.9490 0.7608 0.1882
v 5.900000 2.400000 6.545000 0.9490 0.7608 0.1882
v 5.935356 1.400000 6.559645 0.9490 0.7608 0.1882
v 5.935356 2.400000 6.559645 0.9490 0.7608 0.1882
v 5.950000 1.400000 6.595000 0.9490 0.7608 0.1882
v 5.950000 2.400000 6.595000 0.9490 0.7608 0.1882
v 5.935356 1.400000 6.630356 0.9490 0.7608 0.1882
v 5.935356 2.400000 6.630356 0.9490 0.7608 0.1882
v 5.900000 1.400000 6.645000 0.9490 0.7608 0.1882
v 5.900000 2.400000 6.645000 0.9490 0.7608 0.1882
v 5.864645 1.400000 6.630356 0.9490 0.7608 0.1882
v 5.864645 2.400000 6.630356 0.9490 0.7608 0.1882
v 5.850000 1.400000 6.595000 0.9490 0.7608 0.1882
v 5.850000 2.400000 6.595000 0.9490 0.7608 0.1882
v 5.864645 1.400000 6.559645 0.9490 0.7608 0.1882
v 5.864645 2.400000 6.559645 0.9490 0.7608 0.1882
v 5.870000 2.451962 6.595000 0.9490 0.7608 0.1882
v 5.930000 2.451962 6.595000 0.9490 0.7608 0.1882
v 5.960000 2.400000 6.595000 0.9490 0.7608 0.1882
v 5.930000 2.348039 6.595000 0.9490 0.7608 0.1882
v 5.870000 2.348039 6.595000 0.9490 0.7608 0.1882
v 5.840000 2.400000 6.595000 0.9490 0.7608 0.1882
v 5.870000 2.451962 9.295000 0.9490 0.7608 0.1882
v 5.930000 2.451962 9.295000 0.9490 0.7608 0.1882
v 5.960000 2.400000 9.295000 0.9490 0.7608 0.1882
v 5.930000 2.348039 9.295000 0.9490 0.7608 0.1882
v 5.870000 2.348039 9.295000 0.9490 0.7608 0.1882
v 5.840000 2.400000 9.295000 0.9490 0.7608 0.1882
v 5.880000 1.934641 6.595000 0.9490 0.7608 0.1882
v 5.920000 1.934641 6.595000 0.9490 0.7608 0.1882
v 5.940000 1.900000 6.595000 0.9490 0.7608 0.1882
v 5.920000 1.865359 6.595000 0.9490 0.7608 0.1882
v 5.880000 1.865359 6.595000 0.9490 0.7608 0.1882
v 5.860000 1.900000 6.595000 0.9490 0.7608 0.1882
v 5.880000 1.934641 9.295000 0.9490 0.7608 0.1882
v 5.920000 1.934641 9.295000 0.9490 0.7608 0.1882
v 5.940000 1.900000 9.295000 0.9490 0.7608 0.1882
v 5.920000 1.865359 9.295000 0.9490 0.7608 0.1882
v 5.880000 1.865359 9.295000 0.9490 0.7608 0.1882
v 5.860000 1.900000 9.295000 0.9490 0.7608 0.1882
v -15.070000 1.400000 6.515000 0.9490 0.7608 0.1882
v -15.070000 1.480000 6.595000 0.9490 0.7608 0.1882
v -15.150000 1.480000 6.515000 0.9490 0.7608 0.1882
v -15.070000 7.420000 6.595000 0.9490 0.7608 0.1882
v -15.070000 7.500000 6.515000 0.9490 0.7608 0.1882
v -15.150000 7.420000 6.515000 0.9490 0.7608 0.1882
v -15.070000 1.400000 6.375000 0.9490 0.7608 0.1882
v -15.150000 1.480000 6.375000 0.9490 0.7608 0.1882
v -15.070000 1.480000 6.295000 0.9490 0.7608 0.1882
v -15.070000 7.500000 6.375000 0.9490 0.7608 0.1882
v -15.070000 7.420000 6.295000 0.9490 0.7608 0.1882
v -15.150000 7.420000 6.375000 0.9490 0.7608 0.1882
v -8.930000 1.400000 6.515000 0.9490 0.7608 0.1882
v -8.850000 1.480000 6.515000 0.9490 0.7608 0.1882
v -8.930000 1.480000 6.595000 0.9490 0.7608 0.1882
v -8.930000 7.500000 6.515000 0.9490 0.7608 0.1882
v -8.930000 7.420000 6.595000 0.9490 0.7608 0.1882
v -8.850000 7.420000 6.515000 0.9490 0.7608 0.1882
v -8.930000 1.400000 6.375000 0.9490 0.7608 0.1882
v -8.930000 1.480000 6.295000 0.9490 0.7608 0.1882
v -8.850000 1.480000 6.375000 0.9490 0.7608 0.1882
v -8.930000 7.500000 6.375000 0.9490 0.7608 0.1882
v -8.850000 7.420000 6.375000 0.9490 0.7608 0.1882
v -8.930000 7.420000 6.295000 0.9490 0.7608 0.1882
v -14.700000 1.400000 6.695000 1.0000 0.9647 0.8980
v -14.700000 7.000000 6.695000 1.0000 0.9647 0.8980
v -14.700000 1.400000 6.595000 1.0000 0.9647 0.8980
v -14.700000 7.000000 6.595000 1.0000 0.9647 0.8980
v -9.300000 1.400000 6.695000 1.0000 0.9647 0.8980
v -9.300000 7.000000 6.695000 1.0000 0.9647 0.8980
v -9.300000 1.400000 6.595000 1.0000 0.9647 0.8980
v -9.300000 7.000000 6.595000 1.0000 0.9647 0.8980
v -14.700000 1.987222 6.745000 0.5490 0.5921 0.6393
v -14.700000 2.057222 6.745000 0.5490 0.5921 0.6393
v -14.700000 1.987222 6.684999 0.5490 0.5921 0.6393
v -14.700000 2.057222 6.684999 0.5490 0.5921 0.6393
v -9.300000 1.987222 6.745000 0.5490 0.5921 0.6393
v -9.300000 2.057222 6.745000 0.5490 0.5921 0.6393
v -9.300000 1.987222 6.684999 0.5490 0.5921 0.6393
v -9.300000 2.057222 6.684999 0.5490 0.5921 0.6393
v -14.700000 2.609445 6.745000 0.5490 0.5921 0.6393
v -14.700000 2.679444 6.745000 0.5490 0.5921 0.6393
v -14.700000 2.609445 6.684999 0.5490 0.5921 0.6393
v -14.700000 2.679444 6.684999 0.5490 0.5921 0.6393
v -9.300000 2.609445 6.745000 0.5490 0.5921 0.6393
v -9.300000 2.679444 6.745000 0.5490 0.5921 0.6393
v -9.300000 2.609445 6.684999 0.5490 0.5921 0.6393
v -9.300000 2.679444 6.684999 0.5490 0.5921 0.6393
v -14.700000 3.231667 6.745000 0.5490 0.5921 0.6393
v -14.700000 3.301667 6.745000 0.5490 0.5921 0.6393
v -14.700000 3.231667 6.684999 0.5490 0.5921 0.6393
v -14.700000 3.301667 6.684999 0.5490 0.5921 0.6393
v -9.300000 3.231667 6.745000 0.5490 0.5921 0.6393
v -9.300000 3.301667 6.745000 0.5490 0.5921 0.6393
v -9.300000 3.231667 6.684999 0.5490 0.5921 0.6393
v -9.300000 3.301667 6.684999 0.5490 0.5921 0.6393
v -14.700000 3.853889 6.745000 0.5490 0.5921 0.6393
v -14.700000 3.923889 6.745000 0.5490 0.5921 0.6393
v -14.700000 3.853889 6.684999 0.5490 0.5921 0.6393
v -14.700000 3.923889 6.684999 0.5490 0.5921 0.6393
v -9.300000 3.853889 6.745000 0.5490 0.5921 0.6393
v -9.300000 3.923889 6.745000 0.5490 0.5921 0.6393
v -9.300000 3.853889 6.684999 0.5490 0.5921 0.6393
v -9.300000 3.923889 6.684999 0.5490 0.5921 0.6393
v -14.700000 4.476111 6.745000 0.5490 0.5921 0.6393
v -14.700000 4.546111 6.745000 0.5490 0.5921 0.6393
v -14.700000 4.476111 6.684999 0.5490 0.5921 0.6393
v -14.700000 4.546111 6.684999 0.5490 0.5921 0.6393
v -9.300000 4.476111 6.745000 0.5490 0.5921 0.6393
v -9.300000 4.546111 6.745000 0.5490 0.5921 0.6393
v -9.300000 4.476111 6.684999 0.5490 0.5921 0.6393
v -9.300000 4.546111 6.684999 0.5490 0.5921 0.6393
v -14.700000 5.098333 6.745000 0.5490 0.5921 0.6393
v -14.700000 5.168334 6.745000 0.5490 0.5921 0.6393
v -14.700000 5.098333 6.684999 0.5490 0.5921 0.6393
v -14.700000 5.168334 6.684999 0.5490 0.5921 0.6393
v -9.300000 5.098333 6.745000 0.5490 0.5921 0.6393
v -9.300000 5.168334 6.745000 0.5490 0.5921 0.6393
v -9.300000 5.098333 6.684999 0.5490 0.5921 0.6393
v -9.300000 5.168334 6.684999 0.5490 0.5921 0.6393
v -14.700000 5.720556 6.745000 0.5490 0.5921 0.6393
v -14.700000 5.790555 6.745000 0.5490 0.5921 0.6393
v -14.700000 5.720556 6.684999 0.5490 0.5921 0.6393
v -14.700000 5.790555 6.684999 0.5490 0.5921 0.6393
v -9.300000 5.720556 6.745000 0.5490 0.5921 0.6393
v -9.300000 5.790555 6.745000 0.5490 0.5921 0.6393
v -9.300000 5.720556 6.684999 0.5490 0.5921 0.6393
v -9.300000 5.790555 6.684999 0.5490 0.5921 0.6393
v -14.700000 6.342778 6.745000 0.5490 0.5921 0.6393
v -14.700000 6.412778 6.745000 0.5490 0.5921 0.6393
v -14.700000 6.342778 6.684999 0.5490 0.5921 0.6393
v -14.700000 6.412778 6.684999 0.5490 0.5921 0.6393
v -9.300000 6.342778 6.745000 0.5490 0.5921 0.6393
v -9.300000 6.412778 6.745000 0.5490 0.5921 0.6393
v -9.300000 6.342778 6.684999 0.5490 0.5921 0.6393
v -9.300000 6.412778 6.684999 0.5490 0.5921 0.6393
v -12.790000 1.780000 6.785000 0.7216 0.7608 0.8000
v -12.790000 1.800000 6.805000 0.7216 0.7608 0.8000
v -12.810000 1.800000 6.785000 0.7216 0.7608 0.8000
v -12.790000 1.900000 6.805000 0.7216 0.7608 0.8000
v -12.790000 1.920000 6.785000 0.7216 0.7608 0.8000
v -12.810000 1.900000 6.785000 0.7216 0.7608 0.8000
v -12.790000 1.780000 6.725000 0.7216 0.7608 0.8000
v -12.810000 1.800000 6.725000 0.7216 0.7608 0.8000
v -12.790000 1.800000 6.705000 0.7216 0.7608 0.8000
v -12.790000 1.920000 6.725000 0.7216 0.7608 0.8000
v -12.790000 1.900000 6.705000 0.7216 0.7608 0.8000
v -12.810000 1.900000 6.725000 0.7216 0.7608 0.8000
v -11.210000 1.780000 6.785000 0.7216 0.7608 0.8000
v -11.190000 1.800000 6.785000 0.7216 0.7608 0.8000
v -11.210000 1.800000 6.805000 0.7216 0.7608 0.8000
v -11.210000 1.920000 6.785000 0.7216 0.7608 0.8000
v -11.210000 1.900000 6.805000 0.7216 0.7608 0.8000
v -11.190000 1.900000 6.785000 0.7216 0.7608 0.8000
v -11.210000 1.780000 6.725000 0.7216 0.7608 0.8000
v -11.210000 1.800000 6.705000 0.7216 0.7608 0.8000
v -11.190000 1.800000 6.725000 0.7216 0.7608 0.8000
v -11.210000 1.920000 6.725000 0.7216 0.7608 0.8000
v -11.190000 1.900000 6.725000 0.7216 0.7608 0.8000
v -11.210000 1.900000 6.705000 0.7216 0.7608 0.8000
v -14.950000 7.225000 6.945000 0.9490 0.7608 0.1882
v -14.950000 7.325000 7.045000 0.9490 0.7608 0.1882
v -15.050000 7.325000 6.945000 0.9490 0.7608 0.1882
v -14.950001 7.254289 7.015711 0.9490 0.7608 0.1882
v -15.007736 7.267265 7.002735 0.9490 0.7608 0.1882
v -15.020712 7.325000 7.015711 0.9490 0.7608 0.1882
v -15.020712 7.254289 6.945000 0.9490 0.7608 0.1882
v -14.950000 7.675000 7.045000 0.9490 0.7608 0.1882
v -14.950000 7.775000 6.945000 0.9490 0.7608 0.1882
v -15.050000 7.675000 6.945000 0.9490 0.7608 0.1882
v -14.950001 7.745711 7.015711 0.9490 0.7608 0.1882
v -15.007736 7.732735 7.002735 0.9490 0.7608 0.1882
v -15.020712 7.745711 6.945000 0.9490 0.7608 0.1882
v -15.020712 7.675000 7.015711 0.9490 0.7608 0.1882
v -14.950000 7.225000 6.445000 0.9490 0.7608 0.1882
v -15.050000 7.325000 6.445000 0.9490 0.7608 0.1882
v -14.950000 7.325000 6.345000 0.9490 0.7608 0.1882
v -15.020712 7.254289 6.445000 0.9490 0.7608 0.1882
v -15.007736 7.267265 6.387265 0.9490 0.7608 0.1882
v -15.020712 7.325000 6.374290 0.9490 0.7608 0.1882
v -14.950001 7.254289 6.374290 0.9490 0.7608 0.1882
v -14.950000 7.775000 6.445000 0.9490 0.7608 0.1882
v -14.950000 7.675000 6.345000 0.9490 0.7608 0.1882
v -15.050000 7.675000 6.445000 0.9490 0.7608 0.1882
v -14.950001 7.745711 6.374290 0.9490 0.7608 0.1882
v -15.007736 7.732735 6.387265 0.9490 0.7608 0.1882
v -15.020712 7.675000 6.374290 0.9490 0.7608 0.1882
v -15.020712 7.745711 6.445000 0.9490 0.7608 0.1882
v -9.050000 7.225000 6.945000 0.9490 0.7608 0.1882
v -8.950000 7.325000 6.945000 0.9490 0.7608 0.1882
v -9.050000 7.325000 7.045000 0.9490 0.7608 0.1882
v -8.979288 7.254289 6.945000 0.9490 0.7608 0.1882
v -8.992264 7.267265 7.002735 0.9490 0.7608 0.1882
v -8.979288 7.325000 7.015711 0.9490 0.7608 0.1882
v -9.049999 7.254289 7.015711 0.9490 0.7608 0.1882
v -9.050000 7.775000 6.945000 0.9490 0.7608 0.1882
v -9.050000 7.675000 7.045000 0.9490 0.7608 0.1882
v -8.950000 7.675000 6.945000 0.9490 0.7608 0.1882
v -9.049999 7.745711 7.015711 0.9490 0.7608 0.1882
v -8.992264 7.732735 7.002735 0.9490 0.7608 0.1882
v -8.979288 7.675000 7.015711 0.9490 0.7608 0.1882
v -8.979288 7.745711 6.945000 0.9490 0.7608 0.1882
v -9.050000 7.225000 6.445000 0.9490 0.7608 0.1882
v -9.050000 7.325000 6.345000 0.9490 0.7608 0.1882
v -8.950000 7.325000 6.445000 0.9490 0.7608 0.1882
v -9.049999 7.254289 6.374290 0.9490 0.7608 0.1882
v -8.992264 7.267265 6.387265 0.9490 0.7608 0.1882
v -8.979288 7.325000 6.374290 0.9490 0.7608 0.1882
v -8.979288 7.254289 6.445000 0.9490 0.7608 0.1882
v -9.050000 7.775000 6.445000 0.9490 0.7608 0.1882
v -8.950000 7.675000 6.445000 0.9490 0.7608 0.1882
v -9.050000 7.675000 6.345000 0.9490 0.7608 0.1882
v -8.979288 7.745711 6.445000 0.9490 0.7608 0.1882
v -8.992264 7.732735 6.387265 0.9490 0.7608 0.1882
v -8.979288 7.675000 6.374290 0.9490 0.7608 0.1882
v -9.049999 7.745711 6.374290 0.9490 0.7608 0.1882
v -14.490000 1.500000 7.335000 0.1020 0.1020 0.1216
v -14.490000 1.560000 7.395000 0.1020 0.1020 0.1216
v -14.550000 1.560000 7.335000 0.1020 0.1020 0.1216
v -14.490000 2.340000 7.395000 0.1020 0.1020 0.1216
v -14.490000 2.400000 7.335000 0.1020 0.1020 0.1216
v -14.550000 2.340000 7.335000 0.1020 0.1020 0.1216
v -14.490000 1.500000 6.955001 0.1020 0.1020 0.1216
v -14.550000 1.560000 6.955001 0.1020 0.1020 0.1216
v -14.490000 1.560000 6.895000 0.1020 0.1020 0.1216
v -14.490000 2.400000 6.955001 0.1020 0.1020 0.1216
v -14.490000 2.340000 6.895000 0.1020 0.1020 0.1216
v -14.550000 2.340000 6.955001 0.1020 0.1020 0.1216
v -14.110001 1.500000 7.335000 0.1020 0.1020 0.1216
v -14.050000 1.560000 7.335000 0.1020 0.1020 0.1216
v -14.110001 1.560000 7.395000 0.1020 0.1020 0.1216
v -14.110001 2.400000 7.335000 0.1020 0.1020 0.1216
v -14.110001 2.340000 7.395000 0.1020 0.1020 0.1216
v -14.050000 2.340000 7.335000 0.1020 0.1020 0.1216
v -14.110001 1.500000 6.955001 0.1020 0.1020 0.1216
v -14.110001 1.560000 6.895000 0.1020 0.1020 0.1216
v -14.050000 1.560000 6.955001 0.1020 0.1020 0.1216
v -14.110001 2.400000 6.955001 0.1020 0.1020 0.1216
v -14.050000 2.340000 6.955001 0.1020 0.1020 0.1216
v -14.110001 2.340000 6.895000 0.1020 0.1020 0.1216
v -9.889999 1.500000 7.335000 0.1020 0.1020 0.1216
v -9.889999 1.560000 7.395000 0.1020 0.1020 0.1216
v -9.950000 1.560000 7.335000 0.1020 0.1020 0.1216
v -9.889999 2.340000 7.395000 0.1020 0.1020 0.1216
v -9.889999 2.400000 7.335000 0.1020 0.1020 0.1216
v -9.950000 2.340000 7.335000 0.1020 0.1020 0.1216
v -9.889999 1.500000 6.955001 0.1020 0.1020 0.1216
v -9.950000 1.560000 6.955001 0.1020 0.1020 0.1216
v -9.889999 1.560000 6.895000 0.1020 0.1020 0.1216
v -9.889999 2.400000 6.955001 0.1020 0.1020 0.1216
v -9.889999 2.340000 6.895000 0.1020 0.1020 0.1216
v -9.950000 2.340000 6.955001 0.1020 0.1020 0.1216
v -9.510000 1.500000 7.335000 0.1020 0.1020 0.1216
v -9.450000 1.560000 7.335000 0.1020 0.1020 0.1216
v -9.510000 1.560000 7.395000 0.1020 0.1020 0.1216
v -9.510000 2.400000 7.335000 0.1020 0.1020 0.1216
v -9.510000 2.340000 7.395000 0.1020 0.1020 0.1216
v -9.450000 2.340000 7.335000 0.1020 0.1020 0.1216
v -9.510000 1.500000 6.955001 0.1020 0.1020 0.1216
v -9.510000 1.560000 6.895000 0.1020 0.1020 0.1216
v -9.450000 1.560000 6.955001 0.1020 0.1020 0.1216
v -9.510000 2.400000 6.955001 0.1020 0.1020 0.1216
v -9.450000 2.340000 6.955001 0.1020 0.1020 0.1216
v -9.510000 2.340000 6.895000 0.1020 0.1020 0.1216
v -14.080000 1.400000 7.474999 0.5490 0.5921 0.6393
v -14.080000 1.420000 7.495000 0.5490 0.5921 0.6393
v -14.100000 1.420000 7.474999 0.5490 0.5921 0.6393
v -14.080000 1.480000 7.495000 0.5490 0.5921 0.6393
v -14.080000 1.500000 7.474999 0.5490 0.5921 0.6393
v -14.100000 1.480000 7.474999 0.5490 0.5921 0.6393
v -14.080000 1.400000 6.515000 0.5490 0.5921 0.6393
v -14.100000 1.420000 6.515000 0.5490 0.5921 0.6393
v -14.080000 1.420000 6.495000 0.5490 0.5921 0.6393
v -14.080000 1.500000 6.515000 0.5490 0.5921 0.6393
v -14.080000 1.480000 6.495000 0.5490 0.5921 0.6393
v -14.100000 1.480000 6.515000 0.5490 0.5921 0.6393
v -9.920000 1.400000 7.474999 0.5490 0.5921 0.6393
v -9.900000 1.420000 7.474999 0.5490 0.5921 0.6393
v -9.920000 1.420000 7.495000 0.5490 0.5921 0.6393
v -9.920000 1.500000 7.474999 0.5490 0.5921 0.6393
v -9.920000 1.480000 7.495000 0.5490 0.5921 0.6393
v -9.900000 1.480000 7.474999 0.5490 0.5921 0.6393
v -9.920000 1.400000 6.515000 0.5490 0.5921 0.6393
v -9.920000 1.420000 6.495000 0.5490 0.5921 0.6393
v -9.900000 1.420000 6.515000 0.5490 0.5921 0.6393
v -9.920000 1.500000 6.515000 0.5490 0.5921 0.6393
v -9.900000 1.480000 6.515000 0.5490 0.5921 0.6393
v -9.920000 1.480000 6.495000 0.5490 0.5921 0.6393
v -12.000000 8.900000 7.195000 0.9490 0.7608 0.1882
v -12.000000 8.866506 7.070000 0.9490 0.7608 0.1882
v -12.000000 8.650000 6.945000 0.9490 0.7608 0.1882
v -12.000000 8.433494 7.070000 0.9490 0.7608 0.1882
v -12.000000 8.400000 7.195000 0.9490 0.7608 0.1882
v -11.926527 8.866506 7.093873 0.9490 0.7608 0.1882
v -11.872741 8.775000 7.019842 0.9490 0.7608 0.1882
v -11.853054 8.650000 6.992745 0.9490 0.7608 0.1882
v -11.872741 8.525000 7.019842 0.9490 0.7608 0.1882
v -11.926527 8.433494 7.093873 0.9490 0.7608 0.1882
v -11.881118 8.866506 7.156373 0.9490 0.7608 0.1882
v -11.794090 8.775000 7.128096 0.9490 0.7608 0.1882
v -11.762236 8.650000 7.117745 0.9490 0.7608 0.1882
v -11.794090 8.525000 7.128096 0.9490 0.7608 0.1882
v -11.881118 8.433494 7.156373 0.9490 0.7608 0.1882
v -11.881118 8.866506 7.233626 0.9490 0.7608 0.1882
v -11.794090 8.775000 7.261904 0.9490 0.7608 0.1882
v -11.762236 8.650000 7.272254 0.9490 0.7608 0.1882
v -11.794090 8.525000 7.261904 0.9490 0.7608 0.1882
v -11.881118 8.433494 7.233626 0.9490 0.7608 0.1882
v -11.926527 8.866506 7.296126 0.9490 0.7608 0.1882
v -11.872741 8.775000 7.370157 0.9490 0.7608 0.1882
v -11.853054 8.650000 7.397254 0.9490 0.7608 0.1882
v -11.872741 8.525000 7.370157 0.9490 0.7608 0.1882
v -11.926527 8.433494 7.296126 0.9490 0.7608 0.1882
v -12.000000 8.866506 7.320000 0.9490 0.7608 0.1882
v -12.000000 8.775000 7.411506 0.9490 0.7608 0.1882
v -12.000000 8.650000 7.445000 0.9490 0.7608 0.1882
v -12.000000 8.525000 7.411506 0.9490 0.7608 0.1882
v -12.000000 8.433494 7.320000 0.9490 0.7608 0.1882
v -12.073473 8.866506 7.296127 0.9490 0.7608 0.1882
v -12.127259 8.775000 7.370157 0.9490 0.7608 0.1882
v -12.146946 8.650000 7.397254 0.9490 0.7608 0.1882
v -12.127259 8.525000 7.370157 0.9490 0.7608 0.1882
v -12.073473 8.433494 7.296127 0.9490 0.7608 0.1882
v -12.118882 8.866506 7.233626 0.9490 0.7608 0.1882
v -12.205910 8.775000 7.261904 0.9490 0.7608 0.1882
v -12.237764 8.650000 7.272254 0.9490 0.7608 0.1882
v -12.205910 8.525000 7.261904 0.9490 0.7608 0.1882
v -12.118882 8.433494 7.233626 0.9490 0.7608 0.1882
v -12.118882 8.866506 7.156373 0.9490 0.7608 0.1882
v -12.205910 8.775000 7.128096 0.9490 0.7608 0.1882
v -12.237764 8.650000 7.117745 0.9490 0.7608 0.1882
v -12.205910 8.525000 7.128096 0.9490 0.7608 0.1882
v -12.118882 8.433494 7.156373 0.9490 0.7608 0.1882
v -12.073473 8.866506 7.093873 0.9490 0.7608 0.1882
v -12.127259 8.775000 7.019842 0.9490 0.7608 0.1882
v -12.146946 8.650000 6.992745 0.9490 0.7608 0.1882
v -12.127259 8.525000 7.019842 0.9490 0.7608 0.1882
v -12.073473 8.433494 7.093873 0.9490 0.7608 0.1882
v -12.000000 8.775000 6.978494 0.9490 0.7608 0.1882
v -12.000000 8.525000 6.978494 0.9490 0.7608 0.1882
v -12.200000 8.650001 7.145000 0.1804 0.2078 0.3137
v -12.200000 8.700000 7.195000 0.1804 0.2078 0.3137
v -12.250000 8.700000 7.145000 0.1804 0.2078 0.3137
v -12.200000 8.900001 7.195000 0.1804 0.2078 0.3137
v -12.200000 8.950000 7.145000 0.1804 0.2078 0.3137
v -12.250000 8.900001 7.145000 0.1804 0.2078 0.3137
v -12.200000 8.650001 6.745000 0.1804 0.2078 0.3137
v -12.250000 8.700000 6.745000 0.1804 0.2078 0.3137
v -12.200000 8.700000 6.695000 0.1804 0.2078 0.3137
v -12.200000 8.950000 6.745000 0.1804 0.2078 0.3137
v -12.200000 8.900001 6.695000 0.1804 0.2078 0.3137
v -12.250000 8.900001 6.745000 0.1804 0.2078 0.3137
v -11.800000 8.650001 7.145000 0.1804 0.2078 0.3137
v -11.750000 8.700000 7.145000 0.1804 0.2078 0.3137
v -11.800000 8.700000 7.195000 0.1804 0.2078 0.3137
v -11.800000 8.950000 7.145000 0.1804 0.2078 0.3137
v -11.800000 8.900001 7.195000 0.1804 0.2078 0.3137
v -11.750000 8.900001 7.145000 0.1804 0.2078 0.3137
v -11.800000 8.650001 6.745000 0.1804 0.2078 0.3137
v -11.800000 8.700000 6.695000 0.1804 0.2078 0.3137
v -11.750000 8.700000 6.745000 0.1804 0.2078 0.3137
v -11.800000 8.950000 6.745000 0.1804 0.2078 0.3137
v -11.750000 8.900001 6.745000 0.1804 0.2078 0.3137
v -11.800000 8.900001 6.695000 0.1804 0.2078 0.3137
v -16.279999 5.750000 6.595000 0.1804 0.2078 0.3137
v -16.279999 5.870000 6.715000 0.1804 0.2078 0.3137
v -16.400000 5.870000 6.595000 0.1804 0.2078 0.3137
v -16.279999 5.785147 6.679853 0.1804 0.2078 0.3137
v -16.349281 5.800718 6.664282 0.1804 0.2078 0.3137
v -16.364853 5.870000 6.679853 0.1804 0.2078 0.3137
v -16.364853 5.785147 6.595000 0.1804 0.2078 0.3137
v -16.279999 6.930000 6.715000 0.1804 0.2078 0.3137
v -16.279999 7.050000 6.595000 0.1804 0.2078 0.3137
v -16.400000 6.930000 6.595000 0.1804 0.2078 0.3137
v -16.279999 7.014853 6.679853 0.1804 0.2078 0.3137
v -16.349281 6.999282 6.664282 0.1804 0.2078 0.3137
v -16.364853 7.014853 6.595000 0.1804 0.2078 0.3137
v -16.364853 6.930000 6.679853 0.1804 0.2078 0.3137
v -16.279999 5.750000 6.535000 0.1804 0.2078 0.3137
v -16.400000 5.870000 6.535000 0.1804 0.2078 0.3137
v -16.279999 5.870000 6.415000 0.1804 0.2078 0.3137
v -16.364853 5.785147 6.534999 0.1804 0.2078 0.3137
v -16.349281 5.800718 6.465717 0.1804 0.2078 0.3137
v -16.364853 5.870000 6.450147 0.1804 0.2078 0.3137
v -16.279999 5.785147 6.450147 0.1804 0.2078 0.3137
v -16.279999 7.050000 6.535000 0.1804 0.2078 0.3137
v -16.279999 6.930000 6.415000 0.1804 0.2078 0.3137
v -16.400000 6.930000 6.535000 0.1804 0.2078 0.3137
v -16.279999 7.014853 6.450147 0.1804 0.2078 0.3137
v -16.349281 6.999282 6.465717 0.1804 0.2078 0.3137
v -16.364853 6.930000 6.450147 0.1804 0.2078 0.3137
v -16.364853 7.014853 6.534999 0.1804 0.2078 0.3137
v -14.920000 5.750000 6.595000 0.1804 0.2078 0.3137
v -14.800000 5.870000 6.595000 0.1804 0.2078 0.3137
v -14.920000 5.870000 6.715000 0.1804 0.2078 0.3137
v -14.835147 5.785147 6.595000 0.1804 0.2078 0.3137
v -14.850718 5.800718 6.664282 0.1804 0.2078 0.3137
v -14.835147 5.870000 6.679853 0.1804 0.2078 0.3137
v -14.920000 5.785147 6.679853 0.1804 0.2078 0.3137
v -14.920000 7.050000 6.595000 0.1804 0.2078 0.3137
v -14.920000 6.930000 6.715000 0.1804 0.2078 0.3137
v -14.800000 6.930000 6.595000 0.1804 0.2078 0.3137
v -14.920000 7.014853 6.679853 0.1804 0.2078 0.3137
v -14.850718 6.999282 6.664282 0.1804 0.2078 0.3137
v -14.835147 6.930000 6.679853 0.1804 0.2078 0.3137
v -14.835147 7.014853 6.595000 0.1804 0.2078 0.3137
v -14.920000 5.750000 6.535000 0.1804 0.2078 0.3137
v -14.920000 5.870000 6.415000 0.1804 0.2078 0.3137
v -14.800000 5.870000 6.535000 0.1804 0.2078 0.3137
v -14.920000 5.785147 6.450147 0.1804 0.2078 0.3137
v -14.850718 5.800718 6.465717 0.1804 0.2078 0.3137
v -14.835147 5.870000 6.450147 0.1804 0.2078 0.3137
v -14.835147 5.785147 6.534999 0.1804 0.2078 0.3137
v -14.920000 7.050000 6.535000 0.1804 0.2078 0.3137
v -14.800000 6.930000 6.535000 0.1804 0.2078 0.3137
v -14.920000 6.930000 6.415000 0.1804 0.2078 0.3137
v -14.835147 7.014853 6.534999 0.1804 0.2078 0.3137
v -14.850718 6.999282 6.465717 0.1804 0.2078 0.3137
v -14.835147 6.930000 6.450147 0.1804 0.2078 0.3137
v -14.920000 7.014853 6.450147 0.1804 0.2078 0.3137
v -16.100000 6.050000 6.775000 1.0000 0.9647 0.8980
v -16.100000 6.750000 6.775000 1.0000 0.9647 0.8980
v -16.100000 6.050000 6.715000 1.0000 0.9647 0.8980
v -16.100000 6.750000 6.715000 1.0000 0.9647 0.8980
v -15.100000 6.050000 6.775000 1.0000 0.9647 0.8980
v -15.100000 6.750000 6.775000 1.0000 0.9647 0.8980
v -15.100000 6.050000 6.715000 1.0000 0.9647 0.8980
v -15.100000 6.750000 6.715000 1.0000 0.9647 0.8980
v -8.070000 1.400000 6.515000 0.9490 0.7608 0.1882
v -8.070000 1.480000 6.595000 0.9490 0.7608 0.1882
v -8.150000 1.480000 6.515000 0.9490 0.7608 0.1882
v -8.070000 7.420000 6.595000 0.9490 0.7608 0.1882
v -8.070000 7.500000 6.515000 0.9490 0.7608 0.1882
v -8.150000 7.420000 6.515000 0.9490 0.7608 0.1882
v -8.070000 1.400000 6.375000 0.9490 0.7608 0.1882
v -8.150000 1.480000 6.375000 0.9490 0.7608 0.1882
v -8.070000 1.480000 6.295000 0.9490 0.7608 0.1882
v -8.070000 7.500000 6.375000 0.9490 0.7608 0.1882
v -8.070000 7.420000 6.295000 0.9490 0.7608 0.1882
v -8.150000 7.420000 6.375000 0.9490 0.7608 0.1882
v -1.930000 1.400000 6.515000 0.9490 0.7608 0.1882
v -1.850000 1.480000 6.515000 0.9490 0.7608 0.1882
v -1.930000 1.480000 6.595000 0.9490 0.7608 0.1882
v -1.930000 7.500000 6.515000 0.9490 0.7608 0.1882
v -1.930000 7.420000 6.595000 0.9490 0.7608 0.1882
v -1.850000 7.420000 6.515000 0.9490 0.7608 0.1882
v -1.930000 1.400000 6.375000 0.9490 0.7608 0.1882
v -1.930000 1.480000 6.295000 0.9490 0.7608 0.1882
v -1.850000 1.480000 6.375000 0.9490 0.7608 0.1882
v -1.930000 7.500000 6.375000 0.9490 0.7608 0.1882
v -1.850000 7.420000 6.375000 0.9490 0.7608 0.1882
v -1.930000 7.420000 6.295000 0.9490 0.7608 0.1882
v -7.700000 1.400000 6.695000 1.0000 0.9647 0.8980
v -7.700000 7.000000 6.695000 1.0000 0.9647 0.8980
v -7.700000 1.400000 6.595000 1.0000 0.9647 0.8980
v -7.700000 7.000000 6.595000 1.0000 0.9647 0.8980
v -2.300000 1.400000 6.695000 1.0000 0.9647 0.8980
v -2.300000 7.000000 6.695000 1.0000 0.9647 0.8980
v -2.300000 1.400000 6.595000 1.0000 0.9647 0.8980
v -2.300000 7.000000 6.595000 1.0000 0.9647 0.8980
v -7.700000 1.987222 6.745000 0.5490 0.5921 0.6393
v -7.700000 2.057222 6.745000 0.5490 0.5921 0.6393
v -7.700000 1.987222 6.684999 0.5490 0.5921 0.6393
v -7.700000 2.057222 6.684999 0.5490 0.5921 0.6393
v -2.300000 1.987222 6.745000 0.5490 0.5921 0.6393
v -2.300000 2.057222 6.745000 0.5490 0.5921 0.6393
v -2.300000 1.987222 6.684999 0.5490 0.5921 0.6393
v -2.300000 2.057222 6.684999 0.5490 0.5921 0.6393
v -7.700000 2.609445 6.745000 0.5490 0.5921 0.6393
v -7.700000 2.679444 6.745000 0.5490 0.5921 0.6393
v -7.700000 2.609445 6.684999 0.5490 0.5921 0.6393
v -7.700000 2.679444 6.684999 0.5490 0.5921 0.6393
v -2.300000 2.609445 6.745000 0.5490 0.5921 0.6393
v -2.300000 2.679444 6.745000 0.5490 0.5921 0.6393
v -2.300000 2.609445 6.684999 0.5490 0.5921 0.6393
v -2.300000 2.679444 6.684999 0.5490 0.5921 0.6393
v -7.700000 3.231667 6.745000 0.5490 0.5921 0.6393
v -7.700000 3.301667 6.745000 0.5490 0.5921 0.6393
v -7.700000 3.231667 6.684999 0.5490 0.5921 0.6393
v -7.700000 3.301667 6.684999 0.5490 0.5921 0.6393
v -2.300000 3.231667 6.745000 0.5490 0.5921 0.6393
v -2.300000 3.301667 6.745000 0.5490 0.5921 0.6393
v -2.300000 3.231667 6.684999 0.5490 0.5921 0.6393
v -2.300000 3.301667 6.684999 0.5490 0.5921 0.6393
v -7.700000 3.853889 6.745000 0.5490 0.5921 0.6393
v -7.700000 3.923889 6.745000 0.5490 0.5921 0.6393
v -7.700000 3.853889 6.684999 0.5490 0.5921 0.6393
v -7.700000 3.923889 6.684999 0.5490 0.5921 0.6393
v -2.300000 3.853889 6.745000 0.5490 0.5921 0.6393
v -2.300000 3.923889 6.745000 0.5490 0.5921 0.6393
v -2.300000 3.853889 6.684999 0.5490 0.5921 0.6393
v -2.300000 3.923889 6.684999 0.5490 0.5921 0.6393
v -7.700000 4.476111 6.745000 0.5490 0.5921 0.6393
v -7.700000 4.546111 6.745000 0.5490 0.5921 0.6393
v -7.700000 4.476111 6.684999 0.5490 0.5921 0.6393
v -7.700000 4.546111 6.684999 0.5490 0.5921 0.6393
v -2.300000 4.476111 6.745000 0.5490 0.5921 0.6393
v -2.300000 4.546111 6.745000 0.5490 0.5921 0.6393
v -2.300000 4.476111 6.684999 0.5490 0.5921 0.6393
v -2.300000 4.546111 6.684999 0.5490 0.5921 0.6393
v -7.700000 5.098333 6.745000 0.5490 0.5921 0.6393
v -7.700000 5.168334 6.745000 0.5490 0.5921 0.6393
v -7.700000 5.098333 6.684999 0.5490 0.5921 0.6393
v -7.700000 5.168334 6.684999 0.5490 0.5921 0.6393
v -2.300000 5.098333 6.745000 0.5490 0.5921 0.6393
v -2.300000 5.168334 6.745000 0.5490 0.5921 0.6393
v -2.300000 5.098333 6.684999 0.5490 0.5921 0.6393
v -2.300000 5.168334 6.684999 0.5490 0.5921 0.6393
v -7.700000 5.720556 6.745000 0.5490 0.5921 0.6393
v -7.700000 5.790555 6.745000 0.5490 0.5921 0.6393
v -7.700000 5.720556 6.684999 0.5490 0.5921 0.6393
v -7.700000 5.790555 6.684999 0.5490 0.5921 0.6393
v -2.300000 5.720556 6.745000 0.5490 0.5921 0.6393
v -2.300000 5.790555 6.745000 0.5490 0.5921 0.6393
v -2.300000 5.720556 6.684999 0.5490 0.5921 0.6393
v -2.300000 5.790555 6.684999 0.5490 0.5921 0.6393
v -7.700000 6.342778 6.745000 0.5490 0.5921 0.6393
v -7.700000 6.412778 6.745000 0.5490 0.5921 0.6393
v -7.700000 6.342778 6.684999 0.5490 0.5921 0.6393
v -7.700000 6.412778 6.684999 0.5490 0.5921 0.6393
v -2.300000 6.342778 6.745000 0.5490 0.5921 0.6393
v -2.300000 6.412778 6.745000 0.5490 0.5921 0.6393
v -2.300000 6.342778 6.684999 0.5490 0.5921 0.6393
v -2.300000 6.412778 6.684999 0.5490 0.5921 0.6393
v -5.790000 1.780000 6.785000 0.7216 0.7608 0.8000
v -5.790000 1.800000 6.805000 0.7216 0.7608 0.8000
v -5.810000 1.800000 6.785000 0.7216 0.7608 0.8000
v -5.790000 1.900000 6.805000 0.7216 0.7608 0.8000
v -5.790000 1.920000 6.785000 0.7216 0.7608 0.8000
v -5.810000 1.900000 6.785000 0.7216 0.7608 0.8000
v -5.790000 1.780000 6.725000 0.7216 0.7608 0.8000
v -5.810000 1.800000 6.725000 0.7216 0.7608 0.8000
v -5.790000 1.800000 6.705000 0.7216 0.7608 0.8000
v -5.790000 1.920000 6.725000 0.7216 0.7608 0.8000
v -5.790000 1.900000 6.705000 0.7216 0.7608 0.8000
v -5.810000 1.900000 6.725000 0.7216 0.7608 0.8000
v -4.210000 1.780000 6.785000 0.7216 0.7608 0.8000
v -4.190000 1.800000 6.785000 0.7216 0.7608 0.8000
v -4.210000 1.800000 6.805000 0.7216 0.7608 0.8000
v -4.210000 1.920000 6.785000 0.7216 0.7608 0.8000
v -4.210000 1.900000 6.805000 0.7216 0.7608 0.8000
v -4.190000 1.900000 6.785000 0.7216 0.7608 0.8000
v -4.210000 1.780000 6.725000 0.7216 0.7608 0.8000
v -4.210000 1.800000 6.705000 0.7216 0.7608 0.8000
v -4.190000 1.800000 6.725000 0.7216 0.7608 0.8000
v -4.210000 1.920000 6.725000 0.7216 0.7608 0.8000
v -4.190000 1.900000 6.725000 0.7216 0.7608 0.8000
v -4.210000 1.900000 6.705000 0.7216 0.7608 0.8000
v -7.950000 7.225000 6.945000 0.9490 0.7608 0.1882
v -7.950000 7.325000 7.045000 0.9490 0.7608 0.1882
v -8.050000 7.325000 6.945000 0.9490 0.7608 0.1882
v -7.950000 7.254289 7.015711 0.9490 0.7608 0.1882
v -8.007735 7.267265 7.002735 0.9490 0.7608 0.1882
v -8.020711 7.325000 7.015711 0.9490 0.7608 0.1882
v -8.020711 7.254289 6.945000 0.9490 0.7608 0.1882
v -7.950000 7.675000 7.045000 0.9490 0.7608 0.1882
v -7.950000 7.775000 6.945000 0.9490 0.7608 0.1882
v -8.050000 7.675000 6.945000 0.9490 0.7608 0.1882
v -7.950000 7.745711 7.015711 0.9490 0.7608 0.1882
v -8.007735 7.732735 7.002735 0.9490 0.7608 0.1882
v -8.020711 7.745711 6.945000 0.9490 0.7608 0.1882
v -8.020711 7.675000 7.015711 0.9490 0.7608 0.1882
v -7.950000 7.225000 6.445000 0.9490 0.7608 0.1882
v -8.050000 7.325000 6.445000 0.9490 0.7608 0.1882
v -7.950000 7.325000 6.345000 0.9490 0.7608 0.1882
v -8.020711 7.254289 6.445000 0.9490 0.7608 0.1882
v -8.007735 7.267265 6.387265 0.9490 0.7608 0.1882
v -8.020711 7.325000 6.374290 0.9490 0.7608 0.1882
v -7.950000 7.254289 6.374290 0.9490 0.7608 0.1882
v -7.950000 7.775000 6.445000 0.9490 0.7608 0.1882
v -7.950000 7.675000 6.345000 0.9490 0.7608 0.1882
v -8.050000 7.675000 6.445000 0.9490 0.7608 0.1882
v -7.950000 7.745711 6.374290 0.9490 0.7608 0.1882
v -8.007735 7.732735 6.387265 0.9490 0.7608 0.1882
v -8.020711 7.675000 6.374290 0.9490 0.7608 0.1882
v -8.020711 7.745711 6.445000 0.9490 0.7608 0.1882
v -2.050000 7.225000 6.945000 0.9490 0.7608 0.1882
v -1.950000 7.325000 6.945000 0.9490 0.7608 0.1882
v -2.050000 7.325000 7.045000 0.9490 0.7608 0.1882
v -1.979290 7.254289 6.945000 0.9490 0.7608 0.1882
v -1.992265 7.267265 7.002735 0.9490 0.7608 0.1882
v -1.979290 7.325000 7.015711 0.9490 0.7608 0.1882
v -2.050000 7.254289 7.015711 0.9490 0.7608 0.1882
v -2.050000 7.775000 6.945000 0.9490 0.7608 0.1882
v -2.050000 7.675000 7.045000 0.9490 0.7608 0.1882
v -1.950000 7.675000 6.945000 0.9490 0.7608 0.1882
v -2.050000 7.745711 7.015711 0.9490 0.7608 0.1882
v -1.992265 7.732735 7.002735 0.9490 0.7608 0.1882
v -1.979290 7.675000 7.015711 0.9490 0.7608 0.1882
v -1.979290 7.745711 6.945000 0.9490 0.7608 0.1882
v -2.050000 7.225000 6.445000 0.9490 0.7608 0.1882
v -2.050000 7.325000 6.345000 0.9490 0.7608 0.1882
v -1.950000 7.325000 6.445000 0.9490 0.7608 0.1882
v -2.050000 7.254289 6.374290 0.9490 0.7608 0.1882
v -1.992265 7.267265 6.387265 0.9490 0.7608 0.1882
v -1.979290 7.325000 6.374290 0.9490 0.7608 0.1882
v -1.979290 7.254289 6.445000 0.9490 0.7608 0.1882
v -2.050000 7.775000 6.445000 0.9490 0.7608 0.1882
v -1.950000 7.675000 6.445000 0.9490 0.7608 0.1882
v -2.050000 7.675000 6.345000 0.9490 0.7608 0.1882
v -1.979290 7.745711 6.445000 0.9490 0.7608 0.1882
v -1.992265 7.732735 6.387265 0.9490 0.7608 0.1882
v -1.979290 7.675000 6.374290 0.9490 0.7608 0.1882
v -2.050000 7.745711 6.374290 0.9490 0.7608 0.1882
v -7.490000 1.500000 7.335000 0.1020 0.1020 0.1216
v -7.490000 1.560000 7.395000 0.1020 0.1020 0.1216
v -7.550000 1.560000 7.335000 0.1020 0.1020 0.1216
v -7.490000 2.340000 7.395000 0.1020 0.1020 0.1216
v -7.490000 2.400000 7.335000 0.1020 0.1020 0.1216
v -7.550000 2.340000 7.335000 0.1020 0.1020 0.1216
v -7.490000 1.500000 6.955001 0.1020 0.1020 0.1216
v -7.550000 1.560000 6.955001 0.1020 0.1020 0.1216
v -7.490000 1.560000 6.895000 0.1020 0.1020 0.1216
v -7.490000 2.400000 6.955001 0.1020 0.1020 0.1216
v -7.490000 2.340000 6.895000 0.1020 0.1020 0.1216
v -7.550000 2.340000 6.955001 0.1020 0.1020 0.1216
v -7.110000 1.500000 7.335000 0.1020 0.1020 0.1216
v -7.050000 1.560000 7.335000 0.1020 0.1020 0.1216
v -7.110000 1.560000 7.395000 0.1020 0.1020 0.1216
v -7.110000 2.400000 7.335000 0.1020 0.1020 0.1216
v -7.110000 2.340000 7.395000 0.1020 0.1020 0.1216
v -7.050000 2.340000 7.335000 0.1020 0.1020 0.1216
v -7.110000 1.500000 6.955001 0.1020 0.1020 0.1216
v -7.110000 1.560000 6.895000 0.1020 0.1020 0.1216
v -7.050000 1.560000 6.955001 0.1020 0.1020 0.1216
v -7.110000 2.400000 6.955001 0.1020 0.1020 0.1216
v -7.050000 2.340000 6.955001 0.1020 0.1020 0.1216
v -7.110000 2.340000 6.895000 0.1020 0.1020 0.1216
v -2.890000 1.500000 7.335000 0.1020 0.1020 0.1216
v -2.890000 1.560000 7.395000 0.1020 0.1020 0.1216
v -2.950000 1.560000 7.335000 0.1020 0.1020 0.1216
v -2.890000 2.340000 7.395000 0.1020 0.1020 0.1216
v -2.890000 2.400000 7.335000 0.1020 0.1020 0.1216
v -2.950000 2.340000 7.335000 0.1020 0.1020 0.1216
v -2.890000 1.500000 6.955001 0.1020 0.1020 0.1216
v -2.950000 1.560000 6.955001 0.1020 0.1020 0.1216
v -2.890000 1.560000 6.895000 0.1020 0.1020 0.1216
v -2.890000 2.400000 6.955001 0.1020 0.1020 0.1216
v -2.890000 2.340000 6.895000 0.1020 0.1020 0.1216
v -2.950000 2.340000 6.955001 0.1020 0.1020 0.1216
v -2.510000 1.500000 7.335000 0.1020 0.1020 0.1216
v -2.450000 1.560000 7.335000 0.1020 0.1020 0.1216
v -2.510000 1.560000 7.395000 0.1020 0.1020 0.1216
v -2.510000 2.400000 7.335000 0.1020 0.1020 0.1216
v -2.510000 2.340000 7.395000 0.1020 0.1020 0.1216
v -2.450000 2.340000 7.335000 0.1020 0.1020 0.1216
v -2.510000 1.500000 6.955001 0.1020 0.1020 0.1216
v -2.510000 1.560000 6.895000 0.1020 0.1020 0.1216
v -2.450000 1.560000 6.955001 0.1020 0.1020 0.1216
v -2.510000 2.400000 6.955001 0.1020 0.1020 0.1216
v -2.450000 2.340000 6.955001 0.1020 0.1020 0.1216
v -2.510000 2.340000 6.895000 0.1020 0.1020 0.1216
v -7.080000 1.400000 7.474999 0.5490 0.5921 0.6393
v -7.080000 1.420000 7.495000 0.5490 0.5921 0.6393
v -7.100000 1.420000 7.474999 0.5490 0.5921 0.6393
v -7.080000 1.480000 7.495000 0.5490 0.5921 0.6393
v -7.080000 1.500000 7.474999 0.5490 0.5921 0.6393
v -7.100000 1.480000 7.474999 0.5490 0.5921 0.6393
v -7.080000 1.400000 6.515000 0.5490 0.5921 0.6393
v -7.100000 1.420000 6.515000 0.5490 0.5921 0.6393
v -7.080000 1.420000 6.495000 0.5490 0.5921 0.6393
v -7.080000 1.500000 6.515000 0.5490 0.5921 0.6393
v -7.080000 1.480000 6.495000 0.5490 0.5921 0.6393
v -7.100000 1.480000 6.515000 0.5490 0.5921 0.6393
v -2.920000 1.400000 7.474999 0.5490 0.5921 0.6393
v -2.900000 1.420000 7.474999 0.5490 0.5921 0.6393
v -2.920000 1.420000 7.495000 0.5490 0.5921 0.6393
v -2.920000 1.500000 7.474999 0.5490 0.5921 0.6393
v -2.920000 1.480000 7.495000 0.5490 0.5921 0.6393
v -2.900000 1.480000 7.474999 0.5490 0.5921 0.6393
v -2.920000 1.400000 6.515000 0.5490 0.5921 0.6393
v -2.920000 1.420000 6.495000 0.5490 0.5921 0.6393
v -2.900000 1.420000 6.515000 0.5490 0.5921 0.6393
v -2.920000 1.500000 6.515000 0.5490 0.5921 0.6393
v -2.900000 1.480000 6.515000 0.5490 0.5921 0.6393
v -2.920000 1.480000 6.495000 0.5490 0.5921 0.6393
v -5.000000 8.900000 7.195000 0.9490 0.7608 0.1882
v -5.000000 8.866506 7.070000 0.9490 0.7608 0.1882
v -5.000000 8.650000 6.945000 0.9490 0.7608 0.1882
v -5.000000 8.433494 7.070000 0.9490 0.7608 0.1882
v -5.000000 8.400000 7.195000 0.9490 0.7608 0.1882
v -4.926527 8.866506 7.093873 0.9490 0.7608 0.1882
v -4.872741 8.775000 7.019842 0.9490 0.7608 0.1882
v -4.853054 8.650000 6.992745 0.9490 0.7608 0.1882
v -4.872741 8.525000 7.019842 0.9490 0.7608 0.1882
v -4.926527 8.433494 7.093873 0.9490 0.7608 0.1882
v -4.881118 8.866506 7.156373 0.9490 0.7608 0.1882
v -4.794090 8.775000 7.128096 0.9490 0.7608 0.1882
v -4.762236 8.650000 7.117745 0.9490 0.7608 0.1882
v -4.794090 8.525000 7.128096 0.9490 0.7608 0.1882
v -4.881118 8.433494 7.156373 0.9490 0.7608 0.1882
v -4.881118 8.866506 7.233626 0.9490 0.7608 0.1882
v -4.794090 8.775000 7.261904 0.9490 0.7608 0.1882
v -4.762236 8.650000 7.272254 0.9490 0.7608 0.1882
v -4.794090 8.525000 7.261904 0.9490 0.7608 0.1882
v -4.881118 8.433494 7.233626 0.9490 0.7608 0.1882
v -4.926527 8.866506 7.296126 0.9490 0.7608 0.1882
v -4.872741 8.775000 7.370157 0.9490 0.7608 0.1882
v -4.853054 8.650000 7.397254 0.9490 0.7608 0.1882
v -4.872741 8.525000 7.370157 0.9490 0.7608 0.1882
v -4.926527 8.433494 7.296126 0.9490 0.7608 0.1882
v -5.000000 8.866506 7.320000 0.9490 0.7608 0.1882
v -5.000000 8.775000 7.411506 0.9490 0.7608 0.1882
v -5.000000 8.650000 7.445000 0.9490 0.7608 0.1882
v -5.000000 8.525000 7.411506 0.9490 0.7608 0.1882
v -5.000000 8.433494 7.320000 0.9490 0.7608 0.1882
v -5.073473 8.866506 7.296127 0.9490 0.7608 0.1882
v -5.127259 8.775000 7.370157 0.9490 0.7608 0.1882
v -5.146946 8.650000 7.397254 0.9490 0.7608 0.1882
v -5.127259 8.525000 7.370157 0.9490 0.7608 0.1882
v -5.073473 8.433494 7.296127 0.9490 0.7608 0.1882
v -5.118882 8.866506 7.233626 0.9490 0.7608 0.1882
v -5.205910 8.775000 7.261904 0.9490 0.7608 0.1882
v -5.237764 8.650000 7.272254 0.9490 0.7608 0.1882
v -5.205910 8.525000 7.261904 0.9490 0.7608 0.1882
v -5.118882 8.433494 7.233626 0.9490 0.7608 0.1882
v -5.118882 8.866506 7.156373 0.9490 0.7608 0.1882
v -5.205910 8.775000 7.128096 0.9490 0.7608 0.1882
v -5.237764 8.650000 7.117745 0.9490 0.7608 0.1882
v -5.205910 8.525000 7.128096 0.9490 0.7608 0.1882
v -5.118882 8.433494 7.156373 0.9490 0.7608 0.1882
v -5.073473 8.866506 7.093873 0.9490 0.7608 0.1882
v -5.127259 8.775000 7.019842 0.9490 0.7608 0.1882
v -5.146946 8.650000 6.992745 0.9490 0.7608 0.1882
v -5.127259 8.525000 7.019842 0.9490 0.7608 0.1882
v -5.073473 8.433494 7.093873 0.9490 0.7608 0.1882
v -5.000000 8.775000 6.978494 0.9490 0.7608 0.1882
v -5.000000 8.525000 6.978494 0.9490 0.7608 0.1882
v -5.200000 8.650001 7.145000 0.1804 0.2078 0.3137
v -5.200000 8.700000 7.195000 0.1804 0.2078 0.3137
v -5.250000 8.700000 7.145000 0.1804 0.2078 0.3137
v -5.200000 8.900001 7.195000 0.1804 0.2078 0.3137
v -5.200000 8.950000 7.145000 0.1804 0.2078 0.3137
v -5.250000 8.900001 7.145000 0.1804 0.2078 0.3137
v -5.200000 8.650001 6.745000 0.1804 0.2078 0.3137
v -5.250000 8.700000 6.745000 0.1804 0.2078 0.3137
v -5.200000 8.700000 6.695000 0.1804 0.2078 0.3137
v -5.200000 8.950000 6.745000 0.1804 0.2078 0.3137
v -5.200000 8.900001 6.695000 0.1804 0.2078 0.3137
v -5.250000 8.900001 6.745000 0.1804 0.2078 0.3137
v -4.800000 8.650001 7.145000 0.1804 0.2078 0.3137
v -4.750000 8.700000 7.145000 0.1804 0.2078 0.3137
v -4.800000 8.700000 7.195000 0.1804 0.2078 0.3137
v -4.800000 8.950000 7.145000 0.1804 0.2078 0.3137
v -4.800000 8.900001 7.195000 0.1804 0.2078 0.3137
v -4.750000 8.900001 7.145000 0.1804 0.2078 0.3137
v -4.800000 8.650001 6.745000 0.1804 0.2078 0.3137
v -4.800000 8.700000 6.695000 0.1804 0.2078 0.3137
v -4.750000 8.700000 6.745000 0.1804 0.2078 0.3137
v -4.800000 8.950000 6.745000 0.1804 0.2078 0.3137
v -4.750000 8.900001 6.745000 0.1804 0.2078 0.3137
v -4.800000 8.900001 6.695000 0.1804 0.2078 0.3137
v -9.280001 5.750000 6.595000 0.1804 0.2078 0.3137
v -9.280001 5.870000 6.715000 0.1804 0.2078 0.3137
v -9.400001 5.870000 6.595000 0.1804 0.2078 0.3137
v -9.280001 5.785147 6.679853 0.1804 0.2078 0.3137
v -9.349282 5.800718 6.664282 0.1804 0.2078 0.3137
v -9.364854 5.870000 6.679853 0.1804 0.2078 0.3137
v -9.364854 5.785147 6.595000 0.1804 0.2078 0.3137
v -9.280001 6.930000 6.715000 0.1804 0.2078 0.3137
v -9.280001 7.050000 6.595000 0.1804 0.2078 0.3137
v -9.400001 6.930000 6.595000 0.1804 0.2078 0.3137
v -9.280001 7.014853 6.679853 0.1804 0.2078 0.3137
v -9.349282 6.999282 6.664282 0.1804 0.2078 0.3137
v -9.364854 7.014853 6.595000 0.1804 0.2078 0.3137
v -9.364854 6.930000 6.679853 0.1804 0.2078 0.3137
v -9.280001 5.750000 6.535000 0.1804 0.2078 0.3137
v -9.400001 5.870000 6.535000 0.1804 0.2078 0.3137
v -9.280001 5.870000 6.415000 0.1804 0.2078 0.3137
v -9.364854 5.785147 6.534999 0.1804 0.2078 0.3137
v -9.349282 5.800718 6.465717 0.1804 0.2078 0.3137
v -9.364854 5.870000 6.450147 0.1804 0.2078 0.3137
v -9.280001 5.785147 6.450147 0.1804 0.2078 0.3137
v -9.280001 7.050000 6.535000 0.1804 0.2078 0.3137
v -9.280001 6.930000 6.415000 0.1804 0.2078 0.3137
v -9.400001 6.930000 6.535000 0.1804 0.2078 0.3137
v -9.280001 7.014853 6.450147 0.1804 0.2078 0.3137
v -9.349282 6.999282 6.465717 0.1804 0.2078 0.3137
v -9.364854 6.930000 6.450147 0.1804 0.2078 0.3137
v -9.364854 7.014853 6.534999 0.1804 0.2078 0.3137
v -7.920000 5.750000 6.595000 0.1804 0.2078 0.3137
v -7.800000 5.870000 6.595000 0.1804 0.2078 0.3137
v -7.920000 5.870000 6.715000 0.1804 0.2078 0.3137
v -7.835147 5.785147 6.595000 0.1804 0.2078 0.3137
v -7.850718 5.800718 6.664282 0.1804 0.2078 0.3137
v -7.835147 5.870000 6.679853 0.1804 0.2078 0.3137
v -7.920000 5.785147 6.679853 0.1804 0.2078 0.3137
v -7.920000 7.050000 6.595000 0.1804 0.2078 0.3137
v -7.920000 6.930000 6.715000 0.1804 0.2078 0.3137
v -7.800000 6.930000 6.595000 0.1804 0.2078 0.3137
v -7.920000 7.014853 6.679853 0.1804 0.2078 0.3137
v -7.850718 6.999282 6.664282 0.1804 0.2078 0.3137
v -7.835147 6.930000 6.679853 0.1804 0.2078 0.3137
v -7.835147 7.014853 6.595000 0.1804 0.2078 0.3137
v -7.920000 5.750000 6.535000 0.1804 0.2078 0.3137
v -7.920000 5.870000 6.415000 0.1804 0.2078 0.3137
v -7.800000 5.870000 6.535000 0.1804 0.2078 0.3137
v -7.920000 5.785147 6.450147 0.1804 0.2078 0.3137
v -7.850718 5.800718 6.465717 0.1804 0.2078 0.3137
v -7.835147 5.870000 6.450147 0.1804 0.2078 0.3137
v -7.835147 5.785147 6.534999 0.1804 0.2078 0.3137
v -7.920000 7.050000 6.535000 0.1804 0.2078 0.3137
v -7.800000 6.930000 6.535000 0.1804 0.2078 0.3137
v -7.920000 6.930000 6.415000 0.1804 0.2078 0.3137
v -7.835147 7.014853 6.534999 0.1804 0.2078 0.3137
v -7.850718 6.999282 6.465717 0.1804 0.2078 0.3137
v -7.835147 6.930000 6.450147 0.1804 0.2078 0.3137
v -7.920000 7.014853 6.450147 0.1804 0.2078 0.3137
v -9.100000 6.050000 6.775000 1.0000 0.9647 0.8980
v -9.100000 6.750000 6.775000 1.0000 0.9647 0.8980
v -9.100000 6.050000 6.715000 1.0000 0.9647 0.8980
v -9.100000 6.750000 6.715000 1.0000 0.9647 0.8980
v -8.100000 6.050000 6.775000 1.0000 0.9647 0.8980
v -8.100000 6.750000 6.775000 1.0000 0.9647 0.8980
v -8.100000 6.050000 6.715000 1.0000 0.9647 0.8980
v -8.100000 6.750000 6.715000 1.0000 0.9647 0.8980
v -1.070000 1.400000 6.515000 0.9490 0.7608 0.1882
v -1.070000 1.480000 6.595000 0.9490 0.7608 0.1882
v -1.150000 1.480000 6.515000 0.9490 0.7608 0.1882
v -1.070000 7.420000 6.595000 0.9490 0.7608 0.1882
v -1.070000 7.500000 6.515000 0.9490 0.7608 0.1882
v -1.150000 7.420000 6.515000 0.9490 0.7608 0.1882
v -1.070000 1.400000 6.375000 0.9490 0.7608 0.1882
v -1.150000 1.480000 6.375000 0.9490 0.7608 0.1882
v -1.070000 1.480000 6.295000 0.9490 0.7608 0.1882
v -1.070000 7.500000 6.375000 0.9490 0.7608 0.1882
v -1.070000 7.420000 6.295000 0.9490 0.7608 0.1882
v -1.150000 7.420000 6.375000 0.9490 0.7608 0.1882
v 5.070000 1.400000 6.515000 0.9490 0.7608 0.1882
v 5.150000 1.480000 6.515000 0.9490 0.7608 0.1882
v 5.070000 1.480000 6.595000 0.9490 0.7608 0.1882
v 5.070000 7.500000 6.515000 0.9490 0.7608 0.1882
v 5.070000 7.420000 6.595000 0.9490 0.7608 0.1882
v 5.150000 7.420000 6.515000 0.9490 0.7608 0.1882
v 5.070000 1.400000 6.375000 0.9490 0.7608 0.1882
v 5.070000 1.480000 6.295000 0.9490 0.7608 0.1882
v 5.150000 1.480000 6.375000 0.9490 0.7608 0.1882
v 5.070000 7.500000 6.375000 0.9490 0.7608 0.1882
v 5.150000 7.420000 6.375000 0.9490 0.7608 0.1882
v 5.070000 7.420000 6.295000 0.9490 0.7608 0.1882
v -0.700000 1.400000 6.695000 1.0000 0.9647 0.8980
v -0.700000 7.000000 6.695000 1.0000 0.9647 0.8980
v -0.700000 1.400000 6.595000 1.0000 0.9647 0.8980
v -0.700000 7.000000 6.595000 1.0000 0.9647 0.8980
v 4.700000 1.400000 6.695000 1.0000 0.9647 0.8980
v 4.700000 7.000000 6.695000 1.0000 0.9647 0.8980
v 4.700000 1.400000 6.595000 1.0000 0.9647 0.8980
v 4.700000 7.000000 6.595000 1.0000 0.9647 0.8980
v -0.700000 1.987222 6.745000 0.5490 0.5921 0.6393
v -0.700000 2.057222 6.745000 0.5490 0.5921 0.6393
v -0.700000 1.987222 6.684999 0.5490 0.5921 0.6393
v -0.700000 2.057222 6.684999 0.5490 0.5921 0.6393
v 4.700000 1.987222 6.745000 0.5490 0.5921 0.6393
v 4.700000 2.057222 6.745000 0.5490 0.5921 0.6393
v 4.700000 1.987222 6.684999 0.5490 0.5921 0.6393
v 4.700000 2.057222 6.684999 0.5490 0.5921 0.6393
v -0.700000 2.609445 6.745000 0.5490 0.5921 0.6393
v -0.700000 2.679444 6.745000 0.5490 0.5921 0.6393
v -0.700000 2.609445 6.684999 0.5490 0.5921 0.6393
v -0.700000 2.679444 6.684999 0.5490 0.5921 0.6393
v 4.700000 2.609445 6.745000 0.5490 0.5921 0.6393
v 4.700000 2.679444 6.745000 0.5490 0.5921 0.6393
v 4.700000 2.609445 6.684999 0.5490 0.5921 0.6393
v 4.700000 2.679444 6.684999 0.5490 0.5921 0.6393
v -0.700000 3.231667 6.745000 0.5490 0.5921 0.6393
v -0.700000 3.301667 6.745000 0.5490 0.5921 0.6393
v -0.700000 3.231667 6.684999 0.5490 0.5921 0.6393
v -0.700000 3.301667 6.684999 0.5490 0.5921 0.6393
v 4.700000 3.231667 6.745000 0.5490 0.5921 0.6393
v 4.700000 3.301667 6.745000 0.5490 0.5921 0.6393
v 4.700000 3.231667 6.684999 0.5490 0.5921 0.6393
v 4.700000 3.301667 6.684999 0.5490 0.5921 0.6393
v -0.700000 3.853889 6.745000 0.5490 0.5921 0.6393
v -0.700000 3.923889 6.745000 0.5490 0.5921 0.6393
v -0.700000 3.853889 6.684999 0.5490 0.5921 0.6393
v -0.700000 3.923889 6.684999 0.5490 0.5921 0.6393
v 4.700000 3.853889 6.745000 0.5490 0.5921 0.6393
v 4.700000 3.923889 6.745000 0.5490 0.5921 0.6393
v 4.700000 3.853889 6.684999 0.5490 0.5921 0.6393
v 4.700000 3.923889 6.684999 0.5490 0.5921 0.6393
v -0.700000 4.476111 6.745000 0.5490 0.5921 0.6393
v -0.700000 4.546111 6.745000 0.5490 0.5921 0.6393
v -0.700000 4.476111 6.684999 0.5490 0.5921 0.6393
v -0.700000 4.546111 6.684999 0.5490 0.5921 0.6393
v 4.700000 4.476111 6.745000 0.5490 0.5921 0.6393
v 4.700000 4.546111 6.745000 0.5490 0.5921 0.6393
v 4.700000 4.476111 6.684999 0.5490 0.5921 0.6393
v 4.700000 4.546111 6.684999 0.5490 0.5921 0.6393
v -0.700000 5.098333 6.745000 0.5490 0.5921 0.6393
v -0.700000 5.168334 6.745000 0.5490 0.5921 0.6393
v -0.700000 5.098333 6.684999 0.5490 0.5921 0.6393
v -0.700000 5.168334 6.684999 0.5490 0.5921 0.6393
v 4.700000 5.098333 6.745000 0.5490 0.5921 0.6393
v 4.700000 5.168334 6.745000 0.5490 0.5921 0.6393
v 4.700000 5.098333 6.684999 0.5490 0.5921 0.6393
v 4.700000 5.168334 6.684999 0.5490 0.5921 0.6393
v -0.700000 5.720556 6.745000 0.5490 0.5921 0.6393
v -0.700000 5.790555 6.745000 0.5490 0.5921 0.6393
v -0.700000 5.720556 6.684999 0.5490 0.5921 0.6393
v -0.700000 5.790555 6.684999 0.5490 0.5921 0.6393
v 4.700000 5.720556 6.745000 0.5490 0.5921 0.6393
v 4.700000 5.790555 6.745000 0.5490 0.5921 0.6393
v 4.700000 5.720556 6.684999 0.5490 0.5921 0.6393
v 4.700000 5.790555 6.684999 0.5490 0.5921 0.6393
v -0.700000 6.342778 6.745000 0.5490 0.5921 0.6393
v -0.700000 6.412778 6.745000 0.5490 0.5921 0.6393
v -0.700000 6.342778 6.684999 0.5490 0.5921 0.6393
v -0.700000 6.412778 6.684999 0.5490 0.5921 0.6393
v 4.700000 6.342778 6.745000 0.5490 0.5921 0.6393
v 4.700000 6.412778 6.745000 0.5490 0.5921 0.6393
v 4.700000 6.342778 6.684999 0.5490 0.5921 0.6393
v 4.700000 6.412778 6.684999 0.5490 0.5921 0.6393
v 1.210000 1.780000 6.785000 0.7216 0.7608 0.8000
v 1.210000 1.800000 6.805000 0.7216 0.7608 0.8000
v 1.190000 1.800000 6.785000 0.7216 0.7608 0.8000
v 1.210000 1.900000 6.805000 0.7216 0.7608 0.8000
v 1.210000 1.920000 6.785000 0.7216 0.7608 0.8000
v 1.190000 1.900000 6.785000 0.7216 0.7608 0.8000
v 1.210000 1.780000 6.725000 0.7216 0.7608 0.8000
v 1.190000 1.800000 6.725000 0.7216 0.7608 0.8000
v 1.210000 1.800000 6.705000 0.7216 0.7608 0.8000
v 1.210000 1.920000 6.725000 0.7216 0.7608 0.8000
v 1.210000 1.900000 6.705000 0.7216 0.7608 0.8000
v 1.190000 1.900000 6.725000 0.7216 0.7608 0.8000
v 2.790000 1.780000 6.785000 0.7216 0.7608 0.8000
v 2.810000 1.800000 6.785000 0.7216 0.7608 0.8000
v 2.790000 1.800000 6.805000 0.7216 0.7608 0.8000
v 2.790000 1.920000 6.785000 0.7216 0.7608 0.8000
v 2.790000 1.900000 6.805000 0.7216 0.7608 0.8000
v 2.810000 1.900000 6.785000 0.7216 0.7608 0.8000
v 2.790000 1.780000 6.725000 0.7216 0.7608 0.8000
v 2.790000 1.800000 6.705000 0.7216 0.7608 0.8000
v 2.810000 1.800000 6.725000 0.7216 0.7608 0.8000
v 2.790000 1.920000 6.725000 0.7216 0.7608 0.8000
v 2.810000 1.900000 6.725000 0.7216 0.7608 0.8000
v 2.790000 1.900000 6.705000 0.7216 0.7608 0.8000
v -0.950000 7.225000 6.945000 0.9490 0.7608 0.1882
v -0.950000 7.325000 7.045000 0.9490 0.7608 0.1882
v -1.050000 7.325000 6.945000 0.9490 0.7608 0.1882
v -0.950000 7.254289 7.015711 0.9490 0.7608 0.1882
v -1.007735 7.267265 7.002735 0.9490 0.7608 0.1882
v -1.020711 7.325000 7.015711 0.9490 0.7608 0.1882
v -1.020711 7.254289 6.945000 0.9490 0.7608 0.1882
v -0.950000 7.675000 7.045000 0.9490 0.7608 0.1882
v -0.950000 7.775000 6.945000 0.9490 0.7608 0.1882
v -1.050000 7.675000 6.945000 0.9490 0.7608 0.1882
v -0.950000 7.745711 7.015711 0.9490 0.7608 0.1882
v -1.007735 7.732735 7.002735 0.9490 0.7608 0.1882
v -1.020711 7.745711 6.945000 0.9490 0.7608 0.1882
v -1.020711 7.675000 7.015711 0.9490 0.7608 0.1882
v -0.950000 7.225000 6.445000 0.9490 0.7608 0.1882
v -1.050000 7.325000 6.445000 0.9490 0.7608 0.1882
v -0.950000 7.325000 6.345000 0.9490 0.7608 0.1882
v -1.020711 7.254289 6.445000 0.9490 0.7608 0.1882
v -1.007735 7.267265 6.387265 0.9490 0.7608 0.1882
v -1.020711 7.325000 6.374290 0.9490 0.7608 0.1882
v -0.950000 7.254289 6.374290 0.9490 0.7608 0.1882
v -0.950000 7.775000 6.445000 0.9490 0.7608 0.1882
v -0.950000 7.675000 6.345000 0.9490 0.7608 0.1882
v -1.050000 7.675000 6.445000 0.9490 0.7608 0.1882
v -0.950000 7.745711 6.374290 0.9490 0.7608 0.1882
v -1.007735 7.732735 6.387265 0.9490 0.7608 0.1882
v -1.020711 7.675000 6.374290 0.9490 0.7608 0.1882
v -1.020711 7.745711 6.445000 0.9490 0.7608 0.1882
v 4.950000 7.225000 6.945000 0.9490 0.7608 0.1882
v 5.050000 7.325000 6.945000 0.9490 0.7608 0.1882
v 4.950000 7.325000 7.045000 0.9490 0.7608 0.1882
v 5.020711 7.254289 6.945000 0.9490 0.7608 0.1882
v 5.007735 7.267265 7.002735 0.9490 0.7608 0.1882
v 5.020711 7.325000 7.015711 0.9490 0.7608 0.1882
v 4.950000 7.254289 7.015711 0.9490 0.7608 0.1882
v 4.950000 7.775000 6.945000 0.9490 0.7608 0.1882
v 4.950000 7.675000 7.045000 0.9490 0.7608 0.1882
v 5.050000 7.675000 6.945000 0.9490 0.7608 0.1882
v 4.950000 7.745711 7.015711 0.9490 0.7608 0.1882
v 5.007735 7.732735 7.002735 0.9490 0.7608 0.1882
v 5.020711 7.675000 7.015711 0.9490 0.7608 0.1882
v 5.020711 7.745711 6.945000 0.9490 0.7608 0.1882
v 4.950000 7.225000 6.445000 0.9490 0.7608 0.1882
v 4.950000 7.325000 6.345000 0.9490 0.7608 0.1882
v 5.050000 7.325000 6.445000 0.9490 0.7608 0.1882
v 4.950000 7.254289 6.374290 0.9490 0.7608 0.1882
v 5.007735 7.267265 6.387265 0.9490 0.7608 0.1882
v 5.020711 7.325000 6.374290 0.9490 0.7608 0.1882
v 5.020711 7.254289 6.445000 0.9490 0.7608 0.1882
v 4.950000 7.775000 6.445000 0.9490 0.7608 0.1882
v 5.050000 7.675000 6.445000 0.9490 0.7608 0.1882
v 4.950000 7.675000 6.345000 0.9490 0.7608 0.1882
v 5.020711 7.745711 6.445000 0.9490 0.7608 0.1882
v 5.007735 7.732735 6.387265 0.9490 0.7608 0.1882
v 5.020711 7.675000 6.374290 0.9490 0.7608 0.1882
v 4.950000 7.745711 6.374290 0.9490 0.7608 0.1882
v -0.490000 1.500000 7.335000 0.1020 0.1020 0.1216
v -0.490000 1.560000 7.395000 0.1020 0.1020 0.1216
v -0.550000 1.560000 7.335000 0.1020 0.1020 0.1216
v -0.490000 2.340000 7.395000 0.1020 0.1020 0.1216
v -0.490000 2.400000 7.335000 0.1020 0.1020 0.1216
v -0.550000 2.340000 7.335000 0.1020 0.1020 0.1216
v -0.490000 1.500000 6.955001 0.1020 0.1020 0.1216
v -0.550000 1.560000 6.955001 0.1020 0.1020 0.1216
v -0.490000 1.560000 6.895000 0.1020 0.1020 0.1216
v -0.490000 2.400000 6.955001 0.1020 0.1020 0.1216
v -0.490000 2.340000 6.895000 0.1020 0.1020 0.1216
v -0.550000 2.340000 6.955001 0.1020 0.1020 0.1216
v -0.110000 1.500000 7.335000 0.1020 0.1020 0.1216
v -0.050000 1.560000 7.335000 0.1020 0.1020 0.1216
v -0.110000 1.560000 7.395000 0.1020 0.1020 0.1216
v -0.110000 2.400000 7.335000 0.1020 0.1020 0.1216
v -0.110000 2.340000 7.395000 0.1020 0.1020 0.1216
v -0.050000 2.340000 7.335000 0.1020 0.1020 0.1216
v -0.110000 1.500000 6.955001 0.1020 0.1020 0.1216
v -0.110000 1.560000 6.895000 0.1020 0.1020 0.1216
v -0.050000 1.560000 6.955001 0.1020 0.1020 0.1216
v -0.110000 2.400000 6.955001 0.1020 0.1020 0.1216
v -0.050000 2.340000 6.955001 0.1020 0.1020 0.1216
v -0.110000 2.340000 6.895000 0.1020 0.1020 0.1216
v 4.110000 1.500000 7.335000 0.1020 0.1020 0.1216
v 4.110000 1.560000 7.395000 0.1020 0.1020 0.1216
v 4.050000 1.560000 7.335000 0.1020 0.1020 0.1216
v 4.110000 2.340000 7.395000 0.1020 0.1020 0.1216
v 4.110000 2.400000 7.335000 0.1020 0.1020 0.1216
v 4.050000 2.340000 7.335000 0.1020 0.1020 0.1216
v 4.110000 1.500000 6.955001 0.1020 0.1020 0.1216
v 4.050000 1.560000 6.955001 0.1020 0.1020 0.1216
v 4.110000 1.560000 6.895000 0.1020 0.1020 0.1216
v 4.110000 2.400000 6.955001 0.1020 0.1020 0.1216
v 4.110000 2.340000 6.895000 0.1020 0.1020 0.1216
v 4.050000 2.340000 6.955001 0.1020 0.1020 0.1216
v 4.490000 1.500000 7.335000 0.1020 0.1020 0.1216
v 4.550000 1.560000 7.335000 0.1020 0.1020 0.1216
v 4.490000 1.560000 7.395000 0.1020 0.1020 0.1216
v 4.490000 2.400000 7.335000 0.1020 0.1020 0.1216
v 4.490000 2.340000 7.395000 0.1020 0.1020 0.1216
v 4.550000 2.340000 7.335000 0.1020 0.1020 0.1216
v 4.490000 1.500000 6.955001 0.1020 0.1020 0.1216
v 4.490000 1.560000 6.895000 0.1020 0.1020 0.1216
v 4.550000 1.560000 6.955001 0.1020 0.1020 0.1216
v 4.490000 2.400000 6.955001 0.1020 0.1020 0.1216
v 4.550000 2.340000 6.955001 0.1020 0.1020 0.1216
v 4.490000 2.340000 6.895000 0.1020 0.1020 0.1216
v -0.080000 1.400000 7.474999 0.5490 0.5921 0.6393
v -0.080000 1.420000 7.495000 0.5490 0.5921 0.6393
v -0.100000 1.420000 7.474999 0.5490 0.5921 0.6393
v -0.080000 1.480000 7.495000 0.5490 0.5921 0.6393
v -0.080000 1.500000 7.474999 0.5490 0.5921 0.6393
v -0.100000 1.480000 7.474999 0.5490 0.5921 0.6393
v -0.080000 1.400000 6.515000 0.5490 0.5921 0.6393
v -0.100000 1.420000 6.515000 0.5490 0.5921 0.6393
v -0.080000 1.420000 6.495000 0.5490 0.5921 0.6393
v -0.080000 1.500000 6.515000 0.5490 0.5921 0.6393
v -0.080000 1.480000 6.495000 0.5490 0.5921 0.6393
v -0.100000 1.480000 6.515000 0.5490 0.5921 0.6393
v 4.080000 1.400000 7.474999 0.5490 0.5921 0.6393
v 4.100000 1.420000 7.474999 0.5490 0.5921 0.6393
v 4.080000 1.420000 7.495000 0.5490 0.5921 0.6393
v 4.080000 1.500000 7.474999 0.5490 0.5921 0.6393
v 4.080000 1.480000 7.495000 0.5490 0.5921 0.6393
v 4.100000 1.480000 7.474999 0.5490 0.5921 0.6393
v 4.080000 1.400000 6.515000 0.5490 0.5921 0.6393
v 4.080000 1.420000 6.495000 0.5490 0.5921 0.6393
v 4.100000 1.420000 6.515000 0.5490 0.5921 0.6393
v 4.080000 1.500000 6.515000 0.5490 0.5921 0.6393
v 4.100000 1.480000 6.515000 0.5490 0.5921 0.6393
v 4.080000 1.480000 6.495000 0.5490 0.5921 0.6393
v 2.000000 8.900000 7.195000 0.9490 0.7608 0.1882
v 2.000000 8.866506 7.070000 0.9490 0.7608 0.1882
v 2.000000 8.650000 6.945000 0.9490 0.7608 0.1882
v 2.000000 8.433494 7.070000 0.9490 0.7608 0.1882
v 2.000000 8.400000 7.195000 0.9490 0.7608 0.1882
v 2.073473 8.866506 7.093873 0.9490 0.7608 0.1882
v 2.127259 8.775000 7.019842 0.9490 0.7608 0.1882
v 2.146946 8.650000 6.992745 0.9490 0.7608 0.1882
v 2.127259 8.525000 7.019842 0.9490 0.7608 0.1882
v 2.073473 8.433494 7.093873 0.9490 0.7608 0.1882
v 2.118882 8.866506 7.156373 0.9490 0.7608 0.1882
v 2.205910 8.775000 7.128096 0.9490 0.7608 0.1882
v 2.237764 8.650000 7.117745 0.9490 0.7608 0.1882
v 2.205910 8.525000 7.128096 0.9490 0.7608 0.1882
v 2.118882 8.433494 7.156373 0.9490 0.7608 0.1882
v 2.118882 8.866506 7.233626 0.9490 0.7608 0.1882
v 2.205910 8.775000 7.261904 0.9490 0.7608 0.1882
v 2.237764 8.650000 7.272254 0.9490 0.7608 0.1882
v 2.205910 8.525000 7.261904 0.9490 0.7608 0.1882
v 2.118882 8.433494 7.233626 0.9490 0.7608 0.1882
v 2.073473 8.866506 7.296126 0.9490 0.7608 0.1882
v 2.127259 8.775000 7.370157 0.9490 0.7608 0.1882
v 2.146946 8.650000 7.397254 0.9490 0.7608 0.1882
v 2.127259 8.525000 7.370157 0.9490 0.7608 0.1882
v 2.073473 8.433494 7.296126 0.9490 0.7608 0.1882
v 2.000000 8.866506 7.320000 0.9490 0.7608 0.1882
v 2.000000 8.775000 7.411506 0.9490 0.7608 0.1882
v 2.000000 8.650000 7.445000 0.9490 0.7608 0.1882
v 2.000000 8.525000 7.411506 0.9490 0.7608 0.1882
v 2.000000 8.433494 7.320000 0.9490 0.7608 0.1882
v 1.926527 8.866506 7.296127 0.9490 0.7608 0.1882
v 1.872741 8.775000 7.370157 0.9490 0.7608 0.1882
v 1.853054 8.650000 7.397254 0.9490 0.7608 0.1882
v 1.872741 8.525000 7.370157 0.9490 0.7608 0.1882
v 1.926527 8.433494 7.296127 0.9490 0.7608 0.1882
v 1.881118 8.866506 7.233626 0.9490 0.7608 0.1882
v 1.794090 8.775000 7.261904 0.9490 0.7608 0.1882
v 1.762236 8.650000 7.272254 0.9490 0.7608 0.1882
v 1.794090 8.525000 7.261904 0.9490 0.7608 0.1882
v 1.881118 8.433494 7.233626 0.9490 0.7608 0.1882
v 1.881118 8.866506 7.156373 0.9490 0.7608 0.1882
v 1.794090 8.775000 7.128096 0.9490 0.7608 0.1882
v 1.762236 8.650000 7.117745 0.9490 0.7608 0.1882
v 1.794090 8.525000 7.128096 0.9490 0.7608 0.1882
v 1.881118 8.433494 7.156373 0.9490 0.7608 0.1882
v 1.926527 8.866506 7.093873 0.9490 0.7608 0.1882
v 1.872741 8.775000 7.019842 0.9490 0.7608 0.1882
v 1.853054 8.650000 6.992745 0.9490 0.7608 0.1882
v 1.872741 8.525000 7.019842 0.9490 0.7608 0.1882
v 1.926527 8.433494 7.093873 0.9490 0.7608 0.1882
v 2.000000 8.775000 6.978494 0.9490 0.7608 0.1882
v 2.000000 8.525000 6.978494 0.9490 0.7608 0.1882
v 1.800000 8.650001 7.145000 0.1804 0.2078 0.3137
v 1.800000 8.700000 7.195000 0.1804 0.2078 0.3137
v 1.750000 8.700000 7.145000 0.1804 0.2078 0.3137
v 1.800000 8.900001 7.195000 0.1804 0.2078 0.3137
v 1.800000 8.950000 7.145000 0.1804 0.2078 0.3137
v 1.750000 8.900001 7.145000 0.1804 0.2078 0.3137
v 1.800000 8.650001 6.745000 0.1804 0.2078 0.3137
v 1.750000 8.700000 6.745000 0.1804 0.2078 0.3137
v 1.800000 8.700000 6.695000 0.1804 0.2078 0.3137
v 1.800000 8.950000 6.745000 0.1804 0.2078 0.3137
v 1.800000 8.900001 6.695000 0.1804 0.2078 0.3137
v 1.750000 8.900001 6.745000 0.1804 0.2078 0.3137
v 2.200000 8.650001 7.145000 0.1804 0.2078 0.3137
v 2.250000 8.700000 7.145000 0.1804 0.2078 0.3137
v 2.200000 8.700000 7.195000 0.1804 0.2078 0.3137
v 2.200000 8.950000 7.145000 0.1804 0.2078 0.3137
v 2.200000 8.900001 7.195000 0.1804 0.2078 0.3137
v 2.250000 8.900001 7.145000 0.1804 0.2078 0.3137
v 2.200000 8.650001 6.745000 0.1804 0.2078 0.3137
v 2.200000 8.700000 6.695000 0.1804 0.2078 0.3137
v 2.250000 8.700000 6.745000 0.1804 0.2078 0.3137
v 2.200000 8.950000 6.745000 0.1804 0.2078 0.3137
v 2.250000 8.900001 6.745000 0.1804 0.2078 0.3137
v 2.200000 8.900001 6.695000 0.1804 0.2078 0.3137
v -2.280000 5.750000 6.595000 0.1804 0.2078 0.3137
v -2.280000 5.870000 6.715000 0.1804 0.2078 0.3137
v -2.400000 5.870000 6.595000 0.1804 0.2078 0.3137
v -2.280000 5.785147 6.679853 0.1804 0.2078 0.3137
v -2.349282 5.800718 6.664282 0.1804 0.2078 0.3137
v -2.364853 5.870000 6.679853 0.1804 0.2078 0.3137
v -2.364853 5.785147 6.595000 0.1804 0.2078 0.3137
v -2.280000 6.930000 6.715000 0.1804 0.2078 0.3137
v -2.280000 7.050000 6.595000 0.1804 0.2078 0.3137
v -2.400000 6.930000 6.595000 0.1804 0.2078 0.3137
v -2.280000 7.014853 6.679853 0.1804 0.2078 0.3137
v -2.349282 6.999282 6.664282 0.1804 0.2078 0.3137
v -2.364853 7.014853 6.595000 0.1804 0.2078 0.3137
v -2.364853 6.930000 6.679853 0.1804 0.2078 0.3137
v -2.280000 5.750000 6.535000 0.1804 0.2078 0.3137
v -2.400000 5.870000 6.535000 0.1804 0.2078 0.3137
v -2.280000 5.870000 6.415000 0.1804 0.2078 0.3137
v -2.364853 5.785147 6.534999 0.1804 0.2078 0.3137
v -2.349282 5.800718 6.465717 0.1804 0.2078 0.3137
v -2.364853 5.870000 6.450147 0.1804 0.2078 0.3137
v -2.280000 5.785147 6.450147 0.1804 0.2078 0.3137
v -2.280000 7.050000 6.535000 0.1804 0.2078 0.3137
v -2.280000 6.930000 6.415000 0.1804 0.2078 0.3137
v -2.400000 6.930000 6.535000 0.1804 0.2078 0.3137
v -2.280000 7.014853 6.450147 0.1804 0.2078 0.3137
v -2.349282 6.999282 6.465717 0.1804 0.2078 0.3137
v -2.364853 6.930000 6.450147 0.1804 0.2078 0.3137
v -2.364853 7.014853 6.534999 0.1804 0.2078 0.3137
v -0.920000 5.750000 6.595000 0.1804 0.2078 0.3137
v -0.800000 5.870000 6.595000 0.1804 0.2078 0.3137
v -0.920000 5.870000 6.715000 0.1804 0.2078 0.3137
v -0.835147 5.785147 6.595000 0.1804 0.2078 0.3137
v -0.850718 5.800718 6.664282 0.1804 0.2078 0.3137
v -0.835147 5.870000 6.679853 0.1804 0.2078 0.3137
v -0.920000 5.785147 6.679853 0.1804 0.2078 0.3137
v -0.920000 7.050000 6.595000 0.1804 0.2078 0.3137
v -0.920000 6.930000 6.715000 0.1804 0.2078 0.3137
v -0.800000 6.930000 6.595000 0.1804 0.2078 0.3137
v -0.920000 7.014853 6.679853 0.1804 0.2078 0.3137
v -0.850718 6.999282 6.664282 0.1804 0.2078 0.3137
v -0.835147 6.930000 6.679853 0.1804 0.2078 0.3137
v -0.835147 7.014853 6.595000 0.1804 0.2078 0.3137
v -0.920000 5.750000 6.535000 0.1804 0.2078 0.3137
v -0.920000 5.870000 6.415000 0.1804 0.2078 0.3137
v -0.800000 5.870000 6.535000 0.1804 0.2078 0.3137
v -0.920000 5.785147 6.450147 0.1804 0.2078 0.3137
v -0.850718 5.800718 6.465717 0.1804 0.2078 0.3137
v -0.835147 5.870000 6.450147 0.1804 0.2078 0.3137
v -0.835147 5.785147 6.534999 0.1804 0.2078 0.3137
v -0.920000 7.050000 6.535000 0.1804 0.2078 0.3137
v -0.800000 6.930000 6.535000 0.1804 0.2078 0.3137
v -0.920000 6.930000 6.415000 0.1804 0.2078 0.3137
v -0.835147 7.014853 6.534999 0.1804 0.2078 0.3137
v -0.850718 6.999282 6.465717 0.1804 0.2078 0.3137
v -0.835147 6.930000 6.450147 0.1804 0.2078 0.3137
v -0.920000 7.014853 6.450147 0.1804 0.2078 0.3137
v -2.100000 6.050000 6.775000 1.0000 0.9647 0.8980
v -2.100000 6.750000 6.775000 1.0000 0.9647 0.8980
v -2.100000 6.050000 6.715000 1.0000 0.9647 0.8980
v -2.100000 6.750000 6.715000 1.0000 0.9647 0.8980
v -1.100000 6.050000 6.775000 1.0000 0.9647 0.8980
v -1.100000 6.750000 6.775000 1.0000 0.9647 0.8980
v -1.100000 6.050000 6.715000 1.0000 0.9647 0.8980
v -1.100000 6.750000 6.715000 1.0000 0.9647 0.8980
v 7.050001 0.400000 8.145000 1.0000 0.9647 0.8980
v 7.050001 0.550000 8.295000 1.0000 0.9647 0.8980
v 6.900001 0.550000 8.145000 1.0000 0.9647 0.8980
v 7.050001 0.443934 8.251066 1.0000 0.9647 0.8980
v 6.963398 0.463397 8.231603 1.0000 0.9647 0.8980
v 6.943934 0.550000 8.251066 1.0000 0.9647 0.8980
v 6.943934 0.443934 8.145000 1.0000 0.9647 0.8980
v 7.050001 7.450000 8.295000 1.0000 0.9647 0.8980
v 7.050001 7.599999 8.145000 1.0000 0.9647 0.8980
v 6.900001 7.450000 8.145000 1.0000 0.9647 0.8980
v 7.050001 7.556066 8.251066 1.0000 0.9647 0.8980
v 6.963398 7.536602 8.231603 1.0000 0.9647 0.8980
v 6.943934 7.556066 8.145000 1.0000 0.9647 0.8980
v 6.943934 7.450000 8.251066 1.0000 0.9647 0.8980
v 7.050001 0.400000 6.445000 1.0000 0.9647 0.8980
v 6.900001 0.550000 6.445000 1.0000 0.9647 0.8980
v 7.050001 0.550000 6.295000 1.0000 0.9647 0.8980
v 6.943934 0.443934 6.445000 1.0000 0.9647 0.8980
v 6.963398 0.463397 6.358397 1.0000 0.9647 0.8980
v 6.943934 0.550000 6.338934 1.0000 0.9647 0.8980
v 7.050001 0.443934 6.338934 1.0000 0.9647 0.8980
v 7.050001 7.599999 6.445000 1.0000 0.9647 0.8980
v 7.050001 7.450000 6.295000 1.0000 0.9647 0.8980
v 6.900001 7.450000 6.445000 1.0000 0.9647 0.8980
v 7.050001 7.556066 6.338934 1.0000 0.9647 0.8980
v 6.963398 7.536602 6.358397 1.0000 0.9647 0.8980
v 6.943934 7.450000 6.338934 1.0000 0.9647 0.8980
v 6.943934 7.556066 6.445000 1.0000 0.9647 0.8980
v 16.150000 0.400000 8.145000 1.0000 0.9647 0.8980
v 16.299999 0.550000 8.145000 1.0000 0.9647 0.8980
v 16.150000 0.550000 8.295000 1.0000 0.9647 0.8980
v 16.256065 0.443934 8.145000 1.0000 0.9647 0.8980
v 16.236603 0.463397 8.231603 1.0000 0.9647 0.8980
v 16.256065 0.550000 8.251066 1.0000 0.9647 0.8980
v 16.150000 0.443934 8.251066 1.0000 0.9647 0.8980
v 16.150000 7.599999 8.145000 1.0000 0.9647 0.8980
v 16.150000 7.450000 8.295000 1.0000 0.9647 0.8980
v 16.299999 7.450000 8.145000 1.0000 0.9647 0.8980
v 16.150000 7.556066 8.251066 1.0000 0.9647 0.8980
v 16.236603 7.536602 8.231603 1.0000 0.9647 0.8980
v 16.256065 7.450000 8.251066 1.0000 0.9647 0.8980
v 16.256065 7.556066 8.145000 1.0000 0.9647 0.8980
v 16.150000 0.400000 6.445000 1.0000 0.9647 0.8980
v 16.150000 0.550000 6.295000 1.0000 0.9647 0.8980
v 16.299999 0.550000 6.445000 1.0000 0.9647 0.8980
v 16.150000 0.443934 6.338934 1.0000 0.9647 0.8980
v 16.236603 0.463397 6.358397 1.0000 0.9647 0.8980
v 16.256065 0.550000 6.338934 1.0000 0.9647 0.8980
v 16.256065 0.443934 6.445000 1.0000 0.9647 0.8980
v 16.150000 7.599999 6.445000 1.0000 0.9647 0.8980
v 16.299999 7.450000 6.445000 1.0000 0.9647 0.8980
v 16.150000 7.450000 6.295000 1.0000 0.9647 0.8980
v 16.256065 7.556066 6.445000 1.0000 0.9647 0.8980
v 16.236603 7.536602 6.358397 1.0000 0.9647 0.8980
v 16.256065 7.450000 6.338934 1.0000 0.9647 0.8980
v 16.150000 7.556066 6.338934 1.0000 0.9647 0.8980
v 6.880000 7.450000 8.315001 0.8470 0.2275 0.1804
v 6.880000 7.530000 8.395000 0.8470 0.2275 0.1804
v 6.800000 7.530000 8.315001 0.8470 0.2275 0.1804
v 6.880000 7.870000 8.395000 0.8470 0.2275 0.1804
v 6.880000 7.950000 8.315001 0.8470 0.2275 0.1804
v 6.800000 7.870000 8.315001 0.8470 0.2275 0.1804
v 6.880000 7.450000 6.275000 0.8470 0.2275 0.1804
v 6.800000 7.530000 6.275000 0.8470 0.2275 0.1804
v 6.880000 7.530000 6.195000 0.8470 0.2275 0.1804
v 6.880000 7.950000 6.275000 0.8470 0.2275 0.1804
v 6.880000 7.870000 6.195000 0.8470 0.2275 0.1804
v 6.800000 7.870000 6.275000 0.8470 0.2275 0.1804
v 16.320000 7.450000 8.315001 0.8470 0.2275 0.1804
v 16.400002 7.530000 8.315001 0.8470 0.2275 0.1804
v 16.320000 7.530000 8.395000 0.8470 0.2275 0.1804
v 16.320000 7.950000 8.315001 0.8470 0.2275 0.1804
v 16.320000 7.870000 8.395000 0.8470 0.2275 0.1804
v 16.400002 7.870000 8.315001 0.8470 0.2275 0.1804
v 16.320000 7.450000 6.275000 0.8470 0.2275 0.1804
v 16.320000 7.530000 6.195000 0.8470 0.2275 0.1804
v 16.400002 7.530000 6.275000 0.8470 0.2275 0.1804
v 16.320000 7.950000 6.275000 0.8470 0.2275 0.1804
v 16.400002 7.870000 6.275000 0.8470 0.2275 0.1804
v 16.320000 7.870000 6.195000 0.8470 0.2275 0.1804
v 7.950000 0.400000 8.445000 0.1804 0.2078 0.3137
v 7.950000 0.450000 8.495000 0.1804 0.2078 0.3137
v 7.900000 0.450000 8.445000 0.1804 0.2078 0.3137
v 7.950000 4.350000 8.495000 0.1804 0.2078 0.3137
v 7.950000 4.400000 8.445000 0.1804 0.2078 0.3137
v 7.900000 4.350000 8.445000 0.1804 0.2078 0.3137
v 7.950000 0.400000 8.345000 0.1804 0.2078 0.3137
v 7.900000 0.450000 8.345000 0.1804 0.2078 0.3137
v 7.950000 0.450000 8.295000 0.1804 0.2078 0.3137
v 7.950000 4.400000 8.345000 0.1804 0.2078 0.3137
v 7.950000 4.350000 8.295000 0.1804 0.2078 0.3137
v 7.900000 4.350000 8.345000 0.1804 0.2078 0.3137
v 10.050000 0.400000 8.445000 0.1804 0.2078 0.3137
v 10.100000 0.450000 8.445000 0.1804 0.2078 0.3137
v 10.050000 0.450000 8.495000 0.1804 0.2078 0.3137
v 10.050000 4.400000 8.445000 0.1804 0.2078 0.3137
v 10.050000 4.350000 8.495000 0.1804 0.2078 0.3137
v 10.100000 4.350000 8.445000 0.1804 0.2078 0.3137
v 10.050000 0.400000 8.345000 0.1804 0.2078 0.3137
v 10.050000 0.450000 8.295000 0.1804 0.2078 0.3137
v 10.100000 0.450000 8.345000 0.1804 0.2078 0.3137
v 10.050000 4.400000 8.345000 0.1804 0.2078 0.3137
v 10.100000 4.350000 8.345000 0.1804 0.2078 0.3137
v 10.050000 4.350000 8.295000 0.1804 0.2078 0.3137
v 8.130000 0.400000 8.545000 0.8470 0.2275 0.1804
v 8.130000 0.430000 8.575000 0.8470 0.2275 0.1804
v 8.100000 0.430000 8.545000 0.8470 0.2275 0.1804
v 8.130000 4.170000 8.575000 0.8470 0.2275 0.1804
v 8.130000 4.200000 8.545000 0.8470 0.2275 0.1804
v 8.100000 4.170000 8.545000 0.8470 0.2275 0.1804
v 8.130000 0.400000 8.525000 0.8470 0.2275 0.1804
v 8.100000 0.430000 8.525000 0.8470 0.2275 0.1804
v 8.130000 0.430000 8.495000 0.8470 0.2275 0.1804
v 8.130000 4.200000 8.525000 0.8470 0.2275 0.1804
v 8.130000 4.170000 8.495000 0.8470 0.2275 0.1804
v 8.100000 4.170000 8.525000 0.8470 0.2275 0.1804
v 9.870000 0.400000 8.545000 0.8470 0.2275 0.1804
v 9.900000 0.430000 8.545000 0.8470 0.2275 0.1804
v 9.870000 0.430000 8.575000 0.8470 0.2275 0.1804
v 9.870000 4.200000 8.545000 0.8470 0.2275 0.1804
v 9.870000 4.170000 8.575000 0.8470 0.2275 0.1804
v 9.900000 4.170000 8.545000 0.8470 0.2275 0.1804
v 9.870000 0.400000 8.525000 0.8470 0.2275 0.1804
v 9.870000 0.430000 8.495000 0.8470 0.2275 0.1804
v 9.900000 0.430000 8.525000 0.8470 0.2275 0.1804
v 9.870000 4.200000 8.525000 0.8470 0.2275 0.1804
v 9.900000 4.170000 8.525000 0.8470 0.2275 0.1804
v 9.870000 4.170000 8.495000 0.8470 0.2275 0.1804
v 8.460000 2.110000 8.605000 0.5255 0.8157 0.9019
v 8.460000 3.706000 8.605000 0.5255 0.8157 0.9019
v 8.460000 2.110000 8.565001 0.5255 0.8157 0.9019
v 8.460000 3.706000 8.565001 0.5255 0.8157 0.9019
v 9.540000 2.110000 8.605000 0.5255 0.8157 0.9019
v 9.540000 3.706000 8.605000 0.5255 0.8157 0.9019
v 9.540000 2.110000 8.565001 0.5255 0.8157 0.9019
v 9.540000 3.706000 8.565001 0.5255 0.8157 0.9019
v 8.370000 1.404000 8.605000 0.1804 0.2078 0.3137
v 8.370000 1.524000 8.605000 0.1804 0.2078 0.3137
v 8.370000 1.404000 8.565001 0.1804 0.2078 0.3137
v 8.370000 1.524000 8.565001 0.1804 0.2078 0.3137
v 9.630000 1.404000 8.605000 0.1804 0.2078 0.3137
v 9.630000 1.524000 8.605000 0.1804 0.2078 0.3137
v 9.630000 1.404000 8.565001 0.1804 0.2078 0.3137
v 9.630000 1.524000 8.565001 0.1804 0.2078 0.3137
v 9.648000 2.294000 8.505000 0.7216 0.7608 0.8000
v 9.648000 2.294000 8.805000 0.7216 0.7608 0.8000
v 9.697497 2.273498 8.505000 0.7216 0.7608 0.8000
v 9.697497 2.273498 8.805000 0.7216 0.7608 0.8000
v 9.718000 2.224000 8.505000 0.7216 0.7608 0.8000
v 9.718000 2.224000 8.805000 0.7216 0.7608 0.8000
v 9.697497 2.174503 8.505000 0.7216 0.7608 0.8000
v 9.697497 2.174503 8.805000 0.7216 0.7608 0.8000
v 9.648000 2.154000 8.505000 0.7216 0.7608 0.8000
v 9.648000 2.154000 8.805000 0.7216 0.7608 0.8000
v 9.598502 2.174503 8.505000 0.7216 0.7608 0.8000
v 9.598502 2.174503 8.805000 0.7216 0.7608 0.8000
v 9.578000 2.224000 8.505000 0.7216 0.7608 0.8000
v 9.578000 2.224000 8.805000 0.7216 0.7608 0.8000
v 9.598502 2.273498 8.505000 0.7216 0.7608 0.8000
v 9.598502 2.273498 8.805000 0.7216 0.7608 0.8000
v 10.880000 1.720000 8.434999 0.1804 0.2078 0.3137
v 10.880000 1.780000 8.495000 0.1804 0.2078 0.3137
v 10.820000 1.780000 8.434999 0.1804 0.2078 0.3137
v 10.880000 4.220000 8.495000 0.1804 0.2078 0.3137
v 10.880000 4.280000 8.434999 0.1804 0.2078 0.3137
v 10.820000 4.220000 8.434999 0.1804 0.2078 0.3137
v 10.880000 1.720000 8.355000 0.1804 0.2078 0.3137
v 10.820000 1.780000 8.355000 0.1804 0.2078 0.3137
v 10.880000 1.780000 8.295000 0.1804 0.2078 0.3137
v 10.880000 4.280000 8.355000 0.1804 0.2078 0.3137
v 10.880000 4.220000 8.295000 0.1804 0.2078 0.3137
v 10.820000 4.220000 8.355000 0.1804 0.2078 0.3137
v 15.520000 1.720000 8.434999 0.1804 0.2078 0.3137
v 15.580000 1.780000 8.434999 0.1804 0.2078 0.3137
v 15.520000 1.780000 8.495000 0.1804 0.2078 0.3137
v 15.520000 4.280000 8.434999 0.1804 0.2078 0.3137
v 15.520000 4.220000 8.495000 0.1804 0.2078 0.3137
v 15.580000 4.220000 8.434999 0.1804 0.2078 0.3137
v 15.520000 1.720000 8.355000 0.1804 0.2078 0.3137
v 15.520000 1.780000 8.295000 0.1804 0.2078 0.3137
v 15.580000 1.780000 8.355000 0.1804 0.2078 0.3137
v 15.520000 4.280000 8.355000 0.1804 0.2078 0.3137
v 15.580000 4.220000 8.355000 0.1804 0.2078 0.3137
v 15.520000 4.220000 8.295000 0.1804 0.2078 0.3137
v 11.000000 1.900000 8.545000 0.5255 0.8157 0.9019
v 11.000000 4.100000 8.545000 0.5255 0.8157 0.9019
v 11.000000 1.900000 8.485001 0.5255 0.8157 0.9019
v 11.000000 4.100000 8.485001 0.5255 0.8157 0.9019
v 15.400000 1.900000 8.545000 0.5255 0.8157 0.9019
v 15.400000 4.100000 8.545000 0.5255 0.8157 0.9019
v 15.400000 1.900000 8.485001 0.5255 0.8157 0.9019
v 15.400000 4.100000 8.485001 0.5255 0.8157 0.9019
v 12.406667 1.900000 8.605000 0.1804 0.2078 0.3137
v 12.406667 4.100000 8.605000 0.1804 0.2078 0.3137
v 12.406667 1.900000 8.525000 0.1804 0.2078 0.3137
v 12.406667 4.100000 8.525000 0.1804 0.2078 0.3137
v 12.526667 1.900000 8.605000 0.1804 0.2078 0.3137
v 12.526667 4.100000 8.605000 0.1804 0.2078 0.3137
v 12.526667 1.900000 8.525000 0.1804 0.2078 0.3137
v 12.526667 4.100000 8.525000 0.1804 0.2078 0.3137
v 13.873333 1.900000 8.605000 0.1804 0.2078 0.3137
v 13.873333 4.100000 8.605000 0.1804 0.2078 0.3137
v 13.873333 1.900000 8.525000 0.1804 0.2078 0.3137
v 13.873333 4.100000 8.525000 0.1804 0.2078 0.3137
v 13.993333 1.900000 8.605000 0.1804 0.2078 0.3137
v 13.993333 4.100000 8.605000 0.1804 0.2078 0.3137
v 13.993333 1.900000 8.525000 0.1804 0.2078 0.3137
v 13.993333 4.100000 8.525000 0.1804 0.2078 0.3137
v 10.690000 1.580000 8.700000 0.1804 0.2078 0.3137
v 10.690000 1.620000 8.740000 0.1804 0.2078 0.3137
v 10.650000 1.620000 8.700000 0.1804 0.2078 0.3137
v 10.690000 1.700000 8.740000 0.1804 0.2078 0.3137
v 10.690000 1.740000 8.700000 0.1804 0.2078 0.3137
v 10.650000 1.700000 8.700000 0.1804 0.2078 0.3137
v 10.690000 1.580000 8.330000 0.1804 0.2078 0.3137
v 10.650000 1.620000 8.330000 0.1804 0.2078 0.3137
v 10.690000 1.620000 8.290000 0.1804 0.2078 0.3137
v 10.690000 1.740000 8.330000 0.1804 0.2078 0.3137
v 10.690000 1.700000 8.290000 0.1804 0.2078 0.3137
v 10.650000 1.700000 8.330000 0.1804 0.2078 0.3137
v 15.710000 1.580000 8.700000 0.1804 0.2078 0.3137
v 15.750000 1.620000 8.700000 0.1804 0.2078 0.3137
v 15.710000 1.620000 8.740000 0.1804 0.2078 0.3137
v 15.710000 1.740000 8.700000 0.1804 0.2078 0.3137
v 15.710000 1.700000 8.740000 0.1804 0.2078 0.3137
v 15.750000 1.700000 8.700000 0.1804 0.2078 0.3137
v 15.710000 1.580000 8.330000 0.1804 0.2078 0.3137
v 15.710000 1.620000 8.290000 0.1804 0.2078 0.3137
v 15.750000 1.620000 8.330000 0.1804 0.2078 0.3137
v 15.710000 1.740000 8.330000 0.1804 0.2078 0.3137
v 15.750000 1.700000 8.330000 0.1804 0.2078 0.3137
v 15.710000 1.700000 8.290000 0.1804 0.2078 0.3137
v 7.680000 5.020000 8.434999 0.1804 0.2078 0.3137
v 7.680000 5.080000 8.495000 0.1804 0.2078 0.3137
v 7.620000 5.080000 8.434999 0.1804 0.2078 0.3137
v 7.680000 6.920000 8.495000 0.1804 0.2078 0.3137
v 7.680000 6.980000 8.434999 0.1804 0.2078 0.3137
v 7.620000 6.920000 8.434999 0.1804 0.2078 0.3137
v 7.680000 5.020000 8.355000 0.1804 0.2078 0.3137
v 7.620000 5.080000 8.355000 0.1804 0.2078 0.3137
v 7.680000 5.080000 8.295000 0.1804 0.2078 0.3137
v 7.680000 6.980000 8.355000 0.1804 0.2078 0.3137
v 7.680000 6.920000 8.295000 0.1804 0.2078 0.3137
v 7.620000 6.920000 8.355000 0.1804 0.2078 0.3137
v 15.520000 5.020000 8.434999 0.1804 0.2078 0.3137
v 15.580000 5.080000 8.434999 0.1804 0.2078 0.3137
v 15.520000 5.080000 8.495000 0.1804 0.2078 0.3137
v 15.520000 6.980000 8.434999 0.1804 0.2078 0.3137
v 15.520000 6.920000 8.495000 0.1804 0.2078 0.3137
v 15.580000 6.920000 8.434999 0.1804 0.2078 0.3137
v 15.520000 5.020000 8.355000 0.1804 0.2078 0.3137
v 15.520000 5.080000 8.295000 0.1804 0.2078 0.3137
v 15.580000 5.080000 8.355000 0.1804 0.2078 0.3137
v 15.520000 6.980000 8.355000 0.1804 0.2078 0.3137
v 15.580000 6.920000 8.355000 0.1804 0.2078 0.3137
v 15.520000 6.920000 8.295000 0.1804 0.2078 0.3137
v 7.800000 5.200000 8.545000 0.5255 0.8157 0.9019
v 7.800000 6.800000 8.545000 0.5255 0.8157 0.9019
v 7.800000 5.200000 8.485001 0.5255 0.8157 0.9019
v 7.800000 6.800000 8.485001 0.5255 0.8157 0.9019
v 15.400001 5.200000 8.545000 0.5255 0.8157 0.9019
v 15.400001 6.800000 8.545000 0.5255 0.8157 0.9019
v 15.400001 5.200000 8.485001 0.5255 0.8157 0.9019
v 15.400001 6.800000 8.485001 0.5255 0.8157 0.9019
v 9.640000 5.200000 8.605000 0.1804 0.2078 0.3137
v 9.640000 6.800000 8.605000 0.1804 0.2078 0.3137
v 9.640000 5.200000 8.525000 0.1804 0.2078 0.3137
v 9.640000 6.800000 8.525000 0.1804 0.2078 0.3137
v 9.760000 5.200000 8.605000 0.1804 0.2078 0.3137
v 9.760000 6.800000 8.605000 0.1804 0.2078 0.3137
v 9.760000 5.200000 8.525000 0.1804 0.2078 0.3137
v 9.760000 6.800000 8.525000 0.1804 0.2078 0.3137
v 11.540000 5.200000 8.605000 0.1804 0.2078 0.3137
v 11.540000 6.800000 8.605000 0.1804 0.2078 0.3137
v 11.540000 5.200000 8.525000 0.1804 0.2078 0.3137
v 11.540000 6.800000 8.525000 0.1804 0.2078 0.3137
v 11.660001 5.200000 8.605000 0.1804 0.2078 0.3137
v 11.660001 6.800000 8.605000 0.1804 0.2078 0.3137
v 11.660001 5.200000 8.525000 0.1804 0.2078 0.3137
v 11.660001 6.800000 8.525000 0.1804 0.2078 0.3137
v 13.440001 5.200000 8.605000 0.1804 0.2078 0.3137
v 13.440001 6.800000 8.605000 0.1804 0.2078 0.3137
v 13.440001 5.200000 8.525000 0.1804 0.2078 0.3137
v 13.440001 6.800000 8.525000 0.1804 0.2078 0.3137
v 13.560000 5.200000 8.605000 0.1804 0.2078 0.3137
v 13.560000 6.800000 8.605000 0.1804 0.2078 0.3137
v 13.560000 5.200000 8.525000 0.1804 0.2078 0.3137
v 13.560000 6.800000 8.525000 0.1804 0.2078 0.3137
v 7.490000 4.880000 8.700000 0.1804 0.2078 0.3137
v 7.490000 4.920000 8.740000 0.1804 0.2078 0.3137
v 7.450000 4.920000 8.700000 0.1804 0.2078 0.3137
v 7.490000 5.000000 8.740000 0.1804 0.2078 0.3137
v 7.490000 5.040000 8.700000 0.1804 0.2078 0.3137
v 7.450000 5.000000 8.700000 0.1804 0.2078 0.3137
v 7.490000 4.880000 8.330000 0.1804 0.2078 0.3137
v 7.450000 4.920000 8.330000 0.1804 0.2078 0.3137
v 7.490000 4.920000 8.290000 0.1804 0.2078 0.3137
v 7.490000 5.040000 8.330000 0.1804 0.2078 0.3137
v 7.490000 5.000000 8.290000 0.1804 0.2078 0.3137
v 7.450000 5.000000 8.330000 0.1804 0.2078 0.3137
v 15.710000 4.880000 8.700000 0.1804 0.2078 0.3137
v 15.750000 4.920000 8.700000 0.1804 0.2078 0.3137
v 15.710000 4.920000 8.740000 0.1804 0.2078 0.3137
v 15.710000 5.040000 8.700000 0.1804 0.2078 0.3137
v 15.710000 5.000000 8.740000 0.1804 0.2078 0.3137
v 15.750000 5.000000 8.700000 0.1804 0.2078 0.3137
v 15.710000 4.880000 8.330000 0.1804 0.2078 0.3137
v 15.710000 4.920000 8.290000 0.1804 0.2078 0.3137
v 15.750000 4.920000 8.330000 0.1804 0.2078 0.3137
v 15.710000 5.040000 8.330000 0.1804 0.2078 0.3137
v 15.750000 5.000000 8.330000 0.1804 0.2078 0.3137
v 15.710000 5.000000 8.290000 0.1804 0.2078 0.3137
v 7.240000 4.725000 9.555000 0.9490 0.7608 0.1882
v 7.240000 4.765000 9.595000 0.9490 0.7608 0.1882
v 7.200000 4.765000 9.555000 0.9490 0.7608 0.1882
v 7.240000 4.835000 9.595000 0.9490 0.7608 0.1882
v 7.240000 4.875000 9.555000 0.9490 0.7608 0.1882
v 7.200000 4.835000 9.555000 0.9490 0.7608 0.1882
v 7.240000 4.725000 8.235001 0.9490 0.7608 0.1882
v 7.200000 4.765000 8.235001 0.9490 0.7608 0.1882
v 7.240000 4.765000 8.195001 0.9490 0.7608 0.1882
v 7.240000 4.875000 8.235001 0.9490 0.7608 0.1882
v 7.240000 4.835000 8.195001 0.9490 0.7608 0.1882
v 7.200000 4.835000 8.235001 0.9490 0.7608 0.1882
v 10.760000 4.725000 9.555000 0.9490 0.7608 0.1882
v 10.800000 4.765000 9.555000 0.9490 0.7608 0.1882
v 10.760000 4.765000 9.595000 0.9490 0.7608 0.1882
v 10.760000 4.875000 9.555000 0.9490 0.7608 0.1882
v 10.760000 4.835000 9.595000 0.9490 0.7608 0.1882
v 10.800000 4.835000 9.555000 0.9490 0.7608 0.1882
v 10.760000 4.725000 8.235001 0.9490 0.7608 0.1882
v 10.760000 4.765000 8.195001 0.9490 0.7608 0.1882
v 10.800000 4.765000 8.235001 0.9490 0.7608 0.1882
v 10.760000 4.875000 8.235001 0.9490 0.7608 0.1882
v 10.800000 4.835000 8.235001 0.9490 0.7608 0.1882
v 10.760000 4.835000 8.195001 0.9490 0.7608 0.1882
v 14.780000 0.400000 9.565000 0.1804 0.2078 0.3137
v 14.780000 0.480000 9.645000 0.1804 0.2078 0.3137
v 14.700000 0.480000 9.565000 0.1804 0.2078 0.3137
v 14.780000 0.423431 9.621569 0.1804 0.2078 0.3137
v 14.733811 0.433812 9.611188 0.1804 0.2078 0.3137
v 14.723431 0.480000 9.621569 0.1804 0.2078 0.3137
v 14.723431 0.423431 9.565000 0.1804 0.2078 0.3137
v 14.780000 1.120000 9.645000 0.1804 0.2078 0.3137
v 14.780000 1.200000 9.565000 0.1804 0.2078 0.3137
v 14.700000 1.120000 9.565000 0.1804 0.2078 0.3137
v 14.780000 1.176569 9.621569 0.1804 0.2078 0.3137
v 14.733811 1.166188 9.611188 0.1804 0.2078 0.3137
v 14.723431 1.176569 9.565000 0.1804 0.2078 0.3137
v 14.723431 1.120000 9.621569 0.1804 0.2078 0.3137
v 14.780000 0.400000 8.825000 0.1804 0.2078 0.3137
v 14.700000 0.480000 8.825000 0.1804 0.2078 0.3137
v 14.780000 0.480000 8.745000 0.1804 0.2078 0.3137
v 14.723431 0.423431 8.825000 0.1804 0.2078 0.3137
v 14.733811 0.433812 8.778811 0.1804 0.2078 0.3137
v 14.723431 0.480000 8.768431 0.1804 0.2078 0.3137
v 14.780000 0.423431 8.768431 0.1804 0.2078 0.3137
v 14.780000 1.200000 8.825000 0.1804 0.2078 0.3137
v 14.780000 1.120000 8.745000 0.1804 0.2078 0.3137
v 14.700000 1.120000 8.825000 0.1804 0.2078 0.3137
v 14.780000 1.176569 8.768431 0.1804 0.2078 0.3137
v 14.733811 1.166188 8.778811 0.1804 0.2078 0.3137
v 14.723431 1.120000 8.768431 0.1804 0.2078 0.3137
v 14.723431 1.176569 8.825000 0.1804 0.2078 0.3137
v 16.020000 0.400000 9.565000 0.1804 0.2078 0.3137
v 16.100000 0.480000 9.565000 0.1804 0.2078 0.3137
v 16.020000 0.480000 9.645000 0.1804 0.2078 0.3137
v 16.076569 0.423431 9.565000 0.1804 0.2078 0.3137
v 16.066187 0.433812 9.611188 0.1804 0.2078 0.3137
v 16.076569 0.480000 9.621569 0.1804 0.2078 0.3137
v 16.020000 0.423431 9.621569 0.1804 0.2078 0.3137
v 16.020000 1.200000 9.565000 0.1804 0.2078 0.3137
v 16.020000 1.120000 9.645000 0.1804 0.2078 0.3137
v 16.100000 1.120000 9.565000 0.1804 0.2078 0.3137
v 16.020000 1.176569 9.621569 0.1804 0.2078 0.3137
v 16.066187 1.166188 9.611188 0.1804 0.2078 0.3137
v 16.076569 1.120000 9.621569 0.1804 0.2078 0.3137
v 16.076569 1.176569 9.565000 0.1804 0.2078 0.3137
v 16.020000 0.400000 8.825000 0.1804 0.2078 0.3137
v 16.020000 0.480000 8.745000 0.1804 0.2078 0.3137
v 16.100000 0.480000 8.825000 0.1804 0.2078 0.3137
v 16.020000 0.423431 8.768431 0.1804 0.2078 0.3137
v 16.066187 0.433812 8.778811 0.1804 0.2078 0.3137
v 16.076569 0.480000 8.768431 0.1804 0.2078 0.3137
v 16.076569 0.423431 8.825000 0.1804 0.2078 0.3137
v 16.020000 1.200000 8.825000 0.1804 0.2078 0.3137
v 16.100000 1.120000 8.825000 0.1804 0.2078 0.3137
v 16.020000 1.120000 8.745000 0.1804 0.2078 0.3137
v 16.076569 1.176569 8.825000 0.1804 0.2078 0.3137
v 16.066187 1.166188 8.778811 0.1804 0.2078 0.3137
v 16.076569 1.120000 8.768431 0.1804 0.2078 0.3137
v 16.020000 1.176569 8.768431 0.1804 0.2078 0.3137
v 14.670000 1.110000 9.674999 1.0000 0.9647 0.8980
v 14.670000 1.140000 9.705000 1.0000 0.9647 0.8980
v 14.639999 1.140000 9.674999 1.0000 0.9647 0.8980
v 14.670000 1.220000 9.705000 1.0000 0.9647 0.8980
v 14.670000 1.250000 9.674999 1.0000 0.9647 0.8980
v 14.639999 1.220000 9.674999 1.0000 0.9647 0.8980
v 14.670000 1.110000 8.715000 1.0000 0.9647 0.8980
v 14.639999 1.140000 8.715000 1.0000 0.9647 0.8980
v 14.670000 1.140000 8.684999 1.0000 0.9647 0.8980
v 14.670000 1.250000 8.715000 1.0000 0.9647 0.8980
v 14.670000 1.220000 8.684999 1.0000 0.9647 0.8980
v 14.639999 1.220000 8.715000 1.0000 0.9647 0.8980
v 16.129999 1.110000 9.674999 1.0000 0.9647 0.8980
v 16.160000 1.140000 9.674999 1.0000 0.9647 0.8980
v 16.129999 1.140000 9.705000 1.0000 0.9647 0.8980
v 16.129999 1.250000 9.674999 1.0000 0.9647 0.8980
v 16.129999 1.220000 9.705000 1.0000 0.9647 0.8980
v 16.160000 1.220000 9.674999 1.0000 0.9647 0.8980
v 16.129999 1.110000 8.715000 1.0000 0.9647 0.8980
v 16.129999 1.140000 8.684999 1.0000 0.9647 0.8980
v 16.160000 1.140000 8.715000 1.0000 0.9647 0.8980
v 16.129999 1.250000 8.715000 1.0000 0.9647 0.8980
v 16.160000 1.220000 8.715000 1.0000 0.9647 0.8980
v 16.129999 1.220000 8.684999 1.0000 0.9647 0.8980
v 14.799999 1.175000 9.545000 0.6118 0.3961 0.2039
v 14.799999 1.225000 9.545000 0.6118 0.3961 0.2039
v 14.799999 1.175000 8.844999 0.6118 0.3961 0.2039
v 14.799999 1.225000 8.844999 0.6118 0.3961 0.2039
v 16.000000 1.175000 9.545000 0.6118 0.3961 0.2039
v 16.000000 1.225000 9.545000 0.6118 0.3961 0.2039
v 16.000000 1.175000 8.844999 0.6118 0.3961 0.2039
v 16.000000 1.225000 8.844999 0.6118 0.3961 0.2039
v 15.400000 1.848000 9.195000 0.4275 0.7451 0.2706
v 15.400000 1.092000 9.195000 0.4275 0.7451 0.2706
v 15.511091 1.797358 9.042095 0.4275 0.7451 0.2706
v 15.592416 1.659000 8.930161 0.4275 0.7451 0.2706
v 15.622183 1.470000 8.889192 0.4275 0.7451 0.2706
v 15.592416 1.281000 8.930161 0.4275 0.7451 0.2706
v 15.511091 1.142642 9.042095 0.4275 0.7451 0.2706
v 15.579749 1.797358 9.136596 0.4275 0.7451 0.2706
v 15.711335 1.659000 9.093841 0.4275 0.7451 0.2706
v 15.759499 1.470000 9.078191 0.4275 0.7451 0.2706
v 15.711335 1.281000 9.093841 0.4275 0.7451 0.2706
v 15.579749 1.142642 9.136596 0.4275 0.7451 0.2706
v 15.579749 1.797358 9.253404 0.4275 0.7451 0.2706
v 15.711335 1.659000 9.296159 0.4275 0.7451 0.2706
v 15.759499 1.470000 9.311808 0.4275 0.7451 0.2706
v 15.711335 1.281000 9.296159 0.4275 0.7451 0.2706
v 15.579749 1.142642 9.253404 0.4275 0.7451 0.2706
v 15.511091 1.797358 9.347904 0.4275 0.7451 0.2706
v 15.592416 1.659000 9.459838 0.4275 0.7451 0.2706
v 15.622183 1.470000 9.500808 0.4275 0.7451 0.2706
v 15.592416 1.281000 9.459838 0.4275 0.7451 0.2706
v 15.511091 1.142642 9.347904 0.4275 0.7451 0.2706
v 15.400000 1.797358 9.384000 0.4275 0.7451 0.2706
v 15.400000 1.659000 9.522357 0.4275 0.7451 0.2706
v 15.400000 1.470000 9.573000 0.4275 0.7451 0.2706
v 15.400000 1.281000 9.522357 0.4275 0.7451 0.2706
v 15.400000 1.142642 9.384000 0.4275 0.7451 0.2706
v 15.288908 1.797358 9.347904 0.4275 0.7451 0.2706
v 15.207583 1.659000 9.459838 0.4275 0.7451 0.2706
v 15.177816 1.470000 9.500808 0.4275 0.7451 0.2706
v 15.207583 1.281000 9.459838 0.4275 0.7451 0.2706
v 15.288908 1.142642 9.347904 0.4275 0.7451 0.2706
v 15.220250 1.797358 9.253404 0.4275 0.7451 0.2706
v 15.088664 1.659000 9.296159 0.4275 0.7451 0.2706
v 15.040501 1.470000 9.311809 0.4275 0.7451 0.2706
v 15.088664 1.281000 9.296159 0.4275 0.7451 0.2706
v 15.220250 1.142642 9.253404 0.4275 0.7451 0.2706
v 15.220250 1.797358 9.136596 0.4275 0.7451 0.2706
v 15.088664 1.659000 9.093841 0.4275 0.7451 0.2706
v 15.040501 1.470000 9.078192 0.4275 0.7451 0.2706
v 15.088664 1.281000 9.093841 0.4275 0.7451 0.2706
v 15.220250 1.142642 9.136596 0.4275 0.7451 0.2706
v 15.288908 1.797358 9.042095 0.4275 0.7451 0.2706
v 15.207583 1.659000 8.930161 0.4275 0.7451 0.2706
v 15.177816 1.470000 8.889192 0.4275 0.7451 0.2706
v 15.207583 1.281000 8.930161 0.4275 0.7451 0.2706
v 15.288908 1.142642 9.042095 0.4275 0.7451 0.2706
v 15.400000 1.797358 9.006000 0.4275 0.7451 0.2706
v 15.400000 1.659000 8.867642 0.4275 0.7451 0.2706
v 15.400000 1.470000 8.816999 0.4275 0.7451 0.2706
v 15.400000 1.281000 8.867642 0.4275 0.7451 0.2706
v 15.400000 1.142642 9.006000 0.4275 0.7451 0.2706
v 15.626800 1.647660 9.119400 0.4275 0.7451 0.2706
v 15.626800 1.103340 9.119400 0.4275 0.7451 0.2706
v 15.706785 1.611197 9.009309 0.4275 0.7451 0.2706
v 15.765339 1.511580 8.928717 0.4275 0.7451 0.2706
v 15.786771 1.375500 8.899218 0.4275 0.7451 0.2706
v 15.765339 1.239420 8.928717 0.4275 0.7451 0.2706
v 15.706785 1.139802 9.009309 0.4275 0.7451 0.2706
v 15.756219 1.611197 9.077349 0.4275 0.7451 0.2706
v 15.850961 1.511580 9.046565 0.4275 0.7451 0.2706
v 15.885639 1.375500 9.035298 0.4275 0.7451 0.2706
v 15.850961 1.239420 9.046565 0.4275 0.7451 0.2706
v 15.756219 1.139802 9.077349 0.4275 0.7451 0.2706
v 15.756219 1.611197 9.161451 0.4275 0.7451 0.2706
v 15.850962 1.511580 9.192235 0.4275 0.7451 0.2706
v 15.885639 1.375500 9.203502 0.4275 0.7451 0.2706
v 15.850962 1.239420 9.192235 0.4275 0.7451 0.2706
v 15.756219 1.139802 9.161451 0.4275 0.7451 0.2706
v 15.706785 1.611197 9.229491 0.4275 0.7451 0.2706
v 15.765339 1.511580 9.310083 0.4275 0.7451 0.2706
v 15.786771 1.375500 9.339582 0.4275 0.7451 0.2706
v 15.765339 1.239420 9.310083 0.4275 0.7451 0.2706
v 15.706785 1.139802 9.229491 0.4275 0.7451 0.2706
v 15.626800 1.611197 9.255480 0.4275 0.7451 0.2706
v 15.626800 1.511580 9.355098 0.4275 0.7451 0.2706
v 15.626800 1.375500 9.391560 0.4275 0.7451 0.2706
v 15.626800 1.239420 9.355098 0.4275 0.7451 0.2706
v 15.626800 1.139802 9.255480 0.4275 0.7451 0.2706
v 15.546814 1.611197 9.229491 0.4275 0.7451 0.2706
v 15.488260 1.511580 9.310083 0.4275 0.7451 0.2706
v 15.466828 1.375500 9.339582 0.4275 0.7451 0.2706
v 15.488260 1.239420 9.310083 0.4275 0.7451 0.2706
v 15.546814 1.139802 9.229491 0.4275 0.7451 0.2706
v 15.497380 1.611197 9.161451 0.4275 0.7451 0.2706
v 15.402638 1.511580 9.192235 0.4275 0.7451 0.2706
v 15.367960 1.375500 9.203502 0.4275 0.7451 0.2706
v 15.402638 1.239420 9.192235 0.4275 0.7451 0.2706
v 15.497380 1.139802 9.161451 0.4275 0.7451 0.2706
v 15.497380 1.611197 9.077349 0.4275 0.7451 0.2706
v 15.402637 1.511580 9.046566 0.4275 0.7451 0.2706
v 15.367960 1.375500 9.035298 0.4275 0.7451 0.2706
v 15.402637 1.239420 9.046566 0.4275 0.7451 0.2706
v 15.497380 1.139802 9.077349 0.4275 0.7451 0.2706
v 15.546814 1.611197 9.009309 0.4275 0.7451 0.2706
v 15.488260 1.511580 8.928717 0.4275 0.7451 0.2706
v 15.466828 1.375500 8.899218 0.4275 0.7451 0.2706
v 15.488260 1.239420 8.928717 0.4275 0.7451 0.2706
v 15.546814 1.139802 9.009309 0.4275 0.7451 0.2706
v 15.626800 1.611197 8.983320 0.4275 0.7451 0.2706
v 15.626800 1.511580 8.883702 0.4275 0.7451 0.2706
v 15.626800 1.375500 8.847240 0.4275 0.7451 0.2706
v 15.626800 1.239420 8.883702 0.4275 0.7451 0.2706
v 15.626800 1.139802 8.983320 0.4275 0.7451 0.2706
v 15.173200 1.647660 9.251700 0.4275 0.7451 0.2706
v 15.173200 1.103340 9.251700 0.4275 0.7451 0.2706
v 15.253185 1.611197 9.141609 0.4275 0.7451 0.2706
v 15.311739 1.511580 9.061017 0.4275 0.7451 0.2706
v 15.333171 1.375500 9.031518 0.4275 0.7451 0.2706
v 15.311739 1.239420 9.061017 0.4275 0.7451 0.2706
v 15.253185 1.139802 9.141609 0.4275 0.7451 0.2706
v 15.302619 1.611197 9.209649 0.4275 0.7451 0.2706
v 15.397361 1.511580 9.178865 0.4275 0.7451 0.2706
v 15.432039 1.375500 9.167599 0.4275 0.7451 0.2706
v 15.397361 1.239420 9.178865 0.4275 0.7451 0.2706
v 15.302619 1.139802 9.209649 0.4275 0.7451 0.2706
v 15.302619 1.611197 9.293752 0.4275 0.7451 0.2706
v 15.397362 1.511580 9.324535 0.4275 0.7451 0.2706
v 15.432039 1.375500 9.335802 0.4275 0.7451 0.2706
v 15.397362 1.239420 9.324535 0.4275 0.7451 0.2706
v 15.302619 1.139802 9.293752 0.4275 0.7451 0.2706
v 15.253185 1.611197 9.361792 0.4275 0.7451 0.2706
v 15.311739 1.511580 9.442384 0.4275 0.7451 0.2706
v 15.333171 1.375500 9.471883 0.4275 0.7451 0.2706
v 15.311739 1.239420 9.442384 0.4275 0.7451 0.2706
v 15.253185 1.139802 9.361792 0.4275 0.7451 0.2706
v 15.173200 1.611197 9.387780 0.4275 0.7451 0.2706
v 15.173200 1.511580 9.487398 0.4275 0.7451 0.2706
v 15.173200 1.375500 9.523860 0.4275 0.7451 0.2706
v 15.173200 1.239420 9.487398 0.4275 0.7451 0.2706
v 15.173200 1.139802 9.387780 0.4275 0.7451 0.2706
v 15.093214 1.611197 9.361792 0.4275 0.7451 0.2706
v 15.034660 1.511580 9.442384 0.4275 0.7451 0.2706
v 15.013228 1.375500 9.471883 0.4275 0.7451 0.2706
v 15.034660 1.239420 9.442384 0.4275 0.7451 0.2706
v 15.093214 1.139802 9.361792 0.4275 0.7451 0.2706
v 15.043780 1.611197 9.293752 0.4275 0.7451 0.2706
v 14.949039 1.511580 9.324535 0.4275 0.7451 0.2706
v 14.914360 1.375500 9.335802 0.4275 0.7451 0.2706
v 14.949039 1.239420 9.324535 0.4275 0.7451 0.2706
v 15.043780 1.139802 9.293752 0.4275 0.7451 0.2706
v 15.043780 1.611197 9.209649 0.4275 0.7451 0.2706
v 14.949038 1.511580 9.178865 0.4275 0.7451 0.2706
v 14.914360 1.375500 9.167599 0.4275 0.7451 0.2706
v 14.949038 1.239420 9.178865 0.4275 0.7451 0.2706
v 15.043780 1.139802 9.209649 0.4275 0.7451 0.2706
v 15.093214 1.611197 9.141609 0.4275 0.7451 0.2706
v 15.034660 1.511580 9.061017 0.4275 0.7451 0.2706
v 15.013228 1.375500 9.031518 0.4275 0.7451 0.2706
v 15.034660 1.239420 9.061017 0.4275 0.7451 0.2706
v 15.093214 1.139802 9.141609 0.4275 0.7451 0.2706
v 15.173200 1.611197 9.115621 0.4275 0.7451 0.2706
v 15.173200 1.511580 9.016003 0.4275 0.7451 0.2706
v 15.173200 1.375500 8.979541 0.4275 0.7451 0.2706
v 15.173200 1.239420 9.016003 0.4275 0.7451 0.2706
v 15.173200 1.139802 9.115621 0.4275 0.7451 0.2706
v -13.000000 11.750000 -6.005000 0.5490 0.5921 0.6393
v -13.000000 12.549999 -6.005000 0.5490 0.5921 0.6393
v -12.761364 11.750000 -5.950533 0.5490 0.5921 0.6393
v -12.761364 12.549999 -5.950533 0.5490 0.5921 0.6393
v -12.569993 11.750000 -5.797919 0.5490 0.5921 0.6393
v -12.569993 12.549999 -5.797919 0.5490 0.5921 0.6393
v -12.463790 11.750000 -5.577386 0.5490 0.5921 0.6393
v -12.463790 12.549999 -5.577386 0.5490 0.5921 0.6393
v -12.463790 11.750000 -5.332613 0.5490 0.5921 0.6393
v -12.463790 12.549999 -5.332613 0.5490 0.5921 0.6393
v -12.569993 11.750000 -5.112081 0.5490 0.5921 0.6393
v -12.569993 12.549999 -5.112081 0.5490 0.5921 0.6393
v -12.761364 11.750000 -4.959467 0.5490 0.5921 0.6393
v -12.761364 12.549999 -4.959467 0.5490 0.5921 0.6393
v -13.000000 11.750000 -4.905000 0.5490 0.5921 0.6393
v -13.000000 12.549999 -4.905000 0.5490 0.5921 0.6393
v -13.238636 11.750000 -4.959467 0.5490 0.5921 0.6393
v -13.238636 12.549999 -4.959467 0.5490 0.5921 0.6393
v -13.430007 11.750000 -5.112081 0.5490 0.5921 0.6393
v -13.430007 12.549999 -5.112081 0.5490 0.5921 0.6393
v -13.536210 11.750000 -5.332613 0.5490 0.5921 0.6393
v -13.536210 12.549999 -5.332613 0.5490 0.5921 0.6393
v -13.536210 11.750000 -5.577386 0.5490 0.5921 0.6393
v -13.536210 12.549999 -5.577386 0.5490 0.5921 0.6393
v -13.430007 11.750000 -5.797919 0.5490 0.5921 0.6393
v -13.430007 12.549999 -5.797919 0.5490 0.5921 0.6393
v -13.238636 11.750000 -5.950533 0.5490 0.5921 0.6393
v -13.238636 12.549999 -5.950533 0.5490 0.5921 0.6393
v -13.000000 12.550000 -5.455000 0.7216 0.7608 0.8000
v -12.050000 12.550000 -5.455000 0.7216 0.7608 0.8000
v -12.144079 12.550000 -5.867189 0.7216 0.7608 0.8000
v -12.407684 12.550000 -6.197740 0.7216 0.7608 0.8000
v -12.788605 12.550000 -6.381181 0.7216 0.7608 0.8000
v -13.211395 12.550000 -6.381181 0.7216 0.7608 0.8000
v -13.592316 12.550000 -6.197740 0.7216 0.7608 0.8000
v -13.855921 12.550000 -5.867189 0.7216 0.7608 0.8000
v -13.950000 12.550000 -5.455000 0.7216 0.7608 0.8000
v -13.855921 12.550000 -5.042810 0.7216 0.7608 0.8000
v -13.592316 12.550000 -4.712260 0.7216 0.7608 0.8000
v -13.211395 12.550000 -4.528818 0.7216 0.7608 0.8000
v -12.788605 12.550000 -4.528818 0.7216 0.7608 0.8000
v -12.407684 12.550000 -4.712260 0.7216 0.7608 0.8000
v -12.144079 12.550000 -5.042810 0.7216 0.7608 0.8000
v -12.050000 13.050000 -5.455000 0.7216 0.7608 0.8000
v -12.144079 13.050000 -5.867189 0.7216 0.7608 0.8000
v -12.407684 13.050000 -6.197740 0.7216 0.7608 0.8000
v -12.788605 13.050000 -6.381181 0.7216 0.7608 0.8000
v -13.211395 13.050000 -6.381181 0.7216 0.7608 0.8000
v -13.592316 13.050000 -6.197740 0.7216 0.7608 0.8000
v -13.855921 13.050000 -5.867189 0.7216 0.7608 0.8000
v -13.950000 13.050000 -5.455000 0.7216 0.7608 0.8000
v -13.855921 13.050000 -5.042810 0.7216 0.7608 0.8000
v -13.592316 13.050000 -4.712260 0.7216 0.7608 0.8000
v -13.211395 13.050000 -4.528818 0.7216 0.7608 0.8000
v -12.788605 13.050000 -4.528818 0.7216 0.7608 0.8000
v -12.407684 13.050000 -4.712260 0.7216 0.7608 0.8000
v -12.144079 13.050000 -5.042810 0.7216 0.7608 0.8000
v -12.300000 13.550000 -5.455000 0.7216 0.7608 0.8000
v -12.369322 13.550000 -5.758718 0.7216 0.7608 0.8000
v -12.563557 13.550000 -6.002282 0.7216 0.7608 0.8000
v -12.844235 13.550000 -6.137449 0.7216 0.7608 0.8000
v -13.155765 13.550000 -6.137449 0.7216 0.7608 0.8000
v -13.436443 13.550000 -6.002282 0.7216 0.7608 0.8000
v -13.630678 13.550000 -5.758718 0.7216 0.7608 0.8000
v -13.700000 13.550000 -5.455000 0.7216 0.7608 0.8000
v -13.630678 13.550000 -5.151281 0.7216 0.7608 0.8000
v -13.436443 13.550000 -4.907718 0.7216 0.7608 0.8000
v -13.155765 13.550000 -4.772551 0.7216 0.7608 0.8000
v -12.844235 13.550000 -4.772551 0.7216 0.7608 0.8000
v -12.563557 13.550000 -4.907718 0.7216 0.7608 0.8000
v -12.369322 13.550000 -5.151281 0.7216 0.7608 0.8000
v -13.000000 13.700000 -5.455000 0.7216 0.7608 0.8000
v -12.099999 12.555000 -5.255000 0.5490 0.5921 0.6393
v -12.099999 13.105000 -5.255000 0.5490 0.5921 0.6393
v -12.099999 12.555000 -5.655000 0.5490 0.5921 0.6393
v -12.099999 13.105000 -5.655000 0.5490 0.5921 0.6393
v -12.040000 12.555000 -5.255000 0.5490 0.5921 0.6393
v -12.040000 13.105000 -5.255000 0.5490 0.5921 0.6393
v -12.040000 12.555000 -5.655000 0.5490 0.5921 0.6393
v -12.040000 13.105000 -5.655000 0.5490 0.5921 0.6393
v -12.282493 12.555000 -6.033950 0.5490 0.5921 0.6393
v -12.282493 13.105000 -6.033950 0.5490 0.5921 0.6393
v -12.595225 12.555000 -6.283346 0.5490 0.5921 0.6393
v -12.595225 13.105000 -6.283346 0.5490 0.5921 0.6393
v -12.245084 12.555000 -6.080860 0.5490 0.5921 0.6393
v -12.245084 13.105000 -6.080860 0.5490 0.5921 0.6393
v -12.557817 12.555000 -6.330256 0.5490 0.5921 0.6393
v -12.557817 13.105000 -6.330256 0.5490 0.5921 0.6393
v -13.005283 12.555000 -6.376939 0.5490 0.5921 0.6393
v -13.005283 13.105000 -6.376939 0.5490 0.5921 0.6393
v -13.395254 12.555000 -6.287931 0.5490 0.5921 0.6393
v -13.395254 13.105000 -6.287931 0.5490 0.5921 0.6393
v -13.018635 12.555000 -6.435435 0.5490 0.5921 0.6393
v -13.018635 13.105000 -6.435435 0.5490 0.5921 0.6393
v -13.408606 12.555000 -6.346426 0.5490 0.5921 0.6393
v -13.408606 13.105000 -6.346426 0.5490 0.5921 0.6393
v -13.724095 12.555000 -6.025689 0.5490 0.5921 0.6393
v -13.724095 13.105000 -6.025689 0.5490 0.5921 0.6393
v -13.897649 12.555000 -5.665302 0.5490 0.5921 0.6393
v -13.897649 13.105000 -5.665302 0.5490 0.5921 0.6393
v -13.778153 12.555000 -6.051722 0.5490 0.5921 0.6393
v -13.778153 13.105000 -6.051722 0.5490 0.5921 0.6393
v -13.951707 12.555000 -5.691335 0.5490 0.5921 0.6393
v -13.951707 13.105000 -5.691335 0.5490 0.5921 0.6393
v -13.897649 12.555000 -5.244699 0.5490 0.5921 0.6393
v -13.897649 13.105000 -5.244699 0.5490 0.5921 0.6393
v -13.724095 12.555000 -4.884311 0.5490 0.5921 0.6393
v -13.724095 13.105000 -4.884311 0.5490 0.5921 0.6393
v -13.951707 12.555000 -5.218665 0.5490 0.5921 0.6393
v -13.951707 13.105000 -5.218665 0.5490 0.5921 0.6393
v -13.778153 12.555000 -4.858277 0.5490 0.5921 0.6393
v -13.778153 13.105000 -4.858277 0.5490 0.5921 0.6393
v -13.395254 12.555000 -4.622069 0.5490 0.5921 0.6393
v -13.395254 13.105000 -4.622069 0.5490 0.5921 0.6393
v -13.005283 12.555000 -4.533061 0.5490 0.5921 0.6393
v -13.005283 13.105000 -4.533061 0.5490 0.5921 0.6393
v -13.408606 12.555000 -4.563573 0.5490 0.5921 0.6393
v -13.408606 13.105000 -4.563573 0.5490 0.5921 0.6393
v -13.018635 12.555000 -4.474565 0.5490 0.5921 0.6393
v -13.018635 13.105000 -4.474565 0.5490 0.5921 0.6393
v -12.595225 12.555000 -4.626654 0.5490 0.5921 0.6393
v -12.595225 13.105000 -4.626654 0.5490 0.5921 0.6393
v -12.282493 12.555000 -4.876050 0.5490 0.5921 0.6393
v -12.282493 13.105000 -4.876050 0.5490 0.5921 0.6393
v -12.557817 12.555000 -4.579744 0.5490 0.5921 0.6393
v -12.557817 13.105000 -4.579744 0.5490 0.5921 0.6393
v -12.245084 12.555000 -4.829140 0.5490 0.5921 0.6393
v -12.245084 13.105000 -4.829140 0.5490 0.5921 0.6393
v -6.000000 11.750000 -6.005000 0.5490 0.5921 0.6393
v -6.000000 12.549999 -6.005000 0.5490 0.5921 0.6393
v -5.761364 11.750000 -5.950533 0.5490 0.5921 0.6393
v -5.761364 12.549999 -5.950533 0.5490 0.5921 0.6393
v -5.569993 11.750000 -5.797919 0.5490 0.5921 0.6393
v -5.569993 12.549999 -5.797919 0.5490 0.5921 0.6393
v -5.463789 11.750000 -5.577386 0.5490 0.5921 0.6393
v -5.463789 12.549999 -5.577386 0.5490 0.5921 0.6393
v -5.463789 11.750000 -5.332613 0.5490 0.5921 0.6393
v -5.463789 12.549999 -5.332613 0.5490 0.5921 0.6393
v -5.569993 11.750000 -5.112081 0.5490 0.5921 0.6393
v -5.569993 12.549999 -5.112081 0.5490 0.5921 0.6393
v -5.761364 11.750000 -4.959467 0.5490 0.5921 0.6393
v -5.761364 12.549999 -4.959467 0.5490 0.5921 0.6393
v -6.000000 11.750000 -4.905000 0.5490 0.5921 0.6393
v -6.000000 12.549999 -4.905000 0.5490 0.5921 0.6393
v -6.238636 11.750000 -4.959467 0.5490 0.5921 0.6393
v -6.238636 12.549999 -4.959467 0.5490 0.5921 0.6393
v -6.430007 11.750000 -5.112081 0.5490 0.5921 0.6393
v -6.430007 12.549999 -5.112081 0.5490 0.5921 0.6393
v -6.536211 11.750000 -5.332613 0.5490 0.5921 0.6393
v -6.536211 12.549999 -5.332613 0.5490 0.5921 0.6393
v -6.536211 11.750000 -5.577386 0.5490 0.5921 0.6393
v -6.536211 12.549999 -5.577386 0.5490 0.5921 0.6393
v -6.430007 11.750000 -5.797919 0.5490 0.5921 0.6393
v -6.430007 12.549999 -5.797919 0.5490 0.5921 0.6393
v -6.238636 11.750000 -5.950533 0.5490 0.5921 0.6393
v -6.238636 12.549999 -5.950533 0.5490 0.5921 0.6393
v -6.000000 12.550000 -5.455000 0.7216 0.7608 0.8000
v -5.050000 12.550000 -5.455000 0.7216 0.7608 0.8000
v -5.144080 12.550000 -5.867189 0.7216 0.7608 0.8000
v -5.407685 12.550000 -6.197740 0.7216 0.7608 0.8000
v -5.788605 12.550000 -6.381181 0.7216 0.7608 0.8000
v -6.211395 12.550000 -6.381181 0.7216 0.7608 0.8000
v -6.592315 12.550000 -6.197740 0.7216 0.7608 0.8000
v -6.855920 12.550000 -5.867189 0.7216 0.7608 0.8000
v -6.950000 12.550000 -5.455000 0.7216 0.7608 0.8000
v -6.855920 12.550000 -5.042810 0.7216 0.7608 0.8000
v -6.592315 12.550000 -4.712260 0.7216 0.7608 0.8000
v -6.211395 12.550000 -4.528818 0.7216 0.7608 0.8000
v -5.788605 12.550000 -4.528818 0.7216 0.7608 0.8000
v -5.407685 12.550000 -4.712260 0.7216 0.7608 0.8000
v -5.144080 12.550000 -5.042810 0.7216 0.7608 0.8000
v -5.050000 13.050000 -5.455000 0.7216 0.7608 0.8000
v -5.144080 13.050000 -5.867189 0.7216 0.7608 0.8000
v -5.407685 13.050000 -6.197740 0.7216 0.7608 0.8000
v -5.788605 13.050000 -6.381181 0.7216 0.7608 0.8000
v -6.211395 13.050000 -6.381181 0.7216 0.7608 0.8000
v -6.592315 13.050000 -6.197740 0.7216 0.7608 0.8000
v -6.855920 13.050000 -5.867189 0.7216 0.7608 0.8000
v -6.950000 13.050000 -5.455000 0.7216 0.7608 0.8000
v -6.855920 13.050000 -5.042810 0.7216 0.7608 0.8000
v -6.592315 13.050000 -4.712260 0.7216 0.7608 0.8000
v -6.211395 13.050000 -4.528818 0.7216 0.7608 0.8000
v -5.788605 13.050000 -4.528818 0.7216 0.7608 0.8000
v -5.407685 13.050000 -4.712260 0.7216 0.7608 0.8000
v -5.144080 13.050000 -5.042810 0.7216 0.7608 0.8000
v -5.300000 13.550000 -5.455000 0.7216 0.7608 0.8000
v -5.369322 13.550000 -5.758718 0.7216 0.7608 0.8000
v -5.563557 13.550000 -6.002282 0.7216 0.7608 0.8000
v -5.844235 13.550000 -6.137449 0.7216 0.7608 0.8000
v -6.155765 13.550000 -6.137449 0.7216 0.7608 0.8000
v -6.436443 13.550000 -6.002282 0.7216 0.7608 0.8000
v -6.630678 13.550000 -5.758718 0.7216 0.7608 0.8000
v -6.700000 13.550000 -5.455000 0.7216 0.7608 0.8000
v -6.630678 13.550000 -5.151281 0.7216 0.7608 0.8000
v -6.436443 13.550000 -4.907718 0.7216 0.7608 0.8000
v -6.155765 13.550000 -4.772551 0.7216 0.7608 0.8000
v -5.844235 13.550000 -4.772551 0.7216 0.7608 0.8000
v -5.563557 13.550000 -4.907718 0.7216 0.7608 0.8000
v -5.369322 13.550000 -5.151281 0.7216 0.7608 0.8000
v -6.000000 13.700000 -5.455000 0.7216 0.7608 0.8000
v -5.100000 12.555000 -5.255000 0.5490 0.5921 0.6393
v -5.100000 13.105000 -5.255000 0.5490 0.5921 0.6393
v -5.100000 12.555000 -5.655000 0.5490 0.5921 0.6393
v -5.100000 13.105000 -5.655000 0.5490 0.5921 0.6393
v -5.040000 12.555000 -5.255000 0.5490 0.5921 0.6393
v -5.040000 13.105000 -5.255000 0.5490 0.5921 0.6393
v -5.040000 12.555000 -5.655000 0.5490 0.5921 0.6393
v -5.040000 13.105000 -5.655000 0.5490 0.5921 0.6393
v -5.282493 12.555000 -6.033950 0.5490 0.5921 0.6393
v -5.282493 13.105000 -6.033950 0.5490 0.5921 0.6393
v -5.595225 12.555000 -6.283346 0.5490 0.5921 0.6393
v -5.595225 13.105000 -6.283346 0.5490 0.5921 0.6393
v -5.245084 12.555000 -6.080860 0.5490 0.5921 0.6393
v -5.245084 13.105000 -6.080860 0.5490 0.5921 0.6393
v -5.557816 12.555000 -6.330256 0.5490 0.5921 0.6393
v -5.557816 13.105000 -6.330256 0.5490 0.5921 0.6393
v -6.005283 12.555000 -6.376939 0.5490 0.5921 0.6393
v -6.005283 13.105000 -6.376939 0.5490 0.5921 0.6393
v -6.395255 12.555000 -6.287931 0.5490 0.5921 0.6393
v -6.395255 13.105000 -6.287931 0.5490 0.5921 0.6393
v -6.018634 12.555000 -6.435435 0.5490 0.5921 0.6393
v -6.018634 13.105000 -6.435435 0.5490 0.5921 0.6393
v -6.408606 12.555000 -6.346426 0.5490 0.5921 0.6393
v -6.408606 13.105000 -6.346426 0.5490 0.5921 0.6393
v -6.724095 12.555000 -6.025689 0.5490 0.5921 0.6393
v -6.724095 13.105000 -6.025689 0.5490 0.5921 0.6393
v -6.897649 12.555000 -5.665302 0.5490 0.5921 0.6393
v -6.897649 13.105000 -5.665302 0.5490 0.5921 0.6393
v -6.778153 12.555000 -6.051722 0.5490 0.5921 0.6393
v -6.778153 13.105000 -6.051722 0.5490 0.5921 0.6393
v -6.951707 12.555000 -5.691335 0.5490 0.5921 0.6393
v -6.951707 13.105000 -5.691335 0.5490 0.5921 0.6393
v -6.897649 12.555000 -5.244699 0.5490 0.5921 0.6393
v -6.897649 13.105000 -5.244699 0.5490 0.5921 0.6393
v -6.724095 12.555000 -4.884311 0.5490 0.5921 0.6393
v -6.724095 13.105000 -4.884311 0.5490 0.5921 0.6393
v -6.951707 12.555000 -5.218665 0.5490 0.5921 0.6393
v -6.951707 13.105000 -5.218665 0.5490 0.5921 0.6393
v -6.778153 12.555000 -4.858277 0.5490 0.5921 0.6393
v -6.778153 13.105000 -4.858277 0.5490 0.5921 0.6393
v -6.395255 12.555000 -4.622069 0.5490 0.5921 0.6393
v -6.395255 13.105000 -4.622069 0.5490 0.5921 0.6393
v -6.005283 12.555000 -4.533061 0.5490 0.5921 0.6393
v -6.005283 13.105000 -4.533061 0.5490 0.5921 0.6393
v -6.408606 12.555000 -4.563573 0.5490 0.5921 0.6393
v -6.408606 13.105000 -4.563573 0.5490 0.5921 0.6393
v -6.018634 12.555000 -4.474565 0.5490 0.5921 0.6393
v -6.018634 13.105000 -4.474565 0.5490 0.5921 0.6393
v -5.595226 12.555000 -4.626654 0.5490 0.5921 0.6393
v -5.595226 13.105000 -4.626654 0.5490 0.5921 0.6393
v -5.282493 12.555000 -4.876050 0.5490 0.5921 0.6393
v -5.282493 13.105000 -4.876050 0.5490 0.5921 0.6393
v -5.557816 12.555000 -4.579744 0.5490 0.5921 0.6393
v -5.557816 13.105000 -4.579744 0.5490 0.5921 0.6393
v -5.245083 12.555000 -4.829140 0.5490 0.5921 0.6393
v -5.245083 13.105000 -4.829140 0.5490 0.5921 0.6393
v 1.000000 11.750000 -6.005000 0.5490 0.5921 0.6393
v 1.000000 12.549999 -6.005000 0.5490 0.5921 0.6393
v 1.238636 11.750000 -5.950533 0.5490 0.5921 0.6393
v 1.238636 12.549999 -5.950533 0.5490 0.5921 0.6393
v 1.430007 11.750000 -5.797919 0.5490 0.5921 0.6393
v 1.430007 12.549999 -5.797919 0.5490 0.5921 0.6393
v 1.536210 11.750000 -5.577386 0.5490 0.5921 0.6393
v 1.536210 12.549999 -5.577386 0.5490 0.5921 0.6393
v 1.536210 11.750000 -5.332613 0.5490 0.5921 0.6393
v 1.536210 12.549999 -5.332613 0.5490 0.5921 0.6393
v 1.430007 11.750000 -5.112081 0.5490 0.5921 0.6393
v 1.430007 12.549999 -5.112081 0.5490 0.5921 0.6393
v 1.238636 11.750000 -4.959467 0.5490 0.5921 0.6393
v 1.238636 12.549999 -4.959467 0.5490 0.5921 0.6393
v 1.000000 11.750000 -4.905000 0.5490 0.5921 0.6393
v 1.000000 12.549999 -4.905000 0.5490 0.5921 0.6393
v 0.761364 11.750000 -4.959467 0.5490 0.5921 0.6393
v 0.761364 12.549999 -4.959467 0.5490 0.5921 0.6393
v 0.569993 11.750000 -5.112081 0.5490 0.5921 0.6393
v 0.569993 12.549999 -5.112081 0.5490 0.5921 0.6393
v 0.463790 11.750000 -5.332613 0.5490 0.5921 0.6393
v 0.463790 12.549999 -5.332613 0.5490 0.5921 0.6393
v 0.463790 11.750000 -5.577386 0.5490 0.5921 0.6393
v 0.463790 12.549999 -5.577386 0.5490 0.5921 0.6393
v 0.569993 11.750000 -5.797919 0.5490 0.5921 0.6393
v 0.569993 12.549999 -5.797919 0.5490 0.5921 0.6393
v 0.761364 11.750000 -5.950533 0.5490 0.5921 0.6393
v 0.761364 12.549999 -5.950533 0.5490 0.5921 0.6393
v 1.000000 12.550000 -5.455000 0.7216 0.7608 0.8000
v 1.950000 12.550000 -5.455000 0.7216 0.7608 0.8000
v 1.855920 12.550000 -5.867189 0.7216 0.7608 0.8000
v 1.592315 12.550000 -6.197740 0.7216 0.7608 0.8000
v 1.211395 12.550000 -6.381181 0.7216 0.7608 0.8000
v 0.788605 12.550000 -6.381181 0.7216 0.7608 0.8000
v 0.407685 12.550000 -6.197740 0.7216 0.7608 0.8000
v 0.144080 12.550000 -5.867189 0.7216 0.7608 0.8000
v 0.050000 12.550000 -5.455000 0.7216 0.7608 0.8000
v 0.144080 12.550000 -5.042810 0.7216 0.7608 0.8000
v 0.407685 12.550000 -4.712260 0.7216 0.7608 0.8000
v 0.788605 12.550000 -4.528818 0.7216 0.7608 0.8000
v 1.211395 12.550000 -4.528818 0.7216 0.7608 0.8000
v 1.592315 12.550000 -4.712260 0.7216 0.7608 0.8000
v 1.855920 12.550000 -5.042810 0.7216 0.7608 0.8000
v 1.950000 13.050000 -5.455000 0.7216 0.7608 0.8000
v 1.855920 13.050000 -5.867189 0.7216 0.7608 0.8000
v 1.592315 13.050000 -6.197740 0.7216 0.7608 0.8000
v 1.211395 13.050000 -6.381181 0.7216 0.7608 0.8000
v 0.788605 13.050000 -6.381181 0.7216 0.7608 0.8000
v 0.407685 13.050000 -6.197740 0.7216 0.7608 0.8000
v 0.144080 13.050000 -5.867189 0.7216 0.7608 0.8000
v 0.050000 13.050000 -5.455000 0.7216 0.7608 0.8000
v 0.144080 13.050000 -5.042810 0.7216 0.7608 0.8000
v 0.407685 13.050000 -4.712260 0.7216 0.7608 0.8000
v 0.788605 13.050000 -4.528818 0.7216 0.7608 0.8000
v 1.211395 13.050000 -4.528818 0.7216 0.7608 0.8000
v 1.592315 13.050000 -4.712260 0.7216 0.7608 0.8000
v 1.855920 13.050000 -5.042810 0.7216 0.7608 0.8000
v 1.700000 13.550000 -5.455000 0.7216 0.7608 0.8000
v 1.630678 13.550000 -5.758718 0.7216 0.7608 0.8000
v 1.436443 13.550000 -6.002282 0.7216 0.7608 0.8000
v 1.155765 13.550000 -6.137449 0.7216 0.7608 0.8000
v 0.844235 13.550000 -6.137449 0.7216 0.7608 0.8000
v 0.563557 13.550000 -6.002282 0.7216 0.7608 0.8000
v 0.369322 13.550000 -5.758718 0.7216 0.7608 0.8000
v 0.300000 13.550000 -5.455000 0.7216 0.7608 0.8000
v 0.369322 13.550000 -5.151281 0.7216 0.7608 0.8000
v 0.563557 13.550000 -4.907718 0.7216 0.7608 0.8000
v 0.844235 13.550000 -4.772551 0.7216 0.7608 0.8000
v 1.155765 13.550000 -4.772551 0.7216 0.7608 0.8000
v 1.436443 13.550000 -4.907718 0.7216 0.7608 0.8000
v 1.630678 13.550000 -5.151281 0.7216 0.7608 0.8000
v 1.000000 13.700000 -5.455000 0.7216 0.7608 0.8000
v 1.900000 12.555000 -5.255000 0.5490 0.5921 0.6393
v 1.900000 13.105000 -5.255000 0.5490 0.5921 0.6393
v 1.900000 12.555000 -5.655000 0.5490 0.5921 0.6393
v 1.900000 13.105000 -5.655000 0.5490 0.5921 0.6393
v 1.960000 12.555000 -5.255000 0.5490 0.5921 0.6393
v 1.960000 13.105000 -5.255000 0.5490 0.5921 0.6393
v 1.960000 12.555000 -5.655000 0.5490 0.5921 0.6393
v 1.960000 13.105000 -5.655000 0.5490 0.5921 0.6393
v 1.717507 12.555000 -6.033950 0.5490 0.5921 0.6393
v 1.717507 13.105000 -6.033950 0.5490 0.5921 0.6393
v 1.404775 12.555000 -6.283346 0.5490 0.5921 0.6393
v 1.404775 13.105000 -6.283346 0.5490 0.5921 0.6393
v 1.754917 12.555000 -6.080860 0.5490 0.5921 0.6393
v 1.754917 13.105000 -6.080860 0.5490 0.5921 0.6393
v 1.442184 12.555000 -6.330256 0.5490 0.5921 0.6393
v 1.442184 13.105000 -6.330256 0.5490 0.5921 0.6393
v 0.994717 12.555000 -6.376939 0.5490 0.5921 0.6393
v 0.994717 13.105000 -6.376939 0.5490 0.5921 0.6393
v 0.604746 12.555000 -6.287931 0.5490 0.5921 0.6393
v 0.604746 13.105000 -6.287931 0.5490 0.5921 0.6393
v 0.981366 12.555000 -6.435435 0.5490 0.5921 0.6393
v 0.981366 13.105000 -6.435435 0.5490 0.5921 0.6393
v 0.591394 12.555000 -6.346426 0.5490 0.5921 0.6393
v 0.591394 13.105000 -6.346426 0.5490 0.5921 0.6393
v 0.275905 12.555000 -6.025689 0.5490 0.5921 0.6393
v 0.275905 13.105000 -6.025689 0.5490 0.5921 0.6393
v 0.102351 12.555000 -5.665302 0.5490 0.5921 0.6393
v 0.102351 13.105000 -5.665302 0.5490 0.5921 0.6393
v 0.221847 12.555000 -6.051722 0.5490 0.5921 0.6393
v 0.221847 13.105000 -6.051722 0.5490 0.5921 0.6393
v 0.048293 12.555000 -5.691335 0.5490 0.5921 0.6393
v 0.048293 13.105000 -5.691335 0.5490 0.5921 0.6393
v 0.102351 12.555000 -5.244699 0.5490 0.5921 0.6393
v 0.102351 13.105000 -5.244699 0.5490 0.5921 0.6393
v 0.275905 12.555000 -4.884311 0.5490 0.5921 0.6393
v 0.275905 13.105000 -4.884311 0.5490 0.5921 0.6393
v 0.048293 12.555000 -5.218665 0.5490 0.5921 0.6393
v 0.048293 13.105000 -5.218665 0.5490 0.5921 0.6393
v 0.221847 12.555000 -4.858277 0.5490 0.5921 0.6393
v 0.221847 13.105000 -4.858277 0.5490 0.5921 0.6393
v 0.604746 12.555000 -4.622069 0.5490 0.5921 0.6393
v 0.604746 13.105000 -4.622069 0.5490 0.5921 0.6393
v 0.994717 12.555000 -4.533061 0.5490 0.5921 0.6393
v 0.994717 13.105000 -4.533061 0.5490 0.5921 0.6393
v 0.591394 12.555000 -4.563573 0.5490 0.5921 0.6393
v 0.591394 13.105000 -4.563573 0.5490 0.5921 0.6393
v 0.981366 12.555000 -4.474565 0.5490 0.5921 0.6393
v 0.981366 13.105000 -4.474565 0.5490 0.5921 0.6393
v 1.404775 12.555000 -4.626654 0.5490 0.5921 0.6393
v 1.404775 13.105000 -4.626654 0.5490 0.5921 0.6393
v 1.717507 12.555000 -4.876050 0.5490 0.5921 0.6393
v 1.717507 13.105000 -4.876050 0.5490 0.5921 0.6393
v 1.442184 12.555000 -4.579744 0.5490 0.5921 0.6393
v 1.442184 13.105000 -4.579744 0.5490 0.5921 0.6393
v 1.754917 12.555000 -4.829140 0.5490 0.5921 0.6393
v 1.754917 13.105000 -4.829140 0.5490 0.5921 0.6393
v 8.000000 11.750000 -6.005000 0.5490 0.5921 0.6393
v 8.000000 12.549999 -6.005000 0.5490 0.5921 0.6393
v 8.238636 11.750000 -5.950533 0.5490 0.5921 0.6393
v 8.238636 12.549999 -5.950533 0.5490 0.5921 0.6393
v 8.430007 11.750000 -5.797919 0.5490 0.5921 0.6393
v 8.430007 12.549999 -5.797919 0.5490 0.5921 0.6393
v 8.536210 11.750000 -5.577386 0.5490 0.5921 0.6393
v 8.536210 12.549999 -5.577386 0.5490 0.5921 0.6393
v 8.536210 11.750000 -5.332613 0.5490 0.5921 0.6393
v 8.536210 12.549999 -5.332613 0.5490 0.5921 0.6393
v 8.430007 11.750000 -5.112081 0.5490 0.5921 0.6393
v 8.430007 12.549999 -5.112081 0.5490 0.5921 0.6393
v 8.238636 11.750000 -4.959467 0.5490 0.5921 0.6393
v 8.238636 12.549999 -4.959467 0.5490 0.5921 0.6393
v 8.000000 11.750000 -4.905000 0.5490 0.5921 0.6393
v 8.000000 12.549999 -4.905000 0.5490 0.5921 0.6393
v 7.761364 11.750000 -4.959467 0.5490 0.5921 0.6393
v 7.761364 12.549999 -4.959467 0.5490 0.5921 0.6393
v 7.569993 11.750000 -5.112081 0.5490 0.5921 0.6393
v 7.569993 12.549999 -5.112081 0.5490 0.5921 0.6393
v 7.463789 11.750000 -5.332613 0.5490 0.5921 0.6393
v 7.463789 12.549999 -5.332613 0.5490 0.5921 0.6393
v 7.463789 11.750000 -5.577386 0.5490 0.5921 0.6393
v 7.463789 12.549999 -5.577386 0.5490 0.5921 0.6393
v 7.569993 11.750000 -5.797919 0.5490 0.5921 0.6393
v 7.569993 12.549999 -5.797919 0.5490 0.5921 0.6393
v 7.761364 11.750000 -5.950533 0.5490 0.5921 0.6393
v 7.761364 12.549999 -5.950533 0.5490 0.5921 0.6393
v 8.000000 12.550000 -5.455000 0.7216 0.7608 0.8000
v 8.950000 12.550000 -5.455000 0.7216 0.7608 0.8000
v 8.855921 12.550000 -5.867189 0.7216 0.7608 0.8000
v 8.592316 12.550000 -6.197740 0.7216 0.7608 0.8000
v 8.211395 12.550000 -6.381181 0.7216 0.7608 0.8000
v 7.788605 12.550000 -6.381181 0.7216 0.7608 0.8000
v 7.407685 12.550000 -6.197740 0.7216 0.7608 0.8000
v 7.144080 12.550000 -5.867189 0.7216 0.7608 0.8000
v 7.050000 12.550000 -5.455000 0.7216 0.7608 0.8000
v 7.144080 12.550000 -5.042810 0.7216 0.7608 0.8000
v 7.407685 12.550000 -4.712260 0.7216 0.7608 0.8000
v 7.788605 12.550000 -4.528818 0.7216 0.7608 0.8000
v 8.211395 12.550000 -4.528818 0.7216 0.7608 0.8000
v 8.592316 12.550000 -4.712260 0.7216 0.7608 0.8000
v 8.855921 12.550000 -5.042810 0.7216 0.7608 0.8000
v 8.950000 13.050000 -5.455000 0.7216 0.7608 0.8000
v 8.855921 13.050000 -5.867189 0.7216 0.7608 0.8000
v 8.592316 13.050000 -6.197740 0.7216 0.7608 0.8000
v 8.211395 13.050000 -6.381181 0.7216 0.7608 0.8000
v 7.788605 13.050000 -6.381181 0.7216 0.7608 0.8000
v 7.407685 13.050000 -6.197740 0.7216 0.7608 0.8000
v 7.144080 13.050000 -5.867189 0.7216 0.7608 0.8000
v 7.050000 13.050000 -5.455000 0.7216 0.7608 0.8000
v 7.144080 13.050000 -5.042810 0.7216 0.7608 0.8000
v 7.407685 13.050000 -4.712260 0.7216 0.7608 0.8000
v 7.788605 13.050000 -4.528818 0.7216 0.7608 0.8000
v 8.211395 13.050000 -4.528818 0.7216 0.7608 0.8000
v 8.592316 13.050000 -4.712260 0.7216 0.7608 0.8000
v 8.855921 13.050000 -5.042810 0.7216 0.7608 0.8000
v 8.700000 13.550000 -5.455000 0.7216 0.7608 0.8000
v 8.630678 13.550000 -5.758718 0.7216 0.7608 0.8000
v 8.436443 13.550000 -6.002282 0.7216 0.7608 0.8000
v 8.155765 13.550000 -6.137449 0.7216 0.7608 0.8000
v 7.844235 13.550000 -6.137449 0.7216 0.7608 0.8000
v 7.563557 13.550000 -6.002282 0.7216 0.7608 0.8000
v 7.369322 13.550000 -5.758718 0.7216 0.7608 0.8000
v 7.300000 13.550000 -5.455000 0.7216 0.7608 0.8000
v 7.369322 13.550000 -5.151281 0.7216 0.7608 0.8000
v 7.563557 13.550000 -4.907718 0.7216 0.7608 0.8000
v 7.844235 13.550000 -4.772551 0.7216 0.7608 0.8000
v 8.155765 13.550000 -4.772551 0.7216 0.7608 0.8000
v 8.436443 13.550000 -4.907718 0.7216 0.7608 0.8000
v 8.630678 13.550000 -5.151281 0.7216 0.7608 0.8000
v 8.000000 13.700000 -5.455000 0.7216 0.7608 0.8000
v 8.900001 12.555000 -5.255000 0.5490 0.5921 0.6393
v 8.900001 13.105000 -5.255000 0.5490 0.5921 0.6393
v 8.900001 12.555000 -5.655000 0.5490 0.5921 0.6393
v 8.900001 13.105000 -5.655000 0.5490 0.5921 0.6393
v 8.960000 12.555000 -5.255000 0.5490 0.5921 0.6393
v 8.960000 13.105000 -5.255000 0.5490 0.5921 0.6393
v 8.960000 12.555000 -5.655000 0.5490 0.5921 0.6393
v 8.960000 13.105000 -5.655000 0.5490 0.5921 0.6393
v 8.717507 12.555000 -6.033950 0.5490 0.5921 0.6393
v 8.717507 13.105000 -6.033950 0.5490 0.5921 0.6393
v 8.404775 12.555000 -6.283346 0.5490 0.5921 0.6393
v 8.404775 13.105000 -6.283346 0.5490 0.5921 0.6393
v 8.754916 12.555000 -6.080860 0.5490 0.5921 0.6393
v 8.754916 13.105000 -6.080860 0.5490 0.5921 0.6393
v 8.442183 12.555000 -6.330256 0.5490 0.5921 0.6393
v 8.442183 13.105000 -6.330256 0.5490 0.5921 0.6393
v 7.994717 12.555000 -6.376939 0.5490 0.5921 0.6393
v 7.994717 13.105000 -6.376939 0.5490 0.5921 0.6393
v 7.604745 12.555000 -6.287931 0.5490 0.5921 0.6393
v 7.604745 13.105000 -6.287931 0.5490 0.5921 0.6393
v 7.981366 12.555000 -6.435435 0.5490 0.5921 0.6393
v 7.981366 13.105000 -6.435435 0.5490 0.5921 0.6393
v 7.591394 12.555000 -6.346426 0.5490 0.5921 0.6393
v 7.591394 13.105000 -6.346426 0.5490 0.5921 0.6393
v 7.275905 12.555000 -6.025689 0.5490 0.5921 0.6393
v 7.275905 13.105000 -6.025689 0.5490 0.5921 0.6393
v 7.102351 12.555000 -5.665302 0.5490 0.5921 0.6393
v 7.102351 13.105000 -5.665302 0.5490 0.5921 0.6393
v 7.221847 12.555000 -6.051722 0.5490 0.5921 0.6393
v 7.221847 13.105000 -6.051722 0.5490 0.5921 0.6393
v 7.048293 12.555000 -5.691335 0.5490 0.5921 0.6393
v 7.048293 13.105000 -5.691335 0.5490 0.5921 0.6393
v 7.102351 12.555000 -5.244699 0.5490 0.5921 0.6393
v 7.102351 13.105000 -5.244699 0.5490 0.5921 0.6393
v 7.275905 12.555000 -4.884311 0.5490 0.5921 0.6393
v 7.275905 13.105000 -4.884311 0.5490 0.5921 0.6393
v 7.048293 12.555000 -5.218665 0.5490 0.5921 0.6393
v 7.048293 13.105000 -5.218665 0.5490 0.5921 0.6393
v 7.221847 12.555000 -4.858277 0.5490 0.5921 0.6393
v 7.221847 13.105000 -4.858277 0.5490 0.5921 0.6393
v 7.604745 12.555000 -4.622069 0.5490 0.5921 0.6393
v 7.604745 13.105000 -4.622069 0.5490 0.5921 0.6393
v 7.994717 12.555000 -4.533061 0.5490 0.5921 0.6393
v 7.994717 13.105000 -4.533061 0.5490 0.5921 0.6393
v 7.591394 12.555000 -4.563573 0.5490 0.5921 0.6393
v 7.591394 13.105000 -4.563573 0.5490 0.5921 0.6393
v 7.981366 12.555000 -4.474565 0.5490 0.5921 0.6393
v 7.981366 13.105000 -4.474565 0.5490 0.5921 0.6393
v 8.404775 12.555000 -4.626654 0.5490 0.5921 0.6393
v 8.404775 13.105000 -4.626654 0.5490 0.5921 0.6393
v 8.717507 12.555000 -4.876050 0.5490 0.5921 0.6393
v 8.717507 13.105000 -4.876050 0.5490 0.5921 0.6393
v 8.442183 12.555000 -4.579744 0.5490 0.5921 0.6393
v 8.442183 13.105000 -4.579744 0.5490 0.5921 0.6393
v 8.754916 12.555000 -4.829140 0.5490 0.5921 0.6393
v 8.754916 13.105000 -4.829140 0.5490 0.5921 0.6393
v 14.000000 11.750000 -6.005000 0.5490 0.5921 0.6393
v 14.000000 12.549999 -6.005000 0.5490 0.5921 0.6393
v 14.238636 11.750000 -5.950533 0.5490 0.5921 0.6393
v 14.238636 12.549999 -5.950533 0.5490 0.5921 0.6393
v 14.430007 11.750000 -5.797919 0.5490 0.5921 0.6393
v 14.430007 12.549999 -5.797919 0.5490 0.5921 0.6393
v 14.536210 11.750000 -5.577386 0.5490 0.5921 0.6393
v 14.536210 12.549999 -5.577386 0.5490 0.5921 0.6393
v 14.536210 11.750000 -5.332613 0.5490 0.5921 0.6393
v 14.536210 12.549999 -5.332613 0.5490 0.5921 0.6393
v 14.430007 11.750000 -5.112081 0.5490 0.5921 0.6393
v 14.430007 12.549999 -5.112081 0.5490 0.5921 0.6393
v 14.238636 11.750000 -4.959467 0.5490 0.5921 0.6393
v 14.238636 12.549999 -4.959467 0.5490 0.5921 0.6393
v 14.000000 11.750000 -4.905000 0.5490 0.5921 0.6393
v 14.000000 12.549999 -4.905000 0.5490 0.5921 0.6393
v 13.761364 11.750000 -4.959467 0.5490 0.5921 0.6393
v 13.761364 12.549999 -4.959467 0.5490 0.5921 0.6393
v 13.569993 11.750000 -5.112081 0.5490 0.5921 0.6393
v 13.569993 12.549999 -5.112081 0.5490 0.5921 0.6393
v 13.463790 11.750000 -5.332613 0.5490 0.5921 0.6393
v 13.463790 12.549999 -5.332613 0.5490 0.5921 0.6393
v 13.463790 11.750000 -5.577386 0.5490 0.5921 0.6393
v 13.463790 12.549999 -5.577386 0.5490 0.5921 0.6393
v 13.569993 11.750000 -5.797919 0.5490 0.5921 0.6393
v 13.569993 12.549999 -5.797919 0.5490 0.5921 0.6393
v 13.761364 11.750000 -5.950533 0.5490 0.5921 0.6393
v 13.761364 12.549999 -5.950533 0.5490 0.5921 0.6393
v 14.000000 12.550000 -5.455000 0.7216 0.7608 0.8000
v 14.950000 12.550000 -5.455000 0.7216 0.7608 0.8000
v 14.855921 12.550000 -5.867189 0.7216 0.7608 0.8000
v 14.592316 12.550000 -6.197740 0.7216 0.7608 0.8000
v 14.211395 12.550000 -6.381181 0.7216 0.7608 0.8000
v 13.788605 12.550000 -6.381181 0.7216 0.7608 0.8000
v 13.407684 12.550000 -6.197740 0.7216 0.7608 0.8000
v 13.144079 12.550000 -5.867189 0.7216 0.7608 0.8000
v 13.050000 12.550000 -5.455000 0.7216 0.7608 0.8000
v 13.144079 12.550000 -5.042810 0.7216 0.7608 0.8000
v 13.407684 12.550000 -4.712260 0.7216 0.7608 0.8000
v 13.788605 12.550000 -4.528818 0.7216 0.7608 0.8000
v 14.211395 12.550000 -4.528818 0.7216 0.7608 0.8000
v 14.592316 12.550000 -4.712260 0.7216 0.7608 0.8000
v 14.855921 12.550000 -5.042810 0.7216 0.7608 0.8000
v 14.950000 13.050000 -5.455000 0.7216 0.7608 0.8000
v 14.855921 13.050000 -5.867189 0.7216 0.7608 0.8000
v 14.592316 13.050000 -6.197740 0.7216 0.7608 0.8000
v 14.211395 13.050000 -6.381181 0.7216 0.7608 0.8000
v 13.788605 13.050000 -6.381181 0.7216 0.7608 0.8000
v 13.407684 13.050000 -6.197740 0.7216 0.7608 0.8000
v 13.144079 13.050000 -5.867189 0.7216 0.7608 0.8000
v 13.050000 13.050000 -5.455000 0.7216 0.7608 0.8000
v 13.144079 13.050000 -5.042810 0.7216 0.7608 0.8000
v 13.407684 13.050000 -4.712260 0.7216 0.7608 0.8000
v 13.788605 13.050000 -4.528818 0.7216 0.7608 0.8000
v 14.211395 13.050000 -4.528818 0.7216 0.7608 0.8000
v 14.592316 13.050000 -4.712260 0.7216 0.7608 0.8000
v 14.855921 13.050000 -5.042810 0.7216 0.7608 0.8000
v 14.700000 13.550000 -5.455000 0.7216 0.7608 0.8000
v 14.630678 13.550000 -5.758718 0.7216 0.7608 0.8000
v 14.436443 13.550000 -6.002282 0.7216 0.7608 0.8000
v 14.155765 13.550000 -6.137449 0.7216 0.7608 0.8000
v 13.844235 13.550000 -6.137449 0.7216 0.7608 0.8000
v 13.563557 13.550000 -6.002282 0.7216 0.7608 0.8000
v 13.369322 13.550000 -5.758718 0.7216 0.7608 0.8000
v 13.300000 13.550000 -5.455000 0.7216 0.7608 0.8000
v 13.369322 13.550000 -5.151281 0.7216 0.7608 0.8000
v 13.563557 13.550000 -4.907718 0.7216 0.7608 0.8000
v 13.844235 13.550000 -4.772551 0.7216 0.7608 0.8000
v 14.155765 13.550000 -4.772551 0.7216 0.7608 0.8000
v 14.436443 13.550000 -4.907718 0.7216 0.7608 0.8000
v 14.630678 13.550000 -5.151281 0.7216 0.7608 0.8000
v 14.000000 13.700000 -5.455000 0.7216 0.7608 0.8000
v 14.900001 12.555000 -5.255000 0.5490 0.5921 0.6393
v 14.900001 13.105000 -5.255000 0.5490 0.5921 0.6393
v 14.900001 12.555000 -5.655000 0.5490 0.5921 0.6393
v 14.900001 13.105000 -5.655000 0.5490 0.5921 0.6393
v 14.960000 12.555000 -5.255000 0.5490 0.5921 0.6393
v 14.960000 13.105000 -5.255000 0.5490 0.5921 0.6393
v 14.960000 12.555000 -5.655000 0.5490 0.5921 0.6393
v 14.960000 13.105000 -5.655000 0.5490 0.5921 0.6393
v 14.717507 12.555000 -6.033950 0.5490 0.5921 0.6393
v 14.717507 13.105000 -6.033950 0.5490 0.5921 0.6393
v 14.404775 12.555000 -6.283346 0.5490 0.5921 0.6393
v 14.404775 13.105000 -6.283346 0.5490 0.5921 0.6393
v 14.754916 12.555000 -6.080860 0.5490 0.5921 0.6393
v 14.754916 13.105000 -6.080860 0.5490 0.5921 0.6393
v 14.442183 12.555000 -6.330256 0.5490 0.5921 0.6393
v 14.442183 13.105000 -6.330256 0.5490 0.5921 0.6393
v 13.994717 12.555000 -6.376939 0.5490 0.5921 0.6393
v 13.994717 13.105000 -6.376939 0.5490 0.5921 0.6393
v 13.604746 12.555000 -6.287931 0.5490 0.5921 0.6393
v 13.604746 13.105000 -6.287931 0.5490 0.5921 0.6393
v 13.981365 12.555000 -6.435435 0.5490 0.5921 0.6393
v 13.981365 13.105000 -6.435435 0.5490 0.5921 0.6393
v 13.591394 12.555000 -6.346426 0.5490 0.5921 0.6393
v 13.591394 13.105000 -6.346426 0.5490 0.5921 0.6393
v 13.275905 12.555000 -6.025689 0.5490 0.5921 0.6393
v 13.275905 13.105000 -6.025689 0.5490 0.5921 0.6393
v 13.102351 12.555000 -5.665302 0.5490 0.5921 0.6393
v 13.102351 13.105000 -5.665302 0.5490 0.5921 0.6393
v 13.221847 12.555000 -6.051722 0.5490 0.5921 0.6393
v 13.221847 13.105000 -6.051722 0.5490 0.5921 0.6393
v 13.048293 12.555000 -5.691335 0.5490 0.5921 0.6393
v 13.048293 13.105000 -5.691335 0.5490 0.5921 0.6393
v 13.102351 12.555000 -5.244699 0.5490 0.5921 0.6393
v 13.102351 13.105000 -5.244699 0.5490 0.5921 0.6393
v 13.275905 12.555000 -4.884311 0.5490 0.5921 0.6393
v 13.275905 13.105000 -4.884311 0.5490 0.5921 0.6393
v 13.048293 12.555000 -5.218665 0.5490 0.5921 0.6393
v 13.048293 13.105000 -5.218665 0.5490 0.5921 0.6393
v 13.221847 12.555000 -4.858277 0.5490 0.5921 0.6393
v 13.221847 13.105000 -4.858277 0.5490 0.5921 0.6393
v 13.604746 12.555000 -4.622069 0.5490 0.5921 0.6393
v 13.604746 13.105000 -4.622069 0.5490 0.5921 0.6393
v 13.994717 12.555000 -4.533061 0.5490 0.5921 0.6393
v 13.994717 13.105000 -4.533061 0.5490 0.5921 0.6393
v 13.591394 12.555000 -4.563573 0.5490 0.5921 0.6393
v 13.591394 13.105000 -4.563573 0.5490 0.5921 0.6393
v 13.981365 12.555000 -4.474565 0.5490 0.5921 0.6393
v 13.981365 13.105000 -4.474565 0.5490 0.5921 0.6393
v 14.404775 12.555000 -4.626654 0.5490 0.5921 0.6393
v 14.404775 13.105000 -4.626654 0.5490 0.5921 0.6393
v 14.717507 12.555000 -4.876050 0.5490 0.5921 0.6393
v 14.717507 13.105000 -4.876050 0.5490 0.5921 0.6393
v 14.442183 12.555000 -4.579744 0.5490 0.5921 0.6393
v 14.442183 13.105000 -4.579744 0.5490 0.5921 0.6393
v 14.754916 12.555000 -4.829140 0.5490 0.5921 0.6393
v 14.754916 13.105000 -4.829140 0.5490 0.5921 0.6393
v -11.880000 11.750000 -0.575000 0.5255 0.8157 0.9019
v -11.880000 11.870000 -0.455000 0.5255 0.8157 0.9019
v -12.000000 11.870000 -0.575000 0.5255 0.8157 0.9019
v -11.880000 12.130000 -0.455000 0.5255 0.8157 0.9019
v -11.880000 12.250000 -0.575000 0.5255 0.8157 0.9019
v -12.000000 12.130000 -0.575000 0.5255 0.8157 0.9019
v -11.880000 11.750000 -2.735000 0.5255 0.8157 0.9019
v -12.000000 11.870000 -2.735000 0.5255 0.8157 0.9019
v -11.880000 11.870000 -2.855000 0.5255 0.8157 0.9019
v -11.880000 12.250000 -2.735000 0.5255 0.8157 0.9019
v -11.880000 12.130000 -2.855000 0.5255 0.8157 0.9019
v -12.000000 12.130000 -2.735000 0.5255 0.8157 0.9019
v -8.120000 11.750000 -0.575000 0.5255 0.8157 0.9019
v -8.000000 11.870000 -0.575000 0.5255 0.8157 0.9019
v -8.120000 11.870000 -0.455000 0.5255 0.8157 0.9019
v -8.120000 12.250000 -0.575000 0.5255 0.8157 0.9019
v -8.120000 12.130000 -0.455000 0.5255 0.8157 0.9019
v -8.000000 12.130000 -0.575000 0.5255 0.8157 0.9019
v -8.120000 11.750000 -2.735000 0.5255 0.8157 0.9019
v -8.120000 11.870000 -2.855000 0.5255 0.8157 0.9019
v -8.000000 11.870000 -2.735000 0.5255 0.8157 0.9019
v -8.120000 12.250000 -2.735000 0.5255 0.8157 0.9019
v -8.000000 12.130000 -2.735000 0.5255 0.8157 0.9019
v -8.120000 12.130000 -2.855000 0.5255 0.8157 0.9019
v -1.880000 11.750000 -0.575000 0.5255 0.8157 0.9019
v -1.880000 11.870000 -0.455000 0.5255 0.8157 0.9019
v -2.000000 11.870000 -0.575000 0.5255 0.8157 0.9019
v -1.880000 12.130000 -0.455000 0.5255 0.8157 0.9019
v -1.880000 12.250000 -0.575000 0.5255 0.8157 0.9019
v -2.000000 12.130000 -0.575000 0.5255 0.8157 0.9019
v -1.880000 11.750000 -2.735000 0.5255 0.8157 0.9019
v -2.000000 11.870000 -2.735000 0.5255 0.8157 0.9019
v -1.880000 11.870000 -2.855000 0.5255 0.8157 0.9019
v -1.880000 12.250000 -2.735000 0.5255 0.8157 0.9019
v -1.880000 12.130000 -2.855000 0.5255 0.8157 0.9019
v -2.000000 12.130000 -2.735000 0.5255 0.8157 0.9019
v 1.880000 11.750000 -0.575000 0.5255 0.8157 0.9019
v 2.000000 11.870000 -0.575000 0.5255 0.8157 0.9019
v 1.880000 11.870000 -0.455000 0.5255 0.8157 0.9019
v 1.880000 12.250000 -0.575000 0.5255 0.8157 0.9019
v 1.880000 12.130000 -0.455000 0.5255 0.8157 0.9019
v 2.000000 12.130000 -0.575000 0.5255 0.8157 0.9019
v 1.880000 11.750000 -2.735000 0.5255 0.8157 0.9019
v 1.880000 11.870000 -2.855000 0.5255 0.8157 0.9019
v 2.000000 11.870000 -2.735000 0.5255 0.8157 0.9019
v 1.880000 12.250000 -2.735000 0.5255 0.8157 0.9019
v 2.000000 12.130000 -2.735000 0.5255 0.8157 0.9019
v 1.880000 12.130000 -2.855000 0.5255 0.8157 0.9019
v 8.120000 11.750000 -0.575000 0.5255 0.8157 0.9019
v 8.120000 11.870000 -0.455000 0.5255 0.8157 0.9019
v 8.000000 11.870000 -0.575000 0.5255 0.8157 0.9019
v 8.120000 12.130000 -0.455000 0.5255 0.8157 0.9019
v 8.120000 12.250000 -0.575000 0.5255 0.8157 0.9019
v 8.000000 12.130000 -0.575000 0.5255 0.8157 0.9019
v 8.120000 11.750000 -2.735000 0.5255 0.8157 0.9019
v 8.000000 11.870000 -2.735000 0.5255 0.8157 0.9019
v 8.120000 11.870000 -2.855000 0.5255 0.8157 0.9019
v 8.120000 12.250000 -2.735000 0.5255 0.8157 0.9019
v 8.120000 12.130000 -2.855000 0.5255 0.8157 0.9019
v 8.000000 12.130000 -2.735000 0.5255 0.8157 0.9019
v 11.880000 11.750000 -0.575000 0.5255 0.8157 0.9019
v 12.000000 11.870000 -0.575000 0.5255 0.8157 0.9019
v 11.880000 11.870000 -0.455000 0.5255 0.8157 0.9019
v 11.880000 12.250000 -0.575000 0.5255 0.8157 0.9019
v 11.880000 12.130000 -0.455000 0.5255 0.8157 0.9019
v 12.000000 12.130000 -0.575000 0.5255 0.8157 0.9019
v 11.880000 11.750000 -2.735000 0.5255 0.8157 0.9019
v 11.880000 11.870000 -2.855000 0.5255 0.8157 0.9019
v 12.000000 11.870000 -2.735000 0.5255 0.8157 0.9019
v 11.880000 12.250000 -2.735000 0.5255 0.8157 0.9019
v 12.000000 12.130000 -2.735000 0.5255 0.8157 0.9019
v 11.880000 12.130000 -2.855000 0.5255 0.8157 0.9019
v -10.120000 11.750000 5.415000 0.1804 0.2078 0.3137
v -10.120000 11.780000 5.445000 0.1804 0.2078 0.3137
v -10.150000 11.780000 5.415000 0.1804 0.2078 0.3137
v -10.120000 13.120000 5.445000 0.1804 0.2078 0.3137
v -10.120000 13.150000 5.415000 0.1804 0.2078 0.3137
v -10.150000 13.120000 5.415000 0.1804 0.2078 0.3137
v -10.120000 11.750000 5.175000 0.1804 0.2078 0.3137
v -10.150000 11.780000 5.175000 0.1804 0.2078 0.3137
v -10.120000 11.780000 5.145000 0.1804 0.2078 0.3137
v -10.120000 13.150000 5.175000 0.1804 0.2078 0.3137
v -10.120000 13.120000 5.145000 0.1804 0.2078 0.3137
v -10.150000 13.120000 5.175000 0.1804 0.2078 0.3137
v -9.880000 11.750000 5.415000 0.1804 0.2078 0.3137
v -9.850000 11.780000 5.415000 0.1804 0.2078 0.3137
v -9.880000 11.780000 5.445000 0.1804 0.2078 0.3137
v -9.880000 13.150000 5.415000 0.1804 0.2078 0.3137
v -9.880000 13.120000 5.445000 0.1804 0.2078 0.3137
v -9.850000 13.120000 5.415000 0.1804 0.2078 0.3137
v -9.880000 11.750000 5.175000 0.1804 0.2078 0.3137
v -9.880000 11.780000 5.145000 0.1804 0.2078 0.3137
v -9.850000 11.780000 5.175000 0.1804 0.2078 0.3137
v -9.880000 13.150000 5.175000 0.1804 0.2078 0.3137
v -9.850000 13.120000 5.175000 0.1804 0.2078 0.3137
v -9.880000 13.120000 5.145000 0.1804 0.2078 0.3137
v 1.880000 11.750000 5.415000 0.1804 0.2078 0.3137
v 1.880000 11.780000 5.445000 0.1804 0.2078 0.3137
v 1.850000 11.780000 5.415000 0.1804 0.2078 0.3137
v 1.880000 13.120000 5.445000 0.1804 0.2078 0.3137
v 1.880000 13.150000 5.415000 0.1804 0.2078 0.3137
v 1.850000 13.120000 5.415000 0.1804 0.2078 0.3137
v 1.880000 11.750000 5.175000 0.1804 0.2078 0.3137
v 1.850000 11.780000 5.175000 0.1804 0.2078 0.3137
v 1.880000 11.780000 5.145000 0.1804 0.2078 0.3137
v 1.880000 13.150000 5.175000 0.1804 0.2078 0.3137
v 1.880000 13.120000 5.145000 0.1804 0.2078 0.3137
v 1.850000 13.120000 5.175000 0.1804 0.2078 0.3137
v 2.120000 11.750000 5.415000 0.1804 0.2078 0.3137
v 2.150000 11.780000 5.415000 0.1804 0.2078 0.3137
v 2.120000 11.780000 5.445000 0.1804 0.2078 0.3137
v 2.120000 13.150000 5.415000 0.1804 0.2078 0.3137
v 2.120000 13.120000 5.445000 0.1804 0.2078 0.3137
v 2.150000 13.120000 5.415000 0.1804 0.2078 0.3137
v 2.120000 11.750000 5.175000 0.1804 0.2078 0.3137
v 2.120000 11.780000 5.145000 0.1804 0.2078 0.3137
v 2.150000 11.780000 5.175000 0.1804 0.2078 0.3137
v 2.120000 13.150000 5.175000 0.1804 0.2078 0.3137
v 2.150000 13.120000 5.175000 0.1804 0.2078 0.3137
v 2.120000 13.120000 5.145000 0.1804 0.2078 0.3137
v -11.180000 13.150000 5.575000 0.8470 0.2275 0.1804
v -11.180000 13.270000 5.695000 0.8470 0.2275 0.1804
v -11.300000 13.270000 5.575000 0.8470 0.2275 0.1804
v -11.180000 13.185146 5.659853 0.8470 0.2275 0.1804
v -11.249282 13.200718 5.644283 0.8470 0.2275 0.1804
v -11.264853 13.270000 5.659853 0.8470 0.2275 0.1804
v -11.264853 13.185146 5.575001 0.8470 0.2275 0.1804
v -11.180000 16.029999 5.695000 0.8470 0.2275 0.1804
v -11.180000 16.150000 5.575000 0.8470 0.2275 0.1804
v -11.300000 16.029999 5.575000 0.8470 0.2275 0.1804
v -11.180000 16.114853 5.659853 0.8470 0.2275 0.1804
v -11.249282 16.099281 5.644283 0.8470 0.2275 0.1804
v -11.264853 16.114853 5.575001 0.8470 0.2275 0.1804
v -11.264853 16.029999 5.659853 0.8470 0.2275 0.1804
v -11.180000 13.150000 5.515000 0.8470 0.2275 0.1804
v -11.300000 13.270000 5.515000 0.8470 0.2275 0.1804
v -11.180000 13.270000 5.395000 0.8470 0.2275 0.1804
v -11.264853 13.185146 5.514999 0.8470 0.2275 0.1804
v -11.249282 13.200718 5.445717 0.8470 0.2275 0.1804
v -11.264853 13.270000 5.430147 0.8470 0.2275 0.1804
v -11.180000 13.185146 5.430147 0.8470 0.2275 0.1804
v -11.180000 16.150000 5.515000 0.8470 0.2275 0.1804
v -11.180000 16.029999 5.395000 0.8470 0.2275 0.1804
v -11.300000 16.029999 5.515000 0.8470 0.2275 0.1804
v -11.180000 16.114853 5.430147 0.8470 0.2275 0.1804
v -11.249282 16.099281 5.445717 0.8470 0.2275 0.1804
v -11.264853 16.029999 5.430147 0.8470 0.2275 0.1804
v -11.264853 16.114853 5.514999 0.8470 0.2275 0.1804
v 3.180000 13.150000 5.575000 0.8470 0.2275 0.1804
v 3.300000 13.270000 5.575000 0.8470 0.2275 0.1804
v 3.180000 13.270000 5.695000 0.8470 0.2275 0.1804
v 3.264853 13.185146 5.575001 0.8470 0.2275 0.1804
v 3.249282 13.200718 5.644283 0.8470 0.2275 0.1804
v 3.264853 13.270000 5.659853 0.8470 0.2275 0.1804
v 3.180000 13.185146 5.659853 0.8470 0.2275 0.1804
v 3.180000 16.150000 5.575000 0.8470 0.2275 0.1804
v 3.180000 16.029999 5.695000 0.8470 0.2275 0.1804
v 3.300000 16.029999 5.575000 0.8470 0.2275 0.1804
v 3.180000 16.114853 5.659853 0.8470 0.2275 0.1804
v 3.249282 16.099281 5.644283 0.8470 0.2275 0.1804
v 3.264853 16.029999 5.659853 0.8470 0.2275 0.1804
v 3.264853 16.114853 5.575001 0.8470 0.2275 0.1804
v 3.180000 13.150000 5.515000 0.8470 0.2275 0.1804
v 3.180000 13.270000 5.395000 0.8470 0.2275 0.1804
v 3.300000 13.270000 5.515000 0.8470 0.2275 0.1804
v 3.180000 13.185146 5.430147 0.8470 0.2275 0.1804
v 3.249282 13.200718 5.445717 0.8470 0.2275 0.1804
v 3.264853 13.270000 5.430147 0.8470 0.2275 0.1804
v 3.264853 13.185146 5.514999 0.8470 0.2275 0.1804
v 3.180000 16.150000 5.515000 0.8470 0.2275 0.1804
v 3.300000 16.029999 5.515000 0.8470 0.2275 0.1804
v 3.180000 16.029999 5.395000 0.8470 0.2275 0.1804
v 3.264853 16.114853 5.514999 0.8470 0.2275 0.1804
v 3.249282 16.099281 5.445717 0.8470 0.2275 0.1804
v 3.264853 16.029999 5.430147 0.8470 0.2275 0.1804
v 3.180000 16.114853 5.430147 0.8470 0.2275 0.1804
v -11.000000 13.450000 5.755000 1.0000 0.9647 0.8980
v -11.000000 15.849999 5.755000 1.0000 0.9647 0.8980
v -11.000000 13.450000 5.695000 1.0000 0.9647 0.8980
v -11.000000 15.849999 5.695000 1.0000 0.9647 0.8980
v 3.000000 13.450000 5.755000 1.0000 0.9647 0.8980
v 3.000000 15.849999 5.755000 1.0000 0.9647 0.8980
v 3.000000 13.450000 5.695000 1.0000 0.9647 0.8980
v 3.000000 15.849999 5.695000 1.0000 0.9647 0.8980
v -11.000000 16.260000 5.725000 0.9490 0.7608 0.1882
v -11.000000 16.227781 5.647218 0.9490 0.7608 0.1882
v -11.000000 16.150000 5.615000 0.9490 0.7608 0.1882
v -11.000000 16.072218 5.647218 0.9490 0.7608 0.1882
v -11.000000 16.039999 5.725000 0.9490 0.7608 0.1882
v -10.945000 16.227781 5.670000 0.9490 0.7608 0.1882
v -10.922218 16.150000 5.647218 0.9490 0.7608 0.1882
v -10.945000 16.072218 5.670000 0.9490 0.7608 0.1882
v -10.922218 16.227781 5.725000 0.9490 0.7608 0.1882
v -10.889999 16.150000 5.725000 0.9490 0.7608 0.1882
v -10.922218 16.072218 5.725000 0.9490 0.7608 0.1882
v -10.945000 16.227781 5.780000 0.9490 0.7608 0.1882
v -10.922218 16.150000 5.802782 0.9490 0.7608 0.1882
v -10.945000 16.072218 5.780000 0.9490 0.7608 0.1882
v -11.000000 16.227781 5.802782 0.9490 0.7608 0.1882
v -11.000000 16.150000 5.835000 0.9490 0.7608 0.1882
v -11.000000 16.072218 5.802782 0.9490 0.7608 0.1882
v -11.055000 16.227781 5.780000 0.9490 0.7608 0.1882
v -11.077782 16.150000 5.802782 0.9490 0.7608 0.1882
v -11.055000 16.072218 5.780000 0.9490 0.7608 0.1882
v -11.077782 16.227781 5.725000 0.9490 0.7608 0.1882
v -11.110001 16.150000 5.725000 0.9490 0.7608 0.1882
v -11.077782 16.072218 5.725000 0.9490 0.7608 0.1882
v -11.055000 16.227781 5.670000 0.9490 0.7608 0.1882
v -11.077782 16.150000 5.647218 0.9490 0.7608 0.1882
v -11.055000 16.072218 5.670000 0.9490 0.7608 0.1882
v -11.000000 13.259999 5.725000 0.9490 0.7608 0.1882
v -11.000000 13.227781 5.647218 0.9490 0.7608 0.1882
v -11.000000 13.150000 5.615000 0.9490 0.7608 0.1882
v -11.000000 13.072218 5.647218 0.9490 0.7608 0.1882
v -11.000000 13.040000 5.725000 0.9490 0.7608 0.1882
v -10.945000 13.227781 5.670000 0.9490 0.7608 0.1882
v -10.922218 13.150000 5.647218 0.9490 0.7608 0.1882
v -10.945000 13.072218 5.670000 0.9490 0.7608 0.1882
v -10.922218 13.227781 5.725000 0.9490 0.7608 0.1882
v -10.889999 13.150000 5.725000 0.9490 0.7608 0.1882
v -10.922218 13.072218 5.725000 0.9490 0.7608 0.1882
v -10.945000 13.227781 5.780000 0.9490 0.7608 0.1882
v -10.922218 13.150000 5.802782 0.9490 0.7608 0.1882
v -10.945000 13.072218 5.780000 0.9490 0.7608 0.1882
v -11.000000 13.227781 5.802782 0.9490 0.7608 0.1882
v -11.000000 13.150000 5.835000 0.9490 0.7608 0.1882
v -11.000000 13.072218 5.802782 0.9490 0.7608 0.1882
v -11.055000 13.227781 5.780000 0.9490 0.7608 0.1882
v -11.077782 13.150000 5.802782 0.9490 0.7608 0.1882
v -11.055000 13.072218 5.780000 0.9490 0.7608 0.1882
v -11.077782 13.227781 5.725000 0.9490 0.7608 0.1882
v -11.110001 13.150000 5.725000 0.9490 0.7608 0.1882
v -11.077782 13.072218 5.725000 0.9490 0.7608 0.1882
v -11.055000 13.227781 5.670000 0.9490 0.7608 0.1882
v -11.077782 13.150000 5.647218 0.9490 0.7608 0.1882
v -11.055000 13.072218 5.670000 0.9490 0.7608 0.1882
v -9.727272 16.260000 5.725000 0.9490 0.7608 0.1882
v -9.727272 16.227781 5.647218 0.9490 0.7608 0.1882
v -9.727272 16.150000 5.615000 0.9490 0.7608 0.1882
v -9.727272 16.072218 5.647218 0.9490 0.7608 0.1882
v -9.727272 16.039999 5.725000 0.9490 0.7608 0.1882
v -9.672273 16.227781 5.670000 0.9490 0.7608 0.1882
v -9.649490 16.150000 5.647218 0.9490 0.7608 0.1882
v -9.672273 16.072218 5.670000 0.9490 0.7608 0.1882
v -9.649490 16.227781 5.725000 0.9490 0.7608 0.1882
v -9.617272 16.150000 5.725000 0.9490 0.7608 0.1882
v -9.649490 16.072218 5.725000 0.9490 0.7608 0.1882
v -9.672273 16.227781 5.780000 0.9490 0.7608 0.1882
v -9.649490 16.150000 5.802782 0.9490 0.7608 0.1882
v -9.672273 16.072218 5.780000 0.9490 0.7608 0.1882
v -9.727272 16.227781 5.802782 0.9490 0.7608 0.1882
v -9.727272 16.150000 5.835000 0.9490 0.7608 0.1882
v -9.727272 16.072218 5.802782 0.9490 0.7608 0.1882
v -9.782272 16.227781 5.780000 0.9490 0.7608 0.1882
v -9.805054 16.150000 5.802782 0.9490 0.7608 0.1882
v -9.782272 16.072218 5.780000 0.9490 0.7608 0.1882
v -9.805054 16.227781 5.725000 0.9490 0.7608 0.1882
v -9.837273 16.150000 5.725000 0.9490 0.7608 0.1882
v -9.805054 16.072218 5.725000 0.9490 0.7608 0.1882
v -9.782272 16.227781 5.670000 0.9490 0.7608 0.1882
v -9.805054 16.150000 5.647218 0.9490 0.7608 0.1882
v -9.782272 16.072218 5.670000 0.9490 0.7608 0.1882
v -9.727272 13.259999 5.725000 0.9490 0.7608 0.1882
v -9.727272 13.227781 5.647218 0.9490 0.7608 0.1882
v -9.727272 13.150000 5.615000 0.9490 0.7608 0.1882
v -9.727272 13.072218 5.647218 0.9490 0.7608 0.1882
v -9.727272 13.040000 5.725000 0.9490 0.7608 0.1882
v -9.672273 13.227781 5.670000 0.9490 0.7608 0.1882
v -9.649490 13.150000 5.647218 0.9490 0.7608 0.1882
v -9.672273 13.072218 5.670000 0.9490 0.7608 0.1882
v -9.649490 13.227781 5.725000 0.9490 0.7608 0.1882
v -9.617272 13.150000 5.725000 0.9490 0.7608 0.1882
v -9.649490 13.072218 5.725000 0.9490 0.7608 0.1882
v -9.672273 13.227781 5.780000 0.9490 0.7608 0.1882
v -9.649490 13.150000 5.802782 0.9490 0.7608 0.1882
v -9.672273 13.072218 5.780000 0.9490 0.7608 0.1882
v -9.727272 13.227781 5.802782 0.9490 0.7608 0.1882
v -9.727272 13.150000 5.835000 0.9490 0.7608 0.1882
v -9.727272 13.072218 5.802782 0.9490 0.7608 0.1882
v -9.782272 13.227781 5.780000 0.9490 0.7608 0.1882
v -9.805054 13.150000 5.802782 0.9490 0.7608 0.1882
v -9.782272 13.072218 5.780000 0.9490 0.7608 0.1882
v -9.805054 13.227781 5.725000 0.9490 0.7608 0.1882
v -9.837273 13.150000 5.725000 0.9490 0.7608 0.1882
v -9.805054 13.072218 5.725000 0.9490 0.7608 0.1882
v -9.782272 13.227781 5.670000 0.9490 0.7608 0.1882
v -9.805054 13.150000 5.647218 0.9490 0.7608 0.1882
v -9.782272 13.072218 5.670000 0.9490 0.7608 0.1882
v -8.454546 16.260000 5.725000 0.9490 0.7608 0.1882
v -8.454546 16.227781 5.647218 0.9490 0.7608 0.1882
v -8.454546 16.150000 5.615000 0.9490 0.7608 0.1882
v -8.454546 16.072218 5.647218 0.9490 0.7608 0.1882
v -8.454546 16.039999 5.725000 0.9490 0.7608 0.1882
v -8.399546 16.227781 5.670000 0.9490 0.7608 0.1882
v -8.376764 16.150000 5.647218 0.9490 0.7608 0.1882
v -8.399546 16.072218 5.670000 0.9490 0.7608 0.1882
v -8.376764 16.227781 5.725000 0.9490 0.7608 0.1882
v -8.344545 16.150000 5.725000 0.9490 0.7608 0.1882
v -8.376764 16.072218 5.725000 0.9490 0.7608 0.1882
v -8.399546 16.227781 5.780000 0.9490 0.7608 0.1882
v -8.376764 16.150000 5.802782 0.9490 0.7608 0.1882
v -8.399546 16.072218 5.780000 0.9490 0.7608 0.1882
v -8.454546 16.227781 5.802782 0.9490 0.7608 0.1882
v -8.454546 16.150000 5.835000 0.9490 0.7608 0.1882
v -8.454546 16.072218 5.802782 0.9490 0.7608 0.1882
v -8.509545 16.227781 5.780000 0.9490 0.7608 0.1882
v -8.532328 16.150000 5.802782 0.9490 0.7608 0.1882
v -8.509545 16.072218 5.780000 0.9490 0.7608 0.1882
v -8.532328 16.227781 5.725000 0.9490 0.7608 0.1882
v -8.564546 16.150000 5.725000 0.9490 0.7608 0.1882
v -8.532328 16.072218 5.725000 0.9490 0.7608 0.1882
v -8.509545 16.227781 5.670000 0.9490 0.7608 0.1882
v -8.532328 16.150000 5.647218 0.9490 0.7608 0.1882
v -8.509545 16.072218 5.670000 0.9490 0.7608 0.1882
v -8.454546 13.259999 5.725000 0.9490 0.7608 0.1882
v -8.454546 13.227781 5.647218 0.9490 0.7608 0.1882
v -8.454546 13.150000 5.615000 0.9490 0.7608 0.1882
v -8.454546 13.072218 5.647218 0.9490 0.7608 0.1882
v -8.454546 13.040000 5.725000 0.9490 0.7608 0.1882
v -8.399546 13.227781 5.670000 0.9490 0.7608 0.1882
v -8.376764 13.150000 5.647218 0.9490 0.7608 0.1882
v -8.399546 13.072218 5.670000 0.9490 0.7608 0.1882
v -8.376764 13.227781 5.725000 0.9490 0.7608 0.1882
v -8.344545 13.150000 5.725000 0.9490 0.7608 0.1882
v -8.376764 13.072218 5.725000 0.9490 0.7608 0.1882
v -8.399546 13.227781 5.780000 0.9490 0.7608 0.1882
v -8.376764 13.150000 5.802782 0.9490 0.7608 0.1882
v -8.399546 13.072218 5.780000 0.9490 0.7608 0.1882
v -8.454546 13.227781 5.802782 0.9490 0.7608 0.1882
v -8.454546 13.150000 5.835000 0.9490 0.7608 0.1882
v -8.454546 13.072218 5.802782 0.9490 0.7608 0.1882
v -8.509545 13.227781 5.780000 0.9490 0.7608 0.1882
v -8.532328 13.150000 5.802782 0.9490 0.7608 0.1882
v -8.509545 13.072218 5.780000 0.9490 0.7608 0.1882
v -8.532328 13.227781 5.725000 0.9490 0.7608 0.1882
v -8.564546 13.150000 5.725000 0.9490 0.7608 0.1882
v -8.532328 13.072218 5.725000 0.9490 0.7608 0.1882
v -8.509545 13.227781 5.670000 0.9490 0.7608 0.1882
v -8.532328 13.150000 5.647218 0.9490 0.7608 0.1882
v -8.509545 13.072218 5.670000 0.9490 0.7608 0.1882
v -7.181818 16.260000 5.725000 0.9490 0.7608 0.1882
v -7.181818 16.227781 5.647218 0.9490 0.7608 0.1882
v -7.181818 16.150000 5.615000 0.9490 0.7608 0.1882
v -7.181818 16.072218 5.647218 0.9490 0.7608 0.1882
v -7.181818 16.039999 5.725000 0.9490 0.7608 0.1882
v -7.126818 16.227781 5.670000 0.9490 0.7608 0.1882
v -7.104036 16.150000 5.647218 0.9490 0.7608 0.1882
v -7.126818 16.072218 5.670000 0.9490 0.7608 0.1882
v -7.104036 16.227781 5.725000 0.9490 0.7608 0.1882
v -7.071818 16.150000 5.725000 0.9490 0.7608 0.1882
v -7.104036 16.072218 5.725000 0.9490 0.7608 0.1882
v -7.126818 16.227781 5.780000 0.9490 0.7608 0.1882
v -7.104036 16.150000 5.802782 0.9490 0.7608 0.1882
v -7.126818 16.072218 5.780000 0.9490 0.7608 0.1882
v -7.181818 16.227781 5.802782 0.9490 0.7608 0.1882
v -7.181818 16.150000 5.835000 0.9490 0.7608 0.1882
v -7.181818 16.072218 5.802782 0.9490 0.7608 0.1882
v -7.236818 16.227781 5.780000 0.9490 0.7608 0.1882
v -7.259600 16.150000 5.802782 0.9490 0.7608 0.1882
v -7.236818 16.072218 5.780000 0.9490 0.7608 0.1882
v -7.259600 16.227781 5.725000 0.9490 0.7608 0.1882
v -7.291818 16.150000 5.725000 0.9490 0.7608 0.1882
v -7.259600 16.072218 5.725000 0.9490 0.7608 0.1882
v -7.236818 16.227781 5.670000 0.9490 0.7608 0.1882
v -7.259600 16.150000 5.647218 0.9490 0.7608 0.1882
v -7.236818 16.072218 5.670000 0.9490 0.7608 0.1882
v -7.181818 13.259999 5.725000 0.9490 0.7608 0.1882
v -7.181818 13.227781 5.647218 0.9490 0.7608 0.1882
v -7.181818 13.150000 5.615000 0.9490 0.7608 0.1882
v -7.181818 13.072218 5.647218 0.9490 0.7608 0.1882
v -7.181818 13.040000 5.725000 0.9490 0.7608 0.1882
v -7.126818 13.227781 5.670000 0.9490 0.7608 0.1882
v -7.104036 13.150000 5.647218 0.9490 0.7608 0.1882
v -7.126818 13.072218 5.670000 0.9490 0.7608 0.1882
v -7.104036 13.227781 5.725000 0.9490 0.7608 0.1882
v -7.071818 13.150000 5.725000 0.9490 0.7608 0.1882
v -7.104036 13.072218 5.725000 0.9490 0.7608 0.1882
v -7.126818 13.227781 5.780000 0.9490 0.7608 0.1882
v -7.104036 13.150000 5.802782 0.9490 0.7608 0.1882
v -7.126818 13.072218 5.780000 0.9490 0.7608 0.1882
v -7.181818 13.227781 5.802782 0.9490 0.7608 0.1882
v -7.181818 13.150000 5.835000 0.9490 0.7608 0.1882
v -7.181818 13.072218 5.802782 0.9490 0.7608 0.1882
v -7.236818 13.227781 5.780000 0.9490 0.7608 0.1882
v -7.259600 13.150000 5.802782 0.9490 0.7608 0.1882
v -7.236818 13.072218 5.780000 0.9490 0.7608 0.1882
v -7.259600 13.227781 5.725000 0.9490 0.7608 0.1882
v -7.291818 13.150000 5.725000 0.9490 0.7608 0.1882
v -7.259600 13.072218 5.725000 0.9490 0.7608 0.1882
v -7.236818 13.227781 5.670000 0.9490 0.7608 0.1882
v -7.259600 13.150000 5.647218 0.9490 0.7608 0.1882
v -7.236818 13.072218 5.670000 0.9490 0.7608 0.1882
v -5.909091 16.260000 5.725000 0.9490 0.7608 0.1882
v -5.909091 16.227781 5.647218 0.9490 0.7608 0.1882
v -5.909091 16.150000 5.615000 0.9490 0.7608 0.1882
v -5.909091 16.072218 5.647218 0.9490 0.7608 0.1882
v -5.909091 16.039999 5.725000 0.9490 0.7608 0.1882
v -5.854091 16.227781 5.670000 0.9490 0.7608 0.1882
v -5.831309 16.150000 5.647218 0.9490 0.7608 0.1882
v -5.854091 16.072218 5.670000 0.9490 0.7608 0.1882
v -5.831309 16.227781 5.725000 0.9490 0.7608 0.1882
v -5.799091 16.150000 5.725000 0.9490 0.7608 0.1882
v -5.831309 16.072218 5.725000 0.9490 0.7608 0.1882
v -5.854091 16.227781 5.780000 0.9490 0.7608 0.1882
v -5.831309 16.150000 5.802782 0.9490 0.7608 0.1882
v -5.854091 16.072218 5.780000 0.9490 0.7608 0.1882
v -5.909091 16.227781 5.802782 0.9490 0.7608 0.1882
v -5.909091 16.150000 5.835000 0.9490 0.7608 0.1882
v -5.909091 16.072218 5.802782 0.9490 0.7608 0.1882
v -5.964091 16.227781 5.780000 0.9490 0.7608 0.1882
v -5.986873 16.150000 5.802782 0.9490 0.7608 0.1882
v -5.964091 16.072218 5.780000 0.9490 0.7608 0.1882
v -5.986873 16.227781 5.725000 0.9490 0.7608 0.1882
v -6.019091 16.150000 5.725000 0.9490 0.7608 0.1882
v -5.986873 16.072218 5.725000 0.9490 0.7608 0.1882
v -5.964091 16.227781 5.670000 0.9490 0.7608 0.1882
v -5.986873 16.150000 5.647218 0.9490 0.7608 0.1882
v -5.964091 16.072218 5.670000 0.9490 0.7608 0.1882
v -5.909091 13.259999 5.725000 0.9490 0.7608 0.1882
v -5.909091 13.227781 5.647218 0.9490 0.7608 0.1882
v -5.909091 13.150000 5.615000 0.9490 0.7608 0.1882
v -5.909091 13.072218 5.647218 0.9490 0.7608 0.1882
v -5.909091 13.040000 5.725000 0.9490 0.7608 0.1882
v -5.854091 13.227781 5.670000 0.9490 0.7608 0.1882
v -5.831309 13.150000 5.647218 0.9490 0.7608 0.1882
v -5.854091 13.072218 5.670000 0.9490 0.7608 0.1882
v -5.831309 13.227781 5.725000 0.9490 0.7608 0.1882
v -5.799091 13.150000 5.725000 0.9490 0.7608 0.1882
v -5.831309 13.072218 5.725000 0.9490 0.7608 0.1882
v -5.854091 13.227781 5.780000 0.9490 0.7608 0.1882
v -5.831309 13.150000 5.802782 0.9490 0.7608 0.1882
v -5.854091 13.072218 5.780000 0.9490 0.7608 0.1882
v -5.909091 13.227781 5.802782 0.9490 0.7608 0.1882
v -5.909091 13.150000 5.835000 0.9490 0.7608 0.1882
v -5.909091 13.072218 5.802782 0.9490 0.7608 0.1882
v -5.964091 13.227781 5.780000 0.9490 0.7608 0.1882
v -5.986873 13.150000 5.802782 0.9490 0.7608 0.1882
v -5.964091 13.072218 5.780000 0.9490 0.7608 0.1882
v -5.986873 13.227781 5.725000 0.9490 0.7608 0.1882
v -6.019091 13.150000 5.725000 0.9490 0.7608 0.1882
v -5.986873 13.072218 5.725000 0.9490 0.7608 0.1882
v -5.964091 13.227781 5.670000 0.9490 0.7608 0.1882
v -5.986873 13.150000 5.647218 0.9490 0.7608 0.1882
v -5.964091 13.072218 5.670000 0.9490 0.7608 0.1882
v -4.636364 16.260000 5.725000 0.9490 0.7608 0.1882
v -4.636364 16.227781 5.647218 0.9490 0.7608 0.1882
v -4.636364 16.150000 5.615000 0.9490 0.7608 0.1882
v -4.636364 16.072218 5.647218 0.9490 0.7608 0.1882
v -4.636364 16.039999 5.725000 0.9490 0.7608 0.1882
v -4.581364 16.227781 5.670000 0.9490 0.7608 0.1882
v -4.558582 16.150000 5.647218 0.9490 0.7608 0.1882
v -4.581364 16.072218 5.670000 0.9490 0.7608 0.1882
v -4.558582 16.227781 5.725000 0.9490 0.7608 0.1882
v -4.526363 16.150000 5.725000 0.9490 0.7608 0.1882
v -4.558582 16.072218 5.725000 0.9490 0.7608 0.1882
v -4.581364 16.227781 5.780000 0.9490 0.7608 0.1882
v -4.558582 16.150000 5.802782 0.9490 0.7608 0.1882
v -4.581364 16.072218 5.780000 0.9490 0.7608 0.1882
v -4.636364 16.227781 5.802782 0.9490 0.7608 0.1882
v -4.636364 16.150000 5.835000 0.9490 0.7608 0.1882
v -4.636364 16.072218 5.802782 0.9490 0.7608 0.1882
v -4.691364 16.227781 5.780000 0.9490 0.7608 0.1882
v -4.714145 16.150000 5.802782 0.9490 0.7608 0.1882
v -4.691364 16.072218 5.780000 0.9490 0.7608 0.1882
v -4.714145 16.227781 5.725000 0.9490 0.7608 0.1882
v -4.746364 16.150000 5.725000 0.9490 0.7608 0.1882
v -4.714145 16.072218 5.725000 0.9490 0.7608 0.1882
v -4.691364 16.227781 5.670000 0.9490 0.7608 0.1882
v -4.714145 16.150000 5.647218 0.9490 0.7608 0.1882
v -4.691364 16.072218 5.670000 0.9490 0.7608 0.1882
v -4.636364 13.259999 5.725000 0.9490 0.7608 0.1882
v -4.636364 13.227781 5.647218 0.9490 0.7608 0.1882
v -4.636364 13.150000 5.615000 0.9490 0.7608 0.1882
v -4.636364 13.072218 5.647218 0.9490 0.7608 0.1882
v -4.636364 13.040000 5.725000 0.9490 0.7608 0.1882
v -4.581364 13.227781 5.670000 0.9490 0.7608 0.1882
v -4.558582 13.150000 5.647218 0.9490 0.7608 0.1882
v -4.581364 13.072218 5.670000 0.9490 0.7608 0.1882
v -4.558582 13.227781 5.725000 0.9490 0.7608 0.1882
v -4.526363 13.150000 5.725000 0.9490 0.7608 0.1882
v -4.558582 13.072218 5.725000 0.9490 0.7608 0.1882
v -4.581364 13.227781 5.780000 0.9490 0.7608 0.1882
v -4.558582 13.150000 5.802782 0.9490 0.7608 0.1882
v -4.581364 13.072218 5.780000 0.9490 0.7608 0.1882
v -4.636364 13.227781 5.802782 0.9490 0.7608 0.1882
v -4.636364 13.150000 5.835000 0.9490 0.7608 0.1882
v -4.636364 13.072218 5.802782 0.9490 0.7608 0.1882
v -4.691364 13.227781 5.780000 0.9490 0.7608 0.1882
v -4.714145 13.150000 5.802782 0.9490 0.7608 0.1882
v -4.691364 13.072218 5.780000 0.9490 0.7608 0.1882
v -4.714145 13.227781 5.725000 0.9490 0.7608 0.1882
v -4.746364 13.150000 5.725000 0.9490 0.7608 0.1882
v -4.714145 13.072218 5.725000 0.9490 0.7608 0.1882
v -4.691364 13.227781 5.670000 0.9490 0.7608 0.1882
v -4.714145 13.150000 5.647218 0.9490 0.7608 0.1882
v -4.691364 13.072218 5.670000 0.9490 0.7608 0.1882
v -3.363636 16.260000 5.725000 0.9490 0.7608 0.1882
v -3.363636 16.227781 5.647218 0.9490 0.7608 0.1882
v -3.363636 16.150000 5.615000 0.9490 0.7608 0.1882
v -3.363636 16.072218 5.647218 0.9490 0.7608 0.1882
v -3.363636 16.039999 5.725000 0.9490 0.7608 0.1882
v -3.308636 16.227781 5.670000 0.9490 0.7608 0.1882
v -3.285855 16.150000 5.647218 0.9490 0.7608 0.1882
v -3.308636 16.072218 5.670000 0.9490 0.7608 0.1882
v -3.285855 16.227781 5.725000 0.9490 0.7608 0.1882
v -3.253636 16.150000 5.725000 0.9490 0.7608 0.1882
v -3.285855 16.072218 5.725000 0.9490 0.7608 0.1882
v -3.308636 16.227781 5.780000 0.9490 0.7608 0.1882
v -3.285855 16.150000 5.802782 0.9490 0.7608 0.1882
v -3.308636 16.072218 5.780000 0.9490 0.7608 0.1882
v -3.363636 16.227781 5.802782 0.9490 0.7608 0.1882
v -3.363636 16.150000 5.835000 0.9490 0.7608 0.1882
v -3.363636 16.072218 5.802782 0.9490 0.7608 0.1882
v -3.418636 16.227781 5.780000 0.9490 0.7608 0.1882
v -3.441418 16.150000 5.802782 0.9490 0.7608 0.1882
v -3.418636 16.072218 5.780000 0.9490 0.7608 0.1882
v -3.441418 16.227781 5.725000 0.9490 0.7608 0.1882
v -3.473636 16.150000 5.725000 0.9490 0.7608 0.1882
v -3.441418 16.072218 5.725000 0.9490 0.7608 0.1882
v -3.418636 16.227781 5.670000 0.9490 0.7608 0.1882
v -3.441418 16.150000 5.647218 0.9490 0.7608 0.1882
v -3.418636 16.072218 5.670000 0.9490 0.7608 0.1882
v -3.363636 13.259999 5.725000 0.9490 0.7608 0.1882
v -3.363636 13.227781 5.647218 0.9490 0.7608 0.1882
v -3.363636 13.150000 5.615000 0.9490 0.7608 0.1882
v -3.363636 13.072218 5.647218 0.9490 0.7608 0.1882
v -3.363636 13.040000 5.725000 0.9490 0.7608 0.1882
v -3.308636 13.227781 5.670000 0.9490 0.7608 0.1882
v -3.285855 13.150000 5.647218 0.9490 0.7608 0.1882
v -3.308636 13.072218 5.670000 0.9490 0.7608 0.1882
v -3.285855 13.227781 5.725000 0.9490 0.7608 0.1882
v -3.253636 13.150000 5.725000 0.9490 0.7608 0.1882
v -3.285855 13.072218 5.725000 0.9490 0.7608 0.1882
v -3.308636 13.227781 5.780000 0.9490 0.7608 0.1882
v -3.285855 13.150000 5.802782 0.9490 0.7608 0.1882
v -3.308636 13.072218 5.780000 0.9490 0.7608 0.1882
v -3.363636 13.227781 5.802782 0.9490 0.7608 0.1882
v -3.363636 13.150000 5.835000 0.9490 0.7608 0.1882
v -3.363636 13.072218 5.802782 0.9490 0.7608 0.1882
v -3.418636 13.227781 5.780000 0.9490 0.7608 0.1882
v -3.441418 13.150000 5.802782 0.9490 0.7608 0.1882
v -3.418636 13.072218 5.780000 0.9490 0.7608 0.1882
v -3.441418 13.227781 5.725000 0.9490 0.7608 0.1882
v -3.473636 13.150000 5.725000 0.9490 0.7608 0.1882
v -3.441418 13.072218 5.725000 0.9490 0.7608 0.1882
v -3.418636 13.227781 5.670000 0.9490 0.7608 0.1882
v -3.441418 13.150000 5.647218 0.9490 0.7608 0.1882
v -3.418636 13.072218 5.670000 0.9490 0.7608 0.1882
v -2.090909 16.260000 5.725000 0.9490 0.7608 0.1882
v -2.090909 16.227781 5.647218 0.9490 0.7608 0.1882
v -2.090909 16.150000 5.615000 0.9490 0.7608 0.1882
v -2.090909 16.072218 5.647218 0.9490 0.7608 0.1882
v -2.090909 16.039999 5.725000 0.9490 0.7608 0.1882
v -2.035909 16.227781 5.670000 0.9490 0.7608 0.1882
v -2.013127 16.150000 5.647218 0.9490 0.7608 0.1882
v -2.035909 16.072218 5.670000 0.9490 0.7608 0.1882
v -2.013127 16.227781 5.725000 0.9490 0.7608 0.1882
v -1.980909 16.150000 5.725000 0.9490 0.7608 0.1882
v -2.013127 16.072218 5.725000 0.9490 0.7608 0.1882
v -2.035909 16.227781 5.780000 0.9490 0.7608 0.1882
v -2.013127 16.150000 5.802782 0.9490 0.7608 0.1882
v -2.035909 16.072218 5.780000 0.9490 0.7608 0.1882
v -2.090909 16.227781 5.802782 0.9490 0.7608 0.1882
v -2.090909 16.150000 5.835000 0.9490 0.7608 0.1882
v -2.090909 16.072218 5.802782 0.9490 0.7608 0.1882
v -2.145909 16.227781 5.780000 0.9490 0.7608 0.1882
v -2.168691 16.150000 5.802782 0.9490 0.7608 0.1882
v -2.145909 16.072218 5.780000 0.9490 0.7608 0.1882
v -2.168691 16.227781 5.725000 0.9490 0.7608 0.1882
v -2.200909 16.150000 5.725000 0.9490 0.7608 0.1882
v -2.168691 16.072218 5.725000 0.9490 0.7608 0.1882
v -2.145909 16.227781 5.670000 0.9490 0.7608 0.1882
v -2.168691 16.150000 5.647218 0.9490 0.7608 0.1882
v -2.145909 16.072218 5.670000 0.9490 0.7608 0.1882
v -2.090909 13.259999 5.725000 0.9490 0.7608 0.1882
v -2.090909 13.227781 5.647218 0.9490 0.7608 0.1882
v -2.090909 13.150000 5.615000 0.9490 0.7608 0.1882
v -2.090909 13.072218 5.647218 0.9490 0.7608 0.1882
v -2.090909 13.040000 5.725000 0.9490 0.7608 0.1882
v -2.035909 13.227781 5.670000 0.9490 0.7608 0.1882
v -2.013127 13.150000 5.647218 0.9490 0.7608 0.1882
v -2.035909 13.072218 5.670000 0.9490 0.7608 0.1882
v -2.013127 13.227781 5.725000 0.9490 0.7608 0.1882
v -1.980909 13.150000 5.725000 0.9490 0.7608 0.1882
v -2.013127 13.072218 5.725000 0.9490 0.7608 0.1882
v -2.035909 13.227781 5.780000 0.9490 0.7608 0.1882
v -2.013127 13.150000 5.802782 0.9490 0.7608 0.1882
v -2.035909 13.072218 5.780000 0.9490 0.7608 0.1882
v -2.090909 13.227781 5.802782 0.9490 0.7608 0.1882
v -2.090909 13.150000 5.835000 0.9490 0.7608 0.1882
v -2.090909 13.072218 5.802782 0.9490 0.7608 0.1882
v -2.145909 13.227781 5.780000 0.9490 0.7608 0.1882
v -2.168691 13.150000 5.802782 0.9490 0.7608 0.1882
v -2.145909 13.072218 5.780000 0.9490 0.7608 0.1882
v -2.168691 13.227781 5.725000 0.9490 0.7608 0.1882
v -2.200909 13.150000 5.725000 0.9490 0.7608 0.1882
v -2.168691 13.072218 5.725000 0.9490 0.7608 0.1882
v -2.145909 13.227781 5.670000 0.9490 0.7608 0.1882
v -2.168691 13.150000 5.647218 0.9490 0.7608 0.1882
v -2.145909 13.072218 5.670000 0.9490 0.7608 0.1882
v -0.818182 16.260000 5.725000 0.9490 0.7608 0.1882
v -0.818182 16.227781 5.647218 0.9490 0.7608 0.1882
v -0.818182 16.150000 5.615000 0.9490 0.7608 0.1882
v -0.818182 16.072218 5.647218 0.9490 0.7608 0.1882
v -0.818182 16.039999 5.725000 0.9490 0.7608 0.1882
v -0.763182 16.227781 5.670000 0.9490 0.7608 0.1882
v -0.740400 16.150000 5.647218 0.9490 0.7608 0.1882
v -0.763182 16.072218 5.670000 0.9490 0.7608 0.1882
v -0.740400 16.227781 5.725000 0.9490 0.7608 0.1882
v -0.708182 16.150000 5.725000 0.9490 0.7608 0.1882
v -0.740400 16.072218 5.725000 0.9490 0.7608 0.1882
v -0.763182 16.227781 5.780000 0.9490 0.7608 0.1882
v -0.740400 16.150000 5.802782 0.9490 0.7608 0.1882
v -0.763182 16.072218 5.780000 0.9490 0.7608 0.1882
v -0.818182 16.227781 5.802782 0.9490 0.7608 0.1882
v -0.818182 16.150000 5.835000 0.9490 0.7608 0.1882
v -0.818182 16.072218 5.802782 0.9490 0.7608 0.1882
v -0.873182 16.227781 5.780000 0.9490 0.7608 0.1882
v -0.895963 16.150000 5.802782 0.9490 0.7608 0.1882
v -0.873182 16.072218 5.780000 0.9490 0.7608 0.1882
v -0.895963 16.227781 5.725000 0.9490 0.7608 0.1882
v -0.928182 16.150000 5.725000 0.9490 0.7608 0.1882
v -0.895963 16.072218 5.725000 0.9490 0.7608 0.1882
v -0.873182 16.227781 5.670000 0.9490 0.7608 0.1882
v -0.895963 16.150000 5.647218 0.9490 0.7608 0.1882
v -0.873182 16.072218 5.670000 0.9490 0.7608 0.1882
v -0.818182 13.259999 5.725000 0.9490 0.7608 0.1882
v -0.818182 13.227781 5.647218 0.9490 0.7608 0.1882
v -0.818182 13.150000 5.615000 0.9490 0.7608 0.1882
v -0.818182 13.072218 5.647218 0.9490 0.7608 0.1882
v -0.818182 13.040000 5.725000 0.9490 0.7608 0.1882
v -0.763182 13.227781 5.670000 0.9490 0.7608 0.1882
v -0.740400 13.150000 5.647218 0.9490 0.7608 0.1882
v -0.763182 13.072218 5.670000 0.9490 0.7608 0.1882
v -0.740400 13.227781 5.725000 0.9490 0.7608 0.1882
v -0.708182 13.150000 5.725000 0.9490 0.7608 0.1882
v -0.740400 13.072218 5.725000 0.9490 0.7608 0.1882
v -0.763182 13.227781 5.780000 0.9490 0.7608 0.1882
v -0.740400 13.150000 5.802782 0.9490 0.7608 0.1882
v -0.763182 13.072218 5.780000 0.9490 0.7608 0.1882
v -0.818182 13.227781 5.802782 0.9490 0.7608 0.1882
v -0.818182 13.150000 5.835000 0.9490 0.7608 0.1882
v -0.818182 13.072218 5.802782 0.9490 0.7608 0.1882
v -0.873182 13.227781 5.780000 0.9490 0.7608 0.1882
v -0.895963 13.150000 5.802782 0.9490 0.7608 0.1882
v -0.873182 13.072218 5.780000 0.9490 0.7608 0.1882
v -0.895963 13.227781 5.725000 0.9490 0.7608 0.1882
v -0.928182 13.150000 5.725000 0.9490 0.7608 0.1882
v -0.895963 13.072218 5.725000 0.9490 0.7608 0.1882
v -0.873182 13.227781 5.670000 0.9490 0.7608 0.1882
v -0.895963 13.150000 5.647218 0.9490 0.7608 0.1882
v -0.873182 13.072218 5.670000 0.9490 0.7608 0.1882
v 0.454545 16.260000 5.725000 0.9490 0.7608 0.1882
v 0.454545 16.227781 5.647218 0.9490 0.7608 0.1882
v 0.454545 16.150000 5.615000 0.9490 0.7608 0.1882
v 0.454545 16.072218 5.647218 0.9490 0.7608 0.1882
v 0.454545 16.039999 5.725000 0.9490 0.7608 0.1882
v 0.509545 16.227781 5.670000 0.9490 0.7608 0.1882
v 0.532327 16.150000 5.647218 0.9490 0.7608 0.1882
v 0.509545 16.072218 5.670000 0.9490 0.7608 0.1882
v 0.532327 16.227781 5.725000 0.9490 0.7608 0.1882
v 0.564546 16.150000 5.725000 0.9490 0.7608 0.1882
v 0.532327 16.072218 5.725000 0.9490 0.7608 0.1882
v 0.509545 16.227781 5.780000 0.9490 0.7608 0.1882
v 0.532327 16.150000 5.802782 0.9490 0.7608 0.1882
v 0.509545 16.072218 5.780000 0.9490 0.7608 0.1882
v 0.454545 16.227781 5.802782 0.9490 0.7608 0.1882
v 0.454545 16.150000 5.835000 0.9490 0.7608 0.1882
v 0.454545 16.072218 5.802782 0.9490 0.7608 0.1882
v 0.399546 16.227781 5.780000 0.9490 0.7608 0.1882
v 0.376764 16.150000 5.802782 0.9490 0.7608 0.1882
v 0.399546 16.072218 5.780000 0.9490 0.7608 0.1882
v 0.376764 16.227781 5.725000 0.9490 0.7608 0.1882
v 0.344545 16.150000 5.725000 0.9490 0.7608 0.1882
v 0.376764 16.072218 5.725000 0.9490 0.7608 0.1882
v 0.399546 16.227781 5.670000 0.9490 0.7608 0.1882
v 0.376764 16.150000 5.647218 0.9490 0.7608 0.1882
v 0.399546 16.072218 5.670000 0.9490 0.7608 0.1882
v 0.454545 13.259999 5.725000 0.9490 0.7608 0.1882
v 0.454545 13.227781 5.647218 0.9490 0.7608 0.1882
v 0.454545 13.150000 5.615000 0.9490 0.7608 0.1882
v 0.454545 13.072218 5.647218 0.9490 0.7608 0.1882
v 0.454545 13.040000 5.725000 0.9490 0.7608 0.1882
v 0.509545 13.227781 5.670000 0.9490 0.7608 0.1882
v 0.532327 13.150000 5.647218 0.9490 0.7608 0.1882
v 0.509545 13.072218 5.670000 0.9490 0.7608 0.1882
v 0.532327 13.227781 5.725000 0.9490 0.7608 0.1882
v 0.564546 13.150000 5.725000 0.9490 0.7608 0.1882
v 0.532327 13.072218 5.725000 0.9490 0.7608 0.1882
v 0.509545 13.227781 5.780000 0.9490 0.7608 0.1882
v 0.532327 13.150000 5.802782 0.9490 0.7608 0.1882
v 0.509545 13.072218 5.780000 0.9490 0.7608 0.1882
v 0.454545 13.227781 5.802782 0.9490 0.7608 0.1882
v 0.454545 13.150000 5.835000 0.9490 0.7608 0.1882
v 0.454545 13.072218 5.802782 0.9490 0.7608 0.1882
v 0.399546 13.227781 5.780000 0.9490 0.7608 0.1882
v 0.376764 13.150000 5.802782 0.9490 0.7608 0.1882
v 0.399546 13.072218 5.780000 0.9490 0.7608 0.1882
v 0.376764 13.227781 5.725000 0.9490 0.7608 0.1882
v 0.344545 13.150000 5.725000 0.9490 0.7608 0.1882
v 0.376764 13.072218 5.725000 0.9490 0.7608 0.1882
v 0.399546 13.227781 5.670000 0.9490 0.7608 0.1882
v 0.376764 13.150000 5.647218 0.9490 0.7608 0.1882
v 0.399546 13.072218 5.670000 0.9490 0.7608 0.1882
v 1.727273 16.260000 5.725000 0.9490 0.7608 0.1882
v 1.727273 16.227781 5.647218 0.9490 0.7608 0.1882
v 1.727273 16.150000 5.615000 0.9490 0.7608 0.1882
v 1.727273 16.072218 5.647218 0.9490 0.7608 0.1882
v 1.727273 16.039999 5.725000 0.9490 0.7608 0.1882
v 1.782272 16.227781 5.670000 0.9490 0.7608 0.1882
v 1.805054 16.150000 5.647218 0.9490 0.7608 0.1882
v 1.782272 16.072218 5.670000 0.9490 0.7608 0.1882
v 1.805054 16.227781 5.725000 0.9490 0.7608 0.1882
v 1.837273 16.150000 5.725000 0.9490 0.7608 0.1882
v 1.805054 16.072218 5.725000 0.9490 0.7608 0.1882
v 1.782272 16.227781 5.780000 0.9490 0.7608 0.1882
v 1.805054 16.150000 5.802782 0.9490 0.7608 0.1882
v 1.782272 16.072218 5.780000 0.9490 0.7608 0.1882
v 1.727273 16.227781 5.802782 0.9490 0.7608 0.1882
v 1.727273 16.150000 5.835000 0.9490 0.7608 0.1882
v 1.727273 16.072218 5.802782 0.9490 0.7608 0.1882
v 1.672273 16.227781 5.780000 0.9490 0.7608 0.1882
v 1.649491 16.150000 5.802782 0.9490 0.7608 0.1882
v 1.672273 16.072218 5.780000 0.9490 0.7608 0.1882
v 1.649491 16.227781 5.725000 0.9490 0.7608 0.1882
v 1.617272 16.150000 5.725000 0.9490 0.7608 0.1882
v 1.649491 16.072218 5.725000 0.9490 0.7608 0.1882
v 1.672273 16.227781 5.670000 0.9490 0.7608 0.1882
v 1.649491 16.150000 5.647218 0.9490 0.7608 0.1882
v 1.672273 16.072218 5.670000 0.9490 0.7608 0.1882
v 1.727273 13.259999 5.725000 0.9490 0.7608 0.1882
v 1.727273 13.227781 5.647218 0.9490 0.7608 0.1882
v 1.727273 13.150000 5.615000 0.9490 0.7608 0.1882
v 1.727273 13.072218 5.647218 0.9490 0.7608 0.1882
v 1.727273 13.040000 5.725000 0.9490 0.7608 0.1882
v 1.782272 13.227781 5.670000 0.9490 0.7608 0.1882
v 1.805054 13.150000 5.647218 0.9490 0.7608 0.1882
v 1.782272 13.072218 5.670000 0.9490 0.7608 0.1882
v 1.805054 13.227781 5.725000 0.9490 0.7608 0.1882
v 1.837273 13.150000 5.725000 0.9490 0.7608 0.1882
v 1.805054 13.072218 5.725000 0.9490 0.7608 0.1882
v 1.782272 13.227781 5.780000 0.9490 0.7608 0.1882
v 1.805054 13.150000 5.802782 0.9490 0.7608 0.1882
v 1.782272 13.072218 5.780000 0.9490 0.7608 0.1882
v 1.727273 13.227781 5.802782 0.9490 0.7608 0.1882
v 1.727273 13.150000 5.835000 0.9490 0.7608 0.1882
v 1.727273 13.072218 5.802782 0.9490 0.7608 0.1882
v 1.672273 13.227781 5.780000 0.9490 0.7608 0.1882
v 1.649491 13.150000 5.802782 0.9490 0.7608 0.1882
v 1.672273 13.072218 5.780000 0.9490 0.7608 0.1882
v 1.649491 13.227781 5.725000 0.9490 0.7608 0.1882
v 1.617272 13.150000 5.725000 0.9490 0.7608 0.1882
v 1.649491 13.072218 5.725000 0.9490 0.7608 0.1882
v 1.672273 13.227781 5.670000 0.9490 0.7608 0.1882
v 1.649491 13.150000 5.647218 0.9490 0.7608 0.1882
v 1.672273 13.072218 5.670000 0.9490 0.7608 0.1882
v 3.000000 16.260000 5.725000 0.9490 0.7608 0.1882
v 3.000000 16.227781 5.647218 0.9490 0.7608 0.1882
v 3.000000 16.150000 5.615000 0.9490 0.7608 0.1882
v 3.000000 16.072218 5.647218 0.9490 0.7608 0.1882
v 3.000000 16.039999 5.725000 0.9490 0.7608 0.1882
v 3.055000 16.227781 5.670000 0.9490 0.7608 0.1882
v 3.077782 16.150000 5.647218 0.9490 0.7608 0.1882
v 3.055000 16.072218 5.670000 0.9490 0.7608 0.1882
v 3.077782 16.227781 5.725000 0.9490 0.7608 0.1882
v 3.110000 16.150000 5.725000 0.9490 0.7608 0.1882
v 3.077782 16.072218 5.725000 0.9490 0.7608 0.1882
v 3.055000 16.227781 5.780000 0.9490 0.7608 0.1882
v 3.077782 16.150000 5.802782 0.9490 0.7608 0.1882
v 3.055000 16.072218 5.780000 0.9490 0.7608 0.1882
v 3.000000 16.227781 5.802782 0.9490 0.7608 0.1882
v 3.000000 16.150000 5.835000 0.9490 0.7608 0.1882
v 3.000000 16.072218 5.802782 0.9490 0.7608 0.1882
v 2.945000 16.227781 5.780000 0.9490 0.7608 0.1882
v 2.922218 16.150000 5.802782 0.9490 0.7608 0.1882
v 2.945000 16.072218 5.780000 0.9490 0.7608 0.1882
v 2.922218 16.227781 5.725000 0.9490 0.7608 0.1882
v 2.890000 16.150000 5.725000 0.9490 0.7608 0.1882
v 2.922218 16.072218 5.725000 0.9490 0.7608 0.1882
v 2.945000 16.227781 5.670000 0.9490 0.7608 0.1882
v 2.922218 16.150000 5.647218 0.9490 0.7608 0.1882
v 2.945000 16.072218 5.670000 0.9490 0.7608 0.1882
v 3.000000 13.259999 5.725000 0.9490 0.7608 0.1882
v 3.000000 13.227781 5.647218 0.9490 0.7608 0.1882
v 3.000000 13.150000 5.615000 0.9490 0.7608 0.1882
v 3.000000 13.072218 5.647218 0.9490 0.7608 0.1882
v 3.000000 13.040000 5.725000 0.9490 0.7608 0.1882
v 3.055000 13.227781 5.670000 0.9490 0.7608 0.1882
v 3.077782 13.150000 5.647218 0.9490 0.7608 0.1882
v 3.055000 13.072218 5.670000 0.9490 0.7608 0.1882
v 3.077782 13.227781 5.725000 0.9490 0.7608 0.1882
v 3.110000 13.150000 5.725000 0.9490 0.7608 0.1882
v 3.077782 13.072218 5.725000 0.9490 0.7608 0.1882
v 3.055000 13.227781 5.780000 0.9490 0.7608 0.1882
v 3.077782 13.150000 5.802782 0.9490 0.7608 0.1882
v 3.055000 13.072218 5.780000 0.9490 0.7608 0.1882
v 3.000000 13.227781 5.802782 0.9490 0.7608 0.1882
v 3.000000 13.150000 5.835000 0.9490 0.7608 0.1882
v 3.000000 13.072218 5.802782 0.9490 0.7608 0.1882
v 2.945000 13.227781 5.780000 0.9490 0.7608 0.1882
v 2.922218 13.150000 5.802782 0.9490 0.7608 0.1882
v 2.945000 13.072218 5.780000 0.9490 0.7608 0.1882
v 2.922218 13.227781 5.725000 0.9490 0.7608 0.1882
v 2.890000 13.150000 5.725000 0.9490 0.7608 0.1882
v 2.922218 13.072218 5.725000 0.9490 0.7608 0.1882
v 2.945000 13.227781 5.670000 0.9490 0.7608 0.1882
v 2.922218 13.150000 5.647218 0.9490 0.7608 0.1882
v 2.945000 13.072218 5.670000 0.9490 0.7608 0.1882
vn -0.4606 -0.7588 0.4606
vn -0.4606 -0.4606 0.7588
vn -0.7588 -0.4606 0.4606
vn -0.4606 0.4606 0.7588
vn -0.4606 0.7588 0.4606
vn -0.7588 0.4606 0.4606
vn -0.4606 -0.7588 -0.4606
vn -0.7588 -0.4606 -0.4606
vn -0.4606 -0.4606 -0.7588
vn -0.4606 0.7588 -0.4606
vn -0.4606 0.4606 -0.7588
vn -0.7588 0.4606 -0.4606
vn 0.4606 -0.7588 0.4606
vn 0.7588 -0.4606 0.4606
vn 0.4606 -0.4606 0.7588
vn 0.4606 0.7588 0.4606
vn 0.4606 0.4606 0.7588
vn 0.7588 0.4606 0.4606
vn 0.4606 -0.7588 -0.4606
vn 0.4606 -0.4606 -0.7588
vn 0.7588 -0.4606 -0.4606
vn 0.4606 0.7588 -0.4606
vn 0.7588 0.4606 -0.4606
vn 0.4606 0.4606 -0.7588
vn -0.0000 -1.0000 -0.0000
vn -1.0000 -0.0000 -0.0000
vn -0.0000 -0.0000 1.0000
vn -0.0000 1.0000 -0.0000
vn -0.0000 -0.0000 -1.0000
vn 1.0000 -0.0000 -0.0000
vn -0.1794 -0.9673 0.1794
vn -0.1585 -0.9194 0.3600
vn -0.3251 -0.8881 0.3251
vn -0.3600 -0.9194 0.1585
vn -0.1794 -0.1794 0.9673
vn -0.3600 -0.1585 0.9194
vn -0.3251 -0.3251 0.8881
vn -0.1585 -0.3600 0.9194
vn -0.9673 -0.1794 0.1794
vn -0.9194 -0.3600 0.1585
vn -0.8881 -0.3251 0.3251
vn -0.9194 -0.1585 0.3600
vn -0.1794 0.1794 0.9673
vn -0.1585 0.3600 0.9194
vn -0.3250 0.3251 0.8881
vn -0.3600 0.1585 0.9194
vn -0.1794 0.9673 0.1794
vn -0.3600 0.9194 0.1585
vn -0.3251 0.8881 0.3251
vn -0.1585 0.9194 0.3600
vn -0.9673 0.1794 0.1794
vn -0.9194 0.1585 0.3600
vn -0.8881 0.3251 0.3251
vn -0.9194 0.3600 0.1585
vn -0.1794 -0.9673 -0.1794
vn -0.3600 -0.9194 -0.1585
vn -0.3251 -0.8881 -0.3251
vn -0.1585 -0.9194 -0.3600
vn -0.9673 -0.1794 -0.1794
vn -0.9194 -0.1585 -0.3600
vn -0.8881 -0.3251 -0.3251
vn -0.9194 -0.3600 -0.1585
vn -0.1794 -0.1794 -0.9673
vn -0.1585 -0.3600 -0.9194
vn -0.3251 -0.3251 -0.8881
vn -0.3600 -0.1585 -0.9194
vn -0.1794 0.9673 -0.1794
vn -0.1585 0.9194 -0.3600
vn -0.3251 0.8881 -0.3251
vn -0.3600 0.9194 -0.1585
vn -0.1794 0.1794 -0.9673
vn -0.3600 0.1585 -0.9194
vn -0.3251 0.3251 -0.8881
vn -0.1585 0.3600 -0.9194
vn -0.9673 0.1794 -0.1794
vn -0.9194 0.3600 -0.1585
vn -0.8881 0.3251 -0.3251
vn -0.9194 0.1585 -0.3600
vn 0.1794 -0.9673 0.1794
vn 0.3600 -0.9194 0.1585
vn 0.3251 -0.8881 0.3251
vn 0.1585 -0.9194 0.3600
vn 0.9673 -0.1794 0.1794
vn 0.9194 -0.1585 0.3600
vn 0.8881 -0.3251 0.3251
vn 0.9194 -0.3600 0.1585
vn 0.1794 -0.1794 0.9673
vn 0.1585 -0.3600 0.9194
vn 0.3251 -0.3251 0.8881
vn 0.3600 -0.1585 0.9194
vn 0.1794 0.9673 0.1794
vn 0.1585 0.9194 0.3600
vn 0.3251 0.8881 0.3251
vn 0.3600 0.9194 0.1585
vn 0.1794 0.1794 0.9673
vn 0.3600 0.1585 0.9194
vn 0.3250 0.3251 0.8881
vn 0.1585 0.3600 0.9194
vn 0.9673 0.1794 0.1794
vn 0.9194 0.3600 0.1585
vn 0.8881 0.3251 0.3251
vn 0.9194 0.1585 0.3600
vn 0.1794 -0.9673 -0.1794
vn 0.1585 -0.9194 -0.3600
vn 0.3251 -0.8881 -0.3251
vn 0.3600 -0.9194 -0.1585
vn 0.1794 -0.1794 -0.9673
vn 0.3600 -0.1585 -0.9194
vn 0.3251 -0.3251 -0.8881
vn 0.1585 -0.3600 -0.9194
vn 0.9673 -0.1794 -0.1794
vn 0.9194 -0.3600 -0.1585
vn 0.8881 -0.3251 -0.3251
vn 0.9194 -0.1585 -0.3600
vn 0.1794 0.9673 -0.1794
vn 0.3600 0.9194 -0.1585
vn 0.3251 0.8881 -0.3251
vn 0.1585 0.9194 -0.3600
vn 0.9673 0.1794 -0.1794
vn 0.9194 0.1585 -0.3600
vn 0.8881 0.3251 -0.3251
vn 0.9194 0.3600 -0.1585
vn 0.1794 0.1794 -0.9673
vn 0.1585 0.3600 -0.9194
vn 0.3251 0.3251 -0.8881
vn 0.3600 0.1585 -0.9194
vn -0.4605 -0.7588 0.4606
vn -0.4605 0.7588 0.4606
vn -0.4605 -0.7588 -0.4606
vn -0.4605 -0.4606 -0.7588
vn -0.4605 0.7588 -0.4606
vn -0.4605 0.4606 -0.7588
vn 0.4605 -0.7588 0.4606
vn 0.4605 0.7588 0.4606
vn 0.4605 -0.7588 -0.4606
vn 0.4605 -0.4606 -0.7588
vn 0.4605 0.7588 -0.4606
vn 0.4605 0.4606 -0.7588
vn 0.3827 -0.0000 -0.9239
vn 0.9239 -0.0000 -0.3827
vn 0.9239 -0.0000 0.3827
vn 0.3827 -0.0000 0.9239
vn -0.3827 -0.0000 0.9239
vn -0.9239 -0.0000 0.3827
vn -0.9239 -0.0000 -0.3827
vn -0.3827 -0.0000 -0.9239
vn -0.8660 0.5000 -0.0000
vn 0.8660 0.5000 -0.0000
vn 0.8660 -0.5000 -0.0000
vn -0.8660 -0.5000 -0.0000
vn -0.4605 -0.4606 0.7588
vn -0.4605 0.4606 0.7588
vn -0.3251 -0.8881 0.3250
vn -0.8881 -0.3250 0.3251
vn -0.3251 0.3251 0.8881
vn -0.3251 0.8881 0.3250
vn -0.9194 0.1585 0.3599
vn -0.3251 -0.8881 -0.3250
vn -0.3251 0.8881 -0.3250
vn 0.3251 -0.8881 0.3250
vn 0.3251 0.8881 0.3250
vn 0.3251 0.3251 0.8881
vn 0.8881 0.3250 0.3251
vn 0.3251 -0.8881 -0.3250
vn 0.3251 0.8881 -0.3250
vn -0.0000 -0.8438 -0.5367
vn -0.0000 -0.4791 -0.8778
vn 0.5159 -0.4791 -0.7101
vn 0.3155 -0.8438 -0.4342
vn -0.0000 0.4791 -0.8778
vn 0.5159 0.4791 -0.7101
vn 0.5878 -0.0000 -0.8090
vn -0.0000 0.8438 -0.5367
vn 0.3155 0.8438 -0.4342
vn 0.8348 0.4791 -0.2712
vn 0.9511 -0.0000 -0.3090
vn 0.5104 0.8438 -0.1659
vn 0.5104 -0.8438 -0.1659
vn 0.8348 -0.4791 -0.2712
vn 0.5104 0.8438 0.1659
vn 0.5104 -0.8438 0.1659
vn 0.9511 -0.0000 0.3090
vn 0.8348 -0.4791 0.2712
vn 0.8348 0.4791 0.2712
vn 0.3155 -0.8438 0.4342
vn 0.5878 -0.0000 0.8090
vn 0.5159 -0.4791 0.7101
vn 0.3155 0.8438 0.4342
vn 0.5159 0.4791 0.7101
vn -0.0000 -0.8438 0.5367
vn -0.0000 -0.4791 0.8778
vn -0.0000 0.8438 0.5367
vn -0.0000 0.4791 0.8778
vn -0.3155 -0.8438 0.4342
vn -0.5878 -0.0000 0.8090
vn -0.5159 -0.4791 0.7101
vn -0.3155 0.8438 0.4342
vn -0.5159 0.4791 0.7101
vn -0.9511 -0.0000 0.3090
vn -0.8348 -0.4791 0.2712
vn -0.5104 0.8438 0.1658
vn -0.8348 0.4791 0.2712
vn -0.5104 -0.8438 0.1658
vn -0.5104 0.8438 -0.1659
vn -0.8348 0.4791 -0.2712
vn -0.8348 -0.4791 -0.2712
vn -0.5104 -0.8438 -0.1659
vn -0.9511 -0.0000 -0.3090
vn -0.5159 -0.4791 -0.7101
vn -0.3155 -0.8438 -0.4342
vn -0.5159 0.4791 -0.7101
vn -0.5878 -0.0000 -0.8090
vn -0.3155 0.8438 -0.4342
vn -0.3250 -0.3251 -0.8881
vn -0.3250 0.3251 -0.8881
vn 0.8881 -0.3251 -0.3250
vn -0.5104 0.8438 0.1659
vn -0.5104 -0.8438 0.1659
vn -0.8881 -0.3251 0.3250
vn 0.3250 -0.3251 -0.8881
vn 0.8881 0.3251 -0.3250
vn -0.3251 -0.3250 0.8881
vn 0.8881 -0.3251 0.3250
vn 0.3251 0.3250 0.8881
vn 0.3827 0.9239 -0.0000
vn 0.9239 0.3827 -0.0000
vn 0.9239 -0.3827 -0.0000
vn 0.3827 -0.9239 -0.0000
vn -0.3827 -0.9239 -0.0000
vn -0.9239 -0.3827 -0.0000
vn -0.9239 0.3827 -0.0000
vn -0.3827 0.9239 -0.0000
vn -0.3250 -0.8881 0.3251
vn -0.3250 -0.3250 0.8881
vn -0.9194 -0.1585 0.3599
vn -0.3251 0.3250 0.8881
vn -0.8881 0.3251 0.3250
vn -0.9194 -0.1585 -0.3599
vn -0.8881 -0.3251 -0.3250
vn -0.3251 -0.3250 -0.8881
vn -0.3251 0.3250 -0.8881
vn -0.8881 0.3251 -0.3250
vn -0.9194 0.1585 -0.3599
vn 0.3251 -0.3250 -0.8881
vn 0.3251 0.3250 -0.8881
vn 0.5104 0.8438 -0.1658
vn 0.5104 -0.8438 -0.1658
vn 0.5104 0.8438 0.1658
vn 0.5104 -0.8438 0.1658
vn -0.5104 -0.8438 -0.1658
vn -0.8348 0.4791 0.2713
vn -0.8348 -0.4791 0.2713
vn 0.8348 0.4791 -0.2713
vn 0.8348 -0.4791 -0.2713
vn -0.5104 0.8438 -0.1658
vn 0.4339 -0.0000 -0.9010
vn 0.7818 -0.0000 -0.6235
vn 0.9749 -0.0000 -0.2225
vn 0.9749 -0.0000 0.2225
vn 0.7818 -0.0000 0.6235
vn 0.4339 -0.0000 0.9010
vn -0.4339 -0.0000 0.9010
vn -0.7818 -0.0000 0.6235
vn -0.9749 -0.0000 0.2225
vn -0.9749 -0.0000 -0.2225
vn -0.7818 -0.0000 -0.6235
vn -0.4339 -0.0000 -0.9010
vn 0.9010 -0.0000 -0.4339
vn 0.8783 0.2228 -0.4230
vn 0.9749 0.2228 -0.0000
vn 0.6235 -0.0000 -0.7818
vn 0.6078 0.2228 -0.7622
vn 0.2225 -0.0000 -0.9749
vn 0.2169 0.2228 -0.9504
vn -0.2225 -0.0000 -0.9749
vn -0.2169 0.2228 -0.9504
vn -0.6235 -0.0000 -0.7818
vn -0.6078 0.2228 -0.7622
vn -0.9010 -0.0000 -0.4339
vn -0.8783 0.2228 -0.4230
vn -0.9749 0.2228 -0.0000
vn -0.9010 -0.0000 0.4339
vn -0.8783 0.2228 0.4230
vn -0.6235 -0.0000 0.7818
vn -0.6078 0.2228 0.7622
vn -0.2225 -0.0000 0.9749
vn -0.2169 0.2228 0.9504
vn 0.2225 -0.0000 0.9749
vn 0.2169 0.2228 0.9504
vn 0.6235 -0.0000 0.7818
vn 0.6078 0.2228 0.7622
vn 0.9010 -0.0000 0.4339
vn 0.8783 0.2228 0.4230
vn 0.8059 0.4472 -0.3881
vn 0.8944 0.4472 -0.0000
vn 0.5577 0.4472 -0.6993
vn 0.1990 0.4472 -0.8720
vn -0.1990 0.4472 -0.8720
vn -0.5577 0.4472 -0.6993
vn -0.8059 0.4472 -0.3881
vn -0.8944 0.4472 -0.0000
vn -0.8059 0.4472 0.3881
vn -0.5577 0.4472 0.6993
vn -0.1990 0.4472 0.8720
vn 0.1990 0.4472 0.8720
vn 0.5577 0.4472 0.6993
vn 0.8059 0.4472 0.3881
vn 0.2095 0.9778 -0.0000
vn 0.1888 0.9778 -0.0909
vn 0.1306 0.9778 -0.1638
vn 0.0466 0.9778 -0.2043
vn -0.0466 0.9778 -0.2043
vn -0.1306 0.9778 -0.1638
vn -0.1888 0.9778 -0.0909
vn -0.2095 0.9778 -0.0000
vn -0.1888 0.9778 0.0909
vn -0.1306 0.9778 0.1638
vn -0.0466 0.9778 0.2043
vn 0.0466 0.9778 0.2043
vn 0.1306 0.9778 0.1638
vn 0.1888 0.9778 0.0909
vn 0.3574 -0.3574 -0.8629
vn -0.0000 0.9239 -0.3827
vn 0.2706 0.9239 -0.2706
vn -0.0000 -0.9239 -0.3827
vn 0.2706 -0.9239 -0.2706
vn 0.3574 0.3574 -0.8629
vn 0.8629 -0.3574 -0.3574
vn 0.8629 0.3574 -0.3574
vn 0.8629 -0.3574 0.3574
vn 0.2706 0.9239 0.2706
vn 0.2706 -0.9239 0.2706
vn 0.8629 0.3574 0.3574
vn 0.3574 -0.3574 0.8629
vn -0.0000 0.9239 0.3827
vn -0.0000 -0.9239 0.3827
vn 0.3574 0.3574 0.8629
vn -0.3574 -0.3574 0.8629
vn -0.2706 0.9239 0.2706
vn -0.2706 -0.9239 0.2706
vn -0.3574 0.3574 0.8629
vn -0.8629 -0.3574 0.3574
vn -0.8629 0.3574 0.3574
vn -0.8629 0.3574 -0.3574
vn -0.8629 -0.3574 -0.3574
vn -0.2706 0.9239 -0.2706
vn -0.2706 -0.9239 -0.2706
vn -0.3574 0.3574 -0.8629
vn -0.3574 -0.3574 -0.8629
vt 0.000000 0.000000
vt 1.000000 0.000000
vt 0.600000 0.000000
vt 0.800000 0.000000
vt 0.400000 0.000000
vt 0.200000 0.000000
vt 0.000000 1.000000
vt 1.000000 1.000000
vt 1.000000 0.833333
vt 0.000000 0.833333
vt 0.000000 0.166667
vt 1.000000 0.166667
vt 0.000000 0.333333
vt 1.000000 0.333333
vt 0.000000 0.500000
vt 1.000000 0.500000
vt 0.000000 0.666667
vt 1.000000 0.666667
s 1
usemtl concrete
f 1/1/1 2/1/2 3/1/3
f 4/1/4 5/1/5 6/1/6
f 7/1/7 8/1/8 9/1/9
f 10/1/10 11/1/11 12/1/12
f 13/1/13 14/1/14 15/1/15
f 16/1/16 17/1/17 18/1/18
f 19/1/19 20/1/20 21/1/21
f 22/1/22 23/1/23 24/1/24
f 7/1/7 1/1/1 3/1/3 8/1/8
f 2/1/2 4/1/4 6/1/6 3/1/3
f 5/1/5 10/1/10 12/1/12 6/1/6
f 11/1/11 9/1/9 8/1/8 12/1/12
f 19/1/19 7/1/7 9/1/9 20/1/20
f 10/1/10 22/1/22 24/1/24 11/1/11
f 23/1/23 21/1/21 20/1/20 24/1/24
f 13/1/13 19/1/19 21/1/21 14/1/14
f 22/1/22 16/1/16 18/1/18 23/1/23
f 17/1/17 15/1/15 14/1/14 18/1/18
f 1/1/1 13/1/13 15/1/15 2/1/2
f 16/1/16 5/1/5 4/1/4 17/1/17
f 7/1/25 19/1/25 13/1/25 1/1/25
f 3/1/26 6/1/26 12/1/26 8/1/26
f 15/1/27 17/1/27 4/1/27 2/1/27
f 22/1/28 10/1/28 5/1/28 16/1/28
f 9/1/29 11/1/29 24/1/29 20/1/29
f 21/1/30 23/1/30 18/1/30 14/1/30
f 841/1/1 842/1/2 843/1/3
f 844/1/4 845/1/5 846/1/6
f 847/1/7 848/1/8 849/1/9
f 850/1/10 851/1/11 852/1/12
f 853/1/13 854/1/14 855/1/15
f 856/1/16 857/1/17 858/1/18
f 859/1/19 860/1/20 861/1/21
f 862/1/22 863/1/23 864/1/24
f 847/1/7 841/1/1 843/1/3 848/1/8
f 842/1/2 844/1/4 846/1/6 843/1/3
f 845/1/5 850/1/10 852/1/12 846/1/6
f 851/1/11 849/1/9 848/1/8 852/1/12
f 859/1/19 847/1/7 849/1/9 860/1/20
f 850/1/10 862/1/22 864/1/24 851/1/11
f 863/1/23 861/1/21 860/1/20 864/1/24
f 853/1/13 859/1/19 861/1/21 854/1/14
f 862/1/22 856/1/16 858/1/18 863/1/23
f 857/1/17 855/1/15 854/1/14 858/1/18
f 841/1/1 853/1/13 855/1/15 842/1/2
f 856/1/16 845/1/5 844/1/4 857/1/17
f 847/1/25 859/1/25 853/1/25 841/1/25
f 843/1/26 846/1/26 852/1/26 848/1/26
f 855/1/27 857/1/27 844/1/27 842/1/27
f 862/1/28 850/1/28 845/1/28 856/1/28
f 849/1/29 851/1/29 864/1/29 860/1/29
f 861/1/30 863/1/30 858/1/30 854/1/30
usemtl teal
f 25/1/31 28/1/32 29/1/33 31/1/34
f 26/1/35 30/1/36 29/1/37 28/1/38
f 27/1/39 31/1/40 29/1/41 30/1/42
f 32/1/43 35/1/44 36/1/45 38/1/46
f 33/1/47 37/1/48 36/1/49 35/1/50
f 34/1/51 38/1/52 36/1/53 37/1/54
f 39/1/55 42/1/56 43/1/57 45/1/58
f 40/1/59 44/1/60 43/1/61 42/1/62
f 41/1/63 45/1/64 43/1/65 44/1/66
f 46/1/67 49/1/68 50/1/69 52/1/70
f 47/1/71 51/1/72 50/1/73 49/1/74
f 48/1/75 52/1/76 50/1/77 51/1/78
f 53/1/79 56/1/80 57/1/81 59/1/82
f 54/1/83 58/1/84 57/1/85 56/1/86
f 55/1/87 59/1/88 57/1/89 58/1/90
f 60/1/91 63/1/92 64/1/93 66/1/94
f 61/1/95 65/1/96 64/1/97 63/1/98
f 62/1/99 66/1/100 64/1/101 65/1/102
f 67/1/103 70/1/104 71/1/105 73/1/106
f 68/1/107 72/1/108 71/1/109 70/1/110
f 69/1/111 73/1/112 71/1/113 72/1/114
f 74/1/115 77/1/116 78/1/117 80/1/118
f 75/1/119 79/1/120 78/1/121 77/1/122
f 76/1/123 80/1/124 78/1/125 79/1/126
f 39/1/55 25/1/31 31/1/34 42/1/56
f 42/1/62 31/1/40 27/1/39 40/1/59
f 26/1/35 32/1/43 38/1/46 30/1/36
f 30/1/42 38/1/52 34/1/51 27/1/39
f 33/1/47 46/1/67 52/1/70 37/1/48
f 37/1/54 52/1/76 48/1/75 34/1/51
f 47/1/71 41/1/63 44/1/66 51/1/72
f 51/1/78 44/1/60 40/1/59 48/1/75
f 67/1/103 39/1/55 45/1/58 70/1/104
f 70/1/110 45/1/64 41/1/63 68/1/107
f 46/1/67 74/1/115 80/1/118 49/1/68
f 49/1/74 80/1/124 76/1/123 47/1/71
f 75/1/119 69/1/111 72/1/114 79/1/120
f 79/1/126 72/1/108 68/1/107 76/1/123
f 53/1/79 67/1/103 73/1/106 56/1/80
f 56/1/86 73/1/112 69/1/111 54/1/83
f 74/1/115 60/1/91 66/1/94 77/1/116
f 77/1/122 66/1/100 62/1/99 75/1/119
f 61/1/95 55/1/87 58/1/90 65/1/96
f 65/1/102 58/1/84 54/1/83 62/1/99
f 25/1/31 53/1/79 59/1/82 28/1/32
f 28/1/38 59/1/88 55/1/87 26/1/35
f 60/1/91 33/1/47 35/1/50 63/1/92
f 63/1/98 35/1/44 32/1/43 61/1/95
f 39/1/55 67/1/103 53/1/79 25/1/31
f 27/1/39 34/1/51 48/1/75 40/1/59
f 55/1/87 61/1/95 32/1/43 26/1/35
f 74/1/115 46/1/67 33/1/47 60/1/91
f 41/1/63 47/1/71 76/1/123 68/1/107
f 69/1/111 75/1/119 62/1/99 54/1/83
usemtl ketchup
f 81/1/1 82/1/2 83/1/3
f 84/1/4 85/1/5 86/1/6
f 87/1/7 88/1/8 89/1/9
f 90/1/10 91/1/11 92/1/12
f 93/1/13 94/1/14 95/1/15
f 96/1/16 97/1/17 98/1/18
f 99/1/19 100/1/20 101/1/21
f 102/1/22 103/1/23 104/1/24
f 87/1/7 81/1/1 83/1/3 88/1/8
f 82/1/2 84/1/4 86/1/6 83/1/3
f 85/1/5 90/1/10 92/1/12 86/1/6
f 91/1/11 89/1/9 88/1/8 92/1/12
f 99/1/19 87/1/7 89/1/9 100/1/20
f 90/1/10 102/1/22 104/1/24 91/1/11
f 103/1/23 101/1/21 100/1/20 104/1/24
f 93/1/13 99/1/19 101/1/21 94/1/14
f 102/1/22 96/1/16 98/1/18 103/1/23
f 97/1/17 95/1/15 94/1/14 98/1/18
f 81/1/1 93/1/13 95/1/15 82/1/2
f 96/1/16 85/1/5 84/1/4 97/1/17
f 87/1/25 99/1/25 93/1/25 81/1/25
f 83/1/26 86/1/26 92/1/26 88/1/26
f 95/1/27 97/1/27 84/1/27 82/1/27
f 102/1/28 90/1/28 85/1/28 96/1/28
f 89/1/29 91/1/29 104/1/29 100/1/29
f 101/1/30 103/1/30 98/1/30 94/1/30
f 2355/1/1 2356/1/2 2357/1/3
f 2358/1/4 2359/1/5 2360/1/6
f 2361/1/7 2362/1/8 2363/1/9
f 2364/1/10 2365/1/11 2366/1/12
f 2367/1/13 2368/1/14 2369/1/15
f 2370/1/16 2371/1/17 2372/1/18
f 2373/1/19 2374/1/20 2375/1/21
f 2376/1/22 2377/1/23 2378/1/24
f 2361/1/7 2355/1/1 2357/1/3 2362/1/8
f 2356/1/2 2358/1/4 2360/1/6 2357/1/3
f 2359/1/5 2364/1/10 2366/1/12 2360/1/6
f 2365/1/11 2363/1/9 2362/1/8 2366/1/12
f 2373/1/19 2361/1/7 2363/1/9 2374/1/20
f 2364/1/10 2376/1/22 2378/1/24 2365/1/11
f 2377/1/23 2375/1/21 2374/1/20 2378/1/24
f 2367/1/13 2373/1/19 2375/1/21 2368/1/14
f 2376/1/22 2370/1/16 2372/1/18 2377/1/23
f 2371/1/17 2369/1/15 2368/1/14 2372/1/18
f 2355/1/1 2367/1/13 2369/1/15 2356/1/2
f 2370/1/16 2359/1/5 2358/1/4 2371/1/17
f 2361/1/25 2373/1/25 2367/1/25 2355/1/25
f 2357/1/26 2360/1/26 2366/1/26 2362/1/26
f 2369/1/27 2371/1/27 2358/1/27 2356/1/27
f 2376/1/28 2364/1/28 2359/1/28 2370/1/28
f 2363/1/29 2365/1/29 2378/1/29 2374/1/29
f 2375/1/30 2377/1/30 2372/1/30 2368/1/30
f 2403/1/1 2404/1/2 2405/1/3
f 2406/1/4 2407/1/5 2408/1/6
f 2409/1/7 2410/1/8 2411/1/9
f 2412/1/10 2413/1/11 2414/1/12
f 2415/1/13 2416/1/14 2417/1/15
f 2418/1/16 2419/1/17 2420/1/18
f 2421/1/19 2422/1/20 2423/1/21
f 2424/1/22 2425/1/23 2426/1/24
f 2409/1/7 2403/1/1 2405/1/3 2410/1/8
f 2404/1/2 2406/1/4 2408/1/6 2405/1/3
f 2407/1/5 2412/1/10 2414/1/12 2408/1/6
f 2413/1/11 2411/1/9 2410/1/8 2414/1/12
f 2421/1/19 2409/1/7 2411/1/9 2422/1/20
f 2412/1/10 2424/1/22 2426/1/24 2413/1/11
f 2425/1/23 2423/1/21 2422/1/20 2426/1/24
f 2415/1/13 2421/1/19 2423/1/21 2416/1/14
f 2424/1/22 2418/1/16 2420/1/18 2425/1/23
f 2419/1/17 2417/1/15 2416/1/14 2420/1/18
f 2403/1/1 2415/1/13 2417/1/15 2404/1/2
f 2418/1/16 2407/1/5 2406/1/4 2419/1/17
f 2409/1/25 2421/1/25 2415/1/25 2403/1/25
f 2405/1/26 2408/1/26 2414/1/26 2410/1/26
f 2417/1/27 2419/1/27 2406/1/27 2404/1/27
f 2424/1/28 2412/1/28 2407/1/28 2418/1/28
f 2411/1/29 2413/1/29 2426/1/29 2422/1/29
f 2423/1/30 2425/1/30 2420/1/30 2416/1/30
f 3639/1/31 3642/1/32 3643/1/33 3645/1/34
f 3640/1/35 3644/1/36 3643/1/37 3642/1/38
f 3641/1/39 3645/1/40 3643/1/41 3644/1/42
f 3646/1/43 3649/1/44 3650/1/155 3652/1/46
f 3647/1/47 3651/1/48 3650/1/49 3649/1/50
f 3648/1/51 3652/1/52 3650/1/53 3651/1/54
f 3653/1/55 3656/1/56 3657/1/57 3659/1/58
f 3654/1/59 3658/1/60 3657/1/61 3656/1/62
f 3655/1/63 3659/1/64 3657/1/65 3658/1/66
f 3660/1/67 3663/1/68 3664/1/69 3666/1/70
f 3661/1/71 3665/1/72 3664/1/73 3663/1/74
f 3662/1/75 3666/1/76 3664/1/77 3665/1/78
f 3667/1/79 3670/1/80 3671/1/81 3673/1/82
f 3668/1/83 3672/1/84 3671/1/85 3670/1/86
f 3669/1/87 3673/1/88 3671/1/89 3672/1/90
f 3674/1/91 3677/1/92 3678/1/93 3680/1/94
f 3675/1/95 3679/1/96 3678/1/162 3677/1/98
f 3676/1/99 3680/1/100 3678/1/101 3679/1/102
f 3681/1/103 3684/1/104 3685/1/105 3687/1/106
f 3682/1/107 3686/1/108 3685/1/109 3684/1/110
f 3683/1/111 3687/1/112 3685/1/113 3686/1/114
f 3688/1/115 3691/1/116 3692/1/117 3694/1/118
f 3689/1/119 3693/1/120 3692/1/121 3691/1/122
f 3690/1/123 3694/1/124 3692/1/125 3693/1/126
f 3653/1/55 3639/1/31 3645/1/34 3656/1/56
f 3656/1/62 3645/1/40 3641/1/39 3654/1/59
f 3640/1/35 3646/1/43 3652/1/46 3644/1/36
f 3644/1/42 3652/1/52 3648/1/51 3641/1/39
f 3647/1/47 3660/1/67 3666/1/70 3651/1/48
f 3651/1/54 3666/1/76 3662/1/75 3648/1/51
f 3661/1/71 3655/1/63 3658/1/66 3665/1/72
f 3665/1/78 3658/1/60 3654/1/59 3662/1/75
f 3681/1/103 3653/1/55 3659/1/58 3684/1/104
f 3684/1/110 3659/1/64 3655/1/63 3682/1/107
f 3660/1/67 3688/1/115 3694/1/118 3663/1/68
f 3663/1/74 3694/1/124 3690/1/123 3661/1/71
f 3689/1/119 3683/1/111 3686/1/114 3693/1/120
f 3693/1/126 3686/1/108 3682/1/107 3690/1/123
f 3667/1/79 3681/1/103 3687/1/106 3670/1/80
f 3670/1/86 3687/1/112 3683/1/111 3668/1/83
f 3688/1/115 3674/1/91 3680/1/94 3691/1/116
f 3691/1/122 3680/1/100 3676/1/99 3689/1/119
f 3675/1/95 3669/1/87 3672/1/90 3679/1/96
f 3679/1/102 3672/1/84 3668/1/83 3676/1/99
f 3639/1/31 3667/1/79 3673/1/82 3642/1/32
f 3642/1/38 3673/1/88 3669/1/87 3640/1/35
f 3674/1/91 3647/1/47 3649/1/50 3677/1/92
f 3677/1/98 3649/1/44 3646/1/43 3675/1/95
f 3653/1/55 3681/1/103 3667/1/79 3639/1/31
f 3641/1/39 3648/1/51 3662/1/75 3654/1/59
f 3669/1/87 3675/1/95 3646/1/43 3640/1/35
f 3688/1/115 3660/1/67 3647/1/47 3674/1/91
f 3655/1/63 3661/1/71 3690/1/123 3682/1/107
f 3683/1/111 3689/1/119 3676/1/99 3668/1/83
usemtl mustard
f 105/1/127 106/1/2 107/1/3
f 108/1/4 109/1/128 110/1/6
f 111/1/129 112/1/8 113/1/130
f 114/1/131 115/1/132 116/1/12
f 117/1/133 118/1/14 119/1/15
f 120/1/134 121/1/17 122/1/18
f 123/1/135 124/1/136 125/1/21
f 126/1/137 127/1/23 128/1/138
f 111/1/129 105/1/127 107/1/3 112/1/8
f 106/1/2 108/1/4 110/1/6 107/1/3
f 109/1/128 114/1/131 116/1/12 110/1/6
f 115/1/132 113/1/130 112/1/8 116/1/12
f 123/1/135 111/1/129 113/1/130 124/1/136
f 114/1/131 126/1/137 128/1/138 115/1/132
f 127/1/23 125/1/21 124/1/136 128/1/138
f 117/1/133 123/1/135 125/1/21 118/1/14
f 126/1/137 120/1/134 122/1/18 127/1/23
f 121/1/17 119/1/15 118/1/14 122/1/18
f 105/1/127 117/1/133 119/1/15 106/1/2
f 120/1/134 109/1/128 108/1/4 121/1/17
f 111/1/25 123/1/25 117/1/25 105/1/25
f 107/1/26 110/1/26 116/1/26 112/1/26
f 119/1/27 121/1/27 108/1/27 106/1/27
f 126/1/28 114/1/28 109/1/28 120/1/28
f 113/1/29 115/1/29 128/1/29 124/1/29
f 125/1/30 127/1/30 122/1/30 118/1/30
f 865/1/26 866/1/26 868/1/26 867/1/26
f 867/1/29 868/1/29 872/1/29 871/1/29
f 871/1/30 872/1/30 870/1/30 869/1/30
f 869/1/27 870/1/27 866/1/27 865/1/27
f 867/1/25 871/1/25 869/1/25 865/1/25
f 872/1/28 868/1/28 866/1/28 870/1/28
f 875/1/29 876/1/29 880/1/29 879/1/29
f 879/1/30 880/1/30 878/1/30 877/1/30
f 877/1/27 878/1/27 874/1/27 873/1/27
f 875/1/25 879/1/25 877/1/25 873/1/25
f 880/1/28 876/1/28 874/1/28 878/1/28
f 883/1/29 884/1/29 888/1/29 887/1/29
f 887/1/30 888/1/30 886/1/30 885/1/30
f 885/1/27 886/1/27 882/1/27 881/1/27
f 883/1/25 887/1/25 885/1/25 881/1/25
f 888/1/28 884/1/28 882/1/28 886/1/28
f 891/1/29 892/1/29 896/1/29 895/1/29
f 895/1/30 896/1/30 893/1/30 894/1/30
f 894/1/27 893/1/27 890/1/27 889/1/27
f 891/1/25 895/1/25 894/1/25 889/1/25
f 896/1/28 892/1/28 890/1/28 893/1/28
f 899/1/29 900/1/29 904/1/29 903/1/29
f 901/1/27 902/1/27 898/1/27 897/1/27
f 899/1/25 903/1/25 901/1/25 897/1/25
f 904/1/28 900/1/28 898/1/28 902/1/28
f 907/1/29 908/1/29 912/1/29 911/1/29
f 911/1/30 912/1/30 910/1/30 909/1/30
f 909/1/27 910/1/27 906/1/27 905/1/27
f 907/1/25 911/1/25 909/1/25 905/1/25
f 912/1/28 908/1/28 906/1/28 910/1/28
f 915/1/29 916/1/29 920/1/29 919/1/29
f 919/1/30 920/1/30 918/1/30 917/1/30
f 917/1/27 918/1/27 914/1/27 913/1/27
f 915/1/25 919/1/25 917/1/25 913/1/25
f 920/1/28 916/1/28 914/1/28 918/1/28
f 923/1/29 924/1/29 928/1/29 927/1/29
f 927/1/30 928/1/30 926/1/30 925/1/30
f 925/1/27 926/1/27 922/1/27 921/1/27
f 923/1/25 927/1/25 925/1/25 921/1/25
f 928/1/28 924/1/28 922/1/28 926/1/28
f 931/1/29 932/1/29 936/1/29 935/1/29
f 935/1/30 936/1/30 934/1/30 933/1/30
f 933/1/27 934/1/27 930/1/27 929/1/27
f 931/1/25 935/1/25 933/1/25 929/1/25
f 936/1/28 932/1/28 930/1/28 934/1/28
f 937/1/26 938/1/26 940/1/26 939/1/26
f 939/1/29 940/1/29 944/1/29 943/1/29
f 943/1/30 944/1/30 942/1/30 941/1/30
f 941/1/27 942/1/27 938/1/27 937/1/27
f 939/1/25 943/1/25 941/1/25 937/1/25
f 944/1/28 940/1/28 938/1/28 942/1/28
f 945/1/26 946/1/26 948/1/26 947/1/26
f 947/1/29 948/1/29 952/1/29 951/1/29
f 951/1/30 952/1/30 950/1/30 949/1/30
f 949/1/27 950/1/27 946/1/27 945/1/27
f 947/1/25 951/1/25 949/1/25 945/1/25
f 952/1/28 948/1/28 946/1/28 950/1/28
f 955/1/29 956/1/29 960/1/29 959/1/29
f 959/1/30 960/1/30 958/1/30 957/1/30
f 957/1/27 958/1/27 954/1/27 953/1/27
f 955/1/25 959/1/25 957/1/25 953/1/25
f 960/1/28 956/1/28 954/1/28 958/1/28
f 963/1/29 964/1/29 968/1/29 967/1/29
f 967/1/30 968/1/30 966/1/30 965/1/30
f 965/1/27 966/1/27 962/1/27 961/1/27
f 963/1/25 967/1/25 965/1/25 961/1/25
f 968/1/28 964/1/28 962/1/28 966/1/28
f 1063/1/139 1064/1/139 1066/1/139 1065/1/139
f 1065/1/140 1066/1/140 1068/1/140 1067/1/140
f 1067/1/141 1068/1/141 1070/1/141 1069/1/141
f 1069/1/142 1070/1/142 1072/1/142 1071/1/142
f 1071/1/143 1072/1/143 1074/1/143 1073/1/143
f 1073/1/144 1074/1/144 1076/1/144 1075/1/144
f 1066/1/28 1064/1/28 1078/1/28 1076/1/28 1074/1/28 1072/1/28 1070/1/28 1068/1/28
f 1075/1/145 1076/1/145 1078/1/145 1077/1/145
f 1077/1/146 1078/1/146 1064/1/146 1063/1/146
f 1063/1/25 1065/1/25 1067/1/25 1069/1/25 1071/1/25 1073/1/25 1075/1/25 1077/1/25
f 1079/1/139 1080/1/139 1082/1/139 1081/1/139
f 1081/1/140 1082/1/140 1084/1/140 1083/1/140
f 1083/1/141 1084/1/141 1086/1/141 1085/1/141
f 1085/1/142 1086/1/142 1088/1/142 1087/1/142
f 1087/1/143 1088/1/143 1090/1/143 1089/1/143
f 1089/1/144 1090/1/144 1092/1/144 1091/1/144
f 1082/1/28 1080/1/28 1094/1/28 1092/1/28 1090/1/28 1088/1/28 1086/1/28 1084/1/28
f 1091/1/145 1092/1/145 1094/1/145 1093/1/145
f 1093/1/146 1094/1/146 1080/1/146 1079/1/146
f 1079/1/25 1081/1/25 1083/1/25 1085/1/25 1087/1/25 1089/1/25 1091/1/25 1093/1/25
f 1095/1/139 1096/1/139 1098/1/139 1097/1/139
f 1097/1/140 1098/1/140 1100/1/140 1099/1/140
f 1099/1/141 1100/1/141 1102/1/141 1101/1/141
f 1101/1/142 1102/1/142 1104/1/142 1103/1/142
f 1103/1/143 1104/1/143 1106/1/143 1105/1/143
f 1105/1/144 1106/1/144 1108/1/144 1107/1/144
f 1098/1/28 1096/1/28 1110/1/28 1108/1/28 1106/1/28 1104/1/28 1102/1/28 1100/1/28
f 1107/1/145 1108/1/145 1110/1/145 1109/1/145
f 1109/1/146 1110/1/146 1096/1/146 1095/1/146
f 1095/1/25 1097/1/25 1099/1/25 1101/1/25 1103/1/25 1105/1/25 1107/1/25 1109/1/25
f 1116/2/29 1114/3/29 1115/4/29
f 1116/2/29 1113/5/29 1114/3/29
f 1111/1/29 1113/5/29 1116/2/29
f 1111/1/29 1112/6/29 1113/5/29
f 1119/5/27 1121/4/27 1120/3/27
f 1119/5/27 1122/2/27 1121/4/27
f 1118/6/27 1122/2/27 1119/5/27
f 1118/6/27 1117/1/27 1122/2/27
f 1117/7/147 1111/8/147 1116/9/147 1122/10/147
f 1118/11/28 1112/12/28 1111/2/28 1117/1/28
f 1119/13/148 1113/14/148 1112/12/148 1118/11/148
f 1120/15/149 1114/16/149 1113/14/149 1119/13/149
f 1121/17/25 1115/18/25 1114/16/25 1120/15/25
f 1122/10/150 1116/9/150 1115/18/150 1121/17/150
f 1128/2/29 1126/3/29 1127/4/29
f 1128/2/29 1125/5/29 1126/3/29
f 1123/1/29 1125/5/29 1128/2/29
f 1123/1/29 1124/6/29 1125/5/29
f 1131/5/27 1133/4/27 1132/3/27
f 1131/5/27 1134/2/27 1133/4/27
f 1130/6/27 1134/2/27 1131/5/27
f 1130/6/27 1129/1/27 1134/2/27
f 1129/7/147 1123/8/147 1128/9/147 1134/10/147
f 1130/11/28 1124/12/28 1123/2/28 1129/1/28
f 1131/13/148 1125/14/148 1124/12/148 1130/11/148
f 1132/15/149 1126/16/149 1125/14/149 1131/13/149
f 1133/17/25 1127/18/25 1126/16/25 1132/15/25
f 1134/10/150 1128/9/150 1127/18/150 1133/17/150
f 1135/1/1 1136/1/2 1137/1/3
f 1138/1/4 1139/1/5 1140/1/6
f 1141/1/7 1142/1/8 1143/1/9
f 1144/1/10 1145/1/11 1146/1/12
f 1147/1/13 1148/1/14 1149/1/15
f 1150/1/16 1151/1/17 1152/1/18
f 1153/1/19 1154/1/20 1155/1/21
f 1156/1/22 1157/1/23 1158/1/24
f 1141/1/7 1135/1/1 1137/1/3 1142/1/8
f 1136/1/2 1138/1/4 1140/1/6 1137/1/3
f 1139/1/5 1144/1/10 1146/1/12 1140/1/6
f 1145/1/11 1143/1/9 1142/1/8 1146/1/12
f 1153/1/19 1141/1/7 1143/1/9 1154/1/20
f 1144/1/10 1156/1/22 1158/1/24 1145/1/11
f 1157/1/23 1155/1/21 1154/1/20 1158/1/24
f 1147/1/13 1153/1/19 1155/1/21 1148/1/14
f 1156/1/22 1150/1/16 1152/1/18 1157/1/23
f 1151/1/17 1149/1/15 1148/1/14 1152/1/18
f 1135/1/1 1147/1/13 1149/1/15 1136/1/2
f 1150/1/16 1139/1/5 1138/1/4 1151/1/17
f 1141/1/25 1153/1/25 1147/1/25 1135/1/25
f 1137/1/26 1140/1/26 1146/1/26 1142/1/26
f 1149/1/27 1151/1/27 1138/1/27 1136/1/27
f 1156/1/28 1144/1/28 1139/1/28 1150/1/28
f 1143/1/29 1145/1/29 1158/1/29 1154/1/29
f 1155/1/30 1157/1/30 1152/1/30 1148/1/30
f 1255/1/31 1258/1/32 1259/1/153 1261/1/34
f 1256/1/35 1260/1/36 1259/1/37 1258/1/38
f 1257/1/39 1261/1/40 1259/1/154 1260/1/42
f 1262/1/43 1265/1/44 1266/1/155 1268/1/46
f 1263/1/47 1267/1/48 1266/1/156 1265/1/50
f 1264/1/51 1268/1/157 1266/1/53 1267/1/54
f 1269/1/55 1272/1/56 1273/1/158 1275/1/58
f 1270/1/59 1274/1/60 1273/1/61 1272/1/62
f 1271/1/63 1275/1/64 1273/1/65 1274/1/66
f 1276/1/67 1279/1/68 1280/1/159 1282/1/70
f 1277/1/71 1281/1/72 1280/1/73 1279/1/74
f 1278/1/75 1282/1/76 1280/1/77 1281/1/78
f 1283/1/79 1286/1/80 1287/1/160 1289/1/82
f 1284/1/83 1288/1/84 1287/1/85 1286/1/86
f 1285/1/87 1289/1/88 1287/1/89 1288/1/90
f 1290/1/91 1293/1/92 1294/1/161 1296/1/94
f 1291/1/95 1295/1/96 1294/1/162 1293/1/98
f 1292/1/99 1296/1/100 1294/1/163 1295/1/102
f 1297/1/103 1300/1/104 1301/1/164 1303/1/106
f 1298/1/107 1302/1/108 1301/1/109 1300/1/110
f 1299/1/111 1303/1/112 1301/1/113 1302/1/114
f 1304/1/115 1307/1/116 1308/1/165 1310/1/118
f 1305/1/119 1309/1/120 1308/1/121 1307/1/122
f 1306/1/123 1310/1/124 1308/1/125 1309/1/126
f 1269/1/55 1255/1/31 1261/1/34 1272/1/56
f 1272/1/62 1261/1/40 1257/1/39 1270/1/59
f 1256/1/35 1262/1/43 1268/1/46 1260/1/36
f 1260/1/42 1268/1/157 1264/1/51 1257/1/39
f 1263/1/47 1276/1/67 1282/1/70 1267/1/48
f 1267/1/54 1282/1/76 1278/1/75 1264/1/51
f 1277/1/71 1271/1/63 1274/1/66 1281/1/72
f 1281/1/78 1274/1/60 1270/1/59 1278/1/75
f 1297/1/103 1269/1/55 1275/1/58 1300/1/104
f 1300/1/110 1275/1/64 1271/1/63 1298/1/107
f 1276/1/67 1304/1/115 1310/1/118 1279/1/68
f 1279/1/74 1310/1/124 1306/1/123 1277/1/71
f 1305/1/119 1299/1/111 1302/1/114 1309/1/120
f 1309/1/126 1302/1/108 1298/1/107 1306/1/123
f 1283/1/79 1297/1/103 1303/1/106 1286/1/80
f 1286/1/86 1303/1/112 1299/1/111 1284/1/83
f 1304/1/115 1290/1/91 1296/1/94 1307/1/116
f 1307/1/122 1296/1/100 1292/1/99 1305/1/119
f 1291/1/95 1285/1/87 1288/1/90 1295/1/96
f 1295/1/102 1288/1/84 1284/1/83 1292/1/99
f 1255/1/31 1283/1/79 1289/1/82 1258/1/32
f 1258/1/38 1289/1/88 1285/1/87 1256/1/35
f 1290/1/91 1263/1/47 1265/1/50 1293/1/92
f 1293/1/98 1265/1/44 1262/1/43 1291/1/95
f 1269/1/55 1297/1/103 1283/1/79 1255/1/31
f 1257/1/39 1264/1/51 1278/1/75 1270/1/59
f 1285/1/87 1291/1/95 1262/1/43 1256/1/35
f 1304/1/115 1276/1/67 1263/1/47 1290/1/91
f 1271/1/63 1277/1/71 1306/1/123 1298/1/107
f 1299/1/111 1305/1/119 1292/1/99 1284/1/83
f 1523/1/1 1524/1/2 1525/1/3
f 1526/1/4 1527/1/5 1528/1/6
f 1529/1/7 1530/1/8 1531/1/9
f 1532/1/10 1533/1/11 1534/1/12
f 1535/1/13 1536/1/14 1537/1/15
f 1538/1/16 1539/1/17 1540/1/18
f 1541/1/19 1542/1/20 1543/1/21
f 1544/1/22 1545/1/23 1546/1/24
f 1529/1/7 1523/1/1 1525/1/3 1530/1/8
f 1524/1/2 1526/1/4 1528/1/6 1525/1/3
f 1527/1/5 1532/1/10 1534/1/12 1528/1/6
f 1533/1/11 1531/1/9 1530/1/8 1534/1/12
f 1541/1/19 1529/1/7 1531/1/9 1542/1/20
f 1532/1/10 1544/1/22 1546/1/24 1533/1/11
f 1545/1/23 1543/1/21 1542/1/20 1546/1/24
f 1535/1/13 1541/1/19 1543/1/21 1536/1/14
f 1544/1/22 1538/1/16 1540/1/18 1545/1/23
f 1539/1/17 1537/1/15 1536/1/14 1540/1/18
f 1523/1/1 1535/1/13 1537/1/15 1524/1/2
f 1538/1/16 1527/1/5 1526/1/4 1539/1/17
f 1529/1/25 1541/1/25 1535/1/25 1523/1/25
f 1525/1/26 1528/1/26 1534/1/26 1530/1/26
f 1537/1/27 1539/1/27 1526/1/27 1524/1/27
f 1544/1/28 1532/1/28 1527/1/28 1538/1/28
f 1531/1/29 1533/1/29 1546/1/29 1542/1/29
f 1543/1/30 1545/1/30 1540/1/30 1536/1/30
f 1643/1/31 1646/1/32 1647/1/33 1649/1/34
f 1644/1/35 1648/1/36 1647/1/37 1646/1/38
f 1645/1/39 1649/1/40 1647/1/41 1648/1/42
f 1650/1/43 1653/1/44 1654/1/155 1656/1/46
f 1651/1/47 1655/1/48 1654/1/49 1653/1/50
f 1652/1/51 1656/1/52 1654/1/53 1655/1/54
f 1657/1/55 1660/1/56 1661/1/57 1663/1/58
f 1658/1/59 1662/1/60 1661/1/61 1660/1/62
f 1659/1/63 1663/1/64 1661/1/65 1662/1/66
f 1664/1/67 1667/1/68 1668/1/69 1670/1/70
f 1665/1/71 1669/1/72 1668/1/73 1667/1/74
f 1666/1/75 1670/1/76 1668/1/77 1669/1/78
f 1671/1/79 1674/1/80 1675/1/81 1677/1/82
f 1672/1/83 1676/1/84 1675/1/85 1674/1/86
f 1673/1/87 1677/1/88 1675/1/89 1676/1/90
f 1678/1/91 1681/1/92 1682/1/93 1684/1/94
f 1679/1/95 1683/1/96 1682/1/162 1681/1/98
f 1680/1/99 1684/1/100 1682/1/101 1683/1/102
f 1685/1/103 1688/1/104 1689/1/105 1691/1/106
f 1686/1/107 1690/1/108 1689/1/109 1688/1/110
f 1687/1/111 1691/1/112 1689/1/113 1690/1/114
f 1692/1/115 1695/1/116 1696/1/117 1698/1/118
f 1693/1/119 1697/1/120 1696/1/121 1695/1/122
f 1694/1/123 1698/1/124 1696/1/125 1697/1/126
f 1657/1/55 1643/1/31 1649/1/34 1660/1/56
f 1660/1/62 1649/1/40 1645/1/39 1658/1/59
f 1644/1/35 1650/1/43 1656/1/46 1648/1/36
f 1648/1/42 1656/1/52 1652/1/51 1645/1/39
f 1651/1/47 1664/1/67 1670/1/70 1655/1/48
f 1655/1/54 1670/1/76 1666/1/75 1652/1/51
f 1665/1/71 1659/1/63 1662/1/66 1669/1/72
f 1669/1/78 1662/1/60 1658/1/59 1666/1/75
f 1685/1/103 1657/1/55 1663/1/58 1688/1/104
f 1688/1/110 1663/1/64 1659/1/63 1686/1/107
f 1664/1/67 1692/1/115 1698/1/118 1667/1/68
f 1667/1/74 1698/1/124 1694/1/123 1665/1/71
f 1693/1/119 1687/1/111 1690/1/114 1697/1/120
f 1697/1/126 1690/1/108 1686/1/107 1694/1/123
f 1671/1/79 1685/1/103 1691/1/106 1674/1/80
f 1674/1/86 1691/1/112 1687/1/111 1672/1/83
f 1692/1/115 1678/1/91 1684/1/94 1695/1/116
f 1695/1/122 1684/1/100 1680/1/99 1693/1/119
f 1679/1/95 1673/1/87 1676/1/90 1683/1/96
f 1683/1/102 1676/1/84 1672/1/83 1680/1/99
f 1643/1/31 1671/1/79 1677/1/82 1646/1/32
f 1646/1/38 1677/1/88 1673/1/87 1644/1/35
f 1678/1/91 1651/1/47 1653/1/50 1681/1/92
f 1681/1/98 1653/1/44 1650/1/43 1679/1/95
f 1657/1/55 1685/1/103 1671/1/79 1643/1/31
f 1645/1/39 1652/1/51 1666/1/75 1658/1/59
f 1673/1/87 1679/1/95 1650/1/43 1644/1/35
f 1692/1/115 1664/1/67 1651/1/47 1678/1/91
f 1659/1/63 1665/1/71 1694/1/123 1686/1/107
f 1687/1/111 1693/1/119 1680/1/99 1672/1/83
f 1911/1/1 1912/1/2 1913/1/3
f 1914/1/4 1915/1/5 1916/1/6
f 1917/1/7 1918/1/8 1919/1/9
f 1920/1/10 1921/1/11 1922/1/12
f 1923/1/13 1924/1/14 1925/1/15
f 1926/1/16 1927/1/17 1928/1/18
f 1929/1/19 1930/1/20 1931/1/21
f 1932/1/22 1933/1/23 1934/1/24
f 1917/1/7 1911/1/1 1913/1/3 1918/1/8
f 1912/1/2 1914/1/4 1916/1/6 1913/1/3
f 1915/1/5 1920/1/10 1922/1/12 1916/1/6
f 1921/1/11 1919/1/9 1918/1/8 1922/1/12
f 1929/1/19 1917/1/7 1919/1/9 1930/1/20
f 1920/1/10 1932/1/22 1934/1/24 1921/1/11
f 1933/1/23 1931/1/21 1930/1/20 1934/1/24
f 1923/1/13 1929/1/19 1931/1/21 1924/1/14
f 1932/1/22 1926/1/16 1928/1/18 1933/1/23
f 1927/1/17 1925/1/15 1924/1/14 1928/1/18
f 1911/1/1 1923/1/13 1925/1/15 1912/1/2
f 1926/1/16 1915/1/5 1914/1/4 1927/1/17
f 1917/1/25 1929/1/25 1923/1/25 1911/1/25
f 1913/1/26 1916/1/26 1922/1/26 1918/1/26
f 1925/1/27 1927/1/27 1914/1/27 1912/1/27
f 1932/1/28 1920/1/28 1915/1/28 1926/1/28
f 1919/1/29 1921/1/29 1934/1/29 1930/1/29
f 1931/1/30 1933/1/30 1928/1/30 1924/1/30
f 2031/1/31 2034/1/32 2035/1/33 2037/1/34
f 2032/1/35 2036/1/36 2035/1/37 2034/1/38
f 2033/1/39 2037/1/40 2035/1/41 2036/1/42
f 2038/1/43 2041/1/44 2042/1/155 2044/1/46
f 2039/1/47 2043/1/48 2042/1/49 2041/1/50
f 2040/1/51 2044/1/52 2042/1/53 2043/1/54
f 2045/1/55 2048/1/56 2049/1/57 2051/1/58
f 2046/1/59 2050/1/60 2049/1/61 2048/1/62
f 2047/1/63 2051/1/64 2049/1/65 2050/1/66
f 2052/1/67 2055/1/68 2056/1/69 2058/1/70
f 2053/1/71 2057/1/72 2056/1/73 2055/1/74
f 2054/1/75 2058/1/76 2056/1/77 2057/1/78
f 2059/1/79 2062/1/80 2063/1/81 2065/1/82
f 2060/1/83 2064/1/84 2063/1/85 2062/1/86
f 2061/1/87 2065/1/88 2063/1/89 2064/1/90
f 2066/1/91 2069/1/92 2070/1/93 2072/1/94
f 2067/1/95 2071/1/96 2070/1/162 2069/1/98
f 2068/1/99 2072/1/100 2070/1/101 2071/1/102
f 2073/1/103 2076/1/104 2077/1/105 2079/1/106
f 2074/1/107 2078/1/108 2077/1/109 2076/1/110
f 2075/1/111 2079/1/112 2077/1/113 2078/1/114
f 2080/1/115 2083/1/116 2084/1/117 2086/1/118
f 2081/1/119 2085/1/120 2084/1/121 2083/1/122
f 2082/1/123 2086/1/124 2084/1/125 2085/1/126
f 2045/1/55 2031/1/31 2037/1/34 2048/1/56
f 2048/1/62 2037/1/40 2033/1/39 2046/1/59
f 2032/1/35 2038/1/43 2044/1/46 2036/1/36
f 2036/1/42 2044/1/52 2040/1/51 2033/1/39
f 2039/1/47 2052/1/67 2058/1/70 2043/1/48
f 2043/1/54 2058/1/76 2054/1/75 2040/1/51
f 2053/1/71 2047/1/63 2050/1/66 2057/1/72
f 2057/1/78 2050/1/60 2046/1/59 2054/1/75
f 2073/1/103 2045/1/55 2051/1/58 2076/1/104
f 2076/1/110 2051/1/64 2047/1/63 2074/1/107
f 2052/1/67 2080/1/115 2086/1/118 2055/1/68
f 2055/1/74 2086/1/124 2082/1/123 2053/1/71
f 2081/1/119 2075/1/111 2078/1/114 2085/1/120
f 2085/1/126 2078/1/108 2074/1/107 2082/1/123
f 2059/1/79 2073/1/103 2079/1/106 2062/1/80
f 2062/1/86 2079/1/112 2075/1/111 2060/1/83
f 2080/1/115 2066/1/91 2072/1/94 2083/1/116
f 2083/1/122 2072/1/100 2068/1/99 2081/1/119
f 2067/1/95 2061/1/87 2064/1/90 2071/1/96
f 2071/1/102 2064/1/84 2060/1/83 2068/1/99
f 2031/1/31 2059/1/79 2065/1/82 2034/1/32
f 2034/1/38 2065/1/88 2061/1/87 2032/1/35
f 2066/1/91 2039/1/47 2041/1/50 2069/1/92
f 2069/1/98 2041/1/44 2038/1/43 2067/1/95
f 2045/1/55 2073/1/103 2059/1/79 2031/1/31
f 2033/1/39 2040/1/51 2054/1/75 2046/1/59
f 2061/1/87 2067/1/95 2038/1/43 2032/1/35
f 2080/1/115 2052/1/67 2039/1/47 2066/1/91
f 2047/1/63 2053/1/71 2082/1/123 2074/1/107
f 2075/1/111 2081/1/119 2068/1/99 2060/1/83
f 2611/1/1 2612/1/2 2613/1/3
f 2614/1/4 2615/1/5 2616/1/6
f 2617/1/7 2618/1/8 2619/1/9
f 2620/1/10 2621/1/11 2622/1/12
f 2623/1/13 2624/1/14 2625/1/15
f 2626/1/16 2627/1/17 2628/1/18
f 2629/1/19 2630/1/20 2631/1/21
f 2632/1/22 2633/1/23 2634/1/24
f 2617/1/7 2611/1/1 2613/1/3 2618/1/8
f 2612/1/2 2614/1/4 2616/1/6 2613/1/3
f 2615/1/5 2620/1/10 2622/1/12 2616/1/6
f 2621/1/11 2619/1/9 2618/1/8 2622/1/12
f 2629/1/19 2617/1/7 2619/1/9 2630/1/20
f 2620/1/10 2632/1/22 2634/1/24 2621/1/11
f 2633/1/23 2631/1/21 2630/1/20 2634/1/24
f 2623/1/13 2629/1/19 2631/1/21 2624/1/14
f 2632/1/22 2626/1/16 2628/1/18 2633/1/23
f 2627/1/17 2625/1/15 2624/1/14 2628/1/18
f 2611/1/1 2623/1/13 2625/1/15 2612/1/2
f 2626/1/16 2615/1/5 2614/1/4 2627/1/17
f 2617/1/25 2629/1/25 2623/1/25 2611/1/25
f 2613/1/26 2616/1/26 2622/1/26 2618/1/26
f 2625/1/27 2627/1/27 2614/1/27 2612/1/27
f 2632/1/28 2620/1/28 2615/1/28 2626/1/28
f 2619/1/29 2621/1/29 2634/1/29 2630/1/29
f 2631/1/30 2633/1/30 2628/1/30 2624/1/30
usemtl cream
f 129/1/1 130/1/2 131/1/3
f 132/1/4 133/1/5 134/1/6
f 135/1/7 136/1/8 137/1/9
f 138/1/10 139/1/11 140/1/12
f 141/1/13 142/1/14 143/1/15
f 144/1/16 145/1/17 146/1/18
f 147/1/19 148/1/20 149/1/21
f 150/1/22 151/1/23 152/1/24
f 135/1/7 129/1/1 131/1/3 136/1/8
f 130/1/2 132/1/4 134/1/6 131/1/3
f 133/1/5 138/1/10 140/1/12 134/1/6
f 139/1/11 137/1/9 136/1/8 140/1/12
f 147/1/19 135/1/7 137/1/9 148/1/20
f 138/1/10 150/1/22 152/1/24 139/1/11
f 151/1/23 149/1/21 148/1/20 152/1/24
f 141/1/13 147/1/19 149/1/21 142/1/14
f 150/1/22 144/1/16 146/1/18 151/1/23
f 145/1/17 143/1/15 142/1/14 146/1/18
f 129/1/1 141/1/13 143/1/15 130/1/2
f 144/1/16 133/1/5 132/1/4 145/1/17
f 135/1/25 147/1/25 141/1/25 129/1/25
f 131/1/26 134/1/26 140/1/26 136/1/26
f 143/1/27 145/1/27 132/1/27 130/1/27
f 150/1/28 138/1/28 133/1/28 144/1/28
f 137/1/29 139/1/29 152/1/29 148/1/29
f 149/1/30 151/1/30 146/1/30 142/1/30
f 1159/1/26 1160/1/26 1162/1/26 1161/1/26
f 1161/1/29 1162/1/29 1166/1/29 1165/1/29
f 1165/1/30 1166/1/30 1164/1/30 1163/1/30
f 1163/1/27 1164/1/27 1160/1/27 1159/1/27
f 1161/1/25 1165/1/25 1163/1/25 1159/1/25
f 1166/1/28 1162/1/28 1160/1/28 1164/1/28
f 1515/1/26 1516/1/26 1518/1/26 1517/1/26
f 1517/1/29 1518/1/29 1522/1/29 1521/1/29
f 1521/1/30 1522/1/30 1520/1/30 1519/1/30
f 1519/1/27 1520/1/27 1516/1/27 1515/1/27
f 1517/1/25 1521/1/25 1519/1/25 1515/1/25
f 1522/1/28 1518/1/28 1516/1/28 1520/1/28
f 1547/1/26 1548/1/26 1550/1/26 1549/1/26
f 1549/1/29 1550/1/29 1554/1/29 1553/1/29
f 1553/1/30 1554/1/30 1552/1/30 1551/1/30
f 1551/1/27 1552/1/27 1548/1/27 1547/1/27
f 1549/1/25 1553/1/25 1551/1/25 1547/1/25
f 1554/1/28 1550/1/28 1548/1/28 1552/1/28
f 1903/1/26 1904/1/26 1906/1/26 1905/1/26
f 1905/1/29 1906/1/29 1910/1/29 1909/1/29
f 1909/1/30 1910/1/30 1908/1/30 1907/1/30
f 1907/1/27 1908/1/27 1904/1/27 1903/1/27
f 1905/1/25 1909/1/25 1907/1/25 1903/1/25
f 1910/1/28 1906/1/28 1904/1/28 1908/1/28
f 1935/1/26 1936/1/26 1938/1/26 1937/1/26
f 1937/1/29 1938/1/29 1942/1/29 1941/1/29
f 1941/1/30 1942/1/30 1940/1/30 1939/1/30
f 1939/1/27 1940/1/27 1936/1/27 1935/1/27
f 1937/1/25 1941/1/25 1939/1/25 1935/1/25
f 1942/1/28 1938/1/28 1936/1/28 1940/1/28
f 2291/1/26 2292/1/26 2294/1/26 2293/1/26
f 2293/1/29 2294/1/29 2298/1/29 2297/1/29
f 2297/1/30 2298/1/30 2296/1/30 2295/1/30
f 2295/1/27 2296/1/27 2292/1/27 2291/1/27
f 2293/1/25 2297/1/25 2295/1/25 2291/1/25
f 2298/1/28 2294/1/28 2292/1/28 2296/1/28
f 2299/1/31 2302/1/32 2303/1/33 2305/1/34
f 2300/1/35 2304/1/36 2303/1/222 2302/1/38
f 2301/1/39 2305/1/40 2303/1/41 2304/1/42
f 2306/1/43 2309/1/44 2310/1/155 2312/1/46
f 2307/1/47 2311/1/48 2310/1/49 2309/1/50
f 2308/1/51 2312/1/52 2310/1/53 2311/1/54
f 2313/1/55 2316/1/56 2317/1/57 2319/1/58
f 2314/1/59 2318/1/60 2317/1/61 2316/1/62
f 2315/1/63 2319/1/64 2317/1/65 2318/1/66
f 2320/1/67 2323/1/68 2324/1/69 2326/1/70
f 2321/1/71 2325/1/72 2324/1/73 2323/1/74
f 2322/1/75 2326/1/76 2324/1/77 2325/1/78
f 2327/1/79 2330/1/80 2331/1/81 2333/1/82
f 2328/1/83 2332/1/84 2331/1/223 2330/1/86
f 2329/1/87 2333/1/88 2331/1/89 2332/1/90
f 2334/1/91 2337/1/92 2338/1/93 2340/1/94
f 2335/1/95 2339/1/96 2338/1/224 2337/1/98
f 2336/1/99 2340/1/100 2338/1/101 2339/1/102
f 2341/1/103 2344/1/104 2345/1/105 2347/1/106
f 2342/1/107 2346/1/108 2345/1/109 2344/1/110
f 2343/1/111 2347/1/112 2345/1/216 2346/1/114
f 2348/1/115 2351/1/116 2352/1/117 2354/1/118
f 2349/1/119 2353/1/120 2352/1/121 2351/1/122
f 2350/1/123 2354/1/124 2352/1/125 2353/1/126
f 2313/1/55 2299/1/31 2305/1/34 2316/1/56
f 2316/1/62 2305/1/40 2301/1/39 2314/1/59
f 2300/1/35 2306/1/43 2312/1/46 2304/1/36
f 2304/1/42 2312/1/52 2308/1/51 2301/1/39
f 2307/1/47 2320/1/67 2326/1/70 2311/1/48
f 2311/1/54 2326/1/76 2322/1/75 2308/1/51
f 2321/1/71 2315/1/63 2318/1/66 2325/1/72
f 2325/1/78 2318/1/60 2314/1/59 2322/1/75
f 2341/1/103 2313/1/55 2319/1/58 2344/1/104
f 2344/1/110 2319/1/64 2315/1/63 2342/1/107
f 2320/1/67 2348/1/115 2354/1/118 2323/1/68
f 2323/1/74 2354/1/124 2350/1/123 2321/1/71
f 2349/1/119 2343/1/111 2346/1/114 2353/1/120
f 2353/1/126 2346/1/108 2342/1/107 2350/1/123
f 2327/1/79 2341/1/103 2347/1/106 2330/1/80
f 2330/1/86 2347/1/112 2343/1/111 2328/1/83
f 2348/1/115 2334/1/91 2340/1/94 2351/1/116
f 2351/1/122 2340/1/100 2336/1/99 2349/1/119
f 2335/1/95 2329/1/87 2332/1/90 2339/1/96
f 2339/1/102 2332/1/84 2328/1/83 2336/1/99
f 2299/1/31 2327/1/79 2333/1/82 2302/1/32
f 2302/1/38 2333/1/88 2329/1/87 2300/1/35
f 2334/1/91 2307/1/47 2309/1/50 2337/1/92
f 2337/1/98 2309/1/44 2306/1/43 2335/1/95
f 2313/1/55 2341/1/103 2327/1/79 2299/1/31
f 2301/1/39 2308/1/51 2322/1/75 2314/1/59
f 2329/1/87 2335/1/95 2306/1/43 2300/1/35
f 2348/1/115 2320/1/67 2307/1/47 2334/1/91
f 2315/1/63 2321/1/71 2350/1/123 2342/1/107
f 2343/1/111 2349/1/119 2336/1/99 2328/1/83
f 2691/1/1 2692/1/2 2693/1/3
f 2694/1/4 2695/1/5 2696/1/6
f 2697/1/7 2698/1/8 2699/1/9
f 2700/1/10 2701/1/11 2702/1/12
f 2703/1/13 2704/1/14 2705/1/15
f 2706/1/16 2707/1/17 2708/1/18
f 2709/1/19 2710/1/20 2711/1/21
f 2712/1/22 2713/1/23 2714/1/24
f 2697/1/7 2691/1/1 2693/1/3 2698/1/8
f 2692/1/2 2694/1/4 2696/1/6 2693/1/3
f 2695/1/5 2700/1/10 2702/1/12 2696/1/6
f 2701/1/11 2699/1/9 2698/1/8 2702/1/12
f 2709/1/19 2697/1/7 2699/1/9 2710/1/20
f 2700/1/10 2712/1/22 2714/1/24 2701/1/11
f 2713/1/23 2711/1/21 2710/1/20 2714/1/24
f 2703/1/13 2709/1/19 2711/1/21 2704/1/14
f 2712/1/22 2706/1/16 2708/1/18 2713/1/23
f 2707/1/17 2705/1/15 2704/1/14 2708/1/18
f 2691/1/1 2703/1/13 2705/1/15 2692/1/2
f 2706/1/16 2695/1/5 2694/1/4 2707/1/17
f 2697/1/25 2709/1/25 2703/1/25 2691/1/25
f 2693/1/26 2696/1/26 2702/1/26 2698/1/26
f 2705/1/27 2707/1/27 2694/1/27 2692/1/27
f 2712/1/28 2700/1/28 2695/1/28 2706/1/28
f 2699/1/29 2701/1/29 2714/1/29 2710/1/29
f 2711/1/30 2713/1/30 2708/1/30 2704/1/30
f 3695/1/26 3696/1/26 3698/1/26 3697/1/26
f 3697/1/29 3698/1/29 3702/1/29 3701/1/29
f 3701/1/30 3702/1/30 3700/1/30 3699/1/30
f 3699/1/27 3700/1/27 3696/1/27 3695/1/27
f 3697/1/25 3701/1/25 3699/1/25 3695/1/25
f 3702/1/28 3698/1/28 3696/1/28 3700/1/28
usemtl teal_dark
f 153/1/26 154/1/26 156/1/26 155/1/26
f 155/1/29 156/1/29 160/1/29 159/1/29
f 159/1/30 160/1/30 158/1/30 157/1/30
f 157/1/27 158/1/27 154/1/27 153/1/27
f 155/1/25 159/1/25 157/1/25 153/1/25
f 160/1/28 156/1/28 154/1/28 158/1/28
f 161/1/26 162/1/26 164/1/26 163/1/26
f 163/1/29 164/1/29 168/1/29 167/1/29
f 167/1/30 168/1/30 166/1/30 165/1/30
f 165/1/27 166/1/27 162/1/27 161/1/27
f 163/1/25 167/1/25 165/1/25 161/1/25
f 168/1/28 164/1/28 162/1/28 166/1/28
f 169/1/26 170/1/26 172/1/26 171/1/26
f 171/1/29 172/1/29 176/1/29 175/1/29
f 175/1/30 176/1/30 174/1/30 173/1/30
f 173/1/27 174/1/27 170/1/27 169/1/27
f 171/1/25 175/1/25 173/1/25 169/1/25
f 176/1/28 172/1/28 170/1/28 174/1/28
f 177/1/26 178/1/26 180/1/26 179/1/26
f 179/1/29 180/1/29 184/1/29 183/1/29
f 183/1/30 184/1/30 182/1/30 181/1/30
f 181/1/27 182/1/27 178/1/27 177/1/27
f 179/1/25 183/1/25 181/1/25 177/1/25
f 184/1/28 180/1/28 178/1/28 182/1/28
f 185/1/26 186/1/26 188/1/26 187/1/26
f 187/1/29 188/1/29 192/1/29 191/1/29
f 191/1/30 192/1/30 190/1/30 189/1/30
f 189/1/27 190/1/27 186/1/27 185/1/27
f 187/1/25 191/1/25 189/1/25 185/1/25
f 192/1/28 188/1/28 186/1/28 190/1/28
f 193/1/26 194/1/26 196/1/26 195/1/26
f 195/1/29 196/1/29 200/1/29 199/1/29
f 199/1/30 200/1/30 198/1/30 197/1/30
f 197/1/27 198/1/27 194/1/27 193/1/27
f 195/1/25 199/1/25 197/1/25 193/1/25
f 200/1/28 196/1/28 194/1/28 198/1/28
f 201/1/26 202/1/26 204/1/26 203/1/26
f 203/1/29 204/1/29 208/1/29 207/1/29
f 207/1/30 208/1/30 206/1/30 205/1/30
f 205/1/27 206/1/27 202/1/27 201/1/27
f 203/1/25 207/1/25 205/1/25 201/1/25
f 208/1/28 204/1/28 202/1/28 206/1/28
f 209/1/26 210/1/26 212/1/26 211/1/26
f 211/1/29 212/1/29 216/1/29 215/1/29
f 215/1/30 216/1/30 214/1/30 213/1/30
f 213/1/27 214/1/27 210/1/27 209/1/27
f 211/1/25 215/1/25 213/1/25 209/1/25
f 216/1/28 212/1/28 210/1/28 214/1/28
f 217/1/26 218/1/26 220/1/26 219/1/26
f 219/1/29 220/1/29 224/1/29 223/1/29
f 223/1/30 224/1/30 222/1/30 221/1/30
f 221/1/27 222/1/27 218/1/27 217/1/27
f 219/1/25 223/1/25 221/1/25 217/1/25
f 224/1/28 220/1/28 218/1/28 222/1/28
f 225/1/26 226/1/26 228/1/26 227/1/26
f 227/1/29 228/1/29 232/1/29 231/1/29
f 231/1/30 232/1/30 230/1/30 229/1/30
f 229/1/27 230/1/27 226/1/27 225/1/27
f 227/1/25 231/1/25 229/1/25 225/1/25
f 232/1/28 228/1/28 226/1/28 230/1/28
f 233/1/26 234/1/26 236/1/26 235/1/26
f 235/1/29 236/1/29 240/1/29 239/1/29
f 239/1/30 240/1/30 238/1/30 237/1/30
f 237/1/27 238/1/27 234/1/27 233/1/27
f 235/1/25 239/1/25 237/1/25 233/1/25
f 240/1/28 236/1/28 234/1/28 238/1/28
f 241/1/26 242/1/26 244/1/26 243/1/26
f 243/1/29 244/1/29 248/1/29 247/1/29
f 247/1/30 248/1/30 246/1/30 245/1/30
f 245/1/27 246/1/27 242/1/27 241/1/27
f 243/1/25 247/1/25 245/1/25 241/1/25
f 248/1/28 244/1/28 242/1/28 246/1/28
f 249/1/26 250/1/26 252/1/26 251/1/26
f 251/1/29 252/1/29 256/1/29 255/1/29
f 255/1/30 256/1/30 254/1/30 253/1/30
f 253/1/27 254/1/27 250/1/27 249/1/27
f 251/1/25 255/1/25 253/1/25 249/1/25
f 256/1/28 252/1/28 250/1/28 254/1/28
f 257/1/26 258/1/26 260/1/26 259/1/26
f 259/1/29 260/1/29 264/1/29 263/1/29
f 263/1/30 264/1/30 262/1/30 261/1/30
f 261/1/27 262/1/27 258/1/27 257/1/27
f 259/1/25 263/1/25 261/1/25 257/1/25
f 264/1/28 260/1/28 258/1/28 262/1/28
f 265/1/26 266/1/26 268/1/26 267/1/26
f 267/1/29 268/1/29 272/1/29 271/1/29
f 271/1/30 272/1/30 270/1/30 269/1/30
f 269/1/27 270/1/27 266/1/27 265/1/27
f 267/1/25 271/1/25 269/1/25 265/1/25
f 272/1/28 268/1/28 266/1/28 270/1/28
f 273/1/26 274/1/26 276/1/26 275/1/26
f 275/1/29 276/1/29 280/1/29 279/1/29
f 279/1/30 280/1/30 278/1/30 277/1/30
f 277/1/27 278/1/27 274/1/27 273/1/27
f 275/1/25 279/1/25 277/1/25 273/1/25
f 280/1/28 276/1/28 274/1/28 278/1/28
f 281/1/26 282/1/26 284/1/26 283/1/26
f 283/1/29 284/1/29 288/1/29 287/1/29
f 287/1/30 288/1/30 286/1/30 285/1/30
f 285/1/27 286/1/27 282/1/27 281/1/27
f 283/1/25 287/1/25 285/1/25 281/1/25
f 288/1/28 284/1/28 282/1/28 286/1/28
f 289/1/26 290/1/26 292/1/26 291/1/26
f 291/1/29 292/1/29 296/1/29 295/1/29
f 295/1/30 296/1/30 294/1/30 293/1/30
f 293/1/27 294/1/27 290/1/27 289/1/27
f 291/1/25 295/1/25 293/1/25 289/1/25
f 296/1/28 292/1/28 290/1/28 294/1/28
f 297/1/26 298/1/26 300/1/26 299/1/26
f 299/1/29 300/1/29 304/1/29 303/1/29
f 303/1/30 304/1/30 302/1/30 301/1/30
f 301/1/27 302/1/27 298/1/27 297/1/27
f 299/1/25 303/1/25 301/1/25 297/1/25
f 304/1/28 300/1/28 298/1/28 302/1/28
f 305/1/26 306/1/26 308/1/26 307/1/26
f 307/1/29 308/1/29 312/1/29 311/1/29
f 311/1/30 312/1/30 310/1/30 309/1/30
f 309/1/27 310/1/27 306/1/27 305/1/27
f 307/1/25 311/1/25 309/1/25 305/1/25
f 312/1/28 308/1/28 306/1/28 310/1/28
f 313/1/26 314/1/26 316/1/26 315/1/26
f 315/1/29 316/1/29 320/1/29 319/1/29
f 319/1/30 320/1/30 318/1/30 317/1/30
f 317/1/27 318/1/27 314/1/27 313/1/27
f 315/1/25 319/1/25 317/1/25 313/1/25
f 320/1/28 316/1/28 314/1/28 318/1/28
f 321/1/26 322/1/26 324/1/26 323/1/26
f 323/1/29 324/1/29 328/1/29 327/1/29
f 327/1/30 328/1/30 326/1/30 325/1/30
f 325/1/27 326/1/27 322/1/27 321/1/27
f 323/1/25 327/1/25 325/1/25 321/1/25
f 328/1/28 324/1/28 322/1/28 326/1/28
f 329/1/26 330/1/26 332/1/26 331/1/26
f 331/1/29 332/1/29 336/1/29 335/1/29
f 335/1/30 336/1/30 334/1/30 333/1/30
f 333/1/27 334/1/27 330/1/27 329/1/27
f 331/1/25 335/1/25 333/1/25 329/1/25
f 336/1/28 332/1/28 330/1/28 334/1/28
f 337/1/26 338/1/26 340/1/26 339/1/26
f 339/1/29 340/1/29 344/1/29 343/1/29
f 343/1/30 344/1/30 342/1/30 341/1/30
f 341/1/27 342/1/27 338/1/27 337/1/27
f 339/1/25 343/1/25 341/1/25 337/1/25
f 344/1/28 340/1/28 338/1/28 342/1/28
f 345/1/26 346/1/26 348/1/26 347/1/26
f 347/1/29 348/1/29 352/1/29 351/1/29
f 351/1/30 352/1/30 350/1/30 349/1/30
f 349/1/27 350/1/27 346/1/27 345/1/27
f 347/1/25 351/1/25 349/1/25 345/1/25
f 352/1/28 348/1/28 346/1/28 350/1/28
f 353/1/26 354/1/26 356/1/26 355/1/26
f 355/1/29 356/1/29 360/1/29 359/1/29
f 359/1/30 360/1/30 358/1/30 357/1/30
f 357/1/27 358/1/27 354/1/27 353/1/27
f 355/1/25 359/1/25 357/1/25 353/1/25
f 360/1/28 356/1/28 354/1/28 358/1/28
f 361/1/26 362/1/26 364/1/26 363/1/26
f 363/1/29 364/1/29 368/1/29 367/1/29
f 367/1/30 368/1/30 366/1/30 365/1/30
f 365/1/27 366/1/27 362/1/27 361/1/27
f 363/1/25 367/1/25 365/1/25 361/1/25
f 368/1/28 364/1/28 362/1/28 366/1/28
f 369/1/26 370/1/26 372/1/26 371/1/26
f 371/1/29 372/1/29 376/1/29 375/1/29
f 375/1/30 376/1/30 374/1/30 373/1/30
f 373/1/27 374/1/27 370/1/27 369/1/27
f 371/1/25 375/1/25 373/1/25 369/1/25
f 376/1/28 372/1/28 370/1/28 374/1/28
f 377/1/26 378/1/26 380/1/26 379/1/26
f 379/1/29 380/1/29 384/1/29 383/1/29
f 383/1/30 384/1/30 382/1/30 381/1/30
f 381/1/27 382/1/27 378/1/27 377/1/27
f 379/1/25 383/1/25 381/1/25 377/1/25
f 384/1/28 380/1/28 378/1/28 382/1/28
f 385/1/26 386/1/26 388/1/26 387/1/26
f 387/1/29 388/1/29 392/1/29 391/1/29
f 391/1/30 392/1/30 390/1/30 389/1/30
f 389/1/27 390/1/27 386/1/27 385/1/27
f 387/1/25 391/1/25 389/1/25 385/1/25
f 392/1/28 388/1/28 386/1/28 390/1/28
f 393/1/26 394/1/26 396/1/26 395/1/26
f 395/1/29 396/1/29 400/1/29 399/1/29
f 399/1/30 400/1/30 398/1/30 397/1/30
f 397/1/27 398/1/27 394/1/27 393/1/27
f 395/1/25 399/1/25 397/1/25 393/1/25
f 400/1/28 396/1/28 394/1/28 398/1/28
f 401/1/26 402/1/26 404/1/26 403/1/26
f 403/1/29 404/1/29 408/1/29 407/1/29
f 407/1/30 408/1/30 406/1/30 405/1/30
f 405/1/27 406/1/27 402/1/27 401/1/27
f 403/1/25 407/1/25 405/1/25 401/1/25
f 408/1/28 404/1/28 402/1/28 406/1/28
f 409/1/26 410/1/26 412/1/26 411/1/26
f 411/1/29 412/1/29 416/1/29 415/1/29
f 415/1/30 416/1/30 414/1/30 413/1/30
f 413/1/27 414/1/27 410/1/27 409/1/27
f 411/1/25 415/1/25 413/1/25 409/1/25
f 416/1/28 412/1/28 410/1/28 414/1/28
f 417/1/26 418/1/26 420/1/26 419/1/26
f 419/1/29 420/1/29 424/1/29 423/1/29
f 423/1/30 424/1/30 422/1/30 421/1/30
f 421/1/27 422/1/27 418/1/27 417/1/27
f 419/1/25 423/1/25 421/1/25 417/1/25
f 424/1/28 420/1/28 418/1/28 422/1/28
f 425/1/26 426/1/26 428/1/26 427/1/26
f 427/1/29 428/1/29 432/1/29 431/1/29
f 431/1/30 432/1/30 430/1/30 429/1/30
f 429/1/27 430/1/27 426/1/27 425/1/27
f 427/1/25 431/1/25 429/1/25 425/1/25
f 432/1/28 428/1/28 426/1/28 430/1/28
f 433/1/26 434/1/26 436/1/26 435/1/26
f 435/1/29 436/1/29 440/1/29 439/1/29
f 439/1/30 440/1/30 438/1/30 437/1/30
f 437/1/27 438/1/27 434/1/27 433/1/27
f 435/1/25 439/1/25 437/1/25 433/1/25
f 440/1/28 436/1/28 434/1/28 438/1/28
f 441/1/26 442/1/26 444/1/26 443/1/26
f 443/1/29 444/1/29 448/1/29 447/1/29
f 447/1/30 448/1/30 446/1/30 445/1/30
f 445/1/27 446/1/27 442/1/27 441/1/27
f 443/1/25 447/1/25 445/1/25 441/1/25
f 448/1/28 444/1/28 442/1/28 446/1/28
f 449/1/26 450/1/26 452/1/26 451/1/26
f 451/1/29 452/1/29 456/1/29 455/1/29
f 455/1/30 456/1/30 454/1/30 453/1/30
f 453/1/27 454/1/27 450/1/27 449/1/27
f 451/1/25 455/1/25 453/1/25 449/1/25
f 456/1/28 452/1/28 450/1/28 454/1/28
f 457/1/26 458/1/26 460/1/26 459/1/26
f 459/1/29 460/1/29 464/1/29 463/1/29
f 463/1/30 464/1/30 462/1/30 461/1/30
f 461/1/27 462/1/27 458/1/27 457/1/27
f 459/1/25 463/1/25 461/1/25 457/1/25
f 464/1/28 460/1/28 458/1/28 462/1/28
f 465/1/26 466/1/26 468/1/26 467/1/26
f 467/1/29 468/1/29 472/1/29 471/1/29
f 471/1/30 472/1/30 470/1/30 469/1/30
f 469/1/27 470/1/27 466/1/27 465/1/27
f 467/1/25 471/1/25 469/1/25 465/1/25
f 472/1/28 468/1/28 466/1/28 470/1/28
f 473/1/26 474/1/26 476/1/26 475/1/26
f 475/1/29 476/1/29 480/1/29 479/1/29
f 479/1/30 480/1/30 478/1/30 477/1/30
f 477/1/27 478/1/27 474/1/27 473/1/27
f 475/1/25 479/1/25 477/1/25 473/1/25
f 480/1/28 476/1/28 474/1/28 478/1/28
f 481/1/26 482/1/26 484/1/26 483/1/26
f 483/1/29 484/1/29 488/1/29 487/1/29
f 487/1/30 488/1/30 486/1/30 485/1/30
f 485/1/27 486/1/27 482/1/27 481/1/27
f 483/1/25 487/1/25 485/1/25 481/1/25
f 488/1/28 484/1/28 482/1/28 486/1/28
f 489/1/26 490/1/26 492/1/26 491/1/26
f 491/1/29 492/1/29 496/1/29 495/1/29
f 495/1/30 496/1/30 494/1/30 493/1/30
f 493/1/27 494/1/27 490/1/27 489/1/27
f 491/1/25 495/1/25 493/1/25 489/1/25
f 496/1/28 492/1/28 490/1/28 494/1/28
f 497/1/26 498/1/26 500/1/26 499/1/26
f 499/1/29 500/1/29 504/1/29 503/1/29
f 503/1/30 504/1/30 502/1/30 501/1/30
f 501/1/27 502/1/27 498/1/27 497/1/27
f 499/1/25 503/1/25 501/1/25 497/1/25
f 504/1/28 500/1/28 498/1/28 502/1/28
f 505/1/26 506/1/26 508/1/26 507/1/26
f 507/1/29 508/1/29 512/1/29 511/1/29
f 511/1/30 512/1/30 510/1/30 509/1/30
f 509/1/27 510/1/27 506/1/27 505/1/27
f 507/1/25 511/1/25 509/1/25 505/1/25
f 512/1/28 508/1/28 506/1/28 510/1/28
f 513/1/26 514/1/26 516/1/26 515/1/26
f 515/1/29 516/1/29 520/1/29 519/1/29
f 519/1/30 520/1/30 518/1/30 517/1/30
f 517/1/27 518/1/27 514/1/27 513/1/27
f 515/1/25 519/1/25 517/1/25 513/1/25
f 520/1/28 516/1/28 514/1/28 518/1/28
f 521/1/26 522/1/26 524/1/26 523/1/26
f 523/1/29 524/1/29 528/1/29 527/1/29
f 527/1/30 528/1/30 526/1/30 525/1/30
f 525/1/27 526/1/27 522/1/27 521/1/27
f 523/1/25 527/1/25 525/1/25 521/1/25
f 528/1/28 524/1/28 522/1/28 526/1/28
f 529/1/26 530/1/26 532/1/26 531/1/26
f 531/1/29 532/1/29 536/1/29 535/1/29
f 535/1/30 536/1/30 534/1/30 533/1/30
f 533/1/27 534/1/27 530/1/27 529/1/27
f 531/1/25 535/1/25 533/1/25 529/1/25
f 536/1/28 532/1/28 530/1/28 534/1/28
f 537/1/26 538/1/26 540/1/26 539/1/26
f 539/1/29 540/1/29 544/1/29 543/1/29
f 543/1/30 544/1/30 542/1/30 541/1/30
f 541/1/27 542/1/27 538/1/27 537/1/27
f 539/1/25 543/1/25 541/1/25 537/1/25
f 544/1/28 540/1/28 538/1/28 542/1/28
f 545/1/26 546/1/26 548/1/26 547/1/26
f 547/1/29 548/1/29 552/1/29 551/1/29
f 551/1/30 552/1/30 550/1/30 549/1/30
f 549/1/27 550/1/27 546/1/27 545/1/27
f 547/1/25 551/1/25 549/1/25 545/1/25
f 552/1/28 548/1/28 546/1/28 550/1/28
f 553/1/26 554/1/26 556/1/26 555/1/26
f 555/1/29 556/1/29 560/1/29 559/1/29
f 559/1/30 560/1/30 558/1/30 557/1/30
f 557/1/27 558/1/27 554/1/27 553/1/27
f 555/1/25 559/1/25 557/1/25 553/1/25
f 560/1/28 556/1/28 554/1/28 558/1/28
f 561/1/26 562/1/26 564/1/26 563/1/26
f 563/1/29 564/1/29 568/1/29 567/1/29
f 567/1/30 568/1/30 566/1/30 565/1/30
f 565/1/27 566/1/27 562/1/27 561/1/27
f 563/1/25 567/1/25 565/1/25 561/1/25
f 568/1/28 564/1/28 562/1/28 566/1/28
f 569/1/26 570/1/26 572/1/26 571/1/26
f 571/1/29 572/1/29 576/1/29 575/1/29
f 575/1/30 576/1/30 574/1/30 573/1/30
f 573/1/27 574/1/27 570/1/27 569/1/27
f 571/1/25 575/1/25 573/1/25 569/1/25
f 576/1/28 572/1/28 570/1/28 574/1/28
f 577/1/26 578/1/26 580/1/26 579/1/26
f 579/1/29 580/1/29 584/1/29 583/1/29
f 583/1/30 584/1/30 582/1/30 581/1/30
f 581/1/27 582/1/27 578/1/27 577/1/27
f 579/1/25 583/1/25 581/1/25 577/1/25
f 584/1/28 580/1/28 578/1/28 582/1/28
f 585/1/26 586/1/26 588/1/26 587/1/26
f 587/1/29 588/1/29 592/1/29 591/1/29
f 591/1/30 592/1/30 590/1/30 589/1/30
f 589/1/27 590/1/27 586/1/27 585/1/27
f 587/1/25 591/1/25 589/1/25 585/1/25
f 592/1/28 588/1/28 586/1/28 590/1/28
f 593/1/26 594/1/26 596/1/26 595/1/26
f 595/1/29 596/1/29 600/1/29 599/1/29
f 599/1/30 600/1/30 598/1/30 597/1/30
f 597/1/27 598/1/27 594/1/27 593/1/27
f 595/1/25 599/1/25 597/1/25 593/1/25
f 600/1/28 596/1/28 594/1/28 598/1/28
f 601/1/26 602/1/26 604/1/26 603/1/26
f 603/1/29 604/1/29 608/1/29 607/1/29
f 607/1/30 608/1/30 606/1/30 605/1/30
f 605/1/27 606/1/27 602/1/27 601/1/27
f 603/1/25 607/1/25 605/1/25 601/1/25
f 608/1/28 604/1/28 602/1/28 606/1/28
f 609/1/26 610/1/26 612/1/26 611/1/26
f 611/1/29 612/1/29 616/1/29 615/1/29
f 615/1/30 616/1/30 614/1/30 613/1/30
f 613/1/27 614/1/27 610/1/27 609/1/27
f 611/1/25 615/1/25 613/1/25 609/1/25
f 616/1/28 612/1/28 610/1/28 614/1/28
f 617/1/26 618/1/26 620/1/26 619/1/26
f 619/1/29 620/1/29 624/1/29 623/1/29
f 623/1/30 624/1/30 622/1/30 621/1/30
f 621/1/27 622/1/27 618/1/27 617/1/27
f 619/1/25 623/1/25 621/1/25 617/1/25
f 624/1/28 620/1/28 618/1/28 622/1/28
f 625/1/26 626/1/26 628/1/26 627/1/26
f 627/1/29 628/1/29 632/1/29 631/1/29
f 631/1/30 632/1/30 630/1/30 629/1/30
f 629/1/27 630/1/27 626/1/27 625/1/27
f 627/1/25 631/1/25 629/1/25 625/1/25
f 632/1/28 628/1/28 626/1/28 630/1/28
f 633/1/26 634/1/26 636/1/26 635/1/26
f 635/1/29 636/1/29 640/1/29 639/1/29
f 639/1/30 640/1/30 638/1/30 637/1/30
f 637/1/27 638/1/27 634/1/27 633/1/27
f 635/1/25 639/1/25 637/1/25 633/1/25
f 640/1/28 636/1/28 634/1/28 638/1/28
f 641/1/26 642/1/26 644/1/26 643/1/26
f 643/1/29 644/1/29 648/1/29 647/1/29
f 647/1/30 648/1/30 646/1/30 645/1/30
f 645/1/27 646/1/27 642/1/27 641/1/27
f 643/1/25 647/1/25 645/1/25 641/1/25
f 648/1/28 644/1/28 642/1/28 646/1/28
f 649/1/26 650/1/26 652/1/26 651/1/26
f 651/1/29 652/1/29 656/1/29 655/1/29
f 655/1/30 656/1/30 654/1/30 653/1/30
f 653/1/27 654/1/27 650/1/27 649/1/27
f 651/1/25 655/1/25 653/1/25 649/1/25
f 656/1/28 652/1/28 650/1/28 654/1/28
f 657/1/26 658/1/26 660/1/26 659/1/26
f 659/1/29 660/1/29 664/1/29 663/1/29
f 663/1/30 664/1/30 662/1/30 661/1/30
f 661/1/27 662/1/27 658/1/27 657/1/27
f 659/1/25 663/1/25 661/1/25 657/1/25
f 664/1/28 660/1/28 658/1/28 662/1/28
f 665/1/26 666/1/26 668/1/26 667/1/26
f 667/1/29 668/1/29 672/1/29 671/1/29
f 671/1/30 672/1/30 670/1/30 669/1/30
f 669/1/27 670/1/27 666/1/27 665/1/27
f 667/1/25 671/1/25 669/1/25 665/1/25
f 672/1/28 668/1/28 666/1/28 670/1/28
f 673/1/26 674/1/26 676/1/26 675/1/26
f 675/1/29 676/1/29 680/1/29 679/1/29
f 679/1/30 680/1/30 678/1/30 677/1/30
f 677/1/27 678/1/27 674/1/27 673/1/27
f 675/1/25 679/1/25 677/1/25 673/1/25
f 680/1/28 676/1/28 674/1/28 678/1/28
f 681/1/26 682/1/26 684/1/26 683/1/26
f 683/1/29 684/1/29 688/1/29 687/1/29
f 687/1/30 688/1/30 686/1/30 685/1/30
f 685/1/27 686/1/27 682/1/27 681/1/27
f 683/1/25 687/1/25 685/1/25 681/1/25
f 688/1/28 684/1/28 682/1/28 686/1/28
f 689/1/26 690/1/26 692/1/26 691/1/26
f 691/1/29 692/1/29 696/1/29 695/1/29
f 695/1/30 696/1/30 694/1/30 693/1/30
f 693/1/27 694/1/27 690/1/27 689/1/27
f 691/1/25 695/1/25 693/1/25 689/1/25
f 696/1/28 692/1/28 690/1/28 694/1/28
f 697/1/26 698/1/26 700/1/26 699/1/26
f 699/1/29 700/1/29 704/1/29 703/1/29
f 703/1/30 704/1/30 702/1/30 701/1/30
f 701/1/27 702/1/27 698/1/27 697/1/27
f 699/1/25 703/1/25 701/1/25 697/1/25
f 704/1/28 700/1/28 698/1/28 702/1/28
f 705/1/26 706/1/26 708/1/26 707/1/26
f 707/1/29 708/1/29 712/1/29 711/1/29
f 711/1/30 712/1/30 710/1/30 709/1/30
f 709/1/27 710/1/27 706/1/27 705/1/27
f 707/1/25 711/1/25 709/1/25 705/1/25
f 712/1/28 708/1/28 706/1/28 710/1/28
f 713/1/26 714/1/26 716/1/26 715/1/26
f 715/1/29 716/1/29 720/1/29 719/1/29
f 719/1/30 720/1/30 718/1/30 717/1/30
f 717/1/27 718/1/27 714/1/27 713/1/27
f 715/1/25 719/1/25 717/1/25 713/1/25
f 720/1/28 716/1/28 714/1/28 718/1/28
f 721/1/26 722/1/26 724/1/26 723/1/26
f 723/1/29 724/1/29 728/1/29 727/1/29
f 727/1/30 728/1/30 726/1/30 725/1/30
f 725/1/27 726/1/27 722/1/27 721/1/27
f 723/1/25 727/1/25 725/1/25 721/1/25
f 728/1/28 724/1/28 722/1/28 726/1/28
f 729/1/26 730/1/26 732/1/26 731/1/26
f 731/1/29 732/1/29 736/1/29 735/1/29
f 735/1/30 736/1/30 734/1/30 733/1/30
f 733/1/27 734/1/27 730/1/27 729/1/27
f 731/1/25 735/1/25 733/1/25 729/1/25
f 736/1/28 732/1/28 730/1/28 734/1/28
f 737/1/26 738/1/26 740/1/26 739/1/26
f 739/1/29 740/1/29 744/1/29 743/1/29
f 743/1/30 744/1/30 742/1/30 741/1/30
f 741/1/27 742/1/27 738/1/27 737/1/27
f 739/1/25 743/1/25 741/1/25 737/1/25
f 744/1/28 740/1/28 738/1/28 742/1/28
f 745/1/26 746/1/26 748/1/26 747/1/26
f 747/1/29 748/1/29 752/1/29 751/1/29
f 751/1/30 752/1/30 750/1/30 749/1/30
f 749/1/27 750/1/27 746/1/27 745/1/27
f 747/1/25 751/1/25 749/1/25 745/1/25
f 752/1/28 748/1/28 746/1/28 750/1/28
f 753/1/26 754/1/26 756/1/26 755/1/26
f 755/1/29 756/1/29 760/1/29 759/1/29
f 759/1/30 760/1/30 758/1/30 757/1/30
f 757/1/27 758/1/27 754/1/27 753/1/27
f 755/1/25 759/1/25 757/1/25 753/1/25
f 760/1/28 756/1/28 754/1/28 758/1/28
f 761/1/26 762/1/26 764/1/26 763/1/26
f 763/1/29 764/1/29 768/1/29 767/1/29
f 767/1/30 768/1/30 766/1/30 765/1/30
f 765/1/27 766/1/27 762/1/27 761/1/27
f 763/1/25 767/1/25 765/1/25 761/1/25
f 768/1/28 764/1/28 762/1/28 766/1/28
f 769/1/26 770/1/26 772/1/26 771/1/26
f 771/1/29 772/1/29 776/1/29 775/1/29
f 775/1/30 776/1/30 774/1/30 773/1/30
f 773/1/27 774/1/27 770/1/27 769/1/27
f 771/1/25 775/1/25 773/1/25 769/1/25
f 776/1/28 772/1/28 770/1/28 774/1/28
f 777/1/26 778/1/26 780/1/26 779/1/26
f 779/1/29 780/1/29 784/1/29 783/1/29
f 783/1/30 784/1/30 782/1/30 781/1/30
f 781/1/27 782/1/27 778/1/27 777/1/27
f 779/1/25 783/1/25 781/1/25 777/1/25
f 784/1/28 780/1/28 778/1/28 782/1/28
f 785/1/26 786/1/26 788/1/26 787/1/26
f 787/1/29 788/1/29 792/1/29 791/1/29
f 791/1/30 792/1/30 790/1/30 789/1/30
f 789/1/27 790/1/27 786/1/27 785/1/27
f 787/1/25 791/1/25 789/1/25 785/1/25
f 792/1/28 788/1/28 786/1/28 790/1/28
f 793/1/26 794/1/26 796/1/26 795/1/26
f 795/1/29 796/1/29 800/1/29 799/1/29
f 799/1/30 800/1/30 798/1/30 797/1/30
f 797/1/27 798/1/27 794/1/27 793/1/27
f 795/1/25 799/1/25 797/1/25 793/1/25
f 800/1/28 796/1/28 794/1/28 798/1/28
f 801/1/26 802/1/26 804/1/26 803/1/26
f 803/1/29 804/1/29 808/1/29 807/1/29
f 807/1/30 808/1/30 806/1/30 805/1/30
f 805/1/27 806/1/27 802/1/27 801/1/27
f 803/1/25 807/1/25 805/1/25 801/1/25
f 808/1/28 804/1/28 802/1/28 806/1/28
f 809/1/26 810/1/26 812/1/26 811/1/26
f 811/1/29 812/1/29 816/1/29 815/1/29
f 815/1/30 816/1/30 814/1/30 813/1/30
f 813/1/27 814/1/27 810/1/27 809/1/27
f 811/1/25 815/1/25 813/1/25 809/1/25
f 816/1/28 812/1/28 810/1/28 814/1/28
f 817/1/26 818/1/26 820/1/26 819/1/26
f 819/1/29 820/1/29 824/1/29 823/1/29
f 823/1/30 824/1/30 822/1/30 821/1/30
f 821/1/27 822/1/27 818/1/27 817/1/27
f 819/1/25 823/1/25 821/1/25 817/1/25
f 824/1/28 820/1/28 818/1/28 822/1/28
f 825/1/26 826/1/26 828/1/26 827/1/26
f 827/1/29 828/1/29 832/1/29 831/1/29
f 831/1/30 832/1/30 830/1/30 829/1/30
f 829/1/27 830/1/27 826/1/27 825/1/27
f 827/1/25 831/1/25 829/1/25 825/1/25
f 832/1/28 828/1/28 826/1/28 830/1/28
f 833/1/26 834/1/26 836/1/26 835/1/26
f 835/1/29 836/1/29 840/1/29 839/1/29
f 839/1/30 840/1/30 838/1/30 837/1/30
f 837/1/27 838/1/27 834/1/27 833/1/27
f 835/1/25 839/1/25 837/1/25 833/1/25
f 840/1/28 836/1/28 834/1/28 838/1/28
usemtl black
f 871/1/29 872/1/29 876/1/29 875/1/29
f 875/1/30 876/1/30 874/1/30 873/1/30
f 873/1/27 874/1/27 870/1/27 869/1/27
f 871/1/25 875/1/25 873/1/25 869/1/25
f 876/1/28 872/1/28 870/1/28 874/1/28
f 879/1/29 880/1/29 884/1/29 883/1/29
f 883/1/30 884/1/30 882/1/30 881/1/30
f 881/1/27 882/1/27 878/1/27 877/1/27
f 879/1/25 883/1/25 881/1/25 877/1/25
f 884/1/28 880/1/28 878/1/28 882/1/28
f 887/1/29 888/1/29 892/1/29 891/1/29
f 891/1/30 892/1/30 890/1/30 889/1/30
f 889/1/27 890/1/27 886/1/27 885/1/27
f 887/1/25 891/1/25 889/1/25 885/1/25
f 892/1/28 888/1/28 886/1/28 890/1/28
f 895/1/29 896/1/29 900/1/29 899/1/29
f 899/1/30 900/1/30 898/1/30 897/1/30
f 897/1/27 898/1/27 893/1/27 894/1/27
f 895/1/25 899/1/25 897/1/25 894/1/25
f 900/1/28 896/1/28 893/1/28 898/1/28
f 901/1/26 902/1/26 904/1/26 903/1/26
f 903/1/29 904/1/29 908/1/29 907/1/29
f 907/1/30 908/1/30 906/1/30 905/1/30
f 905/1/27 906/1/27 902/1/27 901/1/27
f 903/1/25 907/1/25 905/1/25 901/1/25
f 908/1/28 904/1/28 902/1/28 906/1/28
f 911/1/29 912/1/29 916/1/29 915/1/29
f 915/1/30 916/1/30 914/1/30 913/1/30
f 913/1/27 914/1/27 910/1/27 909/1/27
f 911/1/25 915/1/25 913/1/25 909/1/25
f 916/1/28 912/1/28 910/1/28 914/1/28
f 919/1/29 920/1/29 924/1/29 923/1/29
f 923/1/30 924/1/30 922/1/30 921/1/30
f 921/1/27 922/1/27 918/1/27 917/1/27
f 919/1/25 923/1/25 921/1/25 917/1/25
f 924/1/28 920/1/28 918/1/28 922/1/28
f 927/1/29 928/1/29 932/1/29 931/1/29
f 931/1/30 932/1/30 930/1/30 929/1/30
f 929/1/27 930/1/27 926/1/27 925/1/27
f 927/1/25 931/1/25 929/1/25 925/1/25
f 932/1/28 928/1/28 926/1/28 930/1/28
f 935/1/29 936/1/29 940/1/29 939/1/29
f 937/1/27 938/1/27 934/1/27 933/1/27
f 935/1/25 939/1/25 937/1/25 933/1/25
f 940/1/28 936/1/28 934/1/28 938/1/28
f 943/1/29 944/1/29 948/1/29 947/1/29
f 945/1/27 946/1/27 942/1/27 941/1/27
f 943/1/25 947/1/25 945/1/25 941/1/25
f 948/1/28 944/1/28 942/1/28 946/1/28
f 951/1/29 952/1/29 956/1/29 955/1/29
f 955/1/30 956/1/30 954/1/30 953/1/30
f 953/1/27 954/1/27 950/1/27 949/1/27
f 951/1/25 955/1/25 953/1/25 949/1/25
f 956/1/28 952/1/28 950/1/28 954/1/28
f 959/1/29 960/1/29 964/1/29 963/1/29
f 963/1/30 964/1/30 962/1/30 961/1/30
f 961/1/27 962/1/27 958/1/27 957/1/27
f 959/1/25 963/1/25 961/1/25 957/1/25
f 964/1/28 960/1/28 958/1/28 962/1/28
f 967/1/29 968/1/29 972/1/29 971/1/29
f 971/1/30 972/1/30 970/1/30 969/1/30
f 969/1/27 970/1/27 966/1/27 965/1/27
f 967/1/25 971/1/25 969/1/25 965/1/25
f 972/1/28 968/1/28 966/1/28 970/1/28
f 1311/1/1 1312/1/2 1313/1/3
f 1314/1/4 1315/1/5 1316/1/6
f 1317/1/7 1318/1/8 1319/1/9
f 1320/1/10 1321/1/11 1322/1/12
f 1323/1/13 1324/1/14 1325/1/15
f 1326/1/16 1327/1/17 1328/1/18
f 1329/1/19 1330/1/20 1331/1/21
f 1332/1/22 1333/1/23 1334/1/24
f 1317/1/7 1311/1/1 1313/1/3 1318/1/8
f 1312/1/2 1314/1/4 1316/1/6 1313/1/3
f 1315/1/5 1320/1/10 1322/1/12 1316/1/6
f 1321/1/11 1319/1/9 1318/1/8 1322/1/12
f 1329/1/19 1317/1/7 1319/1/9 1330/1/20
f 1320/1/10 1332/1/22 1334/1/24 1321/1/11
f 1333/1/23 1331/1/21 1330/1/20 1334/1/24
f 1323/1/13 1329/1/19 1331/1/21 1324/1/14
f 1332/1/22 1326/1/16 1328/1/18 1333/1/23
f 1327/1/17 1325/1/15 1324/1/14 1328/1/18
f 1311/1/1 1323/1/13 1325/1/15 1312/1/2
f 1326/1/16 1315/1/5 1314/1/4 1327/1/17
f 1317/1/25 1329/1/25 1323/1/25 1311/1/25
f 1313/1/26 1316/1/26 1322/1/26 1318/1/26
f 1325/1/27 1327/1/27 1314/1/27 1312/1/27
f 1332/1/28 1320/1/28 1315/1/28 1326/1/28
f 1319/1/29 1321/1/29 1334/1/29 1330/1/29
f 1331/1/30 1333/1/30 1328/1/30 1324/1/30
f 1335/1/1 1336/1/2 1337/1/3
f 1338/1/4 1339/1/5 1340/1/6
f 1341/1/7 1342/1/8 1343/1/9
f 1344/1/10 1345/1/11 1346/1/12
f 1347/1/13 1348/1/14 1349/1/15
f 1350/1/16 1351/1/17 1352/1/18
f 1353/1/19 1354/1/20 1355/1/21
f 1356/1/22 1357/1/23 1358/1/24
f 1341/1/7 1335/1/1 1337/1/3 1342/1/8
f 1336/1/2 1338/1/4 1340/1/6 1337/1/3
f 1339/1/5 1344/1/10 1346/1/12 1340/1/6
f 1345/1/11 1343/1/9 1342/1/8 1346/1/12
f 1353/1/19 1341/1/7 1343/1/9 1354/1/20
f 1344/1/10 1356/1/22 1358/1/24 1345/1/11
f 1357/1/23 1355/1/21 1354/1/20 1358/1/24
f 1347/1/13 1353/1/19 1355/1/21 1348/1/14
f 1356/1/22 1350/1/16 1352/1/18 1357/1/23
f 1351/1/17 1349/1/15 1348/1/14 1352/1/18
f 1335/1/1 1347/1/13 1349/1/15 1336/1/2
f 1350/1/16 1339/1/5 1338/1/4 1351/1/17
f 1341/1/25 1353/1/25 1347/1/25 1335/1/25
f 1337/1/26 1340/1/26 1346/1/26 1342/1/26
f 1349/1/27 1351/1/27 1338/1/27 1336/1/27
f 1356/1/28 1344/1/28 1339/1/28 1350/1/28
f 1343/1/29 1345/1/29 1358/1/29 1354/1/29
f 1355/1/30 1357/1/30 1352/1/30 1348/1/30
f 1699/1/1 1700/1/2 1701/1/3
f 1702/1/4 1703/1/5 1704/1/6
f 1705/1/7 1706/1/8 1707/1/9
f 1708/1/10 1709/1/11 1710/1/12
f 1711/1/13 1712/1/14 1713/1/15
f 1714/1/16 1715/1/17 1716/1/18
f 1717/1/19 1718/1/20 1719/1/21
f 1720/1/22 1721/1/23 1722/1/24
f 1705/1/7 1699/1/1 1701/1/3 1706/1/8
f 1700/1/2 1702/1/4 1704/1/6 1701/1/3
f 1703/1/5 1708/1/10 1710/1/12 1704/1/6
f 1709/1/11 1707/1/9 1706/1/8 1710/1/12
f 1717/1/19 1705/1/7 1707/1/9 1718/1/20
f 1708/1/10 1720/1/22 1722/1/24 1709/1/11
f 1721/1/23 1719/1/21 1718/1/20 1722/1/24
f 1711/1/13 1717/1/19 1719/1/21 1712/1/14
f 1720/1/22 1714/1/16 1716/1/18 1721/1/23
f 1715/1/17 1713/1/15 1712/1/14 1716/1/18
f 1699/1/1 1711/1/13 1713/1/15 1700/1/2
f 1714/1/16 1703/1/5 1702/1/4 1715/1/17
f 1705/1/25 1717/1/25 1711/1/25 1699/1/25
f 1701/1/26 1704/1/26 1710/1/26 1706/1/26
f 1713/1/27 1715/1/27 1702/1/27 1700/1/27
f 1720/1/28 1708/1/28 1703/1/28 1714/1/28
f 1707/1/29 1709/1/29 1722/1/29 1718/1/29
f 1719/1/30 1721/1/30 1716/1/30 1712/1/30
f 1723/1/1 1724/1/2 1725/1/3
f 1726/1/4 1727/1/5 1728/1/6
f 1729/1/7 1730/1/8 1731/1/9
f 1732/1/10 1733/1/11 1734/1/12
f 1735/1/13 1736/1/14 1737/1/15
f 1738/1/16 1739/1/17 1740/1/18
f 1741/1/19 1742/1/20 1743/1/21
f 1744/1/22 1745/1/23 1746/1/24
f 1729/1/7 1723/1/1 1725/1/3 1730/1/8
f 1724/1/2 1726/1/4 1728/1/6 1725/1/3
f 1727/1/5 1732/1/10 1734/1/12 1728/1/6
f 1733/1/11 1731/1/9 1730/1/8 1734/1/12
f 1741/1/19 1729/1/7 1731/1/9 1742/1/20
f 1732/1/10 1744/1/22 1746/1/24 1733/1/11
f 1745/1/23 1743/1/21 1742/1/20 1746/1/24
f 1735/1/13 1741/1/19 1743/1/21 1736/1/14
f 1744/1/22 1738/1/16 1740/1/18 1745/1/23
f 1739/1/17 1737/1/15 1736/1/14 1740/1/18
f 1723/1/1 1735/1/13 1737/1/15 1724/1/2
f 1738/1/16 1727/1/5 1726/1/4 1739/1/17
f 1729/1/25 1741/1/25 1735/1/25 1723/1/25
f 1725/1/26 1728/1/26 1734/1/26 1730/1/26
f 1737/1/27 1739/1/27 1726/1/27 1724/1/27
f 1744/1/28 1732/1/28 1727/1/28 1738/1/28
f 1731/1/29 1733/1/29 1746/1/29 1742/1/29
f 1743/1/30 1745/1/30 1740/1/30 1736/1/30
f 2087/1/1 2088/1/2 2089/1/3
f 2090/1/4 2091/1/5 2092/1/6
f 2093/1/7 2094/1/8 2095/1/9
f 2096/1/10 2097/1/11 2098/1/12
f 2099/1/13 2100/1/14 2101/1/15
f 2102/1/16 2103/1/17 2104/1/18
f 2105/1/19 2106/1/20 2107/1/21
f 2108/1/22 2109/1/23 2110/1/24
f 2093/1/7 2087/1/1 2089/1/3 2094/1/8
f 2088/1/2 2090/1/4 2092/1/6 2089/1/3
f 2091/1/5 2096/1/10 2098/1/12 2092/1/6
f 2097/1/11 2095/1/9 2094/1/8 2098/1/12
f 2105/1/19 2093/1/7 2095/1/9 2106/1/20
f 2096/1/10 2108/1/22 2110/1/24 2097/1/11
f 2109/1/23 2107/1/21 2106/1/20 2110/1/24
f 2099/1/13 2105/1/19 2107/1/21 2100/1/14
f 2108/1/22 2102/1/16 2104/1/18 2109/1/23
f 2103/1/17 2101/1/15 2100/1/14 2104/1/18
f 2087/1/1 2099/1/13 2101/1/15 2088/1/2
f 2102/1/16 2091/1/5 2090/1/4 2103/1/17
f 2093/1/25 2105/1/25 2099/1/25 2087/1/25
f 2089/1/26 2092/1/26 2098/1/26 2094/1/26
f 2101/1/27 2103/1/27 2090/1/27 2088/1/27
f 2108/1/28 2096/1/28 2091/1/28 2102/1/28
f 2095/1/29 2097/1/29 2110/1/29 2106/1/29
f 2107/1/30 2109/1/30 2104/1/30 2100/1/30
f 2111/1/1 2112/1/2 2113/1/3
f 2114/1/4 2115/1/5 2116/1/6
f 2117/1/7 2118/1/8 2119/1/9
f 2120/1/10 2121/1/11 2122/1/12
f 2123/1/13 2124/1/14 2125/1/15
f 2126/1/16 2127/1/17 2128/1/18
f 2129/1/19 2130/1/20 2131/1/21
f 2132/1/22 2133/1/23 2134/1/24
f 2117/1/7 2111/1/1 2113/1/3 2118/1/8
f 2112/1/2 2114/1/4 2116/1/6 2113/1/3
f 2115/1/5 2120/1/10 2122/1/12 2116/1/6
f 2121/1/11 2119/1/9 2118/1/8 2122/1/12
f 2129/1/19 2117/1/7 2119/1/9 2130/1/20
f 2120/1/10 2132/1/22 2134/1/24 2121/1/11
f 2133/1/23 2131/1/21 2130/1/20 2134/1/24
f 2123/1/13 2129/1/19 2131/1/21 2124/1/14
f 2132/1/22 2126/1/16 2128/1/18 2133/1/23
f 2127/1/17 2125/1/15 2124/1/14 2128/1/18
f 2111/1/1 2123/1/13 2125/1/15 2112/1/2
f 2126/1/16 2115/1/5 2114/1/4 2127/1/17
f 2117/1/25 2129/1/25 2123/1/25 2111/1/25
f 2113/1/26 2116/1/26 2122/1/26 2118/1/26
f 2125/1/27 2127/1/27 2114/1/27 2112/1/27
f 2132/1/28 2120/1/28 2115/1/28 2126/1/28
f 2119/1/29 2121/1/29 2134/1/29 2130/1/29
f 2131/1/30 2133/1/30 2128/1/30 2124/1/30
usemtl concrete_dark
f 973/1/1 974/1/2 975/1/3
f 976/1/4 977/1/5 978/1/6
f 979/1/7 980/1/8 981/1/9
f 982/1/10 983/1/11 984/1/12
f 985/1/13 986/1/14 987/1/15
f 988/1/16 989/1/17 990/1/18
f 991/1/19 992/1/20 993/1/21
f 994/1/22 995/1/23 996/1/24
f 979/1/7 973/1/1 975/1/3 980/1/8
f 974/1/2 976/1/4 978/1/6 975/1/3
f 977/1/5 982/1/10 984/1/12 978/1/6
f 983/1/11 981/1/9 980/1/8 984/1/12
f 991/1/19 979/1/7 981/1/9 992/1/20
f 982/1/10 994/1/22 996/1/24 983/1/11
f 995/1/23 993/1/21 992/1/20 996/1/24
f 985/1/13 991/1/19 993/1/21 986/1/14
f 994/1/22 988/1/16 990/1/18 995/1/23
f 989/1/17 987/1/15 986/1/14 990/1/18
f 973/1/1 985/1/13 987/1/15 974/1/2
f 988/1/16 977/1/5 976/1/4 989/1/17
f 979/1/25 991/1/25 985/1/25 973/1/25
f 975/1/26 978/1/26 984/1/26 980/1/26
f 987/1/27 989/1/27 976/1/27 974/1/27
f 994/1/28 982/1/28 977/1/28 988/1/28
f 981/1/29 983/1/29 996/1/29 992/1/29
f 993/1/30 995/1/30 990/1/30 986/1/30
f 997/1/1 981/1/2 998/1/3
f 999/1/4 1000/1/5 1001/1/6
f 1002/1/7 1003/1/8 1018/1/9
f 1004/1/10 1005/1/11 1006/1/12
f 1007/1/13 1008/1/14 992/1/15
f 1009/1/16 1010/1/17 1011/1/18
f 1012/1/19 1031/1/20 1013/1/21
f 1014/1/22 1015/1/23 1016/1/24
f 1002/1/7 997/1/1 998/1/3 1003/1/8
f 981/1/2 999/1/4 1001/1/6 998/1/3
f 1000/1/5 1004/1/10 1006/1/12 1001/1/6
f 1005/1/11 1018/1/9 1003/1/8 1006/1/12
f 1012/1/19 1002/1/7 1018/1/9 1031/1/20
f 1004/1/10 1014/1/22 1016/1/24 1005/1/11
f 1015/1/23 1013/1/21 1031/1/20 1016/1/24
f 1007/1/13 1012/1/19 1013/1/21 1008/1/14
f 1014/1/22 1009/1/16 1011/1/18 1015/1/23
f 1010/1/17 992/1/15 1008/1/14 1011/1/18
f 997/1/1 1007/1/13 992/1/15 981/1/2
f 1009/1/16 1000/1/5 999/1/4 1010/1/17
f 1002/1/25 1012/1/25 1007/1/25 997/1/25
f 998/1/26 1001/1/26 1006/1/26 1003/1/26
f 992/1/27 1010/1/27 999/1/27 981/1/27
f 1014/1/28 1004/1/28 1000/1/28 1009/1/28
f 1018/1/29 1005/1/29 1016/1/29 1031/1/29
f 1013/1/30 1015/1/30 1011/1/30 1008/1/30
f 1017/1/1 1018/1/2 1019/1/3
f 1020/1/4 1021/1/5 1022/1/6
f 1023/1/7 1024/1/8 1025/1/9
f 1026/1/10 1027/1/11 1028/1/12
f 1029/1/13 1030/1/14 1031/1/15
f 1032/1/16 1033/1/17 1034/1/18
f 1035/1/19 1053/1/20 1036/1/21
f 1037/1/22 1038/1/23 1039/1/24
f 1023/1/7 1017/1/1 1019/1/3 1024/1/8
f 1018/1/2 1020/1/4 1022/1/6 1019/1/3
f 1021/1/5 1026/1/10 1028/1/12 1022/1/6
f 1027/1/11 1025/1/9 1024/1/8 1028/1/12
f 1035/1/19 1023/1/7 1025/1/9 1053/1/20
f 1026/1/10 1037/1/22 1039/1/24 1027/1/11
f 1038/1/23 1036/1/21 1053/1/20 1039/1/24
f 1029/1/13 1035/1/19 1036/1/21 1030/1/14
f 1037/1/22 1032/1/16 1034/1/18 1038/1/23
f 1033/1/17 1031/1/15 1030/1/14 1034/1/18
f 1017/1/1 1029/1/13 1031/1/15 1018/1/2
f 1032/1/16 1021/1/5 1020/1/4 1033/1/17
f 1023/1/25 1035/1/25 1029/1/25 1017/1/25
f 1019/1/26 1022/1/26 1028/1/26 1024/1/26
f 1031/1/27 1033/1/27 1020/1/27 1018/1/27
f 1037/1/28 1026/1/28 1021/1/28 1032/1/28
f 1025/1/29 1027/1/29 1039/1/29 1053/1/29
f 1036/1/30 1038/1/30 1034/1/30 1030/1/30
f 1040/1/1 1025/1/2 1041/1/3
f 1042/1/4 1043/1/5 1044/1/6
f 1045/1/7 1046/1/8 1047/1/9
f 1048/1/10 1049/1/11 1050/1/12
f 1051/1/13 1052/1/14 1053/1/15
f 1054/1/16 1055/1/17 1056/1/18
f 1057/1/19 1058/1/20 1059/1/21
f 1060/1/22 1061/1/23 1062/1/24
f 1045/1/7 1040/1/1 1041/1/3 1046/1/8
f 1025/1/2 1042/1/4 1044/1/6 1041/1/3
f 1043/1/5 1048/1/10 1050/1/12 1044/1/6
f 1049/1/11 1047/1/9 1046/1/8 1050/1/12
f 1057/1/19 1045/1/7 1047/1/9 1058/1/20
f 1048/1/10 1060/1/22 1062/1/24 1049/1/11
f 1061/1/23 1059/1/21 1058/1/20 1062/1/24
f 1051/1/13 1057/1/19 1059/1/21 1052/1/14
f 1060/1/22 1054/1/16 1056/1/18 1061/1/23
f 1055/1/17 1053/1/15 1052/1/14 1056/1/18
f 1040/1/1 1051/1/13 1053/1/15 1025/1/2
f 1054/1/16 1043/1/5 1042/1/4 1055/1/17
f 1045/1/25 1057/1/25 1051/1/25 1040/1/25
f 1041/1/26 1044/1/26 1050/1/26 1046/1/26
f 1053/1/27 1055/1/27 1042/1/27 1025/1/27
f 1060/1/28 1048/1/28 1043/1/28 1054/1/28
f 1047/1/29 1049/1/29 1062/1/29 1058/1/29
f 1059/1/30 1061/1/30 1056/1/30 1052/1/30
usemtl steel
f 1167/1/26 1168/1/26 1170/1/26 1169/1/26
f 1169/1/29 1170/1/29 1174/1/29 1173/1/29
f 1173/1/30 1174/1/30 1172/1/30 1171/1/30
f 1171/1/27 1172/1/27 1168/1/27 1167/1/27
f 1169/1/25 1173/1/25 1171/1/25 1167/1/25
f 1174/1/28 1170/1/28 1168/1/28 1172/1/28
f 1175/1/26 1176/1/26 1178/1/26 1177/1/26
f 1177/1/29 1178/1/29 1182/1/29 1181/1/29
f 1181/1/30 1182/1/30 1180/1/30 1179/1/30
f 1179/1/27 1180/1/27 1176/1/27 1175/1/27
f 1177/1/25 1181/1/25 1179/1/25 1175/1/25
f 1182/1/28 1178/1/28 1176/1/28 1180/1/28
f 1183/1/26 1184/1/26 1186/1/26 1185/1/26
f 1185/1/29 1186/1/29 1190/1/29 1189/1/29
f 1189/1/30 1190/1/30 1188/1/30 1187/1/30
f 1187/1/27 1188/1/27 1184/1/27 1183/1/27
f 1185/1/25 1189/1/25 1187/1/25 1183/1/25
f 1190/1/28 1186/1/28 1184/1/28 1188/1/28
f 1191/1/26 1192/1/26 1194/1/26 1193/1/26
f 1193/1/29 1194/1/29 1198/1/29 1197/1/29
f 1197/1/30 1198/1/30 1196/1/30 1195/1/30
f 1195/1/27 1196/1/27 1192/1/27 1191/1/27
f 1193/1/25 1197/1/25 1195/1/25 1191/1/25
f 1198/1/28 1194/1/28 1192/1/28 1196/1/28
f 1199/1/26 1200/1/26 1202/1/26 1201/1/26
f 1201/1/29 1202/1/29 1206/1/29 1205/1/29
f 1205/1/30 1206/1/30 1204/1/30 1203/1/30
f 1203/1/27 1204/1/27 1200/1/27 1199/1/27
f 1201/1/25 1205/1/25 1203/1/25 1199/1/25
f 1206/1/28 1202/1/28 1200/1/28 1204/1/28
f 1207/1/26 1208/1/26 1210/1/26 1209/1/26
f 1209/1/29 1210/1/29 1214/1/29 1213/1/29
f 1213/1/30 1214/1/30 1212/1/30 1211/1/30
f 1211/1/27 1212/1/27 1208/1/27 1207/1/27
f 1209/1/25 1213/1/25 1211/1/25 1207/1/25
f 1214/1/28 1210/1/28 1208/1/28 1212/1/28
f 1215/1/26 1216/1/26 1218/1/26 1217/1/26
f 1217/1/29 1218/1/29 1222/1/29 1221/1/29
f 1221/1/30 1222/1/30 1220/1/30 1219/1/30
f 1219/1/27 1220/1/27 1216/1/27 1215/1/27
f 1217/1/25 1221/1/25 1219/1/25 1215/1/25
f 1222/1/28 1218/1/28 1216/1/28 1220/1/28
f 1223/1/26 1224/1/26 1226/1/26 1225/1/26
f 1225/1/29 1226/1/29 1230/1/29 1229/1/29
f 1229/1/30 1230/1/30 1228/1/30 1227/1/30
f 1227/1/27 1228/1/27 1224/1/27 1223/1/27
f 1225/1/25 1229/1/25 1227/1/25 1223/1/25
f 1230/1/28 1226/1/28 1224/1/28 1228/1/28
f 1359/1/1 1360/1/2 1361/1/3
f 1362/1/4 1363/1/5 1364/1/6
f 1365/1/7 1366/1/8 1367/1/130
f 1368/1/10 1369/1/132 1370/1/12
f 1371/1/13 1372/1/14 1373/1/15
f 1374/1/16 1375/1/17 1376/1/18
f 1377/1/19 1378/1/136 1379/1/21
f 1380/1/22 1381/1/23 1382/1/138
f 1365/1/7 1359/1/1 1361/1/3 1366/1/8
f 1360/1/2 1362/1/4 1364/1/6 1361/1/3
f 1363/1/5 1368/1/10 1370/1/12 1364/1/6
f 1369/1/132 1367/1/130 1366/1/8 1370/1/12
f 1377/1/19 1365/1/7 1367/1/130 1378/1/136
f 1368/1/10 1380/1/22 1382/1/138 1369/1/132
f 1381/1/23 1379/1/21 1378/1/136 1382/1/138
f 1371/1/13 1377/1/19 1379/1/21 1372/1/14
f 1380/1/22 1374/1/16 1376/1/18 1381/1/23
f 1375/1/17 1373/1/15 1372/1/14 1376/1/18
f 1359/1/1 1371/1/13 1373/1/15 1360/1/2
f 1374/1/16 1363/1/5 1362/1/4 1375/1/17
f 1365/1/25 1377/1/25 1371/1/25 1359/1/25
f 1361/1/26 1364/1/26 1370/1/26 1366/1/26
f 1373/1/27 1375/1/27 1362/1/27 1360/1/27
f 1380/1/28 1368/1/28 1363/1/28 1374/1/28
f 1367/1/29 1369/1/29 1382/1/29 1378/1/29
f 1379/1/30 1381/1/30 1376/1/30 1372/1/30
f 1555/1/26 1556/1/26 1558/1/26 1557/1/26
f 1557/1/29 1558/1/29 1562/1/29 1561/1/29
f 1561/1/30 1562/1/30 1560/1/30 1559/1/30
f 1559/1/27 1560/1/27 1556/1/27 1555/1/27
f 1557/1/25 1561/1/25 1559/1/25 1555/1/25
f 1562/1/28 1558/1/28 1556/1/28 1560/1/28
f 1563/1/26 1564/1/26 1566/1/26 1565/1/26
f 1565/1/29 1566/1/29 1570/1/29 1569/1/29
f 1569/1/30 1570/1/30 1568/1/30 1567/1/30
f 1567/1/27 1568/1/27 1564/1/27 1563/1/27
f 1565/1/25 1569/1/25 1567/1/25 1563/1/25
f 1570/1/28 1566/1/28 1564/1/28 1568/1/28
f 1571/1/26 1572/1/26 1574/1/26 1573/1/26
f 1573/1/29 1574/1/29 1578/1/29 1577/1/29
f 1577/1/30 1578/1/30 1576/1/30 1575/1/30
f 1575/1/27 1576/1/27 1572/1/27 1571/1/27
f 1573/1/25 1577/1/25 1575/1/25 1571/1/25
f 1578/1/28 1574/1/28 1572/1/28 1576/1/28
f 1579/1/26 1580/1/26 1582/1/26 1581/1/26
f 1581/1/29 1582/1/29 1586/1/29 1585/1/29
f 1585/1/30 1586/1/30 1584/1/30 1583/1/30
f 1583/1/27 1584/1/27 1580/1/27 1579/1/27
f 1581/1/25 1585/1/25 1583/1/25 1579/1/25
f 1586/1/28 1582/1/28 1580/1/28 1584/1/28
f 1587/1/26 1588/1/26 1590/1/26 1589/1/26
f 1589/1/29 1590/1/29 1594/1/29 1593/1/29
f 1593/1/30 1594/1/30 1592/1/30 1591/1/30
f 1591/1/27 1592/1/27 1588/1/27 1587/1/27
f 1589/1/25 1593/1/25 1591/1/25 1587/1/25
f 1594/1/28 1590/1/28 1588/1/28 1592/1/28
f 1595/1/26 1596/1/26 1598/1/26 1597/1/26
f 1597/1/29 1598/1/29 1602/1/29 1601/1/29
f 1601/1/30 1602/1/30 1600/1/30 1599/1/30
f 1599/1/27 1600/1/27 1596/1/27 1595/1/27
f 1597/1/25 1601/1/25 1599/1/25 1595/1/25
f 1602/1/28 1598/1/28 1596/1/28 1600/1/28
f 1603/1/26 1604/1/26 1606/1/26 1605/1/26
f 1605/1/29 1606/1/29 1610/1/29 1609/1/29
f 1609/1/30 1610/1/30 1608/1/30 1607/1/30
f 1607/1/27 1608/1/27 1604/1/27 1603/1/27
f 1605/1/25 1609/1/25 1607/1/25 1603/1/25
f 1610/1/28 1606/1/28 1604/1/28 1608/1/28
f 1611/1/26 1612/1/26 1614/1/26 1613/1/26
f 1613/1/29 1614/1/29 1618/1/29 1617/1/29
f 1617/1/30 1618/1/30 1616/1/30 1615/1/30
f 1615/1/27 1616/1/27 1612/1/27 1611/1/27
f 1613/1/25 1617/1/25 1615/1/25 1611/1/25
f 1618/1/28 1614/1/28 1612/1/28 1616/1/28
f 1747/1/1 1748/1/2 1749/1/3
f 1750/1/4 1751/1/5 1752/1/6
f 1753/1/7 1754/1/8 1755/1/9
f 1756/1/10 1757/1/11 1758/1/12
f 1759/1/13 1760/1/14 1761/1/15
f 1762/1/16 1763/1/17 1764/1/18
f 1765/1/19 1766/1/20 1767/1/21
f 1768/1/22 1769/1/23 1770/1/24
f 1753/1/7 1747/1/1 1749/1/3 1754/1/8
f 1748/1/2 1750/1/4 1752/1/6 1749/1/3
f 1751/1/5 1756/1/10 1758/1/12 1752/1/6
f 1757/1/11 1755/1/9 1754/1/8 1758/1/12
f 1765/1/19 1753/1/7 1755/1/9 1766/1/20
f 1756/1/10 1768/1/22 1770/1/24 1757/1/11
f 1769/1/23 1767/1/21 1766/1/20 1770/1/24
f 1759/1/13 1765/1/19 1767/1/21 1760/1/14
f 1768/1/22 1762/1/16 1764/1/18 1769/1/23
f 1763/1/17 1761/1/15 1760/1/14 1764/1/18
f 1747/1/1 1759/1/13 1761/1/15 1748/1/2
f 1762/1/16 1751/1/5 1750/1/4 1763/1/17
f 1753/1/25 1765/1/25 1759/1/25 1747/1/25
f 1749/1/26 1752/1/26 1758/1/26 1754/1/26
f 1761/1/27 1763/1/27 1750/1/27 1748/1/27
f 1768/1/28 1756/1/28 1751/1/28 1762/1/28
f 1755/1/29 1757/1/29 1770/1/29 1766/1/29
f 1767/1/30 1769/1/30 1764/1/30 1760/1/30
f 1943/1/26 1944/1/26 1946/1/26 1945/1/26
f 1945/1/29 1946/1/29 1950/1/29 1949/1/29
f 1949/1/30 1950/1/30 1948/1/30 1947/1/30
f 1947/1/27 1948/1/27 1944/1/27 1943/1/27
f 1945/1/25 1949/1/25 1947/1/25 1943/1/25
f 1950/1/28 1946/1/28 1944/1/28 1948/1/28
f 1951/1/26 1952/1/26 1954/1/26 1953/1/26
f 1953/1/29 1954/1/29 1958/1/29 1957/1/29
f 1957/1/30 1958/1/30 1956/1/30 1955/1/30
f 1955/1/27 1956/1/27 1952/1/27 1951/1/27
f 1953/1/25 1957/1/25 1955/1/25 1951/1/25
f 1958/1/28 1954/1/28 1952/1/28 1956/1/28
f 1959/1/26 1960/1/26 1962/1/26 1961/1/26
f 1961/1/29 1962/1/29 1966/1/29 1965/1/29
f 1965/1/30 1966/1/30 1964/1/30 1963/1/30
f 1963/1/27 1964/1/27 1960/1/27 1959/1/27
f 1961/1/25 1965/1/25 1963/1/25 1959/1/25
f 1966/1/28 1962/1/28 1960/1/28 1964/1/28
f 1967/1/26 1968/1/26 1970/1/26 1969/1/26
f 1969/1/29 1970/1/29 1974/1/29 1973/1/29
f 1973/1/30 1974/1/30 1972/1/30 1971/1/30
f 1971/1/27 1972/1/27 1968/1/27 1967/1/27
f 1969/1/25 1973/1/25 1971/1/25 1967/1/25
f 1974/1/28 1970/1/28 1968/1/28 1972/1/28
f 1975/1/26 1976/1/26 1978/1/26 1977/1/26
f 1977/1/29 1978/1/29 1982/1/29 1981/1/29
f 1981/1/30 1982/1/30 1980/1/30 1979/1/30
f 1979/1/27 1980/1/27 1976/1/27 1975/1/27
f 1977/1/25 1981/1/25 1979/1/25 1975/1/25
f 1982/1/28 1978/1/28 1976/1/28 1980/1/28
f 1983/1/26 1984/1/26 1986/1/26 1985/1/26
f 1985/1/29 1986/1/29 1990/1/29 1989/1/29
f 1989/1/30 1990/1/30 1988/1/30 1987/1/30
f 1987/1/27 1988/1/27 1984/1/27 1983/1/27
f 1985/1/25 1989/1/25 1987/1/25 1983/1/25
f 1990/1/28 1986/1/28 1984/1/28 1988/1/28
f 1991/1/26 1992/1/26 1994/1/26 1993/1/26
f 1993/1/29 1994/1/29 1998/1/29 1997/1/29
f 1997/1/30 1998/1/30 1996/1/30 1995/1/30
f 1995/1/27 1996/1/27 1992/1/27 1991/1/27
f 1993/1/25 1997/1/25 1995/1/25 1991/1/25
f 1998/1/28 1994/1/28 1992/1/28 1996/1/28
f 1999/1/26 2000/1/26 2002/1/26 2001/1/26
f 2001/1/29 2002/1/29 2006/1/29 2005/1/29
f 2005/1/30 2006/1/30 2004/1/30 2003/1/30
f 2003/1/27 2004/1/27 2000/1/27 1999/1/27
f 2001/1/25 2005/1/25 2003/1/25 1999/1/25
f 2006/1/28 2002/1/28 2000/1/28 2004/1/28
f 2135/1/1 2136/1/2 2137/1/3
f 2138/1/4 2139/1/5 2140/1/6
f 2141/1/7 2142/1/8 2143/1/9
f 2144/1/10 2145/1/11 2146/1/12
f 2147/1/13 2148/1/14 2149/1/15
f 2150/1/16 2151/1/17 2152/1/18
f 2153/1/19 2154/1/20 2155/1/21
f 2156/1/22 2157/1/23 2158/1/24
f 2141/1/7 2135/1/1 2137/1/3 2142/1/8
f 2136/1/2 2138/1/4 2140/1/6 2137/1/3
f 2139/1/5 2144/1/10 2146/1/12 2140/1/6
f 2145/1/11 2143/1/9 2142/1/8 2146/1/12
f 2153/1/19 2141/1/7 2143/1/9 2154/1/20
f 2144/1/10 2156/1/22 2158/1/24 2145/1/11
f 2157/1/23 2155/1/21 2154/1/20 2158/1/24
f 2147/1/13 2153/1/19 2155/1/21 2148/1/14
f 2156/1/22 2150/1/16 2152/1/18 2157/1/23
f 2151/1/17 2149/1/15 2148/1/14 2152/1/18
f 2135/1/1 2147/1/13 2149/1/15 2136/1/2
f 2150/1/16 2139/1/5 2138/1/4 2151/1/17
f 2141/1/25 2153/1/25 2147/1/25 2135/1/25
f 2137/1/26 2140/1/26 2146/1/26 2142/1/26
f 2149/1/27 2151/1/27 2138/1/27 2136/1/27
f 2156/1/28 2144/1/28 2139/1/28 2150/1/28
f 2143/1/29 2145/1/29 2158/1/29 2154/1/29
f 2155/1/30 2157/1/30 2152/1/30 2148/1/30
f 2879/1/29 2880/1/29 2882/1/256 2881/1/256
f 2881/1/256 2882/1/256 2884/1/257 2883/1/257
f 2883/1/257 2884/1/257 2886/1/258 2885/1/258
f 2885/1/258 2886/1/258 2888/1/259 2887/1/259
f 2887/1/259 2888/1/259 2890/1/260 2889/1/260
f 2889/1/260 2890/1/260 2892/1/261 2891/1/261
f 2891/1/261 2892/1/261 2894/1/27 2893/1/27
f 2893/1/27 2894/1/27 2896/1/262 2895/1/262
f 2895/1/262 2896/1/262 2898/1/263 2897/1/263
f 2897/1/263 2898/1/263 2900/1/264 2899/1/264
f 2899/1/264 2900/1/264 2902/1/265 2901/1/265
f 2901/1/265 2902/1/265 2904/1/266 2903/1/266
f 2882/1/28 2880/1/28 2906/1/28 2904/1/28 2902/1/28 2900/1/28 2898/1/28 2896/1/28 2894/1/28 2892/1/28 2890/1/28 2888/1/28 2886/1/28 2884/1/28
f 2903/1/266 2904/1/266 2906/1/267 2905/1/267
f 2905/1/267 2906/1/267 2880/1/29 2879/1/29
f 2879/1/25 2881/1/25 2883/1/25 2885/1/25 2887/1/25 2889/1/25 2891/1/25 2893/1/25 2895/1/25 2897/1/25 2899/1/25 2901/1/25 2903/1/25 2905/1/25
f 2951/1/26 2952/1/26 2954/1/26 2953/1/26
f 2953/1/29 2954/1/29 2958/1/29 2957/1/29
f 2957/1/30 2958/1/30 2956/1/30 2955/1/30
f 2955/1/27 2956/1/27 2952/1/27 2951/1/27
f 2953/1/25 2957/1/25 2955/1/25 2951/1/25
f 2958/1/28 2954/1/28 2952/1/28 2956/1/28
f 2959/1/284 2960/1/284 2962/1/284 2961/1/284
f 2961/1/266 2962/1/266 2966/1/266 2965/1/266
f 2965/1/271 2966/1/271 2964/1/271 2963/1/271
f 2963/1/260 2964/1/260 2960/1/260 2959/1/260
f 2961/1/25 2965/1/25 2963/1/25 2959/1/25
f 2966/1/28 2962/1/28 2960/1/28 2964/1/28
f 2967/1/288 2968/1/288 2970/1/288 2969/1/288
f 2969/1/264 2970/1/264 2974/1/264 2973/1/264
f 2973/1/275 2974/1/275 2972/1/275 2971/1/275
f 2971/1/258 2972/1/258 2968/1/258 2967/1/258
f 2969/1/25 2973/1/25 2971/1/25 2967/1/25
f 2974/1/28 2970/1/28 2968/1/28 2972/1/28
f 2975/1/292 2976/1/292 2978/1/292 2977/1/292
f 2977/1/262 2978/1/262 2982/1/262 2981/1/262
f 2981/1/279 2982/1/279 2980/1/279 2979/1/279
f 2979/1/256 2980/1/256 2976/1/256 2975/1/256
f 2977/1/25 2981/1/25 2979/1/25 2975/1/25
f 2982/1/28 2978/1/28 2976/1/28 2980/1/28
f 2983/1/268 2984/1/268 2986/1/268 2985/1/268
f 2985/1/261 2986/1/261 2990/1/261 2989/1/261
f 2989/1/282 2990/1/282 2988/1/282 2987/1/282
f 2987/1/267 2988/1/267 2984/1/267 2983/1/267
f 2985/1/25 2989/1/25 2987/1/25 2983/1/25
f 2990/1/28 2986/1/28 2984/1/28 2988/1/28
f 2991/1/273 2992/1/273 2994/1/273 2993/1/273
f 2993/1/259 2994/1/259 2998/1/259 2997/1/259
f 2997/1/286 2998/1/286 2996/1/286 2995/1/286
f 2995/1/265 2996/1/265 2992/1/265 2991/1/265
f 2993/1/25 2997/1/25 2995/1/25 2991/1/25
f 2998/1/28 2994/1/28 2992/1/28 2996/1/28
f 2999/1/277 3000/1/277 3002/1/277 3001/1/277
f 3001/1/257 3002/1/257 3006/1/257 3005/1/257
f 3005/1/290 3006/1/290 3004/1/290 3003/1/290
f 3003/1/263 3004/1/263 3000/1/263 2999/1/263
f 3001/1/25 3005/1/25 3003/1/25 2999/1/25
f 3006/1/28 3002/1/28 3000/1/28 3004/1/28
f 3007/1/29 3008/1/29 3010/1/256 3009/1/256
f 3009/1/256 3010/1/256 3012/1/257 3011/1/257
f 3011/1/257 3012/1/257 3014/1/258 3013/1/258
f 3013/1/258 3014/1/258 3016/1/259 3015/1/259
f 3015/1/259 3016/1/259 3018/1/260 3017/1/260
f 3017/1/260 3018/1/260 3020/1/261 3019/1/261
f 3019/1/261 3020/1/261 3022/1/27 3021/1/27
f 3021/1/27 3022/1/27 3024/1/262 3023/1/262
f 3023/1/262 3024/1/262 3026/1/263 3025/1/263
f 3025/1/263 3026/1/263 3028/1/264 3027/1/264
f 3027/1/264 3028/1/264 3030/1/265 3029/1/265
f 3029/1/265 3030/1/265 3032/1/266 3031/1/266
f 3010/1/28 3008/1/28 3034/1/28 3032/1/28 3030/1/28 3028/1/28 3026/1/28 3024/1/28 3022/1/28 3020/1/28 3018/1/28 3016/1/28 3014/1/28 3012/1/28
f 3031/1/266 3032/1/266 3034/1/267 3033/1/267
f 3033/1/267 3034/1/267 3008/1/29 3007/1/29
f 3007/1/25 3009/1/25 3011/1/25 3013/1/25 3015/1/25 3017/1/25 3019/1/25 3021/1/25 3023/1/25 3025/1/25 3027/1/25 3029/1/25 3031/1/25 3033/1/25
f 3079/1/26 3080/1/26 3082/1/26 3081/1/26
f 3081/1/29 3082/1/29 3086/1/29 3085/1/29
f 3085/1/30 3086/1/30 3084/1/30 3083/1/30
f 3083/1/27 3084/1/27 3080/1/27 3079/1/27
f 3081/1/25 3085/1/25 3083/1/25 3079/1/25
f 3086/1/28 3082/1/28 3080/1/28 3084/1/28
f 3087/1/284 3088/1/284 3090/1/284 3089/1/284
f 3089/1/266 3090/1/266 3094/1/266 3093/1/266
f 3093/1/271 3094/1/271 3092/1/271 3091/1/271
f 3091/1/260 3092/1/260 3088/1/260 3087/1/260
f 3089/1/25 3093/1/25 3091/1/25 3087/1/25
f 3094/1/28 3090/1/28 3088/1/28 3092/1/28
f 3095/1/288 3096/1/288 3098/1/288 3097/1/288
f 3097/1/264 3098/1/264 3102/1/264 3101/1/264
f 3101/1/275 3102/1/275 3100/1/275 3099/1/275
f 3099/1/258 3100/1/258 3096/1/258 3095/1/258
f 3097/1/25 3101/1/25 3099/1/25 3095/1/25
f 3102/1/28 3098/1/28 3096/1/28 3100/1/28
f 3103/1/292 3104/1/292 3106/1/292 3105/1/292
f 3105/1/262 3106/1/262 3110/1/262 3109/1/262
f 3109/1/279 3110/1/279 3108/1/279 3107/1/279
f 3107/1/256 3108/1/256 3104/1/256 3103/1/256
f 3105/1/25 3109/1/25 3107/1/25 3103/1/25
f 3110/1/28 3106/1/28 3104/1/28 3108/1/28
f 3111/1/268 3112/1/268 3114/1/268 3113/1/268
f 3113/1/261 3114/1/261 3118/1/261 3117/1/261
f 3117/1/282 3118/1/282 3116/1/282 3115/1/282
f 3115/1/267 3116/1/267 3112/1/267 3111/1/267
f 3113/1/25 3117/1/25 3115/1/25 3111/1/25
f 3118/1/28 3114/1/28 3112/1/28 3116/1/28
f 3119/1/273 3120/1/273 3122/1/273 3121/1/273
f 3121/1/259 3122/1/259 3126/1/259 3125/1/259
f 3125/1/286 3126/1/286 3124/1/286 3123/1/286
f 3123/1/265 3124/1/265 3120/1/265 3119/1/265
f 3121/1/25 3125/1/25 3123/1/25 3119/1/25
f 3126/1/28 3122/1/28 3120/1/28 3124/1/28
f 3127/1/277 3128/1/277 3130/1/277 3129/1/277
f 3129/1/257 3130/1/257 3134/1/257 3133/1/257
f 3133/1/290 3134/1/290 3132/1/290 3131/1/290
f 3131/1/263 3132/1/263 3128/1/263 3127/1/263
f 3129/1/25 3133/1/25 3131/1/25 3127/1/25
f 3134/1/28 3130/1/28 3128/1/28 3132/1/28
f 3135/1/29 3136/1/29 3138/1/256 3137/1/256
f 3137/1/256 3138/1/256 3140/1/257 3139/1/257
f 3139/1/257 3140/1/257 3142/1/258 3141/1/258
f 3141/1/258 3142/1/258 3144/1/259 3143/1/259
f 3143/1/259 3144/1/259 3146/1/260 3145/1/260
f 3145/1/260 3146/1/260 3148/1/261 3147/1/261
f 3147/1/261 3148/1/261 3150/1/27 3149/1/27
f 3149/1/27 3150/1/27 3152/1/262 3151/1/262
f 3151/1/262 3152/1/262 3154/1/263 3153/1/263
f 3153/1/263 3154/1/263 3156/1/264 3155/1/264
f 3155/1/264 3156/1/264 3158/1/265 3157/1/265
f 3157/1/265 3158/1/265 3160/1/266 3159/1/266
f 3138/1/28 3136/1/28 3162/1/28 3160/1/28 3158/1/28 3156/1/28 3154/1/28 3152/1/28 3150/1/28 3148/1/28 3146/1/28 3144/1/28 3142/1/28 3140/1/28
f 3159/1/266 3160/1/266 3162/1/267 3161/1/267
f 3161/1/267 3162/1/267 3136/1/29 3135/1/29
f 3135/1/25 3137/1/25 3139/1/25 3141/1/25 3143/1/25 3145/1/25 3147/1/25 3149/1/25 3151/1/25 3153/1/25 3155/1/25 3157/1/25 3159/1/25 3161/1/25
f 3207/1/26 3208/1/26 3210/1/26 3209/1/26
f 3209/1/29 3210/1/29 3214/1/29 3213/1/29
f 3213/1/30 3214/1/30 3212/1/30 3211/1/30
f 3211/1/27 3212/1/27 3208/1/27 3207/1/27
f 3209/1/25 3213/1/25 3211/1/25 3207/1/25
f 3214/1/28 3210/1/28 3208/1/28 3212/1/28
f 3215/1/284 3216/1/284 3218/1/284 3217/1/284
f 3217/1/266 3218/1/266 3222/1/266 3221/1/266
f 3221/1/271 3222/1/271 3220/1/271 3219/1/271
f 3219/1/260 3220/1/260 3216/1/260 3215/1/260
f 3217/1/25 3221/1/25 3219/1/25 3215/1/25
f 3222/1/28 3218/1/28 3216/1/28 3220/1/28
f 3223/1/288 3224/1/288 3226/1/288 3225/1/288
f 3225/1/264 3226/1/264 3230/1/264 3229/1/264
f 3229/1/275 3230/1/275 3228/1/275 3227/1/275
f 3227/1/258 3228/1/258 3224/1/258 3223/1/258
f 3225/1/25 3229/1/25 3227/1/25 3223/1/25
f 3230/1/28 3226/1/28 3224/1/28 3228/1/28
f 3231/1/292 3232/1/292 3234/1/292 3233/1/292
f 3233/1/262 3234/1/262 3238/1/262 3237/1/262
f 3237/1/279 3238/1/279 3236/1/279 3235/1/279
f 3235/1/256 3236/1/256 3232/1/256 3231/1/256
f 3233/1/25 3237/1/25 3235/1/25 3231/1/25
f 3238/1/28 3234/1/28 3232/1/28 3236/1/28
f 3239/1/268 3240/1/268 3242/1/268 3241/1/268
f 3241/1/261 3242/1/261 3246/1/261 3245/1/261
f 3245/1/282 3246/1/282 3244/1/282 3243/1/282
f 3243/1/267 3244/1/267 3240/1/267 3239/1/267
f 3241/1/25 3245/1/25 3243/1/25 3239/1/25
f 3246/1/28 3242/1/28 3240/1/28 3244/1/28
f 3247/1/273 3248/1/273 3250/1/273 3249/1/273
f 3249/1/259 3250/1/259 3254/1/259 3253/1/259
f 3253/1/286 3254/1/286 3252/1/286 3251/1/286
f 3251/1/265 3252/1/265 3248/1/265 3247/1/265
f 3249/1/25 3253/1/25 3251/1/25 3247/1/25
f 3254/1/28 3250/1/28 3248/1/28 3252/1/28
f 3255/1/277 3256/1/277 3258/1/277 3257/1/277
f 3257/1/257 3258/1/257 3262/1/257 3261/1/257
f 3261/1/290 3262/1/290 3260/1/290 3259/1/290
f 3259/1/263 3260/1/263 3256/1/263 3255/1/263
f 3257/1/25 3261/1/25 3259/1/25 3255/1/25
f 3262/1/28 3258/1/28 3256/1/28 3260/1/28
f 3263/1/29 3264/1/29 3266/1/256 3265/1/256
f 3265/1/256 3266/1/256 3268/1/257 3267/1/257
f 3267/1/257 3268/1/257 3270/1/258 3269/1/258
f 3269/1/258 3270/1/258 3272/1/259 3271/1/259
f 3271/1/259 3272/1/259 3274/1/260 3273/1/260
f 3273/1/260 3274/1/260 3276/1/261 3275/1/261
f 3275/1/261 3276/1/261 3278/1/27 3277/1/27
f 3277/1/27 3278/1/27 3280/1/262 3279/1/262
f 3279/1/262 3280/1/262 3282/1/263 3281/1/263
f 3281/1/263 3282/1/263 3284/1/264 3283/1/264
f 3283/1/264 3284/1/264 3286/1/265 3285/1/265
f 3285/1/265 3286/1/265 3288/1/266 3287/1/266
f 3266/1/28 3264/1/28 3290/1/28 3288/1/28 3286/1/28 3284/1/28 3282/1/28 3280/1/28 3278/1/28 3276/1/28 3274/1/28 3272/1/28 3270/1/28 3268/1/28
f 3287/1/266 3288/1/266 3290/1/267 3289/1/267
f 3289/1/267 3290/1/267 3264/1/29 3263/1/29
f 3263/1/25 3265/1/25 3267/1/25 3269/1/25 3271/1/25 3273/1/25 3275/1/25 3277/1/25 3279/1/25 3281/1/25 3283/1/25 3285/1/25 3287/1/25 3289/1/25
f 3335/1/26 3336/1/26 3338/1/26 3337/1/26
f 3337/1/29 3338/1/29 3342/1/29 3341/1/29
f 3341/1/30 3342/1/30 3340/1/30 3339/1/30
f 3339/1/27 3340/1/27 3336/1/27 3335/1/27
f 3337/1/25 3341/1/25 3339/1/25 3335/1/25
f 3342/1/28 3338/1/28 3336/1/28 3340/1/28
f 3343/1/284 3344/1/284 3346/1/284 3345/1/284
f 3345/1/266 3346/1/266 3350/1/266 3349/1/266
f 3349/1/271 3350/1/271 3348/1/271 3347/1/271
f 3347/1/260 3348/1/260 3344/1/260 3343/1/260
f 3345/1/25 3349/1/25 3347/1/25 3343/1/25
f 3350/1/28 3346/1/28 3344/1/28 3348/1/28
f 3351/1/288 3352/1/288 3354/1/288 3353/1/288
f 3353/1/264 3354/1/264 3358/1/264 3357/1/264
f 3357/1/275 3358/1/275 3356/1/275 3355/1/275
f 3355/1/258 3356/1/258 3352/1/258 3351/1/258
f 3353/1/25 3357/1/25 3355/1/25 3351/1/25
f 3358/1/28 3354/1/28 3352/1/28 3356/1/28
f 3359/1/292 3360/1/292 3362/1/292 3361/1/292
f 3361/1/262 3362/1/262 3366/1/262 3365/1/262
f 3365/1/279 3366/1/279 3364/1/279 3363/1/279
f 3363/1/256 3364/1/256 3360/1/256 3359/1/256
f 3361/1/25 3365/1/25 3363/1/25 3359/1/25
f 3366/1/28 3362/1/28 3360/1/28 3364/1/28
f 3367/1/268 3368/1/268 3370/1/268 3369/1/268
f 3369/1/261 3370/1/261 3374/1/261 3373/1/261
f 3373/1/282 3374/1/282 3372/1/282 3371/1/282
f 3371/1/267 3372/1/267 3368/1/267 3367/1/267
f 3369/1/25 3373/1/25 3371/1/25 3367/1/25
f 3374/1/28 3370/1/28 3368/1/28 3372/1/28
f 3375/1/273 3376/1/273 3378/1/273 3377/1/273
f 3377/1/259 3378/1/259 3382/1/259 3381/1/259
f 3381/1/286 3382/1/286 3380/1/286 3379/1/286
f 3379/1/265 3380/1/265 3376/1/265 3375/1/265
f 3377/1/25 3381/1/25 3379/1/25 3375/1/25
f 3382/1/28 3378/1/28 3376/1/28 3380/1/28
f 3383/1/277 3384/1/277 3386/1/277 3385/1/277
f 3385/1/257 3386/1/257 3390/1/257 3389/1/257
f 3389/1/290 3390/1/290 3388/1/290 3387/1/290
f 3387/1/263 3388/1/263 3384/1/263 3383/1/263
f 3385/1/25 3389/1/25 3387/1/25 3383/1/25
f 3390/1/28 3386/1/28 3384/1/28 3388/1/28
f 3391/1/29 3392/1/29 3394/1/256 3393/1/256
f 3393/1/256 3394/1/256 3396/1/257 3395/1/257
f 3395/1/257 3396/1/257 3398/1/258 3397/1/258
f 3397/1/258 3398/1/258 3400/1/259 3399/1/259
f 3399/1/259 3400/1/259 3402/1/260 3401/1/260
f 3401/1/260 3402/1/260 3404/1/261 3403/1/261
f 3403/1/261 3404/1/261 3406/1/27 3405/1/27
f 3405/1/27 3406/1/27 3408/1/262 3407/1/262
f 3407/1/262 3408/1/262 3410/1/263 3409/1/263
f 3409/1/263 3410/1/263 3412/1/264 3411/1/264
f 3411/1/264 3412/1/264 3414/1/265 3413/1/265
f 3413/1/265 3414/1/265 3416/1/266 3415/1/266
f 3394/1/28 3392/1/28 3418/1/28 3416/1/28 3414/1/28 3412/1/28 3410/1/28 3408/1/28 3406/1/28 3404/1/28 3402/1/28 3400/1/28 3398/1/28 3396/1/28
f 3415/1/266 3416/1/266 3418/1/267 3417/1/267
f 3417/1/267 3418/1/267 3392/1/29 3391/1/29
f 3391/1/25 3393/1/25 3395/1/25 3397/1/25 3399/1/25 3401/1/25 3403/1/25 3405/1/25 3407/1/25 3409/1/25 3411/1/25 3413/1/25 3415/1/25 3417/1/25
f 3463/1/26 3464/1/26 3466/1/26 3465/1/26
f 3465/1/29 3466/1/29 3470/1/29 3469/1/29
f 3469/1/30 3470/1/30 3468/1/30 3467/1/30
f 3467/1/27 3468/1/27 3464/1/27 3463/1/27
f 3465/1/25 3469/1/25 3467/1/25 3463/1/25
f 3470/1/28 3466/1/28 3464/1/28 3468/1/28
f 3471/1/284 3472/1/284 3474/1/284 3473/1/284
f 3473/1/266 3474/1/266 3478/1/266 3477/1/266
f 3477/1/271 3478/1/271 3476/1/271 3475/1/271
f 3475/1/260 3476/1/260 3472/1/260 3471/1/260
f 3473/1/25 3477/1/25 3475/1/25 3471/1/25
f 3478/1/28 3474/1/28 3472/1/28 3476/1/28
f 3479/1/288 3480/1/288 3482/1/288 3481/1/288
f 3481/1/264 3482/1/264 3486/1/264 3485/1/264
f 3485/1/275 3486/1/275 3484/1/275 3483/1/275
f 3483/1/258 3484/1/258 3480/1/258 3479/1/258
f 3481/1/25 3485/1/25 3483/1/25 3479/1/25
f 3486/1/28 3482/1/28 3480/1/28 3484/1/28
f 3487/1/292 3488/1/292 3490/1/292 3489/1/292
f 3489/1/262 3490/1/262 3494/1/262 3493/1/262
f 3493/1/279 3494/1/279 3492/1/279 3491/1/279
f 3491/1/256 3492/1/256 3488/1/256 3487/1/256
f 3489/1/25 3493/1/25 3491/1/25 3487/1/25
f 3494/1/28 3490/1/28 3488/1/28 3492/1/28
f 3495/1/268 3496/1/268 3498/1/268 3497/1/268
f 3497/1/261 3498/1/261 3502/1/261 3501/1/261
f 3501/1/282 3502/1/282 3500/1/282 3499/1/282
f 3499/1/267 3500/1/267 3496/1/267 3495/1/267
f 3497/1/25 3501/1/25 3499/1/25 3495/1/25
f 3502/1/28 3498/1/28 3496/1/28 3500/1/28
f 3503/1/273 3504/1/273 3506/1/273 3505/1/273
f 3505/1/259 3506/1/259 3510/1/259 3509/1/259
f 3509/1/286 3510/1/286 3508/1/286 3507/1/286
f 3507/1/265 3508/1/265 3504/1/265 3503/1/265
f 3505/1/25 3509/1/25 3507/1/25 3503/1/25
f 3510/1/28 3506/1/28 3504/1/28 3508/1/28
f 3511/1/277 3512/1/277 3514/1/277 3513/1/277
f 3513/1/257 3514/1/257 3518/1/257 3517/1/257
f 3517/1/290 3518/1/290 3516/1/290 3515/1/290
f 3515/1/263 3516/1/263 3512/1/263 3511/1/263
f 3513/1/25 3517/1/25 3515/1/25 3511/1/25
f 3518/1/28 3514/1/28 3512/1/28 3516/1/28
usemtl chrome
f 1231/1/127 1232/1/151 1233/1/3
f 1234/1/152 1235/1/128 1236/1/6
f 1237/1/7 1238/1/8 1239/1/130
f 1240/1/10 1241/1/132 1242/1/12
f 1243/1/13 1244/1/14 1245/1/15
f 1246/1/16 1247/1/17 1248/1/18
f 1249/1/19 1250/1/20 1251/1/21
f 1252/1/22 1253/1/23 1254/1/24
f 1237/1/7 1231/1/127 1233/1/3 1238/1/8
f 1232/1/151 1234/1/152 1236/1/6 1233/1/3
f 1235/1/128 1240/1/10 1242/1/12 1236/1/6
f 1241/1/132 1239/1/130 1238/1/8 1242/1/12
f 1249/1/19 1237/1/7 1239/1/130 1250/1/20
f 1240/1/10 1252/1/22 1254/1/24 1241/1/132
f 1253/1/23 1251/1/21 1250/1/20 1254/1/24
f 1243/1/13 1249/1/19 1251/1/21 1244/1/14
f 1252/1/22 1246/1/16 1248/1/18 1253/1/23
f 1247/1/17 1245/1/15 1244/1/14 1248/1/18
f 1231/1/127 1243/1/13 1245/1/15 1232/1/151
f 1246/1/16 1235/1/128 1234/1/152 1247/1/17
f 1237/1/25 1249/1/25 1243/1/25 1231/1/25
f 1233/1/26 1236/1/26 1242/1/26 1238/1/26
f 1245/1/27 1247/1/27 1234/1/27 1232/1/27
f 1252/1/28 1240/1/28 1235/1/28 1246/1/28
f 1239/1/29 1241/1/29 1254/1/29 1250/1/29
f 1251/1/30 1253/1/30 1248/1/30 1244/1/30
f 1619/1/1 1620/1/2 1621/1/3
f 1622/1/4 1623/1/5 1624/1/6
f 1625/1/7 1626/1/8 1627/1/9
f 1628/1/10 1629/1/11 1630/1/12
f 1631/1/13 1632/1/14 1633/1/15
f 1634/1/16 1635/1/17 1636/1/18
f 1637/1/19 1638/1/20 1639/1/21
f 1640/1/22 1641/1/23 1642/1/24
f 1625/1/7 1619/1/1 1621/1/3 1626/1/8
f 1620/1/2 1622/1/4 1624/1/6 1621/1/3
f 1623/1/5 1628/1/10 1630/1/12 1624/1/6
f 1629/1/11 1627/1/9 1626/1/8 1630/1/12
f 1637/1/19 1625/1/7 1627/1/9 1638/1/20
f 1628/1/10 1640/1/22 1642/1/24 1629/1/11
f 1641/1/23 1639/1/21 1638/1/20 1642/1/24
f 1631/1/13 1637/1/19 1639/1/21 1632/1/14
f 1640/1/22 1634/1/16 1636/1/18 1641/1/23
f 1635/1/17 1633/1/15 1632/1/14 1636/1/18
f 1619/1/1 1631/1/13 1633/1/15 1620/1/2
f 1634/1/16 1623/1/5 1622/1/4 1635/1/17
f 1625/1/25 1637/1/25 1631/1/25 1619/1/25
f 1621/1/26 1624/1/26 1630/1/26 1626/1/26
f 1633/1/27 1635/1/27 1622/1/27 1620/1/27
f 1640/1/28 1628/1/28 1623/1/28 1634/1/28
f 1627/1/29 1629/1/29 1642/1/29 1638/1/29
f 1639/1/30 1641/1/30 1636/1/30 1632/1/30
f 2007/1/1 2008/1/2 2009/1/3
f 2010/1/4 2011/1/5 2012/1/6
f 2013/1/7 2014/1/8 2015/1/9
f 2016/1/10 2017/1/11 2018/1/12
f 2019/1/13 2020/1/14 2021/1/15
f 2022/1/16 2023/1/17 2024/1/18
f 2025/1/19 2026/1/20 2027/1/21
f 2028/1/22 2029/1/23 2030/1/24
f 2013/1/7 2007/1/1 2009/1/3 2014/1/8
f 2008/1/2 2010/1/4 2012/1/6 2009/1/3
f 2011/1/5 2016/1/10 2018/1/12 2012/1/6
f 2017/1/11 2015/1/9 2014/1/8 2018/1/12
f 2025/1/19 2013/1/7 2015/1/9 2026/1/20
f 2016/1/10 2028/1/22 2030/1/24 2017/1/11
f 2029/1/23 2027/1/21 2026/1/20 2030/1/24
f 2019/1/13 2025/1/19 2027/1/21 2020/1/14
f 2028/1/22 2022/1/16 2024/1/18 2029/1/23
f 2023/1/17 2021/1/15 2020/1/14 2024/1/18
f 2007/1/1 2019/1/13 2021/1/15 2008/1/2
f 2022/1/16 2011/1/5 2010/1/4 2023/1/17
f 2013/1/25 2025/1/25 2019/1/25 2007/1/25
f 2009/1/26 2012/1/26 2018/1/26 2014/1/26
f 2021/1/27 2023/1/27 2010/1/27 2008/1/27
f 2028/1/28 2016/1/28 2011/1/28 2022/1/28
f 2015/1/29 2017/1/29 2030/1/29 2026/1/29
f 2027/1/30 2029/1/30 2024/1/30 2020/1/30
f 2443/1/225 2444/1/225 2446/1/225 2445/1/225
f 2445/1/226 2446/1/226 2448/1/226 2447/1/226
f 2447/1/227 2448/1/227 2450/1/227 2449/1/227
f 2449/1/228 2450/1/228 2452/1/228 2451/1/228
f 2451/1/229 2452/1/229 2454/1/229 2453/1/229
f 2453/1/230 2454/1/230 2456/1/230 2455/1/230
f 2446/1/27 2444/1/27 2458/1/27 2456/1/27 2454/1/27 2452/1/27 2450/1/27 2448/1/27
f 2455/1/231 2456/1/231 2458/1/231 2457/1/231
f 2457/1/232 2458/1/232 2444/1/232 2443/1/232
f 2443/1/29 2445/1/29 2447/1/29 2449/1/29 2451/1/29 2453/1/29 2455/1/29 2457/1/29
f 2907/1/25 2909/1/25 2908/1/25
f 2907/1/25 2910/1/25 2909/1/25
f 2907/1/25 2911/1/25 2910/1/25
f 2907/1/25 2912/1/25 2911/1/25
f 2907/1/25 2913/1/25 2912/1/25
f 2907/1/25 2914/1/25 2913/1/25
f 2907/1/25 2915/1/25 2914/1/25
f 2907/1/25 2916/1/25 2915/1/25
f 2907/1/25 2917/1/25 2916/1/25
f 2907/1/25 2918/1/25 2917/1/25
f 2907/1/25 2919/1/25 2918/1/25
f 2907/1/25 2920/1/25 2919/1/25
f 2907/1/25 2921/1/25 2920/1/25
f 2907/1/25 2908/1/25 2921/1/25
f 2908/1/30 2909/1/268 2923/1/269 2922/1/270
f 2909/1/268 2910/1/271 2924/1/272 2923/1/269
f 2910/1/271 2911/1/273 2925/1/274 2924/1/272
f 2911/1/273 2912/1/275 2926/1/276 2925/1/274
f 2912/1/275 2913/1/277 2927/1/278 2926/1/276
f 2913/1/277 2914/1/279 2928/1/280 2927/1/278
f 2914/1/279 2915/1/26 2929/1/281 2928/1/280
f 2915/1/26 2916/1/282 2930/1/283 2929/1/281
f 2916/1/282 2917/1/284 2931/1/285 2930/1/283
f 2917/1/284 2918/1/286 2932/1/287 2931/1/285
f 2918/1/286 2919/1/288 2933/1/289 2932/1/287
f 2919/1/288 2920/1/290 2934/1/291 2933/1/289
f 2920/1/290 2921/1/292 2935/1/293 2934/1/291
f 2921/1/292 2908/1/30 2922/1/270 2935/1/293
f 2922/1/270 2923/1/269 2937/1/294 2936/1/295
f 2923/1/269 2924/1/272 2938/1/296 2937/1/294
f 2924/1/272 2925/1/274 2939/1/297 2938/1/296
f 2925/1/274 2926/1/276 2940/1/298 2939/1/297
f 2926/1/276 2927/1/278 2941/1/299 2940/1/298
f 2927/1/278 2928/1/280 2942/1/300 2941/1/299
f 2928/1/280 2929/1/281 2943/1/301 2942/1/300
f 2929/1/281 2930/1/283 2944/1/302 2943/1/301
f 2930/1/283 2931/1/285 2945/1/303 2944/1/302
f 2931/1/285 2932/1/287 2946/1/304 2945/1/303
f 2932/1/287 2933/1/289 2947/1/305 2946/1/304
f 2933/1/289 2934/1/291 2948/1/306 2947/1/305
f 2934/1/291 2935/1/293 2949/1/307 2948/1/306
f 2935/1/293 2922/1/270 2936/1/295 2949/1/307
f 2936/1/308 2937/1/309 2950/1/28
f 2937/1/309 2938/1/310 2950/1/28
f 2938/1/310 2939/1/311 2950/1/28
f 2939/1/311 2940/1/312 2950/1/28
f 2940/1/312 2941/1/313 2950/1/28
f 2941/1/313 2942/1/314 2950/1/28
f 2942/1/314 2943/1/315 2950/1/28
f 2943/1/315 2944/1/316 2950/1/28
f 2944/1/316 2945/1/317 2950/1/28
f 2945/1/317 2946/1/318 2950/1/28
f 2946/1/318 2947/1/319 2950/1/28
f 2947/1/319 2948/1/320 2950/1/28
f 2948/1/320 2949/1/321 2950/1/28
f 2949/1/321 2936/1/308 2950/1/28
f 3035/1/25 3037/1/25 3036/1/25
f 3035/1/25 3038/1/25 3037/1/25
f 3035/1/25 3039/1/25 3038/1/25
f 3035/1/25 3040/1/25 3039/1/25
f 3035/1/25 3041/1/25 3040/1/25
f 3035/1/25 3042/1/25 3041/1/25
f 3035/1/25 3043/1/25 3042/1/25
f 3035/1/25 3044/1/25 3043/1/25
f 3035/1/25 3045/1/25 3044/1/25
f 3035/1/25 3046/1/25 3045/1/25
f 3035/1/25 3047/1/25 3046/1/25
f 3035/1/25 3048/1/25 3047/1/25
f 3035/1/25 3049/1/25 3048/1/25
f 3035/1/25 3036/1/25 3049/1/25
f 3036/1/30 3037/1/268 3051/1/269 3050/1/270
f 3037/1/268 3038/1/271 3052/1/272 3051/1/269
f 3038/1/271 3039/1/273 3053/1/274 3052/1/272
f 3039/1/273 3040/1/275 3054/1/276 3053/1/274
f 3040/1/275 3041/1/277 3055/1/278 3054/1/276
f 3041/1/277 3042/1/279 3056/1/280 3055/1/278
f 3042/1/279 3043/1/26 3057/1/281 3056/1/280
f 3043/1/26 3044/1/282 3058/1/283 3057/1/281
f 3044/1/282 3045/1/284 3059/1/285 3058/1/283
f 3045/1/284 3046/1/286 3060/1/287 3059/1/285
f 3046/1/286 3047/1/288 3061/1/289 3060/1/287
f 3047/1/288 3048/1/290 3062/1/291 3061/1/289
f 3048/1/290 3049/1/292 3063/1/293 3062/1/291
f 3049/1/292 3036/1/30 3050/1/270 3063/1/293
f 3050/1/270 3051/1/269 3065/1/294 3064/1/295
f 3051/1/269 3052/1/272 3066/1/296 3065/1/294
f 3052/1/272 3053/1/274 3067/1/297 3066/1/296
f 3053/1/274 3054/1/276 3068/1/298 3067/1/297
f 3054/1/276 3055/1/278 3069/1/299 3068/1/298
f 3055/1/278 3056/1/280 3070/1/300 3069/1/299
f 3056/1/280 3057/1/281 3071/1/301 3070/1/300
f 3057/1/281 3058/1/283 3072/1/302 3071/1/301
f 3058/1/283 3059/1/285 3073/1/303 3072/1/302
f 3059/1/285 3060/1/287 3074/1/304 3073/1/303
f 3060/1/287 3061/1/289 3075/1/305 3074/1/304
f 3061/1/289 3062/1/291 3076/1/306 3075/1/305
f 3062/1/291 3063/1/293 3077/1/307 3076/1/306
f 3063/1/293 3050/1/270 3064/1/295 3077/1/307
f 3064/1/308 3065/1/309 3078/1/28
f 3065/1/309 3066/1/310 3078/1/28
f 3066/1/310 3067/1/311 3078/1/28
f 3067/1/311 3068/1/312 3078/1/28
f 3068/1/312 3069/1/313 3078/1/28
f 3069/1/313 3070/1/314 3078/1/28
f 3070/1/314 3071/1/315 3078/1/28
f 3071/1/315 3072/1/316 3078/1/28
f 3072/1/316 3073/1/317 3078/1/28
f 3073/1/317 3074/1/318 3078/1/28
f 3074/1/318 3075/1/319 3078/1/28
f 3075/1/319 3076/1/320 3078/1/28
f 3076/1/320 3077/1/321 3078/1/28
f 3077/1/321 3064/1/308 3078/1/28
f 3163/1/25 3165/1/25 3164/1/25
f 3163/1/25 3166/1/25 3165/1/25
f 3163/1/25 3167/1/25 3166/1/25
f 3163/1/25 3168/1/25 3167/1/25
f 3163/1/25 3169/1/25 3168/1/25
f 3163/1/25 3170/1/25 3169/1/25
f 3163/1/25 3171/1/25 3170/1/25
f 3163/1/25 3172/1/25 3171/1/25
f 3163/1/25 3173/1/25 3172/1/25
f 3163/1/25 3174/1/25 3173/1/25
f 3163/1/25 3175/1/25 3174/1/25
f 3163/1/25 3176/1/25 3175/1/25
f 3163/1/25 3177/1/25 3176/1/25
f 3163/1/25 3164/1/25 3177/1/25
f 3164/1/30 3165/1/268 3179/1/269 3178/1/270
f 3165/1/268 3166/1/271 3180/1/272 3179/1/269
f 3166/1/271 3167/1/273 3181/1/274 3180/1/272
f 3167/1/273 3168/1/275 3182/1/276 3181/1/274
f 3168/1/275 3169/1/277 3183/1/278 3182/1/276
f 3169/1/277 3170/1/279 3184/1/280 3183/1/278
f 3170/1/279 3171/1/26 3185/1/281 3184/1/280
f 3171/1/26 3172/1/282 3186/1/283 3185/1/281
f 3172/1/282 3173/1/284 3187/1/285 3186/1/283
f 3173/1/284 3174/1/286 3188/1/287 3187/1/285
f 3174/1/286 3175/1/288 3189/1/289 3188/1/287
f 3175/1/288 3176/1/290 3190/1/291 3189/1/289
f 3176/1/290 3177/1/292 3191/1/293 3190/1/291
f 3177/1/292 3164/1/30 3178/1/270 3191/1/293
f 3178/1/270 3179/1/269 3193/1/294 3192/1/295
f 3179/1/269 3180/1/272 3194/1/296 3193/1/294
f 3180/1/272 3181/1/274 3195/1/297 3194/1/296
f 3181/1/274 3182/1/276 3196/1/298 3195/1/297
f 3182/1/276 3183/1/278 3197/1/299 3196/1/298
f 3183/1/278 3184/1/280 3198/1/300 3197/1/299
f 3184/1/280 3185/1/281 3199/1/301 3198/1/300
f 3185/1/281 3186/1/283 3200/1/302 3199/1/301
f 3186/1/283 3187/1/285 3201/1/303 3200/1/302
f 3187/1/285 3188/1/287 3202/1/304 3201/1/303
f 3188/1/287 3189/1/289 3203/1/305 3202/1/304
f 3189/1/289 3190/1/291 3204/1/306 3203/1/305
f 3190/1/291 3191/1/293 3205/1/307 3204/1/306
f 3191/1/293 3178/1/270 3192/1/295 3205/1/307
f 3192/1/308 3193/1/309 3206/1/28
f 3193/1/309 3194/1/310 3206/1/28
f 3194/1/310 3195/1/311 3206/1/28
f 3195/1/311 3196/1/312 3206/1/28
f 3196/1/312 3197/1/313 3206/1/28
f 3197/1/313 3198/1/314 3206/1/28
f 3198/1/314 3199/1/315 3206/1/28
f 3199/1/315 3200/1/316 3206/1/28
f 3200/1/316 3201/1/317 3206/1/28
f 3201/1/317 3202/1/318 3206/1/28
f 3202/1/318 3203/1/319 3206/1/28
f 3203/1/319 3204/1/320 3206/1/28
f 3204/1/320 3205/1/321 3206/1/28
f 3205/1/321 3192/1/308 3206/1/28
f 3291/1/25 3293/1/25 3292/1/25
f 3291/1/25 3294/1/25 3293/1/25
f 3291/1/25 3295/1/25 3294/1/25
f 3291/1/25 3296/1/25 3295/1/25
f 3291/1/25 3297/1/25 3296/1/25
f 3291/1/25 3298/1/25 3297/1/25
f 3291/1/25 3299/1/25 3298/1/25
f 3291/1/25 3300/1/25 3299/1/25
f 3291/1/25 3301/1/25 3300/1/25
f 3291/1/25 3302/1/25 3301/1/25
f 3291/1/25 3303/1/25 3302/1/25
f 3291/1/25 3304/1/25 3303/1/25
f 3291/1/25 3305/1/25 3304/1/25
f 3291/1/25 3292/1/25 3305/1/25
f 3292/1/30 3293/1/268 3307/1/269 3306/1/270
f 3293/1/268 3294/1/271 3308/1/272 3307/1/269
f 3294/1/271 3295/1/273 3309/1/274 3308/1/272
f 3295/1/273 3296/1/275 3310/1/276 3309/1/274
f 3296/1/275 3297/1/277 3311/1/278 3310/1/276
f 3297/1/277 3298/1/279 3312/1/280 3311/1/278
f 3298/1/279 3299/1/26 3313/1/281 3312/1/280
f 3299/1/26 3300/1/282 3314/1/283 3313/1/281
f 3300/1/282 3301/1/284 3315/1/285 3314/1/283
f 3301/1/284 3302/1/286 3316/1/287 3315/1/285
f 3302/1/286 3303/1/288 3317/1/289 3316/1/287
f 3303/1/288 3304/1/290 3318/1/291 3317/1/289
f 3304/1/290 3305/1/292 3319/1/293 3318/1/291
f 3305/1/292 3292/1/30 3306/1/270 3319/1/293
f 3306/1/270 3307/1/269 3321/1/294 3320/1/295
f 3307/1/269 3308/1/272 3322/1/296 3321/1/294
f 3308/1/272 3309/1/274 3323/1/297 3322/1/296
f 3309/1/274 3310/1/276 3324/1/298 3323/1/297
f 3310/1/276 3311/1/278 3325/1/299 3324/1/298
f 3311/1/278 3312/1/280 3326/1/300 3325/1/299
f 3312/1/280 3313/1/281 3327/1/301 3326/1/300
f 3313/1/281 3314/1/283 3328/1/302 3327/1/301
f 3314/1/283 3315/1/285 3329/1/303 3328/1/302
f 3315/1/285 3316/1/287 3330/1/304 3329/1/303
f 3316/1/287 3317/1/289 3331/1/305 3330/1/304
f 3317/1/289 3318/1/291 3332/1/306 3331/1/305
f 3318/1/291 3319/1/293 3333/1/307 3332/1/306
f 3319/1/293 3306/1/270 3320/1/295 3333/1/307
f 3320/1/308 3321/1/309 3334/1/28
f 3321/1/309 3322/1/310 3334/1/28
f 3322/1/310 3323/1/311 3334/1/28
f 3323/1/311 3324/1/312 3334/1/28
f 3324/1/312 3325/1/313 3334/1/28
f 3325/1/313 3326/1/314 3334/1/28
f 3326/1/314 3327/1/315 3334/1/28
f 3327/1/315 3328/1/316 3334/1/28
f 3328/1/316 3329/1/317 3334/1/28
f 3329/1/317 3330/1/318 3334/1/28
f 3330/1/318 3331/1/319 3334/1/28
f 3331/1/319 3332/1/320 3334/1/28
f 3332/1/320 3333/1/321 3334/1/28
f 3333/1/321 3320/1/308 3334/1/28
f 3419/1/25 3421/1/25 3420/1/25
f 3419/1/25 3422/1/25 3421/1/25
f 3419/1/25 3423/1/25 3422/1/25
f 3419/1/25 3424/1/25 3423/1/25
f 3419/1/25 3425/1/25 3424/1/25
f 3419/1/25 3426/1/25 3425/1/25
f 3419/1/25 3427/1/25 3426/1/25
f 3419/1/25 3428/1/25 3427/1/25
f 3419/1/25 3429/1/25 3428/1/25
f 3419/1/25 3430/1/25 3429/1/25
f 3419/1/25 3431/1/25 3430/1/25
f 3419/1/25 3432/1/25 3431/1/25
f 3419/1/25 3433/1/25 3432/1/25
f 3419/1/25 3420/1/25 3433/1/25
f 3420/1/30 3421/1/268 3435/1/269 3434/1/270
f 3421/1/268 3422/1/271 3436/1/272 3435/1/269
f 3422/1/271 3423/1/273 3437/1/274 3436/1/272
f 3423/1/273 3424/1/275 3438/1/276 3437/1/274
f 3424/1/275 3425/1/277 3439/1/278 3438/1/276
f 3425/1/277 3426/1/279 3440/1/280 3439/1/278
f 3426/1/279 3427/1/26 3441/1/281 3440/1/280
f 3427/1/26 3428/1/282 3442/1/283 3441/1/281
f 3428/1/282 3429/1/284 3443/1/285 3442/1/283
f 3429/1/284 3430/1/286 3444/1/287 3443/1/285
f 3430/1/286 3431/1/288 3445/1/289 3444/1/287
f 3431/1/288 3432/1/290 3446/1/291 3445/1/289
f 3432/1/290 3433/1/292 3447/1/293 3446/1/291
f 3433/1/292 3420/1/30 3434/1/270 3447/1/293
f 3434/1/270 3435/1/269 3449/1/294 3448/1/295
f 3435/1/269 3436/1/272 3450/1/296 3449/1/294
f 3436/1/272 3437/1/274 3451/1/297 3450/1/296
f 3437/1/274 3438/1/276 3452/1/298 3451/1/297
f 3438/1/276 3439/1/278 3453/1/299 3452/1/298
f 3439/1/278 3440/1/280 3454/1/300 3453/1/299
f 3440/1/280 3441/1/281 3455/1/301 3454/1/300
f 3441/1/281 3442/1/283 3456/1/302 3455/1/301
f 3442/1/283 3443/1/285 3457/1/303 3456/1/302
f 3443/1/285 3444/1/287 3458/1/304 3457/1/303
f 3444/1/287 3445/1/289 3459/1/305 3458/1/304
f 3445/1/289 3446/1/291 3460/1/306 3459/1/305
f 3446/1/291 3447/1/293 3461/1/307 3460/1/306
f 3447/1/293 3434/1/270 3448/1/295 3461/1/307
f 3448/1/308 3449/1/309 3462/1/28
f 3449/1/309 3450/1/310 3462/1/28
f 3450/1/310 3451/1/311 3462/1/28
f 3451/1/311 3452/1/312 3462/1/28
f 3452/1/312 3453/1/313 3462/1/28
f 3453/1/313 3454/1/314 3462/1/28
f 3454/1/314 3455/1/315 3462/1/28
f 3455/1/315 3456/1/316 3462/1/28
f 3456/1/316 3457/1/317 3462/1/28
f 3457/1/317 3458/1/318 3462/1/28
f 3458/1/318 3459/1/319 3462/1/28
f 3459/1/319 3460/1/320 3462/1/28
f 3460/1/320 3461/1/321 3462/1/28
f 3461/1/321 3448/1/308 3462/1/28
usemtl mustard_e1
f 1386/1/166 1434/1/167 1391/1/168 1392/1/169
f 1385/1/29 1433/1/170 1389/1/171 1390/1/172
f 1384/1/173 1383/1/28 1388/1/174
f 1387/1/25 1386/1/166 1392/1/169
f 1434/1/167 1385/1/29 1390/1/172 1391/1/168
f 1433/1/170 1384/1/173 1388/1/174 1389/1/171
f 1390/1/172 1389/1/171 1394/1/175 1395/1/176
f 1388/1/174 1383/1/28 1393/1/177
f 1387/1/25 1392/1/169 1397/1/178
f 1391/1/168 1390/1/172 1395/1/176 1396/1/179
f 1389/1/171 1388/1/174 1393/1/177 1394/1/175
f 1392/1/169 1391/1/168 1396/1/179 1397/1/178
f 1393/1/177 1383/1/28 1398/1/180
f 1387/1/25 1397/1/178 1402/1/181
f 1396/1/179 1395/1/176 1400/1/182 1401/1/183
f 1394/1/175 1393/1/177 1398/1/180 1399/1/184
f 1397/1/178 1396/1/179 1401/1/183 1402/1/181
f 1395/1/176 1394/1/175 1399/1/184 1400/1/182
f 1387/1/25 1402/1/181 1407/1/185
f 1401/1/183 1400/1/182 1405/1/186 1406/1/187
f 1399/1/184 1398/1/180 1403/1/188 1404/1/189
f 1402/1/181 1401/1/183 1406/1/187 1407/1/185
f 1400/1/182 1399/1/184 1404/1/189 1405/1/186
f 1398/1/180 1383/1/28 1403/1/188
f 1387/1/25 1407/1/185 1412/1/190
f 1406/1/187 1405/1/186 1410/1/27 1411/1/191
f 1404/1/189 1403/1/188 1408/1/192 1409/1/193
f 1407/1/185 1406/1/187 1411/1/191 1412/1/190
f 1405/1/186 1404/1/189 1409/1/193 1410/1/27
f 1403/1/188 1383/1/28 1408/1/192
f 1387/1/25 1412/1/190 1417/1/194
f 1411/1/191 1410/1/27 1415/1/195 1416/1/196
f 1409/1/193 1408/1/192 1413/1/197 1414/1/198
f 1412/1/190 1411/1/191 1416/1/196 1417/1/194
f 1410/1/27 1409/1/193 1414/1/198 1415/1/195
f 1408/1/192 1383/1/28 1413/1/197
f 1416/1/196 1415/1/195 1420/1/199 1421/1/200
f 1414/1/198 1413/1/197 1418/1/201 1419/1/202
f 1417/1/194 1416/1/196 1421/1/200 1422/1/203
f 1415/1/195 1414/1/198 1419/1/202 1420/1/199
f 1413/1/197 1383/1/28 1418/1/201
f 1387/1/25 1417/1/194 1422/1/203
f 1419/1/202 1418/1/201 1423/1/204 1424/1/205
f 1422/1/203 1421/1/200 1426/1/206 1427/1/207
f 1420/1/199 1419/1/202 1424/1/205 1425/1/208
f 1418/1/201 1383/1/28 1423/1/204
f 1387/1/25 1422/1/203 1427/1/207
f 1421/1/200 1420/1/199 1425/1/208 1426/1/206
f 1427/1/207 1426/1/206 1431/1/209 1432/1/210
f 1425/1/208 1424/1/205 1429/1/211 1430/1/212
f 1423/1/204 1383/1/28 1428/1/213
f 1387/1/25 1427/1/207 1432/1/210
f 1426/1/206 1425/1/208 1430/1/212 1431/1/209
f 1424/1/205 1423/1/204 1428/1/213 1429/1/211
f 1432/1/210 1431/1/209 1434/1/167 1386/1/166
f 1430/1/212 1429/1/211 1433/1/170 1385/1/29
f 1428/1/213 1383/1/28 1384/1/173
f 1387/1/25 1432/1/210 1386/1/166
f 1431/1/209 1430/1/212 1385/1/29 1434/1/167
f 1429/1/211 1428/1/213 1384/1/173 1433/1/170
f 1774/1/166 1822/1/167 1779/1/168 1780/1/169
f 1773/1/29 1821/1/170 1777/1/171 1778/1/172
f 1772/1/173 1771/1/28 1776/1/174
f 1775/1/25 1774/1/166 1780/1/169
f 1822/1/167 1773/1/29 1778/1/172 1779/1/168
f 1821/1/170 1772/1/173 1776/1/174 1777/1/171
f 1778/1/172 1777/1/171 1782/1/175 1783/1/176
f 1776/1/174 1771/1/28 1781/1/177
f 1775/1/25 1780/1/169 1785/1/178
f 1779/1/168 1778/1/172 1783/1/176 1784/1/179
f 1777/1/171 1776/1/174 1781/1/177 1782/1/175
f 1780/1/169 1779/1/168 1784/1/179 1785/1/178
f 1781/1/177 1771/1/28 1786/1/180
f 1775/1/25 1785/1/178 1790/1/181
f 1784/1/179 1783/1/176 1788/1/182 1789/1/183
f 1782/1/175 1781/1/177 1786/1/180 1787/1/184
f 1785/1/178 1784/1/179 1789/1/183 1790/1/181
f 1783/1/176 1782/1/175 1787/1/184 1788/1/182
f 1775/1/25 1790/1/181 1795/1/185
f 1789/1/183 1788/1/182 1793/1/186 1794/1/187
f 1787/1/184 1786/1/180 1791/1/188 1792/1/189
f 1790/1/181 1789/1/183 1794/1/187 1795/1/185
f 1788/1/182 1787/1/184 1792/1/189 1793/1/186
f 1786/1/180 1771/1/28 1791/1/188
f 1775/1/25 1795/1/185 1800/1/190
f 1794/1/187 1793/1/186 1798/1/27 1799/1/191
f 1792/1/189 1791/1/188 1796/1/192 1797/1/193
f 1795/1/185 1794/1/187 1799/1/191 1800/1/190
f 1793/1/186 1792/1/189 1797/1/193 1798/1/27
f 1791/1/188 1771/1/28 1796/1/192
f 1775/1/25 1800/1/190 1805/1/194
f 1799/1/191 1798/1/27 1803/1/195 1804/1/196
f 1797/1/193 1796/1/192 1801/1/197 1802/1/198
f 1800/1/190 1799/1/191 1804/1/196 1805/1/194
f 1798/1/27 1797/1/193 1802/1/198 1803/1/195
f 1796/1/192 1771/1/28 1801/1/197
f 1804/1/196 1803/1/195 1808/1/199 1809/1/200
f 1802/1/198 1801/1/197 1806/1/217 1807/1/202
f 1805/1/194 1804/1/196 1809/1/200 1810/1/218
f 1803/1/195 1802/1/198 1807/1/202 1808/1/199
f 1801/1/197 1771/1/28 1806/1/217
f 1775/1/25 1805/1/194 1810/1/218
f 1807/1/202 1806/1/217 1811/1/204 1812/1/205
f 1810/1/218 1809/1/200 1814/1/206 1815/1/207
f 1808/1/199 1807/1/202 1812/1/205 1813/1/208
f 1806/1/217 1771/1/28 1811/1/204
f 1775/1/25 1810/1/218 1815/1/207
f 1809/1/200 1808/1/199 1813/1/208 1814/1/206
f 1815/1/207 1814/1/206 1819/1/209 1820/1/210
f 1813/1/208 1812/1/205 1817/1/211 1818/1/212
f 1811/1/204 1771/1/28 1816/1/213
f 1775/1/25 1815/1/207 1820/1/210
f 1814/1/206 1813/1/208 1818/1/212 1819/1/209
f 1812/1/205 1811/1/204 1816/1/213 1817/1/211
f 1820/1/210 1819/1/209 1822/1/167 1774/1/166
f 1818/1/212 1817/1/211 1821/1/170 1773/1/29
f 1816/1/213 1771/1/28 1772/1/173
f 1775/1/25 1820/1/210 1774/1/166
f 1819/1/209 1818/1/212 1773/1/29 1822/1/167
f 1817/1/211 1816/1/213 1772/1/173 1821/1/170
f 2209/1/170 2160/1/173 2164/1/174 2165/1/171
f 2162/1/166 2210/1/167 2167/1/168 2168/1/169
f 2161/1/29 2209/1/170 2165/1/171 2166/1/172
f 2160/1/173 2159/1/28 2164/1/174
f 2163/1/25 2162/1/166 2168/1/169
f 2210/1/167 2161/1/29 2166/1/172 2167/1/168
f 2168/1/169 2167/1/168 2172/1/179 2173/1/178
f 2166/1/172 2165/1/171 2170/1/175 2171/1/176
f 2164/1/174 2159/1/28 2169/1/177
f 2163/1/25 2168/1/169 2173/1/178
f 2167/1/168 2166/1/172 2171/1/176 2172/1/179
f 2165/1/171 2164/1/174 2169/1/177 2170/1/175
f 2173/1/178 2172/1/179 2177/1/183 2178/1/181
f 2171/1/176 2170/1/175 2175/1/184 2176/1/182
f 2169/1/177 2159/1/28 2174/1/180
f 2163/1/25 2173/1/178 2178/1/181
f 2172/1/179 2171/1/176 2176/1/182 2177/1/183
f 2170/1/175 2169/1/177 2174/1/180 2175/1/184
f 2176/1/182 2175/1/184 2180/1/189 2181/1/186
f 2174/1/180 2159/1/28 2179/1/188
f 2163/1/25 2178/1/181 2183/1/185
f 2177/1/183 2176/1/182 2181/1/186 2182/1/187
f 2175/1/184 2174/1/180 2179/1/188 2180/1/189
f 2178/1/181 2177/1/183 2182/1/187 2183/1/185
f 2179/1/188 2159/1/28 2184/1/192
f 2163/1/25 2183/1/185 2188/1/190
f 2182/1/187 2181/1/186 2186/1/27 2187/1/191
f 2180/1/189 2179/1/188 2184/1/192 2185/1/193
f 2183/1/185 2182/1/187 2187/1/191 2188/1/190
f 2181/1/186 2180/1/189 2185/1/193 2186/1/27
f 2163/1/25 2188/1/190 2193/1/194
f 2187/1/191 2186/1/27 2191/1/195 2192/1/196
f 2185/1/193 2184/1/192 2189/1/197 2190/1/198
f 2188/1/190 2187/1/191 2192/1/196 2193/1/194
f 2186/1/27 2185/1/193 2190/1/198 2191/1/195
f 2184/1/192 2159/1/28 2189/1/197
f 2163/1/25 2193/1/194 2198/1/218
f 2192/1/196 2191/1/195 2196/1/199 2197/1/200
f 2190/1/198 2189/1/197 2194/1/217 2195/1/202
f 2193/1/194 2192/1/196 2197/1/200 2198/1/218
f 2191/1/195 2190/1/198 2195/1/202 2196/1/199
f 2189/1/197 2159/1/28 2194/1/217
f 2163/1/25 2198/1/218 2203/1/207
f 2197/1/200 2196/1/199 2201/1/208 2202/1/206
f 2195/1/202 2194/1/217 2199/1/204 2200/1/205
f 2198/1/218 2197/1/200 2202/1/206 2203/1/207
f 2196/1/199 2195/1/202 2200/1/205 2201/1/208
f 2194/1/217 2159/1/28 2199/1/204
f 2202/1/206 2201/1/208 2206/1/212 2207/1/209
f 2200/1/205 2199/1/204 2204/1/213 2205/1/211
f 2203/1/207 2202/1/206 2207/1/209 2208/1/210
f 2201/1/208 2200/1/205 2205/1/211 2206/1/212
f 2199/1/204 2159/1/28 2204/1/213
f 2163/1/25 2203/1/207 2208/1/210
f 2205/1/211 2204/1/213 2160/1/173 2209/1/170
f 2208/1/210 2207/1/209 2210/1/167 2162/1/166
f 2206/1/212 2205/1/211 2209/1/170 2161/1/29
f 2204/1/213 2159/1/28 2160/1/173
f 2163/1/25 2208/1/210 2162/1/166
f 2207/1/209 2206/1/212 2161/1/29 2210/1/167
usemtl navy
f 1435/1/1 1436/1/2 1437/1/3
f 1438/1/4 1439/1/5 1440/1/6
f 1441/1/7 1442/1/8 1443/1/9
f 1444/1/10 1445/1/11 1446/1/12
f 1447/1/13 1448/1/14 1449/1/15
f 1450/1/16 1451/1/17 1452/1/18
f 1453/1/19 1454/1/20 1455/1/21
f 1456/1/22 1457/1/23 1458/1/24
f 1441/1/7 1435/1/1 1437/1/3 1442/1/8
f 1436/1/2 1438/1/4 1440/1/6 1437/1/3
f 1439/1/5 1444/1/10 1446/1/12 1440/1/6
f 1445/1/11 1443/1/9 1442/1/8 1446/1/12
f 1453/1/19 1441/1/7 1443/1/9 1454/1/20
f 1444/1/10 1456/1/22 1458/1/24 1445/1/11
f 1457/1/23 1455/1/21 1454/1/20 1458/1/24
f 1447/1/13 1453/1/19 1455/1/21 1448/1/14
f 1456/1/22 1450/1/16 1452/1/18 1457/1/23
f 1451/1/17 1449/1/15 1448/1/14 1452/1/18
f 1435/1/1 1447/1/13 1449/1/15 1436/1/2
f 1450/1/16 1439/1/5 1438/1/4 1451/1/17
f 1441/1/25 1453/1/25 1447/1/25 1435/1/25
f 1437/1/26 1440/1/26 1446/1/26 1442/1/26
f 1449/1/27 1451/1/27 1438/1/27 1436/1/27
f 1456/1/28 1444/1/28 1439/1/28 1450/1/28
f 1443/1/29 1445/1/29 1458/1/29 1454/1/29
f 1455/1/30 1457/1/30 1452/1/30 1448/1/30
f 1459/1/31 1462/1/32 1463/1/33 1465/1/34
f 1460/1/35 1464/1/36 1463/1/37 1462/1/38
f 1461/1/39 1465/1/40 1463/1/41 1464/1/42
f 1466/1/43 1469/1/44 1470/1/155 1472/1/46
f 1467/1/47 1471/1/48 1470/1/49 1469/1/50
f 1468/1/51 1472/1/52 1470/1/53 1471/1/54
f 1473/1/55 1476/1/56 1477/1/57 1479/1/58
f 1474/1/59 1478/1/60 1477/1/61 1476/1/62
f 1475/1/63 1479/1/64 1477/1/214 1478/1/66
f 1480/1/67 1483/1/68 1484/1/69 1486/1/70
f 1481/1/71 1485/1/72 1484/1/215 1483/1/74
f 1482/1/75 1486/1/76 1484/1/77 1485/1/78
f 1487/1/79 1490/1/80 1491/1/81 1493/1/82
f 1488/1/83 1492/1/84 1491/1/85 1490/1/86
f 1489/1/87 1493/1/88 1491/1/89 1492/1/90
f 1494/1/91 1497/1/92 1498/1/93 1500/1/94
f 1495/1/95 1499/1/96 1498/1/162 1497/1/98
f 1496/1/99 1500/1/100 1498/1/101 1499/1/102
f 1501/1/103 1504/1/104 1505/1/105 1507/1/106
f 1502/1/107 1506/1/108 1505/1/109 1504/1/110
f 1503/1/111 1507/1/112 1505/1/216 1506/1/114
f 1508/1/115 1511/1/116 1512/1/117 1514/1/118
f 1509/1/119 1513/1/120 1512/1/121 1511/1/122
f 1510/1/123 1514/1/124 1512/1/125 1513/1/126
f 1473/1/55 1459/1/31 1465/1/34 1476/1/56
f 1476/1/62 1465/1/40 1461/1/39 1474/1/59
f 1460/1/35 1466/1/43 1472/1/46 1464/1/36
f 1464/1/42 1472/1/52 1468/1/51 1461/1/39
f 1467/1/47 1480/1/67 1486/1/70 1471/1/48
f 1471/1/54 1486/1/76 1482/1/75 1468/1/51
f 1481/1/71 1475/1/63 1478/1/66 1485/1/72
f 1485/1/78 1478/1/60 1474/1/59 1482/1/75
f 1501/1/103 1473/1/55 1479/1/58 1504/1/104
f 1504/1/110 1479/1/64 1475/1/63 1502/1/107
f 1480/1/67 1508/1/115 1514/1/118 1483/1/68
f 1483/1/74 1514/1/124 1510/1/123 1481/1/71
f 1509/1/119 1503/1/111 1506/1/114 1513/1/120
f 1513/1/126 1506/1/108 1502/1/107 1510/1/123
f 1487/1/79 1501/1/103 1507/1/106 1490/1/80
f 1490/1/86 1507/1/112 1503/1/111 1488/1/83
f 1508/1/115 1494/1/91 1500/1/94 1511/1/116
f 1511/1/122 1500/1/100 1496/1/99 1509/1/119
f 1495/1/95 1489/1/87 1492/1/90 1499/1/96
f 1499/1/102 1492/1/84 1488/1/83 1496/1/99
f 1459/1/31 1487/1/79 1493/1/82 1462/1/32
f 1462/1/38 1493/1/88 1489/1/87 1460/1/35
f 1494/1/91 1467/1/47 1469/1/50 1497/1/92
f 1497/1/98 1469/1/44 1466/1/43 1495/1/95
f 1473/1/55 1501/1/103 1487/1/79 1459/1/31
f 1461/1/39 1468/1/51 1482/1/75 1474/1/59
f 1489/1/87 1495/1/95 1466/1/43 1460/1/35
f 1508/1/115 1480/1/67 1467/1/47 1494/1/91
f 1475/1/63 1481/1/71 1510/1/123 1502/1/107
f 1503/1/111 1509/1/119 1496/1/99 1488/1/83
f 1823/1/1 1824/1/2 1825/1/3
f 1826/1/4 1827/1/5 1828/1/6
f 1829/1/7 1830/1/8 1831/1/9
f 1832/1/10 1833/1/11 1834/1/12
f 1835/1/13 1836/1/14 1837/1/15
f 1838/1/16 1839/1/17 1840/1/18
f 1841/1/19 1842/1/20 1843/1/21
f 1844/1/22 1845/1/23 1846/1/24
f 1829/1/7 1823/1/1 1825/1/3 1830/1/8
f 1824/1/2 1826/1/4 1828/1/6 1825/1/3
f 1827/1/5 1832/1/10 1834/1/12 1828/1/6
f 1833/1/11 1831/1/9 1830/1/8 1834/1/12
f 1841/1/19 1829/1/7 1831/1/9 1842/1/20
f 1832/1/10 1844/1/22 1846/1/24 1833/1/11
f 1845/1/23 1843/1/21 1842/1/20 1846/1/24
f 1835/1/13 1841/1/19 1843/1/21 1836/1/14
f 1844/1/22 1838/1/16 1840/1/18 1845/1/23
f 1839/1/17 1837/1/15 1836/1/14 1840/1/18
f 1823/1/1 1835/1/13 1837/1/15 1824/1/2
f 1838/1/16 1827/1/5 1826/1/4 1839/1/17
f 1829/1/25 1841/1/25 1835/1/25 1823/1/25
f 1825/1/26 1828/1/26 1834/1/26 1830/1/26
f 1837/1/27 1839/1/27 1826/1/27 1824/1/27
f 1844/1/28 1832/1/28 1827/1/28 1838/1/28
f 1831/1/29 1833/1/29 1846/1/29 1842/1/29
f 1843/1/30 1845/1/30 1840/1/30 1836/1/30
f 1847/1/31 1850/1/32 1851/1/33 1853/1/34
f 1848/1/35 1852/1/36 1851/1/37 1850/1/38
f 1849/1/39 1853/1/40 1851/1/219 1852/1/42
f 1854/1/43 1857/1/44 1858/1/155 1860/1/46
f 1855/1/47 1859/1/48 1858/1/49 1857/1/50
f 1856/1/51 1860/1/52 1858/1/53 1859/1/54
f 1861/1/55 1864/1/56 1865/1/57 1867/1/58
f 1862/1/59 1866/1/60 1865/1/61 1864/1/62
f 1863/1/63 1867/1/64 1865/1/214 1866/1/66
f 1868/1/67 1871/1/68 1872/1/69 1874/1/70
f 1869/1/71 1873/1/72 1872/1/73 1871/1/74
f 1870/1/75 1874/1/76 1872/1/77 1873/1/78
f 1875/1/79 1878/1/80 1879/1/81 1881/1/82
f 1876/1/83 1880/1/84 1879/1/85 1878/1/86
f 1877/1/87 1881/1/88 1879/1/89 1880/1/90
f 1882/1/91 1885/1/92 1886/1/93 1888/1/94
f 1883/1/95 1887/1/96 1886/1/162 1885/1/98
f 1884/1/99 1888/1/100 1886/1/101 1887/1/102
f 1889/1/103 1892/1/104 1893/1/105 1895/1/106
f 1890/1/107 1894/1/108 1893/1/220 1892/1/110
f 1891/1/111 1895/1/112 1893/1/113 1894/1/114
f 1896/1/115 1899/1/116 1900/1/117 1902/1/118
f 1897/1/119 1901/1/120 1900/1/221 1899/1/122
f 1898/1/123 1902/1/124 1900/1/125 1901/1/126
f 1861/1/55 1847/1/31 1853/1/34 1864/1/56
f 1864/1/62 1853/1/40 1849/1/39 1862/1/59
f 1848/1/35 1854/1/43 1860/1/46 1852/1/36
f 1852/1/42 1860/1/52 1856/1/51 1849/1/39
f 1855/1/47 1868/1/67 1874/1/70 1859/1/48
f 1859/1/54 1874/1/76 1870/1/75 1856/1/51
f 1869/1/71 1863/1/63 1866/1/66 1873/1/72
f 1873/1/78 1866/1/60 1862/1/59 1870/1/75
f 1889/1/103 1861/1/55 1867/1/58 1892/1/104
f 1892/1/110 1867/1/64 1863/1/63 1890/1/107
f 1868/1/67 1896/1/115 1902/1/118 1871/1/68
f 1871/1/74 1902/1/124 1898/1/123 1869/1/71
f 1897/1/119 1891/1/111 1894/1/114 1901/1/120
f 1901/1/126 1894/1/108 1890/1/107 1898/1/123
f 1875/1/79 1889/1/103 1895/1/106 1878/1/80
f 1878/1/86 1895/1/112 1891/1/111 1876/1/83
f 1896/1/115 1882/1/91 1888/1/94 1899/1/116
f 1899/1/122 1888/1/100 1884/1/99 1897/1/119
f 1883/1/95 1877/1/87 1880/1/90 1887/1/96
f 1887/1/102 1880/1/84 1876/1/83 1884/1/99
f 1847/1/31 1875/1/79 1881/1/82 1850/1/32
f 1850/1/38 1881/1/88 1877/1/87 1848/1/35
f 1882/1/91 1855/1/47 1857/1/50 1885/1/92
f 1885/1/98 1857/1/44 1854/1/43 1883/1/95
f 1861/1/55 1889/1/103 1875/1/79 1847/1/31
f 1849/1/39 1856/1/51 1870/1/75 1862/1/59
f 1877/1/87 1883/1/95 1854/1/43 1848/1/35
f 1896/1/115 1868/1/67 1855/1/47 1882/1/91
f 1863/1/63 1869/1/71 1898/1/123 1890/1/107
f 1891/1/111 1897/1/119 1884/1/99 1876/1/83
f 2211/1/1 2212/1/2 2213/1/3
f 2214/1/4 2215/1/5 2216/1/6
f 2217/1/7 2218/1/8 2219/1/9
f 2220/1/10 2221/1/11 2222/1/12
f 2223/1/13 2224/1/14 2225/1/15
f 2226/1/16 2227/1/17 2228/1/18
f 2229/1/19 2230/1/20 2231/1/21
f 2232/1/22 2233/1/23 2234/1/24
f 2217/1/7 2211/1/1 2213/1/3 2218/1/8
f 2212/1/2 2214/1/4 2216/1/6 2213/1/3
f 2215/1/5 2220/1/10 2222/1/12 2216/1/6
f 2221/1/11 2219/1/9 2218/1/8 2222/1/12
f 2229/1/19 2217/1/7 2219/1/9 2230/1/20
f 2220/1/10 2232/1/22 2234/1/24 2221/1/11
f 2233/1/23 2231/1/21 2230/1/20 2234/1/24
f 2223/1/13 2229/1/19 2231/1/21 2224/1/14
f 2232/1/22 2226/1/16 2228/1/18 2233/1/23
f 2227/1/17 2225/1/15 2224/1/14 2228/1/18
f 2211/1/1 2223/1/13 2225/1/15 2212/1/2
f 2226/1/16 2215/1/5 2214/1/4 2227/1/17
f 2217/1/25 2229/1/25 2223/1/25 2211/1/25
f 2213/1/26 2216/1/26 2222/1/26 2218/1/26
f 2225/1/27 2227/1/27 2214/1/27 2212/1/27
f 2232/1/28 2220/1/28 2215/1/28 2226/1/28
f 2219/1/29 2221/1/29 2234/1/29 2230/1/29
f 2231/1/30 2233/1/30 2228/1/30 2224/1/30
f 2235/1/31 2238/1/32 2239/1/33 2241/1/34
f 2236/1/35 2240/1/36 2239/1/37 2238/1/38
f 2237/1/39 2241/1/40 2239/1/41 2240/1/42
f 2242/1/43 2245/1/44 2246/1/155 2248/1/46
f 2243/1/47 2247/1/48 2246/1/49 2245/1/50
f 2244/1/51 2248/1/52 2246/1/53 2247/1/54
f 2249/1/55 2252/1/56 2253/1/57 2255/1/58
f 2250/1/59 2254/1/60 2253/1/61 2252/1/62
f 2251/1/63 2255/1/64 2253/1/65 2254/1/66
f 2256/1/67 2259/1/68 2260/1/69 2262/1/70
f 2257/1/71 2261/1/72 2260/1/73 2259/1/74
f 2258/1/75 2262/1/76 2260/1/77 2261/1/78
f 2263/1/79 2266/1/80 2267/1/81 2269/1/82
f 2264/1/83 2268/1/84 2267/1/85 2266/1/86
f 2265/1/87 2269/1/88 2267/1/89 2268/1/90
f 2270/1/91 2273/1/92 2274/1/93 2276/1/94
f 2271/1/95 2275/1/96 2274/1/162 2273/1/98
f 2272/1/99 2276/1/100 2274/1/101 2275/1/102
f 2277/1/103 2280/1/104 2281/1/105 2283/1/106
f 2278/1/107 2282/1/108 2281/1/220 2280/1/110
f 2279/1/111 2283/1/112 2281/1/113 2282/1/114
f 2284/1/115 2287/1/116 2288/1/117 2290/1/118
f 2285/1/119 2289/1/120 2288/1/121 2287/1/122
f 2286/1/123 2290/1/124 2288/1/125 2289/1/126
f 2249/1/55 2235/1/31 2241/1/34 2252/1/56
f 2252/1/62 2241/1/40 2237/1/39 2250/1/59
f 2236/1/35 2242/1/43 2248/1/46 2240/1/36
f 2240/1/42 2248/1/52 2244/1/51 2237/1/39
f 2243/1/47 2256/1/67 2262/1/70 2247/1/48
f 2247/1/54 2262/1/76 2258/1/75 2244/1/51
f 2257/1/71 2251/1/63 2254/1/66 2261/1/72
f 2261/1/78 2254/1/60 2250/1/59 2258/1/75
f 2277/1/103 2249/1/55 2255/1/58 2280/1/104
f 2280/1/110 2255/1/64 2251/1/63 2278/1/107
f 2256/1/67 2284/1/115 2290/1/118 2259/1/68
f 2259/1/74 2290/1/124 2286/1/123 2257/1/71
f 2285/1/119 2279/1/111 2282/1/114 2289/1/120
f 2289/1/126 2282/1/108 2278/1/107 2286/1/123
f 2263/1/79 2277/1/103 2283/1/106 2266/1/80
f 2266/1/86 2283/1/112 2279/1/111 2264/1/83
f 2284/1/115 2270/1/91 2276/1/94 2287/1/116
f 2287/1/122 2276/1/100 2272/1/99 2285/1/119
f 2271/1/95 2265/1/87 2268/1/90 2275/1/96
f 2275/1/102 2268/1/84 2264/1/83 2272/1/99
f 2235/1/31 2263/1/79 2269/1/82 2238/1/32
f 2238/1/38 2269/1/88 2265/1/87 2236/1/35
f 2270/1/91 2243/1/47 2245/1/50 2273/1/92
f 2273/1/98 2245/1/44 2242/1/43 2271/1/95
f 2249/1/55 2277/1/103 2263/1/79 2235/1/31
f 2237/1/39 2244/1/51 2258/1/75 2250/1/59
f 2265/1/87 2271/1/95 2242/1/43 2236/1/35
f 2284/1/115 2256/1/67 2243/1/47 2270/1/91
f 2251/1/63 2257/1/71 2286/1/123 2278/1/107
f 2279/1/111 2285/1/119 2272/1/99 2264/1/83
f 2379/1/1 2380/1/2 2381/1/3
f 2382/1/4 2383/1/5 2384/1/6
f 2385/1/7 2386/1/8 2387/1/9
f 2388/1/10 2389/1/11 2390/1/12
f 2391/1/13 2392/1/14 2393/1/15
f 2394/1/16 2395/1/17 2396/1/18
f 2397/1/19 2398/1/20 2399/1/21
f 2400/1/22 2401/1/23 2402/1/24
f 2385/1/7 2379/1/1 2381/1/3 2386/1/8
f 2380/1/2 2382/1/4 2384/1/6 2381/1/3
f 2383/1/5 2388/1/10 2390/1/12 2384/1/6
f 2389/1/11 2387/1/9 2386/1/8 2390/1/12
f 2397/1/19 2385/1/7 2387/1/9 2398/1/20
f 2388/1/10 2400/1/22 2402/1/24 2389/1/11
f 2401/1/23 2399/1/21 2398/1/20 2402/1/24
f 2391/1/13 2397/1/19 2399/1/21 2392/1/14
f 2400/1/22 2394/1/16 2396/1/18 2401/1/23
f 2395/1/17 2393/1/15 2392/1/14 2396/1/18
f 2379/1/1 2391/1/13 2393/1/15 2380/1/2
f 2394/1/16 2383/1/5 2382/1/4 2395/1/17
f 2385/1/25 2397/1/25 2391/1/25 2379/1/25
f 2381/1/26 2384/1/26 2390/1/26 2386/1/26
f 2393/1/27 2395/1/27 2382/1/27 2380/1/27
f 2400/1/28 2388/1/28 2383/1/28 2394/1/28
f 2387/1/29 2389/1/29 2402/1/29 2398/1/29
f 2399/1/30 2401/1/30 2396/1/30 2392/1/30
f 2435/1/26 2436/1/26 2438/1/26 2437/1/26
f 2437/1/29 2438/1/29 2442/1/29 2441/1/29
f 2441/1/30 2442/1/30 2440/1/30 2439/1/30
f 2439/1/27 2440/1/27 2436/1/27 2435/1/27
f 2437/1/25 2441/1/25 2439/1/25 2435/1/25
f 2442/1/28 2438/1/28 2436/1/28 2440/1/28
f 2459/1/1 2460/1/2 2461/1/3
f 2462/1/4 2463/1/5 2464/1/6
f 2465/1/7 2466/1/8 2467/1/9
f 2468/1/10 2469/1/11 2470/1/12
f 2471/1/13 2472/1/14 2473/1/15
f 2474/1/16 2475/1/17 2476/1/18
f 2477/1/19 2478/1/20 2479/1/21
f 2480/1/22 2481/1/23 2482/1/24
f 2465/1/7 2459/1/1 2461/1/3 2466/1/8
f 2460/1/2 2462/1/4 2464/1/6 2461/1/3
f 2463/1/5 2468/1/10 2470/1/12 2464/1/6
f 2469/1/11 2467/1/9 2466/1/8 2470/1/12
f 2477/1/19 2465/1/7 2467/1/9 2478/1/20
f 2468/1/10 2480/1/22 2482/1/24 2469/1/11
f 2481/1/23 2479/1/21 2478/1/20 2482/1/24
f 2471/1/13 2477/1/19 2479/1/21 2472/1/14
f 2480/1/22 2474/1/16 2476/1/18 2481/1/23
f 2475/1/17 2473/1/15 2472/1/14 2476/1/18
f 2459/1/1 2471/1/13 2473/1/15 2460/1/2
f 2474/1/16 2463/1/5 2462/1/4 2475/1/17
f 2465/1/25 2477/1/25 2471/1/25 2459/1/25
f 2461/1/26 2464/1/26 2470/1/26 2466/1/26
f 2473/1/27 2475/1/27 2462/1/27 2460/1/27
f 2480/1/28 2468/1/28 2463/1/28 2474/1/28
f 2467/1/29 2469/1/29 2482/1/29 2478/1/29
f 2479/1/30 2481/1/30 2476/1/30 2472/1/30
f 2491/1/26 2492/1/26 2494/1/26 2493/1/26
f 2493/1/29 2494/1/29 2498/1/29 2497/1/29
f 2497/1/30 2498/1/30 2496/1/30 2495/1/30
f 2495/1/27 2496/1/27 2492/1/27 2491/1/27
f 2493/1/25 2497/1/25 2495/1/25 2491/1/25
f 2498/1/28 2494/1/28 2492/1/28 2496/1/28
f 2499/1/26 2500/1/26 2502/1/26 2501/1/26
f 2501/1/29 2502/1/29 2506/1/29 2505/1/29
f 2505/1/30 2506/1/30 2504/1/30 2503/1/30
f 2503/1/27 2504/1/27 2500/1/27 2499/1/27
f 2501/1/25 2505/1/25 2503/1/25 2499/1/25
f 2506/1/28 2502/1/28 2500/1/28 2504/1/28
f 2507/1/1 2508/1/2 2509/1/3
f 2510/1/4 2511/1/5 2512/1/6
f 2513/1/7 2514/1/8 2515/1/9
f 2516/1/10 2517/1/11 2518/1/12
f 2519/1/13 2520/1/14 2521/1/15
f 2522/1/16 2523/1/17 2524/1/18
f 2525/1/19 2526/1/20 2527/1/21
f 2528/1/22 2529/1/23 2530/1/24
f 2513/1/7 2507/1/1 2509/1/3 2514/1/8
f 2508/1/2 2510/1/4 2512/1/6 2509/1/3
f 2511/1/5 2516/1/10 2518/1/12 2512/1/6
f 2517/1/11 2515/1/9 2514/1/8 2518/1/12
f 2525/1/19 2513/1/7 2515/1/9 2526/1/20
f 2516/1/10 2528/1/22 2530/1/24 2517/1/11
f 2529/1/23 2527/1/21 2526/1/20 2530/1/24
f 2519/1/13 2525/1/19 2527/1/21 2520/1/14
f 2528/1/22 2522/1/16 2524/1/18 2529/1/23
f 2523/1/17 2521/1/15 2520/1/14 2524/1/18
f 2507/1/1 2519/1/13 2521/1/15 2508/1/2
f 2522/1/16 2511/1/5 2510/1/4 2523/1/17
f 2513/1/25 2525/1/25 2519/1/25 2507/1/25
f 2509/1/26 2512/1/26 2518/1/26 2514/1/26
f 2521/1/27 2523/1/27 2510/1/27 2508/1/27
f 2528/1/28 2516/1/28 2511/1/28 2522/1/28
f 2515/1/29 2517/1/29 2530/1/29 2526/1/29
f 2527/1/30 2529/1/30 2524/1/30 2520/1/30
f 2531/1/1 2532/1/2 2533/1/3
f 2534/1/4 2535/1/5 2536/1/6
f 2537/1/7 2538/1/8 2539/1/9
f 2540/1/10 2541/1/11 2542/1/12
f 2543/1/13 2544/1/14 2545/1/15
f 2546/1/16 2547/1/17 2548/1/18
f 2549/1/19 2550/1/20 2551/1/21
f 2552/1/22 2553/1/23 2554/1/24
f 2537/1/7 2531/1/1 2533/1/3 2538/1/8
f 2532/1/2 2534/1/4 2536/1/6 2533/1/3
f 2535/1/5 2540/1/10 2542/1/12 2536/1/6
f 2541/1/11 2539/1/9 2538/1/8 2542/1/12
f 2549/1/19 2537/1/7 2539/1/9 2550/1/20
f 2540/1/10 2552/1/22 2554/1/24 2541/1/11
f 2553/1/23 2551/1/21 2550/1/20 2554/1/24
f 2543/1/13 2549/1/19 2551/1/21 2544/1/14
f 2552/1/22 2546/1/16 2548/1/18 2553/1/23
f 2547/1/17 2545/1/15 2544/1/14 2548/1/18
f 2531/1/1 2543/1/13 2545/1/15 2532/1/2
f 2546/1/16 2535/1/5 2534/1/4 2547/1/17
f 2537/1/25 2549/1/25 2543/1/25 2531/1/25
f 2533/1/26 2536/1/26 2542/1/26 2538/1/26
f 2545/1/27 2547/1/27 2534/1/27 2532/1/27
f 2552/1/28 2540/1/28 2535/1/28 2546/1/28
f 2539/1/29 2541/1/29 2554/1/29 2550/1/29
f 2551/1/30 2553/1/30 2548/1/30 2544/1/30
f 2563/1/26 2564/1/26 2566/1/26 2565/1/26
f 2565/1/29 2566/1/29 2570/1/29 2569/1/29
f 2569/1/30 2570/1/30 2568/1/30 2567/1/30
f 2567/1/27 2568/1/27 2564/1/27 2563/1/27
f 2565/1/25 2569/1/25 2567/1/25 2563/1/25
f 2570/1/28 2566/1/28 2564/1/28 2568/1/28
f 2571/1/26 2572/1/26 2574/1/26 2573/1/26
f 2573/1/29 2574/1/29 2578/1/29 2577/1/29
f 2577/1/30 2578/1/30 2576/1/30 2575/1/30
f 2575/1/27 2576/1/27 2572/1/27 2571/1/27
f 2573/1/25 2577/1/25 2575/1/25 2571/1/25
f 2578/1/28 2574/1/28 2572/1/28 2576/1/28
f 2579/1/26 2580/1/26 2582/1/26 2581/1/26
f 2581/1/29 2582/1/29 2586/1/29 2585/1/29
f 2585/1/30 2586/1/30 2584/1/30 2583/1/30
f 2583/1/27 2584/1/27 2580/1/27 2579/1/27
f 2581/1/25 2585/1/25 2583/1/25 2579/1/25
f 2586/1/28 2582/1/28 2580/1/28 2584/1/28
f 2587/1/1 2588/1/2 2589/1/3
f 2590/1/4 2591/1/5 2592/1/6
f 2593/1/7 2594/1/8 2595/1/9
f 2596/1/10 2597/1/11 2598/1/12
f 2599/1/13 2600/1/14 2601/1/15
f 2602/1/16 2603/1/17 2604/1/18
f 2605/1/19 2606/1/20 2607/1/21
f 2608/1/22 2609/1/23 2610/1/24
f 2593/1/7 2587/1/1 2589/1/3 2594/1/8
f 2588/1/2 2590/1/4 2592/1/6 2589/1/3
f 2591/1/5 2596/1/10 2598/1/12 2592/1/6
f 2597/1/11 2595/1/9 2594/1/8 2598/1/12
f 2605/1/19 2593/1/7 2595/1/9 2606/1/20
f 2596/1/10 2608/1/22 2610/1/24 2597/1/11
f 2609/1/23 2607/1/21 2606/1/20 2610/1/24
f 2599/1/13 2605/1/19 2607/1/21 2600/1/14
f 2608/1/22 2602/1/16 2604/1/18 2609/1/23
f 2603/1/17 2601/1/15 2600/1/14 2604/1/18
f 2587/1/1 2599/1/13 2601/1/15 2588/1/2
f 2602/1/16 2591/1/5 2590/1/4 2603/1/17
f 2593/1/25 2605/1/25 2599/1/25 2587/1/25
f 2589/1/26 2592/1/26 2598/1/26 2594/1/26
f 2601/1/27 2603/1/27 2590/1/27 2588/1/27
f 2608/1/28 2596/1/28 2591/1/28 2602/1/28
f 2595/1/29 2597/1/29 2610/1/29 2606/1/29
f 2607/1/30 2609/1/30 2604/1/30 2600/1/30
f 2635/1/31 2638/1/32 2639/1/233 2641/1/34
f 2636/1/35 2640/1/36 2639/1/234 2638/1/38
f 2637/1/39 2641/1/40 2639/1/219 2640/1/235
f 2642/1/43 2645/1/44 2646/1/236 2648/1/46
f 2643/1/47 2647/1/48 2646/1/49 2645/1/50
f 2644/1/51 2648/1/157 2646/1/237 2647/1/54
f 2649/1/55 2652/1/56 2653/1/57 2655/1/58
f 2650/1/59 2654/1/238 2653/1/239 2652/1/62
f 2651/1/63 2655/1/64 2653/1/240 2654/1/66
f 2656/1/67 2659/1/68 2660/1/69 2662/1/70
f 2657/1/71 2661/1/72 2660/1/241 2659/1/74
f 2658/1/75 2662/1/76 2660/1/242 2661/1/243
f 2663/1/79 2666/1/80 2667/1/160 2669/1/82
f 2664/1/83 2668/1/84 2667/1/85 2666/1/86
f 2665/1/87 2669/1/88 2667/1/89 2668/1/90
f 2670/1/91 2673/1/92 2674/1/93 2676/1/94
f 2671/1/95 2675/1/96 2674/1/162 2673/1/98
f 2672/1/99 2676/1/100 2674/1/101 2675/1/102
f 2677/1/103 2680/1/104 2681/1/105 2683/1/106
f 2678/1/107 2682/1/108 2681/1/244 2680/1/110
f 2679/1/111 2683/1/112 2681/1/113 2682/1/114
f 2684/1/115 2687/1/116 2688/1/117 2690/1/118
f 2685/1/119 2689/1/120 2688/1/121 2687/1/122
f 2686/1/123 2690/1/124 2688/1/245 2689/1/126
f 2649/1/55 2635/1/31 2641/1/34 2652/1/56
f 2652/1/62 2641/1/40 2637/1/39 2650/1/59
f 2636/1/35 2642/1/43 2648/1/46 2640/1/36
f 2640/1/235 2648/1/157 2644/1/51 2637/1/39
f 2643/1/47 2656/1/67 2662/1/70 2647/1/48
f 2647/1/54 2662/1/76 2658/1/75 2644/1/51
f 2657/1/71 2651/1/63 2654/1/66 2661/1/72
f 2661/1/243 2654/1/238 2650/1/59 2658/1/75
f 2677/1/103 2649/1/55 2655/1/58 2680/1/104
f 2680/1/110 2655/1/64 2651/1/63 2678/1/107
f 2656/1/67 2684/1/115 2690/1/118 2659/1/68
f 2659/1/74 2690/1/124 2686/1/123 2657/1/71
f 2685/1/119 2679/1/111 2682/1/114 2689/1/120
f 2689/1/126 2682/1/108 2678/1/107 2686/1/123
f 2663/1/79 2677/1/103 2683/1/106 2666/1/80
f 2666/1/86 2683/1/112 2679/1/111 2664/1/83
f 2684/1/115 2670/1/91 2676/1/94 2687/1/116
f 2687/1/122 2676/1/100 2672/1/99 2685/1/119
f 2671/1/95 2665/1/87 2668/1/90 2675/1/96
f 2675/1/102 2668/1/84 2664/1/83 2672/1/99
f 2635/1/31 2663/1/79 2669/1/82 2638/1/32
f 2638/1/38 2669/1/88 2665/1/87 2636/1/35
f 2670/1/91 2643/1/47 2645/1/50 2673/1/92
f 2673/1/98 2645/1/44 2642/1/43 2671/1/95
f 2649/1/55 2677/1/103 2663/1/79 2635/1/31
f 2637/1/39 2644/1/51 2658/1/75 2650/1/59
f 2665/1/87 2671/1/95 2642/1/43 2636/1/35
f 2684/1/115 2656/1/67 2643/1/47 2670/1/91
f 2651/1/63 2657/1/71 2686/1/123 2678/1/107
f 2679/1/111 2685/1/119 2672/1/99 2664/1/83
f 3591/1/1 3592/1/2 3593/1/3
f 3594/1/4 3595/1/5 3596/1/6
f 3597/1/7 3598/1/8 3599/1/9
f 3600/1/10 3601/1/11 3602/1/12
f 3603/1/13 3604/1/14 3605/1/15
f 3606/1/16 3607/1/17 3608/1/18
f 3609/1/19 3610/1/20 3611/1/21
f 3612/1/22 3613/1/23 3614/1/24
f 3597/1/7 3591/1/1 3593/1/3 3598/1/8
f 3592/1/2 3594/1/4 3596/1/6 3593/1/3
f 3595/1/5 3600/1/10 3602/1/12 3596/1/6
f 3601/1/11 3599/1/9 3598/1/8 3602/1/12
f 3609/1/19 3597/1/7 3599/1/9 3610/1/20
f 3600/1/10 3612/1/22 3614/1/24 3601/1/11
f 3613/1/23 3611/1/21 3610/1/20 3614/1/24
f 3603/1/13 3609/1/19 3611/1/21 3604/1/14
f 3612/1/22 3606/1/16 3608/1/18 3613/1/23
f 3607/1/17 3605/1/15 3604/1/14 3608/1/18
f 3591/1/1 3603/1/13 3605/1/15 3592/1/2
f 3606/1/16 3595/1/5 3594/1/4 3607/1/17
f 3597/1/25 3609/1/25 3603/1/25 3591/1/25
f 3593/1/26 3596/1/26 3602/1/26 3598/1/26
f 3605/1/27 3607/1/27 3594/1/27 3592/1/27
f 3612/1/28 3600/1/28 3595/1/28 3606/1/28
f 3599/1/29 3601/1/29 3614/1/29 3610/1/29
f 3611/1/30 3613/1/30 3608/1/30 3604/1/30
f 3615/1/1 3616/1/2 3617/1/3
f 3618/1/4 3619/1/5 3620/1/6
f 3621/1/7 3622/1/8 3623/1/9
f 3624/1/10 3625/1/11 3626/1/12
f 3627/1/13 3628/1/14 3629/1/15
f 3630/1/16 3631/1/17 3632/1/18
f 3633/1/19 3634/1/20 3635/1/21
f 3636/1/22 3637/1/23 3638/1/24
f 3621/1/7 3615/1/1 3617/1/3 3622/1/8
f 3616/1/2 3618/1/4 3620/1/6 3617/1/3
f 3619/1/5 3624/1/10 3626/1/12 3620/1/6
f 3625/1/11 3623/1/9 3622/1/8 3626/1/12
f 3633/1/19 3621/1/7 3623/1/9 3634/1/20
f 3624/1/10 3636/1/22 3638/1/24 3625/1/11
f 3637/1/23 3635/1/21 3634/1/20 3638/1/24
f 3627/1/13 3633/1/19 3635/1/21 3628/1/14
f 3636/1/22 3630/1/16 3632/1/18 3637/1/23
f 3631/1/17 3629/1/15 3628/1/14 3632/1/18
f 3615/1/1 3627/1/13 3629/1/15 3616/1/2
f 3630/1/16 3619/1/5 3618/1/4 3631/1/17
f 3621/1/25 3633/1/25 3627/1/25 3615/1/25
f 3617/1/26 3620/1/26 3626/1/26 3622/1/26
f 3629/1/27 3631/1/27 3618/1/27 3616/1/27
f 3636/1/28 3624/1/28 3619/1/28 3630/1/28
f 3623/1/29 3625/1/29 3638/1/29 3634/1/29
f 3635/1/30 3637/1/30 3632/1/30 3628/1/30
usemtl window
f 2427/1/26 2428/1/26 2430/1/26 2429/1/26
f 2429/1/29 2430/1/29 2434/1/29 2433/1/29
f 2433/1/30 2434/1/30 2432/1/30 2431/1/30
f 2431/1/27 2432/1/27 2428/1/27 2427/1/27
f 2429/1/25 2433/1/25 2431/1/25 2427/1/25
f 2434/1/28 2430/1/28 2428/1/28 2432/1/28
f 2483/1/26 2484/1/26 2486/1/26 2485/1/26
f 2485/1/29 2486/1/29 2490/1/29 2489/1/29
f 2489/1/30 2490/1/30 2488/1/30 2487/1/30
f 2487/1/27 2488/1/27 2484/1/27 2483/1/27
f 2485/1/25 2489/1/25 2487/1/25 2483/1/25
f 2490/1/28 2486/1/28 2484/1/28 2488/1/28
f 2555/1/26 2556/1/26 2558/1/26 2557/1/26
f 2557/1/29 2558/1/29 2562/1/29 2561/1/29
f 2561/1/30 2562/1/30 2560/1/30 2559/1/30
f 2559/1/27 2560/1/27 2556/1/27 2555/1/27
f 2557/1/25 2561/1/25 2559/1/25 2555/1/25
f 2562/1/28 2558/1/28 2556/1/28 2560/1/28
f 3519/1/1 3520/1/2 3521/1/3
f 3522/1/4 3523/1/5 3524/1/6
f 3525/1/7 3526/1/8 3527/1/9
f 3528/1/10 3529/1/11 3530/1/12
f 3531/1/13 3532/1/14 3533/1/15
f 3534/1/16 3535/1/17 3536/1/18
f 3537/1/19 3538/1/20 3539/1/21
f 3540/1/22 3541/1/23 3542/1/24
f 3525/1/7 3519/1/1 3521/1/3 3526/1/8
f 3520/1/2 3522/1/4 3524/1/6 3521/1/3
f 3523/1/5 3528/1/10 3530/1/12 3524/1/6
f 3529/1/11 3527/1/9 3526/1/8 3530/1/12
f 3537/1/19 3525/1/7 3527/1/9 3538/1/20
f 3528/1/10 3540/1/22 3542/1/24 3529/1/11
f 3541/1/23 3539/1/21 3538/1/20 3542/1/24
f 3531/1/13 3537/1/19 3539/1/21 3532/1/14
f 3540/1/22 3534/1/16 3536/1/18 3541/1/23
f 3535/1/17 3533/1/15 3532/1/14 3536/1/18
f 3519/1/1 3531/1/13 3533/1/15 3520/1/2
f 3534/1/16 3523/1/5 3522/1/4 3535/1/17
f 3525/1/25 3537/1/25 3531/1/25 3519/1/25
f 3521/1/26 3524/1/26 3530/1/26 3526/1/26
f 3533/1/27 3535/1/27 3522/1/27 3520/1/27
f 3540/1/28 3528/1/28 3523/1/28 3534/1/28
f 3527/1/29 3529/1/29 3542/1/29 3538/1/29
f 3539/1/30 3541/1/30 3536/1/30 3532/1/30
f 3543/1/1 3544/1/2 3545/1/3
f 3546/1/4 3547/1/5 3548/1/6
f 3549/1/7 3550/1/8 3551/1/9
f 3552/1/10 3553/1/11 3554/1/12
f 3555/1/13 3556/1/14 3557/1/15
f 3558/1/16 3559/1/17 3560/1/18
f 3561/1/19 3562/1/20 3563/1/21
f 3564/1/22 3565/1/23 3566/1/24
f 3549/1/7 3543/1/1 3545/1/3 3550/1/8
f 3544/1/2 3546/1/4 3548/1/6 3545/1/3
f 3547/1/5 3552/1/10 3554/1/12 3548/1/6
f 3553/1/11 3551/1/9 3550/1/8 3554/1/12
f 3561/1/19 3549/1/7 3551/1/9 3562/1/20
f 3552/1/10 3564/1/22 3566/1/24 3553/1/11
f 3565/1/23 3563/1/21 3562/1/20 3566/1/24
f 3555/1/13 3561/1/19 3563/1/21 3556/1/14
f 3564/1/22 3558/1/16 3560/1/18 3565/1/23
f 3559/1/17 3557/1/15 3556/1/14 3560/1/18
f 3543/1/1 3555/1/13 3557/1/15 3544/1/2
f 3558/1/16 3547/1/5 3546/1/4 3559/1/17
f 3549/1/25 3561/1/25 3555/1/25 3543/1/25
f 3545/1/26 3548/1/26 3554/1/26 3550/1/26
f 3557/1/27 3559/1/27 3546/1/27 3544/1/27
f 3564/1/28 3552/1/28 3547/1/28 3558/1/28
f 3551/1/29 3553/1/29 3566/1/29 3562/1/29
f 3563/1/30 3565/1/30 3560/1/30 3556/1/30
f 3567/1/1 3568/1/2 3569/1/3
f 3570/1/4 3571/1/5 3572/1/6
f 3573/1/7 3574/1/8 3575/1/9
f 3576/1/10 3577/1/11 3578/1/12
f 3579/1/13 3580/1/14 3581/1/15
f 3582/1/16 3583/1/17 3584/1/18
f 3585/1/19 3586/1/20 3587/1/21
f 3588/1/22 3589/1/23 3590/1/24
f 3573/1/7 3567/1/1 3569/1/3 3574/1/8
f 3568/1/2 3570/1/4 3572/1/6 3569/1/3
f 3571/1/5 3576/1/10 3578/1/12 3572/1/6
f 3577/1/11 3575/1/9 3574/1/8 3578/1/12
f 3585/1/19 3573/1/7 3575/1/9 3586/1/20
f 3576/1/10 3588/1/22 3590/1/24 3577/1/11
f 3589/1/23 3587/1/21 3586/1/20 3590/1/24
f 3579/1/13 3585/1/19 3587/1/21 3580/1/14
f 3588/1/22 3582/1/16 3584/1/18 3589/1/23
f 3583/1/17 3581/1/15 3580/1/14 3584/1/18
f 3567/1/1 3579/1/13 3581/1/15 3568/1/2
f 3582/1/16 3571/1/5 3570/1/4 3583/1/17
f 3573/1/25 3585/1/25 3579/1/25 3567/1/25
f 3569/1/26 3572/1/26 3578/1/26 3574/1/26
f 3581/1/27 3583/1/27 3570/1/27 3568/1/27
f 3588/1/28 3576/1/28 3571/1/28 3582/1/28
f 3575/1/29 3577/1/29 3590/1/29 3586/1/29
f 3587/1/30 3589/1/30 3584/1/30 3580/1/30
usemtl wood_dark
f 2715/1/26 2716/1/26 2718/1/26 2717/1/26
f 2717/1/29 2718/1/29 2722/1/29 2721/1/29
f 2721/1/30 2722/1/30 2720/1/30 2719/1/30
f 2719/1/27 2720/1/27 2716/1/27 2715/1/27
f 2717/1/25 2721/1/25 2719/1/25 2715/1/25
f 2722/1/28 2718/1/28 2716/1/28 2720/1/28
usemtl relish
f 2774/1/166 2773/1/167 2728/1/168 2729/1/169
f 2772/1/29 2771/1/170 2726/1/171 2727/1/172
f 2770/1/173 2723/1/28 2725/1/174
f 2724/1/25 2774/1/166 2729/1/169
f 2773/1/167 2772/1/29 2727/1/172 2728/1/168
f 2771/1/170 2770/1/173 2725/1/174 2726/1/171
f 2727/1/172 2726/1/171 2731/1/175 2732/1/176
f 2725/1/174 2723/1/28 2730/1/246
f 2724/1/25 2729/1/169 2734/1/247
f 2728/1/168 2727/1/172 2732/1/176 2733/1/179
f 2726/1/171 2725/1/174 2730/1/246 2731/1/175
f 2729/1/169 2728/1/168 2733/1/179 2734/1/247
f 2730/1/246 2723/1/28 2735/1/248
f 2724/1/25 2734/1/247 2739/1/249
f 2733/1/179 2732/1/176 2737/1/182 2738/1/183
f 2731/1/175 2730/1/246 2735/1/248 2736/1/184
f 2734/1/247 2733/1/179 2738/1/183 2739/1/249
f 2732/1/176 2731/1/175 2736/1/184 2737/1/182
f 2724/1/25 2739/1/249 2744/1/185
f 2738/1/183 2737/1/182 2742/1/186 2743/1/187
f 2736/1/184 2735/1/248 2740/1/188 2741/1/189
f 2739/1/249 2738/1/183 2743/1/187 2744/1/185
f 2737/1/182 2736/1/184 2741/1/189 2742/1/186
f 2735/1/248 2723/1/28 2740/1/188
f 2724/1/25 2744/1/185 2749/1/190
f 2743/1/187 2742/1/186 2747/1/27 2748/1/191
f 2741/1/189 2740/1/188 2745/1/192 2746/1/193
f 2744/1/185 2743/1/187 2748/1/191 2749/1/190
f 2742/1/186 2741/1/189 2746/1/193 2747/1/27
f 2740/1/188 2723/1/28 2745/1/192
f 2724/1/25 2749/1/190 2754/1/194
f 2748/1/191 2747/1/27 2752/1/195 2753/1/196
f 2746/1/193 2745/1/192 2750/1/197 2751/1/198
f 2749/1/190 2748/1/191 2753/1/196 2754/1/194
f 2747/1/27 2746/1/193 2751/1/198 2752/1/195
f 2745/1/192 2723/1/28 2750/1/197
f 2753/1/196 2752/1/195 2757/1/199 2758/1/200
f 2751/1/198 2750/1/197 2755/1/217 2756/1/202
f 2754/1/194 2753/1/196 2758/1/200 2759/1/203
f 2752/1/195 2751/1/198 2756/1/202 2757/1/199
f 2750/1/197 2723/1/28 2755/1/217
f 2724/1/25 2754/1/194 2759/1/203
f 2756/1/202 2755/1/217 2760/1/204 2761/1/205
f 2759/1/203 2758/1/200 2763/1/206 2764/1/250
f 2757/1/199 2756/1/202 2761/1/205 2762/1/208
f 2755/1/217 2723/1/28 2760/1/204
f 2724/1/25 2759/1/203 2764/1/250
f 2758/1/200 2757/1/199 2762/1/208 2763/1/206
f 2764/1/250 2763/1/206 2768/1/209 2769/1/210
f 2762/1/208 2761/1/205 2766/1/211 2767/1/212
f 2760/1/204 2723/1/28 2765/1/213
f 2724/1/25 2764/1/250 2769/1/210
f 2763/1/206 2762/1/208 2767/1/212 2768/1/209
f 2761/1/205 2760/1/204 2765/1/213 2766/1/211
f 2769/1/210 2768/1/209 2773/1/167 2774/1/166
f 2767/1/212 2766/1/211 2771/1/170 2772/1/29
f 2765/1/213 2723/1/28 2770/1/173
f 2724/1/25 2769/1/210 2774/1/166
f 2768/1/209 2767/1/212 2772/1/29 2773/1/167
f 2766/1/211 2765/1/213 2770/1/173 2771/1/170
f 2776/1/25 2826/1/166 2781/1/169
f 2825/1/167 2824/1/29 2779/1/172 2780/1/168
f 2823/1/170 2822/1/173 2777/1/174 2778/1/171
f 2826/1/166 2825/1/167 2780/1/168 2781/1/169
f 2824/1/29 2823/1/170 2778/1/171 2779/1/172
f 2822/1/173 2775/1/28 2777/1/174
f 2778/1/171 2777/1/174 2782/1/177 2783/1/175
f 2781/1/169 2780/1/168 2785/1/179 2786/1/178
f 2779/1/172 2778/1/171 2783/1/175 2784/1/176
f 2777/1/174 2775/1/28 2782/1/177
f 2776/1/25 2781/1/169 2786/1/178
f 2780/1/168 2779/1/172 2784/1/176 2785/1/179
f 2786/1/178 2785/1/179 2790/1/183 2791/1/181
f 2784/1/176 2783/1/175 2788/1/184 2789/1/182
f 2782/1/177 2775/1/28 2787/1/180
f 2776/1/25 2786/1/178 2791/1/181
f 2785/1/179 2784/1/176 2789/1/182 2790/1/183
f 2783/1/175 2782/1/177 2787/1/180 2788/1/184
f 2791/1/181 2790/1/183 2795/1/187 2796/1/185
f 2789/1/182 2788/1/184 2793/1/189 2794/1/186
f 2787/1/180 2775/1/28 2792/1/188
f 2776/1/25 2791/1/181 2796/1/185
f 2790/1/183 2789/1/182 2794/1/186 2795/1/187
f 2788/1/184 2787/1/180 2792/1/188 2793/1/189
f 2796/1/185 2795/1/187 2800/1/191 2801/1/190
f 2794/1/186 2793/1/189 2798/1/193 2799/1/27
f 2792/1/188 2775/1/28 2797/1/192
f 2776/1/25 2796/1/185 2801/1/190
f 2795/1/187 2794/1/186 2799/1/27 2800/1/191
f 2793/1/189 2792/1/188 2797/1/192 2798/1/193
f 2801/1/190 2800/1/191 2805/1/196 2806/1/194
f 2799/1/27 2798/1/193 2803/1/198 2804/1/195
f 2797/1/192 2775/1/28 2802/1/197
f 2776/1/25 2801/1/190 2806/1/194
f 2800/1/191 2799/1/27 2804/1/195 2805/1/196
f 2798/1/193 2797/1/192 2802/1/197 2803/1/198
f 2804/1/195 2803/1/198 2808/1/251 2809/1/199
f 2802/1/197 2775/1/28 2807/1/217
f 2776/1/25 2806/1/194 2811/1/218
f 2805/1/196 2804/1/195 2809/1/199 2810/1/252
f 2803/1/198 2802/1/197 2807/1/217 2808/1/251
f 2806/1/194 2805/1/196 2810/1/252 2811/1/218
f 2807/1/217 2775/1/28 2812/1/204
f 2776/1/25 2811/1/218 2816/1/207
f 2810/1/252 2809/1/199 2814/1/208 2815/1/206
f 2808/1/251 2807/1/217 2812/1/204 2813/1/205
f 2811/1/218 2810/1/252 2815/1/206 2816/1/207
f 2809/1/199 2808/1/251 2813/1/205 2814/1/208
f 2776/1/25 2816/1/207 2821/1/210
f 2815/1/206 2814/1/208 2819/1/212 2820/1/209
f 2813/1/205 2812/1/204 2817/1/213 2818/1/211
f 2816/1/207 2815/1/206 2820/1/209 2821/1/210
f 2814/1/208 2813/1/205 2818/1/211 2819/1/212
f 2812/1/204 2775/1/28 2817/1/213
f 2776/1/25 2821/1/210 2826/1/166
f 2820/1/209 2819/1/212 2824/1/29 2825/1/167
f 2818/1/211 2817/1/213 2822/1/173 2823/1/170
f 2821/1/210 2820/1/209 2825/1/167 2826/1/166
f 2819/1/212 2818/1/211 2823/1/170 2824/1/29
f 2817/1/213 2775/1/28 2822/1/173
f 2828/1/25 2878/1/166 2833/1/169
f 2877/1/167 2876/1/29 2831/1/172 2832/1/168
f 2875/1/170 2874/1/173 2829/1/174 2830/1/171
f 2878/1/166 2877/1/167 2832/1/168 2833/1/169
f 2876/1/29 2875/1/170 2830/1/171 2831/1/172
f 2874/1/173 2827/1/28 2829/1/174
f 2830/1/171 2829/1/174 2834/1/177 2835/1/253
f 2833/1/169 2832/1/168 2837/1/254 2838/1/178
f 2831/1/172 2830/1/171 2835/1/253 2836/1/176
f 2829/1/174 2827/1/28 2834/1/177
f 2828/1/25 2833/1/169 2838/1/178
f 2832/1/168 2831/1/172 2836/1/176 2837/1/254
f 2838/1/178 2837/1/254 2842/1/183 2843/1/181
f 2836/1/176 2835/1/253 2840/1/184 2841/1/182
f 2834/1/177 2827/1/28 2839/1/180
f 2828/1/25 2838/1/178 2843/1/181
f 2837/1/254 2836/1/176 2841/1/182 2842/1/183
f 2835/1/253 2834/1/177 2839/1/180 2840/1/184
f 2843/1/181 2842/1/183 2847/1/187 2848/1/185
f 2841/1/182 2840/1/184 2845/1/189 2846/1/186
f 2839/1/180 2827/1/28 2844/1/188
f 2828/1/25 2843/1/181 2848/1/185
f 2842/1/183 2841/1/182 2846/1/186 2847/1/187
f 2840/1/184 2839/1/180 2844/1/188 2845/1/189
f 2848/1/185 2847/1/187 2852/1/191 2853/1/190
f 2846/1/186 2845/1/189 2850/1/193 2851/1/27
f 2844/1/188 2827/1/28 2849/1/192
f 2828/1/25 2848/1/185 2853/1/190
f 2847/1/187 2846/1/186 2851/1/27 2852/1/191
f 2845/1/189 2844/1/188 2849/1/192 2850/1/193
f 2853/1/190 2852/1/191 2857/1/196 2858/1/194
f 2851/1/27 2850/1/193 2855/1/198 2856/1/195
f 2849/1/192 2827/1/28 2854/1/197
f 2828/1/25 2853/1/190 2858/1/194
f 2852/1/191 2851/1/27 2856/1/195 2857/1/196
f 2850/1/193 2849/1/192 2854/1/197 2855/1/198
f 2856/1/195 2855/1/198 2860/1/202 2861/1/199
f 2854/1/197 2827/1/28 2859/1/217
f 2828/1/25 2858/1/194 2863/1/218
f 2857/1/196 2856/1/195 2861/1/199 2862/1/200
f 2855/1/198 2854/1/197 2859/1/217 2860/1/202
f 2858/1/194 2857/1/196 2862/1/200 2863/1/218
f 2859/1/217 2827/1/28 2864/1/255
f 2828/1/25 2863/1/218 2868/1/250
f 2862/1/200 2861/1/199 2866/1/208 2867/1/206
f 2860/1/202 2859/1/217 2864/1/255 2865/1/205
f 2863/1/218 2862/1/200 2867/1/206 2868/1/250
f 2861/1/199 2860/1/202 2865/1/205 2866/1/208
f 2828/1/25 2868/1/250 2873/1/210
f 2867/1/206 2866/1/208 2871/1/212 2872/1/209
f 2865/1/205 2864/1/255 2869/1/213 2870/1/211
f 2868/1/250 2867/1/206 2872/1/209 2873/1/210
f 2866/1/208 2865/1/205 2870/1/211 2871/1/212
f 2864/1/255 2827/1/28 2869/1/213
f 2828/1/25 2873/1/210 2878/1/166
f 2872/1/209 2871/1/212 2876/1/29 2877/1/167
f 2870/1/211 2869/1/213 2874/1/173 2875/1/170
f 2873/1/210 2872/1/209 2877/1/167 2878/1/166
f 2871/1/212 2870/1/211 2875/1/170 2876/1/29
f 2869/1/213 2827/1/28 2874/1/173
usemtl mustard_e1.2
f 3706/1/322 3705/1/322 3709/1/322 3710/1/322
f 3704/1/323 3703/1/28 3708/1/324
f 3707/1/25 3706/1/325 3710/1/326
f 3705/1/327 3704/1/327 3708/1/327 3709/1/327
f 3710/1/328 3709/1/328 3712/1/328 3713/1/328
f 3708/1/324 3703/1/28 3711/1/225
f 3707/1/25 3710/1/326 3713/1/228
f 3709/1/329 3708/1/329 3711/1/329 3712/1/329
f 3713/1/330 3712/1/330 3715/1/330 3716/1/330
f 3711/1/225 3703/1/28 3714/1/331
f 3707/1/25 3713/1/228 3716/1/332
f 3712/1/333 3711/1/333 3714/1/333 3715/1/333
f 3716/1/334 3715/1/334 3718/1/334 3719/1/334
f 3714/1/331 3703/1/28 3717/1/335
f 3707/1/25 3716/1/332 3719/1/336
f 3715/1/337 3714/1/337 3717/1/337 3718/1/337
f 3719/1/338 3718/1/338 3721/1/338 3722/1/338
f 3717/1/335 3703/1/28 3720/1/339
f 3707/1/25 3719/1/336 3722/1/340
f 3718/1/341 3717/1/341 3720/1/341 3721/1/341
f 3722/1/342 3721/1/342 3724/1/342 3725/1/342
f 3720/1/339 3703/1/28 3723/1/232
f 3707/1/25 3722/1/340 3725/1/229
f 3721/1/343 3720/1/343 3723/1/343 3724/1/343
f 3724/1/344 3723/1/344 3726/1/344 3727/1/344
f 3725/1/345 3724/1/345 3727/1/345 3728/1/345
f 3723/1/232 3703/1/28 3726/1/346
f 3707/1/25 3725/1/229 3728/1/347
f 3707/1/25 3728/1/347 3706/1/325
f 3727/1/348 3726/1/348 3704/1/348 3705/1/348
f 3728/1/349 3727/1/349 3705/1/349 3706/1/349
f 3726/1/346 3703/1/28 3704/1/323
f 3732/1/322 3731/1/322 3735/1/322 3736/1/322
f 3730/1/323 3729/1/28 3734/1/324
f 3733/1/25 3732/1/325 3736/1/326
f 3731/1/327 3730/1/327 3734/1/327 3735/1/327
f 3736/1/328 3735/1/328 3738/1/328 3739/1/328
f 3734/1/324 3729/1/28 3737/1/225
f 3733/1/25 3736/1/326 3739/1/228
f 3735/1/329 3734/1/329 3737/1/329 3738/1/329
f 3739/1/330 3738/1/330 3741/1/330 3742/1/330
f 3737/1/225 3729/1/28 3740/1/331
f 3733/1/25 3739/1/228 3742/1/332
f 3738/1/333 3737/1/333 3740/1/333 3741/1/333
f 3742/1/334 3741/1/334 3744/1/334 3745/1/334
f 3740/1/331 3729/1/28 3743/1/335
f 3733/1/25 3742/1/332 3745/1/336
f 3741/1/337 3740/1/337 3743/1/337 3744/1/337
f 3745/1/338 3744/1/338 3747/1/338 3748/1/338
f 3743/1/335 3729/1/28 3746/1/339
f 3733/1/25 3745/1/336 3748/1/340
f 3744/1/341 3743/1/341 3746/1/341 3747/1/341
f 3748/1/342 3747/1/342 3750/1/342 3751/1/342
f 3746/1/339 3729/1/28 3749/1/232
f 3733/1/25 3748/1/340 3751/1/229
f 3747/1/343 3746/1/343 3749/1/343 3750/1/343
f 3750/1/344 3749/1/344 3752/1/344 3753/1/344
f 3751/1/345 3750/1/345 3753/1/345 3754/1/345
f 3749/1/232 3729/1/28 3752/1/346
f 3733/1/25 3751/1/229 3754/1/347
f 3733/1/25 3754/1/347 3732/1/325
f 3753/1/348 3752/1/348 3730/1/348 3731/1/348
f 3754/1/349 3753/1/349 3731/1/349 3732/1/349
f 3752/1/346 3729/1/28 3730/1/323
f 3758/1/322 3757/1/322 3761/1/322 3762/1/322
f 3756/1/323 3755/1/28 3760/1/324
f 3759/1/25 3758/1/325 3762/1/326
f 3757/1/327 3756/1/327 3760/1/327 3761/1/327
f 3762/1/328 3761/1/328 3764/1/328 3765/1/328
f 3760/1/324 3755/1/28 3763/1/225
f 3759/1/25 3762/1/326 3765/1/228
f 3761/1/329 3760/1/329 3763/1/329 3764/1/329
f 3765/1/330 3764/1/330 3767/1/330 3768/1/330
f 3763/1/225 3755/1/28 3766/1/331
f 3759/1/25 3765/1/228 3768/1/332
f 3764/1/333 3763/1/333 3766/1/333 3767/1/333
f 3768/1/334 3767/1/334 3770/1/334 3771/1/334
f 3766/1/331 3755/1/28 3769/1/335
f 3759/1/25 3768/1/332 3771/1/336
f 3767/1/337 3766/1/337 3769/1/337 3770/1/337
f 3771/1/338 3770/1/338 3773/1/338 3774/1/338
f 3769/1/335 3755/1/28 3772/1/339
f 3759/1/25 3771/1/336 3774/1/340
f 3770/1/341 3769/1/341 3772/1/341 3773/1/341
f 3774/1/342 3773/1/342 3776/1/342 3777/1/342
f 3772/1/339 3755/1/28 3775/1/232
f 3759/1/25 3774/1/340 3777/1/229
f 3773/1/343 3772/1/343 3775/1/343 3776/1/343
f 3776/1/344 3775/1/344 3778/1/344 3779/1/344
f 3777/1/345 3776/1/345 3779/1/345 3780/1/345
f 3775/1/232 3755/1/28 3778/1/346
f 3759/1/25 3777/1/229 3780/1/347
f 3759/1/25 3780/1/347 3758/1/325
f 3779/1/348 3778/1/348 3756/1/348 3757/1/348
f 3780/1/349 3779/1/349 3757/1/349 3758/1/349
f 3778/1/346 3755/1/28 3756/1/323
f 3784/1/322 3783/1/322 3787/1/322 3788/1/322
f 3782/1/323 3781/1/28 3786/1/324
f 3785/1/25 3784/1/325 3788/1/326
f 3783/1/327 3782/1/327 3786/1/327 3787/1/327
f 3788/1/328 3787/1/328 3790/1/328 3791/1/328
f 3786/1/324 3781/1/28 3789/1/225
f 3785/1/25 3788/1/326 3791/1/228
f 3787/1/329 3786/1/329 3789/1/329 3790/1/329
f 3791/1/330 3790/1/330 3793/1/330 3794/1/330
f 3789/1/225 3781/1/28 3792/1/331
f 3785/1/25 3791/1/228 3794/1/332
f 3790/1/333 3789/1/333 3792/1/333 3793/1/333
f 3794/1/334 3793/1/334 3796/1/334 3797/1/334
f 3792/1/331 3781/1/28 3795/1/335
f 3785/1/25 3794/1/332 3797/1/336
f 3793/1/337 3792/1/337 3795/1/337 3796/1/337
f 3797/1/338 3796/1/338 3799/1/338 3800/1/338
f 3795/1/335 3781/1/28 3798/1/339
f 3785/1/25 3797/1/336 3800/1/340
f 3796/1/341 3795/1/341 3798/1/341 3799/1/341
f 3800/1/342 3799/1/342 3802/1/342 3803/1/342
f 3798/1/339 3781/1/28 3801/1/232
f 3785/1/25 3800/1/340 3803/1/229
f 3799/1/343 3798/1/343 3801/1/343 3802/1/343
f 3802/1/344 3801/1/344 3804/1/344 3805/1/344
f 3803/1/345 3802/1/345 3805/1/345 3806/1/345
f 3801/1/232 3781/1/28 3804/1/346
f 3785/1/25 3803/1/229 3806/1/347
f 3785/1/25 3806/1/347 3784/1/325
f 3805/1/348 3804/1/348 3782/1/348 3783/1/348
f 3806/1/349 3805/1/349 3783/1/349 3784/1/349
f 3804/1/346 3781/1/28 3782/1/323
f 3810/1/322 3809/1/322 3813/1/322 3814/1/322
f 3808/1/323 3807/1/28 3812/1/324
f 3811/1/25 3810/1/325 3814/1/326
f 3809/1/327 3808/1/327 3812/1/327 3813/1/327
f 3814/1/328 3813/1/328 3816/1/328 3817/1/328
f 3812/1/324 3807/1/28 3815/1/225
f 3811/1/25 3814/1/326 3817/1/228
f 3813/1/329 3812/1/329 3815/1/329 3816/1/329
f 3817/1/330 3816/1/330 3819/1/330 3820/1/330
f 3815/1/225 3807/1/28 3818/1/331
f 3811/1/25 3817/1/228 3820/1/332
f 3816/1/333 3815/1/333 3818/1/333 3819/1/333
f 3820/1/334 3819/1/334 3822/1/334 3823/1/334
f 3818/1/331 3807/1/28 3821/1/335
f 3811/1/25 3820/1/332 3823/1/336
f 3819/1/337 3818/1/337 3821/1/337 3822/1/337
f 3823/1/338 3822/1/338 3825/1/338 3826/1/338
f 3821/1/335 3807/1/28 3824/1/339
f 3811/1/25 3823/1/336 3826/1/340
f 3822/1/341 3821/1/341 3824/1/341 3825/1/341
f 3826/1/342 3825/1/342 3828/1/342 3829/1/342
f 3824/1/339 3807/1/28 3827/1/232
f 3811/1/25 3826/1/340 3829/1/229
f 3825/1/343 3824/1/343 3827/1/343 3828/1/343
f 3828/1/344 3827/1/344 3830/1/344 3831/1/344
f 3829/1/345 3828/1/345 3831/1/345 3832/1/345
f 3827/1/232 3807/1/28 3830/1/346
f 3811/1/25 3829/1/229 3832/1/347
f 3811/1/25 3832/1/347 3810/1/325
f 3831/1/348 3830/1/348 3808/1/348 3809/1/348
f 3832/1/349 3831/1/349 3809/1/349 3810/1/349
f 3830/1/346 3807/1/28 3808/1/323
f 3836/1/322 3835/1/322 3839/1/322 3840/1/322
f 3834/1/323 3833/1/28 3838/1/324
f 3837/1/25 3836/1/325 3840/1/326
f 3835/1/327 3834/1/327 3838/1/327 3839/1/327
f 3840/1/328 3839/1/328 3842/1/328 3843/1/328
f 3838/1/324 3833/1/28 3841/1/225
f 3837/1/25 3840/1/326 3843/1/228
f 3839/1/329 3838/1/329 3841/1/329 3842/1/329
f 3843/1/330 3842/1/330 3845/1/330 3846/1/330
f 3841/1/225 3833/1/28 3844/1/331
f 3837/1/25 3843/1/228 3846/1/332
f 3842/1/333 3841/1/333 3844/1/333 3845/1/333
f 3846/1/334 3845/1/334 3848/1/334 3849/1/334
f 3844/1/331 3833/1/28 3847/1/335
f 3837/1/25 3846/1/332 3849/1/336
f 3845/1/337 3844/1/337 3847/1/337 3848/1/337
f 3849/1/338 3848/1/338 3851/1/338 3852/1/338
f 3847/1/335 3833/1/28 3850/1/339
f 3837/1/25 3849/1/336 3852/1/340
f 3848/1/341 3847/1/341 3850/1/341 3851/1/341
f 3852/1/342 3851/1/342 3854/1/342 3855/1/342
f 3850/1/339 3833/1/28 3853/1/232
f 3837/1/25 3852/1/340 3855/1/229
f 3851/1/343 3850/1/343 3853/1/343 3854/1/343
f 3854/1/344 3853/1/344 3856/1/344 3857/1/344
f 3855/1/345 3854/1/345 3857/1/345 3858/1/345
f 3853/1/232 3833/1/28 3856/1/346
f 3837/1/25 3855/1/229 3858/1/347
f 3837/1/25 3858/1/347 3836/1/325
f 3857/1/348 3856/1/348 3834/1/348 3835/1/348
f 3858/1/349 3857/1/349 3835/1/349 3836/1/349
f 3856/1/346 3833/1/28 3834/1/323
f 3862/1/322 3861/1/322 3865/1/322 3866/1/322
f 3860/1/323 3859/1/28 3864/1/324
f 3863/1/25 3862/1/325 3866/1/326
f 3861/1/327 3860/1/327 3864/1/327 3865/1/327
f 3866/1/328 3865/1/328 3868/1/328 3869/1/328
f 3864/1/324 3859/1/28 3867/1/225
f 3863/1/25 3866/1/326 3869/1/228
f 3865/1/329 3864/1/329 3867/1/329 3868/1/329
f 3869/1/330 3868/1/330 3871/1/330 3872/1/330
f 3867/1/225 3859/1/28 3870/1/331
f 3863/1/25 3869/1/228 3872/1/332
f 3868/1/333 3867/1/333 3870/1/333 3871/1/333
f 3872/1/334 3871/1/334 3874/1/334 3875/1/334
f 3870/1/331 3859/1/28 3873/1/335
f 3863/1/25 3872/1/332 3875/1/336
f 3871/1/337 3870/1/337 3873/1/337 3874/1/337
f 3875/1/338 3874/1/338 3877/1/338 3878/1/338
f 3873/1/335 3859/1/28 3876/1/339
f 3863/1/25 3875/1/336 3878/1/340
f 3874/1/341 3873/1/341 3876/1/341 3877/1/341
f 3878/1/342 3877/1/342 3880/1/342 3881/1/342
f 3876/1/339 3859/1/28 3879/1/232
f 3863/1/25 3878/1/340 3881/1/229
f 3877/1/343 3876/1/343 3879/1/343 3880/1/343
f 3880/1/344 3879/1/344 3882/1/344 3883/1/344
f 3881/1/345 3880/1/345 3883/1/345 3884/1/345
f 3879/1/232 3859/1/28 3882/1/346
f 3863/1/25 3881/1/229 3884/1/347
f 3863/1/25 3884/1/347 3862/1/325
f 3883/1/348 3882/1/348 3860/1/348 3861/1/348
f 3884/1/349 3883/1/349 3861/1/349 3862/1/349
f 3882/1/346 3859/1/28 3860/1/323
f 3888/1/322 3887/1/322 3891/1/322 3892/1/322
f 3886/1/323 3885/1/28 3890/1/324
f 3889/1/25 3888/1/325 3892/1/326
f 3887/1/327 3886/1/327 3890/1/327 3891/1/327
f 3892/1/328 3891/1/328 3894/1/328 3895/1/328
f 3890/1/324 3885/1/28 3893/1/225
f 3889/1/25 3892/1/326 3895/1/228
f 3891/1/329 3890/1/329 3893/1/329 3894/1/329
f 3895/1/330 3894/1/330 3897/1/330 3898/1/330
f 3893/1/225 3885/1/28 3896/1/331
f 3889/1/25 3895/1/228 3898/1/332
f 3894/1/333 3893/1/333 3896/1/333 3897/1/333
f 3898/1/334 3897/1/334 3900/1/334 3901/1/334
f 3896/1/331 3885/1/28 3899/1/335
f 3889/1/25 3898/1/332 3901/1/336
f 3897/1/337 3896/1/337 3899/1/337 3900/1/337
f 3901/1/338 3900/1/338 3903/1/338 3904/1/338
f 3899/1/335 3885/1/28 3902/1/339
f 3889/1/25 3901/1/336 3904/1/340
f 3900/1/341 3899/1/341 3902/1/341 3903/1/341
f 3904/1/342 3903/1/342 3906/1/342 3907/1/342
f 3902/1/339 3885/1/28 3905/1/232
f 3889/1/25 3904/1/340 3907/1/229
f 3903/1/343 3902/1/343 3905/1/343 3906/1/343
f 3906/1/344 3905/1/344 3908/1/344 3909/1/344
f 3907/1/345 3906/1/345 3909/1/345 3910/1/345
f 3905/1/232 3885/1/28 3908/1/346
f 3889/1/25 3907/1/229 3910/1/347
f 3889/1/25 3910/1/347 3888/1/325
f 3909/1/348 3908/1/348 3886/1/348 3887/1/348
f 3910/1/349 3909/1/349 3887/1/349 3888/1/349
f 3908/1/346 3885/1/28 3886/1/323
f 3914/1/322 3913/1/322 3917/1/322 3918/1/322
f 3912/1/323 3911/1/28 3916/1/324
f 3915/1/25 3914/1/325 3918/1/326
f 3913/1/327 3912/1/327 3916/1/327 3917/1/327
f 3918/1/328 3917/1/328 3920/1/328 3921/1/328
f 3916/1/324 3911/1/28 3919/1/225
f 3915/1/25 3918/1/326 3921/1/228
f 3917/1/329 3916/1/329 3919/1/329 3920/1/329
f 3921/1/330 3920/1/330 3923/1/330 3924/1/330
f 3919/1/225 3911/1/28 3922/1/331
f 3915/1/25 3921/1/228 3924/1/332
f 3920/1/333 3919/1/333 3922/1/333 3923/1/333
f 3924/1/334 3923/1/334 3926/1/334 3927/1/334
f 3922/1/331 3911/1/28 3925/1/335
f 3915/1/25 3924/1/332 3927/1/336
f 3923/1/337 3922/1/337 3925/1/337 3926/1/337
f 3927/1/338 3926/1/338 3929/1/338 3930/1/338
f 3925/1/335 3911/1/28 3928/1/339
f 3915/1/25 3927/1/336 3930/1/340
f 3926/1/341 3925/1/341 3928/1/341 3929/1/341
f 3930/1/342 3929/1/342 3932/1/342 3933/1/342
f 3928/1/339 3911/1/28 3931/1/232
f 3915/1/25 3930/1/340 3933/1/229
f 3929/1/343 3928/1/343 3931/1/343 3932/1/343
f 3932/1/344 3931/1/344 3934/1/344 3935/1/344
f 3933/1/345 3932/1/345 3935/1/345 3936/1/345
f 3931/1/232 3911/1/28 3934/1/346
f 3915/1/25 3933/1/229 3936/1/347
f 3915/1/25 3936/1/347 3914/1/325
f 3935/1/348 3934/1/348 3912/1/348 3913/1/348
f 3936/1/349 3935/1/349 3913/1/349 3914/1/349
f 3934/1/346 3911/1/28 3912/1/323
f 3940/1/322 3939/1/322 3943/1/322 3944/1/322
f 3938/1/323 3937/1/28 3942/1/324
f 3941/1/25 3940/1/325 3944/1/326
f 3939/1/327 3938/1/327 3942/1/327 3943/1/327
f 3944/1/328 3943/1/328 3946/1/328 3947/1/328
f 3942/1/324 3937/1/28 3945/1/225
f 3941/1/25 3944/1/326 3947/1/228
f 3943/1/329 3942/1/329 3945/1/329 3946/1/329
f 3947/1/330 3946/1/330 3949/1/330 3950/1/330
f 3945/1/225 3937/1/28 3948/1/331
f 3941/1/25 3947/1/228 3950/1/332
f 3946/1/333 3945/1/333 3948/1/333 3949/1/333
f 3950/1/334 3949/1/334 3952/1/334 3953/1/334
f 3948/1/331 3937/1/28 3951/1/335
f 3941/1/25 3950/1/332 3953/1/336
f 3949/1/337 3948/1/337 3951/1/337 3952/1/337
f 3953/1/338 3952/1/338 3955/1/338 3956/1/338
f 3951/1/335 3937/1/28 3954/1/339
f 3941/1/25 3953/1/336 3956/1/340
f 3952/1/341 3951/1/341 3954/1/341 3955/1/341
f 3956/1/342 3955/1/342 3958/1/342 3959/1/342
f 3954/1/339 3937/1/28 3957/1/232
f 3941/1/25 3956/1/340 3959/1/229
f 3955/1/343 3954/1/343 3957/1/343 3958/1/343
f 3958/1/344 3957/1/344 3960/1/344 3961/1/344
f 3959/1/345 3958/1/345 3961/1/345 3962/1/345
f 3957/1/232 3937/1/28 3960/1/346
f 3941/1/25 3959/1/229 3962/1/347
f 3941/1/25 3962/1/347 3940/1/325
f 3961/1/348 3960/1/348 3938/1/348 3939/1/348
f 3962/1/349 3961/1/349 3939/1/349 3940/1/349
f 3960/1/346 3937/1/28 3938/1/323
f 3966/1/322 3965/1/322 3969/1/322 3970/1/322
f 3964/1/323 3963/1/28 3968/1/324
f 3967/1/25 3966/1/325 3970/1/326
f 3965/1/327 3964/1/327 3968/1/327 3969/1/327
f 3970/1/328 3969/1/328 3972/1/328 3973/1/328
f 3968/1/324 3963/1/28 3971/1/225
f 3967/1/25 3970/1/326 3973/1/228
f 3969/1/329 3968/1/329 3971/1/329 3972/1/329
f 3973/1/330 3972/1/330 3975/1/330 3976/1/330
f 3971/1/225 3963/1/28 3974/1/331
f 3967/1/25 3973/1/228 3976/1/332
f 3972/1/333 3971/1/333 3974/1/333 3975/1/333
f 3976/1/334 3975/1/334 3978/1/334 3979/1/334
f 3974/1/331 3963/1/28 3977/1/335
f 3967/1/25 3976/1/332 3979/1/336
f 3975/1/337 3974/1/337 3977/1/337 3978/1/337
f 3979/1/338 3978/1/338 3981/1/338 3982/1/338
f 3977/1/335 3963/1/28 3980/1/339
f 3967/1/25 3979/1/336 3982/1/340
f 3978/1/341 3977/1/341 3980/1/341 3981/1/341
f 3982/1/342 3981/1/342 3984/1/342 3985/1/342
f 3980/1/339 3963/1/28 3983/1/232
f 3967/1/25 3982/1/340 3985/1/229
f 3981/1/343 3980/1/343 3983/1/343 3984/1/343
f 3984/1/344 3983/1/344 3986/1/344 3987/1/344
f 3985/1/345 3984/1/345 3987/1/345 3988/1/345
f 3983/1/232 3963/1/28 3986/1/346
f 3967/1/25 3985/1/229 3988/1/347
f 3967/1/25 3988/1/347 3966/1/325
f 3987/1/348 3986/1/348 3964/1/348 3965/1/348
f 3988/1/349 3987/1/349 3965/1/349 3966/1/349
f 3986/1/346 3963/1/28 3964/1/323
f 3992/1/322 3991/1/322 3995/1/322 3996/1/322
f 3990/1/323 3989/1/28 3994/1/324
f 3993/1/25 3992/1/325 3996/1/326
f 3991/1/327 3990/1/327 3994/1/327 3995/1/327
f 3996/1/328 3995/1/328 3998/1/328 3999/1/328
f 3994/1/324 3989/1/28 3997/1/225
f 3993/1/25 3996/1/326 3999/1/228
f 3995/1/329 3994/1/329 3997/1/329 3998/1/329
f 3999/1/330 3998/1/330 4001/1/330 4002/1/330
f 3997/1/225 3989/1/28 4000/1/331
f 3993/1/25 3999/1/228 4002/1/332
f 3998/1/333 3997/1/333 4000/1/333 4001/1/333
f 4002/1/334 4001/1/334 4004/1/334 4005/1/334
f 4000/1/331 3989/1/28 4003/1/335
f 3993/1/25 4002/1/332 4005/1/336
f 4001/1/337 4000/1/337 4003/1/337 4004/1/337
f 4005/1/338 4004/1/338 4007/1/338 4008/1/338
f 4003/1/335 3989/1/28 4006/1/339
f 3993/1/25 4005/1/336 4008/1/340
f 4004/1/341 4003/1/341 4006/1/341 4007/1/341
f 4008/1/342 4007/1/342 4010/1/342 4011/1/342
f 4006/1/339 3989/1/28 4009/1/232
f 3993/1/25 4008/1/340 4011/1/229
f 4007/1/343 4006/1/343 4009/1/343 4010/1/343
f 4010/1/344 4009/1/344 4012/1/344 4013/1/344
f 4011/1/345 4010/1/345 4013/1/345 4014/1/345
f 4009/1/232 3989/1/28 4012/1/346
f 3993/1/25 4011/1/229 4014/1/347
f 3993/1/25 4014/1/347 3992/1/325
f 4013/1/348 4012/1/348 3990/1/348 3991/1/348
f 4014/1/349 4013/1/349 3991/1/349 3992/1/349
f 4012/1/346 3989/1/28 3990/1/323
f 4018/1/322 4017/1/322 4021/1/322 4022/1/322
f 4016/1/323 4015/1/28 4020/1/324
f 4019/1/25 4018/1/325 4022/1/326
f 4017/1/327 4016/1/327 4020/1/327 4021/1/327
f 4022/1/328 4021/1/328 4024/1/328 4025/1/328
f 4020/1/324 4015/1/28 4023/1/225
f 4019/1/25 4022/1/326 4025/1/228
f 4021/1/329 4020/1/329 4023/1/329 4024/1/329
f 4025/1/330 4024/1/330 4027/1/330 4028/1/330
f 4023/1/225 4015/1/28 4026/1/331
f 4019/1/25 4025/1/228 4028/1/332
f 4024/1/333 4023/1/333 4026/1/333 4027/1/333
f 4028/1/334 4027/1/334 4030/1/334 4031/1/334
f 4026/1/331 4015/1/28 4029/1/335
f 4019/1/25 4028/1/332 4031/1/336
f 4027/1/337 4026/1/337 4029/1/337 4030/1/337
f 4031/1/338 4030/1/338 4033/1/338 4034/1/338
f 4029/1/335 4015/1/28 4032/1/339
f 4019/1/25 4031/1/336 4034/1/340
f 4030/1/341 4029/1/341 4032/1/341 4033/1/341
f 4034/1/342 4033/1/342 4036/1/342 4037/1/342
f 4032/1/339 4015/1/28 4035/1/232
f 4019/1/25 4034/1/340 4037/1/229
f 4033/1/343 4032/1/343 4035/1/343 4036/1/343
f 4036/1/344 4035/1/344 4038/1/344 4039/1/344
f 4037/1/345 4036/1/345 4039/1/345 4040/1/345
f 4035/1/232 4015/1/28 4038/1/346
f 4019/1/25 4037/1/229 4040/1/347
f 4019/1/25 4040/1/347 4018/1/325
f 4039/1/348 4038/1/348 4016/1/348 4017/1/348
f 4040/1/349 4039/1/349 4017/1/349 4018/1/349
f 4038/1/346 4015/1/28 4016/1/323
f 4044/1/322 4043/1/322 4047/1/322 4048/1/322
f 4042/1/323 4041/1/28 4046/1/324
f 4045/1/25 4044/1/325 4048/1/326
f 4043/1/327 4042/1/327 4046/1/327 4047/1/327
f 4048/1/328 4047/1/328 4050/1/328 4051/1/328
f 4046/1/324 4041/1/28 4049/1/225
f 4045/1/25 4048/1/326 4051/1/228
f 4047/1/329 4046/1/329 4049/1/329 4050/1/329
f 4051/1/330 4050/1/330 4053/1/330 4054/1/330
f 4049/1/225 4041/1/28 4052/1/331
f 4045/1/25 4051/1/228 4054/1/332
f 4050/1/333 4049/1/333 4052/1/333 4053/1/333
f 4054/1/334 4053/1/334 4056/1/334 4057/1/334
f 4052/1/331 4041/1/28 4055/1/335
f 4045/1/25 4054/1/332 4057/1/336
f 4053/1/337 4052/1/337 4055/1/337 4056/1/337
f 4057/1/338 4056/1/338 4059/1/338 4060/1/338
f 4055/1/335 4041/1/28 4058/1/339
f 4045/1/25 4057/1/336 4060/1/340
f 4056/1/341 4055/1/341 4058/1/341 4059/1/341
f 4060/1/342 4059/1/342 4062/1/342 4063/1/342
f 4058/1/339 4041/1/28 4061/1/232
f 4045/1/25 4060/1/340 4063/1/229
f 4059/1/343 4058/1/343 4061/1/343 4062/1/343
f 4062/1/344 4061/1/344 4064/1/344 4065/1/344
f 4063/1/345 4062/1/345 4065/1/345 4066/1/345
f 4061/1/232 4041/1/28 4064/1/346
f 4045/1/25 4063/1/229 4066/1/347
f 4045/1/25 4066/1/347 4044/1/325
f 4065/1/348 4064/1/348 4042/1/348 4043/1/348
f 4066/1/349 4065/1/349 4043/1/349 4044/1/349
f 4064/1/346 4041/1/28 4042/1/323
f 4070/1/322 4069/1/322 4073/1/322 4074/1/322
f 4068/1/323 4067/1/28 4072/1/324
f 4071/1/25 4070/1/325 4074/1/326
f 4069/1/327 4068/1/327 4072/1/327 4073/1/327
f 4074/1/328 4073/1/328 4076/1/328 4077/1/328
f 4072/1/324 4067/1/28 4075/1/225
f 4071/1/25 4074/1/326 4077/1/228
f 4073/1/329 4072/1/329 4075/1/329 4076/1/329
f 4077/1/330 4076/1/330 4079/1/330 4080/1/330
f 4075/1/225 4067/1/28 4078/1/331
f 4071/1/25 4077/1/228 4080/1/332
f 4076/1/333 4075/1/333 4078/1/333 4079/1/333
f 4080/1/334 4079/1/334 4082/1/334 4083/1/334
f 4078/1/331 4067/1/28 4081/1/335
f 4071/1/25 4080/1/332 4083/1/336
f 4079/1/337 4078/1/337 4081/1/337 4082/1/337
f 4083/1/338 4082/1/338 4085/1/338 4086/1/338
f 4081/1/335 4067/1/28 4084/1/339
f 4071/1/25 4083/1/336 4086/1/340
f 4082/1/341 4081/1/341 4084/1/341 4085/1/341
f 4086/1/342 4085/1/342 4088/1/342 4089/1/342
f 4084/1/339 4067/1/28 4087/1/232
f 4071/1/25 4086/1/340 4089/1/229
f 4085/1/343 4084/1/343 4087/1/343 4088/1/343
f 4088/1/344 4087/1/344 4090/1/344 4091/1/344
f 4089/1/345 4088/1/345 4091/1/345 4092/1/345
f 4087/1/232 4067/1/28 4090/1/346
f 4071/1/25 4089/1/229 4092/1/347
f 4071/1/25 4092/1/347 4070/1/325
f 4091/1/348 4090/1/348 4068/1/348 4069/1/348
f 4092/1/349 4091/1/349 4069/1/349 4070/1/349
f 4090/1/346 4067/1/28 4068/1/323
f 4096/1/322 4095/1/322 4099/1/322 4100/1/322
f 4094/1/323 4093/1/28 4098/1/324
f 4097/1/25 4096/1/325 4100/1/326
f 4095/1/327 4094/1/327 4098/1/327 4099/1/327
f 4100/1/328 4099/1/328 4102/1/328 4103/1/328
f 4098/1/324 4093/1/28 4101/1/225
f 4097/1/25 4100/1/326 4103/1/228
f 4099/1/329 4098/1/329 4101/1/329 4102/1/329
f 4103/1/330 4102/1/330 4105/1/330 4106/1/330
f 4101/1/225 4093/1/28 4104/1/331
f 4097/1/25 4103/1/228 4106/1/332
f 4102/1/333 4101/1/333 4104/1/333 4105/1/333
f 4106/1/334 4105/1/334 4108/1/334 4109/1/334
f 4104/1/331 4093/1/28 4107/1/335
f 4097/1/25 4106/1/332 4109/1/336
f 4105/1/337 4104/1/337 4107/1/337 4108/1/337
f 4109/1/338 4108/1/338 4111/1/338 4112/1/338
f 4107/1/335 4093/1/28 4110/1/339
f 4097/1/25 4109/1/336 4112/1/340
f 4108/1/341 4107/1/341 4110/1/341 4111/1/341
f 4112/1/342 4111/1/342 4114/1/342 4115/1/342
f 4110/1/339 4093/1/28 4113/1/232
f 4097/1/25 4112/1/340 4115/1/229
f 4111/1/343 4110/1/343 4113/1/343 4114/1/343
f 4114/1/344 4113/1/344 4116/1/344 4117/1/344
f 4115/1/345 4114/1/345 4117/1/345 4118/1/345
f 4113/1/232 4093/1/28 4116/1/346
f 4097/1/25 4115/1/229 4118/1/347
f 4097/1/25 4118/1/347 4096/1/325
f 4117/1/348 4116/1/348 4094/1/348 4095/1/348
f 4118/1/349 4117/1/349 4095/1/349 4096/1/349
f 4116/1/346 4093/1/28 4094/1/323
f 4122/1/322 4121/1/322 4125/1/322 4126/1/322
f 4120/1/323 4119/1/28 4124/1/324
f 4123/1/25 4122/1/325 4126/1/326
f 4121/1/327 4120/1/327 4124/1/327 4125/1/327
f 4126/1/328 4125/1/328 4128/1/328 4129/1/328
f 4124/1/324 4119/1/28 4127/1/225
f 4123/1/25 4126/1/326 4129/1/228
f 4125/1/329 4124/1/329 4127/1/329 4128/1/329
f 4129/1/330 4128/1/330 4131/1/330 4132/1/330
f 4127/1/225 4119/1/28 4130/1/331
f 4123/1/25 4129/1/228 4132/1/332
f 4128/1/333 4127/1/333 4130/1/333 4131/1/333
f 4132/1/334 4131/1/334 4134/1/334 4135/1/334
f 4130/1/331 4119/1/28 4133/1/335
f 4123/1/25 4132/1/332 4135/1/336
f 4131/1/337 4130/1/337 4133/1/337 4134/1/337
f 4135/1/338 4134/1/338 4137/1/338 4138/1/338
f 4133/1/335 4119/1/28 4136/1/339
f 4123/1/25 4135/1/336 4138/1/340
f 4134/1/341 4133/1/341 4136/1/341 4137/1/341
f 4138/1/342 4137/1/342 4140/1/342 4141/1/342
f 4136/1/339 4119/1/28 4139/1/232
f 4123/1/25 4138/1/340 4141/1/229
f 4137/1/343 4136/1/343 4139/1/343 4140/1/343
f 4140/1/344 4139/1/344 4142/1/344 4143/1/344
f 4141/1/345 4140/1/345 4143/1/345 4144/1/345
f 4139/1/232 4119/1/28 4142/1/346
f 4123/1/25 4141/1/229 4144/1/347
f 4123/1/25 4144/1/347 4122/1/325
f 4143/1/348 4142/1/348 4120/1/348 4121/1/348
f 4144/1/349 4143/1/349 4121/1/349 4122/1/349
f 4142/1/346 4119/1/28 4120/1/323
f 4148/1/322 4147/1/322 4151/1/322 4152/1/322
f 4146/1/323 4145/1/28 4150/1/324
f 4149/1/25 4148/1/325 4152/1/326
f 4147/1/327 4146/1/327 4150/1/327 4151/1/327
f 4152/1/328 4151/1/328 4154/1/328 4155/1/328
f 4150/1/324 4145/1/28 4153/1/225
f 4149/1/25 4152/1/326 4155/1/228
f 4151/1/329 4150/1/329 4153/1/329 4154/1/329
f 4155/1/330 4154/1/330 4157/1/330 4158/1/330
f 4153/1/225 4145/1/28 4156/1/331
f 4149/1/25 4155/1/228 4158/1/332
f 4154/1/333 4153/1/333 4156/1/333 4157/1/333
f 4158/1/334 4157/1/334 4160/1/334 4161/1/334
f 4156/1/331 4145/1/28 4159/1/335
f 4149/1/25 4158/1/332 4161/1/336
f 4157/1/337 4156/1/337 4159/1/337 4160/1/337
f 4161/1/338 4160/1/338 4163/1/338 4164/1/338
f 4159/1/335 4145/1/28 4162/1/339
f 4149/1/25 4161/1/336 4164/1/340
f 4160/1/341 4159/1/341 4162/1/341 4163/1/341
f 4164/1/342 4163/1/342 4166/1/342 4167/1/342
f 4162/1/339 4145/1/28 4165/1/232
f 4149/1/25 4164/1/340 4167/1/229
f 4163/1/343 4162/1/343 4165/1/343 4166/1/343
f 4166/1/344 4165/1/344 4168/1/344 4169/1/344
f 4167/1/345 4166/1/345 4169/1/345 4170/1/345
f 4165/1/232 4145/1/28 4168/1/346
f 4149/1/25 4167/1/229 4170/1/347
f 4149/1/25 4170/1/347 4148/1/325
f 4169/1/348 4168/1/348 4146/1/348 4147/1/348
f 4170/1/349 4169/1/349 4147/1/349 4148/1/349
f 4168/1/346 4145/1/28 4146/1/323
f 4174/1/322 4173/1/322 4177/1/322 4178/1/322
f 4172/1/323 4171/1/28 4176/1/324
f 4175/1/25 4174/1/325 4178/1/326
f 4173/1/327 4172/1/327 4176/1/327 4177/1/327
f 4178/1/328 4177/1/328 4180/1/328 4181/1/328
f 4176/1/324 4171/1/28 4179/1/225
f 4175/1/25 4178/1/326 4181/1/228
f 4177/1/329 4176/1/329 4179/1/329 4180/1/329
f 4181/1/330 4180/1/330 4183/1/330 4184/1/330
f 4179/1/225 4171/1/28 4182/1/331
f 4175/1/25 4181/1/228 4184/1/332
f 4180/1/333 4179/1/333 4182/1/333 4183/1/333
f 4184/1/334 4183/1/334 4186/1/334 4187/1/334
f 4182/1/331 4171/1/28 4185/1/335
f 4175/1/25 4184/1/332 4187/1/336
f 4183/1/337 4182/1/337 4185/1/337 4186/1/337
f 4187/1/338 4186/1/338 4189/1/338 4190/1/338
f 4185/1/335 4171/1/28 4188/1/339
f 4175/1/25 4187/1/336 4190/1/340
f 4186/1/341 4185/1/341 4188/1/341 4189/1/341
f 4190/1/342 4189/1/342 4192/1/342 4193/1/342
f 4188/1/339 4171/1/28 4191/1/232
f 4175/1/25 4190/1/340 4193/1/229
f 4189/1/343 4188/1/343 4191/1/343 4192/1/343
f 4192/1/344 4191/1/344 4194/1/344 4195/1/344
f 4193/1/345 4192/1/345 4195/1/345 4196/1/345
f 4191/1/232 4171/1/28 4194/1/346
f 4175/1/25 4193/1/229 4196/1/347
f 4175/1/25 4196/1/347 4174/1/325
f 4195/1/348 4194/1/348 4172/1/348 4173/1/348
f 4196/1/349 4195/1/349 4173/1/349 4174/1/349
f 4194/1/346 4171/1/28 4172/1/323
f 4200/1/322 4199/1/322 4203/1/322 4204/1/322
f 4198/1/323 4197/1/28 4202/1/324
f 4201/1/25 4200/1/325 4204/1/326
f 4199/1/327 4198/1/327 4202/1/327 4203/1/327
f 4204/1/328 4203/1/328 4206/1/328 4207/1/328
f 4202/1/324 4197/1/28 4205/1/225
f 4201/1/25 4204/1/326 4207/1/228
f 4203/1/329 4202/1/329 4205/1/329 4206/1/329
f 4207/1/330 4206/1/330 4209/1/330 4210/1/330
f 4205/1/225 4197/1/28 4208/1/331
f 4201/1/25 4207/1/228 4210/1/332
f 4206/1/333 4205/1/333 4208/1/333 4209/1/333
f 4210/1/334 4209/1/334 4212/1/334 4213/1/334
f 4208/1/331 4197/1/28 4211/1/335
f 4201/1/25 4210/1/332 4213/1/336
f 4209/1/337 4208/1/337 4211/1/337 4212/1/337
f 4213/1/338 4212/1/338 4215/1/338 4216/1/338
f 4211/1/335 4197/1/28 4214/1/339
f 4201/1/25 4213/1/336 4216/1/340
f 4212/1/341 4211/1/341 4214/1/341 4215/1/341
f 4216/1/342 4215/1/342 4218/1/342 4219/1/342
f 4214/1/339 4197/1/28 4217/1/232
f 4201/1/25 4216/1/340 4219/1/229
f 4215/1/343 4214/1/343 4217/1/343 4218/1/343
f 4218/1/344 4217/1/344 4220/1/344 4221/1/344
f 4219/1/345 4218/1/345 4221/1/345 4222/1/345
f 4217/1/232 4197/1/28 4220/1/346
f 4201/1/25 4219/1/229 4222/1/347
f 4201/1/25 4222/1/347 4200/1/325
f 4221/1/348 4220/1/348 4198/1/348 4199/1/348
f 4222/1/349 4221/1/349 4199/1/349 4200/1/349
f 4220/1/346 4197/1/28 4198/1/323
f 4226/1/322 4225/1/322 4229/1/322 4230/1/322
f 4224/1/323 4223/1/28 4228/1/324
f 4227/1/25 4226/1/325 4230/1/326
f 4225/1/327 4224/1/327 4228/1/327 4229/1/327
f 4230/1/328 4229/1/328 4232/1/328 4233/1/328
f 4228/1/324 4223/1/28 4231/1/225
f 4227/1/25 4230/1/326 4233/1/228
f 4229/1/329 4228/1/329 4231/1/329 4232/1/329
f 4233/1/330 4232/1/330 4235/1/330 4236/1/330
f 4231/1/225 4223/1/28 4234/1/331
f 4227/1/25 4233/1/228 4236/1/332
f 4232/1/333 4231/1/333 4234/1/333 4235/1/333
f 4236/1/334 4235/1/334 4238/1/334 4239/1/334
f 4234/1/331 4223/1/28 4237/1/335
f 4227/1/25 4236/1/332 4239/1/336
f 4235/1/337 4234/1/337 4237/1/337 4238/1/337
f 4239/1/338 4238/1/338 4241/1/338 4242/1/338
f 4237/1/335 4223/1/28 4240/1/339
f 4227/1/25 4239/1/336 4242/1/340
f 4238/1/341 4237/1/341 4240/1/341 4241/1/341
f 4242/1/342 4241/1/342 4244/1/342 4245/1/342
f 4240/1/339 4223/1/28 4243/1/232
f 4227/1/25 4242/1/340 4245/1/229
f 4241/1/343 4240/1/343 4243/1/343 4244/1/343
f 4244/1/344 4243/1/344 4246/1/344 4247/1/344
f 4245/1/345 4244/1/345 4247/1/345 4248/1/345
f 4243/1/232 4223/1/28 4246/1/346
f 4227/1/25 4245/1/229 4248/1/347
f 4227/1/25 4248/1/347 4226/1/325
f 4247/1/348 4246/1/348 4224/1/348 4225/1/348
f 4248/1/349 4247/1/349 4225/1/349 4226/1/349
f 4246/1/346 4223/1/28 4224/1/323
f 4252/1/322 4251/1/322 4255/1/322 4256/1/322
f 4250/1/323 4249/1/28 4254/1/324
f 4253/1/25 4252/1/325 4256/1/326
f 4251/1/327 4250/1/327 4254/1/327 4255/1/327
f 4256/1/328 4255/1/328 4258/1/328 4259/1/328
f 4254/1/324 4249/1/28 4257/1/225
f 4253/1/25 4256/1/326 4259/1/228
f 4255/1/329 4254/1/329 4257/1/329 4258/1/329
f 4259/1/330 4258/1/330 4261/1/330 4262/1/330
f 4257/1/225 4249/1/28 4260/1/331
f 4253/1/25 4259/1/228 4262/1/332
f 4258/1/333 4257/1/333 4260/1/333 4261/1/333
f 4262/1/334 4261/1/334 4264/1/334 4265/1/334
f 4260/1/331 4249/1/28 4263/1/335
f 4253/1/25 4262/1/332 4265/1/336
f 4261/1/337 4260/1/337 4263/1/337 4264/1/337
f 4265/1/338 4264/1/338 4267/1/338 4268/1/338
f 4263/1/335 4249/1/28 4266/1/339
f 4253/1/25 4265/1/336 4268/1/340
f 4264/1/341 4263/1/341 4266/1/341 4267/1/341
f 4268/1/342 4267/1/342 4270/1/342 4271/1/342
f 4266/1/339 4249/1/28 4269/1/232
f 4253/1/25 4268/1/340 4271/1/229
f 4267/1/343 4266/1/343 4269/1/343 4270/1/343
f 4270/1/344 4269/1/344 4272/1/344 4273/1/344
f 4271/1/345 4270/1/345 4273/1/345 4274/1/345
f 4269/1/232 4249/1/28 4272/1/346
f 4253/1/25 4271/1/229 4274/1/347
f 4253/1/25 4274/1/347 4252/1/325
f 4273/1/348 4272/1/348 4250/1/348 4251/1/348
f 4274/1/349 4273/1/349 4251/1/349 4252/1/349
f 4272/1/346 4249/1/28 4250/1/323
f 4278/1/322 4277/1/322 4281/1/322 4282/1/322
f 4276/1/323 4275/1/28 4280/1/324
f 4279/1/25 4278/1/325 4282/1/326
f 4277/1/327 4276/1/327 4280/1/327 4281/1/327
f 4282/1/328 4281/1/328 4284/1/328 4285/1/328
f 4280/1/324 4275/1/28 4283/1/225
f 4279/1/25 4282/1/326 4285/1/228
f 4281/1/329 4280/1/329 4283/1/329 4284/1/329
f 4285/1/330 4284/1/330 4287/1/330 4288/1/330
f 4283/1/225 4275/1/28 4286/1/331
f 4279/1/25 4285/1/228 4288/1/332
f 4284/1/333 4283/1/333 4286/1/333 4287/1/333
f 4288/1/334 4287/1/334 4290/1/334 4291/1/334
f 4286/1/331 4275/1/28 4289/1/335
f 4279/1/25 4288/1/332 4291/1/336
f 4287/1/337 4286/1/337 4289/1/337 4290/1/337
f 4291/1/338 4290/1/338 4293/1/338 4294/1/338
f 4289/1/335 4275/1/28 4292/1/339
f 4279/1/25 4291/1/336 4294/1/340
f 4290/1/341 4289/1/341 4292/1/341 4293/1/341
f 4294/1/342 4293/1/342 4296/1/342 4297/1/342
f 4292/1/339 4275/1/28 4295/1/232
f 4279/1/25 4294/1/340 4297/1/229
f 4293/1/343 4292/1/343 4295/1/343 4296/1/343
f 4296/1/344 4295/1/344 4298/1/344 4299/1/344
f 4297/1/345 4296/1/345 4299/1/345 4300/1/345
f 4295/1/232 4275/1/28 4298/1/346
f 4279/1/25 4297/1/229 4300/1/347
f 4279/1/25 4300/1/347 4278/1/325
f 4299/1/348 4298/1/348 4276/1/348 4277/1/348
f 4300/1/349 4299/1/349 4277/1/349 4278/1/349
f 4298/1/346 4275/1/28 4276/1/323
f 4304/1/322 4303/1/322 4307/1/322 4308/1/322
f 4302/1/323 4301/1/28 4306/1/324
f 4305/1/25 4304/1/325 4308/1/326
f 4303/1/327 4302/1/327 4306/1/327 4307/1/327
f 4308/1/328 4307/1/328 4310/1/328 4311/1/328
f 4306/1/324 4301/1/28 4309/1/225
f 4305/1/25 4308/1/326 4311/1/228
f 4307/1/329 4306/1/329 4309/1/329 4310/1/329
f 4311/1/330 4310/1/330 4313/1/330 4314/1/330
f 4309/1/225 4301/1/28 4312/1/331
f 4305/1/25 4311/1/228 4314/1/332
f 4310/1/333 4309/1/333 4312/1/333 4313/1/333
f 4314/1/334 4313/1/334 4316/1/334 4317/1/334
f 4312/1/331 4301/1/28 4315/1/335
f 4305/1/25 4314/1/332 4317/1/336
f 4313/1/337 4312/1/337 4315/1/337 4316/1/337
f 4317/1/338 4316/1/338 4319/1/338 4320/1/338
f 4315/1/335 4301/1/28 4318/1/339
f 4305/1/25 4317/1/336 4320/1/340
f 4316/1/341 4315/1/341 4318/1/341 4319/1/341
f 4320/1/342 4319/1/342 4322/1/342 4323/1/342
f 4318/1/339 4301/1/28 4321/1/232
f 4305/1/25 4320/1/340 4323/1/229
f 4319/1/343 4318/1/343 4321/1/343 4322/1/343
f 4322/1/344 4321/1/344 4324/1/344 4325/1/344
f 4323/1/345 4322/1/345 4325/1/345 4326/1/345
f 4321/1/232 4301/1/28 4324/1/346
f 4305/1/25 4323/1/229 4326/1/347
f 4305/1/25 4326/1/347 4304/1/325
f 4325/1/348 4324/1/348 4302/1/348 4303/1/348
f 4326/1/349 4325/1/349 4303/1/349 4304/1/349
f 4324/1/346 4301/1/28 4302/1/323
