# Blender 5.0.1
# www.blender.org
mtllib HotDogStatue.mtl
o HotDogStatue
v -2.400000 0.000000 2.400000 0.8392 0.7843 0.6745
v -2.400000 0.100000 2.500000 0.8392 0.7843 0.6745
v -2.500000 0.100000 2.400000 0.8392 0.7843 0.6745
v -2.400000 0.029289 2.470711 0.8392 0.7843 0.6745
v -2.457735 0.042265 2.457735 0.8392 0.7843 0.6745
v -2.470711 0.100000 2.470711 0.8392 0.7843 0.6745
v -2.470711 0.029289 2.400000 0.8392 0.7843 0.6745
v -2.400000 0.500000 2.500000 0.8392 0.7843 0.6745
v -2.400000 0.600000 2.400000 0.8392 0.7843 0.6745
v -2.500000 0.500000 2.400000 0.8392 0.7843 0.6745
v -2.400000 0.570711 2.470711 0.8392 0.7843 0.6745
v -2.457735 0.557735 2.457735 0.8392 0.7843 0.6745
v -2.470711 0.570711 2.400000 0.8392 0.7843 0.6745
v -2.470711 0.500000 2.470711 0.8392 0.7843 0.6745
v -2.400000 0.000000 -2.400000 0.8392 0.7843 0.6745
v -2.500000 0.100000 -2.400000 0.8392 0.7843 0.6745
v -2.400000 0.100000 -2.500000 0.8392 0.7843 0.6745
v -2.470711 0.029289 -2.400000 0.8392 0.7843 0.6745
v -2.457735 0.042265 -2.457735 0.8392 0.7843 0.6745
v -2.470711 0.100000 -2.470711 0.8392 0.7843 0.6745
v -2.400000 0.029289 -2.470711 0.8392 0.7843 0.6745
v -2.400000 0.600000 -2.400000 0.8392 0.7843 0.6745
v -2.400000 0.500000 -2.500000 0.8392 0.7843 0.6745
v -2.500000 0.500000 -2.400000 0.8392 0.7843 0.6745
v -2.400000 0.570711 -2.470711 0.8392 0.7843 0.6745
v -2.457735 0.557735 -2.457735 0.8392 0.7843 0.6745
v -2.470711 0.500000 -2.470711 0.8392 0.7843 0.6745
v -2.470711 0.570711 -2.400000 0.8392 0.7843 0.6745
v 2.400000 0.000000 2.400000 0.8392 0.7843 0.6745
v 2.500000 0.100000 2.400000 0.8392 0.7843 0.6745
v 2.400000 0.100000 2.500000 0.8392 0.7843 0.6745
v 2.470711 0.029289 2.400000 0.8392 0.7843 0.6745
v 2.457735 0.042265 2.457735 0.8392 0.7843 0.6745
v 2.470711 0.100000 2.470711 0.8392 0.7843 0.6745
v 2.400000 0.029289 2.470711 0.8392 0.7843 0.6745
v 2.400000 0.600000 2.400000 0.8392 0.7843 0.6745
v 2.400000 0.500000 2.500000 0.8392 0.7843 0.6745
v 2.500000 0.500000 2.400000 0.8392 0.7843 0.6745
v 2.400000 0.570711 2.470711 0.8392 0.7843 0.6745
v 2.457735 0.557735 2.457735 0.8392 0.7843 0.6745
v 2.470711 0.500000 2.470711 0.8392 0.7843 0.6745
v 2.470711 0.570711 2.400000 0.8392 0.7843 0.6745
v 2.400000 0.000000 -2.400000 0.8392 0.7843 0.6745
v 2.400000 0.100000 -2.500000 0.8392 0.7843 0.6745
v 2.500000 0.100000 -2.400000 0.8392 0.7843 0.6745
v 2.400000 0.029289 -2.470711 0.8392 0.7843 0.6745
v 2.457735 0.042265 -2.457735 0.8392 0.7843 0.6745
v 2.470711 0.100000 -2.470711 0.8392 0.7843 0.6745
v 2.470711 0.029289 -2.400000 0.8392 0.7843 0.6745
v 2.400000 0.600000 -2.400000 0.8392 0.7843 0.6745
v 2.500000 0.500000 -2.400000 0.8392 0.7843 0.6745
v 2.400000 0.500000 -2.500000 0.8392 0.7843 0.6745
v 2.470711 0.570711 -2.400000 0.8392 0.7843 0.6745
v 2.457735 0.557735 -2.457735 0.8392 0.7843 0.6745
v 2.470711 0.500000 -2.470711 0.8392 0.7843 0.6745
v 2.400000 0.570711 -2.470711 0.8392 0.7843 0.6745
v -2.000000 0.600000 2.000000 0.9294 0.8902 0.8117
v -2.000000 0.700000 2.100000 0.9294 0.8902 0.8117
v -2.100000 0.700000 2.000000 0.9294 0.8902 0.8117
v -2.000000 0.629289 2.070711 0.9294 0.8902 0.8117
v -2.057735 0.642265 2.057735 0.9294 0.8902 0.8117
v -2.070710 0.700000 2.070711 0.9294 0.8902 0.8117
v -2.070710 0.629289 2.000000 0.9294 0.8902 0.8117
v -2.000000 1.100000 2.100000 0.9294 0.8902 0.8117
v -2.000000 1.200000 2.000000 0.9294 0.8902 0.8117
v -2.100000 1.100000 2.000000 0.9294 0.8902 0.8117
v -2.000000 1.170711 2.070711 0.9294 0.8902 0.8117
v -2.057735 1.157735 2.057735 0.9294 0.8902 0.8117
v -2.070710 1.170711 2.000000 0.9294 0.8902 0.8117
v -2.070710 1.100000 2.070711 0.9294 0.8902 0.8117
v -2.000000 0.600000 -2.000000 0.9294 0.8902 0.8117
v -2.100000 0.700000 -2.000000 0.9294 0.8902 0.8117
v -2.000000 0.700000 -2.100000 0.9294 0.8902 0.8117
v -2.070711 0.629289 -2.000000 0.9294 0.8902 0.8117
v -2.057735 0.642265 -2.057735 0.9294 0.8902 0.8117
v -2.070711 0.700000 -2.070710 0.9294 0.8902 0.8117
v -2.000000 0.629289 -2.070710 0.9294 0.8902 0.8117
v -2.000000 1.200000 -2.000000 0.9294 0.8902 0.8117
v -2.000000 1.100000 -2.100000 0.9294 0.8902 0.8117
v -2.100000 1.100000 -2.000000 0.9294 0.8902 0.8117
v -2.000000 1.170711 -2.070711 0.9294 0.8902 0.8117
v -2.057735 1.157735 -2.057735 0.9294 0.8902 0.8117
v -2.070710 1.100000 -2.070711 0.9294 0.8902 0.8117
v -2.070710 1.170711 -2.000000 0.9294 0.8902 0.8117
v 2.000000 0.600000 2.000000 0.9294 0.8902 0.8117
v 2.100000 0.700000 2.000000 0.9294 0.8902 0.8117
v 2.000000 0.700000 2.100000 0.9294 0.8902 0.8117
v 2.070711 0.629289 2.000000 0.9294 0.8902 0.8117
v 2.057735 0.642265 2.057735 0.9294 0.8902 0.8117
v 2.070711 0.700000 2.070710 0.9294 0.8902 0.8117
v 2.000000 0.629289 2.070710 0.9294 0.8902 0.8117
v 2.000000 1.200000 2.000000 0.9294 0.8902 0.8117
v 2.000000 1.100000 2.100000 0.9294 0.8902 0.8117
v 2.100000 1.100000 2.000000 0.9294 0.8902 0.8117
v 2.000000 1.170711 2.070711 0.9294 0.8902 0.8117
v 2.057735 1.157735 2.057735 0.9294 0.8902 0.8117
v 2.070710 1.100000 2.070711 0.9294 0.8902 0.8117
v 2.070710 1.170711 2.000000 0.9294 0.8902 0.8117
v 2.000000 0.600000 -2.000000 0.9294 0.8902 0.8117
v 2.000000 0.700000 -2.100000 0.9294 0.8902 0.8117
v 2.100000 0.700000 -2.000000 0.9294 0.8902 0.8117
v 2.000000 0.629289 -2.070711 0.9294 0.8902 0.8117
v 2.057735 0.642265 -2.057735 0.9294 0.8902 0.8117
v 2.070710 0.700000 -2.070711 0.9294 0.8902 0.8117
v 2.070710 0.629289 -2.000000 0.9294 0.8902 0.8117
v 2.000000 1.200000 -2.000000 0.9294 0.8902 0.8117
v 2.100000 1.100000 -2.000000 0.9294 0.8902 0.8117
v 2.000000 1.100000 -2.100000 0.9294 0.8902 0.8117
v 2.070711 1.170711 -2.000000 0.9294 0.8902 0.8117
v 2.057735 1.157735 -2.057735 0.9294 0.8902 0.8117
v 2.070711 1.100000 -2.070710 0.9294 0.8902 0.8117
v 2.000000 1.170711 -2.070710 0.9294 0.8902 0.8117
v -1.460000 1.200000 1.460000 0.9294 0.8902 0.8117
v -1.460000 1.340000 1.600000 0.9294 0.8902 0.8117
v -1.600000 1.340000 1.460000 0.9294 0.8902 0.8117
v -1.460000 1.218704 1.529908 0.9294 0.8902 0.8117
v -1.529908 1.218704 1.460000 0.9294 0.8902 0.8117
v -1.526950 1.236871 1.526950 0.9294 0.8902 0.8117
v -1.529908 1.340000 1.581297 0.9294 0.8902 0.8117
v -1.460000 1.270092 1.581297 0.9294 0.8902 0.8117
v -1.526950 1.273051 1.563129 0.9294 0.8902 0.8117
v -1.581297 1.270092 1.460000 0.9294 0.8902 0.8117
v -1.581297 1.340000 1.529908 0.9294 0.8902 0.8117
v -1.563129 1.273051 1.526950 0.9294 0.8902 0.8117
v -1.460000 3.460000 1.600000 0.9294 0.8902 0.8117
v -1.460000 3.600000 1.460000 0.9294 0.8902 0.8117
v -1.600000 3.460000 1.460000 0.9294 0.8902 0.8117
v -1.460000 3.529908 1.581297 0.9294 0.8902 0.8117
v -1.529908 3.460000 1.581297 0.9294 0.8902 0.8117
v -1.526950 3.526950 1.563129 0.9294 0.8902 0.8117
v -1.529908 3.581297 1.460000 0.9294 0.8902 0.8117
v -1.460000 3.581297 1.529908 0.9294 0.8902 0.8117
v -1.526950 3.563129 1.526950 0.9294 0.8902 0.8117
v -1.581297 3.460000 1.529908 0.9294 0.8902 0.8117
v -1.581297 3.529908 1.460000 0.9294 0.8902 0.8117
v -1.563129 3.526950 1.526950 0.9294 0.8902 0.8117
v -1.460000 1.200000 -1.460000 0.9294 0.8902 0.8117
v -1.600000 1.340000 -1.460000 0.9294 0.8902 0.8117
v -1.460000 1.340000 -1.600000 0.9294 0.8902 0.8117
v -1.529908 1.218704 -1.460000 0.9294 0.8902 0.8117
v -1.460000 1.218704 -1.529908 0.9294 0.8902 0.8117
v -1.526950 1.236871 -1.526950 0.9294 0.8902 0.8117
v -1.581297 1.340000 -1.529908 0.9294 0.8902 0.8117
v -1.581297 1.270092 -1.460000 0.9294 0.8902 0.8117
v -1.563129 1.273051 -1.526950 0.9294 0.8902 0.8117
v -1.460000 1.270092 -1.581297 0.9294 0.8902 0.8117
v -1.529908 1.340000 -1.581297 0.9294 0.8902 0.8117
v -1.526950 1.273051 -1.563129 0.9294 0.8902 0.8117
v -1.460000 3.600000 -1.460000 0.9294 0.8902 0.8117
v -1.460000 3.460000 -1.600000 0.9294 0.8902 0.8117
v -1.600000 3.460000 -1.460000 0.9294 0.8902 0.8117
v -1.460000 3.581297 -1.529908 0.9294 0.8902 0.8117
v -1.529908 3.581297 -1.460000 0.9294 0.8902 0.8117
v -1.526950 3.563129 -1.526950 0.9294 0.8902 0.8117
v -1.529908 3.460000 -1.581297 0.9294 0.8902 0.8117
v -1.460000 3.529908 -1.581297 0.9294 0.8902 0.8117
v -1.526950 3.526950 -1.563129 0.9294 0.8902 0.8117
v -1.581297 3.529908 -1.460000 0.9294 0.8902 0.8117
v -1.581297 3.460000 -1.529908 0.9294 0.8902 0.8117
v -1.563129 3.526950 -1.526950 0.9294 0.8902 0.8117
v 1.460000 1.200000 1.460000 0.9294 0.8902 0.8117
v 1.600000 1.340000 1.460000 0.9294 0.8902 0.8117
v 1.460000 1.340000 1.600000 0.9294 0.8902 0.8117
v 1.529908 1.218704 1.460000 0.9294 0.8902 0.8117
v 1.460000 1.218704 1.529908 0.9294 0.8902 0.8117
v 1.526950 1.236871 1.526950 0.9294 0.8902 0.8117
v 1.581297 1.340000 1.529908 0.9294 0.8902 0.8117
v 1.581297 1.270092 1.460000 0.9294 0.8902 0.8117
v 1.563129 1.273051 1.526950 0.9294 0.8902 0.8117
v 1.460000 1.270092 1.581297 0.9294 0.8902 0.8117
v 1.529908 1.340000 1.581297 0.9294 0.8902 0.8117
v 1.526950 1.273051 1.563129 0.9294 0.8902 0.8117
v 1.460000 3.600000 1.460000 0.9294 0.8902 0.8117
v 1.460000 3.460000 1.600000 0.9294 0.8902 0.8117
v 1.600000 3.460000 1.460000 0.9294 0.8902 0.8117
v 1.460000 3.581297 1.529908 0.9294 0.8902 0.8117
v 1.529908 3.581297 1.460000 0.9294 0.8902 0.8117
v 1.526950 3.563129 1.526950 0.9294 0.8902 0.8117
v 1.529908 3.460000 1.581297 0.9294 0.8902 0.8117
v 1.460000 3.529908 1.581297 0.9294 0.8902 0.8117
v 1.526950 3.526950 1.563129 0.9294 0.8902 0.8117
v 1.581297 3.529908 1.460000 0.9294 0.8902 0.8117
v 1.581297 3.460000 1.529908 0.9294 0.8902 0.8117
v 1.563129 3.526950 1.526950 0.9294 0.8902 0.8117
v 1.460000 1.200000 -1.460000 0.9294 0.8902 0.8117
v 1.460000 1.340000 -1.600000 0.9294 0.8902 0.8117
v 1.600000 1.340000 -1.460000 0.9294 0.8902 0.8117
v 1.460000 1.218704 -1.529908 0.9294 0.8902 0.8117
v 1.529908 1.218704 -1.460000 0.9294 0.8902 0.8117
v 1.526950 1.236871 -1.526950 0.9294 0.8902 0.8117
v 1.529908 1.340000 -1.581297 0.9294 0.8902 0.8117
v 1.460000 1.270092 -1.581297 0.9294 0.8902 0.8117
v 1.526950 1.273051 -1.563129 0.9294 0.8902 0.8117
v 1.581297 1.270092 -1.460000 0.9294 0.8902 0.8117
v 1.581297 1.340000 -1.529908 0.9294 0.8902 0.8117
v 1.563129 1.273051 -1.526950 0.9294 0.8902 0.8117
v 1.460000 3.600000 -1.460000 0.9294 0.8902 0.8117
v 1.600000 3.460000 -1.460000 0.9294 0.8902 0.8117
v 1.460000 3.460000 -1.600000 0.9294 0.8902 0.8117
v 1.529908 3.581297 -1.460000 0.9294 0.8902 0.8117
v 1.460000 3.581297 -1.529908 0.9294 0.8902 0.8117
v 1.526950 3.563129 -1.526950 0.9294 0.8902 0.8117
v 1.581297 3.460000 -1.529908 0.9294 0.8902 0.8117
v 1.581297 3.529908 -1.460000 0.9294 0.8902 0.8117
v 1.563129 3.526950 -1.526950 0.9294 0.8902 0.8117
v 1.460000 3.529908 -1.581297 0.9294 0.8902 0.8117
v 1.529908 3.460000 -1.581297 0.9294 0.8902 0.8117
v 1.526950 3.526950 -1.563129 0.9294 0.8902 0.8117
v -1.740000 3.600000 1.740000 0.9098 0.6980 0.2275
v -1.740000 3.660000 1.800000 0.9098 0.6980 0.2275
v -1.800000 3.660000 1.740000 0.9098 0.6980 0.2275
v -1.740000 3.617573 1.782426 0.9098 0.6980 0.2275
v -1.774641 3.625359 1.774641 0.9098 0.6980 0.2275
v -1.782426 3.660000 1.782426 0.9098 0.6980 0.2275
v -1.782426 3.617573 1.740000 0.9098 0.6980 0.2275
v -1.740000 3.860000 1.800000 0.9098 0.6980 0.2275
v -1.740000 3.920000 1.740000 0.9098 0.6980 0.2275
v -1.800000 3.860000 1.740000 0.9098 0.6980 0.2275
v -1.740000 3.902426 1.782426 0.9098 0.6980 0.2275
v -1.774641 3.894641 1.774641 0.9098 0.6980 0.2275
v -1.782426 3.902426 1.740000 0.9098 0.6980 0.2275
v -1.782426 3.860000 1.782426 0.9098 0.6980 0.2275
v -1.740000 3.600000 -1.740000 0.9098 0.6980 0.2275
v -1.800000 3.660000 -1.740000 0.9098 0.6980 0.2275
v -1.740000 3.660000 -1.800000 0.9098 0.6980 0.2275
v -1.782426 3.617573 -1.740000 0.9098 0.6980 0.2275
v -1.774641 3.625359 -1.774641 0.9098 0.6980 0.2275
v -1.782426 3.660000 -1.782426 0.9098 0.6980 0.2275
v -1.740000 3.617573 -1.782426 0.9098 0.6980 0.2275
v -1.740000 3.920000 -1.740000 0.9098 0.6980 0.2275
v -1.740000 3.860000 -1.800000 0.9098 0.6980 0.2275
v -1.800000 3.860000 -1.740000 0.9098 0.6980 0.2275
v -1.740000 3.902426 -1.782426 0.9098 0.6980 0.2275
v -1.774641 3.894641 -1.774641 0.9098 0.6980 0.2275
v -1.782426 3.860000 -1.782426 0.9098 0.6980 0.2275
v -1.782426 3.902426 -1.740000 0.9098 0.6980 0.2275
v 1.740000 3.600000 1.740000 0.9098 0.6980 0.2275
v 1.800000 3.660000 1.740000 0.9098 0.6980 0.2275
v 1.740000 3.660000 1.800000 0.9098 0.6980 0.2275
v 1.782426 3.617573 1.740000 0.9098 0.6980 0.2275
v 1.774641 3.625359 1.774641 0.9098 0.6980 0.2275
v 1.782426 3.660000 1.782426 0.9098 0.6980 0.2275
v 1.740000 3.617573 1.782426 0.9098 0.6980 0.2275
v 1.740000 3.920000 1.740000 0.9098 0.6980 0.2275
v 1.740000 3.860000 1.800000 0.9098 0.6980 0.2275
v 1.800000 3.860000 1.740000 0.9098 0.6980 0.2275
v 1.740000 3.902426 1.782426 0.9098 0.6980 0.2275
v 1.774641 3.894641 1.774641 0.9098 0.6980 0.2275
v 1.782426 3.860000 1.782426 0.9098 0.6980 0.2275
v 1.782426 3.902426 1.740000 0.9098 0.6980 0.2275
v 1.740000 3.600000 -1.740000 0.9098 0.6980 0.2275
v 1.740000 3.660000 -1.800000 0.9098 0.6980 0.2275
v 1.800000 3.660000 -1.740000 0.9098 0.6980 0.2275
v 1.740000 3.617573 -1.782426 0.9098 0.6980 0.2275
v 1.774641 3.625359 -1.774641 0.9098 0.6980 0.2275
v 1.782426 3.660000 -1.782426 0.9098 0.6980 0.2275
v 1.782426 3.617573 -1.740000 0.9098 0.6980 0.2275
v 1.740000 3.920000 -1.740000 0.9098 0.6980 0.2275
v 1.800000 3.860000 -1.740000 0.9098 0.6980 0.2275
v 1.740000 3.860000 -1.800000 0.9098 0.6980 0.2275
v 1.782426 3.902426 -1.740000 0.9098 0.6980 0.2275
v 1.774641 3.894641 -1.774641 0.9098 0.6980 0.2275
v 1.782426 3.860000 -1.782426 0.9098 0.6980 0.2275
v 1.740000 3.902426 -1.782426 0.9098 0.6980 0.2275
v -1.070000 1.900000 1.630000 0.9098 0.6980 0.2275
v -1.070000 1.930000 1.660000 0.9098 0.6980 0.2275
v -1.100000 1.930000 1.630000 0.9098 0.6980 0.2275
v -1.070000 1.908787 1.651213 0.9098 0.6980 0.2275
v -1.087321 1.912680 1.647321 0.9098 0.6980 0.2275
v -1.091213 1.930000 1.651213 0.9098 0.6980 0.2275
v -1.091213 1.908787 1.630000 0.9098 0.6980 0.2275
v -1.070000 2.870000 1.660000 0.9098 0.6980 0.2275
v -1.070000 2.900000 1.630000 0.9098 0.6980 0.2275
v -1.100000 2.870000 1.630000 0.9098 0.6980 0.2275
v -1.070000 2.891213 1.651213 0.9098 0.6980 0.2275
v -1.087321 2.887321 1.647321 0.9098 0.6980 0.2275
v -1.091213 2.891213 1.630000 0.9098 0.6980 0.2275
v -1.091213 2.870000 1.651213 0.9098 0.6980 0.2275
v -1.070000 1.900000 1.610000 0.9098 0.6980 0.2275
v -1.100000 1.930000 1.610000 0.9098 0.6980 0.2275
v -1.070000 1.930000 1.580000 0.9098 0.6980 0.2275
v -1.091213 1.908787 1.610000 0.9098 0.6980 0.2275
v -1.087321 1.912680 1.592680 0.9098 0.6980 0.2275
v -1.091213 1.930000 1.588787 0.9098 0.6980 0.2275
v -1.070000 1.908787 1.588787 0.9098 0.6980 0.2275
v -1.070000 2.900000 1.610000 0.9098 0.6980 0.2275
v -1.070000 2.870000 1.580000 0.9098 0.6980 0.2275
v -1.100000 2.870000 1.610000 0.9098 0.6980 0.2275
v -1.070000 2.891213 1.588787 0.9098 0.6980 0.2275
v -1.087321 2.887321 1.592680 0.9098 0.6980 0.2275
v -1.091213 2.870000 1.588787 0.9098 0.6980 0.2275
v -1.091213 2.891213 1.610000 0.9098 0.6980 0.2275
v 1.070000 1.900000 1.630000 0.9098 0.6980 0.2275
v 1.100000 1.930000 1.630000 0.9098 0.6980 0.2275
v 1.070000 1.930000 1.660000 0.9098 0.6980 0.2275
v 1.091213 1.908787 1.630000 0.9098 0.6980 0.2275
v 1.087321 1.912680 1.647321 0.9098 0.6980 0.2275
v 1.091213 1.930000 1.651213 0.9098 0.6980 0.2275
v 1.070000 1.908787 1.651213 0.9098 0.6980 0.2275
v 1.070000 2.900000 1.630000 0.9098 0.6980 0.2275
v 1.070000 2.870000 1.660000 0.9098 0.6980 0.2275
v 1.100000 2.870000 1.630000 0.9098 0.6980 0.2275
v 1.070000 2.891213 1.651213 0.9098 0.6980 0.2275
v 1.087321 2.887321 1.647321 0.9098 0.6980 0.2275
v 1.091213 2.870000 1.651213 0.9098 0.6980 0.2275
v 1.091213 2.891213 1.630000 0.9098 0.6980 0.2275
v 1.070000 1.900000 1.610000 0.9098 0.6980 0.2275
v 1.070000 1.930000 1.580000 0.9098 0.6980 0.2275
v 1.100000 1.930000 1.610000 0.9098 0.6980 0.2275
v 1.070000 1.908787 1.588787 0.9098 0.6980 0.2275
v 1.087321 1.912680 1.592680 0.9098 0.6980 0.2275
v 1.091213 1.930000 1.588787 0.9098 0.6980 0.2275
v 1.091213 1.908787 1.610000 0.9098 0.6980 0.2275
v 1.070000 2.900000 1.610000 0.9098 0.6980 0.2275
v 1.100000 2.870000 1.610000 0.9098 0.6980 0.2275
v 1.070000 2.870000 1.580000 0.9098 0.6980 0.2275
v 1.091213 2.891213 1.610000 0.9098 0.6980 0.2275
v 1.087321 2.887321 1.592680 0.9098 0.6980 0.2275
v 1.091213 2.870000 1.588787 0.9098 0.6980 0.2275
v 1.070000 2.891213 1.588787 0.9098 0.6980 0.2275
v -0.932000 2.025000 1.662000 0.8470 0.2275 0.1804
v -0.932000 2.043000 1.680000 0.8470 0.2275 0.1804
v -0.950000 2.043000 1.662000 0.8470 0.2275 0.1804
v -0.932000 2.030272 1.674728 0.8470 0.2275 0.1804
v -0.942392 2.032608 1.672392 0.8470 0.2275 0.1804
v -0.944728 2.043000 1.674728 0.8470 0.2275 0.1804
v -0.944728 2.030272 1.662000 0.8470 0.2275 0.1804
v -0.932000 2.757000 1.680000 0.8470 0.2275 0.1804
v -0.932000 2.775000 1.662000 0.8470 0.2275 0.1804
v -0.950000 2.757000 1.662000 0.8470 0.2275 0.1804
v -0.932000 2.769728 1.674728 0.8470 0.2275 0.1804
v -0.942392 2.767392 1.672392 0.8470 0.2275 0.1804
v -0.944728 2.769728 1.662000 0.8470 0.2275 0.1804
v -0.944728 2.757000 1.674728 0.8470 0.2275 0.1804
v -0.932000 2.025000 1.658000 0.8470 0.2275 0.1804
v -0.950000 2.043000 1.658000 0.8470 0.2275 0.1804
v -0.932000 2.043000 1.640000 0.8470 0.2275 0.1804
v -0.944728 2.030272 1.658000 0.8470 0.2275 0.1804
v -0.942392 2.032608 1.647608 0.8470 0.2275 0.1804
v -0.944728 2.043000 1.645272 0.8470 0.2275 0.1804
v -0.932000 2.030272 1.645272 0.8470 0.2275 0.1804
v -0.932000 2.775000 1.658000 0.8470 0.2275 0.1804
v -0.932000 2.757000 1.640000 0.8470 0.2275 0.1804
v -0.950000 2.757000 1.658000 0.8470 0.2275 0.1804
v -0.932000 2.769728 1.645272 0.8470 0.2275 0.1804
v -0.942392 2.767392 1.647608 0.8470 0.2275 0.1804
v -0.944728 2.757000 1.645272 0.8470 0.2275 0.1804
v -0.944728 2.769728 1.658000 0.8470 0.2275 0.1804
v 0.932000 2.025000 1.662000 0.8470 0.2275 0.1804
v 0.950000 2.043000 1.662000 0.8470 0.2275 0.1804
v 0.932000 2.043000 1.680000 0.8470 0.2275 0.1804
v 0.944728 2.030272 1.662000 0.8470 0.2275 0.1804
v 0.942392 2.032608 1.672392 0.8470 0.2275 0.1804
v 0.944728 2.043000 1.674728 0.8470 0.2275 0.1804
v 0.932000 2.030272 1.674728 0.8470 0.2275 0.1804
v 0.932000 2.775000 1.662000 0.8470 0.2275 0.1804
v 0.932000 2.757000 1.680000 0.8470 0.2275 0.1804
v 0.950000 2.757000 1.662000 0.8470 0.2275 0.1804
v 0.932000 2.769728 1.674728 0.8470 0.2275 0.1804
v 0.942392 2.767392 1.672392 0.8470 0.2275 0.1804
v 0.944728 2.757000 1.674728 0.8470 0.2275 0.1804
v 0.944728 2.769728 1.662000 0.8470 0.2275 0.1804
v 0.932000 2.025000 1.658000 0.8470 0.2275 0.1804
v 0.932000 2.043000 1.640000 0.8470 0.2275 0.1804
v 0.950000 2.043000 1.658000 0.8470 0.2275 0.1804
v 0.932000 2.030272 1.645272 0.8470 0.2275 0.1804
v 0.942392 2.032608 1.647608 0.8470 0.2275 0.1804
v 0.944728 2.043000 1.645272 0.8470 0.2275 0.1804
v 0.944728 2.030272 1.658000 0.8470 0.2275 0.1804
v 0.932000 2.775000 1.658000 0.8470 0.2275 0.1804
v 0.950000 2.757000 1.658000 0.8470 0.2275 0.1804
v 0.932000 2.757000 1.640000 0.8470 0.2275 0.1804
v 0.944728 2.769728 1.658000 0.8470 0.2275 0.1804
v 0.942392 2.767392 1.647608 0.8470 0.2275 0.1804
v 0.944728 2.757000 1.645272 0.8470 0.2275 0.1804
v 0.932000 2.769728 1.645272 0.8470 0.2275 0.1804
v -0.660000 2.100000 1.762000 0.9098 0.7216 0.4196
v -0.635885 2.128958 1.731028 0.9098 0.7216 0.4196
v -0.635885 2.169876 1.743384 0.9098 0.7216 0.4196
v -0.635885 2.169861 1.766645 0.9098 0.7216 0.4196
v -0.635885 2.128923 1.787185 0.9098 0.7216 0.4196
v -0.635885 2.071042 1.792972 0.9098 0.7216 0.4196
v -0.635885 2.030124 1.780616 0.9098 0.7216 0.4196
v -0.635885 2.030139 1.757355 0.9098 0.7216 0.4196
v -0.635885 2.071077 1.736815 0.9098 0.7216 0.4196
v -0.570000 2.150157 1.708355 0.9098 0.7216 0.4196
v -0.570000 2.221029 1.729756 0.9098 0.7216 0.4196
v -0.570000 2.221003 1.770045 0.9098 0.7216 0.4196
v -0.570000 2.150096 1.805622 0.9098 0.7216 0.4196
v -0.570000 2.049843 1.815645 0.9098 0.7216 0.4196
v -0.570000 1.978971 1.794244 0.9098 0.7216 0.4196
v -0.570000 1.978997 1.753955 0.9098 0.7216 0.4196
v -0.570000 2.049904 1.718379 0.9098 0.7216 0.4196
v -0.480000 2.157916 1.700056 0.9098 0.7216 0.4196
v -0.480000 2.239752 1.724768 0.9098 0.7216 0.4196
v -0.480000 2.239722 1.771290 0.9098 0.7216 0.4196
v -0.480000 2.157846 1.812370 0.9098 0.7216 0.4196
v -0.480000 2.042084 1.823944 0.9098 0.7216 0.4196
v -0.480000 1.960248 1.799232 0.9098 0.7216 0.4196
v -0.480000 1.960277 1.752710 0.9098 0.7216 0.4196
v -0.480000 2.042154 1.711630 0.9098 0.7216 0.4196
v 0.480000 2.157916 1.700056 0.9098 0.7216 0.4196
v 0.480000 2.239752 1.724768 0.9098 0.7216 0.4196
v 0.480000 2.239722 1.771290 0.9098 0.7216 0.4196
v 0.480000 2.157846 1.812370 0.9098 0.7216 0.4196
v 0.480000 2.042084 1.823944 0.9098 0.7216 0.4196
v 0.480000 1.960248 1.799232 0.9098 0.7216 0.4196
v 0.480000 1.960277 1.752710 0.9098 0.7216 0.4196
v 0.480000 2.042154 1.711630 0.9098 0.7216 0.4196
v 0.570000 2.150157 1.708355 0.9098 0.7216 0.4196
v 0.570000 2.221029 1.729756 0.9098 0.7216 0.4196
v 0.570000 2.221003 1.770045 0.9098 0.7216 0.4196
v 0.570000 2.150096 1.805622 0.9098 0.7216 0.4196
v 0.570000 2.049843 1.815645 0.9098 0.7216 0.4196
v 0.570000 1.978971 1.794244 0.9098 0.7216 0.4196
v 0.570000 1.978997 1.753955 0.9098 0.7216 0.4196
v 0.570000 2.049904 1.718379 0.9098 0.7216 0.4196
v 0.635885 2.128958 1.731028 0.9098 0.7216 0.4196
v 0.635885 2.169876 1.743384 0.9098 0.7216 0.4196
v 0.635885 2.169861 1.766645 0.9098 0.7216 0.4196
v 0.635885 2.128923 1.787185 0.9098 0.7216 0.4196
v 0.635885 2.071042 1.792972 0.9098 0.7216 0.4196
v 0.635885 2.030124 1.780616 0.9098 0.7216 0.4196
v 0.635885 2.030139 1.757355 0.9098 0.7216 0.4196
v 0.635885 2.071077 1.736815 0.9098 0.7216 0.4196
v 0.660000 2.100000 1.762000 0.9098 0.7216 0.4196
v -0.660000 2.400000 1.762000 0.9098 0.7216 0.4196
v -0.635885 2.371042 1.731028 0.9098 0.7216 0.4196
v -0.635885 2.428923 1.736815 0.9098 0.7216 0.4196
v -0.635885 2.469861 1.757355 0.9098 0.7216 0.4196
v -0.635885 2.469876 1.780616 0.9098 0.7216 0.4196
v -0.635885 2.428958 1.792972 0.9098 0.7216 0.4196
v -0.635885 2.371077 1.787185 0.9098 0.7216 0.4196
v -0.635885 2.330139 1.766645 0.9098 0.7216 0.4196
v -0.635885 2.330124 1.743384 0.9098 0.7216 0.4196
v -0.570000 2.349843 1.708355 0.9098 0.7216 0.4196
v -0.570000 2.450096 1.718379 0.9098 0.7216 0.4196
v -0.570000 2.521003 1.753955 0.9098 0.7216 0.4196
v -0.570000 2.521029 1.794244 0.9098 0.7216 0.4196
v -0.570000 2.450157 1.815645 0.9098 0.7216 0.4196
v -0.570000 2.349904 1.805622 0.9098 0.7216 0.4196
v -0.570000 2.278997 1.770045 0.9098 0.7216 0.4196
v -0.570000 2.278971 1.729756 0.9098 0.7216 0.4196
v -0.480000 2.342084 1.700056 0.9098 0.7216 0.4196
v -0.480000 2.457846 1.711630 0.9098 0.7216 0.4196
v -0.480000 2.539723 1.752710 0.9098 0.7216 0.4196
v -0.480000 2.539752 1.799232 0.9098 0.7216 0.4196
v -0.480000 2.457916 1.823944 0.9098 0.7216 0.4196
v -0.480000 2.342154 1.812370 0.9098 0.7216 0.4196
v -0.480000 2.260278 1.771290 0.9098 0.7216 0.4196
v -0.480000 2.260248 1.724768 0.9098 0.7216 0.4196
v 0.480000 2.342084 1.700056 0.9098 0.7216 0.4196
v 0.480000 2.457846 1.711630 0.9098 0.7216 0.4196
v 0.480000 2.539723 1.752710 0.9098 0.7216 0.4196
v 0.480000 2.539752 1.799232 0.9098 0.7216 0.4196
v 0.480000 2.457916 1.823944 0.9098 0.7216 0.4196
v 0.480000 2.342154 1.812370 0.9098 0.7216 0.4196
v 0.480000 2.260278 1.771290 0.9098 0.7216 0.4196
v 0.480000 2.260248 1.724768 0.9098 0.7216 0.4196
v 0.570000 2.349843 1.708355 0.9098 0.7216 0.4196
v 0.570000 2.450096 1.718379 0.9098 0.7216 0.4196
v 0.570000 2.521003 1.753955 0.9098 0.7216 0.4196
v 0.570000 2.521029 1.794244 0.9098 0.7216 0.4196
v 0.570000 2.450157 1.815645 0.9098 0.7216 0.4196
v 0.570000 2.349904 1.805622 0.9098 0.7216 0.4196
v 0.570000 2.278997 1.770045 0.9098 0.7216 0.4196
v 0.570000 2.278971 1.729756 0.9098 0.7216 0.4196
v 0.635885 2.371042 1.731028 0.9098 0.7216 0.4196
v 0.635885 2.428923 1.736815 0.9098 0.7216 0.4196
v 0.635885 2.469861 1.757355 0.9098 0.7216 0.4196
v 0.635885 2.469876 1.780616 0.9098 0.7216 0.4196
v 0.635885 2.428958 1.792972 0.9098 0.7216 0.4196
v 0.635885 2.371077 1.787185 0.9098 0.7216 0.4196
v 0.635885 2.330139 1.766645 0.9098 0.7216 0.4196
v 0.635885 2.330124 1.743384 0.9098 0.7216 0.4196
v 0.660000 2.400000 1.762000 0.9098 0.7216 0.4196
v -0.645000 2.250000 1.726000 0.9098 0.7216 0.4196
v -0.622894 2.250000 1.712800 0.9098 0.7216 0.4196
v -0.622894 2.322920 1.716666 0.9098 0.7216 0.4196
v -0.622894 2.353125 1.726000 0.9098 0.7216 0.4196
v -0.622894 2.322920 1.735334 0.9098 0.7216 0.4196
v -0.622894 2.250000 1.739200 0.9098 0.7216 0.4196
v -0.622894 2.177080 1.735334 0.9098 0.7216 0.4196
v -0.622894 2.146875 1.726000 0.9098 0.7216 0.4196
v -0.622894 2.177080 1.716666 0.9098 0.7216 0.4196
v -0.562500 2.250000 1.703137 0.9098 0.7216 0.4196
v -0.562500 2.376302 1.709833 0.9098 0.7216 0.4196
v -0.562500 2.428618 1.726000 0.9098 0.7216 0.4196
v -0.562500 2.376302 1.742167 0.9098 0.7216 0.4196
v -0.562500 2.250000 1.748863 0.9098 0.7216 0.4196
v -0.562500 2.123698 1.742167 0.9098 0.7216 0.4196
v -0.562500 2.071382 1.726000 0.9098 0.7216 0.4196
v -0.562500 2.123698 1.709833 0.9098 0.7216 0.4196
v -0.480000 2.250000 1.699600 0.9098 0.7216 0.4196
v -0.480000 2.395841 1.707332 0.9098 0.7216 0.4196
v -0.480000 2.456250 1.726000 0.9098 0.7216 0.4196
v -0.480000 2.395841 1.744668 0.9098 0.7216 0.4196
v -0.480000 2.250000 1.752400 0.9098 0.7216 0.4196
v -0.480000 2.104159 1.744668 0.9098 0.7216 0.4196
v -0.480000 2.043750 1.726000 0.9098 0.7216 0.4196
v -0.480000 2.104159 1.707332 0.9098 0.7216 0.4196
v 0.480000 2.250000 1.699600 0.9098 0.7216 0.4196
v 0.480000 2.395841 1.707332 0.9098 0.7216 0.4196
v 0.480000 2.456250 1.726000 0.9098 0.7216 0.4196
v 0.480000 2.395841 1.744668 0.9098 0.7216 0.4196
v 0.480000 2.250000 1.752400 0.9098 0.7216 0.4196
v 0.480000 2.104159 1.744668 0.9098 0.7216 0.4196
v 0.480000 2.043750 1.726000 0.9098 0.7216 0.4196
v 0.480000 2.104159 1.707332 0.9098 0.7216 0.4196
v 0.562500 2.250000 1.703137 0.9098 0.7216 0.4196
v 0.562500 2.376302 1.709833 0.9098 0.7216 0.4196
v 0.562500 2.428618 1.726000 0.9098 0.7216 0.4196
v 0.562500 2.376302 1.742167 0.9098 0.7216 0.4196
v 0.562500 2.250000 1.748863 0.9098 0.7216 0.4196
v 0.562500 2.123698 1.742167 0.9098 0.7216 0.4196
v 0.562500 2.071382 1.726000 0.9098 0.7216 0.4196
v 0.562500 2.123698 1.709833 0.9098 0.7216 0.4196
v 0.622894 2.250000 1.712800 0.9098 0.7216 0.4196
v 0.622894 2.322920 1.716666 0.9098 0.7216 0.4196
v 0.622894 2.353125 1.726000 0.9098 0.7216 0.4196
v 0.622894 2.322920 1.735334 0.9098 0.7216 0.4196
v 0.622894 2.250000 1.739200 0.9098 0.7216 0.4196
v 0.622894 2.177080 1.735334 0.9098 0.7216 0.4196
v 0.622894 2.146875 1.726000 0.9098 0.7216 0.4196
v 0.622894 2.177080 1.716666 0.9098 0.7216 0.4196
v 0.645000 2.250000 1.726000 0.9098 0.7216 0.4196
v -0.622500 2.250000 1.750000 1.0000 0.9647 0.8980
v -0.607428 2.250000 1.741000 1.0000 0.9647 0.8980
v -0.607428 2.309662 1.743636 1.0000 0.9647 0.8980
v -0.607428 2.334375 1.750000 1.0000 0.9647 0.8980
v -0.607428 2.309662 1.756364 1.0000 0.9647 0.8980
v -0.607428 2.250000 1.759000 1.0000 0.9647 0.8980
v -0.607428 2.190338 1.756364 1.0000 0.9647 0.8980
v -0.607428 2.165625 1.750000 1.0000 0.9647 0.8980
v -0.607428 2.190338 1.743636 1.0000 0.9647 0.8980
v -0.566250 2.250000 1.734412 1.0000 0.9647 0.8980
v -0.566250 2.353338 1.738977 1.0000 0.9647 0.8980
v -0.566250 2.396142 1.750000 1.0000 0.9647 0.8980
v -0.566250 2.353338 1.761023 1.0000 0.9647 0.8980
v -0.566250 2.250000 1.765589 1.0000 0.9647 0.8980
v -0.566250 2.146662 1.761023 1.0000 0.9647 0.8980
v -0.566250 2.103858 1.750000 1.0000 0.9647 0.8980
v -0.566250 2.146662 1.738977 1.0000 0.9647 0.8980
v -0.510000 2.250000 1.732000 1.0000 0.9647 0.8980
v -0.510000 2.369324 1.737272 1.0000 0.9647 0.8980
v -0.510000 2.418750 1.750000 1.0000 0.9647 0.8980
v -0.510000 2.369324 1.762728 1.0000 0.9647 0.8980
v -0.510000 2.250000 1.768000 1.0000 0.9647 0.8980
v -0.510000 2.130676 1.762728 1.0000 0.9647 0.8980
v -0.510000 2.081250 1.750000 1.0000 0.9647 0.8980
v -0.510000 2.130676 1.737272 1.0000 0.9647 0.8980
v 0.510000 2.250000 1.732000 1.0000 0.9647 0.8980
v 0.510000 2.369324 1.737272 1.0000 0.9647 0.8980
v 0.510000 2.418750 1.750000 1.0000 0.9647 0.8980
v 0.510000 2.369324 1.762728 1.0000 0.9647 0.8980
v 0.510000 2.250000 1.768000 1.0000 0.9647 0.8980
v 0.510000 2.130676 1.762728 1.0000 0.9647 0.8980
v 0.510000 2.081250 1.750000 1.0000 0.9647 0.8980
v 0.510000 2.130676 1.737272 1.0000 0.9647 0.8980
v 0.566250 2.250000 1.734412 1.0000 0.9647 0.8980
v 0.566250 2.353338 1.738977 1.0000 0.9647 0.8980
v 0.566250 2.396142 1.750000 1.0000 0.9647 0.8980
v 0.566250 2.353338 1.761023 1.0000 0.9647 0.8980
v 0.566250 2.250000 1.765589 1.0000 0.9647 0.8980
v 0.566250 2.146662 1.761023 1.0000 0.9647 0.8980
v 0.566250 2.103858 1.750000 1.0000 0.9647 0.8980
v 0.566250 2.146662 1.738977 1.0000 0.9647 0.8980
v 0.607428 2.250000 1.741000 1.0000 0.9647 0.8980
v 0.607428 2.309662 1.743636 1.0000 0.9647 0.8980
v 0.607428 2.334375 1.750000 1.0000 0.9647 0.8980
v 0.607428 2.309662 1.756364 1.0000 0.9647 0.8980
v 0.607428 2.250000 1.759000 1.0000 0.9647 0.8980
v 0.607428 2.190338 1.756364 1.0000 0.9647 0.8980
v 0.607428 2.165625 1.750000 1.0000 0.9647 0.8980
v 0.607428 2.190338 1.743636 1.0000 0.9647 0.8980
v 0.622500 2.250000 1.750000 1.0000 0.9647 0.8980
v -0.750000 2.250000 1.790000 0.7098 0.3294 0.2275
v -0.729904 2.250000 1.770000 0.7098 0.3294 0.2275
v -0.729904 2.303033 1.775858 0.7098 0.3294 0.2275
v -0.729904 2.325000 1.790000 0.7098 0.3294 0.2275
v -0.729904 2.303033 1.804142 0.7098 0.3294 0.2275
v -0.729904 2.250000 1.810000 0.7098 0.3294 0.2275
v -0.729904 2.196967 1.804142 0.7098 0.3294 0.2275
v -0.729904 2.175000 1.790000 0.7098 0.3294 0.2275
v -0.729904 2.196967 1.775858 0.7098 0.3294 0.2275
v -0.675000 2.250000 1.755359 0.7098 0.3294 0.2275
v -0.675000 2.341856 1.765505 0.7098 0.3294 0.2275
v -0.675000 2.379904 1.790000 0.7098 0.3294 0.2275
v -0.675000 2.341856 1.814495 0.7098 0.3294 0.2275
v -0.675000 2.250000 1.824641 0.7098 0.3294 0.2275
v -0.675000 2.158144 1.814495 0.7098 0.3294 0.2275
v -0.675000 2.120096 1.790000 0.7098 0.3294 0.2275
v -0.675000 2.158144 1.765505 0.7098 0.3294 0.2275
v -0.600000 2.250000 1.750000 0.7098 0.3294 0.2275
v -0.600000 2.356066 1.761716 0.7098 0.3294 0.2275
v -0.600000 2.400000 1.790000 0.7098 0.3294 0.2275
v -0.600000 2.356066 1.818284 0.7098 0.3294 0.2275
v -0.600000 2.250000 1.830000 0.7098 0.3294 0.2275
v -0.600000 2.143934 1.818284 0.7098 0.3294 0.2275
v -0.600000 2.100000 1.790000 0.7098 0.3294 0.2275
v -0.600000 2.143934 1.761716 0.7098 0.3294 0.2275
v 0.600000 2.250000 1.750000 0.7098 0.3294 0.2275
v 0.600000 2.356066 1.761716 0.7098 0.3294 0.2275
v 0.600000 2.400000 1.790000 0.7098 0.3294 0.2275
v 0.600000 2.356066 1.818284 0.7098 0.3294 0.2275
v 0.600000 2.250000 1.830000 0.7098 0.3294 0.2275
v 0.600000 2.143934 1.818284 0.7098 0.3294 0.2275
v 0.600000 2.100000 1.790000 0.7098 0.3294 0.2275
v 0.600000 2.143934 1.761716 0.7098 0.3294 0.2275
v 0.675000 2.250000 1.755359 0.7098 0.3294 0.2275
v 0.675000 2.341856 1.765505 0.7098 0.3294 0.2275
v 0.675000 2.379904 1.790000 0.7098 0.3294 0.2275
v 0.675000 2.341856 1.814495 0.7098 0.3294 0.2275
v 0.675000 2.250000 1.824641 0.7098 0.3294 0.2275
v 0.675000 2.158144 1.814495 0.7098 0.3294 0.2275
v 0.675000 2.120096 1.790000 0.7098 0.3294 0.2275
v 0.675000 2.158144 1.765505 0.7098 0.3294 0.2275
v 0.729904 2.250000 1.770000 0.7098 0.3294 0.2275
v 0.729904 2.303033 1.775858 0.7098 0.3294 0.2275
v 0.729904 2.325000 1.790000 0.7098 0.3294 0.2275
v 0.729904 2.303033 1.804142 0.7098 0.3294 0.2275
v 0.729904 2.250000 1.810000 0.7098 0.3294 0.2275
v 0.729904 2.196967 1.804142 0.7098 0.3294 0.2275
v 0.729904 2.175000 1.790000 0.7098 0.3294 0.2275
v 0.729904 2.196967 1.775858 0.7098 0.3294 0.2275
v 0.750000 2.250000 1.790000 0.7098 0.3294 0.2275
v 0.528047 2.238717 1.837153 0.8470 0.2275 0.1804
v 0.526761 2.216254 1.837137 0.8470 0.2275 0.1804
v 0.525964 2.205081 1.831934 0.8470 0.2275 0.1804
v 0.526453 2.216372 1.826746 0.8470 0.2275 0.1804
v 0.527739 2.238835 1.826761 0.8470 0.2275 0.1804
v 0.528536 2.250008 1.831965 0.8470 0.2275 0.1804
v -0.526764 2.283696 1.837145 0.8470 0.2275 0.1804
v -0.528050 2.261233 1.837145 0.8470 0.2275 0.1804
v -0.528535 2.249992 1.831949 0.8470 0.2275 0.1804
v -0.527736 2.261215 1.826753 0.8470 0.2275 0.1804
v -0.526451 2.283678 1.826753 0.8470 0.2275 0.1804
v -0.525964 2.294919 1.831949 0.8470 0.2275 0.1804
v -0.473665 2.280650 1.837260 0.8470 0.2275 0.1804
v -0.475820 2.258254 1.837258 0.8470 0.2275 0.1804
v -0.476680 2.247042 1.832061 0.8470 0.2275 0.1804
v -0.475385 2.258226 1.826866 0.8470 0.2275 0.1804
v -0.473230 2.280623 1.826868 0.8470 0.2275 0.1804
v -0.472370 2.291835 1.832065 0.8470 0.2275 0.1804
v -0.420249 2.273417 1.837465 0.8470 0.2275 0.1804
v -0.423807 2.251200 1.837458 0.8470 0.2275 0.1804
v -0.425358 2.240077 1.832259 0.8470 0.2275 0.1804
v -0.423351 2.251171 1.827066 0.8470 0.2275 0.1804
v -0.419793 2.273387 1.827073 0.8470 0.2275 0.1804
v -0.418242 2.284511 1.832272 0.8470 0.2275 0.1804
v -0.367033 2.263577 1.837594 0.8470 0.2275 0.1804
v -0.371235 2.241473 1.837587 0.8470 0.2275 0.1804
v -0.373277 2.230435 1.832386 0.8470 0.2275 0.1804
v -0.371117 2.241502 1.827194 0.8470 0.2275 0.1804
v -0.366915 2.263606 1.827202 0.8470 0.2275 0.1804
v -0.364873 2.274643 1.832402 0.8470 0.2275 0.1804
v -0.314209 2.253265 1.837547 0.8470 0.2275 0.1804
v -0.318186 2.231119 1.837539 0.8470 0.2275 0.1804
v -0.320327 2.220100 1.832339 0.8470 0.2275 0.1804
v -0.318491 2.231226 1.827147 0.8470 0.2275 0.1804
v -0.314514 2.253372 1.827155 0.8470 0.2275 0.1804
v -0.312373 2.264391 1.832355 0.8470 0.2275 0.1804
v -0.261923 2.244686 1.837361 0.8470 0.2275 0.1804
v -0.264843 2.222376 1.837350 0.8470 0.2275 0.1804
v -0.266545 2.211288 1.832149 0.8470 0.2275 0.1804
v -0.265327 2.222511 1.826959 0.8470 0.2275 0.1804
v -0.262407 2.244821 1.826970 0.8470 0.2275 0.1804
v -0.260705 2.255908 1.832171 0.8470 0.2275 0.1804
v -0.210154 2.239609 1.837188 0.8470 0.2275 0.1804
v -0.211377 2.217142 1.837173 0.8470 0.2275 0.1804
v -0.212123 2.205967 1.831969 0.8470 0.2275 0.1804
v -0.211646 2.217258 1.826781 0.8470 0.2275 0.1804
v -0.210423 2.239724 1.826796 0.8470 0.2275 0.1804
v -0.209677 2.250900 1.832000 0.8470 0.2275 0.1804
v -0.158636 2.239036 1.837166 0.8470 0.2275 0.1804
v -0.157884 2.216548 1.837149 0.8470 0.2275 0.1804
v -0.157423 2.205360 1.831945 0.8470 0.2275 0.1804
v -0.157714 2.216659 1.826757 0.8470 0.2275 0.1804
v -0.158466 2.239146 1.826773 0.8470 0.2275 0.1804
v -0.158927 2.250335 1.831978 0.8470 0.2275 0.1804
v -0.106961 2.243076 1.837312 0.8470 0.2275 0.1804
v -0.104406 2.220721 1.837300 0.8470 0.2275 0.1804
v -0.102895 2.209610 1.832098 0.8470 0.2275 0.1804
v -0.103939 2.220854 1.826908 0.8470 0.2275 0.1804
v -0.106494 2.243208 1.826920 0.8470 0.2275 0.1804
v -0.108005 2.254319 1.832122 0.8470 0.2275 0.1804
v -0.054812 2.250940 1.837510 0.8470 0.2275 0.1804
v -0.051020 2.228762 1.837501 0.8470 0.2275 0.1804
v -0.048933 2.217733 1.832301 0.8470 0.2275 0.1804
v -0.050638 2.228883 1.827109 0.8470 0.2275 0.1804
v -0.054430 2.251061 1.827118 0.8470 0.2275 0.1804
v -0.056517 2.262089 1.832318 0.8470 0.2275 0.1804
v -0.002110 2.261025 1.837600 0.8470 0.2275 0.1804
v 0.002119 2.238926 1.837592 0.8470 0.2275 0.1804
v 0.004229 2.227901 1.832392 0.8470 0.2275 0.1804
v 0.002110 2.238975 1.827200 0.8470 0.2275 0.1804
v -0.002119 2.261074 1.827208 0.8470 0.2275 0.1804
v -0.004229 2.272099 1.832408 0.8470 0.2275 0.1804
v 0.051029 2.271188 1.837509 0.8470 0.2275 0.1804
v 0.054820 2.249010 1.837502 0.8470 0.2275 0.1804
v 0.056516 2.237911 1.832302 0.8470 0.2275 0.1804
v 0.054421 2.248989 1.827110 0.8470 0.2275 0.1804
v 0.050630 2.271167 1.827117 0.8470 0.2275 0.1804
v 0.048934 2.282267 1.832317 0.8470 0.2275 0.1804
v 0.104412 2.279229 1.837307 0.8470 0.2275 0.1804
v 0.106966 2.256874 1.837304 0.8470 0.2275 0.1804
v 0.108004 2.245681 1.832106 0.8470 0.2275 0.1804
v 0.106488 2.256842 1.826912 0.8470 0.2275 0.1804
v 0.103934 2.279197 1.826916 0.8470 0.2275 0.1804
v 0.102896 2.290390 1.832113 0.8470 0.2275 0.1804
v 0.157886 2.283401 1.837157 0.8470 0.2275 0.1804
v 0.158637 2.260914 1.837158 0.8470 0.2275 0.1804
v 0.158927 2.249665 1.831962 0.8470 0.2275 0.1804
v 0.158464 2.260904 1.826766 0.8470 0.2275 0.1804
v 0.157713 2.283391 1.826765 0.8470 0.2275 0.1804
v 0.157423 2.294640 1.831961 0.8470 0.2275 0.1804
v 0.211374 2.282807 1.837180 0.8470 0.2275 0.1804
v 0.210151 2.260341 1.837180 0.8470 0.2275 0.1804
v 0.209677 2.249100 1.831984 0.8470 0.2275 0.1804
v 0.210426 2.260326 1.826788 0.8470 0.2275 0.1804
v 0.211649 2.282793 1.826788 0.8470 0.2275 0.1804
v 0.212123 2.294034 1.831985 0.8470 0.2275 0.1804
v 0.264836 2.277574 1.837358 0.8470 0.2275 0.1804
v 0.261917 2.255265 1.837354 0.8470 0.2275 0.1804
v 0.260706 2.244092 1.832156 0.8470 0.2275 0.1804
v 0.262414 2.255229 1.826962 0.8470 0.2275 0.1804
v 0.265333 2.277539 1.826967 0.8470 0.2275 0.1804
v 0.266544 2.288712 1.832165 0.8470 0.2275 0.1804
v 0.318177 2.268831 1.837546 0.8470 0.2275 0.1804
v 0.314200 2.246686 1.837539 0.8470 0.2275 0.1804
v 0.312373 2.235609 1.832339 0.8470 0.2275 0.1804
v 0.314523 2.246678 1.827147 0.8470 0.2275 0.1804
v 0.318500 2.268823 1.827154 0.8470 0.2275 0.1804
v 0.320327 2.279900 1.832354 0.8470 0.2275 0.1804
v 0.371226 2.258478 1.837594 0.8470 0.2275 0.1804
v 0.367023 2.236374 1.837587 0.8470 0.2275 0.1804
v 0.364873 2.225357 1.832387 0.8470 0.2275 0.1804
v 0.366924 2.236444 1.827194 0.8470 0.2275 0.1804
v 0.371127 2.258548 1.827202 0.8470 0.2275 0.1804
v 0.373277 2.269565 1.832402 0.8470 0.2275 0.1804
v 0.423799 2.248750 1.837466 0.8470 0.2275 0.1804
v 0.420240 2.226533 1.837457 0.8470 0.2275 0.1804
v 0.418241 2.215489 1.832257 0.8470 0.2275 0.1804
v 0.419801 2.226663 1.827065 0.8470 0.2275 0.1804
v 0.423360 2.248879 1.827074 0.8470 0.2275 0.1804
v 0.425359 2.259923 1.832274 0.8470 0.2275 0.1804
v 0.475815 2.241696 1.837265 0.8470 0.2275 0.1804
v 0.473660 2.219300 1.837252 0.8470 0.2275 0.1804
v 0.472369 2.208165 1.832049 0.8470 0.2275 0.1804
v 0.473235 2.219427 1.826860 0.8470 0.2275 0.1804
v 0.475390 2.241824 1.826874 0.8470 0.2275 0.1804
v 0.476681 2.252958 1.832076 0.8470 0.2275 0.1804
v 0.563677 2.230525 1.842354 0.9490 0.7608 0.1882
v 0.543097 2.215513 1.842038 0.9490 0.7608 0.1882
v 0.534421 2.207531 1.836009 0.9490 0.7608 0.1882
v 0.546323 2.214560 1.830295 0.9490 0.7608 0.1882
v 0.566903 2.229572 1.830610 0.9490 0.7608 0.1882
v 0.575579 2.237554 1.836640 0.9490 0.7608 0.1882
v -0.543895 2.283863 1.842202 0.9490 0.7608 0.1882
v -0.564539 2.268893 1.842202 0.9490 0.7608 0.1882
v -0.575644 2.262488 1.836324 0.9490 0.7608 0.1882
v -0.566105 2.271053 1.830446 0.9490 0.7608 0.1882
v -0.545461 2.286022 1.830446 0.9490 0.7608 0.1882
v -0.534356 2.292428 1.836324 0.9490 0.7608 0.1882
v -0.488603 2.207561 1.840686 0.9490 0.7608 0.1882
v -0.505955 2.188883 1.840541 0.9490 0.7608 0.1882
v -0.516852 2.182245 1.834653 0.9490 0.7608 0.1882
v -0.510397 2.194284 1.828911 0.9490 0.7608 0.1882
v -0.493046 2.212962 1.829057 0.9490 0.7608 0.1882
v -0.482148 2.219601 1.834944 0.9490 0.7608 0.1882
v -0.444592 2.178437 1.836570 0.9490 0.7608 0.1882
v -0.443668 2.153042 1.836007 0.9490 0.7608 0.1882
v -0.443077 2.142180 1.829856 0.9490 0.7608 0.1882
v -0.443408 2.156713 1.824270 0.9490 0.7608 0.1882
v -0.444332 2.182109 1.824833 0.9490 0.7608 0.1882
v -0.444923 2.192971 1.830983 0.9490 0.7608 0.1882
v -0.399473 2.213139 1.841200 0.9490 0.7608 0.1882
v -0.381411 2.195147 1.841053 0.9490 0.7608 0.1882
v -0.370438 2.188770 1.835155 0.9490 0.7608 0.1882
v -0.377527 2.200384 1.829404 0.9490 0.7608 0.1882
v -0.395589 2.218376 1.829551 0.9490 0.7608 0.1882
v -0.406562 2.224753 1.835449 0.9490 0.7608 0.1882
v -0.340213 2.294298 1.841875 0.9490 0.7608 0.1882
v -0.321461 2.277026 1.841731 0.9490 0.7608 0.1882
v -0.314248 2.266725 1.835815 0.9490 0.7608 0.1882
v -0.325787 2.273696 1.830043 0.9490 0.7608 0.1882
v -0.344539 2.290969 1.830187 0.9490 0.7608 0.1882
v -0.351752 2.301269 1.836103 0.9490 0.7608 0.1882
v -0.278637 2.344815 1.836374 0.9490 0.7608 0.1882
v -0.274987 2.319593 1.836614 0.9490 0.7608 0.1882
v -0.273850 2.306094 1.830853 0.9490 0.7608 0.1882
v -0.276363 2.317817 1.824851 0.9490 0.7608 0.1882
v -0.280013 2.343038 1.824611 0.9490 0.7608 0.1882
v -0.281150 2.356537 1.830372 0.9490 0.7608 0.1882
v -0.217167 2.318971 1.839866 0.9490 0.7608 0.1882
v -0.232997 2.298986 1.839734 0.9490 0.7608 0.1882
v -0.237830 2.287091 1.833859 0.9490 0.7608 0.1882
v -0.226833 2.295182 1.828116 0.9490 0.7608 0.1882
v -0.211003 2.315168 1.828248 0.9490 0.7608 0.1882
v -0.206170 2.327063 1.834123 0.9490 0.7608 0.1882
v -0.156276 2.239232 1.842704 0.9490 0.7608 0.1882
v -0.175863 2.222922 1.842504 0.9490 0.7608 0.1882
v -0.186087 2.216300 1.836529 0.9490 0.7608 0.1882
v -0.176724 2.225989 1.830756 0.9490 0.7608 0.1882
v -0.157137 2.242300 1.830957 0.9490 0.7608 0.1882
v -0.146913 2.248921 1.836931 0.9490 0.7608 0.1882
v -0.105449 2.183277 1.837496 0.9490 0.7608 0.1882
v -0.113813 2.159260 1.836999 0.9490 0.7608 0.1882
v -0.119364 2.149430 1.830902 0.9490 0.7608 0.1882
v -0.116551 2.163617 1.825301 0.9490 0.7608 0.1882
v -0.108187 2.187634 1.825798 0.9490 0.7608 0.1882
v -0.102636 2.197464 1.831896 0.9490 0.7608 0.1882
v -0.064028 2.190181 1.838597 0.9490 0.7608 0.1882
v -0.051326 2.168107 1.838259 0.9490 0.7608 0.1882
v -0.042797 2.159575 1.832268 0.9490 0.7608 0.1882
v -0.046972 2.173118 1.826615 0.9490 0.7608 0.1882
v -0.059674 2.195192 1.826953 0.9490 0.7608 0.1882
v -0.068203 2.203724 1.832944 0.9490 0.7608 0.1882
v -0.009497 2.257711 1.842966 0.9490 0.7608 0.1882
v 0.010294 2.241642 1.842808 0.9490 0.7608 0.1882
v 0.019790 2.233930 1.836842 0.9490 0.7608 0.1882
v 0.009497 2.242289 1.831034 0.9490 0.7608 0.1882
v -0.010294 2.258358 1.831192 0.9490 0.7608 0.1882
v -0.019790 2.266070 1.837158 0.9490 0.7608 0.1882
v 0.051900 2.331058 1.838423 0.9490 0.7608 0.1882
v 0.064472 2.308872 1.838448 0.9490 0.7608 0.1882
v 0.068072 2.296165 1.832631 0.9490 0.7608 0.1882
v 0.059100 2.305643 1.826789 0.9490 0.7608 0.1882
v 0.046528 2.327829 1.826764 0.9490 0.7608 0.1882
v 0.042928 2.340536 1.832581 0.9490 0.7608 0.1882
v 0.113437 2.339817 1.837170 0.9490 0.7608 0.1882
v 0.105155 2.315709 1.837353 0.9490 0.7608 0.1882
v 0.102718 2.302445 1.831581 0.9490 0.7608 0.1882
v 0.108563 2.313289 1.825627 0.9490 0.7608 0.1882
v 0.116845 2.337397 1.825445 0.9490 0.7608 0.1882
v 0.119282 2.350661 1.831216 0.9490 0.7608 0.1882
v 0.175054 2.276453 1.842663 0.9490 0.7608 0.1882
v 0.155511 2.260078 1.842548 0.9490 0.7608 0.1882
v 0.146957 2.251014 1.836616 0.9490 0.7608 0.1882
v 0.157946 2.258326 1.830798 0.9490 0.7608 0.1882
v 0.177489 2.274701 1.830912 0.9490 0.7608 0.1882
v 0.186043 2.283764 1.836845 0.9490 0.7608 0.1882
v 0.232431 2.200150 1.839889 0.9490 0.7608 0.1882
v 0.216453 2.180288 1.839710 0.9490 0.7608 0.1882
v 0.206022 2.173061 1.833811 0.9490 0.7608 0.1882
v 0.211569 2.185696 1.828093 0.9490 0.7608 0.1882
v 0.227547 2.205558 1.828273 0.9490 0.7608 0.1882
v 0.237978 2.212785 1.834171 0.9490 0.7608 0.1882
v 0.275118 2.179355 1.836756 0.9490 0.7608 0.1882
v 0.278801 2.154209 1.836200 0.9490 0.7608 0.1882
v 0.281183 2.143538 1.830057 0.9490 0.7608 0.1882
v 0.279882 2.158013 1.824469 0.9490 0.7608 0.1882
v 0.276199 2.183160 1.825025 0.9490 0.7608 0.1882
v 0.273817 2.193831 1.831168 0.9490 0.7608 0.1882
v 0.322170 2.222227 1.841887 0.9490 0.7608 0.1882
v 0.341018 2.205063 1.841717 0.9490 0.7608 0.1882
v 0.351848 2.198839 1.835789 0.9490 0.7608 0.1882
v 0.343830 2.209779 1.830031 0.9490 0.7608 0.1882
v 0.324982 2.226943 1.830201 0.9490 0.7608 0.1882
v 0.314152 2.233167 1.836129 0.9490 0.7608 0.1882
v 0.382197 2.304187 1.841209 0.9490 0.7608 0.1882
v 0.400136 2.286074 1.841043 0.9490 0.7608 0.1882
v 0.406438 2.275126 1.835137 0.9490 0.7608 0.1882
v 0.394803 2.282290 1.829395 0.9490 0.7608 0.1882
v 0.376864 2.300403 1.829561 0.9490 0.7608 0.1882
v 0.370562 2.311352 1.835468 0.9490 0.7608 0.1882
v 0.443709 2.345970 1.836181 0.9490 0.7608 0.1882
v 0.444625 2.320503 1.836429 0.9490 0.7608 0.1882
v 0.444915 2.306958 1.830668 0.9490 0.7608 0.1882
v 0.444291 2.318879 1.824659 0.9490 0.7608 0.1882
v 0.443375 2.344346 1.824411 0.9490 0.7608 0.1882
v 0.443085 2.357891 1.830172 0.9490 0.7608 0.1882
v 0.505190 2.310425 1.840696 0.9490 0.7608 0.1882
v 0.487976 2.291622 1.840529 0.9490 0.7608 0.1882
v 0.482286 2.280275 1.834632 0.9490 0.7608 0.1882
v 0.493810 2.287730 1.828901 0.9490 0.7608 0.1882
v 0.511024 2.306533 1.829068 0.9490 0.7608 0.1882
v 0.516714 2.317880 1.834965 0.9490 0.7608 0.1882
v -0.450000 4.160000 -0.300000 0.8470 0.2275 0.1804
v -0.357295 4.160000 -0.285317 0.8470 0.2275 0.1804
v -0.369715 4.197082 -0.285317 0.8470 0.2275 0.1804
v -0.403647 4.224228 -0.285317 0.8470 0.2275 0.1804
v -0.450000 4.234164 -0.285317 0.8470 0.2275 0.1804
v -0.496353 4.224228 -0.285317 0.8470 0.2275 0.1804
v -0.530285 4.197082 -0.285317 0.8470 0.2275 0.1804
v -0.542705 4.160000 -0.285317 0.8470 0.2275 0.1804
v -0.530285 4.122918 -0.285317 0.8470 0.2275 0.1804
v -0.496353 4.095772 -0.285317 0.8470 0.2275 0.1804
v -0.450000 4.085836 -0.285317 0.8470 0.2275 0.1804
v -0.403647 4.095772 -0.285317 0.8470 0.2275 0.1804
v -0.369715 4.122918 -0.285317 0.8470 0.2275 0.1804
v -0.273664 4.160000 -0.242705 0.8470 0.2275 0.1804
v -0.297289 4.230534 -0.242705 0.8470 0.2275 0.1804
v -0.361832 4.282169 -0.242705 0.8470 0.2275 0.1804
v -0.450000 4.301069 -0.242705 0.8470 0.2275 0.1804
v -0.538168 4.282169 -0.242705 0.8470 0.2275 0.1804
v -0.602711 4.230534 -0.242705 0.8470 0.2275 0.1804
v -0.626336 4.160000 -0.242705 0.8470 0.2275 0.1804
v -0.602711 4.089466 -0.242705 0.8470 0.2275 0.1804
v -0.538168 4.037831 -0.242705 0.8470 0.2275 0.1804
v -0.450000 4.018931 -0.242705 0.8470 0.2275 0.1804
v -0.361832 4.037831 -0.242705 0.8470 0.2275 0.1804
v -0.297289 4.089466 -0.242705 0.8470 0.2275 0.1804
v -0.207295 4.160000 -0.176336 0.8470 0.2275 0.1804
v -0.239811 4.257082 -0.176336 0.8470 0.2275 0.1804
v -0.328647 4.328151 -0.176336 0.8470 0.2275 0.1804
v -0.450000 4.354164 -0.176336 0.8470 0.2275 0.1804
v -0.571353 4.328151 -0.176336 0.8470 0.2275 0.1804
v -0.660189 4.257082 -0.176336 0.8470 0.2275 0.1804
v -0.692705 4.160000 -0.176336 0.8470 0.2275 0.1804
v -0.660189 4.062918 -0.176336 0.8470 0.2275 0.1804
v -0.571353 3.991849 -0.176336 0.8470 0.2275 0.1804
v -0.450000 3.965836 -0.176336 0.8470 0.2275 0.1804
v -0.328647 3.991849 -0.176336 0.8470 0.2275 0.1804
v -0.239811 4.062918 -0.176336 0.8470 0.2275 0.1804
v -0.164683 4.160000 -0.092705 0.8470 0.2275 0.1804
v -0.202908 4.274127 -0.092705 0.8470 0.2275 0.1804
v -0.307342 4.357674 -0.092705 0.8470 0.2275 0.1804
v -0.450000 4.388254 -0.092705 0.8470 0.2275 0.1804
v -0.592658 4.357674 -0.092705 0.8470 0.2275 0.1804
v -0.697092 4.274127 -0.092705 0.8470 0.2275 0.1804
v -0.735317 4.160000 -0.092705 0.8470 0.2275 0.1804
v -0.697092 4.045873 -0.092705 0.8470 0.2275 0.1804
v -0.592658 3.962327 -0.092705 0.8470 0.2275 0.1804
v -0.450000 3.931746 -0.092705 0.8470 0.2275 0.1804
v -0.307342 3.962327 -0.092705 0.8470 0.2275 0.1804
v -0.202908 4.045873 -0.092705 0.8470 0.2275 0.1804
v -0.150000 4.160000 0.000000 0.8470 0.2275 0.1804
v -0.190192 4.280000 0.000000 0.8470 0.2275 0.1804
v -0.300000 4.367846 0.000000 0.8470 0.2275 0.1804
v -0.450000 4.400000 0.000000 0.8470 0.2275 0.1804
v -0.600000 4.367846 0.000000 0.8470 0.2275 0.1804
v -0.709808 4.280000 0.000000 0.8470 0.2275 0.1804
v -0.750000 4.160000 0.000000 0.8470 0.2275 0.1804
v -0.709808 4.040000 0.000000 0.8470 0.2275 0.1804
v -0.600000 3.952154 -0.000000 0.8470 0.2275 0.1804
v -0.450000 3.920000 -0.000000 0.8470 0.2275 0.1804
v -0.300000 3.952154 -0.000000 0.8470 0.2275 0.1804
v -0.190192 4.040000 0.000000 0.8470 0.2275 0.1804
v -0.150000 4.160000 0.400000 0.8470 0.2275 0.1804
v -0.190192 4.280000 0.400000 0.8470 0.2275 0.1804
v -0.300000 4.367846 0.400000 0.8470 0.2275 0.1804
v -0.450000 4.400000 0.400000 0.8470 0.2275 0.1804
v -0.600000 4.367846 0.400000 0.8470 0.2275 0.1804
v -0.709808 4.280000 0.400000 0.8470 0.2275 0.1804
v -0.750000 4.160000 0.400000 0.8470 0.2275 0.1804
v -0.709808 4.040000 0.400000 0.8470 0.2275 0.1804
v -0.600000 3.952154 0.400000 0.8470 0.2275 0.1804
v -0.450000 3.920000 0.400000 0.8470 0.2275 0.1804
v -0.300000 3.952154 0.400000 0.8470 0.2275 0.1804
v -0.190192 4.040000 0.400000 0.8470 0.2275 0.1804
v -0.164683 4.160000 0.492705 0.8470 0.2275 0.1804
v -0.202908 4.274127 0.492705 0.8470 0.2275 0.1804
v -0.307342 4.357674 0.492705 0.8470 0.2275 0.1804
v -0.450000 4.388254 0.492705 0.8470 0.2275 0.1804
v -0.592658 4.357674 0.492705 0.8470 0.2275 0.1804
v -0.697092 4.274127 0.492705 0.8470 0.2275 0.1804
v -0.735317 4.160000 0.492705 0.8470 0.2275 0.1804
v -0.697092 4.045873 0.492705 0.8470 0.2275 0.1804
v -0.592658 3.962327 0.492705 0.8470 0.2275 0.1804
v -0.450000 3.931746 0.492705 0.8470 0.2275 0.1804
v -0.307342 3.962327 0.492705 0.8470 0.2275 0.1804
v -0.202908 4.045873 0.492705 0.8470 0.2275 0.1804
v -0.207295 4.160000 0.576336 0.8470 0.2275 0.1804
v -0.239811 4.257082 0.576336 0.8470 0.2275 0.1804
v -0.328647 4.328151 0.576336 0.8470 0.2275 0.1804
v -0.450000 4.354164 0.576336 0.8470 0.2275 0.1804
v -0.571353 4.328151 0.576336 0.8470 0.2275 0.1804
v -0.660189 4.257082 0.576336 0.8470 0.2275 0.1804
v -0.692705 4.160000 0.576336 0.8470 0.2275 0.1804
v -0.660189 4.062918 0.576336 0.8470 0.2275 0.1804
v -0.571353 3.991849 0.576336 0.8470 0.2275 0.1804
v -0.450000 3.965836 0.576336 0.8470 0.2275 0.1804
v -0.328647 3.991849 0.576336 0.8470 0.2275 0.1804
v -0.239811 4.062918 0.576336 0.8470 0.2275 0.1804
v -0.273664 4.160000 0.642705 0.8470 0.2275 0.1804
v -0.297289 4.230534 0.642705 0.8470 0.2275 0.1804
v -0.361832 4.282169 0.642705 0.8470 0.2275 0.1804
v -0.450000 4.301068 0.642705 0.8470 0.2275 0.1804
v -0.538168 4.282169 0.642705 0.8470 0.2275 0.1804
v -0.602711 4.230534 0.642705 0.8470 0.2275 0.1804
v -0.626336 4.160000 0.642705 0.8470 0.2275 0.1804
v -0.602711 4.089466 0.642705 0.8470 0.2275 0.1804
v -0.538168 4.037831 0.642705 0.8470 0.2275 0.1804
v -0.450000 4.018931 0.642705 0.8470 0.2275 0.1804
v -0.361832 4.037831 0.642705 0.8470 0.2275 0.1804
v -0.297289 4.089466 0.642705 0.8470 0.2275 0.1804
v -0.357295 4.160000 0.685317 0.8470 0.2275 0.1804
v -0.369715 4.197082 0.685317 0.8470 0.2275 0.1804
v -0.403647 4.224228 0.685317 0.8470 0.2275 0.1804
v -0.450000 4.234164 0.685317 0.8470 0.2275 0.1804
v -0.496353 4.224228 0.685317 0.8470 0.2275 0.1804
v -0.530285 4.197082 0.685317 0.8470 0.2275 0.1804
v -0.542705 4.160000 0.685317 0.8470 0.2275 0.1804
v -0.530285 4.122918 0.685317 0.8470 0.2275 0.1804
v -0.496353 4.095772 0.685317 0.8470 0.2275 0.1804
v -0.450000 4.085836 0.685317 0.8470 0.2275 0.1804
v -0.403647 4.095772 0.685317 0.8470 0.2275 0.1804
v -0.369715 4.122918 0.685317 0.8470 0.2275 0.1804
v -0.450000 4.160000 0.700000 0.8470 0.2275 0.1804
v -0.450000 4.220000 -0.200000 0.5569 0.2314 0.1490
v -0.450000 5.120000 -0.200000 0.5569 0.2314 0.1490
v -0.350000 4.220000 -0.173205 0.5569 0.2314 0.1490
v -0.350000 5.120000 -0.173205 0.5569 0.2314 0.1490
v -0.276795 4.220000 -0.100000 0.5569 0.2314 0.1490
v -0.276795 5.120000 -0.100000 0.5569 0.2314 0.1490
v -0.250000 4.220000 0.000000 0.5569 0.2314 0.1490
v -0.250000 5.120000 0.000000 0.5569 0.2314 0.1490
v -0.276795 4.220000 0.100000 0.5569 0.2314 0.1490
v -0.276795 5.120000 0.100000 0.5569 0.2314 0.1490
v -0.350000 4.220000 0.173205 0.5569 0.2314 0.1490
v -0.350000 5.120000 0.173205 0.5569 0.2314 0.1490
v -0.450000 4.220000 0.200000 0.5569 0.2314 0.1490
v -0.450000 5.120000 0.200000 0.5569 0.2314 0.1490
v -0.550000 4.220000 0.173205 0.5569 0.2314 0.1490
v -0.550000 5.120000 0.173205 0.5569 0.2314 0.1490
v -0.623205 4.220000 0.100000 0.5569 0.2314 0.1490
v -0.623205 5.120000 0.100000 0.5569 0.2314 0.1490
v -0.650000 4.220000 0.000000 0.5569 0.2314 0.1490
v -0.650000 5.120000 0.000000 0.5569 0.2314 0.1490
v -0.623205 4.220000 -0.100000 0.5569 0.2314 0.1490
v -0.623205 5.120000 -0.100000 0.5569 0.2314 0.1490
v -0.550000 4.220000 -0.173205 0.5569 0.2314 0.1490
v -0.550000 5.120000 -0.173205 0.5569 0.2314 0.1490
v 0.450000 4.160000 -0.300000 0.8470 0.2275 0.1804
v 0.542705 4.160000 -0.285317 0.8470 0.2275 0.1804
v 0.530285 4.197082 -0.285317 0.8470 0.2275 0.1804
v 0.496353 4.224228 -0.285317 0.8470 0.2275 0.1804
v 0.450000 4.234164 -0.285317 0.8470 0.2275 0.1804
v 0.403647 4.224228 -0.285317 0.8470 0.2275 0.1804
v 0.369715 4.197082 -0.285317 0.8470 0.2275 0.1804
v 0.357295 4.160000 -0.285317 0.8470 0.2275 0.1804
v 0.369715 4.122918 -0.285317 0.8470 0.2275 0.1804
v 0.403647 4.095772 -0.285317 0.8470 0.2275 0.1804
v 0.450000 4.085836 -0.285317 0.8470 0.2275 0.1804
v 0.496353 4.095772 -0.285317 0.8470 0.2275 0.1804
v 0.530285 4.122918 -0.285317 0.8470 0.2275 0.1804
v 0.626336 4.160000 -0.242705 0.8470 0.2275 0.1804
v 0.602711 4.230534 -0.242705 0.8470 0.2275 0.1804
v 0.538168 4.282169 -0.242705 0.8470 0.2275 0.1804
v 0.450000 4.301069 -0.242705 0.8470 0.2275 0.1804
v 0.361832 4.282169 -0.242705 0.8470 0.2275 0.1804
v 0.297289 4.230534 -0.242705 0.8470 0.2275 0.1804
v 0.273664 4.160000 -0.242705 0.8470 0.2275 0.1804
v 0.297289 4.089466 -0.242705 0.8470 0.2275 0.1804
v 0.361832 4.037831 -0.242705 0.8470 0.2275 0.1804
v 0.450000 4.018931 -0.242705 0.8470 0.2275 0.1804
v 0.538168 4.037831 -0.242705 0.8470 0.2275 0.1804
v 0.602711 4.089466 -0.242705 0.8470 0.2275 0.1804
v 0.692705 4.160000 -0.176336 0.8470 0.2275 0.1804
v 0.660189 4.257082 -0.176336 0.8470 0.2275 0.1804
v 0.571353 4.328151 -0.176336 0.8470 0.2275 0.1804
v 0.450000 4.354164 -0.176336 0.8470 0.2275 0.1804
v 0.328647 4.328151 -0.176336 0.8470 0.2275 0.1804
v 0.239811 4.257082 -0.176336 0.8470 0.2275 0.1804
v 0.207295 4.160000 -0.176336 0.8470 0.2275 0.1804
v 0.239811 4.062918 -0.176336 0.8470 0.2275 0.1804
v 0.328647 3.991849 -0.176336 0.8470 0.2275 0.1804
v 0.450000 3.965836 -0.176336 0.8470 0.2275 0.1804
v 0.571353 3.991849 -0.176336 0.8470 0.2275 0.1804
v 0.660189 4.062918 -0.176336 0.8470 0.2275 0.1804
v 0.735317 4.160000 -0.092705 0.8470 0.2275 0.1804
v 0.697092 4.274127 -0.092705 0.8470 0.2275 0.1804
v 0.592658 4.357674 -0.092705 0.8470 0.2275 0.1804
v 0.450000 4.388254 -0.092705 0.8470 0.2275 0.1804
v 0.307342 4.357674 -0.092705 0.8470 0.2275 0.1804
v 0.202908 4.274127 -0.092705 0.8470 0.2275 0.1804
v 0.164683 4.160000 -0.092705 0.8470 0.2275 0.1804
v 0.202908 4.045873 -0.092705 0.8470 0.2275 0.1804
v 0.307342 3.962327 -0.092705 0.8470 0.2275 0.1804
v 0.450000 3.931746 -0.092705 0.8470 0.2275 0.1804
v 0.592658 3.962327 -0.092705 0.8470 0.2275 0.1804
v 0.697092 4.045873 -0.092705 0.8470 0.2275 0.1804
v 0.750000 4.160000 0.000000 0.8470 0.2275 0.1804
v 0.709808 4.280000 0.000000 0.8470 0.2275 0.1804
v 0.600000 4.367846 0.000000 0.8470 0.2275 0.1804
v 0.450000 4.400000 0.000000 0.8470 0.2275 0.1804
v 0.300000 4.367846 0.000000 0.8470 0.2275 0.1804
v 0.190192 4.280000 0.000000 0.8470 0.2275 0.1804
v 0.150000 4.160000 0.000000 0.8470 0.2275 0.1804
v 0.190192 4.040000 0.000000 0.8470 0.2275 0.1804
v 0.300000 3.952154 -0.000000 0.8470 0.2275 0.1804
v 0.450000 3.920000 -0.000000 0.8470 0.2275 0.1804
v 0.600000 3.952154 -0.000000 0.8470 0.2275 0.1804
v 0.709808 4.040000 0.000000 0.8470 0.2275 0.1804
v 0.750000 4.160000 0.400000 0.8470 0.2275 0.1804
v 0.709808 4.280000 0.400000 0.8470 0.2275 0.1804
v 0.600000 4.367846 0.400000 0.8470 0.2275 0.1804
v 0.450000 4.400000 0.400000 0.8470 0.2275 0.1804
v 0.300000 4.367846 0.400000 0.8470 0.2275 0.1804
v 0.190192 4.280000 0.400000 0.8470 0.2275 0.1804
v 0.150000 4.160000 0.400000 0.8470 0.2275 0.1804
v 0.190192 4.040000 0.400000 0.8470 0.2275 0.1804
v 0.300000 3.952154 0.400000 0.8470 0.2275 0.1804
v 0.450000 3.920000 0.400000 0.8470 0.2275 0.1804
v 0.600000 3.952154 0.400000 0.8470 0.2275 0.1804
v 0.709808 4.040000 0.400000 0.8470 0.2275 0.1804
v 0.735317 4.160000 0.492705 0.8470 0.2275 0.1804
v 0.697092 4.274127 0.492705 0.8470 0.2275 0.1804
v 0.592658 4.357674 0.492705 0.8470 0.2275 0.1804
v 0.450000 4.388254 0.492705 0.8470 0.2275 0.1804
v 0.307342 4.357674 0.492705 0.8470 0.2275 0.1804
v 0.202908 4.274127 0.492705 0.8470 0.2275 0.1804
v 0.164683 4.160000 0.492705 0.8470 0.2275 0.1804
v 0.202908 4.045873 0.492705 0.8470 0.2275 0.1804
v 0.307342 3.962327 0.492705 0.8470 0.2275 0.1804
v 0.450000 3.931746 0.492705 0.8470 0.2275 0.1804
v 0.592658 3.962327 0.492705 0.8470 0.2275 0.1804
v 0.697092 4.045873 0.492705 0.8470 0.2275 0.1804
v 0.692705 4.160000 0.576336 0.8470 0.2275 0.1804
v 0.660189 4.257082 0.576336 0.8470 0.2275 0.1804
v 0.571353 4.328151 0.576336 0.8470 0.2275 0.1804
v 0.450000 4.354164 0.576336 0.8470 0.2275 0.1804
v 0.328647 4.328151 0.576336 0.8470 0.2275 0.1804
v 0.239811 4.257082 0.576336 0.8470 0.2275 0.1804
v 0.207295 4.160000 0.576336 0.8470 0.2275 0.1804
v 0.239811 4.062918 0.576336 0.8470 0.2275 0.1804
v 0.328647 3.991849 0.576336 0.8470 0.2275 0.1804
v 0.450000 3.965836 0.576336 0.8470 0.2275 0.1804
v 0.571353 3.991849 0.576336 0.8470 0.2275 0.1804
v 0.660189 4.062918 0.576336 0.8470 0.2275 0.1804
v 0.626336 4.160000 0.642705 0.8470 0.2275 0.1804
v 0.602711 4.230534 0.642705 0.8470 0.2275 0.1804
v 0.538168 4.282169 0.642705 0.8470 0.2275 0.1804
v 0.450000 4.301068 0.642705 0.8470 0.2275 0.1804
v 0.361832 4.282169 0.642705 0.8470 0.2275 0.1804
v 0.297289 4.230534 0.642705 0.8470 0.2275 0.1804
v 0.273664 4.160000 0.642705 0.8470 0.2275 0.1804
v 0.297289 4.089466 0.642705 0.8470 0.2275 0.1804
v 0.361832 4.037831 0.642705 0.8470 0.2275 0.1804
v 0.450000 4.018931 0.642705 0.8470 0.2275 0.1804
v 0.538168 4.037831 0.642705 0.8470 0.2275 0.1804
v 0.602711 4.089466 0.642705 0.8470 0.2275 0.1804
v 0.542705 4.160000 0.685317 0.8470 0.2275 0.1804
v 0.530285 4.197082 0.685317 0.8470 0.2275 0.1804
v 0.496353 4.224228 0.685317 0.8470 0.2275 0.1804
v 0.450000 4.234164 0.685317 0.8470 0.2275 0.1804
v 0.403647 4.224228 0.685317 0.8470 0.2275 0.1804
v 0.369715 4.197082 0.685317 0.8470 0.2275 0.1804
v 0.357295 4.160000 0.685317 0.8470 0.2275 0.1804
v 0.369715 4.122918 0.685317 0.8470 0.2275 0.1804
v 0.403647 4.095772 0.685317 0.8470 0.2275 0.1804
v 0.450000 4.085836 0.685317 0.8470 0.2275 0.1804
v 0.496353 4.095772 0.685317 0.8470 0.2275 0.1804
v 0.530285 4.122918 0.685317 0.8470 0.2275 0.1804
v 0.450000 4.160000 0.700000 0.8470 0.2275 0.1804
v 0.450000 4.220000 -0.200000 0.5569 0.2314 0.1490
v 0.450000 5.120000 -0.200000 0.5569 0.2314 0.1490
v 0.550000 4.220000 -0.173205 0.5569 0.2314 0.1490
v 0.550000 5.120000 -0.173205 0.5569 0.2314 0.1490
v 0.623205 4.220000 -0.100000 0.5569 0.2314 0.1490
v 0.623205 5.120000 -0.100000 0.5569 0.2314 0.1490
v 0.650000 4.220000 0.000000 0.5569 0.2314 0.1490
v 0.650000 5.120000 0.000000 0.5569 0.2314 0.1490
v 0.623205 4.220000 0.100000 0.5569 0.2314 0.1490
v 0.623205 5.120000 0.100000 0.5569 0.2314 0.1490
v 0.550000 4.220000 0.173205 0.5569 0.2314 0.1490
v 0.550000 5.120000 0.173205 0.5569 0.2314 0.1490
v 0.450000 4.220000 0.200000 0.5569 0.2314 0.1490
v 0.450000 5.120000 0.200000 0.5569 0.2314 0.1490
v 0.350000 4.220000 0.173205 0.5569 0.2314 0.1490
v 0.350000 5.120000 0.173205 0.5569 0.2314 0.1490
v 0.276795 4.220000 0.100000 0.5569 0.2314 0.1490
v 0.276795 5.120000 0.100000 0.5569 0.2314 0.1490
v 0.250000 4.220000 0.000000 0.5569 0.2314 0.1490
v 0.250000 5.120000 0.000000 0.5569 0.2314 0.1490
v 0.276795 4.220000 -0.100000 0.5569 0.2314 0.1490
v 0.276795 5.120000 -0.100000 0.5569 0.2314 0.1490
v 0.350000 4.220000 -0.173205 0.5569 0.2314 0.1490
v 0.350000 5.120000 -0.173205 0.5569 0.2314 0.1490
v 0.000000 4.920000 0.000000 0.7098 0.3294 0.2275
v 0.278115 4.964049 0.000000 0.7098 0.3294 0.2275
v 0.264503 4.964049 -0.085942 0.7098 0.3294 0.2275
v 0.225000 4.964049 -0.163472 0.7098 0.3294 0.2275
v 0.163472 4.964049 -0.225000 0.7098 0.3294 0.2275
v 0.085942 4.964049 -0.264503 0.7098 0.3294 0.2275
v 0.000000 4.964049 -0.278115 0.7098 0.3294 0.2275
v -0.085942 4.964049 -0.264503 0.7098 0.3294 0.2275
v -0.163472 4.964049 -0.225000 0.7098 0.3294 0.2275
v -0.225000 4.964049 -0.163472 0.7098 0.3294 0.2275
v -0.264503 4.964049 -0.085942 0.7098 0.3294 0.2275
v -0.278115 4.964049 -0.000000 0.7098 0.3294 0.2275
v -0.264503 4.964049 0.085942 0.7098 0.3294 0.2275
v -0.225000 4.964049 0.163472 0.7098 0.3294 0.2275
v -0.163472 4.964049 0.225000 0.7098 0.3294 0.2275
v -0.085942 4.964049 0.264503 0.7098 0.3294 0.2275
v -0.000000 4.964049 0.278115 0.7098 0.3294 0.2275
v 0.085942 4.964049 0.264503 0.7098 0.3294 0.2275
v 0.163472 4.964049 0.225000 0.7098 0.3294 0.2275
v 0.225000 4.964049 0.163472 0.7098 0.3294 0.2275
v 0.264503 4.964049 0.085942 0.7098 0.3294 0.2275
v 0.529007 5.091885 0.000000 0.7098 0.3294 0.2275
v 0.503115 5.091885 -0.163472 0.7098 0.3294 0.2275
v 0.427975 5.091885 -0.310942 0.7098 0.3294 0.2275
v 0.310942 5.091885 -0.427975 0.7098 0.3294 0.2275
v 0.163472 5.091885 -0.503115 0.7098 0.3294 0.2275
v 0.000000 5.091885 -0.529007 0.7098 0.3294 0.2275
v -0.163472 5.091885 -0.503115 0.7098 0.3294 0.2275
v -0.310942 5.091885 -0.427975 0.7098 0.3294 0.2275
v -0.427975 5.091885 -0.310942 0.7098 0.3294 0.2275
v -0.503115 5.091885 -0.163472 0.7098 0.3294 0.2275
v -0.529007 5.091885 -0.000000 0.7098 0.3294 0.2275
v -0.503115 5.091885 0.163472 0.7098 0.3294 0.2275
v -0.427975 5.091885 0.310942 0.7098 0.3294 0.2275
v -0.310942 5.091885 0.427975 0.7098 0.3294 0.2275
v -0.163472 5.091885 0.503115 0.7098 0.3294 0.2275
v -0.000000 5.091885 0.529007 0.7098 0.3294 0.2275
v 0.163472 5.091885 0.503115 0.7098 0.3294 0.2275
v 0.310942 5.091885 0.427975 0.7098 0.3294 0.2275
v 0.427975 5.091885 0.310942 0.7098 0.3294 0.2275
v 0.503115 5.091885 0.163472 0.7098 0.3294 0.2275
v 0.728115 5.290994 0.000000 0.7098 0.3294 0.2275
v 0.692479 5.290994 -0.225000 0.7098 0.3294 0.2275
v 0.589058 5.290994 -0.427975 0.7098 0.3294 0.2275
v 0.427975 5.290994 -0.589058 0.7098 0.3294 0.2275
v 0.225000 5.290994 -0.692479 0.7098 0.3294 0.2275
v 0.000000 5.290994 -0.728115 0.7098 0.3294 0.2275
v -0.225000 5.290994 -0.692479 0.7098 0.3294 0.2275
v -0.427975 5.290994 -0.589058 0.7098 0.3294 0.2275
v -0.589058 5.290994 -0.427975 0.7098 0.3294 0.2275
v -0.692479 5.290994 -0.225000 0.7098 0.3294 0.2275
v -0.728115 5.290994 -0.000000 0.7098 0.3294 0.2275
v -0.692479 5.290994 0.225000 0.7098 0.3294 0.2275
v -0.589058 5.290994 0.427975 0.7098 0.3294 0.2275
v -0.427975 5.290994 0.589058 0.7098 0.3294 0.2275
v -0.225000 5.290994 0.692479 0.7098 0.3294 0.2275
v -0.000000 5.290994 0.728115 0.7098 0.3294 0.2275
v 0.225000 5.290994 0.692479 0.7098 0.3294 0.2275
v 0.427975 5.290994 0.589058 0.7098 0.3294 0.2275
v 0.589058 5.290994 0.427975 0.7098 0.3294 0.2275
v 0.692479 5.290994 0.225000 0.7098 0.3294 0.2275
v 0.855951 5.541885 0.000000 0.7098 0.3294 0.2275
v 0.814058 5.541885 -0.264503 0.7098 0.3294 0.2275
v 0.692479 5.541885 -0.503115 0.7098 0.3294 0.2275
v 0.503115 5.541885 -0.692479 0.7098 0.3294 0.2275
v 0.264503 5.541885 -0.814058 0.7098 0.3294 0.2275
v 0.000000 5.541885 -0.855951 0.7098 0.3294 0.2275
v -0.264503 5.541885 -0.814058 0.7098 0.3294 0.2275
v -0.503115 5.541885 -0.692479 0.7098 0.3294 0.2275
v -0.692479 5.541885 -0.503115 0.7098 0.3294 0.2275
v -0.814058 5.541885 -0.264503 0.7098 0.3294 0.2275
v -0.855951 5.541885 -0.000000 0.7098 0.3294 0.2275
v -0.814058 5.541885 0.264503 0.7098 0.3294 0.2275
v -0.692479 5.541885 0.503115 0.7098 0.3294 0.2275
v -0.503115 5.541885 0.692479 0.7098 0.3294 0.2275
v -0.264503 5.541885 0.814058 0.7098 0.3294 0.2275
v -0.000000 5.541885 0.855951 0.7098 0.3294 0.2275
v 0.264503 5.541885 0.814058 0.7098 0.3294 0.2275
v 0.503115 5.541885 0.692479 0.7098 0.3294 0.2275
v 0.692479 5.541885 0.503115 0.7098 0.3294 0.2275
v 0.814058 5.541885 0.264503 0.7098 0.3294 0.2275
v 0.900000 5.820000 0.000000 0.7098 0.3294 0.2275
v 0.855951 5.820000 -0.278115 0.7098 0.3294 0.2275
v 0.728115 5.820000 -0.529007 0.7098 0.3294 0.2275
v 0.529007 5.820000 -0.728115 0.7098 0.3294 0.2275
v 0.278115 5.820000 -0.855951 0.7098 0.3294 0.2275
v 0.000000 5.820000 -0.900000 0.7098 0.3294 0.2275
v -0.278115 5.820000 -0.855951 0.7098 0.3294 0.2275
v -0.529007 5.820000 -0.728115 0.7098 0.3294 0.2275
v -0.728115 5.820000 -0.529007 0.7098 0.3294 0.2275
v -0.855951 5.820000 -0.278115 0.7098 0.3294 0.2275
v -0.900000 5.820000 -0.000000 0.7098 0.3294 0.2275
v -0.855951 5.820000 0.278115 0.7098 0.3294 0.2275
v -0.728115 5.820000 0.529007 0.7098 0.3294 0.2275
v -0.529007 5.820000 0.728115 0.7098 0.3294 0.2275
v -0.278115 5.820000 0.855951 0.7098 0.3294 0.2275
v -0.000000 5.820000 0.900000 0.7098 0.3294 0.2275
v 0.278115 5.820000 0.855951 0.7098 0.3294 0.2275
v 0.529007 5.820000 0.728115 0.7098 0.3294 0.2275
v 0.728115 5.820000 0.529007 0.7098 0.3294 0.2275
v 0.855951 5.820000 0.278115 0.7098 0.3294 0.2275
v 0.900000 11.020000 0.000000 0.7098 0.3294 0.2275
v 0.855951 11.020000 -0.278115 0.7098 0.3294 0.2275
v 0.728115 11.020000 -0.529007 0.7098 0.3294 0.2275
v 0.529007 11.020000 -0.728115 0.7098 0.3294 0.2275
v 0.278115 11.020000 -0.855951 0.7098 0.3294 0.2275
v 0.000000 11.020000 -0.900000 0.7098 0.3294 0.2275
v -0.278115 11.020000 -0.855951 0.7098 0.3294 0.2275
v -0.529007 11.020000 -0.728115 0.7098 0.3294 0.2275
v -0.728115 11.020000 -0.529007 0.7098 0.3294 0.2275
v -0.855951 11.020000 -0.278115 0.7098 0.3294 0.2275
v -0.900000 11.020000 -0.000000 0.7098 0.3294 0.2275
v -0.855951 11.020000 0.278115 0.7098 0.3294 0.2275
v -0.728115 11.020000 0.529007 0.7098 0.3294 0.2275
v -0.529007 11.020000 0.728115 0.7098 0.3294 0.2275
v -0.278115 11.020000 0.855951 0.7098 0.3294 0.2275
v -0.000000 11.020000 0.900000 0.7098 0.3294 0.2275
v 0.278115 11.020000 0.855951 0.7098 0.3294 0.2275
v 0.529007 11.020000 0.728115 0.7098 0.3294 0.2275
v 0.728115 11.020000 0.529007 0.7098 0.3294 0.2275
v 0.855951 11.020000 0.278115 0.7098 0.3294 0.2275
v 0.855951 11.298116 0.000000 0.7098 0.3294 0.2275
v 0.814058 11.298116 -0.264503 0.7098 0.3294 0.2275
v 0.692479 11.298116 -0.503115 0.7098 0.3294 0.2275
v 0.503115 11.298116 -0.692479 0.7098 0.3294 0.2275
v 0.264503 11.298116 -0.814058 0.7098 0.3294 0.2275
v 0.000000 11.298116 -0.855951 0.7098 0.3294 0.2275
v -0.264503 11.298116 -0.814058 0.7098 0.3294 0.2275
v -0.503115 11.298116 -0.692479 0.7098 0.3294 0.2275
v -0.692479 11.298116 -0.503115 0.7098 0.3294 0.2275
v -0.814058 11.298116 -0.264503 0.7098 0.3294 0.2275
v -0.855951 11.298116 -0.000000 0.7098 0.3294 0.2275
v -0.814058 11.298116 0.264503 0.7098 0.3294 0.2275
v -0.692479 11.298116 0.503115 0.7098 0.3294 0.2275
v -0.503115 11.298116 0.692479 0.7098 0.3294 0.2275
v -0.264503 11.298116 0.814058 0.7098 0.3294 0.2275
v -0.000000 11.298116 0.855951 0.7098 0.3294 0.2275
v 0.264503 11.298116 0.814058 0.7098 0.3294 0.2275
v 0.503115 11.298116 0.692479 0.7098 0.3294 0.2275
v 0.692479 11.298116 0.503115 0.7098 0.3294 0.2275
v 0.814058 11.298116 0.264503 0.7098 0.3294 0.2275
v 0.728115 11.549006 0.000000 0.7098 0.3294 0.2275
v 0.692479 11.549006 -0.225000 0.7098 0.3294 0.2275
v 0.589058 11.549006 -0.427975 0.7098 0.3294 0.2275
v 0.427975 11.549006 -0.589058 0.7098 0.3294 0.2275
v 0.225000 11.549006 -0.692479 0.7098 0.3294 0.2275
v 0.000000 11.549006 -0.728115 0.7098 0.3294 0.2275
v -0.225000 11.549006 -0.692479 0.7098 0.3294 0.2275
v -0.427975 11.549006 -0.589058 0.7098 0.3294 0.2275
v -0.589058 11.549006 -0.427975 0.7098 0.3294 0.2275
v -0.692479 11.549006 -0.225000 0.7098 0.3294 0.2275
v -0.728115 11.549006 -0.000000 0.7098 0.3294 0.2275
v -0.692479 11.549006 0.225000 0.7098 0.3294 0.2275
v -0.589058 11.549006 0.427975 0.7098 0.3294 0.2275
v -0.427975 11.549006 0.589058 0.7098 0.3294 0.2275
v -0.225000 11.549006 0.692479 0.7098 0.3294 0.2275
v -0.000000 11.549006 0.728115 0.7098 0.3294 0.2275
v 0.225000 11.549006 0.692479 0.7098 0.3294 0.2275
v 0.427975 11.549006 0.589058 0.7098 0.3294 0.2275
v 0.589058 11.549006 0.427975 0.7098 0.3294 0.2275
v 0.692479 11.549006 0.225000 0.7098 0.3294 0.2275
v 0.529007 11.748116 0.000000 0.7098 0.3294 0.2275
v 0.503115 11.748116 -0.163472 0.7098 0.3294 0.2275
v 0.427975 11.748116 -0.310942 0.7098 0.3294 0.2275
v 0.310942 11.748116 -0.427975 0.7098 0.3294 0.2275
v 0.163472 11.748116 -0.503115 0.7098 0.3294 0.2275
v 0.000000 11.748116 -0.529007 0.7098 0.3294 0.2275
v -0.163472 11.748116 -0.503115 0.7098 0.3294 0.2275
v -0.310942 11.748116 -0.427975 0.7098 0.3294 0.2275
v -0.427975 11.748116 -0.310942 0.7098 0.3294 0.2275
v -0.503115 11.748116 -0.163472 0.7098 0.3294 0.2275
v -0.529007 11.748116 -0.000000 0.7098 0.3294 0.2275
v -0.503115 11.748116 0.163472 0.7098 0.3294 0.2275
v -0.427975 11.748116 0.310942 0.7098 0.3294 0.2275
v -0.310942 11.748116 0.427975 0.7098 0.3294 0.2275
v -0.163472 11.748116 0.503115 0.7098 0.3294 0.2275
v -0.000000 11.748116 0.529007 0.7098 0.3294 0.2275
v 0.163472 11.748116 0.503115 0.7098 0.3294 0.2275
v 0.310942 11.748116 0.427975 0.7098 0.3294 0.2275
v 0.427975 11.748116 0.310942 0.7098 0.3294 0.2275
v 0.503115 11.748116 0.163472 0.7098 0.3294 0.2275
v 0.278115 11.875951 0.000000 0.7098 0.3294 0.2275
v 0.264503 11.875951 -0.085942 0.7098 0.3294 0.2275
v 0.225000 11.875951 -0.163472 0.7098 0.3294 0.2275
v 0.163472 11.875951 -0.225000 0.7098 0.3294 0.2275
v 0.085942 11.875951 -0.264503 0.7098 0.3294 0.2275
v 0.000000 11.875951 -0.278115 0.7098 0.3294 0.2275
v -0.085942 11.875951 -0.264503 0.7098 0.3294 0.2275
v -0.163472 11.875951 -0.225000 0.7098 0.3294 0.2275
v -0.225000 11.875951 -0.163472 0.7098 0.3294 0.2275
v -0.264503 11.875951 -0.085942 0.7098 0.3294 0.2275
v -0.278115 11.875951 -0.000000 0.7098 0.3294 0.2275
v -0.264503 11.875951 0.085942 0.7098 0.3294 0.2275
v -0.225000 11.875951 0.163472 0.7098 0.3294 0.2275
v -0.163472 11.875951 0.225000 0.7098 0.3294 0.2275
v -0.085942 11.875951 0.264503 0.7098 0.3294 0.2275
v -0.000000 11.875951 0.278115 0.7098 0.3294 0.2275
v 0.085942 11.875951 0.264503 0.7098 0.3294 0.2275
v 0.163472 11.875951 0.225000 0.7098 0.3294 0.2275
v 0.225000 11.875951 0.163472 0.7098 0.3294 0.2275
v 0.264503 11.875951 0.085942 0.7098 0.3294 0.2275
v 0.000000 11.920000 0.000000 0.7098 0.3294 0.2275
v -0.980000 5.020000 -0.120000 0.9098 0.7216 0.4196
v -0.788409 5.050345 -0.120000 0.9098 0.7216 0.4196
v -0.802993 5.050345 -0.215314 0.9098 0.7216 0.4196
v -0.844525 5.050345 -0.296117 0.9098 0.7216 0.4196
v -0.906681 5.050345 -0.350109 0.9098 0.7216 0.4196
v -0.980000 5.050345 -0.369068 0.9098 0.7216 0.4196
v -1.053319 5.050345 -0.350109 0.9098 0.7216 0.4196
v -1.115475 5.050345 -0.296117 0.9098 0.7216 0.4196
v -1.157007 5.050345 -0.215314 0.9098 0.7216 0.4196
v -1.171591 5.050345 -0.120000 0.9098 0.7216 0.4196
v -1.157007 5.050345 -0.024686 0.9098 0.7216 0.4196
v -1.115475 5.050345 0.056117 0.9098 0.7216 0.4196
v -1.053319 5.050345 0.110109 0.9098 0.7216 0.4196
v -0.980000 5.050345 0.129068 0.9098 0.7216 0.4196
v -0.906681 5.050345 0.110109 0.9098 0.7216 0.4196
v -0.844525 5.050345 0.056117 0.9098 0.7216 0.4196
v -0.802993 5.050345 -0.024686 0.9098 0.7216 0.4196
v -0.615573 5.138410 -0.120000 0.9098 0.7216 0.4196
v -0.643314 5.138410 -0.301298 0.9098 0.7216 0.4196
v -0.722311 5.138410 -0.454995 0.9098 0.7216 0.4196
v -0.840540 5.138410 -0.557692 0.9098 0.7216 0.4196
v -0.980000 5.138410 -0.593755 0.9098 0.7216 0.4196
v -1.119460 5.138410 -0.557692 0.9098 0.7216 0.4196
v -1.237689 5.138410 -0.454995 0.9098 0.7216 0.4196
v -1.316687 5.138410 -0.301298 0.9098 0.7216 0.4196
v -1.344427 5.138410 -0.120000 0.9098 0.7216 0.4196
v -1.316687 5.138410 0.061298 0.9098 0.7216 0.4196
v -1.237689 5.138410 0.214995 0.9098 0.7216 0.4196
v -1.119460 5.138410 0.317692 0.9098 0.7216 0.4196
v -0.980000 5.138410 0.353755 0.9098 0.7216 0.4196
v -0.840540 5.138410 0.317692 0.9098 0.7216 0.4196
v -0.722311 5.138410 0.214995 0.9098 0.7216 0.4196
v -0.643314 5.138410 0.061298 0.9098 0.7216 0.4196
v -0.478409 5.275573 -0.120000 0.9098 0.7216 0.4196
v -0.516591 5.275573 -0.369535 0.9098 0.7216 0.4196
v -0.625322 5.275573 -0.581081 0.9098 0.7216 0.4196
v -0.788050 5.275573 -0.722432 0.9098 0.7216 0.4196
v -0.980000 5.275573 -0.772068 0.9098 0.7216 0.4196
v -1.171950 5.275573 -0.722432 0.9098 0.7216 0.4196
v -1.334678 5.275573 -0.581081 0.9098 0.7216 0.4196
v -1.443409 5.275573 -0.369535 0.9098 0.7216 0.4196
v -1.481591 5.275573 -0.120000 0.9098 0.7216 0.4196
v -1.443409 5.275573 0.129535 0.9098 0.7216 0.4196
v -1.334678 5.275573 0.341081 0.9098 0.7216 0.4196
v -1.171950 5.275573 0.482432 0.9098 0.7216 0.4196
v -0.980000 5.275573 0.532068 0.9098 0.7216 0.4196
v -0.788050 5.275573 0.482432 0.9098 0.7216 0.4196
v -0.625322 5.275573 0.341081 0.9098 0.7216 0.4196
v -0.516591 5.275573 0.129535 0.9098 0.7216 0.4196
v -0.390345 5.448410 -0.120000 0.9098 0.7216 0.4196
v -0.435230 5.448410 -0.413347 0.9098 0.7216 0.4196
v -0.563051 5.448410 -0.662034 0.9098 0.7216 0.4196
v -0.754349 5.448410 -0.828201 0.9098 0.7216 0.4196
v -0.980000 5.448410 -0.886552 0.9098 0.7216 0.4196
v -1.205651 5.448410 -0.828201 0.9098 0.7216 0.4196
v -1.396949 5.448410 -0.662034 0.9098 0.7216 0.4196
v -1.524770 5.448410 -0.413347 0.9098 0.7216 0.4196
v -1.569655 5.448410 -0.120000 0.9098 0.7216 0.4196
v -1.524770 5.448410 0.173347 0.9098 0.7216 0.4196
v -1.396949 5.448410 0.422034 0.9098 0.7216 0.4196
v -1.205651 5.448410 0.588201 0.9098 0.7216 0.4196
v -0.980000 5.448410 0.646552 0.9098 0.7216 0.4196
v -0.754349 5.448410 0.588201 0.9098 0.7216 0.4196
v -0.563051 5.448410 0.422034 0.9098 0.7216 0.4196
v -0.435230 5.448410 0.173347 0.9098 0.7216 0.4196
v -0.360000 5.640000 -0.120000 0.9098 0.7216 0.4196
v -0.407195 5.640000 -0.428443 0.9098 0.7216 0.4196
v -0.541594 5.640000 -0.689928 0.9098 0.7216 0.4196
v -0.742736 5.640000 -0.864647 0.9098 0.7216 0.4196
v -0.980000 5.640000 -0.926000 0.9098 0.7216 0.4196
v -1.217264 5.640000 -0.864647 0.9098 0.7216 0.4196
v -1.418406 5.640000 -0.689928 0.9098 0.7216 0.4196
v -1.552805 5.640000 -0.428443 0.9098 0.7216 0.4196
v -1.600000 5.640000 -0.120000 0.9098 0.7216 0.4196
v -1.552805 5.640000 0.188443 0.9098 0.7216 0.4196
v -1.418406 5.640000 0.449928 0.9098 0.7216 0.4196
v -1.217264 5.640000 0.624647 0.9098 0.7216 0.4196
v -0.980000 5.640000 0.686000 0.9098 0.7216 0.4196
v -0.742736 5.640000 0.624647 0.9098 0.7216 0.4196
v -0.541594 5.640000 0.449928 0.9098 0.7216 0.4196
v -0.407195 5.640000 0.188443 0.9098 0.7216 0.4196
v -0.360000 9.400000 -0.120000 0.9098 0.7216 0.4196
v -0.407195 9.400000 -0.428443 0.9098 0.7216 0.4196
v -0.541594 9.400000 -0.689928 0.9098 0.7216 0.4196
v -0.742736 9.400000 -0.864647 0.9098 0.7216 0.4196
v -0.980000 9.400000 -0.926000 0.9098 0.7216 0.4196
v -1.217264 9.400000 -0.864647 0.9098 0.7216 0.4196
v -1.418406 9.400000 -0.689928 0.9098 0.7216 0.4196
v -1.552805 9.400000 -0.428443 0.9098 0.7216 0.4196
v -1.600000 9.400000 -0.120000 0.9098 0.7216 0.4196
v -1.552805 9.400000 0.188443 0.9098 0.7216 0.4196
v -1.418406 9.400000 0.449928 0.9098 0.7216 0.4196
v -1.217264 9.400000 0.624647 0.9098 0.7216 0.4196
v -0.980000 9.400000 0.686000 0.9098 0.7216 0.4196
v -0.742736 9.400000 0.624647 0.9098 0.7216 0.4196
v -0.541594 9.400000 0.449928 0.9098 0.7216 0.4196
v -0.407195 9.400000 0.188443 0.9098 0.7216 0.4196
v -0.390345 9.591590 -0.120000 0.9098 0.7216 0.4196
v -0.435230 9.591590 -0.413347 0.9098 0.7216 0.4196
v -0.563051 9.591590 -0.662034 0.9098 0.7216 0.4196
v -0.754349 9.591590 -0.828201 0.9098 0.7216 0.4196
v -0.980000 9.591590 -0.886552 0.9098 0.7216 0.4196
v -1.205651 9.591590 -0.828201 0.9098 0.7216 0.4196
v -1.396949 9.591590 -0.662034 0.9098 0.7216 0.4196
v -1.524770 9.591590 -0.413347 0.9098 0.7216 0.4196
v -1.569655 9.591590 -0.120000 0.9098 0.7216 0.4196
v -1.524770 9.591590 0.173347 0.9098 0.7216 0.4196
v -1.396949 9.591590 0.422034 0.9098 0.7216 0.4196
v -1.205651 9.591590 0.588201 0.9098 0.7216 0.4196
v -0.980000 9.591590 0.646552 0.9098 0.7216 0.4196
v -0.754349 9.591590 0.588201 0.9098 0.7216 0.4196
v -0.563051 9.591590 0.422034 0.9098 0.7216 0.4196
v -0.435230 9.591590 0.173347 0.9098 0.7216 0.4196
v -0.478409 9.764427 -0.120000 0.9098 0.7216 0.4196
v -0.516591 9.764427 -0.369535 0.9098 0.7216 0.4196
v -0.625322 9.764427 -0.581081 0.9098 0.7216 0.4196
v -0.788050 9.764427 -0.722432 0.9098 0.7216 0.4196
v -0.980000 9.764427 -0.772068 0.9098 0.7216 0.4196
v -1.171950 9.764427 -0.722432 0.9098 0.7216 0.4196
v -1.334678 9.764427 -0.581081 0.9098 0.7216 0.4196
v -1.443409 9.764427 -0.369535 0.9098 0.7216 0.4196
v -1.481591 9.764427 -0.120000 0.9098 0.7216 0.4196
v -1.443409 9.764427 0.129535 0.9098 0.7216 0.4196
v -1.334678 9.764427 0.341081 0.9098 0.7216 0.4196
v -1.171950 9.764427 0.482432 0.9098 0.7216 0.4196
v -0.980000 9.764427 0.532068 0.9098 0.7216 0.4196
v -0.788050 9.764427 0.482432 0.9098 0.7216 0.4196
v -0.625322 9.764427 0.341081 0.9098 0.7216 0.4196
v -0.516591 9.764427 0.129535 0.9098 0.7216 0.4196
v -0.615573 9.901590 -0.120000 0.9098 0.7216 0.4196
v -0.643314 9.901590 -0.301298 0.9098 0.7216 0.4196
v -0.722311 9.901590 -0.454995 0.9098 0.7216 0.4196
v -0.840540 9.901590 -0.557692 0.9098 0.7216 0.4196
v -0.980000 9.901590 -0.593755 0.9098 0.7216 0.4196
v -1.119460 9.901590 -0.557692 0.9098 0.7216 0.4196
v -1.237689 9.901590 -0.454995 0.9098 0.7216 0.4196
v -1.316687 9.901590 -0.301298 0.9098 0.7216 0.4196
v -1.344427 9.901590 -0.120000 0.9098 0.7216 0.4196
v -1.316687 9.901590 0.061298 0.9098 0.7216 0.4196
v -1.237689 9.901590 0.214995 0.9098 0.7216 0.4196
v -1.119460 9.901590 0.317692 0.9098 0.7216 0.4196
v -0.980000 9.901590 0.353755 0.9098 0.7216 0.4196
v -0.840540 9.901590 0.317692 0.9098 0.7216 0.4196
v -0.722311 9.901590 0.214995 0.9098 0.7216 0.4196
v -0.643314 9.901590 0.061298 0.9098 0.7216 0.4196
v -0.788409 9.989655 -0.120000 0.9098 0.7216 0.4196
v -0.802993 9.989655 -0.215314 0.9098 0.7216 0.4196
v -0.844525 9.989655 -0.296117 0.9098 0.7216 0.4196
v -0.906681 9.989655 -0.350109 0.9098 0.7216 0.4196
v -0.980000 9.989655 -0.369068 0.9098 0.7216 0.4196
v -1.053319 9.989655 -0.350109 0.9098 0.7216 0.4196
v -1.115475 9.989655 -0.296117 0.9098 0.7216 0.4196
v -1.157007 9.989655 -0.215314 0.9098 0.7216 0.4196
v -1.171591 9.989655 -0.120000 0.9098 0.7216 0.4196
v -1.157007 9.989655 -0.024686 0.9098 0.7216 0.4196
v -1.115475 9.989655 0.056117 0.9098 0.7216 0.4196
v -1.053319 9.989655 0.110109 0.9098 0.7216 0.4196
v -0.980000 9.989655 0.129068 0.9098 0.7216 0.4196
v -0.906681 9.989655 0.110109 0.9098 0.7216 0.4196
v -0.844525 9.989655 0.056117 0.9098 0.7216 0.4196
v -0.802993 9.989655 -0.024686 0.9098 0.7216 0.4196
v -0.980000 10.020000 -0.120000 0.9098 0.7216 0.4196
v 0.980000 5.020000 -0.120000 0.9098 0.7216 0.4196
v 1.171591 5.050345 -0.120000 0.9098 0.7216 0.4196
v 1.157007 5.050345 -0.215314 0.9098 0.7216 0.4196
v 1.115475 5.050345 -0.296117 0.9098 0.7216 0.4196
v 1.053319 5.050345 -0.350109 0.9098 0.7216 0.4196
v 0.980000 5.050345 -0.369068 0.9098 0.7216 0.4196
v 0.906681 5.050345 -0.350109 0.9098 0.7216 0.4196
v 0.844525 5.050345 -0.296117 0.9098 0.7216 0.4196
v 0.802993 5.050345 -0.215314 0.9098 0.7216 0.4196
v 0.788409 5.050345 -0.120000 0.9098 0.7216 0.4196
v 0.802993 5.050345 -0.024686 0.9098 0.7216 0.4196
v 0.844525 5.050345 0.056117 0.9098 0.7216 0.4196
v 0.906681 5.050345 0.110109 0.9098 0.7216 0.4196
v 0.980000 5.050345 0.129068 0.9098 0.7216 0.4196
v 1.053319 5.050345 0.110109 0.9098 0.7216 0.4196
v 1.115475 5.050345 0.056117 0.9098 0.7216 0.4196
v 1.157007 5.050345 -0.024686 0.9098 0.7216 0.4196
v 1.344427 5.138410 -0.120000 0.9098 0.7216 0.4196
v 1.316687 5.138410 -0.301298 0.9098 0.7216 0.4196
v 1.237689 5.138410 -0.454995 0.9098 0.7216 0.4196
v 1.119460 5.138410 -0.557692 0.9098 0.7216 0.4196
v 0.980000 5.138410 -0.593755 0.9098 0.7216 0.4196
v 0.840540 5.138410 -0.557692 0.9098 0.7216 0.4196
v 0.722311 5.138410 -0.454995 0.9098 0.7216 0.4196
v 0.643314 5.138410 -0.301298 0.9098 0.7216 0.4196
v 0.615573 5.138410 -0.120000 0.9098 0.7216 0.4196
v 0.643314 5.138410 0.061298 0.9098 0.7216 0.4196
v 0.722311 5.138410 0.214995 0.9098 0.7216 0.4196
v 0.840540 5.138410 0.317692 0.9098 0.7216 0.4196
v 0.980000 5.138410 0.353755 0.9098 0.7216 0.4196
v 1.119460 5.138410 0.317692 0.9098 0.7216 0.4196
v 1.237689 5.138410 0.214995 0.9098 0.7216 0.4196
v 1.316687 5.138410 0.061298 0.9098 0.7216 0.4196
v 1.481591 5.275573 -0.120000 0.9098 0.7216 0.4196
v 1.443409 5.275573 -0.369535 0.9098 0.7216 0.4196
v 1.334678 5.275573 -0.581081 0.9098 0.7216 0.4196
v 1.171950 5.275573 -0.722432 0.9098 0.7216 0.4196
v 0.980000 5.275573 -0.772068 0.9098 0.7216 0.4196
v 0.788050 5.275573 -0.722432 0.9098 0.7216 0.4196
v 0.625322 5.275573 -0.581081 0.9098 0.7216 0.4196
v 0.516591 5.275573 -0.369535 0.9098 0.7216 0.4196
v 0.478409 5.275573 -0.120000 0.9098 0.7216 0.4196
v 0.516591 5.275573 0.129535 0.9098 0.7216 0.4196
v 0.625322 5.275573 0.341081 0.9098 0.7216 0.4196
v 0.788050 5.275573 0.482432 0.9098 0.7216 0.4196
v 0.980000 5.275573 0.532068 0.9098 0.7216 0.4196
v 1.171950 5.275573 0.482432 0.9098 0.7216 0.4196
v 1.334678 5.275573 0.341081 0.9098 0.7216 0.4196
v 1.443409 5.275573 0.129535 0.9098 0.7216 0.4196
v 1.569655 5.448410 -0.120000 0.9098 0.7216 0.4196
v 1.524770 5.448410 -0.413347 0.9098 0.7216 0.4196
v 1.396949 5.448410 -0.662034 0.9098 0.7216 0.4196
v 1.205651 5.448410 -0.828201 0.9098 0.7216 0.4196
v 0.980000 5.448410 -0.886552 0.9098 0.7216 0.4196
v 0.754349 5.448410 -0.828201 0.9098 0.7216 0.4196
v 0.563051 5.448410 -0.662034 0.9098 0.7216 0.4196
v 0.435230 5.448410 -0.413347 0.9098 0.7216 0.4196
v 0.390345 5.448410 -0.120000 0.9098 0.7216 0.4196
v 0.435230 5.448410 0.173347 0.9098 0.7216 0.4196
v 0.563051 5.448410 0.422034 0.9098 0.7216 0.4196
v 0.754349 5.448410 0.588201 0.9098 0.7216 0.4196
v 0.980000 5.448410 0.646552 0.9098 0.7216 0.4196
v 1.205651 5.448410 0.588201 0.9098 0.7216 0.4196
v 1.396949 5.448410 0.422034 0.9098 0.7216 0.4196
v 1.524770 5.448410 0.173347 0.9098 0.7216 0.4196
v 1.600000 5.640000 -0.120000 0.9098 0.7216 0.4196
v 1.552805 5.640000 -0.428443 0.9098 0.7216 0.4196
v 1.418406 5.640000 -0.689928 0.9098 0.7216 0.4196
v 1.217264 5.640000 -0.864647 0.9098 0.7216 0.4196
v 0.980000 5.640000 -0.926000 0.9098 0.7216 0.4196
v 0.742736 5.640000 -0.864647 0.9098 0.7216 0.4196
v 0.541594 5.640000 -0.689928 0.9098 0.7216 0.4196
v 0.407195 5.640000 -0.428443 0.9098 0.7216 0.4196
v 0.360000 5.640000 -0.120000 0.9098 0.7216 0.4196
v 0.407195 5.640000 0.188443 0.9098 0.7216 0.4196
v 0.541594 5.640000 0.449928 0.9098 0.7216 0.4196
v 0.742736 5.640000 0.624647 0.9098 0.7216 0.4196
v 0.980000 5.640000 0.686000 0.9098 0.7216 0.4196
v 1.217264 5.640000 0.624647 0.9098 0.7216 0.4196
v 1.418406 5.640000 0.449928 0.9098 0.7216 0.4196
v 1.552805 5.640000 0.188443 0.9098 0.7216 0.4196
v 1.600000 9.400000 -0.120000 0.9098 0.7216 0.4196
v 1.552805 9.400000 -0.428443 0.9098 0.7216 0.4196
v 1.418406 9.400000 -0.689928 0.9098 0.7216 0.4196
v 1.217264 9.400000 -0.864647 0.9098 0.7216 0.4196
v 0.980000 9.400000 -0.926000 0.9098 0.7216 0.4196
v 0.742736 9.400000 -0.864647 0.9098 0.7216 0.4196
v 0.541594 9.400000 -0.689928 0.9098 0.7216 0.4196
v 0.407195 9.400000 -0.428443 0.9098 0.7216 0.4196
v 0.360000 9.400000 -0.120000 0.9098 0.7216 0.4196
v 0.407195 9.400000 0.188443 0.9098 0.7216 0.4196
v 0.541594 9.400000 0.449928 0.9098 0.7216 0.4196
v 0.742736 9.400000 0.624647 0.9098 0.7216 0.4196
v 0.980000 9.400000 0.686000 0.9098 0.7216 0.4196
v 1.217264 9.400000 0.624647 0.9098 0.7216 0.4196
v 1.418406 9.400000 0.449928 0.9098 0.7216 0.4196
v 1.552805 9.400000 0.188443 0.9098 0.7216 0.4196
v 1.569655 9.591590 -0.120000 0.9098 0.7216 0.4196
v 1.524770 9.591590 -0.413347 0.9098 0.7216 0.4196
v 1.396949 9.591590 -0.662034 0.9098 0.7216 0.4196
v 1.205651 9.591590 -0.828201 0.9098 0.7216 0.4196
v 0.980000 9.591590 -0.886552 0.9098 0.7216 0.4196
v 0.754349 9.591590 -0.828201 0.9098 0.7216 0.4196
v 0.563051 9.591590 -0.662034 0.9098 0.7216 0.4196
v 0.435230 9.591590 -0.413347 0.9098 0.7216 0.4196
v 0.390345 9.591590 -0.120000 0.9098 0.7216 0.4196
v 0.435230 9.591590 0.173347 0.9098 0.7216 0.4196
v 0.563051 9.591590 0.422034 0.9098 0.7216 0.4196
v 0.754349 9.591590 0.588201 0.9098 0.7216 0.4196
v 0.980000 9.591590 0.646552 0.9098 0.7216 0.4196
v 1.205651 9.591590 0.588201 0.9098 0.7216 0.4196
v 1.396949 9.591590 0.422034 0.9098 0.7216 0.4196
v 1.524770 9.591590 0.173347 0.9098 0.7216 0.4196
v 1.481591 9.764427 -0.120000 0.9098 0.7216 0.4196
v 1.443409 9.764427 -0.369535 0.9098 0.7216 0.4196
v 1.334678 9.764427 -0.581081 0.9098 0.7216 0.4196
v 1.171950 9.764427 -0.722432 0.9098 0.7216 0.4196
v 0.980000 9.764427 -0.772068 0.9098 0.7216 0.4196
v 0.788050 9.764427 -0.722432 0.9098 0.7216 0.4196
v 0.625322 9.764427 -0.581081 0.9098 0.7216 0.4196
v 0.516591 9.764427 -0.369535 0.9098 0.7216 0.4196
v 0.478409 9.764427 -0.120000 0.9098 0.7216 0.4196
v 0.516591 9.764427 0.129535 0.9098 0.7216 0.4196
v 0.625322 9.764427 0.341081 0.9098 0.7216 0.4196
v 0.788050 9.764427 0.482432 0.9098 0.7216 0.4196
v 0.980000 9.764427 0.532068 0.9098 0.7216 0.4196
v 1.171950 9.764427 0.482432 0.9098 0.7216 0.4196
v 1.334678 9.764427 0.341081 0.9098 0.7216 0.4196
v 1.443409 9.764427 0.129535 0.9098 0.7216 0.4196
v 1.344427 9.901590 -0.120000 0.9098 0.7216 0.4196
v 1.316687 9.901590 -0.301298 0.9098 0.7216 0.4196
v 1.237689 9.901590 -0.454995 0.9098 0.7216 0.4196
v 1.119460 9.901590 -0.557692 0.9098 0.7216 0.4196
v 0.980000 9.901590 -0.593755 0.9098 0.7216 0.4196
v 0.840540 9.901590 -0.557692 0.9098 0.7216 0.4196
v 0.722311 9.901590 -0.454995 0.9098 0.7216 0.4196
v 0.643314 9.901590 -0.301298 0.9098 0.7216 0.4196
v 0.615573 9.901590 -0.120000 0.9098 0.7216 0.4196
v 0.643314 9.901590 0.061298 0.9098 0.7216 0.4196
v 0.722311 9.901590 0.214995 0.9098 0.7216 0.4196
v 0.840540 9.901590 0.317692 0.9098 0.7216 0.4196
v 0.980000 9.901590 0.353755 0.9098 0.7216 0.4196
v 1.119460 9.901590 0.317692 0.9098 0.7216 0.4196
v 1.237689 9.901590 0.214995 0.9098 0.7216 0.4196
v 1.316687 9.901590 0.061298 0.9098 0.7216 0.4196
v 1.171591 9.989655 -0.120000 0.9098 0.7216 0.4196
v 1.157007 9.989655 -0.215314 0.9098 0.7216 0.4196
v 1.115475 9.989655 -0.296117 0.9098 0.7216 0.4196
v 1.053319 9.989655 -0.350109 0.9098 0.7216 0.4196
v 0.980000 9.989655 -0.369068 0.9098 0.7216 0.4196
v 0.906681 9.989655 -0.350109 0.9098 0.7216 0.4196
v 0.844525 9.989655 -0.296117 0.9098 0.7216 0.4196
v 0.802993 9.989655 -0.215314 0.9098 0.7216 0.4196
v 0.788409 9.989655 -0.120000 0.9098 0.7216 0.4196
v 0.802993 9.989655 -0.024686 0.9098 0.7216 0.4196
v 0.844525 9.989655 0.056117 0.9098 0.7216 0.4196
v 0.906681 9.989655 0.110109 0.9098 0.7216 0.4196
v 0.980000 9.989655 0.129068 0.9098 0.7216 0.4196
v 1.053319 9.989655 0.110109 0.9098 0.7216 0.4196
v 1.115475 9.989655 0.056117 0.9098 0.7216 0.4196
v 1.157007 9.989655 -0.024686 0.9098 0.7216 0.4196
v 0.980000 10.020000 -0.120000 0.9098 0.7216 0.4196
v -0.950000 5.120000 -0.620000 0.9098 0.7216 0.4196
v -0.923081 5.001029 -0.620000 0.9098 0.7216 0.4196
v -0.923081 5.012810 -0.686368 0.9098 0.7216 0.4196
v -0.923081 5.045822 -0.739592 0.9098 0.7216 0.4196
v -0.923081 5.093526 -0.769128 0.9098 0.7216 0.4196
v -0.923081 5.146473 -0.769128 0.9098 0.7216 0.4196
v -0.923081 5.194178 -0.739592 0.9098 0.7216 0.4196
v -0.923081 5.227190 -0.686368 0.9098 0.7216 0.4196
v -0.923081 5.238971 -0.620000 0.9098 0.7216 0.4196
v -0.923081 5.227190 -0.553632 0.9098 0.7216 0.4196
v -0.923081 5.194178 -0.500408 0.9098 0.7216 0.4196
v -0.923081 5.146473 -0.470872 0.9098 0.7216 0.4196
v -0.923081 5.093526 -0.470872 0.9098 0.7216 0.4196
v -0.923081 5.045822 -0.500408 0.9098 0.7216 0.4196
v -0.923081 5.012810 -0.553632 0.9098 0.7216 0.4196
v -0.844959 4.893703 -0.620000 0.9098 0.7216 0.4196
v -0.844959 4.916113 -0.746240 0.9098 0.7216 0.4196
v -0.844959 4.978906 -0.847477 0.9098 0.7216 0.4196
v -0.844959 5.069644 -0.903659 0.9098 0.7216 0.4196
v -0.844959 5.170356 -0.903659 0.9098 0.7216 0.4196
v -0.844959 5.261094 -0.847477 0.9098 0.7216 0.4196
v -0.844959 5.323887 -0.746240 0.9098 0.7216 0.4196
v -0.844959 5.346297 -0.620000 0.9098 0.7216 0.4196
v -0.844959 5.323887 -0.493760 0.9098 0.7216 0.4196
v -0.844959 5.261094 -0.392523 0.9098 0.7216 0.4196
v -0.844959 5.170356 -0.336341 0.9098 0.7216 0.4196
v -0.844959 5.069644 -0.336341 0.9098 0.7216 0.4196
v -0.844959 4.978906 -0.392523 0.9098 0.7216 0.4196
v -0.844959 4.916113 -0.493760 0.9098 0.7216 0.4196
v -0.723282 4.808528 -0.620000 0.9098 0.7216 0.4196
v -0.723282 4.839374 -0.793755 0.9098 0.7216 0.4196
v -0.723282 4.925801 -0.933095 0.9098 0.7216 0.4196
v -0.723282 5.050691 -1.010423 0.9098 0.7216 0.4196
v -0.723282 5.189309 -1.010423 0.9098 0.7216 0.4196
v -0.723282 5.314199 -0.933095 0.9098 0.7216 0.4196
v -0.723282 5.400626 -0.793755 0.9098 0.7216 0.4196
v -0.723282 5.431471 -0.620000 0.9098 0.7216 0.4196
v -0.723282 5.400626 -0.446245 0.9098 0.7216 0.4196
v -0.723282 5.314199 -0.306905 0.9098 0.7216 0.4196
v -0.723282 5.189309 -0.229577 0.9098 0.7216 0.4196
v -0.723282 5.050691 -0.229577 0.9098 0.7216 0.4196
v -0.723282 4.925801 -0.306905 0.9098 0.7216 0.4196
v -0.723282 4.839374 -0.446245 0.9098 0.7216 0.4196
v -0.569959 4.753843 -0.620000 0.9098 0.7216 0.4196
v -0.569959 4.790104 -0.824261 0.9098 0.7216 0.4196
v -0.569959 4.891705 -0.988065 0.9098 0.7216 0.4196
v -0.569959 5.038522 -1.078970 0.9098 0.7216 0.4196
v -0.569959 5.201478 -1.078970 0.9098 0.7216 0.4196
v -0.569959 5.348295 -0.988065 0.9098 0.7216 0.4196
v -0.569959 5.449896 -0.824261 0.9098 0.7216 0.4196
v -0.569959 5.486156 -0.620000 0.9098 0.7216 0.4196
v -0.569959 5.449896 -0.415739 0.9098 0.7216 0.4196
v -0.569959 5.348295 -0.251935 0.9098 0.7216 0.4196
v -0.569959 5.201478 -0.161030 0.9098 0.7216 0.4196
v -0.569959 5.038522 -0.161030 0.9098 0.7216 0.4196
v -0.569959 4.891705 -0.251935 0.9098 0.7216 0.4196
v -0.569959 4.790104 -0.415739 0.9098 0.7216 0.4196
v -0.400000 4.735000 -0.620000 0.9098 0.7216 0.4196
v -0.400000 4.773127 -0.834772 0.9098 0.7216 0.4196
v -0.400000 4.879956 -1.007007 0.9098 0.7216 0.4196
v -0.400000 5.034329 -1.102589 0.9098 0.7216 0.4196
v -0.400000 5.205670 -1.102589 0.9098 0.7216 0.4196
v -0.400000 5.360044 -1.007007 0.9098 0.7216 0.4196
v -0.400000 5.466873 -0.834772 0.9098 0.7216 0.4196
v -0.400000 5.505000 -0.620000 0.9098 0.7216 0.4196
v -0.400000 5.466873 -0.405228 0.9098 0.7216 0.4196
v -0.400000 5.360044 -0.232993 0.9098 0.7216 0.4196
v -0.400000 5.205670 -0.137411 0.9098 0.7216 0.4196
v -0.400000 5.034329 -0.137411 0.9098 0.7216 0.4196
v -0.400000 4.879956 -0.232993 0.9098 0.7216 0.4196
v -0.400000 4.773127 -0.405228 0.9098 0.7216 0.4196
v 0.400000 4.735000 -0.620000 0.9098 0.7216 0.4196
v 0.400000 4.773127 -0.834772 0.9098 0.7216 0.4196
v 0.400000 4.879956 -1.007007 0.9098 0.7216 0.4196
v 0.400000 5.034329 -1.102589 0.9098 0.7216 0.4196
v 0.400000 5.205670 -1.102589 0.9098 0.7216 0.4196
v 0.400000 5.360044 -1.007007 0.9098 0.7216 0.4196
v 0.400000 5.466873 -0.834772 0.9098 0.7216 0.4196
v 0.400000 5.505000 -0.620000 0.9098 0.7216 0.4196
v 0.400000 5.466873 -0.405228 0.9098 0.7216 0.4196
v 0.400000 5.360044 -0.232993 0.9098 0.7216 0.4196
v 0.400000 5.205670 -0.137411 0.9098 0.7216 0.4196
v 0.400000 5.034329 -0.137411 0.9098 0.7216 0.4196
v 0.400000 4.879956 -0.232993 0.9098 0.7216 0.4196
v 0.400000 4.773127 -0.405228 0.9098 0.7216 0.4196
v 0.569959 4.753843 -0.620000 0.9098 0.7216 0.4196
v 0.569959 4.790104 -0.824261 0.9098 0.7216 0.4196
v 0.569959 4.891705 -0.988065 0.9098 0.7216 0.4196
v 0.569959 5.038522 -1.078970 0.9098 0.7216 0.4196
v 0.569959 5.201478 -1.078970 0.9098 0.7216 0.4196
v 0.569959 5.348295 -0.988065 0.9098 0.7216 0.4196
v 0.569959 5.449896 -0.824261 0.9098 0.7216 0.4196
v 0.569959 5.486156 -0.620000 0.9098 0.7216 0.4196
v 0.569959 5.449896 -0.415739 0.9098 0.7216 0.4196
v 0.569959 5.348295 -0.251935 0.9098 0.7216 0.4196
v 0.569959 5.201478 -0.161030 0.9098 0.7216 0.4196
v 0.569959 5.038522 -0.161030 0.9098 0.7216 0.4196
v 0.569959 4.891705 -0.251935 0.9098 0.7216 0.4196
v 0.569959 4.790104 -0.415739 0.9098 0.7216 0.4196
v 0.723282 4.808528 -0.620000 0.9098 0.7216 0.4196
v 0.723282 4.839374 -0.793755 0.9098 0.7216 0.4196
v 0.723282 4.925800 -0.933095 0.9098 0.7216 0.4196
v 0.723282 5.050691 -1.010423 0.9098 0.7216 0.4196
v 0.723282 5.189309 -1.010423 0.9098 0.7216 0.4196
v 0.723282 5.314199 -0.933095 0.9098 0.7216 0.4196
v 0.723282 5.400626 -0.793755 0.9098 0.7216 0.4196
v 0.723282 5.431471 -0.620000 0.9098 0.7216 0.4196
v 0.723282 5.400626 -0.446245 0.9098 0.7216 0.4196
v 0.723282 5.314199 -0.306905 0.9098 0.7216 0.4196
v 0.723282 5.189309 -0.229577 0.9098 0.7216 0.4196
v 0.723282 5.050691 -0.229577 0.9098 0.7216 0.4196
v 0.723282 4.925800 -0.306905 0.9098 0.7216 0.4196
v 0.723282 4.839374 -0.446245 0.9098 0.7216 0.4196
v 0.844959 4.893703 -0.620000 0.9098 0.7216 0.4196
v 0.844959 4.916113 -0.746240 0.9098 0.7216 0.4196
v 0.844959 4.978906 -0.847477 0.9098 0.7216 0.4196
v 0.844959 5.069644 -0.903659 0.9098 0.7216 0.4196
v 0.844959 5.170356 -0.903659 0.9098 0.7216 0.4196
v 0.844959 5.261094 -0.847477 0.9098 0.7216 0.4196
v 0.844959 5.323887 -0.746240 0.9098 0.7216 0.4196
v 0.844959 5.346297 -0.620000 0.9098 0.7216 0.4196
v 0.844959 5.323887 -0.493760 0.9098 0.7216 0.4196
v 0.844959 5.261094 -0.392523 0.9098 0.7216 0.4196
v 0.844959 5.170356 -0.336341 0.9098 0.7216 0.4196
v 0.844959 5.069644 -0.336341 0.9098 0.7216 0.4196
v 0.844959 4.978906 -0.392523 0.9098 0.7216 0.4196
v 0.844959 4.916113 -0.493760 0.9098 0.7216 0.4196
v 0.923081 5.001029 -0.620000 0.9098 0.7216 0.4196
v 0.923081 5.012810 -0.686368 0.9098 0.7216 0.4196
v 0.923081 5.045822 -0.739592 0.9098 0.7216 0.4196
v 0.923081 5.093526 -0.769128 0.9098 0.7216 0.4196
v 0.923081 5.146473 -0.769128 0.9098 0.7216 0.4196
v 0.923081 5.194178 -0.739592 0.9098 0.7216 0.4196
v 0.923081 5.227190 -0.686368 0.9098 0.7216 0.4196
v 0.923081 5.238971 -0.620000 0.9098 0.7216 0.4196
v 0.923081 5.227190 -0.553632 0.9098 0.7216 0.4196
v 0.923081 5.194178 -0.500408 0.9098 0.7216 0.4196
v 0.923081 5.146473 -0.470872 0.9098 0.7216 0.4196
v 0.923081 5.093526 -0.470872 0.9098 0.7216 0.4196
v 0.923081 5.045822 -0.500408 0.9098 0.7216 0.4196
v 0.923081 5.012810 -0.553632 0.9098 0.7216 0.4196
v 0.950000 5.120000 -0.620000 0.9098 0.7216 0.4196
v -0.330000 11.232500 0.757317 1.0000 1.0000 1.0000
v -0.330000 11.204906 0.707377 1.0000 1.0000 1.0000
v -0.330000 11.008722 0.636751 1.0000 1.0000 1.0000
v -0.330000 10.870000 0.626817 1.0000 1.0000 1.0000
v -0.330000 10.731277 0.636751 1.0000 1.0000 1.0000
v -0.330000 10.535093 0.707377 1.0000 1.0000 1.0000
v -0.330000 10.507500 0.757317 1.0000 1.0000 1.0000
v -0.281848 11.204906 0.712323 1.0000 1.0000 1.0000
v -0.241027 11.126327 0.674178 1.0000 1.0000 1.0000
v -0.213752 11.008722 0.648691 1.0000 1.0000 1.0000
v -0.204174 10.870000 0.639741 1.0000 1.0000 1.0000
v -0.213752 10.731277 0.648691 1.0000 1.0000 1.0000
v -0.241027 10.613673 0.674178 1.0000 1.0000 1.0000
v -0.281848 10.535093 0.712323 1.0000 1.0000 1.0000
v -0.243234 11.204906 0.726180 1.0000 1.0000 1.0000
v -0.169677 11.126327 0.699783 1.0000 1.0000 1.0000
v -0.120528 11.008722 0.682145 1.0000 1.0000 1.0000
v -0.103269 10.870000 0.675952 1.0000 1.0000 1.0000
v -0.120528 10.731277 0.682145 1.0000 1.0000 1.0000
v -0.169677 10.613673 0.699783 1.0000 1.0000 1.0000
v -0.243234 10.535093 0.726180 1.0000 1.0000 1.0000
v -0.221804 11.204906 0.746204 1.0000 1.0000 1.0000
v -0.130080 11.126327 0.736784 1.0000 1.0000 1.0000
v -0.068792 11.008722 0.730489 1.0000 1.0000 1.0000
v -0.047271 10.870000 0.728278 1.0000 1.0000 1.0000
v -0.068792 10.731277 0.730489 1.0000 1.0000 1.0000
v -0.130080 10.613673 0.736784 1.0000 1.0000 1.0000
v -0.221804 10.535093 0.746204 1.0000 1.0000 1.0000
v -0.221804 11.204906 0.768430 1.0000 1.0000 1.0000
v -0.130080 11.126327 0.777851 1.0000 1.0000 1.0000
v -0.068792 11.008722 0.784146 1.0000 1.0000 1.0000
v -0.047271 10.870000 0.786356 1.0000 1.0000 1.0000
v -0.068792 10.731277 0.784146 1.0000 1.0000 1.0000
v -0.130080 10.613673 0.777851 1.0000 1.0000 1.0000
v -0.221804 10.535093 0.768430 1.0000 1.0000 1.0000
v -0.243234 11.204906 0.788454 1.0000 1.0000 1.0000
v -0.169677 11.126327 0.814851 1.0000 1.0000 1.0000
v -0.120528 11.008722 0.832489 1.0000 1.0000 1.0000
v -0.103269 10.870000 0.838683 1.0000 1.0000 1.0000
v -0.120528 10.731277 0.832489 1.0000 1.0000 1.0000
v -0.169677 10.613673 0.814851 1.0000 1.0000 1.0000
v -0.243234 10.535093 0.788454 1.0000 1.0000 1.0000
v -0.281848 11.204906 0.802312 1.0000 1.0000 1.0000
v -0.241027 11.126327 0.840456 1.0000 1.0000 1.0000
v -0.213752 11.008722 0.865944 1.0000 1.0000 1.0000
v -0.204174 10.870000 0.874894 1.0000 1.0000 1.0000
v -0.213752 10.731277 0.865944 1.0000 1.0000 1.0000
v -0.241027 10.613673 0.840456 1.0000 1.0000 1.0000
v -0.281848 10.535093 0.802312 1.0000 1.0000 1.0000
v -0.330000 11.204906 0.807257 1.0000 1.0000 1.0000
v -0.330000 11.126327 0.849595 1.0000 1.0000 1.0000
v -0.330000 11.008722 0.877883 1.0000 1.0000 1.0000
v -0.330000 10.870000 0.887817 1.0000 1.0000 1.0000
v -0.330000 10.731277 0.877883 1.0000 1.0000 1.0000
v -0.330000 10.613673 0.849595 1.0000 1.0000 1.0000
v -0.330000 10.535093 0.807257 1.0000 1.0000 1.0000
v -0.378152 11.204906 0.802312 1.0000 1.0000 1.0000
v -0.418973 11.126327 0.840456 1.0000 1.0000 1.0000
v -0.446248 11.008722 0.865944 1.0000 1.0000 1.0000
v -0.455826 10.870000 0.874894 1.0000 1.0000 1.0000
v -0.446248 10.731277 0.865944 1.0000 1.0000 1.0000
v -0.418973 10.613673 0.840456 1.0000 1.0000 1.0000
v -0.378152 10.535093 0.802312 1.0000 1.0000 1.0000
v -0.416766 11.204906 0.788454 1.0000 1.0000 1.0000
v -0.490323 11.126327 0.814851 1.0000 1.0000 1.0000
v -0.539472 11.008722 0.832489 1.0000 1.0000 1.0000
v -0.556731 10.870000 0.838683 1.0000 1.0000 1.0000
v -0.539472 10.731277 0.832489 1.0000 1.0000 1.0000
v -0.490323 10.613673 0.814851 1.0000 1.0000 1.0000
v -0.416766 10.535093 0.788454 1.0000 1.0000 1.0000
v -0.438196 11.204906 0.768430 1.0000 1.0000 1.0000
v -0.529920 11.126327 0.777851 1.0000 1.0000 1.0000
v -0.591208 11.008722 0.784146 1.0000 1.0000 1.0000
v -0.612729 10.870000 0.786356 1.0000 1.0000 1.0000
v -0.591208 10.731277 0.784146 1.0000 1.0000 1.0000
v -0.529920 10.613673 0.777851 1.0000 1.0000 1.0000
v -0.438196 10.535093 0.768430 1.0000 1.0000 1.0000
v -0.438196 11.204906 0.746204 1.0000 1.0000 1.0000
v -0.529920 11.126327 0.736783 1.0000 1.0000 1.0000
v -0.591208 11.008722 0.730489 1.0000 1.0000 1.0000
v -0.612729 10.870000 0.728278 1.0000 1.0000 1.0000
v -0.591208 10.731277 0.730489 1.0000 1.0000 1.0000
v -0.529920 10.613673 0.736783 1.0000 1.0000 1.0000
v -0.438196 10.535093 0.746204 1.0000 1.0000 1.0000
v -0.416766 11.204906 0.726180 1.0000 1.0000 1.0000
v -0.490323 11.126327 0.699783 1.0000 1.0000 1.0000
v -0.539472 11.008722 0.682145 1.0000 1.0000 1.0000
v -0.556731 10.870000 0.675952 1.0000 1.0000 1.0000
v -0.539472 10.731277 0.682145 1.0000 1.0000 1.0000
v -0.490323 10.613673 0.699783 1.0000 1.0000 1.0000
v -0.416766 10.535093 0.726180 1.0000 1.0000 1.0000
v -0.378152 11.204906 0.712323 1.0000 1.0000 1.0000
v -0.418973 11.126327 0.674178 1.0000 1.0000 1.0000
v -0.446248 11.008722 0.648691 1.0000 1.0000 1.0000
v -0.455826 10.870000 0.639741 1.0000 1.0000 1.0000
v -0.446248 10.731277 0.648691 1.0000 1.0000 1.0000
v -0.418973 10.613673 0.674178 1.0000 1.0000 1.0000
v -0.378152 10.535093 0.712323 1.0000 1.0000 1.0000
v -0.330000 11.126327 0.665040 1.0000 1.0000 1.0000
v -0.330000 10.613673 0.665040 1.0000 1.0000 1.0000
v -0.300000 11.038000 0.878528 0.1020 0.1020 0.1216
v -0.300000 11.010133 0.842528 0.1020 0.1020 0.1216
v -0.300000 10.830000 0.806528 0.1020 0.1020 0.1216
v -0.300000 10.649867 0.842528 0.1020 0.1020 0.1216
v -0.300000 10.622000 0.878528 0.1020 0.1020 0.1216
v -0.252977 11.010133 0.849404 0.1020 0.1020 0.1216
v -0.218554 10.934000 0.828083 0.1020 0.1020 0.1216
v -0.205954 10.830000 0.820279 0.1020 0.1020 0.1216
v -0.218554 10.726000 0.828083 0.1020 0.1020 0.1216
v -0.252977 10.649867 0.849404 0.1020 0.1020 0.1216
v -0.223915 11.010133 0.867404 0.1020 0.1020 0.1216
v -0.168218 10.934000 0.859260 0.1020 0.1020 0.1216
v -0.147831 10.830000 0.856279 0.1020 0.1020 0.1216
v -0.168218 10.726000 0.859260 0.1020 0.1020 0.1216
v -0.223915 10.649867 0.867404 0.1020 0.1020 0.1216
v -0.223915 11.010133 0.889653 0.1020 0.1020 0.1216
v -0.168218 10.934000 0.897797 0.1020 0.1020 0.1216
v -0.147831 10.830000 0.900777 0.1020 0.1020 0.1216
v -0.168218 10.726000 0.897797 0.1020 0.1020 0.1216
v -0.223915 10.649867 0.889653 0.1020 0.1020 0.1216
v -0.252977 11.010133 0.907653 0.1020 0.1020 0.1216
v -0.218554 10.934000 0.928973 0.1020 0.1020 0.1216
v -0.205954 10.830000 0.936777 0.1020 0.1020 0.1216
v -0.218554 10.726000 0.928973 0.1020 0.1020 0.1216
v -0.252977 10.649867 0.907653 0.1020 0.1020 0.1216
v -0.300000 11.010133 0.914528 0.1020 0.1020 0.1216
v -0.300000 10.934000 0.940882 0.1020 0.1020 0.1216
v -0.300000 10.830000 0.950528 0.1020 0.1020 0.1216
v -0.300000 10.726000 0.940882 0.1020 0.1020 0.1216
v -0.300000 10.649867 0.914528 0.1020 0.1020 0.1216
v -0.347023 11.010133 0.907653 0.1020 0.1020 0.1216
v -0.381446 10.934000 0.928973 0.1020 0.1020 0.1216
v -0.394046 10.830000 0.936777 0.1020 0.1020 0.1216
v -0.381446 10.726000 0.928973 0.1020 0.1020 0.1216
v -0.347023 10.649867 0.907653 0.1020 0.1020 0.1216
v -0.376085 11.010133 0.889653 0.1020 0.1020 0.1216
v -0.431782 10.934000 0.897797 0.1020 0.1020 0.1216
v -0.452169 10.830000 0.900777 0.1020 0.1020 0.1216
v -0.431782 10.726000 0.897797 0.1020 0.1020 0.1216
v -0.376085 10.649867 0.889653 0.1020 0.1020 0.1216
v -0.376085 11.010133 0.867404 0.1020 0.1020 0.1216
v -0.431782 10.934000 0.859260 0.1020 0.1020 0.1216
v -0.452169 10.830000 0.856279 0.1020 0.1020 0.1216
v -0.431782 10.726000 0.859260 0.1020 0.1020 0.1216
v -0.376085 10.649867 0.867404 0.1020 0.1020 0.1216
v -0.347023 11.010133 0.849404 0.1020 0.1020 0.1216
v -0.381446 10.934000 0.828083 0.1020 0.1020 0.1216
v -0.394046 10.830000 0.820279 0.1020 0.1020 0.1216
v -0.381446 10.726000 0.828083 0.1020 0.1020 0.1216
v -0.347023 10.649867 0.849404 0.1020 0.1020 0.1216
v -0.300000 10.934000 0.816174 0.1020 0.1020 0.1216
v -0.300000 10.726000 0.816174 0.1020 0.1020 0.1216
v -0.350000 10.980000 0.948528 1.0000 1.0000 1.0000
v -0.350000 10.965356 0.913173 1.0000 1.0000 1.0000
v -0.350000 10.930000 0.898528 1.0000 1.0000 1.0000
v -0.350000 10.894645 0.913173 1.0000 1.0000 1.0000
v -0.350000 10.880000 0.948528 1.0000 1.0000 1.0000
v -0.319381 10.965356 0.930850 1.0000 1.0000 1.0000
v -0.306699 10.930000 0.923528 1.0000 1.0000 1.0000
v -0.319381 10.894645 0.930850 1.0000 1.0000 1.0000
v -0.319381 10.965356 0.966206 1.0000 1.0000 1.0000
v -0.306699 10.930000 0.973528 1.0000 1.0000 1.0000
v -0.319381 10.894645 0.966206 1.0000 1.0000 1.0000
v -0.350000 10.965356 0.983883 1.0000 1.0000 1.0000
v -0.350000 10.930000 0.998528 1.0000 1.0000 1.0000
v -0.350000 10.894645 0.983883 1.0000 1.0000 1.0000
v -0.380619 10.965356 0.966206 1.0000 1.0000 1.0000
v -0.393301 10.930000 0.973528 1.0000 1.0000 1.0000
v -0.380619 10.894645 0.966206 1.0000 1.0000 1.0000
v -0.380619 10.965356 0.930850 1.0000 1.0000 1.0000
v -0.393301 10.930000 0.923528 1.0000 1.0000 1.0000
v -0.380619 10.894645 0.930850 1.0000 1.0000 1.0000
v -0.600000 10.469001 0.630820 1.0000 0.6197 0.7804
v -0.600000 10.231000 0.630820 1.0000 0.6197 0.7804
v -0.541266 10.446274 0.598484 1.0000 0.6197 0.7804
v -0.504967 10.386773 0.578500 1.0000 0.6197 0.7804
v -0.504967 10.313228 0.578500 1.0000 0.6197 0.7804
v -0.541266 10.253727 0.598484 1.0000 0.6197 0.7804
v -0.504967 10.446274 0.618469 1.0000 0.6197 0.7804
v -0.446234 10.386773 0.610836 1.0000 0.6197 0.7804
v -0.446234 10.313228 0.610836 1.0000 0.6197 0.7804
v -0.504967 10.253727 0.618469 1.0000 0.6197 0.7804
v -0.504967 10.446274 0.643172 1.0000 0.6197 0.7804
v -0.446234 10.386773 0.650805 1.0000 0.6197 0.7804
v -0.446234 10.313228 0.650805 1.0000 0.6197 0.7804
v -0.504967 10.253727 0.643172 1.0000 0.6197 0.7804
v -0.541266 10.446274 0.663156 1.0000 0.6197 0.7804
v -0.504967 10.386773 0.683141 1.0000 0.6197 0.7804
v -0.504967 10.313228 0.683141 1.0000 0.6197 0.7804
v -0.541266 10.253727 0.663156 1.0000 0.6197 0.7804
v -0.600000 10.446274 0.670790 1.0000 0.6197 0.7804
v -0.600000 10.386773 0.695492 1.0000 0.6197 0.7804
v -0.600000 10.313228 0.695492 1.0000 0.6197 0.7804
v -0.600000 10.253727 0.670790 1.0000 0.6197 0.7804
v -0.658734 10.446274 0.663156 1.0000 0.6197 0.7804
v -0.695033 10.386773 0.683141 1.0000 0.6197 0.7804
v -0.695033 10.313228 0.683141 1.0000 0.6197 0.7804
v -0.658734 10.253727 0.663156 1.0000 0.6197 0.7804
v -0.695033 10.446274 0.643172 1.0000 0.6197 0.7804
v -0.753766 10.386773 0.650805 1.0000 0.6197 0.7804
v -0.753766 10.313228 0.650805 1.0000 0.6197 0.7804
v -0.695033 10.253727 0.643172 1.0000 0.6197 0.7804
v -0.695033 10.446274 0.618469 1.0000 0.6197 0.7804
v -0.753766 10.386773 0.610836 1.0000 0.6197 0.7804
v -0.753766 10.313228 0.610836 1.0000 0.6197 0.7804
v -0.695033 10.253727 0.618469 1.0000 0.6197 0.7804
v -0.658734 10.446274 0.598484 1.0000 0.6197 0.7804
v -0.695033 10.386773 0.578500 1.0000 0.6197 0.7804
v -0.695033 10.313228 0.578500 1.0000 0.6197 0.7804
v -0.658734 10.253727 0.598484 1.0000 0.6197 0.7804
v -0.600000 10.446274 0.590851 1.0000 0.6197 0.7804
v -0.600000 10.386773 0.566149 1.0000 0.6197 0.7804
v -0.600000 10.313228 0.566149 1.0000 0.6197 0.7804
v -0.600000 10.253727 0.590851 1.0000 0.6197 0.7804
v -0.474436 11.282793 0.843307 0.5569 0.2314 0.1490
v -0.470278 11.302357 0.863307 0.5569 0.2314 0.1490
v -0.489841 11.306515 0.843307 0.5569 0.2314 0.1490
v -0.464041 11.331700 0.863307 0.5569 0.2314 0.1490
v -0.459882 11.351264 0.843307 0.5569 0.2314 0.1490
v -0.483603 11.335859 0.843307 0.5569 0.2314 0.1490
v -0.474436 11.282793 0.823307 0.5569 0.2314 0.1490
v -0.489841 11.306515 0.823307 0.5569 0.2314 0.1490
v -0.470278 11.302357 0.803307 0.5569 0.2314 0.1490
v -0.459882 11.351264 0.823307 0.5569 0.2314 0.1490
v -0.464041 11.331700 0.803307 0.5569 0.2314 0.1490
v -0.483603 11.335859 0.823307 0.5569 0.2314 0.1490
v -0.220118 11.228736 0.843307 0.5569 0.2314 0.1490
v -0.196397 11.244141 0.843307 0.5569 0.2314 0.1490
v -0.215959 11.248300 0.863307 0.5569 0.2314 0.1490
v -0.205564 11.297207 0.843307 0.5569 0.2314 0.1490
v -0.209722 11.277643 0.863307 0.5569 0.2314 0.1490
v -0.190159 11.273485 0.843307 0.5569 0.2314 0.1490
v -0.220118 11.228736 0.823307 0.5569 0.2314 0.1490
v -0.215959 11.248300 0.803307 0.5569 0.2314 0.1490
v -0.196397 11.244141 0.823307 0.5569 0.2314 0.1490
v -0.205564 11.297207 0.823307 0.5569 0.2314 0.1490
v -0.190159 11.273485 0.823307 0.5569 0.2314 0.1490
v -0.209722 11.277643 0.803307 0.5569 0.2314 0.1490
v 0.330000 11.232500 0.757317 1.0000 1.0000 1.0000
v 0.330000 11.204906 0.707377 1.0000 1.0000 1.0000
v 0.330000 11.008722 0.636751 1.0000 1.0000 1.0000
v 0.330000 10.870000 0.626817 1.0000 1.0000 1.0000
v 0.330000 10.731277 0.636751 1.0000 1.0000 1.0000
v 0.330000 10.535093 0.707377 1.0000 1.0000 1.0000
v 0.330000 10.507500 0.757317 1.0000 1.0000 1.0000
v 0.378152 11.204906 0.712323 1.0000 1.0000 1.0000
v 0.418973 11.126327 0.674178 1.0000 1.0000 1.0000
v 0.446248 11.008722 0.648691 1.0000 1.0000 1.0000
v 0.455826 10.870000 0.639741 1.0000 1.0000 1.0000
v 0.446248 10.731277 0.648691 1.0000 1.0000 1.0000
v 0.418973 10.613673 0.674178 1.0000 1.0000 1.0000
v 0.378152 10.535093 0.712323 1.0000 1.0000 1.0000
v 0.416766 11.204906 0.726180 1.0000 1.0000 1.0000
v 0.490323 11.126327 0.699783 1.0000 1.0000 1.0000
v 0.539472 11.008722 0.682145 1.0000 1.0000 1.0000
v 0.556731 10.870000 0.675952 1.0000 1.0000 1.0000
v 0.539472 10.731277 0.682145 1.0000 1.0000 1.0000
v 0.490323 10.613673 0.699783 1.0000 1.0000 1.0000
v 0.416766 10.535093 0.726180 1.0000 1.0000 1.0000
v 0.438196 11.204906 0.746204 1.0000 1.0000 1.0000
v 0.529920 11.126327 0.736784 1.0000 1.0000 1.0000
v 0.591208 11.008722 0.730489 1.0000 1.0000 1.0000
v 0.612729 10.870000 0.728278 1.0000 1.0000 1.0000
v 0.591208 10.731277 0.730489 1.0000 1.0000 1.0000
v 0.529920 10.613673 0.736784 1.0000 1.0000 1.0000
v 0.438196 10.535093 0.746204 1.0000 1.0000 1.0000
v 0.438196 11.204906 0.768430 1.0000 1.0000 1.0000
v 0.529920 11.126327 0.777851 1.0000 1.0000 1.0000
v 0.591208 11.008722 0.784146 1.0000 1.0000 1.0000
v 0.612729 10.870000 0.786356 1.0000 1.0000 1.0000
v 0.591208 10.731277 0.784146 1.0000 1.0000 1.0000
v 0.529920 10.613673 0.777851 1.0000 1.0000 1.0000
v 0.438196 10.535093 0.768430 1.0000 1.0000 1.0000
v 0.416766 11.204906 0.788454 1.0000 1.0000 1.0000
v 0.490323 11.126327 0.814851 1.0000 1.0000 1.0000
v 0.539472 11.008722 0.832489 1.0000 1.0000 1.0000
v 0.556731 10.870000 0.838683 1.0000 1.0000 1.0000
v 0.539472 10.731277 0.832489 1.0000 1.0000 1.0000
v 0.490323 10.613673 0.814851 1.0000 1.0000 1.0000
v 0.416766 10.535093 0.788454 1.0000 1.0000 1.0000
v 0.378152 11.204906 0.802312 1.0000 1.0000 1.0000
v 0.418973 11.126327 0.840456 1.0000 1.0000 1.0000
v 0.446248 11.008722 0.865944 1.0000 1.0000 1.0000
v 0.455826 10.870000 0.874894 1.0000 1.0000 1.0000
v 0.446248 10.731277 0.865944 1.0000 1.0000 1.0000
v 0.418973 10.613673 0.840456 1.0000 1.0000 1.0000
v 0.378152 10.535093 0.802312 1.0000 1.0000 1.0000
v 0.330000 11.204906 0.807257 1.0000 1.0000 1.0000
v 0.330000 11.126327 0.849595 1.0000 1.0000 1.0000
v 0.330000 11.008722 0.877883 1.0000 1.0000 1.0000
v 0.330000 10.870000 0.887817 1.0000 1.0000 1.0000
v 0.330000 10.731277 0.877883 1.0000 1.0000 1.0000
v 0.330000 10.613673 0.849595 1.0000 1.0000 1.0000
v 0.330000 10.535093 0.807257 1.0000 1.0000 1.0000
v 0.281848 11.204906 0.802312 1.0000 1.0000 1.0000
v 0.241027 11.126327 0.840456 1.0000 1.0000 1.0000
v 0.213752 11.008722 0.865944 1.0000 1.0000 1.0000
v 0.204174 10.870000 0.874894 1.0000 1.0000 1.0000
v 0.213752 10.731277 0.865944 1.0000 1.0000 1.0000
v 0.241027 10.613673 0.840456 1.0000 1.0000 1.0000
v 0.281848 10.535093 0.802312 1.0000 1.0000 1.0000
v 0.243234 11.204906 0.788454 1.0000 1.0000 1.0000
v 0.169677 11.126327 0.814851 1.0000 1.0000 1.0000
v 0.120528 11.008722 0.832489 1.0000 1.0000 1.0000
v 0.103269 10.870000 0.838683 1.0000 1.0000 1.0000
v 0.120528 10.731277 0.832489 1.0000 1.0000 1.0000
v 0.169677 10.613673 0.814851 1.0000 1.0000 1.0000
v 0.243234 10.535093 0.788454 1.0000 1.0000 1.0000
v 0.221804 11.204906 0.768430 1.0000 1.0000 1.0000
v 0.130080 11.126327 0.777851 1.0000 1.0000 1.0000
v 0.068792 11.008722 0.784146 1.0000 1.0000 1.0000
v 0.047271 10.870000 0.786356 1.0000 1.0000 1.0000
v 0.068792 10.731277 0.784146 1.0000 1.0000 1.0000
v 0.130080 10.613673 0.777851 1.0000 1.0000 1.0000
v 0.221804 10.535093 0.768430 1.0000 1.0000 1.0000
v 0.221804 11.204906 0.746204 1.0000 1.0000 1.0000
v 0.130080 11.126327 0.736783 1.0000 1.0000 1.0000
v 0.068792 11.008722 0.730489 1.0000 1.0000 1.0000
v 0.047271 10.870000 0.728278 1.0000 1.0000 1.0000
v 0.068792 10.731277 0.730489 1.0000 1.0000 1.0000
v 0.130080 10.613673 0.736783 1.0000 1.0000 1.0000
v 0.221804 10.535093 0.746204 1.0000 1.0000 1.0000
v 0.243234 11.204906 0.726180 1.0000 1.0000 1.0000
v 0.169677 11.126327 0.699783 1.0000 1.0000 1.0000
v 0.120528 11.008722 0.682145 1.0000 1.0000 1.0000
v 0.103269 10.870000 0.675952 1.0000 1.0000 1.0000
v 0.120528 10.731277 0.682145 1.0000 1.0000 1.0000
v 0.169677 10.613673 0.699783 1.0000 1.0000 1.0000
v 0.243234 10.535093 0.726180 1.0000 1.0000 1.0000
v 0.281848 11.204906 0.712323 1.0000 1.0000 1.0000
v 0.241027 11.126327 0.674178 1.0000 1.0000 1.0000
v 0.213752 11.008722 0.648691 1.0000 1.0000 1.0000
v 0.204174 10.870000 0.639741 1.0000 1.0000 1.0000
v 0.213752 10.731277 0.648691 1.0000 1.0000 1.0000
v 0.241027 10.613673 0.674178 1.0000 1.0000 1.0000
v 0.281848 10.535093 0.712323 1.0000 1.0000 1.0000
v 0.330000 11.126327 0.665040 1.0000 1.0000 1.0000
v 0.330000 10.613673 0.665040 1.0000 1.0000 1.0000
v 0.300000 11.038000 0.878528 0.1020 0.1020 0.1216
v 0.300000 11.010133 0.842528 0.1020 0.1020 0.1216
v 0.300000 10.830000 0.806528 0.1020 0.1020 0.1216
v 0.300000 10.649867 0.842528 0.1020 0.1020 0.1216
v 0.300000 10.622000 0.878528 0.1020 0.1020 0.1216
v 0.347023 11.010133 0.849404 0.1020 0.1020 0.1216
v 0.381446 10.934000 0.828083 0.1020 0.1020 0.1216
v 0.394046 10.830000 0.820279 0.1020 0.1020 0.1216
v 0.381446 10.726000 0.828083 0.1020 0.1020 0.1216
v 0.347023 10.649867 0.849404 0.1020 0.1020 0.1216
v 0.376085 11.010133 0.867404 0.1020 0.1020 0.1216
v 0.431782 10.934000 0.859260 0.1020 0.1020 0.1216
v 0.452169 10.830000 0.856279 0.1020 0.1020 0.1216
v 0.431782 10.726000 0.859260 0.1020 0.1020 0.1216
v 0.376085 10.649867 0.867404 0.1020 0.1020 0.1216
v 0.376085 11.010133 0.889653 0.1020 0.1020 0.1216
v 0.431782 10.934000 0.897797 0.1020 0.1020 0.1216
v 0.452169 10.830000 0.900777 0.1020 0.1020 0.1216
v 0.431782 10.726000 0.897797 0.1020 0.1020 0.1216
v 0.376085 10.649867 0.889653 0.1020 0.1020 0.1216
v 0.347023 11.010133 0.907653 0.1020 0.1020 0.1216
v 0.381446 10.934000 0.928973 0.1020 0.1020 0.1216
v 0.394046 10.830000 0.936777 0.1020 0.1020 0.1216
v 0.381446 10.726000 0.928973 0.1020 0.1020 0.1216
v 0.347023 10.649867 0.907653 0.1020 0.1020 0.1216
v 0.300000 11.010133 0.914528 0.1020 0.1020 0.1216
v 0.300000 10.934000 0.940882 0.1020 0.1020 0.1216
v 0.300000 10.830000 0.950528 0.1020 0.1020 0.1216
v 0.300000 10.726000 0.940882 0.1020 0.1020 0.1216
v 0.300000 10.649867 0.914528 0.1020 0.1020 0.1216
v 0.252977 11.010133 0.907653 0.1020 0.1020 0.1216
v 0.218554 10.934000 0.928973 0.1020 0.1020 0.1216
v 0.205954 10.830000 0.936777 0.1020 0.1020 0.1216
v 0.218554 10.726000 0.928973 0.1020 0.1020 0.1216
v 0.252977 10.649867 0.907653 0.1020 0.1020 0.1216
v 0.223915 11.010133 0.889653 0.1020 0.1020 0.1216
v 0.168218 10.934000 0.897797 0.1020 0.1020 0.1216
v 0.147831 10.830000 0.900777 0.1020 0.1020 0.1216
v 0.168218 10.726000 0.897797 0.1020 0.1020 0.1216
v 0.223915 10.649867 0.889653 0.1020 0.1020 0.1216
v 0.223915 11.010133 0.867404 0.1020 0.1020 0.1216
v 0.168218 10.934000 0.859260 0.1020 0.1020 0.1216
v 0.147831 10.830000 0.856279 0.1020 0.1020 0.1216
v 0.168218 10.726000 0.859260 0.1020 0.1020 0.1216
v 0.223915 10.649867 0.867404 0.1020 0.1020 0.1216
v 0.252977 11.010133 0.849404 0.1020 0.1020 0.1216
v 0.218554 10.934000 0.828083 0.1020 0.1020 0.1216
v 0.205954 10.830000 0.820279 0.1020 0.1020 0.1216
v 0.218554 10.726000 0.828083 0.1020 0.1020 0.1216
v 0.252977 10.649867 0.849404 0.1020 0.1020 0.1216
v 0.300000 10.934000 0.816174 0.1020 0.1020 0.1216
v 0.300000 10.726000 0.816174 0.1020 0.1020 0.1216
v 0.250000 10.980000 0.948528 1.0000 1.0000 1.0000
v 0.250000 10.965356 0.913173 1.0000 1.0000 1.0000
v 0.250000 10.930000 0.898528 1.0000 1.0000 1.0000
v 0.250000 10.894645 0.913173 1.0000 1.0000 1.0000
v 0.250000 10.880000 0.948528 1.0000 1.0000 1.0000
v 0.280619 10.965356 0.930850 1.0000 1.0000 1.0000
v 0.293301 10.930000 0.923528 1.0000 1.0000 1.0000
v 0.280619 10.894645 0.930850 1.0000 1.0000 1.0000
v 0.280619 10.965356 0.966206 1.0000 1.0000 1.0000
v 0.293301 10.930000 0.973528 1.0000 1.0000 1.0000
v 0.280619 10.894645 0.966206 1.0000 1.0000 1.0000
v 0.250000 10.965356 0.983883 1.0000 1.0000 1.0000
v 0.250000 10.930000 0.998528 1.0000 1.0000 1.0000
v 0.250000 10.894645 0.983883 1.0000 1.0000 1.0000
v 0.219381 10.965356 0.966206 1.0000 1.0000 1.0000
v 0.206699 10.930000 0.973528 1.0000 1.0000 1.0000
v 0.219381 10.894645 0.966206 1.0000 1.0000 1.0000
v 0.219381 10.965356 0.930850 1.0000 1.0000 1.0000
v 0.206699 10.930000 0.923528 1.0000 1.0000 1.0000
v 0.219381 10.894645 0.930850 1.0000 1.0000 1.0000
v 0.600000 10.469001 0.630820 1.0000 0.6197 0.7804
v 0.600000 10.231000 0.630820 1.0000 0.6197 0.7804
v 0.658734 10.446274 0.598484 1.0000 0.6197 0.7804
v 0.695033 10.386773 0.578500 1.0000 0.6197 0.7804
v 0.695033 10.313228 0.578500 1.0000 0.6197 0.7804
v 0.658734 10.253727 0.598484 1.0000 0.6197 0.7804
v 0.695033 10.446274 0.618469 1.0000 0.6197 0.7804
v 0.753766 10.386773 0.610836 1.0000 0.6197 0.7804
v 0.753766 10.313228 0.610836 1.0000 0.6197 0.7804
v 0.695033 10.253727 0.618469 1.0000 0.6197 0.7804
v 0.695033 10.446274 0.643172 1.0000 0.6197 0.7804
v 0.753766 10.386773 0.650805 1.0000 0.6197 0.7804
v 0.753766 10.313228 0.650805 1.0000 0.6197 0.7804
v 0.695033 10.253727 0.643172 1.0000 0.6197 0.7804
v 0.658734 10.446274 0.663156 1.0000 0.6197 0.7804
v 0.695033 10.386773 0.683141 1.0000 0.6197 0.7804
v 0.695033 10.313228 0.683141 1.0000 0.6197 0.7804
v 0.658734 10.253727 0.663156 1.0000 0.6197 0.7804
v 0.600000 10.446274 0.670790 1.0000 0.6197 0.7804
v 0.600000 10.386773 0.695492 1.0000 0.6197 0.7804
v 0.600000 10.313228 0.695492 1.0000 0.6197 0.7804
v 0.600000 10.253727 0.670790 1.0000 0.6197 0.7804
v 0.541267 10.446274 0.663156 1.0000 0.6197 0.7804
v 0.504967 10.386773 0.683141 1.0000 0.6197 0.7804
v 0.504967 10.313228 0.683141 1.0000 0.6197 0.7804
v 0.541267 10.253727 0.663156 1.0000 0.6197 0.7804
v 0.504967 10.446274 0.643172 1.0000 0.6197 0.7804
v 0.446234 10.386773 0.650805 1.0000 0.6197 0.7804
v 0.446234 10.313228 0.650805 1.0000 0.6197 0.7804
v 0.504967 10.253727 0.643172 1.0000 0.6197 0.7804
v 0.504967 10.446274 0.618469 1.0000 0.6197 0.7804
v 0.446234 10.386773 0.610836 1.0000 0.6197 0.7804
v 0.446234 10.313228 0.610836 1.0000 0.6197 0.7804
v 0.504967 10.253727 0.618469 1.0000 0.6197 0.7804
v 0.541266 10.446274 0.598484 1.0000 0.6197 0.7804
v 0.504967 10.386773 0.578500 1.0000 0.6197 0.7804
v 0.504967 10.313228 0.578500 1.0000 0.6197 0.7804
v 0.541266 10.253727 0.598484 1.0000 0.6197 0.7804
v 0.600000 10.446274 0.590851 1.0000 0.6197 0.7804
v 0.600000 10.386773 0.566149 1.0000 0.6197 0.7804
v 0.600000 10.313228 0.566149 1.0000 0.6197 0.7804
v 0.600000 10.253727 0.590851 1.0000 0.6197 0.7804
v 0.220118 11.228736 0.843307 0.5569 0.2314 0.1490
v 0.215959 11.248300 0.863307 0.5569 0.2314 0.1490
v 0.196397 11.244141 0.843307 0.5569 0.2314 0.1490
v 0.209722 11.277643 0.863307 0.5569 0.2314 0.1490
v 0.205564 11.297207 0.843307 0.5569 0.2314 0.1490
v 0.190159 11.273485 0.843307 0.5569 0.2314 0.1490
v 0.220118 11.228736 0.823307 0.5569 0.2314 0.1490
v 0.196397 11.244141 0.823307 0.5569 0.2314 0.1490
v 0.215959 11.248300 0.803307 0.5569 0.2314 0.1490
v 0.205564 11.297207 0.823307 0.5569 0.2314 0.1490
v 0.209722 11.277643 0.803307 0.5569 0.2314 0.1490
v 0.190159 11.273485 0.823307 0.5569 0.2314 0.1490
v 0.474436 11.282793 0.843307 0.5569 0.2314 0.1490
v 0.489841 11.306515 0.843307 0.5569 0.2314 0.1490
v 0.470278 11.302357 0.863307 0.5569 0.2314 0.1490
v 0.459882 11.351264 0.843307 0.5569 0.2314 0.1490
v 0.464041 11.331700 0.863307 0.5569 0.2314 0.1490
v 0.483603 11.335859 0.843307 0.5569 0.2314 0.1490
v 0.474436 11.282793 0.823307 0.5569 0.2314 0.1490
v 0.470278 11.302357 0.803307 0.5569 0.2314 0.1490
v 0.489841 11.306515 0.823307 0.5569 0.2314 0.1490
v 0.459882 11.351264 0.823307 0.5569 0.2314 0.1490
v 0.483603 11.335859 0.823307 0.5569 0.2314 0.1490
v 0.464041 11.331700 0.803307 0.5569 0.2314 0.1490
v 0.328426 10.243390 0.822696 0.5569 0.2314 0.1490
v 0.353983 10.243390 0.882460 0.5569 0.2314 0.1490
v 0.401435 10.201596 0.897516 0.5569 0.2314 0.1490
v 0.423328 10.159802 0.852806 0.5569 0.2314 0.1490
v 0.397771 10.159802 0.793041 0.5569 0.2314 0.1490
v 0.350320 10.201596 0.777986 0.5569 0.2314 0.1490
v -0.328426 10.243390 0.822696 0.5569 0.2314 0.1490
v -0.353983 10.243390 0.882460 0.5569 0.2314 0.1490
v -0.401435 10.201596 0.897516 0.5569 0.2314 0.1490
v -0.423328 10.159802 0.852806 0.5569 0.2314 0.1490
v -0.397771 10.159802 0.793041 0.5569 0.2314 0.1490
v -0.350320 10.201596 0.777986 0.5569 0.2314 0.1490
v -0.289638 10.204683 0.839400 0.5569 0.2314 0.1490
v -0.313852 10.203524 0.899711 0.5569 0.2314 0.1490
v -0.355829 10.157001 0.916989 0.5569 0.2314 0.1490
v -0.373592 10.111639 0.873957 0.5569 0.2314 0.1490
v -0.349378 10.112799 0.813647 0.5569 0.2314 0.1490
v -0.307401 10.159322 0.796369 0.5569 0.2314 0.1490
v -0.236883 10.174587 0.858155 0.5569 0.2314 0.1490
v -0.257271 10.171142 0.919778 0.5569 0.2314 0.1490
v -0.288040 10.117926 0.940904 0.5569 0.2314 0.1490
v -0.298422 10.068155 0.900405 0.5569 0.2314 0.1490
v -0.278034 10.071601 0.838782 0.5569 0.2314 0.1490
v -0.247264 10.124817 0.817657 0.5569 0.2314 0.1490
v -0.167486 10.150387 0.876390 0.5569 0.2314 0.1490
v -0.182184 10.144897 0.939468 0.5569 0.2314 0.1490
v -0.202487 10.087921 0.963269 0.5569 0.2314 0.1490
v -0.208091 10.036434 0.923992 0.5569 0.2314 0.1490
v -0.193393 10.041924 0.860914 0.5569 0.2314 0.1490
v -0.173091 10.098900 0.837113 0.5569 0.2314 0.1490
v -0.086649 10.134912 0.889384 0.5569 0.2314 0.1490
v -0.094340 10.128050 0.953561 0.5569 0.2314 0.1490
v -0.104460 10.069079 0.978960 0.5569 0.2314 0.1490
v -0.106889 10.016971 0.940181 0.5569 0.2314 0.1490
v -0.099197 10.023832 0.876004 0.5569 0.2314 0.1490
v -0.089077 10.082803 0.850605 0.5569 0.2314 0.1490
v 0.000000 10.129602 0.894066 0.5569 0.2314 0.1490
v 0.000000 10.122260 0.958650 0.5569 0.2314 0.1490
v -0.000000 10.062657 0.984584 0.5569 0.2314 0.1490
v -0.000000 10.010397 0.945934 0.5569 0.2314 0.1490
v -0.000000 10.017739 0.881350 0.5569 0.2314 0.1490
v 0.000000 10.077342 0.855416 0.5569 0.2314 0.1490
v 0.086649 10.134912 0.889384 0.5569 0.2314 0.1490
v 0.094340 10.128050 0.953561 0.5569 0.2314 0.1490
v 0.104460 10.069079 0.978960 0.5569 0.2314 0.1490
v 0.106889 10.016971 0.940181 0.5569 0.2314 0.1490
v 0.099197 10.023832 0.876004 0.5569 0.2314 0.1490
v 0.089077 10.082803 0.850605 0.5569 0.2314 0.1490
v 0.167486 10.150387 0.876390 0.5569 0.2314 0.1490
v 0.182184 10.144897 0.939468 0.5569 0.2314 0.1490
v 0.202487 10.087921 0.963269 0.5569 0.2314 0.1490
v 0.208091 10.036434 0.923992 0.5569 0.2314 0.1490
v 0.193393 10.041924 0.860914 0.5569 0.2314 0.1490
v 0.173091 10.098900 0.837113 0.5569 0.2314 0.1490
v 0.236883 10.174587 0.858155 0.5569 0.2314 0.1490
v 0.257271 10.171142 0.919778 0.5569 0.2314 0.1490
v 0.288040 10.117926 0.940904 0.5569 0.2314 0.1490
v 0.298422 10.068155 0.900405 0.5569 0.2314 0.1490
v 0.278034 10.071601 0.838782 0.5569 0.2314 0.1490
v 0.247264 10.124817 0.817657 0.5569 0.2314 0.1490
v 0.289638 10.204684 0.839400 0.5569 0.2314 0.1490
v 0.313852 10.203524 0.899711 0.5569 0.2314 0.1490
v 0.355829 10.157001 0.916989 0.5569 0.2314 0.1490
v 0.373592 10.111638 0.873957 0.5569 0.2314 0.1490
v 0.349378 10.112799 0.813647 0.5569 0.2314 0.1490
v 0.307401 10.159322 0.796369 0.5569 0.2314 0.1490
v 0.046297 5.564888 0.863569 0.9490 0.7608 0.1882
v 0.064722 5.595716 0.931157 0.9490 0.7608 0.1882
v 0.045233 5.582191 1.003924 0.9490 0.7608 0.1882
v -0.000753 5.532235 1.039246 0.9490 0.7608 0.1882
v -0.046297 5.475112 1.016430 0.9490 0.7608 0.1882
v -0.064722 5.444284 0.948843 0.9490 0.7608 0.1882
v -0.045233 5.457809 0.876076 0.9490 0.7608 0.1882
v 0.000753 5.507765 0.840754 0.9490 0.7608 0.1882
v 0.037269 9.574234 0.864702 0.9490 0.7608 0.1882
v 0.063773 9.596699 0.932898 0.9490 0.7608 0.1882
v 0.052920 9.574234 1.005255 0.9490 0.7608 0.1882
v 0.011067 9.520000 1.039386 0.9490 0.7608 0.1882
v -0.037269 9.465767 1.015298 0.9490 0.7608 0.1882
v -0.063773 9.443302 0.947102 0.9490 0.7608 0.1882
v -0.052920 9.465767 0.874745 0.9490 0.7608 0.1882
v -0.011067 9.520000 0.840614 0.9490 0.7608 0.1882
v 0.243381 9.399156 0.841532 0.9490 0.7608 0.1882
v 0.275793 9.415503 0.908913 0.9490 0.7608 0.1882
v 0.262629 9.395432 0.981588 0.9490 0.7608 0.1882
v 0.211601 9.350699 1.016987 0.9490 0.7608 0.1882
v 0.152599 9.307511 0.994372 0.9490 0.7608 0.1882
v 0.120187 9.291164 0.926992 0.9490 0.7608 0.1882
v 0.133351 9.311235 0.854316 0.9490 0.7608 0.1882
v 0.184379 9.355968 0.818918 0.9490 0.7608 0.1882
v 0.341154 9.186666 0.816215 0.9490 0.7608 0.1882
v 0.379190 9.186666 0.882631 0.9490 0.7608 0.1882
v 0.359121 9.186666 0.956490 0.9490 0.7608 0.1882
v 0.292705 9.186666 0.994526 0.9490 0.7608 0.1882
v 0.218846 9.186666 0.974458 0.9490 0.7608 0.1882
v 0.180810 9.186666 0.908041 0.9490 0.7608 0.1882
v 0.200879 9.186666 0.834182 0.9490 0.7608 0.1882
v 0.267295 9.186666 0.796147 0.9490 0.7608 0.1882
v 0.243381 8.974178 0.841532 0.9490 0.7608 0.1882
v 0.275793 8.957831 0.908913 0.9490 0.7608 0.1882
v 0.262629 8.977902 0.981588 0.9490 0.7608 0.1882
v 0.211601 9.022635 1.016987 0.9490 0.7608 0.1882
v 0.152599 9.065823 0.994372 0.9490 0.7608 0.1882
v 0.120187 9.082170 0.926992 0.9490 0.7608 0.1882
v 0.133351 9.062099 0.854316 0.9490 0.7608 0.1882
v 0.184379 9.017366 0.818918 0.9490 0.7608 0.1882
v 0.041748 8.803740 0.863858 0.9490 0.7608 0.1882
v 0.064193 8.777076 0.931998 0.9490 0.7608 0.1882
v 0.049035 8.795083 1.004826 0.9490 0.7608 0.1882
v 0.005153 8.847212 1.039679 0.9490 0.7608 0.1882
v -0.041748 8.902927 1.016142 0.9490 0.7608 0.1882
v -0.064193 8.929591 0.948002 0.9490 0.7608 0.1882
v -0.049035 8.911584 0.875174 0.9490 0.7608 0.1882
v -0.005153 8.859455 0.840321 0.9490 0.7608 0.1882
v -0.141419 8.652417 0.842941 0.9490 0.7608 0.1882
v -0.119012 8.625713 0.911078 0.9490 0.7608 0.1882
v -0.142869 8.634715 0.983242 0.9490 0.7608 0.1882
v -0.199015 8.674150 1.017160 0.9490 0.7608 0.1882
v -0.254561 8.720916 0.992964 0.9490 0.7608 0.1882
v -0.276968 8.747620 0.924826 0.9490 0.7608 0.1882
v -0.253111 8.738618 0.852662 0.9490 0.7608 0.1882
v -0.196965 8.699183 0.818744 0.9490 0.7608 0.1882
v -0.211647 8.520000 0.822344 0.9490 0.7608 0.1882
v -0.180054 8.520000 0.892056 0.9490 0.7608 0.1882
v -0.207008 8.520000 0.963689 0.9490 0.7608 0.1882
v -0.276719 8.520000 0.995282 0.9490 0.7608 0.1882
v -0.348353 8.520000 0.968329 0.9490 0.7608 0.1882
v -0.379946 8.520000 0.898617 0.9490 0.7608 0.1882
v -0.352992 8.520000 0.826983 0.9490 0.7608 0.1882
v -0.283281 8.520000 0.795390 0.9490 0.7608 0.1882
v -0.141419 8.387583 0.842941 0.9490 0.7608 0.1882
v -0.119012 8.414287 0.911078 0.9490 0.7608 0.1882
v -0.142869 8.405285 0.983242 0.9490 0.7608 0.1882
v -0.199015 8.365850 1.017160 0.9490 0.7608 0.1882
v -0.254561 8.319084 0.992964 0.9490 0.7608 0.1882
v -0.276968 8.292380 0.924826 0.9490 0.7608 0.1882
v -0.253111 8.301382 0.852662 0.9490 0.7608 0.1882
v -0.196965 8.340816 0.818744 0.9490 0.7608 0.1882
v 0.041748 8.236260 0.863858 0.9490 0.7608 0.1882
v 0.064193 8.262924 0.931998 0.9490 0.7608 0.1882
v 0.049035 8.244917 1.004826 0.9490 0.7608 0.1882
v 0.005153 8.192788 1.039679 0.9490 0.7608 0.1882
v -0.041748 8.137073 1.016142 0.9490 0.7608 0.1882
v -0.064193 8.110409 0.948002 0.9490 0.7608 0.1882
v -0.049035 8.128416 0.875174 0.9490 0.7608 0.1882
v -0.005153 8.180545 0.840321 0.9490 0.7608 0.1882
v 0.243381 8.065823 0.841532 0.9490 0.7608 0.1882
v 0.275793 8.082170 0.908913 0.9490 0.7608 0.1882
v 0.262629 8.062099 0.981588 0.9490 0.7608 0.1882
v 0.211601 8.017366 1.016987 0.9490 0.7608 0.1882
v 0.152599 7.974178 0.994372 0.9490 0.7608 0.1882
v 0.120187 7.957831 0.926992 0.9490 0.7608 0.1882
v 0.133351 7.977902 0.854316 0.9490 0.7608 0.1882
v 0.184379 8.022635 0.818918 0.9490 0.7608 0.1882
v 0.341154 7.853333 0.816215 0.9490 0.7608 0.1882
v 0.379190 7.853333 0.882631 0.9490 0.7608 0.1882
v 0.359121 7.853333 0.956490 0.9490 0.7608 0.1882
v 0.292705 7.853333 0.994526 0.9490 0.7608 0.1882
v 0.218846 7.853333 0.974458 0.9490 0.7608 0.1882
v 0.180810 7.853333 0.908041 0.9490 0.7608 0.1882
v 0.200879 7.853333 0.834182 0.9490 0.7608 0.1882
v 0.267295 7.853333 0.796147 0.9490 0.7608 0.1882
v 0.243381 7.640844 0.841532 0.9490 0.7608 0.1882
v 0.275793 7.624497 0.908913 0.9490 0.7608 0.1882
v 0.262629 7.644568 0.981588 0.9490 0.7608 0.1882
v 0.211601 7.689300 1.016987 0.9490 0.7608 0.1882
v 0.152599 7.732489 0.994372 0.9490 0.7608 0.1882
v 0.120187 7.748836 0.926992 0.9490 0.7608 0.1882
v 0.133351 7.728765 0.854316 0.9490 0.7608 0.1882
v 0.184379 7.684033 0.818918 0.9490 0.7608 0.1882
v 0.041748 7.470406 0.863858 0.9490 0.7608 0.1882
v 0.064193 7.443742 0.931998 0.9490 0.7608 0.1882
v 0.049035 7.461749 1.004826 0.9490 0.7608 0.1882
v 0.005153 7.513878 1.039679 0.9490 0.7608 0.1882
v -0.041748 7.569594 1.016142 0.9490 0.7608 0.1882
v -0.064193 7.596258 0.948002 0.9490 0.7608 0.1882
v -0.049035 7.578251 0.875174 0.9490 0.7608 0.1882
v -0.005153 7.526122 0.840321 0.9490 0.7608 0.1882
v -0.141419 7.319084 0.842941 0.9490 0.7608 0.1882
v -0.119012 7.292381 0.911078 0.9490 0.7608 0.1882
v -0.142869 7.301382 0.983242 0.9490 0.7608 0.1882
v -0.199015 7.340816 1.017160 0.9490 0.7608 0.1882
v -0.254561 7.387583 0.992964 0.9490 0.7608 0.1882
v -0.276968 7.414287 0.924826 0.9490 0.7608 0.1882
v -0.253111 7.405285 0.852662 0.9490 0.7608 0.1882
v -0.196965 7.365850 0.818744 0.9490 0.7608 0.1882
v -0.211647 7.186666 0.822344 0.9490 0.7608 0.1882
v -0.180054 7.186666 0.892056 0.9490 0.7608 0.1882
v -0.207008 7.186666 0.963689 0.9490 0.7608 0.1882
v -0.276719 7.186666 0.995282 0.9490 0.7608 0.1882
v -0.348353 7.186666 0.968329 0.9490 0.7608 0.1882
v -0.379946 7.186666 0.898617 0.9490 0.7608 0.1882
v -0.352992 7.186666 0.826983 0.9490 0.7608 0.1882
v -0.283281 7.186666 0.795390 0.9490 0.7608 0.1882
v -0.141419 7.054249 0.842941 0.9490 0.7608 0.1882
v -0.119012 7.080953 0.911078 0.9490 0.7608 0.1882
v -0.142869 7.071951 0.983242 0.9490 0.7608 0.1882
v -0.199015 7.032517 1.017160 0.9490 0.7608 0.1882
v -0.254561 6.985751 0.992964 0.9490 0.7608 0.1882
v -0.276968 6.959047 0.924826 0.9490 0.7608 0.1882
v -0.253111 6.968049 0.852662 0.9490 0.7608 0.1882
v -0.196965 7.007483 0.818744 0.9490 0.7608 0.1882
v 0.041748 6.902927 0.863858 0.9490 0.7608 0.1882
v 0.064193 6.929591 0.931998 0.9490 0.7608 0.1882
v 0.049035 6.911584 1.004826 0.9490 0.7608 0.1882
v 0.005153 6.859455 1.039679 0.9490 0.7608 0.1882
v -0.041748 6.803740 1.016142 0.9490 0.7608 0.1882
v -0.064193 6.777076 0.948002 0.9490 0.7608 0.1882
v -0.049035 6.795083 0.875174 0.9490 0.7608 0.1882
v -0.005153 6.847212 0.840321 0.9490 0.7608 0.1882
v 0.243381 6.732489 0.841532 0.9490 0.7608 0.1882
v 0.275793 6.748836 0.908913 0.9490 0.7608 0.1882
v 0.262629 6.728765 0.981588 0.9490 0.7608 0.1882
v 0.211601 6.684033 1.016987 0.9490 0.7608 0.1882
v 0.152599 6.640844 0.994372 0.9490 0.7608 0.1882
v 0.120187 6.624497 0.926992 0.9490 0.7608 0.1882
v 0.133351 6.644568 0.854316 0.9490 0.7608 0.1882
v 0.184379 6.689300 0.818918 0.9490 0.7608 0.1882
v 0.341154 6.520000 0.816215 0.9490 0.7608 0.1882
v 0.379190 6.520000 0.882631 0.9490 0.7608 0.1882
v 0.359121 6.520000 0.956490 0.9490 0.7608 0.1882
v 0.292705 6.520000 0.994526 0.9490 0.7608 0.1882
v 0.218846 6.520000 0.974458 0.9490 0.7608 0.1882
v 0.180810 6.520000 0.908041 0.9490 0.7608 0.1882
v 0.200879 6.520000 0.834182 0.9490 0.7608 0.1882
v 0.267295 6.520000 0.796147 0.9490 0.7608 0.1882
v 0.243381 6.307511 0.841532 0.9490 0.7608 0.1882
v 0.275793 6.291164 0.908913 0.9490 0.7608 0.1882
v 0.262629 6.311235 0.981588 0.9490 0.7608 0.1882
v 0.211601 6.355967 1.016987 0.9490 0.7608 0.1882
v 0.152599 6.399156 0.994372 0.9490 0.7608 0.1882
v 0.120187 6.415503 0.926992 0.9490 0.7608 0.1882
v 0.133351 6.395432 0.854316 0.9490 0.7608 0.1882
v 0.184379 6.350700 0.818918 0.9490 0.7608 0.1882
v 0.041748 6.137073 0.863858 0.9490 0.7608 0.1882
v 0.064193 6.110409 0.931998 0.9490 0.7608 0.1882
v 0.049035 6.128416 1.004826 0.9490 0.7608 0.1882
v 0.005153 6.180545 1.039679 0.9490 0.7608 0.1882
v -0.041748 6.236260 1.016142 0.9490 0.7608 0.1882
v -0.064193 6.262924 0.948002 0.9490 0.7608 0.1882
v -0.049035 6.244917 0.875174 0.9490 0.7608 0.1882
v -0.005153 6.192788 0.840321 0.9490 0.7608 0.1882
v -0.141419 5.985751 0.842941 0.9490 0.7608 0.1882
v -0.119012 5.959047 0.911078 0.9490 0.7608 0.1882
v -0.142869 5.968049 0.983242 0.9490 0.7608 0.1882
v -0.199015 6.007483 1.017160 0.9490 0.7608 0.1882
v -0.254561 6.054249 0.992964 0.9490 0.7608 0.1882
v -0.276968 6.080953 0.924826 0.9490 0.7608 0.1882
v -0.253111 6.071951 0.852662 0.9490 0.7608 0.1882
v -0.196965 6.032517 0.818744 0.9490 0.7608 0.1882
v -0.211647 5.853333 0.822344 0.9490 0.7608 0.1882
v -0.180054 5.853333 0.892056 0.9490 0.7608 0.1882
v -0.207008 5.853333 0.963689 0.9490 0.7608 0.1882
v -0.276719 5.853333 0.995282 0.9490 0.7608 0.1882
v -0.348353 5.853333 0.968329 0.9490 0.7608 0.1882
v -0.379946 5.853333 0.898617 0.9490 0.7608 0.1882
v -0.352992 5.853333 0.826983 0.9490 0.7608 0.1882
v -0.283281 5.853333 0.795390 0.9490 0.7608 0.1882
v -0.141419 5.720916 0.842941 0.9490 0.7608 0.1882
v -0.119012 5.747619 0.911078 0.9490 0.7608 0.1882
v -0.142869 5.738618 0.983242 0.9490 0.7608 0.1882
v -0.199015 5.699183 1.017160 0.9490 0.7608 0.1882
v -0.254561 5.652417 0.992964 0.9490 0.7608 0.1882
v -0.276968 5.625714 0.924826 0.9490 0.7608 0.1882
v -0.253111 5.634715 0.852662 0.9490 0.7608 0.1882
v -0.196965 5.674150 0.818744 0.9490 0.7608 0.1882
v -1.898578 10.415555 0.377147 0.7098 0.3294 0.2275
v -1.888684 10.437418 0.249267 0.7098 0.3294 0.2275
v -1.973287 10.449078 0.151105 0.7098 0.3294 0.2275
v -2.102827 10.443705 0.140164 0.7098 0.3294 0.2275
v -2.201422 10.424445 0.222853 0.7098 0.3294 0.2275
v -2.211316 10.402582 0.350733 0.7098 0.3294 0.2275
v -2.126713 10.390923 0.448895 0.7098 0.3294 0.2275
v -1.997173 10.396296 0.459836 0.7098 0.3294 0.2275
v -1.323926 8.789762 0.090215 0.7098 0.3294 0.2275
v -1.316434 8.818657 -0.036427 0.7098 0.3294 0.2275
v -1.387183 8.789762 -0.141730 0.7098 0.3294 0.2275
v -1.494730 8.720000 -0.164010 0.7098 0.3294 0.2275
v -1.576074 8.650239 -0.090215 0.7098 0.3294 0.2275
v -1.583566 8.621344 0.036427 0.7098 0.3294 0.2275
v -1.512817 8.650239 0.141730 0.7098 0.3294 0.2275
v -1.405270 8.720000 0.164010 0.7098 0.3294 0.2275
v -1.856139 9.554384 0.233797 0.7098 0.3294 0.2275
v -1.846962 9.579927 0.106547 0.7098 0.3294 0.2275
v -1.927432 9.570366 0.004751 0.7098 0.3294 0.2275
v -2.050411 9.531301 -0.011960 0.7098 0.3294 0.2275
v -2.143861 9.485617 0.066203 0.7098 0.3294 0.2275
v -2.153038 9.460073 0.193453 0.7098 0.3294 0.2275
v -2.072568 9.469635 0.295249 0.7098 0.3294 0.2275
v -1.949588 9.508699 0.311960 0.7098 0.3294 0.2275
v -2.050000 11.040000 0.320000 1.0000 1.0000 1.0000
v -2.050000 11.015641 0.197541 1.0000 1.0000 1.0000
v -2.050000 10.842459 0.024359 1.0000 1.0000 1.0000
v -2.050000 10.720000 0.000000 1.0000 1.0000 1.0000
v -2.050000 10.424359 0.197541 1.0000 1.0000 1.0000
v -2.050000 10.400001 0.320000 1.0000 1.0000 1.0000
v -1.996867 11.015641 0.209669 1.0000 1.0000 1.0000
v -1.951823 10.946275 0.116134 1.0000 1.0000 1.0000
v -1.921726 10.842459 0.053636 1.0000 1.0000 1.0000
v -1.911157 10.720000 0.031690 1.0000 1.0000 1.0000
v -1.921726 10.597542 0.053636 1.0000 1.0000 1.0000
v -1.951823 10.493726 0.116134 1.0000 1.0000 1.0000
v -1.996867 10.424359 0.209669 1.0000 1.0000 1.0000
v -1.954258 11.015641 0.243648 1.0000 1.0000 1.0000
v -1.873092 10.946275 0.178920 1.0000 1.0000 1.0000
v -1.818858 10.842459 0.135671 1.0000 1.0000 1.0000
v -1.799814 10.720000 0.120483 1.0000 1.0000 1.0000
v -1.818858 10.597542 0.135671 1.0000 1.0000 1.0000
v -1.873092 10.493726 0.178920 1.0000 1.0000 1.0000
v -1.954258 10.424359 0.243648 1.0000 1.0000 1.0000
v -1.930611 11.015641 0.292750 1.0000 1.0000 1.0000
v -1.829399 10.946275 0.269649 1.0000 1.0000 1.0000
v -1.761771 10.842459 0.254214 1.0000 1.0000 1.0000
v -1.738023 10.720000 0.248793 1.0000 1.0000 1.0000
v -1.761771 10.597542 0.254214 1.0000 1.0000 1.0000
v -1.829399 10.493726 0.269649 1.0000 1.0000 1.0000
v -1.930611 10.424359 0.292750 1.0000 1.0000 1.0000
v -1.930611 11.015641 0.347250 1.0000 1.0000 1.0000
v -1.829399 10.946275 0.370351 1.0000 1.0000 1.0000
v -1.761771 10.842459 0.385786 1.0000 1.0000 1.0000
v -1.738023 10.720000 0.391207 1.0000 1.0000 1.0000
v -1.761771 10.597542 0.385786 1.0000 1.0000 1.0000
v -1.829399 10.493726 0.370351 1.0000 1.0000 1.0000
v -1.930611 10.424359 0.347250 1.0000 1.0000 1.0000
v -1.954258 11.015641 0.396352 1.0000 1.0000 1.0000
v -1.873092 10.946275 0.461080 1.0000 1.0000 1.0000
v -1.818858 10.842459 0.504329 1.0000 1.0000 1.0000
v -1.799814 10.720000 0.519517 1.0000 1.0000 1.0000
v -1.818858 10.597542 0.504329 1.0000 1.0000 1.0000
v -1.873092 10.493726 0.461080 1.0000 1.0000 1.0000
v -1.954258 10.424359 0.396352 1.0000 1.0000 1.0000
v -1.996867 11.015641 0.430331 1.0000 1.0000 1.0000
v -1.951823 10.946275 0.523866 1.0000 1.0000 1.0000
v -1.921726 10.842459 0.586364 1.0000 1.0000 1.0000
v -1.911157 10.720000 0.608310 1.0000 1.0000 1.0000
v -1.921726 10.597542 0.586364 1.0000 1.0000 1.0000
v -1.951823 10.493726 0.523866 1.0000 1.0000 1.0000
v -1.996867 10.424359 0.430331 1.0000 1.0000 1.0000
v -2.050000 11.015641 0.442459 1.0000 1.0000 1.0000
v -2.050000 10.946275 0.546274 1.0000 1.0000 1.0000
v -2.050000 10.842459 0.615641 1.0000 1.0000 1.0000
v -2.050000 10.720000 0.640000 1.0000 1.0000 1.0000
v -2.050000 10.597542 0.615641 1.0000 1.0000 1.0000
v -2.050000 10.493726 0.546274 1.0000 1.0000 1.0000
v -2.050000 10.424359 0.442459 1.0000 1.0000 1.0000
v -2.103133 11.015641 0.430331 1.0000 1.0000 1.0000
v -2.148177 10.946275 0.523866 1.0000 1.0000 1.0000
v -2.178274 10.842459 0.586364 1.0000 1.0000 1.0000
v -2.188843 10.720000 0.608310 1.0000 1.0000 1.0000
v -2.178274 10.597542 0.586364 1.0000 1.0000 1.0000
v -2.148177 10.493726 0.523866 1.0000 1.0000 1.0000
v -2.103133 10.424359 0.430331 1.0000 1.0000 1.0000
v -2.145742 11.015641 0.396352 1.0000 1.0000 1.0000
v -2.226908 10.946275 0.461080 1.0000 1.0000 1.0000
v -2.281142 10.842459 0.504329 1.0000 1.0000 1.0000
v -2.300186 10.720000 0.519517 1.0000 1.0000 1.0000
v -2.281142 10.597542 0.504329 1.0000 1.0000 1.0000
v -2.226908 10.493726 0.461080 1.0000 1.0000 1.0000
v -2.145742 10.424359 0.396352 1.0000 1.0000 1.0000
v -2.169388 11.015641 0.347250 1.0000 1.0000 1.0000
v -2.270601 10.946275 0.370351 1.0000 1.0000 1.0000
v -2.338229 10.842459 0.385786 1.0000 1.0000 1.0000
v -2.361977 10.720000 0.391207 1.0000 1.0000 1.0000
v -2.338229 10.597542 0.385786 1.0000 1.0000 1.0000
v -2.270601 10.493726 0.370351 1.0000 1.0000 1.0000
v -2.169388 10.424359 0.347250 1.0000 1.0000 1.0000
v -2.169388 11.015641 0.292750 1.0000 1.0000 1.0000
v -2.270601 10.946275 0.269649 1.0000 1.0000 1.0000
v -2.338229 10.842459 0.254214 1.0000 1.0000 1.0000
v -2.361977 10.720000 0.248793 1.0000 1.0000 1.0000
v -2.338229 10.597542 0.254214 1.0000 1.0000 1.0000
v -2.270601 10.493726 0.269649 1.0000 1.0000 1.0000
v -2.169388 10.424359 0.292750 1.0000 1.0000 1.0000
v -2.145742 11.015641 0.243648 1.0000 1.0000 1.0000
v -2.226908 10.946275 0.178920 1.0000 1.0000 1.0000
v -2.281142 10.842459 0.135671 1.0000 1.0000 1.0000
v -2.300186 10.720000 0.120483 1.0000 1.0000 1.0000
v -2.281142 10.597542 0.135671 1.0000 1.0000 1.0000
v -2.226908 10.493726 0.178920 1.0000 1.0000 1.0000
v -2.145742 10.424359 0.243648 1.0000 1.0000 1.0000
v -2.103133 11.015641 0.209669 1.0000 1.0000 1.0000
v -2.148177 10.946275 0.116134 1.0000 1.0000 1.0000
v -2.178274 10.842459 0.053636 1.0000 1.0000 1.0000
v -2.188843 10.720000 0.031690 1.0000 1.0000 1.0000
v -2.178274 10.597542 0.053636 1.0000 1.0000 1.0000
v -2.148177 10.493726 0.116134 1.0000 1.0000 1.0000
v -2.103133 10.424359 0.209669 1.0000 1.0000 1.0000
v -2.050000 10.946275 0.093726 1.0000 1.0000 1.0000
v -2.050000 10.597542 0.024359 1.0000 1.0000 1.0000
v -2.050000 10.493726 0.093726 1.0000 1.0000 1.0000
v -2.150000 10.860000 0.360000 1.0000 1.0000 1.0000
v -2.093431 10.883431 0.360000 1.0000 1.0000 1.0000
v -2.110000 10.883431 0.320000 1.0000 1.0000 1.0000
v -2.150000 10.883431 0.303431 1.0000 1.0000 1.0000
v -2.190000 10.883431 0.320000 1.0000 1.0000 1.0000
v -2.206569 10.883431 0.360000 1.0000 1.0000 1.0000
v -2.190000 10.883431 0.400000 1.0000 1.0000 1.0000
v -2.150000 10.883431 0.416569 1.0000 1.0000 1.0000
v -2.110000 10.883431 0.400000 1.0000 1.0000 1.0000
v -2.070000 10.940000 0.360000 1.0000 1.0000 1.0000
v -2.093431 10.940000 0.303431 1.0000 1.0000 1.0000
v -2.150000 10.940000 0.280000 1.0000 1.0000 1.0000
v -2.206569 10.940000 0.303431 1.0000 1.0000 1.0000
v -2.230000 10.940000 0.360000 1.0000 1.0000 1.0000
v -2.206569 10.940000 0.416569 1.0000 1.0000 1.0000
v -2.150000 10.940000 0.440000 1.0000 1.0000 1.0000
v -2.093431 10.940000 0.416569 1.0000 1.0000 1.0000
v -2.070000 11.140000 0.360000 1.0000 1.0000 1.0000
v -2.093431 11.140000 0.303431 1.0000 1.0000 1.0000
v -2.150000 11.140000 0.280000 1.0000 1.0000 1.0000
v -2.206569 11.140000 0.303431 1.0000 1.0000 1.0000
v -2.230000 11.140000 0.360000 1.0000 1.0000 1.0000
v -2.206569 11.140000 0.416569 1.0000 1.0000 1.0000
v -2.150000 11.140000 0.440000 1.0000 1.0000 1.0000
v -2.093431 11.140000 0.416569 1.0000 1.0000 1.0000
v -2.093431 11.196568 0.360000 1.0000 1.0000 1.0000
v -2.110000 11.196568 0.320000 1.0000 1.0000 1.0000
v -2.150000 11.196568 0.303431 1.0000 1.0000 1.0000
v -2.190000 11.196568 0.320000 1.0000 1.0000 1.0000
v -2.206569 11.196568 0.360000 1.0000 1.0000 1.0000
v -2.190000 11.196568 0.400000 1.0000 1.0000 1.0000
v -2.150000 11.196568 0.416569 1.0000 1.0000 1.0000
v -2.110000 11.196568 0.400000 1.0000 1.0000 1.0000
v -2.150000 11.220000 0.360000 1.0000 1.0000 1.0000
v -2.030000 10.860000 0.360000 1.0000 1.0000 1.0000
v -1.973431 10.883431 0.360000 1.0000 1.0000 1.0000
v -1.990000 10.883431 0.320000 1.0000 1.0000 1.0000
v -2.030000 10.883431 0.303431 1.0000 1.0000 1.0000
v -2.070000 10.883431 0.320000 1.0000 1.0000 1.0000
v -2.086569 10.883431 0.360000 1.0000 1.0000 1.0000
v -2.070000 10.883431 0.400000 1.0000 1.0000 1.0000
v -2.030000 10.883431 0.416569 1.0000 1.0000 1.0000
v -1.990000 10.883431 0.400000 1.0000 1.0000 1.0000
v -1.950000 10.940000 0.360000 1.0000 1.0000 1.0000
v -1.973431 10.940000 0.303431 1.0000 1.0000 1.0000
v -2.030000 10.940000 0.280000 1.0000 1.0000 1.0000
v -2.086569 10.940000 0.303431 1.0000 1.0000 1.0000
v -2.110000 10.940000 0.360000 1.0000 1.0000 1.0000
v -2.086569 10.940000 0.416569 1.0000 1.0000 1.0000
v -2.030000 10.940000 0.440000 1.0000 1.0000 1.0000
v -1.973431 10.940000 0.416569 1.0000 1.0000 1.0000
v -1.950000 11.140000 0.360000 1.0000 1.0000 1.0000
v -1.973431 11.140000 0.303431 1.0000 1.0000 1.0000
v -2.030000 11.140000 0.280000 1.0000 1.0000 1.0000
v -2.086569 11.140000 0.303431 1.0000 1.0000 1.0000
v -2.110000 11.140000 0.360000 1.0000 1.0000 1.0000
v -2.086569 11.140000 0.416569 1.0000 1.0000 1.0000
v -2.030000 11.140000 0.440000 1.0000 1.0000 1.0000
v -1.973431 11.140000 0.416569 1.0000 1.0000 1.0000
v -1.973431 11.196568 0.360000 1.0000 1.0000 1.0000
v -1.990000 11.196568 0.320000 1.0000 1.0000 1.0000
v -2.030000 11.196568 0.303431 1.0000 1.0000 1.0000
v -2.070000 11.196568 0.320000 1.0000 1.0000 1.0000
v -2.086569 11.196568 0.360000 1.0000 1.0000 1.0000
v -2.070000 11.196568 0.400000 1.0000 1.0000 1.0000
v -2.030000 11.196568 0.416569 1.0000 1.0000 1.0000
v -1.990000 11.196568 0.400000 1.0000 1.0000 1.0000
v -2.030000 11.220000 0.360000 1.0000 1.0000 1.0000
v -1.910000 10.860000 0.360000 1.0000 1.0000 1.0000
v -1.853431 10.883431 0.360000 1.0000 1.0000 1.0000
v -1.870000 10.883431 0.320000 1.0000 1.0000 1.0000
v -1.910000 10.883431 0.303431 1.0000 1.0000 1.0000
v -1.950000 10.883431 0.320000 1.0000 1.0000 1.0000
v -1.966568 10.883431 0.360000 1.0000 1.0000 1.0000
v -1.950000 10.883431 0.400000 1.0000 1.0000 1.0000
v -1.910000 10.883431 0.416569 1.0000 1.0000 1.0000
v -1.870000 10.883431 0.400000 1.0000 1.0000 1.0000
v -1.830000 10.940000 0.360000 1.0000 1.0000 1.0000
v -1.853431 10.940000 0.303431 1.0000 1.0000 1.0000
v -1.910000 10.940000 0.280000 1.0000 1.0000 1.0000
v -1.966568 10.940000 0.303431 1.0000 1.0000 1.0000
v -1.990000 10.940000 0.360000 1.0000 1.0000 1.0000
v -1.966568 10.940000 0.416569 1.0000 1.0000 1.0000
v -1.910000 10.940000 0.440000 1.0000 1.0000 1.0000
v -1.853431 10.940000 0.416569 1.0000 1.0000 1.0000
v -1.830000 11.140000 0.360000 1.0000 1.0000 1.0000
v -1.853431 11.140000 0.303431 1.0000 1.0000 1.0000
v -1.910000 11.140000 0.280000 1.0000 1.0000 1.0000
v -1.966568 11.140000 0.303431 1.0000 1.0000 1.0000
v -1.990000 11.140000 0.360000 1.0000 1.0000 1.0000
v -1.966568 11.140000 0.416569 1.0000 1.0000 1.0000
v -1.910000 11.140000 0.440000 1.0000 1.0000 1.0000
v -1.853431 11.140000 0.416569 1.0000 1.0000 1.0000
v -1.853431 11.196568 0.360000 1.0000 1.0000 1.0000
v -1.870000 11.196568 0.320000 1.0000 1.0000 1.0000
v -1.910000 11.196568 0.303431 1.0000 1.0000 1.0000
v -1.950000 11.196568 0.320000 1.0000 1.0000 1.0000
v -1.966568 11.196568 0.360000 1.0000 1.0000 1.0000
v -1.950000 11.196568 0.400000 1.0000 1.0000 1.0000
v -1.910000 11.196568 0.416569 1.0000 1.0000 1.0000
v -1.870000 11.196568 0.400000 1.0000 1.0000 1.0000
v -1.910000 11.220000 0.360000 1.0000 1.0000 1.0000
v 1.778703 7.086672 0.176570 0.7098 0.3294 0.2275
v 1.796364 7.102832 0.304462 0.7098 0.3294 0.2275
v 1.728286 7.158338 0.400450 0.7098 0.3294 0.2275
v 1.614350 7.220675 0.408307 0.7098 0.3294 0.2275
v 1.521297 7.253328 0.323430 0.7098 0.3294 0.2275
v 1.503636 7.237168 0.195538 0.7098 0.3294 0.2275
v 1.571714 7.181663 0.099550 0.7098 0.3294 0.2275
v 1.685650 7.119325 0.091693 0.7098 0.3294 0.2275
v 1.553029 8.605580 -0.104695 0.7098 0.3294 0.2275
v 1.567758 8.641029 0.019626 0.7098 0.3294 0.2275
v 1.513505 8.605580 0.132450 0.7098 0.3294 0.2275
v 1.422052 8.520000 0.167687 0.7098 0.3294 0.2275
v 1.346971 8.434421 0.104695 0.7098 0.3294 0.2275
v 1.332242 8.398972 -0.019626 0.7098 0.3294 0.2275
v 1.386495 8.434421 -0.132450 0.7098 0.3294 0.2275
v 1.477948 8.520000 -0.167687 0.7098 0.3294 0.2275
v 2.193864 7.925130 0.009575 0.7098 0.3294 0.2275
v 2.213256 7.951391 0.135525 0.7098 0.3294 0.2275
v 2.137015 7.959264 0.240666 0.7098 0.3294 0.2275
v 2.009801 7.944137 0.263406 0.7098 0.3294 0.2275
v 1.906135 7.914870 0.190425 0.7098 0.3294 0.2275
v 1.886744 7.888609 0.064475 0.7098 0.3294 0.2275
v 1.962985 7.880736 -0.040666 0.7098 0.3294 0.2275
v 2.090199 7.895864 -0.063406 0.7098 0.3294 0.2275
v 1.600000 7.370000 0.250000 1.0000 1.0000 1.0000
v 1.600000 7.070000 -0.050000 1.0000 1.0000 1.0000
v 1.600000 6.955195 -0.027164 1.0000 1.0000 1.0000
v 1.600000 6.792836 0.135195 1.0000 1.0000 1.0000
v 1.600000 6.770000 0.250000 1.0000 1.0000 1.0000
v 1.649812 7.347164 0.146564 1.0000 1.0000 1.0000
v 1.692041 7.282132 0.058876 1.0000 1.0000 1.0000
v 1.720257 7.184805 0.000284 1.0000 1.0000 1.0000
v 1.730165 7.070000 -0.020291 1.0000 1.0000 1.0000
v 1.720257 6.955195 0.000284 1.0000 1.0000 1.0000
v 1.692041 6.857868 0.058876 1.0000 1.0000 1.0000
v 1.649812 6.792836 0.146564 1.0000 1.0000 1.0000
v 1.689758 7.347164 0.178420 1.0000 1.0000 1.0000
v 1.765851 7.282132 0.117738 1.0000 1.0000 1.0000
v 1.816695 7.184805 0.077191 1.0000 1.0000 1.0000
v 1.834549 7.070000 0.062953 1.0000 1.0000 1.0000
v 1.816695 6.955195 0.077191 1.0000 1.0000 1.0000
v 1.765851 6.857868 0.117738 1.0000 1.0000 1.0000
v 1.689758 6.792836 0.178420 1.0000 1.0000 1.0000
v 1.711927 7.347164 0.224453 1.0000 1.0000 1.0000
v 1.806813 7.282132 0.202796 1.0000 1.0000 1.0000
v 1.870215 7.184805 0.188325 1.0000 1.0000 1.0000
v 1.892478 7.070000 0.183244 1.0000 1.0000 1.0000
v 1.870215 6.955195 0.188325 1.0000 1.0000 1.0000
v 1.806813 6.857868 0.202796 1.0000 1.0000 1.0000
v 1.711927 6.792836 0.224453 1.0000 1.0000 1.0000
v 1.711927 7.347164 0.275547 1.0000 1.0000 1.0000
v 1.806813 7.282132 0.297204 1.0000 1.0000 1.0000
v 1.870215 7.184805 0.311675 1.0000 1.0000 1.0000
v 1.892478 7.070000 0.316756 1.0000 1.0000 1.0000
v 1.870215 6.955195 0.311675 1.0000 1.0000 1.0000
v 1.806813 6.857868 0.297204 1.0000 1.0000 1.0000
v 1.711927 6.792836 0.275547 1.0000 1.0000 1.0000
v 1.689758 7.347164 0.321580 1.0000 1.0000 1.0000
v 1.765851 7.282132 0.382262 1.0000 1.0000 1.0000
v 1.816695 7.184805 0.422809 1.0000 1.0000 1.0000
v 1.834549 7.070000 0.437047 1.0000 1.0000 1.0000
v 1.816695 6.955195 0.422809 1.0000 1.0000 1.0000
v 1.765851 6.857868 0.382262 1.0000 1.0000 1.0000
v 1.689758 6.792836 0.321580 1.0000 1.0000 1.0000
v 1.649812 7.347164 0.353436 1.0000 1.0000 1.0000
v 1.692041 7.282132 0.441124 1.0000 1.0000 1.0000
v 1.720257 7.184805 0.499716 1.0000 1.0000 1.0000
v 1.730165 7.070000 0.520291 1.0000 1.0000 1.0000
v 1.720257 6.955195 0.499716 1.0000 1.0000 1.0000
v 1.692041 6.857868 0.441124 1.0000 1.0000 1.0000
v 1.649812 6.792836 0.353436 1.0000 1.0000 1.0000
v 1.600000 7.347164 0.364805 1.0000 1.0000 1.0000
v 1.600000 7.282132 0.462132 1.0000 1.0000 1.0000
v 1.600000 7.184805 0.527164 1.0000 1.0000 1.0000
v 1.600000 7.070000 0.550000 1.0000 1.0000 1.0000
v 1.600000 6.955195 0.527164 1.0000 1.0000 1.0000
v 1.600000 6.857868 0.462132 1.0000 1.0000 1.0000
v 1.600000 6.792836 0.364805 1.0000 1.0000 1.0000
v 1.550188 7.347164 0.353436 1.0000 1.0000 1.0000
v 1.507959 7.282132 0.441124 1.0000 1.0000 1.0000
v 1.479743 7.184805 0.499716 1.0000 1.0000 1.0000
v 1.469835 7.070000 0.520291 1.0000 1.0000 1.0000
v 1.479743 6.955195 0.499716 1.0000 1.0000 1.0000
v 1.507959 6.857868 0.441124 1.0000 1.0000 1.0000
v 1.550188 6.792836 0.353436 1.0000 1.0000 1.0000
v 1.510242 7.347164 0.321580 1.0000 1.0000 1.0000
v 1.434149 7.282132 0.382262 1.0000 1.0000 1.0000
v 1.383305 7.184805 0.422809 1.0000 1.0000 1.0000
v 1.365451 7.070000 0.437047 1.0000 1.0000 1.0000
v 1.383305 6.955195 0.422809 1.0000 1.0000 1.0000
v 1.434149 6.857868 0.382262 1.0000 1.0000 1.0000
v 1.510242 6.792836 0.321580 1.0000 1.0000 1.0000
v 1.488073 7.347164 0.275547 1.0000 1.0000 1.0000
v 1.393187 7.282132 0.297204 1.0000 1.0000 1.0000
v 1.329785 7.184805 0.311675 1.0000 1.0000 1.0000
v 1.307522 7.070000 0.316756 1.0000 1.0000 1.0000
v 1.329785 6.955195 0.311675 1.0000 1.0000 1.0000
v 1.393187 6.857868 0.297204 1.0000 1.0000 1.0000
v 1.488073 6.792836 0.275547 1.0000 1.0000 1.0000
v 1.488073 7.347164 0.224453 1.0000 1.0000 1.0000
v 1.393187 7.282132 0.202796 1.0000 1.0000 1.0000
v 1.329785 7.184805 0.188325 1.0000 1.0000 1.0000
v 1.307522 7.070000 0.183244 1.0000 1.0000 1.0000
v 1.329785 6.955195 0.188325 1.0000 1.0000 1.0000
v 1.393187 6.857868 0.202796 1.0000 1.0000 1.0000
v 1.488073 6.792836 0.224453 1.0000 1.0000 1.0000
v 1.510242 7.347164 0.178420 1.0000 1.0000 1.0000
v 1.434149 7.282132 0.117738 1.0000 1.0000 1.0000
v 1.383305 7.184805 0.077191 1.0000 1.0000 1.0000
v 1.365451 7.070000 0.062953 1.0000 1.0000 1.0000
v 1.383305 6.955195 0.077191 1.0000 1.0000 1.0000
v 1.434149 6.857868 0.117738 1.0000 1.0000 1.0000
v 1.510242 6.792836 0.178420 1.0000 1.0000 1.0000
v 1.550188 7.347164 0.146564 1.0000 1.0000 1.0000
v 1.507959 7.282132 0.058876 1.0000 1.0000 1.0000
v 1.479743 7.184805 0.000284 1.0000 1.0000 1.0000
v 1.469835 7.070000 -0.020291 1.0000 1.0000 1.0000
v 1.479743 6.955195 0.000284 1.0000 1.0000 1.0000
v 1.507959 6.857868 0.058876 1.0000 1.0000 1.0000
v 1.550188 6.792836 0.146564 1.0000 1.0000 1.0000
v 1.600000 7.347164 0.135195 1.0000 1.0000 1.0000
v 1.600000 7.282132 0.037868 1.0000 1.0000 1.0000
v 1.600000 7.184805 -0.027164 1.0000 1.0000 1.0000
v 1.600000 6.857868 0.037868 1.0000 1.0000 1.0000
vn -0.1794 -0.9673 0.1794
vn -0.1585 -0.9194 0.3600
vn -0.3251 -0.8881 0.3251
vn -0.3600 -0.9194 0.1585
vn -0.1794 -0.1794 0.9673
vn -0.3600 -0.1585 0.9194
vn -0.3251 -0.3251 0.8881
vn -0.1585 -0.3600 0.9194
vn -0.9673 -0.1794 0.1794
vn -0.9194 -0.3600 0.1585
vn -0.8881 -0.3251 0.3251
vn -0.9194 -0.1585 0.3600
vn -0.1794 0.1794 0.9673
vn -0.1585 0.3600 0.9194
vn -0.3251 0.3251 0.8881
vn -0.3600 0.1585 0.9194
vn -0.1794 0.9673 0.1794
vn -0.3600 0.9194 0.1585
vn -0.3251 0.8881 0.3251
vn -0.1585 0.9194 0.3600
vn -0.9673 0.1794 0.1794
vn -0.9194 0.1585 0.3600
vn -0.8881 0.3251 0.3251
vn -0.9194 0.3600 0.1585
vn -0.1794 -0.9673 -0.1794
vn -0.3600 -0.9194 -0.1585
vn -0.3251 -0.8881 -0.3251
vn -0.1585 -0.9194 -0.3600
vn -0.9673 -0.1794 -0.1794
vn -0.9194 -0.1585 -0.3600
vn -0.8881 -0.3251 -0.3251
vn -0.9194 -0.3600 -0.1585
vn -0.1794 -0.1794 -0.9673
vn -0.1585 -0.3600 -0.9194
vn -0.3251 -0.3251 -0.8881
vn -0.3600 -0.1585 -0.9194
vn -0.1794 0.9673 -0.1794
vn -0.1585 0.9194 -0.3600
vn -0.3251 0.8881 -0.3251
vn -0.3600 0.9194 -0.1585
vn -0.1794 0.1794 -0.9673
vn -0.3600 0.1585 -0.9194
vn -0.3251 0.3251 -0.8881
vn -0.1585 0.3600 -0.9194
vn -0.9673 0.1794 -0.1794
vn -0.9194 0.3600 -0.1585
vn -0.8881 0.3251 -0.3251
vn -0.9194 0.1585 -0.3600
vn 0.1794 -0.9673 0.1794
vn 0.3600 -0.9194 0.1585
vn 0.3251 -0.8881 0.3251
vn 0.1585 -0.9194 0.3600
vn 0.9673 -0.1794 0.1794
vn 0.9194 -0.1585 0.3600
vn 0.8881 -0.3251 0.3251
vn 0.9194 -0.3600 0.1585
vn 0.1794 -0.1794 0.9673
vn 0.1585 -0.3600 0.9194
vn 0.3251 -0.3251 0.8881
vn 0.3600 -0.1585 0.9194
vn 0.1794 0.9673 0.1794
vn 0.1585 0.9194 0.3600
vn 0.3251 0.8881 0.3251
vn 0.3600 0.9194 0.1585
vn 0.1794 0.1794 0.9673
vn 0.3600 0.1585 0.9194
vn 0.3251 0.3251 0.8881
vn 0.1585 0.3600 0.9194
vn 0.9673 0.1794 0.1794
vn 0.9194 0.3600 0.1585
vn 0.8881 0.3251 0.3251
vn 0.9194 0.1585 0.3600
vn 0.1794 -0.9673 -0.1794
vn 0.1585 -0.9194 -0.3600
vn 0.3251 -0.8881 -0.3251
vn 0.3600 -0.9194 -0.1585
vn 0.1794 -0.1794 -0.9673
vn 0.3600 -0.1585 -0.9194
vn 0.3251 -0.3251 -0.8881
vn 0.1585 -0.3600 -0.9194
vn 0.9673 -0.1794 -0.1794
vn 0.9194 -0.3600 -0.1585
vn 0.8881 -0.3251 -0.3251
vn 0.9194 -0.1585 -0.3600
vn 0.1794 0.9673 -0.1794
vn 0.3600 0.9194 -0.1585
vn 0.3251 0.8881 -0.3251
vn 0.1585 0.9194 -0.3600
vn 0.9673 0.1794 -0.1794
vn 0.9194 0.1585 -0.3600
vn 0.8881 0.3251 -0.3251
vn 0.9194 0.3600 -0.1585
vn 0.1794 0.1794 -0.9673
vn 0.1585 0.3600 -0.9194
vn 0.3251 0.3251 -0.8881
vn 0.3600 0.1585 -0.9194
vn -0.1296 -0.9831 0.1296
vn -0.1216 -0.8623 0.4915
vn -0.4473 -0.7744 0.4473
vn -0.4915 -0.8623 0.1216
vn -0.1216 -0.4915 0.8623
vn -0.4473 -0.4473 0.7744
vn -0.1296 -0.1296 0.9831
vn -0.4915 -0.1216 0.8623
vn -0.8623 -0.1216 0.4915
vn -0.7744 -0.4473 0.4473
vn -0.9831 -0.1296 0.1296
vn -0.8623 -0.4915 0.1216
vn -0.1296 0.1296 0.9831
vn -0.1216 0.4915 0.8623
vn -0.4473 0.4473 0.7744
vn -0.4915 0.1216 0.8623
vn -0.1216 0.8623 0.4915
vn -0.4473 0.7744 0.4473
vn -0.1296 0.9831 0.1296
vn -0.4915 0.8623 0.1216
vn -0.8623 0.4915 0.1216
vn -0.7744 0.4473 0.4473
vn -0.9831 0.1296 0.1296
vn -0.8623 0.1216 0.4915
vn -0.1296 -0.9831 -0.1296
vn -0.4915 -0.8623 -0.1216
vn -0.4473 -0.7744 -0.4473
vn -0.1216 -0.8623 -0.4915
vn -0.8623 -0.4915 -0.1216
vn -0.7744 -0.4473 -0.4473
vn -0.9831 -0.1296 -0.1296
vn -0.8623 -0.1216 -0.4915
vn -0.4915 -0.1216 -0.8623
vn -0.4473 -0.4473 -0.7744
vn -0.1296 -0.1296 -0.9831
vn -0.1216 -0.4915 -0.8623
vn -0.1296 0.9831 -0.1296
vn -0.1216 0.8623 -0.4915
vn -0.4473 0.7744 -0.4473
vn -0.4915 0.8623 -0.1216
vn -0.1216 0.4915 -0.8623
vn -0.4473 0.4473 -0.7744
vn -0.1296 0.1296 -0.9831
vn -0.4915 0.1216 -0.8623
vn -0.8623 0.1216 -0.4915
vn -0.7744 0.4473 -0.4473
vn -0.9831 0.1296 -0.1296
vn -0.8623 0.4915 -0.1216
vn 0.1296 -0.9831 0.1296
vn 0.4915 -0.8623 0.1216
vn 0.4473 -0.7744 0.4473
vn 0.1216 -0.8623 0.4915
vn 0.8623 -0.4915 0.1216
vn 0.7744 -0.4473 0.4473
vn 0.9831 -0.1296 0.1296
vn 0.8623 -0.1216 0.4915
vn 0.4915 -0.1216 0.8623
vn 0.4473 -0.4473 0.7744
vn 0.1296 -0.1296 0.9831
vn 0.1216 -0.4915 0.8623
vn 0.1296 0.9831 0.1296
vn 0.1216 0.8623 0.4915
vn 0.4473 0.7744 0.4473
vn 0.4915 0.8623 0.1216
vn 0.1216 0.4915 0.8623
vn 0.4473 0.4473 0.7744
vn 0.1296 0.1296 0.9831
vn 0.4915 0.1216 0.8623
vn 0.8623 0.1216 0.4915
vn 0.7744 0.4473 0.4473
vn 0.9831 0.1296 0.1296
vn 0.8623 0.4915 0.1216
vn 0.1296 -0.9831 -0.1296
vn 0.1216 -0.8623 -0.4915
vn 0.4473 -0.7744 -0.4473
vn 0.4915 -0.8623 -0.1216
vn 0.1216 -0.4915 -0.8623
vn 0.4473 -0.4473 -0.7744
vn 0.1296 -0.1296 -0.9831
vn 0.4915 -0.1216 -0.8623
vn 0.8623 -0.1216 -0.4915
vn 0.7744 -0.4473 -0.4473
vn 0.9831 -0.1296 -0.1296
vn 0.8623 -0.4915 -0.1216
vn 0.1296 0.9831 -0.1296
vn 0.4915 0.8623 -0.1216
vn 0.4473 0.7744 -0.4473
vn 0.1216 0.8623 -0.4915
vn 0.8623 0.4915 -0.1216
vn 0.7744 0.4473 -0.4473
vn 0.9831 0.1296 -0.1296
vn 0.8623 0.1216 -0.4915
vn 0.4915 0.1216 -0.8623
vn 0.4473 0.4473 -0.7744
vn 0.1296 0.1296 -0.9831
vn 0.1216 0.4915 -0.8623
vn -0.3251 -0.3250 -0.8881
vn 0.3251 -0.3250 -0.8881
vn -1.0000 -0.0000 -0.0000
vn -0.7435 0.4987 -0.4455
vn -0.5948 0.0761 -0.8002
vn -0.7274 0.5513 0.4086
vn -0.5820 0.2268 0.7809
vn -0.5948 -0.0761 0.8002
vn -0.7435 -0.4987 0.4455
vn -0.7274 -0.5513 -0.4086
vn -0.5820 -0.2268 -0.7809
vn -0.2157 0.2823 -0.9348
vn -0.2264 0.1032 -0.9685
vn -0.4156 0.9095 0.0006
vn -0.4042 0.9147 0.0006
vn -0.2171 0.2788 0.9355
vn -0.2028 0.4391 0.8752
vn -0.2264 -0.1032 0.9685
vn -0.2157 -0.2823 0.9348
vn -0.4156 -0.9095 -0.0006
vn -0.4042 -0.9147 -0.0006
vn -0.2171 -0.2788 -0.9355
vn -0.2028 -0.4391 -0.8752
vn -0.0529 0.2887 -0.9560
vn -0.0499 0.1011 -0.9936
vn -0.1019 0.9948 0.0006
vn -0.1006 0.9949 0.0006
vn -0.0478 0.2816 0.9583
vn -0.0495 0.4479 0.8927
vn -0.0499 -0.1011 0.9936
vn -0.0529 -0.2887 0.9560
vn -0.1019 -0.9948 -0.0006
vn -0.1006 -0.9949 -0.0006
vn -0.0478 -0.2816 -0.9583
vn -0.0495 -0.4479 -0.8927
vn 0.0529 0.2887 -0.9560
vn 0.0499 0.1011 -0.9936
vn 0.1019 0.9948 0.0006
vn 0.1006 0.9949 0.0006
vn 0.0478 0.2816 0.9583
vn 0.0495 0.4479 0.8927
vn 0.0499 -0.1011 0.9936
vn 0.0529 -0.2887 0.9560
vn 0.1019 -0.9948 -0.0006
vn 0.1006 -0.9949 -0.0006
vn 0.0478 -0.2816 -0.9583
vn 0.0495 -0.4479 -0.8927
vn 0.2157 0.2823 -0.9348
vn 0.2264 0.1032 -0.9685
vn 0.4156 0.9096 0.0006
vn 0.4042 0.9147 0.0006
vn 0.2171 0.2788 0.9355
vn 0.2028 0.4391 0.8752
vn 0.2264 -0.1032 0.9685
vn 0.2157 -0.2823 0.9348
vn 0.4156 -0.9095 -0.0006
vn 0.4042 -0.9147 -0.0006
vn 0.2171 -0.2788 -0.9355
vn 0.2028 -0.4391 -0.8752
vn 0.7435 0.4987 -0.4455
vn 0.5948 0.0761 -0.8002
vn 0.7274 0.5513 0.4086
vn 0.5820 0.2268 0.7809
vn 0.5948 -0.0761 0.8002
vn 0.7435 -0.4987 0.4455
vn 0.7274 -0.5513 -0.4086
vn 0.5820 -0.2268 -0.7809
vn 1.0000 -0.0000 -0.0000
vn -0.5820 0.2268 -0.7809
vn -0.5948 -0.0761 -0.8002
vn -0.7274 0.5513 -0.4086
vn -0.7435 0.4987 0.4455
vn -0.5948 0.0761 0.8002
vn -0.5820 -0.2268 0.7809
vn -0.7274 -0.5513 0.4086
vn -0.7435 -0.4987 -0.4455
vn -0.2171 0.2788 -0.9355
vn -0.2264 -0.1032 -0.9685
vn -0.2028 0.4391 -0.8752
vn -0.4042 0.9147 -0.0006
vn -0.4156 0.9095 -0.0006
vn -0.2264 0.1032 0.9685
vn -0.2157 0.2823 0.9348
vn -0.2171 -0.2788 0.9355
vn -0.2028 -0.4391 0.8752
vn -0.4042 -0.9147 0.0006
vn -0.4156 -0.9095 0.0006
vn -0.2157 -0.2823 -0.9348
vn -0.0478 0.2816 -0.9583
vn -0.0499 -0.1011 -0.9936
vn -0.0495 0.4479 -0.8927
vn -0.1006 0.9949 -0.0006
vn -0.1019 0.9948 -0.0006
vn -0.0499 0.1011 0.9936
vn -0.0529 0.2887 0.9560
vn -0.0478 -0.2816 0.9583
vn -0.0495 -0.4479 0.8927
vn -0.1006 -0.9949 0.0006
vn -0.1019 -0.9948 0.0006
vn -0.0529 -0.2887 -0.9560
vn 0.0478 0.2816 -0.9583
vn 0.0499 -0.1011 -0.9936
vn 0.0495 0.4479 -0.8927
vn 0.1006 0.9949 -0.0006
vn 0.1019 0.9948 -0.0006
vn 0.0499 0.1011 0.9936
vn 0.0529 0.2887 0.9560
vn 0.0478 -0.2816 0.9583
vn 0.0495 -0.4479 0.8927
vn 0.1006 -0.9949 0.0006
vn 0.1019 -0.9948 0.0006
vn 0.0529 -0.2887 -0.9560
vn 0.2171 0.2788 -0.9355
vn 0.2264 -0.1032 -0.9685
vn 0.2028 0.4391 -0.8752
vn 0.4042 0.9147 -0.0006
vn 0.4156 0.9095 -0.0006
vn 0.2264 0.1032 0.9685
vn 0.2157 0.2823 0.9348
vn 0.2171 -0.2788 0.9355
vn 0.2028 -0.4391 0.8752
vn 0.4042 -0.9147 0.0006
vn 0.4156 -0.9096 0.0006
vn 0.2157 -0.2823 -0.9348
vn 0.5820 0.2268 -0.7809
vn 0.5948 -0.0761 -0.8002
vn 0.7274 0.5513 -0.4086
vn 0.7435 0.4987 0.4455
vn 0.5948 0.0761 0.8002
vn 0.5820 -0.2268 0.7809
vn 0.7274 -0.5513 0.4086
vn 0.7435 -0.4987 -0.4455
vn -0.5493 -0.0000 -0.8356
vn -0.5183 0.1471 -0.8425
vn -0.3394 -0.0000 -0.9406
vn -0.4151 0.2686 -0.8692
vn -0.5493 -0.0000 0.8356
vn -0.5183 0.1471 0.8425
vn -0.4151 0.2686 0.8692
vn -0.3394 -0.0000 0.9406
vn -0.5183 -0.1471 0.8425
vn -0.4151 -0.2686 0.8692
vn -0.5183 -0.1471 -0.8425
vn -0.4151 -0.2686 -0.8692
vn -0.1817 0.1881 -0.9652
vn -0.1004 -0.0000 -0.9949
vn -0.1688 0.2910 -0.9417
vn -0.1817 0.1881 0.9652
vn -0.1688 0.2910 0.9417
vn -0.1004 -0.0000 0.9949
vn -0.1817 -0.1881 0.9652
vn -0.1688 -0.2910 0.9417
vn -0.1817 -0.1881 -0.9652
vn -0.1688 -0.2910 -0.9417
vn -0.0375 0.1838 -0.9822
vn -0.0214 -0.0000 -0.9998
vn -0.0439 0.2950 -0.9545
vn -0.0375 0.1838 0.9822
vn -0.0439 0.2950 0.9545
vn -0.0214 -0.0000 0.9998
vn -0.0375 -0.1838 0.9822
vn -0.0439 -0.2950 0.9545
vn -0.0375 -0.1838 -0.9822
vn -0.0439 -0.2950 -0.9545
vn 0.0375 0.1838 -0.9822
vn 0.0214 -0.0000 -0.9998
vn 0.0439 0.2950 -0.9545
vn 0.0375 0.1838 0.9822
vn 0.0439 0.2950 0.9545
vn 0.0214 -0.0000 0.9998
vn 0.0375 -0.1838 0.9822
vn 0.0439 -0.2950 0.9545
vn 0.0375 -0.1838 -0.9822
vn 0.0439 -0.2950 -0.9545
vn 0.1817 0.1881 -0.9652
vn 0.1004 -0.0000 -0.9949
vn 0.1688 0.2910 -0.9417
vn 0.1817 0.1881 0.9652
vn 0.1688 0.2910 0.9417
vn 0.1004 -0.0000 0.9949
vn 0.1817 -0.1881 0.9652
vn 0.1688 -0.2910 0.9417
vn 0.1817 -0.1881 -0.9652
vn 0.1688 -0.2910 -0.9417
vn 0.5183 0.1471 -0.8425
vn 0.3394 -0.0000 -0.9406
vn 0.4151 0.2686 -0.8692
vn 0.5183 0.1471 0.8425
vn 0.4151 0.2686 0.8692
vn 0.3394 -0.0000 0.9406
vn 0.5183 -0.1471 0.8425
vn 0.4151 -0.2686 0.8692
vn 0.5183 -0.1471 -0.8425
vn 0.4151 -0.2686 -0.8692
vn 0.5493 -0.0000 -0.8356
vn 0.5493 -0.0000 0.8356
vn -0.5433 -0.0000 -0.8396
vn -0.5228 0.1214 -0.8438
vn -0.3398 -0.0000 -0.9405
vn -0.4075 0.2277 -0.8843
vn -0.5433 -0.0000 0.8396
vn -0.5228 0.1214 0.8438
vn -0.4075 0.2277 0.8843
vn -0.3398 -0.0000 0.9405
vn -0.5228 -0.1214 0.8438
vn -0.4075 -0.2277 0.8843
vn -0.5228 -0.1214 -0.8438
vn -0.4075 -0.2277 -0.8843
vn -0.1859 0.1596 -0.9695
vn -0.1624 0.2461 -0.9555
vn -0.1859 0.1596 0.9695
vn -0.1624 0.2461 0.9555
vn -0.1859 -0.1596 0.9695
vn -0.1624 -0.2461 0.9555
vn -0.1859 -0.1596 -0.9695
vn -0.1624 -0.2461 -0.9555
vn -0.0382 0.1561 -0.9870
vn -0.0433 0.2491 -0.9675
vn -0.0382 0.1561 0.9870
vn -0.0433 0.2491 0.9675
vn -0.0382 -0.1561 0.9870
vn -0.0433 -0.2491 0.9675
vn -0.0382 -0.1561 -0.9870
vn -0.0433 -0.2491 -0.9675
vn 0.0382 0.1561 -0.9870
vn 0.0433 0.2491 -0.9675
vn 0.0382 0.1561 0.9870
vn 0.0433 0.2491 0.9675
vn 0.0382 -0.1561 0.9870
vn 0.0433 -0.2491 0.9675
vn 0.0382 -0.1561 -0.9870
vn 0.0433 -0.2491 -0.9675
vn 0.1859 0.1596 -0.9695
vn 0.1624 0.2461 -0.9555
vn 0.1859 0.1596 0.9695
vn 0.1624 0.2461 0.9555
vn 0.1859 -0.1596 0.9695
vn 0.1624 -0.2461 0.9555
vn 0.1859 -0.1596 -0.9695
vn 0.1624 -0.2461 -0.9555
vn 0.5228 0.1214 -0.8438
vn 0.3398 -0.0000 -0.9405
vn 0.4075 0.2277 -0.8843
vn 0.5228 0.1214 0.8438
vn 0.4075 0.2277 0.8843
vn 0.3398 -0.0000 0.9405
vn 0.5228 -0.1214 0.8438
vn 0.4075 -0.2277 0.8843
vn 0.5228 -0.1214 -0.8438
vn 0.4075 -0.2277 -0.8843
vn 0.5433 -0.0000 -0.8396
vn 0.5433 -0.0000 0.8396
vn -0.7540 -0.0000 -0.6568
vn -0.6252 0.2447 -0.7411
vn -0.4908 -0.0000 -0.8713
vn -0.5873 0.4381 -0.6805
vn -0.7540 -0.0000 0.6568
vn -0.6252 0.2447 0.7411
vn -0.5873 0.4381 0.6805
vn -0.4908 -0.0000 0.8713
vn -0.6252 -0.2447 0.7411
vn -0.5873 -0.4381 0.6805
vn -0.6252 -0.2447 -0.7411
vn -0.5873 -0.4381 -0.6805
vn -0.2581 0.3400 -0.9043
vn -0.1641 -0.0000 -0.9864
vn -0.2612 0.5225 -0.8116
vn -0.2581 0.3400 0.9043
vn -0.2612 0.5225 0.8116
vn -0.1641 -0.0000 0.9864
vn -0.2581 -0.3400 0.9043
vn -0.2612 -0.5225 0.8116
vn -0.2581 -0.3400 -0.9043
vn -0.2612 -0.5225 -0.8116
vn -0.0566 0.3444 -0.9371
vn -0.0356 -0.0000 -0.9994
vn -0.0666 0.5401 -0.8390
vn -0.0566 0.3444 0.9371
vn -0.0666 0.5401 0.8390
vn -0.0356 -0.0000 0.9994
vn -0.0566 -0.3444 0.9371
vn -0.0666 -0.5401 0.8390
vn -0.0566 -0.3444 -0.9371
vn -0.0666 -0.5401 -0.8390
vn 0.0566 0.3444 -0.9371
vn 0.0356 -0.0000 -0.9994
vn 0.0666 0.5401 -0.8390
vn 0.0566 0.3444 0.9371
vn 0.0666 0.5401 0.8390
vn 0.0356 -0.0000 0.9994
vn 0.0566 -0.3444 0.9371
vn 0.0666 -0.5401 0.8390
vn 0.0566 -0.3444 -0.9371
vn 0.0666 -0.5401 -0.8390
vn 0.2581 0.3400 -0.9043
vn 0.1641 -0.0000 -0.9864
vn 0.2612 0.5225 -0.8116
vn 0.2581 0.3400 0.9043
vn 0.2612 0.5225 0.8116
vn 0.1641 -0.0000 0.9864
vn 0.2581 -0.3400 0.9043
vn 0.2612 -0.5225 0.8116
vn 0.2581 -0.3400 -0.9043
vn 0.2612 -0.5225 -0.8116
vn 0.6252 0.2447 -0.7411
vn 0.4908 -0.0000 -0.8713
vn 0.5873 0.4381 -0.6805
vn 0.6252 0.2447 0.7411
vn 0.5873 0.4381 0.6805
vn 0.4908 -0.0000 0.8713
vn 0.6252 -0.2447 0.7411
vn 0.5873 -0.4381 0.6805
vn 0.6252 -0.2447 -0.7411
vn 0.5873 -0.4381 -0.6805
vn 0.7540 -0.0000 -0.6568
vn 0.7540 -0.0000 0.6568
vn 0.9979 -0.0571 -0.0302
vn -0.9979 0.0571 -0.0302
vn 0.0102 0.2137 0.9768
vn 0.0181 0.2187 0.9756
vn 0.0376 0.4173 0.9080
vn 0.0221 0.4189 0.9078
vn -0.0143 -0.2135 0.9768
vn -0.0229 -0.2085 0.9777
vn -0.0258 -0.4187 0.9078
vn -0.0430 -0.4173 0.9077
vn -0.0102 -0.2153 -0.9765
vn -0.0172 -0.2086 -0.9778
vn -0.0372 -0.4173 -0.9080
vn -0.0219 -0.4189 -0.9078
vn 0.0145 0.2151 -0.9765
vn 0.0241 0.2185 -0.9755
vn 0.0260 0.4186 -0.9078
vn 0.0427 0.4174 -0.9077
vn 0.0313 0.2149 0.9761
vn 0.0635 0.4136 0.9082
vn -0.0365 -0.2090 0.9772
vn -0.0694 -0.4145 0.9074
vn -0.0304 -0.2088 -0.9775
vn -0.0633 -0.4137 -0.9082
vn 0.0376 0.2152 -0.9758
vn 0.0691 0.4145 -0.9074
vn 0.0393 0.2109 0.9767
vn 0.0774 0.4111 0.9083
vn -0.0408 -0.2108 0.9767
vn -0.0792 -0.4129 0.9073
vn -0.0391 -0.2097 -0.9770
vn -0.0775 -0.4111 -0.9083
vn 0.0411 0.2122 -0.9764
vn 0.0792 0.4129 -0.9073
vn 0.0396 0.2082 0.9773
vn 0.0760 0.4113 0.9083
vn -0.0363 -0.2143 0.9761
vn -0.0724 -0.4141 0.9073
vn -0.0403 -0.2122 -0.9764
vn -0.0758 -0.4114 -0.9083
vn 0.0357 0.2105 -0.9769
vn 0.0723 0.4142 -0.9073
vn 0.0304 0.2072 0.9778
vn 0.0575 0.4139 0.9085
vn -0.0251 -0.2185 0.9755
vn -0.0516 -0.4176 0.9071
vn -0.0316 -0.2156 -0.9760
vn -0.0571 -0.4140 -0.9085
vn 0.0242 0.2101 -0.9774
vn 0.0514 0.4177 -0.9071
vn 0.0131 0.2072 0.9782
vn 0.0246 0.4165 0.9088
vn -0.0102 -0.2216 0.9751
vn -0.0213 -0.4208 0.9069
vn -0.0138 -0.2183 -0.9758
vn -0.0242 -0.4165 -0.9088
vn 0.0097 0.2102 -0.9776
vn 0.0211 0.4208 -0.9069
vn -0.0081 0.2072 0.9783
vn -0.0151 0.4169 0.9088
vn 0.0062 -0.2219 0.9750
vn 0.0131 -0.4212 0.9069
vn 0.0085 -0.2187 -0.9758
vn 0.0149 -0.4169 -0.9088
vn -0.0059 0.2102 -0.9776
vn -0.0129 0.4213 -0.9069
vn -0.0268 0.2072 0.9779
vn -0.0506 0.4147 0.9086
vn 0.0217 -0.2194 0.9754
vn 0.0450 -0.4185 0.9071
vn 0.0280 -0.2164 -0.9759
vn 0.0501 -0.4147 -0.9086
vn -0.0209 0.2101 -0.9775
vn -0.0447 0.4186 -0.9071
vn -0.0382 0.2078 0.9774
vn -0.0730 0.4118 0.9083
vn 0.0341 -0.2154 0.9759
vn 0.0685 -0.4149 0.9073
vn 0.0391 -0.2130 -0.9763
vn 0.0728 -0.4119 -0.9083
vn -0.0333 0.2103 -0.9771
vn -0.0684 0.4149 -0.9073
vn -0.0402 0.2101 0.9769
vn -0.0786 0.4109 0.9083
vn 0.0405 -0.2115 0.9765
vn 0.0790 -0.4129 0.9073
vn 0.0402 -0.2102 -0.9768
vn 0.0786 -0.4109 -0.9083
vn -0.0405 0.2116 -0.9765
vn -0.0790 0.4129 -0.9073
vn -0.0338 0.2139 0.9763
vn -0.0681 0.4128 0.9083
vn 0.0385 -0.2093 0.9771
vn 0.0734 -0.4139 0.9074
vn 0.0331 -0.2089 -0.9774
vn 0.0680 -0.4128 -0.9083
vn -0.0394 0.2144 -0.9760
vn -0.0731 0.4139 -0.9074
vn -0.0216 0.2180 0.9757
vn -0.0447 0.4165 0.9080
vn 0.0270 -0.2086 0.9776
vn 0.0509 -0.4167 0.9076
vn 0.0207 -0.2087 -0.9778
vn 0.0445 -0.4165 -0.9080
vn -0.0282 0.2178 -0.9756
vn -0.0504 0.4167 -0.9076
vn -0.0062 0.2205 0.9754
vn -0.0130 0.4192 0.9078
vn 0.0081 -0.2086 0.9780
vn 0.0152 -0.4189 0.9079
vn 0.0059 -0.2088 -0.9779
vn 0.0129 -0.4192 -0.9078
vn -0.0085 0.2201 -0.9754
vn -0.0150 0.4189 -0.9079
vn 0.0101 0.2201 0.9754
vn 0.0212 0.4188 0.9079
vn -0.0132 -0.2086 0.9779
vn -0.0247 -0.4186 0.9079
vn -0.0096 -0.2088 -0.9779
vn -0.0210 -0.4188 -0.9078
vn 0.0138 0.2198 -0.9754
vn 0.0243 0.4186 -0.9078
vn 0.0249 0.2171 0.9758
vn 0.0514 0.4156 0.9081
vn -0.0306 -0.2086 0.9775
vn -0.0578 -0.4159 0.9076
vn -0.0240 -0.2087 -0.9777
vn -0.0511 -0.4156 -0.9081
vn 0.0318 0.2170 -0.9756
vn 0.0573 0.4160 -0.9075
vn 0.0360 0.2129 0.9764
vn 0.0720 0.4121 0.9083
vn -0.0398 -0.2096 0.9770
vn -0.0763 -0.4134 0.9074
vn -0.0354 -0.2091 -0.9773
vn -0.0720 -0.4121 -0.9083
vn 0.0405 0.2136 -0.9761
vn 0.0762 0.4134 -0.9074
vn 0.0406 0.2094 0.9770
vn 0.0788 0.4108 0.9083
vn -0.0396 -0.2123 0.9764
vn -0.0778 -0.4131 0.9073
vn -0.0408 -0.2107 -0.9767
vn -0.0788 -0.4108 -0.9083
vn 0.0394 0.2112 -0.9767
vn 0.0778 0.4131 -0.9074
vn 0.0363 0.2076 0.9775
vn 0.0691 0.4124 0.9084
vn -0.0315 -0.2164 0.9758
vn -0.0638 -0.4157 0.9073
vn -0.0373 -0.2138 -0.9762
vn -0.0688 -0.4125 -0.9084
vn 0.0307 0.2102 -0.9772
vn 0.0636 0.4157 -0.9073
vn 0.0228 0.2071 0.9781
vn 0.0428 0.4153 0.9087
vn -0.0182 -0.2202 0.9753
vn -0.0378 -0.4193 0.9071
vn -0.0239 -0.2171 -0.9759
vn -0.0425 -0.4153 -0.9087
vn 0.0174 0.2101 -0.9775
vn 0.0374 0.4194 -0.9071
vn 0.0142 0.2120 0.9772
vn 0.0257 0.4166 0.9087
vn -0.0103 -0.2152 0.9765
vn -0.0222 -0.4209 0.9068
vn -0.0144 -0.2136 -0.9768
vn -0.0259 -0.4166 -0.9087
vn 0.0103 0.2168 -0.9762
vn 0.0220 0.4210 -0.9068
vn 0.5725 -0.7895 0.2213
vn -0.5725 0.7895 0.2213
vn 0.1900 0.1176 0.9747
vn 0.1664 0.1132 0.9795
vn 0.3324 0.2698 0.9037
vn 0.3528 0.2367 0.9053
vn -0.1699 -0.1445 0.9748
vn -0.1349 -0.2326 0.9632
vn -0.3304 -0.2609 0.9071
vn -0.2810 -0.3488 0.8941
vn -0.1792 -0.1112 -0.9775
vn -0.1904 -0.1514 -0.9700
vn -0.2910 -0.2924 -0.9109
vn -0.3515 -0.2378 -0.9055
vn 0.1619 0.1349 -0.9775
vn 0.1139 0.1710 -0.9787
vn 0.3333 0.2562 -0.9073
vn 0.2749 0.3715 -0.8868
vn -0.0040 0.0725 0.9974
vn -0.0162 0.3205 0.9471
vn 0.0077 -0.3358 0.9419
vn 0.0161 -0.4711 0.8819
vn 0.0118 -0.2117 -0.9773
vn 0.0128 -0.3356 -0.9419
vn -0.0043 0.1742 -0.9847
vn -0.0111 0.4609 -0.8874
vn -0.1713 0.1108 0.9790
vn -0.3326 0.2597 0.9066
vn 0.1457 -0.2207 0.9644
vn 0.3002 -0.3405 0.8910
vn 0.1886 -0.1424 -0.9717
vn 0.3010 -0.2793 -0.9118
vn -0.1281 0.1706 -0.9770
vn -0.2962 0.3581 -0.8855
vn -0.1376 0.1823 0.9736
vn -0.2908 0.3010 0.9082
vn 0.1937 -0.1268 0.9728
vn 0.3621 -0.2758 0.8904
vn 0.1253 -0.1497 -0.9808
vn 0.2889 -0.3105 -0.9056
vn -0.2051 0.1530 -0.9667
vn -0.3385 0.2923 -0.8944
vn -0.0273 0.3026 0.9527
vn -0.0571 0.4292 0.9014
vn 0.0195 -0.0951 0.9953
vn 0.0723 -0.3515 0.9334
vn 0.0140 -0.1551 -0.9878
vn 0.0417 -0.4246 -0.9044
vn -0.0516 0.2335 -0.9710
vn -0.0551 0.3669 -0.9286
vn 0.1060 0.2293 0.9676
vn 0.2340 0.3427 0.9098
vn -0.1605 -0.1323 0.9781
vn -0.3333 -0.3045 0.8923
vn -0.0808 -0.1568 -0.9843
vn -0.2222 -0.3663 -0.9036
vn 0.1989 0.1800 -0.9634
vn 0.2780 0.3325 -0.9012
vn 0.1703 0.1148 0.9787
vn 0.3296 0.2497 0.9105
vn -0.1750 -0.1745 0.9690
vn -0.3446 -0.3062 0.8874
vn -0.1754 -0.1292 -0.9760
vn -0.3214 -0.2551 -0.9119
vn 0.1709 0.1604 -0.9721
vn 0.3440 0.3080 -0.8870
vn 0.0499 0.0907 0.9946
vn 0.1569 0.3105 0.9375
vn -0.0658 -0.3213 0.9447
vn -0.1438 -0.4513 0.8807
vn -0.1039 -0.1944 -0.9754
vn -0.1201 -0.3276 -0.9372
vn 0.0423 0.1808 -0.9826
vn 0.1092 0.4642 -0.8790
vn -0.0982 0.1065 0.9894
vn -0.2462 0.2963 0.9228
vn 0.0973 -0.2930 0.9511
vn 0.2111 -0.4136 0.8857
vn 0.1519 -0.1770 -0.9724
vn 0.1936 -0.3186 -0.9279
vn -0.0697 0.1810 -0.9810
vn -0.1828 0.4428 -0.8778
vn -0.1632 0.1319 0.9777
vn -0.3241 0.2619 0.9090
vn 0.1841 -0.1488 0.9716
vn 0.3536 -0.2858 0.8907
vn 0.1644 -0.1339 -0.9773
vn 0.3220 -0.2623 -0.9097
vn -0.1855 0.1511 -0.9710
vn -0.3513 0.2861 -0.8915
vn -0.0848 0.2637 0.9609
vn -0.1889 0.3807 0.9052
vn 0.1083 -0.1259 0.9861
vn 0.2674 -0.3244 0.9073
vn 0.0564 -0.1606 -0.9854
vn 0.1651 -0.4046 -0.8995
vn -0.1666 0.1992 -0.9657
vn -0.2069 0.3496 -0.9138
vn 0.0584 0.2903 0.9551
vn 0.1283 0.4142 0.9011
vn -0.0556 -0.1097 0.9924
vn -0.1715 -0.3408 0.9243
vn -0.0338 -0.1597 -0.9866
vn -0.1001 -0.4244 -0.8999
vn 0.1140 0.2183 -0.9692
vn 0.1284 0.3594 -0.9243
vn 0.1538 0.1563 0.9757
vn 0.3141 0.2813 0.9067
vn -0.1903 -0.1313 0.9729
vn -0.3578 -0.2730 0.8930
vn -0.1493 -0.1430 -0.9784
vn -0.3135 -0.2833 -0.9064
vn 0.1956 0.1466 -0.9697
vn 0.3487 0.2792 -0.8947
vn 0.1459 0.1133 0.9828
vn 0.3080 0.2782 0.9098
vn -0.1229 -0.2549 0.9591
vn -0.2601 -0.3715 0.8913
vn -0.1812 -0.1593 -0.9705
vn -0.2594 -0.3029 -0.9171
vn 0.0978 0.1758 -0.9796
vn 0.2470 0.3994 -0.8829
vn -0.0171 0.0764 0.9969
vn -0.0657 0.3189 0.9455
vn 0.0302 -0.3334 0.9423
vn 0.0640 -0.4683 0.8812
vn 0.0469 -0.2081 -0.9770
vn 0.0513 -0.3340 -0.9412
vn -0.0175 0.1759 -0.9843
vn -0.0449 0.4627 -0.8854
vn -0.1749 0.1096 0.9785
vn -0.3347 0.2520 0.9080
vn 0.1583 -0.2026 0.9664
vn 0.3206 -0.3267 0.8891
vn 0.1856 -0.1348 -0.9733
vn 0.3135 -0.2664 -0.9114
vn -0.1460 0.1674 -0.9750
vn -0.3189 0.3373 -0.8857
vn -0.1259 0.1986 0.9720
vn -0.2715 0.3141 0.9097
vn 0.1890 -0.1287 0.9735
vn 0.3595 -0.2842 0.8888
vn 0.1084 -0.1526 -0.9823
vn 0.2674 -0.3295 -0.9055
vn -0.2076 0.1615 -0.9648
vn -0.3240 0.3067 -0.8949
vn -0.0070 0.3052 0.9523
vn -0.0143 0.4317 0.9019
vn 0.0046 -0.0911 0.9958
vn 0.0178 -0.3537 0.9352
vn 0.0034 -0.1536 -0.9881
vn 0.0104 -0.4235 -0.9059
vn -0.0130 0.2375 -0.9713
vn -0.0137 0.3689 -0.9294
vn 0.1163 0.2093 0.9709
vn 0.2538 0.3220 0.9121
vn -0.1834 -0.1318 0.9742
vn -0.3596 -0.2955 0.8851
vn -0.0954 -0.1528 -0.9836
vn -0.2477 -0.3415 -0.9066
vn 0.2095 0.1715 -0.9627
vn 0.3129 0.3211 -0.8939
vn 0.1490 0.1293 0.9803
vn 0.3020 0.2404 0.9225
vn -0.2134 -0.1346 0.9676
vn -0.3850 -0.2602 0.8855
vn -0.1425 -0.1211 -0.9824
vn -0.3048 -0.2361 -0.9227
vn 0.2006 0.1269 -0.9714
vn 0.3834 0.2616 -0.8858
vn -0.0000 -0.0000 -1.0000
vn 0.2848 0.2094 -0.9354
vn 0.3375 -0.0000 -0.9413
vn 0.1573 0.3471 -0.9245
vn -0.0000 0.3931 -0.9195
vn -0.1573 0.3471 -0.9245
vn -0.2848 0.2094 -0.9354
vn -0.3375 -0.0000 -0.9413
vn -0.2848 -0.2094 -0.9354
vn -0.1573 -0.3471 -0.9245
vn -0.0000 -0.3931 -0.9195
vn 0.1573 -0.3471 -0.9245
vn 0.2848 -0.2094 -0.9354
vn 0.5117 0.3653 -0.7776
vn 0.6080 -0.0000 -0.7940
vn 0.2810 0.6020 -0.7474
vn -0.0000 0.6799 -0.7334
vn -0.2810 0.6020 -0.7474
vn -0.5117 0.3653 -0.7776
vn -0.6080 -0.0000 -0.7940
vn -0.5117 -0.3653 -0.7776
vn -0.2810 -0.6020 -0.7474
vn -0.0000 -0.6799 -0.7334
vn 0.2810 -0.6020 -0.7474
vn 0.5117 -0.3653 -0.7776
vn 0.6825 0.4787 -0.5523
vn 0.8195 -0.0000 -0.5731
vn 0.3671 0.7746 -0.5149
vn -0.0000 0.8671 -0.4981
vn -0.3671 0.7746 -0.5149
vn -0.6825 0.4787 -0.5523
vn -0.8195 -0.0000 -0.5731
vn -0.6825 -0.4787 -0.5523
vn -0.3671 -0.7747 -0.5149
vn -0.0000 -0.8671 -0.4981
vn 0.3671 -0.7747 -0.5149
vn 0.6825 -0.4787 -0.5523
vn 0.7873 0.5464 -0.2857
vn 0.9539 -0.0000 -0.3001
vn 0.4160 0.8712 -0.2605
vn -0.0000 0.9684 -0.2496
vn -0.4160 0.8712 -0.2605
vn -0.7873 0.5464 -0.2857
vn -0.9539 -0.0000 -0.3001
vn -0.7873 -0.5464 -0.2857
vn -0.4160 -0.8712 -0.2605
vn -0.0000 -0.9684 -0.2496
vn 0.4160 -0.8712 -0.2605
vn 0.7873 -0.5464 -0.2857
vn 0.8190 0.5692 -0.0729
vn 0.9970 -0.0000 -0.0772
vn 0.4292 0.9008 -0.0655
vn -0.0000 0.9980 -0.0625
vn -0.4292 0.9008 -0.0655
vn -0.8190 0.5692 -0.0729
vn -0.9970 -0.0000 -0.0772
vn -0.8190 -0.5692 -0.0729
vn -0.4292 -0.9008 -0.0655
vn -0.0000 -0.9980 -0.0625
vn 0.4292 -0.9008 -0.0655
vn 0.8190 -0.5692 -0.0729
vn 0.8190 0.5692 0.0729
vn 0.9970 -0.0000 0.0772
vn 0.4292 0.9008 0.0655
vn -0.0000 0.9980 0.0625
vn -0.4292 0.9008 0.0655
vn -0.8190 0.5692 0.0729
vn -0.9970 -0.0000 0.0772
vn -0.8190 -0.5692 0.0729
vn -0.4292 -0.9008 0.0655
vn -0.0000 -0.9980 0.0625
vn 0.4292 -0.9008 0.0655
vn 0.8190 -0.5692 0.0729
vn 0.7873 0.5464 0.2857
vn 0.9539 -0.0000 0.3001
vn 0.4160 0.8712 0.2605
vn -0.0000 0.9684 0.2496
vn -0.4160 0.8712 0.2605
vn -0.7873 0.5464 0.2857
vn -0.9539 -0.0000 0.3001
vn -0.7873 -0.5464 0.2857
vn -0.4160 -0.8712 0.2605
vn -0.0000 -0.9684 0.2496
vn 0.4160 -0.8712 0.2605
vn 0.7873 -0.5464 0.2857
vn 0.6825 0.4787 0.5523
vn 0.8195 -0.0000 0.5731
vn 0.3671 0.7746 0.5149
vn -0.0000 0.8671 0.4981
vn -0.3671 0.7746 0.5149
vn -0.6825 0.4787 0.5523
vn -0.8195 -0.0000 0.5731
vn -0.6825 -0.4787 0.5523
vn -0.3671 -0.7747 0.5149
vn -0.0000 -0.8671 0.4981
vn 0.3671 -0.7747 0.5149
vn 0.6825 -0.4787 0.5523
vn 0.5117 0.3653 0.7776
vn 0.6080 -0.0000 0.7940
vn 0.2810 0.6020 0.7474
vn -0.0000 0.6798 0.7334
vn -0.2810 0.6020 0.7474
vn -0.5117 0.3653 0.7776
vn -0.6080 -0.0000 0.7940
vn -0.5117 -0.3653 0.7776
vn -0.2810 -0.6020 0.7474
vn -0.0000 -0.6798 0.7334
vn 0.2810 -0.6020 0.7474
vn 0.5117 -0.3653 0.7776
vn 0.2848 0.2094 0.9354
vn 0.3375 -0.0000 0.9413
vn 0.1573 0.3471 0.9245
vn -0.0000 0.3931 0.9195
vn -0.1573 0.3471 0.9245
vn -0.2848 0.2094 0.9354
vn -0.3375 -0.0000 0.9413
vn -0.2848 -0.2094 0.9354
vn -0.1573 -0.3471 0.9245
vn -0.0000 -0.3931 0.9195
vn 0.1573 -0.3471 0.9245
vn 0.2848 -0.2094 0.9354
vn -0.0000 -0.0000 1.0000
vn 0.5000 -0.0000 -0.8660
vn 0.8660 -0.0000 -0.5000
vn 0.8660 -0.0000 0.5000
vn 0.5000 -0.0000 0.8660
vn -0.5000 -0.0000 0.8660
vn -0.8660 -0.0000 0.5000
vn -0.8660 -0.0000 -0.5000
vn -0.0000 1.0000 -0.0000
vn -0.5000 -0.0000 -0.8660
vn -0.0000 -1.0000 -0.0000
vn 0.3072 -0.9464 -0.0998
vn 0.3230 -0.9464 -0.0000
vn 0.2613 -0.9464 -0.1899
vn 0.1899 -0.9464 -0.2613
vn 0.0998 -0.9464 -0.3072
vn -0.0000 -0.9464 -0.3230
vn -0.0998 -0.9464 -0.3072
vn -0.1899 -0.9464 -0.2613
vn -0.2613 -0.9464 -0.1899
vn -0.3072 -0.9464 -0.0998
vn -0.3230 -0.9464 -0.0000
vn -0.3072 -0.9464 0.0998
vn -0.2613 -0.9464 0.1899
vn -0.1899 -0.9464 0.2613
vn -0.0998 -0.9464 0.3072
vn -0.0000 -0.9464 0.3230
vn 0.0998 -0.9464 0.3072
vn 0.1899 -0.9464 0.2613
vn 0.2613 -0.9464 0.1899
vn 0.3072 -0.9464 0.0998
vn 0.5686 -0.8016 -0.1847
vn 0.5978 -0.8016 -0.0000
vn 0.4836 -0.8016 -0.3514
vn 0.3514 -0.8016 -0.4836
vn 0.1847 -0.8016 -0.5686
vn -0.0000 -0.8016 -0.5978
vn -0.1847 -0.8016 -0.5686
vn -0.3514 -0.8016 -0.4836
vn -0.4836 -0.8016 -0.3514
vn -0.5686 -0.8016 -0.1847
vn -0.5978 -0.8016 -0.0000
vn -0.5686 -0.8016 0.1847
vn -0.4836 -0.8016 0.3514
vn -0.3514 -0.8016 0.4836
vn -0.1847 -0.8016 0.5686
vn -0.0000 -0.8016 0.5978
vn 0.1847 -0.8016 0.5686
vn 0.3514 -0.8016 0.4836
vn 0.4836 -0.8016 0.3514
vn 0.5686 -0.8016 0.1847
vn 0.7744 -0.5805 -0.2516
vn 0.8143 -0.5805 -0.0000
vn 0.6588 -0.5805 -0.4786
vn 0.4786 -0.5805 -0.6588
vn 0.2516 -0.5805 -0.7744
vn -0.0000 -0.5805 -0.8143
vn -0.2516 -0.5805 -0.7744
vn -0.4786 -0.5805 -0.6588
vn -0.6588 -0.5805 -0.4786
vn -0.7744 -0.5805 -0.2516
vn -0.8143 -0.5805 -0.0000
vn -0.7744 -0.5805 0.2516
vn -0.6588 -0.5805 0.4786
vn -0.4786 -0.5805 0.6588
vn -0.2516 -0.5805 0.7744
vn -0.0000 -0.5805 0.8143
vn 0.2516 -0.5805 0.7744
vn 0.4786 -0.5805 0.6588
vn 0.6588 -0.5805 0.4786
vn 0.7744 -0.5805 0.2516
vn 0.9059 -0.3045 -0.2943
vn 0.9525 -0.3045 -0.0000
vn 0.7706 -0.3045 -0.5599
vn 0.5599 -0.3045 -0.7706
vn 0.2943 -0.3045 -0.9059
vn -0.0000 -0.3045 -0.9525
vn -0.2943 -0.3045 -0.9059
vn -0.5599 -0.3045 -0.7706
vn -0.7706 -0.3045 -0.5599
vn -0.9059 -0.3045 -0.2943
vn -0.9525 -0.3045 -0.0000
vn -0.9059 -0.3045 0.2943
vn -0.7706 -0.3045 0.5599
vn -0.5599 -0.3045 0.7706
vn -0.2943 -0.3045 0.9059
vn -0.0000 -0.3045 0.9525
vn 0.2943 -0.3045 0.9059
vn 0.5599 -0.3045 0.7706
vn 0.7706 -0.3045 0.5599
vn 0.9059 -0.3045 0.2943
vn 0.9482 -0.0779 -0.3081
vn 0.9970 -0.0779 -0.0000
vn 0.8066 -0.0779 -0.5860
vn 0.5860 -0.0779 -0.8066
vn 0.3081 -0.0779 -0.9482
vn -0.0000 -0.0779 -0.9970
vn -0.3081 -0.0779 -0.9482
vn -0.5860 -0.0779 -0.8066
vn -0.8066 -0.0779 -0.5860
vn -0.9482 -0.0779 -0.3081
vn -0.9970 -0.0779 -0.0000
vn -0.9482 -0.0779 0.3081
vn -0.8066 -0.0779 0.5860
vn -0.5860 -0.0779 0.8066
vn -0.3081 -0.0779 0.9482
vn -0.0000 -0.0779 0.9970
vn 0.3081 -0.0779 0.9482
vn 0.5860 -0.0779 0.8066
vn 0.8066 -0.0779 0.5860
vn 0.9482 -0.0779 0.3081
vn 0.9482 0.0779 -0.3081
vn 0.9970 0.0779 -0.0000
vn 0.8066 0.0779 -0.5860
vn 0.5860 0.0779 -0.8066
vn 0.3081 0.0779 -0.9482
vn -0.0000 0.0779 -0.9970
vn -0.3081 0.0779 -0.9482
vn -0.5860 0.0779 -0.8066
vn -0.8066 0.0779 -0.5860
vn -0.9482 0.0779 -0.3081
vn -0.9970 0.0779 -0.0000
vn -0.9482 0.0779 0.3081
vn -0.8066 0.0779 0.5860
vn -0.5860 0.0779 0.8066
vn -0.3081 0.0779 0.9482
vn -0.0000 0.0779 0.9970
vn 0.3081 0.0779 0.9482
vn 0.5860 0.0779 0.8066
vn 0.8066 0.0779 0.5860
vn 0.9482 0.0779 0.3081
vn 0.9059 0.3045 -0.2943
vn 0.9525 0.3045 -0.0000
vn 0.7706 0.3045 -0.5599
vn 0.5599 0.3045 -0.7706
vn 0.2943 0.3045 -0.9059
vn -0.0000 0.3045 -0.9525
vn -0.2943 0.3045 -0.9059
vn -0.5599 0.3045 -0.7706
vn -0.7706 0.3045 -0.5599
vn -0.9059 0.3045 -0.2943
vn -0.9525 0.3045 -0.0000
vn -0.9059 0.3045 0.2943
vn -0.7706 0.3045 0.5599
vn -0.5599 0.3045 0.7706
vn -0.2943 0.3045 0.9059
vn -0.0000 0.3045 0.9525
vn 0.2943 0.3045 0.9059
vn 0.5599 0.3045 0.7706
vn 0.7706 0.3045 0.5599
vn 0.9059 0.3045 0.2943
vn 0.7744 0.5805 -0.2516
vn 0.8143 0.5805 -0.0000
vn 0.6588 0.5805 -0.4786
vn 0.4786 0.5805 -0.6588
vn 0.2516 0.5805 -0.7744
vn -0.0000 0.5805 -0.8143
vn -0.2516 0.5805 -0.7744
vn -0.4786 0.5805 -0.6588
vn -0.6588 0.5805 -0.4786
vn -0.7744 0.5805 -0.2516
vn -0.8143 0.5805 -0.0000
vn -0.7744 0.5805 0.2516
vn -0.6588 0.5805 0.4786
vn -0.4786 0.5805 0.6588
vn -0.2516 0.5805 0.7744
vn -0.0000 0.5805 0.8143
vn 0.2516 0.5805 0.7744
vn 0.4786 0.5805 0.6588
vn 0.6588 0.5805 0.4786
vn 0.7744 0.5805 0.2516
vn 0.5686 0.8016 -0.1847
vn 0.5978 0.8016 -0.0000
vn 0.4836 0.8016 -0.3514
vn 0.3514 0.8016 -0.4836
vn 0.1847 0.8016 -0.5686
vn -0.0000 0.8016 -0.5978
vn -0.1847 0.8016 -0.5686
vn -0.3514 0.8016 -0.4836
vn -0.4836 0.8016 -0.3514
vn -0.5686 0.8016 -0.1847
vn -0.5978 0.8016 -0.0000
vn -0.5686 0.8016 0.1847
vn -0.4836 0.8016 0.3514
vn -0.3514 0.8016 0.4836
vn -0.1847 0.8016 0.5686
vn -0.0000 0.8016 0.5978
vn 0.1847 0.8016 0.5686
vn 0.3514 0.8016 0.4836
vn 0.4836 0.8016 0.3514
vn 0.5686 0.8016 0.1847
vn 0.3072 0.9464 -0.0998
vn 0.3230 0.9464 -0.0000
vn 0.2613 0.9464 -0.1899
vn 0.1899 0.9464 -0.2613
vn 0.0998 0.9464 -0.3072
vn -0.0000 0.9464 -0.3230
vn -0.0998 0.9464 -0.3072
vn -0.1899 0.9464 -0.2613
vn -0.2613 0.9464 -0.1899
vn -0.3072 0.9464 -0.0998
vn -0.3230 0.9464 -0.0000
vn -0.3072 0.9464 0.0998
vn -0.2613 0.9464 0.1899
vn -0.1899 0.9464 0.2613
vn -0.0998 0.9464 0.3072
vn -0.0000 0.9464 0.3230
vn 0.0998 0.9464 0.3072
vn 0.1899 0.9464 0.2613
vn 0.2613 0.9464 0.1899
vn 0.3072 0.9464 0.0998
vn 0.3011 -0.9490 -0.0937
vn 0.3226 -0.9466 -0.0000
vn 0.2368 -0.9551 -0.1780
vn 0.1323 -0.9617 -0.2400
vn -0.0000 -0.9646 -0.2637
vn -0.1323 -0.9617 -0.2400
vn -0.2368 -0.9551 -0.1780
vn -0.3011 -0.9490 -0.0937
vn -0.3226 -0.9466 -0.0000
vn -0.3011 -0.9490 0.0937
vn -0.2368 -0.9551 0.1780
vn -0.1323 -0.9617 0.2400
vn -0.0000 -0.9646 0.2637
vn 0.1323 -0.9617 0.2400
vn 0.2368 -0.9551 0.1780
vn 0.3011 -0.9490 0.0937
vn 0.5591 -0.8097 -0.1783
vn 0.5975 -0.8019 -0.0000
vn 0.4425 -0.8297 -0.3404
vn 0.2489 -0.8513 -0.4620
vn -0.0000 -0.8608 -0.5089
vn -0.2489 -0.8513 -0.4620
vn -0.4425 -0.8297 -0.3404
vn -0.5591 -0.8097 -0.1783
vn -0.5975 -0.8019 -0.0000
vn -0.5591 -0.8097 0.1783
vn -0.4425 -0.8297 0.3404
vn -0.2489 -0.8513 0.4620
vn -0.0000 -0.8608 0.5089
vn 0.2489 -0.8513 0.4620
vn 0.4425 -0.8297 0.3404
vn 0.5591 -0.8097 0.1783
vn 0.7669 -0.5918 -0.2480
vn 0.8141 -0.5807 -0.0000
vn 0.6177 -0.6210 -0.4825
vn 0.3542 -0.6539 -0.6685
vn -0.0000 -0.6688 -0.7434
vn -0.3542 -0.6539 -0.6685
vn -0.6177 -0.6210 -0.4825
vn -0.7669 -0.5918 -0.2480
vn -0.8141 -0.5807 -0.0000
vn -0.7669 -0.5918 0.2480
vn -0.6177 -0.6210 0.4825
vn -0.3542 -0.6539 0.6685
vn -0.0000 -0.6688 0.7434
vn 0.3542 -0.6539 0.6685
vn 0.6177 -0.6210 0.4825
vn 0.7669 -0.5918 0.2480
vn 0.9029 -0.3129 -0.2946
vn 0.9525 -0.3047 -0.0000
vn 0.7394 -0.3352 -0.5839
vn 0.4319 -0.3614 -0.8263
vn -0.0000 -0.3736 -0.9276
vn -0.4319 -0.3614 -0.8263
vn -0.7394 -0.3352 -0.5839
vn -0.9029 -0.3129 -0.2946
vn -0.9525 -0.3047 -0.0000
vn -0.9029 -0.3129 0.2946
vn -0.7394 -0.3352 0.5839
vn -0.4319 -0.3614 0.8263
vn -0.0000 -0.3736 0.9276
vn 0.4319 -0.3614 0.8263
vn 0.7394 -0.3352 0.5839
vn 0.9029 -0.3129 0.2946
vn 0.9478 -0.0803 -0.3086
vn 0.7822 -0.0872 -0.6169
vn 0.4612 -0.0956 -0.8821
vn -0.0000 -0.0998 -0.9950
vn -0.4612 -0.0956 -0.8821
vn -0.7822 -0.0872 -0.6169
vn -0.9478 -0.0803 -0.3086
vn -0.9478 -0.0803 0.3086
vn -0.7822 -0.0872 0.6169
vn -0.4612 -0.0956 0.8821
vn -0.0000 -0.0998 0.9950
vn 0.4612 -0.0956 0.8821
vn 0.7822 -0.0872 0.6169
vn 0.9478 -0.0803 0.3086
vn 0.9478 0.0803 -0.3086
vn 0.7822 0.0872 -0.6169
vn 0.4612 0.0956 -0.8821
vn -0.0000 0.0998 -0.9950
vn -0.4612 0.0956 -0.8821
vn -0.7822 0.0872 -0.6169
vn -0.9478 0.0803 -0.3086
vn -0.9478 0.0803 0.3086
vn -0.7822 0.0872 0.6169
vn -0.4612 0.0956 0.8821
vn -0.0000 0.0998 0.9950
vn 0.4612 0.0956 0.8821
vn 0.7822 0.0872 0.6169
vn 0.9478 0.0803 0.3086
vn 0.9029 0.3129 -0.2946
vn 0.9525 0.3047 -0.0000
vn 0.7394 0.3352 -0.5839
vn 0.4319 0.3614 -0.8263
vn -0.0000 0.3736 -0.9276
vn -0.4319 0.3614 -0.8263
vn -0.7394 0.3352 -0.5839
vn -0.9029 0.3129 -0.2946
vn -0.9525 0.3047 -0.0000
vn -0.9029 0.3129 0.2946
vn -0.7394 0.3352 0.5839
vn -0.4319 0.3614 0.8263
vn -0.0000 0.3736 0.9276
vn 0.4319 0.3614 0.8263
vn 0.7394 0.3352 0.5839
vn 0.9029 0.3129 0.2946
vn 0.7669 0.5918 -0.2480
vn 0.8141 0.5807 -0.0000
vn 0.6177 0.6210 -0.4825
vn 0.3542 0.6539 -0.6685
vn -0.0000 0.6688 -0.7434
vn -0.3542 0.6539 -0.6685
vn -0.6177 0.6210 -0.4825
vn -0.7669 0.5918 -0.2480
vn -0.8141 0.5807 -0.0000
vn -0.7669 0.5918 0.2480
vn -0.6177 0.6210 0.4825
vn -0.3542 0.6539 0.6685
vn -0.0000 0.6688 0.7434
vn 0.3542 0.6539 0.6685
vn 0.6177 0.6210 0.4825
vn 0.7669 0.5918 0.2480
vn 0.5591 0.8097 -0.1783
vn 0.5975 0.8019 -0.0000
vn 0.4425 0.8297 -0.3404
vn 0.2489 0.8513 -0.4620
vn -0.0000 0.8608 -0.5089
vn -0.2489 0.8513 -0.4620
vn -0.4425 0.8297 -0.3404
vn -0.5591 0.8097 -0.1783
vn -0.5975 0.8019 -0.0000
vn -0.5591 0.8097 0.1783
vn -0.4425 0.8297 0.3404
vn -0.2489 0.8513 0.4620
vn -0.0000 0.8608 0.5089
vn 0.2489 0.8513 0.4620
vn 0.4425 0.8297 0.3404
vn 0.5591 0.8097 0.1783
vn 0.3011 0.9490 -0.0937
vn 0.3226 0.9465 -0.0000
vn 0.2368 0.9551 -0.1780
vn 0.1323 0.9617 -0.2400
vn -0.0000 0.9646 -0.2637
vn -0.1323 0.9617 -0.2400
vn -0.2368 0.9551 -0.1780
vn -0.3011 0.9490 -0.0937
vn -0.3226 0.9465 -0.0000
vn -0.3011 0.9490 0.0937
vn -0.2368 0.9551 0.1780
vn -0.1323 0.9617 0.2400
vn -0.0000 0.9646 0.2637
vn 0.1323 0.9617 0.2400
vn 0.2368 0.9551 0.1780
vn 0.3011 0.9490 0.0937
vn -0.9071 -0.3949 -0.1455
vn -0.9021 -0.4315 -0.0000
vn -0.9191 -0.2845 -0.2728
vn -0.9296 -0.1055 -0.3533
vn -0.9296 0.1055 -0.3533
vn -0.9191 0.2845 -0.2728
vn -0.9071 0.3949 -0.1455
vn -0.9021 0.4315 -0.0000
vn -0.9071 0.3949 0.1455
vn -0.9191 0.2845 0.2728
vn -0.9296 0.1055 0.3533
vn -0.9296 -0.1055 0.3533
vn -0.9191 -0.2845 0.2728
vn -0.9071 -0.3949 0.1455
vn -0.7041 -0.6641 -0.2516
vn -0.6915 -0.7224 -0.0000
vn -0.7345 -0.4831 -0.4765
vn -0.7616 -0.1805 -0.6224
vn -0.7616 0.1805 -0.6224
vn -0.7345 0.4831 -0.4765
vn -0.7041 0.6641 -0.2516
vn -0.6915 0.7224 -0.0000
vn -0.7041 0.6641 0.2516
vn -0.7345 0.4831 0.4765
vn -0.7616 0.1805 0.6224
vn -0.7616 -0.1805 0.6224
vn -0.7345 -0.4831 0.4765
vn -0.7041 -0.6641 0.2516
vn -0.4664 -0.8260 -0.3165
vn -0.4529 -0.8916 -0.0000
vn -0.5005 -0.6121 -0.6123
vn -0.5321 -0.2323 -0.8142
vn -0.5321 0.2323 -0.8142
vn -0.5005 0.6121 -0.6123
vn -0.4664 0.8260 -0.3165
vn -0.4529 0.8916 -0.0000
vn -0.4664 0.8260 0.3165
vn -0.5005 0.6121 0.6123
vn -0.5321 0.2323 0.8142
vn -0.5321 -0.2323 0.8142
vn -0.5005 -0.6121 0.6123
vn -0.4664 -0.8260 0.3165
vn -0.2300 -0.9082 -0.3497
vn -0.2218 -0.9751 -0.0000
vn -0.2513 -0.6820 -0.6868
vn -0.2719 -0.2618 -0.9260
vn -0.2719 0.2618 -0.9260
vn -0.2513 0.6820 -0.6868
vn -0.2300 0.9082 -0.3497
vn -0.2218 0.9751 -0.0000
vn -0.2300 0.9082 0.3497
vn -0.2513 0.6820 0.6868
vn -0.2719 0.2618 0.9260
vn -0.2719 -0.2618 0.9260
vn -0.2513 -0.6820 0.6868
vn -0.2300 -0.9082 0.3497
vn -0.0570 -0.9320 -0.3580
vn -0.0548 -0.9985 -0.0000
vn -0.0629 -0.7040 -0.7074
vn -0.0689 -0.2719 -0.9599
vn -0.0689 0.2719 -0.9599
vn -0.0629 0.7040 -0.7074
vn -0.0570 0.9320 -0.3580
vn -0.0548 0.9985 -0.0000
vn -0.0570 0.9320 0.3580
vn -0.0629 0.7040 0.7074
vn -0.0689 0.2719 0.9599
vn -0.0689 -0.2719 0.9599
vn -0.0629 -0.7040 0.7074
vn -0.0570 -0.9320 0.3580
vn 0.0570 -0.9320 -0.3580
vn 0.0548 -0.9985 -0.0000
vn 0.0629 -0.7040 -0.7074
vn 0.0689 -0.2719 -0.9599
vn 0.0689 0.2719 -0.9599
vn 0.0629 0.7040 -0.7074
vn 0.0570 0.9320 -0.3580
vn 0.0548 0.9985 -0.0000
vn 0.0570 0.9320 0.3580
vn 0.0629 0.7040 0.7074
vn 0.0689 0.2719 0.9599
vn 0.0689 -0.2719 0.9599
vn 0.0629 -0.7040 0.7074
vn 0.0570 -0.9320 0.3580
vn 0.2300 -0.9082 -0.3497
vn 0.2218 -0.9751 -0.0000
vn 0.2513 -0.6820 -0.6868
vn 0.2719 -0.2618 -0.9260
vn 0.2719 0.2618 -0.9260
vn 0.2513 0.6820 -0.6868
vn 0.2300 0.9082 -0.3497
vn 0.2218 0.9751 -0.0000
vn 0.2300 0.9082 0.3497
vn 0.2513 0.6820 0.6868
vn 0.2719 0.2618 0.9260
vn 0.2719 -0.2618 0.9260
vn 0.2513 -0.6820 0.6868
vn 0.2300 -0.9082 0.3497
vn 0.4664 -0.8260 -0.3165
vn 0.4529 -0.8916 -0.0000
vn 0.5004 -0.6121 -0.6123
vn 0.5321 -0.2323 -0.8142
vn 0.5321 0.2323 -0.8142
vn 0.5005 0.6121 -0.6123
vn 0.4664 0.8260 -0.3165
vn 0.4529 0.8916 -0.0000
vn 0.4664 0.8260 0.3165
vn 0.5004 0.6121 0.6123
vn 0.5321 0.2323 0.8142
vn 0.5321 -0.2323 0.8142
vn 0.5005 -0.6121 0.6123
vn 0.4664 -0.8260 0.3165
vn 0.7041 -0.6641 -0.2516
vn 0.6915 -0.7224 -0.0000
vn 0.7345 -0.4831 -0.4765
vn 0.7616 -0.1805 -0.6224
vn 0.7616 0.1805 -0.6224
vn 0.7345 0.4831 -0.4765
vn 0.7041 0.6641 -0.2516
vn 0.6915 0.7224 -0.0000
vn 0.7041 0.6641 0.2516
vn 0.7345 0.4831 0.4765
vn 0.7616 0.1805 0.6224
vn 0.7616 -0.1805 0.6224
vn 0.7345 -0.4831 0.4765
vn 0.7041 -0.6641 0.2516
vn 0.9071 -0.3949 -0.1455
vn 0.9021 -0.4315 -0.0000
vn 0.9191 -0.2845 -0.2728
vn 0.9296 -0.1055 -0.3533
vn 0.9296 0.1055 -0.3533
vn 0.9191 0.2845 -0.2728
vn 0.9071 0.3949 -0.1455
vn 0.9021 0.4315 -0.0000
vn 0.9071 0.3949 0.1455
vn 0.9191 0.2845 0.2728
vn 0.9296 0.1055 0.3533
vn 0.9296 -0.1055 0.3533
vn 0.9191 -0.2845 0.2728
vn 0.9071 -0.3949 0.1455
vn -0.0000 0.6943 -0.7197
vn 0.1496 0.7190 -0.6787
vn -0.0000 -0.6943 -0.7197
vn 0.1496 -0.7190 -0.6787
vn -0.0000 -0.3543 -0.9351
vn -0.0000 -0.1524 -0.9883
vn 0.2224 -0.1665 -0.9606
vn 0.2080 -0.3827 -0.9002
vn -0.0000 0.1524 -0.9883
vn 0.2224 0.1665 -0.9606
vn 0.2255 -0.0000 -0.9742
vn -0.0000 0.3543 -0.9351
vn 0.2080 0.3827 -0.9002
vn 0.5162 0.2161 -0.8287
vn 0.5298 -0.0000 -0.8481
vn 0.3081 0.7822 -0.5416
vn 0.4609 0.4715 -0.7518
vn 0.4609 -0.4715 -0.7518
vn 0.3081 -0.7822 -0.5416
vn 0.5162 -0.2161 -0.8287
vn 0.7405 -0.5847 -0.3314
vn 0.4690 -0.8514 -0.2348
vn 0.6827 -0.0000 -0.7307
vn 0.6650 -0.2263 -0.7117
vn 0.7405 0.5847 -0.3314
vn 0.6650 0.2263 -0.7117
vn 0.4690 0.8514 -0.2348
vn 0.9512 0.3087 -0.0000
vn 0.7405 0.5847 0.3314
vn 0.4690 0.8514 0.2348
vn 0.4690 -0.8514 0.2348
vn 0.9512 -0.3087 -0.0000
vn 0.7405 -0.5847 0.3314
vn 0.3081 -0.7822 0.5416
vn 0.6650 -0.2263 0.7117
vn 0.5162 -0.2161 0.8287
vn 0.4609 -0.4715 0.7518
vn 0.6827 -0.0000 0.7307
vn 0.6650 0.2263 0.7117
vn 0.5162 0.2161 0.8287
vn 0.5298 -0.0000 0.8481
vn 0.3081 0.7822 0.5416
vn 0.4609 0.4715 0.7518
vn 0.1496 0.7190 0.6787
vn 0.2080 0.3827 0.9002
vn 0.2080 -0.3827 0.9002
vn 0.1496 -0.7190 0.6787
vn 0.2255 -0.0000 0.9742
vn 0.2224 -0.1665 0.9606
vn 0.2224 0.1665 0.9606
vn -0.0000 -0.3543 0.9351
vn -0.0000 -0.6943 0.7197
vn -0.0000 -0.1524 0.9883
vn -0.0000 0.3543 0.9351
vn -0.0000 0.1524 0.9883
vn -0.0000 0.6943 0.7197
vn -0.1496 0.7190 0.6787
vn -0.1496 -0.7190 0.6787
vn -0.2224 -0.1665 0.9606
vn -0.2080 -0.3827 0.9002
vn -0.2224 0.1665 0.9606
vn -0.2255 -0.0000 0.9742
vn -0.2080 0.3827 0.9002
vn -0.5162 -0.2161 0.8287
vn -0.4609 -0.4715 0.7518
vn -0.5162 0.2161 0.8287
vn -0.5298 -0.0000 0.8481
vn -0.3081 0.7822 0.5416
vn -0.4609 0.4715 0.7518
vn -0.3081 -0.7822 0.5416
vn -0.7405 -0.5847 0.3314
vn -0.4690 -0.8514 0.2348
vn -0.6827 -0.0000 0.7307
vn -0.6650 -0.2263 0.7117
vn -0.7405 0.5847 0.3314
vn -0.6650 0.2263 0.7117
vn -0.4690 0.8514 0.2348
vn -0.9512 -0.3087 -0.0000
vn -0.9512 0.3087 -0.0000
vn -0.7405 0.5847 -0.3314
vn -0.4690 0.8514 -0.2348
vn -0.4690 -0.8514 -0.2348
vn -0.7405 -0.5847 -0.3314
vn -0.3081 -0.7822 -0.5416
vn -0.6650 -0.2263 -0.7117
vn -0.5162 -0.2161 -0.8287
vn -0.4609 -0.4715 -0.7518
vn -0.6827 -0.0000 -0.7307
vn -0.6650 0.2263 -0.7117
vn -0.5162 0.2161 -0.8287
vn -0.5298 -0.0000 -0.8481
vn -0.3081 0.7822 -0.5416
vn -0.4609 0.4715 -0.7518
vn -0.2224 0.1665 -0.9606
vn -0.2255 -0.0000 -0.9742
vn -0.1496 0.7190 -0.6787
vn -0.2080 0.3827 -0.9002
vn -0.2080 -0.3827 -0.9002
vn -0.1496 -0.7190 -0.6787
vn -0.2224 -0.1665 -0.9606
vn -0.0000 0.5710 -0.8209
vn 0.2621 0.6278 -0.7329
vn -0.0000 -0.5710 -0.8209
vn 0.2621 -0.6278 -0.7329
vn -0.0000 -0.2090 -0.9779
vn 0.3531 -0.0000 -0.9356
vn 0.3412 -0.2507 -0.9059
vn -0.0000 0.2090 -0.9779
vn 0.3412 0.2507 -0.9059
vn 0.5714 -0.7376 -0.3597
vn 0.5266 -0.0000 -0.8501
vn 0.5101 -0.2478 -0.8236
vn 0.5714 0.7376 -0.3597
vn 0.5101 0.2478 -0.8236
vn 0.9194 -0.3934 -0.0000
vn 0.9194 0.3934 -0.0000
vn 0.5714 0.7376 0.3597
vn 0.5714 -0.7376 0.3597
vn 0.5101 0.2478 0.8236
vn 0.2621 0.6278 0.7329
vn 0.3412 0.2507 0.9059
vn 0.5101 -0.2478 0.8236
vn 0.3412 -0.2507 0.9059
vn 0.2621 -0.6278 0.7329
vn 0.5266 -0.0000 0.8501
vn 0.3531 -0.0000 0.9356
vn -0.0000 -0.2090 0.9779
vn -0.0000 -0.5710 0.8209
vn -0.0000 0.2090 0.9779
vn -0.0000 0.5710 0.8209
vn -0.3412 -0.2507 0.9059
vn -0.2621 -0.6278 0.7329
vn -0.3412 0.2507 0.9059
vn -0.3531 -0.0000 0.9356
vn -0.2621 0.6278 0.7329
vn -0.5101 -0.2478 0.8236
vn -0.5714 -0.7376 0.3597
vn -0.5101 0.2478 0.8236
vn -0.5266 -0.0000 0.8501
vn -0.5714 0.7376 0.3597
vn -0.9194 -0.3934 -0.0000
vn -0.5714 -0.7376 -0.3597
vn -0.9194 0.3934 -0.0000
vn -0.5714 0.7376 -0.3597
vn -0.5266 -0.0000 -0.8501
vn -0.5101 0.2478 -0.8236
vn -0.3412 0.2507 -0.9059
vn -0.3531 -0.0000 -0.9356
vn -0.2621 0.6278 -0.7329
vn -0.2621 -0.6278 -0.7329
vn -0.5101 -0.2478 -0.8236
vn -0.3412 -0.2507 -0.9059
vn -0.0000 0.9239 -0.3827
vn 0.3314 0.9239 -0.1913
vn -0.0000 -0.9239 -0.3827
vn 0.3314 -0.9239 -0.1913
vn 0.4706 0.3376 -0.8152
vn 0.4706 -0.3376 -0.8152
vn 0.3314 -0.9239 0.1913
vn 0.9413 0.3377 -0.0000
vn 0.9413 -0.3377 -0.0000
vn 0.3314 0.9239 0.1913
vn -0.0000 -0.9239 0.3827
vn 0.4706 0.3377 0.8152
vn 0.4706 -0.3377 0.8152
vn -0.0000 0.9239 0.3827
vn -0.3314 0.9239 0.1913
vn -0.3314 -0.9239 0.1913
vn -0.4706 0.3376 0.8152
vn -0.4706 -0.3376 0.8152
vn -0.9413 -0.3377 -0.0000
vn -0.3314 0.9239 -0.1913
vn -0.3314 -0.9239 -0.1913
vn -0.9413 0.3377 -0.0000
vn -0.4706 -0.3377 -0.8152
vn -0.4706 0.3376 -0.8152
vn -0.0000 0.6492 -0.7606
vn 0.2099 0.7015 -0.6810
vn -0.0000 -0.6492 -0.7606
vn -0.0000 -0.1925 -0.9813
vn 0.3208 -0.2347 -0.9176
vn 0.2099 -0.7015 -0.6810
vn -0.0000 0.1925 -0.9813
vn 0.3208 0.2347 -0.9176
vn 0.4773 -0.8064 -0.3492
vn 0.4726 0.1997 -0.8584
vn 0.4726 -0.1997 -0.8584
vn 0.4773 0.8064 -0.3492
vn 0.4773 -0.8064 0.3492
vn 0.4773 0.8064 0.3492
vn 0.7117 -0.7025 -0.0000
vn 0.7117 0.7025 -0.0000
vn 0.2099 -0.7015 0.6810
vn 0.4726 -0.1997 0.8584
vn 0.4726 0.1997 0.8584
vn 0.3208 0.2347 0.9176
vn 0.3208 -0.2347 0.9176
vn 0.2099 0.7015 0.6810
vn -0.0000 -0.6492 0.7606
vn -0.0000 0.1925 0.9813
vn -0.0000 -0.1925 0.9813
vn -0.0000 0.6492 0.7606
vn -0.2099 -0.7015 0.6810
vn -0.3208 0.2347 0.9176
vn -0.3208 -0.2347 0.9176
vn -0.2099 0.7015 0.6810
vn -0.4773 -0.8064 0.3492
vn -0.4726 0.1997 0.8584
vn -0.4726 -0.1997 0.8584
vn -0.4773 0.8064 0.3492
vn -0.4773 -0.8064 -0.3492
vn -0.4773 0.8064 -0.3492
vn -0.7117 -0.7025 -0.0000
vn -0.7117 0.7025 -0.0000
vn -0.2099 -0.7015 -0.6810
vn -0.4726 -0.1997 -0.8584
vn -0.4726 0.1997 -0.8584
vn -0.3208 0.2347 -0.9176
vn -0.3208 -0.2347 -0.9176
vn -0.2099 0.7015 -0.6810
vn -0.6083 -0.6464 0.4606
vn -0.5463 -0.3547 0.7588
vn -0.8380 -0.2927 0.4606
vn -0.3547 0.5462 0.7588
vn -0.2927 0.8380 0.4606
vn -0.6464 0.6083 0.4606
vn -0.6083 -0.6464 -0.4606
vn -0.8380 -0.2927 -0.4606
vn -0.5463 -0.3547 -0.7588
vn -0.2927 0.8380 -0.4606
vn -0.3547 0.5462 -0.7588
vn -0.6464 0.6083 -0.4606
vn 0.2927 -0.8380 0.4606
vn 0.6464 -0.6083 0.4606
vn 0.3547 -0.5462 0.7588
vn 0.6083 0.6464 0.4606
vn 0.5463 0.3547 0.7588
vn 0.8380 0.2927 0.4606
vn 0.2927 -0.8380 -0.4606
vn 0.3547 -0.5462 -0.7588
vn 0.6464 -0.6083 -0.4606
vn 0.6083 0.6464 -0.4606
vn 0.8380 0.2927 -0.4606
vn 0.5463 0.3547 -0.7588
vn -0.2079 -0.9781 -0.0000
vn -0.9781 0.2079 -0.0000
vn 0.2079 0.9781 -0.0000
vn 0.9781 -0.2079 -0.0000
vn -0.4706 0.3377 -0.8152
vn -0.2927 -0.8380 0.4606
vn -0.3547 -0.5462 0.7588
vn -0.6464 -0.6083 0.4606
vn -0.5463 0.3547 0.7588
vn -0.6083 0.6464 0.4606
vn -0.8380 0.2927 0.4606
vn -0.2927 -0.8380 -0.4606
vn -0.6464 -0.6083 -0.4606
vn -0.3547 -0.5462 -0.7588
vn -0.6083 0.6464 -0.4606
vn -0.5463 0.3547 -0.7588
vn -0.8380 0.2927 -0.4606
vn 0.6083 -0.6464 0.4606
vn 0.8380 -0.2927 0.4606
vn 0.5463 -0.3547 0.7588
vn 0.2927 0.8380 0.4606
vn 0.3547 0.5462 0.7588
vn 0.6464 0.6083 0.4606
vn 0.6083 -0.6464 -0.4606
vn 0.5463 -0.3547 -0.7588
vn 0.8380 -0.2927 -0.4606
vn 0.2927 0.8380 -0.4606
vn 0.6464 0.6083 -0.4606
vn 0.3547 0.5462 -0.7588
vn 0.2079 -0.9781 -0.0000
vn -0.9781 -0.2079 -0.0000
vn -0.2079 0.9781 -0.0000
vn 0.9781 0.2079 -0.0000
vn 0.6826 0.6699 -0.2919
vn 0.6827 0.6699 -0.2919
vn -0.6826 0.6699 -0.2919
vn -0.6827 0.6699 -0.2919
vn 0.6514 0.3703 -0.6622
vn 0.5887 0.4219 -0.6895
vn 0.5887 0.4220 -0.6895
vn 0.6209 0.7379 0.2645
vn 0.5317 0.8151 0.2300
vn 0.5318 0.8150 0.2301
vn -0.0314 0.3715 0.9279
vn -0.0581 0.3916 0.9183
vn -0.6471 -0.3742 0.6642
vn -0.5867 -0.4236 0.6902
vn -0.5866 -0.4237 0.6902
vn -0.6125 -0.7461 -0.2611
vn -0.5291 -0.8171 -0.2289
vn -0.5292 -0.8170 -0.2289
vn 0.0322 -0.3722 -0.9276
vn 0.0581 -0.3917 -0.9182
vn 0.0581 -0.3917 -0.9183
vn 0.4541 0.5035 -0.7350
vn 0.4543 0.5034 -0.7350
vn 0.3638 0.9156 0.1714
vn 0.3639 0.9155 0.1714
vn -0.0888 0.4119 0.9069
vn -0.4544 -0.5033 0.7349
vn -0.4546 -0.5033 0.7349
vn -0.3669 -0.9142 -0.1724
vn -0.3669 -0.9141 -0.1724
vn 0.0884 -0.4117 -0.9070
vn 0.3108 0.5549 -0.7717
vn 0.3109 0.5548 -0.7717
vn 0.2295 0.9636 0.1372
vn 0.2296 0.9636 0.1372
vn -0.0806 0.4087 0.9091
vn -0.3108 -0.5549 0.7717
vn -0.3109 -0.5548 0.7717
vn -0.2306 -0.9633 -0.1375
vn -0.2307 -0.9633 -0.1375
vn 0.0807 -0.4087 -0.9091
vn 0.1582 0.5847 -0.7956
vn 0.1113 0.9867 0.1187
vn -0.0466 0.4020 0.9145
vn -0.1582 -0.5847 0.7957
vn -0.1116 -0.9866 -0.1188
vn -0.1117 -0.9866 -0.1188
vn 0.0468 -0.4020 -0.9144
vn -0.0000 0.5946 -0.8040
vn -0.0000 0.9936 0.1129
vn -0.0000 0.3991 0.9169
vn -0.0000 -0.5946 0.8040
vn -0.0000 -0.9936 -0.1129
vn -0.0000 -0.3991 -0.9169
vn -0.1582 0.5847 -0.7956
vn -0.1583 0.5847 -0.7956
vn -0.1113 0.9867 0.1187
vn 0.0466 0.4020 0.9145
vn 0.0466 0.4020 0.9144
vn 0.1582 -0.5847 0.7957
vn 0.1116 -0.9866 -0.1188
vn 0.1117 -0.9866 -0.1188
vn -0.0468 -0.4020 -0.9144
vn -0.3108 0.5549 -0.7717
vn -0.3109 0.5548 -0.7717
vn -0.2295 0.9636 0.1372
vn -0.2296 0.9636 0.1372
vn 0.0806 0.4087 0.9091
vn 0.3108 -0.5549 0.7717
vn 0.3109 -0.5548 0.7717
vn 0.2306 -0.9633 -0.1375
vn 0.2307 -0.9633 -0.1375
vn -0.0807 -0.4087 -0.9091
vn -0.4541 0.5035 -0.7350
vn -0.4543 0.5034 -0.7350
vn -0.3638 0.9156 0.1714
vn -0.3639 0.9155 0.1714
vn 0.0888 0.4119 0.9069
vn 0.4544 -0.5033 0.7349
vn 0.4546 -0.5033 0.7349
vn 0.3669 -0.9142 -0.1724
vn 0.3669 -0.9141 -0.1724
vn -0.0884 -0.4117 -0.9070
vn -0.5887 0.4219 -0.6895
vn -0.5887 0.4220 -0.6895
vn -0.5317 0.8151 0.2301
vn -0.5318 0.8150 0.2301
vn 0.0581 0.3916 0.9183
vn 0.5867 -0.4236 0.6902
vn 0.5866 -0.4237 0.6902
vn 0.5291 -0.8171 -0.2289
vn 0.5292 -0.8170 -0.2289
vn -0.0581 -0.3917 -0.9182
vn -0.0581 -0.3917 -0.9183
vn -0.6514 0.3703 -0.6622
vn -0.6209 0.7379 0.2645
vn 0.0314 0.3715 0.9279
vn 0.6471 -0.3742 0.6642
vn 0.6125 -0.7461 -0.2611
vn -0.0322 -0.3722 -0.9276
vn 0.7623 -0.6417 0.0849
vn -0.7623 0.6417 0.0849
vn 0.1434 0.2948 -0.9447
vn 0.1865 0.2621 -0.9468
vn 0.1869 0.2618 -0.9468
vn 0.5523 0.7067 -0.4423
vn 0.6804 0.5697 -0.4611
vn 0.6807 0.5693 -0.4611
vn 0.6370 0.7049 0.3122
vn 0.7820 0.5522 0.2892
vn 0.7800 0.5547 0.2896
vn 0.3505 0.2954 0.8887
vn 0.4237 0.2112 0.8808
vn 0.4229 0.2122 0.8810
vn -0.1430 -0.2953 0.9446
vn -0.1812 -0.2751 0.9442
vn -0.1817 -0.2749 0.9442
vn -0.5443 -0.7138 0.4408
vn -0.6501 -0.6116 0.4510
vn -0.6504 -0.6112 0.4510
vn -0.6259 -0.7143 -0.3131
vn -0.7579 -0.5849 -0.2889
vn -0.7546 -0.5887 -0.2897
vn -0.3473 -0.2986 -0.8889
vn -0.4219 -0.2135 -0.8811
vn -0.4209 -0.2147 -0.8813
vn 0.2361 -0.0000 -0.9717
vn 0.7846 0.4118 -0.4634
vn 0.8908 0.3771 0.2537
vn 0.4954 -0.0000 0.8686
vn -0.2275 -0.0000 0.9738
vn -0.7421 -0.4956 0.4513
vn -0.8617 -0.4385 -0.2555
vn -0.4951 -0.0000 -0.8689
vn 0.1846 -0.2607 -0.9476
vn 0.1849 -0.2605 -0.9476
vn 0.7846 -0.4118 -0.4634
vn 0.6795 -0.5688 -0.4633
vn 0.6796 -0.5687 -0.4633
vn 0.8908 -0.3771 0.2537
vn 0.7823 -0.5526 0.2874
vn 0.7801 -0.5555 0.2879
vn 0.4244 -0.2128 0.8801
vn 0.4235 -0.2140 0.8803
vn -0.1801 0.2729 0.9450
vn -0.1805 0.2727 0.9450
vn -0.7421 0.4956 0.4513
vn -0.6494 0.6105 0.4534
vn -0.6495 0.6104 0.4534
vn -0.8617 0.4385 -0.2555
vn -0.7584 0.5853 -0.2869
vn -0.7548 0.5895 -0.2877
vn -0.4234 0.2143 -0.8802
vn -0.4222 0.2158 -0.8804
vn 0.1999 -0.2383 -0.9504
vn 0.2002 -0.2380 -0.9504
vn 0.5742 -0.6832 -0.4512
vn 0.5743 -0.6831 -0.4512
vn 0.6139 -0.7286 0.3038
vn 0.2968 -0.3512 0.8880
vn 0.2966 -0.3514 0.8880
vn -0.2005 0.2376 0.9504
vn -0.2008 0.2374 0.9504
vn -0.5753 0.6825 0.4507
vn -0.5754 0.6824 0.4507
vn -0.6131 0.7290 -0.3044
vn -0.6130 0.7291 -0.3044
vn -0.2959 0.3520 -0.8880
vn -0.2956 0.3523 -0.8880
vn 0.3088 -0.1166 -0.9440
vn 0.3093 -0.1159 -0.9439
vn 0.7227 -0.5368 -0.4354
vn 0.7264 -0.5325 -0.4346
vn 0.7040 -0.6386 0.3106
vn 0.7046 -0.6380 0.3107
vn 0.2985 -0.3631 0.8827
vn 0.2978 -0.3636 0.8827
vn -0.3086 0.1175 0.9439
vn -0.3090 0.1168 0.9439
vn -0.7419 0.5092 0.4362
vn -0.7442 0.5063 0.4357
vn -0.7377 0.5949 -0.3190
vn -0.7381 0.5944 -0.3191
vn -0.3070 0.3437 -0.8875
vn -0.3064 0.3442 -0.8875
vn 0.3579 -0.0000 -0.9338
vn 0.8290 -0.3904 -0.4004
vn 0.8006 -0.5098 0.3148
vn 0.3756 -0.0000 0.9268
vn -0.3572 -0.0000 0.9340
vn -0.8502 0.3430 0.3995
vn -0.8460 0.4224 -0.3254
vn -0.3874 -0.0000 -0.9219
vn 0.3088 0.1166 -0.9440
vn 0.3093 0.1159 -0.9439
vn 0.8290 0.3904 -0.4004
vn 0.7227 0.5368 -0.4354
vn 0.7264 0.5325 -0.4346
vn 0.8006 0.5098 0.3148
vn 0.7040 0.6386 0.3106
vn 0.7046 0.6380 0.3107
vn 0.2985 0.3631 0.8827
vn 0.2978 0.3636 0.8827
vn -0.3086 -0.1175 0.9439
vn -0.3090 -0.1168 0.9439
vn -0.8502 -0.3430 0.3995
vn -0.7419 -0.5092 0.4362
vn -0.7442 -0.5063 0.4357
vn -0.8460 -0.4224 -0.3254
vn -0.7377 -0.5949 -0.3190
vn -0.7381 -0.5944 -0.3191
vn -0.3070 -0.3437 -0.8875
vn -0.3064 -0.3442 -0.8875
vn 0.1999 0.2383 -0.9504
vn 0.2002 0.2380 -0.9504
vn 0.5742 0.6832 -0.4512
vn 0.5743 0.6831 -0.4512
vn 0.6139 0.7286 0.3038
vn 0.2968 0.3512 0.8880
vn 0.2966 0.3514 0.8880
vn -0.2005 -0.2376 0.9504
vn -0.2008 -0.2374 0.9504
vn -0.5753 -0.6825 0.4507
vn -0.5754 -0.6824 0.4507
vn -0.6131 -0.7290 -0.3044
vn -0.6130 -0.7291 -0.3044
vn -0.2959 -0.3520 -0.8880
vn -0.2956 -0.3523 -0.8880
vn 0.1846 0.2607 -0.9476
vn 0.1849 0.2605 -0.9476
vn 0.6795 0.5688 -0.4633
vn 0.6796 0.5687 -0.4633
vn 0.7823 0.5526 0.2874
vn 0.7801 0.5555 0.2879
vn 0.4244 0.2128 0.8801
vn 0.4235 0.2140 0.8803
vn -0.1801 -0.2729 0.9450
vn -0.1805 -0.2727 0.9450
vn -0.6494 -0.6105 0.4534
vn -0.6495 -0.6104 0.4534
vn -0.7584 -0.5853 -0.2869
vn -0.7548 -0.5895 -0.2877
vn -0.4234 -0.2143 -0.8802
vn -0.4222 -0.2158 -0.8804
vn 0.6797 -0.5687 -0.4633
vn 0.3073 0.1154 -0.9446
vn 0.3077 0.1149 -0.9445
vn 0.7223 0.5359 -0.4372
vn 0.7257 0.5320 -0.4364
vn 0.7047 0.6391 0.3081
vn 0.7051 0.6386 0.3082
vn 0.2997 0.3651 0.8814
vn 0.2989 0.3657 0.8814
vn -0.3078 -0.1155 0.9444
vn -0.3082 -0.1150 0.9444
vn -0.7417 -0.5082 0.4377
vn -0.7437 -0.5056 0.4372
vn -0.7385 -0.5952 -0.3168
vn -0.7386 -0.5950 -0.3168
vn -0.3089 -0.3449 -0.8863
vn -0.3082 -0.3456 -0.8863
vn 0.2561 0.1806 -0.9496
vn 0.5964 0.6588 -0.4587
vn 0.5909 0.7514 0.2935
vn 0.2422 0.4059 0.8812
vn -0.2578 -0.1788 0.9495
vn -0.6063 -0.6501 0.4580
vn -0.6005 -0.7431 -0.2951
vn -0.2436 -0.4045 -0.8815
vn -0.0547 0.9849 0.1642
vn -0.0547 0.9849 0.1641
vn 0.5599 -0.8144 -0.1527
vn 0.5482 0.2289 0.8044
vn 0.6118 0.0701 0.7879
vn 0.8233 0.5415 0.1702
vn 0.9451 0.2996 0.1305
vn 0.6281 0.5412 -0.5591
vn 0.7124 0.3503 -0.6081
vn 0.0592 0.2232 -0.9730
vn 0.0686 0.1957 -0.9783
vn -0.5504 -0.2249 -0.8040
vn -0.6121 -0.0704 -0.7876
vn -0.6121 -0.0705 -0.7876
vn -0.8297 -0.5321 -0.1686
vn -0.9450 -0.3000 -0.1304
vn -0.6318 -0.5353 0.5607
vn -0.7127 -0.3506 0.6076
vn -0.0593 -0.2231 0.9730
vn -0.0687 -0.1957 0.9783
vn 0.6573 -0.0908 0.7481
vn 0.9961 0.0353 0.0810
vn 0.7639 0.1433 -0.6292
vn 0.0780 0.1680 -0.9827
vn -0.6566 0.0860 -0.7493
vn -0.9954 -0.0474 -0.0832
vn -0.7631 -0.1509 0.6284
vn -0.0780 -0.1682 0.9827
vn -0.0000 0.9139 -0.4059
vn 0.1761 0.9139 -0.3657
vn -0.0000 -0.9139 -0.4059
vn 0.1761 -0.9139 -0.3657
vn -0.0000 -0.6935 -0.7205
vn -0.0000 -0.3732 -0.9277
vn 0.4025 -0.3732 -0.8359
vn 0.3126 -0.6935 -0.6491
vn -0.0000 0.3732 -0.9277
vn 0.4025 0.3732 -0.8359
vn 0.4339 -0.0000 -0.9010
vn -0.0000 0.6935 -0.7205
vn 0.3126 0.6935 -0.6491
vn 0.7253 0.3732 -0.5784
vn 0.7818 -0.0000 -0.6235
vn 0.3174 0.9139 -0.2531
vn 0.5633 0.6935 -0.4492
vn 0.5633 -0.6935 -0.4492
vn 0.3174 -0.9139 -0.2531
vn 0.7253 -0.3732 -0.5784
vn 0.7024 -0.6935 -0.1603
vn 0.3958 -0.9139 -0.0903
vn 0.9749 -0.0000 -0.2225
vn 0.9045 -0.3732 -0.2064
vn 0.7024 0.6935 -0.1603
vn 0.9045 0.3732 -0.2064
vn 0.3958 0.9139 -0.0903
vn 0.7024 0.6935 0.1603
vn 0.9045 0.3732 0.2064
vn 0.3958 0.9139 0.0903
vn 0.3958 -0.9139 0.0903
vn 0.9045 -0.3732 0.2064
vn 0.7024 -0.6935 0.1603
vn 0.9749 -0.0000 0.2225
vn 0.3174 -0.9139 0.2531
vn 0.7253 -0.3732 0.5784
vn 0.5633 -0.6935 0.4492
vn 0.7253 0.3732 0.5784
vn 0.7818 -0.0000 0.6235
vn 0.3174 0.9139 0.2531
vn 0.5633 0.6935 0.4492
vn 0.1761 0.9139 0.3657
vn 0.3126 0.6935 0.6491
vn 0.3126 -0.6935 0.6491
vn 0.1761 -0.9139 0.3657
vn 0.4339 -0.0000 0.9010
vn 0.4025 -0.3732 0.8359
vn 0.4025 0.3732 0.8359
vn -0.0000 -0.6935 0.7205
vn -0.0000 -0.9139 0.4059
vn -0.0000 -0.3732 0.9277
vn -0.0000 0.6935 0.7205
vn -0.0000 0.3732 0.9277
vn -0.0000 0.9139 0.4059
vn -0.1761 0.9139 0.3657
vn -0.1761 -0.9139 0.3657
vn -0.4025 -0.3732 0.8359
vn -0.3126 -0.6935 0.6491
vn -0.4025 0.3732 0.8359
vn -0.4339 -0.0000 0.9010
vn -0.3126 0.6935 0.6491
vn -0.7253 -0.3732 0.5784
vn -0.5633 -0.6935 0.4492
vn -0.7253 0.3732 0.5784
vn -0.7818 -0.0000 0.6235
vn -0.3174 0.9139 0.2531
vn -0.5633 0.6935 0.4492
vn -0.3174 -0.9139 0.2531
vn -0.7024 -0.6935 0.1603
vn -0.3958 -0.9139 0.0903
vn -0.9749 -0.0000 0.2225
vn -0.9045 -0.3732 0.2064
vn -0.7024 0.6935 0.1603
vn -0.9045 0.3732 0.2064
vn -0.3958 0.9139 0.0903
vn -0.9749 -0.0000 -0.2225
vn -0.9045 -0.3732 -0.2064
vn -0.7024 0.6935 -0.1603
vn -0.9045 0.3732 -0.2064
vn -0.3958 0.9139 -0.0903
vn -0.3958 -0.9139 -0.0903
vn -0.7024 -0.6935 -0.1603
vn -0.3174 -0.9139 -0.2531
vn -0.7253 -0.3732 -0.5784
vn -0.5633 -0.6935 -0.4492
vn -0.7253 0.3732 -0.5784
vn -0.7818 -0.0000 -0.6235
vn -0.3174 0.9139 -0.2531
vn -0.5633 0.6935 -0.4492
vn -0.4025 0.3732 -0.8359
vn -0.4339 -0.0000 -0.9010
vn -0.1761 0.9139 -0.3657
vn -0.3126 0.6935 -0.6491
vn -0.3126 -0.6935 -0.6491
vn -0.1761 -0.9139 -0.3657
vn -0.4025 -0.3732 -0.8359
vn 0.2706 -0.9239 -0.2706
vn 0.3827 -0.9239 -0.0000
vn -0.2706 -0.9239 -0.2706
vn -0.3827 -0.9239 -0.0000
vn -0.2706 -0.9239 0.2706
vn 0.2706 -0.9239 0.2706
vn 0.8629 -0.3574 -0.3574
vn 0.9100 -0.1728 -0.3769
vn 0.3574 -0.3574 -0.8629
vn 0.3769 -0.1728 -0.9100
vn -0.3574 -0.3574 -0.8629
vn -0.3769 -0.1728 -0.9100
vn -0.8629 -0.3574 -0.3574
vn -0.9100 -0.1728 -0.3769
vn -0.8629 -0.3574 0.3574
vn -0.9100 -0.1728 0.3769
vn -0.3574 -0.3574 0.8629
vn -0.3769 -0.1728 0.9100
vn 0.3574 -0.3574 0.8629
vn 0.3769 -0.1728 0.9100
vn 0.8629 -0.3574 0.3574
vn 0.9100 -0.1728 0.3769
vn 0.9100 0.1728 -0.3769
vn 0.3769 0.1728 -0.9100
vn -0.3769 0.1728 -0.9100
vn -0.9100 0.1728 -0.3769
vn -0.9100 0.1728 0.3769
vn -0.3769 0.1728 0.9100
vn 0.3769 0.1728 0.9100
vn 0.9100 0.1728 0.3769
vn 0.8629 0.3574 -0.3574
vn 0.3574 0.3574 -0.8629
vn -0.3574 0.3574 -0.8629
vn -0.8629 0.3574 -0.3574
vn -0.8629 0.3574 0.3574
vn -0.3574 0.3574 0.8629
vn 0.3574 0.3574 0.8629
vn 0.8629 0.3574 0.3574
vn 0.3827 0.9239 -0.0000
vn 0.2706 0.9239 -0.2706
vn -0.2706 0.9239 -0.2706
vn -0.3827 0.9239 -0.0000
vn -0.2706 0.9239 0.2706
vn 0.2706 0.9239 0.2706
vn -0.4634 -0.8689 0.1738
vn -0.7022 0.7023 -0.1170
vn -0.7022 0.7022 -0.1170
vn 0.4523 0.2933 -0.8423
vn 0.7258 0.6384 -0.2564
vn 0.6096 0.6542 0.4477
vn 0.1231 0.2808 0.9518
vn 0.1359 0.2003 0.9703
vn -0.4364 -0.3175 0.8419
vn -0.6765 -0.6883 0.2619
vn -0.5804 -0.6887 -0.4346
vn -0.1224 -0.2820 -0.9516
vn -0.1355 -0.2002 -0.9703
vn 0.5616 -0.4265 -0.7090
vn 0.8911 -0.4504 -0.0548
vn 0.7471 -0.2513 0.6153
vn 0.1477 0.1183 0.9819
vn -0.5535 0.4522 0.6994
vn -0.8590 0.5105 0.0401
vn -0.7300 0.2947 -0.6167
vn -0.1475 -0.1170 -0.9821
vt 0.000000 0.000000
vt 0.800000 0.000000
vt 0.400000 0.000000
vt 0.600000 0.000000
vt 1.000000 0.000000
vt 0.200000 0.000000
vt 0.000000 1.000000
vt 0.050000 1.000000
vt 0.050000 0.833333
vt 0.000000 0.833333
vt 0.000000 0.166667
vt 0.050000 0.166667
vt 0.050000 0.000000
vt 0.000000 0.333333
vt 0.050000 0.333333
vt 0.000000 0.500000
vt 0.050000 0.500000
vt 0.000000 0.666667
vt 0.050000 0.666667
vt 0.100000 1.000000
vt 0.100000 0.833333
vt 0.100000 0.166667
vt 0.100000 0.000000
vt 0.100000 0.333333
vt 0.100000 0.500000
vt 0.100000 0.666667
vt 0.150000 1.000000
vt 0.150000 0.833333
vt 0.150000 0.166667
vt 0.150000 0.000000
vt 0.150000 0.333333
vt 0.150000 0.500000
vt 0.150000 0.666667
vt 0.200000 1.000000
vt 0.200000 0.833333
vt 0.200000 0.166667
vt 0.200000 0.333333
vt 0.200000 0.500000
vt 0.200000 0.666667
vt 0.250000 1.000000
vt 0.250000 0.833333
vt 0.250000 0.166667
vt 0.250000 0.000000
vt 0.250000 0.333333
vt 0.250000 0.500000
vt 0.250000 0.666667
vt 0.300000 1.000000
vt 0.300000 0.833333
vt 0.300000 0.166667
vt 0.300000 0.000000
vt 0.300000 0.333333
vt 0.300000 0.500000
vt 0.300000 0.666667
vt 0.350000 1.000000
vt 0.350000 0.833333
vt 0.350000 0.166667
vt 0.350000 0.000000
vt 0.350000 0.333333
vt 0.350000 0.500000
vt 0.350000 0.666667
vt 0.400000 1.000000
vt 0.400000 0.833333
vt 0.400000 0.166667
vt 0.400000 0.333333
vt 0.400000 0.500000
vt 0.400000 0.666667
vt 0.450000 1.000000
vt 0.450000 0.833333
vt 0.450000 0.166667
vt 0.450000 0.000000
vt 0.450000 0.333333
vt 0.450000 0.500000
vt 0.450000 0.666667
vt 0.500000 1.000000
vt 0.500000 0.833333
vt 0.500000 0.166667
vt 0.500000 0.000000
vt 0.500000 0.333333
vt 0.500000 0.500000
vt 0.500000 0.666667
vt 0.550000 1.000000
vt 0.550000 0.833333
vt 0.550000 0.166667
vt 0.550000 0.000000
vt 0.550000 0.333333
vt 0.550000 0.500000
vt 0.550000 0.666667
vt 0.600000 1.000000
vt 0.600000 0.833333
vt 0.600000 0.166667
vt 0.600000 0.333333
vt 0.600000 0.500000
vt 0.600000 0.666667
vt 0.650000 1.000000
vt 0.650000 0.833333
vt 0.650000 0.166667
vt 0.650000 0.000000
vt 0.650000 0.333333
vt 0.650000 0.500000
vt 0.650000 0.666667
vt 0.700000 1.000000
vt 0.700000 0.833333
vt 0.700000 0.166667
vt 0.700000 0.000000
vt 0.700000 0.333333
vt 0.700000 0.500000
vt 0.700000 0.666667
vt 0.750000 1.000000
vt 0.750000 0.833333
vt 0.750000 0.166667
vt 0.750000 0.000000
vt 0.750000 0.333333
vt 0.750000 0.500000
vt 0.750000 0.666667
vt 0.800000 1.000000
vt 0.800000 0.833333
vt 0.800000 0.166667
vt 0.800000 0.333333
vt 0.800000 0.500000
vt 0.800000 0.666667
vt 0.850000 1.000000
vt 0.850000 0.833333
vt 0.850000 0.166667
vt 0.850000 0.000000
vt 0.850000 0.333333
vt 0.850000 0.500000
vt 0.850000 0.666667
vt 0.900000 1.000000
vt 0.900000 0.833333
vt 0.900000 0.166667
vt 0.900000 0.000000
vt 0.900000 0.333333
vt 0.900000 0.500000
vt 0.900000 0.666667
vt 0.950000 1.000000
vt 0.950000 0.833333
vt 0.950000 0.166667
vt 0.950000 0.000000
vt 0.950000 0.333333
vt 0.950000 0.500000
vt 0.950000 0.666667
vt 1.000000 1.000000
vt 1.000000 0.833333
vt 1.000000 0.166667
vt 1.000000 0.333333
vt 1.000000 0.500000
vt 1.000000 0.666667
vt 0.857143 0.000000
vt 0.571429 0.000000
vt 0.714286 0.000000
vt 0.428571 0.000000
vt 0.285714 0.000000
vt 0.142857 0.000000
vt 0.041667 1.000000
vt 0.041667 0.875000
vt 0.000000 0.875000
vt 0.000000 0.125000
vt 0.041667 0.125000
vt 0.041667 0.000000
vt 0.000000 0.250000
vt 0.041667 0.250000
vt 0.000000 0.375000
vt 0.041667 0.375000
vt 0.041667 0.500000
vt 0.000000 0.625000
vt 0.041667 0.625000
vt 0.000000 0.750000
vt 0.041667 0.750000
vt 0.083333 1.000000
vt 0.083333 0.875000
vt 0.083333 0.125000
vt 0.083333 0.000000
vt 0.083333 0.250000
vt 0.083333 0.375000
vt 0.083333 0.500000
vt 0.083333 0.625000
vt 0.083333 0.750000
vt 0.125000 1.000000
vt 0.125000 0.875000
vt 0.125000 0.125000
vt 0.125000 0.000000
vt 0.125000 0.250000
vt 0.125000 0.375000
vt 0.125000 0.500000
vt 0.125000 0.625000
vt 0.125000 0.750000
vt 0.166667 1.000000
vt 0.166667 0.875000
vt 0.166667 0.125000
vt 0.166667 0.000000
vt 0.166667 0.250000
vt 0.166667 0.375000
vt 0.166667 0.500000
vt 0.166667 0.625000
vt 0.166667 0.750000
vt 0.208333 1.000000
vt 0.208333 0.875000
vt 0.208333 0.125000
vt 0.208333 0.000000
vt 0.208333 0.250000
vt 0.208333 0.375000
vt 0.208333 0.500000
vt 0.208333 0.625000
vt 0.208333 0.750000
vt 0.250000 0.875000
vt 0.250000 0.125000
vt 0.250000 0.250000
vt 0.250000 0.375000
vt 0.250000 0.625000
vt 0.250000 0.750000
vt 0.291667 1.000000
vt 0.291667 0.875000
vt 0.291667 0.125000
vt 0.291667 0.000000
vt 0.291667 0.250000
vt 0.291667 0.375000
vt 0.291667 0.500000
vt 0.291667 0.625000
vt 0.291667 0.750000
vt 0.333333 1.000000
vt 0.333333 0.875000
vt 0.333333 0.125000
vt 0.333333 0.000000
vt 0.333333 0.250000
vt 0.333333 0.375000
vt 0.333333 0.500000
vt 0.333333 0.625000
vt 0.333333 0.750000
vt 0.375000 1.000000
vt 0.375000 0.875000
vt 0.375000 0.125000
vt 0.375000 0.000000
vt 0.375000 0.250000
vt 0.375000 0.375000
vt 0.375000 0.500000
vt 0.375000 0.625000
vt 0.375000 0.750000
vt 0.416667 1.000000
vt 0.416667 0.875000
vt 0.416667 0.125000
vt 0.416667 0.000000
vt 0.416667 0.250000
vt 0.416667 0.375000
vt 0.416667 0.500000
vt 0.416667 0.625000
vt 0.416667 0.750000
vt 0.458333 1.000000
vt 0.458333 0.875000
vt 0.458333 0.125000
vt 0.458333 0.000000
vt 0.458333 0.250000
vt 0.458333 0.375000
vt 0.458333 0.500000
vt 0.458333 0.625000
vt 0.458333 0.750000
vt 0.500000 0.875000
vt 0.500000 0.125000
vt 0.500000 0.250000
vt 0.500000 0.375000
vt 0.500000 0.625000
vt 0.500000 0.750000
vt 0.541667 1.000000
vt 0.541667 0.875000
vt 0.541667 0.125000
vt 0.541667 0.000000
vt 0.541667 0.250000
vt 0.541667 0.375000
vt 0.541667 0.500000
vt 0.541667 0.625000
vt 0.541667 0.750000
vt 0.583333 1.000000
vt 0.583333 0.875000
vt 0.583333 0.125000
vt 0.583333 0.000000
vt 0.583333 0.250000
vt 0.583333 0.375000
vt 0.583333 0.500000
vt 0.583333 0.625000
vt 0.583333 0.750000
vt 0.625000 1.000000
vt 0.625000 0.875000
vt 0.625000 0.125000
vt 0.625000 0.000000
vt 0.625000 0.250000
vt 0.625000 0.375000
vt 0.625000 0.500000
vt 0.625000 0.625000
vt 0.625000 0.750000
vt 0.666667 1.000000
vt 0.666667 0.875000
vt 0.666667 0.125000
vt 0.666667 0.000000
vt 0.666667 0.250000
vt 0.666667 0.375000
vt 0.666667 0.500000
vt 0.666667 0.625000
vt 0.666667 0.750000
vt 0.708333 1.000000
vt 0.708333 0.875000
vt 0.708333 0.125000
vt 0.708333 0.000000
vt 0.708333 0.250000
vt 0.708333 0.375000
vt 0.708333 0.500000
vt 0.708333 0.625000
vt 0.708333 0.750000
vt 0.750000 0.875000
vt 0.750000 0.125000
vt 0.750000 0.250000
vt 0.750000 0.375000
vt 0.750000 0.625000
vt 0.750000 0.750000
vt 0.791667 1.000000
vt 0.791667 0.875000
vt 0.791667 0.125000
vt 0.791667 0.000000
vt 0.791667 0.250000
vt 0.791667 0.375000
vt 0.791667 0.500000
vt 0.791667 0.625000
vt 0.791667 0.750000
vt 0.833333 1.000000
vt 0.833333 0.875000
vt 0.833333 0.125000
vt 0.833333 0.000000
vt 0.833333 0.250000
vt 0.833333 0.375000
vt 0.833333 0.500000
vt 0.833333 0.625000
vt 0.833333 0.750000
vt 0.875000 1.000000
vt 0.875000 0.875000
vt 0.875000 0.125000
vt 0.875000 0.000000
vt 0.875000 0.250000
vt 0.875000 0.375000
vt 0.875000 0.500000
vt 0.875000 0.625000
vt 0.875000 0.750000
vt 0.916667 1.000000
vt 0.916667 0.875000
vt 0.916667 0.125000
vt 0.916667 0.000000
vt 0.916667 0.250000
vt 0.916667 0.375000
vt 0.916667 0.500000
vt 0.916667 0.625000
vt 0.916667 0.750000
vt 0.958333 1.000000
vt 0.958333 0.875000
vt 0.958333 0.125000
vt 0.958333 0.000000
vt 0.958333 0.250000
vt 0.958333 0.375000
vt 0.958333 0.500000
vt 0.958333 0.625000
vt 0.958333 0.750000
vt 1.000000 0.875000
vt 1.000000 0.125000
vt 1.000000 0.250000
vt 1.000000 0.375000
vt 1.000000 0.625000
vt 1.000000 0.750000
s 1
usemtl stone_dark
f 1/1/1 4/1/2 5/1/3 7/1/4
f 2/1/5 6/1/6 5/1/7 4/1/8
f 3/1/9 7/1/10 5/1/11 6/1/12
f 8/1/13 11/1/14 12/1/15 14/1/16
f 9/1/17 13/1/18 12/1/19 11/1/20
f 10/1/21 14/1/22 12/1/23 13/1/24
f 15/1/25 18/1/26 19/1/27 21/1/28
f 16/1/29 20/1/30 19/1/31 18/1/32
f 17/1/33 21/1/34 19/1/35 20/1/36
f 22/1/37 25/1/38 26/1/39 28/1/40
f 23/1/41 27/1/42 26/1/43 25/1/44
f 24/1/45 28/1/46 26/1/47 27/1/48
f 29/1/49 32/1/50 33/1/51 35/1/52
f 30/1/53 34/1/54 33/1/55 32/1/56
f 31/1/57 35/1/58 33/1/59 34/1/60
f 36/1/61 39/1/62 40/1/63 42/1/64
f 37/1/65 41/1/66 40/1/67 39/1/68
f 38/1/69 42/1/70 40/1/71 41/1/72
f 43/1/73 46/1/74 47/1/75 49/1/76
f 44/1/77 48/1/78 47/1/79 46/1/80
f 45/1/81 49/1/82 47/1/83 48/1/84
f 50/1/85 53/1/86 54/1/87 56/1/88
f 51/1/89 55/1/90 54/1/91 53/1/92
f 52/1/93 56/1/94 54/1/95 55/1/96
f 15/1/25 1/1/1 7/1/4 18/1/26
f 18/1/32 7/1/10 3/1/9 16/1/29
f 2/1/5 8/1/13 14/1/16 6/1/6
f 6/1/12 14/1/22 10/1/21 3/1/9
f 9/1/17 22/1/37 28/1/40 13/1/18
f 13/1/24 28/1/46 24/1/45 10/1/21
f 23/1/41 17/1/33 20/1/36 27/1/42
f 27/1/48 20/1/30 16/1/29 24/1/45
f 43/1/73 15/1/25 21/1/28 46/1/74
f 46/1/80 21/1/34 17/1/33 44/1/77
f 22/1/37 50/1/85 56/1/88 25/1/38
f 25/1/44 56/1/94 52/1/93 23/1/41
f 51/1/89 45/1/81 48/1/84 55/1/90
f 55/1/96 48/1/78 44/1/77 52/1/93
f 29/1/49 43/1/73 49/1/76 32/1/50
f 32/1/56 49/1/82 45/1/81 30/1/53
f 50/1/85 36/1/61 42/1/64 53/1/86
f 53/1/92 42/1/70 38/1/69 51/1/89
f 37/1/65 31/1/57 34/1/60 41/1/66
f 41/1/72 34/1/54 30/1/53 38/1/69
f 1/1/1 29/1/49 35/1/52 4/1/2
f 4/1/8 35/1/58 31/1/57 2/1/5
f 36/1/61 9/1/17 11/1/20 39/1/62
f 39/1/68 11/1/14 8/1/13 37/1/65
f 15/1/25 43/1/73 29/1/49 1/1/1
f 3/1/9 10/1/21 24/1/45 16/1/29
f 31/1/57 37/1/65 8/1/13 2/1/5
f 50/1/85 22/1/37 9/1/17 36/1/61
f 17/1/33 23/1/41 52/1/93 44/1/77
f 45/1/81 51/1/89 38/1/69 30/1/53
usemtl stone
f 57/1/1 60/1/2 61/1/3 63/1/4
f 58/1/5 62/1/6 61/1/7 60/1/8
f 59/1/9 63/1/10 61/1/11 62/1/12
f 64/1/13 67/1/14 68/1/15 70/1/16
f 65/1/17 69/1/18 68/1/19 67/1/20
f 66/1/21 70/1/22 68/1/23 69/1/24
f 71/1/25 74/1/26 75/1/27 77/1/28
f 72/1/29 76/1/30 75/1/31 74/1/32
f 73/1/33 77/1/34 75/1/35 76/1/36
f 78/1/37 81/1/38 82/1/39 84/1/40
f 79/1/41 83/1/42 82/1/43 81/1/44
f 80/1/45 84/1/46 82/1/47 83/1/48
f 85/1/49 88/1/50 89/1/51 91/1/52
f 86/1/53 90/1/54 89/1/55 88/1/56
f 87/1/57 91/1/58 89/1/59 90/1/60
f 92/1/61 95/1/62 96/1/63 98/1/64
f 93/1/65 97/1/66 96/1/67 95/1/68
f 94/1/69 98/1/70 96/1/71 97/1/72
f 99/1/73 102/1/74 103/1/75 105/1/76
f 100/1/77 104/1/78 103/1/79 102/1/80
f 101/1/81 105/1/82 103/1/83 104/1/84
f 106/1/85 109/1/86 110/1/87 112/1/88
f 107/1/89 111/1/90 110/1/91 109/1/92
f 108/1/93 112/1/94 110/1/95 111/1/96
f 71/1/25 57/1/1 63/1/4 74/1/26
f 74/1/32 63/1/10 59/1/9 72/1/29
f 58/1/5 64/1/13 70/1/16 62/1/6
f 62/1/12 70/1/22 66/1/21 59/1/9
f 65/1/17 78/1/37 84/1/40 69/1/18
f 69/1/24 84/1/46 80/1/45 66/1/21
f 79/1/41 73/1/33 76/1/36 83/1/42
f 83/1/48 76/1/30 72/1/29 80/1/45
f 99/1/73 71/1/25 77/1/28 102/1/74
f 102/1/80 77/1/34 73/1/33 100/1/77
f 78/1/37 106/1/85 112/1/88 81/1/38
f 81/1/44 112/1/94 108/1/93 79/1/41
f 107/1/89 101/1/81 104/1/84 111/1/90
f 111/1/96 104/1/78 100/1/77 108/1/93
f 85/1/49 99/1/73 105/1/76 88/1/50
f 88/1/56 105/1/82 101/1/81 86/1/53
f 106/1/85 92/1/61 98/1/64 109/1/86
f 109/1/92 98/1/70 94/1/69 107/1/89
f 93/1/65 87/1/57 90/1/60 97/1/66
f 97/1/72 90/1/54 86/1/53 94/1/69
f 57/1/1 85/1/49 91/1/52 60/1/2
f 60/1/8 91/1/58 87/1/57 58/1/5
f 92/1/61 65/1/17 67/1/20 95/1/62
f 95/1/68 67/1/14 64/1/13 93/1/65
f 71/1/25 99/1/73 85/1/49 57/1/1
f 59/1/9 66/1/21 80/1/45 72/1/29
f 87/1/57 93/1/65 64/1/13 58/1/5
f 106/1/85 78/1/37 65/1/17 92/1/61
f 73/1/33 79/1/41 108/1/93 100/1/77
f 101/1/81 107/1/89 94/1/69 86/1/53
f 113/1/97 116/1/98 118/1/99 117/1/100
f 116/1/98 120/1/101 121/1/102 118/1/99
f 114/1/103 119/1/104 121/1/102 120/1/101
f 119/1/104 123/1/105 124/1/106 121/1/102
f 115/1/107 122/1/108 124/1/106 123/1/105
f 122/1/108 117/1/100 118/1/99 124/1/106
f 118/1/99 121/1/102 124/1/106
f 125/1/109 128/1/110 130/1/111 129/1/112
f 128/1/110 132/1/113 133/1/114 130/1/111
f 126/1/115 131/1/116 133/1/114 132/1/113
f 131/1/116 135/1/117 136/1/118 133/1/114
f 127/1/119 134/1/120 136/1/118 135/1/117
f 134/1/120 129/1/112 130/1/111 136/1/118
f 130/1/111 133/1/114 136/1/118
f 137/1/121 140/1/122 142/1/123 141/1/124
f 140/1/122 144/1/125 145/1/126 142/1/123
f 138/1/127 143/1/128 145/1/126 144/1/125
f 143/1/128 147/1/129 148/1/130 145/1/126
f 139/1/131 146/1/132 148/1/130 147/1/129
f 146/1/132 141/1/124 142/1/123 148/1/130
f 142/1/123 145/1/126 148/1/130
f 149/1/133 152/1/134 154/1/135 153/1/136
f 152/1/134 156/1/137 157/1/138 154/1/135
f 150/1/139 155/1/140 157/1/138 156/1/137
f 155/1/140 159/1/141 160/1/142 157/1/138
f 151/1/143 158/1/144 160/1/142 159/1/141
f 158/1/144 153/1/136 154/1/135 160/1/142
f 154/1/135 157/1/138 160/1/142
f 161/1/145 164/1/146 166/1/147 165/1/148
f 164/1/146 168/1/149 169/1/150 166/1/147
f 162/1/151 167/1/152 169/1/150 168/1/149
f 167/1/152 171/1/153 172/1/154 169/1/150
f 163/1/155 170/1/156 172/1/154 171/1/153
f 170/1/156 165/1/148 166/1/147 172/1/154
f 166/1/147 169/1/150 172/1/154
f 173/1/157 176/1/158 178/1/159 177/1/160
f 176/1/158 180/1/161 181/1/162 178/1/159
f 174/1/163 179/1/164 181/1/162 180/1/161
f 179/1/164 183/1/165 184/1/166 181/1/162
f 175/1/167 182/1/168 184/1/166 183/1/165
f 182/1/168 177/1/160 178/1/159 184/1/166
f 178/1/159 181/1/162 184/1/166
f 185/1/169 188/1/170 190/1/171 189/1/172
f 188/1/170 192/1/173 193/1/174 190/1/171
f 186/1/175 191/1/176 193/1/174 192/1/173
f 191/1/176 195/1/177 196/1/178 193/1/174
f 187/1/179 194/1/180 196/1/178 195/1/177
f 194/1/180 189/1/172 190/1/171 196/1/178
f 190/1/171 193/1/174 196/1/178
f 197/1/181 200/1/182 202/1/183 201/1/184
f 200/1/182 204/1/185 205/1/186 202/1/183
f 198/1/187 203/1/188 205/1/186 204/1/185
f 203/1/188 207/1/189 208/1/190 205/1/186
f 199/1/191 206/1/192 208/1/190 207/1/189
f 206/1/192 201/1/184 202/1/183 208/1/190
f 202/1/183 205/1/186 208/1/190
f 137/1/121 113/1/97 117/1/100 140/1/122
f 140/1/122 117/1/100 122/1/108 144/1/125
f 144/1/125 122/1/108 115/1/107 138/1/127
f 114/1/103 125/1/109 129/1/112 119/1/104
f 119/1/104 129/1/112 134/1/120 123/1/105
f 123/1/105 134/1/120 127/1/119 115/1/107
f 126/1/115 149/1/133 153/1/136 131/1/116
f 131/1/116 153/1/136 158/1/144 135/1/117
f 135/1/117 158/1/144 151/1/143 127/1/119
f 150/1/139 139/1/131 147/1/129 155/1/140
f 155/1/140 147/1/129 143/1/128 159/1/141
f 159/1/141 143/1/128 138/1/127 151/1/143
f 185/1/169 137/1/121 141/1/124 188/1/170
f 188/1/170 141/1/124 146/1/132 192/1/173
f 192/1/173 146/1/132 139/1/131 186/1/175
f 149/1/133 197/1/181 201/1/184 152/1/134
f 152/1/134 201/1/184 206/1/192 156/1/137
f 156/1/137 206/1/192 199/1/191 150/1/139
f 198/1/187 187/1/179 195/1/177 203/1/188
f 203/1/188 195/1/177 191/1/176 207/1/189
f 207/1/189 191/1/176 186/1/175 199/1/191
f 161/1/145 185/1/169 189/1/172 164/1/146
f 164/1/146 189/1/172 194/1/180 168/1/149
f 168/1/149 194/1/180 187/1/179 162/1/151
f 197/1/181 173/1/157 177/1/160 200/1/182
f 200/1/182 177/1/160 182/1/168 204/1/185
f 204/1/185 182/1/168 175/1/167 198/1/187
f 174/1/163 163/1/155 171/1/153 179/1/164
f 179/1/164 171/1/153 167/1/152 183/1/165
f 183/1/165 167/1/152 162/1/151 175/1/167
f 113/1/97 161/1/145 165/1/148 116/1/98
f 116/1/98 165/1/148 170/1/156 120/1/101
f 120/1/101 170/1/156 163/1/155 114/1/103
f 173/1/157 126/1/115 132/1/113 176/1/158
f 176/1/158 132/1/113 128/1/110 180/1/161
f 180/1/161 128/1/110 125/1/109 174/1/163
f 137/1/121 185/1/169 161/1/145 113/1/97
f 115/1/107 127/1/119 151/1/143 138/1/127
f 163/1/155 174/1/163 125/1/109 114/1/103
f 197/1/181 149/1/133 126/1/115 173/1/157
f 139/1/131 150/1/139 199/1/191 186/1/175
f 187/1/179 198/1/187 175/1/167 162/1/151
usemtl gold
f 209/1/1 212/1/2 213/1/3 215/1/4
f 210/1/5 214/1/6 213/1/7 212/1/8
f 211/1/9 215/1/10 213/1/11 214/1/12
f 216/1/13 219/1/14 220/1/15 222/1/16
f 217/1/17 221/1/18 220/1/19 219/1/20
f 218/1/21 222/1/22 220/1/23 221/1/24
f 223/1/25 226/1/26 227/1/27 229/1/28
f 224/1/29 228/1/30 227/1/31 226/1/32
f 225/1/33 229/1/34 227/1/35 228/1/36
f 230/1/37 233/1/38 234/1/39 236/1/40
f 231/1/41 235/1/42 234/1/43 233/1/44
f 232/1/45 236/1/46 234/1/47 235/1/48
f 237/1/49 240/1/50 241/1/51 243/1/52
f 238/1/53 242/1/54 241/1/55 240/1/56
f 239/1/57 243/1/58 241/1/59 242/1/60
f 244/1/61 247/1/62 248/1/63 250/1/64
f 245/1/65 249/1/66 248/1/67 247/1/68
f 246/1/69 250/1/70 248/1/71 249/1/72
f 251/1/73 254/1/74 255/1/75 257/1/76
f 252/1/77 256/1/78 255/1/79 254/1/80
f 253/1/81 257/1/82 255/1/83 256/1/84
f 258/1/85 261/1/86 262/1/87 264/1/88
f 259/1/89 263/1/90 262/1/91 261/1/92
f 260/1/93 264/1/94 262/1/95 263/1/96
f 223/1/25 209/1/1 215/1/4 226/1/26
f 226/1/32 215/1/10 211/1/9 224/1/29
f 210/1/5 216/1/13 222/1/16 214/1/6
f 214/1/12 222/1/22 218/1/21 211/1/9
f 217/1/17 230/1/37 236/1/40 221/1/18
f 221/1/24 236/1/46 232/1/45 218/1/21
f 231/1/41 225/1/33 228/1/36 235/1/42
f 235/1/48 228/1/30 224/1/29 232/1/45
f 251/1/73 223/1/25 229/1/28 254/1/74
f 254/1/80 229/1/34 225/1/33 252/1/77
f 230/1/37 258/1/85 264/1/88 233/1/38
f 233/1/44 264/1/94 260/1/93 231/1/41
f 259/1/89 253/1/81 256/1/84 263/1/90
f 263/1/96 256/1/78 252/1/77 260/1/93
f 237/1/49 251/1/73 257/1/76 240/1/50
f 240/1/56 257/1/82 253/1/81 238/1/53
f 258/1/85 244/1/61 250/1/64 261/1/86
f 261/1/92 250/1/70 246/1/69 259/1/89
f 245/1/65 239/1/57 242/1/60 249/1/66
f 249/1/72 242/1/54 238/1/53 246/1/69
f 209/1/1 237/1/49 243/1/52 212/1/2
f 212/1/8 243/1/58 239/1/57 210/1/5
f 244/1/61 217/1/17 219/1/20 247/1/62
f 247/1/68 219/1/14 216/1/13 245/1/65
f 223/1/25 251/1/73 237/1/49 209/1/1
f 211/1/9 218/1/21 232/1/45 224/1/29
f 239/1/57 245/1/65 216/1/13 210/1/5
f 258/1/85 230/1/37 217/1/17 244/1/61
f 225/1/33 231/1/41 260/1/93 252/1/77
f 253/1/81 259/1/89 246/1/69 238/1/53
f 265/1/1 268/1/2 269/1/3 271/1/4
f 266/1/5 270/1/6 269/1/7 268/1/8
f 267/1/9 271/1/10 269/1/11 270/1/12
f 272/1/13 275/1/14 276/1/15 278/1/16
f 273/1/17 277/1/18 276/1/19 275/1/20
f 274/1/21 278/1/22 276/1/23 277/1/24
f 279/1/25 282/1/26 283/1/27 285/1/28
f 280/1/29 284/1/30 283/1/31 282/1/32
f 281/1/33 285/1/34 283/1/35 284/1/36
f 286/1/37 289/1/38 290/1/39 292/1/40
f 287/1/41 291/1/42 290/1/43 289/1/44
f 288/1/45 292/1/46 290/1/47 291/1/48
f 293/1/49 296/1/50 297/1/51 299/1/52
f 294/1/53 298/1/54 297/1/55 296/1/56
f 295/1/57 299/1/58 297/1/59 298/1/60
f 300/1/61 303/1/62 304/1/63 306/1/64
f 301/1/65 305/1/66 304/1/67 303/1/68
f 302/1/69 306/1/70 304/1/71 305/1/72
f 307/1/73 310/1/74 311/1/75 313/1/76
f 308/1/77 312/1/78 311/1/79 310/1/80
f 309/1/81 313/1/82 311/1/83 312/1/84
f 314/1/85 317/1/86 318/1/87 320/1/88
f 315/1/89 319/1/90 318/1/91 317/1/92
f 316/1/93 320/1/94 318/1/95 319/1/96
f 279/1/25 265/1/1 271/1/4 282/1/26
f 282/1/32 271/1/10 267/1/9 280/1/29
f 266/1/5 272/1/13 278/1/16 270/1/6
f 270/1/12 278/1/22 274/1/21 267/1/9
f 273/1/17 286/1/37 292/1/40 277/1/18
f 277/1/24 292/1/46 288/1/45 274/1/21
f 287/1/41 281/1/33 284/1/36 291/1/42
f 291/1/48 284/1/30 280/1/29 288/1/45
f 307/1/73 279/1/25 285/1/28 310/1/74
f 310/1/80 285/1/34 281/1/33 308/1/77
f 286/1/37 314/1/85 320/1/88 289/1/38
f 289/1/44 320/1/94 316/1/93 287/1/41
f 315/1/89 309/1/81 312/1/84 319/1/90
f 319/1/96 312/1/78 308/1/77 316/1/93
f 293/1/49 307/1/73 313/1/76 296/1/50
f 296/1/56 313/1/82 309/1/81 294/1/53
f 314/1/85 300/1/61 306/1/64 317/1/86
f 317/1/92 306/1/70 302/1/69 315/1/89
f 301/1/65 295/1/57 298/1/60 305/1/66
f 305/1/72 298/1/54 294/1/53 302/1/69
f 265/1/1 293/1/49 299/1/52 268/1/2
f 268/1/8 299/1/58 295/1/57 266/1/5
f 300/1/61 273/1/17 275/1/20 303/1/62
f 303/1/68 275/1/14 272/1/13 301/1/65
f 279/1/25 307/1/73 293/1/49 265/1/1
f 267/1/9 274/1/21 288/1/45 280/1/29
f 295/1/57 301/1/65 272/1/13 266/1/5
f 314/1/85 286/1/37 273/1/17 300/1/61
f 281/1/33 287/1/41 316/1/93 308/1/77
f 309/1/81 315/1/89 302/1/69 294/1/53
usemtl ketchup
f 321/1/1 324/1/2 325/1/3 327/1/4
f 322/1/5 326/1/6 325/1/7 324/1/8
f 323/1/9 327/1/10 325/1/11 326/1/12
f 328/1/13 331/1/14 332/1/15 334/1/16
f 329/1/17 333/1/18 332/1/19 331/1/20
f 330/1/21 334/1/22 332/1/23 333/1/24
f 335/1/25 338/1/26 339/1/27 341/1/28
f 336/1/29 340/1/30 339/1/31 338/1/32
f 337/1/33 341/1/34 339/1/193 340/1/36
f 342/1/37 345/1/38 346/1/39 348/1/40
f 343/1/41 347/1/42 346/1/43 345/1/44
f 344/1/45 348/1/46 346/1/47 347/1/48
f 349/1/49 352/1/50 353/1/51 355/1/52
f 350/1/53 354/1/54 353/1/55 352/1/56
f 351/1/57 355/1/58 353/1/59 354/1/60
f 356/1/61 359/1/62 360/1/63 362/1/64
f 357/1/65 361/1/66 360/1/67 359/1/68
f 358/1/69 362/1/70 360/1/71 361/1/72
f 363/1/73 366/1/74 367/1/75 369/1/76
f 364/1/77 368/1/78 367/1/194 366/1/80
f 365/1/81 369/1/82 367/1/83 368/1/84
f 370/1/85 373/1/86 374/1/87 376/1/88
f 371/1/89 375/1/90 374/1/91 373/1/92
f 372/1/93 376/1/94 374/1/95 375/1/96
f 335/1/25 321/1/1 327/1/4 338/1/26
f 338/1/32 327/1/10 323/1/9 336/1/29
f 322/1/5 328/1/13 334/1/16 326/1/6
f 326/1/12 334/1/22 330/1/21 323/1/9
f 329/1/17 342/1/37 348/1/40 333/1/18
f 333/1/24 348/1/46 344/1/45 330/1/21
f 343/1/41 337/1/33 340/1/36 347/1/42
f 347/1/48 340/1/30 336/1/29 344/1/45
f 363/1/73 335/1/25 341/1/28 366/1/74
f 366/1/80 341/1/34 337/1/33 364/1/77
f 342/1/37 370/1/85 376/1/88 345/1/38
f 345/1/44 376/1/94 372/1/93 343/1/41
f 371/1/89 365/1/81 368/1/84 375/1/90
f 375/1/96 368/1/78 364/1/77 372/1/93
f 349/1/49 363/1/73 369/1/76 352/1/50
f 352/1/56 369/1/82 365/1/81 350/1/53
f 370/1/85 356/1/61 362/1/64 373/1/86
f 373/1/92 362/1/70 358/1/69 371/1/89
f 357/1/65 351/1/57 354/1/60 361/1/66
f 361/1/72 354/1/54 350/1/53 358/1/69
f 321/1/1 349/1/49 355/1/52 324/1/2
f 324/1/8 355/1/58 351/1/57 322/1/5
f 356/1/61 329/1/17 331/1/20 359/1/62
f 359/1/68 331/1/14 328/1/13 357/1/65
f 335/1/25 363/1/73 349/1/49 321/1/1
f 323/1/9 330/1/21 344/1/45 336/1/29
f 351/1/57 357/1/65 328/1/13 322/1/5
f 370/1/85 342/1/37 329/1/17 356/1/61
f 337/1/33 343/1/41 372/1/93 364/1/77
f 365/1/81 371/1/89 358/1/69 350/1/53
f 631/2/509 629/3/509 630/4/509
f 632/5/509 629/3/509 631/2/509
f 632/5/509 628/6/509 629/3/509
f 627/1/509 628/6/509 632/5/509
f 635/3/510 637/2/510 636/4/510
f 635/3/510 638/5/510 637/2/510
f 634/6/510 638/5/510 635/3/510
f 634/6/510 633/1/510 638/5/510
f 633/7/511 639/8/512 644/9/513 638/10/514
f 634/11/515 640/12/516 639/13/512 633/1/511
f 635/14/517 641/15/518 640/12/516 634/11/515
f 636/16/519 642/17/520 641/15/521 635/14/522
f 637/18/523 643/19/524 642/17/520 636/16/519
f 638/10/525 644/9/526 643/19/524 637/18/523
f 639/8/512 645/20/527 650/21/528 644/9/513
f 640/12/516 646/22/529 645/23/527 639/13/512
f 641/15/518 647/24/530 646/22/529 640/12/516
f 642/17/520 648/25/531 647/24/532 641/15/521
f 643/19/524 649/26/533 648/25/531 642/17/520
f 644/9/526 650/21/534 649/26/533 643/19/524
f 645/20/527 651/27/535 656/28/536 650/21/528
f 646/22/529 652/29/537 651/30/535 645/23/527
f 647/24/530 653/31/538 652/29/537 646/22/529
f 648/25/531 654/32/539 653/31/540 647/24/532
f 649/26/533 655/33/541 654/32/539 648/25/531
f 650/21/534 656/28/542 655/33/541 649/26/533
f 651/27/535 657/34/543 662/35/544 656/28/536
f 652/29/537 658/36/545 657/6/543 651/30/535
f 653/31/538 659/37/546 658/36/545 652/29/537
f 654/32/539 660/38/547 659/37/548 653/31/540
f 655/33/541 661/39/549 660/38/547 654/32/539
f 656/28/542 662/35/550 661/39/549 655/33/541
f 657/34/543 663/40/551 668/41/552 662/35/544
f 658/36/545 664/42/553 663/43/551 657/6/543
f 659/37/546 665/44/554 664/42/553 658/36/545
f 660/38/547 666/45/555 665/44/556 659/37/548
f 661/39/549 667/46/557 666/45/555 660/38/547
f 662/35/550 668/41/558 667/46/557 661/39/549
f 663/40/551 669/47/559 674/48/560 668/41/552
f 664/42/553 670/49/561 669/50/559 663/43/551
f 665/44/554 671/51/562 670/49/561 664/42/553
f 666/45/555 672/52/563 671/51/564 665/44/556
f 667/46/557 673/53/565 672/52/563 666/45/555
f 668/41/558 674/48/566 673/53/565 667/46/557
f 669/47/559 675/54/567 680/55/568 674/48/560
f 670/49/561 676/56/569 675/57/567 669/50/559
f 671/51/562 677/58/570 676/56/569 670/49/561
f 672/52/563 678/59/571 677/58/572 671/51/564
f 673/53/565 679/60/573 678/59/571 672/52/563
f 674/48/566 680/55/574 679/60/573 673/53/565
f 675/54/567 681/61/575 686/62/576 680/55/568
f 676/56/569 682/63/577 681/3/575 675/57/567
f 677/58/570 683/64/578 682/63/577 676/56/569
f 678/59/571 684/65/579 683/64/580 677/58/572
f 679/60/573 685/66/581 684/65/579 678/59/571
f 680/55/574 686/62/582 685/66/581 679/60/573
f 681/61/575 687/67/583 692/68/584 686/62/576
f 682/63/577 688/69/585 687/70/583 681/3/575
f 683/64/578 689/71/586 688/69/585 682/63/577
f 684/65/579 690/72/587 689/71/588 683/64/580
f 685/66/581 691/73/589 690/72/587 684/65/579
f 686/62/582 692/68/590 691/73/589 685/66/581
f 687/67/583 693/74/591 698/75/592 692/68/584
f 688/69/585 694/76/593 693/77/591 687/70/583
f 689/71/586 695/78/594 694/76/593 688/69/585
f 690/72/587 696/79/595 695/78/596 689/71/588
f 691/73/589 697/80/597 696/79/595 690/72/587
f 692/68/590 698/75/598 697/80/597 691/73/589
f 693/74/591 699/81/599 704/82/600 698/75/592
f 694/76/593 700/83/601 699/84/599 693/77/591
f 695/78/594 701/85/602 700/83/601 694/76/593
f 696/79/595 702/86/603 701/85/604 695/78/596
f 697/80/597 703/87/605 702/86/603 696/79/595
f 698/75/598 704/82/606 703/87/605 697/80/597
f 699/81/599 705/88/607 710/89/608 704/82/600
f 700/83/601 706/90/609 705/4/607 699/84/599
f 701/85/602 707/91/610 706/90/609 700/83/601
f 702/86/603 708/92/611 707/91/612 701/85/604
f 703/87/605 709/93/613 708/92/611 702/86/603
f 704/82/606 710/89/614 709/93/613 703/87/605
f 705/88/607 711/94/615 716/95/616 710/89/608
f 706/90/609 712/96/617 711/97/615 705/4/607
f 707/91/610 713/98/618 712/96/617 706/90/609
f 708/92/611 714/99/619 713/98/620 707/91/612
f 709/93/613 715/100/621 714/99/619 708/92/611
f 710/89/614 716/95/622 715/100/621 709/93/613
f 711/94/615 717/101/623 722/102/624 716/95/616
f 712/96/617 718/103/625 717/104/623 711/97/615
f 713/98/618 719/105/626 718/103/625 712/96/617
f 714/99/619 720/106/627 719/105/628 713/98/620
f 715/100/621 721/107/629 720/106/627 714/99/619
f 716/95/622 722/102/630 721/107/629 715/100/621
f 717/101/623 723/108/631 728/109/632 722/102/624
f 718/103/625 724/110/633 723/111/631 717/104/623
f 719/105/626 725/112/634 724/110/633 718/103/625
f 720/106/627 726/113/635 725/112/636 719/105/628
f 721/107/629 727/114/637 726/113/635 720/106/627
f 722/102/630 728/109/638 727/114/637 721/107/629
f 723/108/631 729/115/639 734/116/640 728/109/632
f 724/110/633 730/117/641 729/2/639 723/111/631
f 725/112/634 731/118/642 730/117/641 724/110/633
f 726/113/635 732/119/643 731/118/644 725/112/636
f 727/114/637 733/120/645 732/119/643 726/113/635
f 728/109/638 734/116/646 733/120/645 727/114/637
f 729/115/639 735/121/647 740/122/648 734/116/640
f 730/117/641 736/123/649 735/124/647 729/2/639
f 731/118/642 737/125/650 736/123/649 730/117/641
f 732/119/643 738/126/651 737/125/652 731/118/644
f 733/120/645 739/127/653 738/126/651 732/119/643
f 734/116/646 740/122/654 739/127/653 733/120/645
f 735/121/647 741/128/655 746/129/656 740/122/648
f 736/123/649 742/130/657 741/131/655 735/124/647
f 737/125/650 743/132/658 742/130/657 736/123/649
f 738/126/651 744/133/659 743/132/660 737/125/652
f 739/127/653 745/134/661 744/133/659 738/126/651
f 740/122/654 746/129/662 745/134/661 739/127/653
f 741/128/655 747/135/663 752/136/664 746/129/656
f 742/130/657 748/137/665 747/138/663 741/131/655
f 743/132/658 749/139/666 748/137/665 742/130/657
f 744/133/659 750/140/667 749/139/668 743/132/660
f 745/134/661 751/141/669 750/140/667 744/133/659
f 746/129/662 752/136/670 751/141/669 745/134/661
f 747/135/663 627/142/671 632/143/672 752/136/664
f 748/137/665 628/144/673 627/5/671 747/138/663
f 749/139/666 629/145/674 628/144/673 748/137/665
f 750/140/667 630/146/675 629/145/676 749/139/668
f 751/141/669 631/147/677 630/146/675 750/140/667
f 752/136/670 632/143/678 631/147/677 751/141/669
f 879/1/849 881/1/850 880/1/851
f 879/1/849 882/1/852 881/1/850
f 879/1/849 883/1/853 882/1/852
f 879/1/849 884/1/854 883/1/853
f 879/1/849 885/1/855 884/1/854
f 879/1/849 886/1/856 885/1/855
f 879/1/849 887/1/857 886/1/856
f 879/1/849 888/1/858 887/1/857
f 879/1/849 889/1/859 888/1/858
f 879/1/849 890/1/860 889/1/859
f 879/1/849 891/1/861 890/1/860
f 879/1/849 880/1/851 891/1/861
f 880/1/851 881/1/850 893/1/862 892/1/863
f 881/1/850 882/1/852 894/1/864 893/1/862
f 882/1/852 883/1/853 895/1/865 894/1/864
f 883/1/853 884/1/854 896/1/866 895/1/865
f 884/1/854 885/1/855 897/1/867 896/1/866
f 885/1/855 886/1/856 898/1/868 897/1/867
f 886/1/856 887/1/857 899/1/869 898/1/868
f 887/1/857 888/1/858 900/1/870 899/1/869
f 888/1/858 889/1/859 901/1/871 900/1/870
f 889/1/859 890/1/860 902/1/872 901/1/871
f 890/1/860 891/1/861 903/1/873 902/1/872
f 891/1/861 880/1/851 892/1/863 903/1/873
f 892/1/863 893/1/862 905/1/874 904/1/875
f 893/1/862 894/1/864 906/1/876 905/1/874
f 894/1/864 895/1/865 907/1/877 906/1/876
f 895/1/865 896/1/866 908/1/878 907/1/877
f 896/1/866 897/1/867 909/1/879 908/1/878
f 897/1/867 898/1/868 910/1/880 909/1/879
f 898/1/868 899/1/869 911/1/881 910/1/880
f 899/1/869 900/1/870 912/1/882 911/1/881
f 900/1/870 901/1/871 913/1/883 912/1/882
f 901/1/871 902/1/872 914/1/884 913/1/883
f 902/1/872 903/1/873 915/1/885 914/1/884
f 903/1/873 892/1/863 904/1/875 915/1/885
f 904/1/875 905/1/874 917/1/886 916/1/887
f 905/1/874 906/1/876 918/1/888 917/1/886
f 906/1/876 907/1/877 919/1/889 918/1/888
f 907/1/877 908/1/878 920/1/890 919/1/889
f 908/1/878 909/1/879 921/1/891 920/1/890
f 909/1/879 910/1/880 922/1/892 921/1/891
f 910/1/880 911/1/881 923/1/893 922/1/892
f 911/1/881 912/1/882 924/1/894 923/1/893
f 912/1/882 913/1/883 925/1/895 924/1/894
f 913/1/883 914/1/884 926/1/896 925/1/895
f 914/1/884 915/1/885 927/1/897 926/1/896
f 915/1/885 904/1/875 916/1/887 927/1/897
f 916/1/887 917/1/886 929/1/898 928/1/899
f 917/1/886 918/1/888 930/1/900 929/1/898
f 918/1/888 919/1/889 931/1/901 930/1/900
f 919/1/889 920/1/890 932/1/902 931/1/901
f 920/1/890 921/1/891 933/1/903 932/1/902
f 921/1/891 922/1/892 934/1/904 933/1/903
f 922/1/892 923/1/893 935/1/905 934/1/904
f 923/1/893 924/1/894 936/1/906 935/1/905
f 924/1/894 925/1/895 937/1/907 936/1/906
f 925/1/895 926/1/896 938/1/908 937/1/907
f 926/1/896 927/1/897 939/1/909 938/1/908
f 927/1/897 916/1/887 928/1/899 939/1/909
f 928/1/899 929/1/898 941/1/910 940/1/911
f 929/1/898 930/1/900 942/1/912 941/1/910
f 930/1/900 931/1/901 943/1/913 942/1/912
f 931/1/901 932/1/902 944/1/914 943/1/913
f 932/1/902 933/1/903 945/1/915 944/1/914
f 933/1/903 934/1/904 946/1/916 945/1/915
f 934/1/904 935/1/905 947/1/917 946/1/916
f 935/1/905 936/1/906 948/1/918 947/1/917
f 936/1/906 937/1/907 949/1/919 948/1/918
f 937/1/907 938/1/908 950/1/920 949/1/919
f 938/1/908 939/1/909 951/1/921 950/1/920
f 939/1/909 928/1/899 940/1/911 951/1/921
f 940/1/911 941/1/910 953/1/922 952/1/923
f 941/1/910 942/1/912 954/1/924 953/1/922
f 942/1/912 943/1/913 955/1/925 954/1/924
f 943/1/913 944/1/914 956/1/926 955/1/925
f 944/1/914 945/1/915 957/1/927 956/1/926
f 945/1/915 946/1/916 958/1/928 957/1/927
f 946/1/916 947/1/917 959/1/929 958/1/928
f 947/1/917 948/1/918 960/1/930 959/1/929
f 948/1/918 949/1/919 961/1/931 960/1/930
f 949/1/919 950/1/920 962/1/932 961/1/931
f 950/1/920 951/1/921 963/1/933 962/1/932
f 951/1/921 940/1/911 952/1/923 963/1/933
f 952/1/923 953/1/922 965/1/934 964/1/935
f 953/1/922 954/1/924 966/1/936 965/1/934
f 954/1/924 955/1/925 967/1/937 966/1/936
f 955/1/925 956/1/926 968/1/938 967/1/937
f 956/1/926 957/1/927 969/1/939 968/1/938
f 957/1/927 958/1/928 970/1/940 969/1/939
f 958/1/928 959/1/929 971/1/941 970/1/940
f 959/1/929 960/1/930 972/1/942 971/1/941
f 960/1/930 961/1/931 973/1/943 972/1/942
f 961/1/931 962/1/932 974/1/944 973/1/943
f 962/1/932 963/1/933 975/1/945 974/1/944
f 963/1/933 952/1/923 964/1/935 975/1/945
f 964/1/935 965/1/934 977/1/946 976/1/947
f 965/1/934 966/1/936 978/1/948 977/1/946
f 966/1/936 967/1/937 979/1/949 978/1/948
f 967/1/937 968/1/938 980/1/950 979/1/949
f 968/1/938 969/1/939 981/1/951 980/1/950
f 969/1/939 970/1/940 982/1/952 981/1/951
f 970/1/940 971/1/941 983/1/953 982/1/952
f 971/1/941 972/1/942 984/1/954 983/1/953
f 972/1/942 973/1/943 985/1/955 984/1/954
f 973/1/943 974/1/944 986/1/956 985/1/955
f 974/1/944 975/1/945 987/1/957 986/1/956
f 975/1/945 964/1/935 976/1/947 987/1/957
f 976/1/947 977/1/946 989/1/958 988/1/959
f 977/1/946 978/1/948 990/1/960 989/1/958
f 978/1/948 979/1/949 991/1/961 990/1/960
f 979/1/949 980/1/950 992/1/962 991/1/961
f 980/1/950 981/1/951 993/1/963 992/1/962
f 981/1/951 982/1/952 994/1/964 993/1/963
f 982/1/952 983/1/953 995/1/965 994/1/964
f 983/1/953 984/1/954 996/1/966 995/1/965
f 984/1/954 985/1/955 997/1/967 996/1/966
f 985/1/955 986/1/956 998/1/968 997/1/967
f 986/1/956 987/1/957 999/1/969 998/1/968
f 987/1/957 976/1/947 988/1/959 999/1/969
f 988/1/959 989/1/958 1000/1/970
f 989/1/958 990/1/960 1000/1/970
f 990/1/960 991/1/961 1000/1/970
f 991/1/961 992/1/962 1000/1/970
f 992/1/962 993/1/963 1000/1/970
f 993/1/963 994/1/964 1000/1/970
f 994/1/964 995/1/965 1000/1/970
f 995/1/965 996/1/966 1000/1/970
f 996/1/966 997/1/967 1000/1/970
f 997/1/967 998/1/968 1000/1/970
f 998/1/968 999/1/969 1000/1/970
f 999/1/969 988/1/959 1000/1/970
f 1025/1/849 1027/1/850 1026/1/851
f 1025/1/849 1028/1/852 1027/1/850
f 1025/1/849 1029/1/853 1028/1/852
f 1025/1/849 1030/1/854 1029/1/853
f 1025/1/849 1031/1/855 1030/1/854
f 1025/1/849 1032/1/856 1031/1/855
f 1025/1/849 1033/1/857 1032/1/856
f 1025/1/849 1034/1/858 1033/1/857
f 1025/1/849 1035/1/859 1034/1/858
f 1025/1/849 1036/1/860 1035/1/859
f 1025/1/849 1037/1/861 1036/1/860
f 1025/1/849 1026/1/851 1037/1/861
f 1026/1/851 1027/1/850 1039/1/862 1038/1/863
f 1027/1/850 1028/1/852 1040/1/864 1039/1/862
f 1028/1/852 1029/1/853 1041/1/865 1040/1/864
f 1029/1/853 1030/1/854 1042/1/866 1041/1/865
f 1030/1/854 1031/1/855 1043/1/867 1042/1/866
f 1031/1/855 1032/1/856 1044/1/868 1043/1/867
f 1032/1/856 1033/1/857 1045/1/869 1044/1/868
f 1033/1/857 1034/1/858 1046/1/870 1045/1/869
f 1034/1/858 1035/1/859 1047/1/871 1046/1/870
f 1035/1/859 1036/1/860 1048/1/872 1047/1/871
f 1036/1/860 1037/1/861 1049/1/873 1048/1/872
f 1037/1/861 1026/1/851 1038/1/863 1049/1/873
f 1038/1/863 1039/1/862 1051/1/874 1050/1/875
f 1039/1/862 1040/1/864 1052/1/876 1051/1/874
f 1040/1/864 1041/1/865 1053/1/877 1052/1/876
f 1041/1/865 1042/1/866 1054/1/878 1053/1/877
f 1042/1/866 1043/1/867 1055/1/879 1054/1/878
f 1043/1/867 1044/1/868 1056/1/880 1055/1/879
f 1044/1/868 1045/1/869 1057/1/881 1056/1/880
f 1045/1/869 1046/1/870 1058/1/882 1057/1/881
f 1046/1/870 1047/1/871 1059/1/883 1058/1/882
f 1047/1/871 1048/1/872 1060/1/884 1059/1/883
f 1048/1/872 1049/1/873 1061/1/885 1060/1/884
f 1049/1/873 1038/1/863 1050/1/875 1061/1/885
f 1050/1/875 1051/1/874 1063/1/886 1062/1/887
f 1051/1/874 1052/1/876 1064/1/888 1063/1/886
f 1052/1/876 1053/1/877 1065/1/889 1064/1/888
f 1053/1/877 1054/1/878 1066/1/890 1065/1/889
f 1054/1/878 1055/1/879 1067/1/891 1066/1/890
f 1055/1/879 1056/1/880 1068/1/892 1067/1/891
f 1056/1/880 1057/1/881 1069/1/893 1068/1/892
f 1057/1/881 1058/1/882 1070/1/894 1069/1/893
f 1058/1/882 1059/1/883 1071/1/895 1070/1/894
f 1059/1/883 1060/1/884 1072/1/896 1071/1/895
f 1060/1/884 1061/1/885 1073/1/897 1072/1/896
f 1061/1/885 1050/1/875 1062/1/887 1073/1/897
f 1062/1/887 1063/1/886 1075/1/898 1074/1/899
f 1063/1/886 1064/1/888 1076/1/900 1075/1/898
f 1064/1/888 1065/1/889 1077/1/901 1076/1/900
f 1065/1/889 1066/1/890 1078/1/902 1077/1/901
f 1066/1/890 1067/1/891 1079/1/903 1078/1/902
f 1067/1/891 1068/1/892 1080/1/904 1079/1/903
f 1068/1/892 1069/1/893 1081/1/905 1080/1/904
f 1069/1/893 1070/1/894 1082/1/906 1081/1/905
f 1070/1/894 1071/1/895 1083/1/907 1082/1/906
f 1071/1/895 1072/1/896 1084/1/908 1083/1/907
f 1072/1/896 1073/1/897 1085/1/909 1084/1/908
f 1073/1/897 1062/1/887 1074/1/899 1085/1/909
f 1074/1/899 1075/1/898 1087/1/910 1086/1/911
f 1075/1/898 1076/1/900 1088/1/912 1087/1/910
f 1076/1/900 1077/1/901 1089/1/913 1088/1/912
f 1077/1/901 1078/1/902 1090/1/914 1089/1/913
f 1078/1/902 1079/1/903 1091/1/915 1090/1/914
f 1079/1/903 1080/1/904 1092/1/916 1091/1/915
f 1080/1/904 1081/1/905 1093/1/917 1092/1/916
f 1081/1/905 1082/1/906 1094/1/918 1093/1/917
f 1082/1/906 1083/1/907 1095/1/919 1094/1/918
f 1083/1/907 1084/1/908 1096/1/920 1095/1/919
f 1084/1/908 1085/1/909 1097/1/921 1096/1/920
f 1085/1/909 1074/1/899 1086/1/911 1097/1/921
f 1086/1/911 1087/1/910 1099/1/922 1098/1/923
f 1087/1/910 1088/1/912 1100/1/924 1099/1/922
f 1088/1/912 1089/1/913 1101/1/925 1100/1/924
f 1089/1/913 1090/1/914 1102/1/926 1101/1/925
f 1090/1/914 1091/1/915 1103/1/927 1102/1/926
f 1091/1/915 1092/1/916 1104/1/928 1103/1/927
f 1092/1/916 1093/1/917 1105/1/929 1104/1/928
f 1093/1/917 1094/1/918 1106/1/930 1105/1/929
f 1094/1/918 1095/1/919 1107/1/931 1106/1/930
f 1095/1/919 1096/1/920 1108/1/932 1107/1/931
f 1096/1/920 1097/1/921 1109/1/933 1108/1/932
f 1097/1/921 1086/1/911 1098/1/923 1109/1/933
f 1098/1/923 1099/1/922 1111/1/934 1110/1/935
f 1099/1/922 1100/1/924 1112/1/936 1111/1/934
f 1100/1/924 1101/1/925 1113/1/937 1112/1/936
f 1101/1/925 1102/1/926 1114/1/938 1113/1/937
f 1102/1/926 1103/1/927 1115/1/939 1114/1/938
f 1103/1/927 1104/1/928 1116/1/940 1115/1/939
f 1104/1/928 1105/1/929 1117/1/941 1116/1/940
f 1105/1/929 1106/1/930 1118/1/942 1117/1/941
f 1106/1/930 1107/1/931 1119/1/943 1118/1/942
f 1107/1/931 1108/1/932 1120/1/944 1119/1/943
f 1108/1/932 1109/1/933 1121/1/945 1120/1/944
f 1109/1/933 1098/1/923 1110/1/935 1121/1/945
f 1110/1/935 1111/1/934 1123/1/946 1122/1/947
f 1111/1/934 1112/1/936 1124/1/948 1123/1/946
f 1112/1/936 1113/1/937 1125/1/949 1124/1/948
f 1113/1/937 1114/1/938 1126/1/950 1125/1/949
f 1114/1/938 1115/1/939 1127/1/951 1126/1/950
f 1115/1/939 1116/1/940 1128/1/952 1127/1/951
f 1116/1/940 1117/1/941 1129/1/953 1128/1/952
f 1117/1/941 1118/1/942 1130/1/954 1129/1/953
f 1118/1/942 1119/1/943 1131/1/955 1130/1/954
f 1119/1/943 1120/1/944 1132/1/956 1131/1/955
f 1120/1/944 1121/1/945 1133/1/957 1132/1/956
f 1121/1/945 1110/1/935 1122/1/947 1133/1/957
f 1122/1/947 1123/1/946 1135/1/958 1134/1/959
f 1123/1/946 1124/1/948 1136/1/960 1135/1/958
f 1124/1/948 1125/1/949 1137/1/961 1136/1/960
f 1125/1/949 1126/1/950 1138/1/962 1137/1/961
f 1126/1/950 1127/1/951 1139/1/963 1138/1/962
f 1127/1/951 1128/1/952 1140/1/964 1139/1/963
f 1128/1/952 1129/1/953 1141/1/965 1140/1/964
f 1129/1/953 1130/1/954 1142/1/966 1141/1/965
f 1130/1/954 1131/1/955 1143/1/967 1142/1/966
f 1131/1/955 1132/1/956 1144/1/968 1143/1/967
f 1132/1/956 1133/1/957 1145/1/969 1144/1/968
f 1133/1/957 1122/1/947 1134/1/959 1145/1/969
f 1134/1/959 1135/1/958 1146/1/970
f 1135/1/958 1136/1/960 1146/1/970
f 1136/1/960 1137/1/961 1146/1/970
f 1137/1/961 1138/1/962 1146/1/970
f 1138/1/962 1139/1/963 1146/1/970
f 1139/1/963 1140/1/964 1146/1/970
f 1140/1/964 1141/1/965 1146/1/970
f 1141/1/965 1142/1/966 1146/1/970
f 1142/1/966 1143/1/967 1146/1/970
f 1143/1/967 1144/1/968 1146/1/970
f 1144/1/968 1145/1/969 1146/1/970
f 1145/1/969 1134/1/959 1146/1/970
usemtl bun
f 377/1/195 379/1/196 378/1/197
f 377/1/195 380/1/198 379/1/196
f 377/1/195 381/1/199 380/1/198
f 377/1/195 382/1/200 381/1/199
f 377/1/195 383/1/201 382/1/200
f 377/1/195 384/1/202 383/1/201
f 377/1/195 385/1/203 384/1/202
f 377/1/195 378/1/197 385/1/203
f 378/1/197 379/1/196 387/1/204 386/1/205
f 379/1/196 380/1/198 388/1/206 387/1/207
f 380/1/198 381/1/199 389/1/208 388/1/209
f 381/1/199 382/1/200 390/1/210 389/1/208
f 382/1/200 383/1/201 391/1/211 390/1/210
f 383/1/201 384/1/202 392/1/212 391/1/213
f 384/1/202 385/1/203 393/1/214 392/1/215
f 385/1/203 378/1/197 386/1/205 393/1/214
f 386/1/205 387/1/204 395/1/216 394/1/217
f 387/1/207 388/1/206 396/1/218 395/1/219
f 388/1/209 389/1/208 397/1/220 396/1/221
f 389/1/208 390/1/210 398/1/222 397/1/220
f 390/1/210 391/1/211 399/1/223 398/1/222
f 391/1/213 392/1/212 400/1/224 399/1/225
f 392/1/215 393/1/214 401/1/226 400/1/227
f 393/1/214 386/1/205 394/1/217 401/1/226
f 394/1/217 395/1/216 403/1/228 402/1/229
f 395/1/219 396/1/218 404/1/230 403/1/231
f 396/1/221 397/1/220 405/1/232 404/1/233
f 397/1/220 398/1/222 406/1/234 405/1/232
f 398/1/222 399/1/223 407/1/235 406/1/234
f 399/1/225 400/1/224 408/1/236 407/1/237
f 400/1/227 401/1/226 409/1/238 408/1/239
f 401/1/226 394/1/217 402/1/229 409/1/238
f 402/1/229 403/1/228 411/1/240 410/1/241
f 403/1/231 404/1/230 412/1/242 411/1/243
f 404/1/233 405/1/232 413/1/244 412/1/245
f 405/1/232 406/1/234 414/1/246 413/1/244
f 406/1/234 407/1/235 415/1/247 414/1/246
f 407/1/237 408/1/236 416/1/248 415/1/249
f 408/1/239 409/1/238 417/1/250 416/1/251
f 409/1/238 402/1/229 410/1/241 417/1/250
f 410/1/241 411/1/240 419/1/252 418/1/253
f 411/1/243 412/1/242 420/1/254 419/1/252
f 412/1/245 413/1/244 421/1/255 420/1/254
f 413/1/244 414/1/246 422/1/256 421/1/255
f 414/1/246 415/1/247 423/1/257 422/1/256
f 415/1/249 416/1/248 424/1/258 423/1/257
f 416/1/251 417/1/250 425/1/259 424/1/258
f 417/1/250 410/1/241 418/1/253 425/1/259
f 418/1/253 419/1/252 426/1/260
f 419/1/252 420/1/254 426/1/260
f 420/1/254 421/1/255 426/1/260
f 421/1/255 422/1/256 426/1/260
f 422/1/256 423/1/257 426/1/260
f 423/1/257 424/1/258 426/1/260
f 424/1/258 425/1/259 426/1/260
f 425/1/259 418/1/253 426/1/260
f 427/1/195 429/1/261 428/1/262
f 427/1/195 430/1/263 429/1/261
f 427/1/195 431/1/264 430/1/263
f 427/1/195 432/1/265 431/1/264
f 427/1/195 433/1/266 432/1/265
f 427/1/195 434/1/267 433/1/266
f 427/1/195 435/1/268 434/1/267
f 427/1/195 428/1/262 435/1/268
f 428/1/262 429/1/261 437/1/269 436/1/270
f 429/1/261 430/1/263 438/1/271 437/1/269
f 430/1/263 431/1/264 439/1/272 438/1/273
f 431/1/264 432/1/265 440/1/274 439/1/275
f 432/1/265 433/1/266 441/1/276 440/1/274
f 433/1/266 434/1/267 442/1/277 441/1/276
f 434/1/267 435/1/268 443/1/278 442/1/279
f 435/1/268 428/1/262 436/1/270 443/1/280
f 436/1/270 437/1/269 445/1/281 444/1/282
f 437/1/269 438/1/271 446/1/283 445/1/281
f 438/1/273 439/1/272 447/1/284 446/1/285
f 439/1/275 440/1/274 448/1/286 447/1/287
f 440/1/274 441/1/276 449/1/288 448/1/286
f 441/1/276 442/1/277 450/1/289 449/1/288
f 442/1/279 443/1/278 451/1/290 450/1/291
f 443/1/280 436/1/270 444/1/282 451/1/292
f 444/1/282 445/1/281 453/1/293 452/1/294
f 445/1/281 446/1/283 454/1/295 453/1/293
f 446/1/285 447/1/284 455/1/296 454/1/297
f 447/1/287 448/1/286 456/1/298 455/1/299
f 448/1/286 449/1/288 457/1/300 456/1/298
f 449/1/288 450/1/289 458/1/301 457/1/300
f 450/1/291 451/1/290 459/1/302 458/1/303
f 451/1/292 444/1/282 452/1/294 459/1/304
f 452/1/294 453/1/293 461/1/305 460/1/306
f 453/1/293 454/1/295 462/1/307 461/1/305
f 454/1/297 455/1/296 463/1/308 462/1/309
f 455/1/299 456/1/298 464/1/310 463/1/311
f 456/1/298 457/1/300 465/1/312 464/1/310
f 457/1/300 458/1/301 466/1/313 465/1/312
f 458/1/303 459/1/302 467/1/314 466/1/315
f 459/1/304 452/1/294 460/1/306 467/1/316
f 460/1/306 461/1/305 469/1/317 468/1/318
f 461/1/305 462/1/307 470/1/319 469/1/317
f 462/1/309 463/1/308 471/1/320 470/1/319
f 463/1/311 464/1/310 472/1/321 471/1/320
f 464/1/310 465/1/312 473/1/322 472/1/321
f 465/1/312 466/1/313 474/1/323 473/1/322
f 466/1/315 467/1/314 475/1/324 474/1/323
f 467/1/316 460/1/306 468/1/318 475/1/324
f 468/1/318 469/1/317 476/1/260
f 469/1/317 470/1/319 476/1/260
f 470/1/319 471/1/320 476/1/260
f 471/1/320 472/1/321 476/1/260
f 472/1/321 473/1/322 476/1/260
f 473/1/322 474/1/323 476/1/260
f 474/1/323 475/1/324 476/1/260
f 475/1/324 468/1/318 476/1/260
f 477/1/325 479/1/326 478/1/327
f 477/1/325 480/1/328 479/1/326
f 477/1/329 481/1/330 480/1/331
f 477/1/329 482/1/332 481/1/330
f 477/1/329 483/1/333 482/1/332
f 477/1/329 484/1/334 483/1/333
f 477/1/325 485/1/335 484/1/336
f 477/1/325 478/1/327 485/1/335
f 478/1/327 479/1/326 487/1/337 486/1/338
f 479/1/326 480/1/328 488/1/339 487/1/337
f 480/1/331 481/1/330 489/1/340 488/1/341
f 481/1/330 482/1/332 490/1/342 489/1/340
f 482/1/332 483/1/333 491/1/343 490/1/342
f 483/1/333 484/1/334 492/1/344 491/1/343
f 484/1/336 485/1/335 493/1/345 492/1/346
f 485/1/335 478/1/327 486/1/338 493/1/345
f 486/1/338 487/1/337 495/1/347 494/1/348
f 487/1/337 488/1/339 496/1/349 495/1/347
f 488/1/341 489/1/340 497/1/350 496/1/351
f 489/1/340 490/1/342 498/1/352 497/1/350
f 490/1/342 491/1/343 499/1/353 498/1/352
f 491/1/343 492/1/344 500/1/354 499/1/353
f 492/1/346 493/1/345 501/1/355 500/1/356
f 493/1/345 486/1/338 494/1/348 501/1/355
f 494/1/348 495/1/347 503/1/357 502/1/358
f 495/1/347 496/1/349 504/1/359 503/1/357
f 496/1/351 497/1/350 505/1/360 504/1/361
f 497/1/350 498/1/352 506/1/362 505/1/360
f 498/1/352 499/1/353 507/1/363 506/1/362
f 499/1/353 500/1/354 508/1/364 507/1/363
f 500/1/356 501/1/355 509/1/365 508/1/366
f 501/1/355 494/1/348 502/1/358 509/1/365
f 502/1/358 503/1/357 511/1/367 510/1/368
f 503/1/357 504/1/359 512/1/369 511/1/367
f 504/1/361 505/1/360 513/1/370 512/1/371
f 505/1/360 506/1/362 514/1/372 513/1/370
f 506/1/362 507/1/363 515/1/373 514/1/372
f 507/1/363 508/1/364 516/1/374 515/1/373
f 508/1/366 509/1/365 517/1/375 516/1/376
f 509/1/365 502/1/358 510/1/368 517/1/375
f 510/1/368 511/1/367 519/1/377 518/1/378
f 511/1/367 512/1/369 520/1/379 519/1/377
f 512/1/371 513/1/370 521/1/380 520/1/381
f 513/1/370 514/1/372 522/1/382 521/1/380
f 514/1/372 515/1/373 523/1/383 522/1/382
f 515/1/373 516/1/374 524/1/384 523/1/383
f 516/1/376 517/1/375 525/1/385 524/1/386
f 517/1/375 510/1/368 518/1/378 525/1/385
f 518/1/378 519/1/377 526/1/387
f 519/1/377 520/1/379 526/1/387
f 520/1/381 521/1/380 526/1/388
f 521/1/380 522/1/382 526/1/388
f 522/1/382 523/1/383 526/1/388
f 523/1/383 524/1/384 526/1/388
f 524/1/386 525/1/385 526/1/387
f 525/1/385 518/1/378 526/1/387
f 1373/1/980 1375/1/1181 1374/1/1182
f 1373/1/980 1376/1/1183 1375/1/1181
f 1373/1/980 1377/1/1184 1376/1/1183
f 1373/1/980 1378/1/1185 1377/1/1184
f 1373/1/980 1379/1/1186 1378/1/1185
f 1373/1/980 1380/1/1187 1379/1/1186
f 1373/1/980 1381/1/1188 1380/1/1187
f 1373/1/980 1382/1/1189 1381/1/1188
f 1373/1/980 1383/1/1190 1382/1/1189
f 1373/1/980 1384/1/1191 1383/1/1190
f 1373/1/980 1385/1/1192 1384/1/1191
f 1373/1/980 1386/1/1193 1385/1/1192
f 1373/1/980 1387/1/1194 1386/1/1193
f 1373/1/980 1388/1/1195 1387/1/1194
f 1373/1/980 1389/1/1196 1388/1/1195
f 1373/1/980 1374/1/1182 1389/1/1196
f 1374/1/1182 1375/1/1181 1391/1/1197 1390/1/1198
f 1375/1/1181 1376/1/1183 1392/1/1199 1391/1/1197
f 1376/1/1183 1377/1/1184 1393/1/1200 1392/1/1199
f 1377/1/1184 1378/1/1185 1394/1/1201 1393/1/1200
f 1378/1/1185 1379/1/1186 1395/1/1202 1394/1/1201
f 1379/1/1186 1380/1/1187 1396/1/1203 1395/1/1202
f 1380/1/1187 1381/1/1188 1397/1/1204 1396/1/1203
f 1381/1/1188 1382/1/1189 1398/1/1205 1397/1/1204
f 1382/1/1189 1383/1/1190 1399/1/1206 1398/1/1205
f 1383/1/1190 1384/1/1191 1400/1/1207 1399/1/1206
f 1384/1/1191 1385/1/1192 1401/1/1208 1400/1/1207
f 1385/1/1192 1386/1/1193 1402/1/1209 1401/1/1208
f 1386/1/1193 1387/1/1194 1403/1/1210 1402/1/1209
f 1387/1/1194 1388/1/1195 1404/1/1211 1403/1/1210
f 1388/1/1195 1389/1/1196 1405/1/1212 1404/1/1211
f 1389/1/1196 1374/1/1182 1390/1/1198 1405/1/1212
f 1390/1/1198 1391/1/1197 1407/1/1213 1406/1/1214
f 1391/1/1197 1392/1/1199 1408/1/1215 1407/1/1213
f 1392/1/1199 1393/1/1200 1409/1/1216 1408/1/1215
f 1393/1/1200 1394/1/1201 1410/1/1217 1409/1/1216
f 1394/1/1201 1395/1/1202 1411/1/1218 1410/1/1217
f 1395/1/1202 1396/1/1203 1412/1/1219 1411/1/1218
f 1396/1/1203 1397/1/1204 1413/1/1220 1412/1/1219
f 1397/1/1204 1398/1/1205 1414/1/1221 1413/1/1220
f 1398/1/1205 1399/1/1206 1415/1/1222 1414/1/1221
f 1399/1/1206 1400/1/1207 1416/1/1223 1415/1/1222
f 1400/1/1207 1401/1/1208 1417/1/1224 1416/1/1223
f 1401/1/1208 1402/1/1209 1418/1/1225 1417/1/1224
f 1402/1/1209 1403/1/1210 1419/1/1226 1418/1/1225
f 1403/1/1210 1404/1/1211 1420/1/1227 1419/1/1226
f 1404/1/1211 1405/1/1212 1421/1/1228 1420/1/1227
f 1405/1/1212 1390/1/1198 1406/1/1214 1421/1/1228
f 1406/1/1214 1407/1/1213 1423/1/1229 1422/1/1230
f 1407/1/1213 1408/1/1215 1424/1/1231 1423/1/1229
f 1408/1/1215 1409/1/1216 1425/1/1232 1424/1/1231
f 1409/1/1216 1410/1/1217 1426/1/1233 1425/1/1232
f 1410/1/1217 1411/1/1218 1427/1/1234 1426/1/1233
f 1411/1/1218 1412/1/1219 1428/1/1235 1427/1/1234
f 1412/1/1219 1413/1/1220 1429/1/1236 1428/1/1235
f 1413/1/1220 1414/1/1221 1430/1/1237 1429/1/1236
f 1414/1/1221 1415/1/1222 1431/1/1238 1430/1/1237
f 1415/1/1222 1416/1/1223 1432/1/1239 1431/1/1238
f 1416/1/1223 1417/1/1224 1433/1/1240 1432/1/1239
f 1417/1/1224 1418/1/1225 1434/1/1241 1433/1/1240
f 1418/1/1225 1419/1/1226 1435/1/1242 1434/1/1241
f 1419/1/1226 1420/1/1227 1436/1/1243 1435/1/1242
f 1420/1/1227 1421/1/1228 1437/1/1244 1436/1/1243
f 1421/1/1228 1406/1/1214 1422/1/1230 1437/1/1244
f 1422/1/1230 1423/1/1229 1439/1/1245 1438/1/1062
f 1423/1/1229 1424/1/1231 1440/1/1246 1439/1/1245
f 1424/1/1231 1425/1/1232 1441/1/1247 1440/1/1246
f 1425/1/1232 1426/1/1233 1442/1/1248 1441/1/1247
f 1426/1/1233 1427/1/1234 1443/1/1249 1442/1/1248
f 1427/1/1234 1428/1/1235 1444/1/1250 1443/1/1249
f 1428/1/1235 1429/1/1236 1445/1/1251 1444/1/1250
f 1429/1/1236 1430/1/1237 1446/1/1071 1445/1/1251
f 1430/1/1237 1431/1/1238 1447/1/1252 1446/1/1071
f 1431/1/1238 1432/1/1239 1448/1/1253 1447/1/1252
f 1432/1/1239 1433/1/1240 1449/1/1254 1448/1/1253
f 1433/1/1240 1434/1/1241 1450/1/1255 1449/1/1254
f 1434/1/1241 1435/1/1242 1451/1/1256 1450/1/1255
f 1435/1/1242 1436/1/1243 1452/1/1257 1451/1/1256
f 1436/1/1243 1437/1/1244 1453/1/1258 1452/1/1257
f 1437/1/1244 1422/1/1230 1438/1/1062 1453/1/1258
f 1438/1/1062 1439/1/1245 1455/1/1259 1454/1/1082
f 1439/1/1245 1440/1/1246 1456/1/1260 1455/1/1259
f 1440/1/1246 1441/1/1247 1457/1/1261 1456/1/1260
f 1441/1/1247 1442/1/1248 1458/1/1262 1457/1/1261
f 1442/1/1248 1443/1/1249 1459/1/1263 1458/1/1262
f 1443/1/1249 1444/1/1250 1460/1/1264 1459/1/1263
f 1444/1/1250 1445/1/1251 1461/1/1265 1460/1/1264
f 1445/1/1251 1446/1/1071 1462/1/1091 1461/1/1265
f 1446/1/1071 1447/1/1252 1463/1/1266 1462/1/1091
f 1447/1/1252 1448/1/1253 1464/1/1267 1463/1/1266
f 1448/1/1253 1449/1/1254 1465/1/1268 1464/1/1267
f 1449/1/1254 1450/1/1255 1466/1/1269 1465/1/1268
f 1450/1/1255 1451/1/1256 1467/1/1270 1466/1/1269
f 1451/1/1256 1452/1/1257 1468/1/1271 1467/1/1270
f 1452/1/1257 1453/1/1258 1469/1/1272 1468/1/1271
f 1453/1/1258 1438/1/1062 1454/1/1082 1469/1/1272
f 1454/1/1082 1455/1/1259 1471/1/1273 1470/1/1274
f 1455/1/1259 1456/1/1260 1472/1/1275 1471/1/1273
f 1456/1/1260 1457/1/1261 1473/1/1276 1472/1/1275
f 1457/1/1261 1458/1/1262 1474/1/1277 1473/1/1276
f 1458/1/1262 1459/1/1263 1475/1/1278 1474/1/1277
f 1459/1/1263 1460/1/1264 1476/1/1279 1475/1/1278
f 1460/1/1264 1461/1/1265 1477/1/1280 1476/1/1279
f 1461/1/1265 1462/1/1091 1478/1/1281 1477/1/1280
f 1462/1/1091 1463/1/1266 1479/1/1282 1478/1/1281
f 1463/1/1266 1464/1/1267 1480/1/1283 1479/1/1282
f 1464/1/1267 1465/1/1268 1481/1/1284 1480/1/1283
f 1465/1/1268 1466/1/1269 1482/1/1285 1481/1/1284
f 1466/1/1269 1467/1/1270 1483/1/1286 1482/1/1285
f 1467/1/1270 1468/1/1271 1484/1/1287 1483/1/1286
f 1468/1/1271 1469/1/1272 1485/1/1288 1484/1/1287
f 1469/1/1272 1454/1/1082 1470/1/1274 1485/1/1288
f 1470/1/1274 1471/1/1273 1487/1/1289 1486/1/1290
f 1471/1/1273 1472/1/1275 1488/1/1291 1487/1/1289
f 1472/1/1275 1473/1/1276 1489/1/1292 1488/1/1291
f 1473/1/1276 1474/1/1277 1490/1/1293 1489/1/1292
f 1474/1/1277 1475/1/1278 1491/1/1294 1490/1/1293
f 1475/1/1278 1476/1/1279 1492/1/1295 1491/1/1294
f 1476/1/1279 1477/1/1280 1493/1/1296 1492/1/1295
f 1477/1/1280 1478/1/1281 1494/1/1297 1493/1/1296
f 1478/1/1281 1479/1/1282 1495/1/1298 1494/1/1297
f 1479/1/1282 1480/1/1283 1496/1/1299 1495/1/1298
f 1480/1/1283 1481/1/1284 1497/1/1300 1496/1/1299
f 1481/1/1284 1482/1/1285 1498/1/1301 1497/1/1300
f 1482/1/1285 1483/1/1286 1499/1/1302 1498/1/1301
f 1483/1/1286 1484/1/1287 1500/1/1303 1499/1/1302
f 1484/1/1287 1485/1/1288 1501/1/1304 1500/1/1303
f 1485/1/1288 1470/1/1274 1486/1/1290 1501/1/1304
f 1486/1/1290 1487/1/1289 1503/1/1305 1502/1/1306
f 1487/1/1289 1488/1/1291 1504/1/1307 1503/1/1305
f 1488/1/1291 1489/1/1292 1505/1/1308 1504/1/1307
f 1489/1/1292 1490/1/1293 1506/1/1309 1505/1/1308
f 1490/1/1293 1491/1/1294 1507/1/1310 1506/1/1309
f 1491/1/1294 1492/1/1295 1508/1/1311 1507/1/1310
f 1492/1/1295 1493/1/1296 1509/1/1312 1508/1/1311
f 1493/1/1296 1494/1/1297 1510/1/1313 1509/1/1312
f 1494/1/1297 1495/1/1298 1511/1/1314 1510/1/1313
f 1495/1/1298 1496/1/1299 1512/1/1315 1511/1/1314
f 1496/1/1299 1497/1/1300 1513/1/1316 1512/1/1315
f 1497/1/1300 1498/1/1301 1514/1/1317 1513/1/1316
f 1498/1/1301 1499/1/1302 1515/1/1318 1514/1/1317
f 1499/1/1302 1500/1/1303 1516/1/1319 1515/1/1318
f 1500/1/1303 1501/1/1304 1517/1/1320 1516/1/1319
f 1501/1/1304 1486/1/1290 1502/1/1306 1517/1/1320
f 1502/1/1306 1503/1/1305 1519/1/1321 1518/1/1322
f 1503/1/1305 1504/1/1307 1520/1/1323 1519/1/1321
f 1504/1/1307 1505/1/1308 1521/1/1324 1520/1/1323
f 1505/1/1308 1506/1/1309 1522/1/1325 1521/1/1324
f 1506/1/1309 1507/1/1310 1523/1/1326 1522/1/1325
f 1507/1/1310 1508/1/1311 1524/1/1327 1523/1/1326
f 1508/1/1311 1509/1/1312 1525/1/1328 1524/1/1327
f 1509/1/1312 1510/1/1313 1526/1/1329 1525/1/1328
f 1510/1/1313 1511/1/1314 1527/1/1330 1526/1/1329
f 1511/1/1314 1512/1/1315 1528/1/1331 1527/1/1330
f 1512/1/1315 1513/1/1316 1529/1/1332 1528/1/1331
f 1513/1/1316 1514/1/1317 1530/1/1333 1529/1/1332
f 1514/1/1317 1515/1/1318 1531/1/1334 1530/1/1333
f 1515/1/1318 1516/1/1319 1532/1/1335 1531/1/1334
f 1516/1/1319 1517/1/1320 1533/1/1336 1532/1/1335
f 1517/1/1320 1502/1/1306 1518/1/1322 1533/1/1336
f 1518/1/1322 1519/1/1321 1534/1/978
f 1519/1/1321 1520/1/1323 1534/1/978
f 1520/1/1323 1521/1/1324 1534/1/978
f 1521/1/1324 1522/1/1325 1534/1/978
f 1522/1/1325 1523/1/1326 1534/1/978
f 1523/1/1326 1524/1/1327 1534/1/978
f 1524/1/1327 1525/1/1328 1534/1/978
f 1525/1/1328 1526/1/1329 1534/1/978
f 1526/1/1329 1527/1/1330 1534/1/978
f 1527/1/1330 1528/1/1331 1534/1/978
f 1528/1/1331 1529/1/1332 1534/1/978
f 1529/1/1332 1530/1/1333 1534/1/978
f 1530/1/1333 1531/1/1334 1534/1/978
f 1531/1/1334 1532/1/1335 1534/1/978
f 1532/1/1335 1533/1/1336 1534/1/978
f 1533/1/1336 1518/1/1322 1534/1/978
f 1535/1/980 1537/1/1181 1536/1/1182
f 1535/1/980 1538/1/1183 1537/1/1181
f 1535/1/980 1539/1/1184 1538/1/1183
f 1535/1/980 1540/1/1185 1539/1/1184
f 1535/1/980 1541/1/1186 1540/1/1185
f 1535/1/980 1542/1/1187 1541/1/1186
f 1535/1/980 1543/1/1188 1542/1/1187
f 1535/1/980 1544/1/1189 1543/1/1188
f 1535/1/980 1545/1/1190 1544/1/1189
f 1535/1/980 1546/1/1191 1545/1/1190
f 1535/1/980 1547/1/1192 1546/1/1191
f 1535/1/980 1548/1/1193 1547/1/1192
f 1535/1/980 1549/1/1194 1548/1/1193
f 1535/1/980 1550/1/1195 1549/1/1194
f 1535/1/980 1551/1/1196 1550/1/1195
f 1535/1/980 1536/1/1182 1551/1/1196
f 1536/1/1182 1537/1/1181 1553/1/1197 1552/1/1198
f 1537/1/1181 1538/1/1183 1554/1/1199 1553/1/1197
f 1538/1/1183 1539/1/1184 1555/1/1200 1554/1/1199
f 1539/1/1184 1540/1/1185 1556/1/1201 1555/1/1200
f 1540/1/1185 1541/1/1186 1557/1/1202 1556/1/1201
f 1541/1/1186 1542/1/1187 1558/1/1203 1557/1/1202
f 1542/1/1187 1543/1/1188 1559/1/1204 1558/1/1203
f 1543/1/1188 1544/1/1189 1560/1/1205 1559/1/1204
f 1544/1/1189 1545/1/1190 1561/1/1206 1560/1/1205
f 1545/1/1190 1546/1/1191 1562/1/1207 1561/1/1206
f 1546/1/1191 1547/1/1192 1563/1/1208 1562/1/1207
f 1547/1/1192 1548/1/1193 1564/1/1209 1563/1/1208
f 1548/1/1193 1549/1/1194 1565/1/1210 1564/1/1209
f 1549/1/1194 1550/1/1195 1566/1/1211 1565/1/1210
f 1550/1/1195 1551/1/1196 1567/1/1212 1566/1/1211
f 1551/1/1196 1536/1/1182 1552/1/1198 1567/1/1212
f 1552/1/1198 1553/1/1197 1569/1/1213 1568/1/1214
f 1553/1/1197 1554/1/1199 1570/1/1215 1569/1/1213
f 1554/1/1199 1555/1/1200 1571/1/1216 1570/1/1215
f 1555/1/1200 1556/1/1201 1572/1/1217 1571/1/1216
f 1556/1/1201 1557/1/1202 1573/1/1218 1572/1/1217
f 1557/1/1202 1558/1/1203 1574/1/1219 1573/1/1218
f 1558/1/1203 1559/1/1204 1575/1/1220 1574/1/1219
f 1559/1/1204 1560/1/1205 1576/1/1221 1575/1/1220
f 1560/1/1205 1561/1/1206 1577/1/1222 1576/1/1221
f 1561/1/1206 1562/1/1207 1578/1/1223 1577/1/1222
f 1562/1/1207 1563/1/1208 1579/1/1224 1578/1/1223
f 1563/1/1208 1564/1/1209 1580/1/1225 1579/1/1224
f 1564/1/1209 1565/1/1210 1581/1/1226 1580/1/1225
f 1565/1/1210 1566/1/1211 1582/1/1227 1581/1/1226
f 1566/1/1211 1567/1/1212 1583/1/1228 1582/1/1227
f 1567/1/1212 1552/1/1198 1568/1/1214 1583/1/1228
f 1568/1/1214 1569/1/1213 1585/1/1229 1584/1/1230
f 1569/1/1213 1570/1/1215 1586/1/1231 1585/1/1229
f 1570/1/1215 1571/1/1216 1587/1/1232 1586/1/1231
f 1571/1/1216 1572/1/1217 1588/1/1233 1587/1/1232
f 1572/1/1217 1573/1/1218 1589/1/1234 1588/1/1233
f 1573/1/1218 1574/1/1219 1590/1/1235 1589/1/1234
f 1574/1/1219 1575/1/1220 1591/1/1236 1590/1/1235
f 1575/1/1220 1576/1/1221 1592/1/1237 1591/1/1236
f 1576/1/1221 1577/1/1222 1593/1/1238 1592/1/1237
f 1577/1/1222 1578/1/1223 1594/1/1239 1593/1/1238
f 1578/1/1223 1579/1/1224 1595/1/1240 1594/1/1239
f 1579/1/1224 1580/1/1225 1596/1/1241 1595/1/1240
f 1580/1/1225 1581/1/1226 1597/1/1242 1596/1/1241
f 1581/1/1226 1582/1/1227 1598/1/1243 1597/1/1242
f 1582/1/1227 1583/1/1228 1599/1/1244 1598/1/1243
f 1583/1/1228 1568/1/1214 1584/1/1230 1599/1/1244
f 1584/1/1230 1585/1/1229 1601/1/1245 1600/1/1062
f 1585/1/1229 1586/1/1231 1602/1/1246 1601/1/1245
f 1586/1/1231 1587/1/1232 1603/1/1247 1602/1/1246
f 1587/1/1232 1588/1/1233 1604/1/1248 1603/1/1247
f 1588/1/1233 1589/1/1234 1605/1/1249 1604/1/1248
f 1589/1/1234 1590/1/1235 1606/1/1250 1605/1/1249
f 1590/1/1235 1591/1/1236 1607/1/1251 1606/1/1250
f 1591/1/1236 1592/1/1237 1608/1/1071 1607/1/1251
f 1592/1/1237 1593/1/1238 1609/1/1252 1608/1/1071
f 1593/1/1238 1594/1/1239 1610/1/1253 1609/1/1252
f 1594/1/1239 1595/1/1240 1611/1/1254 1610/1/1253
f 1595/1/1240 1596/1/1241 1612/1/1255 1611/1/1254
f 1596/1/1241 1597/1/1242 1613/1/1256 1612/1/1255
f 1597/1/1242 1598/1/1243 1614/1/1257 1613/1/1256
f 1598/1/1243 1599/1/1244 1615/1/1258 1614/1/1257
f 1599/1/1244 1584/1/1230 1600/1/1062 1615/1/1258
f 1600/1/1062 1601/1/1245 1617/1/1259 1616/1/1082
f 1601/1/1245 1602/1/1246 1618/1/1260 1617/1/1259
f 1602/1/1246 1603/1/1247 1619/1/1261 1618/1/1260
f 1603/1/1247 1604/1/1248 1620/1/1262 1619/1/1261
f 1604/1/1248 1605/1/1249 1621/1/1263 1620/1/1262
f 1605/1/1249 1606/1/1250 1622/1/1264 1621/1/1263
f 1606/1/1250 1607/1/1251 1623/1/1265 1622/1/1264
f 1607/1/1251 1608/1/1071 1624/1/1091 1623/1/1265
f 1608/1/1071 1609/1/1252 1625/1/1266 1624/1/1091
f 1609/1/1252 1610/1/1253 1626/1/1267 1625/1/1266
f 1610/1/1253 1611/1/1254 1627/1/1268 1626/1/1267
f 1611/1/1254 1612/1/1255 1628/1/1269 1627/1/1268
f 1612/1/1255 1613/1/1256 1629/1/1270 1628/1/1269
f 1613/1/1256 1614/1/1257 1630/1/1271 1629/1/1270
f 1614/1/1257 1615/1/1258 1631/1/1272 1630/1/1271
f 1615/1/1258 1600/1/1062 1616/1/1082 1631/1/1272
f 1616/1/1082 1617/1/1259 1633/1/1273 1632/1/1274
f 1617/1/1259 1618/1/1260 1634/1/1275 1633/1/1273
f 1618/1/1260 1619/1/1261 1635/1/1276 1634/1/1275
f 1619/1/1261 1620/1/1262 1636/1/1277 1635/1/1276
f 1620/1/1262 1621/1/1263 1637/1/1278 1636/1/1277
f 1621/1/1263 1622/1/1264 1638/1/1279 1637/1/1278
f 1622/1/1264 1623/1/1265 1639/1/1280 1638/1/1279
f 1623/1/1265 1624/1/1091 1640/1/1281 1639/1/1280
f 1624/1/1091 1625/1/1266 1641/1/1282 1640/1/1281
f 1625/1/1266 1626/1/1267 1642/1/1283 1641/1/1282
f 1626/1/1267 1627/1/1268 1643/1/1284 1642/1/1283
f 1627/1/1268 1628/1/1269 1644/1/1285 1643/1/1284
f 1628/1/1269 1629/1/1270 1645/1/1286 1644/1/1285
f 1629/1/1270 1630/1/1271 1646/1/1287 1645/1/1286
f 1630/1/1271 1631/1/1272 1647/1/1288 1646/1/1287
f 1631/1/1272 1616/1/1082 1632/1/1274 1647/1/1288
f 1632/1/1274 1633/1/1273 1649/1/1289 1648/1/1290
f 1633/1/1273 1634/1/1275 1650/1/1291 1649/1/1289
f 1634/1/1275 1635/1/1276 1651/1/1292 1650/1/1291
f 1635/1/1276 1636/1/1277 1652/1/1293 1651/1/1292
f 1636/1/1277 1637/1/1278 1653/1/1294 1652/1/1293
f 1637/1/1278 1638/1/1279 1654/1/1295 1653/1/1294
f 1638/1/1279 1639/1/1280 1655/1/1296 1654/1/1295
f 1639/1/1280 1640/1/1281 1656/1/1297 1655/1/1296
f 1640/1/1281 1641/1/1282 1657/1/1298 1656/1/1297
f 1641/1/1282 1642/1/1283 1658/1/1299 1657/1/1298
f 1642/1/1283 1643/1/1284 1659/1/1300 1658/1/1299
f 1643/1/1284 1644/1/1285 1660/1/1301 1659/1/1300
f 1644/1/1285 1645/1/1286 1661/1/1302 1660/1/1301
f 1645/1/1286 1646/1/1287 1662/1/1303 1661/1/1302
f 1646/1/1287 1647/1/1288 1663/1/1304 1662/1/1303
f 1647/1/1288 1632/1/1274 1648/1/1290 1663/1/1304
f 1648/1/1290 1649/1/1289 1665/1/1305 1664/1/1306
f 1649/1/1289 1650/1/1291 1666/1/1307 1665/1/1305
f 1650/1/1291 1651/1/1292 1667/1/1308 1666/1/1307
f 1651/1/1292 1652/1/1293 1668/1/1309 1667/1/1308
f 1652/1/1293 1653/1/1294 1669/1/1310 1668/1/1309
f 1653/1/1294 1654/1/1295 1670/1/1311 1669/1/1310
f 1654/1/1295 1655/1/1296 1671/1/1312 1670/1/1311
f 1655/1/1296 1656/1/1297 1672/1/1313 1671/1/1312
f 1656/1/1297 1657/1/1298 1673/1/1314 1672/1/1313
f 1657/1/1298 1658/1/1299 1674/1/1315 1673/1/1314
f 1658/1/1299 1659/1/1300 1675/1/1316 1674/1/1315
f 1659/1/1300 1660/1/1301 1676/1/1317 1675/1/1316
f 1660/1/1301 1661/1/1302 1677/1/1318 1676/1/1317
f 1661/1/1302 1662/1/1303 1678/1/1319 1677/1/1318
f 1662/1/1303 1663/1/1304 1679/1/1320 1678/1/1319
f 1663/1/1304 1648/1/1290 1664/1/1306 1679/1/1320
f 1664/1/1306 1665/1/1305 1681/1/1321 1680/1/1322
f 1665/1/1305 1666/1/1307 1682/1/1323 1681/1/1321
f 1666/1/1307 1667/1/1308 1683/1/1324 1682/1/1323
f 1667/1/1308 1668/1/1309 1684/1/1325 1683/1/1324
f 1668/1/1309 1669/1/1310 1685/1/1326 1684/1/1325
f 1669/1/1310 1670/1/1311 1686/1/1327 1685/1/1326
f 1670/1/1311 1671/1/1312 1687/1/1328 1686/1/1327
f 1671/1/1312 1672/1/1313 1688/1/1329 1687/1/1328
f 1672/1/1313 1673/1/1314 1689/1/1330 1688/1/1329
f 1673/1/1314 1674/1/1315 1690/1/1331 1689/1/1330
f 1674/1/1315 1675/1/1316 1691/1/1332 1690/1/1331
f 1675/1/1316 1676/1/1317 1692/1/1333 1691/1/1332
f 1676/1/1317 1677/1/1318 1693/1/1334 1692/1/1333
f 1677/1/1318 1678/1/1319 1694/1/1335 1693/1/1334
f 1678/1/1319 1679/1/1320 1695/1/1336 1694/1/1335
f 1679/1/1320 1664/1/1306 1680/1/1322 1695/1/1336
f 1680/1/1322 1681/1/1321 1696/1/978
f 1681/1/1321 1682/1/1323 1696/1/978
f 1682/1/1323 1683/1/1324 1696/1/978
f 1683/1/1324 1684/1/1325 1696/1/978
f 1684/1/1325 1685/1/1326 1696/1/978
f 1685/1/1326 1686/1/1327 1696/1/978
f 1686/1/1327 1687/1/1328 1696/1/978
f 1687/1/1328 1688/1/1329 1696/1/978
f 1688/1/1329 1689/1/1330 1696/1/978
f 1689/1/1330 1690/1/1331 1696/1/978
f 1690/1/1331 1691/1/1332 1696/1/978
f 1691/1/1332 1692/1/1333 1696/1/978
f 1692/1/1333 1693/1/1334 1696/1/978
f 1693/1/1334 1694/1/1335 1696/1/978
f 1694/1/1335 1695/1/1336 1696/1/978
f 1695/1/1336 1680/1/1322 1696/1/978
f 1697/1/195 1699/1/1337 1698/1/1338
f 1697/1/195 1700/1/1339 1699/1/1337
f 1697/1/195 1701/1/1340 1700/1/1339
f 1697/1/195 1702/1/1341 1701/1/1340
f 1697/1/195 1703/1/1342 1702/1/1341
f 1697/1/195 1704/1/1343 1703/1/1342
f 1697/1/195 1705/1/1344 1704/1/1343
f 1697/1/195 1706/1/1345 1705/1/1344
f 1697/1/195 1707/1/1346 1706/1/1345
f 1697/1/195 1708/1/1347 1707/1/1346
f 1697/1/195 1709/1/1348 1708/1/1347
f 1697/1/195 1710/1/1349 1709/1/1348
f 1697/1/195 1711/1/1350 1710/1/1349
f 1697/1/195 1698/1/1338 1711/1/1350
f 1698/1/1338 1699/1/1337 1713/1/1351 1712/1/1352
f 1699/1/1337 1700/1/1339 1714/1/1353 1713/1/1351
f 1700/1/1339 1701/1/1340 1715/1/1354 1714/1/1353
f 1701/1/1340 1702/1/1341 1716/1/1355 1715/1/1354
f 1702/1/1341 1703/1/1342 1717/1/1356 1716/1/1355
f 1703/1/1342 1704/1/1343 1718/1/1357 1717/1/1356
f 1704/1/1343 1705/1/1344 1719/1/1358 1718/1/1357
f 1705/1/1344 1706/1/1345 1720/1/1359 1719/1/1358
f 1706/1/1345 1707/1/1346 1721/1/1360 1720/1/1359
f 1707/1/1346 1708/1/1347 1722/1/1361 1721/1/1360
f 1708/1/1347 1709/1/1348 1723/1/1362 1722/1/1361
f 1709/1/1348 1710/1/1349 1724/1/1363 1723/1/1362
f 1710/1/1349 1711/1/1350 1725/1/1364 1724/1/1363
f 1711/1/1350 1698/1/1338 1712/1/1352 1725/1/1364
f 1712/1/1352 1713/1/1351 1727/1/1365 1726/1/1366
f 1713/1/1351 1714/1/1353 1728/1/1367 1727/1/1365
f 1714/1/1353 1715/1/1354 1729/1/1368 1728/1/1367
f 1715/1/1354 1716/1/1355 1730/1/1369 1729/1/1368
f 1716/1/1355 1717/1/1356 1731/1/1370 1730/1/1369
f 1717/1/1356 1718/1/1357 1732/1/1371 1731/1/1370
f 1718/1/1357 1719/1/1358 1733/1/1372 1732/1/1371
f 1719/1/1358 1720/1/1359 1734/1/1373 1733/1/1372
f 1720/1/1359 1721/1/1360 1735/1/1374 1734/1/1373
f 1721/1/1360 1722/1/1361 1736/1/1375 1735/1/1374
f 1722/1/1361 1723/1/1362 1737/1/1376 1736/1/1375
f 1723/1/1362 1724/1/1363 1738/1/1377 1737/1/1376
f 1724/1/1363 1725/1/1364 1739/1/1378 1738/1/1377
f 1725/1/1364 1712/1/1352 1726/1/1366 1739/1/1378
f 1726/1/1366 1727/1/1365 1741/1/1379 1740/1/1380
f 1727/1/1365 1728/1/1367 1742/1/1381 1741/1/1379
f 1728/1/1367 1729/1/1368 1743/1/1382 1742/1/1381
f 1729/1/1368 1730/1/1369 1744/1/1383 1743/1/1382
f 1730/1/1369 1731/1/1370 1745/1/1384 1744/1/1383
f 1731/1/1370 1732/1/1371 1746/1/1385 1745/1/1384
f 1732/1/1371 1733/1/1372 1747/1/1386 1746/1/1385
f 1733/1/1372 1734/1/1373 1748/1/1387 1747/1/1386
f 1734/1/1373 1735/1/1374 1749/1/1388 1748/1/1387
f 1735/1/1374 1736/1/1375 1750/1/1389 1749/1/1388
f 1736/1/1375 1737/1/1376 1751/1/1390 1750/1/1389
f 1737/1/1376 1738/1/1377 1752/1/1391 1751/1/1390
f 1738/1/1377 1739/1/1378 1753/1/1392 1752/1/1391
f 1739/1/1378 1726/1/1366 1740/1/1380 1753/1/1392
f 1740/1/1380 1741/1/1379 1755/1/1393 1754/1/1394
f 1741/1/1379 1742/1/1381 1756/1/1395 1755/1/1393
f 1742/1/1381 1743/1/1382 1757/1/1396 1756/1/1395
f 1743/1/1382 1744/1/1383 1758/1/1397 1757/1/1396
f 1744/1/1383 1745/1/1384 1759/1/1398 1758/1/1397
f 1745/1/1384 1746/1/1385 1760/1/1399 1759/1/1398
f 1746/1/1385 1747/1/1386 1761/1/1400 1760/1/1399
f 1747/1/1386 1748/1/1387 1762/1/1401 1761/1/1400
f 1748/1/1387 1749/1/1388 1763/1/1402 1762/1/1401
f 1749/1/1388 1750/1/1389 1764/1/1403 1763/1/1402
f 1750/1/1389 1751/1/1390 1765/1/1404 1764/1/1403
f 1751/1/1390 1752/1/1391 1766/1/1405 1765/1/1404
f 1752/1/1391 1753/1/1392 1767/1/1406 1766/1/1405
f 1753/1/1392 1740/1/1380 1754/1/1394 1767/1/1406
f 1754/1/1394 1755/1/1393 1769/1/1407 1768/1/1408
f 1755/1/1393 1756/1/1395 1770/1/1409 1769/1/1407
f 1756/1/1395 1757/1/1396 1771/1/1410 1770/1/1409
f 1757/1/1396 1758/1/1397 1772/1/1411 1771/1/1410
f 1758/1/1397 1759/1/1398 1773/1/1412 1772/1/1411
f 1759/1/1398 1760/1/1399 1774/1/1413 1773/1/1412
f 1760/1/1399 1761/1/1400 1775/1/1414 1774/1/1413
f 1761/1/1400 1762/1/1401 1776/1/1415 1775/1/1414
f 1762/1/1401 1763/1/1402 1777/1/1416 1776/1/1415
f 1763/1/1402 1764/1/1403 1778/1/1417 1777/1/1416
f 1764/1/1403 1765/1/1404 1779/1/1418 1778/1/1417
f 1765/1/1404 1766/1/1405 1780/1/1419 1779/1/1418
f 1766/1/1405 1767/1/1406 1781/1/1420 1780/1/1419
f 1767/1/1406 1754/1/1394 1768/1/1408 1781/1/1420
f 1768/1/1408 1769/1/1407 1783/1/1421 1782/1/1422
f 1769/1/1407 1770/1/1409 1784/1/1423 1783/1/1421
f 1770/1/1409 1771/1/1410 1785/1/1424 1784/1/1423
f 1771/1/1410 1772/1/1411 1786/1/1425 1785/1/1424
f 1772/1/1411 1773/1/1412 1787/1/1426 1786/1/1425
f 1773/1/1412 1774/1/1413 1788/1/1427 1787/1/1426
f 1774/1/1413 1775/1/1414 1789/1/1428 1788/1/1427
f 1775/1/1414 1776/1/1415 1790/1/1429 1789/1/1428
f 1776/1/1415 1777/1/1416 1791/1/1430 1790/1/1429
f 1777/1/1416 1778/1/1417 1792/1/1431 1791/1/1430
f 1778/1/1417 1779/1/1418 1793/1/1432 1792/1/1431
f 1779/1/1418 1780/1/1419 1794/1/1433 1793/1/1432
f 1780/1/1419 1781/1/1420 1795/1/1434 1794/1/1433
f 1781/1/1420 1768/1/1408 1782/1/1422 1795/1/1434
f 1782/1/1422 1783/1/1421 1797/1/1435 1796/1/1436
f 1783/1/1421 1784/1/1423 1798/1/1437 1797/1/1435
f 1784/1/1423 1785/1/1424 1799/1/1438 1798/1/1437
f 1785/1/1424 1786/1/1425 1800/1/1439 1799/1/1438
f 1786/1/1425 1787/1/1426 1801/1/1440 1800/1/1439
f 1787/1/1426 1788/1/1427 1802/1/1441 1801/1/1440
f 1788/1/1427 1789/1/1428 1803/1/1442 1802/1/1441
f 1789/1/1428 1790/1/1429 1804/1/1443 1803/1/1442
f 1790/1/1429 1791/1/1430 1805/1/1444 1804/1/1443
f 1791/1/1430 1792/1/1431 1806/1/1445 1805/1/1444
f 1792/1/1431 1793/1/1432 1807/1/1446 1806/1/1445
f 1793/1/1432 1794/1/1433 1808/1/1447 1807/1/1446
f 1794/1/1433 1795/1/1434 1809/1/1448 1808/1/1447
f 1795/1/1434 1782/1/1422 1796/1/1436 1809/1/1448
f 1796/1/1436 1797/1/1435 1811/1/1449 1810/1/1450
f 1797/1/1435 1798/1/1437 1812/1/1451 1811/1/1449
f 1798/1/1437 1799/1/1438 1813/1/1452 1812/1/1451
f 1799/1/1438 1800/1/1439 1814/1/1453 1813/1/1452
f 1800/1/1439 1801/1/1440 1815/1/1454 1814/1/1453
f 1801/1/1440 1802/1/1441 1816/1/1455 1815/1/1454
f 1802/1/1441 1803/1/1442 1817/1/1456 1816/1/1455
f 1803/1/1442 1804/1/1443 1818/1/1457 1817/1/1456
f 1804/1/1443 1805/1/1444 1819/1/1458 1818/1/1457
f 1805/1/1444 1806/1/1445 1820/1/1459 1819/1/1458
f 1806/1/1445 1807/1/1446 1821/1/1460 1820/1/1459
f 1807/1/1446 1808/1/1447 1822/1/1461 1821/1/1460
f 1808/1/1447 1809/1/1448 1823/1/1462 1822/1/1461
f 1809/1/1448 1796/1/1436 1810/1/1450 1823/1/1462
f 1810/1/1450 1811/1/1449 1825/1/1463 1824/1/1464
f 1811/1/1449 1812/1/1451 1826/1/1465 1825/1/1463
f 1812/1/1451 1813/1/1452 1827/1/1466 1826/1/1465
f 1813/1/1452 1814/1/1453 1828/1/1467 1827/1/1466
f 1814/1/1453 1815/1/1454 1829/1/1468 1828/1/1467
f 1815/1/1454 1816/1/1455 1830/1/1469 1829/1/1468
f 1816/1/1455 1817/1/1456 1831/1/1470 1830/1/1469
f 1817/1/1456 1818/1/1457 1832/1/1471 1831/1/1470
f 1818/1/1457 1819/1/1458 1833/1/1472 1832/1/1471
f 1819/1/1458 1820/1/1459 1834/1/1473 1833/1/1472
f 1820/1/1459 1821/1/1460 1835/1/1474 1834/1/1473
f 1821/1/1460 1822/1/1461 1836/1/1475 1835/1/1474
f 1822/1/1461 1823/1/1462 1837/1/1476 1836/1/1475
f 1823/1/1462 1810/1/1450 1824/1/1464 1837/1/1476
f 1824/1/1464 1825/1/1463 1838/1/260
f 1825/1/1463 1826/1/1465 1838/1/260
f 1826/1/1465 1827/1/1466 1838/1/260
f 1827/1/1466 1828/1/1467 1838/1/260
f 1828/1/1467 1829/1/1468 1838/1/260
f 1829/1/1468 1830/1/1469 1838/1/260
f 1830/1/1469 1831/1/1470 1838/1/260
f 1831/1/1470 1832/1/1471 1838/1/260
f 1832/1/1471 1833/1/1472 1838/1/260
f 1833/1/1472 1834/1/1473 1838/1/260
f 1834/1/1473 1835/1/1474 1838/1/260
f 1835/1/1474 1836/1/1475 1838/1/260
f 1836/1/1475 1837/1/1476 1838/1/260
f 1837/1/1476 1824/1/1464 1838/1/260
usemtl cream
f 527/1/389 529/1/390 528/1/391
f 527/1/389 530/1/392 529/1/390
f 527/1/393 531/1/394 530/1/395
f 527/1/393 532/1/396 531/1/394
f 527/1/393 533/1/397 532/1/396
f 527/1/393 534/1/398 533/1/397
f 527/1/389 535/1/399 534/1/400
f 527/1/389 528/1/391 535/1/399
f 528/1/391 529/1/390 537/1/401 536/1/338
f 529/1/390 530/1/392 538/1/402 537/1/401
f 530/1/395 531/1/394 539/1/403 538/1/404
f 531/1/394 532/1/396 540/1/342 539/1/403
f 532/1/396 533/1/397 541/1/405 540/1/342
f 533/1/397 534/1/398 542/1/406 541/1/405
f 534/1/400 535/1/399 543/1/407 542/1/408
f 535/1/399 528/1/391 536/1/338 543/1/407
f 536/1/338 537/1/401 545/1/409 544/1/348
f 537/1/401 538/1/402 546/1/410 545/1/409
f 538/1/404 539/1/403 547/1/411 546/1/412
f 539/1/403 540/1/342 548/1/352 547/1/411
f 540/1/342 541/1/405 549/1/413 548/1/352
f 541/1/405 542/1/406 550/1/414 549/1/413
f 542/1/408 543/1/407 551/1/415 550/1/416
f 543/1/407 536/1/338 544/1/348 551/1/415
f 544/1/348 545/1/409 553/1/417 552/1/358
f 545/1/409 546/1/410 554/1/418 553/1/417
f 546/1/412 547/1/411 555/1/419 554/1/420
f 547/1/411 548/1/352 556/1/362 555/1/419
f 548/1/352 549/1/413 557/1/421 556/1/362
f 549/1/413 550/1/414 558/1/422 557/1/421
f 550/1/416 551/1/415 559/1/423 558/1/424
f 551/1/415 544/1/348 552/1/358 559/1/423
f 552/1/358 553/1/417 561/1/425 560/1/368
f 553/1/417 554/1/418 562/1/426 561/1/425
f 554/1/420 555/1/419 563/1/427 562/1/428
f 555/1/419 556/1/362 564/1/372 563/1/427
f 556/1/362 557/1/421 565/1/429 564/1/372
f 557/1/421 558/1/422 566/1/430 565/1/429
f 558/1/424 559/1/423 567/1/431 566/1/432
f 559/1/423 552/1/358 560/1/368 567/1/431
f 560/1/368 561/1/425 569/1/433 568/1/434
f 561/1/425 562/1/426 570/1/435 569/1/433
f 562/1/428 563/1/427 571/1/436 570/1/437
f 563/1/427 564/1/372 572/1/438 571/1/436
f 564/1/372 565/1/429 573/1/439 572/1/438
f 565/1/429 566/1/430 574/1/440 573/1/439
f 566/1/432 567/1/431 575/1/441 574/1/442
f 567/1/431 560/1/368 568/1/434 575/1/441
f 568/1/434 569/1/433 576/1/443
f 569/1/433 570/1/435 576/1/443
f 570/1/437 571/1/436 576/1/444
f 571/1/436 572/1/438 576/1/444
f 572/1/438 573/1/439 576/1/444
f 573/1/439 574/1/440 576/1/444
f 574/1/442 575/1/441 576/1/443
f 575/1/441 568/1/434 576/1/443
usemtl sausage
f 577/1/445 579/1/446 578/1/447
f 577/1/445 580/1/448 579/1/446
f 577/1/449 581/1/450 580/1/451
f 577/1/449 582/1/452 581/1/450
f 577/1/449 583/1/453 582/1/452
f 577/1/449 584/1/454 583/1/453
f 577/1/445 585/1/455 584/1/456
f 577/1/445 578/1/447 585/1/455
f 578/1/447 579/1/446 587/1/457 586/1/458
f 579/1/446 580/1/448 588/1/459 587/1/457
f 580/1/451 581/1/450 589/1/460 588/1/461
f 581/1/450 582/1/452 590/1/462 589/1/460
f 582/1/452 583/1/453 591/1/463 590/1/462
f 583/1/453 584/1/454 592/1/464 591/1/463
f 584/1/456 585/1/455 593/1/465 592/1/466
f 585/1/455 578/1/447 586/1/458 593/1/465
f 586/1/458 587/1/457 595/1/467 594/1/468
f 587/1/457 588/1/459 596/1/469 595/1/467
f 588/1/461 589/1/460 597/1/470 596/1/471
f 589/1/460 590/1/462 598/1/472 597/1/470
f 590/1/462 591/1/463 599/1/473 598/1/472
f 591/1/463 592/1/464 600/1/474 599/1/473
f 592/1/466 593/1/465 601/1/475 600/1/476
f 593/1/465 586/1/458 594/1/468 601/1/475
f 594/1/468 595/1/467 603/1/477 602/1/478
f 595/1/467 596/1/469 604/1/479 603/1/477
f 596/1/471 597/1/470 605/1/480 604/1/481
f 597/1/470 598/1/472 606/1/482 605/1/480
f 598/1/472 599/1/473 607/1/483 606/1/482
f 599/1/473 600/1/474 608/1/484 607/1/483
f 600/1/476 601/1/475 609/1/485 608/1/486
f 601/1/475 594/1/468 602/1/478 609/1/485
f 602/1/478 603/1/477 611/1/487 610/1/488
f 603/1/477 604/1/479 612/1/489 611/1/487
f 604/1/481 605/1/480 613/1/490 612/1/491
f 605/1/480 606/1/482 614/1/492 613/1/490
f 606/1/482 607/1/483 615/1/493 614/1/492
f 607/1/483 608/1/484 616/1/494 615/1/493
f 608/1/486 609/1/485 617/1/495 616/1/496
f 609/1/485 602/1/478 610/1/488 617/1/495
f 610/1/488 611/1/487 619/1/497 618/1/498
f 611/1/487 612/1/489 620/1/499 619/1/497
f 612/1/491 613/1/490 621/1/500 620/1/501
f 613/1/490 614/1/492 622/1/502 621/1/500
f 614/1/492 615/1/493 623/1/503 622/1/502
f 615/1/493 616/1/494 624/1/504 623/1/503
f 616/1/496 617/1/495 625/1/505 624/1/506
f 617/1/495 610/1/488 618/1/498 625/1/505
f 618/1/498 619/1/497 626/1/507
f 619/1/497 620/1/499 626/1/507
f 620/1/501 621/1/500 626/1/508
f 621/1/500 622/1/502 626/1/508
f 622/1/502 623/1/503 626/1/508
f 623/1/503 624/1/504 626/1/508
f 624/1/506 625/1/505 626/1/507
f 625/1/505 618/1/498 626/1/507
f 1171/1/980 1173/1/981 1172/1/982
f 1171/1/980 1174/1/983 1173/1/981
f 1171/1/980 1175/1/984 1174/1/983
f 1171/1/980 1176/1/985 1175/1/984
f 1171/1/980 1177/1/986 1176/1/985
f 1171/1/980 1178/1/987 1177/1/986
f 1171/1/980 1179/1/988 1178/1/987
f 1171/1/980 1180/1/989 1179/1/988
f 1171/1/980 1181/1/990 1180/1/989
f 1171/1/980 1182/1/991 1181/1/990
f 1171/1/980 1183/1/992 1182/1/991
f 1171/1/980 1184/1/993 1183/1/992
f 1171/1/980 1185/1/994 1184/1/993
f 1171/1/980 1186/1/995 1185/1/994
f 1171/1/980 1187/1/996 1186/1/995
f 1171/1/980 1188/1/997 1187/1/996
f 1171/1/980 1189/1/998 1188/1/997
f 1171/1/980 1190/1/999 1189/1/998
f 1171/1/980 1191/1/1000 1190/1/999
f 1171/1/980 1172/1/982 1191/1/1000
f 1172/1/982 1173/1/981 1193/1/1001 1192/1/1002
f 1173/1/981 1174/1/983 1194/1/1003 1193/1/1001
f 1174/1/983 1175/1/984 1195/1/1004 1194/1/1003
f 1175/1/984 1176/1/985 1196/1/1005 1195/1/1004
f 1176/1/985 1177/1/986 1197/1/1006 1196/1/1005
f 1177/1/986 1178/1/987 1198/1/1007 1197/1/1006
f 1178/1/987 1179/1/988 1199/1/1008 1198/1/1007
f 1179/1/988 1180/1/989 1200/1/1009 1199/1/1008
f 1180/1/989 1181/1/990 1201/1/1010 1200/1/1009
f 1181/1/990 1182/1/991 1202/1/1011 1201/1/1010
f 1182/1/991 1183/1/992 1203/1/1012 1202/1/1011
f 1183/1/992 1184/1/993 1204/1/1013 1203/1/1012
f 1184/1/993 1185/1/994 1205/1/1014 1204/1/1013
f 1185/1/994 1186/1/995 1206/1/1015 1205/1/1014
f 1186/1/995 1187/1/996 1207/1/1016 1206/1/1015
f 1187/1/996 1188/1/997 1208/1/1017 1207/1/1016
f 1188/1/997 1189/1/998 1209/1/1018 1208/1/1017
f 1189/1/998 1190/1/999 1210/1/1019 1209/1/1018
f 1190/1/999 1191/1/1000 1211/1/1020 1210/1/1019
f 1191/1/1000 1172/1/982 1192/1/1002 1211/1/1020
f 1192/1/1002 1193/1/1001 1213/1/1021 1212/1/1022
f 1193/1/1001 1194/1/1003 1214/1/1023 1213/1/1021
f 1194/1/1003 1195/1/1004 1215/1/1024 1214/1/1023
f 1195/1/1004 1196/1/1005 1216/1/1025 1215/1/1024
f 1196/1/1005 1197/1/1006 1217/1/1026 1216/1/1025
f 1197/1/1006 1198/1/1007 1218/1/1027 1217/1/1026
f 1198/1/1007 1199/1/1008 1219/1/1028 1218/1/1027
f 1199/1/1008 1200/1/1009 1220/1/1029 1219/1/1028
f 1200/1/1009 1201/1/1010 1221/1/1030 1220/1/1029
f 1201/1/1010 1202/1/1011 1222/1/1031 1221/1/1030
f 1202/1/1011 1203/1/1012 1223/1/1032 1222/1/1031
f 1203/1/1012 1204/1/1013 1224/1/1033 1223/1/1032
f 1204/1/1013 1205/1/1014 1225/1/1034 1224/1/1033
f 1205/1/1014 1206/1/1015 1226/1/1035 1225/1/1034
f 1206/1/1015 1207/1/1016 1227/1/1036 1226/1/1035
f 1207/1/1016 1208/1/1017 1228/1/1037 1227/1/1036
f 1208/1/1017 1209/1/1018 1229/1/1038 1228/1/1037
f 1209/1/1018 1210/1/1019 1230/1/1039 1229/1/1038
f 1210/1/1019 1211/1/1020 1231/1/1040 1230/1/1039
f 1211/1/1020 1192/1/1002 1212/1/1022 1231/1/1040
f 1212/1/1022 1213/1/1021 1233/1/1041 1232/1/1042
f 1213/1/1021 1214/1/1023 1234/1/1043 1233/1/1041
f 1214/1/1023 1215/1/1024 1235/1/1044 1234/1/1043
f 1215/1/1024 1216/1/1025 1236/1/1045 1235/1/1044
f 1216/1/1025 1217/1/1026 1237/1/1046 1236/1/1045
f 1217/1/1026 1218/1/1027 1238/1/1047 1237/1/1046
f 1218/1/1027 1219/1/1028 1239/1/1048 1238/1/1047
f 1219/1/1028 1220/1/1029 1240/1/1049 1239/1/1048
f 1220/1/1029 1221/1/1030 1241/1/1050 1240/1/1049
f 1221/1/1030 1222/1/1031 1242/1/1051 1241/1/1050
f 1222/1/1031 1223/1/1032 1243/1/1052 1242/1/1051
f 1223/1/1032 1224/1/1033 1244/1/1053 1243/1/1052
f 1224/1/1033 1225/1/1034 1245/1/1054 1244/1/1053
f 1225/1/1034 1226/1/1035 1246/1/1055 1245/1/1054
f 1226/1/1035 1227/1/1036 1247/1/1056 1246/1/1055
f 1227/1/1036 1228/1/1037 1248/1/1057 1247/1/1056
f 1228/1/1037 1229/1/1038 1249/1/1058 1248/1/1057
f 1229/1/1038 1230/1/1039 1250/1/1059 1249/1/1058
f 1230/1/1039 1231/1/1040 1251/1/1060 1250/1/1059
f 1231/1/1040 1212/1/1022 1232/1/1042 1251/1/1060
f 1232/1/1042 1233/1/1041 1253/1/1061 1252/1/1062
f 1233/1/1041 1234/1/1043 1254/1/1063 1253/1/1061
f 1234/1/1043 1235/1/1044 1255/1/1064 1254/1/1063
f 1235/1/1044 1236/1/1045 1256/1/1065 1255/1/1064
f 1236/1/1045 1237/1/1046 1257/1/1066 1256/1/1065
f 1237/1/1046 1238/1/1047 1258/1/1067 1257/1/1066
f 1238/1/1047 1239/1/1048 1259/1/1068 1258/1/1067
f 1239/1/1048 1240/1/1049 1260/1/1069 1259/1/1068
f 1240/1/1049 1241/1/1050 1261/1/1070 1260/1/1069
f 1241/1/1050 1242/1/1051 1262/1/1071 1261/1/1070
f 1242/1/1051 1243/1/1052 1263/1/1072 1262/1/1071
f 1243/1/1052 1244/1/1053 1264/1/1073 1263/1/1072
f 1244/1/1053 1245/1/1054 1265/1/1074 1264/1/1073
f 1245/1/1054 1246/1/1055 1266/1/1075 1265/1/1074
f 1246/1/1055 1247/1/1056 1267/1/1076 1266/1/1075
f 1247/1/1056 1248/1/1057 1268/1/1077 1267/1/1076
f 1248/1/1057 1249/1/1058 1269/1/1078 1268/1/1077
f 1249/1/1058 1250/1/1059 1270/1/1079 1269/1/1078
f 1250/1/1059 1251/1/1060 1271/1/1080 1270/1/1079
f 1251/1/1060 1232/1/1042 1252/1/1062 1271/1/1080
f 1252/1/1062 1253/1/1061 1273/1/1081 1272/1/1082
f 1253/1/1061 1254/1/1063 1274/1/1083 1273/1/1081
f 1254/1/1063 1255/1/1064 1275/1/1084 1274/1/1083
f 1255/1/1064 1256/1/1065 1276/1/1085 1275/1/1084
f 1256/1/1065 1257/1/1066 1277/1/1086 1276/1/1085
f 1257/1/1066 1258/1/1067 1278/1/1087 1277/1/1086
f 1258/1/1067 1259/1/1068 1279/1/1088 1278/1/1087
f 1259/1/1068 1260/1/1069 1280/1/1089 1279/1/1088
f 1260/1/1069 1261/1/1070 1281/1/1090 1280/1/1089
f 1261/1/1070 1262/1/1071 1282/1/1091 1281/1/1090
f 1262/1/1071 1263/1/1072 1283/1/1092 1282/1/1091
f 1263/1/1072 1264/1/1073 1284/1/1093 1283/1/1092
f 1264/1/1073 1265/1/1074 1285/1/1094 1284/1/1093
f 1265/1/1074 1266/1/1075 1286/1/1095 1285/1/1094
f 1266/1/1075 1267/1/1076 1287/1/1096 1286/1/1095
f 1267/1/1076 1268/1/1077 1288/1/1097 1287/1/1096
f 1268/1/1077 1269/1/1078 1289/1/1098 1288/1/1097
f 1269/1/1078 1270/1/1079 1290/1/1099 1289/1/1098
f 1270/1/1079 1271/1/1080 1291/1/1100 1290/1/1099
f 1271/1/1080 1252/1/1062 1272/1/1082 1291/1/1100
f 1272/1/1082 1273/1/1081 1293/1/1101 1292/1/1102
f 1273/1/1081 1274/1/1083 1294/1/1103 1293/1/1101
f 1274/1/1083 1275/1/1084 1295/1/1104 1294/1/1103
f 1275/1/1084 1276/1/1085 1296/1/1105 1295/1/1104
f 1276/1/1085 1277/1/1086 1297/1/1106 1296/1/1105
f 1277/1/1086 1278/1/1087 1298/1/1107 1297/1/1106
f 1278/1/1087 1279/1/1088 1299/1/1108 1298/1/1107
f 1279/1/1088 1280/1/1089 1300/1/1109 1299/1/1108
f 1280/1/1089 1281/1/1090 1301/1/1110 1300/1/1109
f 1281/1/1090 1282/1/1091 1302/1/1111 1301/1/1110
f 1282/1/1091 1283/1/1092 1303/1/1112 1302/1/1111
f 1283/1/1092 1284/1/1093 1304/1/1113 1303/1/1112
f 1284/1/1093 1285/1/1094 1305/1/1114 1304/1/1113
f 1285/1/1094 1286/1/1095 1306/1/1115 1305/1/1114
f 1286/1/1095 1287/1/1096 1307/1/1116 1306/1/1115
f 1287/1/1096 1288/1/1097 1308/1/1117 1307/1/1116
f 1288/1/1097 1289/1/1098 1309/1/1118 1308/1/1117
f 1289/1/1098 1290/1/1099 1310/1/1119 1309/1/1118
f 1290/1/1099 1291/1/1100 1311/1/1120 1310/1/1119
f 1291/1/1100 1272/1/1082 1292/1/1102 1311/1/1120
f 1292/1/1102 1293/1/1101 1313/1/1121 1312/1/1122
f 1293/1/1101 1294/1/1103 1314/1/1123 1313/1/1121
f 1294/1/1103 1295/1/1104 1315/1/1124 1314/1/1123
f 1295/1/1104 1296/1/1105 1316/1/1125 1315/1/1124
f 1296/1/1105 1297/1/1106 1317/1/1126 1316/1/1125
f 1297/1/1106 1298/1/1107 1318/1/1127 1317/1/1126
f 1298/1/1107 1299/1/1108 1319/1/1128 1318/1/1127
f 1299/1/1108 1300/1/1109 1320/1/1129 1319/1/1128
f 1300/1/1109 1301/1/1110 1321/1/1130 1320/1/1129
f 1301/1/1110 1302/1/1111 1322/1/1131 1321/1/1130
f 1302/1/1111 1303/1/1112 1323/1/1132 1322/1/1131
f 1303/1/1112 1304/1/1113 1324/1/1133 1323/1/1132
f 1304/1/1113 1305/1/1114 1325/1/1134 1324/1/1133
f 1305/1/1114 1306/1/1115 1326/1/1135 1325/1/1134
f 1306/1/1115 1307/1/1116 1327/1/1136 1326/1/1135
f 1307/1/1116 1308/1/1117 1328/1/1137 1327/1/1136
f 1308/1/1117 1309/1/1118 1329/1/1138 1328/1/1137
f 1309/1/1118 1310/1/1119 1330/1/1139 1329/1/1138
f 1310/1/1119 1311/1/1120 1331/1/1140 1330/1/1139
f 1311/1/1120 1292/1/1102 1312/1/1122 1331/1/1140
f 1312/1/1122 1313/1/1121 1333/1/1141 1332/1/1142
f 1313/1/1121 1314/1/1123 1334/1/1143 1333/1/1141
f 1314/1/1123 1315/1/1124 1335/1/1144 1334/1/1143
f 1315/1/1124 1316/1/1125 1336/1/1145 1335/1/1144
f 1316/1/1125 1317/1/1126 1337/1/1146 1336/1/1145
f 1317/1/1126 1318/1/1127 1338/1/1147 1337/1/1146
f 1318/1/1127 1319/1/1128 1339/1/1148 1338/1/1147
f 1319/1/1128 1320/1/1129 1340/1/1149 1339/1/1148
f 1320/1/1129 1321/1/1130 1341/1/1150 1340/1/1149
f 1321/1/1130 1322/1/1131 1342/1/1151 1341/1/1150
f 1322/1/1131 1323/1/1132 1343/1/1152 1342/1/1151
f 1323/1/1132 1324/1/1133 1344/1/1153 1343/1/1152
f 1324/1/1133 1325/1/1134 1345/1/1154 1344/1/1153
f 1325/1/1134 1326/1/1135 1346/1/1155 1345/1/1154
f 1326/1/1135 1327/1/1136 1347/1/1156 1346/1/1155
f 1327/1/1136 1328/1/1137 1348/1/1157 1347/1/1156
f 1328/1/1137 1329/1/1138 1349/1/1158 1348/1/1157
f 1329/1/1138 1330/1/1139 1350/1/1159 1349/1/1158
f 1330/1/1139 1331/1/1140 1351/1/1160 1350/1/1159
f 1331/1/1140 1312/1/1122 1332/1/1142 1351/1/1160
f 1332/1/1142 1333/1/1141 1353/1/1161 1352/1/1162
f 1333/1/1141 1334/1/1143 1354/1/1163 1353/1/1161
f 1334/1/1143 1335/1/1144 1355/1/1164 1354/1/1163
f 1335/1/1144 1336/1/1145 1356/1/1165 1355/1/1164
f 1336/1/1145 1337/1/1146 1357/1/1166 1356/1/1165
f 1337/1/1146 1338/1/1147 1358/1/1167 1357/1/1166
f 1338/1/1147 1339/1/1148 1359/1/1168 1358/1/1167
f 1339/1/1148 1340/1/1149 1360/1/1169 1359/1/1168
f 1340/1/1149 1341/1/1150 1361/1/1170 1360/1/1169
f 1341/1/1150 1342/1/1151 1362/1/1171 1361/1/1170
f 1342/1/1151 1343/1/1152 1363/1/1172 1362/1/1171
f 1343/1/1152 1344/1/1153 1364/1/1173 1363/1/1172
f 1344/1/1153 1345/1/1154 1365/1/1174 1364/1/1173
f 1345/1/1154 1346/1/1155 1366/1/1175 1365/1/1174
f 1346/1/1155 1347/1/1156 1367/1/1176 1366/1/1175
f 1347/1/1156 1348/1/1157 1368/1/1177 1367/1/1176
f 1348/1/1157 1349/1/1158 1369/1/1178 1368/1/1177
f 1349/1/1158 1350/1/1159 1370/1/1179 1369/1/1178
f 1350/1/1159 1351/1/1160 1371/1/1180 1370/1/1179
f 1351/1/1160 1332/1/1142 1352/1/1162 1371/1/1180
f 1352/1/1162 1353/1/1161 1372/1/978
f 1353/1/1161 1354/1/1163 1372/1/978
f 1354/1/1163 1355/1/1164 1372/1/978
f 1355/1/1164 1356/1/1165 1372/1/978
f 1356/1/1165 1357/1/1166 1372/1/978
f 1357/1/1166 1358/1/1167 1372/1/978
f 1358/1/1167 1359/1/1168 1372/1/978
f 1359/1/1168 1360/1/1169 1372/1/978
f 1360/1/1169 1361/1/1170 1372/1/978
f 1361/1/1170 1362/1/1171 1372/1/978
f 1362/1/1171 1363/1/1172 1372/1/978
f 1363/1/1172 1364/1/1173 1372/1/978
f 1364/1/1173 1365/1/1174 1372/1/978
f 1365/1/1174 1366/1/1175 1372/1/978
f 1366/1/1175 1367/1/1176 1372/1/978
f 1367/1/1176 1368/1/1177 1372/1/978
f 1368/1/1177 1369/1/1178 1372/1/978
f 1369/1/1178 1370/1/1179 1372/1/978
f 1370/1/1179 1371/1/1180 1372/1/978
f 1371/1/1180 1352/1/1162 1372/1/978
f 2588/5/2023 2586/150/2023 2587/148/2024
f 2581/1/2023 2586/150/2023 2588/5/2023
f 2581/1/2023 2585/149/2023 2586/150/2023
f 2582/153/2023 2585/149/2023 2581/1/2023
f 2582/153/2023 2584/151/2023 2585/149/2023
f 2583/152/2024 2584/151/2023 2582/153/2023
f 2593/149/2025 2595/148/2025 2594/150/2025
f 2593/149/2025 2596/5/2025 2595/148/2025
f 2592/151/2025 2596/5/2025 2593/149/2025
f 2592/151/2025 2589/1/2025 2596/5/2025
f 2591/152/2025 2589/1/2025 2592/151/2025
f 2591/152/2025 2590/153/2025 2589/1/2025
f 2589/7/2026 2597/74/2027 2604/256/2027 2596/156/2026
f 2590/157/2028 2598/257/2029 2597/77/2029 2589/1/2028
f 2591/160/2030 2599/258/2031 2598/257/2031 2590/157/2030
f 2592/162/2032 2600/259/2033 2599/258/2033 2591/160/2032
f 2593/16/2034 2601/79/2035 2600/259/2036 2592/162/2034
f 2594/165/2037 2602/260/2038 2601/79/2038 2593/16/2037
f 2595/167/2039 2603/261/2040 2602/260/2040 2594/165/2039
f 2596/156/2041 2604/256/2042 2603/261/2042 2595/167/2041
f 2597/74/2027 2581/142/2043 2588/358/2043 2604/256/2027
f 2598/257/2029 2582/359/2044 2581/5/2044 2597/77/2029
f 2599/258/2031 2583/360/2045 2582/359/2045 2598/257/2031
f 2600/259/2033 2584/361/2046 2583/360/2046 2599/258/2033
f 2601/79/2035 2585/146/2047 2584/361/2047 2600/259/2036
f 2602/260/2038 2586/362/2048 2585/146/2048 2601/79/2038
f 2603/261/2040 2587/363/2049 2586/362/2049 2602/260/2040
f 2604/256/2042 2588/358/2050 2587/363/2050 2603/261/2042
f 2808/153/2191 2814/5/2191 2807/1/2191
f 2809/152/2191 2814/5/2191 2808/153/2191
f 2809/152/2191 2813/148/2191 2814/5/2191
f 2810/151/2191 2813/148/2191 2809/152/2191
f 2810/151/2191 2812/150/2191 2813/148/2191
f 2811/149/2191 2812/150/2191 2810/151/2191
f 2820/150/2192 2822/5/2193 2821/148/2192
f 2819/149/2192 2822/5/2193 2820/150/2192
f 2819/149/2192 2815/1/2193 2822/5/2193
f 2818/151/2192 2815/1/2193 2819/149/2192
f 2818/151/2192 2816/153/2193 2815/1/2193
f 2817/152/2193 2816/153/2193 2818/151/2192
f 2815/7/2194 2823/74/2194 2830/256/2194 2822/156/2194
f 2816/157/2195 2824/257/2195 2823/77/2195 2815/1/2195
f 2817/160/2196 2825/258/2196 2824/257/2196 2816/157/2196
f 2818/162/2197 2826/259/2198 2825/258/2198 2817/160/2197
f 2819/16/2199 2827/79/2199 2826/259/2199 2818/162/2199
f 2820/165/2200 2828/260/2200 2827/79/2200 2819/16/2200
f 2821/167/2201 2829/261/2201 2828/260/2201 2820/165/2201
f 2822/156/2202 2830/256/2203 2829/261/2203 2821/167/2202
f 2823/74/2204 2807/142/2204 2814/358/2204 2830/256/2204
f 2824/257/2205 2808/359/2205 2807/5/2205 2823/77/2205
f 2825/258/2206 2809/360/2206 2808/359/2206 2824/257/2206
f 2826/259/2198 2810/361/2207 2809/360/2207 2825/258/2198
f 2827/79/2208 2811/146/2208 2810/361/2208 2826/259/2208
f 2828/260/2209 2812/362/2209 2811/146/2209 2827/79/2209
f 2829/261/2210 2813/363/2210 2812/362/2210 2828/260/2210
f 2830/256/2203 2814/358/2211 2813/363/2211 2829/261/2203
usemtl mustard
f 757/2/679 755/3/679 756/4/679
f 758/5/679 755/3/679 757/2/679
f 758/5/679 754/6/679 755/3/679
f 753/1/679 754/6/679 758/5/679
f 761/3/680 763/2/680 762/4/680
f 761/3/680 764/5/680 763/2/680
f 760/6/680 764/5/680 761/3/680
f 760/6/680 759/1/680 764/5/680
f 759/7/681 765/8/682 770/9/683 764/10/684
f 760/11/685 766/12/686 765/13/682 759/1/681
f 761/14/687 767/15/688 766/12/686 760/11/685
f 762/16/689 768/17/690 767/15/691 761/14/692
f 763/18/693 769/19/694 768/17/690 762/16/689
f 764/10/695 770/9/696 769/19/694 763/18/693
f 765/8/682 771/20/697 776/21/698 770/9/683
f 766/12/686 772/22/699 771/23/697 765/13/682
f 767/15/688 773/24/700 772/22/699 766/12/686
f 768/17/690 774/25/701 773/24/702 767/15/691
f 769/19/694 775/26/703 774/25/701 768/17/690
f 770/9/696 776/21/704 775/26/703 769/19/694
f 771/20/697 777/27/705 782/28/706 776/21/698
f 772/22/699 778/29/707 777/30/705 771/23/697
f 773/24/700 779/31/708 778/29/707 772/22/699
f 774/25/701 780/32/709 779/31/710 773/24/702
f 775/26/703 781/33/711 780/32/709 774/25/701
f 776/21/704 782/28/712 781/33/711 775/26/703
f 777/27/705 783/34/713 788/35/714 782/28/706
f 778/29/707 784/36/715 783/6/713 777/30/705
f 779/31/708 785/37/716 784/36/715 778/29/707
f 780/32/709 786/38/717 785/37/718 779/31/710
f 781/33/711 787/39/719 786/38/717 780/32/709
f 782/28/712 788/35/720 787/39/719 781/33/711
f 783/34/713 789/40/721 794/41/722 788/35/714
f 784/36/715 790/42/723 789/43/721 783/6/713
f 785/37/716 791/44/724 790/42/723 784/36/715
f 786/38/717 792/45/725 791/44/726 785/37/718
f 787/39/719 793/46/727 792/45/725 786/38/717
f 788/35/720 794/41/728 793/46/727 787/39/719
f 789/40/721 795/47/729 800/48/730 794/41/722
f 790/42/723 796/49/731 795/50/729 789/43/721
f 791/44/724 797/51/732 796/49/731 790/42/723
f 792/45/725 798/52/733 797/51/734 791/44/726
f 793/46/727 799/53/735 798/52/733 792/45/725
f 794/41/728 800/48/736 799/53/735 793/46/727
f 795/47/729 801/54/737 806/55/738 800/48/730
f 796/49/731 802/56/739 801/57/737 795/50/729
f 797/51/732 803/58/740 802/56/739 796/49/731
f 798/52/733 804/59/741 803/58/742 797/51/734
f 799/53/735 805/60/743 804/59/741 798/52/733
f 800/48/736 806/55/744 805/60/743 799/53/735
f 801/54/737 807/61/745 812/62/746 806/55/738
f 802/56/739 808/63/747 807/3/745 801/57/737
f 803/58/740 809/64/748 808/63/747 802/56/739
f 804/59/741 810/65/749 809/64/750 803/58/742
f 805/60/743 811/66/751 810/65/749 804/59/741
f 806/55/744 812/62/752 811/66/751 805/60/743
f 807/61/745 813/67/753 818/68/754 812/62/746
f 808/63/747 814/69/755 813/70/753 807/3/745
f 809/64/748 815/71/756 814/69/755 808/63/747
f 810/65/749 816/72/757 815/71/758 809/64/750
f 811/66/751 817/73/759 816/72/757 810/65/749
f 812/62/752 818/68/760 817/73/759 811/66/751
f 813/67/753 819/74/761 824/75/762 818/68/754
f 814/69/755 820/76/763 819/77/761 813/70/753
f 815/71/756 821/78/764 820/76/763 814/69/755
f 816/72/757 822/79/765 821/78/766 815/71/758
f 817/73/759 823/80/767 822/79/765 816/72/757
f 818/68/760 824/75/768 823/80/767 817/73/759
f 819/74/761 825/81/769 830/82/770 824/75/762
f 820/76/763 826/83/771 825/84/769 819/77/761
f 821/78/764 827/85/772 826/83/771 820/76/763
f 822/79/765 828/86/773 827/85/774 821/78/766
f 823/80/767 829/87/775 828/86/773 822/79/765
f 824/75/768 830/82/776 829/87/775 823/80/767
f 825/81/769 831/88/777 836/89/778 830/82/770
f 826/83/771 832/90/779 831/4/777 825/84/769
f 827/85/772 833/91/780 832/90/779 826/83/771
f 828/86/773 834/92/781 833/91/782 827/85/774
f 829/87/775 835/93/783 834/92/781 828/86/773
f 830/82/776 836/89/784 835/93/783 829/87/775
f 831/88/777 837/94/785 842/95/786 836/89/778
f 832/90/779 838/96/787 837/97/785 831/4/777
f 833/91/780 839/98/788 838/96/787 832/90/779
f 834/92/781 840/99/789 839/98/790 833/91/782
f 835/93/783 841/100/791 840/99/789 834/92/781
f 836/89/784 842/95/792 841/100/791 835/93/783
f 837/94/785 843/101/793 848/102/794 842/95/786
f 838/96/787 844/103/795 843/104/793 837/97/785
f 839/98/788 845/105/796 844/103/795 838/96/787
f 840/99/789 846/106/797 845/105/798 839/98/790
f 841/100/791 847/107/799 846/106/797 840/99/789
f 842/95/792 848/102/800 847/107/799 841/100/791
f 843/101/793 849/108/801 854/109/802 848/102/794
f 844/103/795 850/110/803 849/111/801 843/104/793
f 845/105/796 851/112/804 850/110/803 844/103/795
f 846/106/797 852/113/805 851/112/806 845/105/798
f 847/107/799 853/114/807 852/113/805 846/106/797
f 848/102/800 854/109/808 853/114/807 847/107/799
f 849/108/801 855/115/809 860/116/810 854/109/802
f 850/110/803 856/117/811 855/2/809 849/111/801
f 851/112/804 857/118/812 856/117/811 850/110/803
f 852/113/805 858/119/813 857/118/814 851/112/806
f 853/114/807 859/120/815 858/119/813 852/113/805
f 854/109/808 860/116/816 859/120/815 853/114/807
f 855/115/809 861/121/817 866/122/818 860/116/810
f 856/117/811 862/123/819 861/124/817 855/2/809
f 857/118/812 863/125/820 862/123/819 856/117/811
f 858/119/813 864/126/821 863/125/822 857/118/814
f 859/120/815 865/127/823 864/126/821 858/119/813
f 860/116/816 866/122/824 865/127/823 859/120/815
f 861/121/817 867/128/825 872/129/826 866/122/818
f 862/123/819 868/130/827 867/131/825 861/124/817
f 863/125/820 869/132/828 868/130/827 862/123/819
f 864/126/821 870/133/829 869/132/830 863/125/822
f 865/127/823 871/134/831 870/133/829 864/126/821
f 866/122/824 872/129/832 871/134/831 865/127/823
f 867/128/825 873/135/833 878/136/834 872/129/826
f 868/130/827 874/137/835 873/138/833 867/131/825
f 869/132/828 875/139/836 874/137/835 868/130/827
f 870/133/829 876/140/837 875/139/838 869/132/830
f 871/134/831 877/141/839 876/140/837 870/133/829
f 872/129/832 878/136/840 877/141/839 871/134/831
f 873/135/833 753/142/841 758/143/842 878/136/834
f 874/137/835 754/144/843 753/5/841 873/138/833
f 875/139/836 755/145/844 754/144/843 874/137/835
f 876/140/837 756/146/845 755/145/846 875/139/838
f 877/141/839 757/147/847 756/146/845 876/140/837
f 878/136/840 758/143/848 757/147/847 877/141/839
f 2387/148/1854 2385/149/1854 2386/150/1854
f 2388/5/1854 2385/149/1854 2387/148/1854
f 2388/5/1854 2384/151/1854 2385/149/1854
f 2381/1/1854 2384/151/1854 2388/5/1854
f 2381/1/1854 2383/152/1854 2384/151/1854
f 2382/153/1854 2383/152/1854 2381/1/1854
f 2393/149/1855 2395/148/1855 2394/150/1855
f 2392/151/1855 2395/148/1855 2393/149/1855
f 2392/151/1855 2396/5/1855 2395/148/1855
f 2391/152/1855 2396/5/1855 2392/151/1855
f 2391/152/1855 2389/1/1855 2396/5/1855
f 2390/153/1855 2389/1/1855 2391/152/1855
f 2389/7/1856 2397/154/1857 2404/155/1858 2396/156/1856
f 2390/157/1859 2398/158/1860 2397/159/1861 2389/1/1859
f 2391/160/1862 2399/161/1863 2398/158/1864 2390/157/1862
f 2392/162/1865 2400/163/1866 2399/161/1867 2391/160/1865
f 2393/16/1868 2401/164/1869 2400/163/1870 2392/162/1868
f 2394/165/1871 2402/166/1872 2401/164/1873 2393/16/1871
f 2395/167/1874 2403/168/1875 2402/166/1876 2394/165/1874
f 2396/156/1877 2404/155/1878 2403/168/1879 2395/167/1877
f 2397/154/1857 2405/169/1880 2412/170/1880 2404/155/1858
f 2398/158/1860 2406/171/1881 2405/172/1881 2397/159/1861
f 2399/161/1863 2407/173/1882 2406/171/1882 2398/158/1864
f 2400/163/1866 2408/174/1883 2407/173/1883 2399/161/1867
f 2401/164/1869 2409/175/1884 2408/174/1884 2400/163/1870
f 2402/166/1872 2410/176/1885 2409/175/1885 2401/164/1873
f 2403/168/1875 2411/177/1886 2410/176/1886 2402/166/1876
f 2404/155/1878 2412/170/1887 2411/177/1887 2403/168/1879
f 2405/169/1880 2413/178/1888 2420/179/1889 2412/170/1880
f 2406/171/1890 2414/180/1891 2413/181/1892 2405/172/1890
f 2407/173/1893 2415/182/1894 2414/180/1895 2406/171/1893
f 2408/174/1883 2416/183/1896 2415/182/1897 2407/173/1883
f 2409/175/1884 2417/184/1898 2416/183/1899 2408/174/1884
f 2410/176/1900 2418/185/1901 2417/184/1902 2409/175/1900
f 2411/177/1903 2419/186/1904 2418/185/1905 2410/176/1903
f 2412/170/1887 2420/179/1906 2419/186/1907 2411/177/1887
f 2413/178/1888 2421/187/1908 2428/188/1909 2420/179/1889
f 2414/180/1891 2422/189/1910 2421/190/1911 2413/181/1892
f 2415/182/1894 2423/191/1912 2422/189/1912 2414/180/1895
f 2416/183/1896 2424/192/1913 2423/191/1914 2415/182/1897
f 2417/184/1898 2425/193/1915 2424/192/1916 2416/183/1899
f 2418/185/1901 2426/194/1917 2425/193/1918 2417/184/1902
f 2419/186/1904 2427/195/1919 2426/194/1920 2418/185/1905
f 2420/179/1906 2428/188/1921 2427/195/1922 2419/186/1907
f 2421/187/1908 2429/196/1923 2436/197/1924 2428/188/1909
f 2422/189/1910 2430/198/1925 2429/199/1926 2421/190/1911
f 2423/191/1912 2431/200/1927 2430/198/1928 2422/189/1912
f 2424/192/1913 2432/201/1929 2431/200/1930 2423/191/1914
f 2425/193/1915 2433/202/1931 2432/201/1932 2424/192/1916
f 2426/194/1917 2434/203/1933 2433/202/1934 2425/193/1918
f 2427/195/1919 2435/204/1935 2434/203/1936 2426/194/1920
f 2428/188/1921 2436/197/1937 2435/204/1938 2427/195/1922
f 2429/196/1923 2437/40/1939 2444/205/1939 2436/197/1924
f 2430/198/1925 2438/206/1940 2437/43/1940 2429/199/1926
f 2431/200/1927 2439/207/1941 2438/206/1941 2430/198/1928
f 2432/201/1929 2440/208/1942 2439/207/1942 2431/200/1930
f 2433/202/1931 2441/45/1943 2440/208/1943 2432/201/1932
f 2434/203/1933 2442/209/1944 2441/45/1944 2433/202/1934
f 2435/204/1935 2443/210/1945 2442/209/1945 2434/203/1936
f 2436/197/1937 2444/205/1946 2443/210/1946 2435/204/1938
f 2437/40/1939 2445/211/1947 2452/212/1948 2444/205/1939
f 2438/206/1949 2446/213/1950 2445/214/1951 2437/43/1949
f 2439/207/1952 2447/215/1953 2446/213/1954 2438/206/1952
f 2440/208/1942 2448/216/1955 2447/215/1956 2439/207/1942
f 2441/45/1943 2449/217/1957 2448/216/1958 2440/208/1943
f 2442/209/1959 2450/218/1960 2449/217/1961 2441/45/1959
f 2443/210/1962 2451/219/1963 2450/218/1964 2442/209/1962
f 2444/205/1946 2452/212/1965 2451/219/1966 2443/210/1946
f 2445/211/1947 2453/220/1967 2460/221/1968 2452/212/1948
f 2446/213/1950 2454/222/1969 2453/223/1970 2445/214/1951
f 2447/215/1953 2455/224/1971 2454/222/1971 2446/213/1954
f 2448/216/1955 2456/225/1972 2455/224/1973 2447/215/1956
f 2449/217/1957 2457/226/1974 2456/225/1975 2448/216/1958
f 2450/218/1960 2458/227/1976 2457/226/1977 2449/217/1961
f 2451/219/1963 2459/228/1978 2458/227/1979 2450/218/1964
f 2452/212/1965 2460/221/1980 2459/228/1981 2451/219/1966
f 2453/220/1967 2461/229/1982 2468/230/1983 2460/221/1968
f 2454/222/1969 2462/231/1984 2461/232/1985 2453/223/1970
f 2455/224/1971 2463/233/1986 2462/231/1987 2454/222/1971
f 2456/225/1972 2464/234/1988 2463/233/1989 2455/224/1973
f 2457/226/1974 2465/235/1990 2464/234/1991 2456/225/1975
f 2458/227/1976 2466/236/1992 2465/235/1993 2457/226/1977
f 2459/228/1978 2467/237/1994 2466/236/1995 2458/227/1979
f 2460/221/1980 2468/230/1996 2467/237/1997 2459/228/1981
f 2461/229/1982 2469/238/1880 2476/239/1880 2468/230/1983
f 2462/231/1984 2470/240/1881 2469/241/1881 2461/232/1985
f 2463/233/1986 2471/242/1882 2470/240/1882 2462/231/1987
f 2464/234/1988 2472/243/1883 2471/242/1883 2463/233/1989
f 2465/235/1990 2473/244/1884 2472/243/1884 2464/234/1991
f 2466/236/1992 2474/245/1885 2473/244/1885 2465/235/1993
f 2467/237/1994 2475/246/1886 2474/245/1886 2466/236/1995
f 2468/230/1996 2476/239/1887 2475/246/1887 2467/237/1997
f 2469/238/1880 2477/247/1888 2484/248/1889 2476/239/1880
f 2470/240/1890 2478/249/1891 2477/250/1998 2469/241/1890
f 2471/242/1893 2479/251/1894 2478/249/1895 2470/240/1893
f 2472/243/1883 2480/252/1896 2479/251/1897 2471/242/1883
f 2473/244/1884 2481/253/1898 2480/252/1899 2472/243/1884
f 2474/245/1900 2482/254/1901 2481/253/1902 2473/244/1900
f 2475/246/1903 2483/255/1904 2482/254/1905 2474/245/1903
f 2476/239/1887 2484/248/1906 2483/255/1907 2475/246/1887
f 2477/247/1888 2485/74/1908 2492/256/1909 2484/248/1889
f 2478/249/1891 2486/257/1910 2485/77/1911 2477/250/1998
f 2479/251/1894 2487/258/1912 2486/257/1912 2478/249/1895
f 2480/252/1896 2488/259/1913 2487/258/1914 2479/251/1897
f 2481/253/1898 2489/79/1915 2488/259/1916 2480/252/1899
f 2482/254/1901 2490/260/1917 2489/79/1918 2481/253/1902
f 2483/255/1904 2491/261/1919 2490/260/1920 2482/254/1905
f 2484/248/1906 2492/256/1921 2491/261/1922 2483/255/1907
f 2485/74/1908 2493/262/1923 2500/263/1924 2492/256/1909
f 2486/257/1910 2494/264/1925 2493/265/1926 2485/77/1911
f 2487/258/1912 2495/266/1927 2494/264/1928 2486/257/1912
f 2488/259/1913 2496/267/1929 2495/266/1930 2487/258/1914
f 2489/79/1915 2497/268/1931 2496/267/1932 2488/259/1916
f 2490/260/1917 2498/269/1933 2497/268/1934 2489/79/1918
f 2491/261/1919 2499/270/1935 2498/269/1936 2490/260/1920
f 2492/256/1921 2500/263/1937 2499/270/1938 2491/261/1922
f 2493/262/1923 2501/271/1939 2508/272/1939 2500/263/1924
f 2494/264/1925 2502/273/1940 2501/274/1940 2493/265/1926
f 2495/266/1927 2503/275/1941 2502/273/1941 2494/264/1928
f 2496/267/1929 2504/276/1942 2503/275/1942 2495/266/1930
f 2497/268/1931 2505/277/1943 2504/276/1943 2496/267/1932
f 2498/269/1933 2506/278/1944 2505/277/1944 2497/268/1934
f 2499/270/1935 2507/279/1945 2506/278/1945 2498/269/1936
f 2500/263/1937 2508/272/1946 2507/279/1946 2499/270/1938
f 2501/271/1939 2509/280/1947 2516/281/1948 2508/272/1939
f 2502/273/1949 2510/282/1950 2509/283/1951 2501/274/1949
f 2503/275/1952 2511/284/1953 2510/282/1954 2502/273/1952
f 2504/276/1942 2512/285/1955 2511/284/1956 2503/275/1942
f 2505/277/1943 2513/286/1957 2512/285/1958 2504/276/1943
f 2506/278/1959 2514/287/1960 2513/286/1961 2505/277/1959
f 2507/279/1962 2515/288/1963 2514/287/1964 2506/278/1962
f 2508/272/1946 2516/281/1965 2515/288/1966 2507/279/1946
f 2509/280/1947 2517/289/1967 2524/290/1968 2516/281/1948
f 2510/282/1950 2518/291/1969 2517/292/1970 2509/283/1951
f 2511/284/1953 2519/293/1971 2518/291/1971 2510/282/1954
f 2512/285/1955 2520/294/1972 2519/293/1973 2511/284/1956
f 2513/286/1957 2521/295/1974 2520/294/1975 2512/285/1958
f 2514/287/1960 2522/296/1976 2521/295/1977 2513/286/1961
f 2515/288/1963 2523/297/1978 2522/296/1979 2514/287/1964
f 2516/281/1965 2524/290/1980 2523/297/1981 2515/288/1966
f 2517/289/1967 2525/298/1982 2532/299/1983 2524/290/1968
f 2518/291/1969 2526/300/1984 2525/301/1985 2517/292/1970
f 2519/293/1971 2527/302/1986 2526/300/1987 2518/291/1971
f 2520/294/1972 2528/303/1988 2527/302/1989 2519/293/1973
f 2521/295/1974 2529/304/1990 2528/303/1991 2520/294/1975
f 2522/296/1976 2530/305/1992 2529/304/1993 2521/295/1977
f 2523/297/1978 2531/306/1994 2530/305/1995 2522/296/1979
f 2524/290/1980 2532/299/1996 2531/306/1997 2523/297/1981
f 2525/298/1982 2533/108/1880 2540/307/1880 2532/299/1983
f 2526/300/1984 2534/308/1881 2533/111/1881 2525/301/1985
f 2527/302/1986 2535/309/1882 2534/308/1882 2526/300/1987
f 2528/303/1988 2536/310/1883 2535/309/1883 2527/302/1989
f 2529/304/1990 2537/113/1884 2536/310/1884 2528/303/1991
f 2530/305/1992 2538/311/1885 2537/113/1885 2529/304/1993
f 2531/306/1994 2539/312/1886 2538/311/1886 2530/305/1995
f 2532/299/1996 2540/307/1887 2539/312/1887 2531/306/1997
f 2533/108/1880 2541/313/1888 2548/314/1889 2540/307/1880
f 2534/308/1890 2542/315/1891 2541/316/1892 2533/111/1890
f 2535/309/1893 2543/317/1894 2542/315/1895 2534/308/1893
f 2536/310/1883 2544/318/1896 2543/317/1897 2535/309/1883
f 2537/113/1884 2545/319/1898 2544/318/1899 2536/310/1884
f 2538/311/1900 2546/320/1901 2545/319/1902 2537/113/1900
f 2539/312/1903 2547/321/1904 2546/320/1905 2538/311/1903
f 2540/307/1887 2548/314/1906 2547/321/1907 2539/312/1887
f 2541/313/1888 2549/322/1908 2556/323/1909 2548/314/1889
f 2542/315/1891 2550/324/1910 2549/325/1911 2541/316/1892
f 2543/317/1894 2551/326/1912 2550/324/1912 2542/315/1895
f 2544/318/1896 2552/327/1913 2551/326/1914 2543/317/1897
f 2545/319/1898 2553/328/1915 2552/327/1916 2544/318/1899
f 2546/320/1901 2554/329/1917 2553/328/1918 2545/319/1902
f 2547/321/1904 2555/330/1919 2554/329/1920 2546/320/1905
f 2548/314/1906 2556/323/1921 2555/330/1922 2547/321/1907
f 2549/322/1908 2557/331/1923 2564/332/1924 2556/323/1909
f 2550/324/1910 2558/333/1925 2557/334/1926 2549/325/1911
f 2551/326/1912 2559/335/1927 2558/333/1928 2550/324/1912
f 2552/327/1913 2560/336/1929 2559/335/1930 2551/326/1914
f 2553/328/1915 2561/337/1931 2560/336/1932 2552/327/1916
f 2554/329/1917 2562/338/1933 2561/337/1934 2553/328/1918
f 2555/330/1919 2563/339/1935 2562/338/1936 2554/329/1920
f 2556/323/1921 2564/332/1937 2563/339/1938 2555/330/1922
f 2557/331/1923 2565/340/1939 2572/341/1939 2564/332/1924
f 2558/333/1925 2566/342/1940 2565/343/1940 2557/334/1926
f 2559/335/1927 2567/344/1941 2566/342/1941 2558/333/1928
f 2560/336/1929 2568/345/1942 2567/344/1942 2559/335/1930
f 2561/337/1931 2569/346/1943 2568/345/1943 2560/336/1932
f 2562/338/1933 2570/347/1944 2569/346/1944 2561/337/1934
f 2563/339/1935 2571/348/1945 2570/347/1945 2562/338/1936
f 2564/332/1937 2572/341/1946 2571/348/1946 2563/339/1938
f 2565/340/1939 2573/349/1999 2580/350/2000 2572/341/1939
f 2566/342/1949 2574/351/2001 2573/352/2002 2565/343/1949
f 2567/344/1952 2575/353/2003 2574/351/2004 2566/342/1952
f 2568/345/1942 2576/354/2005 2575/353/2006 2567/344/1942
f 2569/346/1943 2577/355/2007 2576/354/2008 2568/345/1943
f 2570/347/1959 2578/356/2009 2577/355/2010 2569/346/1959
f 2571/348/1962 2579/357/2011 2578/356/2012 2570/347/1962
f 2572/341/1946 2580/350/2013 2579/357/2014 2571/348/1946
f 2573/349/1999 2381/142/2015 2388/358/2015 2580/350/2000
f 2574/351/2001 2382/359/2016 2381/5/2016 2573/352/2002
f 2575/353/2003 2383/360/2017 2382/359/2017 2574/351/2004
f 2576/354/2005 2384/361/2018 2383/360/2018 2575/353/2006
f 2577/355/2007 2385/146/2019 2384/361/2019 2576/354/2008
f 2578/356/2009 2386/362/2020 2385/146/2020 2577/355/2010
f 2579/357/2011 2387/363/2021 2386/362/2021 2578/356/2012
f 2580/350/2013 2388/358/2022 2387/363/2022 2579/357/2014
usemtl sausage_dark
f 1001/1/849 1002/1/849 1004/1/971 1003/1/971
f 1003/1/971 1004/1/971 1006/1/972 1005/1/972
f 1005/1/972 1006/1/972 1008/1/260 1007/1/260
f 1007/1/260 1008/1/260 1010/1/973 1009/1/973
f 1009/1/973 1010/1/973 1012/1/974 1011/1/974
f 1011/1/974 1012/1/974 1014/1/970 1013/1/970
f 1013/1/970 1014/1/970 1016/1/975 1015/1/975
f 1015/1/975 1016/1/975 1018/1/976 1017/1/976
f 1017/1/976 1018/1/976 1020/1/195 1019/1/195
f 1019/1/195 1020/1/195 1022/1/977 1021/1/977
f 1004/1/978 1002/1/978 1024/1/978 1022/1/978 1020/1/978 1018/1/978 1016/1/978 1014/1/978 1012/1/978 1010/1/978 1008/1/978 1006/1/978
f 1021/1/977 1022/1/977 1024/1/979 1023/1/979
f 1023/1/979 1024/1/979 1002/1/849 1001/1/849
f 1001/1/980 1003/1/980 1005/1/980 1007/1/980 1009/1/980 1011/1/980 1013/1/980 1015/1/980 1017/1/980 1019/1/980 1021/1/980 1023/1/980
f 1147/1/849 1148/1/849 1150/1/971 1149/1/971
f 1149/1/971 1150/1/971 1152/1/972 1151/1/972
f 1151/1/972 1152/1/972 1154/1/260 1153/1/260
f 1153/1/260 1154/1/260 1156/1/973 1155/1/973
f 1155/1/973 1156/1/973 1158/1/974 1157/1/974
f 1157/1/974 1158/1/974 1160/1/970 1159/1/970
f 1159/1/970 1160/1/970 1162/1/975 1161/1/975
f 1161/1/975 1162/1/975 1164/1/976 1163/1/976
f 1163/1/976 1164/1/976 1166/1/195 1165/1/195
f 1165/1/195 1166/1/195 1168/1/977 1167/1/977
f 1150/1/978 1148/1/978 1170/1/978 1168/1/978 1166/1/978 1164/1/978 1162/1/978 1160/1/978 1158/1/978 1156/1/978 1154/1/978 1152/1/978
f 1167/1/977 1168/1/977 1170/1/979 1169/1/979
f 1169/1/979 1170/1/979 1148/1/849 1147/1/849
f 1147/1/980 1149/1/980 1151/1/980 1153/1/980 1155/1/980 1157/1/980 1159/1/980 1161/1/980 1163/1/980 1165/1/980 1167/1/980 1169/1/980
f 2053/1/1697 2054/1/1698 2055/1/1699
f 2056/1/1700 2057/1/1701 2058/1/1702
f 2059/1/1703 2060/1/1704 2061/1/1705
f 2062/1/1706 2063/1/1707 2064/1/1708
f 2065/1/1709 2066/1/1710 2067/1/1711
f 2068/1/1712 2069/1/1713 2070/1/1714
f 2071/1/1715 2072/1/1716 2073/1/1717
f 2074/1/1718 2075/1/1719 2076/1/1720
f 2059/1/1703 2053/1/1697 2055/1/1699 2060/1/1704
f 2054/1/1698 2056/1/1700 2058/1/1702 2055/1/1699
f 2057/1/1701 2062/1/1706 2064/1/1708 2058/1/1702
f 2063/1/1707 2061/1/1705 2060/1/1704 2064/1/1708
f 2071/1/1715 2059/1/1703 2061/1/1705 2072/1/1716
f 2062/1/1706 2074/1/1718 2076/1/1720 2063/1/1707
f 2075/1/1719 2073/1/1717 2072/1/1716 2076/1/1720
f 2065/1/1709 2071/1/1715 2073/1/1717 2066/1/1710
f 2074/1/1718 2068/1/1712 2070/1/1714 2075/1/1719
f 2069/1/1713 2067/1/1711 2066/1/1710 2070/1/1714
f 2053/1/1697 2065/1/1709 2067/1/1711 2054/1/1698
f 2068/1/1712 2057/1/1701 2056/1/1700 2069/1/1713
f 2059/1/1721 2071/1/1721 2065/1/1721 2053/1/1721
f 2055/1/1722 2058/1/1722 2064/1/1722 2060/1/1722
f 2067/1/970 2069/1/970 2056/1/970 2054/1/970
f 2074/1/1723 2062/1/1723 2057/1/1723 2068/1/1723
f 2061/1/849 2063/1/849 2076/1/849 2072/1/849
f 2073/1/1724 2075/1/1724 2070/1/1724 2066/1/1724
f 2291/1/1726 2292/1/1727 2293/1/1728
f 2294/1/1729 2295/1/1730 2296/1/1731
f 2297/1/1732 2298/1/1733 2299/1/1734
f 2300/1/1735 2301/1/1736 2302/1/1737
f 2303/1/1738 2304/1/1739 2305/1/1740
f 2306/1/1741 2307/1/1742 2308/1/1743
f 2309/1/1744 2310/1/1745 2311/1/1746
f 2312/1/1747 2313/1/1748 2314/1/1749
f 2297/1/1732 2291/1/1726 2293/1/1728 2298/1/1733
f 2292/1/1727 2294/1/1729 2296/1/1731 2293/1/1728
f 2295/1/1730 2300/1/1735 2302/1/1737 2296/1/1731
f 2301/1/1736 2299/1/1734 2298/1/1733 2302/1/1737
f 2309/1/1744 2297/1/1732 2299/1/1734 2310/1/1745
f 2300/1/1735 2312/1/1747 2314/1/1749 2301/1/1736
f 2313/1/1748 2311/1/1746 2310/1/1745 2314/1/1749
f 2303/1/1738 2309/1/1744 2311/1/1746 2304/1/1739
f 2312/1/1747 2306/1/1741 2308/1/1743 2313/1/1748
f 2307/1/1742 2305/1/1740 2304/1/1739 2308/1/1743
f 2291/1/1726 2303/1/1738 2305/1/1740 2292/1/1727
f 2306/1/1741 2295/1/1730 2294/1/1729 2307/1/1742
f 2297/1/1750 2309/1/1750 2303/1/1750 2291/1/1750
f 2293/1/1751 2296/1/1751 2302/1/1751 2298/1/1751
f 2305/1/970 2307/1/970 2294/1/970 2292/1/970
f 2312/1/1752 2300/1/1752 2295/1/1752 2306/1/1752
f 2299/1/849 2301/1/849 2314/1/849 2310/1/849
f 2311/1/1753 2313/1/1753 2308/1/1753 2304/1/1753
f 2320/5/1754 2318/4/1755 2319/2/1754
f 2320/5/1754 2317/3/1755 2318/4/1755
f 2315/1/1755 2317/3/1755 2320/5/1754
f 2315/1/1755 2316/6/1755 2317/3/1755
f 2323/3/1756 2325/2/1757 2324/4/1757
f 2323/3/1756 2326/5/1757 2325/2/1757
f 2322/6/1756 2326/5/1757 2323/3/1756
f 2322/6/1756 2321/1/1757 2326/5/1757
f 2321/7/1758 2327/20/1759 2332/21/1760 2326/10/1758
f 2322/11/1761 2328/22/1762 2327/23/1763 2321/1/1761
f 2323/14/1764 2329/24/1765 2328/22/1765 2322/11/1764
f 2324/16/1766 2330/25/1767 2329/24/1768 2323/14/1766
f 2325/18/1769 2331/26/1770 2330/25/1771 2324/16/1769
f 2326/10/1772 2332/21/1773 2331/26/1774 2325/18/1772
f 2327/20/1759 2333/34/1775 2338/35/1776 2332/21/1760
f 2328/22/1762 2334/36/1777 2333/6/1778 2327/23/1763
f 2329/24/1765 2335/37/1779 2334/36/1779 2328/22/1765
f 2330/25/1767 2336/38/1780 2335/37/1781 2329/24/1768
f 2331/26/1770 2337/39/1782 2336/38/1783 2330/25/1771
f 2332/21/1773 2338/35/1784 2337/39/1784 2331/26/1774
f 2333/34/1775 2339/47/1785 2344/48/1786 2338/35/1776
f 2334/36/1777 2340/49/1787 2339/50/1788 2333/6/1778
f 2335/37/1779 2341/51/1789 2340/49/1789 2334/36/1779
f 2336/38/1780 2342/52/1790 2341/51/1791 2335/37/1781
f 2337/39/1782 2343/53/1792 2342/52/1793 2336/38/1783
f 2338/35/1784 2344/48/1794 2343/53/1794 2337/39/1784
f 2339/47/1785 2345/61/1795 2350/62/1795 2344/48/1786
f 2340/49/1787 2346/63/1796 2345/3/1796 2339/50/1788
f 2341/51/1789 2347/64/1797 2346/63/1797 2340/49/1789
f 2342/52/1790 2348/65/1798 2347/64/1798 2341/51/1791
f 2343/53/1792 2349/66/1799 2348/65/1800 2342/52/1793
f 2344/48/1794 2350/62/1801 2349/66/1801 2343/53/1794
f 2345/61/1795 2351/74/1802 2356/75/1802 2350/62/1795
f 2346/63/1796 2352/76/1803 2351/77/1803 2345/3/1796
f 2347/64/1797 2353/78/1804 2352/76/1804 2346/63/1797
f 2348/65/1798 2354/79/1805 2353/78/1805 2347/64/1798
f 2349/66/1799 2355/80/1806 2354/79/1806 2348/65/1800
f 2350/62/1801 2356/75/1807 2355/80/1807 2349/66/1801
f 2351/74/1802 2357/88/1808 2362/89/1809 2356/75/1802
f 2352/76/1803 2358/90/1810 2357/4/1810 2351/77/1803
f 2353/78/1804 2359/91/1811 2358/90/1812 2352/76/1804
f 2354/79/1805 2360/92/1813 2359/91/1813 2353/78/1805
f 2355/80/1806 2361/93/1814 2360/92/1815 2354/79/1806
f 2356/75/1807 2362/89/1816 2361/93/1816 2355/80/1807
f 2357/88/1808 2363/101/1817 2368/102/1818 2362/89/1809
f 2358/90/1810 2364/103/1819 2363/104/1820 2357/4/1810
f 2359/91/1811 2365/105/1821 2364/103/1821 2358/90/1812
f 2360/92/1813 2366/106/1822 2365/105/1823 2359/91/1813
f 2361/93/1814 2367/107/1824 2366/106/1825 2360/92/1815
f 2362/89/1816 2368/102/1826 2367/107/1826 2361/93/1816
f 2363/101/1817 2369/115/1827 2374/116/1828 2368/102/1818
f 2364/103/1819 2370/117/1829 2369/2/1830 2363/104/1820
f 2365/105/1821 2371/118/1831 2370/117/1831 2364/103/1821
f 2366/106/1822 2372/119/1832 2371/118/1833 2365/105/1823
f 2367/107/1824 2373/120/1834 2372/119/1835 2366/106/1825
f 2368/102/1826 2374/116/1836 2373/120/1836 2367/107/1826
f 2369/115/1827 2375/128/1837 2380/129/1838 2374/116/1828
f 2370/117/1829 2376/130/1839 2375/131/1840 2369/2/1830
f 2371/118/1831 2377/132/1841 2376/130/1841 2370/117/1831
f 2372/119/1832 2378/133/1842 2377/132/1843 2371/118/1833
f 2373/120/1834 2379/134/1844 2378/133/1845 2372/119/1835
f 2374/116/1836 2380/129/1846 2379/134/1847 2373/120/1836
f 2375/128/1837 2315/142/1848 2320/143/1848 2380/129/1838
f 2376/130/1839 2316/144/1849 2315/5/1849 2375/131/1840
f 2377/132/1841 2317/145/1850 2316/144/1850 2376/130/1841
f 2378/133/1842 2318/146/1851 2317/145/1851 2377/132/1843
f 2379/134/1844 2319/147/1852 2318/146/1852 2378/133/1845
f 2380/129/1846 2320/143/1853 2319/147/1853 2379/134/1847
usemtl white
f 1840/1/1477 1839/1/978 1846/1/1478
f 1845/1/980 1844/1/1479 1852/1/1480
f 1938/1/1481 1843/1/1482 1850/1/1483 1851/1/1484
f 1842/1/849 1841/1/1485 1848/1/1486 1849/1/1487
f 1937/1/1488 1840/1/1477 1846/1/1478 1847/1/1489
f 1844/1/1479 1938/1/1481 1851/1/1484 1852/1/1480
f 1843/1/1482 1842/1/849 1849/1/1487 1850/1/1483
f 1841/1/1485 1937/1/1488 1847/1/1489 1848/1/1486
f 1849/1/1487 1848/1/1486 1855/1/1490 1856/1/1491
f 1847/1/1489 1846/1/1478 1853/1/1492 1854/1/1493
f 1852/1/1480 1851/1/1484 1858/1/1494 1859/1/1495
f 1850/1/1483 1849/1/1487 1856/1/1491 1857/1/1496
f 1848/1/1486 1847/1/1489 1854/1/1493 1855/1/1490
f 1846/1/1478 1839/1/978 1853/1/1492
f 1845/1/980 1852/1/1480 1859/1/1495
f 1851/1/1484 1850/1/1483 1857/1/1496 1858/1/1494
f 1859/1/1495 1858/1/1494 1865/1/1497 1866/1/1498
f 1857/1/1496 1856/1/1491 1863/1/1499 1864/1/1500
f 1855/1/1490 1854/1/1493 1861/1/1501 1862/1/1502
f 1853/1/1492 1839/1/978 1860/1/1503
f 1845/1/980 1859/1/1495 1866/1/1498
f 1858/1/1494 1857/1/1496 1864/1/1500 1865/1/1497
f 1856/1/1491 1855/1/1490 1862/1/1502 1863/1/1499
f 1854/1/1493 1853/1/1492 1860/1/1503 1861/1/1501
f 1862/1/1504 1861/1/1501 1868/1/1505 1869/1/1504
f 1860/1/1503 1839/1/978 1867/1/1506
f 1845/1/980 1866/1/1498 1873/1/1507
f 1865/1/1497 1864/1/1508 1871/1/1508 1872/1/1509
f 1863/1/260 1862/1/1504 1869/1/1504 1870/1/260
f 1861/1/1501 1860/1/1503 1867/1/1506 1868/1/1505
f 1866/1/1498 1865/1/1497 1872/1/1509 1873/1/1507
f 1864/1/1508 1863/1/260 1870/1/260 1871/1/1508
f 1845/1/980 1873/1/1507 1880/1/1510
f 1872/1/1509 1871/1/1511 1878/1/1512 1879/1/1513
f 1870/1/1514 1869/1/1515 1876/1/1516 1877/1/1517
f 1868/1/1505 1867/1/1506 1874/1/1518 1875/1/1519
f 1873/1/1507 1872/1/1509 1879/1/1513 1880/1/1510
f 1871/1/1511 1870/1/1514 1877/1/1517 1878/1/1512
f 1869/1/1515 1868/1/1505 1875/1/1519 1876/1/1516
f 1867/1/1506 1839/1/978 1874/1/1518
f 1875/1/1519 1874/1/1518 1881/1/1520 1882/1/1521
f 1880/1/1510 1879/1/1513 1886/1/1522 1887/1/1523
f 1878/1/1512 1877/1/1517 1884/1/1524 1885/1/1525
f 1876/1/1516 1875/1/1519 1882/1/1521 1883/1/1526
f 1874/1/1518 1839/1/978 1881/1/1520
f 1845/1/980 1880/1/1510 1887/1/1523
f 1879/1/1513 1878/1/1512 1885/1/1525 1886/1/1522
f 1877/1/1517 1876/1/1516 1883/1/1526 1884/1/1524
f 1887/1/1523 1886/1/1522 1893/1/1527 1894/1/1528
f 1885/1/1525 1884/1/1524 1891/1/970 1892/1/1529
f 1883/1/1526 1882/1/1521 1889/1/1530 1890/1/1531
f 1881/1/1520 1839/1/978 1888/1/1532
f 1845/1/980 1887/1/1523 1894/1/1528
f 1886/1/1522 1885/1/1525 1892/1/1529 1893/1/1527
f 1884/1/1524 1883/1/1526 1890/1/1531 1891/1/970
f 1882/1/1521 1881/1/1520 1888/1/1532 1889/1/1530
f 1888/1/1532 1839/1/978 1895/1/1533
f 1845/1/980 1894/1/1528 1901/1/1534
f 1893/1/1527 1892/1/1529 1899/1/1535 1900/1/1536
f 1891/1/970 1890/1/1531 1897/1/1537 1898/1/1538
f 1889/1/1530 1888/1/1532 1895/1/1533 1896/1/1539
f 1894/1/1528 1893/1/1527 1900/1/1536 1901/1/1534
f 1892/1/1529 1891/1/970 1898/1/1538 1899/1/1535
f 1890/1/1531 1889/1/1530 1896/1/1539 1897/1/1537
f 1900/1/1536 1899/1/1535 1906/1/1540 1907/1/1541
f 1898/1/1538 1897/1/1537 1904/1/1542 1905/1/1543
f 1896/1/1539 1895/1/1533 1902/1/1544 1903/1/1545
f 1901/1/1534 1900/1/1536 1907/1/1541 1908/1/1546
f 1899/1/1535 1898/1/1538 1905/1/1543 1906/1/1540
f 1897/1/1537 1896/1/1539 1903/1/1545 1904/1/1542
f 1895/1/1533 1839/1/978 1902/1/1544
f 1845/1/980 1901/1/1534 1908/1/1546
f 1908/1/1546 1907/1/1541 1914/1/1547 1915/1/1548
f 1906/1/1540 1905/1/1543 1912/1/1549 1913/1/1550
f 1904/1/1542 1903/1/1545 1910/1/1551 1911/1/1552
f 1902/1/1544 1839/1/978 1909/1/1553
f 1845/1/980 1908/1/1546 1915/1/1548
f 1907/1/1541 1906/1/1540 1913/1/1550 1914/1/1547
f 1905/1/1543 1904/1/1542 1911/1/1552 1912/1/1549
f 1903/1/1545 1902/1/1544 1909/1/1553 1910/1/1551
f 1913/1/1554 1912/1/195 1919/1/195 1920/1/1554
f 1911/1/1555 1910/1/1551 1917/1/1556 1918/1/1555
f 1909/1/1553 1839/1/978 1916/1/1557
f 1845/1/980 1915/1/1548 1922/1/1558
f 1914/1/1547 1913/1/1554 1920/1/1554 1921/1/1559
f 1912/1/195 1911/1/1555 1918/1/1555 1919/1/195
f 1910/1/1551 1909/1/1553 1916/1/1557 1917/1/1556
f 1915/1/1548 1914/1/1547 1921/1/1559 1922/1/1558
f 1845/1/980 1922/1/1558 1929/1/1560
f 1921/1/1559 1920/1/1561 1927/1/1562 1928/1/1563
f 1919/1/1564 1918/1/1565 1925/1/1566 1926/1/1567
f 1917/1/1556 1916/1/1557 1923/1/1568 1924/1/1569
f 1922/1/1558 1921/1/1559 1928/1/1563 1929/1/1560
f 1920/1/1561 1919/1/1564 1926/1/1567 1927/1/1562
f 1918/1/1565 1917/1/1556 1924/1/1569 1925/1/1566
f 1916/1/1557 1839/1/978 1923/1/1568
f 1926/1/1567 1925/1/1566 1932/1/1570 1933/1/1571
f 1924/1/1569 1923/1/1568 1930/1/1572 1931/1/1573
f 1929/1/1560 1928/1/1563 1935/1/1574 1936/1/1575
f 1927/1/1562 1926/1/1567 1933/1/1571 1934/1/1576
f 1925/1/1566 1924/1/1569 1931/1/1573 1932/1/1570
f 1923/1/1568 1839/1/978 1930/1/1572
f 1845/1/980 1929/1/1560 1936/1/1575
f 1928/1/1563 1927/1/1562 1934/1/1576 1935/1/1574
f 1936/1/1575 1935/1/1574 1938/1/1481 1844/1/1479
f 1934/1/1576 1933/1/1571 1842/1/849 1843/1/1482
f 1932/1/1570 1931/1/1573 1937/1/1488 1841/1/1485
f 1930/1/1572 1839/1/978 1840/1/1477
f 1845/1/980 1936/1/1575 1844/1/1479
f 1935/1/1574 1934/1/1576 1843/1/1482 1938/1/1481
f 1933/1/1571 1932/1/1570 1841/1/1485 1842/1/849
f 1931/1/1573 1930/1/1572 1840/1/1477 1937/1/1488
f 2078/1/1477 2077/1/978 2084/1/1478
f 2083/1/980 2082/1/1479 2090/1/1480
f 2176/1/1481 2081/1/1482 2088/1/1483 2089/1/1484
f 2080/1/849 2079/1/1485 2086/1/1486 2087/1/1487
f 2175/1/1488 2078/1/1477 2084/1/1478 2085/1/1489
f 2082/1/1479 2176/1/1481 2089/1/1484 2090/1/1480
f 2081/1/1482 2080/1/849 2087/1/1487 2088/1/1483
f 2079/1/1485 2175/1/1488 2085/1/1489 2086/1/1486
f 2087/1/1487 2086/1/1486 2093/1/1490 2094/1/1491
f 2085/1/1489 2084/1/1478 2091/1/1492 2092/1/1493
f 2090/1/1480 2089/1/1484 2096/1/1494 2097/1/1495
f 2088/1/1483 2087/1/1487 2094/1/1491 2095/1/1496
f 2086/1/1486 2085/1/1489 2092/1/1493 2093/1/1490
f 2084/1/1478 2077/1/978 2091/1/1492
f 2083/1/980 2090/1/1480 2097/1/1495
f 2089/1/1484 2088/1/1483 2095/1/1496 2096/1/1494
f 2097/1/1495 2096/1/1494 2103/1/1497 2104/1/1498
f 2095/1/1496 2094/1/1491 2101/1/1499 2102/1/1500
f 2093/1/1490 2092/1/1493 2099/1/1501 2100/1/1502
f 2091/1/1492 2077/1/978 2098/1/1503
f 2083/1/980 2097/1/1495 2104/1/1498
f 2096/1/1494 2095/1/1496 2102/1/1500 2103/1/1497
f 2094/1/1491 2093/1/1490 2100/1/1502 2101/1/1499
f 2092/1/1493 2091/1/1492 2098/1/1503 2099/1/1501
f 2100/1/1504 2099/1/1501 2106/1/1505 2107/1/1504
f 2098/1/1503 2077/1/978 2105/1/1506
f 2083/1/980 2104/1/1498 2111/1/1507
f 2103/1/1497 2102/1/1508 2109/1/1508 2110/1/1509
f 2101/1/260 2100/1/1504 2107/1/1504 2108/1/260
f 2099/1/1501 2098/1/1503 2105/1/1506 2106/1/1505
f 2104/1/1498 2103/1/1497 2110/1/1509 2111/1/1507
f 2102/1/1508 2101/1/260 2108/1/260 2109/1/1508
f 2083/1/980 2111/1/1507 2118/1/1510
f 2110/1/1509 2109/1/1511 2116/1/1512 2117/1/1513
f 2108/1/1514 2107/1/1515 2114/1/1516 2115/1/1517
f 2106/1/1505 2105/1/1506 2112/1/1518 2113/1/1519
f 2111/1/1507 2110/1/1509 2117/1/1513 2118/1/1510
f 2109/1/1511 2108/1/1514 2115/1/1517 2116/1/1512
f 2107/1/1515 2106/1/1505 2113/1/1519 2114/1/1516
f 2105/1/1506 2077/1/978 2112/1/1518
f 2113/1/1519 2112/1/1518 2119/1/1520 2120/1/1521
f 2118/1/1510 2117/1/1513 2124/1/1522 2125/1/1523
f 2116/1/1512 2115/1/1517 2122/1/1524 2123/1/1525
f 2114/1/1516 2113/1/1519 2120/1/1521 2121/1/1526
f 2112/1/1518 2077/1/978 2119/1/1520
f 2083/1/980 2118/1/1510 2125/1/1523
f 2117/1/1513 2116/1/1512 2123/1/1525 2124/1/1522
f 2115/1/1517 2114/1/1516 2121/1/1526 2122/1/1524
f 2125/1/1523 2124/1/1522 2131/1/1527 2132/1/1528
f 2123/1/1525 2122/1/1524 2129/1/970 2130/1/1529
f 2121/1/1526 2120/1/1521 2127/1/1530 2128/1/1531
f 2119/1/1520 2077/1/978 2126/1/1532
f 2083/1/980 2125/1/1523 2132/1/1528
f 2124/1/1522 2123/1/1525 2130/1/1529 2131/1/1527
f 2122/1/1524 2121/1/1526 2128/1/1531 2129/1/970
f 2120/1/1521 2119/1/1520 2126/1/1532 2127/1/1530
f 2126/1/1532 2077/1/978 2133/1/1533
f 2083/1/980 2132/1/1528 2139/1/1534
f 2131/1/1527 2130/1/1529 2137/1/1535 2138/1/1536
f 2129/1/970 2128/1/1531 2135/1/1537 2136/1/1538
f 2127/1/1530 2126/1/1532 2133/1/1533 2134/1/1539
f 2132/1/1528 2131/1/1527 2138/1/1536 2139/1/1534
f 2130/1/1529 2129/1/970 2136/1/1538 2137/1/1535
f 2128/1/1531 2127/1/1530 2134/1/1539 2135/1/1537
f 2138/1/1536 2137/1/1535 2144/1/1540 2145/1/1541
f 2136/1/1538 2135/1/1537 2142/1/1542 2143/1/1543
f 2134/1/1539 2133/1/1533 2140/1/1544 2141/1/1545
f 2139/1/1534 2138/1/1536 2145/1/1541 2146/1/1546
f 2137/1/1535 2136/1/1538 2143/1/1543 2144/1/1540
f 2135/1/1537 2134/1/1539 2141/1/1545 2142/1/1542
f 2133/1/1533 2077/1/978 2140/1/1544
f 2083/1/980 2139/1/1534 2146/1/1546
f 2146/1/1546 2145/1/1541 2152/1/1547 2153/1/1548
f 2144/1/1540 2143/1/1543 2150/1/1549 2151/1/1550
f 2142/1/1542 2141/1/1545 2148/1/1551 2149/1/1552
f 2140/1/1544 2077/1/978 2147/1/1553
f 2083/1/980 2146/1/1546 2153/1/1548
f 2145/1/1541 2144/1/1540 2151/1/1550 2152/1/1547
f 2143/1/1543 2142/1/1542 2149/1/1552 2150/1/1549
f 2141/1/1545 2140/1/1544 2147/1/1553 2148/1/1551
f 2151/1/1554 2150/1/195 2157/1/195 2158/1/1554
f 2149/1/1555 2148/1/1551 2155/1/1556 2156/1/1555
f 2147/1/1553 2077/1/978 2154/1/1557
f 2083/1/980 2153/1/1548 2160/1/1558
f 2152/1/1547 2151/1/1554 2158/1/1554 2159/1/1559
f 2150/1/195 2149/1/1555 2156/1/1555 2157/1/195
f 2148/1/1551 2147/1/1553 2154/1/1557 2155/1/1556
f 2153/1/1548 2152/1/1547 2159/1/1559 2160/1/1558
f 2083/1/980 2160/1/1558 2167/1/1560
f 2159/1/1559 2158/1/1561 2165/1/1562 2166/1/1563
f 2157/1/1564 2156/1/1565 2163/1/1566 2164/1/1567
f 2155/1/1556 2154/1/1557 2161/1/1568 2162/1/1569
f 2160/1/1558 2159/1/1559 2166/1/1563 2167/1/1560
f 2158/1/1561 2157/1/1564 2164/1/1567 2165/1/1562
f 2156/1/1565 2155/1/1556 2162/1/1569 2163/1/1566
f 2154/1/1557 2077/1/978 2161/1/1568
f 2164/1/1567 2163/1/1566 2170/1/1570 2171/1/1571
f 2162/1/1569 2161/1/1568 2168/1/1572 2169/1/1573
f 2167/1/1560 2166/1/1563 2173/1/1574 2174/1/1575
f 2165/1/1562 2164/1/1567 2171/1/1571 2172/1/1576
f 2163/1/1566 2162/1/1569 2169/1/1573 2170/1/1570
f 2161/1/1568 2077/1/978 2168/1/1572
f 2083/1/980 2167/1/1560 2174/1/1575
f 2166/1/1563 2165/1/1562 2172/1/1576 2173/1/1574
f 2174/1/1575 2173/1/1574 2176/1/1481 2082/1/1479
f 2172/1/1576 2171/1/1571 2080/1/849 2081/1/1482
f 2170/1/1570 2169/1/1573 2175/1/1488 2079/1/1485
f 2168/1/1572 2077/1/978 2078/1/1477
f 2083/1/980 2174/1/1575 2082/1/1479
f 2173/1/1574 2172/1/1576 2081/1/1482 2176/1/1481
f 2171/1/1571 2170/1/1570 2079/1/1485 2080/1/849
f 2169/1/1573 2168/1/1572 2078/1/1477 2175/1/1488
f 2606/1/2051 2605/1/978 2611/1/2052
f 2610/1/980 2609/1/2053 2617/1/2054
f 2704/1/2055 2703/1/2056 2615/1/2057 2616/1/2058
f 2608/1/849 2607/1/2059 2613/1/2060 2614/1/2061
f 2702/1/2062 2606/1/2051 2611/1/2052 2612/1/2063
f 2609/1/2053 2704/1/2055 2616/1/2058 2617/1/2054
f 2703/1/2056 2608/1/849 2614/1/2061 2615/1/2057
f 2607/1/2059 2702/1/2062 2612/1/2063 2613/1/2060
f 2614/1/2061 2613/1/2060 2620/1/2064 2621/1/2065
f 2612/1/2063 2611/1/2052 2618/1/2066 2619/1/2067
f 2617/1/2054 2616/1/2058 2623/1/2068 2624/1/2069
f 2615/1/2057 2614/1/2061 2621/1/2065 2622/1/2070
f 2613/1/2060 2612/1/2063 2619/1/2067 2620/1/2064
f 2611/1/2052 2605/1/978 2618/1/2066
f 2610/1/980 2617/1/2054 2624/1/2069
f 2616/1/2058 2615/1/2057 2622/1/2070 2623/1/2068
f 2624/1/2069 2623/1/2068 2630/1/2071 2631/1/2072
f 2622/1/2070 2621/1/2065 2628/1/2073 2629/1/2074
f 2620/1/2064 2619/1/2067 2626/1/2075 2627/1/2076
f 2618/1/2066 2605/1/978 2625/1/2077
f 2610/1/980 2624/1/2069 2631/1/2072
f 2623/1/2068 2622/1/2070 2629/1/2074 2630/1/2071
f 2621/1/2065 2620/1/2064 2627/1/2076 2628/1/2073
f 2619/1/2067 2618/1/2066 2625/1/2077 2626/1/2075
f 2627/1/2076 2626/1/2075 2633/1/2078 2634/1/2079
f 2625/1/2077 2605/1/978 2632/1/2080
f 2610/1/980 2631/1/2072 2638/1/2081
f 2630/1/2071 2629/1/2074 2636/1/2082 2637/1/2083
f 2628/1/2073 2627/1/2076 2634/1/2079 2635/1/2084
f 2626/1/2075 2625/1/2077 2632/1/2080 2633/1/2078
f 2631/1/2072 2630/1/2071 2637/1/2083 2638/1/2081
f 2629/1/2074 2628/1/2073 2635/1/2084 2636/1/2082
f 2610/1/980 2638/1/2081 2645/1/2085
f 2637/1/2083 2636/1/2082 2643/1/2086 2644/1/2087
f 2635/1/2084 2634/1/2079 2641/1/2088 2642/1/2089
f 2633/1/2078 2632/1/2080 2639/1/2090 2640/1/2091
f 2638/1/2081 2637/1/2083 2644/1/2087 2645/1/2085
f 2636/1/2082 2635/1/2084 2642/1/2089 2643/1/2086
f 2634/1/2079 2633/1/2078 2640/1/2091 2641/1/2088
f 2632/1/2080 2605/1/978 2639/1/2090
f 2640/1/2091 2639/1/2090 2646/1/2092 2647/1/2093
f 2645/1/2085 2644/1/2087 2651/1/2094 2652/1/2095
f 2643/1/2086 2642/1/2089 2649/1/2096 2650/1/2097
f 2641/1/2088 2640/1/2091 2647/1/2093 2648/1/2098
f 2639/1/2090 2605/1/978 2646/1/2092
f 2610/1/980 2645/1/2085 2652/1/2095
f 2644/1/2087 2643/1/2086 2650/1/2097 2651/1/2094
f 2642/1/2089 2641/1/2088 2648/1/2098 2649/1/2096
f 2652/1/2095 2651/1/2094 2658/1/2099 2659/1/2100
f 2650/1/2097 2649/1/2096 2656/1/970 2657/1/2101
f 2648/1/2098 2647/1/2093 2654/1/2102 2655/1/2103
f 2646/1/2092 2605/1/978 2653/1/2104
f 2610/1/980 2652/1/2095 2659/1/2100
f 2651/1/2094 2650/1/2097 2657/1/2101 2658/1/2099
f 2649/1/2096 2648/1/2098 2655/1/2103 2656/1/970
f 2647/1/2093 2646/1/2092 2653/1/2104 2654/1/2102
f 2653/1/2104 2605/1/978 2660/1/2105
f 2610/1/980 2659/1/2100 2666/1/2106
f 2658/1/2099 2657/1/2101 2664/1/2107 2665/1/2108
f 2656/1/970 2655/1/2103 2662/1/2109 2663/1/2110
f 2654/1/2102 2653/1/2104 2660/1/2105 2661/1/2111
f 2659/1/2100 2658/1/2099 2665/1/2108 2666/1/2106
f 2657/1/2101 2656/1/970 2663/1/2110 2664/1/2107
f 2655/1/2103 2654/1/2102 2661/1/2111 2662/1/2109
f 2665/1/2108 2664/1/2107 2671/1/2112 2672/1/2113
f 2663/1/2110 2662/1/2109 2669/1/2114 2670/1/2115
f 2661/1/2111 2660/1/2105 2667/1/2116 2668/1/2117
f 2666/1/2106 2665/1/2108 2672/1/2113 2673/1/2118
f 2664/1/2107 2663/1/2110 2670/1/2115 2671/1/2112
f 2662/1/2109 2661/1/2111 2668/1/2117 2669/1/2114
f 2660/1/2105 2605/1/978 2667/1/2116
f 2610/1/980 2666/1/2106 2673/1/2118
f 2673/1/2118 2672/1/2113 2679/1/2119 2680/1/2120
f 2671/1/2112 2670/1/2115 2677/1/2121 2678/1/2122
f 2669/1/2114 2668/1/2117 2675/1/2123 2676/1/2124
f 2667/1/2116 2605/1/978 2674/1/2125
f 2610/1/980 2673/1/2118 2680/1/2120
f 2672/1/2113 2671/1/2112 2678/1/2122 2679/1/2119
f 2670/1/2115 2669/1/2114 2676/1/2124 2677/1/2121
f 2668/1/2117 2667/1/2116 2674/1/2125 2675/1/2123
f 2678/1/2122 2677/1/2121 2684/1/2126 2685/1/2127
f 2676/1/2124 2675/1/2123 2682/1/2128 2683/1/2129
f 2674/1/2125 2605/1/978 2681/1/2130
f 2610/1/980 2680/1/2120 2687/1/2131
f 2679/1/2119 2678/1/2122 2685/1/2127 2686/1/2132
f 2677/1/2121 2676/1/2124 2683/1/2129 2684/1/2126
f 2675/1/2123 2674/1/2125 2681/1/2130 2682/1/2128
f 2680/1/2120 2679/1/2119 2686/1/2132 2687/1/2131
f 2610/1/980 2687/1/2131 2694/1/2133
f 2686/1/2132 2685/1/2127 2692/1/2134 2693/1/2135
f 2684/1/2126 2683/1/2129 2690/1/2136 2691/1/2137
f 2682/1/2128 2681/1/2130 2688/1/2138 2689/1/2139
f 2687/1/2131 2686/1/2132 2693/1/2135 2694/1/2133
f 2685/1/2127 2684/1/2126 2691/1/2137 2692/1/2134
f 2683/1/2129 2682/1/2128 2689/1/2139 2690/1/2136
f 2681/1/2130 2605/1/978 2688/1/2138
f 2691/1/2137 2690/1/2136 2697/1/2140 2698/1/2141
f 2689/1/2139 2688/1/2138 2695/1/2142 2696/1/2143
f 2694/1/2133 2693/1/2135 2700/1/2144 2701/1/2145
f 2692/1/2134 2691/1/2137 2698/1/2141 2699/1/2146
f 2690/1/2136 2689/1/2139 2696/1/2143 2697/1/2140
f 2688/1/2138 2605/1/978 2695/1/2142
f 2610/1/980 2694/1/2133 2701/1/2145
f 2693/1/2135 2692/1/2134 2699/1/2146 2700/1/2144
f 2701/1/2145 2700/1/2144 2704/1/2055 2609/1/2053
f 2699/1/2146 2698/1/2141 2608/1/849 2703/1/2056
f 2697/1/2140 2696/1/2143 2702/1/2062 2607/1/2059
f 2695/1/2142 2605/1/978 2606/1/2051
f 2610/1/980 2701/1/2145 2609/1/2053
f 2700/1/2144 2699/1/2146 2703/1/2056 2704/1/2055
f 2698/1/2141 2697/1/2140 2607/1/2059 2608/1/849
f 2696/1/2143 2695/1/2142 2606/1/2051 2702/1/2062
f 2705/1/980 2707/1/2147 2706/1/2148
f 2705/1/980 2708/1/1631 2707/1/2147
f 2705/1/980 2709/1/2149 2708/1/1631
f 2705/1/980 2710/1/2150 2709/1/2149
f 2705/1/980 2711/1/2151 2710/1/2150
f 2705/1/980 2712/1/1639 2711/1/2151
f 2705/1/980 2713/1/2152 2712/1/1639
f 2705/1/980 2706/1/2148 2713/1/2152
f 2706/1/2153 2707/1/2153 2715/1/2154 2714/1/2154
f 2707/1/2155 2708/1/2155 2716/1/2156 2715/1/2156
f 2708/1/2157 2709/1/2157 2717/1/2158 2716/1/2158
f 2709/1/2159 2710/1/2159 2718/1/2160 2717/1/2160
f 2710/1/2161 2711/1/2161 2719/1/2162 2718/1/2162
f 2711/1/2163 2712/1/2163 2720/1/2164 2719/1/2164
f 2712/1/2165 2713/1/2165 2721/1/2166 2720/1/2166
f 2713/1/2167 2706/1/2167 2714/1/2168 2721/1/2168
f 2714/1/2154 2715/1/2154 2723/1/2169 2722/1/2169
f 2715/1/2156 2716/1/2156 2724/1/2170 2723/1/2170
f 2716/1/2158 2717/1/2158 2725/1/2171 2724/1/2171
f 2717/1/2160 2718/1/2160 2726/1/2172 2725/1/2172
f 2718/1/2162 2719/1/2162 2727/1/2173 2726/1/2173
f 2719/1/2164 2720/1/2164 2728/1/2174 2727/1/2174
f 2720/1/2166 2721/1/2166 2729/1/2175 2728/1/2175
f 2721/1/2168 2714/1/2168 2722/1/2176 2729/1/2176
f 2722/1/2169 2723/1/2169 2731/1/2177 2730/1/2177
f 2723/1/2170 2724/1/2170 2732/1/2178 2731/1/2178
f 2724/1/2171 2725/1/2171 2733/1/2179 2732/1/2179
f 2725/1/2172 2726/1/2172 2734/1/2180 2733/1/2180
f 2726/1/2173 2727/1/2173 2735/1/2181 2734/1/2181
f 2727/1/2174 2728/1/2174 2736/1/2182 2735/1/2182
f 2728/1/2175 2729/1/2175 2737/1/2183 2736/1/2183
f 2729/1/2176 2722/1/2176 2730/1/2184 2737/1/2184
f 2730/1/2185 2731/1/2186 2738/1/978
f 2731/1/2186 2732/1/1629 2738/1/978
f 2732/1/1629 2733/1/2187 2738/1/978
f 2733/1/2187 2734/1/2188 2738/1/978
f 2734/1/2188 2735/1/2189 2738/1/978
f 2735/1/2189 2736/1/1642 2738/1/978
f 2736/1/1642 2737/1/2190 2738/1/978
f 2737/1/2190 2730/1/2185 2738/1/978
f 2739/1/980 2741/1/2147 2740/1/2148
f 2739/1/980 2742/1/1631 2741/1/2147
f 2739/1/980 2743/1/2149 2742/1/1631
f 2739/1/980 2744/1/2150 2743/1/2149
f 2739/1/980 2745/1/2151 2744/1/2150
f 2739/1/980 2746/1/1639 2745/1/2151
f 2739/1/980 2747/1/2152 2746/1/1639
f 2739/1/980 2740/1/2148 2747/1/2152
f 2740/1/2153 2741/1/2153 2749/1/2154 2748/1/2154
f 2741/1/2155 2742/1/2155 2750/1/2156 2749/1/2156
f 2742/1/2157 2743/1/2157 2751/1/2158 2750/1/2158
f 2743/1/2159 2744/1/2159 2752/1/2160 2751/1/2160
f 2744/1/2161 2745/1/2161 2753/1/2162 2752/1/2162
f 2745/1/2163 2746/1/2163 2754/1/2164 2753/1/2164
f 2746/1/2165 2747/1/2165 2755/1/2166 2754/1/2166
f 2747/1/2167 2740/1/2167 2748/1/2168 2755/1/2168
f 2748/1/2154 2749/1/2154 2757/1/2169 2756/1/2169
f 2749/1/2156 2750/1/2156 2758/1/2170 2757/1/2170
f 2750/1/2158 2751/1/2158 2759/1/2171 2758/1/2171
f 2751/1/2160 2752/1/2160 2760/1/2172 2759/1/2172
f 2752/1/2162 2753/1/2162 2761/1/2173 2760/1/2173
f 2753/1/2164 2754/1/2164 2762/1/2174 2761/1/2174
f 2754/1/2166 2755/1/2166 2763/1/2175 2762/1/2175
f 2755/1/2168 2748/1/2168 2756/1/2176 2763/1/2176
f 2756/1/2169 2757/1/2169 2765/1/2177 2764/1/2177
f 2757/1/2170 2758/1/2170 2766/1/2178 2765/1/2178
f 2758/1/2171 2759/1/2171 2767/1/2179 2766/1/2179
f 2759/1/2172 2760/1/2172 2768/1/2180 2767/1/2180
f 2760/1/2173 2761/1/2173 2769/1/2181 2768/1/2181
f 2761/1/2174 2762/1/2174 2770/1/2182 2769/1/2182
f 2762/1/2175 2763/1/2175 2771/1/2183 2770/1/2183
f 2763/1/2176 2756/1/2176 2764/1/2184 2771/1/2184
f 2764/1/2185 2765/1/2186 2772/1/978
f 2765/1/2186 2766/1/1629 2772/1/978
f 2766/1/1629 2767/1/2187 2772/1/978
f 2767/1/2187 2768/1/2188 2772/1/978
f 2768/1/2188 2769/1/2189 2772/1/978
f 2769/1/2189 2770/1/1642 2772/1/978
f 2770/1/1642 2771/1/2190 2772/1/978
f 2771/1/2190 2764/1/2185 2772/1/978
f 2773/1/980 2775/1/2147 2774/1/2148
f 2773/1/980 2776/1/1631 2775/1/2147
f 2773/1/980 2777/1/2149 2776/1/1631
f 2773/1/980 2778/1/2150 2777/1/2149
f 2773/1/980 2779/1/2151 2778/1/2150
f 2773/1/980 2780/1/1639 2779/1/2151
f 2773/1/980 2781/1/2152 2780/1/1639
f 2773/1/980 2774/1/2148 2781/1/2152
f 2774/1/2153 2775/1/2153 2783/1/2154 2782/1/2154
f 2775/1/2155 2776/1/2155 2784/1/2156 2783/1/2156
f 2776/1/2157 2777/1/2157 2785/1/2158 2784/1/2158
f 2777/1/2159 2778/1/2159 2786/1/2160 2785/1/2160
f 2778/1/2161 2779/1/2161 2787/1/2162 2786/1/2162
f 2779/1/2163 2780/1/2163 2788/1/2164 2787/1/2164
f 2780/1/2165 2781/1/2165 2789/1/2166 2788/1/2166
f 2781/1/2167 2774/1/2167 2782/1/2168 2789/1/2168
f 2782/1/2154 2783/1/2154 2791/1/2169 2790/1/2169
f 2783/1/2156 2784/1/2156 2792/1/2170 2791/1/2170
f 2784/1/2158 2785/1/2158 2793/1/2171 2792/1/2171
f 2785/1/2160 2786/1/2160 2794/1/2172 2793/1/2172
f 2786/1/2162 2787/1/2162 2795/1/2173 2794/1/2173
f 2787/1/2164 2788/1/2164 2796/1/2174 2795/1/2174
f 2788/1/2166 2789/1/2166 2797/1/2175 2796/1/2175
f 2789/1/2168 2782/1/2168 2790/1/2176 2797/1/2176
f 2790/1/2169 2791/1/2169 2799/1/2177 2798/1/2177
f 2791/1/2170 2792/1/2170 2800/1/2178 2799/1/2178
f 2792/1/2171 2793/1/2171 2801/1/2179 2800/1/2179
f 2793/1/2172 2794/1/2172 2802/1/2180 2801/1/2180
f 2794/1/2173 2795/1/2173 2803/1/2181 2802/1/2181
f 2795/1/2174 2796/1/2174 2804/1/2182 2803/1/2182
f 2796/1/2175 2797/1/2175 2805/1/2183 2804/1/2183
f 2797/1/2176 2790/1/2176 2798/1/2184 2805/1/2184
f 2798/1/2185 2799/1/2186 2806/1/978
f 2799/1/2186 2800/1/1629 2806/1/978
f 2800/1/1629 2801/1/2187 2806/1/978
f 2801/1/2187 2802/1/2188 2806/1/978
f 2802/1/2188 2803/1/2189 2806/1/978
f 2803/1/2189 2804/1/1642 2806/1/978
f 2804/1/1642 2805/1/2190 2806/1/978
f 2805/1/2190 2798/1/2185 2806/1/978
f 2927/1/2051 2831/1/978 2836/1/2052
f 2835/1/980 2834/1/2053 2842/1/2054
f 2930/1/2055 2833/1/2056 2840/1/2057 2841/1/2058
f 2832/1/849 2929/1/2059 2838/1/2060 2839/1/2061
f 2928/1/2062 2927/1/2051 2836/1/2052 2837/1/2063
f 2834/1/2053 2930/1/2055 2841/1/2058 2842/1/2054
f 2833/1/2056 2832/1/849 2839/1/2061 2840/1/2057
f 2929/1/2059 2928/1/2062 2837/1/2063 2838/1/2060
f 2839/1/2061 2838/1/2060 2845/1/2064 2846/1/2065
f 2837/1/2063 2836/1/2052 2843/1/2066 2844/1/2067
f 2842/1/2054 2841/1/2058 2848/1/2068 2849/1/2069
f 2840/1/2057 2839/1/2061 2846/1/2065 2847/1/2070
f 2838/1/2060 2837/1/2063 2844/1/2067 2845/1/2064
f 2836/1/2052 2831/1/978 2843/1/2066
f 2835/1/980 2842/1/2054 2849/1/2069
f 2841/1/2058 2840/1/2057 2847/1/2070 2848/1/2068
f 2849/1/2069 2848/1/2068 2855/1/2071 2856/1/2072
f 2847/1/2070 2846/1/2065 2853/1/2073 2854/1/2074
f 2845/1/2064 2844/1/2067 2851/1/2075 2852/1/2076
f 2843/1/2066 2831/1/978 2850/1/2077
f 2835/1/980 2849/1/2069 2856/1/2072
f 2848/1/2068 2847/1/2070 2854/1/2074 2855/1/2071
f 2846/1/2065 2845/1/2064 2852/1/2076 2853/1/2073
f 2844/1/2067 2843/1/2066 2850/1/2077 2851/1/2075
f 2852/1/2076 2851/1/2075 2858/1/2078 2859/1/2079
f 2850/1/2077 2831/1/978 2857/1/2080
f 2835/1/980 2856/1/2072 2863/1/2081
f 2855/1/2071 2854/1/2074 2861/1/2082 2862/1/2083
f 2853/1/2073 2852/1/2076 2859/1/2079 2860/1/2084
f 2851/1/2075 2850/1/2077 2857/1/2080 2858/1/2078
f 2856/1/2072 2855/1/2071 2862/1/2083 2863/1/2081
f 2854/1/2074 2853/1/2073 2860/1/2084 2861/1/2082
f 2835/1/980 2863/1/2081 2870/1/2085
f 2862/1/2083 2861/1/2082 2868/1/2086 2869/1/2087
f 2860/1/2084 2859/1/2079 2866/1/2088 2867/1/2089
f 2858/1/2078 2857/1/2080 2864/1/2090 2865/1/2091
f 2863/1/2081 2862/1/2083 2869/1/2087 2870/1/2085
f 2861/1/2082 2860/1/2084 2867/1/2089 2868/1/2086
f 2859/1/2079 2858/1/2078 2865/1/2091 2866/1/2088
f 2857/1/2080 2831/1/978 2864/1/2090
f 2865/1/2091 2864/1/2090 2871/1/2092 2872/1/2093
f 2870/1/2085 2869/1/2087 2876/1/2094 2877/1/2095
f 2868/1/2086 2867/1/2089 2874/1/2096 2875/1/2097
f 2866/1/2088 2865/1/2091 2872/1/2093 2873/1/2098
f 2864/1/2090 2831/1/978 2871/1/2092
f 2835/1/980 2870/1/2085 2877/1/2095
f 2869/1/2087 2868/1/2086 2875/1/2097 2876/1/2094
f 2867/1/2089 2866/1/2088 2873/1/2098 2874/1/2096
f 2877/1/2095 2876/1/2094 2883/1/2099 2884/1/2100
f 2875/1/2097 2874/1/2096 2881/1/970 2882/1/2101
f 2873/1/2098 2872/1/2093 2879/1/2102 2880/1/2103
f 2871/1/2092 2831/1/978 2878/1/2104
f 2835/1/980 2877/1/2095 2884/1/2100
f 2876/1/2094 2875/1/2097 2882/1/2101 2883/1/2099
f 2874/1/2096 2873/1/2098 2880/1/2103 2881/1/970
f 2872/1/2093 2871/1/2092 2878/1/2104 2879/1/2102
f 2878/1/2104 2831/1/978 2885/1/2105
f 2835/1/980 2884/1/2100 2891/1/2106
f 2883/1/2099 2882/1/2101 2889/1/2107 2890/1/2108
f 2881/1/970 2880/1/2103 2887/1/2109 2888/1/2110
f 2879/1/2102 2878/1/2104 2885/1/2105 2886/1/2111
f 2884/1/2100 2883/1/2099 2890/1/2108 2891/1/2106
f 2882/1/2101 2881/1/970 2888/1/2110 2889/1/2107
f 2880/1/2103 2879/1/2102 2886/1/2111 2887/1/2109
f 2890/1/2108 2889/1/2107 2896/1/2112 2897/1/2113
f 2888/1/2110 2887/1/2109 2894/1/2114 2895/1/2115
f 2886/1/2111 2885/1/2105 2892/1/2116 2893/1/2117
f 2891/1/2106 2890/1/2108 2897/1/2113 2898/1/2118
f 2889/1/2107 2888/1/2110 2895/1/2115 2896/1/2112
f 2887/1/2109 2886/1/2111 2893/1/2117 2894/1/2114
f 2885/1/2105 2831/1/978 2892/1/2116
f 2835/1/980 2891/1/2106 2898/1/2118
f 2898/1/2118 2897/1/2113 2904/1/2119 2905/1/2120
f 2896/1/2112 2895/1/2115 2902/1/2121 2903/1/2122
f 2894/1/2114 2893/1/2117 2900/1/2123 2901/1/2124
f 2892/1/2116 2831/1/978 2899/1/2125
f 2835/1/980 2898/1/2118 2905/1/2120
f 2897/1/2113 2896/1/2112 2903/1/2122 2904/1/2119
f 2895/1/2115 2894/1/2114 2901/1/2124 2902/1/2121
f 2893/1/2117 2892/1/2116 2899/1/2125 2900/1/2123
f 2903/1/2122 2902/1/2121 2909/1/2126 2910/1/2127
f 2901/1/2124 2900/1/2123 2907/1/2128 2908/1/2129
f 2899/1/2125 2831/1/978 2906/1/2130
f 2835/1/980 2905/1/2120 2912/1/2131
f 2904/1/2119 2903/1/2122 2910/1/2127 2911/1/2132
f 2902/1/2121 2901/1/2124 2908/1/2129 2909/1/2126
f 2900/1/2123 2899/1/2125 2906/1/2130 2907/1/2128
f 2905/1/2120 2904/1/2119 2911/1/2132 2912/1/2131
f 2835/1/980 2912/1/2131 2919/1/2133
f 2911/1/2132 2910/1/2127 2917/1/2134 2918/1/2135
f 2909/1/2126 2908/1/2129 2915/1/2136 2916/1/2137
f 2907/1/2128 2906/1/2130 2913/1/2138 2914/1/2139
f 2912/1/2131 2911/1/2132 2918/1/2135 2919/1/2133
f 2910/1/2127 2909/1/2126 2916/1/2137 2917/1/2134
f 2908/1/2129 2907/1/2128 2914/1/2139 2915/1/2136
f 2906/1/2130 2831/1/978 2913/1/2138
f 2916/1/2137 2915/1/2136 2922/1/2140 2923/1/2141
f 2914/1/2139 2913/1/2138 2920/1/2142 2921/1/2143
f 2919/1/2133 2918/1/2135 2925/1/2144 2926/1/2145
f 2917/1/2134 2916/1/2137 2923/1/2141 2924/1/2146
f 2915/1/2136 2914/1/2139 2921/1/2143 2922/1/2140
f 2913/1/2138 2831/1/978 2920/1/2142
f 2835/1/980 2919/1/2133 2926/1/2145
f 2918/1/2135 2917/1/2134 2924/1/2146 2925/1/2144
f 2926/1/2145 2925/1/2144 2930/1/2055 2834/1/2053
f 2924/1/2146 2923/1/2141 2832/1/849 2833/1/2056
f 2922/1/2140 2921/1/2143 2928/1/2062 2929/1/2059
f 2920/1/2142 2831/1/978 2927/1/2051
f 2835/1/980 2926/1/2145 2834/1/2053
f 2925/1/2144 2924/1/2146 2833/1/2056 2930/1/2055
f 2923/1/2141 2922/1/2140 2929/1/2059 2832/1/849
f 2921/1/2143 2920/1/2142 2927/1/2051 2928/1/2062
usemtl black
f 1940/1/1577 1939/1/978 1944/1/1578
f 1943/1/980 1942/1/1579 1948/1/1580
f 1990/1/1581 1941/1/849 1946/1/1582 1947/1/1583
f 1989/1/1584 1940/1/1577 1944/1/1578 1945/1/1585
f 1942/1/1579 1990/1/1581 1947/1/1583 1948/1/1580
f 1941/1/849 1989/1/1584 1945/1/1585 1946/1/1582
f 1943/1/980 1948/1/1580 1953/1/1586
f 1947/1/1583 1946/1/1582 1951/1/1587 1952/1/1588
f 1945/1/1585 1944/1/1578 1949/1/1589 1950/1/1590
f 1948/1/1580 1947/1/1583 1952/1/1588 1953/1/1586
f 1946/1/1582 1945/1/1585 1950/1/1590 1951/1/1587
f 1944/1/1578 1939/1/978 1949/1/1589
f 1952/1/1591 1951/1/260 1956/1/260 1957/1/1591
f 1950/1/1592 1949/1/1589 1954/1/1593 1955/1/1592
f 1953/1/1586 1952/1/1591 1957/1/1591 1958/1/1594
f 1951/1/260 1950/1/1592 1955/1/1592 1956/1/260
f 1949/1/1589 1939/1/978 1954/1/1593
f 1943/1/980 1953/1/1586 1958/1/1594
f 1955/1/1595 1954/1/1593 1959/1/1596 1960/1/1597
f 1958/1/1594 1957/1/1598 1962/1/1599 1963/1/1600
f 1956/1/1601 1955/1/1595 1960/1/1597 1961/1/1602
f 1954/1/1593 1939/1/978 1959/1/1596
f 1943/1/980 1958/1/1594 1963/1/1600
f 1957/1/1598 1956/1/1601 1961/1/1602 1962/1/1599
f 1963/1/1600 1962/1/1599 1967/1/1603 1968/1/1604
f 1961/1/1602 1960/1/1597 1965/1/1605 1966/1/970
f 1959/1/1596 1939/1/978 1964/1/1606
f 1943/1/980 1963/1/1600 1968/1/1604
f 1962/1/1599 1961/1/1602 1966/1/970 1967/1/1603
f 1960/1/1597 1959/1/1596 1964/1/1606 1965/1/1605
f 1968/1/1604 1967/1/1603 1972/1/1607 1973/1/1608
f 1966/1/970 1965/1/1605 1970/1/1609 1971/1/1610
f 1964/1/1606 1939/1/978 1969/1/1611
f 1943/1/980 1968/1/1604 1973/1/1608
f 1967/1/1603 1966/1/970 1971/1/1610 1972/1/1607
f 1965/1/1605 1964/1/1606 1969/1/1611 1970/1/1609
f 1973/1/1608 1972/1/1607 1977/1/1612 1978/1/1613
f 1971/1/1610 1970/1/1609 1975/1/1614 1976/1/1615
f 1969/1/1611 1939/1/978 1974/1/1616
f 1943/1/980 1973/1/1608 1978/1/1613
f 1972/1/1607 1971/1/1610 1976/1/1615 1977/1/1612
f 1970/1/1609 1969/1/1611 1974/1/1616 1975/1/1614
f 1978/1/1613 1977/1/1617 1982/1/1617 1983/1/1618
f 1976/1/195 1975/1/1619 1980/1/1619 1981/1/195
f 1974/1/1616 1939/1/978 1979/1/1620
f 1943/1/980 1978/1/1613 1983/1/1618
f 1977/1/1617 1976/1/195 1981/1/195 1982/1/1617
f 1975/1/1619 1974/1/1616 1979/1/1620 1980/1/1619
f 1981/1/1621 1980/1/1622 1985/1/1623 1986/1/1624
f 1979/1/1620 1939/1/978 1984/1/1625
f 1943/1/980 1983/1/1618 1988/1/1626
f 1982/1/1627 1981/1/1621 1986/1/1624 1987/1/1628
f 1980/1/1622 1979/1/1620 1984/1/1625 1985/1/1623
f 1983/1/1618 1982/1/1627 1987/1/1628 1988/1/1626
f 1984/1/1625 1939/1/978 1940/1/1577
f 1943/1/980 1988/1/1626 1942/1/1579
f 1987/1/1628 1986/1/1624 1941/1/849 1990/1/1581
f 1985/1/1623 1984/1/1625 1940/1/1577 1989/1/1584
f 1988/1/1626 1987/1/1628 1990/1/1581 1942/1/1579
f 1986/1/1624 1985/1/1623 1989/1/1584 1941/1/849
f 2178/1/1577 2177/1/978 2182/1/1578
f 2181/1/980 2180/1/1579 2186/1/1580
f 2228/1/1581 2179/1/849 2184/1/1582 2185/1/1583
f 2227/1/1584 2178/1/1577 2182/1/1578 2183/1/1585
f 2180/1/1579 2228/1/1581 2185/1/1583 2186/1/1580
f 2179/1/849 2227/1/1584 2183/1/1585 2184/1/1582
f 2181/1/980 2186/1/1580 2191/1/1586
f 2185/1/1583 2184/1/1582 2189/1/1587 2190/1/1588
f 2183/1/1585 2182/1/1578 2187/1/1589 2188/1/1590
f 2186/1/1580 2185/1/1583 2190/1/1588 2191/1/1586
f 2184/1/1582 2183/1/1585 2188/1/1590 2189/1/1587
f 2182/1/1578 2177/1/978 2187/1/1589
f 2190/1/1591 2189/1/260 2194/1/260 2195/1/1591
f 2188/1/1592 2187/1/1589 2192/1/1593 2193/1/1592
f 2191/1/1586 2190/1/1591 2195/1/1591 2196/1/1594
f 2189/1/260 2188/1/1592 2193/1/1592 2194/1/260
f 2187/1/1589 2177/1/978 2192/1/1593
f 2181/1/980 2191/1/1586 2196/1/1594
f 2193/1/1595 2192/1/1593 2197/1/1596 2198/1/1597
f 2196/1/1594 2195/1/1598 2200/1/1599 2201/1/1600
f 2194/1/1601 2193/1/1595 2198/1/1597 2199/1/1602
f 2192/1/1593 2177/1/978 2197/1/1596
f 2181/1/980 2196/1/1594 2201/1/1600
f 2195/1/1598 2194/1/1601 2199/1/1602 2200/1/1599
f 2201/1/1600 2200/1/1599 2205/1/1603 2206/1/1604
f 2199/1/1602 2198/1/1597 2203/1/1605 2204/1/970
f 2197/1/1596 2177/1/978 2202/1/1606
f 2181/1/980 2201/1/1600 2206/1/1604
f 2200/1/1599 2199/1/1602 2204/1/970 2205/1/1603
f 2198/1/1597 2197/1/1596 2202/1/1606 2203/1/1605
f 2206/1/1604 2205/1/1603 2210/1/1607 2211/1/1608
f 2204/1/970 2203/1/1605 2208/1/1609 2209/1/1610
f 2202/1/1606 2177/1/978 2207/1/1611
f 2181/1/980 2206/1/1604 2211/1/1608
f 2205/1/1603 2204/1/970 2209/1/1610 2210/1/1607
f 2203/1/1605 2202/1/1606 2207/1/1611 2208/1/1609
f 2211/1/1608 2210/1/1607 2215/1/1612 2216/1/1613
f 2209/1/1610 2208/1/1609 2213/1/1614 2214/1/1615
f 2207/1/1611 2177/1/978 2212/1/1616
f 2181/1/980 2211/1/1608 2216/1/1613
f 2210/1/1607 2209/1/1610 2214/1/1615 2215/1/1612
f 2208/1/1609 2207/1/1611 2212/1/1616 2213/1/1614
f 2216/1/1613 2215/1/1617 2220/1/1617 2221/1/1618
f 2214/1/195 2213/1/1619 2218/1/1619 2219/1/195
f 2212/1/1616 2177/1/978 2217/1/1620
f 2181/1/980 2216/1/1613 2221/1/1618
f 2215/1/1617 2214/1/195 2219/1/195 2220/1/1617
f 2213/1/1619 2212/1/1616 2217/1/1620 2218/1/1619
f 2219/1/1621 2218/1/1622 2223/1/1623 2224/1/1624
f 2217/1/1620 2177/1/978 2222/1/1625
f 2181/1/980 2221/1/1618 2226/1/1626
f 2220/1/1627 2219/1/1621 2224/1/1624 2225/1/1628
f 2218/1/1622 2217/1/1620 2222/1/1625 2223/1/1623
f 2221/1/1618 2220/1/1627 2225/1/1628 2226/1/1626
f 2222/1/1625 2177/1/978 2178/1/1577
f 2181/1/980 2226/1/1626 2180/1/1579
f 2225/1/1628 2224/1/1624 2179/1/849 2228/1/1581
f 2223/1/1623 2222/1/1625 2178/1/1577 2227/1/1584
f 2226/1/1626 2225/1/1628 2228/1/1581 2180/1/1579
f 2224/1/1624 2223/1/1623 2227/1/1584 2179/1/849
usemtl white_e0.4
f 1992/1/1629 1991/1/978 1996/1/1630
f 1995/1/980 1994/1/1631 1998/1/1632
f 1993/1/971 1992/1/1633 1996/1/1633 1997/1/971
f 1994/1/1634 1993/1/971 1997/1/971 1998/1/1634
f 1995/1/980 1998/1/1632 2001/1/1635
f 1997/1/260 1996/1/1636 1999/1/1636 2000/1/260
f 1998/1/1637 1997/1/260 2000/1/260 2001/1/1637
f 1996/1/1630 1991/1/978 1999/1/1638
f 1995/1/980 2001/1/1635 2004/1/1639
f 2000/1/974 1999/1/1640 2002/1/1640 2003/1/974
f 2001/1/1641 2000/1/974 2003/1/974 2004/1/1641
f 1999/1/1638 1991/1/978 2002/1/1642
f 2002/1/1642 1991/1/978 2005/1/1643
f 1995/1/980 2004/1/1639 2007/1/1644
f 2003/1/975 2002/1/1645 2005/1/1645 2006/1/975
f 2004/1/1646 2003/1/975 2006/1/975 2007/1/1646
f 2007/1/1647 2006/1/195 2009/1/195 2010/1/1647
f 2005/1/1643 1991/1/978 2008/1/1648
f 1995/1/980 2007/1/1644 2010/1/1649
f 2006/1/195 2005/1/1650 2008/1/1650 2009/1/195
f 2010/1/1651 2009/1/979 1993/1/979 1994/1/1651
f 2008/1/1648 1991/1/978 1992/1/1629
f 1995/1/980 2010/1/1649 1994/1/1631
f 2009/1/979 2008/1/1652 1992/1/1652 1993/1/979
f 2230/1/1629 2229/1/978 2234/1/1630
f 2233/1/980 2232/1/1631 2236/1/1632
f 2231/1/971 2230/1/1633 2234/1/1633 2235/1/971
f 2232/1/1634 2231/1/971 2235/1/971 2236/1/1634
f 2233/1/980 2236/1/1632 2239/1/1635
f 2235/1/260 2234/1/1636 2237/1/1636 2238/1/260
f 2236/1/1637 2235/1/260 2238/1/260 2239/1/1637
f 2234/1/1630 2229/1/978 2237/1/1638
f 2233/1/980 2239/1/1635 2242/1/1639
f 2238/1/974 2237/1/1640 2240/1/1640 2241/1/974
f 2239/1/1641 2238/1/974 2241/1/974 2242/1/1641
f 2237/1/1638 2229/1/978 2240/1/1642
f 2240/1/1642 2229/1/978 2243/1/1643
f 2233/1/980 2242/1/1639 2245/1/1644
f 2241/1/975 2240/1/1645 2243/1/1645 2244/1/975
f 2242/1/1646 2241/1/975 2244/1/975 2245/1/1646
f 2245/1/1647 2244/1/195 2247/1/195 2248/1/1647
f 2243/1/1643 2229/1/978 2246/1/1648
f 2233/1/980 2245/1/1644 2248/1/1649
f 2244/1/195 2243/1/1650 2246/1/1650 2247/1/195
f 2248/1/1651 2247/1/979 2231/1/979 2232/1/1651
f 2246/1/1648 2229/1/978 2230/1/1629
f 2233/1/980 2248/1/1649 2232/1/1631
f 2247/1/979 2246/1/1725 2230/1/1725 2231/1/979
usemtl pink
f 2049/1/1653 2011/1/978 2013/1/1654
f 2052/1/1655 2051/1/1656 2015/1/1657 2016/1/1658
f 2050/1/1659 2049/1/1653 2013/1/1654 2014/1/1660
f 2012/1/980 2052/1/1655 2016/1/1658
f 2051/1/1656 2050/1/1659 2014/1/1660 2015/1/1657
f 2012/1/980 2016/1/1658 2020/1/1661
f 2015/1/1657 2014/1/1660 2018/1/1662 2019/1/1663
f 2013/1/1654 2011/1/978 2017/1/1664
f 2016/1/1658 2015/1/1657 2019/1/1663 2020/1/1661
f 2014/1/1660 2013/1/1654 2017/1/1664 2018/1/1662
f 2012/1/980 2020/1/1661 2024/1/1665
f 2019/1/260 2018/1/260 2022/1/260 2023/1/260
f 2017/1/1664 2011/1/978 2021/1/1666
f 2020/1/1661 2019/1/1667 2023/1/1667 2024/1/1665
f 2018/1/1668 2017/1/1664 2021/1/1666 2022/1/1668
f 2012/1/980 2024/1/1665 2028/1/1669
f 2023/1/1670 2022/1/1671 2026/1/1672 2027/1/1673
f 2021/1/1666 2011/1/978 2025/1/1674
f 2024/1/1665 2023/1/1670 2027/1/1673 2028/1/1669
f 2022/1/1671 2021/1/1666 2025/1/1674 2026/1/1672
f 2012/1/980 2028/1/1669 2032/1/1675
f 2027/1/1673 2026/1/1672 2030/1/1676 2031/1/1677
f 2025/1/1674 2011/1/978 2029/1/1678
f 2028/1/1669 2027/1/1673 2031/1/1677 2032/1/1675
f 2026/1/1672 2025/1/1674 2029/1/1678 2030/1/1676
f 2012/1/980 2032/1/1675 2036/1/1679
f 2031/1/1677 2030/1/1676 2034/1/1680 2035/1/1681
f 2029/1/1678 2011/1/978 2033/1/1682
f 2032/1/1675 2031/1/1677 2035/1/1681 2036/1/1679
f 2030/1/1676 2029/1/1678 2033/1/1682 2034/1/1680
f 2012/1/980 2036/1/1679 2040/1/1683
f 2035/1/1681 2034/1/1680 2038/1/1684 2039/1/1685
f 2033/1/1682 2011/1/978 2037/1/1686
f 2036/1/1679 2035/1/1681 2039/1/1685 2040/1/1683
f 2034/1/1680 2033/1/1682 2037/1/1686 2038/1/1684
f 2012/1/980 2040/1/1683 2044/1/1687
f 2039/1/195 2038/1/195 2042/1/195 2043/1/195
f 2037/1/1686 2011/1/978 2041/1/1688
f 2040/1/1683 2039/1/1689 2043/1/1689 2044/1/1687
f 2038/1/1690 2037/1/1686 2041/1/1688 2042/1/1690
f 2012/1/980 2044/1/1687 2048/1/1691
f 2043/1/1692 2042/1/1693 2046/1/1694 2047/1/1695
f 2041/1/1688 2011/1/978 2045/1/1696
f 2044/1/1687 2043/1/1692 2047/1/1695 2048/1/1691
f 2042/1/1693 2041/1/1688 2045/1/1696 2046/1/1694
f 2012/1/980 2048/1/1691 2052/1/1655
f 2047/1/1695 2046/1/1694 2050/1/1659 2051/1/1656
f 2045/1/1696 2011/1/978 2049/1/1653
f 2048/1/1691 2047/1/1695 2051/1/1656 2052/1/1655
f 2046/1/1694 2045/1/1696 2049/1/1653 2050/1/1659
f 2287/1/1653 2249/1/978 2251/1/1654
f 2290/1/1655 2289/1/1656 2253/1/1657 2254/1/1658
f 2288/1/1659 2287/1/1653 2251/1/1654 2252/1/1660
f 2250/1/980 2290/1/1655 2254/1/1658
f 2289/1/1656 2288/1/1659 2252/1/1660 2253/1/1657
f 2250/1/980 2254/1/1658 2258/1/1661
f 2253/1/1657 2252/1/1660 2256/1/1662 2257/1/1663
f 2251/1/1654 2249/1/978 2255/1/1664
f 2254/1/1658 2253/1/1657 2257/1/1663 2258/1/1661
f 2252/1/1660 2251/1/1654 2255/1/1664 2256/1/1662
f 2250/1/980 2258/1/1661 2262/1/1665
f 2257/1/260 2256/1/260 2260/1/260 2261/1/260
f 2255/1/1664 2249/1/978 2259/1/1666
f 2258/1/1661 2257/1/1667 2261/1/1667 2262/1/1665
f 2256/1/1668 2255/1/1664 2259/1/1666 2260/1/1668
f 2250/1/980 2262/1/1665 2266/1/1669
f 2261/1/1670 2260/1/1671 2264/1/1672 2265/1/1673
f 2259/1/1666 2249/1/978 2263/1/1674
f 2262/1/1665 2261/1/1670 2265/1/1673 2266/1/1669
f 2260/1/1671 2259/1/1666 2263/1/1674 2264/1/1672
f 2250/1/980 2266/1/1669 2270/1/1675
f 2265/1/1673 2264/1/1672 2268/1/1676 2269/1/1677
f 2263/1/1674 2249/1/978 2267/1/1678
f 2266/1/1669 2265/1/1673 2269/1/1677 2270/1/1675
f 2264/1/1672 2263/1/1674 2267/1/1678 2268/1/1676
f 2250/1/980 2270/1/1675 2274/1/1679
f 2269/1/1677 2268/1/1676 2272/1/1680 2273/1/1681
f 2267/1/1678 2249/1/978 2271/1/1682
f 2270/1/1675 2269/1/1677 2273/1/1681 2274/1/1679
f 2268/1/1676 2267/1/1678 2271/1/1682 2272/1/1680
f 2250/1/980 2274/1/1679 2278/1/1683
f 2273/1/1681 2272/1/1680 2276/1/1684 2277/1/1685
f 2271/1/1682 2249/1/978 2275/1/1686
f 2274/1/1679 2273/1/1681 2277/1/1685 2278/1/1683
f 2272/1/1680 2271/1/1682 2275/1/1686 2276/1/1684
f 2250/1/980 2278/1/1683 2282/1/1687
f 2277/1/195 2276/1/195 2280/1/195 2281/1/195
f 2275/1/1686 2249/1/978 2279/1/1688
f 2278/1/1683 2277/1/1689 2281/1/1689 2282/1/1687
f 2276/1/1690 2275/1/1686 2279/1/1688 2280/1/1690
f 2250/1/980 2282/1/1687 2286/1/1691
f 2281/1/1692 2280/1/1693 2284/1/1694 2285/1/1695
f 2279/1/1688 2249/1/978 2283/1/1696
f 2282/1/1687 2281/1/1692 2285/1/1695 2286/1/1691
f 2280/1/1693 2279/1/1688 2283/1/1696 2284/1/1694
f 2250/1/980 2286/1/1691 2290/1/1655
f 2285/1/1695 2284/1/1694 2288/1/1659 2289/1/1656
f 2283/1/1696 2249/1/978 2287/1/1653
f 2286/1/1691 2285/1/1695 2289/1/1656 2290/1/1655
f 2284/1/1694 2283/1/1696 2287/1/1653 2288/1/1659
