# Blender 5.0.1
# www.blender.org
mtllib LabMachine.mtl
o LabMachine
v -2.600000 0.000000 1.525000 1.0000 0.9647 0.8980
v -2.600000 0.200000 1.725000 1.0000 0.9647 0.8980
v -2.800000 0.200000 1.525000 1.0000 0.9647 0.8980
v -2.600000 0.026719 1.624869 1.0000 0.9647 0.8980
v -2.699869 0.026719 1.525000 1.0000 0.9647 0.8980
v -2.695642 0.052673 1.620642 1.0000 0.9647 0.8980
v -2.699869 0.200000 1.698281 1.0000 0.9647 0.8980
v -2.600000 0.100131 1.698281 1.0000 0.9647 0.8980
v -2.695642 0.104358 1.672327 1.0000 0.9647 0.8980
v -2.773281 0.100131 1.525000 1.0000 0.9647 0.8980
v -2.773281 0.200000 1.624869 1.0000 0.9647 0.8980
v -2.747326 0.104358 1.620642 1.0000 0.9647 0.8980
v -2.600000 2.400000 1.725000 1.0000 0.9647 0.8980
v -2.600000 2.600000 1.525000 1.0000 0.9647 0.8980
v -2.800000 2.400000 1.525000 1.0000 0.9647 0.8980
v -2.600000 2.499869 1.698281 1.0000 0.9647 0.8980
v -2.699869 2.400000 1.698281 1.0000 0.9647 0.8980
v -2.695642 2.495642 1.672327 1.0000 0.9647 0.8980
v -2.699869 2.573281 1.525000 1.0000 0.9647 0.8980
v -2.600000 2.573281 1.624869 1.0000 0.9647 0.8980
v -2.695642 2.547327 1.620642 1.0000 0.9647 0.8980
v -2.773281 2.400000 1.624869 1.0000 0.9647 0.8980
v -2.773281 2.499869 1.525000 1.0000 0.9647 0.8980
v -2.747326 2.495642 1.620642 1.0000 0.9647 0.8980
v -2.600000 0.000000 -1.675000 1.0000 0.9647 0.8980
v -2.800000 0.200000 -1.675000 1.0000 0.9647 0.8980
v -2.600000 0.200000 -1.875000 1.0000 0.9647 0.8980
v -2.699869 0.026719 -1.675000 1.0000 0.9647 0.8980
v -2.600000 0.026719 -1.774869 1.0000 0.9647 0.8980
v -2.695642 0.052673 -1.770642 1.0000 0.9647 0.8980
v -2.773281 0.200000 -1.774869 1.0000 0.9647 0.8980
v -2.773281 0.100131 -1.675000 1.0000 0.9647 0.8980
v -2.747326 0.104358 -1.770642 1.0000 0.9647 0.8980
v -2.600000 0.100131 -1.848281 1.0000 0.9647 0.8980
v -2.699869 0.200000 -1.848281 1.0000 0.9647 0.8980
v -2.695642 0.104358 -1.822327 1.0000 0.9647 0.8980
v -2.600000 2.600000 -1.675000 1.0000 0.9647 0.8980
v -2.600000 2.400000 -1.875000 1.0000 0.9647 0.8980
v -2.800000 2.400000 -1.675000 1.0000 0.9647 0.8980
v -2.600000 2.573281 -1.774869 1.0000 0.9647 0.8980
v -2.699869 2.573281 -1.675000 1.0000 0.9647 0.8980
v -2.695642 2.547327 -1.770642 1.0000 0.9647 0.8980
v -2.699869 2.400000 -1.848281 1.0000 0.9647 0.8980
v -2.600000 2.499869 -1.848281 1.0000 0.9647 0.8980
v -2.695642 2.495642 -1.822327 1.0000 0.9647 0.8980
v -2.773281 2.499869 -1.675000 1.0000 0.9647 0.8980
v -2.773281 2.400000 -1.774869 1.0000 0.9647 0.8980
v -2.747326 2.495642 -1.770642 1.0000 0.9647 0.8980
v 2.600000 0.000000 1.525000 1.0000 0.9647 0.8980
v 2.800000 0.200000 1.525000 1.0000 0.9647 0.8980
v 2.600000 0.200000 1.725000 1.0000 0.9647 0.8980
v 2.699869 0.026719 1.525000 1.0000 0.9647 0.8980
v 2.600000 0.026719 1.624869 1.0000 0.9647 0.8980
v 2.695642 0.052673 1.620642 1.0000 0.9647 0.8980
v 2.773281 0.200000 1.624869 1.0000 0.9647 0.8980
v 2.773281 0.100131 1.525000 1.0000 0.9647 0.8980
v 2.747326 0.104358 1.620642 1.0000 0.9647 0.8980
v 2.600000 0.100131 1.698281 1.0000 0.9647 0.8980
v 2.699869 0.200000 1.698281 1.0000 0.9647 0.8980
v 2.695642 0.104358 1.672327 1.0000 0.9647 0.8980
v 2.600000 2.600000 1.525000 1.0000 0.9647 0.8980
v 2.600000 2.400000 1.725000 1.0000 0.9647 0.8980
v 2.800000 2.400000 1.525000 1.0000 0.9647 0.8980
v 2.600000 2.573281 1.624869 1.0000 0.9647 0.8980
v 2.699869 2.573281 1.525000 1.0000 0.9647 0.8980
v 2.695642 2.547327 1.620642 1.0000 0.9647 0.8980
v 2.699869 2.400000 1.698281 1.0000 0.9647 0.8980
v 2.600000 2.499869 1.698281 1.0000 0.9647 0.8980
v 2.695642 2.495642 1.672327 1.0000 0.9647 0.8980
v 2.773281 2.499869 1.525000 1.0000 0.9647 0.8980
v 2.773281 2.400000 1.624869 1.0000 0.9647 0.8980
v 2.747326 2.495642 1.620642 1.0000 0.9647 0.8980
v 2.600000 0.000000 -1.675000 1.0000 0.9647 0.8980
v 2.600000 0.200000 -1.875000 1.0000 0.9647 0.8980
v 2.800000 0.200000 -1.675000 1.0000 0.9647 0.8980
v 2.600000 0.026719 -1.774869 1.0000 0.9647 0.8980
v 2.699869 0.026719 -1.675000 1.0000 0.9647 0.8980
v 2.695642 0.052673 -1.770642 1.0000 0.9647 0.8980
v 2.699869 0.200000 -1.848281 1.0000 0.9647 0.8980
v 2.600000 0.100131 -1.848281 1.0000 0.9647 0.8980
v 2.695642 0.104358 -1.822327 1.0000 0.9647 0.8980
v 2.773281 0.100131 -1.675000 1.0000 0.9647 0.8980
v 2.773281 0.200000 -1.774869 1.0000 0.9647 0.8980
v 2.747326 0.104358 -1.770642 1.0000 0.9647 0.8980
v 2.600000 2.600000 -1.675000 1.0000 0.9647 0.8980
v 2.800000 2.400000 -1.675000 1.0000 0.9647 0.8980
v 2.600000 2.400000 -1.875000 1.0000 0.9647 0.8980
v 2.699869 2.573281 -1.675000 1.0000 0.9647 0.8980
v 2.600000 2.573281 -1.774869 1.0000 0.9647 0.8980
v 2.695642 2.547327 -1.770642 1.0000 0.9647 0.8980
v 2.773281 2.400000 -1.774869 1.0000 0.9647 0.8980
v 2.773281 2.499869 -1.675000 1.0000 0.9647 0.8980
v 2.747326 2.495642 -1.770642 1.0000 0.9647 0.8980
v 2.600000 2.499869 -1.848281 1.0000 0.9647 0.8980
v 2.699869 2.400000 -1.848281 1.0000 0.9647 0.8980
v 2.695642 2.495642 -1.822327 1.0000 0.9647 0.8980
v -2.750000 2.550000 1.675000 0.2471 0.7137 0.7882
v -2.750000 2.650000 1.775000 0.2471 0.7137 0.7882
v -2.850000 2.650000 1.675000 0.2471 0.7137 0.7882
v -2.750000 2.579289 1.745711 0.2471 0.7137 0.7882
v -2.807735 2.592265 1.732735 0.2471 0.7137 0.7882
v -2.820711 2.650000 1.745711 0.2471 0.7137 0.7882
v -2.820711 2.579289 1.675000 0.2471 0.7137 0.7882
v -2.750000 2.750000 1.775000 0.2471 0.7137 0.7882
v -2.750000 2.850000 1.675000 0.2471 0.7137 0.7882
v -2.850000 2.750000 1.675000 0.2471 0.7137 0.7882
v -2.750000 2.820711 1.745711 0.2471 0.7137 0.7882
v -2.807735 2.807735 1.732735 0.2471 0.7137 0.7882
v -2.820711 2.820711 1.675000 0.2471 0.7137 0.7882
v -2.820711 2.750000 1.745711 0.2471 0.7137 0.7882
v -2.750000 2.550000 -1.825000 0.2471 0.7137 0.7882
v -2.850000 2.650000 -1.825000 0.2471 0.7137 0.7882
v -2.750000 2.650000 -1.925000 0.2471 0.7137 0.7882
v -2.820711 2.579289 -1.825000 0.2471 0.7137 0.7882
v -2.807735 2.592265 -1.882735 0.2471 0.7137 0.7882
v -2.820711 2.650000 -1.895711 0.2471 0.7137 0.7882
v -2.750000 2.579289 -1.895711 0.2471 0.7137 0.7882
v -2.750000 2.850000 -1.825000 0.2471 0.7137 0.7882
v -2.750000 2.750000 -1.925000 0.2471 0.7137 0.7882
v -2.850000 2.750000 -1.825000 0.2471 0.7137 0.7882
v -2.750000 2.820711 -1.895711 0.2471 0.7137 0.7882
v -2.807735 2.807735 -1.882735 0.2471 0.7137 0.7882
v -2.820711 2.750000 -1.895711 0.2471 0.7137 0.7882
v -2.820711 2.820711 -1.825000 0.2471 0.7137 0.7882
v 2.750000 2.550000 1.675000 0.2471 0.7137 0.7882
v 2.850000 2.650000 1.675000 0.2471 0.7137 0.7882
v 2.750000 2.650000 1.775000 0.2471 0.7137 0.7882
v 2.820711 2.579289 1.675000 0.2471 0.7137 0.7882
v 2.807735 2.592265 1.732735 0.2471 0.7137 0.7882
v 2.820711 2.650000 1.745711 0.2471 0.7137 0.7882
v 2.750000 2.579289 1.745711 0.2471 0.7137 0.7882
v 2.750000 2.850000 1.675000 0.2471 0.7137 0.7882
v 2.750000 2.750000 1.775000 0.2471 0.7137 0.7882
v 2.850000 2.750000 1.675000 0.2471 0.7137 0.7882
v 2.750000 2.820711 1.745711 0.2471 0.7137 0.7882
v 2.807735 2.807735 1.732735 0.2471 0.7137 0.7882
v 2.820711 2.750000 1.745711 0.2471 0.7137 0.7882
v 2.820711 2.820711 1.675000 0.2471 0.7137 0.7882
v 2.750000 2.550000 -1.825000 0.2471 0.7137 0.7882
v 2.750000 2.650000 -1.925000 0.2471 0.7137 0.7882
v 2.850000 2.650000 -1.825000 0.2471 0.7137 0.7882
v 2.750000 2.579289 -1.895711 0.2471 0.7137 0.7882
v 2.807735 2.592265 -1.882735 0.2471 0.7137 0.7882
v 2.820711 2.650000 -1.895711 0.2471 0.7137 0.7882
v 2.820711 2.579289 -1.825000 0.2471 0.7137 0.7882
v 2.750000 2.850000 -1.825000 0.2471 0.7137 0.7882
v 2.850000 2.750000 -1.825000 0.2471 0.7137 0.7882
v 2.750000 2.750000 -1.925000 0.2471 0.7137 0.7882
v 2.820711 2.820711 -1.825000 0.2471 0.7137 0.7882
v 2.807735 2.807735 -1.882735 0.2471 0.7137 0.7882
v 2.820711 2.750000 -1.895711 0.2471 0.7137 0.7882
v 2.750000 2.820711 -1.895711 0.2471 0.7137 0.7882
v -2.373000 0.600000 1.748000 0.1647 0.5294 0.5921
v -2.373000 0.627000 1.775000 0.1647 0.5294 0.5921
v -2.400000 0.627000 1.748000 0.1647 0.5294 0.5921
v -2.373000 0.607908 1.767092 0.1647 0.5294 0.5921
v -2.388588 0.611412 1.763588 0.1647 0.5294 0.5921
v -2.392092 0.627000 1.767092 0.1647 0.5294 0.5921
v -2.392092 0.607908 1.748000 0.1647 0.5294 0.5921
v -2.373000 1.973000 1.775000 0.1647 0.5294 0.5921
v -2.373000 2.000000 1.748000 0.1647 0.5294 0.5921
v -2.400000 1.973000 1.748000 0.1647 0.5294 0.5921
v -2.373000 1.992092 1.767092 0.1647 0.5294 0.5921
v -2.388588 1.988588 1.763588 0.1647 0.5294 0.5921
v -2.392092 1.992092 1.748000 0.1647 0.5294 0.5921
v -2.392092 1.973000 1.767092 0.1647 0.5294 0.5921
v -2.373000 0.600000 1.742000 0.1647 0.5294 0.5921
v -2.400000 0.627000 1.742000 0.1647 0.5294 0.5921
v -2.373000 0.627000 1.715000 0.1647 0.5294 0.5921
v -2.392092 0.607908 1.742000 0.1647 0.5294 0.5921
v -2.388588 0.611412 1.726412 0.1647 0.5294 0.5921
v -2.392092 0.627000 1.722908 0.1647 0.5294 0.5921
v -2.373000 0.607908 1.722908 0.1647 0.5294 0.5921
v -2.373000 2.000000 1.742000 0.1647 0.5294 0.5921
v -2.373000 1.973000 1.715000 0.1647 0.5294 0.5921
v -2.400000 1.973000 1.742000 0.1647 0.5294 0.5921
v -2.373000 1.992092 1.722908 0.1647 0.5294 0.5921
v -2.388588 1.988588 1.726412 0.1647 0.5294 0.5921
v -2.392092 1.973000 1.722908 0.1647 0.5294 0.5921
v -2.392092 1.992092 1.742000 0.1647 0.5294 0.5921
v -0.227000 0.600000 1.748000 0.1647 0.5294 0.5921
v -0.200000 0.627000 1.748000 0.1647 0.5294 0.5921
v -0.227000 0.627000 1.775000 0.1647 0.5294 0.5921
v -0.207908 0.607908 1.748000 0.1647 0.5294 0.5921
v -0.211411 0.611412 1.763588 0.1647 0.5294 0.5921
v -0.207908 0.627000 1.767092 0.1647 0.5294 0.5921
v -0.227000 0.607908 1.767092 0.1647 0.5294 0.5921
v -0.227000 2.000000 1.748000 0.1647 0.5294 0.5921
v -0.227000 1.973000 1.775000 0.1647 0.5294 0.5921
v -0.200000 1.973000 1.748000 0.1647 0.5294 0.5921
v -0.227000 1.992092 1.767092 0.1647 0.5294 0.5921
v -0.211411 1.988588 1.763588 0.1647 0.5294 0.5921
v -0.207908 1.973000 1.767092 0.1647 0.5294 0.5921
v -0.207908 1.992092 1.748000 0.1647 0.5294 0.5921
v -0.227000 0.600000 1.742000 0.1647 0.5294 0.5921
v -0.227000 0.627000 1.715000 0.1647 0.5294 0.5921
v -0.200000 0.627000 1.742000 0.1647 0.5294 0.5921
v -0.227000 0.607908 1.722908 0.1647 0.5294 0.5921
v -0.211411 0.611412 1.726412 0.1647 0.5294 0.5921
v -0.207908 0.627000 1.722908 0.1647 0.5294 0.5921
v -0.207908 0.607908 1.742000 0.1647 0.5294 0.5921
v -0.227000 2.000000 1.742000 0.1647 0.5294 0.5921
v -0.200000 1.973000 1.742000 0.1647 0.5294 0.5921
v -0.227000 1.973000 1.715000 0.1647 0.5294 0.5921
v -0.207908 1.992092 1.742000 0.1647 0.5294 0.5921
v -0.211411 1.988588 1.726412 0.1647 0.5294 0.5921
v -0.207908 1.973000 1.722908 0.1647 0.5294 0.5921
v -0.227000 1.992092 1.722908 0.1647 0.5294 0.5921
v -1.900000 1.738942 1.730000 0.8470 0.2275 0.1804
v -1.900000 1.770000 1.760000 0.8470 0.2275 0.1804
v -1.900000 1.760903 1.738787 0.8470 0.2275 0.1804
v -1.900000 1.738942 1.880000 0.8470 0.2275 0.1804
v -1.900000 1.770000 1.850000 0.8470 0.2275 0.1804
v -1.900000 1.760903 1.871213 0.8470 0.2275 0.1804
v -1.830529 1.720327 1.730000 0.8470 0.2275 0.1804
v -1.815000 1.747224 1.760000 0.8470 0.2275 0.1804
v -1.819548 1.739346 1.738787 0.8470 0.2275 0.1804
v -1.830529 1.720327 1.880000 0.8470 0.2275 0.1804
v -1.815000 1.747224 1.850000 0.8470 0.2275 0.1804
v -1.819548 1.739346 1.871213 0.8470 0.2275 0.1804
v -1.779673 1.669471 1.730000 0.8470 0.2275 0.1804
v -1.752776 1.685000 1.760000 0.8470 0.2275 0.1804
v -1.760654 1.680452 1.738787 0.8470 0.2275 0.1804
v -1.779673 1.669471 1.880000 0.8470 0.2275 0.1804
v -1.752776 1.685000 1.850000 0.8470 0.2275 0.1804
v -1.760654 1.680452 1.871213 0.8470 0.2275 0.1804
v -1.761058 1.600000 1.730000 0.8470 0.2275 0.1804
v -1.730000 1.600000 1.760000 0.8470 0.2275 0.1804
v -1.739097 1.600000 1.738787 0.8470 0.2275 0.1804
v -1.761058 1.600000 1.880000 0.8470 0.2275 0.1804
v -1.730000 1.600000 1.850000 0.8470 0.2275 0.1804
v -1.739097 1.600000 1.871213 0.8470 0.2275 0.1804
v -1.779673 1.530529 1.730000 0.8470 0.2275 0.1804
v -1.752776 1.515000 1.760000 0.8470 0.2275 0.1804
v -1.760654 1.519548 1.738787 0.8470 0.2275 0.1804
v -1.779673 1.530529 1.880000 0.8470 0.2275 0.1804
v -1.752776 1.515000 1.850000 0.8470 0.2275 0.1804
v -1.760654 1.519548 1.871213 0.8470 0.2275 0.1804
v -1.830529 1.479673 1.730000 0.8470 0.2275 0.1804
v -1.815000 1.452776 1.760000 0.8470 0.2275 0.1804
v -1.819548 1.460654 1.738787 0.8470 0.2275 0.1804
v -1.830529 1.479673 1.880000 0.8470 0.2275 0.1804
v -1.815000 1.452776 1.850000 0.8470 0.2275 0.1804
v -1.819548 1.460654 1.871213 0.8470 0.2275 0.1804
v -1.900000 1.461058 1.730000 0.8470 0.2275 0.1804
v -1.900000 1.430000 1.760000 0.8470 0.2275 0.1804
v -1.900000 1.439097 1.738787 0.8470 0.2275 0.1804
v -1.900000 1.461058 1.880000 0.8470 0.2275 0.1804
v -1.900000 1.430000 1.850000 0.8470 0.2275 0.1804
v -1.900000 1.439097 1.871213 0.8470 0.2275 0.1804
v -1.969471 1.479673 1.730000 0.8470 0.2275 0.1804
v -1.985000 1.452776 1.760000 0.8470 0.2275 0.1804
v -1.980452 1.460654 1.738787 0.8470 0.2275 0.1804
v -1.969471 1.479673 1.880000 0.8470 0.2275 0.1804
v -1.985000 1.452776 1.850000 0.8470 0.2275 0.1804
v -1.980452 1.460654 1.871213 0.8470 0.2275 0.1804
v -2.020327 1.530529 1.730000 0.8470 0.2275 0.1804
v -2.047224 1.515000 1.760000 0.8470 0.2275 0.1804
v -2.039346 1.519548 1.738787 0.8470 0.2275 0.1804
v -2.020327 1.530529 1.880000 0.8470 0.2275 0.1804
v -2.047224 1.515000 1.850000 0.8470 0.2275 0.1804
v -2.039346 1.519548 1.871213 0.8470 0.2275 0.1804
v -2.038942 1.600000 1.730000 0.8470 0.2275 0.1804
v -2.070000 1.600000 1.760000 0.8470 0.2275 0.1804
v -2.060903 1.600000 1.738787 0.8470 0.2275 0.1804
v -2.038942 1.600000 1.880000 0.8470 0.2275 0.1804
v -2.070000 1.600000 1.850000 0.8470 0.2275 0.1804
v -2.060903 1.600000 1.871213 0.8470 0.2275 0.1804
v -2.020327 1.669471 1.730000 0.8470 0.2275 0.1804
v -2.047224 1.685000 1.760000 0.8470 0.2275 0.1804
v -2.039346 1.680452 1.738787 0.8470 0.2275 0.1804
v -2.020327 1.669471 1.880000 0.8470 0.2275 0.1804
v -2.047224 1.685000 1.850000 0.8470 0.2275 0.1804
v -2.039346 1.680452 1.871213 0.8470 0.2275 0.1804
v -1.969471 1.720327 1.730000 0.8470 0.2275 0.1804
v -1.985000 1.747224 1.760000 0.8470 0.2275 0.1804
v -1.980452 1.739346 1.738787 0.8470 0.2275 0.1804
v -1.969471 1.720327 1.880000 0.8470 0.2275 0.1804
v -1.985000 1.747224 1.850000 0.8470 0.2275 0.1804
v -1.980452 1.739346 1.871213 0.8470 0.2275 0.1804
v -1.900000 1.120000 1.725000 0.7216 0.7608 0.8000
v -1.900000 1.120000 1.925000 0.7216 0.7608 0.8000
v -1.829466 1.097082 1.725000 0.7216 0.7608 0.8000
v -1.829466 1.097082 1.925000 0.7216 0.7608 0.8000
v -1.785873 1.037082 1.725000 0.7216 0.7608 0.8000
v -1.785873 1.037082 1.925000 0.7216 0.7608 0.8000
v -1.785873 0.962918 1.725000 0.7216 0.7608 0.8000
v -1.785873 0.962918 1.925000 0.7216 0.7608 0.8000
v -1.829466 0.902918 1.725000 0.7216 0.7608 0.8000
v -1.829466 0.902918 1.925000 0.7216 0.7608 0.8000
v -1.900000 0.880000 1.725000 0.7216 0.7608 0.8000
v -1.900000 0.880000 1.925000 0.7216 0.7608 0.8000
v -1.970534 0.902918 1.725000 0.7216 0.7608 0.8000
v -1.970534 0.902918 1.925000 0.7216 0.7608 0.8000
v -2.014127 0.962918 1.725000 0.7216 0.7608 0.8000
v -2.014127 0.962918 1.925000 0.7216 0.7608 0.8000
v -2.014127 1.037082 1.725000 0.7216 0.7608 0.8000
v -2.014127 1.037082 1.925000 0.7216 0.7608 0.8000
v -1.970534 1.097082 1.725000 0.7216 0.7608 0.8000
v -1.970534 1.097082 1.925000 0.7216 0.7608 0.8000
v -1.300000 1.738942 1.730000 0.9490 0.7608 0.1882
v -1.300000 1.770000 1.760000 0.9490 0.7608 0.1882
v -1.300000 1.760903 1.738787 0.9490 0.7608 0.1882
v -1.300000 1.738942 1.880000 0.9490 0.7608 0.1882
v -1.300000 1.770000 1.850000 0.9490 0.7608 0.1882
v -1.300000 1.760903 1.871213 0.9490 0.7608 0.1882
v -1.230529 1.720327 1.730000 0.9490 0.7608 0.1882
v -1.215000 1.747224 1.760000 0.9490 0.7608 0.1882
v -1.219548 1.739346 1.738787 0.9490 0.7608 0.1882
v -1.230529 1.720327 1.880000 0.9490 0.7608 0.1882
v -1.215000 1.747224 1.850000 0.9490 0.7608 0.1882
v -1.219548 1.739346 1.871213 0.9490 0.7608 0.1882
v -1.179673 1.669471 1.730000 0.9490 0.7608 0.1882
v -1.152776 1.685000 1.760000 0.9490 0.7608 0.1882
v -1.160654 1.680452 1.738787 0.9490 0.7608 0.1882
v -1.179673 1.669471 1.880000 0.9490 0.7608 0.1882
v -1.152776 1.685000 1.850000 0.9490 0.7608 0.1882
v -1.160654 1.680452 1.871213 0.9490 0.7608 0.1882
v -1.161058 1.600000 1.730000 0.9490 0.7608 0.1882
v -1.130000 1.600000 1.760000 0.9490 0.7608 0.1882
v -1.139097 1.600000 1.738787 0.9490 0.7608 0.1882
v -1.161058 1.600000 1.880000 0.9490 0.7608 0.1882
v -1.130000 1.600000 1.850000 0.9490 0.7608 0.1882
v -1.139097 1.600000 1.871213 0.9490 0.7608 0.1882
v -1.179673 1.530529 1.730000 0.9490 0.7608 0.1882
v -1.152776 1.515000 1.760000 0.9490 0.7608 0.1882
v -1.160654 1.519548 1.738787 0.9490 0.7608 0.1882
v -1.179673 1.530529 1.880000 0.9490 0.7608 0.1882
v -1.152776 1.515000 1.850000 0.9490 0.7608 0.1882
v -1.160654 1.519548 1.871213 0.9490 0.7608 0.1882
v -1.230529 1.479673 1.730000 0.9490 0.7608 0.1882
v -1.215000 1.452776 1.760000 0.9490 0.7608 0.1882
v -1.219548 1.460654 1.738787 0.9490 0.7608 0.1882
v -1.230529 1.479673 1.880000 0.9490 0.7608 0.1882
v -1.215000 1.452776 1.850000 0.9490 0.7608 0.1882
v -1.219548 1.460654 1.871213 0.9490 0.7608 0.1882
v -1.300000 1.461058 1.730000 0.9490 0.7608 0.1882
v -1.300000 1.430000 1.760000 0.9490 0.7608 0.1882
v -1.300000 1.439097 1.738787 0.9490 0.7608 0.1882
v -1.300000 1.461058 1.880000 0.9490 0.7608 0.1882
v -1.300000 1.430000 1.850000 0.9490 0.7608 0.1882
v -1.300000 1.439097 1.871213 0.9490 0.7608 0.1882
v -1.369471 1.479673 1.730000 0.9490 0.7608 0.1882
v -1.385000 1.452776 1.760000 0.9490 0.7608 0.1882
v -1.380452 1.460654 1.738787 0.9490 0.7608 0.1882
v -1.369471 1.479673 1.880000 0.9490 0.7608 0.1882
v -1.385000 1.452776 1.850000 0.9490 0.7608 0.1882
v -1.380452 1.460654 1.871213 0.9490 0.7608 0.1882
v -1.420327 1.530529 1.730000 0.9490 0.7608 0.1882
v -1.447224 1.515000 1.760000 0.9490 0.7608 0.1882
v -1.439346 1.519548 1.738787 0.9490 0.7608 0.1882
v -1.420327 1.530529 1.880000 0.9490 0.7608 0.1882
v -1.447224 1.515000 1.850000 0.9490 0.7608 0.1882
v -1.439346 1.519548 1.871213 0.9490 0.7608 0.1882
v -1.438942 1.600000 1.730000 0.9490 0.7608 0.1882
v -1.470000 1.600000 1.760000 0.9490 0.7608 0.1882
v -1.460903 1.600000 1.738787 0.9490 0.7608 0.1882
v -1.438942 1.600000 1.880000 0.9490 0.7608 0.1882
v -1.470000 1.600000 1.850000 0.9490 0.7608 0.1882
v -1.460903 1.600000 1.871213 0.9490 0.7608 0.1882
v -1.420327 1.669471 1.730000 0.9490 0.7608 0.1882
v -1.447224 1.685000 1.760000 0.9490 0.7608 0.1882
v -1.439346 1.680452 1.738787 0.9490 0.7608 0.1882
v -1.420327 1.669471 1.880000 0.9490 0.7608 0.1882
v -1.447224 1.685000 1.850000 0.9490 0.7608 0.1882
v -1.439346 1.680452 1.871213 0.9490 0.7608 0.1882
v -1.369471 1.720327 1.730000 0.9490 0.7608 0.1882
v -1.385000 1.747224 1.760000 0.9490 0.7608 0.1882
v -1.380452 1.739346 1.738787 0.9490 0.7608 0.1882
v -1.369471 1.720327 1.880000 0.9490 0.7608 0.1882
v -1.385000 1.747224 1.850000 0.9490 0.7608 0.1882
v -1.380452 1.739346 1.871213 0.9490 0.7608 0.1882
v -1.300000 1.120000 1.725000 0.7216 0.7608 0.8000
v -1.300000 1.120000 1.925000 0.7216 0.7608 0.8000
v -1.229466 1.097082 1.725000 0.7216 0.7608 0.8000
v -1.229466 1.097082 1.925000 0.7216 0.7608 0.8000
v -1.185873 1.037082 1.725000 0.7216 0.7608 0.8000
v -1.185873 1.037082 1.925000 0.7216 0.7608 0.8000
v -1.185873 0.962918 1.725000 0.7216 0.7608 0.8000
v -1.185873 0.962918 1.925000 0.7216 0.7608 0.8000
v -1.229466 0.902918 1.725000 0.7216 0.7608 0.8000
v -1.229466 0.902918 1.925000 0.7216 0.7608 0.8000
v -1.300000 0.880000 1.725000 0.7216 0.7608 0.8000
v -1.300000 0.880000 1.925000 0.7216 0.7608 0.8000
v -1.370534 0.902918 1.725000 0.7216 0.7608 0.8000
v -1.370534 0.902918 1.925000 0.7216 0.7608 0.8000
v -1.414127 0.962918 1.725000 0.7216 0.7608 0.8000
v -1.414127 0.962918 1.925000 0.7216 0.7608 0.8000
v -1.414127 1.037082 1.725000 0.7216 0.7608 0.8000
v -1.414127 1.037082 1.925000 0.7216 0.7608 0.8000
v -1.370534 1.097082 1.725000 0.7216 0.7608 0.8000
v -1.370534 1.097082 1.925000 0.7216 0.7608 0.8000
v -0.700000 1.738942 1.730000 0.4275 0.7451 0.2706
v -0.700000 1.770000 1.760000 0.4275 0.7451 0.2706
v -0.700000 1.760903 1.738787 0.4275 0.7451 0.2706
v -0.700000 1.738942 1.880000 0.4275 0.7451 0.2706
v -0.700000 1.770000 1.850000 0.4275 0.7451 0.2706
v -0.700000 1.760903 1.871213 0.4275 0.7451 0.2706
v -0.630529 1.720327 1.730000 0.4275 0.7451 0.2706
v -0.615000 1.747224 1.760000 0.4275 0.7451 0.2706
v -0.619548 1.739346 1.738787 0.4275 0.7451 0.2706
v -0.630529 1.720327 1.880000 0.4275 0.7451 0.2706
v -0.615000 1.747224 1.850000 0.4275 0.7451 0.2706
v -0.619548 1.739346 1.871213 0.4275 0.7451 0.2706
v -0.579673 1.669471 1.730000 0.4275 0.7451 0.2706
v -0.552776 1.685000 1.760000 0.4275 0.7451 0.2706
v -0.560654 1.680452 1.738787 0.4275 0.7451 0.2706
v -0.579673 1.669471 1.880000 0.4275 0.7451 0.2706
v -0.552776 1.685000 1.850000 0.4275 0.7451 0.2706
v -0.560654 1.680452 1.871213 0.4275 0.7451 0.2706
v -0.561058 1.600000 1.730000 0.4275 0.7451 0.2706
v -0.530000 1.600000 1.760000 0.4275 0.7451 0.2706
v -0.539097 1.600000 1.738787 0.4275 0.7451 0.2706
v -0.561058 1.600000 1.880000 0.4275 0.7451 0.2706
v -0.530000 1.600000 1.850000 0.4275 0.7451 0.2706
v -0.539097 1.600000 1.871213 0.4275 0.7451 0.2706
v -0.579673 1.530529 1.730000 0.4275 0.7451 0.2706
v -0.552776 1.515000 1.760000 0.4275 0.7451 0.2706
v -0.560654 1.519548 1.738787 0.4275 0.7451 0.2706
v -0.579673 1.530529 1.880000 0.4275 0.7451 0.2706
v -0.552776 1.515000 1.850000 0.4275 0.7451 0.2706
v -0.560654 1.519548 1.871213 0.4275 0.7451 0.2706
v -0.630529 1.479673 1.730000 0.4275 0.7451 0.2706
v -0.615000 1.452776 1.760000 0.4275 0.7451 0.2706
v -0.619548 1.460654 1.738787 0.4275 0.7451 0.2706
v -0.630529 1.479673 1.880000 0.4275 0.7451 0.2706
v -0.615000 1.452776 1.850000 0.4275 0.7451 0.2706
v -0.619548 1.460654 1.871213 0.4275 0.7451 0.2706
v -0.700000 1.461058 1.730000 0.4275 0.7451 0.2706
v -0.700000 1.430000 1.760000 0.4275 0.7451 0.2706
v -0.700000 1.439097 1.738787 0.4275 0.7451 0.2706
v -0.700000 1.461058 1.880000 0.4275 0.7451 0.2706
v -0.700000 1.430000 1.850000 0.4275 0.7451 0.2706
v -0.700000 1.439097 1.871213 0.4275 0.7451 0.2706
v -0.769471 1.479673 1.730000 0.4275 0.7451 0.2706
v -0.785000 1.452776 1.760000 0.4275 0.7451 0.2706
v -0.780452 1.460654 1.738787 0.4275 0.7451 0.2706
v -0.769471 1.479673 1.880000 0.4275 0.7451 0.2706
v -0.785000 1.452776 1.850000 0.4275 0.7451 0.2706
v -0.780452 1.460654 1.871213 0.4275 0.7451 0.2706
v -0.820327 1.530529 1.730000 0.4275 0.7451 0.2706
v -0.847224 1.515000 1.760000 0.4275 0.7451 0.2706
v -0.839346 1.519548 1.738787 0.4275 0.7451 0.2706
v -0.820327 1.530529 1.880000 0.4275 0.7451 0.2706
v -0.847224 1.515000 1.850000 0.4275 0.7451 0.2706
v -0.839346 1.519548 1.871213 0.4275 0.7451 0.2706
v -0.838942 1.600000 1.730000 0.4275 0.7451 0.2706
v -0.870000 1.600000 1.760000 0.4275 0.7451 0.2706
v -0.860903 1.600000 1.738787 0.4275 0.7451 0.2706
v -0.838942 1.600000 1.880000 0.4275 0.7451 0.2706
v -0.870000 1.600000 1.850000 0.4275 0.7451 0.2706
v -0.860903 1.600000 1.871213 0.4275 0.7451 0.2706
v -0.820327 1.669471 1.730000 0.4275 0.7451 0.2706
v -0.847224 1.685000 1.760000 0.4275 0.7451 0.2706
v -0.839346 1.680452 1.738787 0.4275 0.7451 0.2706
v -0.820327 1.669471 1.880000 0.4275 0.7451 0.2706
v -0.847224 1.685000 1.850000 0.4275 0.7451 0.2706
v -0.839346 1.680452 1.871213 0.4275 0.7451 0.2706
v -0.769471 1.720327 1.730000 0.4275 0.7451 0.2706
v -0.785000 1.747224 1.760000 0.4275 0.7451 0.2706
v -0.780452 1.739346 1.738787 0.4275 0.7451 0.2706
v -0.769471 1.720327 1.880000 0.4275 0.7451 0.2706
v -0.785000 1.747224 1.850000 0.4275 0.7451 0.2706
v -0.780452 1.739346 1.871213 0.4275 0.7451 0.2706
v -0.700000 1.120000 1.725000 0.7216 0.7608 0.8000
v -0.700000 1.120000 1.925000 0.7216 0.7608 0.8000
v -0.629466 1.097082 1.725000 0.7216 0.7608 0.8000
v -0.629466 1.097082 1.925000 0.7216 0.7608 0.8000
v -0.585873 1.037082 1.725000 0.7216 0.7608 0.8000
v -0.585873 1.037082 1.925000 0.7216 0.7608 0.8000
v -0.585873 0.962918 1.725000 0.7216 0.7608 0.8000
v -0.585873 0.962918 1.925000 0.7216 0.7608 0.8000
v -0.629466 0.902918 1.725000 0.7216 0.7608 0.8000
v -0.629466 0.902918 1.925000 0.7216 0.7608 0.8000
v -0.700000 0.880000 1.725000 0.7216 0.7608 0.8000
v -0.700000 0.880000 1.925000 0.7216 0.7608 0.8000
v -0.770534 0.902918 1.725000 0.7216 0.7608 0.8000
v -0.770534 0.902918 1.925000 0.7216 0.7608 0.8000
v -0.814127 0.962918 1.725000 0.7216 0.7608 0.8000
v -0.814127 0.962918 1.925000 0.7216 0.7608 0.8000
v -0.814127 1.037082 1.725000 0.7216 0.7608 0.8000
v -0.814127 1.037082 1.925000 0.7216 0.7608 0.8000
v -0.770534 1.097082 1.725000 0.7216 0.7608 0.8000
v -0.770534 1.097082 1.925000 0.7216 0.7608 0.8000
v 0.527000 1.150000 1.748000 0.1176 0.1647 0.2275
v 0.527000 1.177000 1.775000 0.1176 0.1647 0.2275
v 0.500000 1.177000 1.748000 0.1176 0.1647 0.2275
v 0.527000 1.157908 1.767092 0.1176 0.1647 0.2275
v 0.511411 1.161412 1.763588 0.1176 0.1647 0.2275
v 0.507908 1.177000 1.767092 0.1176 0.1647 0.2275
v 0.507908 1.157908 1.748000 0.1176 0.1647 0.2275
v 0.527000 2.023000 1.775000 0.1176 0.1647 0.2275
v 0.527000 2.050000 1.748000 0.1176 0.1647 0.2275
v 0.500000 2.023000 1.748000 0.1176 0.1647 0.2275
v 0.527000 2.042092 1.767092 0.1176 0.1647 0.2275
v 0.511411 2.038589 1.763588 0.1176 0.1647 0.2275
v 0.507908 2.042092 1.748000 0.1176 0.1647 0.2275
v 0.507908 2.023000 1.767092 0.1176 0.1647 0.2275
v 0.527000 1.150000 1.742000 0.1176 0.1647 0.2275
v 0.500000 1.177000 1.742000 0.1176 0.1647 0.2275
v 0.527000 1.177000 1.715000 0.1176 0.1647 0.2275
v 0.507908 1.157908 1.742000 0.1176 0.1647 0.2275
v 0.511411 1.161412 1.726412 0.1176 0.1647 0.2275
v 0.507908 1.177000 1.722908 0.1176 0.1647 0.2275
v 0.527000 1.157908 1.722908 0.1176 0.1647 0.2275
v 0.527000 2.050000 1.742000 0.1176 0.1647 0.2275
v 0.527000 2.023000 1.715000 0.1176 0.1647 0.2275
v 0.500000 2.023000 1.742000 0.1176 0.1647 0.2275
v 0.527000 2.042092 1.722908 0.1176 0.1647 0.2275
v 0.511411 2.038589 1.726412 0.1176 0.1647 0.2275
v 0.507908 2.023000 1.722908 0.1176 0.1647 0.2275
v 0.507908 2.042092 1.742000 0.1176 0.1647 0.2275
v 2.073000 1.150000 1.748000 0.1176 0.1647 0.2275
v 2.100000 1.177000 1.748000 0.1176 0.1647 0.2275
v 2.073000 1.177000 1.775000 0.1176 0.1647 0.2275
v 2.092092 1.157908 1.748000 0.1176 0.1647 0.2275
v 2.088588 1.161412 1.763588 0.1176 0.1647 0.2275
v 2.092092 1.177000 1.767092 0.1176 0.1647 0.2275
v 2.073000 1.157908 1.767092 0.1176 0.1647 0.2275
v 2.073000 2.050000 1.748000 0.1176 0.1647 0.2275
v 2.073000 2.023000 1.775000 0.1176 0.1647 0.2275
v 2.100000 2.023000 1.748000 0.1176 0.1647 0.2275
v 2.073000 2.042092 1.767092 0.1176 0.1647 0.2275
v 2.088588 2.038589 1.763588 0.1176 0.1647 0.2275
v 2.092092 2.023000 1.767092 0.1176 0.1647 0.2275
v 2.092092 2.042092 1.748000 0.1176 0.1647 0.2275
v 2.073000 1.150000 1.742000 0.1176 0.1647 0.2275
v 2.073000 1.177000 1.715000 0.1176 0.1647 0.2275
v 2.100000 1.177000 1.742000 0.1176 0.1647 0.2275
v 2.073000 1.157908 1.722908 0.1176 0.1647 0.2275
v 2.088588 1.161412 1.726412 0.1176 0.1647 0.2275
v 2.092092 1.177000 1.722908 0.1176 0.1647 0.2275
v 2.092092 1.157908 1.742000 0.1176 0.1647 0.2275
v 2.073000 2.050000 1.742000 0.1176 0.1647 0.2275
v 2.100000 2.023000 1.742000 0.1176 0.1647 0.2275
v 2.073000 2.023000 1.715000 0.1176 0.1647 0.2275
v 2.092092 2.042092 1.742000 0.1176 0.1647 0.2275
v 2.088588 2.038589 1.726412 0.1176 0.1647 0.2275
v 2.092092 2.023000 1.722908 0.1176 0.1647 0.2275
v 2.073000 2.042092 1.722908 0.1176 0.1647 0.2275
v 1.919215 1.728823 1.775000 0.4275 0.7451 0.2706
v 1.919215 1.728823 1.815000 0.4275 0.7451 0.2706
v 1.900000 1.700000 1.835000 0.4275 0.7451 0.2706
v 1.880785 1.671177 1.815000 0.4275 0.7451 0.2706
v 1.880785 1.671177 1.775000 0.4275 0.7451 0.2706
v 1.900000 1.700000 1.755000 0.4275 0.7451 0.2706
v 0.672287 1.420785 1.775000 0.4275 0.7451 0.2706
v 0.672287 1.420785 1.815000 0.4275 0.7451 0.2706
v 0.700000 1.400000 1.835000 0.4275 0.7451 0.2706
v 0.727713 1.379215 1.815000 0.4275 0.7451 0.2706
v 0.727713 1.379215 1.775000 0.4275 0.7451 0.2706
v 0.700000 1.400000 1.755000 0.4275 0.7451 0.2706
v 0.997544 1.834554 1.775000 0.4275 0.7451 0.2706
v 0.997544 1.834554 1.815000 0.4275 0.7451 0.2706
v 1.000000 1.800000 1.835000 0.4275 0.7451 0.2706
v 1.002456 1.765446 1.815000 0.4275 0.7451 0.2706
v 1.002456 1.765446 1.775000 0.4275 0.7451 0.2706
v 1.000000 1.800000 1.755000 0.4275 0.7451 0.2706
v 1.297544 1.534554 1.775000 0.4275 0.7451 0.2706
v 1.297544 1.534554 1.815000 0.4275 0.7451 0.2706
v 1.300000 1.500000 1.835000 0.4275 0.7451 0.2706
v 1.302456 1.465446 1.815000 0.4275 0.7451 0.2706
v 1.302456 1.465446 1.775000 0.4275 0.7451 0.2706
v 1.300000 1.500000 1.755000 0.4275 0.7451 0.2706
v 1.594151 1.934144 1.775000 0.4275 0.7451 0.2706
v 1.594151 1.934144 1.815000 0.4275 0.7451 0.2706
v 1.600000 1.900000 1.835000 0.4275 0.7451 0.2706
v 1.605849 1.865856 1.815000 0.4275 0.7451 0.2706
v 1.605849 1.865856 1.775000 0.4275 0.7451 0.2706
v 1.600000 1.900000 1.755000 0.4275 0.7451 0.2706
v -0.900000 2.845000 -1.474569 0.7216 0.7608 0.8000
v -0.900000 2.895000 -1.525000 0.7216 0.7608 0.8000
v -0.900000 2.859645 -1.510229 0.7216 0.7608 0.8000
v -0.900000 3.195000 -1.474569 0.7216 0.7608 0.8000
v -0.900000 3.145000 -1.525000 0.7216 0.7608 0.8000
v -0.900000 3.180355 -1.510229 0.7216 0.7608 0.8000
v -0.589529 2.845000 -1.433694 0.7216 0.7608 0.8000
v -0.576476 2.895000 -1.482407 0.7216 0.7608 0.8000
v -0.580299 2.859645 -1.468139 0.7216 0.7608 0.8000
v -0.589529 3.195000 -1.433694 0.7216 0.7608 0.8000
v -0.576476 3.145000 -1.482407 0.7216 0.7608 0.8000
v -0.580299 3.180355 -1.468139 0.7216 0.7608 0.8000
v -0.300216 2.845000 -1.313857 0.7216 0.7608 0.8000
v -0.275000 2.895000 -1.357532 0.7216 0.7608 0.8000
v -0.282386 2.859645 -1.344740 0.7216 0.7608 0.8000
v -0.300216 3.195000 -1.313857 0.7216 0.7608 0.8000
v -0.275000 3.145000 -1.357532 0.7216 0.7608 0.8000
v -0.282386 3.180355 -1.344740 0.7216 0.7608 0.8000
v -0.051777 2.845000 -1.123223 0.7216 0.7608 0.8000
v -0.016116 2.895000 -1.158884 0.7216 0.7608 0.8000
v -0.026561 2.859645 -1.148439 0.7216 0.7608 0.8000
v -0.051777 3.195000 -1.123223 0.7216 0.7608 0.8000
v -0.016116 3.145000 -1.158884 0.7216 0.7608 0.8000
v -0.026561 3.180355 -1.148439 0.7216 0.7608 0.8000
v 0.138857 2.845000 -0.874784 0.7216 0.7608 0.8000
v 0.182532 2.895000 -0.900000 0.7216 0.7608 0.8000
v 0.169740 2.859645 -0.892614 0.7216 0.7608 0.8000
v 0.138857 3.195000 -0.874784 0.7216 0.7608 0.8000
v 0.182532 3.145000 -0.900000 0.7216 0.7608 0.8000
v 0.169740 3.180355 -0.892614 0.7216 0.7608 0.8000
v 0.258694 2.845000 -0.585471 0.7216 0.7608 0.8000
v 0.307407 2.895000 -0.598524 0.7216 0.7608 0.8000
v 0.293139 2.859645 -0.594701 0.7216 0.7608 0.8000
v 0.258694 3.195000 -0.585471 0.7216 0.7608 0.8000
v 0.307407 3.145000 -0.598524 0.7216 0.7608 0.8000
v 0.293139 3.180355 -0.594701 0.7216 0.7608 0.8000
v 0.299569 2.845000 -0.275000 0.7216 0.7608 0.8000
v 0.350000 2.895000 -0.275000 0.7216 0.7608 0.8000
v 0.335229 2.859645 -0.275000 0.7216 0.7608 0.8000
v 0.299569 3.195000 -0.275000 0.7216 0.7608 0.8000
v 0.350000 3.145000 -0.275000 0.7216 0.7608 0.8000
v 0.335229 3.180355 -0.275000 0.7216 0.7608 0.8000
v 0.258694 2.845000 0.035471 0.7216 0.7608 0.8000
v 0.307407 2.895000 0.048524 0.7216 0.7608 0.8000
v 0.293139 2.859645 0.044701 0.7216 0.7608 0.8000
v 0.258694 3.195000 0.035471 0.7216 0.7608 0.8000
v 0.307407 3.145000 0.048524 0.7216 0.7608 0.8000
v 0.293139 3.180355 0.044701 0.7216 0.7608 0.8000
v 0.138857 2.845000 0.324784 0.7216 0.7608 0.8000
v 0.182532 2.895000 0.350000 0.7216 0.7608 0.8000
v 0.169740 2.859645 0.342614 0.7216 0.7608 0.8000
v 0.138857 3.195000 0.324784 0.7216 0.7608 0.8000
v 0.182532 3.145000 0.350000 0.7216 0.7608 0.8000
v 0.169740 3.180355 0.342614 0.7216 0.7608 0.8000
v -0.051777 2.845000 0.573223 0.7216 0.7608 0.8000
v -0.016116 2.895000 0.608884 0.7216 0.7608 0.8000
v -0.026561 2.859645 0.598439 0.7216 0.7608 0.8000
v -0.051777 3.195000 0.573223 0.7216 0.7608 0.8000
v -0.016116 3.145000 0.608884 0.7216 0.7608 0.8000
v -0.026561 3.180355 0.598439 0.7216 0.7608 0.8000
v -0.300216 2.845000 0.763857 0.7216 0.7608 0.8000
v -0.275000 2.895000 0.807532 0.7216 0.7608 0.8000
v -0.282386 2.859645 0.794740 0.7216 0.7608 0.8000
v -0.300216 3.195000 0.763857 0.7216 0.7608 0.8000
v -0.275000 3.145000 0.807532 0.7216 0.7608 0.8000
v -0.282386 3.180355 0.794740 0.7216 0.7608 0.8000
v -0.589529 2.845000 0.883694 0.7216 0.7608 0.8000
v -0.576476 2.895000 0.932407 0.7216 0.7608 0.8000
v -0.580299 2.859645 0.918139 0.7216 0.7608 0.8000
v -0.589529 3.195000 0.883694 0.7216 0.7608 0.8000
v -0.576476 3.145000 0.932407 0.7216 0.7608 0.8000
v -0.580299 3.180355 0.918139 0.7216 0.7608 0.8000
v -0.900000 2.845000 0.924569 0.7216 0.7608 0.8000
v -0.900000 2.895000 0.975000 0.7216 0.7608 0.8000
v -0.900000 2.859645 0.960229 0.7216 0.7608 0.8000
v -0.900000 3.195000 0.924569 0.7216 0.7608 0.8000
v -0.900000 3.145000 0.975000 0.7216 0.7608 0.8000
v -0.900000 3.180355 0.960229 0.7216 0.7608 0.8000
v -1.210471 2.845000 0.883694 0.7216 0.7608 0.8000
v -1.223524 2.895000 0.932407 0.7216 0.7608 0.8000
v -1.219701 2.859645 0.918139 0.7216 0.7608 0.8000
v -1.210471 3.195000 0.883694 0.7216 0.7608 0.8000
v -1.223524 3.145000 0.932407 0.7216 0.7608 0.8000
v -1.219701 3.180355 0.918139 0.7216 0.7608 0.8000
v -1.499784 2.845000 0.763857 0.7216 0.7608 0.8000
v -1.525000 2.895000 0.807532 0.7216 0.7608 0.8000
v -1.517614 2.859645 0.794740 0.7216 0.7608 0.8000
v -1.499784 3.195000 0.763857 0.7216 0.7608 0.8000
v -1.525000 3.145000 0.807532 0.7216 0.7608 0.8000
v -1.517614 3.180355 0.794740 0.7216 0.7608 0.8000
v -1.748223 2.845000 0.573223 0.7216 0.7608 0.8000
v -1.783883 2.895000 0.608884 0.7216 0.7608 0.8000
v -1.773439 2.859645 0.598439 0.7216 0.7608 0.8000
v -1.748223 3.195000 0.573223 0.7216 0.7608 0.8000
v -1.783883 3.145000 0.608884 0.7216 0.7608 0.8000
v -1.773439 3.180355 0.598439 0.7216 0.7608 0.8000
v -1.938857 2.845000 0.324784 0.7216 0.7608 0.8000
v -1.982532 2.895000 0.350000 0.7216 0.7608 0.8000
v -1.969740 2.859645 0.342614 0.7216 0.7608 0.8000
v -1.938857 3.195000 0.324784 0.7216 0.7608 0.8000
v -1.982532 3.145000 0.350000 0.7216 0.7608 0.8000
v -1.969740 3.180355 0.342614 0.7216 0.7608 0.8000
v -2.058694 2.845000 0.035471 0.7216 0.7608 0.8000
v -2.107407 2.895000 0.048524 0.7216 0.7608 0.8000
v -2.093139 2.859645 0.044701 0.7216 0.7608 0.8000
v -2.058694 3.195000 0.035471 0.7216 0.7608 0.8000
v -2.107407 3.145000 0.048524 0.7216 0.7608 0.8000
v -2.093139 3.180355 0.044701 0.7216 0.7608 0.8000
v -2.099568 2.845000 -0.275000 0.7216 0.7608 0.8000
v -2.150000 2.895000 -0.275000 0.7216 0.7608 0.8000
v -2.135229 2.859645 -0.275000 0.7216 0.7608 0.8000
v -2.099568 3.195000 -0.275000 0.7216 0.7608 0.8000
v -2.150000 3.145000 -0.275000 0.7216 0.7608 0.8000
v -2.135229 3.180355 -0.275000 0.7216 0.7608 0.8000
v -2.058694 2.845000 -0.585471 0.7216 0.7608 0.8000
v -2.107407 2.895000 -0.598524 0.7216 0.7608 0.8000
v -2.093139 2.859645 -0.594701 0.7216 0.7608 0.8000
v -2.058694 3.195000 -0.585471 0.7216 0.7608 0.8000
v -2.107407 3.145000 -0.598524 0.7216 0.7608 0.8000
v -2.093139 3.180355 -0.594701 0.7216 0.7608 0.8000
v -1.938857 2.845000 -0.874784 0.7216 0.7608 0.8000
v -1.982532 2.895000 -0.900000 0.7216 0.7608 0.8000
v -1.969740 2.859645 -0.892614 0.7216 0.7608 0.8000
v -1.938857 3.195000 -0.874784 0.7216 0.7608 0.8000
v -1.982532 3.145000 -0.900000 0.7216 0.7608 0.8000
v -1.969740 3.180355 -0.892614 0.7216 0.7608 0.8000
v -1.748223 2.845000 -1.123223 0.7216 0.7608 0.8000
v -1.783883 2.895000 -1.158884 0.7216 0.7608 0.8000
v -1.773439 2.859645 -1.148439 0.7216 0.7608 0.8000
v -1.748223 3.195000 -1.123223 0.7216 0.7608 0.8000
v -1.783883 3.145000 -1.158884 0.7216 0.7608 0.8000
v -1.773439 3.180355 -1.148439 0.7216 0.7608 0.8000
v -1.499784 2.845000 -1.313857 0.7216 0.7608 0.8000
v -1.525000 2.895000 -1.357532 0.7216 0.7608 0.8000
v -1.517614 2.859645 -1.344740 0.7216 0.7608 0.8000
v -1.499784 3.195000 -1.313857 0.7216 0.7608 0.8000
v -1.525000 3.145000 -1.357532 0.7216 0.7608 0.8000
v -1.517614 3.180355 -1.344740 0.7216 0.7608 0.8000
v -1.210471 2.845000 -1.433694 0.7216 0.7608 0.8000
v -1.223524 2.895000 -1.482407 0.7216 0.7608 0.8000
v -1.219701 2.859645 -1.468139 0.7216 0.7608 0.8000
v -1.210471 3.195000 -1.433694 0.7216 0.7608 0.8000
v -1.223524 3.145000 -1.482407 0.7216 0.7608 0.8000
v -1.219701 3.180355 -1.468139 0.7216 0.7608 0.8000
v -0.900000 3.150000 -0.625000 0.2471 0.7137 0.7882
v -0.900000 3.450000 -0.625000 0.2471 0.7137 0.7882
v -0.766061 3.150000 -0.598358 0.2471 0.7137 0.7882
v -0.766061 3.450000 -0.598358 0.2471 0.7137 0.7882
v -0.652513 3.150000 -0.522487 0.2471 0.7137 0.7882
v -0.652513 3.450000 -0.522487 0.2471 0.7137 0.7882
v -0.576642 3.150000 -0.408939 0.2471 0.7137 0.7882
v -0.576642 3.450000 -0.408939 0.2471 0.7137 0.7882
v -0.550000 3.150000 -0.275000 0.2471 0.7137 0.7882
v -0.550000 3.450000 -0.275000 0.2471 0.7137 0.7882
v -0.576642 3.150000 -0.141061 0.2471 0.7137 0.7882
v -0.576642 3.450000 -0.141061 0.2471 0.7137 0.7882
v -0.652513 3.150000 -0.027513 0.2471 0.7137 0.7882
v -0.652513 3.450000 -0.027513 0.2471 0.7137 0.7882
v -0.766061 3.150000 0.048358 0.2471 0.7137 0.7882
v -0.766061 3.450000 0.048358 0.2471 0.7137 0.7882
v -0.900000 3.150000 0.075000 0.2471 0.7137 0.7882
v -0.900000 3.450000 0.075000 0.2471 0.7137 0.7882
v -1.033939 3.150000 0.048358 0.2471 0.7137 0.7882
v -1.033939 3.450000 0.048358 0.2471 0.7137 0.7882
v -1.147487 3.150000 -0.027513 0.2471 0.7137 0.7882
v -1.147487 3.450000 -0.027513 0.2471 0.7137 0.7882
v -1.223358 3.150000 -0.141061 0.2471 0.7137 0.7882
v -1.223358 3.450000 -0.141061 0.2471 0.7137 0.7882
v -1.250000 3.150000 -0.275000 0.2471 0.7137 0.7882
v -1.250000 3.450000 -0.275000 0.2471 0.7137 0.7882
v -1.223358 3.150000 -0.408939 0.2471 0.7137 0.7882
v -1.223358 3.450000 -0.408939 0.2471 0.7137 0.7882
v -1.147487 3.150000 -0.522487 0.2471 0.7137 0.7882
v -1.147487 3.450000 -0.522487 0.2471 0.7137 0.7882
v -1.033939 3.150000 -0.598358 0.2471 0.7137 0.7882
v -1.033939 3.450000 -0.598358 0.2471 0.7137 0.7882
v -1.750567 3.792000 -0.382387 0.9098 0.7216 0.4196
v -1.724656 3.679402 -0.402832 0.9098 0.7216 0.4196
v -1.714360 3.702931 -0.431119 0.9098 0.7216 0.4196
v -1.709396 3.750325 -0.444759 0.9098 0.7216 0.4196
v -1.711094 3.808887 -0.440095 0.9098 0.7216 0.4196
v -1.718998 3.862923 -0.418378 0.9098 0.7216 0.4196
v -1.730991 3.897956 -0.385427 0.9098 0.7216 0.4196
v -1.743860 3.904598 -0.350071 0.9098 0.7216 0.4196
v -1.754156 3.881069 -0.321783 0.9098 0.7216 0.4196
v -1.759120 3.833675 -0.308144 0.9098 0.7216 0.4196
v -1.757422 3.775114 -0.312808 0.9098 0.7216 0.4196
v -1.749518 3.721077 -0.334525 0.9098 0.7216 0.4196
v -1.737525 3.686044 -0.367476 0.9098 0.7216 0.4196
v -1.670073 3.583946 -0.408292 0.9098 0.7216 0.4196
v -1.651049 3.627421 -0.460561 0.9098 0.7216 0.4196
v -1.641876 3.714995 -0.485763 0.9098 0.7216 0.4196
v -1.645012 3.823202 -0.477145 0.9098 0.7216 0.4196
v -1.659618 3.923049 -0.437017 0.9098 0.7216 0.4196
v -1.681778 3.987781 -0.376132 0.9098 0.7216 0.4196
v -1.705556 4.000054 -0.310802 0.9098 0.7216 0.4196
v -1.724581 3.956579 -0.258534 0.9098 0.7216 0.4196
v -1.733753 3.869005 -0.233332 0.9098 0.7216 0.4196
v -1.730617 3.760798 -0.241949 0.9098 0.7216 0.4196
v -1.716011 3.660951 -0.282077 0.9098 0.7216 0.4196
v -1.693851 3.596219 -0.342963 0.9098 0.7216 0.4196
v -1.595126 3.520165 -0.397937 0.9098 0.7216 0.4196
v -1.570270 3.576967 -0.466229 0.9098 0.7216 0.4196
v -1.558285 3.691388 -0.499157 0.9098 0.7216 0.4196
v -1.562383 3.832768 -0.487898 0.9098 0.7216 0.4196
v -1.581466 3.963223 -0.435468 0.9098 0.7216 0.4196
v -1.610420 4.047800 -0.355917 0.9098 0.7216 0.4196
v -1.641488 4.063836 -0.270560 0.9098 0.7216 0.4196
v -1.666344 4.007032 -0.202268 0.9098 0.7216 0.4196
v -1.678329 3.892612 -0.169340 0.9098 0.7216 0.4196
v -1.674231 3.751232 -0.180599 0.9098 0.7216 0.4196
v -1.655148 3.620777 -0.233029 0.9098 0.7216 0.4196
v -1.626194 3.536200 -0.312580 0.9098 0.7216 0.4196
v -1.511226 3.497768 -0.373343 0.9098 0.7216 0.4196
v -1.484322 3.559251 -0.447261 0.9098 0.7216 0.4196
v -1.471350 3.683099 -0.482902 0.9098 0.7216 0.4196
v -1.475785 3.836127 -0.470715 0.9098 0.7216 0.4196
v -1.496441 3.977331 -0.413966 0.9098 0.7216 0.4196
v -1.527780 4.068876 -0.327860 0.9098 0.7216 0.4196
v -1.561408 4.086233 -0.235470 0.9098 0.7216 0.4196
v -1.588312 4.024750 -0.161552 0.9098 0.7216 0.4196
v -1.601284 3.900902 -0.125911 0.9098 0.7216 0.4196
v -1.596848 3.747874 -0.138098 0.9098 0.7216 0.4196
v -1.576193 3.606669 -0.194847 0.9098 0.7216 0.4196
v -1.544853 3.515124 -0.280953 0.9098 0.7216 0.4196
v -0.368560 3.497767 0.042554 0.9098 0.7216 0.4196
v -0.341656 3.559251 -0.031365 0.9098 0.7216 0.4196
v -0.328684 3.683099 -0.067006 0.9098 0.7216 0.4196
v -0.333119 3.836127 -0.054819 0.9098 0.7216 0.4196
v -0.353774 3.977331 0.001930 0.9098 0.7216 0.4196
v -0.385114 4.068876 0.088036 0.9098 0.7216 0.4196
v -0.418741 4.086233 0.180426 0.9098 0.7216 0.4196
v -0.445646 4.024750 0.254345 0.9098 0.7216 0.4196
v -0.458618 3.900902 0.289985 0.9098 0.7216 0.4196
v -0.454182 3.747874 0.277798 0.9098 0.7216 0.4196
v -0.433527 3.606669 0.221049 0.9098 0.7216 0.4196
v -0.402187 3.515124 0.134944 0.9098 0.7216 0.4196
v -0.288480 3.520165 0.077643 0.9098 0.7216 0.4196
v -0.263624 3.576967 0.009351 0.9098 0.7216 0.4196
v -0.251639 3.691388 -0.023577 0.9098 0.7216 0.4196
v -0.255737 3.832768 -0.012317 0.9098 0.7216 0.4196
v -0.274820 3.963223 0.040112 0.9098 0.7216 0.4196
v -0.303774 4.047800 0.119663 0.9098 0.7216 0.4196
v -0.334842 4.063835 0.205020 0.9098 0.7216 0.4196
v -0.359698 4.007032 0.273312 0.9098 0.7216 0.4196
v -0.371683 3.892612 0.306240 0.9098 0.7216 0.4196
v -0.367585 3.751232 0.294981 0.9098 0.7216 0.4196
v -0.348502 3.620777 0.242551 0.9098 0.7216 0.4196
v -0.319547 3.536200 0.163000 0.9098 0.7216 0.4196
v -0.224411 3.583946 0.117885 0.9098 0.7216 0.4196
v -0.205387 3.627421 0.065617 0.9098 0.7216 0.4196
v -0.196214 3.714995 0.040415 0.9098 0.7216 0.4196
v -0.199351 3.823202 0.049032 0.9098 0.7216 0.4196
v -0.213956 3.923049 0.089160 0.9098 0.7216 0.4196
v -0.236117 3.987781 0.150046 0.9098 0.7216 0.4196
v -0.259895 4.000054 0.215376 0.9098 0.7216 0.4196
v -0.278919 3.956579 0.267644 0.9098 0.7216 0.4196
v -0.288092 3.869005 0.292846 0.9098 0.7216 0.4196
v -0.284955 3.760798 0.284228 0.9098 0.7216 0.4196
v -0.270350 3.660951 0.244101 0.9098 0.7216 0.4196
v -0.248189 3.596219 0.183215 0.9098 0.7216 0.4196
v -0.186108 3.679402 0.157154 0.9098 0.7216 0.4196
v -0.175812 3.702931 0.128866 0.9098 0.7216 0.4196
v -0.170848 3.750325 0.115227 0.9098 0.7216 0.4196
v -0.172545 3.808887 0.119891 0.9098 0.7216 0.4196
v -0.180450 3.862923 0.141608 0.9098 0.7216 0.4196
v -0.192443 3.897956 0.174559 0.9098 0.7216 0.4196
v -0.205311 3.904598 0.209915 0.9098 0.7216 0.4196
v -0.215607 3.881069 0.238203 0.9098 0.7216 0.4196
v -0.220571 3.833675 0.251842 0.9098 0.7216 0.4196
v -0.218874 3.775114 0.247178 0.9098 0.7216 0.4196
v -0.210970 3.721077 0.225461 0.9098 0.7216 0.4196
v -0.198976 3.686044 0.192510 0.9098 0.7216 0.4196
v -0.179401 3.792000 0.189470 0.9098 0.7216 0.4196
v -1.620599 3.792000 -0.739470 0.9098 0.7216 0.4196
v -1.613892 3.679402 -0.707154 0.9098 0.7216 0.4196
v -1.601024 3.686044 -0.742510 0.9098 0.7216 0.4196
v -1.589030 3.721077 -0.775461 0.9098 0.7216 0.4196
v -1.581126 3.775114 -0.797178 0.9098 0.7216 0.4196
v -1.579429 3.833675 -0.801842 0.9098 0.7216 0.4196
v -1.584393 3.881069 -0.788203 0.9098 0.7216 0.4196
v -1.594689 3.904598 -0.759915 0.9098 0.7216 0.4196
v -1.607557 3.897956 -0.724559 0.9098 0.7216 0.4196
v -1.619550 3.862923 -0.691608 0.9098 0.7216 0.4196
v -1.627455 3.808887 -0.669891 0.9098 0.7216 0.4196
v -1.629152 3.750325 -0.665227 0.9098 0.7216 0.4196
v -1.624188 3.702931 -0.678866 0.9098 0.7216 0.4196
v -1.575589 3.583946 -0.667885 0.9098 0.7216 0.4196
v -1.551811 3.596219 -0.733215 0.9098 0.7216 0.4196
v -1.529650 3.660951 -0.794101 0.9098 0.7216 0.4196
v -1.515045 3.760798 -0.834228 0.9098 0.7216 0.4196
v -1.511908 3.869005 -0.842846 0.9098 0.7216 0.4196
v -1.521081 3.956579 -0.817644 0.9098 0.7216 0.4196
v -1.540105 4.000054 -0.765376 0.9098 0.7216 0.4196
v -1.563883 3.987781 -0.700046 0.9098 0.7216 0.4196
v -1.586044 3.923049 -0.639160 0.9098 0.7216 0.4196
v -1.600649 3.823202 -0.599032 0.9098 0.7216 0.4196
v -1.603786 3.714995 -0.590415 0.9098 0.7216 0.4196
v -1.594613 3.627421 -0.615617 0.9098 0.7216 0.4196
v -1.511520 3.520165 -0.627643 0.9098 0.7216 0.4196
v -1.480453 3.536200 -0.713000 0.9098 0.7216 0.4196
v -1.451498 3.620777 -0.792551 0.9098 0.7216 0.4196
v -1.432415 3.751232 -0.844981 0.9098 0.7216 0.4196
v -1.428317 3.892612 -0.856240 0.9098 0.7216 0.4196
v -1.440302 4.007032 -0.823312 0.9098 0.7216 0.4196
v -1.465158 4.063836 -0.755020 0.9098 0.7216 0.4196
v -1.496226 4.047800 -0.669663 0.9098 0.7216 0.4196
v -1.525180 3.963223 -0.590112 0.9098 0.7216 0.4196
v -1.544263 3.832768 -0.537683 0.9098 0.7216 0.4196
v -1.548361 3.691388 -0.526423 0.9098 0.7216 0.4196
v -1.536376 3.576967 -0.559351 0.9098 0.7216 0.4196
v -1.431440 3.497768 -0.592554 0.9098 0.7216 0.4196
v -1.397813 3.515124 -0.684944 0.9098 0.7216 0.4196
v -1.366473 3.606669 -0.771049 0.9098 0.7216 0.4196
v -1.345818 3.747874 -0.827798 0.9098 0.7216 0.4196
v -1.341382 3.900902 -0.839985 0.9098 0.7216 0.4196
v -1.354354 4.024750 -0.804345 0.9098 0.7216 0.4196
v -1.381258 4.086233 -0.730426 0.9098 0.7216 0.4196
v -1.414886 4.068876 -0.638036 0.9098 0.7216 0.4196
v -1.446226 3.977331 -0.551930 0.9098 0.7216 0.4196
v -1.466881 3.836127 -0.495181 0.9098 0.7216 0.4196
v -1.471316 3.683099 -0.482994 0.9098 0.7216 0.4196
v -1.458344 3.559251 -0.518635 0.9098 0.7216 0.4196
v -0.288774 3.497767 -0.176657 0.9098 0.7216 0.4196
v -0.255147 3.515124 -0.269047 0.9098 0.7216 0.4196
v -0.223807 3.606669 -0.355153 0.9098 0.7216 0.4196
v -0.203152 3.747874 -0.411902 0.9098 0.7216 0.4196
v -0.198716 3.900902 -0.424089 0.9098 0.7216 0.4196
v -0.211688 4.024750 -0.388448 0.9098 0.7216 0.4196
v -0.238592 4.086233 -0.314530 0.9098 0.7216 0.4196
v -0.272220 4.068876 -0.222140 0.9098 0.7216 0.4196
v -0.303559 3.977331 -0.136034 0.9098 0.7216 0.4196
v -0.324214 3.836127 -0.079285 0.9098 0.7216 0.4196
v -0.328650 3.683099 -0.067098 0.9098 0.7216 0.4196
v -0.315678 3.559251 -0.102739 0.9098 0.7216 0.4196
v -0.204874 3.520165 -0.152063 0.9098 0.7216 0.4196
v -0.173806 3.536200 -0.237420 0.9098 0.7216 0.4196
v -0.144852 3.620777 -0.316971 0.9098 0.7216 0.4196
v -0.125769 3.751232 -0.369401 0.9098 0.7216 0.4196
v -0.121671 3.892612 -0.380660 0.9098 0.7216 0.4196
v -0.133656 4.007032 -0.347732 0.9098 0.7216 0.4196
v -0.158512 4.063835 -0.279440 0.9098 0.7216 0.4196
v -0.189580 4.047800 -0.194083 0.9098 0.7216 0.4196
v -0.218534 3.963223 -0.114532 0.9098 0.7216 0.4196
v -0.237617 3.832768 -0.062102 0.9098 0.7216 0.4196
v -0.241715 3.691388 -0.050843 0.9098 0.7216 0.4196
v -0.229730 3.576967 -0.083771 0.9098 0.7216 0.4196
v -0.129927 3.583946 -0.141707 0.9098 0.7216 0.4196
v -0.106149 3.596219 -0.207037 0.9098 0.7216 0.4196
v -0.083989 3.660951 -0.267923 0.9098 0.7216 0.4196
v -0.069383 3.760798 -0.308051 0.9098 0.7216 0.4196
v -0.066247 3.869005 -0.316668 0.9098 0.7216 0.4196
v -0.075419 3.956579 -0.291466 0.9098 0.7216 0.4196
v -0.094444 4.000054 -0.239198 0.9098 0.7216 0.4196
v -0.118222 3.987781 -0.173868 0.9098 0.7216 0.4196
v -0.140382 3.923049 -0.112983 0.9098 0.7216 0.4196
v -0.154988 3.823202 -0.072855 0.9098 0.7216 0.4196
v -0.158124 3.714995 -0.064237 0.9098 0.7216 0.4196
v -0.148951 3.627421 -0.089439 0.9098 0.7216 0.4196
v -0.075344 3.679402 -0.147168 0.9098 0.7216 0.4196
v -0.062475 3.686044 -0.182524 0.9098 0.7216 0.4196
v -0.050482 3.721077 -0.215475 0.9098 0.7216 0.4196
v -0.042578 3.775114 -0.237192 0.9098 0.7216 0.4196
v -0.040880 3.833675 -0.241856 0.9098 0.7216 0.4196
v -0.045844 3.881069 -0.228217 0.9098 0.7216 0.4196
v -0.056140 3.904598 -0.199929 0.9098 0.7216 0.4196
v -0.069009 3.897956 -0.164573 0.9098 0.7216 0.4196
v -0.081002 3.862923 -0.131622 0.9098 0.7216 0.4196
v -0.088906 3.808887 -0.109905 0.9098 0.7216 0.4196
v -0.090604 3.750325 -0.105241 0.9098 0.7216 0.4196
v -0.085640 3.702931 -0.118880 0.9098 0.7216 0.4196
v -0.049433 3.792000 -0.167613 0.9098 0.7216 0.4196
v -1.667729 3.621000 -0.554430 0.9098 0.7216 0.4196
v -1.652779 3.573012 -0.548989 0.9098 0.7216 0.4196
v -1.635682 3.579441 -0.595963 0.9098 0.7216 0.4196
v -1.623166 3.597006 -0.630349 0.9098 0.7216 0.4196
v -1.618585 3.621000 -0.642936 0.9098 0.7216 0.4196
v -1.623166 3.644994 -0.630349 0.9098 0.7216 0.4196
v -1.635682 3.662559 -0.595963 0.9098 0.7216 0.4196
v -1.652779 3.668989 -0.548989 0.9098 0.7216 0.4196
v -1.669876 3.662559 -0.502016 0.9098 0.7216 0.4196
v -1.682392 3.644994 -0.467629 0.9098 0.7216 0.4196
v -1.686973 3.621000 -0.455042 0.9098 0.7216 0.4196
v -1.682392 3.597006 -0.467629 0.9098 0.7216 0.4196
v -1.669876 3.579441 -0.502016 0.9098 0.7216 0.4196
v -1.610206 3.532329 -0.533494 0.9098 0.7216 0.4196
v -1.578615 3.544209 -0.620289 0.9098 0.7216 0.4196
v -1.555489 3.576664 -0.683828 0.9098 0.7216 0.4196
v -1.547024 3.621000 -0.707085 0.9098 0.7216 0.4196
v -1.555489 3.665336 -0.683828 0.9098 0.7216 0.4196
v -1.578615 3.697792 -0.620289 0.9098 0.7216 0.4196
v -1.610206 3.709671 -0.533494 0.9098 0.7216 0.4196
v -1.641797 3.697792 -0.446698 0.9098 0.7216 0.4196
v -1.664923 3.665336 -0.383160 0.9098 0.7216 0.4196
v -1.673388 3.621000 -0.359903 0.9098 0.7216 0.4196
v -1.664923 3.576664 -0.383160 0.9098 0.7216 0.4196
v -1.641797 3.544209 -0.446698 0.9098 0.7216 0.4196
v -1.546490 3.505146 -0.510303 0.9098 0.7216 0.4196
v -1.505215 3.520667 -0.623707 0.9098 0.7216 0.4196
v -1.474999 3.563073 -0.706724 0.9098 0.7216 0.4196
v -1.463939 3.621000 -0.737111 0.9098 0.7216 0.4196
v -1.474999 3.678927 -0.706724 0.9098 0.7216 0.4196
v -1.505215 3.721333 -0.623707 0.9098 0.7216 0.4196
v -1.546490 3.736855 -0.510303 0.9098 0.7216 0.4196
v -1.587766 3.721333 -0.396900 0.9098 0.7216 0.4196
v -1.617982 3.678927 -0.313882 0.9098 0.7216 0.4196
v -1.629042 3.621000 -0.283496 0.9098 0.7216 0.4196
v -1.617982 3.563073 -0.313882 0.9098 0.7216 0.4196
v -1.587766 3.520667 -0.396900 0.9098 0.7216 0.4196
v -1.471333 3.495600 -0.482948 0.9098 0.7216 0.4196
v -1.426657 3.512400 -0.605696 0.9098 0.7216 0.4196
v -1.393951 3.558300 -0.695553 0.9098 0.7216 0.4196
v -1.381980 3.621000 -0.728443 0.9098 0.7216 0.4196
v -1.393951 3.683700 -0.695553 0.9098 0.7216 0.4196
v -1.426657 3.729600 -0.605696 0.9098 0.7216 0.4196
v -1.471333 3.746400 -0.482948 0.9098 0.7216 0.4196
v -1.516009 3.729600 -0.360201 0.9098 0.7216 0.4196
v -1.548715 3.683700 -0.270344 0.9098 0.7216 0.4196
v -1.560686 3.621000 -0.237454 0.9098 0.7216 0.4196
v -1.548715 3.558300 -0.270344 0.9098 0.7216 0.4196
v -1.516009 3.512400 -0.360201 0.9098 0.7216 0.4196
v -0.328667 3.495600 -0.067052 0.9098 0.7216 0.4196
v -0.283991 3.512400 -0.189799 0.9098 0.7216 0.4196
v -0.251285 3.558300 -0.279656 0.9098 0.7216 0.4196
v -0.239314 3.621000 -0.312546 0.9098 0.7216 0.4196
v -0.251285 3.683700 -0.279656 0.9098 0.7216 0.4196
v -0.283991 3.729600 -0.189799 0.9098 0.7216 0.4196
v -0.328667 3.746400 -0.067052 0.9098 0.7216 0.4196
v -0.373343 3.729600 0.055696 0.9098 0.7216 0.4196
v -0.406049 3.683700 0.145553 0.9098 0.7216 0.4196
v -0.418020 3.621000 0.178443 0.9098 0.7216 0.4196
v -0.406049 3.558300 0.145553 0.9098 0.7216 0.4196
v -0.373343 3.512400 0.055696 0.9098 0.7216 0.4196
v -0.253509 3.505146 -0.039697 0.9098 0.7216 0.4196
v -0.212234 3.520667 -0.153100 0.9098 0.7216 0.4196
v -0.182018 3.563073 -0.236118 0.9098 0.7216 0.4196
v -0.170958 3.621000 -0.266504 0.9098 0.7216 0.4196
v -0.182018 3.678927 -0.236118 0.9098 0.7216 0.4196
v -0.212234 3.721333 -0.153100 0.9098 0.7216 0.4196
v -0.253509 3.736855 -0.039697 0.9098 0.7216 0.4196
v -0.294785 3.721333 0.073707 0.9098 0.7216 0.4196
v -0.325001 3.678927 0.156724 0.9098 0.7216 0.4196
v -0.336061 3.621000 0.187111 0.9098 0.7216 0.4196
v -0.325001 3.563073 0.156724 0.9098 0.7216 0.4196
v -0.294785 3.520667 0.073707 0.9098 0.7216 0.4196
v -0.189794 3.532329 -0.016506 0.9098 0.7216 0.4196
v -0.158203 3.544209 -0.103302 0.9098 0.7216 0.4196
v -0.135077 3.576664 -0.166840 0.9098 0.7216 0.4196
v -0.126612 3.621000 -0.190097 0.9098 0.7216 0.4196
v -0.135077 3.665336 -0.166840 0.9098 0.7216 0.4196
v -0.158203 3.697792 -0.103302 0.9098 0.7216 0.4196
v -0.189794 3.709671 -0.016506 0.9098 0.7216 0.4196
v -0.221385 3.697792 0.070289 0.9098 0.7216 0.4196
v -0.244511 3.665336 0.133828 0.9098 0.7216 0.4196
v -0.252976 3.621000 0.157085 0.9098 0.7216 0.4196
v -0.244511 3.576664 0.133828 0.9098 0.7216 0.4196
v -0.221385 3.544209 0.070289 0.9098 0.7216 0.4196
v -0.147221 3.573011 -0.001011 0.9098 0.7216 0.4196
v -0.130124 3.579441 -0.047984 0.9098 0.7216 0.4196
v -0.117608 3.597006 -0.082371 0.9098 0.7216 0.4196
v -0.113027 3.621000 -0.094958 0.9098 0.7216 0.4196
v -0.117608 3.644994 -0.082371 0.9098 0.7216 0.4196
v -0.130124 3.662559 -0.047984 0.9098 0.7216 0.4196
v -0.147221 3.668988 -0.001011 0.9098 0.7216 0.4196
v -0.164318 3.662559 0.045963 0.9098 0.7216 0.4196
v -0.176834 3.644994 0.080349 0.9098 0.7216 0.4196
v -0.181415 3.621000 0.092936 0.9098 0.7216 0.4196
v -0.176834 3.597006 0.080349 0.9098 0.7216 0.4196
v -0.164318 3.579441 0.045963 0.9098 0.7216 0.4196
v -0.132271 3.621000 0.004430 0.9098 0.7216 0.4196
v -1.640948 3.735000 -0.544683 1.0000 0.9647 0.8980
v -1.630755 3.702281 -0.540973 1.0000 0.9647 0.8980
v -1.616766 3.706664 -0.579406 1.0000 0.9647 0.8980
v -1.606526 3.718640 -0.607540 1.0000 0.9647 0.8980
v -1.602778 3.735000 -0.617838 1.0000 0.9647 0.8980
v -1.606526 3.751360 -0.607540 1.0000 0.9647 0.8980
v -1.616766 3.763336 -0.579406 1.0000 0.9647 0.8980
v -1.630755 3.767720 -0.540973 1.0000 0.9647 0.8980
v -1.644743 3.763336 -0.502540 1.0000 0.9647 0.8980
v -1.654983 3.751360 -0.474405 1.0000 0.9647 0.8980
v -1.658731 3.735000 -0.464107 1.0000 0.9647 0.8980
v -1.654983 3.718640 -0.474405 1.0000 0.9647 0.8980
v -1.644743 3.706664 -0.502540 1.0000 0.9647 0.8980
v -1.601727 3.674542 -0.530408 1.0000 0.9647 0.8980
v -1.575880 3.682642 -0.601422 1.0000 0.9647 0.8980
v -1.556959 3.704771 -0.653409 1.0000 0.9647 0.8980
v -1.550033 3.735000 -0.672437 1.0000 0.9647 0.8980
v -1.556959 3.765229 -0.653409 1.0000 0.9647 0.8980
v -1.575880 3.787358 -0.601422 1.0000 0.9647 0.8980
v -1.601727 3.795458 -0.530408 1.0000 0.9647 0.8980
v -1.627574 3.787358 -0.459393 1.0000 0.9647 0.8980
v -1.646496 3.765229 -0.407407 1.0000 0.9647 0.8980
v -1.653422 3.735000 -0.388379 1.0000 0.9647 0.8980
v -1.646496 3.704771 -0.407407 1.0000 0.9647 0.8980
v -1.627574 3.682642 -0.459393 1.0000 0.9647 0.8980
v -1.558285 3.656008 -0.514596 1.0000 0.9647 0.8980
v -1.524514 3.666591 -0.607381 1.0000 0.9647 0.8980
v -1.499792 3.695504 -0.675304 1.0000 0.9647 0.8980
v -1.490743 3.735000 -0.700166 1.0000 0.9647 0.8980
v -1.499792 3.774496 -0.675304 1.0000 0.9647 0.8980
v -1.524514 3.803409 -0.607381 1.0000 0.9647 0.8980
v -1.558285 3.813992 -0.514596 1.0000 0.9647 0.8980
v -1.592056 3.803409 -0.421811 1.0000 0.9647 0.8980
v -1.616778 3.774496 -0.353888 1.0000 0.9647 0.8980
v -1.625827 3.735000 -0.329026 1.0000 0.9647 0.8980
v -1.616778 3.695504 -0.353888 1.0000 0.9647 0.8980
v -1.592056 3.666591 -0.421811 1.0000 0.9647 0.8980
v -1.507041 3.649500 -0.495945 1.0000 0.9647 0.8980
v -1.470488 3.660955 -0.596375 1.0000 0.9647 0.8980
v -1.443729 3.692250 -0.669894 1.0000 0.9647 0.8980
v -1.433935 3.735000 -0.696804 1.0000 0.9647 0.8980
v -1.443729 3.777750 -0.669894 1.0000 0.9647 0.8980
v -1.470488 3.809045 -0.596375 1.0000 0.9647 0.8980
v -1.507041 3.820500 -0.495945 1.0000 0.9647 0.8980
v -1.543595 3.809045 -0.395515 1.0000 0.9647 0.8980
v -1.570354 3.777750 -0.321996 1.0000 0.9647 0.8980
v -1.580148 3.735000 -0.295086 1.0000 0.9647 0.8980
v -1.570354 3.692250 -0.321996 1.0000 0.9647 0.8980
v -1.543595 3.660955 -0.395515 1.0000 0.9647 0.8980
v -0.292958 3.649500 -0.054055 1.0000 0.9647 0.8980
v -0.256405 3.660955 -0.154485 1.0000 0.9647 0.8980
v -0.229646 3.692250 -0.228004 1.0000 0.9647 0.8980
v -0.219852 3.735000 -0.254914 1.0000 0.9647 0.8980
v -0.229646 3.777750 -0.228004 1.0000 0.9647 0.8980
v -0.256405 3.809045 -0.154485 1.0000 0.9647 0.8980
v -0.292958 3.820500 -0.054055 1.0000 0.9647 0.8980
v -0.329512 3.809045 0.046375 1.0000 0.9647 0.8980
v -0.356271 3.777750 0.119894 1.0000 0.9647 0.8980
v -0.366065 3.735000 0.146804 1.0000 0.9647 0.8980
v -0.356271 3.692250 0.119894 1.0000 0.9647 0.8980
v -0.329512 3.660955 0.046375 1.0000 0.9647 0.8980
v -0.241715 3.656008 -0.035404 1.0000 0.9647 0.8980
v -0.207944 3.666591 -0.128189 1.0000 0.9647 0.8980
v -0.183222 3.695504 -0.196112 1.0000 0.9647 0.8980
v -0.174173 3.735000 -0.220974 1.0000 0.9647 0.8980
v -0.183222 3.774496 -0.196112 1.0000 0.9647 0.8980
v -0.207944 3.803409 -0.128189 1.0000 0.9647 0.8980
v -0.241715 3.813992 -0.035404 1.0000 0.9647 0.8980
v -0.275486 3.803409 0.057381 1.0000 0.9647 0.8980
v -0.300208 3.774496 0.125304 1.0000 0.9647 0.8980
v -0.309257 3.735000 0.150166 1.0000 0.9647 0.8980
v -0.300208 3.695504 0.125304 1.0000 0.9647 0.8980
v -0.275486 3.666591 0.057381 1.0000 0.9647 0.8980
v -0.198273 3.674542 -0.019592 1.0000 0.9647 0.8980
v -0.172425 3.682642 -0.090607 1.0000 0.9647 0.8980
v -0.153504 3.704771 -0.142593 1.0000 0.9647 0.8980
v -0.146578 3.735000 -0.161621 1.0000 0.9647 0.8980
v -0.153504 3.765229 -0.142593 1.0000 0.9647 0.8980
v -0.172425 3.787358 -0.090607 1.0000 0.9647 0.8980
v -0.198273 3.795458 -0.019592 1.0000 0.9647 0.8980
v -0.224120 3.787358 0.051422 1.0000 0.9647 0.8980
v -0.243041 3.765229 0.103409 1.0000 0.9647 0.8980
v -0.249967 3.735000 0.122437 1.0000 0.9647 0.8980
v -0.243041 3.704771 0.103409 1.0000 0.9647 0.8980
v -0.224120 3.682642 0.051422 1.0000 0.9647 0.8980
v -0.169245 3.702281 -0.009027 1.0000 0.9647 0.8980
v -0.155257 3.706664 -0.047460 1.0000 0.9647 0.8980
v -0.145017 3.718640 -0.075595 1.0000 0.9647 0.8980
v -0.141269 3.735000 -0.085893 1.0000 0.9647 0.8980
v -0.145017 3.751360 -0.075595 1.0000 0.9647 0.8980
v -0.155257 3.763336 -0.047460 1.0000 0.9647 0.8980
v -0.169245 3.767720 -0.009027 1.0000 0.9647 0.8980
v -0.183234 3.763336 0.029406 1.0000 0.9647 0.8980
v -0.193474 3.751360 0.057540 1.0000 0.9647 0.8980
v -0.197222 3.735000 0.067838 1.0000 0.9647 0.8980
v -0.193474 3.718640 0.057540 1.0000 0.9647 0.8980
v -0.183234 3.706664 0.029406 1.0000 0.9647 0.8980
v -0.159052 3.735000 -0.005317 1.0000 0.9647 0.8980
v -1.792708 3.925000 -0.599919 0.7098 0.3294 0.2275
v -1.779117 3.852290 -0.594972 0.7098 0.3294 0.2275
v -1.766683 3.862031 -0.629135 0.7098 0.3294 0.2275
v -1.757581 3.888645 -0.654144 0.7098 0.3294 0.2275
v -1.754249 3.925000 -0.663297 0.7098 0.3294 0.2275
v -1.757581 3.961355 -0.654144 0.7098 0.3294 0.2275
v -1.766683 3.987969 -0.629135 0.7098 0.3294 0.2275
v -1.779117 3.997710 -0.594972 0.7098 0.3294 0.2275
v -1.791551 3.987969 -0.560810 0.7098 0.3294 0.2275
v -1.800654 3.961355 -0.535801 0.7098 0.3294 0.2275
v -1.803986 3.925000 -0.526648 0.7098 0.3294 0.2275
v -1.800654 3.888645 -0.535801 0.7098 0.3294 0.2275
v -1.791551 3.862031 -0.560810 0.7098 0.3294 0.2275
v -1.740414 3.790650 -0.580886 0.7098 0.3294 0.2275
v -1.717439 3.808649 -0.644010 0.7098 0.3294 0.2275
v -1.700620 3.857825 -0.690220 0.7098 0.3294 0.2275
v -1.694464 3.925000 -0.707134 0.7098 0.3294 0.2275
v -1.700620 3.992175 -0.690220 0.7098 0.3294 0.2275
v -1.717439 4.041351 -0.644010 0.7098 0.3294 0.2275
v -1.740414 4.059350 -0.580886 0.7098 0.3294 0.2275
v -1.763390 4.041351 -0.517762 0.7098 0.3294 0.2275
v -1.780209 3.992175 -0.471552 0.7098 0.3294 0.2275
v -1.786365 3.925000 -0.454638 0.7098 0.3294 0.2275
v -1.780209 3.857825 -0.471552 0.7098 0.3294 0.2275
v -1.763390 3.808649 -0.517762 0.7098 0.3294 0.2275
v -1.682491 3.749463 -0.559803 0.7098 0.3294 0.2275
v -1.652473 3.772980 -0.642279 0.7098 0.3294 0.2275
v -1.630497 3.837232 -0.702655 0.7098 0.3294 0.2275
v -1.622454 3.925000 -0.724754 0.7098 0.3294 0.2275
v -1.630497 4.012769 -0.702655 0.7098 0.3294 0.2275
v -1.652473 4.077020 -0.642279 0.7098 0.3294 0.2275
v -1.682491 4.100537 -0.559803 0.7098 0.3294 0.2275
v -1.712510 4.077020 -0.477328 0.7098 0.3294 0.2275
v -1.734485 4.012769 -0.416952 0.7098 0.3294 0.2275
v -1.742528 3.925000 -0.394853 0.7098 0.3294 0.2275
v -1.734485 3.837232 -0.416952 0.7098 0.3294 0.2275
v -1.712510 3.772980 -0.477328 0.7098 0.3294 0.2275
v -1.614166 3.735000 -0.534935 0.7098 0.3294 0.2275
v -1.581674 3.760455 -0.624206 0.7098 0.3294 0.2275
v -1.557889 3.830000 -0.689557 0.7098 0.3294 0.2275
v -1.549183 3.925000 -0.713477 0.7098 0.3294 0.2275
v -1.557889 4.020000 -0.689557 0.7098 0.3294 0.2275
v -1.581674 4.089545 -0.624206 0.7098 0.3294 0.2275
v -1.614166 4.115000 -0.534935 0.7098 0.3294 0.2275
v -1.646658 4.089545 -0.445664 0.7098 0.3294 0.2275
v -1.670444 4.020000 -0.380314 0.7098 0.3294 0.2275
v -1.679150 3.925000 -0.356394 0.7098 0.3294 0.2275
v -1.670444 3.830000 -0.380314 0.7098 0.3294 0.2275
v -1.646658 3.760455 -0.445664 0.7098 0.3294 0.2275
v -0.185834 3.735000 -0.015065 0.7098 0.3294 0.2275
v -0.153342 3.760455 -0.104336 0.7098 0.3294 0.2275
v -0.129556 3.830000 -0.169686 0.7098 0.3294 0.2275
v -0.120850 3.925000 -0.193606 0.7098 0.3294 0.2275
v -0.129556 4.020000 -0.169686 0.7098 0.3294 0.2275
v -0.153342 4.089545 -0.104336 0.7098 0.3294 0.2275
v -0.185834 4.115000 -0.015065 0.7098 0.3294 0.2275
v -0.218325 4.089545 0.074206 0.7098 0.3294 0.2275
v -0.242111 4.020000 0.139557 0.7098 0.3294 0.2275
v -0.250817 3.925000 0.163477 0.7098 0.3294 0.2275
v -0.242111 3.830000 0.139557 0.7098 0.3294 0.2275
v -0.218325 3.760455 0.074206 0.7098 0.3294 0.2275
v -0.117509 3.749463 0.009804 0.7098 0.3294 0.2275
v -0.087490 3.772980 -0.072672 0.7098 0.3294 0.2275
v -0.065515 3.837231 -0.133048 0.7098 0.3294 0.2275
v -0.057471 3.925000 -0.155147 0.7098 0.3294 0.2275
v -0.065515 4.012769 -0.133048 0.7098 0.3294 0.2275
v -0.087490 4.077020 -0.072672 0.7098 0.3294 0.2275
v -0.117509 4.100537 0.009804 0.7098 0.3294 0.2275
v -0.147527 4.077020 0.092279 0.7098 0.3294 0.2275
v -0.169502 4.012769 0.152655 0.7098 0.3294 0.2275
v -0.177546 3.925000 0.174754 0.7098 0.3294 0.2275
v -0.169502 3.837231 0.152655 0.7098 0.3294 0.2275
v -0.147527 3.772980 0.092279 0.7098 0.3294 0.2275
v -0.059586 3.790650 0.030886 0.7098 0.3294 0.2275
v -0.036610 3.808649 -0.032238 0.7098 0.3294 0.2275
v -0.019791 3.857825 -0.078448 0.7098 0.3294 0.2275
v -0.013635 3.925000 -0.095362 0.7098 0.3294 0.2275
v -0.019791 3.992175 -0.078448 0.7098 0.3294 0.2275
v -0.036610 4.041351 -0.032238 0.7098 0.3294 0.2275
v -0.059586 4.059350 0.030886 0.7098 0.3294 0.2275
v -0.082561 4.041351 0.094010 0.7098 0.3294 0.2275
v -0.099380 3.992175 0.140220 0.7098 0.3294 0.2275
v -0.105536 3.925000 0.157134 0.7098 0.3294 0.2275
v -0.099380 3.857825 0.140220 0.7098 0.3294 0.2275
v -0.082561 3.808649 0.094010 0.7098 0.3294 0.2275
v -0.020883 3.852290 0.044973 0.7098 0.3294 0.2275
v -0.008449 3.862031 0.010810 0.7098 0.3294 0.2275
v 0.000654 3.888645 -0.014199 0.7098 0.3294 0.2275
v 0.003986 3.925000 -0.023352 0.7098 0.3294 0.2275
v 0.000654 3.961355 -0.014199 0.7098 0.3294 0.2275
v -0.008449 3.987969 0.010810 0.7098 0.3294 0.2275
v -0.020883 3.997710 0.044973 0.7098 0.3294 0.2275
v -0.033317 3.987969 0.079135 0.7098 0.3294 0.2275
v -0.042419 3.961355 0.104144 0.7098 0.3294 0.2275
v -0.045751 3.925000 0.113297 0.7098 0.3294 0.2275
v -0.042419 3.888645 0.104144 0.7098 0.3294 0.2275
v -0.033317 3.862031 0.079135 0.7098 0.3294 0.2275
v -0.007292 3.925000 0.049919 0.7098 0.3294 0.2275
v -0.276632 4.148987 -0.032903 0.8470 0.2275 0.1804
v -0.287465 4.148893 -0.006543 0.8470 0.2275 0.1804
v -0.292988 4.124166 0.006507 0.8470 0.2275 0.1804
v -0.287677 4.099531 -0.006804 0.8470 0.2275 0.1804
v -0.276844 4.099624 -0.033164 0.8470 0.2275 0.1804
v -0.271321 4.124352 -0.046214 0.8470 0.2275 0.1804
v -1.512566 4.148940 -0.543383 0.8470 0.2275 0.1804
v -1.523398 4.148940 -0.517022 0.8470 0.2275 0.1804
v -1.528678 4.124259 -0.503785 0.8470 0.2275 0.1804
v -1.523125 4.099578 -0.516910 0.8470 0.2275 0.1804
v -1.512292 4.099578 -0.543271 0.8470 0.2275 0.1804
v -1.507013 4.124259 -0.556508 0.8470 0.2275 0.1804
v -1.473648 4.149193 -0.527386 0.8470 0.2275 0.1804
v -1.485181 4.149187 -0.501324 0.8470 0.2275 0.1804
v -1.490739 4.124503 -0.488206 0.8470 0.2275 0.1804
v -1.484762 4.099826 -0.501150 0.8470 0.2275 0.1804
v -1.473229 4.099832 -0.527212 0.8470 0.2275 0.1804
v -1.467672 4.124515 -0.540330 0.8470 0.2275 0.1804
v -1.435236 4.149718 -0.509146 0.8470 0.2275 0.1804
v -1.448040 4.149697 -0.483684 0.8470 0.2275 0.1804
v -1.454136 4.125007 -0.470820 0.8470 0.2275 0.1804
v -1.447428 4.100338 -0.483418 0.8470 0.2275 0.1804
v -1.434624 4.100360 -0.508881 0.8470 0.2275 0.1804
v -1.428529 4.125050 -0.521744 0.8470 0.2275 0.1804
v -1.397520 4.150342 -0.489103 0.8470 0.2275 0.1804
v -1.411311 4.150305 -0.464162 0.8470 0.2275 0.1804
v -1.417903 4.125607 -0.451560 0.8470 0.2275 0.1804
v -1.410704 4.100946 -0.463899 0.8470 0.2275 0.1804
v -1.396914 4.100983 -0.488840 0.8470 0.2275 0.1804
v -1.390322 4.125681 -0.501442 0.8470 0.2275 0.1804
v -1.360369 4.150858 -0.467750 0.8470 0.2275 0.1804
v -1.374803 4.150813 -0.443175 0.8470 0.2275 0.1804
v -1.381812 4.126110 -0.430811 0.8470 0.2275 0.1804
v -1.374388 4.101451 -0.443021 0.8470 0.2275 0.1804
v -1.359954 4.101497 -0.467596 0.8470 0.2275 0.1804
v -1.352944 4.126200 -0.479960 0.8470 0.2275 0.1804
v -1.323624 4.151098 -0.445702 0.8470 0.2275 0.1804
v -1.338325 4.151052 -0.421286 0.8470 0.2275 0.1804
v -1.345622 4.126347 -0.409093 0.8470 0.2275 0.1804
v -1.338219 4.101688 -0.421316 0.8470 0.2275 0.1804
v -1.323518 4.101735 -0.445732 0.8470 0.2275 0.1804
v -1.316220 4.126440 -0.457925 0.8470 0.2275 0.1804
v -1.287106 4.150988 -0.423639 0.8470 0.2275 0.1804
v -1.301687 4.150941 -0.399151 0.8470 0.2275 0.1804
v -1.309090 4.126237 -0.387022 0.8470 0.2275 0.1804
v -1.301912 4.101579 -0.399380 0.8470 0.2275 0.1804
v -1.287331 4.101625 -0.423867 0.8470 0.2275 0.1804
v -1.279928 4.126330 -0.435997 0.8470 0.2275 0.1804
v -1.250630 4.150566 -0.402237 0.8470 0.2275 0.1804
v -1.264708 4.150514 -0.377457 0.8470 0.2275 0.1804
v -1.271984 4.125808 -0.365254 0.8470 0.2275 0.1804
v -1.265182 4.101154 -0.377830 0.8470 0.2275 0.1804
v -1.251104 4.101206 -0.402611 0.8470 0.2275 0.1804
v -1.243828 4.125912 -0.414814 0.8470 0.2275 0.1804
v -1.214005 4.149972 -0.382102 0.8470 0.2275 0.1804
v -1.227221 4.149908 -0.356851 0.8470 0.2275 0.1804
v -1.234108 4.125196 -0.344436 0.8470 0.2275 0.1804
v -1.227780 4.100549 -0.357271 0.8470 0.2275 0.1804
v -1.214565 4.100614 -0.382522 0.8470 0.2275 0.1804
v -1.207677 4.125326 -0.394937 0.8470 0.2275 0.1804
v -1.177039 4.149403 -0.363709 0.8470 0.2275 0.1804
v -1.189082 4.149321 -0.337879 0.8470 0.2275 0.1804
v -1.195326 4.124600 -0.325145 0.8470 0.2275 0.1804
v -1.189527 4.099961 -0.338242 0.8470 0.2275 0.1804
v -1.177484 4.100042 -0.364073 0.8470 0.2275 0.1804
v -1.171240 4.124763 -0.376806 0.8470 0.2275 0.1804
v -1.139542 4.149042 -0.347374 0.8470 0.2275 0.1804
v -1.150184 4.148949 -0.320935 0.8470 0.2275 0.1804
v -1.155585 4.124221 -0.307836 0.8470 0.2275 0.1804
v -1.150343 4.099586 -0.321175 0.8470 0.2275 0.1804
v -1.139701 4.099680 -0.347613 0.8470 0.2275 0.1804
v -1.134301 4.124408 -0.360713 0.8470 0.2275 0.1804
v -1.101336 4.149009 -0.333232 0.8470 0.2275 0.1804
v -1.110465 4.148914 -0.306234 0.8470 0.2275 0.1804
v -1.114926 4.124186 -0.292787 0.8470 0.2275 0.1804
v -1.110258 4.099551 -0.306338 0.8470 0.2275 0.1804
v -1.101128 4.099647 -0.333336 0.8470 0.2275 0.1804
v -1.096667 4.124375 -0.346783 0.8470 0.2275 0.1804
v -1.062282 4.149314 -0.321251 0.8470 0.2275 0.1804
v -1.069926 4.149229 -0.293796 0.8470 0.2275 0.1804
v -1.073484 4.124507 -0.280070 0.8470 0.2275 0.1804
v -1.069397 4.099869 -0.293800 0.8470 0.2275 0.1804
v -1.061753 4.099953 -0.321256 0.8470 0.2275 0.1804
v -1.058195 4.124676 -0.334981 0.8470 0.2275 0.1804
v -1.022314 4.149857 -0.311240 0.8470 0.2275 0.1804
v -1.028641 4.149789 -0.283452 0.8470 0.2275 0.1804
v -1.031459 4.125075 -0.269539 0.8470 0.2275 0.1804
v -1.027949 4.100430 -0.283415 0.8470 0.2275 0.1804
v -1.021622 4.100498 -0.311204 0.8470 0.2275 0.1804
v -1.018805 4.125212 -0.325117 0.8470 0.2275 0.1804
v -0.981468 4.150461 -0.302863 0.8470 0.2275 0.1804
v -0.986766 4.150407 -0.274860 0.8470 0.2275 0.1804
v -0.989097 4.125701 -0.260846 0.8470 0.2275 0.1804
v -0.986129 4.101048 -0.274835 0.8470 0.2275 0.1804
v -0.980830 4.101102 -0.302838 0.8470 0.2275 0.1804
v -0.978500 4.125809 -0.316852 0.8470 0.2275 0.1804
v -0.939885 4.150929 -0.295652 0.8470 0.2275 0.1804
v -0.944532 4.150882 -0.267534 0.8470 0.2275 0.1804
v -0.946663 4.126177 -0.253484 0.8470 0.2275 0.1804
v -0.944148 4.101520 -0.267553 0.8470 0.2275 0.1804
v -0.939501 4.101567 -0.295672 0.8470 0.2275 0.1804
v -0.937369 4.126272 -0.309721 0.8470 0.2275 0.1804
v -0.897794 4.151105 -0.289037 0.8470 0.2275 0.1804
v -0.902218 4.151058 -0.260883 0.8470 0.2275 0.1804
v -0.904424 4.126353 -0.246846 0.8470 0.2275 0.1804
v -0.902206 4.101695 -0.260963 0.8470 0.2275 0.1804
v -0.897782 4.101742 -0.289117 0.8470 0.2275 0.1804
v -0.895576 4.126447 -0.303154 0.8470 0.2275 0.1804
v -0.855481 4.150928 -0.282387 0.8470 0.2275 0.1804
v -0.860129 4.150883 -0.254269 0.8470 0.2275 0.1804
v -0.862631 4.126179 -0.240279 0.8470 0.2275 0.1804
v -0.860486 4.101521 -0.254408 0.8470 0.2275 0.1804
v -0.855839 4.101566 -0.282526 0.8470 0.2275 0.1804
v -0.853336 4.126270 -0.296516 0.8470 0.2275 0.1804
v -0.813248 4.150454 -0.275061 0.8470 0.2275 0.1804
v -0.818548 4.150415 -0.247058 0.8470 0.2275 0.1804
v -0.821501 4.125716 -0.233148 0.8470 0.2275 0.1804
v -0.819155 4.101055 -0.247242 0.8470 0.2275 0.1804
v -0.813856 4.101094 -0.275244 0.8470 0.2275 0.1804
v -0.810902 4.125793 -0.289154 0.8470 0.2275 0.1804
v -0.771376 4.149835 -0.266470 0.8470 0.2275 0.1804
v -0.777704 4.149810 -0.238681 0.8470 0.2275 0.1804
v -0.781197 4.125118 -0.224884 0.8470 0.2275 0.1804
v -0.778360 4.100451 -0.238875 0.8470 0.2275 0.1804
v -0.772032 4.100476 -0.266663 0.8470 0.2275 0.1804
v -0.768540 4.125168 -0.280461 0.8470 0.2275 0.1804
v -0.730095 4.149276 -0.256126 0.8470 0.2275 0.1804
v -0.737740 4.149267 -0.228671 0.8470 0.2275 0.1804
v -0.741806 4.124582 -0.215019 0.8470 0.2275 0.1804
v -0.738226 4.099906 -0.228822 0.8470 0.2275 0.1804
v -0.730581 4.099915 -0.256277 0.8470 0.2275 0.1804
v -0.726515 4.124599 -0.269929 0.8470 0.2275 0.1804
v -0.689560 4.148961 -0.243689 0.8470 0.2275 0.1804
v -0.698690 4.148963 -0.216691 0.8470 0.2275 0.1804
v -0.703333 4.124282 -0.203217 0.8470 0.2275 0.1804
v -0.698846 4.099600 -0.216740 0.8470 0.2275 0.1804
v -0.689716 4.099598 -0.243738 0.8470 0.2275 0.1804
v -0.685073 4.124278 -0.257213 0.8470 0.2275 0.1804
v -0.649846 4.148995 -0.228990 0.8470 0.2275 0.1804
v -0.660488 4.148996 -0.202551 0.8470 0.2275 0.1804
v -0.665699 4.124315 -0.189287 0.8470 0.2275 0.1804
v -0.660269 4.099633 -0.202461 0.8470 0.2275 0.1804
v -0.649627 4.099632 -0.228900 0.8470 0.2275 0.1804
v -0.644416 4.124313 -0.242164 0.8470 0.2275 0.1804
v -0.610953 4.149367 -0.212048 0.8470 0.2275 0.1804
v -0.622994 4.149356 -0.186217 0.8470 0.2275 0.1804
v -0.628759 4.124671 -0.173193 0.8470 0.2275 0.1804
v -0.622481 4.099996 -0.186000 0.8470 0.2275 0.1804
v -0.610439 4.100007 -0.211831 0.8470 0.2275 0.1804
v -0.604675 4.124693 -0.224855 0.8470 0.2275 0.1804
v -0.572817 4.149954 -0.193078 0.8470 0.2275 0.1804
v -0.586032 4.149926 -0.167827 0.8470 0.2275 0.1804
v -0.592322 4.125233 -0.155062 0.8470 0.2275 0.1804
v -0.585398 4.100568 -0.167549 0.8470 0.2275 0.1804
v -0.572183 4.100595 -0.192801 0.8470 0.2275 0.1804
v -0.565893 4.125289 -0.205565 0.8470 0.2275 0.1804
v -0.535332 4.150560 -0.172473 0.8470 0.2275 0.1804
v -0.549409 4.150519 -0.147692 0.8470 0.2275 0.1804
v -0.556171 4.125819 -0.135185 0.8470 0.2275 0.1804
v -0.548856 4.101160 -0.147459 0.8470 0.2275 0.1804
v -0.534779 4.101200 -0.172240 0.8470 0.2275 0.1804
v -0.528017 4.125901 -0.184747 0.8470 0.2275 0.1804
v -0.498354 4.150988 -0.150780 0.8470 0.2275 0.1804
v -0.512935 4.150942 -0.126292 0.8470 0.2275 0.1804
v -0.520071 4.126237 -0.114003 0.8470 0.2275 0.1804
v -0.512627 4.101579 -0.126202 0.8470 0.2275 0.1804
v -0.498047 4.101625 -0.150690 0.8470 0.2275 0.1804
v -0.490911 4.126329 -0.162979 0.8470 0.2275 0.1804
v -0.461717 4.151098 -0.128645 0.8470 0.2275 0.1804
v -0.476418 4.151052 -0.104229 0.8470 0.2275 0.1804
v -0.483780 4.126348 -0.092075 0.8470 0.2275 0.1804
v -0.476441 4.101688 -0.104337 0.8470 0.2275 0.1804
v -0.461739 4.101735 -0.128752 0.8470 0.2275 0.1804
v -0.454377 4.126440 -0.140907 0.8470 0.2275 0.1804
v -0.425237 4.150859 -0.106755 0.8470 0.2275 0.1804
v -0.439672 4.150811 -0.082181 0.8470 0.2275 0.1804
v -0.447056 4.126106 -0.070040 0.8470 0.2275 0.1804
v -0.440006 4.101450 -0.082474 0.8470 0.2275 0.1804
v -0.425571 4.101498 -0.107048 0.8470 0.2275 0.1804
v -0.418187 4.126203 -0.119189 0.8470 0.2275 0.1804
v -0.388727 4.150352 -0.085767 0.8470 0.2275 0.1804
v -0.402519 4.150295 -0.060827 0.8470 0.2275 0.1804
v -0.409679 4.125587 -0.048558 0.8470 0.2275 0.1804
v -0.403048 4.100936 -0.061231 0.8470 0.2275 0.1804
v -0.389256 4.100993 -0.086171 0.8470 0.2275 0.1804
v -0.382096 4.125700 -0.098440 0.8470 0.2275 0.1804
v -0.351996 4.149743 -0.066244 0.8470 0.2275 0.1804
v -0.364800 4.149672 -0.040782 0.8470 0.2275 0.1804
v -0.371473 4.124957 -0.028256 0.8470 0.2275 0.1804
v -0.365340 4.100313 -0.041192 0.8470 0.2275 0.1804
v -0.352535 4.100385 -0.066653 0.8470 0.2275 0.1804
v -0.345863 4.125099 -0.079179 0.8470 0.2275 0.1804
v -0.314851 4.149233 -0.048602 0.8470 0.2275 0.1804
v -0.326385 4.149146 -0.022540 0.8470 0.2275 0.1804
v -0.332329 4.124422 -0.009670 0.8470 0.2275 0.1804
v -0.326739 4.099785 -0.022862 0.8470 0.2275 0.1804
v -0.315205 4.099872 -0.048924 0.8470 0.2275 0.1804
v -0.309261 4.124597 -0.061794 0.8470 0.2275 0.1804
v -0.235694 4.173075 -0.005625 0.9490 0.7608 0.1882
v -0.266894 4.172943 0.002733 0.9490 0.7608 0.1882
v -0.282491 4.144908 0.006480 0.9490 0.7608 0.1882
v -0.266888 4.117004 0.001869 0.9490 0.7608 0.1882
v -0.235689 4.117136 -0.006488 0.9490 0.7608 0.1882
v -0.220092 4.145172 -0.010235 0.9490 0.7608 0.1882
v -1.533217 4.173009 -0.552704 0.9490 0.7608 0.1882
v -1.564416 4.173009 -0.544345 0.9490 0.7608 0.1882
v -1.579908 4.145040 -0.539763 0.9490 0.7608 0.1882
v -1.564201 4.117070 -0.543540 0.9490 0.7608 0.1882
v -1.533001 4.117070 -0.551900 0.9490 0.7608 0.1882
v -1.517509 4.145040 -0.556482 0.9490 0.7608 0.1882
v -1.512633 4.174025 -0.476101 0.9490 0.7608 0.1882
v -1.543458 4.173964 -0.466453 0.9490 0.7608 0.1882
v -1.559708 4.146118 -0.464481 0.9490 0.7608 0.1882
v -1.545133 4.118335 -0.472158 0.9490 0.7608 0.1882
v -1.514307 4.118397 -0.481805 0.9490 0.7608 0.1882
v -1.498057 4.146241 -0.483777 0.9490 0.7608 0.1882
v -1.489196 4.158072 -0.411243 0.9490 0.7608 0.1882
v -1.517094 4.156715 -0.395020 0.9490 0.7608 0.1882
v -1.533501 4.128940 -0.393401 0.9490 0.7608 0.1882
v -1.522010 4.102521 -0.408005 0.9490 0.7608 0.1882
v -1.494112 4.103877 -0.424228 0.9490 0.7608 0.1882
v -1.477706 4.131652 -0.425847 0.9490 0.7608 0.1882
v -1.466013 4.146981 -0.383089 0.9490 0.7608 0.1882
v -1.479714 4.142717 -0.354152 0.9490 0.7608 0.1882
v -1.486071 4.112884 -0.343531 0.9490 0.7608 0.1882
v -1.478726 4.087313 -0.361848 0.9490 0.7608 0.1882
v -1.465024 4.091577 -0.390785 0.9490 0.7608 0.1882
v -1.458668 4.121411 -0.401406 0.9490 0.7608 0.1882
v -1.435750 4.153761 -0.383139 0.9490 0.7608 0.1882
v -1.428521 4.151604 -0.351732 0.9490 0.7608 0.1882
v -1.419045 4.123363 -0.339244 0.9490 0.7608 0.1882
v -1.416798 4.097280 -0.358162 0.9490 0.7608 0.1882
v -1.424027 4.099437 -0.389569 0.9490 0.7608 0.1882
v -1.433503 4.127678 -0.402057 0.9490 0.7608 0.1882
v -1.381152 4.170868 -0.410856 0.9490 0.7608 0.1882
v -1.364589 4.170738 -0.383127 0.9490 0.7608 0.1882
v -1.352488 4.143067 -0.371672 0.9490 0.7608 0.1882
v -1.356952 4.115527 -0.387947 0.9490 0.7608 0.1882
v -1.373515 4.115656 -0.415676 0.9490 0.7608 0.1882
v -1.385616 4.143327 -0.427131 0.9490 0.7608 0.1882
v -1.313591 4.175255 -0.457479 0.9490 0.7608 0.1882
v -1.295890 4.175186 -0.430461 0.9490 0.7608 0.1882
v -1.288755 4.147251 -0.415900 0.9490 0.7608 0.1882
v -1.299321 4.119386 -0.428356 0.9490 0.7608 0.1882
v -1.317022 4.119454 -0.455374 0.9490 0.7608 0.1882
v -1.324157 4.147389 -0.469935 0.9490 0.7608 0.1882
v -1.246530 4.159831 -0.498224 0.9490 0.7608 0.1882
v -1.233979 4.160691 -0.468474 0.9490 0.7608 0.1882
v -1.233627 4.133982 -0.450315 0.9490 0.7608 0.1882
v -1.245826 4.106411 -0.461905 0.9490 0.7608 0.1882
v -1.258377 4.105550 -0.491655 0.9490 0.7608 0.1882
v -1.258729 4.132260 -0.509814 0.9490 0.7608 0.1882
v -1.189648 4.143602 -0.510815 0.9490 0.7608 0.1882
v -1.194466 4.147519 -0.479118 0.9490 0.7608 0.1882
v -1.199892 4.121826 -0.460311 0.9490 0.7608 0.1882
v -1.200500 4.092216 -0.473201 0.9490 0.7608 0.1882
v -1.195682 4.088299 -0.504899 0.9490 0.7608 0.1882
v -1.190256 4.113992 -0.523706 0.9490 0.7608 0.1882
v -1.146947 4.149071 -0.485518 0.9490 0.7608 0.1882
v -1.170945 4.151627 -0.464051 0.9490 0.7608 0.1882
v -1.180685 4.125627 -0.447545 0.9490 0.7608 0.1882
v -1.166427 4.097072 -0.452506 0.9490 0.7608 0.1882
v -1.142428 4.094517 -0.473973 0.9490 0.7608 0.1882
v -1.132688 4.120516 -0.490479 0.9490 0.7608 0.1882
v -1.116617 4.168432 -0.424607 0.9490 0.7608 0.1882
v -1.146849 4.168549 -0.413236 0.9490 0.7608 0.1882
v -1.160201 4.141136 -0.402580 0.9490 0.7608 0.1882
v -1.143322 4.113606 -0.403297 0.9490 0.7608 0.1882
v -1.113090 4.113490 -0.414668 0.9490 0.7608 0.1882
v -1.099738 4.140903 -0.425323 0.9490 0.7608 0.1882
v -1.093937 4.176003 -0.344846 0.9490 0.7608 0.1882
v -1.124926 4.175937 -0.335735 0.9490 0.7608 0.1882
v -1.140651 4.147949 -0.332169 0.9490 0.7608 0.1882
v -1.125388 4.120028 -0.337714 0.9490 0.7608 0.1882
v -1.094399 4.120095 -0.346826 0.9490 0.7608 0.1882
v -1.078674 4.148083 -0.350392 0.9490 0.7608 0.1882
v -1.071362 4.163468 -0.272421 0.9490 0.7608 0.1882
v -1.100754 4.162787 -0.259043 0.9490 0.7608 0.1882
v -1.117583 4.135225 -0.258428 0.9490 0.7608 0.1882
v -1.105021 4.108344 -0.271191 0.9490 0.7608 0.1882
v -1.075630 4.109025 -0.284569 0.9490 0.7608 0.1882
v -1.058800 4.136587 -0.285184 0.9490 0.7608 0.1882
v -1.047573 4.148564 -0.233126 0.9490 0.7608 0.1882
v -1.067019 4.144877 -0.207601 0.9490 0.7608 0.1882
v -1.077850 4.115502 -0.199659 0.9490 0.7608 0.1882
v -1.069234 4.089813 -0.217242 0.9490 0.7608 0.1882
v -1.049787 4.093500 -0.242767 0.9490 0.7608 0.1882
v -1.038957 4.122876 -0.250709 0.9490 0.7608 0.1882
v -1.021748 4.149940 -0.225877 0.9490 0.7608 0.1882
v -1.020081 4.146727 -0.193780 0.9490 0.7608 0.1882
v -1.014479 4.117719 -0.180724 0.9490 0.7608 0.1882
v -1.010544 4.091926 -0.199764 0.9490 0.7608 0.1882
v -1.012212 4.095140 -0.231860 0.9490 0.7608 0.1882
v -1.017814 4.124147 -0.244917 0.9490 0.7608 0.1882
v -0.974338 4.166119 -0.244984 0.9490 0.7608 0.1882
v -0.959339 4.165688 -0.216381 0.9490 0.7608 0.1882
v -0.946771 4.138134 -0.205150 0.9490 0.7608 0.1882
v -0.949202 4.111012 -0.222521 0.9490 0.7608 0.1882
v -0.964202 4.111444 -0.251124 0.9490 0.7608 0.1882
v -0.976769 4.138997 -0.262356 0.9490 0.7608 0.1882
v -0.908937 4.176256 -0.288383 0.9490 0.7608 0.1882
v -0.891000 4.176189 -0.261522 0.9490 0.7608 0.1882
v -0.882063 4.148184 -0.248138 0.9490 0.7608 0.1882
v -0.891063 4.120245 -0.261617 0.9490 0.7608 0.1882
v -0.909000 4.120311 -0.288478 0.9490 0.7608 0.1882
v -0.917937 4.148316 -0.301862 0.9490 0.7608 0.1882
v -0.840596 4.165753 -0.333525 0.9490 0.7608 0.1882
v -0.825621 4.166056 -0.304908 0.9490 0.7608 0.1882
v -0.823255 4.138868 -0.287630 0.9490 0.7608 0.1882
v -0.835864 4.111378 -0.298970 0.9490 0.7608 0.1882
v -0.850839 4.111075 -0.327587 0.9490 0.7608 0.1882
v -0.853205 4.138263 -0.344865 0.9490 0.7608 0.1882
v -0.779902 4.146802 -0.356113 0.9490 0.7608 0.1882
v -0.778257 4.149887 -0.324003 0.9490 0.7608 0.1882
v -0.782209 4.124018 -0.305069 0.9490 0.7608 0.1882
v -0.787805 4.095064 -0.318247 0.9490 0.7608 0.1882
v -0.789450 4.091979 -0.350357 0.9490 0.7608 0.1882
v -0.785499 4.117848 -0.369290 0.9490 0.7608 0.1882
v -0.733052 4.144955 -0.342319 0.9490 0.7608 0.1882
v -0.752494 4.148512 -0.316772 0.9490 0.7608 0.1882
v -0.761038 4.122746 -0.299268 0.9490 0.7608 0.1882
v -0.750141 4.093422 -0.307312 0.9490 0.7608 0.1882
v -0.730700 4.089866 -0.332860 0.9490 0.7608 0.1882
v -0.722155 4.115632 -0.350363 0.9490 0.7608 0.1882
v -0.699356 4.162854 -0.290924 0.9490 0.7608 0.1882
v -0.728737 4.163406 -0.277517 0.9490 0.7608 0.1882
v -0.741189 4.136459 -0.264787 0.9490 0.7608 0.1882
v -0.724261 4.108959 -0.265464 0.9490 0.7608 0.1882
v -0.694880 4.108406 -0.278871 0.9490 0.7608 0.1882
v -0.682427 4.135354 -0.291601 0.9490 0.7608 0.1882
v -0.675185 4.176003 -0.214235 0.9490 0.7608 0.1882
v -0.706172 4.175938 -0.205119 0.9490 0.7608 0.1882
v -0.721324 4.147951 -0.199604 0.9490 0.7608 0.1882
v -0.705490 4.120029 -0.203204 0.9490 0.7608 0.1882
v -0.674503 4.120095 -0.212320 0.9490 0.7608 0.1882
v -0.659351 4.148082 -0.217836 0.9490 0.7608 0.1882
v -0.653254 4.168612 -0.136712 0.9490 0.7608 0.1882
v -0.683494 4.168366 -0.125364 0.9490 0.7608 0.1882
v -0.700270 4.140773 -0.124700 0.9490 0.7608 0.1882
v -0.686807 4.113425 -0.135384 0.9490 0.7608 0.1882
v -0.656567 4.113672 -0.146732 0.9490 0.7608 0.1882
v -0.639791 4.141266 -0.147396 0.9490 0.7608 0.1882
v -0.629135 4.151681 -0.085860 0.9490 0.7608 0.1882
v -0.653144 4.148997 -0.064420 0.9490 0.7608 0.1882
v -0.667322 4.120387 -0.059548 0.9490 0.7608 0.1882
v -0.657492 4.094461 -0.076117 0.9490 0.7608 0.1882
v -0.633483 4.097146 -0.097557 0.9490 0.7608 0.1882
v -0.619305 4.125756 -0.102428 0.9490 0.7608 0.1882
v -0.605558 4.147571 -0.070763 0.9490 0.7608 0.1882
v -0.610362 4.143523 -0.039079 0.9490 0.7608 0.1882
v -0.609730 4.113862 -0.026308 0.9490 0.7608 0.1882
v -0.604294 4.088248 -0.045221 0.9490 0.7608 0.1882
v -0.599490 4.092296 -0.076904 0.9490 0.7608 0.1882
v -0.600122 4.121957 -0.089675 0.9490 0.7608 0.1882
v -0.565990 4.160752 -0.081412 0.9490 0.7608 0.1882
v -0.553411 4.159763 -0.051679 0.9490 0.7608 0.1882
v -0.541243 4.132132 -0.040202 0.9490 0.7608 0.1882
v -0.541653 4.105490 -0.058458 0.9490 0.7608 0.1882
v -0.554232 4.106479 -0.088192 0.9490 0.7608 0.1882
v -0.566400 4.134110 -0.099669 0.9490 0.7608 0.1882
v -0.504051 4.175252 -0.119441 0.9490 0.7608 0.1882
v -0.486342 4.175189 -0.092428 0.9490 0.7608 0.1882
v -0.475835 4.147258 -0.080070 0.9490 0.7608 0.1882
v -0.483037 4.119389 -0.094724 0.9490 0.7608 0.1882
v -0.500746 4.119452 -0.121737 0.9490 0.7608 0.1882
v -0.511253 4.147383 -0.134095 0.9490 0.7608 0.1882
v -0.435344 4.170804 -0.166781 0.9490 0.7608 0.1882
v -0.418798 4.170803 -0.139040 0.9490 0.7608 0.1882
v -0.414402 4.143197 -0.122858 0.9490 0.7608 0.1882
v -0.426552 4.115591 -0.134417 0.9490 0.7608 0.1882
v -0.443098 4.115592 -0.162157 0.9490 0.7608 0.1882
v -0.447493 4.143198 -0.178339 0.9490 0.7608 0.1882
v -0.371440 4.151675 -0.198164 0.9490 0.7608 0.1882
v -0.364239 4.153705 -0.166742 0.9490 0.7608 0.1882
v -0.366525 4.127549 -0.147928 0.9490 0.7608 0.1882
v -0.376013 4.099365 -0.160535 0.9490 0.7608 0.1882
v -0.383214 4.097337 -0.191957 0.9490 0.7608 0.1882
v -0.380927 4.123492 -0.210771 0.9490 0.7608 0.1882
v -0.320333 4.142798 -0.195755 0.9490 0.7608 0.1882
v -0.334037 4.146931 -0.166799 0.9490 0.7608 0.1882
v -0.341334 4.121281 -0.148576 0.9490 0.7608 0.1882
v -0.334928 4.091496 -0.159308 0.9490 0.7608 0.1882
v -0.321224 4.087363 -0.188264 0.9490 0.7608 0.1882
v -0.313927 4.113014 -0.206487 0.9490 0.7608 0.1882
v -0.283011 4.156784 -0.154937 0.9490 0.7608 0.1882
v -0.310897 4.158012 -0.138684 0.9490 0.7608 0.1882
v -0.322282 4.131524 -0.124123 0.9490 0.7608 0.1882
v -0.305783 4.103808 -0.125815 0.9490 0.7608 0.1882
v -0.277897 4.102580 -0.142068 0.9490 0.7608 0.1882
v -0.266511 4.129068 -0.156629 0.9490 0.7608 0.1882
v -0.256653 4.174029 -0.083520 0.9490 0.7608 0.1882
v -0.287474 4.173959 -0.073859 0.9490 0.7608 0.1882
v -0.301939 4.146110 -0.066210 0.9490 0.7608 0.1882
v -0.285582 4.118331 -0.068222 0.9490 0.7608 0.1882
v -0.254760 4.118401 -0.077883 0.9490 0.7608 0.1882
v -0.240296 4.146250 -0.085532 0.9490 0.7608 0.1882
v 0.250000 3.190000 -0.275000 0.7490 0.9372 0.9686
v 0.221167 3.190000 -0.530899 0.7490 0.9372 0.9686
v 0.136114 3.190000 -0.773966 0.7490 0.9372 0.9686
v -0.000894 3.190000 -0.992013 0.7490 0.9372 0.9686
v -0.182987 3.190000 -1.174106 0.7490 0.9372 0.9686
v -0.401034 3.190000 -1.311114 0.7490 0.9372 0.9686
v -0.644101 3.190000 -1.396167 0.7490 0.9372 0.9686
v -0.900000 3.190000 -1.425000 0.7490 0.9372 0.9686
v -1.155899 3.190000 -1.396167 0.7490 0.9372 0.9686
v -1.398966 3.190000 -1.311114 0.7490 0.9372 0.9686
v -1.617013 3.190000 -1.174106 0.7490 0.9372 0.9686
v -1.799106 3.190000 -0.992013 0.7490 0.9372 0.9686
v -1.936114 3.190000 -0.773966 0.7490 0.9372 0.9686
v -2.021167 3.190000 -0.530899 0.7490 0.9372 0.9686
v -2.050000 3.190000 -0.275000 0.7490 0.9372 0.9686
v -2.021167 3.190000 -0.019101 0.7490 0.9372 0.9686
v -1.936114 3.190000 0.223966 0.7490 0.9372 0.9686
v -1.799106 3.190000 0.442013 0.7490 0.9372 0.9686
v -1.617013 3.190000 0.624106 0.7490 0.9372 0.9686
v -1.398966 3.190000 0.761114 0.7490 0.9372 0.9686
v -1.155899 3.190000 0.846167 0.7490 0.9372 0.9686
v -0.900000 3.190000 0.875000 0.7490 0.9372 0.9686
v -0.644101 3.190000 0.846167 0.7490 0.9372 0.9686
v -0.401034 3.190000 0.761114 0.7490 0.9372 0.9686
v -0.182987 3.190000 0.624106 0.7490 0.9372 0.9686
v -0.000894 3.190000 0.442013 0.7490 0.9372 0.9686
v 0.136114 3.190000 0.223966 0.7490 0.9372 0.9686
v 0.221167 3.190000 -0.019101 0.7490 0.9372 0.9686
v 0.232529 3.415743 -0.275000 0.7490 0.9372 0.9686
v 0.204134 3.415743 -0.527011 0.7490 0.9372 0.9686
v 0.120373 3.415743 -0.766386 0.7490 0.9372 0.9686
v -0.014553 3.415743 -0.981120 0.7490 0.9372 0.9686
v -0.193880 3.415743 -1.160447 0.7490 0.9372 0.9686
v -0.408614 3.415743 -1.295373 0.7490 0.9372 0.9686
v -0.647989 3.415743 -1.379134 0.7490 0.9372 0.9686
v -0.900000 3.415743 -1.407529 0.7490 0.9372 0.9686
v -1.152011 3.415743 -1.379134 0.7490 0.9372 0.9686
v -1.391386 3.415743 -1.295373 0.7490 0.9372 0.9686
v -1.606120 3.415743 -1.160447 0.7490 0.9372 0.9686
v -1.785447 3.415743 -0.981120 0.7490 0.9372 0.9686
v -1.920373 3.415743 -0.766386 0.7490 0.9372 0.9686
v -2.004134 3.415743 -0.527011 0.7490 0.9372 0.9686
v -2.032529 3.415743 -0.275000 0.7490 0.9372 0.9686
v -2.004134 3.415743 -0.022989 0.7490 0.9372 0.9686
v -1.920373 3.415743 0.216386 0.7490 0.9372 0.9686
v -1.785447 3.415743 0.431120 0.7490 0.9372 0.9686
v -1.606120 3.415743 0.610447 0.7490 0.9372 0.9686
v -1.391386 3.415743 0.745373 0.7490 0.9372 0.9686
v -1.152011 3.415743 0.829134 0.7490 0.9372 0.9686
v -0.900000 3.415743 0.857529 0.7490 0.9372 0.9686
v -0.647989 3.415743 0.829134 0.7490 0.9372 0.9686
v -0.408614 3.415743 0.745373 0.7490 0.9372 0.9686
v -0.193880 3.415743 0.610447 0.7490 0.9372 0.9686
v -0.014553 3.415743 0.431120 0.7490 0.9372 0.9686
v 0.120373 3.415743 0.216386 0.7490 0.9372 0.9686
v 0.204134 3.415743 -0.022989 0.7490 0.9372 0.9686
v 0.180647 3.634626 -0.275000 0.7490 0.9372 0.9686
v 0.153553 3.634626 -0.515466 0.7490 0.9372 0.9686
v 0.073629 3.634626 -0.743875 0.7490 0.9372 0.9686
v -0.055117 3.634626 -0.948772 0.7490 0.9372 0.9686
v -0.226228 3.634626 -1.119884 0.7490 0.9372 0.9686
v -0.431125 3.634626 -1.248629 0.7490 0.9372 0.9686
v -0.659534 3.634626 -1.328552 0.7490 0.9372 0.9686
v -0.900000 3.634626 -1.355647 0.7490 0.9372 0.9686
v -1.140466 3.634626 -1.328552 0.7490 0.9372 0.9686
v -1.368875 3.634626 -1.248629 0.7490 0.9372 0.9686
v -1.573772 3.634626 -1.119884 0.7490 0.9372 0.9686
v -1.744883 3.634626 -0.948772 0.7490 0.9372 0.9686
v -1.873629 3.634626 -0.743875 0.7490 0.9372 0.9686
v -1.953552 3.634626 -0.515466 0.7490 0.9372 0.9686
v -1.980646 3.634626 -0.275000 0.7490 0.9372 0.9686
v -1.953552 3.634626 -0.034534 0.7490 0.9372 0.9686
v -1.873629 3.634626 0.193875 0.7490 0.9372 0.9686
v -1.744883 3.634626 0.398772 0.7490 0.9372 0.9686
v -1.573772 3.634626 0.569883 0.7490 0.9372 0.9686
v -1.368875 3.634626 0.698629 0.7490 0.9372 0.9686
v -1.140466 3.634626 0.778553 0.7490 0.9372 0.9686
v -0.900000 3.634626 0.805647 0.7490 0.9372 0.9686
v -0.659534 3.634626 0.778553 0.7490 0.9372 0.9686
v -0.431125 3.634626 0.698629 0.7490 0.9372 0.9686
v -0.226228 3.634626 0.569883 0.7490 0.9372 0.9686
v -0.055117 3.634626 0.398772 0.7490 0.9372 0.9686
v 0.073629 3.634626 0.193875 0.7490 0.9372 0.9686
v 0.153553 3.634626 -0.034534 0.7490 0.9372 0.9686
v 0.095929 3.840000 -0.275000 0.7490 0.9372 0.9686
v 0.070959 3.840000 -0.496615 0.7490 0.9372 0.9686
v -0.002699 3.840000 -0.707117 0.7490 0.9372 0.9686
v -0.121351 3.840000 -0.895952 0.7490 0.9372 0.9686
v -0.279048 3.840000 -1.053649 0.7490 0.9372 0.9686
v -0.467882 3.840000 -1.172301 0.7490 0.9372 0.9686
v -0.678385 3.840000 -1.245959 0.7490 0.9372 0.9686
v -0.900000 3.840000 -1.270929 0.7490 0.9372 0.9686
v -1.121615 3.840000 -1.245959 0.7490 0.9372 0.9686
v -1.332117 3.840000 -1.172301 0.7490 0.9372 0.9686
v -1.520952 3.840000 -1.053649 0.7490 0.9372 0.9686
v -1.678649 3.840000 -0.895952 0.7490 0.9372 0.9686
v -1.797301 3.840000 -0.707117 0.7490 0.9372 0.9686
v -1.870959 3.840000 -0.496615 0.7490 0.9372 0.9686
v -1.895929 3.840000 -0.275000 0.7490 0.9372 0.9686
v -1.870959 3.840000 -0.053385 0.7490 0.9372 0.9686
v -1.797301 3.840000 0.157118 0.7490 0.9372 0.9686
v -1.678649 3.840000 0.345952 0.7490 0.9372 0.9686
v -1.520952 3.840000 0.503649 0.7490 0.9372 0.9686
v -1.332117 3.840000 0.622301 0.7490 0.9372 0.9686
v -1.121615 3.840000 0.695959 0.7490 0.9372 0.9686
v -0.900000 3.840000 0.720929 0.7490 0.9372 0.9686
v -0.678385 3.840000 0.695959 0.7490 0.9372 0.9686
v -0.467882 3.840000 0.622301 0.7490 0.9372 0.9686
v -0.279048 3.840000 0.503649 0.7490 0.9372 0.9686
v -0.121351 3.840000 0.345952 0.7490 0.9372 0.9686
v -0.002699 3.840000 0.157118 0.7490 0.9372 0.9686
v 0.070959 3.840000 -0.053385 0.7490 0.9372 0.9686
v -0.019049 4.025624 -0.275000 0.7490 0.9372 0.9686
v -0.041136 4.025624 -0.471030 0.7490 0.9372 0.9686
v -0.106290 4.025624 -0.657230 0.7490 0.9372 0.9686
v -0.211245 4.025624 -0.824264 0.7490 0.9372 0.9686
v -0.350736 4.025624 -0.963755 0.7490 0.9372 0.9686
v -0.517770 4.025624 -1.068709 0.7490 0.9372 0.9686
v -0.703970 4.025624 -1.133864 0.7490 0.9372 0.9686
v -0.900000 4.025624 -1.155951 0.7490 0.9372 0.9686
v -1.096030 4.025624 -1.133864 0.7490 0.9372 0.9686
v -1.282230 4.025624 -1.068709 0.7490 0.9372 0.9686
v -1.449264 4.025624 -0.963755 0.7490 0.9372 0.9686
v -1.588755 4.025624 -0.824264 0.7490 0.9372 0.9686
v -1.693709 4.025624 -0.657230 0.7490 0.9372 0.9686
v -1.758864 4.025624 -0.471030 0.7490 0.9372 0.9686
v -1.780951 4.025624 -0.275000 0.7490 0.9372 0.9686
v -1.758864 4.025624 -0.078970 0.7490 0.9372 0.9686
v -1.693709 4.025624 0.107230 0.7490 0.9372 0.9686
v -1.588755 4.025624 0.274264 0.7490 0.9372 0.9686
v -1.449264 4.025624 0.413755 0.7490 0.9372 0.9686
v -1.282230 4.025624 0.518710 0.7490 0.9372 0.9686
v -1.096030 4.025624 0.583864 0.7490 0.9372 0.9686
v -0.900000 4.025624 0.605951 0.7490 0.9372 0.9686
v -0.703970 4.025624 0.583864 0.7490 0.9372 0.9686
v -0.517770 4.025624 0.518710 0.7490 0.9372 0.9686
v -0.350736 4.025624 0.413755 0.7490 0.9372 0.9686
v -0.211245 4.025624 0.274264 0.7490 0.9372 0.9686
v -0.106290 4.025624 0.107230 0.7490 0.9372 0.9686
v -0.041136 4.025624 -0.078970 0.7490 0.9372 0.9686
v -0.160794 4.185858 -0.275000 0.7490 0.9372 0.9686
v -0.179328 4.185858 -0.439489 0.7490 0.9372 0.9686
v -0.233999 4.185858 -0.595729 0.7490 0.9372 0.9686
v -0.322066 4.185858 -0.735887 0.7490 0.9372 0.9686
v -0.439113 4.185858 -0.852934 0.7490 0.9372 0.9686
v -0.579271 4.185858 -0.941001 0.7490 0.9372 0.9686
v -0.735511 4.185858 -0.995672 0.7490 0.9372 0.9686
v -0.900000 4.185858 -1.014206 0.7490 0.9372 0.9686
v -1.064489 4.185858 -0.995672 0.7490 0.9372 0.9686
v -1.220729 4.185858 -0.941001 0.7490 0.9372 0.9686
v -1.360887 4.185858 -0.852934 0.7490 0.9372 0.9686
v -1.477934 4.185858 -0.735887 0.7490 0.9372 0.9686
v -1.566001 4.185858 -0.595729 0.7490 0.9372 0.9686
v -1.620672 4.185858 -0.439489 0.7490 0.9372 0.9686
v -1.639206 4.185858 -0.275000 0.7490 0.9372 0.9686
v -1.620672 4.185858 -0.110511 0.7490 0.9372 0.9686
v -1.566001 4.185858 0.045729 0.7490 0.9372 0.9686
v -1.477934 4.185858 0.185887 0.7490 0.9372 0.9686
v -1.360887 4.185858 0.302934 0.7490 0.9372 0.9686
v -1.220729 4.185858 0.391001 0.7490 0.9372 0.9686
v -1.064489 4.185858 0.445672 0.7490 0.9372 0.9686
v -0.900000 4.185858 0.464206 0.7490 0.9372 0.9686
v -0.735511 4.185858 0.445672 0.7490 0.9372 0.9686
v -0.579271 4.185858 0.391001 0.7490 0.9372 0.9686
v -0.439113 4.185858 0.302934 0.7490 0.9372 0.9686
v -0.322066 4.185858 0.185887 0.7490 0.9372 0.9686
v -0.233999 4.185858 0.045729 0.7490 0.9372 0.9686
v -0.179328 4.185858 -0.110511 0.7490 0.9372 0.9686
v -0.325000 4.315833 -0.275000 0.7490 0.9372 0.9686
v -0.339416 4.315833 -0.402950 0.7490 0.9372 0.9686
v -0.381943 4.315833 -0.524483 0.7490 0.9372 0.9686
v -0.450447 4.315833 -0.633507 0.7490 0.9372 0.9686
v -0.541493 4.315833 -0.724553 0.7490 0.9372 0.9686
v -0.650517 4.315833 -0.793057 0.7490 0.9372 0.9686
v -0.772050 4.315833 -0.835584 0.7490 0.9372 0.9686
v -0.900000 4.315833 -0.850000 0.7490 0.9372 0.9686
v -1.027950 4.315833 -0.835584 0.7490 0.9372 0.9686
v -1.149483 4.315833 -0.793057 0.7490 0.9372 0.9686
v -1.258507 4.315833 -0.724553 0.7490 0.9372 0.9686
v -1.349553 4.315833 -0.633507 0.7490 0.9372 0.9686
v -1.418057 4.315833 -0.524483 0.7490 0.9372 0.9686
v -1.460583 4.315833 -0.402950 0.7490 0.9372 0.9686
v -1.475000 4.315833 -0.275000 0.7490 0.9372 0.9686
v -1.460583 4.315833 -0.147050 0.7490 0.9372 0.9686
v -1.418057 4.315833 -0.025517 0.7490 0.9372 0.9686
v -1.349553 4.315833 0.083507 0.7490 0.9372 0.9686
v -1.258507 4.315833 0.174553 0.7490 0.9372 0.9686
v -1.149483 4.315833 0.243057 0.7490 0.9372 0.9686
v -1.027950 4.315833 0.285584 0.7490 0.9372 0.9686
v -0.900000 4.315833 0.300000 0.7490 0.9372 0.9686
v -0.772050 4.315833 0.285584 0.7490 0.9372 0.9686
v -0.650517 4.315833 0.243057 0.7490 0.9372 0.9686
v -0.541493 4.315833 0.174553 0.7490 0.9372 0.9686
v -0.450447 4.315833 0.083507 0.7490 0.9372 0.9686
v -0.381943 4.315833 -0.025517 0.7490 0.9372 0.9686
v -0.339416 4.315833 -0.147050 0.7490 0.9372 0.9686
v -0.506677 4.411600 -0.275000 0.7490 0.9372 0.9686
v -0.516538 4.411600 -0.362523 0.7490 0.9372 0.9686
v -0.545628 4.411600 -0.445657 0.7490 0.9372 0.9686
v -0.592488 4.411600 -0.520233 0.7490 0.9372 0.9686
v -0.654767 4.411600 -0.582512 0.7490 0.9372 0.9686
v -0.729343 4.411600 -0.629372 0.7490 0.9372 0.9686
v -0.812477 4.411600 -0.658462 0.7490 0.9372 0.9686
v -0.900000 4.411600 -0.668323 0.7490 0.9372 0.9686
v -0.987523 4.411600 -0.658462 0.7490 0.9372 0.9686
v -1.070657 4.411600 -0.629372 0.7490 0.9372 0.9686
v -1.145233 4.411600 -0.582512 0.7490 0.9372 0.9686
v -1.207512 4.411600 -0.520233 0.7490 0.9372 0.9686
v -1.254372 4.411600 -0.445657 0.7490 0.9372 0.9686
v -1.283462 4.411600 -0.362523 0.7490 0.9372 0.9686
v -1.293323 4.411600 -0.275000 0.7490 0.9372 0.9686
v -1.283462 4.411600 -0.187477 0.7490 0.9372 0.9686
v -1.254372 4.411600 -0.104343 0.7490 0.9372 0.9686
v -1.207512 4.411600 -0.029767 0.7490 0.9372 0.9686
v -1.145233 4.411600 0.032512 0.7490 0.9372 0.9686
v -1.070657 4.411600 0.079372 0.7490 0.9372 0.9686
v -0.987523 4.411600 0.108462 0.7490 0.9372 0.9686
v -0.900000 4.411600 0.118323 0.7490 0.9372 0.9686
v -0.812477 4.411600 0.108462 0.7490 0.9372 0.9686
v -0.729343 4.411600 0.079372 0.7490 0.9372 0.9686
v -0.654767 4.411600 0.032512 0.7490 0.9372 0.9686
v -0.592488 4.411600 -0.029767 0.7490 0.9372 0.9686
v -0.545628 4.411600 -0.104343 0.7490 0.9372 0.9686
v -0.516538 4.411600 -0.187477 0.7490 0.9372 0.9686
v -0.700305 4.470250 -0.275000 0.7490 0.9372 0.9686
v -0.705311 4.470250 -0.319436 0.7490 0.9372 0.9686
v -0.720081 4.470250 -0.361645 0.7490 0.9372 0.9686
v -0.743872 4.470250 -0.399508 0.7490 0.9372 0.9686
v -0.775492 4.470250 -0.431128 0.7490 0.9372 0.9686
v -0.813355 4.470250 -0.454919 0.7490 0.9372 0.9686
v -0.855564 4.470250 -0.469689 0.7490 0.9372 0.9686
v -0.900000 4.470250 -0.474695 0.7490 0.9372 0.9686
v -0.944436 4.470250 -0.469689 0.7490 0.9372 0.9686
v -0.986645 4.470250 -0.454919 0.7490 0.9372 0.9686
v -1.024508 4.470250 -0.431128 0.7490 0.9372 0.9686
v -1.056128 4.470250 -0.399508 0.7490 0.9372 0.9686
v -1.079919 4.470250 -0.361645 0.7490 0.9372 0.9686
v -1.094689 4.470250 -0.319436 0.7490 0.9372 0.9686
v -1.099695 4.470250 -0.275000 0.7490 0.9372 0.9686
v -1.094689 4.470250 -0.230564 0.7490 0.9372 0.9686
v -1.079919 4.470250 -0.188355 0.7490 0.9372 0.9686
v -1.056128 4.470250 -0.150492 0.7490 0.9372 0.9686
v -1.024508 4.470250 -0.118872 0.7490 0.9372 0.9686
v -0.986645 4.470250 -0.095081 0.7490 0.9372 0.9686
v -0.944436 4.470250 -0.080311 0.7490 0.9372 0.9686
v -0.900000 4.470250 -0.075305 0.7490 0.9372 0.9686
v -0.855564 4.470250 -0.080311 0.7490 0.9372 0.9686
v -0.813355 4.470250 -0.095081 0.7490 0.9372 0.9686
v -0.775492 4.470250 -0.118872 0.7490 0.9372 0.9686
v -0.743872 4.470250 -0.150492 0.7490 0.9372 0.9686
v -0.720081 4.470250 -0.188355 0.7490 0.9372 0.9686
v -0.705311 4.470250 -0.230564 0.7490 0.9372 0.9686
v -0.900000 4.490000 -0.275000 0.7490 0.9372 0.9686
v -0.900000 4.690001 -0.275000 0.8470 0.2275 0.1804
v -0.900000 4.410000 -0.275000 0.8470 0.2275 0.1804
v -0.858855 4.671244 -0.331631 0.8470 0.2275 0.1804
v -0.828735 4.620000 -0.373088 0.8470 0.2275 0.1804
v -0.817710 4.550000 -0.388262 0.8470 0.2275 0.1804
v -0.828735 4.480000 -0.373088 0.8470 0.2275 0.1804
v -0.858855 4.428757 -0.331631 0.8470 0.2275 0.1804
v -0.833426 4.671244 -0.296631 0.8470 0.2275 0.1804
v -0.784690 4.620000 -0.312466 0.8470 0.2275 0.1804
v -0.766852 4.550000 -0.318262 0.8470 0.2275 0.1804
v -0.784690 4.480000 -0.312466 0.8470 0.2275 0.1804
v -0.833426 4.428757 -0.296631 0.8470 0.2275 0.1804
v -0.833426 4.671244 -0.253369 0.8470 0.2275 0.1804
v -0.784690 4.620000 -0.237534 0.8470 0.2275 0.1804
v -0.766852 4.550000 -0.231738 0.8470 0.2275 0.1804
v -0.784690 4.480000 -0.237534 0.8470 0.2275 0.1804
v -0.833426 4.428757 -0.253369 0.8470 0.2275 0.1804
v -0.858855 4.671244 -0.218369 0.8470 0.2275 0.1804
v -0.828735 4.620000 -0.176912 0.8470 0.2275 0.1804
v -0.817710 4.550000 -0.161738 0.8470 0.2275 0.1804
v -0.828735 4.480000 -0.176912 0.8470 0.2275 0.1804
v -0.858855 4.428757 -0.218369 0.8470 0.2275 0.1804
v -0.900000 4.671244 -0.205000 0.8470 0.2275 0.1804
v -0.900000 4.620000 -0.153756 0.8470 0.2275 0.1804
v -0.900000 4.550000 -0.135000 0.8470 0.2275 0.1804
v -0.900000 4.480000 -0.153756 0.8470 0.2275 0.1804
v -0.900000 4.428757 -0.205000 0.8470 0.2275 0.1804
v -0.941145 4.671244 -0.218369 0.8470 0.2275 0.1804
v -0.971265 4.620000 -0.176912 0.8470 0.2275 0.1804
v -0.982290 4.550000 -0.161738 0.8470 0.2275 0.1804
v -0.971265 4.480000 -0.176912 0.8470 0.2275 0.1804
v -0.941145 4.428757 -0.218369 0.8470 0.2275 0.1804
v -0.966574 4.671244 -0.253369 0.8470 0.2275 0.1804
v -1.015309 4.620000 -0.237534 0.8470 0.2275 0.1804
v -1.033148 4.550000 -0.231738 0.8470 0.2275 0.1804
v -1.015309 4.480000 -0.237534 0.8470 0.2275 0.1804
v -0.966574 4.428757 -0.253369 0.8470 0.2275 0.1804
v -0.966574 4.671244 -0.296631 0.8470 0.2275 0.1804
v -1.015309 4.620000 -0.312466 0.8470 0.2275 0.1804
v -1.033148 4.550000 -0.318262 0.8470 0.2275 0.1804
v -1.015309 4.480000 -0.312466 0.8470 0.2275 0.1804
v -0.966574 4.428757 -0.296631 0.8470 0.2275 0.1804
v -0.941145 4.671244 -0.331631 0.8470 0.2275 0.1804
v -0.971265 4.620000 -0.373088 0.8470 0.2275 0.1804
v -0.982290 4.550000 -0.388262 0.8470 0.2275 0.1804
v -0.971265 4.480000 -0.373088 0.8470 0.2275 0.1804
v -0.941145 4.428757 -0.331631 0.8470 0.2275 0.1804
v -0.900000 4.671244 -0.345000 0.8470 0.2275 0.1804
v -0.900000 4.620000 -0.396244 0.8470 0.2275 0.1804
v -0.900000 4.550000 -0.415000 0.8470 0.2275 0.1804
v -0.900000 4.480000 -0.396244 0.8470 0.2275 0.1804
v -0.900000 4.428757 -0.345000 0.8470 0.2275 0.1804
v 1.700000 2.850000 -0.675000 0.7490 0.9372 0.9686
v 2.550000 2.850000 -0.675000 0.7490 0.9372 0.9686
v 2.521037 2.850000 -0.894996 0.7490 0.9372 0.9686
v 2.436122 2.850000 -1.100000 0.7490 0.9372 0.9686
v 2.301041 2.850000 -1.276041 0.7490 0.9372 0.9686
v 2.125000 2.850000 -1.411122 0.7490 0.9372 0.9686
v 1.919996 2.850000 -1.496037 0.7490 0.9372 0.9686
v 1.700000 2.850000 -1.525000 0.7490 0.9372 0.9686
v 1.480004 2.850000 -1.496037 0.7490 0.9372 0.9686
v 1.275000 2.850000 -1.411122 0.7490 0.9372 0.9686
v 1.098959 2.850000 -1.276041 0.7490 0.9372 0.9686
v 0.963878 2.850000 -1.100000 0.7490 0.9372 0.9686
v 0.878963 2.850000 -0.894996 0.7490 0.9372 0.9686
v 0.850000 2.850000 -0.675000 0.7490 0.9372 0.9686
v 0.878963 2.850000 -0.455004 0.7490 0.9372 0.9686
v 0.963878 2.850000 -0.250000 0.7490 0.9372 0.9686
v 1.098959 2.850000 -0.073959 0.7490 0.9372 0.9686
v 1.275000 2.850000 0.061122 0.7490 0.9372 0.9686
v 1.480004 2.850000 0.146037 0.7490 0.9372 0.9686
v 1.700000 2.850000 0.175000 0.7490 0.9372 0.9686
v 1.919996 2.850000 0.146037 0.7490 0.9372 0.9686
v 2.125000 2.850000 0.061122 0.7490 0.9372 0.9686
v 2.301041 2.850000 -0.073959 0.7490 0.9372 0.9686
v 2.436122 2.850000 -0.250000 0.7490 0.9372 0.9686
v 2.521037 2.850000 -0.455004 0.7490 0.9372 0.9686
v 2.650000 2.950000 -0.675000 0.7490 0.9372 0.9686
v 2.617630 2.950000 -0.920878 0.7490 0.9372 0.9686
v 2.522724 2.950000 -1.150000 0.7490 0.9372 0.9686
v 2.371752 2.950000 -1.346751 0.7490 0.9372 0.9686
v 2.175000 2.950000 -1.497724 0.7490 0.9372 0.9686
v 1.945878 2.950000 -1.592630 0.7490 0.9372 0.9686
v 1.700000 2.950000 -1.625000 0.7490 0.9372 0.9686
v 1.454122 2.950000 -1.592630 0.7490 0.9372 0.9686
v 1.225000 2.950000 -1.497724 0.7490 0.9372 0.9686
v 1.028249 2.950000 -1.346751 0.7490 0.9372 0.9686
v 0.877276 2.950000 -1.150000 0.7490 0.9372 0.9686
v 0.782371 2.950000 -0.920878 0.7490 0.9372 0.9686
v 0.750000 2.950000 -0.675000 0.7490 0.9372 0.9686
v 0.782371 2.950000 -0.429122 0.7490 0.9372 0.9686
v 0.877276 2.950000 -0.200000 0.7490 0.9372 0.9686
v 1.028249 2.950000 -0.003249 0.7490 0.9372 0.9686
v 1.225000 2.950000 0.147724 0.7490 0.9372 0.9686
v 1.454122 2.950000 0.242630 0.7490 0.9372 0.9686
v 1.700000 2.950000 0.275000 0.7490 0.9372 0.9686
v 1.945878 2.950000 0.242630 0.7490 0.9372 0.9686
v 2.175000 2.950000 0.147724 0.7490 0.9372 0.9686
v 2.371752 2.950000 -0.003249 0.7490 0.9372 0.9686
v 2.522724 2.950000 -0.200000 0.7490 0.9372 0.9686
v 2.617630 2.950000 -0.429122 0.7490 0.9372 0.9686
v 2.600000 3.200000 -0.675000 0.7490 0.9372 0.9686
v 2.569333 3.200000 -0.907937 0.7490 0.9372 0.9686
v 2.479423 3.200000 -1.125000 0.7490 0.9372 0.9686
v 2.336396 3.200000 -1.311396 0.7490 0.9372 0.9686
v 2.150000 3.200000 -1.454423 0.7490 0.9372 0.9686
v 1.932937 3.200000 -1.544333 0.7490 0.9372 0.9686
v 1.700000 3.200000 -1.575000 0.7490 0.9372 0.9686
v 1.467063 3.200000 -1.544333 0.7490 0.9372 0.9686
v 1.250000 3.200000 -1.454423 0.7490 0.9372 0.9686
v 1.063604 3.200000 -1.311396 0.7490 0.9372 0.9686
v 0.920577 3.200000 -1.125000 0.7490 0.9372 0.9686
v 0.830667 3.200000 -0.907937 0.7490 0.9372 0.9686
v 0.800000 3.200000 -0.675000 0.7490 0.9372 0.9686
v 0.830667 3.200000 -0.442063 0.7490 0.9372 0.9686
v 0.920577 3.200000 -0.225000 0.7490 0.9372 0.9686
v 1.063604 3.200000 -0.038604 0.7490 0.9372 0.9686
v 1.250000 3.200000 0.104423 0.7490 0.9372 0.9686
v 1.467063 3.200000 0.194333 0.7490 0.9372 0.9686
v 1.700000 3.200000 0.225000 0.7490 0.9372 0.9686
v 1.932937 3.200000 0.194333 0.7490 0.9372 0.9686
v 2.150000 3.200000 0.104423 0.7490 0.9372 0.9686
v 2.336396 3.200000 -0.038604 0.7490 0.9372 0.9686
v 2.479423 3.200000 -0.225000 0.7490 0.9372 0.9686
v 2.569333 3.200000 -0.442063 0.7490 0.9372 0.9686
v 2.000000 4.250000 -0.675000 0.7490 0.9372 0.9686
v 1.989778 4.250000 -0.752646 0.7490 0.9372 0.9686
v 1.959808 4.250000 -0.825000 0.7490 0.9372 0.9686
v 1.912132 4.250000 -0.887132 0.7490 0.9372 0.9686
v 1.850000 4.250000 -0.934808 0.7490 0.9372 0.9686
v 1.777646 4.250000 -0.964778 0.7490 0.9372 0.9686
v 1.700000 4.250000 -0.975000 0.7490 0.9372 0.9686
v 1.622354 4.250000 -0.964778 0.7490 0.9372 0.9686
v 1.550000 4.250000 -0.934808 0.7490 0.9372 0.9686
v 1.487868 4.250000 -0.887132 0.7490 0.9372 0.9686
v 1.440192 4.250000 -0.825000 0.7490 0.9372 0.9686
v 1.410222 4.250000 -0.752646 0.7490 0.9372 0.9686
v 1.400000 4.250000 -0.675000 0.7490 0.9372 0.9686
v 1.410222 4.250000 -0.597354 0.7490 0.9372 0.9686
v 1.440192 4.250000 -0.525000 0.7490 0.9372 0.9686
v 1.487868 4.250000 -0.462868 0.7490 0.9372 0.9686
v 1.550000 4.250000 -0.415192 0.7490 0.9372 0.9686
v 1.622354 4.250000 -0.385222 0.7490 0.9372 0.9686
v 1.700000 4.250000 -0.375000 0.7490 0.9372 0.9686
v 1.777646 4.250000 -0.385222 0.7490 0.9372 0.9686
v 1.850000 4.250000 -0.415192 0.7490 0.9372 0.9686
v 1.912132 4.250000 -0.462868 0.7490 0.9372 0.9686
v 1.959808 4.250000 -0.525000 0.7490 0.9372 0.9686
v 1.989778 4.250000 -0.597354 0.7490 0.9372 0.9686
v 1.950000 5.050000 -0.675000 0.7490 0.9372 0.9686
v 1.941481 5.050000 -0.739705 0.7490 0.9372 0.9686
v 1.916506 5.050000 -0.800000 0.7490 0.9372 0.9686
v 1.876777 5.050000 -0.851777 0.7490 0.9372 0.9686
v 1.825000 5.050000 -0.891506 0.7490 0.9372 0.9686
v 1.764705 5.050000 -0.916481 0.7490 0.9372 0.9686
v 1.700000 5.050000 -0.925000 0.7490 0.9372 0.9686
v 1.635295 5.050000 -0.916481 0.7490 0.9372 0.9686
v 1.575000 5.050000 -0.891506 0.7490 0.9372 0.9686
v 1.523223 5.050000 -0.851777 0.7490 0.9372 0.9686
v 1.483494 5.050000 -0.800000 0.7490 0.9372 0.9686
v 1.458519 5.050000 -0.739705 0.7490 0.9372 0.9686
v 1.450000 5.050000 -0.675000 0.7490 0.9372 0.9686
v 1.458519 5.050000 -0.610295 0.7490 0.9372 0.9686
v 1.483494 5.050000 -0.550000 0.7490 0.9372 0.9686
v 1.523223 5.050000 -0.498223 0.7490 0.9372 0.9686
v 1.575000 5.050000 -0.458494 0.7490 0.9372 0.9686
v 1.635295 5.050000 -0.433519 0.7490 0.9372 0.9686
v 1.700000 5.050000 -0.425000 0.7490 0.9372 0.9686
v 1.764705 5.050000 -0.433519 0.7490 0.9372 0.9686
v 1.825000 5.050000 -0.458494 0.7490 0.9372 0.9686
v 1.876777 5.050000 -0.498223 0.7490 0.9372 0.9686
v 1.916506 5.050000 -0.550000 0.7490 0.9372 0.9686
v 1.941481 5.050000 -0.610295 0.7490 0.9372 0.9686
v 2.020000 5.150000 -0.675000 0.7490 0.9372 0.9686
v 2.009096 5.150000 -0.757822 0.7490 0.9372 0.9686
v 1.977128 5.150000 -0.835000 0.7490 0.9372 0.9686
v 1.926274 5.150000 -0.901274 0.7490 0.9372 0.9686
v 1.860000 5.150000 -0.952128 0.7490 0.9372 0.9686
v 1.782822 5.150000 -0.984096 0.7490 0.9372 0.9686
v 1.700000 5.150000 -0.995000 0.7490 0.9372 0.9686
v 1.617178 5.150000 -0.984096 0.7490 0.9372 0.9686
v 1.540000 5.150000 -0.952128 0.7490 0.9372 0.9686
v 1.473726 5.150000 -0.901274 0.7490 0.9372 0.9686
v 1.422872 5.150000 -0.835000 0.7490 0.9372 0.9686
v 1.390904 5.150000 -0.757822 0.7490 0.9372 0.9686
v 1.380000 5.150000 -0.675000 0.7490 0.9372 0.9686
v 1.390904 5.150000 -0.592178 0.7490 0.9372 0.9686
v 1.422872 5.150000 -0.515000 0.7490 0.9372 0.9686
v 1.473726 5.150000 -0.448726 0.7490 0.9372 0.9686
v 1.540000 5.150000 -0.397872 0.7490 0.9372 0.9686
v 1.617178 5.150000 -0.365904 0.7490 0.9372 0.9686
v 1.700000 5.150000 -0.355000 0.7490 0.9372 0.9686
v 1.782822 5.150000 -0.365904 0.7490 0.9372 0.9686
v 1.860000 5.150000 -0.397872 0.7490 0.9372 0.9686
v 1.926274 5.150000 -0.448726 0.7490 0.9372 0.9686
v 1.977128 5.150000 -0.515000 0.7490 0.9372 0.9686
v 2.009096 5.150000 -0.592178 0.7490 0.9372 0.9686
v 1.700000 5.150000 -0.675000 0.7490 0.9372 0.9686
v 1.700000 2.900000 -0.675000 0.4275 0.7451 0.2706
v 2.500000 2.900000 -0.675000 0.4275 0.7451 0.2706
v 2.472741 2.900000 -0.882055 0.4275 0.7451 0.2706
v 2.392820 2.900000 -1.075000 0.4275 0.7451 0.2706
v 2.265686 2.900000 -1.240685 0.4275 0.7451 0.2706
v 2.100000 2.900000 -1.367820 0.4275 0.7451 0.2706
v 1.907055 2.900000 -1.447741 0.4275 0.7451 0.2706
v 1.700000 2.900000 -1.475000 0.4275 0.7451 0.2706
v 1.492945 2.900000 -1.447741 0.4275 0.7451 0.2706
v 1.300000 2.900000 -1.367820 0.4275 0.7451 0.2706
v 1.134315 2.900000 -1.240685 0.4275 0.7451 0.2706
v 1.007180 2.900000 -1.075000 0.4275 0.7451 0.2706
v 0.927259 2.900000 -0.882055 0.4275 0.7451 0.2706
v 0.900000 2.900000 -0.675000 0.4275 0.7451 0.2706
v 0.927259 2.900000 -0.467945 0.4275 0.7451 0.2706
v 1.007180 2.900000 -0.275000 0.4275 0.7451 0.2706
v 1.134315 2.900000 -0.109315 0.4275 0.7451 0.2706
v 1.300000 2.900000 0.017820 0.4275 0.7451 0.2706
v 1.492945 2.900000 0.097741 0.4275 0.7451 0.2706
v 1.700000 2.900000 0.125000 0.4275 0.7451 0.2706
v 1.907055 2.900000 0.097741 0.4275 0.7451 0.2706
v 2.100000 2.900000 0.017820 0.4275 0.7451 0.2706
v 2.265686 2.900000 -0.109315 0.4275 0.7451 0.2706
v 2.392820 2.900000 -0.275000 0.4275 0.7451 0.2706
v 2.472741 2.900000 -0.467945 0.4275 0.7451 0.2706
v 2.550000 3.200000 -0.675000 0.4275 0.7451 0.2706
v 2.521037 3.200000 -0.894996 0.4275 0.7451 0.2706
v 2.436122 3.200000 -1.100000 0.4275 0.7451 0.2706
v 2.301041 3.200000 -1.276041 0.4275 0.7451 0.2706
v 2.125000 3.200000 -1.411122 0.4275 0.7451 0.2706
v 1.919996 3.200000 -1.496037 0.4275 0.7451 0.2706
v 1.700000 3.200000 -1.525000 0.4275 0.7451 0.2706
v 1.480004 3.200000 -1.496037 0.4275 0.7451 0.2706
v 1.275000 3.200000 -1.411122 0.4275 0.7451 0.2706
v 1.098959 3.200000 -1.276041 0.4275 0.7451 0.2706
v 0.963878 3.200000 -1.100000 0.4275 0.7451 0.2706
v 0.878963 3.200000 -0.894996 0.4275 0.7451 0.2706
v 0.850000 3.200000 -0.675000 0.4275 0.7451 0.2706
v 0.878963 3.200000 -0.455004 0.4275 0.7451 0.2706
v 0.963878 3.200000 -0.250000 0.4275 0.7451 0.2706
v 1.098959 3.200000 -0.073959 0.4275 0.7451 0.2706
v 1.275000 3.200000 0.061122 0.4275 0.7451 0.2706
v 1.480004 3.200000 0.146037 0.4275 0.7451 0.2706
v 1.700000 3.200000 0.175000 0.4275 0.7451 0.2706
v 1.919996 3.200000 0.146037 0.4275 0.7451 0.2706
v 2.125000 3.200000 0.061122 0.4275 0.7451 0.2706
v 2.301041 3.200000 -0.073959 0.4275 0.7451 0.2706
v 2.436122 3.200000 -0.250000 0.4275 0.7451 0.2706
v 2.521037 3.200000 -0.455004 0.4275 0.7451 0.2706
v 2.250000 3.700000 -0.675000 0.4275 0.7451 0.2706
v 2.231259 3.700000 -0.817351 0.4275 0.7451 0.2706
v 2.176314 3.700000 -0.950000 0.4275 0.7451 0.2706
v 2.088909 3.700000 -1.063909 0.4275 0.7451 0.2706
v 1.975000 3.700000 -1.151314 0.4275 0.7451 0.2706
v 1.842350 3.700000 -1.206259 0.4275 0.7451 0.2706
v 1.700000 3.700000 -1.225000 0.4275 0.7451 0.2706
v 1.557650 3.700000 -1.206259 0.4275 0.7451 0.2706
v 1.425000 3.700000 -1.151314 0.4275 0.7451 0.2706
v 1.311091 3.700000 -1.063909 0.4275 0.7451 0.2706
v 1.223686 3.700000 -0.950000 0.4275 0.7451 0.2706
v 1.168741 3.700000 -0.817351 0.4275 0.7451 0.2706
v 1.150000 3.700000 -0.675000 0.4275 0.7451 0.2706
v 1.168741 3.700000 -0.532650 0.4275 0.7451 0.2706
v 1.223686 3.700000 -0.400000 0.4275 0.7451 0.2706
v 1.311091 3.700000 -0.286091 0.4275 0.7451 0.2706
v 1.425000 3.700000 -0.198686 0.4275 0.7451 0.2706
v 1.557650 3.700000 -0.143741 0.4275 0.7451 0.2706
v 1.700000 3.700000 -0.125000 0.4275 0.7451 0.2706
v 1.842350 3.700000 -0.143741 0.4275 0.7451 0.2706
v 1.975000 3.700000 -0.198686 0.4275 0.7451 0.2706
v 2.088909 3.700000 -0.286091 0.4275 0.7451 0.2706
v 2.176314 3.700000 -0.400000 0.4275 0.7451 0.2706
v 2.231259 3.700000 -0.532650 0.4275 0.7451 0.2706
v 1.700000 3.700000 -0.675000 0.4275 0.7451 0.2706
v 1.700000 4.070000 -0.675000 0.6197 0.9411 0.7843
v 1.700000 3.830000 -0.675000 0.6197 0.9411 0.7843
v 1.735267 4.053923 -0.723541 0.6197 0.9411 0.7843
v 1.761084 4.010000 -0.759076 0.6197 0.9411 0.7843
v 1.770534 3.950000 -0.772082 0.6197 0.9411 0.7843
v 1.761084 3.890000 -0.759076 0.6197 0.9411 0.7843
v 1.735267 3.846077 -0.723541 0.6197 0.9411 0.7843
v 1.757063 4.053923 -0.693541 0.6197 0.9411 0.7843
v 1.798837 4.010000 -0.707114 0.6197 0.9411 0.7843
v 1.814127 3.950000 -0.712082 0.6197 0.9411 0.7843
v 1.798837 3.890000 -0.707114 0.6197 0.9411 0.7843
v 1.757063 3.846077 -0.693541 0.6197 0.9411 0.7843
v 1.757063 4.053923 -0.656459 0.6197 0.9411 0.7843
v 1.798837 4.010000 -0.642886 0.6197 0.9411 0.7843
v 1.814127 3.950000 -0.637918 0.6197 0.9411 0.7843
v 1.798837 3.890000 -0.642886 0.6197 0.9411 0.7843
v 1.757063 3.846077 -0.656459 0.6197 0.9411 0.7843
v 1.735267 4.053923 -0.626459 0.6197 0.9411 0.7843
v 1.761084 4.010000 -0.590925 0.6197 0.9411 0.7843
v 1.770534 3.950000 -0.577918 0.6197 0.9411 0.7843
v 1.761084 3.890000 -0.590925 0.6197 0.9411 0.7843
v 1.735267 3.846077 -0.626459 0.6197 0.9411 0.7843
v 1.700000 4.053923 -0.615000 0.6197 0.9411 0.7843
v 1.700000 4.010000 -0.571077 0.6197 0.9411 0.7843
v 1.700000 3.950000 -0.555000 0.6197 0.9411 0.7843
v 1.700000 3.890000 -0.571077 0.6197 0.9411 0.7843
v 1.700000 3.846077 -0.615000 0.6197 0.9411 0.7843
v 1.664733 4.053923 -0.626459 0.6197 0.9411 0.7843
v 1.638916 4.010000 -0.590925 0.6197 0.9411 0.7843
v 1.629466 3.950000 -0.577918 0.6197 0.9411 0.7843
v 1.638916 3.890000 -0.590925 0.6197 0.9411 0.7843
v 1.664733 3.846077 -0.626459 0.6197 0.9411 0.7843
v 1.642937 4.053923 -0.656459 0.6197 0.9411 0.7843
v 1.601163 4.010000 -0.642886 0.6197 0.9411 0.7843
v 1.585873 3.950000 -0.637918 0.6197 0.9411 0.7843
v 1.601163 3.890000 -0.642886 0.6197 0.9411 0.7843
v 1.642937 3.846077 -0.656459 0.6197 0.9411 0.7843
v 1.642937 4.053923 -0.693541 0.6197 0.9411 0.7843
v 1.601163 4.010000 -0.707114 0.6197 0.9411 0.7843
v 1.585873 3.950000 -0.712082 0.6197 0.9411 0.7843
v 1.601163 3.890000 -0.707114 0.6197 0.9411 0.7843
v 1.642937 3.846077 -0.693541 0.6197 0.9411 0.7843
v 1.664733 4.053923 -0.723541 0.6197 0.9411 0.7843
v 1.638916 4.010000 -0.759076 0.6197 0.9411 0.7843
v 1.629466 3.950000 -0.772082 0.6197 0.9411 0.7843
v 1.638916 3.890000 -0.759076 0.6197 0.9411 0.7843
v 1.664733 3.846077 -0.723541 0.6197 0.9411 0.7843
v 1.700000 4.053923 -0.735000 0.6197 0.9411 0.7843
v 1.700000 4.010000 -0.778923 0.6197 0.9411 0.7843
v 1.700000 3.950000 -0.795000 0.6197 0.9411 0.7843
v 1.700000 3.890000 -0.778923 0.6197 0.9411 0.7843
v 1.700000 3.846077 -0.735000 0.6197 0.9411 0.7843
v 1.820000 4.490000 -0.675000 0.6197 0.9411 0.7843
v 1.820000 4.310000 -0.675000 0.6197 0.9411 0.7843
v 1.846450 4.477942 -0.711406 0.6197 0.9411 0.7843
v 1.865813 4.445000 -0.738057 0.6197 0.9411 0.7843
v 1.872901 4.400000 -0.747812 0.6197 0.9411 0.7843
v 1.865813 4.355000 -0.738057 0.6197 0.9411 0.7843
v 1.846450 4.322058 -0.711406 0.6197 0.9411 0.7843
v 1.862798 4.477942 -0.688906 0.6197 0.9411 0.7843
v 1.894128 4.445000 -0.699086 0.6197 0.9411 0.7843
v 1.905595 4.400000 -0.702812 0.6197 0.9411 0.7843
v 1.894128 4.355000 -0.699086 0.6197 0.9411 0.7843
v 1.862798 4.322058 -0.688906 0.6197 0.9411 0.7843
v 1.862798 4.477942 -0.661094 0.6197 0.9411 0.7843
v 1.894128 4.445000 -0.650915 0.6197 0.9411 0.7843
v 1.905595 4.400000 -0.647188 0.6197 0.9411 0.7843
v 1.894128 4.355000 -0.650915 0.6197 0.9411 0.7843
v 1.862798 4.322058 -0.661094 0.6197 0.9411 0.7843
v 1.846450 4.477942 -0.638594 0.6197 0.9411 0.7843
v 1.865813 4.445000 -0.611943 0.6197 0.9411 0.7843
v 1.872901 4.400000 -0.602188 0.6197 0.9411 0.7843
v 1.865813 4.355000 -0.611943 0.6197 0.9411 0.7843
v 1.846450 4.322058 -0.638594 0.6197 0.9411 0.7843
v 1.820000 4.477942 -0.630000 0.6197 0.9411 0.7843
v 1.820000 4.445000 -0.597058 0.6197 0.9411 0.7843
v 1.820000 4.400000 -0.585000 0.6197 0.9411 0.7843
v 1.820000 4.355000 -0.597058 0.6197 0.9411 0.7843
v 1.820000 4.322058 -0.630000 0.6197 0.9411 0.7843
v 1.793550 4.477942 -0.638594 0.6197 0.9411 0.7843
v 1.774187 4.445000 -0.611943 0.6197 0.9411 0.7843
v 1.767099 4.400000 -0.602188 0.6197 0.9411 0.7843
v 1.774187 4.355000 -0.611943 0.6197 0.9411 0.7843
v 1.793550 4.322058 -0.638594 0.6197 0.9411 0.7843
v 1.777202 4.477942 -0.661094 0.6197 0.9411 0.7843
v 1.745872 4.445000 -0.650914 0.6197 0.9411 0.7843
v 1.734405 4.400000 -0.647188 0.6197 0.9411 0.7843
v 1.745872 4.355000 -0.650914 0.6197 0.9411 0.7843
v 1.777202 4.322058 -0.661094 0.6197 0.9411 0.7843
v 1.777202 4.477942 -0.688906 0.6197 0.9411 0.7843
v 1.745872 4.445000 -0.699085 0.6197 0.9411 0.7843
v 1.734405 4.400000 -0.702812 0.6197 0.9411 0.7843
v 1.745872 4.355000 -0.699085 0.6197 0.9411 0.7843
v 1.777202 4.322058 -0.688906 0.6197 0.9411 0.7843
v 1.793550 4.477942 -0.711406 0.6197 0.9411 0.7843
v 1.774187 4.445000 -0.738057 0.6197 0.9411 0.7843
v 1.767099 4.400000 -0.747812 0.6197 0.9411 0.7843
v 1.774187 4.355000 -0.738057 0.6197 0.9411 0.7843
v 1.793550 4.322058 -0.711406 0.6197 0.9411 0.7843
v 1.820000 4.477942 -0.720000 0.6197 0.9411 0.7843
v 1.820000 4.445000 -0.752942 0.6197 0.9411 0.7843
v 1.820000 4.400000 -0.765000 0.6197 0.9411 0.7843
v 1.820000 4.355000 -0.752942 0.6197 0.9411 0.7843
v 1.820000 4.322058 -0.720000 0.6197 0.9411 0.7843
v 1.620000 5.740000 -0.675000 0.6197 0.9411 0.7843
v 1.620000 5.460000 -0.675000 0.6197 0.9411 0.7843
v 1.661145 5.721244 -0.731631 0.6197 0.9411 0.7843
v 1.691265 5.670000 -0.773088 0.6197 0.9411 0.7843
v 1.702290 5.600000 -0.788262 0.6197 0.9411 0.7843
v 1.691265 5.530000 -0.773088 0.6197 0.9411 0.7843
v 1.661145 5.478757 -0.731631 0.6197 0.9411 0.7843
v 1.686574 5.721244 -0.696631 0.6197 0.9411 0.7843
v 1.735309 5.670000 -0.712466 0.6197 0.9411 0.7843
v 1.753148 5.600000 -0.718262 0.6197 0.9411 0.7843
v 1.735309 5.530000 -0.712466 0.6197 0.9411 0.7843
v 1.686574 5.478757 -0.696631 0.6197 0.9411 0.7843
v 1.686574 5.721244 -0.653369 0.6197 0.9411 0.7843
v 1.735309 5.670000 -0.637534 0.6197 0.9411 0.7843
v 1.753148 5.600000 -0.631738 0.6197 0.9411 0.7843
v 1.735309 5.530000 -0.637534 0.6197 0.9411 0.7843
v 1.686574 5.478757 -0.653369 0.6197 0.9411 0.7843
v 1.661145 5.721244 -0.618369 0.6197 0.9411 0.7843
v 1.691265 5.670000 -0.576912 0.6197 0.9411 0.7843
v 1.702290 5.600000 -0.561738 0.6197 0.9411 0.7843
v 1.691265 5.530000 -0.576912 0.6197 0.9411 0.7843
v 1.661145 5.478757 -0.618369 0.6197 0.9411 0.7843
v 1.620000 5.721244 -0.605000 0.6197 0.9411 0.7843
v 1.620000 5.670000 -0.553756 0.6197 0.9411 0.7843
v 1.620000 5.600000 -0.535000 0.6197 0.9411 0.7843
v 1.620000 5.530000 -0.553756 0.6197 0.9411 0.7843
v 1.620000 5.478757 -0.605000 0.6197 0.9411 0.7843
v 1.578855 5.721244 -0.618369 0.6197 0.9411 0.7843
v 1.548735 5.670000 -0.576912 0.6197 0.9411 0.7843
v 1.537710 5.600000 -0.561738 0.6197 0.9411 0.7843
v 1.548735 5.530000 -0.576912 0.6197 0.9411 0.7843
v 1.578855 5.478757 -0.618369 0.6197 0.9411 0.7843
v 1.553426 5.721244 -0.653369 0.6197 0.9411 0.7843
v 1.504691 5.670000 -0.637534 0.6197 0.9411 0.7843
v 1.486852 5.600000 -0.631738 0.6197 0.9411 0.7843
v 1.504691 5.530000 -0.637534 0.6197 0.9411 0.7843
v 1.553426 5.478757 -0.653369 0.6197 0.9411 0.7843
v 1.553426 5.721244 -0.696631 0.6197 0.9411 0.7843
v 1.504691 5.670000 -0.712466 0.6197 0.9411 0.7843
v 1.486852 5.600000 -0.718262 0.6197 0.9411 0.7843
v 1.504691 5.530000 -0.712466 0.6197 0.9411 0.7843
v 1.553426 5.478757 -0.696631 0.6197 0.9411 0.7843
v 1.578855 5.721244 -0.731631 0.6197 0.9411 0.7843
v 1.548735 5.670000 -0.773088 0.6197 0.9411 0.7843
v 1.537710 5.600000 -0.788262 0.6197 0.9411 0.7843
v 1.548735 5.530000 -0.773088 0.6197 0.9411 0.7843
v 1.578855 5.478757 -0.731631 0.6197 0.9411 0.7843
v 1.620000 5.721244 -0.745000 0.6197 0.9411 0.7843
v 1.620000 5.670000 -0.796244 0.6197 0.9411 0.7843
v 1.620000 5.600000 -0.815000 0.6197 0.9411 0.7843
v 1.620000 5.530000 -0.796244 0.6197 0.9411 0.7843
v 1.620000 5.478757 -0.745000 0.6197 0.9411 0.7843
v 1.800000 6.200000 -0.675000 0.6197 0.9411 0.7843
v 1.800000 6.000000 -0.675000 0.6197 0.9411 0.7843
v 1.829389 6.186603 -0.715451 0.6197 0.9411 0.7843
v 1.850904 6.150001 -0.745063 0.6197 0.9411 0.7843
v 1.858778 6.100000 -0.755902 0.6197 0.9411 0.7843
v 1.850904 6.050000 -0.745063 0.6197 0.9411 0.7843
v 1.829389 6.013397 -0.715451 0.6197 0.9411 0.7843
v 1.847553 6.186603 -0.690451 0.6197 0.9411 0.7843
v 1.882364 6.150001 -0.701762 0.6197 0.9411 0.7843
v 1.895106 6.100000 -0.705902 0.6197 0.9411 0.7843
v 1.882364 6.050000 -0.701762 0.6197 0.9411 0.7843
v 1.847553 6.013397 -0.690451 0.6197 0.9411 0.7843
v 1.847553 6.186603 -0.659549 0.6197 0.9411 0.7843
v 1.882364 6.150001 -0.648238 0.6197 0.9411 0.7843
v 1.895106 6.100000 -0.644098 0.6197 0.9411 0.7843
v 1.882364 6.050000 -0.648238 0.6197 0.9411 0.7843
v 1.847553 6.013397 -0.659549 0.6197 0.9411 0.7843
v 1.829389 6.186603 -0.634549 0.6197 0.9411 0.7843
v 1.850904 6.150001 -0.604937 0.6197 0.9411 0.7843
v 1.858778 6.100000 -0.594098 0.6197 0.9411 0.7843
v 1.850904 6.050000 -0.604937 0.6197 0.9411 0.7843
v 1.829389 6.013397 -0.634549 0.6197 0.9411 0.7843
v 1.800000 6.186603 -0.625000 0.6197 0.9411 0.7843
v 1.800000 6.150001 -0.588398 0.6197 0.9411 0.7843
v 1.800000 6.100000 -0.575000 0.6197 0.9411 0.7843
v 1.800000 6.050000 -0.588398 0.6197 0.9411 0.7843
v 1.800000 6.013397 -0.625000 0.6197 0.9411 0.7843
v 1.770611 6.186603 -0.634549 0.6197 0.9411 0.7843
v 1.749096 6.150001 -0.604937 0.6197 0.9411 0.7843
v 1.741221 6.100000 -0.594098 0.6197 0.9411 0.7843
v 1.749096 6.050000 -0.604937 0.6197 0.9411 0.7843
v 1.770611 6.013397 -0.634549 0.6197 0.9411 0.7843
v 1.752447 6.186603 -0.659549 0.6197 0.9411 0.7843
v 1.717636 6.150001 -0.648238 0.6197 0.9411 0.7843
v 1.704894 6.100000 -0.644098 0.6197 0.9411 0.7843
v 1.717636 6.050000 -0.648238 0.6197 0.9411 0.7843
v 1.752447 6.013397 -0.659549 0.6197 0.9411 0.7843
v 1.752447 6.186603 -0.690451 0.6197 0.9411 0.7843
v 1.717636 6.150001 -0.701762 0.6197 0.9411 0.7843
v 1.704894 6.100000 -0.705902 0.6197 0.9411 0.7843
v 1.717636 6.050000 -0.701762 0.6197 0.9411 0.7843
v 1.752447 6.013397 -0.690451 0.6197 0.9411 0.7843
v 1.770611 6.186603 -0.715451 0.6197 0.9411 0.7843
v 1.749096 6.150001 -0.745063 0.6197 0.9411 0.7843
v 1.741221 6.100000 -0.755902 0.6197 0.9411 0.7843
v 1.749096 6.050000 -0.745063 0.6197 0.9411 0.7843
v 1.770611 6.013397 -0.715451 0.6197 0.9411 0.7843
v 1.800000 6.186603 -0.725000 0.6197 0.9411 0.7843
v 1.800000 6.150001 -0.761603 0.6197 0.9411 0.7843
v 1.800000 6.100000 -0.775000 0.6197 0.9411 0.7843
v 1.800000 6.050000 -0.761603 0.6197 0.9411 0.7843
v 1.800000 6.013397 -0.725000 0.6197 0.9411 0.7843
v 1.650000 6.630000 -0.675000 0.6197 0.9411 0.7843
v 1.650000 6.619282 -0.715000 0.6197 0.9411 0.7843
v 1.650000 6.550000 -0.755000 0.6197 0.9411 0.7843
v 1.650000 6.480718 -0.715000 0.6197 0.9411 0.7843
v 1.650000 6.470000 -0.675000 0.6197 0.9411 0.7843
v 1.673511 6.619282 -0.707361 0.6197 0.9411 0.7843
v 1.690723 6.590000 -0.731050 0.6197 0.9411 0.7843
v 1.697023 6.550000 -0.739721 0.6197 0.9411 0.7843
v 1.690723 6.510000 -0.731050 0.6197 0.9411 0.7843
v 1.673511 6.480718 -0.707361 0.6197 0.9411 0.7843
v 1.688042 6.619282 -0.687361 0.6197 0.9411 0.7843
v 1.715891 6.590000 -0.696409 0.6197 0.9411 0.7843
v 1.726084 6.550000 -0.699721 0.6197 0.9411 0.7843
v 1.715891 6.510000 -0.696409 0.6197 0.9411 0.7843
v 1.688042 6.480718 -0.687361 0.6197 0.9411 0.7843
v 1.688042 6.619282 -0.662639 0.6197 0.9411 0.7843
v 1.715891 6.590000 -0.653591 0.6197 0.9411 0.7843
v 1.726084 6.550000 -0.650279 0.6197 0.9411 0.7843
v 1.715891 6.510000 -0.653591 0.6197 0.9411 0.7843
v 1.688042 6.480718 -0.662639 0.6197 0.9411 0.7843
v 1.673511 6.619282 -0.642639 0.6197 0.9411 0.7843
v 1.690723 6.590000 -0.618950 0.6197 0.9411 0.7843
v 1.697023 6.550000 -0.610279 0.6197 0.9411 0.7843
v 1.690723 6.510000 -0.618950 0.6197 0.9411 0.7843
v 1.673511 6.480718 -0.642639 0.6197 0.9411 0.7843
v 1.650000 6.619282 -0.635000 0.6197 0.9411 0.7843
v 1.650000 6.590000 -0.605718 0.6197 0.9411 0.7843
v 1.650000 6.550000 -0.595000 0.6197 0.9411 0.7843
v 1.650000 6.510000 -0.605718 0.6197 0.9411 0.7843
v 1.650000 6.480718 -0.635000 0.6197 0.9411 0.7843
v 1.626489 6.619282 -0.642639 0.6197 0.9411 0.7843
v 1.609277 6.590000 -0.618950 0.6197 0.9411 0.7843
v 1.602977 6.550000 -0.610279 0.6197 0.9411 0.7843
v 1.609277 6.510000 -0.618950 0.6197 0.9411 0.7843
v 1.626489 6.480718 -0.642639 0.6197 0.9411 0.7843
v 1.611958 6.619282 -0.662639 0.6197 0.9411 0.7843
v 1.584109 6.590000 -0.653591 0.6197 0.9411 0.7843
v 1.573915 6.550000 -0.650279 0.6197 0.9411 0.7843
v 1.584109 6.510000 -0.653591 0.6197 0.9411 0.7843
v 1.611958 6.480718 -0.662639 0.6197 0.9411 0.7843
v 1.611958 6.619282 -0.687361 0.6197 0.9411 0.7843
v 1.584109 6.590000 -0.696409 0.6197 0.9411 0.7843
v 1.573915 6.550000 -0.699721 0.6197 0.9411 0.7843
v 1.584109 6.510000 -0.696409 0.6197 0.9411 0.7843
v 1.611958 6.480718 -0.687361 0.6197 0.9411 0.7843
v 1.626489 6.619282 -0.707361 0.6197 0.9411 0.7843
v 1.609277 6.590000 -0.731050 0.6197 0.9411 0.7843
v 1.602977 6.550000 -0.739721 0.6197 0.9411 0.7843
v 1.609277 6.510000 -0.731050 0.6197 0.9411 0.7843
v 1.626489 6.480718 -0.707361 0.6197 0.9411 0.7843
v 1.650000 6.590000 -0.744282 0.6197 0.9411 0.7843
v 1.650000 6.510000 -0.744282 0.6197 0.9411 0.7843
v 0.073606 4.628054 -0.604883 0.2471 0.7137 0.7882
v 0.039506 4.652314 -0.673064 0.2471 0.7137 0.7882
v 0.065900 4.624260 -0.743181 0.2471 0.7137 0.7882
v 0.126393 4.571946 -0.745117 0.2471 0.7137 0.7882
v 0.160494 4.547686 -0.676936 0.2471 0.7137 0.7882
v 0.134100 4.575740 -0.606819 0.2471 0.7137 0.7882
v 1.663840 5.268827 -0.656152 0.2471 0.7137 0.7882
v 1.740615 5.268827 -0.678639 0.2471 0.7137 0.7882
v 1.776775 5.200000 -0.697487 0.2471 0.7137 0.7882
v 1.736160 5.131173 -0.693848 0.2471 0.7137 0.7882
v 1.659385 5.131173 -0.671361 0.2471 0.7137 0.7882
v 1.623226 5.200000 -0.652513 0.2471 0.7137 0.7882
v 1.624125 5.285095 -0.791773 0.2471 0.7137 0.7882
v 1.700542 5.285241 -0.815445 0.2471 0.7137 0.7882
v 1.736417 5.216529 -0.835237 0.2471 0.7137 0.7882
v 1.695875 5.147672 -0.831358 0.2471 0.7137 0.7882
v 1.619458 5.147526 -0.807686 0.2471 0.7137 0.7882
v 1.583583 5.216238 -0.787894 0.2471 0.7137 0.7882
v 1.585007 5.300930 -0.911346 0.2471 0.7137 0.7882
v 1.660304 5.301527 -0.938366 0.2471 0.7137 0.7882
v 1.695297 5.233171 -0.960794 0.2471 0.7137 0.7882
v 1.654993 5.164218 -0.956203 0.2471 0.7137 0.7882
v 1.579696 5.163621 -0.929183 0.2471 0.7137 0.7882
v 1.544703 5.231977 -0.906755 0.2471 0.7137 0.7882
v 1.546898 5.315991 -1.008376 0.2471 0.7137 0.7882
v 1.619759 5.317546 -1.041373 0.2471 0.7137 0.7882
v 1.652861 5.249932 -1.068441 0.2471 0.7137 0.7882
v 1.613103 5.180765 -1.062512 0.2471 0.7137 0.7882
v 1.540241 5.179211 -1.029514 0.2471 0.7137 0.7882
v 1.507139 5.246824 -1.002446 0.2471 0.7137 0.7882
v 1.511428 5.329512 -1.076651 0.2471 0.7137 0.7882
v 1.578387 5.333292 -1.120267 0.2471 0.7137 0.7882
v 1.606958 5.267387 -1.155485 0.2471 0.7137 0.7882
v 1.568571 5.197703 -1.147087 0.2471 0.7137 0.7882
v 1.501613 5.193923 -1.103472 0.2471 0.7137 0.7882
v 1.473042 5.259827 -1.068254 0.2471 0.7137 0.7882
v 1.483774 5.339570 -1.111510 0.2471 0.7137 0.7882
v 1.534494 5.349148 -1.172631 0.2471 0.7137 0.7882
v 1.550719 5.287651 -1.221158 0.2471 0.7137 0.7882
v 1.516226 5.216577 -1.208564 0.2471 0.7137 0.7882
v 1.465506 5.206999 -1.147443 0.2471 0.7137 0.7882
v 1.449281 5.268496 -1.098915 0.2471 0.7137 0.7882
v 1.471376 5.343863 -1.119232 0.2471 0.7137 0.7882
v 1.485480 5.365685 -1.194895 0.2471 0.7137 0.7882
v 1.474104 5.313420 -1.254384 0.2471 0.7137 0.7882
v 1.448624 5.239331 -1.238210 0.2471 0.7137 0.7882
v 1.434520 5.217507 -1.162547 0.2471 0.7137 0.7882
v 1.445896 5.269773 -1.103059 0.2471 0.7137 0.7882
v 1.461778 5.346824 -1.115364 0.2471 0.7137 0.7882
v 1.435196 5.381283 -1.182490 0.2471 0.7137 0.7882
v 1.393417 5.338459 -1.235600 0.2471 0.7137 0.7882
v 1.378222 5.261176 -1.221584 0.2471 0.7137 0.7882
v 1.404804 5.226717 -1.154458 0.2471 0.7137 0.7882
v 1.446583 5.269540 -1.101348 0.2471 0.7137 0.7882
v 1.437419 5.353536 -1.091173 0.2471 0.7137 0.7882
v 1.389594 5.393974 -1.140947 0.2471 0.7137 0.7882
v 1.332175 5.355553 -1.181281 0.2471 0.7137 0.7882
v 1.322581 5.276693 -1.171841 0.2471 0.7137 0.7882
v 1.370406 5.236254 -1.122067 0.2471 0.7137 0.7882
v 1.427825 5.274675 -1.081733 0.2471 0.7137 0.7882
v 1.403206 5.361782 -1.039294 0.2471 0.7137 0.7882
v 1.347258 5.404212 -1.077628 0.2471 0.7137 0.7882
v 1.284052 5.367209 -1.109812 0.2471 0.7137 0.7882
v 1.276794 5.287776 -1.103661 0.2471 0.7137 0.7882
v 1.332742 5.245347 -1.065327 0.2471 0.7137 0.7882
v 1.395948 5.282349 -1.033144 0.2471 0.7137 0.7882
v 1.365450 5.369388 -0.965255 0.2471 0.7137 0.7882
v 1.306097 5.412512 -0.997155 0.2471 0.7137 0.7882
v 1.240648 5.375967 -1.025098 0.2471 0.7137 0.7882
v 1.234550 5.296298 -1.021141 0.2471 0.7137 0.7882
v 1.293903 5.253174 -0.989241 0.2471 0.7137 0.7882
v 1.359352 5.289719 -0.961299 0.2471 0.7137 0.7882
v 1.326287 5.375574 -0.876205 0.2471 0.7137 0.7882
v 1.265357 5.418950 -0.904596 0.2471 0.7137 0.7882
v 1.199069 5.382538 -0.930678 0.2471 0.7137 0.7882
v 1.193713 5.302752 -0.928368 0.2471 0.7137 0.7882
v 1.254643 5.259375 -0.899978 0.2471 0.7137 0.7882
v 1.320930 5.295787 -0.873896 0.2471 0.7137 0.7882
v 1.286373 5.380009 -0.778912 0.2471 0.7137 0.7882
v 1.224757 5.423461 -0.805658 0.2471 0.7137 0.7882
v 1.158383 5.387059 -0.831533 0.2471 0.7137 0.7882
v 1.153627 5.307205 -0.830662 0.2471 0.7137 0.7882
v 1.215243 5.263753 -0.803916 0.2471 0.7137 0.7882
v 1.281617 5.300156 -0.778041 0.2471 0.7137 0.7882
v 1.245862 5.382488 -0.679667 0.2471 0.7137 0.7882
v 1.184151 5.425946 -0.706185 0.2471 0.7137 0.7882
v 1.118289 5.389514 -0.733294 0.2471 0.7137 0.7882
v 1.114138 5.309624 -0.733884 0.2471 0.7137 0.7882
v 1.175849 5.266166 -0.707367 0.2471 0.7137 0.7882
v 1.241711 5.302599 -0.680258 0.2471 0.7137 0.7882
v 1.204630 5.382843 -0.584073 0.2471 0.7137 0.7882
v 1.143404 5.426297 -0.611696 0.2471 0.7137 0.7882
v 1.078774 5.389857 -0.641614 0.2471 0.7137 0.7882
v 1.075370 5.309963 -0.643908 0.2471 0.7137 0.7882
v 1.136596 5.266508 -0.616285 0.2471 0.7137 0.7882
v 1.201226 5.302948 -0.586367 0.2471 0.7137 0.7882
v 1.162219 5.380871 -0.496712 0.2471 0.7137 0.7882
v 1.102303 5.424392 -0.526979 0.2471 0.7137 0.7882
v 1.040084 5.388073 -0.561760 0.2471 0.7137 0.7882
v 1.037781 5.308233 -0.566275 0.2471 0.7137 0.7882
v 1.097697 5.264713 -0.536009 0.2471 0.7137 0.7882
v 1.159916 5.301032 -0.501227 0.2471 0.7137 0.7882
v 1.117490 5.376227 -0.420819 0.2471 0.7137 0.7882
v 1.060406 5.420056 -0.455754 0.2471 0.7137 0.7882
v 1.002916 5.384252 -0.498333 0.2471 0.7137 0.7882
v 1.002510 5.304618 -0.505976 0.2471 0.7137 0.7882
v 1.059594 5.260789 -0.471041 0.2471 0.7137 0.7882
v 1.117084 5.296594 -0.428462 0.2471 0.7137 0.7882
v 1.067807 5.368121 -0.358376 0.2471 0.7137 0.7882
v 1.016719 5.412960 -0.400560 0.2471 0.7137 0.7882
v 0.968912 5.378787 -0.454844 0.2471 0.7137 0.7882
v 0.972193 5.299776 -0.466944 0.2471 0.7137 0.7882
v 1.023281 5.254937 -0.424760 0.2471 0.7137 0.7882
v 1.071088 5.289109 -0.370476 0.2471 0.7137 0.7882
v 1.008579 5.354859 -0.312440 0.2471 0.7137 0.7882
v 0.969489 5.402437 -0.363512 0.2471 0.7137 0.7882
v 0.940910 5.372653 -0.432040 0.2471 0.7137 0.7882
v 0.951421 5.295291 -0.449496 0.2471 0.7137 0.7882
v 0.990511 5.247714 -0.398424 0.2471 0.7137 0.7882
v 1.019090 5.277498 -0.329896 0.2471 0.7137 0.7882
v 0.938947 5.335084 -0.291603 0.2471 0.7137 0.7882
v 0.918256 5.387918 -0.347998 0.2471 0.7137 0.7882
v 0.919309 5.366602 -0.425098 0.2471 0.7137 0.7882
v 0.941053 5.292450 -0.445804 0.2471 0.7137 0.7882
v 0.961744 5.239615 -0.389409 0.2471 0.7137 0.7882
v 0.960691 5.260932 -0.312309 0.2471 0.7137 0.7882
v 0.870027 5.311418 -0.301711 0.2471 0.7137 0.7882
v 0.867032 5.370310 -0.355774 0.2471 0.7137 0.7882
v 0.897005 5.358892 -0.429062 0.2471 0.7137 0.7882
v 0.929973 5.288583 -0.448289 0.2471 0.7137 0.7882
v 0.932968 5.229691 -0.394226 0.2471 0.7137 0.7882
v 0.902995 5.241108 -0.320938 0.2471 0.7137 0.7882
v 0.811773 5.287861 -0.334177 0.2471 0.7137 0.7882
v 0.819600 5.351095 -0.382553 0.2471 0.7137 0.7882
v 0.867827 5.347000 -0.446251 0.2471 0.7137 0.7882
v 0.908227 5.279672 -0.461572 0.2471 0.7137 0.7882
v 0.900401 5.216439 -0.413196 0.2471 0.7137 0.7882
v 0.852173 5.220533 -0.349498 0.2471 0.7137 0.7882
v 0.762577 5.264915 -0.378727 0.2471 0.7137 0.7882
v 0.775463 5.330489 -0.422704 0.2471 0.7137 0.7882
v 0.832886 5.330649 -0.478405 0.2471 0.7137 0.7882
v 0.877423 5.265235 -0.490129 0.2471 0.7137 0.7882
v 0.864537 5.199661 -0.446152 0.2471 0.7137 0.7882
v 0.807114 5.199501 -0.390451 0.2471 0.7137 0.7882
v 0.718274 5.241529 -0.430263 0.2471 0.7137 0.7882
v 0.733073 5.308107 -0.472076 0.2471 0.7137 0.7882
v 0.794798 5.310526 -0.522910 0.2471 0.7137 0.7882
v 0.841726 5.246367 -0.531930 0.2471 0.7137 0.7882
v 0.826927 5.179789 -0.490117 0.2471 0.7137 0.7882
v 0.765202 5.177370 -0.439283 0.2471 0.7137 0.7882
v 0.676580 5.217011 -0.485288 0.2471 0.7137 0.7882
v 0.691523 5.283674 -0.526914 0.2471 0.7137 0.7882
v 0.754944 5.287086 -0.575557 0.2471 0.7137 0.7882
v 0.803420 5.223835 -0.582575 0.2471 0.7137 0.7882
v 0.788477 5.157171 -0.540949 0.2471 0.7137 0.7882
v 0.725056 5.153759 -0.492306 0.2471 0.7137 0.7882
v 0.636557 5.191126 -0.540283 0.2471 0.7137 0.7882
v 0.650379 5.257064 -0.583423 0.2471 0.7137 0.7882
v 0.713822 5.260491 -0.632036 0.2471 0.7137 0.7882
v 0.763443 5.197978 -0.637509 0.2471 0.7137 0.7882
v 0.749621 5.132040 -0.594370 0.2471 0.7137 0.7882
v 0.686178 5.128613 -0.545757 0.2471 0.7137 0.7882
v 0.597941 5.163950 -0.591724 0.2471 0.7137 0.7882
v 0.609417 5.228238 -0.637935 0.2471 0.7137 0.7882
v 0.671476 5.230690 -0.688359 0.2471 0.7137 0.7882
v 0.722059 5.168855 -0.692573 0.2471 0.7137 0.7882
v 0.710583 5.104568 -0.646363 0.2471 0.7137 0.7882
v 0.648524 5.102116 -0.595938 0.2471 0.7137 0.7882
v 0.560827 5.135795 -0.636462 0.2471 0.7137 0.7882
v 0.568503 5.197197 -0.687167 0.2471 0.7137 0.7882
v 0.627676 5.197457 -0.741004 0.2471 0.7137 0.7882
v 0.679173 5.136317 -0.744137 0.2471 0.7137 0.7882
v 0.671497 5.074915 -0.693432 0.2471 0.7137 0.7882
v 0.612324 5.074655 -0.639595 0.2471 0.7137 0.7882
v 0.525488 5.107132 -0.672176 0.2471 0.7137 0.7882
v 0.527545 5.163970 -0.728437 0.2471 0.7137 0.7882
v 0.582057 5.160444 -0.786884 0.2471 0.7137 0.7882
v 0.634512 5.100081 -0.789070 0.2471 0.7137 0.7882
v 0.632455 5.043243 -0.732809 0.2471 0.7137 0.7882
v 0.577943 5.046770 -0.674362 0.2471 0.7137 0.7882
v 0.492100 5.078387 -0.697805 0.2471 0.7137 0.7882
v 0.486493 5.128618 -0.759816 0.2471 0.7137 0.7882
v 0.534392 5.119393 -0.823223 0.2471 0.7137 0.7882
v 0.587900 5.059937 -0.824620 0.2471 0.7137 0.7882
v 0.593507 5.009706 -0.762609 0.2471 0.7137 0.7882
v 0.545608 5.018931 -0.699201 0.2471 0.7137 0.7882
v 0.460285 5.049501 -0.713647 0.2471 0.7137 0.7882
v 0.445357 5.091268 -0.780226 0.2471 0.7137 0.7882
v 0.485072 5.074609 -0.847644 0.2471 0.7137 0.7882
v 0.539715 5.016184 -0.848485 0.2471 0.7137 0.7882
v 0.554643 4.974418 -0.781906 0.2471 0.7137 0.7882
v 0.514928 4.991076 -0.714488 0.2471 0.7137 0.7882
v 0.428867 5.019597 -0.720718 0.2471 0.7137 0.7882
v 0.404225 5.052127 -0.789526 0.2471 0.7137 0.7882
v 0.435359 5.027309 -0.858915 0.2471 0.7137 0.7882
v 0.491133 4.969961 -0.859495 0.2471 0.7137 0.7882
v 0.515775 4.937431 -0.790687 0.2471 0.7137 0.7882
v 0.484641 4.962249 -0.721298 0.2471 0.7137 0.7882
v 0.396368 4.987360 -0.719833 0.2471 0.7137 0.7882
v 0.363205 5.011452 -0.788534 0.2471 0.7137 0.7882
v 0.386837 4.979206 -0.857828 0.2471 0.7137 0.7882
v 0.443632 4.922867 -0.858421 0.2471 0.7137 0.7882
v 0.476795 4.898776 -0.789720 0.2471 0.7137 0.7882
v 0.453163 4.931022 -0.720426 0.2471 0.7137 0.7882
v 0.361849 4.951872 -0.711586 0.2471 0.7137 0.7882
v 0.322356 4.969466 -0.778897 0.2471 0.7137 0.7882
v 0.340507 4.931594 -0.846987 0.2471 0.7137 0.7882
v 0.398151 4.876127 -0.847766 0.2471 0.7137 0.7882
v 0.437644 4.858533 -0.780456 0.2471 0.7137 0.7882
v 0.419493 4.896405 -0.712366 0.2471 0.7137 0.7882
v 0.325127 4.912938 -0.697036 0.2471 0.7137 0.7882
v 0.281672 4.926339 -0.762855 0.2471 0.7137 0.7882
v 0.296545 4.884997 -0.829710 0.2471 0.7137 0.7882
v 0.354873 4.830255 -0.830747 0.2471 0.7137 0.7882
v 0.398328 4.816854 -0.764929 0.2471 0.7137 0.7882
v 0.383455 4.858195 -0.698074 0.2471 0.7137 0.7882
v 0.286409 4.870808 -0.678041 0.2471 0.7137 0.7882
v 0.241116 4.882212 -0.742991 0.2471 0.7137 0.7882
v 0.254707 4.839477 -0.809241 0.2471 0.7137 0.7882
v 0.313591 4.785339 -0.810541 0.2471 0.7137 0.7882
v 0.358884 4.773935 -0.745591 0.2471 0.7137 0.7882
v 0.345293 4.816670 -0.679341 0.2471 0.7137 0.7882
v 0.245952 4.825834 -0.657061 0.2471 0.7137 0.7882
v 0.200650 4.837228 -0.722007 0.2471 0.7137 0.7882
v 0.214698 4.795001 -0.788486 0.2471 0.7137 0.7882
v 0.274048 4.741380 -0.790021 0.2471 0.7137 0.7882
v 0.319350 4.729986 -0.725075 0.2471 0.7137 0.7882
v 0.305302 4.772213 -0.658596 0.2471 0.7137 0.7882
v 0.203944 4.778337 -0.636805 0.2471 0.7137 0.7882
v 0.160249 4.791546 -0.702503 0.2471 0.7137 0.7882
v 0.176305 4.751587 -0.769923 0.2471 0.7137 0.7882
v 0.236056 4.698419 -0.771645 0.2471 0.7137 0.7882
v 0.279751 4.685210 -0.705947 0.2471 0.7137 0.7882
v 0.263695 4.725169 -0.638527 0.2471 0.7137 0.7882
v 0.160560 4.728661 -0.619919 0.2471 0.7137 0.7882
v 0.119905 4.745349 -0.686768 0.2471 0.7137 0.7882
v 0.139346 4.709262 -0.755468 0.2471 0.7137 0.7882
v 0.199441 4.656487 -0.757320 0.2471 0.7137 0.7882
v 0.240095 4.639799 -0.690472 0.2471 0.7137 0.7882
v 0.220654 4.675886 -0.621771 0.2471 0.7137 0.7882
v 0.116078 4.677301 -0.608703 0.2471 0.7137 0.7882
v 0.079627 4.698838 -0.676581 0.2471 0.7137 0.7882
v 0.103549 4.667920 -0.746380 0.2471 0.7137 0.7882
v 0.163922 4.615466 -0.748300 0.2471 0.7137 0.7882
v 0.200373 4.593930 -0.680422 0.2471 0.7137 0.7882
v 0.176451 4.624847 -0.610623 0.2471 0.7137 0.7882
v 2.200000 2.800000 0.875000 0.7216 0.7608 0.8000
v 2.200000 4.400000 0.875000 0.7216 0.7608 0.8000
v 2.308471 2.800000 0.899758 0.7216 0.7608 0.8000
v 2.308471 4.400000 0.899758 0.7216 0.7608 0.8000
v 2.395458 2.800000 0.969128 0.7216 0.7608 0.8000
v 2.395458 4.400000 0.969128 0.7216 0.7608 0.8000
v 2.443732 2.800000 1.069370 0.7216 0.7608 0.8000
v 2.443732 4.400000 1.069370 0.7216 0.7608 0.8000
v 2.443732 2.800000 1.180630 0.7216 0.7608 0.8000
v 2.443732 4.400000 1.180630 0.7216 0.7608 0.8000
v 2.395458 2.800000 1.280873 0.7216 0.7608 0.8000
v 2.395458 4.400000 1.280873 0.7216 0.7608 0.8000
v 2.308471 2.800000 1.350242 0.7216 0.7608 0.8000
v 2.308471 4.400000 1.350242 0.7216 0.7608 0.8000
v 2.200000 2.800000 1.375000 0.7216 0.7608 0.8000
v 2.200000 4.400000 1.375000 0.7216 0.7608 0.8000
v 2.091529 2.800000 1.350242 0.7216 0.7608 0.8000
v 2.091529 4.400000 1.350242 0.7216 0.7608 0.8000
v 2.004542 2.800000 1.280873 0.7216 0.7608 0.8000
v 2.004542 4.400000 1.280873 0.7216 0.7608 0.8000
v 1.956268 2.800000 1.180630 0.7216 0.7608 0.8000
v 1.956268 4.400000 1.180630 0.7216 0.7608 0.8000
v 1.956268 2.800000 1.069370 0.7216 0.7608 0.8000
v 1.956268 4.400000 1.069370 0.7216 0.7608 0.8000
v 2.004542 2.800000 0.969128 0.7216 0.7608 0.8000
v 2.004542 4.400000 0.969128 0.7216 0.7608 0.8000
v 2.091529 2.800000 0.899758 0.7216 0.7608 0.8000
v 2.091529 4.400000 0.899758 0.7216 0.7608 0.8000
v 2.200000 4.800000 1.125000 0.9490 0.7608 0.1882
v 2.200000 4.614805 0.847836 0.9490 0.7608 0.1882
v 2.200000 4.500000 0.825000 0.9490 0.7608 0.1882
v 2.200000 4.385195 0.847836 0.9490 0.7608 0.1882
v 2.200000 4.287868 0.912868 0.9490 0.7608 0.1882
v 2.200000 4.200000 1.125000 0.9490 0.7608 0.1882
v 2.257403 4.777164 1.025576 0.9490 0.7608 0.1882
v 2.306066 4.712132 0.941288 0.9490 0.7608 0.1882
v 2.338582 4.614805 0.884969 0.9490 0.7608 0.1882
v 2.350000 4.500000 0.865192 0.9490 0.7608 0.1882
v 2.338582 4.385195 0.884969 0.9490 0.7608 0.1882
v 2.306066 4.287868 0.941288 0.9490 0.7608 0.1882
v 2.257403 4.222836 1.025576 0.9490 0.7608 0.1882
v 2.299424 4.777164 1.067598 0.9490 0.7608 0.1882
v 2.383712 4.712132 1.018934 0.9490 0.7608 0.1882
v 2.440031 4.614805 0.986418 0.9490 0.7608 0.1882
v 2.459808 4.500000 0.975000 0.9490 0.7608 0.1882
v 2.440031 4.385195 0.986418 0.9490 0.7608 0.1882
v 2.383712 4.287868 1.018934 0.9490 0.7608 0.1882
v 2.299424 4.222836 1.067598 0.9490 0.7608 0.1882
v 2.314805 4.777164 1.125000 0.9490 0.7608 0.1882
v 2.412132 4.712132 1.125000 0.9490 0.7608 0.1882
v 2.477164 4.614805 1.125000 0.9490 0.7608 0.1882
v 2.500000 4.500000 1.125000 0.9490 0.7608 0.1882
v 2.477164 4.385195 1.125000 0.9490 0.7608 0.1882
v 2.412132 4.287868 1.125000 0.9490 0.7608 0.1882
v 2.314805 4.222836 1.125000 0.9490 0.7608 0.1882
v 2.299424 4.777164 1.182403 0.9490 0.7608 0.1882
v 2.383712 4.712132 1.231066 0.9490 0.7608 0.1882
v 2.440031 4.614805 1.263582 0.9490 0.7608 0.1882
v 2.459808 4.500000 1.275000 0.9490 0.7608 0.1882
v 2.440031 4.385195 1.263582 0.9490 0.7608 0.1882
v 2.383712 4.287868 1.231066 0.9490 0.7608 0.1882
v 2.299424 4.222836 1.182403 0.9490 0.7608 0.1882
v 2.257403 4.777164 1.224424 0.9490 0.7608 0.1882
v 2.306066 4.712132 1.308712 0.9490 0.7608 0.1882
v 2.338582 4.614805 1.365031 0.9490 0.7608 0.1882
v 2.350000 4.500000 1.384808 0.9490 0.7608 0.1882
v 2.338582 4.385195 1.365031 0.9490 0.7608 0.1882
v 2.306066 4.287868 1.308712 0.9490 0.7608 0.1882
v 2.257403 4.222836 1.224424 0.9490 0.7608 0.1882
v 2.200000 4.777164 1.239805 0.9490 0.7608 0.1882
v 2.200000 4.712132 1.337132 0.9490 0.7608 0.1882
v 2.200000 4.614805 1.402164 0.9490 0.7608 0.1882
v 2.200000 4.500000 1.425000 0.9490 0.7608 0.1882
v 2.200000 4.385195 1.402164 0.9490 0.7608 0.1882
v 2.200000 4.287868 1.337132 0.9490 0.7608 0.1882
v 2.200000 4.222836 1.239805 0.9490 0.7608 0.1882
v 2.142597 4.777164 1.224424 0.9490 0.7608 0.1882
v 2.093934 4.712132 1.308712 0.9490 0.7608 0.1882
v 2.061418 4.614805 1.365031 0.9490 0.7608 0.1882
v 2.050000 4.500000 1.384808 0.9490 0.7608 0.1882
v 2.061418 4.385195 1.365031 0.9490 0.7608 0.1882
v 2.093934 4.287868 1.308712 0.9490 0.7608 0.1882
v 2.142597 4.222836 1.224424 0.9490 0.7608 0.1882
v 2.100576 4.777164 1.182403 0.9490 0.7608 0.1882
v 2.016288 4.712132 1.231066 0.9490 0.7608 0.1882
v 1.959969 4.614805 1.263582 0.9490 0.7608 0.1882
v 1.940192 4.500000 1.275000 0.9490 0.7608 0.1882
v 1.959969 4.385195 1.263582 0.9490 0.7608 0.1882
v 2.016288 4.287868 1.231066 0.9490 0.7608 0.1882
v 2.100576 4.222836 1.182403 0.9490 0.7608 0.1882
v 2.085195 4.777164 1.125000 0.9490 0.7608 0.1882
v 1.987868 4.712132 1.125000 0.9490 0.7608 0.1882
v 1.922836 4.614805 1.125000 0.9490 0.7608 0.1882
v 1.900000 4.500000 1.125000 0.9490 0.7608 0.1882
v 1.922836 4.385195 1.125000 0.9490 0.7608 0.1882
v 1.987868 4.287868 1.125000 0.9490 0.7608 0.1882
v 2.085195 4.222836 1.125000 0.9490 0.7608 0.1882
v 2.100576 4.777164 1.067598 0.9490 0.7608 0.1882
v 2.016288 4.712132 1.018934 0.9490 0.7608 0.1882
v 1.959969 4.614805 0.986418 0.9490 0.7608 0.1882
v 1.940192 4.500000 0.975000 0.9490 0.7608 0.1882
v 1.959969 4.385195 0.986418 0.9490 0.7608 0.1882
v 2.016288 4.287868 1.018934 0.9490 0.7608 0.1882
v 2.100576 4.222836 1.067598 0.9490 0.7608 0.1882
v 2.142597 4.777164 1.025576 0.9490 0.7608 0.1882
v 2.093934 4.712132 0.941288 0.9490 0.7608 0.1882
v 2.061418 4.614805 0.884969 0.9490 0.7608 0.1882
v 2.050000 4.500000 0.865192 0.9490 0.7608 0.1882
v 2.061418 4.385195 0.884969 0.9490 0.7608 0.1882
v 2.093934 4.287868 0.941288 0.9490 0.7608 0.1882
v 2.142597 4.222836 1.025576 0.9490 0.7608 0.1882
v 2.200000 4.777164 1.010195 0.9490 0.7608 0.1882
v 2.200000 4.712132 0.912868 0.9490 0.7608 0.1882
v 2.200000 4.222836 1.010195 0.9490 0.7608 0.1882
vn -0.1296 -0.9831 0.1296
vn -0.1216 -0.8623 0.4915
vn -0.4473 -0.7744 0.4473
vn -0.4915 -0.8623 0.1216
vn -0.1216 -0.4915 0.8623
vn -0.4473 -0.4473 0.7744
vn -0.1296 -0.1296 0.9831
vn -0.4915 -0.1216 0.8623
vn -0.8623 -0.1216 0.4915
vn -0.7744 -0.4473 0.4473
vn -0.9831 -0.1296 0.1296
vn -0.8623 -0.4915 0.1216
vn -0.1296 0.1296 0.9831
vn -0.1216 0.4915 0.8623
vn -0.4473 0.4473 0.7744
vn -0.4915 0.1216 0.8623
vn -0.1216 0.8623 0.4915
vn -0.4473 0.7744 0.4473
vn -0.1296 0.9831 0.1296
vn -0.4915 0.8623 0.1216
vn -0.8623 0.4915 0.1216
vn -0.7744 0.4473 0.4473
vn -0.9831 0.1296 0.1296
vn -0.8623 0.1216 0.4915
vn -0.1296 -0.9831 -0.1296
vn -0.4915 -0.8623 -0.1216
vn -0.4473 -0.7744 -0.4473
vn -0.1216 -0.8623 -0.4915
vn -0.8623 -0.4915 -0.1216
vn -0.7744 -0.4473 -0.4473
vn -0.9831 -0.1296 -0.1296
vn -0.8623 -0.1216 -0.4915
vn -0.4915 -0.1216 -0.8623
vn -0.4473 -0.4473 -0.7744
vn -0.1296 -0.1296 -0.9831
vn -0.1216 -0.4915 -0.8623
vn -0.1296 0.9831 -0.1296
vn -0.1216 0.8623 -0.4915
vn -0.4473 0.7744 -0.4473
vn -0.4915 0.8623 -0.1216
vn -0.1216 0.4915 -0.8623
vn -0.4474 0.4473 -0.7744
vn -0.1296 0.1296 -0.9831
vn -0.4915 0.1216 -0.8623
vn -0.8623 0.1216 -0.4915
vn -0.7744 0.4473 -0.4473
vn -0.9831 0.1296 -0.1296
vn -0.8623 0.4915 -0.1216
vn 0.1296 -0.9831 0.1296
vn 0.4915 -0.8623 0.1216
vn 0.4473 -0.7744 0.4473
vn 0.1216 -0.8623 0.4915
vn 0.8623 -0.4915 0.1216
vn 0.7744 -0.4473 0.4473
vn 0.9831 -0.1296 0.1296
vn 0.8623 -0.1216 0.4915
vn 0.4915 -0.1216 0.8623
vn 0.4473 -0.4473 0.7744
vn 0.1296 -0.1296 0.9831
vn 0.1216 -0.4915 0.8623
vn 0.1296 0.9831 0.1296
vn 0.1216 0.8623 0.4915
vn 0.4473 0.7744 0.4473
vn 0.4915 0.8623 0.1216
vn 0.1216 0.4915 0.8623
vn 0.4473 0.4473 0.7744
vn 0.1296 0.1296 0.9831
vn 0.4915 0.1216 0.8623
vn 0.8623 0.1216 0.4915
vn 0.7744 0.4473 0.4473
vn 0.9831 0.1296 0.1296
vn 0.8623 0.4915 0.1216
vn 0.1296 -0.9831 -0.1296
vn 0.1216 -0.8623 -0.4915
vn 0.4473 -0.7744 -0.4473
vn 0.4915 -0.8623 -0.1216
vn 0.1216 -0.4915 -0.8623
vn 0.4473 -0.4473 -0.7744
vn 0.1296 -0.1296 -0.9831
vn 0.4915 -0.1216 -0.8623
vn 0.8623 -0.1216 -0.4915
vn 0.7744 -0.4473 -0.4473
vn 0.9831 -0.1296 -0.1296
vn 0.8623 -0.4915 -0.1216
vn 0.1296 0.9831 -0.1296
vn 0.4915 0.8623 -0.1216
vn 0.4473 0.7744 -0.4473
vn 0.1216 0.8623 -0.4915
vn 0.8623 0.4915 -0.1216
vn 0.7744 0.4473 -0.4473
vn 0.9831 0.1296 -0.1296
vn 0.8623 0.1216 -0.4915
vn 0.4915 0.1216 -0.8623
vn 0.4474 0.4473 -0.7744
vn 0.1296 0.1296 -0.9831
vn 0.1216 0.4915 -0.8623
vn -0.1794 -0.9673 0.1794
vn -0.1585 -0.9194 0.3600
vn -0.3251 -0.8881 0.3251
vn -0.3600 -0.9194 0.1585
vn -0.1794 -0.1794 0.9673
vn -0.3600 -0.1585 0.9194
vn -0.3251 -0.3251 0.8881
vn -0.1585 -0.3600 0.9194
vn -0.9673 -0.1794 0.1794
vn -0.9194 -0.3600 0.1585
vn -0.8881 -0.3251 0.3251
vn -0.9194 -0.1585 0.3600
vn -0.1794 0.1794 0.9673
vn -0.1585 0.3600 0.9194
vn -0.3251 0.3251 0.8881
vn -0.3600 0.1585 0.9194
vn -0.1794 0.9673 0.1794
vn -0.3600 0.9194 0.1585
vn -0.3251 0.8881 0.3251
vn -0.1585 0.9194 0.3600
vn -0.9673 0.1794 0.1794
vn -0.9194 0.1585 0.3600
vn -0.8881 0.3251 0.3251
vn -0.9194 0.3600 0.1585
vn -0.1794 -0.9673 -0.1794
vn -0.3600 -0.9194 -0.1585
vn -0.3251 -0.8881 -0.3251
vn -0.1585 -0.9194 -0.3600
vn -0.9673 -0.1794 -0.1794
vn -0.9194 -0.1585 -0.3600
vn -0.8881 -0.3251 -0.3251
vn -0.9194 -0.3600 -0.1585
vn -0.1794 -0.1794 -0.9673
vn -0.1585 -0.3600 -0.9194
vn -0.3251 -0.3251 -0.8881
vn -0.3600 -0.1585 -0.9194
vn -0.1794 0.9673 -0.1794
vn -0.1585 0.9194 -0.3600
vn -0.3251 0.8881 -0.3251
vn -0.3600 0.9194 -0.1585
vn -0.1794 0.1794 -0.9673
vn -0.3600 0.1585 -0.9194
vn -0.3251 0.3251 -0.8881
vn -0.1585 0.3600 -0.9194
vn -0.9673 0.1794 -0.1794
vn -0.9194 0.3600 -0.1585
vn -0.8881 0.3251 -0.3251
vn -0.9194 0.1585 -0.3600
vn 0.1794 -0.9673 0.1794
vn 0.3600 -0.9194 0.1585
vn 0.3251 -0.8881 0.3251
vn 0.1585 -0.9194 0.3600
vn 0.9673 -0.1794 0.1794
vn 0.9194 -0.1585 0.3600
vn 0.8881 -0.3251 0.3251
vn 0.9194 -0.3600 0.1585
vn 0.1794 -0.1794 0.9673
vn 0.1585 -0.3600 0.9194
vn 0.3251 -0.3251 0.8881
vn 0.3600 -0.1585 0.9194
vn 0.1794 0.9673 0.1794
vn 0.1585 0.9194 0.3600
vn 0.3251 0.8881 0.3251
vn 0.3600 0.9194 0.1585
vn 0.1794 0.1794 0.9673
vn 0.3600 0.1585 0.9194
vn 0.3251 0.3251 0.8881
vn 0.1585 0.3600 0.9194
vn 0.9673 0.1794 0.1794
vn 0.9194 0.3600 0.1585
vn 0.8881 0.3251 0.3251
vn 0.9194 0.1585 0.3600
vn 0.1794 -0.9673 -0.1794
vn 0.1585 -0.9194 -0.3600
vn 0.3251 -0.8881 -0.3251
vn 0.3600 -0.9194 -0.1585
vn 0.1794 -0.1794 -0.9673
vn 0.3600 -0.1585 -0.9194
vn 0.3251 -0.3251 -0.8881
vn 0.1585 -0.3600 -0.9194
vn 0.9673 -0.1794 -0.1794
vn 0.9194 -0.3600 -0.1585
vn 0.8881 -0.3251 -0.3251
vn 0.9194 -0.1585 -0.3600
vn 0.1794 0.9673 -0.1794
vn 0.3600 0.9194 -0.1585
vn 0.3251 0.8881 -0.3251
vn 0.1585 0.9194 -0.3600
vn 0.9673 0.1794 -0.1794
vn 0.9194 0.1585 -0.3600
vn 0.8881 0.3251 -0.3251
vn 0.9194 0.3600 -0.1585
vn 0.1794 0.1794 -0.9673
vn 0.1585 0.3600 -0.9194
vn 0.3251 0.3251 -0.8881
vn 0.3600 0.1585 -0.9194
vn -0.0000 0.9808 -0.1949
vn 0.4904 0.8494 -0.1949
vn 0.4595 0.7959 -0.3941
vn -0.0000 0.9191 -0.3941
vn -0.0000 0.3715 -0.9284
vn 0.1857 0.3217 -0.9284
vn 0.1096 0.1898 -0.9757
vn -0.0000 0.2191 -0.9757
vn 0.4904 0.8494 0.1949
vn -0.0000 0.9808 0.1949
vn -0.0000 0.9191 0.3941
vn 0.4595 0.7959 0.3941
vn 0.1857 0.3217 0.9284
vn -0.0000 0.3715 0.9284
vn -0.0000 0.2192 0.9757
vn 0.1096 0.1898 0.9757
vn 0.8494 0.4904 -0.1949
vn 0.7959 0.4595 -0.3941
vn 0.3217 0.1857 -0.9284
vn 0.1898 0.1096 -0.9757
vn 0.8494 0.4904 0.1949
vn 0.7959 0.4595 0.3941
vn 0.3217 0.1857 0.9284
vn 0.1898 0.1096 0.9757
vn 0.9808 -0.0000 -0.1949
vn 0.9191 -0.0000 -0.3941
vn 0.3715 -0.0000 -0.9284
vn 0.2192 -0.0000 -0.9757
vn 0.9808 -0.0000 0.1949
vn 0.9191 -0.0000 0.3941
vn 0.3715 -0.0000 0.9284
vn 0.2192 -0.0000 0.9757
vn 0.8494 -0.4904 -0.1949
vn 0.7959 -0.4595 -0.3941
vn 0.3217 -0.1857 -0.9284
vn 0.1898 -0.1096 -0.9757
vn 0.8494 -0.4904 0.1949
vn 0.7959 -0.4595 0.3941
vn 0.3217 -0.1857 0.9284
vn 0.1898 -0.1096 0.9757
vn 0.4904 -0.8494 -0.1949
vn 0.4595 -0.7959 -0.3941
vn 0.1857 -0.3217 -0.9284
vn 0.1096 -0.1898 -0.9757
vn 0.4904 -0.8494 0.1949
vn 0.4595 -0.7959 0.3941
vn 0.1857 -0.3217 0.9284
vn 0.1096 -0.1898 0.9757
vn -0.0000 -0.9808 -0.1949
vn -0.0000 -0.9191 -0.3941
vn -0.0000 -0.3715 -0.9284
vn -0.0000 -0.2191 -0.9757
vn -0.0000 -0.9808 0.1949
vn -0.0000 -0.9191 0.3941
vn -0.0000 -0.3715 0.9284
vn -0.0000 -0.2192 0.9757
vn -0.4904 -0.8494 -0.1949
vn -0.4595 -0.7959 -0.3941
vn -0.1857 -0.3217 -0.9284
vn -0.1096 -0.1898 -0.9757
vn -0.4904 -0.8494 0.1949
vn -0.4595 -0.7959 0.3941
vn -0.1857 -0.3217 0.9284
vn -0.1096 -0.1898 0.9757
vn -0.8494 -0.4904 -0.1949
vn -0.7959 -0.4595 -0.3941
vn -0.3217 -0.1857 -0.9284
vn -0.1898 -0.1096 -0.9757
vn -0.8494 -0.4904 0.1949
vn -0.7959 -0.4595 0.3941
vn -0.3217 -0.1857 0.9284
vn -0.1898 -0.1096 0.9757
vn -0.9808 -0.0000 -0.1949
vn -0.9191 -0.0000 -0.3941
vn -0.3715 -0.0000 -0.9284
vn -0.2192 -0.0000 -0.9757
vn -0.9808 -0.0000 0.1949
vn -0.9191 -0.0000 0.3941
vn -0.3715 -0.0000 0.9284
vn -0.2192 -0.0000 0.9757
vn -0.8494 0.4904 -0.1949
vn -0.7959 0.4595 -0.3941
vn -0.3217 0.1857 -0.9284
vn -0.1898 0.1096 -0.9757
vn -0.8494 0.4904 0.1949
vn -0.7959 0.4595 0.3941
vn -0.3217 0.1857 0.9284
vn -0.1898 0.1096 0.9757
vn -0.4904 0.8494 -0.1949
vn -0.4595 0.7959 -0.3941
vn -0.1857 0.3217 -0.9284
vn -0.1096 0.1898 -0.9757
vn -0.4904 0.8494 0.1949
vn -0.4595 0.7959 0.3941
vn -0.1857 0.3217 0.9284
vn -0.1096 0.1898 0.9757
vn -0.0000 1.0000 -0.0000
vn 0.5878 0.8090 -0.0000
vn 0.9511 0.3090 -0.0000
vn 0.9511 -0.3090 -0.0000
vn 0.5878 -0.8090 -0.0000
vn -0.0000 -1.0000 -0.0000
vn -0.5878 -0.8090 -0.0000
vn -0.9511 -0.3090 -0.0000
vn -0.9511 0.3090 -0.0000
vn -0.0000 -0.0000 1.0000
vn -0.5878 0.8090 -0.0000
vn -0.0000 -0.0000 -1.0000
vn -0.2191 -0.0000 -0.9757
vn -0.3250 0.8881 -0.3251
vn 0.3250 0.8881 -0.3251
vn 0.8321 -0.5547 -0.0000
vn -0.6000 -0.8000 -0.0000
vn -0.4521 0.3474 -0.8215
vn -0.7862 0.6180 -0.0000
vn -0.4521 0.3474 0.8215
vn 0.4637 -0.3389 0.8186
vn 0.8149 -0.5797 -0.0000
vn 0.4637 -0.3389 -0.8186
vn 0.4675 0.4675 -0.7503
vn 0.7071 0.7071 -0.0000
vn 0.4675 0.4675 0.7503
vn -0.4675 -0.4675 0.7503
vn -0.7071 -0.7071 -0.0000
vn -0.4675 -0.4675 -0.7503
vn -0.5148 0.3841 -0.7665
vn -0.8030 0.5960 -0.0000
vn -0.5148 0.3841 0.7665
vn 0.5113 -0.3854 0.7681
vn 0.7970 -0.6039 -0.0000
vn 0.5113 -0.3854 -0.7681
vn 0.3014 0.4649 -0.8325
vn 0.5340 0.8455 -0.0000
vn 0.3014 0.4649 0.8325
vn -0.3158 -0.4601 0.8298
vn -0.5779 -0.8161 -0.0000
vn -0.3158 -0.4601 -0.8298
vn -0.0000 -0.1935 -0.9811
vn 0.2539 -0.1935 -0.9477
vn 0.2388 -0.3855 -0.8913
vn -0.0000 -0.3855 -0.9227
vn -0.0000 -0.9250 -0.3799
vn 0.0983 -0.9250 -0.3669
vn 0.0541 -0.9779 -0.2019
vn -0.0000 -0.9779 -0.2090
vn 0.2539 0.1935 -0.9477
vn -0.0000 0.1935 -0.9811
vn -0.0000 0.3855 -0.9227
vn 0.2388 0.3855 -0.8913
vn 0.0983 0.9250 -0.3669
vn -0.0000 0.9250 -0.3799
vn -0.0000 0.9779 -0.2090
vn 0.0541 0.9779 -0.2019
vn 0.4905 -0.1935 -0.8497
vn 0.4614 -0.3855 -0.7991
vn 0.1899 -0.9250 -0.3290
vn 0.1045 -0.9779 -0.1810
vn 0.4905 0.1935 -0.8497
vn 0.4614 0.3855 -0.7991
vn 0.1899 0.9250 -0.3290
vn 0.1045 0.9779 -0.1810
vn 0.6937 -0.1935 -0.6937
vn 0.6525 -0.3855 -0.6525
vn 0.2686 -0.9250 -0.2686
vn 0.1478 -0.9779 -0.1478
vn 0.6937 0.1935 -0.6937
vn 0.6525 0.3855 -0.6525
vn 0.2686 0.9250 -0.2686
vn 0.1478 0.9779 -0.1478
vn 0.8497 -0.1935 -0.4905
vn 0.7991 -0.3855 -0.4614
vn 0.3290 -0.9250 -0.1899
vn 0.1810 -0.9779 -0.1045
vn 0.8497 0.1935 -0.4905
vn 0.7991 0.3855 -0.4614
vn 0.3290 0.9250 -0.1899
vn 0.1810 0.9779 -0.1045
vn 0.9477 -0.1935 -0.2539
vn 0.8913 -0.3855 -0.2388
vn 0.3669 -0.9250 -0.0983
vn 0.2019 -0.9779 -0.0541
vn 0.9477 0.1935 -0.2539
vn 0.8913 0.3855 -0.2388
vn 0.3669 0.9250 -0.0983
vn 0.2019 0.9779 -0.0541
vn 0.9811 -0.1935 -0.0000
vn 0.9227 -0.3855 -0.0000
vn 0.3799 -0.9250 -0.0000
vn 0.2090 -0.9779 -0.0000
vn 0.9811 0.1935 -0.0000
vn 0.9227 0.3855 -0.0000
vn 0.3799 0.9250 -0.0000
vn 0.2090 0.9779 -0.0000
vn 0.9477 -0.1935 0.2539
vn 0.8913 -0.3855 0.2388
vn 0.3669 -0.9250 0.0983
vn 0.2019 -0.9779 0.0541
vn 0.9477 0.1935 0.2539
vn 0.8913 0.3855 0.2388
vn 0.3669 0.9250 0.0983
vn 0.2019 0.9779 0.0541
vn 0.8497 -0.1935 0.4905
vn 0.7991 -0.3855 0.4614
vn 0.3290 -0.9250 0.1899
vn 0.1810 -0.9779 0.1045
vn 0.8497 0.1935 0.4905
vn 0.7991 0.3855 0.4614
vn 0.3290 0.9250 0.1899
vn 0.1810 0.9779 0.1045
vn 0.6937 -0.1935 0.6937
vn 0.6525 -0.3855 0.6525
vn 0.2686 -0.9250 0.2686
vn 0.1478 -0.9779 0.1478
vn 0.6937 0.1935 0.6937
vn 0.6525 0.3855 0.6525
vn 0.2686 0.9250 0.2686
vn 0.1478 0.9779 0.1478
vn 0.4906 -0.1935 0.8497
vn 0.4614 -0.3855 0.7991
vn 0.1899 -0.9250 0.3290
vn 0.1045 -0.9779 0.1810
vn 0.4905 0.1935 0.8497
vn 0.4614 0.3855 0.7991
vn 0.1899 0.9250 0.3290
vn 0.1045 0.9779 0.1810
vn 0.2539 -0.1935 0.9477
vn 0.2388 -0.3855 0.8913
vn 0.0983 -0.9250 0.3669
vn 0.0541 -0.9779 0.2019
vn 0.2539 0.1935 0.9477
vn 0.2388 0.3855 0.8913
vn 0.0983 0.9250 0.3669
vn 0.0541 0.9779 0.2019
vn -0.0000 -0.1935 0.9811
vn -0.0000 -0.3855 0.9227
vn -0.0000 -0.9250 0.3799
vn -0.0000 -0.9779 0.2090
vn -0.0000 0.1935 0.9811
vn -0.0000 0.3855 0.9227
vn -0.0000 0.9250 0.3799
vn -0.0000 0.9779 0.2090
vn -0.2539 -0.1935 0.9477
vn -0.2388 -0.3855 0.8913
vn -0.0983 -0.9250 0.3669
vn -0.0541 -0.9779 0.2019
vn -0.2539 0.1935 0.9477
vn -0.2388 0.3855 0.8913
vn -0.0983 0.9250 0.3669
vn -0.0541 0.9779 0.2019
vn -0.4906 -0.1935 0.8497
vn -0.4614 -0.3855 0.7991
vn -0.1899 -0.9250 0.3290
vn -0.1045 -0.9779 0.1810
vn -0.4905 0.1935 0.8497
vn -0.4614 0.3855 0.7991
vn -0.1899 0.9250 0.3290
vn -0.1045 0.9779 0.1810
vn -0.6937 -0.1935 0.6937
vn -0.6525 -0.3855 0.6525
vn -0.2686 -0.9250 0.2686
vn -0.1478 -0.9779 0.1478
vn -0.6937 0.1935 0.6937
vn -0.6525 0.3855 0.6525
vn -0.2686 0.9250 0.2686
vn -0.1478 0.9779 0.1478
vn -0.8497 -0.1935 0.4905
vn -0.7991 -0.3855 0.4614
vn -0.3290 -0.9250 0.1899
vn -0.1810 -0.9779 0.1045
vn -0.8497 0.1935 0.4905
vn -0.7991 0.3855 0.4614
vn -0.3290 0.9250 0.1899
vn -0.1810 0.9779 0.1045
vn -0.9477 -0.1935 0.2539
vn -0.8913 -0.3855 0.2388
vn -0.3669 -0.9250 0.0983
vn -0.2019 -0.9779 0.0541
vn -0.9477 0.1935 0.2539
vn -0.8913 0.3855 0.2388
vn -0.3669 0.9250 0.0983
vn -0.2019 0.9779 0.0541
vn -0.9811 -0.1935 -0.0000
vn -0.9227 -0.3855 -0.0000
vn -0.3799 -0.9250 -0.0000
vn -0.2090 -0.9779 -0.0000
vn -0.9811 0.1935 -0.0000
vn -0.9227 0.3855 -0.0000
vn -0.3799 0.9250 -0.0000
vn -0.2090 0.9779 -0.0000
vn -0.9477 -0.1935 -0.2539
vn -0.8913 -0.3855 -0.2388
vn -0.3669 -0.9250 -0.0983
vn -0.2019 -0.9779 -0.0541
vn -0.9477 0.1935 -0.2539
vn -0.8913 0.3855 -0.2388
vn -0.3669 0.9250 -0.0983
vn -0.2019 0.9779 -0.0541
vn -0.8497 -0.1935 -0.4905
vn -0.7991 -0.3855 -0.4614
vn -0.3290 -0.9250 -0.1899
vn -0.1810 -0.9779 -0.1045
vn -0.8497 0.1935 -0.4905
vn -0.7991 0.3855 -0.4614
vn -0.3290 0.9250 -0.1899
vn -0.1810 0.9779 -0.1045
vn -0.6937 -0.1935 -0.6937
vn -0.6525 -0.3855 -0.6525
vn -0.2686 -0.9250 -0.2686
vn -0.1478 -0.9779 -0.1478
vn -0.6937 0.1935 -0.6937
vn -0.6525 0.3855 -0.6525
vn -0.2686 0.9250 -0.2686
vn -0.1478 0.9779 -0.1478
vn -0.4905 -0.1935 -0.8497
vn -0.4614 -0.3855 -0.7991
vn -0.1899 -0.9250 -0.3290
vn -0.1045 -0.9779 -0.1810
vn -0.4905 0.1935 -0.8497
vn -0.4614 0.3855 -0.7991
vn -0.1899 0.9250 -0.3290
vn -0.1045 0.9779 -0.1810
vn -0.2539 -0.1935 -0.9477
vn -0.2388 -0.3855 -0.8913
vn -0.0983 -0.9250 -0.3669
vn -0.0541 -0.9779 -0.2019
vn -0.2539 0.1935 -0.9477
vn -0.2388 0.3855 -0.8913
vn -0.0983 0.9250 -0.3669
vn -0.0541 0.9779 -0.2019
vn 0.3827 -0.0000 -0.9239
vn 0.7071 -0.0000 -0.7071
vn 0.9239 -0.0000 -0.3827
vn 1.0000 -0.0000 -0.0000
vn 0.9239 -0.0000 0.3827
vn 0.7071 -0.0000 0.7071
vn 0.3827 -0.0000 0.9239
vn -0.3827 -0.0000 0.9239
vn -0.7071 -0.0000 0.7071
vn -0.9239 -0.0000 0.3827
vn -1.0000 -0.0000 -0.0000
vn -0.9239 -0.0000 -0.3827
vn -0.7071 -0.0000 -0.7071
vn -0.3827 -0.0000 -0.9239
vn -0.9397 -0.0000 -0.3420
vn -0.7548 -0.1989 -0.6251
vn -0.8558 -0.3293 -0.3989
vn -0.6884 -0.0352 -0.7245
vn -0.6731 0.1138 -0.7307
vn -0.7119 0.2402 -0.6600
vn -0.7999 0.3302 -0.5011
vn -0.9120 0.3293 -0.2446
vn -0.9800 0.1989 -0.0064
vn -0.9930 0.0352 0.1125
vn -0.9853 -0.1138 0.1271
vn -0.9695 -0.2402 0.0480
vn -0.9349 -0.3302 -0.1303
vn -0.4850 -0.3780 -0.7886
vn -0.6704 -0.6195 -0.4084
vn -0.3556 -0.0767 -0.9315
vn -0.3243 0.1895 -0.9268
vn -0.3981 0.4215 -0.8147
vn -0.5687 0.6038 -0.5586
vn -0.7760 0.6195 -0.1181
vn -0.8784 0.3780 0.2924
vn -0.8712 0.0767 0.4849
vn -0.8442 -0.1895 0.5015
vn -0.8287 -0.4215 0.3682
vn -0.7947 -0.6038 0.0623
vn -0.1266 -0.5216 -0.8438
vn -0.3484 -0.8668 -0.3568
vn 0.0003 -0.1051 -0.9945
vn 0.0203 0.2297 -0.9730
vn -0.0540 0.5315 -0.8453
vn -0.2403 0.8124 -0.5312
vn -0.4962 0.8668 0.0494
vn -0.6393 0.5216 0.5650
vn -0.6390 0.1051 0.7620
vn -0.6099 -0.2297 0.7584
vn -0.5847 -0.5315 0.6129
vn -0.5256 -0.8124 0.2525
vn 0.1767 -0.5696 -0.8027
vn 0.1019 -0.7827 -0.6140
vn 0.2580 -0.1100 -0.9599
vn 0.2574 0.2412 -0.9357
vn 0.2007 0.5620 -0.8024
vn 0.0526 0.8854 -0.4619
vn -0.0483 0.9783 -0.2014
vn -0.3807 0.5696 0.7285
vn -0.3166 0.7827 0.5358
vn -0.4194 0.1100 0.9011
vn -0.4043 -0.2412 0.8822
vn -0.3621 -0.5620 0.7437
vn -0.2566 -0.8854 0.3876
vn -0.1664 -0.9783 0.1232
vn 0.3807 -0.5696 -0.7285
vn 0.3166 -0.7827 -0.5358
vn 0.4194 -0.1100 -0.9011
vn 0.4043 0.2412 -0.8822
vn 0.3621 0.5620 -0.7437
vn 0.2566 0.8854 -0.3876
vn 0.1664 0.9783 -0.1232
vn -0.1767 0.5696 0.8027
vn -0.1019 0.7827 0.6140
vn -0.2580 0.1100 0.9599
vn -0.2574 -0.2412 0.9357
vn -0.2007 -0.5620 0.8024
vn -0.0526 -0.8854 0.4619
vn 0.0483 -0.9783 0.2014
vn 0.6393 -0.5216 -0.5650
vn 0.4962 -0.8668 -0.0494
vn 0.6390 -0.1051 -0.7620
vn 0.6099 0.2297 -0.7584
vn 0.5847 0.5315 -0.6129
vn 0.5256 0.8124 -0.2525
vn 0.3484 0.8668 0.3568
vn 0.1266 0.5216 0.8438
vn -0.0003 0.1051 0.9945
vn -0.0203 -0.2297 0.9730
vn 0.0540 -0.5315 0.8453
vn 0.2403 -0.8124 0.5312
vn 0.8784 -0.3780 -0.2924
vn 0.7760 -0.6195 0.1181
vn 0.8712 -0.0767 -0.4849
vn 0.8442 0.1895 -0.5015
vn 0.8287 0.4215 -0.3682
vn 0.7947 0.6038 -0.0623
vn 0.6704 0.6195 0.4084
vn 0.4850 0.3780 0.7886
vn 0.3556 0.0767 0.9315
vn 0.3243 -0.1895 0.9268
vn 0.3981 -0.4215 0.8147
vn 0.5687 -0.6038 0.5586
vn 0.9800 -0.1989 0.0064
vn 0.9120 -0.3293 0.2446
vn 0.9930 -0.0352 -0.1125
vn 0.9853 0.1138 -0.1271
vn 0.9695 0.2402 -0.0480
vn 0.9349 0.3302 0.1303
vn 0.8558 0.3293 0.3989
vn 0.7548 0.1989 0.6251
vn 0.6884 0.0352 0.7245
vn 0.6731 -0.1138 0.7307
vn 0.7119 -0.2402 0.6600
vn 0.7999 -0.3302 0.5011
vn 0.9397 -0.0000 0.3420
vn -0.7999 -0.3302 -0.5011
vn -0.9120 -0.3293 -0.2446
vn -0.7119 -0.2402 -0.6600
vn -0.6731 -0.1138 -0.7307
vn -0.6884 0.0352 -0.7245
vn -0.7548 0.1989 -0.6251
vn -0.8558 0.3293 -0.3989
vn -0.9349 0.3302 -0.1303
vn -0.9695 0.2402 0.0480
vn -0.9853 0.1138 0.1271
vn -0.9930 -0.0352 0.1125
vn -0.9800 -0.1989 -0.0064
vn -0.5687 -0.6038 -0.5586
vn -0.7760 -0.6195 -0.1181
vn -0.3981 -0.4215 -0.8147
vn -0.3243 -0.1895 -0.9268
vn -0.3556 0.0767 -0.9315
vn -0.4850 0.3780 -0.7886
vn -0.6704 0.6195 -0.4084
vn -0.7947 0.6038 0.0623
vn -0.8287 0.4215 0.3682
vn -0.8442 0.1895 0.5015
vn -0.8712 -0.0767 0.4849
vn -0.8784 -0.3780 0.2924
vn -0.2403 -0.8124 -0.5312
vn -0.4962 -0.8668 0.0494
vn -0.0540 -0.5315 -0.8453
vn 0.0203 -0.2297 -0.9730
vn 0.0003 0.1051 -0.9945
vn -0.1266 0.5216 -0.8438
vn -0.3484 0.8668 -0.3568
vn -0.5256 0.8124 0.2525
vn -0.5847 0.5315 0.6129
vn -0.6099 0.2297 0.7584
vn -0.6390 -0.1051 0.7620
vn -0.6393 -0.5216 0.5650
vn 0.0526 -0.8854 -0.4619
vn -0.0483 -0.9783 -0.2014
vn 0.2007 -0.5620 -0.8024
vn 0.2574 -0.2412 -0.9357
vn 0.2580 0.1100 -0.9599
vn 0.1767 0.5696 -0.8027
vn 0.1019 0.7827 -0.6140
vn -0.2566 0.8854 0.3876
vn -0.1664 0.9783 0.1232
vn -0.3621 0.5620 0.7437
vn -0.4043 0.2412 0.8822
vn -0.4194 -0.1100 0.9011
vn -0.3807 -0.5696 0.7285
vn -0.3166 -0.7827 0.5358
vn 0.2566 -0.8854 -0.3876
vn 0.1664 -0.9783 -0.1232
vn 0.3621 -0.5620 -0.7437
vn 0.4043 -0.2412 -0.8822
vn 0.4194 0.1100 -0.9011
vn 0.3807 0.5696 -0.7285
vn 0.3166 0.7827 -0.5358
vn -0.0526 0.8854 0.4619
vn 0.0483 0.9783 0.2014
vn -0.2007 0.5620 0.8024
vn -0.2574 0.2412 0.9357
vn -0.2580 -0.1100 0.9599
vn -0.1767 -0.5696 0.8027
vn -0.1019 -0.7827 0.6140
vn 0.5256 -0.8124 -0.2525
vn 0.3484 -0.8668 0.3568
vn 0.5847 -0.5315 -0.6129
vn 0.6099 -0.2297 -0.7584
vn 0.6390 0.1051 -0.7620
vn 0.6393 0.5216 -0.5650
vn 0.4962 0.8668 -0.0494
vn 0.2403 0.8124 0.5312
vn 0.0540 0.5315 0.8453
vn -0.0203 0.2297 0.9730
vn -0.0003 -0.1051 0.9945
vn 0.1266 -0.5216 0.8438
vn 0.7947 -0.6038 -0.0623
vn 0.6704 -0.6195 0.4084
vn 0.8287 -0.4215 -0.3682
vn 0.8442 -0.1895 -0.5015
vn 0.8712 0.0767 -0.4849
vn 0.8784 0.3780 -0.2924
vn 0.7760 0.6195 0.1181
vn 0.5687 0.6038 0.5586
vn 0.3981 0.4215 0.8147
vn 0.3243 0.1895 0.9268
vn 0.3556 -0.0767 0.9315
vn 0.4850 -0.3780 0.7886
vn 0.9349 -0.3302 0.1303
vn 0.8558 -0.3293 0.3989
vn 0.9695 -0.2402 -0.0480
vn 0.9853 -0.1138 -0.1271
vn 0.9930 0.0352 -0.1125
vn 0.9800 0.1989 0.0064
vn 0.9120 0.3293 0.2446
vn 0.7999 0.3302 0.5011
vn 0.7119 0.2402 0.6600
vn 0.6731 0.1138 0.7307
vn 0.6884 -0.0352 0.7245
vn 0.7548 -0.1989 0.6251
vn -0.7495 -0.5124 -0.4192
vn -0.7773 -0.5620 -0.2829
vn -0.7481 -0.3449 -0.5670
vn -0.7500 -0.0000 -0.6614
vn -0.7481 0.3449 -0.5670
vn -0.7495 0.5124 -0.4192
vn -0.7773 0.5620 -0.2829
vn -0.8436 0.5124 -0.1606
vn -0.9375 0.3449 -0.0465
vn -0.9997 -0.0000 0.0246
vn -0.9375 -0.3449 -0.0465
vn -0.8436 -0.5124 -0.1606
vn -0.4504 -0.7918 -0.4126
vn -0.4905 -0.8530 -0.1785
vn -0.4640 -0.5502 -0.6943
vn -0.4745 -0.0000 -0.8803
vn -0.4640 0.5502 -0.6943
vn -0.4504 0.7918 -0.4126
vn -0.4905 0.8530 -0.1785
vn -0.6102 0.7918 0.0265
vn -0.8017 0.5502 0.2336
vn -0.9293 -0.0000 0.3694
vn -0.8017 -0.5502 0.2336
vn -0.6102 -0.7918 0.0265
vn -0.1619 -0.9203 -0.3562
vn -0.2302 -0.9695 -0.0838
vn -0.1210 -0.6728 -0.7299
vn -0.0817 -0.4507 -0.8889
vn -0.1210 0.6728 -0.7299
vn -0.0817 0.4507 -0.8889
vn -0.1619 0.9203 -0.3562
vn -0.2302 0.9695 -0.0838
vn -0.3530 0.9203 0.1688
vn -0.5618 0.6728 0.4814
vn -0.6340 0.4507 0.6284
vn -0.5618 -0.6728 0.4814
vn -0.6340 -0.4507 0.6284
vn -0.3530 -0.9203 0.1688
vn 0.0356 -0.9555 -0.2928
vn -0.0555 -0.9983 -0.0202
vn 0.1477 -0.7184 -0.6797
vn 0.2007 -0.4849 -0.8513
vn 0.1477 0.7184 -0.6797
vn 0.2007 0.4849 -0.8512
vn 0.0356 0.9555 -0.2928
vn -0.0555 0.9983 -0.0202
vn -0.1609 0.9555 0.2472
vn -0.3237 0.7184 0.6157
vn -0.3934 0.4849 0.7811
vn -0.3238 -0.7184 0.6157
vn -0.3934 -0.4849 0.7811
vn -0.1609 -0.9555 0.2472
vn 0.1609 -0.9555 -0.2472
vn 0.0555 -0.9983 0.0202
vn 0.3237 -0.7184 -0.6157
vn 0.3934 -0.4849 -0.7811
vn 0.3238 0.7184 -0.6157
vn 0.3934 0.4849 -0.7811
vn 0.1609 0.9555 -0.2472
vn 0.0555 0.9983 0.0202
vn -0.0356 0.9555 0.2928
vn -0.1477 0.7184 0.6797
vn -0.2007 0.4849 0.8513
vn -0.1477 -0.7184 0.6797
vn -0.2007 -0.4849 0.8513
vn -0.0356 -0.9555 0.2928
vn 0.3530 -0.9203 -0.1688
vn 0.2302 -0.9695 0.0838
vn 0.5618 -0.6728 -0.4814
vn 0.6340 -0.4507 -0.6284
vn 0.5618 0.6728 -0.4814
vn 0.6340 0.4507 -0.6284
vn 0.3530 0.9203 -0.1688
vn 0.2302 0.9695 0.0838
vn 0.1619 0.9203 0.3562
vn 0.1210 0.6728 0.7299
vn 0.0817 0.4507 0.8889
vn 0.1210 -0.6728 0.7299
vn 0.0817 -0.4507 0.8889
vn 0.1619 -0.9203 0.3562
vn 0.6102 -0.7918 -0.0265
vn 0.4905 -0.8530 0.1785
vn 0.8017 -0.5502 -0.2336
vn 0.9293 -0.0000 -0.3694
vn 0.8017 0.5502 -0.2336
vn 0.6102 0.7918 -0.0265
vn 0.4905 0.8530 0.1785
vn 0.4504 0.7918 0.4126
vn 0.4640 0.5502 0.6943
vn 0.4745 -0.0000 0.8803
vn 0.4640 -0.5502 0.6943
vn 0.4504 -0.7918 0.4126
vn 0.8436 -0.5124 0.1606
vn 0.7773 -0.5620 0.2829
vn 0.9375 -0.3449 0.0465
vn 0.9997 -0.0000 -0.0246
vn 0.9375 0.3449 0.0465
vn 0.8436 0.5124 0.1606
vn 0.7773 0.5620 0.2829
vn 0.7495 0.5124 0.4192
vn 0.7481 0.3449 0.5670
vn 0.7500 -0.0000 0.6614
vn 0.7481 -0.3449 0.5670
vn 0.7495 -0.5124 0.4192
vn -0.7611 -0.5129 -0.3971
vn -0.7787 -0.5597 -0.2834
vn -0.7718 -0.3537 -0.5284
vn -0.7809 -0.0000 -0.6247
vn -0.7718 0.3537 -0.5284
vn -0.7611 0.5129 -0.3971
vn -0.7787 0.5597 -0.2834
vn -0.8383 0.5129 -0.1850
vn -0.9309 0.3537 -0.0914
vn -0.9997 -0.0000 -0.0234
vn -0.9309 -0.3537 -0.0914
vn -0.8383 -0.5129 -0.1850
vn -0.4695 -0.7967 -0.3807
vn -0.4914 -0.8523 -0.1789
vn -0.5111 -0.5702 -0.6431
vn -0.5380 -0.0000 -0.8429
vn -0.5111 0.5702 -0.6431
vn -0.4695 0.7967 -0.3807
vn -0.4914 0.8524 -0.1789
vn -0.6043 0.7967 -0.0101
vn -0.8049 0.5702 0.1641
vn -0.9540 -0.0000 0.2999
vn -0.8049 -0.5702 0.1641
vn -0.6044 -0.7967 -0.0101
vn -0.1806 -0.9300 -0.3201
vn -0.2305 -0.9694 -0.0839
vn -0.1682 -0.7090 -0.6848
vn -0.1275 -0.5073 -0.8523
vn -0.1682 0.7090 -0.6848
vn -0.1275 0.5073 -0.8523
vn -0.1806 0.9300 -0.3201
vn -0.2305 0.9694 -0.0839
vn -0.3441 0.9300 0.1291
vn -0.5691 0.7090 0.4164
vn -0.6455 0.5073 0.5709
vn -0.5691 -0.7090 0.4164
vn -0.6456 -0.5073 0.5709
vn -0.3441 -0.9300 0.1291
vn 0.0202 -0.9670 -0.2539
vn -0.0556 -0.9983 -0.0202
vn 0.1209 -0.7645 -0.6332
vn 0.1745 -0.5529 -0.8148
vn 0.1209 0.7645 -0.6332
vn 0.1745 0.5529 -0.8148
vn 0.0202 0.9670 -0.2539
vn -0.0556 0.9983 -0.0202
vn -0.1477 0.9670 0.2075
vn -0.3144 0.7645 0.5628
vn -0.3901 0.5529 0.7363
vn -0.3144 -0.7645 0.5628
vn -0.3901 -0.5529 0.7363
vn -0.1477 -0.9670 0.2075
vn 0.1477 -0.9670 -0.2075
vn 0.0556 -0.9983 0.0202
vn 0.3144 -0.7645 -0.5628
vn 0.3901 -0.5529 -0.7363
vn 0.3144 0.7645 -0.5628
vn 0.3901 0.5529 -0.7363
vn 0.1477 0.9670 -0.2075
vn 0.0556 0.9983 0.0202
vn -0.0202 0.9670 0.2539
vn -0.1209 0.7645 0.6332
vn -0.1745 0.5529 0.8148
vn -0.1209 -0.7645 0.6332
vn -0.1745 -0.5529 0.8148
vn -0.0202 -0.9670 0.2539
vn 0.3441 -0.9300 -0.1291
vn 0.2305 -0.9694 0.0839
vn 0.5691 -0.7090 -0.4164
vn 0.6455 -0.5073 -0.5709
vn 0.5691 0.7090 -0.4164
vn 0.6455 0.5073 -0.5709
vn 0.3441 0.9300 -0.1291
vn 0.2305 0.9694 0.0839
vn 0.1806 0.9300 0.3201
vn 0.1682 0.7090 0.6848
vn 0.1275 0.5073 0.8523
vn 0.1682 -0.7090 0.6848
vn 0.1275 -0.5073 0.8523
vn 0.1806 -0.9300 0.3201
vn 0.6044 -0.7967 0.0101
vn 0.4914 -0.8524 0.1789
vn 0.8049 -0.5702 -0.1641
vn 0.9540 -0.0000 -0.2999
vn 0.8049 0.5702 -0.1641
vn 0.6044 0.7967 0.0101
vn 0.4914 0.8524 0.1789
vn 0.4695 0.7967 0.3807
vn 0.5111 0.5702 0.6431
vn 0.5380 -0.0000 0.8429
vn 0.5111 -0.5702 0.6431
vn 0.4695 -0.7966 0.3807
vn 0.8383 -0.5129 0.1850
vn 0.7787 -0.5597 0.2834
vn 0.9309 -0.3537 0.0914
vn 0.9997 -0.0000 0.0234
vn 0.9309 0.3537 0.0914
vn 0.8383 0.5129 0.1850
vn 0.7787 0.5597 0.2834
vn 0.7611 0.5129 0.3971
vn 0.7718 0.3537 0.5284
vn 0.7809 -0.0000 0.6247
vn 0.7718 -0.3537 0.5284
vn 0.7611 -0.5129 0.3971
vn -0.7871 -0.3548 -0.5045
vn -0.8572 -0.4097 -0.3120
vn -0.7359 -0.2049 -0.6454
vn -0.7171 -0.0000 -0.6970
vn -0.7359 0.2049 -0.6454
vn -0.7871 0.3548 -0.5045
vn -0.8572 0.4097 -0.3120
vn -0.9273 0.3548 -0.1195
vn -0.9786 0.2049 0.0214
vn -0.9973 -0.0000 0.0730
vn -0.9786 -0.2049 0.0214
vn -0.9273 -0.3548 -0.1195
vn -0.5260 -0.6258 -0.5759
vn -0.6496 -0.7226 -0.2364
vn -0.4356 -0.3613 -0.8245
vn -0.4025 -0.0000 -0.9154
vn -0.4356 0.3613 -0.8245
vn -0.5260 0.6258 -0.5759
vn -0.6496 0.7226 -0.2364
vn -0.7732 0.6258 0.1031
vn -0.8636 0.3613 0.3516
vn -0.8967 -0.0000 0.4425
vn -0.8636 -0.3613 0.3516
vn -0.7732 -0.6258 0.1031
vn -0.1906 -0.8040 -0.5633
vn -0.3493 -0.9283 -0.1271
vn -0.0744 -0.4642 -0.8826
vn -0.0318 -0.0000 -0.9995
vn -0.0744 0.4642 -0.8826
vn -0.1906 0.8040 -0.5633
vn -0.3493 0.9283 -0.1271
vn -0.5081 0.8040 0.3090
vn -0.6243 0.4642 0.6283
vn -0.6668 -0.0000 0.7452
vn -0.6243 -0.4642 0.6283
vn -0.5081 -0.8040 0.3090
vn 0.0796 -0.8620 -0.5007
vn -0.0907 -0.9953 -0.0330
vn 0.2042 -0.4977 -0.8430
vn 0.2498 -0.0000 -0.9683
vn 0.2042 0.4977 -0.8430
vn 0.0796 0.8620 -0.5007
vn -0.0907 0.9953 -0.0330
vn -0.2609 0.8620 0.4347
vn -0.3855 0.4977 0.7770
vn -0.4311 -0.0000 0.9023
vn -0.3855 -0.4977 0.7770
vn -0.2609 -0.8620 0.4347
vn 0.2609 -0.8620 -0.4347
vn 0.0907 -0.9953 0.0330
vn 0.3855 -0.4977 -0.7770
vn 0.4311 -0.0000 -0.9023
vn 0.3855 0.4977 -0.7770
vn 0.2609 0.8620 -0.4347
vn 0.0907 0.9953 0.0330
vn -0.0796 0.8620 0.5007
vn -0.2042 0.4977 0.8430
vn -0.2498 -0.0000 0.9683
vn -0.2042 -0.4977 0.8430
vn -0.0796 -0.8620 0.5007
vn 0.5081 -0.8040 -0.3090
vn 0.3493 -0.9283 0.1271
vn 0.6243 -0.4642 -0.6283
vn 0.6668 -0.0000 -0.7452
vn 0.6243 0.4642 -0.6283
vn 0.5081 0.8040 -0.3090
vn 0.3493 0.9283 0.1271
vn 0.1906 0.8040 0.5633
vn 0.0744 0.4642 0.8826
vn 0.0318 -0.0000 0.9995
vn 0.0744 -0.4642 0.8826
vn 0.1906 -0.8040 0.5633
vn 0.7732 -0.6258 -0.1031
vn 0.6496 -0.7226 0.2364
vn 0.8636 -0.3613 -0.3516
vn 0.8967 -0.0000 -0.4425
vn 0.8636 0.3613 -0.3516
vn 0.7732 0.6258 -0.1031
vn 0.6496 0.7226 0.2364
vn 0.5260 0.6258 0.5759
vn 0.4356 0.3613 0.8245
vn 0.4025 -0.0000 0.9154
vn 0.4356 -0.3613 0.8245
vn 0.5260 -0.6258 0.5759
vn 0.9273 -0.3548 0.1195
vn 0.8572 -0.4097 0.3120
vn 0.9786 -0.2049 -0.0214
vn 0.9973 -0.0000 -0.0730
vn 0.9786 0.2049 -0.0214
vn 0.9273 0.3548 0.1195
vn 0.8572 0.4097 0.3120
vn 0.7871 0.3548 0.5045
vn 0.7359 0.2049 0.6454
vn 0.7171 -0.0000 0.6970
vn 0.7359 -0.2049 0.6454
vn 0.7871 -0.3548 0.5045
vn 0.9249 -0.0060 0.3801
vn -0.9249 -0.0060 -0.3801
vn 0.3265 0.4999 -0.8022
vn 0.3463 0.5002 -0.7937
vn -0.0055 1.0000 -0.0023
vn -0.0085 1.0000 -0.0036
vn -0.3318 0.4999 0.8000
vn -0.3546 0.4998 0.7902
vn -0.3263 -0.4999 0.8023
vn -0.3462 -0.5002 0.7937
vn 0.0055 -1.0000 0.0023
vn 0.0085 -1.0000 0.0036
vn 0.3321 -0.4999 -0.7999
vn 0.3547 -0.4998 -0.7901
vn 0.3548 -0.4998 -0.7901
vn 0.3828 0.5006 -0.7764
vn -0.0124 0.9999 -0.0054
vn -0.3953 0.4993 0.7710
vn -0.3829 -0.5006 0.7764
vn 0.0124 -0.9999 0.0054
vn 0.3952 -0.4993 -0.7710
vn 0.4129 0.5011 -0.7606
vn -0.0123 0.9999 -0.0053
vn -0.4252 0.4988 0.7552
vn -0.4129 -0.5011 0.7605
vn 0.0123 -0.9999 0.0053
vn 0.4252 -0.4988 -0.7552
vn 0.4344 0.5013 -0.7483
vn -0.0084 1.0000 -0.0031
vn -0.4428 0.4986 0.7452
vn -0.4344 -0.5013 0.7483
vn 0.0084 -1.0000 0.0031
vn 0.4428 -0.4986 -0.7452
vn 0.4456 0.5014 -0.7416
vn -0.0021 1.0000 0.0006
vn -0.4478 0.4986 0.7422
vn -0.4457 -0.5014 0.7416
vn 0.0021 -1.0000 -0.0006
vn 0.4478 -0.4986 -0.7422
vn 0.4454 0.5014 -0.7418
vn 0.0046 1.0000 0.0046
vn -0.4408 0.4986 0.7464
vn -0.4453 -0.5014 0.7418
vn -0.0046 -1.0000 -0.0046
vn 0.4408 -0.4986 -0.7464
vn 0.4326 0.5015 -0.7492
vn 0.0096 0.9999 0.0076
vn -0.4229 0.4984 0.7568
vn -0.4325 -0.5015 0.7492
vn -0.0096 -0.9999 -0.0076
vn 0.4230 -0.4984 -0.7568
vn 0.4073 0.5019 -0.7630
vn 0.0113 0.9999 0.0085
vn -0.3959 0.4980 0.7716
vn -0.4072 -0.5019 0.7631
vn -0.0113 -0.9999 -0.0085
vn 0.3959 -0.4980 -0.7715
vn 0.3705 0.5025 -0.7812
vn 0.0090 0.9999 0.0074
vn -0.3614 0.4975 0.7886
vn -0.3704 -0.5024 0.7812
vn -0.0090 -0.9999 -0.0074
vn 0.3615 -0.4975 -0.7886
vn 0.3250 0.5028 -0.8009
vn 0.0032 1.0000 0.0048
vn -0.3217 0.4972 0.8058
vn -0.3250 -0.5028 0.8010
vn -0.0032 -1.0000 -0.0049
vn 0.3218 -0.4971 -0.8058
vn 0.2753 0.5029 -0.8193
vn -0.0042 1.0000 0.0021
vn -0.2795 0.4971 0.8214
vn -0.2753 -0.5029 0.8193
vn 0.0042 -1.0000 -0.0021
vn 0.2795 -0.4971 -0.8214
vn 0.2269 0.5025 -0.8343
vn -0.0107 0.9999 0.0001
vn -0.2377 0.4974 0.8343
vn -0.2270 -0.5025 0.8342
vn 0.0107 -0.9999 -0.0001
vn 0.2376 -0.4974 -0.8343
vn 0.1852 0.5020 -0.8448
vn -0.0140 0.9999 -0.0007
vn -0.1993 0.4979 0.8440
vn -0.1853 -0.5020 0.8448
vn 0.0140 -0.9999 0.0007
vn 0.1992 -0.4979 -0.8441
vn 0.1545 0.5016 -0.8512
vn -0.0129 0.9999 -0.0005
vn -0.1675 0.4983 0.8507
vn -0.1546 -0.5016 0.8512
vn 0.0129 -0.9999 0.0005
vn 0.1674 -0.4983 -0.8507
vn 0.1373 0.5014 -0.8542
vn -0.0078 1.0000 0.0004
vn -0.1451 0.4985 0.8546
vn -0.1373 -0.5014 0.8542
vn 0.0078 -1.0000 -0.0004
vn 0.1451 -0.4985 -0.8546
vn 0.1343 0.5014 -0.8547
vn -0.0003 1.0000 0.0016
vn -0.1346 0.4986 0.8563
vn -0.1343 -0.5014 0.8547
vn 0.0003 -1.0000 -0.0016
vn 0.1346 -0.4986 -0.8563
vn 0.1449 0.5014 -0.8530
vn 0.0072 1.0000 0.0028
vn -0.1376 0.4986 0.8558
vn -0.1448 -0.5014 0.8530
vn -0.0072 -1.0000 -0.0028
vn 0.1376 -0.4986 -0.8558
vn 0.1672 0.5011 -0.8491
vn 0.0123 0.9999 0.0037
vn -0.1548 0.4988 0.8528
vn -0.1672 -0.5011 0.8491
vn -0.0123 -0.9999 -0.0037
vn 0.1549 -0.4988 -0.8528
vn 0.1990 0.5007 -0.8424
vn 0.0133 0.9999 0.0039
vn -0.1856 0.4992 0.8464
vn -0.1989 -0.5007 0.8425
vn -0.0133 -0.9999 -0.0039
vn 0.1857 -0.4992 -0.8464
vn 0.2373 0.5002 -0.8328
vn 0.0098 0.9999 0.0030
vn -0.2273 0.4997 0.8358
vn -0.2372 -0.5002 0.8328
vn -0.0098 -0.9999 -0.0030
vn 0.2274 -0.4997 -0.8358
vn 0.2790 0.4999 -0.8199
vn 0.0032 1.0000 0.0010
vn -0.2758 0.5001 0.8209
vn -0.2790 -0.4999 0.8199
vn -0.0032 -1.0000 -0.0010
vn 0.2759 -0.5001 -0.8209
vn 0.3211 0.5000 -0.8043
vn -0.0044 1.0000 -0.0018
vn -0.3256 0.5000 0.8025
vn -0.3212 -0.5000 0.8043
vn 0.0044 -1.0000 0.0018
vn 0.3256 -0.5000 -0.8025
vn 0.3607 0.5003 -0.7871
vn -0.0104 0.9999 -0.0044
vn -0.3712 0.4996 0.7827
vn -0.3607 -0.5003 0.7871
vn 0.0104 -0.9999 0.0044
vn 0.3711 -0.4996 -0.7827
vn 0.3951 0.5008 -0.7701
vn -0.0128 0.9999 -0.0056
vn -0.4080 0.4991 0.7645
vn -0.3952 -0.5008 0.7701
vn 0.0128 -0.9999 0.0056
vn 0.4079 -0.4991 -0.7645
vn 0.4221 0.5012 -0.7554
vn -0.0112 0.9999 -0.0047
vn -0.4334 0.4987 0.7506
vn -0.4222 -0.5012 0.7554
vn 0.0112 -0.9999 0.0047
vn 0.4333 -0.4987 -0.7507
vn 0.4399 0.5014 -0.7450
vn -0.0062 1.0000 -0.0018
vn -0.4462 0.4986 0.7432
vn -0.4399 -0.5014 0.7450
vn 0.0062 -1.0000 0.0018
vn 0.4461 -0.4986 -0.7432
vn 0.4470 0.5014 -0.7408
vn 0.0005 1.0000 0.0022
vn -0.4465 0.4986 0.7430
vn -0.4470 -0.5014 0.7408
vn -0.0005 -1.0000 -0.0022
vn 0.4465 -0.4986 -0.7430
vn 0.4420 0.5014 -0.7438
vn 0.0068 1.0000 0.0059
vn -0.4352 0.4985 0.7497
vn -0.4420 -0.5014 0.7438
vn -0.0068 -1.0000 -0.0059
vn 0.4353 -0.4985 -0.7497
vn 0.4245 0.5017 -0.7538
vn 0.0107 0.9999 0.0082
vn -0.4137 0.4982 0.7620
vn -0.4244 -0.5017 0.7538
vn -0.0107 -0.9999 -0.0082
vn 0.4138 -0.4982 -0.7619
vn 0.3946 0.5021 -0.7695
vn 0.0109 0.9999 0.0083
vn -0.3836 0.4978 0.7779
vn -0.3945 -0.5021 0.7696
vn -0.0109 -0.9999 -0.0083
vn 0.3837 -0.4978 -0.7778
vn 0.3540 0.5027 -0.7887
vn 0.0071 1.0000 0.0065
vn -0.3469 0.4974 0.7951
vn -0.3541 -0.5027 0.7886
vn -0.0072 -1.0000 -0.0065
vn 0.3468 -0.4974 -0.7952
vn 0.3312 0.5028 -0.7985
vn 0.0043 1.0000 0.0053
vn -0.3272 0.4971 0.8037
vn -0.3315 -0.5028 0.7983
vn -0.0043 -1.0000 -0.0053
vn 0.3269 -0.4971 -0.8038
vn 0.2588 -0.0149 0.9658
vn -0.2588 -0.0149 -0.9658
vn 0.8342 0.5006 -0.2311
vn 0.8445 0.4936 -0.2075
vn 0.8446 0.4936 -0.2075
vn -0.0044 0.9999 -0.0116
vn 0.0329 0.9944 0.1006
vn 0.0330 0.9943 0.1009
vn -0.8371 0.5017 0.2183
vn -0.8112 0.4945 0.3121
vn -0.8111 0.4944 0.3125
vn -0.8342 -0.5006 0.2313
vn -0.8430 -0.4945 0.2115
vn 0.0058 -0.9998 0.0167
vn -0.0332 -0.9944 -0.1005
vn -0.0334 -0.9943 -0.1009
vn 0.8379 -0.5017 -0.2149
vn 0.8130 -0.4951 -0.3066
vn 0.8128 -0.4950 -0.3070
vn 0.8106 0.5083 -0.2907
vn 0.8103 0.5084 -0.2914
vn 0.0988 0.9694 0.2249
vn 0.0986 0.9694 0.2248
vn -0.7041 0.4424 0.5555
vn -0.7022 0.4414 0.5587
vn -0.7813 -0.5258 0.3364
vn -0.7810 -0.5259 0.3370
vn -0.0943 -0.9704 -0.2224
vn 0.7159 -0.4448 -0.5382
vn 0.7129 -0.4431 -0.5435
vn 0.7555 0.5233 -0.3942
vn -0.0316 0.9861 0.1633
vn -0.0319 0.9861 0.1632
vn -0.3738 0.3895 0.8418
vn -0.3729 0.3895 0.8422
vn -0.6894 -0.5490 0.4725
vn 0.0289 -0.9869 -0.1590
vn 0.0288 -0.9869 -0.1590
vn 0.3735 -0.3958 -0.8390
vn 0.3730 -0.3958 -0.8392
vn -0.1424 0.5613 -0.8153
vn -0.3376 0.5333 -0.7756
vn -0.3360 0.5337 -0.7761
vn -0.2106 0.9717 0.1070
vn -0.2107 0.9717 0.1071
vn 0.0855 0.4237 0.9017
vn 0.0812 0.4226 0.9027
vn 0.0415 -0.5792 0.8142
vn 0.2786 -0.5503 0.7871
vn 0.2776 -0.5505 0.7874
vn 0.2045 -0.9728 -0.1088
vn 0.2046 -0.9728 -0.1089
vn -0.1068 -0.4261 -0.8984
vn -0.0993 -0.4240 -0.9002
vn -0.5166 0.4924 -0.7005
vn -0.1372 0.9873 0.0806
vn -0.1376 0.9872 0.0808
vn 0.3742 0.4873 0.7890
vn 0.3733 0.4872 0.7895
vn 0.5082 -0.4951 0.7047
vn 0.1399 -0.9868 -0.0818
vn 0.1404 -0.9867 -0.0821
vn -0.3813 -0.4883 -0.7850
vn -0.3802 -0.4881 -0.7856
vn -0.4423 0.4986 -0.7455
vn -0.4426 0.4986 -0.7453
vn 0.0616 0.9975 -0.0359
vn 0.0611 0.9975 -0.0356
vn 0.5054 0.4943 0.7073
vn 0.5053 0.4943 0.7073
vn 0.4463 -0.4989 0.7429
vn 0.4466 -0.4989 0.7427
vn -0.0633 -0.9973 0.0368
vn -0.0627 -0.9974 0.0364
vn -0.5053 -0.4946 -0.7071
vn -0.5052 -0.4947 -0.7071
vn -0.2254 0.4558 -0.8611
vn -0.2282 0.4567 -0.8599
vn 0.2156 0.9708 -0.1050
vn 0.2157 0.9708 -0.1050
vn 0.4674 0.4970 0.7311
vn 0.4678 0.4970 0.7309
vn 0.2412 -0.4575 0.8559
vn 0.2455 -0.4589 0.8539
vn -0.2126 -0.9714 0.1056
vn -0.4251 -0.5117 -0.7466
vn -0.4255 -0.5116 -0.7464
vn 0.1866 0.3958 -0.8992
vn 0.1845 0.3960 -0.8995
vn 0.1084 0.9856 -0.1300
vn 0.1088 0.9855 -0.1299
vn 0.3914 0.5049 0.7694
vn -0.1826 -0.4008 0.8978
vn -0.1809 -0.4010 0.8980
vn -0.1088 -0.9860 0.1261
vn -0.1087 -0.9860 0.1261
vn -0.3069 -0.5286 -0.7915
vn 0.5979 0.4162 -0.6850
vn 0.6009 0.4173 -0.6818
vn -0.0812 0.9755 -0.2046
vn -0.0811 0.9756 -0.2043
vn -0.5170 0.5811 0.6286
vn -0.7051 0.5514 0.4460
vn -0.7064 0.5509 0.4443
vn -0.6090 -0.4178 0.6742
vn -0.6139 -0.4196 0.6686
vn 0.0763 -0.9763 0.2026
vn 0.0761 -0.9763 0.2024
vn 0.4544 -0.5895 -0.6678
vn 0.6693 -0.5635 -0.4842
vn 0.6701 -0.5633 -0.4834
vn 0.7789 0.4844 -0.3983
vn 0.7794 0.4847 -0.3969
vn -0.0690 0.9825 -0.1733
vn -0.0688 0.9825 -0.1730
vn -0.8469 0.4884 0.2103
vn -0.7827 -0.4856 0.3893
vn -0.7833 -0.4859 0.3876
vn 0.0700 -0.9820 0.1756
vn 0.0699 -0.9821 0.1752
vn 0.8404 -0.4931 -0.2247
vn 0.8404 -0.4931 -0.2246
vn 0.8358 0.4992 -0.2285
vn 0.8358 0.4992 -0.2284
vn 0.0087 0.9994 0.0344
vn 0.0089 0.9993 0.0350
vn -0.8272 0.4959 0.2643
vn -0.8271 0.4959 0.2645
vn -0.8362 -0.4994 0.2268
vn -0.8362 -0.4994 0.2267
vn -0.0091 -0.9993 -0.0352
vn -0.0093 -0.9993 -0.0359
vn 0.8282 -0.4961 -0.2606
vn 0.8282 -0.4961 -0.2608
vn 0.8365 0.4954 -0.2342
vn 0.8364 0.4954 -0.2344
vn 0.0859 0.9737 0.2108
vn -0.7504 0.4635 0.4712
vn -0.7494 0.4629 0.4735
vn -0.8207 -0.5065 0.2645
vn -0.8206 -0.5065 0.2648
vn -0.0850 -0.9738 -0.2108
vn -0.0850 -0.9738 -0.2109
vn 0.7577 -0.4655 -0.4575
vn 0.7562 -0.4645 -0.4608
vn 0.8175 0.4971 -0.2907
vn 0.0277 0.9827 0.1831
vn 0.0276 0.9827 0.1830
vn -0.4982 0.3973 0.7706
vn -0.4957 0.3969 0.7725
vn -0.7821 -0.5164 0.3488
vn -0.0281 -0.9830 -0.1815
vn -0.0282 -0.9830 -0.1816
vn 0.5040 -0.4010 -0.7650
vn 0.5010 -0.4004 -0.7673
vn 0.1827 0.5991 -0.7796
vn -0.1553 0.5775 -0.8015
vn -0.1533 0.5778 -0.8016
vn -0.1678 0.9793 0.1135
vn -0.1680 0.9792 0.1136
vn -0.0439 0.4046 0.9134
vn -0.0479 0.4038 0.9136
vn -0.2090 -0.6002 0.7721
vn 0.1163 -0.5832 0.8040
vn 0.1152 -0.5833 0.8040
vn 0.1651 -0.9797 -0.1141
vn 0.1654 -0.9796 -0.1141
vn 0.0302 -0.4073 -0.9128
vn 0.0362 -0.4061 -0.9131
vn -0.5048 0.4927 -0.7088
vn -0.5047 0.4927 -0.7089
vn -0.1836 0.9778 0.1006
vn -0.1837 0.9778 0.1006
vn 0.3096 0.4731 0.8248
vn 0.3079 0.4726 0.8257
vn 0.4828 -0.5003 0.7187
vn 0.4827 -0.5003 0.7188
vn 0.1846 -0.9776 -0.1014
vn 0.1848 -0.9775 -0.1015
vn -0.3211 -0.4747 -0.8195
vn -0.3188 -0.4741 -0.8207
vn -0.4794 0.4997 -0.7214
vn -0.4795 0.4997 -0.7214
vn 0.0014 1.0000 0.0015
vn 0.0009 1.0000 0.0019
vn 0.4806 0.4962 0.7230
vn 0.4805 0.4962 0.7231
vn 0.4817 -0.4998 0.7198
vn 0.4819 -0.4998 0.7197
vn -0.0015 -1.0000 -0.0015
vn -0.0008 -1.0000 -0.0019
vn -0.4830 -0.4963 -0.7214
vn -0.4829 -0.4963 -0.7215
vn -0.3064 0.4762 -0.8243
vn -0.3080 0.4766 -0.8234
vn 0.1856 0.9778 -0.0970
vn 0.1855 0.9779 -0.0969
vn 0.5050 0.4893 0.7110
vn 0.5051 0.4893 0.7109
vn 0.3171 -0.4776 0.8193
vn 0.3194 -0.4782 0.8181
vn -0.1867 -0.9775 0.0978
vn -0.1865 -0.9776 0.0977
vn -0.4830 -0.4969 -0.7210
vn -0.4831 -0.4969 -0.7209
vn 0.0485 0.4075 -0.9119
vn 0.0446 0.4083 -0.9118
vn 0.1683 0.9796 -0.1095
vn 0.1681 0.9797 -0.1095
vn 0.1529 0.5746 0.8041
vn 0.1549 0.5742 0.8039
vn -0.0370 -0.4097 0.9115
vn -0.0310 -0.4109 0.9111
vn -0.1655 -0.9800 0.1101
vn -0.1652 -0.9801 0.1101
vn -0.1147 -0.5800 -0.8065
vn -0.1158 -0.5799 -0.8064
vn 0.4944 0.4006 -0.7714
vn 0.4969 0.4010 -0.7696
vn -0.0300 0.9832 -0.1799
vn -0.0301 0.9832 -0.1800
vn -0.1834 0.5960 0.7817
vn -0.4996 -0.4041 0.7663
vn -0.5026 -0.4046 0.7640
vn 0.0306 -0.9835 0.1784
vn 0.0305 -0.9835 0.1783
vn 0.2098 -0.5971 -0.7742
vn 0.7473 0.4664 -0.4734
vn 0.7483 0.4670 -0.4711
vn -0.0897 0.9738 -0.2091
vn -0.8188 0.4939 0.2926
vn -0.8380 0.4921 0.2359
vn -0.8380 0.4921 0.2357
vn -0.7541 -0.4680 0.4608
vn -0.7555 -0.4690 0.4575
vn 0.0887 -0.9739 0.2091
vn 0.0887 -0.9739 0.2090
vn 0.7833 -0.5132 -0.3507
vn 0.8221 -0.5031 -0.2664
vn 0.8222 -0.5031 -0.2661
vn 0.8251 0.4995 -0.2640
vn 0.8252 0.4995 -0.2638
vn -0.0129 0.9993 -0.0338
vn -0.0127 0.9994 -0.0332
vn -0.8378 0.4957 0.2291
vn -0.8377 0.4957 0.2292
vn -0.8262 -0.4997 0.2603
vn -0.8263 -0.4997 0.2601
vn 0.0133 -0.9993 0.0348
vn 0.0130 -0.9993 0.0340
vn 0.8381 -0.4958 -0.2274
vn 0.8381 -0.4958 -0.2275
vn 0.8452 0.4918 -0.2090
vn 0.0650 0.9825 0.1744
vn 0.0651 0.9825 0.1747
vn -0.7815 0.4812 0.3971
vn -0.7810 0.4809 0.3984
vn -0.8388 -0.4966 0.2233
vn -0.0660 -0.9821 -0.1767
vn -0.0662 -0.9820 -0.1770
vn 0.7855 -0.4824 -0.3877
vn 0.7848 -0.4821 -0.3894
vn 0.7051 0.5542 -0.4423
vn 0.7038 0.5546 -0.4439
vn 0.0780 0.9752 0.2069
vn 0.0781 0.9752 0.2072
vn -0.6026 0.4136 0.6825
vn -0.5997 0.4126 0.6857
vn -0.6688 -0.5666 0.4813
vn -0.6680 -0.5668 0.4821
vn -0.0732 -0.9760 -0.2051
vn -0.0733 -0.9759 -0.2053
vn 0.6158 -0.4160 -0.6691
vn 0.6109 -0.4142 -0.6747
vn 0.5161 0.5841 -0.6265
vn -0.1094 0.9850 0.1338
vn -0.1089 0.9850 0.1338
vn -0.1845 0.3923 0.9012
vn -0.1865 0.3921 0.9008
vn -0.4535 -0.5926 0.6657
vn 0.1093 -0.9855 -0.1301
vn 0.1094 -0.9854 -0.1301
vn 0.1808 -0.3973 -0.8997
vn 0.1825 -0.3972 -0.8994
vn -0.3917 0.5080 -0.7672
vn -0.4677 0.5003 -0.7287
vn -0.4673 0.5004 -0.7289
vn -0.2141 0.9707 0.1088
vn -0.2139 0.9708 0.1088
vn 0.2297 0.4531 0.8613
vn 0.2268 0.4523 0.8626
vn 0.3073 -0.5318 0.7892
vn 0.4255 -0.5149 0.7442
vn 0.4251 -0.5150 0.7443
vn 0.2111 -0.9713 -0.1095
vn -0.2472 -0.4554 -0.8553
vn -0.2429 -0.4540 -0.8573
vn -0.5044 0.4978 -0.7055
vn -0.5045 0.4978 -0.7055
vn -0.0588 0.9975 0.0390
vn -0.0594 0.9975 0.0393
vn 0.4440 0.4951 0.7469
vn 0.4437 0.4951 0.7470
vn 0.5044 -0.4982 0.7053
vn 0.0604 -0.9974 -0.0398
vn 0.0611 -0.9973 -0.0402
vn -0.4480 -0.4954 -0.7443
vn -0.4476 -0.4954 -0.7445
vn -0.3718 0.4907 -0.7880
vn -0.3726 0.4908 -0.7875
vn 0.1397 0.9872 -0.0773
vn 0.1393 0.9872 -0.0771
vn 0.5171 0.4889 0.7025
vn 0.3787 -0.4916 0.7842
vn 0.3798 -0.4918 0.7835
vn -0.1424 -0.9867 0.0785
vn -0.1420 -0.9868 0.0783
vn -0.5087 -0.4917 -0.7067
vn -0.0800 0.4262 -0.9011
vn -0.0844 0.4274 -0.9001
vn 0.2117 0.9719 -0.1031
vn 0.2116 0.9719 -0.1030
vn 0.3357 0.5304 0.7784
vn 0.3374 0.5301 0.7779
vn 0.0980 -0.4276 0.8986
vn 0.1054 -0.4297 0.8968
vn -0.2054 -0.9730 0.1049
vn -0.2053 -0.9731 0.1048
vn -0.2773 -0.5472 -0.7897
vn -0.2783 -0.5470 -0.7895
vn 0.3721 0.3932 -0.8408
vn 0.3730 0.3932 -0.8404
vn 0.0302 0.9867 -0.1597
vn 0.0299 0.9867 -0.1599
vn 0.1418 0.5582 0.8175
vn -0.3722 -0.3994 0.8378
vn -0.3727 -0.3994 0.8376
vn -0.0271 -0.9875 0.1554
vn -0.0272 -0.9875 0.1554
vn -0.0409 -0.5761 -0.8164
vn 0.7001 0.4450 -0.5584
vn 0.7020 0.4460 -0.5552
vn -0.1022 0.9695 -0.2228
vn -0.1024 0.9695 -0.2228
vn -0.7566 0.5202 0.3962
vn -0.8117 0.5052 0.2932
vn -0.8121 0.5050 0.2924
vn -0.7108 -0.4466 0.5434
vn -0.7137 -0.4484 0.5382
vn 0.0978 -0.9705 0.2203
vn 0.6905 -0.5459 -0.4746
vn 0.7824 -0.5226 -0.3388
vn 0.7827 -0.5224 -0.3382
vn 0.8090 0.4980 -0.3122
vn 0.8092 0.4980 -0.3119
vn -0.0369 0.9943 -0.0997
vn -0.0368 0.9944 -0.0994
vn -0.8464 0.4901 0.2084
vn -0.8108 -0.4985 0.3068
vn -0.8109 -0.4986 0.3063
vn 0.0373 -0.9943 0.0997
vn 0.0372 -0.9944 0.0993
vn 0.8448 -0.4910 -0.2125
vn 0.8351 0.5052 -0.2177
vn 0.0004 0.9999 0.0126
vn -0.8362 0.4971 0.2316
vn -0.8359 -0.5053 0.2143
vn -0.0019 -0.9998 -0.0178
vn 0.8362 -0.4971 -0.2318
vn 0.9970 0.0772 -0.0000
vn 0.9720 0.0772 -0.2219
vn 0.9634 0.1535 -0.2199
vn 0.9881 0.1535 -0.0000
vn 0.8983 0.0772 -0.4326
vn 0.8903 0.1535 -0.4287
vn 0.7795 0.0772 -0.6216
vn 0.7726 0.1535 -0.6161
vn 0.6216 0.0772 -0.7795
vn 0.6161 0.1535 -0.7726
vn 0.4326 0.0772 -0.8983
vn 0.4287 0.1535 -0.8903
vn 0.2219 0.0772 -0.9720
vn 0.2199 0.1535 -0.9634
vn -0.0000 0.0772 -0.9970
vn -0.0000 0.1535 -0.9881
vn -0.2219 0.0772 -0.9720
vn -0.2199 0.1535 -0.9634
vn -0.4326 0.0772 -0.8983
vn -0.4287 0.1535 -0.8903
vn -0.6216 0.0772 -0.7795
vn -0.6161 0.1535 -0.7726
vn -0.7795 0.0772 -0.6216
vn -0.7726 0.1535 -0.6161
vn -0.8983 0.0772 -0.4326
vn -0.8903 0.1535 -0.4287
vn -0.9720 0.0772 -0.2219
vn -0.9634 0.1535 -0.2199
vn -0.9970 0.0772 -0.0000
vn -0.9881 0.1535 -0.0000
vn -0.9720 0.0772 0.2219
vn -0.9634 0.1535 0.2199
vn -0.8983 0.0772 0.4326
vn -0.8903 0.1535 0.4287
vn -0.7795 0.0772 0.6216
vn -0.7726 0.1535 0.6161
vn -0.6216 0.0772 0.7795
vn -0.6161 0.1535 0.7726
vn -0.4326 0.0772 0.8983
vn -0.4287 0.1535 0.8903
vn -0.2219 0.0772 0.9720
vn -0.2199 0.1535 0.9634
vn -0.0000 0.0772 0.9970
vn -0.0000 0.1535 0.9881
vn 0.2219 0.0772 0.9720
vn 0.2199 0.1535 0.9634
vn 0.4326 0.0772 0.8983
vn 0.4287 0.1535 0.8903
vn 0.6216 0.0772 0.7795
vn 0.6161 0.1535 0.7726
vn 0.7795 0.0772 0.6216
vn 0.7726 0.1535 0.6161
vn 0.8983 0.0772 0.4326
vn 0.8903 0.1535 0.4287
vn 0.9720 0.0772 0.2219
vn 0.9634 0.1535 0.2199
vn 0.9284 0.3053 -0.2119
vn 0.9523 0.3053 -0.0000
vn 0.8579 0.3053 -0.4132
vn 0.7445 0.3053 -0.5937
vn 0.5937 0.3053 -0.7445
vn 0.4132 0.3053 -0.8579
vn 0.2119 0.3053 -0.9284
vn -0.0000 0.3053 -0.9523
vn -0.2119 0.3053 -0.9284
vn -0.4132 0.3053 -0.8579
vn -0.5937 0.3053 -0.7445
vn -0.7445 0.3053 -0.5937
vn -0.8579 0.3053 -0.4132
vn -0.9284 0.3053 -0.2119
vn -0.9523 0.3053 -0.0000
vn -0.9284 0.3053 0.2119
vn -0.8579 0.3053 0.4132
vn -0.7445 0.3053 0.5937
vn -0.5937 0.3053 0.7445
vn -0.4132 0.3053 0.8579
vn -0.2119 0.3053 0.9284
vn -0.0000 0.3053 0.9523
vn 0.2119 0.3053 0.9284
vn 0.4132 0.3053 0.8579
vn 0.5937 0.3053 0.7445
vn 0.7445 0.3053 0.5937
vn 0.8579 0.3053 0.4132
vn 0.9284 0.3053 0.2119
vn 0.8691 0.4531 -0.1984
vn 0.8914 0.4531 -0.0000
vn 0.8032 0.4531 -0.3868
vn 0.6970 0.4531 -0.5558
vn 0.5558 0.4531 -0.6970
vn 0.3868 0.4531 -0.8032
vn 0.1984 0.4531 -0.8691
vn -0.0000 0.4531 -0.8914
vn -0.1984 0.4531 -0.8691
vn -0.3868 0.4531 -0.8032
vn -0.5558 0.4531 -0.6970
vn -0.6970 0.4531 -0.5558
vn -0.8032 0.4531 -0.3868
vn -0.8691 0.4531 -0.1984
vn -0.8914 0.4531 -0.0000
vn -0.8691 0.4531 0.1984
vn -0.8032 0.4531 0.3868
vn -0.6970 0.4531 0.5558
vn -0.5558 0.4531 0.6970
vn -0.3868 0.4531 0.8032
vn -0.1984 0.4531 0.8691
vn -0.0000 0.4531 0.8914
vn 0.1984 0.4531 0.8691
vn 0.3868 0.4531 0.8032
vn 0.5558 0.4531 0.6970
vn 0.6970 0.4531 0.5558
vn 0.8032 0.4531 0.3868
vn 0.8691 0.4531 0.1984
vn 0.7844 0.5938 -0.1790
vn 0.8046 0.5938 -0.0000
vn 0.7249 0.5938 -0.3491
vn 0.6290 0.5938 -0.5016
vn 0.5016 0.5938 -0.6290
vn 0.3491 0.5938 -0.7249
vn 0.1790 0.5938 -0.7844
vn -0.0000 0.5938 -0.8046
vn -0.1790 0.5938 -0.7844
vn -0.3491 0.5938 -0.7249
vn -0.5016 0.5938 -0.6290
vn -0.6290 0.5938 -0.5016
vn -0.7249 0.5938 -0.3491
vn -0.7844 0.5938 -0.1790
vn -0.8046 0.5938 -0.0000
vn -0.7844 0.5938 0.1790
vn -0.7249 0.5938 0.3491
vn -0.6290 0.5938 0.5016
vn -0.5016 0.5938 0.6290
vn -0.3491 0.5938 0.7249
vn -0.1790 0.5938 0.7844
vn -0.0000 0.5938 0.8046
vn 0.1790 0.5938 0.7844
vn 0.3491 0.5938 0.7249
vn 0.5016 0.5938 0.6290
vn 0.6290 0.5938 0.5016
vn 0.7249 0.5938 0.3491
vn 0.7844 0.5938 0.1790
vn 0.6735 0.7230 -0.1537
vn 0.6908 0.7230 -0.0000
vn 0.6224 0.7230 -0.2997
vn 0.5401 0.7230 -0.4307
vn 0.4307 0.7230 -0.5401
vn 0.2997 0.7230 -0.6224
vn 0.1537 0.7230 -0.6735
vn -0.0000 0.7230 -0.6908
vn -0.1537 0.7230 -0.6735
vn -0.2997 0.7230 -0.6224
vn -0.4307 0.7230 -0.5401
vn -0.5401 0.7230 -0.4307
vn -0.6224 0.7230 -0.2997
vn -0.6735 0.7230 -0.1537
vn -0.6908 0.7230 -0.0000
vn -0.6735 0.7230 0.1537
vn -0.6224 0.7230 0.2997
vn -0.5401 0.7230 0.4307
vn -0.4307 0.7230 0.5401
vn -0.2997 0.7230 0.6224
vn -0.1537 0.7230 0.6735
vn -0.0000 0.7230 0.6908
vn 0.1537 0.7230 0.6735
vn 0.2997 0.7230 0.6224
vn 0.4307 0.7230 0.5401
vn 0.5401 0.7230 0.4307
vn 0.6224 0.7230 0.2997
vn 0.6735 0.7230 0.1537
vn 0.5366 0.8349 -0.1225
vn 0.5504 0.8349 -0.0000
vn 0.4959 0.8349 -0.2388
vn 0.4303 0.8349 -0.3432
vn 0.3432 0.8349 -0.4303
vn 0.2388 0.8349 -0.4959
vn 0.1225 0.8349 -0.5366
vn -0.0000 0.8349 -0.5504
vn -0.1225 0.8349 -0.5366
vn -0.2388 0.8349 -0.4959
vn -0.3432 0.8349 -0.4303
vn -0.4303 0.8349 -0.3432
vn -0.4959 0.8349 -0.2388
vn -0.5366 0.8349 -0.1225
vn -0.5504 0.8349 -0.0000
vn -0.5366 0.8349 0.1225
vn -0.4959 0.8349 0.2388
vn -0.4303 0.8349 0.3432
vn -0.3432 0.8349 0.4303
vn -0.2388 0.8349 0.4959
vn -0.1225 0.8349 0.5366
vn -0.0000 0.8349 0.5504
vn 0.1225 0.8349 0.5366
vn 0.2388 0.8349 0.4959
vn 0.3432 0.8349 0.4303
vn 0.4303 0.8349 0.3432
vn 0.4959 0.8349 0.2388
vn 0.5366 0.8349 0.1225
vn 0.3760 0.9227 -0.0858
vn 0.3856 0.9227 -0.0000
vn 0.3474 0.9227 -0.1673
vn 0.3015 0.9227 -0.2404
vn 0.2404 0.9227 -0.3015
vn 0.1673 0.9227 -0.3474
vn 0.0858 0.9227 -0.3760
vn -0.0000 0.9227 -0.3856
vn -0.0858 0.9227 -0.3760
vn -0.1673 0.9227 -0.3474
vn -0.2404 0.9227 -0.3015
vn -0.3015 0.9227 -0.2404
vn -0.3474 0.9227 -0.1673
vn -0.3760 0.9227 -0.0858
vn -0.3856 0.9227 -0.0000
vn -0.3760 0.9227 0.0858
vn -0.3474 0.9227 0.1673
vn -0.3015 0.9227 0.2404
vn -0.2404 0.9227 0.3015
vn -0.1673 0.9227 0.3474
vn -0.0858 0.9227 0.3760
vn -0.0000 0.9227 0.3856
vn 0.0858 0.9227 0.3760
vn 0.1673 0.9227 0.3474
vn 0.2404 0.9227 0.3015
vn 0.3015 0.9227 0.2404
vn 0.3474 0.9227 0.1673
vn 0.3760 0.9227 0.0858
vn 0.1967 0.9794 -0.0449
vn 0.2018 0.9794 -0.0000
vn 0.1818 0.9794 -0.0875
vn 0.1578 0.9794 -0.1258
vn 0.1258 0.9794 -0.1578
vn 0.0875 0.9794 -0.1818
vn 0.0449 0.9794 -0.1967
vn -0.0000 0.9794 -0.2018
vn -0.0449 0.9794 -0.1967
vn -0.0875 0.9794 -0.1818
vn -0.1258 0.9794 -0.1578
vn -0.1578 0.9794 -0.1258
vn -0.1818 0.9794 -0.0875
vn -0.1967 0.9794 -0.0449
vn -0.2018 0.9794 -0.0000
vn -0.1967 0.9794 0.0449
vn -0.1818 0.9794 0.0875
vn -0.1578 0.9794 0.1258
vn -0.1258 0.9794 0.1578
vn -0.0875 0.9794 0.1818
vn -0.0449 0.9794 0.1967
vn -0.0000 0.9794 0.2018
vn 0.0449 0.9794 0.1967
vn 0.0875 0.9794 0.1818
vn 0.1258 0.9794 0.1578
vn 0.1578 0.9794 0.1258
vn 0.1818 0.9794 0.0875
vn 0.1967 0.9794 0.0449
vn -0.0000 0.4791 -0.8778
vn -0.0000 0.8438 -0.5367
vn 0.3155 0.8438 -0.4342
vn 0.5159 0.4791 -0.7101
vn -0.0000 -0.8438 -0.5367
vn -0.0000 -0.4791 -0.8778
vn 0.5159 -0.4791 -0.7101
vn 0.3155 -0.8438 -0.4342
vn 0.5878 -0.0000 -0.8090
vn 0.8348 -0.4791 -0.2712
vn 0.5104 -0.8438 -0.1659
vn 0.8348 0.4791 -0.2712
vn 0.9511 -0.0000 -0.3090
vn 0.5104 0.8438 -0.1659
vn 0.8348 -0.4791 0.2712
vn 0.5104 -0.8438 0.1659
vn 0.8348 0.4791 0.2712
vn 0.9511 -0.0000 0.3090
vn 0.5104 0.8438 0.1659
vn 0.5159 0.4791 0.7101
vn 0.5878 -0.0000 0.8090
vn 0.3155 0.8438 0.4342
vn 0.3155 -0.8438 0.4342
vn 0.5159 -0.4791 0.7101
vn -0.0000 0.8438 0.5367
vn -0.0000 -0.8438 0.5367
vn -0.0000 -0.4791 0.8778
vn -0.0000 0.4791 0.8778
vn -0.3155 -0.8438 0.4342
vn -0.5878 -0.0000 0.8090
vn -0.5159 -0.4791 0.7101
vn -0.3155 0.8438 0.4342
vn -0.5159 0.4791 0.7101
vn -0.5104 -0.8438 0.1659
vn -0.9511 -0.0000 0.3090
vn -0.8348 -0.4791 0.2712
vn -0.5104 0.8438 0.1659
vn -0.8348 0.4791 0.2712
vn -0.5104 -0.8438 -0.1659
vn -0.9511 -0.0000 -0.3090
vn -0.8348 -0.4791 -0.2712
vn -0.5104 0.8438 -0.1659
vn -0.8348 0.4791 -0.2712
vn -0.5878 -0.0000 -0.8090
vn -0.5159 -0.4791 -0.7101
vn -0.3155 0.8438 -0.4342
vn -0.5159 0.4791 -0.7101
vn -0.3155 -0.8438 -0.4342
vn 0.7071 -0.7071 -0.0000
vn 0.6830 -0.7071 -0.1830
vn 0.6124 -0.7071 -0.3536
vn 0.5000 -0.7071 -0.5000
vn 0.3536 -0.7071 -0.6124
vn 0.1830 -0.7071 -0.6830
vn -0.0000 -0.7071 -0.7071
vn -0.1830 -0.7071 -0.6830
vn -0.3536 -0.7071 -0.6124
vn -0.5000 -0.7071 -0.5000
vn -0.6124 -0.7071 -0.3536
vn -0.6830 -0.7071 -0.1830
vn -0.6830 -0.7071 0.1830
vn -0.6124 -0.7071 0.3536
vn -0.5000 -0.7071 0.5000
vn -0.3536 -0.7071 0.6124
vn -0.1830 -0.7071 0.6830
vn -0.0000 -0.7071 0.7071
vn 0.1830 -0.7071 0.6830
vn 0.3536 -0.7071 0.6124
vn 0.5000 -0.7071 0.5000
vn 0.6124 -0.7071 0.3536
vn 0.6830 -0.7071 0.1830
vn 0.9806 0.1961 -0.0000
vn 0.9472 0.1961 -0.2538
vn 0.9061 0.3464 -0.2428
vn 0.9381 0.3464 -0.0000
vn 0.8492 0.1961 -0.4903
vn 0.8124 0.3464 -0.4691
vn 0.6934 0.1961 -0.6934
vn 0.6633 0.3464 -0.6633
vn 0.4903 0.1961 -0.8492
vn 0.4691 0.3464 -0.8124
vn 0.2538 0.1961 -0.9472
vn 0.2428 0.3464 -0.9061
vn -0.0000 0.1961 -0.9806
vn -0.0000 0.3464 -0.9381
vn -0.2538 0.1961 -0.9472
vn -0.2428 0.3464 -0.9061
vn -0.4903 0.1961 -0.8492
vn -0.4691 0.3464 -0.8124
vn -0.6934 0.1961 -0.6934
vn -0.6633 0.3464 -0.6633
vn -0.8492 0.1961 -0.4903
vn -0.8124 0.3464 -0.4691
vn -0.9472 0.1961 -0.2538
vn -0.9061 0.3464 -0.2428
vn -0.9806 0.1961 -0.0000
vn -0.9381 0.3464 -0.0000
vn -0.9472 0.1961 0.2538
vn -0.9061 0.3464 0.2428
vn -0.8492 0.1961 0.4903
vn -0.8124 0.3464 0.4691
vn -0.6934 0.1961 0.6934
vn -0.6633 0.3464 0.6633
vn -0.4903 0.1961 0.8492
vn -0.4691 0.3464 0.8124
vn -0.2538 0.1961 0.9472
vn -0.2428 0.3464 0.9061
vn -0.0000 0.1961 0.9806
vn -0.0000 0.3464 0.9381
vn 0.2538 0.1961 0.9472
vn 0.2428 0.3464 0.9061
vn 0.4903 0.1961 0.8492
vn 0.4691 0.3464 0.8124
vn 0.6934 0.1961 0.6934
vn 0.6633 0.3464 0.6633
vn 0.8492 0.1961 0.4903
vn 0.8124 0.3464 0.4691
vn 0.9472 0.1961 0.2538
vn 0.9061 0.3464 0.2428
vn 0.9238 0.2920 -0.2475
vn 0.9564 0.2920 -0.0000
vn 0.8283 0.2920 -0.4782
vn 0.6763 0.2920 -0.6763
vn 0.4782 0.2920 -0.8283
vn 0.2475 0.2920 -0.9238
vn -0.0000 0.2920 -0.9564
vn -0.2475 0.2920 -0.9238
vn -0.4782 0.2920 -0.8283
vn -0.6763 0.2920 -0.6763
vn -0.8283 0.2920 -0.4782
vn -0.9238 0.2920 -0.2475
vn -0.9564 0.2920 -0.0000
vn -0.9238 0.2920 0.2475
vn -0.8283 0.2920 0.4782
vn -0.6763 0.2920 0.6763
vn -0.4782 0.2920 0.8283
vn -0.2475 0.2920 0.9238
vn -0.0000 0.2920 0.9564
vn 0.2475 0.2920 0.9238
vn 0.4782 0.2920 0.8283
vn 0.6763 0.2920 0.6763
vn 0.8283 0.2920 0.4782
vn 0.9238 0.2920 0.2475
vn 0.9278 -0.2782 -0.2486
vn 0.9605 -0.2782 -0.0000
vn 0.8318 -0.2782 -0.4803
vn 0.6792 -0.2782 -0.6792
vn 0.4803 -0.2782 -0.8318
vn 0.2486 -0.2782 -0.9278
vn -0.0000 -0.2782 -0.9605
vn -0.2486 -0.2782 -0.9278
vn -0.4803 -0.2782 -0.8318
vn -0.6792 -0.2782 -0.6792
vn -0.8318 -0.2782 -0.4803
vn -0.9278 -0.2782 -0.2486
vn -0.9605 -0.2782 -0.0000
vn -0.9278 -0.2782 0.2486
vn -0.8318 -0.2782 0.4803
vn -0.6792 -0.2782 0.6792
vn -0.4803 -0.2782 0.8318
vn -0.2486 -0.2782 0.9278
vn -0.0000 -0.2782 0.9605
vn 0.2486 -0.2782 0.9278
vn 0.4803 -0.2782 0.8318
vn 0.6792 -0.2782 0.6792
vn 0.8318 -0.2782 0.4803
vn 0.9278 -0.2782 0.2486
vn 0.7913 -0.5735 -0.2120
vn 0.8192 -0.5735 -0.0000
vn 0.7095 -0.5735 -0.4096
vn 0.5793 -0.5735 -0.5793
vn 0.4096 -0.5735 -0.7095
vn 0.2120 -0.5735 -0.7913
vn -0.0000 -0.5735 -0.8192
vn -0.2120 -0.5735 -0.7913
vn -0.4096 -0.5735 -0.7095
vn -0.5793 -0.5735 -0.5793
vn -0.7095 -0.5735 -0.4096
vn -0.7913 -0.5735 -0.2120
vn -0.8192 -0.5735 -0.0000
vn -0.7913 -0.5735 0.2120
vn -0.7095 -0.5735 0.4096
vn -0.5793 -0.5735 0.5793
vn -0.4096 -0.5735 0.7095
vn -0.2120 -0.5735 0.7913
vn -0.0000 -0.5735 0.8192
vn 0.2120 -0.5735 0.7913
vn 0.4096 -0.5735 0.7095
vn 0.5793 -0.5735 0.5793
vn 0.7095 -0.5735 0.4096
vn 0.7913 -0.5735 0.2120
vn 0.9864 -0.1644 -0.0000
vn 0.9528 -0.1644 -0.2553
vn 0.8542 -0.1644 -0.4932
vn 0.6975 -0.1644 -0.6975
vn 0.4932 -0.1644 -0.8542
vn 0.2553 -0.1644 -0.9528
vn -0.0000 -0.1644 -0.9864
vn -0.2553 -0.1644 -0.9528
vn -0.4932 -0.1644 -0.8542
vn -0.6975 -0.1644 -0.6975
vn -0.8542 -0.1644 -0.4932
vn -0.9528 -0.1644 -0.2553
vn -0.9864 -0.1644 -0.0000
vn -0.9528 -0.1644 0.2553
vn -0.8542 -0.1644 0.4932
vn -0.6975 -0.1644 0.6975
vn -0.4932 -0.1644 0.8542
vn -0.2553 -0.1644 0.9528
vn -0.0000 -0.1644 0.9864
vn 0.2553 -0.1644 0.9528
vn 0.4932 -0.1644 0.8542
vn 0.6975 -0.1644 0.6975
vn 0.8542 -0.1644 0.4932
vn 0.9528 -0.1644 0.2553
vn 0.8575 0.5145 -0.0000
vn 0.8283 0.5145 -0.2219
vn 0.7426 0.5145 -0.4287
vn 0.6063 0.5145 -0.6063
vn 0.4287 0.5145 -0.7426
vn 0.2219 0.5145 -0.8283
vn -0.0000 0.5145 -0.8575
vn -0.2219 0.5145 -0.8283
vn -0.4287 0.5145 -0.7426
vn -0.6063 0.5145 -0.6063
vn -0.7426 0.5145 -0.4287
vn -0.8283 0.5145 -0.2219
vn -0.8575 0.5145 -0.0000
vn -0.8283 0.5145 0.2219
vn -0.7426 0.5145 0.4287
vn -0.6063 0.5145 0.6063
vn -0.4287 0.5145 0.7426
vn -0.2219 0.5145 0.8283
vn -0.0000 0.5145 0.8575
vn 0.2219 0.5145 0.8283
vn 0.4287 0.5145 0.7426
vn 0.6063 0.5145 0.6063
vn 0.7426 0.5145 0.4287
vn 0.8283 0.5145 0.2219
vn -0.6520 -0.7561 0.0571
vn 0.2792 -0.1144 0.9534
vn 0.2793 -0.1144 0.9534
vn -0.8151 0.4967 0.2983
vn -0.8104 0.4948 0.3136
vn 0.0321 0.9934 0.1098
vn 0.0337 0.9928 0.1148
vn 0.8472 0.4967 -0.1886
vn 0.8441 0.4980 -0.1989
vn 0.8150 -0.4967 -0.2984
vn 0.8104 -0.4948 -0.3138
vn -0.0321 -0.9934 -0.1098
vn -0.0337 -0.9928 -0.1149
vn -0.8472 -0.4967 0.1885
vn -0.8441 -0.4980 0.1988
vn -0.7961 0.4890 0.3565
vn 0.0383 0.9909 0.1287
vn 0.8343 0.5019 -0.2283
vn 0.7958 -0.4889 -0.3572
vn -0.0383 -0.9909 -0.1288
vn -0.8344 -0.5018 0.2280
vn -0.7657 0.4769 0.4316
vn 0.0478 0.9871 0.1525
vn 0.0478 0.9872 0.1525
vn 0.8126 0.5102 -0.2818
vn 0.8125 0.5102 -0.2819
vn 0.7641 -0.4763 -0.4350
vn -0.0479 -0.9871 -0.1528
vn -0.8134 -0.5099 0.2802
vn -0.8133 -0.5099 0.2802
vn -0.6981 0.4502 0.5568
vn -0.6983 0.4503 0.5564
vn 0.0695 0.9787 0.1934
vn 0.0694 0.9787 0.1932
vn 0.7584 0.5300 -0.3794
vn 0.7582 0.5300 -0.3797
vn 0.6852 -0.4462 -0.5757
vn 0.6854 -0.4463 -0.5754
vn -0.0707 -0.9783 -0.1947
vn -0.0706 -0.9783 -0.1947
vn -0.7649 -0.5269 0.3706
vn -0.7645 -0.5270 0.3712
vn -0.5660 0.3955 0.7234
vn -0.5701 0.3973 0.7191
vn 0.1290 0.9573 0.2587
vn 0.1275 0.9579 0.2574
vn 0.6074 0.5842 -0.5383
vn 0.6058 0.5847 -0.5396
vn 0.4684 -0.3693 -0.8027
vn 0.4694 -0.3696 -0.8019
vn -0.1333 -0.9561 -0.2611
vn -0.1330 -0.9562 -0.2609
vn -0.6486 -0.5663 0.5086
vn -0.6381 -0.5694 0.5182
vn -0.4778 0.3565 0.8029
vn 0.2668 0.9133 0.3078
vn 0.2671 0.9132 0.3079
vn 0.2848 0.6956 -0.6596
vn 0.2845 0.6957 -0.6596
vn 0.0167 -0.2206 -0.9752
vn 0.0171 -0.2207 -0.9752
vn -0.2667 -0.9127 -0.3097
vn -0.2665 -0.9127 -0.3097
vn -0.2762 -0.7073 0.6507
vn -0.2884 -0.7034 0.6496
vn 0.5358 0.0243 0.8440
vn 0.6268 0.0087 0.7791
vn 0.6363 0.0070 0.7714
vn 0.4138 0.8658 0.2813
vn 0.4159 0.8652 0.2800
vn -0.0738 0.8041 -0.5899
vn -0.0717 0.8035 -0.5910
vn -0.4768 -0.0654 -0.8766
vn -0.4779 -0.0651 -0.8760
vn -0.4090 -0.8674 -0.2834
vn -0.4093 -0.8673 -0.2832
vn 0.1652 -0.8279 0.5360
vn 0.1116 -0.8119 0.5730
vn 0.7755 -0.0209 0.6310
vn 0.7760 -0.0210 0.6304
vn 0.4852 0.8455 0.2229
vn 0.4854 0.8455 0.2227
vn -0.2732 0.8592 -0.4326
vn -0.2727 0.8591 -0.4331
vn -0.7521 0.0133 -0.6589
vn -0.7524 0.0133 -0.6586
vn -0.4834 -0.8461 -0.2245
vn -0.4835 -0.8461 -0.2244
vn 0.2860 -0.8614 0.4197
vn 0.2852 -0.8611 0.4208
vn 0.8616 -0.0399 0.5060
vn 0.8617 -0.0399 0.5059
vn 0.5088 0.8401 0.1879
vn 0.5088 0.8401 0.1878
vn -0.3511 0.8791 -0.3224
vn -0.3510 0.8791 -0.3225
vn -0.8586 0.0391 -0.5112
vn -0.8586 0.0391 -0.5111
vn -0.5086 -0.8402 -0.1882
vn 0.3528 -0.8794 0.3197
vn 0.3527 -0.8794 0.3198
vn 0.9010 -0.0476 0.4313
vn 0.5164 0.8387 0.1731
vn -0.3843 0.8861 -0.2591
vn -0.9004 0.0475 -0.4324
vn -0.5164 -0.8387 -0.1732
vn 0.3846 -0.8862 0.2585
vn 0.9182 -0.0503 0.3930
vn 0.5171 0.8386 0.1716
vn -0.4011 0.8888 -0.2217
vn -0.9181 0.0503 -0.3933
vn -0.5171 -0.8386 -0.1716
vn 0.4011 -0.8888 0.2215
vn 0.9237 -0.0509 0.3797
vn 0.5133 0.8390 0.1805
vn -0.4103 0.8899 -0.1993
vn -0.9237 0.0509 -0.3798
vn -0.5134 -0.8390 -0.1804
vn 0.4104 -0.8899 0.1993
vn 0.9206 -0.0507 0.3871
vn 0.5053 0.8395 0.2000
vn -0.4154 0.8902 -0.1871
vn -0.9207 0.0507 -0.3869
vn -0.5053 -0.8395 -0.1998
vn 0.4154 -0.8902 0.1871
vn 0.9082 -0.0506 0.4155
vn 0.4909 0.8395 0.2327
vn 0.4910 0.8395 0.2326
vn -0.4173 0.8902 -0.1828
vn -0.9084 0.0506 -0.4150
vn -0.4911 -0.8395 -0.2323
vn 0.4173 -0.8902 0.1828
vn 0.8811 -0.0519 0.4701
vn 0.4655 0.8382 0.2841
vn -0.4158 0.8903 -0.1859
vn -0.8819 0.0518 -0.4686
vn -0.8819 0.0518 -0.4687
vn -0.4660 -0.8382 -0.2831
vn -0.4661 -0.8382 -0.2831
vn 0.4158 -0.8903 0.1859
vn 0.8255 -0.0579 0.5614
vn 0.4170 0.8328 0.3641
vn 0.4171 0.8328 0.3640
vn -0.4092 0.8909 -0.1970
vn -0.8288 0.0573 -0.5566
vn -0.8287 0.0573 -0.5567
vn -0.4194 -0.8330 -0.3608
vn -0.4195 -0.8330 -0.3607
vn 0.4091 -0.8910 0.1971
vn 0.7095 -0.0775 0.7004
vn 0.7093 -0.0775 0.7006
vn 0.3183 0.8159 0.4827
vn 0.3186 0.8160 0.4824
vn -0.3927 0.8937 -0.2171
vn -0.3926 0.8937 -0.2171
vn -0.7224 0.0744 -0.6874
vn -0.7220 0.0744 -0.6879
vn -0.3275 -0.8172 -0.4742
vn -0.3281 -0.8173 -0.4737
vn 0.3923 -0.8938 0.2174
vn 0.4826 -0.1302 0.8661
vn 0.4821 -0.1303 0.8664
vn 0.1252 0.7722 0.6229
vn 0.1258 0.7724 0.6226
vn -0.3582 0.9017 -0.2423
vn -0.3581 0.9017 -0.2423
vn -0.5070 0.1237 -0.8530
vn -0.5051 0.1241 -0.8541
vn -0.1409 -0.7760 -0.6148
vn -0.1429 -0.7765 -0.6137
vn 0.3577 -0.9018 0.2425
vn 0.1433 -0.2279 0.9631
vn 0.1434 -0.2278 0.9631
vn -0.1640 0.6901 0.7049
vn -0.1642 0.6900 0.7049
vn -0.3062 0.9166 -0.2569
vn -0.1380 0.2321 -0.9628
vn -0.1382 0.2321 -0.9628
vn 0.1675 -0.6909 -0.7033
vn 0.1684 -0.6906 -0.7033
vn 0.3064 -0.9165 0.2570
vn -0.1875 -0.3400 0.9215
vn -0.1870 -0.3398 0.9217
vn -0.4484 0.5921 0.6697
vn -0.4492 0.5918 0.6694
vn -0.2592 0.9325 -0.2513
vn -0.2593 0.9325 -0.2514
vn 0.2176 0.3504 -0.9109
vn 0.2160 0.3498 -0.9116
vn 0.4668 -0.5846 -0.6636
vn 0.4693 -0.5837 -0.6626
vn 0.2598 -0.9323 0.2515
vn -0.4003 -0.4246 0.8120
vn -0.4001 -0.4246 0.8122
vn -0.6362 0.5166 0.5731
vn -0.6365 0.5165 0.5729
vn -0.2348 0.9423 -0.2387
vn -0.2349 0.9423 -0.2387
vn 0.4136 0.4298 -0.8026
vn 0.4133 0.4296 -0.8029
vn 0.6454 -0.5121 -0.5668
vn 0.6459 -0.5119 -0.5663
vn 0.2351 -0.9422 0.2388
vn -0.5061 -0.4735 0.7208
vn -0.5061 -0.4735 0.7209
vn -0.7347 0.4713 0.4879
vn -0.7348 0.4713 0.4878
vn -0.2283 0.9453 -0.2328
vn 0.5095 0.4751 -0.7174
vn 0.7373 -0.4699 -0.4853
vn 0.7374 -0.4699 -0.4852
vn 0.2284 -0.9453 0.2329
vn -0.5519 -0.4977 0.6691
vn -0.7838 0.4457 0.4324
vn -0.2319 0.9435 -0.2367
vn 0.5527 0.4981 -0.6681
vn 0.7845 -0.4453 -0.4315
vn 0.2318 -0.9435 0.2367
vn -0.5655 -0.5057 0.6515
vn -0.8075 0.4319 0.4019
vn -0.2420 0.9376 -0.2498
vn 0.5656 0.5057 -0.6514
vn 0.8077 -0.4318 -0.4016
vn 0.2419 -0.9376 0.2497
vn 0.2420 -0.9376 0.2497
vn -0.5578 -0.5007 0.6620
vn -0.8160 0.4264 0.3904
vn -0.2584 0.9270 -0.2719
vn 0.5575 0.5005 -0.6624
vn 0.8160 -0.4264 -0.3903
vn 0.2583 -0.9271 0.2718
vn -0.5310 -0.4819 0.6970
vn -0.8130 0.4285 0.3943
vn -0.2823 0.9101 -0.3032
vn 0.5304 0.4814 -0.6978
vn 0.8129 -0.4286 -0.3944
vn 0.2821 -0.9103 0.3030
vn -0.4831 -0.4455 0.7537
vn -0.7988 0.4393 0.4111
vn -0.3164 0.8842 -0.3435
vn -0.3164 0.8842 -0.3436
vn 0.4819 0.4446 -0.7550
vn 0.7986 -0.4394 -0.4113
vn 0.3160 -0.8845 0.3431
vn -0.4093 -0.3856 0.8269
vn -0.7721 0.4609 0.4375
vn -0.7721 0.4609 0.4374
vn -0.3639 0.8456 -0.3905
vn -0.3640 0.8456 -0.3905
vn 0.4075 0.3841 -0.8285
vn 0.7718 -0.4612 -0.4377
vn 0.3634 -0.8461 0.3900
vn -0.3062 -0.2968 0.9045
vn -0.7320 0.4956 0.4675
vn -0.7320 0.4955 0.4675
vn -0.4269 0.7914 -0.4375
vn -0.4269 0.7914 -0.4376
vn 0.3045 0.2953 -0.9056
vn 0.7317 -0.4958 -0.4677
vn 0.4264 -0.7919 0.4372
vn 0.4264 -0.7918 0.4372
vn -0.1791 -0.1813 0.9670
vn -0.1790 -0.1813 0.9670
vn -0.6810 0.5419 0.4925
vn -0.5022 0.7231 -0.4743
vn 0.1788 0.1811 -0.9671
vn 0.6810 -0.5420 -0.4925
vn 0.5021 -0.7231 0.4743
vn -0.0458 -0.0546 0.9975
vn -0.6271 0.5932 0.5049
vn -0.5801 0.6489 -0.4923
vn 0.0475 0.0563 -0.9973
vn 0.6274 -0.5929 -0.5049
vn 0.5807 -0.6483 0.4923
vn 0.5807 -0.6484 0.4923
vn 0.0702 0.0603 0.9957
vn -0.5802 0.6395 0.5043
vn -0.6489 0.5808 -0.4916
vn -0.6488 0.5808 -0.4916
vn -0.0678 -0.0578 -0.9960
vn -0.0678 -0.0579 -0.9960
vn 0.5806 -0.6391 -0.5044
vn 0.6497 -0.5800 0.4915
vn 0.6496 -0.5800 0.4915
vn 0.1551 0.1474 0.9768
vn -0.5468 0.6738 0.4970
vn -0.7007 0.5275 -0.4803
vn -0.7007 0.5276 -0.4803
vn -0.1532 -0.1455 -0.9774
vn 0.5471 -0.6734 -0.4971
vn 0.5471 -0.6735 -0.4971
vn 0.7014 -0.5269 0.4801
vn 0.7013 -0.5269 0.4801
vn 0.2068 0.2022 0.9573
vn -0.5282 0.6935 0.4900
vn -0.7344 0.4919 -0.4676
vn -0.2058 -0.2012 -0.9577
vn 0.5283 -0.6933 -0.4900
vn 0.5283 -0.6934 -0.4900
vn 0.7347 -0.4916 0.4675
vn 0.2289 0.2262 0.9468
vn -0.5230 0.6991 0.4875
vn -0.7518 0.4730 -0.4594
vn -0.7518 0.4731 -0.4594
vn -0.2287 -0.2260 -0.9469
vn 0.5230 -0.6991 -0.4875
vn 0.7519 -0.4729 0.4594
vn 0.2254 0.2224 0.9485
vn -0.5297 0.6917 0.4909
vn -0.7553 0.4692 -0.4577
vn -0.2257 -0.2227 -0.9484
vn 0.5296 -0.6918 -0.4908
vn 0.7552 -0.4692 0.4577
vn 0.1992 0.1927 0.9608
vn -0.5472 0.6720 0.4990
vn -0.7466 0.4790 -0.4617
vn -0.1998 -0.1934 -0.9606
vn 0.5470 -0.6722 -0.4990
vn 0.7465 -0.4791 0.4618
vn 0.1528 0.1396 0.9783
vn -0.5741 0.6412 0.5092
vn -0.7272 0.5012 -0.4690
vn -0.1535 -0.1405 -0.9781
vn 0.5739 -0.6414 -0.5091
vn 0.7270 -0.5014 0.4691
vn 0.0908 0.0681 0.9935
vn -0.6083 0.6019 0.5174
vn -0.6988 0.5341 -0.4758
vn -0.0901 -0.0673 -0.9937
vn 0.6086 -0.6016 -0.5174
vn 0.6989 -0.5340 0.4758
vn 0.0566 0.0286 0.9980
vn -0.6266 0.5803 0.5202
vn -0.6823 0.5528 -0.4784
vn -0.0545 -0.0261 -0.9982
vn 0.6272 -0.5795 -0.5203
vn 0.6828 -0.5523 0.4783
vn 0.4339 -0.0000 -0.9010
vn 0.7818 -0.0000 -0.6235
vn 0.9749 -0.0000 -0.2225
vn 0.9749 -0.0000 0.2225
vn 0.7818 -0.0000 0.6235
vn 0.4339 -0.0000 0.9010
vn -0.4339 -0.0000 0.9010
vn -0.7818 -0.0000 0.6235
vn -0.9749 -0.0000 0.2225
vn -0.9749 -0.0000 -0.2225
vn -0.7818 -0.0000 -0.6235
vn -0.4339 -0.0000 -0.9010
vn -0.0000 0.6913 -0.7226
vn -0.0000 0.9122 -0.4097
vn 0.2049 0.9122 -0.3548
vn 0.3613 0.6913 -0.6258
vn -0.0000 -0.9122 -0.4097
vn -0.0000 -0.6913 -0.7226
vn 0.3613 -0.6913 -0.6258
vn 0.2049 -0.9122 -0.3548
vn -0.0000 -0.3718 -0.9283
vn 0.5000 -0.0000 -0.8660
vn 0.4642 -0.3718 -0.8040
vn -0.0000 0.3718 -0.9283
vn 0.4642 0.3718 -0.8040
vn 0.8660 -0.0000 -0.5000
vn 0.8040 -0.3718 -0.4642
vn 0.6258 0.6913 -0.3613
vn 0.8040 0.3718 -0.4642
vn 0.3548 0.9122 -0.2049
vn 0.3548 -0.9122 -0.2049
vn 0.6258 -0.6913 -0.3613
vn 0.4097 -0.9122 -0.0000
vn 0.9283 -0.3718 -0.0000
vn 0.7226 -0.6913 -0.0000
vn 0.9283 0.3718 -0.0000
vn 0.4097 0.9122 -0.0000
vn 0.7226 0.6913 -0.0000
vn 0.8040 0.3718 0.4642
vn 0.8660 -0.0000 0.5000
vn 0.3548 0.9122 0.2049
vn 0.6258 0.6913 0.3613
vn 0.6258 -0.6913 0.3613
vn 0.3548 -0.9122 0.2049
vn 0.8040 -0.3718 0.4642
vn 0.3613 -0.6913 0.6258
vn 0.2049 -0.9122 0.3548
vn 0.5000 -0.0000 0.8660
vn 0.4642 -0.3718 0.8040
vn 0.3613 0.6913 0.6258
vn 0.4642 0.3718 0.8040
vn 0.2049 0.9122 0.3548
vn -0.0000 0.6913 0.7226
vn -0.0000 0.3718 0.9283
vn -0.0000 0.9122 0.4097
vn -0.0000 -0.9122 0.4097
vn -0.0000 -0.3718 0.9283
vn -0.0000 -0.6913 0.7226
vn -0.2049 -0.9122 0.3548
vn -0.4642 -0.3718 0.8040
vn -0.3613 -0.6913 0.6258
vn -0.4642 0.3718 0.8040
vn -0.5000 -0.0000 0.8660
vn -0.2049 0.9122 0.3548
vn -0.3613 0.6913 0.6258
vn -0.3548 0.9122 0.2049
vn -0.6258 0.6913 0.3613
vn -0.6258 -0.6913 0.3613
vn -0.3548 -0.9122 0.2049
vn -0.8660 -0.0000 0.5000
vn -0.8040 -0.3718 0.4642
vn -0.8040 0.3718 0.4642
vn -0.7226 -0.6913 -0.0000
vn -0.4097 -0.9122 -0.0000
vn -0.9283 -0.3718 -0.0000
vn -0.7226 0.6913 -0.0000
vn -0.9283 0.3718 -0.0000
vn -0.4097 0.9122 -0.0000
vn -0.3548 0.9122 -0.2049
vn -0.3548 -0.9122 -0.2049
vn -0.8040 -0.3718 -0.4642
vn -0.6258 -0.6913 -0.3613
vn -0.8040 0.3718 -0.4642
vn -0.8660 -0.0000 -0.5000
vn -0.6258 0.6913 -0.3613
vn -0.4642 -0.3718 -0.8040
vn -0.3613 -0.6913 -0.6258
vn -0.4642 0.3718 -0.8040
vn -0.5000 -0.0000 -0.8660
vn -0.2049 0.9122 -0.3548
vn -0.3613 0.6913 -0.6258
vn -0.2049 -0.9122 -0.3548
vt 0.000000 0.000000
vt 1.000000 0.000000
vt 0.600000 0.000000
vt 0.800000 0.000000
vt 0.400000 0.000000
vt 0.200000 0.000000
vt 0.000000 1.000000
vt 0.250000 1.000000
vt 0.250000 0.833333
vt 0.000000 0.833333
vt 0.000000 0.166667
vt 0.250000 0.166667
vt 0.250000 0.000000
vt 0.000000 0.333333
vt 0.250000 0.333333
vt 0.000000 0.500000
vt 0.250000 0.500000
vt 0.000000 0.666667
vt 0.250000 0.666667
vt 0.500000 1.000000
vt 0.500000 0.833333
vt 0.500000 0.166667
vt 0.500000 0.000000
vt 0.500000 0.333333
vt 0.500000 0.500000
vt 0.500000 0.666667
vt 0.750000 1.000000
vt 0.750000 0.833333
vt 0.750000 0.166667
vt 0.750000 0.000000
vt 0.750000 0.333333
vt 0.750000 0.500000
vt 0.750000 0.666667
vt 1.000000 1.000000
vt 1.000000 0.833333
vt 1.000000 0.166667
vt 1.000000 0.333333
vt 1.000000 0.500000
vt 1.000000 0.666667
vt 0.031250 1.000000
vt 0.031250 0.833333
vt 0.031250 0.166667
vt 0.031250 0.000000
vt 0.031250 0.333333
vt 0.031250 0.500000
vt 0.031250 0.666667
vt 0.062500 1.000000
vt 0.062500 0.833333
vt 0.062500 0.166667
vt 0.062500 0.000000
vt 0.062500 0.333333
vt 0.062500 0.500000
vt 0.062500 0.666667
vt 0.093750 1.000000
vt 0.093750 0.833333
vt 0.093750 0.166667
vt 0.093750 0.000000
vt 0.093750 0.333333
vt 0.093750 0.500000
vt 0.093750 0.666667
vt 0.125000 1.000000
vt 0.125000 0.833333
vt 0.125000 0.166667
vt 0.125000 0.000000
vt 0.125000 0.333333
vt 0.125000 0.500000
vt 0.125000 0.666667
vt 0.156250 1.000000
vt 0.156250 0.833333
vt 0.156250 0.166667
vt 0.156250 0.000000
vt 0.156250 0.333333
vt 0.156250 0.500000
vt 0.156250 0.666667
vt 0.187500 1.000000
vt 0.187500 0.833333
vt 0.187500 0.166667
vt 0.187500 0.000000
vt 0.187500 0.333333
vt 0.187500 0.500000
vt 0.187500 0.666667
vt 0.218750 1.000000
vt 0.218750 0.833333
vt 0.218750 0.166667
vt 0.218750 0.000000
vt 0.218750 0.333333
vt 0.218750 0.500000
vt 0.218750 0.666667
vt 0.281250 1.000000
vt 0.281250 0.833333
vt 0.281250 0.166667
vt 0.281250 0.000000
vt 0.281250 0.333333
vt 0.281250 0.500000
vt 0.281250 0.666667
vt 0.312500 1.000000
vt 0.312500 0.833333
vt 0.312500 0.166667
vt 0.312500 0.000000
vt 0.312500 0.333333
vt 0.312500 0.500000
vt 0.312500 0.666667
vt 0.343750 1.000000
vt 0.343750 0.833333
vt 0.343750 0.166667
vt 0.343750 0.000000
vt 0.343750 0.333333
vt 0.343750 0.500000
vt 0.343750 0.666667
vt 0.375000 1.000000
vt 0.375000 0.833333
vt 0.375000 0.166667
vt 0.375000 0.000000
vt 0.375000 0.333333
vt 0.375000 0.500000
vt 0.375000 0.666667
vt 0.406250 1.000000
vt 0.406250 0.833333
vt 0.406250 0.166667
vt 0.406250 0.000000
vt 0.406250 0.333333
vt 0.406250 0.500000
vt 0.406250 0.666667
vt 0.437500 1.000000
vt 0.437500 0.833333
vt 0.437500 0.166667
vt 0.437500 0.000000
vt 0.437500 0.333333
vt 0.437500 0.500000
vt 0.437500 0.666667
vt 0.468750 1.000000
vt 0.468750 0.833333
vt 0.468750 0.166667
vt 0.468750 0.000000
vt 0.468750 0.333333
vt 0.468750 0.500000
vt 0.468750 0.666667
vt 0.531250 1.000000
vt 0.531250 0.833333
vt 0.531250 0.166667
vt 0.531250 0.000000
vt 0.531250 0.333333
vt 0.531250 0.500000
vt 0.531250 0.666667
vt 0.562500 1.000000
vt 0.562500 0.833333
vt 0.562500 0.166667
vt 0.562500 0.000000
vt 0.562500 0.333333
vt 0.562500 0.500000
vt 0.562500 0.666667
vt 0.593750 1.000000
vt 0.593750 0.833333
vt 0.593750 0.166667
vt 0.593750 0.000000
vt 0.593750 0.333333
vt 0.593750 0.500000
vt 0.593750 0.666667
vt 0.625000 1.000000
vt 0.625000 0.833333
vt 0.625000 0.166667
vt 0.625000 0.000000
vt 0.625000 0.333333
vt 0.625000 0.500000
vt 0.625000 0.666667
vt 0.656250 1.000000
vt 0.656250 0.833333
vt 0.656250 0.166667
vt 0.656250 0.000000
vt 0.656250 0.333333
vt 0.656250 0.500000
vt 0.656250 0.666667
vt 0.687500 1.000000
vt 0.687500 0.833333
vt 0.687500 0.166667
vt 0.687500 0.000000
vt 0.687500 0.333333
vt 0.687500 0.500000
vt 0.687500 0.666667
vt 0.718750 1.000000
vt 0.718750 0.833333
vt 0.718750 0.166667
vt 0.718750 0.000000
vt 0.718750 0.333333
vt 0.718750 0.500000
vt 0.718750 0.666667
vt 0.781250 1.000000
vt 0.781250 0.833333
vt 0.781250 0.166667
vt 0.781250 0.000000
vt 0.781250 0.333333
vt 0.781250 0.500000
vt 0.781250 0.666667
vt 0.812500 1.000000
vt 0.812500 0.833333
vt 0.812500 0.166667
vt 0.812500 0.000000
vt 0.812500 0.333333
vt 0.812500 0.500000
vt 0.812500 0.666667
vt 0.843750 1.000000
vt 0.843750 0.833333
vt 0.843750 0.166667
vt 0.843750 0.000000
vt 0.843750 0.333333
vt 0.843750 0.500000
vt 0.843750 0.666667
vt 0.875000 1.000000
vt 0.875000 0.833333
vt 0.875000 0.166667
vt 0.875000 0.000000
vt 0.875000 0.333333
vt 0.875000 0.500000
vt 0.875000 0.666667
vt 0.906250 1.000000
vt 0.906250 0.833333
vt 0.906250 0.166667
vt 0.906250 0.000000
vt 0.906250 0.333333
vt 0.906250 0.500000
vt 0.906250 0.666667
vt 0.937500 1.000000
vt 0.937500 0.833333
vt 0.937500 0.166667
vt 0.937500 0.000000
vt 0.937500 0.333333
vt 0.937500 0.500000
vt 0.937500 0.666667
vt 0.968750 1.000000
vt 0.968750 0.833333
vt 0.968750 0.166667
vt 0.968750 0.000000
vt 0.968750 0.333333
vt 0.968750 0.500000
vt 0.968750 0.666667
vt 0.025000 1.000000
vt 0.025000 0.833333
vt 0.025000 0.166667
vt 0.025000 0.000000
vt 0.025000 0.333333
vt 0.025000 0.500000
vt 0.025000 0.666667
vt 0.050000 1.000000
vt 0.050000 0.833333
vt 0.050000 0.166667
vt 0.050000 0.000000
vt 0.050000 0.333333
vt 0.050000 0.500000
vt 0.050000 0.666667
vt 0.075000 1.000000
vt 0.075000 0.833333
vt 0.075000 0.166667
vt 0.075000 0.000000
vt 0.075000 0.333333
vt 0.075000 0.500000
vt 0.075000 0.666667
vt 0.100000 1.000000
vt 0.100000 0.833333
vt 0.100000 0.166667
vt 0.100000 0.000000
vt 0.100000 0.333333
vt 0.100000 0.500000
vt 0.100000 0.666667
vt 0.150000 1.000000
vt 0.150000 0.833333
vt 0.150000 0.166667
vt 0.150000 0.000000
vt 0.150000 0.333333
vt 0.150000 0.500000
vt 0.150000 0.666667
vt 0.175000 1.000000
vt 0.175000 0.833333
vt 0.175000 0.166667
vt 0.175000 0.000000
vt 0.175000 0.333333
vt 0.175000 0.500000
vt 0.175000 0.666667
vt 0.200000 1.000000
vt 0.200000 0.833333
vt 0.200000 0.166667
vt 0.200000 0.333333
vt 0.200000 0.500000
vt 0.200000 0.666667
vt 0.225000 1.000000
vt 0.225000 0.833333
vt 0.225000 0.166667
vt 0.225000 0.000000
vt 0.225000 0.333333
vt 0.225000 0.500000
vt 0.225000 0.666667
vt 0.275000 1.000000
vt 0.275000 0.833333
vt 0.275000 0.166667
vt 0.275000 0.000000
vt 0.275000 0.333333
vt 0.275000 0.500000
vt 0.275000 0.666667
vt 0.300000 1.000000
vt 0.300000 0.833333
vt 0.300000 0.166667
vt 0.300000 0.000000
vt 0.300000 0.333333
vt 0.300000 0.500000
vt 0.300000 0.666667
vt 0.325000 1.000000
vt 0.325000 0.833333
vt 0.325000 0.166667
vt 0.325000 0.000000
vt 0.325000 0.333333
vt 0.325000 0.500000
vt 0.325000 0.666667
vt 0.350000 1.000000
vt 0.350000 0.833333
vt 0.350000 0.166667
vt 0.350000 0.000000
vt 0.350000 0.333333
vt 0.350000 0.500000
vt 0.350000 0.666667
vt 0.400000 1.000000
vt 0.400000 0.833333
vt 0.400000 0.166667
vt 0.400000 0.333333
vt 0.400000 0.500000
vt 0.400000 0.666667
vt 0.425000 1.000000
vt 0.425000 0.833333
vt 0.425000 0.166667
vt 0.425000 0.000000
vt 0.425000 0.333333
vt 0.425000 0.500000
vt 0.425000 0.666667
vt 0.450000 1.000000
vt 0.450000 0.833333
vt 0.450000 0.166667
vt 0.450000 0.000000
vt 0.450000 0.333333
vt 0.450000 0.500000
vt 0.450000 0.666667
vt 0.475000 1.000000
vt 0.475000 0.833333
vt 0.475000 0.166667
vt 0.475000 0.000000
vt 0.475000 0.333333
vt 0.475000 0.500000
vt 0.475000 0.666667
vt 0.525000 1.000000
vt 0.525000 0.833333
vt 0.525000 0.166667
vt 0.525000 0.000000
vt 0.525000 0.333333
vt 0.525000 0.500000
vt 0.525000 0.666667
vt 0.550000 1.000000
vt 0.550000 0.833333
vt 0.550000 0.166667
vt 0.550000 0.000000
vt 0.550000 0.333333
vt 0.550000 0.500000
vt 0.550000 0.666667
vt 0.575000 1.000000
vt 0.575000 0.833333
vt 0.575000 0.166667
vt 0.575000 0.000000
vt 0.575000 0.333333
vt 0.575000 0.500000
vt 0.575000 0.666667
vt 0.600000 1.000000
vt 0.600000 0.833333
vt 0.600000 0.166667
vt 0.600000 0.333333
vt 0.600000 0.500000
vt 0.600000 0.666667
vt 0.650000 1.000000
vt 0.650000 0.833333
vt 0.650000 0.166667
vt 0.650000 0.000000
vt 0.650000 0.333333
vt 0.650000 0.500000
vt 0.650000 0.666667
vt 0.675000 1.000000
vt 0.675000 0.833333
vt 0.675000 0.166667
vt 0.675000 0.000000
vt 0.675000 0.333333
vt 0.675000 0.500000
vt 0.675000 0.666667
vt 0.700000 1.000000
vt 0.700000 0.833333
vt 0.700000 0.166667
vt 0.700000 0.000000
vt 0.700000 0.333333
vt 0.700000 0.500000
vt 0.700000 0.666667
vt 0.725000 1.000000
vt 0.725000 0.833333
vt 0.725000 0.166667
vt 0.725000 0.000000
vt 0.725000 0.333333
vt 0.725000 0.500000
vt 0.725000 0.666667
vt 0.775000 1.000000
vt 0.775000 0.833333
vt 0.775000 0.166667
vt 0.775000 0.000000
vt 0.775000 0.333333
vt 0.775000 0.500000
vt 0.775000 0.666667
vt 0.800000 1.000000
vt 0.800000 0.833333
vt 0.800000 0.166667
vt 0.800000 0.333333
vt 0.800000 0.500000
vt 0.800000 0.666667
vt 0.825000 1.000000
vt 0.825000 0.833333
vt 0.825000 0.166667
vt 0.825000 0.000000
vt 0.825000 0.333333
vt 0.825000 0.500000
vt 0.825000 0.666667
vt 0.850000 1.000000
vt 0.850000 0.833333
vt 0.850000 0.166667
vt 0.850000 0.000000
vt 0.850000 0.333333
vt 0.850000 0.500000
vt 0.850000 0.666667
vt 0.900000 1.000000
vt 0.900000 0.833333
vt 0.900000 0.166667
vt 0.900000 0.000000
vt 0.900000 0.333333
vt 0.900000 0.500000
vt 0.900000 0.666667
vt 0.925000 1.000000
vt 0.925000 0.833333
vt 0.925000 0.166667
vt 0.925000 0.000000
vt 0.925000 0.333333
vt 0.925000 0.500000
vt 0.925000 0.666667
vt 0.950000 1.000000
vt 0.950000 0.833333
vt 0.950000 0.166667
vt 0.950000 0.000000
vt 0.950000 0.333333
vt 0.950000 0.500000
vt 0.950000 0.666667
vt 0.975000 1.000000
vt 0.975000 0.833333
vt 0.975000 0.166667
vt 0.975000 0.000000
vt 0.975000 0.333333
vt 0.975000 0.500000
vt 0.975000 0.666667
s 1
usemtl cream
f 1/1/1 4/1/2 6/1/3 5/1/4
f 4/1/2 8/1/5 9/1/6 6/1/3
f 2/1/7 7/1/8 9/1/6 8/1/5
f 7/1/8 11/1/9 12/1/10 9/1/6
f 3/1/11 10/1/12 12/1/10 11/1/9
f 10/1/12 5/1/4 6/1/3 12/1/10
f 6/1/3 9/1/6 12/1/10
f 13/1/13 16/1/14 18/1/15 17/1/16
f 16/1/14 20/1/17 21/1/18 18/1/15
f 14/1/19 19/1/20 21/1/18 20/1/17
f 19/1/20 23/1/21 24/1/22 21/1/18
f 15/1/23 22/1/24 24/1/22 23/1/21
f 22/1/24 17/1/16 18/1/15 24/1/22
f 18/1/15 21/1/18 24/1/22
f 25/1/25 28/1/26 30/1/27 29/1/28
f 28/1/26 32/1/29 33/1/30 30/1/27
f 26/1/31 31/1/32 33/1/30 32/1/29
f 31/1/32 35/1/33 36/1/34 33/1/30
f 27/1/35 34/1/36 36/1/34 35/1/33
f 34/1/36 29/1/28 30/1/27 36/1/34
f 30/1/27 33/1/30 36/1/34
f 37/1/37 40/1/38 42/1/39 41/1/40
f 40/1/38 44/1/41 45/1/42 42/1/39
f 38/1/43 43/1/44 45/1/42 44/1/41
f 43/1/44 47/1/45 48/1/46 45/1/42
f 39/1/47 46/1/48 48/1/46 47/1/45
f 46/1/48 41/1/40 42/1/39 48/1/46
f 42/1/39 45/1/42 48/1/46
f 49/1/49 52/1/50 54/1/51 53/1/52
f 52/1/50 56/1/53 57/1/54 54/1/51
f 50/1/55 55/1/56 57/1/54 56/1/53
f 55/1/56 59/1/57 60/1/58 57/1/54
f 51/1/59 58/1/60 60/1/58 59/1/57
f 58/1/60 53/1/52 54/1/51 60/1/58
f 54/1/51 57/1/54 60/1/58
f 61/1/61 64/1/62 66/1/63 65/1/64
f 64/1/62 68/1/65 69/1/66 66/1/63
f 62/1/67 67/1/68 69/1/66 68/1/65
f 67/1/68 71/1/69 72/1/70 69/1/66
f 63/1/71 70/1/72 72/1/70 71/1/69
f 70/1/72 65/1/64 66/1/63 72/1/70
f 66/1/63 69/1/66 72/1/70
f 73/1/73 76/1/74 78/1/75 77/1/76
f 76/1/74 80/1/77 81/1/78 78/1/75
f 74/1/79 79/1/80 81/1/78 80/1/77
f 79/1/80 83/1/81 84/1/82 81/1/78
f 75/1/83 82/1/84 84/1/82 83/1/81
f 82/1/84 77/1/76 78/1/75 84/1/82
f 78/1/75 81/1/78 84/1/82
f 85/1/85 88/1/86 90/1/87 89/1/88
f 88/1/86 92/1/89 93/1/90 90/1/87
f 86/1/91 91/1/92 93/1/90 92/1/89
f 91/1/92 95/1/93 96/1/94 93/1/90
f 87/1/95 94/1/96 96/1/94 95/1/93
f 94/1/96 89/1/88 90/1/87 96/1/94
f 90/1/87 93/1/90 96/1/94
f 25/1/25 1/1/1 5/1/4 28/1/26
f 28/1/26 5/1/4 10/1/12 32/1/29
f 32/1/29 10/1/12 3/1/11 26/1/31
f 2/1/7 13/1/13 17/1/16 7/1/8
f 7/1/8 17/1/16 22/1/24 11/1/9
f 11/1/9 22/1/24 15/1/23 3/1/11
f 14/1/19 37/1/37 41/1/40 19/1/20
f 19/1/20 41/1/40 46/1/48 23/1/21
f 23/1/21 46/1/48 39/1/47 15/1/23
f 38/1/43 27/1/35 35/1/33 43/1/44
f 43/1/44 35/1/33 31/1/32 47/1/45
f 47/1/45 31/1/32 26/1/31 39/1/47
f 73/1/73 25/1/25 29/1/28 76/1/74
f 76/1/74 29/1/28 34/1/36 80/1/77
f 80/1/77 34/1/36 27/1/35 74/1/79
f 37/1/37 85/1/85 89/1/88 40/1/38
f 40/1/38 89/1/88 94/1/96 44/1/41
f 44/1/41 94/1/96 87/1/95 38/1/43
f 86/1/91 75/1/83 83/1/81 91/1/92
f 91/1/92 83/1/81 79/1/80 95/1/93
f 95/1/93 79/1/80 74/1/79 87/1/95
f 49/1/49 73/1/73 77/1/76 52/1/50
f 52/1/50 77/1/76 82/1/84 56/1/53
f 56/1/53 82/1/84 75/1/83 50/1/55
f 85/1/85 61/1/61 65/1/64 88/1/86
f 88/1/86 65/1/64 70/1/72 92/1/89
f 92/1/89 70/1/72 63/1/71 86/1/91
f 62/1/67 51/1/59 59/1/57 67/1/68
f 67/1/68 59/1/57 55/1/56 71/1/69
f 71/1/69 55/1/56 50/1/55 63/1/71
f 1/1/1 49/1/49 53/1/52 4/1/2
f 4/1/2 53/1/52 58/1/60 8/1/5
f 8/1/5 58/1/60 51/1/59 2/1/7
f 61/1/61 14/1/19 20/1/17 64/1/62
f 64/1/62 20/1/17 16/1/14 68/1/65
f 68/1/65 16/1/14 13/1/13 62/1/67
f 25/1/25 73/1/73 49/1/49 1/1/1
f 3/1/11 15/1/23 39/1/47 26/1/31
f 51/1/59 62/1/67 13/1/13 2/1/7
f 85/1/85 37/1/37 14/1/19 61/1/61
f 27/1/35 38/1/43 87/1/95 74/1/79
f 75/1/83 86/1/91 63/1/71 50/1/55
f 1041/1/536 1043/1/842 1042/1/843
f 1041/1/536 1044/1/844 1043/1/842
f 1041/1/536 1045/1/845 1044/1/844
f 1041/1/536 1046/1/846 1045/1/845
f 1041/1/536 1047/1/847 1046/1/846
f 1041/1/536 1048/1/848 1047/1/847
f 1041/1/536 1049/1/849 1048/1/848
f 1041/1/536 1050/1/850 1049/1/849
f 1041/1/536 1051/1/851 1050/1/850
f 1041/1/536 1052/1/852 1051/1/851
f 1041/1/536 1053/1/853 1052/1/852
f 1041/1/536 1042/1/843 1053/1/853
f 1042/1/843 1043/1/842 1055/1/854 1054/1/855
f 1043/1/842 1044/1/844 1056/1/856 1055/1/854
f 1044/1/844 1045/1/845 1057/1/857 1056/1/856
f 1045/1/845 1046/1/846 1058/1/858 1057/1/857
f 1046/1/846 1047/1/847 1059/1/859 1058/1/858
f 1047/1/847 1048/1/848 1060/1/860 1059/1/859
f 1048/1/848 1049/1/849 1061/1/861 1060/1/860
f 1049/1/849 1050/1/850 1062/1/862 1061/1/861
f 1050/1/850 1051/1/851 1063/1/863 1062/1/862
f 1051/1/851 1052/1/852 1064/1/864 1063/1/863
f 1052/1/852 1053/1/853 1065/1/865 1064/1/864
f 1053/1/853 1042/1/843 1054/1/855 1065/1/865
f 1054/1/855 1055/1/854 1067/1/866 1066/1/867
f 1055/1/854 1056/1/856 1068/1/868 1067/1/866
f 1056/1/856 1057/1/857 1069/1/869 1068/1/868
f 1057/1/857 1058/1/858 1070/1/870 1069/1/871
f 1058/1/858 1059/1/859 1071/1/872 1070/1/870
f 1059/1/859 1060/1/860 1072/1/873 1071/1/872
f 1060/1/860 1061/1/861 1073/1/874 1072/1/873
f 1061/1/861 1062/1/862 1074/1/875 1073/1/874
f 1062/1/862 1063/1/863 1075/1/876 1074/1/875
f 1063/1/863 1064/1/864 1076/1/877 1075/1/878
f 1064/1/864 1065/1/865 1077/1/879 1076/1/877
f 1065/1/865 1054/1/855 1066/1/867 1077/1/879
f 1066/1/867 1067/1/866 1079/1/880 1078/1/881
f 1067/1/866 1068/1/868 1080/1/882 1079/1/880
f 1068/1/868 1069/1/869 1081/1/883 1080/1/882
f 1069/1/871 1070/1/870 1082/1/884 1081/1/885
f 1070/1/870 1071/1/872 1083/1/886 1082/1/884
f 1071/1/872 1072/1/873 1084/1/887 1083/1/886
f 1072/1/873 1073/1/874 1085/1/888 1084/1/887
f 1073/1/874 1074/1/875 1086/1/889 1085/1/888
f 1074/1/875 1075/1/876 1087/1/890 1086/1/889
f 1075/1/878 1076/1/877 1088/1/891 1087/1/892
f 1076/1/877 1077/1/879 1089/1/893 1088/1/891
f 1077/1/879 1066/1/867 1078/1/881 1089/1/893
f 1078/1/881 1079/1/880 1091/1/894 1090/1/895
f 1079/1/880 1080/1/882 1092/1/896 1091/1/894
f 1080/1/882 1081/1/883 1093/1/897 1092/1/896
f 1081/1/885 1082/1/884 1094/1/898 1093/1/899
f 1082/1/884 1083/1/886 1095/1/900 1094/1/898
f 1083/1/886 1084/1/887 1096/1/901 1095/1/900
f 1084/1/887 1085/1/888 1097/1/902 1096/1/901
f 1085/1/888 1086/1/889 1098/1/903 1097/1/902
f 1086/1/889 1087/1/890 1099/1/904 1098/1/903
f 1087/1/892 1088/1/891 1100/1/905 1099/1/906
f 1088/1/891 1089/1/893 1101/1/907 1100/1/905
f 1089/1/893 1078/1/881 1090/1/895 1101/1/907
f 1090/1/895 1091/1/894 1103/1/908 1102/1/909
f 1091/1/894 1092/1/896 1104/1/910 1103/1/908
f 1092/1/896 1093/1/897 1105/1/911 1104/1/910
f 1093/1/899 1094/1/898 1106/1/912 1105/1/913
f 1094/1/898 1095/1/900 1107/1/914 1106/1/912
f 1095/1/900 1096/1/901 1108/1/915 1107/1/914
f 1096/1/901 1097/1/902 1109/1/916 1108/1/915
f 1097/1/902 1098/1/903 1110/1/917 1109/1/916
f 1098/1/903 1099/1/904 1111/1/918 1110/1/917
f 1099/1/906 1100/1/905 1112/1/919 1111/1/920
f 1100/1/905 1101/1/907 1113/1/921 1112/1/919
f 1101/1/907 1090/1/895 1102/1/909 1113/1/921
f 1102/1/909 1103/1/908 1115/1/922 1114/1/923
f 1103/1/908 1104/1/910 1116/1/924 1115/1/922
f 1104/1/910 1105/1/911 1117/1/925 1116/1/924
f 1105/1/913 1106/1/912 1118/1/926 1117/1/925
f 1106/1/912 1107/1/914 1119/1/927 1118/1/926
f 1107/1/914 1108/1/915 1120/1/928 1119/1/927
f 1108/1/915 1109/1/916 1121/1/929 1120/1/928
f 1109/1/916 1110/1/917 1122/1/930 1121/1/929
f 1110/1/917 1111/1/918 1123/1/931 1122/1/930
f 1111/1/920 1112/1/919 1124/1/932 1123/1/931
f 1112/1/919 1113/1/921 1125/1/933 1124/1/932
f 1113/1/921 1102/1/909 1114/1/923 1125/1/933
f 1114/1/923 1115/1/922 1127/1/934 1126/1/935
f 1115/1/922 1116/1/924 1128/1/936 1127/1/934
f 1116/1/924 1117/1/925 1129/1/937 1128/1/936
f 1117/1/925 1118/1/926 1130/1/938 1129/1/937
f 1118/1/926 1119/1/927 1131/1/939 1130/1/938
f 1119/1/927 1120/1/928 1132/1/940 1131/1/939
f 1120/1/928 1121/1/929 1133/1/941 1132/1/940
f 1121/1/929 1122/1/930 1134/1/942 1133/1/941
f 1122/1/930 1123/1/931 1135/1/943 1134/1/942
f 1123/1/931 1124/1/932 1136/1/944 1135/1/943
f 1124/1/932 1125/1/933 1137/1/945 1136/1/944
f 1125/1/933 1114/1/923 1126/1/935 1137/1/945
f 1126/1/935 1127/1/934 1138/1/637
f 1127/1/934 1128/1/936 1138/1/637
f 1128/1/936 1129/1/937 1138/1/637
f 1129/1/937 1130/1/938 1138/1/637
f 1130/1/938 1131/1/939 1138/1/637
f 1131/1/939 1132/1/940 1138/1/637
f 1132/1/940 1133/1/941 1138/1/637
f 1133/1/941 1134/1/942 1138/1/637
f 1134/1/942 1135/1/943 1138/1/637
f 1135/1/943 1136/1/944 1138/1/637
f 1136/1/944 1137/1/945 1138/1/637
f 1137/1/945 1126/1/935 1138/1/637
usemtl teal
f 97/1/97 100/1/98 101/1/99 103/1/100
f 98/1/101 102/1/102 101/1/103 100/1/104
f 99/1/105 103/1/106 101/1/107 102/1/108
f 104/1/109 107/1/110 108/1/111 110/1/112
f 105/1/113 109/1/114 108/1/115 107/1/116
f 106/1/117 110/1/118 108/1/119 109/1/120
f 111/1/121 114/1/122 115/1/123 117/1/124
f 112/1/125 116/1/126 115/1/127 114/1/128
f 113/1/129 117/1/130 115/1/131 116/1/132
f 118/1/133 121/1/134 122/1/135 124/1/136
f 119/1/137 123/1/138 122/1/139 121/1/140
f 120/1/141 124/1/142 122/1/143 123/1/144
f 125/1/145 128/1/146 129/1/147 131/1/148
f 126/1/149 130/1/150 129/1/151 128/1/152
f 127/1/153 131/1/154 129/1/155 130/1/156
f 132/1/157 135/1/158 136/1/159 138/1/160
f 133/1/161 137/1/162 136/1/163 135/1/164
f 134/1/165 138/1/166 136/1/167 137/1/168
f 139/1/169 142/1/170 143/1/171 145/1/172
f 140/1/173 144/1/174 143/1/175 142/1/176
f 141/1/177 145/1/178 143/1/179 144/1/180
f 146/1/181 149/1/182 150/1/183 152/1/184
f 147/1/185 151/1/186 150/1/187 149/1/188
f 148/1/189 152/1/190 150/1/191 151/1/192
f 111/1/121 97/1/97 103/1/100 114/1/122
f 114/1/128 103/1/106 99/1/105 112/1/125
f 98/1/101 104/1/109 110/1/112 102/1/102
f 102/1/108 110/1/118 106/1/117 99/1/105
f 105/1/113 118/1/133 124/1/136 109/1/114
f 109/1/120 124/1/142 120/1/141 106/1/117
f 119/1/137 113/1/129 116/1/132 123/1/138
f 123/1/144 116/1/126 112/1/125 120/1/141
f 139/1/169 111/1/121 117/1/124 142/1/170
f 142/1/176 117/1/130 113/1/129 140/1/173
f 118/1/133 146/1/181 152/1/184 121/1/134
f 121/1/140 152/1/190 148/1/189 119/1/137
f 147/1/185 141/1/177 144/1/180 151/1/186
f 151/1/192 144/1/174 140/1/173 148/1/189
f 125/1/145 139/1/169 145/1/172 128/1/146
f 128/1/152 145/1/178 141/1/177 126/1/149
f 146/1/181 132/1/157 138/1/160 149/1/182
f 149/1/188 138/1/166 134/1/165 147/1/185
f 133/1/161 127/1/153 130/1/156 137/1/162
f 137/1/168 130/1/150 126/1/149 134/1/165
f 97/1/97 125/1/145 131/1/148 100/1/98
f 100/1/104 131/1/154 127/1/153 98/1/101
f 132/1/157 105/1/113 107/1/116 135/1/158
f 135/1/164 107/1/110 104/1/109 133/1/161
f 111/1/121 139/1/169 125/1/145 97/1/97
f 99/1/105 106/1/117 120/1/141 112/1/125
f 127/1/153 133/1/161 104/1/109 98/1/101
f 146/1/181 118/1/133 105/1/113 132/1/157
f 113/1/129 119/1/137 148/1/189 140/1/173
f 141/1/177 147/1/185 134/1/165 126/1/149
f 715/1/300 716/1/300 718/1/522 717/1/522
f 717/1/522 718/1/522 720/1/523 719/1/523
f 719/1/523 720/1/523 722/1/524 721/1/524
f 721/1/524 722/1/524 724/1/525 723/1/525
f 723/1/525 724/1/525 726/1/526 725/1/526
f 725/1/526 726/1/526 728/1/527 727/1/527
f 727/1/527 728/1/527 730/1/528 729/1/528
f 729/1/528 730/1/528 732/1/298 731/1/298
f 731/1/298 732/1/298 734/1/529 733/1/529
f 733/1/529 734/1/529 736/1/530 735/1/530
f 735/1/530 736/1/530 738/1/531 737/1/531
f 737/1/531 738/1/531 740/1/532 739/1/532
f 739/1/532 740/1/532 742/1/533 741/1/533
f 741/1/533 742/1/533 744/1/534 743/1/534
f 718/1/289 716/1/289 746/1/289 744/1/289 742/1/289 740/1/289 738/1/289 736/1/289 734/1/289 732/1/289 730/1/289 728/1/289 726/1/289 724/1/289 722/1/289 720/1/289
f 743/1/534 744/1/534 746/1/535 745/1/535
f 745/1/535 746/1/535 716/1/300 715/1/300
f 715/1/294 717/1/294 719/1/294 721/1/294 723/1/294 725/1/294 727/1/294 729/1/294 731/1/294 733/1/294 735/1/294 737/1/294 739/1/294 741/1/294 743/1/294 745/1/294
f 2423/2/2103 2421/3/2103 2422/4/2103
f 2423/2/2103 2420/5/2103 2421/3/2103
f 2418/1/2103 2420/5/2103 2423/2/2103
f 2418/1/2103 2419/6/2103 2420/5/2103
f 2427/3/2104 2429/2/2104 2428/4/2105
f 2426/5/2104 2429/2/2104 2427/3/2104
f 2426/5/2104 2424/1/2104 2429/2/2104
f 2425/6/2104 2424/1/2104 2426/5/2104
f 2424/7/2106 2430/236/2107 2435/237/2107 2429/10/2106
f 2425/11/2108 2431/238/2109 2430/239/2109 2424/1/2108
f 2426/14/2110 2432/240/2111 2431/238/2111 2425/11/2110
f 2427/16/2112 2433/241/2113 2432/240/2113 2426/14/2112
f 2428/18/2114 2434/242/2115 2433/241/2115 2427/16/2114
f 2429/10/2116 2435/237/2117 2434/242/2117 2428/18/2116
f 2430/236/2107 2436/243/2118 2441/244/2118 2435/237/2107
f 2431/238/2109 2437/245/2119 2436/246/2119 2430/239/2109
f 2432/240/2111 2438/247/2120 2437/245/2120 2431/238/2111
f 2433/241/2113 2439/248/2121 2438/247/2121 2432/240/2113
f 2434/242/2115 2440/249/2122 2439/248/2122 2433/241/2115
f 2435/237/2117 2441/244/2123 2440/249/2123 2434/242/2117
f 2436/243/2118 2442/250/2124 2447/251/2124 2441/244/2118
f 2437/245/2119 2443/252/2125 2442/253/2126 2436/246/2119
f 2438/247/2120 2444/254/2127 2443/252/2128 2437/245/2120
f 2439/248/2121 2445/255/2129 2444/254/2129 2438/247/2121
f 2440/249/2122 2446/256/2130 2445/255/2130 2439/248/2122
f 2441/244/2123 2447/251/2131 2446/256/2132 2440/249/2123
f 2442/250/2124 2448/257/2133 2453/258/2134 2447/251/2124
f 2443/252/2125 2449/259/2135 2448/260/2136 2442/253/2126
f 2444/254/2127 2450/261/2137 2449/259/2138 2443/252/2128
f 2445/255/2129 2451/262/2139 2450/261/2140 2444/254/2129
f 2446/256/2130 2452/263/2141 2451/262/2142 2445/255/2130
f 2447/251/2131 2453/258/2143 2452/263/2144 2446/256/2132
f 2448/257/2133 2454/61/2145 2459/62/2146 2453/258/2134
f 2449/259/2135 2455/63/2147 2454/64/2148 2448/260/2136
f 2450/261/2137 2456/65/2149 2455/63/2150 2449/259/2138
f 2451/262/2139 2457/66/2151 2456/65/2152 2450/261/2140
f 2452/263/2141 2458/67/2153 2457/66/2154 2451/262/2142
f 2453/258/2143 2459/62/2155 2458/67/2156 2452/263/2144
f 2454/61/2145 2460/264/2157 2465/265/2157 2459/62/2146
f 2455/63/2147 2461/266/2158 2460/267/2159 2454/64/2148
f 2456/65/2149 2462/268/2160 2461/266/2161 2455/63/2150
f 2457/66/2151 2463/269/2162 2462/268/2163 2456/65/2152
f 2458/67/2153 2464/270/2164 2463/269/2165 2457/66/2154
f 2459/62/2155 2465/265/2166 2464/270/2167 2458/67/2156
f 2460/264/2168 2466/271/2169 2471/272/2170 2465/265/2168
f 2461/266/2158 2467/273/2171 2466/274/2172 2460/267/2159
f 2462/268/2160 2468/275/2173 2467/273/2174 2461/266/2161
f 2463/269/2162 2469/276/2175 2468/275/2176 2462/268/2163
f 2464/270/2164 2470/277/2177 2469/276/2178 2463/269/2165
f 2465/265/2166 2471/272/2179 2470/277/2180 2464/270/2167
f 2466/271/2169 2472/278/2181 2477/279/2182 2471/272/2170
f 2467/273/2171 2473/280/2183 2472/6/2184 2466/274/2172
f 2468/275/2173 2474/281/2185 2473/280/2186 2467/273/2174
f 2469/276/2175 2475/282/2187 2474/281/2188 2468/275/2176
f 2470/277/2177 2476/283/2189 2475/282/2190 2469/276/2178
f 2471/272/2179 2477/279/2191 2476/283/2192 2470/277/2180
f 2472/278/2181 2478/284/2193 2483/285/2194 2477/279/2182
f 2473/280/2183 2479/286/2195 2478/287/2196 2472/6/2184
f 2474/281/2185 2480/288/2197 2479/286/2198 2473/280/2186
f 2475/282/2187 2481/289/2199 2480/288/2200 2474/281/2188
f 2476/283/2189 2482/290/2201 2481/289/2201 2475/282/2190
f 2477/279/2191 2483/285/2202 2482/290/2203 2476/283/2192
f 2478/284/2193 2484/8/2204 2489/9/2204 2483/285/2194
f 2479/286/2195 2485/12/2205 2484/13/2205 2478/287/2196
f 2480/288/2197 2486/15/2206 2485/12/2206 2479/286/2198
f 2481/289/2199 2487/17/2207 2486/15/2207 2480/288/2200
f 2482/290/2201 2488/19/2208 2487/17/2208 2481/289/2201
f 2483/285/2202 2489/9/2209 2488/19/2209 2482/290/2203
f 2484/8/2204 2490/291/2210 2495/292/2210 2489/9/2204
f 2485/12/2205 2491/293/2211 2490/294/2211 2484/13/2205
f 2486/15/2206 2492/295/2212 2491/293/2212 2485/12/2206
f 2487/17/2207 2493/296/2213 2492/295/2213 2486/15/2207
f 2488/19/2208 2494/297/2214 2493/296/2214 2487/17/2208
f 2489/9/2209 2495/292/2215 2494/297/2215 2488/19/2209
f 2490/291/2210 2496/298/2216 2501/299/2216 2495/292/2210
f 2491/293/2211 2497/300/2217 2496/301/2217 2490/294/2211
f 2492/295/2212 2498/302/2218 2497/300/2218 2491/293/2212
f 2493/296/2213 2499/303/2219 2498/302/2219 2492/295/2213
f 2494/297/2214 2500/304/2220 2499/303/2220 2493/296/2214
f 2495/292/2215 2501/299/2221 2500/304/2221 2494/297/2215
f 2496/298/2216 2502/305/2222 2507/306/2222 2501/299/2216
f 2497/300/2217 2503/307/2223 2502/308/2223 2496/301/2217
f 2498/302/2218 2504/309/2224 2503/307/2224 2497/300/2218
f 2499/303/2219 2505/310/2225 2504/309/2225 2498/302/2219
f 2500/304/2220 2506/311/2226 2505/310/2226 2499/303/2220
f 2501/299/2221 2507/306/2227 2506/311/2227 2500/304/2221
f 2502/305/2222 2508/312/2228 2513/313/2228 2507/306/2222
f 2503/307/2223 2509/314/2229 2508/315/2230 2502/308/2223
f 2504/309/2224 2510/316/2231 2509/314/2231 2503/307/2224
f 2505/310/2225 2511/317/2232 2510/316/2232 2504/309/2225
f 2506/311/2226 2512/318/2233 2511/317/2233 2505/310/2226
f 2507/306/2227 2513/313/2234 2512/318/2234 2506/311/2227
f 2508/312/2228 2514/110/2235 2519/111/2235 2513/313/2228
f 2509/314/2229 2515/112/2236 2514/113/2236 2508/315/2230
f 2510/316/2231 2516/114/2237 2515/112/2237 2509/314/2231
f 2511/317/2232 2517/115/2238 2516/114/2239 2510/316/2232
f 2512/318/2233 2518/116/2240 2517/115/2241 2511/317/2233
f 2513/313/2234 2519/111/2242 2518/116/2242 2512/318/2234
f 2514/110/2235 2520/319/2243 2525/320/2243 2519/111/2235
f 2515/112/2236 2521/321/2244 2520/5/2245 2514/113/2236
f 2516/114/2237 2522/322/2246 2521/321/2246 2515/112/2237
f 2517/115/2238 2523/323/2247 2522/322/2248 2516/114/2239
f 2518/116/2240 2524/324/2249 2523/323/2250 2517/115/2241
f 2519/111/2242 2525/320/2251 2524/324/2251 2518/116/2242
f 2520/319/2243 2526/325/2252 2531/326/2253 2525/320/2243
f 2521/321/2244 2527/327/2254 2526/328/2255 2520/5/2245
f 2522/322/2246 2528/329/2256 2527/327/2257 2521/321/2246
f 2523/323/2247 2529/330/2258 2528/329/2259 2522/322/2248
f 2524/324/2249 2530/331/2260 2529/330/2261 2523/323/2250
f 2525/320/2251 2531/326/2262 2530/331/2262 2524/324/2251
f 2526/325/2252 2532/332/2263 2537/333/2264 2531/326/2253
f 2527/327/2254 2533/334/2265 2532/335/2266 2526/328/2255
f 2528/329/2256 2534/336/2267 2533/334/2268 2527/327/2257
f 2529/330/2258 2535/337/2269 2534/336/2270 2528/329/2259
f 2530/331/2260 2536/338/2271 2535/337/2272 2529/330/2261
f 2531/326/2262 2537/333/2273 2536/338/2273 2530/331/2262
f 2532/332/2263 2538/339/2274 2543/340/2275 2537/333/2264
f 2533/334/2265 2539/341/2276 2538/342/2277 2532/335/2266
f 2534/336/2267 2540/343/2278 2539/341/2278 2533/334/2268
f 2535/337/2269 2541/344/2279 2540/343/2280 2534/336/2270
f 2536/338/2271 2542/345/2281 2541/344/2282 2535/337/2272
f 2537/333/2273 2543/340/2283 2542/345/2283 2536/338/2273
f 2538/339/2274 2544/20/2284 2549/21/2285 2543/340/2275
f 2539/341/2276 2545/22/2286 2544/23/2287 2538/342/2277
f 2540/343/2278 2546/24/2288 2545/22/2289 2539/341/2278
f 2541/344/2279 2547/25/2290 2546/24/2291 2540/343/2280
f 2542/345/2281 2548/26/2292 2547/25/2293 2541/344/2282
f 2543/340/2283 2549/21/2294 2548/26/2294 2542/345/2283
f 2544/20/2284 2550/346/2295 2555/347/2296 2549/21/2285
f 2545/22/2286 2551/348/2297 2550/349/2298 2544/23/2287
f 2546/24/2288 2552/350/2299 2551/348/2300 2545/22/2289
f 2547/25/2290 2553/351/2301 2552/350/2302 2546/24/2291
f 2548/26/2292 2554/352/2303 2553/351/2304 2547/25/2293
f 2549/21/2294 2555/347/2305 2554/352/2305 2548/26/2294
f 2550/346/2295 2556/353/2306 2561/354/2307 2555/347/2296
f 2551/348/2297 2557/355/2308 2556/356/2309 2550/349/2298
f 2552/350/2299 2558/357/2310 2557/355/2310 2551/348/2300
f 2553/351/2301 2559/358/2311 2558/357/2311 2552/350/2302
f 2554/352/2303 2560/359/2312 2559/358/2313 2553/351/2304
f 2555/347/2305 2561/354/2314 2560/359/2314 2554/352/2305
f 2556/353/2306 2562/360/2315 2567/361/2315 2561/354/2307
f 2557/355/2308 2563/362/2316 2562/363/2316 2556/356/2309
f 2558/357/2310 2564/364/2317 2563/362/2317 2557/355/2310
f 2559/358/2311 2565/365/2318 2564/364/2318 2558/357/2311
f 2560/359/2312 2566/366/2319 2565/365/2319 2559/358/2313
f 2561/354/2314 2567/361/2320 2566/366/2320 2560/359/2314
f 2562/360/2315 2568/367/2321 2573/368/2321 2567/361/2315
f 2563/362/2316 2569/369/2322 2568/3/2322 2562/363/2316
f 2564/364/2317 2570/370/2323 2569/369/2323 2563/362/2317
f 2565/365/2318 2571/371/2324 2570/370/2324 2564/364/2318
f 2566/366/2319 2572/372/2325 2571/371/2325 2565/365/2319
f 2567/361/2320 2573/368/2326 2572/372/2327 2566/366/2320
f 2568/367/2321 2574/159/2328 2579/160/2328 2573/368/2321
f 2569/369/2322 2575/161/2329 2574/162/2329 2568/3/2322
f 2570/370/2323 2576/163/2330 2575/161/2330 2569/369/2323
f 2571/371/2324 2577/164/2331 2576/163/2331 2570/370/2324
f 2572/372/2325 2578/165/2332 2577/164/2332 2571/371/2325
f 2573/368/2326 2579/160/2333 2578/165/2333 2572/372/2327
f 2574/159/2328 2580/373/2334 2585/374/2334 2579/160/2328
f 2575/161/2329 2581/375/2335 2580/376/2335 2574/162/2329
f 2576/163/2330 2582/377/2336 2581/375/2336 2575/161/2330
f 2577/164/2331 2583/378/2337 2582/377/2337 2576/163/2331
f 2578/165/2332 2584/379/2338 2583/378/2338 2577/164/2332
f 2579/160/2333 2585/374/2339 2584/379/2339 2578/165/2333
f 2580/373/2334 2586/380/2340 2591/381/2340 2585/374/2334
f 2581/375/2335 2587/382/2341 2586/383/2341 2580/376/2335
f 2582/377/2336 2588/384/2342 2587/382/2343 2581/375/2336
f 2583/378/2337 2589/385/2344 2588/384/2344 2582/377/2337
f 2584/379/2338 2590/386/2345 2589/385/2345 2583/378/2338
f 2585/374/2339 2591/381/2346 2590/386/2346 2584/379/2339
f 2586/380/2340 2592/387/2347 2597/388/2347 2591/381/2340
f 2587/382/2341 2593/389/2348 2592/390/2349 2586/383/2341
f 2588/384/2342 2594/391/2350 2593/389/2351 2587/382/2343
f 2589/385/2344 2595/392/2352 2594/391/2352 2588/384/2344
f 2590/386/2345 2596/393/2353 2595/392/2353 2589/385/2345
f 2591/381/2346 2597/388/2354 2596/393/2354 2590/386/2346
f 2592/387/2347 2598/394/2355 2603/395/2355 2597/388/2347
f 2593/389/2348 2599/396/2356 2598/397/2357 2592/390/2349
f 2594/391/2350 2600/398/2358 2599/396/2359 2593/389/2351
f 2595/392/2352 2601/399/2360 2600/398/2360 2594/391/2352
f 2596/393/2353 2602/400/2361 2601/399/2361 2595/392/2353
f 2597/388/2354 2603/395/2362 2602/400/2363 2596/393/2354
f 2598/394/2355 2604/27/2364 2609/28/2365 2603/395/2355
f 2599/396/2356 2605/29/2366 2604/30/2366 2598/397/2357
f 2600/398/2358 2606/31/2367 2605/29/2367 2599/396/2359
f 2601/399/2360 2607/32/2368 2606/31/2368 2600/398/2360
f 2602/400/2361 2608/33/2369 2607/32/2369 2601/399/2361
f 2603/395/2362 2609/28/2370 2608/33/2370 2602/400/2363
f 2604/27/2364 2610/401/2371 2615/402/2371 2609/28/2365
f 2605/29/2366 2611/403/2372 2610/404/2372 2604/30/2366
f 2606/31/2367 2612/405/2373 2611/403/2373 2605/29/2367
f 2607/32/2368 2613/406/2374 2612/405/2374 2606/31/2368
f 2608/33/2369 2614/407/2375 2613/406/2375 2607/32/2369
f 2609/28/2370 2615/402/2376 2614/407/2377 2608/33/2370
f 2610/401/2371 2616/408/2378 2621/409/2378 2615/402/2371
f 2611/403/2372 2617/410/2379 2616/4/2379 2610/404/2372
f 2612/405/2373 2618/411/2380 2617/410/2381 2611/403/2373
f 2613/406/2374 2619/412/2382 2618/411/2383 2612/405/2374
f 2614/407/2375 2620/413/2384 2619/412/2384 2613/406/2375
f 2615/402/2376 2621/409/2385 2620/413/2386 2614/407/2377
f 2616/408/2378 2622/414/2387 2627/415/2387 2621/409/2378
f 2617/410/2379 2623/416/2388 2622/417/2388 2616/4/2379
f 2618/411/2380 2624/418/2389 2623/416/2390 2617/410/2381
f 2619/412/2382 2625/419/2391 2624/418/2391 2618/411/2383
f 2620/413/2384 2626/420/2392 2625/419/2393 2619/412/2384
f 2621/409/2385 2627/415/2394 2626/420/2395 2620/413/2386
f 2622/414/2387 2628/421/2396 2633/422/2396 2627/415/2387
f 2623/416/2388 2629/423/2397 2628/424/2397 2622/417/2388
f 2624/418/2389 2630/425/2398 2629/423/2398 2623/416/2390
f 2625/419/2391 2631/426/2399 2630/425/2399 2624/418/2391
f 2626/420/2392 2632/427/2400 2631/426/2401 2625/419/2393
f 2627/415/2394 2633/422/2402 2632/427/2402 2626/420/2395
f 2628/421/2396 2634/208/2403 2639/209/2403 2633/422/2396
f 2629/423/2397 2635/210/2404 2634/211/2404 2628/424/2397
f 2630/425/2398 2636/212/2405 2635/210/2406 2629/423/2398
f 2631/426/2399 2637/213/2407 2636/212/2407 2630/425/2399
f 2632/427/2400 2638/214/2408 2637/213/2408 2631/426/2401
f 2633/422/2402 2639/209/2409 2638/214/2409 2632/427/2402
f 2634/208/2403 2640/428/2410 2645/429/2410 2639/209/2403
f 2635/210/2404 2641/430/2411 2640/431/2411 2634/211/2404
f 2636/212/2405 2642/432/2412 2641/430/2412 2635/210/2406
f 2637/213/2407 2643/433/2413 2642/432/2413 2636/212/2407
f 2638/214/2408 2644/434/2414 2643/433/2414 2637/213/2408
f 2639/209/2409 2645/429/2415 2644/434/2415 2638/214/2409
f 2640/428/2410 2646/435/2416 2651/436/2416 2645/429/2410
f 2641/430/2411 2647/437/2417 2646/438/2417 2640/431/2411
f 2642/432/2412 2648/439/2418 2647/437/2418 2641/430/2412
f 2643/433/2413 2649/440/2419 2648/439/2419 2642/432/2413
f 2644/434/2414 2650/441/2420 2649/440/2420 2643/433/2414
f 2645/429/2415 2651/436/2421 2650/441/2421 2644/434/2415
f 2646/435/2416 2652/442/2422 2657/443/2422 2651/436/2416
f 2647/437/2417 2653/444/2423 2652/445/2423 2646/438/2417
f 2648/439/2418 2654/446/2424 2653/444/2424 2647/437/2418
f 2649/440/2419 2655/447/2425 2654/446/2425 2648/439/2419
f 2650/441/2420 2656/448/2426 2655/447/2426 2649/440/2420
f 2651/436/2421 2657/443/2427 2656/448/2427 2650/441/2421
f 2652/442/2422 2658/449/2428 2663/450/2428 2657/443/2422
f 2653/444/2423 2659/451/2429 2658/452/2429 2652/445/2423
f 2654/446/2424 2660/453/2430 2659/451/2430 2653/444/2424
f 2655/447/2425 2661/454/2431 2660/453/2431 2654/446/2425
f 2656/448/2426 2662/455/2432 2661/454/2432 2655/447/2426
f 2657/443/2427 2663/450/2433 2662/455/2433 2656/448/2427
f 2658/449/2428 2418/34/2434 2423/35/2434 2663/450/2428
f 2659/451/2429 2419/36/2435 2418/2/2435 2658/452/2429
f 2660/453/2430 2420/37/2436 2419/36/2436 2659/451/2430
f 2661/454/2431 2421/38/2437 2420/37/2437 2660/453/2431
f 2662/455/2432 2422/39/2438 2421/38/2438 2661/454/2432
f 2663/450/2433 2423/35/2439 2422/39/2439 2662/455/2433
usemtl teal_dark
f 153/1/97 156/1/98 157/1/99 159/1/100
f 154/1/101 158/1/102 157/1/103 156/1/104
f 155/1/105 159/1/106 157/1/107 158/1/108
f 160/1/109 163/1/110 164/1/111 166/1/112
f 161/1/113 165/1/114 164/1/115 163/1/116
f 162/1/117 166/1/118 164/1/119 165/1/120
f 167/1/121 170/1/122 171/1/123 173/1/124
f 168/1/125 172/1/126 171/1/127 170/1/128
f 169/1/129 173/1/130 171/1/131 172/1/132
f 174/1/133 177/1/134 178/1/135 180/1/136
f 175/1/137 179/1/138 178/1/139 177/1/140
f 176/1/141 180/1/142 178/1/143 179/1/144
f 181/1/145 184/1/146 185/1/147 187/1/148
f 182/1/149 186/1/150 185/1/151 184/1/152
f 183/1/153 187/1/154 185/1/155 186/1/156
f 188/1/157 191/1/158 192/1/159 194/1/160
f 189/1/161 193/1/162 192/1/163 191/1/164
f 190/1/165 194/1/166 192/1/167 193/1/168
f 195/1/169 198/1/170 199/1/171 201/1/172
f 196/1/173 200/1/174 199/1/175 198/1/176
f 197/1/177 201/1/178 199/1/179 200/1/180
f 202/1/181 205/1/182 206/1/183 208/1/184
f 203/1/185 207/1/186 206/1/187 205/1/188
f 204/1/189 208/1/190 206/1/191 207/1/192
f 167/1/121 153/1/97 159/1/100 170/1/122
f 170/1/128 159/1/106 155/1/105 168/1/125
f 154/1/101 160/1/109 166/1/112 158/1/102
f 158/1/108 166/1/118 162/1/117 155/1/105
f 161/1/113 174/1/133 180/1/136 165/1/114
f 165/1/120 180/1/142 176/1/141 162/1/117
f 175/1/137 169/1/129 172/1/132 179/1/138
f 179/1/144 172/1/126 168/1/125 176/1/141
f 195/1/169 167/1/121 173/1/124 198/1/170
f 198/1/176 173/1/130 169/1/129 196/1/173
f 174/1/133 202/1/181 208/1/184 177/1/134
f 177/1/140 208/1/190 204/1/189 175/1/137
f 203/1/185 197/1/177 200/1/180 207/1/186
f 207/1/192 200/1/174 196/1/173 204/1/189
f 181/1/145 195/1/169 201/1/172 184/1/146
f 184/1/152 201/1/178 197/1/177 182/1/149
f 202/1/181 188/1/157 194/1/160 205/1/182
f 205/1/188 194/1/166 190/1/165 203/1/185
f 189/1/161 183/1/153 186/1/156 193/1/162
f 193/1/168 186/1/150 182/1/149 190/1/165
f 153/1/97 181/1/145 187/1/148 156/1/98
f 156/1/104 187/1/154 183/1/153 154/1/101
f 188/1/157 161/1/113 163/1/116 191/1/158
f 191/1/164 163/1/110 160/1/109 189/1/161
f 167/1/121 195/1/169 181/1/145 153/1/97
f 155/1/105 162/1/117 176/1/141 168/1/125
f 183/1/153 189/1/161 160/1/109 154/1/101
f 202/1/181 174/1/133 161/1/113 188/1/157
f 169/1/129 175/1/137 204/1/189 196/1/173
f 197/1/177 203/1/185 190/1/165 182/1/149
usemtl ketchup
f 210/1/193 216/1/194 217/1/195 211/1/196
f 211/1/197 217/1/198 215/1/199 209/1/200
f 219/1/201 213/1/202 214/1/203 220/1/204
f 220/1/205 214/1/206 212/1/207 218/1/208
f 216/1/194 222/1/209 223/1/210 217/1/195
f 217/1/198 223/1/211 221/1/212 215/1/199
f 225/1/213 219/1/201 220/1/204 226/1/214
f 226/1/215 220/1/205 218/1/208 224/1/216
f 222/1/209 228/1/217 229/1/218 223/1/210
f 223/1/211 229/1/219 227/1/220 221/1/212
f 231/1/221 225/1/213 226/1/214 232/1/222
f 232/1/223 226/1/215 224/1/216 230/1/224
f 228/1/217 234/1/225 235/1/226 229/1/218
f 229/1/219 235/1/227 233/1/228 227/1/220
f 237/1/229 231/1/221 232/1/222 238/1/230
f 238/1/231 232/1/223 230/1/224 236/1/232
f 234/1/225 240/1/233 241/1/234 235/1/226
f 235/1/227 241/1/235 239/1/236 233/1/228
f 243/1/237 237/1/229 238/1/230 244/1/238
f 244/1/239 238/1/231 236/1/232 242/1/240
f 240/1/233 246/1/241 247/1/242 241/1/234
f 241/1/235 247/1/243 245/1/244 239/1/236
f 249/1/245 243/1/237 244/1/238 250/1/246
f 250/1/247 244/1/239 242/1/240 248/1/248
f 246/1/241 252/1/249 253/1/250 247/1/242
f 247/1/243 253/1/251 251/1/252 245/1/244
f 255/1/253 249/1/245 250/1/246 256/1/254
f 256/1/255 250/1/247 248/1/248 254/1/256
f 252/1/249 258/1/257 259/1/258 253/1/250
f 253/1/251 259/1/259 257/1/260 251/1/252
f 261/1/261 255/1/253 256/1/254 262/1/262
f 262/1/263 256/1/255 254/1/256 260/1/264
f 258/1/257 264/1/265 265/1/266 259/1/258
f 259/1/259 265/1/267 263/1/268 257/1/260
f 267/1/269 261/1/261 262/1/262 268/1/270
f 268/1/271 262/1/263 260/1/264 266/1/272
f 264/1/265 270/1/273 271/1/274 265/1/266
f 265/1/267 271/1/275 269/1/276 263/1/268
f 273/1/277 267/1/269 268/1/270 274/1/278
f 274/1/279 268/1/271 266/1/272 272/1/280
f 270/1/273 276/1/281 277/1/282 271/1/274
f 271/1/275 277/1/283 275/1/284 269/1/276
f 279/1/285 273/1/277 274/1/278 280/1/286
f 280/1/287 274/1/279 272/1/280 278/1/288
f 276/1/281 210/1/193 211/1/196 277/1/282
f 277/1/283 211/1/197 209/1/200 275/1/284
f 213/1/202 279/1/285 280/1/286 214/1/203
f 214/1/206 280/1/287 278/1/288 212/1/207
f 209/1/200 215/1/199 221/1/212 227/1/220 233/1/228 239/1/236 245/1/244 251/1/252 257/1/260 263/1/268 269/1/276 275/1/284
f 210/1/193 213/1/202 219/1/201 216/1/194
f 276/1/281 279/1/285 213/1/202 210/1/193
f 218/1/208 212/1/207 278/1/288 272/1/280 266/1/272 260/1/264 254/1/256 248/1/248 242/1/240 236/1/232 230/1/224 224/1/216
f 216/1/194 219/1/201 225/1/213 222/1/209
f 222/1/209 225/1/213 231/1/221 228/1/217
f 228/1/217 231/1/221 237/1/229 234/1/225
f 234/1/225 237/1/229 243/1/237 240/1/233
f 240/1/233 243/1/237 249/1/245 246/1/241
f 246/1/241 249/1/245 255/1/253 252/1/249
f 252/1/249 255/1/253 261/1/261 258/1/257
f 258/1/257 261/1/261 267/1/269 264/1/265
f 264/1/265 267/1/269 273/1/277 270/1/273
f 270/1/273 273/1/277 279/1/285 276/1/281
f 1241/4/1042 1239/5/1042 1240/3/1042
f 1242/2/1042 1239/5/1042 1241/4/1042
f 1242/2/1042 1238/6/1042 1239/5/1042
f 1237/1/1042 1238/6/1042 1242/2/1042
f 1245/5/1043 1247/4/1043 1246/3/1043
f 1245/5/1043 1248/2/1043 1247/4/1043
f 1244/6/1043 1248/2/1043 1245/5/1043
f 1244/6/1043 1243/1/1043 1248/2/1043
f 1243/7/1044 1249/40/1045 1254/41/1045 1248/10/1044
f 1244/11/1046 1250/42/1047 1249/43/1047 1243/1/1046
f 1245/14/1048 1251/44/1049 1250/42/1049 1244/11/1048
f 1246/16/1050 1252/45/1051 1251/44/1051 1245/14/1050
f 1247/18/1052 1253/46/1053 1252/45/1053 1246/16/1052
f 1248/10/1054 1254/41/1055 1253/46/1056 1247/18/1054
f 1249/40/1045 1255/47/1057 1260/48/1057 1254/41/1045
f 1250/42/1047 1256/49/1058 1255/50/1058 1249/43/1047
f 1251/44/1049 1257/51/1059 1256/49/1059 1250/42/1049
f 1252/45/1051 1258/52/1060 1257/51/1060 1251/44/1051
f 1253/46/1053 1259/53/1061 1258/52/1061 1252/45/1053
f 1254/41/1055 1260/48/1062 1259/53/1062 1253/46/1056
f 1255/47/1057 1261/54/1063 1266/55/1063 1260/48/1057
f 1256/49/1058 1262/56/1064 1261/57/1064 1255/50/1058
f 1257/51/1059 1263/58/1065 1262/56/1065 1256/49/1059
f 1258/52/1060 1264/59/1066 1263/58/1066 1257/51/1060
f 1259/53/1061 1265/60/1067 1264/59/1067 1258/52/1061
f 1260/48/1062 1266/55/1068 1265/60/1068 1259/53/1062
f 1261/54/1063 1267/61/1069 1272/62/1069 1266/55/1063
f 1262/56/1064 1268/63/1070 1267/64/1070 1261/57/1064
f 1263/58/1065 1269/65/1071 1268/63/1071 1262/56/1065
f 1264/59/1066 1270/66/1072 1269/65/1072 1263/58/1066
f 1265/60/1067 1271/67/1073 1270/66/1073 1264/59/1067
f 1266/55/1068 1272/62/1074 1271/67/1074 1265/60/1068
f 1267/61/1069 1273/68/1075 1278/69/1075 1272/62/1069
f 1268/63/1070 1274/70/1076 1273/71/1076 1267/64/1070
f 1269/65/1071 1275/72/1077 1274/70/1077 1268/63/1071
f 1270/66/1072 1276/73/1078 1275/72/1078 1269/65/1072
f 1271/67/1073 1277/74/1079 1276/73/1079 1270/66/1073
f 1272/62/1074 1278/69/1080 1277/74/1080 1271/67/1074
f 1273/68/1075 1279/75/1081 1284/76/1081 1278/69/1075
f 1274/70/1076 1280/77/1082 1279/78/1082 1273/71/1076
f 1275/72/1077 1281/79/1083 1280/77/1083 1274/70/1077
f 1276/73/1078 1282/80/1084 1281/79/1084 1275/72/1078
f 1277/74/1079 1283/81/1085 1282/80/1085 1276/73/1079
f 1278/69/1080 1284/76/1086 1283/81/1086 1277/74/1080
f 1279/75/1081 1285/82/1087 1290/83/1087 1284/76/1081
f 1280/77/1082 1286/84/1088 1285/85/1088 1279/78/1082
f 1281/79/1083 1287/86/1089 1286/84/1089 1280/77/1083
f 1282/80/1084 1288/87/1090 1287/86/1090 1281/79/1084
f 1283/81/1085 1289/88/1091 1288/87/1091 1282/80/1085
f 1284/76/1086 1290/83/1092 1289/88/1092 1283/81/1086
f 1285/82/1087 1291/8/1093 1296/9/1093 1290/83/1087
f 1286/84/1088 1292/12/1094 1291/13/1094 1285/85/1088
f 1287/86/1089 1293/15/1095 1292/12/1095 1286/84/1089
f 1288/87/1090 1294/17/1096 1293/15/1096 1287/86/1090
f 1289/88/1091 1295/19/1097 1294/17/1097 1288/87/1091
f 1290/83/1092 1296/9/1098 1295/19/1098 1289/88/1092
f 1291/8/1093 1297/89/1099 1302/90/1099 1296/9/1093
f 1292/12/1094 1298/91/1100 1297/92/1100 1291/13/1094
f 1293/15/1095 1299/93/1101 1298/91/1101 1292/12/1095
f 1294/17/1096 1300/94/1102 1299/93/1102 1293/15/1096
f 1295/19/1097 1301/95/1103 1300/94/1103 1294/17/1097
f 1296/9/1098 1302/90/1104 1301/95/1104 1295/19/1098
f 1297/89/1099 1303/96/1105 1308/97/1105 1302/90/1099
f 1298/91/1100 1304/98/1106 1303/99/1106 1297/92/1100
f 1299/93/1101 1305/100/1107 1304/98/1107 1298/91/1101
f 1300/94/1102 1306/101/1108 1305/100/1108 1299/93/1102
f 1301/95/1103 1307/102/1109 1306/101/1109 1300/94/1103
f 1302/90/1104 1308/97/1110 1307/102/1110 1301/95/1104
f 1303/96/1105 1309/103/1111 1314/104/1111 1308/97/1105
f 1304/98/1106 1310/105/1112 1309/106/1112 1303/99/1106
f 1305/100/1107 1311/107/1113 1310/105/1113 1304/98/1107
f 1306/101/1108 1312/108/1114 1311/107/1114 1305/100/1108
f 1307/102/1109 1313/109/1115 1312/108/1115 1306/101/1109
f 1308/97/1110 1314/104/1116 1313/109/1116 1307/102/1110
f 1309/103/1111 1315/110/1117 1320/111/1117 1314/104/1111
f 1310/105/1112 1316/112/1118 1315/113/1118 1309/106/1112
f 1311/107/1113 1317/114/1119 1316/112/1119 1310/105/1113
f 1312/108/1114 1318/115/1120 1317/114/1120 1311/107/1114
f 1313/109/1115 1319/116/1121 1318/115/1121 1312/108/1115
f 1314/104/1116 1320/111/1122 1319/116/1122 1313/109/1116
f 1315/110/1117 1321/117/1123 1326/118/1123 1320/111/1117
f 1316/112/1118 1322/119/1124 1321/120/1124 1315/113/1118
f 1317/114/1119 1323/121/1125 1322/119/1125 1316/112/1119
f 1318/115/1120 1324/122/1126 1323/121/1126 1317/114/1120
f 1319/116/1121 1325/123/1127 1324/122/1127 1318/115/1121
f 1320/111/1122 1326/118/1128 1325/123/1128 1319/116/1122
f 1321/117/1123 1327/124/1129 1332/125/1129 1326/118/1123
f 1322/119/1124 1328/126/1130 1327/127/1130 1321/120/1124
f 1323/121/1125 1329/128/1131 1328/126/1131 1322/119/1125
f 1324/122/1126 1330/129/1132 1329/128/1132 1323/121/1126
f 1325/123/1127 1331/130/1133 1330/129/1133 1324/122/1127
f 1326/118/1128 1332/125/1134 1331/130/1134 1325/123/1128
f 1327/124/1129 1333/131/1135 1338/132/1135 1332/125/1129
f 1328/126/1130 1334/133/1136 1333/134/1136 1327/127/1130
f 1329/128/1131 1335/135/1137 1334/133/1137 1328/126/1131
f 1330/129/1132 1336/136/1138 1335/135/1138 1329/128/1132
f 1331/130/1133 1337/137/1139 1336/136/1139 1330/129/1133
f 1332/125/1134 1338/132/1140 1337/137/1140 1331/130/1134
f 1333/131/1135 1339/20/1141 1344/21/1141 1338/132/1135
f 1334/133/1136 1340/22/1142 1339/23/1142 1333/134/1136
f 1335/135/1137 1341/24/1143 1340/22/1143 1334/133/1137
f 1336/136/1138 1342/25/1144 1341/24/1144 1335/135/1138
f 1337/137/1139 1343/26/1145 1342/25/1145 1336/136/1139
f 1338/132/1140 1344/21/1146 1343/26/1146 1337/137/1140
f 1339/20/1141 1345/138/1147 1350/139/1147 1344/21/1141
f 1340/22/1142 1346/140/1148 1345/141/1148 1339/23/1142
f 1341/24/1143 1347/142/1149 1346/140/1149 1340/22/1143
f 1342/25/1144 1348/143/1150 1347/142/1150 1341/24/1144
f 1343/26/1145 1349/144/1151 1348/143/1151 1342/25/1145
f 1344/21/1146 1350/139/1152 1349/144/1152 1343/26/1146
f 1345/138/1147 1351/145/1153 1356/146/1153 1350/139/1147
f 1346/140/1148 1352/147/1154 1351/148/1154 1345/141/1148
f 1347/142/1149 1353/149/1155 1352/147/1155 1346/140/1149
f 1348/143/1150 1354/150/1156 1353/149/1156 1347/142/1150
f 1349/144/1151 1355/151/1157 1354/150/1157 1348/143/1151
f 1350/139/1152 1356/146/1158 1355/151/1158 1349/144/1152
f 1351/145/1153 1357/152/1159 1362/153/1159 1356/146/1153
f 1352/147/1154 1358/154/1160 1357/155/1160 1351/148/1154
f 1353/149/1155 1359/156/1161 1358/154/1161 1352/147/1155
f 1354/150/1156 1360/157/1162 1359/156/1162 1353/149/1156
f 1355/151/1157 1361/158/1163 1360/157/1163 1354/150/1157
f 1356/146/1158 1362/153/1164 1361/158/1164 1355/151/1158
f 1357/152/1159 1363/159/1165 1368/160/1165 1362/153/1159
f 1358/154/1160 1364/161/1166 1363/162/1166 1357/155/1160
f 1359/156/1161 1365/163/1167 1364/161/1167 1358/154/1161
f 1360/157/1162 1366/164/1168 1365/163/1168 1359/156/1162
f 1361/158/1163 1367/165/1169 1366/164/1169 1360/157/1163
f 1362/153/1164 1368/160/1170 1367/165/1170 1361/158/1164
f 1363/159/1165 1369/166/1171 1374/167/1171 1368/160/1165
f 1364/161/1166 1370/168/1172 1369/169/1172 1363/162/1166
f 1365/163/1167 1371/170/1173 1370/168/1173 1364/161/1167
f 1366/164/1168 1372/171/1174 1371/170/1174 1365/163/1168
f 1367/165/1169 1373/172/1175 1372/171/1175 1366/164/1169
f 1368/160/1170 1374/167/1176 1373/172/1176 1367/165/1170
f 1369/166/1171 1375/173/1177 1380/174/1177 1374/167/1171
f 1370/168/1172 1376/175/1178 1375/176/1178 1369/169/1172
f 1371/170/1173 1377/177/1179 1376/175/1179 1370/168/1173
f 1372/171/1174 1378/178/1180 1377/177/1180 1371/170/1174
f 1373/172/1175 1379/179/1181 1378/178/1181 1372/171/1175
f 1374/167/1176 1380/174/1182 1379/179/1182 1373/172/1176
f 1375/173/1177 1381/180/1183 1386/181/1183 1380/174/1177
f 1376/175/1178 1382/182/1184 1381/183/1184 1375/176/1178
f 1377/177/1179 1383/184/1185 1382/182/1185 1376/175/1179
f 1378/178/1180 1384/185/1186 1383/184/1186 1377/177/1180
f 1379/179/1181 1385/186/1187 1384/185/1187 1378/178/1181
f 1380/174/1182 1386/181/1188 1385/186/1188 1379/179/1182
f 1381/180/1183 1387/27/1189 1392/28/1189 1386/181/1183
f 1382/182/1184 1388/29/1190 1387/30/1190 1381/183/1184
f 1383/184/1185 1389/31/1191 1388/29/1191 1382/182/1185
f 1384/185/1186 1390/32/1192 1389/31/1192 1383/184/1186
f 1385/186/1187 1391/33/1193 1390/32/1193 1384/185/1187
f 1386/181/1188 1392/28/1194 1391/33/1194 1385/186/1188
f 1387/27/1189 1393/187/1195 1398/188/1195 1392/28/1189
f 1388/29/1190 1394/189/1196 1393/190/1196 1387/30/1190
f 1389/31/1191 1395/191/1197 1394/189/1197 1388/29/1191
f 1390/32/1192 1396/192/1198 1395/191/1198 1389/31/1192
f 1391/33/1193 1397/193/1199 1396/192/1199 1390/32/1193
f 1392/28/1194 1398/188/1200 1397/193/1200 1391/33/1194
f 1393/187/1195 1399/194/1201 1404/195/1201 1398/188/1195
f 1394/189/1196 1400/196/1202 1399/197/1202 1393/190/1196
f 1395/191/1197 1401/198/1203 1400/196/1203 1394/189/1197
f 1396/192/1198 1402/199/1204 1401/198/1204 1395/191/1198
f 1397/193/1199 1403/200/1205 1402/199/1205 1396/192/1199
f 1398/188/1200 1404/195/1206 1403/200/1206 1397/193/1200
f 1399/194/1201 1405/201/1207 1410/202/1207 1404/195/1201
f 1400/196/1202 1406/203/1208 1405/204/1208 1399/197/1202
f 1401/198/1203 1407/205/1209 1406/203/1209 1400/196/1203
f 1402/199/1204 1408/206/1210 1407/205/1210 1401/198/1204
f 1403/200/1205 1409/207/1211 1408/206/1211 1402/199/1205
f 1404/195/1206 1410/202/1212 1409/207/1212 1403/200/1206
f 1405/201/1207 1411/208/1213 1416/209/1213 1410/202/1207
f 1406/203/1208 1412/210/1214 1411/211/1214 1405/204/1208
f 1407/205/1209 1413/212/1215 1412/210/1215 1406/203/1209
f 1408/206/1210 1414/213/1216 1413/212/1216 1407/205/1210
f 1409/207/1211 1415/214/1217 1414/213/1217 1408/206/1211
f 1410/202/1212 1416/209/1218 1415/214/1218 1409/207/1212
f 1411/208/1213 1417/215/1219 1422/216/1219 1416/209/1213
f 1412/210/1214 1418/217/1220 1417/218/1220 1411/211/1214
f 1413/212/1215 1419/219/1221 1418/217/1221 1412/210/1215
f 1414/213/1216 1420/220/1222 1419/219/1222 1413/212/1216
f 1415/214/1217 1421/221/1223 1420/220/1223 1414/213/1217
f 1416/209/1218 1422/216/1224 1421/221/1224 1415/214/1218
f 1417/215/1219 1423/222/1225 1428/223/1225 1422/216/1219
f 1418/217/1220 1424/224/1226 1423/225/1226 1417/218/1220
f 1419/219/1221 1425/226/1227 1424/224/1227 1418/217/1221
f 1420/220/1222 1426/227/1228 1425/226/1228 1419/219/1222
f 1421/221/1223 1427/228/1229 1426/227/1229 1420/220/1223
f 1422/216/1224 1428/223/1230 1427/228/1230 1421/221/1224
f 1423/222/1225 1429/229/1231 1434/230/1231 1428/223/1225
f 1424/224/1226 1430/231/1232 1429/232/1232 1423/225/1226
f 1425/226/1227 1431/233/1233 1430/231/1233 1424/224/1227
f 1426/227/1228 1432/234/1234 1431/233/1234 1425/226/1228
f 1427/228/1229 1433/235/1235 1432/234/1235 1426/227/1229
f 1428/223/1230 1434/230/1236 1433/235/1236 1427/228/1230
f 1429/229/1231 1237/34/1237 1242/35/1237 1434/230/1231
f 1430/231/1232 1238/36/1238 1237/2/1238 1429/232/1232
f 1431/233/1233 1239/37/1239 1238/36/1239 1430/231/1233
f 1432/234/1234 1240/38/1240 1239/37/1240 1431/233/1234
f 1433/235/1235 1241/39/1241 1240/38/1241 1432/234/1235
f 1434/230/1236 1242/35/1242 1241/39/1242 1433/235/1236
f 1934/1/1864 1933/1/1865 1888/1/1866 1889/1/1867
f 1937/1/1868 1936/1/1869 1891/1/1870 1892/1/1871
f 1935/1/300 1934/1/1864 1889/1/1867 1890/1/1872
f 1933/1/1865 1886/1/289 1888/1/1866
f 1887/1/294 1937/1/1868 1892/1/1871
f 1936/1/1869 1935/1/300 1890/1/1872 1891/1/1870
f 1892/1/1871 1891/1/1870 1896/1/1873 1897/1/1874
f 1890/1/1872 1889/1/1867 1894/1/1875 1895/1/1876
f 1888/1/1866 1886/1/289 1893/1/1877
f 1887/1/294 1892/1/1871 1897/1/1874
f 1891/1/1870 1890/1/1872 1895/1/1876 1896/1/1873
f 1889/1/1867 1888/1/1866 1893/1/1877 1894/1/1875
f 1897/1/1874 1896/1/1873 1901/1/1878 1902/1/1879
f 1895/1/1876 1894/1/1875 1899/1/1880 1900/1/1881
f 1893/1/1877 1886/1/289 1898/1/1882
f 1887/1/294 1897/1/1874 1902/1/1879
f 1896/1/1873 1895/1/1876 1900/1/1881 1901/1/1878
f 1894/1/1875 1893/1/1877 1898/1/1882 1899/1/1880
f 1900/1/1881 1899/1/1880 1904/1/1883 1905/1/1884
f 1898/1/1882 1886/1/289 1903/1/1885
f 1887/1/294 1902/1/1879 1907/1/1886
f 1901/1/1878 1900/1/1881 1905/1/1884 1906/1/1887
f 1899/1/1880 1898/1/1882 1903/1/1885 1904/1/1883
f 1902/1/1879 1901/1/1878 1906/1/1887 1907/1/1886
f 1903/1/1885 1886/1/289 1908/1/1888
f 1887/1/294 1907/1/1886 1912/1/1889
f 1906/1/1887 1905/1/1884 1910/1/298 1911/1/1890
f 1904/1/1883 1903/1/1885 1908/1/1888 1909/1/1891
f 1907/1/1886 1906/1/1887 1911/1/1890 1912/1/1889
f 1905/1/1884 1904/1/1883 1909/1/1891 1910/1/298
f 1887/1/294 1912/1/1889 1917/1/1892
f 1911/1/1890 1910/1/298 1915/1/1893 1916/1/1894
f 1909/1/1891 1908/1/1888 1913/1/1895 1914/1/1896
f 1912/1/1889 1911/1/1890 1916/1/1894 1917/1/1892
f 1910/1/298 1909/1/1891 1914/1/1896 1915/1/1893
f 1908/1/1888 1886/1/289 1913/1/1895
f 1887/1/294 1917/1/1892 1922/1/1897
f 1916/1/1894 1915/1/1893 1920/1/1898 1921/1/1899
f 1914/1/1896 1913/1/1895 1918/1/1900 1919/1/1901
f 1917/1/1892 1916/1/1894 1921/1/1899 1922/1/1897
f 1915/1/1893 1914/1/1896 1919/1/1901 1920/1/1898
f 1913/1/1895 1886/1/289 1918/1/1900
f 1887/1/294 1922/1/1897 1927/1/1902
f 1921/1/1899 1920/1/1898 1925/1/1903 1926/1/1904
f 1919/1/1901 1918/1/1900 1923/1/1905 1924/1/1906
f 1922/1/1897 1921/1/1899 1926/1/1904 1927/1/1902
f 1920/1/1898 1919/1/1901 1924/1/1906 1925/1/1903
f 1918/1/1900 1886/1/289 1923/1/1905
f 1926/1/1904 1925/1/1903 1930/1/1907 1931/1/1908
f 1924/1/1906 1923/1/1905 1928/1/1909 1929/1/1910
f 1927/1/1902 1926/1/1904 1931/1/1908 1932/1/1911
f 1925/1/1903 1924/1/1906 1929/1/1910 1930/1/1907
f 1923/1/1905 1886/1/289 1928/1/1909
f 1887/1/294 1927/1/1902 1932/1/1911
f 1929/1/1910 1928/1/1909 1933/1/1865 1934/1/1864
f 1932/1/1911 1931/1/1908 1936/1/1869 1937/1/1868
f 1930/1/1907 1929/1/1910 1934/1/1864 1935/1/300
f 1928/1/1909 1886/1/289 1933/1/1865
f 1887/1/294 1932/1/1911 1937/1/1868
f 1931/1/1908 1930/1/1907 1935/1/300 1936/1/1869
usemtl chrome
f 281/1/289 282/1/289 284/1/290 283/1/290
f 283/1/290 284/1/290 286/1/291 285/1/291
f 285/1/291 286/1/291 288/1/292 287/1/292
f 287/1/292 288/1/292 290/1/293 289/1/293
f 289/1/293 290/1/293 292/1/294 291/1/294
f 291/1/294 292/1/294 294/1/295 293/1/295
f 293/1/295 294/1/295 296/1/296 295/1/296
f 295/1/296 296/1/296 298/1/297 297/1/297
f 284/1/298 282/1/298 300/1/298 298/1/298 296/1/298 294/1/298 292/1/298 290/1/298 288/1/298 286/1/298
f 297/1/297 298/1/297 300/1/299 299/1/299
f 299/1/299 300/1/299 282/1/289 281/1/289
f 281/1/300 283/1/300 285/1/300 287/1/300 289/1/300 291/1/300 293/1/300 295/1/300 297/1/300 299/1/300
f 373/1/289 374/1/289 376/1/290 375/1/290
f 375/1/290 376/1/290 378/1/291 377/1/291
f 377/1/291 378/1/291 380/1/292 379/1/292
f 379/1/292 380/1/292 382/1/293 381/1/293
f 381/1/293 382/1/293 384/1/294 383/1/294
f 383/1/294 384/1/294 386/1/295 385/1/295
f 385/1/295 386/1/295 388/1/296 387/1/296
f 387/1/296 388/1/296 390/1/297 389/1/297
f 376/1/298 374/1/298 392/1/298 390/1/298 388/1/298 386/1/298 384/1/298 382/1/298 380/1/298 378/1/298
f 389/1/297 390/1/297 392/1/299 391/1/299
f 391/1/299 392/1/299 374/1/289 373/1/289
f 373/1/300 375/1/300 377/1/300 379/1/300 381/1/300 383/1/300 385/1/300 387/1/300 389/1/300 391/1/300
f 465/1/289 466/1/289 468/1/290 467/1/290
f 467/1/290 468/1/290 470/1/291 469/1/291
f 469/1/291 470/1/291 472/1/292 471/1/292
f 471/1/292 472/1/292 474/1/293 473/1/293
f 473/1/293 474/1/293 476/1/294 475/1/294
f 475/1/294 476/1/294 478/1/295 477/1/295
f 477/1/295 478/1/295 480/1/296 479/1/296
f 479/1/296 480/1/296 482/1/297 481/1/297
f 468/1/298 466/1/298 484/1/298 482/1/298 480/1/298 478/1/298 476/1/298 474/1/298 472/1/298 470/1/298
f 481/1/297 482/1/297 484/1/299 483/1/299
f 483/1/299 484/1/299 466/1/289 465/1/289
f 465/1/300 467/1/300 469/1/300 471/1/300 473/1/300 475/1/300 477/1/300 479/1/300 481/1/300 483/1/300
f 572/1/330 578/1/331 579/1/332 573/1/333
f 573/1/334 579/1/335 577/1/336 571/1/337
f 581/1/338 575/1/339 576/1/340 582/1/341
f 582/1/342 576/1/343 574/1/344 580/1/345
f 578/1/331 584/1/346 585/1/347 579/1/332
f 579/1/335 585/1/348 583/1/349 577/1/336
f 587/1/350 581/1/338 582/1/341 588/1/351
f 588/1/352 582/1/342 580/1/345 586/1/353
f 584/1/346 590/1/354 591/1/355 585/1/347
f 585/1/348 591/1/356 589/1/357 583/1/349
f 593/1/358 587/1/350 588/1/351 594/1/359
f 594/1/360 588/1/352 586/1/353 592/1/361
f 590/1/354 596/1/362 597/1/363 591/1/355
f 591/1/356 597/1/364 595/1/365 589/1/357
f 599/1/366 593/1/358 594/1/359 600/1/367
f 600/1/368 594/1/360 592/1/361 598/1/369
f 596/1/362 602/1/370 603/1/371 597/1/363
f 597/1/364 603/1/372 601/1/373 595/1/365
f 605/1/374 599/1/366 600/1/367 606/1/375
f 606/1/376 600/1/368 598/1/369 604/1/377
f 602/1/370 608/1/378 609/1/379 603/1/371
f 603/1/372 609/1/380 607/1/381 601/1/373
f 611/1/382 605/1/374 606/1/375 612/1/383
f 612/1/384 606/1/376 604/1/377 610/1/385
f 608/1/378 614/1/386 615/1/387 609/1/379
f 609/1/380 615/1/388 613/1/389 607/1/381
f 617/1/390 611/1/382 612/1/383 618/1/391
f 618/1/392 612/1/384 610/1/385 616/1/393
f 614/1/386 620/1/394 621/1/395 615/1/387
f 615/1/388 621/1/396 619/1/397 613/1/389
f 623/1/398 617/1/390 618/1/391 624/1/399
f 624/1/400 618/1/392 616/1/393 622/1/401
f 620/1/394 626/1/402 627/1/403 621/1/395
f 621/1/396 627/1/404 625/1/405 619/1/397
f 629/1/406 623/1/398 624/1/399 630/1/407
f 630/1/408 624/1/400 622/1/401 628/1/409
f 626/1/402 632/1/410 633/1/411 627/1/403
f 627/1/404 633/1/412 631/1/413 625/1/405
f 635/1/414 629/1/406 630/1/407 636/1/415
f 636/1/416 630/1/408 628/1/409 634/1/417
f 632/1/410 638/1/418 639/1/419 633/1/411
f 633/1/412 639/1/420 637/1/421 631/1/413
f 641/1/422 635/1/414 636/1/415 642/1/423
f 642/1/424 636/1/416 634/1/417 640/1/425
f 638/1/418 644/1/426 645/1/427 639/1/419
f 639/1/420 645/1/428 643/1/429 637/1/421
f 647/1/430 641/1/422 642/1/423 648/1/431
f 648/1/432 642/1/424 640/1/425 646/1/433
f 644/1/426 650/1/434 651/1/435 645/1/427
f 645/1/428 651/1/436 649/1/437 643/1/429
f 653/1/438 647/1/430 648/1/431 654/1/439
f 654/1/440 648/1/432 646/1/433 652/1/441
f 650/1/434 656/1/442 657/1/443 651/1/435
f 651/1/436 657/1/444 655/1/445 649/1/437
f 659/1/446 653/1/438 654/1/439 660/1/447
f 660/1/448 654/1/440 652/1/441 658/1/449
f 656/1/442 662/1/450 663/1/451 657/1/443
f 657/1/444 663/1/452 661/1/453 655/1/445
f 665/1/454 659/1/446 660/1/447 666/1/455
f 666/1/456 660/1/448 658/1/449 664/1/457
f 662/1/450 668/1/458 669/1/459 663/1/451
f 663/1/452 669/1/460 667/1/461 661/1/453
f 671/1/462 665/1/454 666/1/455 672/1/463
f 672/1/464 666/1/456 664/1/457 670/1/465
f 668/1/458 674/1/466 675/1/467 669/1/459
f 669/1/460 675/1/468 673/1/469 667/1/461
f 677/1/470 671/1/462 672/1/463 678/1/471
f 678/1/472 672/1/464 670/1/465 676/1/473
f 674/1/466 680/1/474 681/1/475 675/1/467
f 675/1/468 681/1/476 679/1/477 673/1/469
f 683/1/478 677/1/470 678/1/471 684/1/479
f 684/1/480 678/1/472 676/1/473 682/1/481
f 680/1/474 686/1/482 687/1/483 681/1/475
f 681/1/476 687/1/484 685/1/485 679/1/477
f 689/1/486 683/1/478 684/1/479 690/1/487
f 690/1/488 684/1/480 682/1/481 688/1/489
f 686/1/482 692/1/490 693/1/491 687/1/483
f 687/1/484 693/1/492 691/1/493 685/1/485
f 695/1/494 689/1/486 690/1/487 696/1/495
f 696/1/496 690/1/488 688/1/489 694/1/497
f 692/1/490 698/1/498 699/1/499 693/1/491
f 693/1/492 699/1/500 697/1/501 691/1/493
f 701/1/502 695/1/494 696/1/495 702/1/503
f 702/1/504 696/1/496 694/1/497 700/1/505
f 698/1/498 704/1/506 705/1/507 699/1/499
f 699/1/500 705/1/508 703/1/509 697/1/501
f 707/1/510 701/1/502 702/1/503 708/1/511
f 708/1/512 702/1/504 700/1/505 706/1/513
f 704/1/506 710/1/514 711/1/515 705/1/507
f 705/1/508 711/1/516 709/1/517 703/1/509
f 713/1/518 707/1/510 708/1/511 714/1/519
f 714/1/520 708/1/512 706/1/513 712/1/521
f 710/1/514 572/1/330 573/1/333 711/1/515
f 711/1/516 573/1/334 571/1/337 709/1/517
f 575/1/339 713/1/518 714/1/519 576/1/340
f 576/1/343 714/1/520 712/1/521 574/1/344
f 571/1/337 577/1/336 583/1/349 589/1/357 595/1/365 601/1/373 607/1/381 613/1/389 619/1/397 625/1/405 631/1/413 637/1/421 643/1/429 649/1/437 655/1/445 661/1/453 667/1/461 673/1/469 679/1/477 685/1/485 691/1/493 697/1/501 703/1/509 709/1/517
f 572/1/330 575/1/339 581/1/338 578/1/331
f 710/1/514 713/1/518 575/1/339 572/1/330
f 580/1/345 574/1/344 712/1/521 706/1/513 700/1/505 694/1/497 688/1/489 682/1/481 676/1/473 670/1/465 664/1/457 658/1/449 652/1/441 646/1/433 640/1/425 634/1/417 628/1/409 622/1/401 616/1/393 610/1/385 604/1/377 598/1/369 592/1/361 586/1/353
f 578/1/331 581/1/338 587/1/350 584/1/346
f 584/1/346 587/1/350 593/1/358 590/1/354
f 590/1/354 593/1/358 599/1/366 596/1/362
f 596/1/362 599/1/366 605/1/374 602/1/370
f 602/1/370 605/1/374 611/1/382 608/1/378
f 608/1/378 611/1/382 617/1/390 614/1/386
f 614/1/386 617/1/390 623/1/398 620/1/394
f 620/1/394 623/1/398 629/1/406 626/1/402
f 626/1/402 629/1/406 635/1/414 632/1/410
f 632/1/410 635/1/414 641/1/422 638/1/418
f 638/1/418 641/1/422 647/1/430 644/1/426
f 644/1/426 647/1/430 653/1/438 650/1/434
f 650/1/434 653/1/438 659/1/446 656/1/442
f 656/1/442 659/1/446 665/1/454 662/1/450
f 662/1/450 665/1/454 671/1/462 668/1/458
f 668/1/458 671/1/462 677/1/470 674/1/466
f 674/1/466 677/1/470 683/1/478 680/1/474
f 680/1/474 683/1/478 689/1/486 686/1/482
f 686/1/482 689/1/486 695/1/494 692/1/490
f 692/1/490 695/1/494 701/1/502 698/1/498
f 698/1/498 701/1/502 707/1/510 704/1/506
f 704/1/506 707/1/510 713/1/518 710/1/514
f 2664/1/300 2665/1/300 2667/1/2440 2666/1/2440
f 2666/1/2440 2667/1/2440 2669/1/2441 2668/1/2441
f 2668/1/2441 2669/1/2441 2671/1/2442 2670/1/2442
f 2670/1/2442 2671/1/2442 2673/1/2443 2672/1/2443
f 2672/1/2443 2673/1/2443 2675/1/2444 2674/1/2444
f 2674/1/2444 2675/1/2444 2677/1/2445 2676/1/2445
f 2676/1/2445 2677/1/2445 2679/1/298 2678/1/298
f 2678/1/298 2679/1/298 2681/1/2446 2680/1/2446
f 2680/1/2446 2681/1/2446 2683/1/2447 2682/1/2447
f 2682/1/2447 2683/1/2447 2685/1/2448 2684/1/2448
f 2684/1/2448 2685/1/2448 2687/1/2449 2686/1/2449
f 2686/1/2449 2687/1/2449 2689/1/2450 2688/1/2450
f 2667/1/289 2665/1/289 2691/1/289 2689/1/289 2687/1/289 2685/1/289 2683/1/289 2681/1/289 2679/1/289 2677/1/289 2675/1/289 2673/1/289 2671/1/289 2669/1/289
f 2688/1/2450 2689/1/2450 2691/1/2451 2690/1/2451
f 2690/1/2451 2691/1/2451 2665/1/300 2664/1/300
f 2664/1/294 2666/1/294 2668/1/294 2670/1/294 2672/1/294 2674/1/294 2676/1/294 2678/1/294 2680/1/294 2682/1/294 2684/1/294 2686/1/294 2688/1/294 2690/1/294
usemtl mustard
f 302/1/193 308/1/194 309/1/195 303/1/196
f 303/1/197 309/1/198 307/1/199 301/1/200
f 311/1/201 305/1/202 306/1/203 312/1/204
f 312/1/205 306/1/206 304/1/207 310/1/208
f 308/1/194 314/1/209 315/1/210 309/1/195
f 309/1/198 315/1/211 313/1/212 307/1/199
f 317/1/213 311/1/201 312/1/204 318/1/214
f 318/1/215 312/1/205 310/1/208 316/1/216
f 314/1/209 320/1/217 321/1/218 315/1/210
f 315/1/211 321/1/219 319/1/220 313/1/212
f 323/1/221 317/1/213 318/1/214 324/1/222
f 324/1/223 318/1/215 316/1/216 322/1/224
f 320/1/217 326/1/225 327/1/226 321/1/218
f 321/1/219 327/1/227 325/1/228 319/1/220
f 329/1/229 323/1/221 324/1/222 330/1/230
f 330/1/231 324/1/223 322/1/224 328/1/232
f 326/1/225 332/1/233 333/1/234 327/1/226
f 327/1/227 333/1/235 331/1/236 325/1/228
f 335/1/237 329/1/229 330/1/230 336/1/238
f 336/1/239 330/1/231 328/1/232 334/1/240
f 332/1/233 338/1/241 339/1/242 333/1/234
f 333/1/235 339/1/243 337/1/244 331/1/236
f 341/1/245 335/1/237 336/1/238 342/1/246
f 342/1/247 336/1/239 334/1/240 340/1/248
f 338/1/241 344/1/249 345/1/250 339/1/242
f 339/1/243 345/1/251 343/1/252 337/1/244
f 347/1/253 341/1/245 342/1/246 348/1/254
f 348/1/255 342/1/247 340/1/248 346/1/256
f 344/1/249 350/1/257 351/1/258 345/1/250
f 345/1/251 351/1/259 349/1/260 343/1/252
f 353/1/261 347/1/253 348/1/254 354/1/262
f 354/1/263 348/1/255 346/1/256 352/1/264
f 350/1/257 356/1/265 357/1/266 351/1/258
f 351/1/259 357/1/267 355/1/268 349/1/260
f 359/1/269 353/1/261 354/1/262 360/1/270
f 360/1/271 354/1/263 352/1/264 358/1/272
f 356/1/265 362/1/273 363/1/274 357/1/266
f 357/1/267 363/1/275 361/1/276 355/1/268
f 365/1/277 359/1/269 360/1/270 366/1/278
f 366/1/279 360/1/271 358/1/272 364/1/280
f 362/1/273 368/1/281 369/1/282 363/1/274
f 363/1/275 369/1/283 367/1/284 361/1/276
f 371/1/285 365/1/277 366/1/278 372/1/286
f 372/1/287 366/1/279 364/1/280 370/1/288
f 368/1/281 302/1/193 303/1/196 369/1/282
f 369/1/283 303/1/197 301/1/200 367/1/284
f 305/1/202 371/1/285 372/1/286 306/1/203
f 306/1/206 372/1/287 370/1/288 304/1/207
f 301/1/200 307/1/199 313/1/212 319/1/220 325/1/228 331/1/236 337/1/244 343/1/252 349/1/260 355/1/268 361/1/276 367/1/284
f 302/1/193 305/1/202 311/1/201 308/1/194
f 368/1/281 371/1/285 305/1/202 302/1/193
f 310/1/208 304/1/207 370/1/288 364/1/280 358/1/272 352/1/264 346/1/256 340/1/248 334/1/240 328/1/232 322/1/224 316/1/216
f 308/1/194 311/1/201 317/1/213 314/1/209
f 314/1/209 317/1/213 323/1/221 320/1/217
f 320/1/217 323/1/221 329/1/229 326/1/225
f 326/1/225 329/1/229 335/1/237 332/1/233
f 332/1/233 335/1/237 341/1/245 338/1/241
f 338/1/241 341/1/245 347/1/253 344/1/249
f 344/1/249 347/1/253 353/1/261 350/1/257
f 350/1/257 353/1/261 359/1/269 356/1/265
f 356/1/265 359/1/269 365/1/277 362/1/273
f 362/1/273 365/1/277 371/1/285 368/1/281
f 1439/4/1243 1437/5/1243 1438/3/1243
f 1440/2/1243 1437/5/1243 1439/4/1243
f 1440/2/1243 1436/6/1243 1437/5/1243
f 1435/1/1243 1436/6/1243 1440/2/1243
f 1443/5/1244 1445/4/1244 1444/3/1244
f 1443/5/1244 1446/2/1244 1445/4/1244
f 1442/6/1244 1446/2/1244 1443/5/1244
f 1442/6/1244 1441/1/1244 1446/2/1244
f 1441/7/1245 1447/40/1246 1452/41/1247 1446/10/1245
f 1442/11/1248 1448/42/1249 1447/43/1250 1441/1/1248
f 1443/14/1251 1449/44/1252 1448/42/1253 1442/11/1251
f 1444/16/1254 1450/45/1255 1449/44/1255 1443/14/1254
f 1445/18/1256 1451/46/1257 1450/45/1258 1444/16/1256
f 1446/10/1259 1452/41/1260 1451/46/1261 1445/18/1259
f 1447/40/1246 1453/47/1262 1458/48/1263 1452/41/1247
f 1448/42/1249 1454/49/1264 1453/50/1265 1447/43/1250
f 1449/44/1252 1455/51/1266 1454/49/1267 1448/42/1253
f 1450/45/1255 1456/52/1268 1455/51/1269 1449/44/1255
f 1451/46/1257 1457/53/1270 1456/52/1270 1450/45/1258
f 1452/41/1260 1458/48/1271 1457/53/1272 1451/46/1261
f 1453/47/1262 1459/54/1273 1464/55/1273 1458/48/1263
f 1454/49/1264 1460/56/1274 1459/57/1275 1453/50/1265
f 1455/51/1266 1461/58/1276 1460/56/1277 1454/49/1267
f 1456/52/1268 1462/59/1278 1461/58/1278 1455/51/1269
f 1457/53/1270 1463/60/1279 1462/59/1280 1456/52/1270
f 1458/48/1271 1464/55/1281 1463/60/1282 1457/53/1272
f 1459/54/1283 1465/61/1284 1470/62/1285 1464/55/1283
f 1460/56/1274 1466/63/1286 1465/64/1287 1459/57/1275
f 1461/58/1276 1467/65/1288 1466/63/1289 1460/56/1277
f 1462/59/1290 1468/66/1291 1467/65/1292 1461/58/1290
f 1463/60/1279 1469/67/1293 1468/66/1294 1462/59/1280
f 1464/55/1281 1470/62/1295 1469/67/1296 1463/60/1282
f 1465/61/1284 1471/68/1297 1476/69/1297 1470/62/1285
f 1466/63/1286 1472/70/1298 1471/71/1299 1465/64/1287
f 1467/65/1288 1473/72/1300 1472/70/1301 1466/63/1289
f 1468/66/1291 1474/73/1302 1473/72/1302 1467/65/1292
f 1469/67/1293 1475/74/1303 1474/73/1304 1468/66/1294
f 1470/62/1295 1476/69/1305 1475/74/1306 1469/67/1296
f 1471/68/1297 1477/75/1307 1482/76/1308 1476/69/1297
f 1472/70/1298 1478/77/1309 1477/78/1310 1471/71/1299
f 1473/72/1300 1479/79/1311 1478/77/1312 1472/70/1301
f 1474/73/1302 1480/80/1313 1479/79/1314 1473/72/1302
f 1475/74/1303 1481/81/1315 1480/80/1316 1474/73/1304
f 1476/69/1305 1482/76/1317 1481/81/1318 1475/74/1306
f 1477/75/1307 1483/82/1319 1488/83/1320 1482/76/1308
f 1478/77/1309 1484/84/1321 1483/85/1322 1477/78/1310
f 1479/79/1311 1485/86/1323 1484/84/1324 1478/77/1312
f 1480/80/1313 1486/87/1325 1485/86/1326 1479/79/1314
f 1481/81/1315 1487/88/1327 1486/87/1327 1480/80/1316
f 1482/76/1317 1488/83/1328 1487/88/1329 1481/81/1318
f 1483/82/1319 1489/8/1330 1494/9/1331 1488/83/1320
f 1484/84/1321 1490/12/1332 1489/13/1333 1483/85/1322
f 1485/86/1323 1491/15/1334 1490/12/1334 1484/84/1324
f 1486/87/1325 1492/17/1335 1491/15/1336 1485/86/1326
f 1487/88/1327 1493/19/1337 1492/17/1338 1486/87/1327
f 1488/83/1328 1494/9/1339 1493/19/1339 1487/88/1329
f 1489/8/1330 1495/89/1340 1500/90/1341 1494/9/1331
f 1490/12/1332 1496/91/1342 1495/92/1343 1489/13/1333
f 1491/15/1344 1497/93/1345 1496/91/1346 1490/12/1344
f 1492/17/1335 1498/94/1347 1497/93/1348 1491/15/1336
f 1493/19/1337 1499/95/1349 1498/94/1350 1492/17/1338
f 1494/9/1351 1500/90/1352 1499/95/1353 1493/19/1351
f 1495/89/1340 1501/96/1354 1506/97/1355 1500/90/1341
f 1496/91/1342 1502/98/1356 1501/99/1357 1495/92/1343
f 1497/93/1345 1503/100/1358 1502/98/1358 1496/91/1346
f 1498/94/1347 1504/101/1359 1503/100/1360 1497/93/1348
f 1499/95/1349 1505/102/1361 1504/101/1362 1498/94/1350
f 1500/90/1352 1506/97/1363 1505/102/1364 1499/95/1353
f 1501/96/1354 1507/103/1365 1512/104/1366 1506/97/1355
f 1502/98/1356 1508/105/1367 1507/106/1368 1501/99/1357
f 1503/100/1358 1509/107/1369 1508/105/1370 1502/98/1358
f 1504/101/1359 1510/108/1371 1509/107/1372 1503/100/1360
f 1505/102/1361 1511/109/1373 1510/108/1374 1504/101/1362
f 1506/97/1363 1512/104/1375 1511/109/1376 1505/102/1364
f 1507/103/1365 1513/110/1377 1518/111/1378 1512/104/1366
f 1508/105/1367 1514/112/1379 1513/113/1379 1507/106/1368
f 1509/107/1369 1515/114/1380 1514/112/1381 1508/105/1370
f 1510/108/1371 1516/115/1382 1515/114/1383 1509/107/1372
f 1511/109/1373 1517/116/1384 1516/115/1385 1510/108/1374
f 1512/104/1375 1518/111/1386 1517/116/1387 1511/109/1376
f 1513/110/1377 1519/117/1388 1524/118/1388 1518/111/1378
f 1514/112/1379 1520/119/1389 1519/120/1390 1513/113/1379
f 1515/114/1380 1521/121/1391 1520/119/1392 1514/112/1381
f 1516/115/1382 1522/122/1393 1521/121/1393 1515/114/1383
f 1517/116/1384 1523/123/1394 1522/122/1395 1516/115/1385
f 1518/111/1386 1524/118/1396 1523/123/1397 1517/116/1387
f 1519/117/1398 1525/124/1399 1530/125/1400 1524/118/1398
f 1520/119/1389 1526/126/1401 1525/127/1402 1519/120/1390
f 1521/121/1391 1527/128/1403 1526/126/1404 1520/119/1392
f 1522/122/1405 1528/129/1406 1527/128/1407 1521/121/1405
f 1523/123/1394 1529/130/1408 1528/129/1409 1522/122/1395
f 1524/118/1396 1530/125/1410 1529/130/1411 1523/123/1397
f 1525/124/1399 1531/131/1412 1536/132/1413 1530/125/1400
f 1526/126/1401 1532/133/1414 1531/134/1415 1525/127/1402
f 1527/128/1403 1533/135/1416 1532/133/1417 1526/126/1404
f 1528/129/1406 1534/136/1418 1533/135/1419 1527/128/1407
f 1529/130/1408 1535/137/1420 1534/136/1421 1528/129/1409
f 1530/125/1410 1536/132/1422 1535/137/1423 1529/130/1411
f 1531/131/1412 1537/20/1424 1542/21/1425 1536/132/1413
f 1532/133/1414 1538/22/1426 1537/23/1427 1531/134/1415
f 1533/135/1416 1539/24/1428 1538/22/1429 1532/133/1417
f 1534/136/1418 1540/25/1430 1539/24/1431 1533/135/1419
f 1535/137/1420 1541/26/1432 1540/25/1433 1534/136/1421
f 1536/132/1422 1542/21/1434 1541/26/1435 1535/137/1423
f 1537/20/1424 1543/138/1436 1548/139/1437 1542/21/1425
f 1538/22/1426 1544/140/1438 1543/141/1439 1537/23/1427
f 1539/24/1428 1545/142/1440 1544/140/1441 1538/22/1429
f 1540/25/1430 1546/143/1442 1545/142/1443 1539/24/1431
f 1541/26/1432 1547/144/1444 1546/143/1445 1540/25/1433
f 1542/21/1434 1548/139/1446 1547/144/1447 1541/26/1435
f 1543/138/1436 1549/145/1448 1554/146/1449 1548/139/1437
f 1544/140/1438 1550/147/1450 1549/148/1451 1543/141/1439
f 1545/142/1440 1551/149/1452 1550/147/1453 1544/140/1441
f 1546/143/1442 1552/150/1454 1551/149/1455 1545/142/1443
f 1547/144/1444 1553/151/1456 1552/150/1457 1546/143/1445
f 1548/139/1446 1554/146/1458 1553/151/1459 1547/144/1447
f 1549/145/1448 1555/152/1460 1560/153/1461 1554/146/1449
f 1550/147/1450 1556/154/1462 1555/155/1463 1549/148/1451
f 1551/149/1452 1557/156/1464 1556/154/1464 1550/147/1453
f 1552/150/1454 1558/157/1465 1557/156/1466 1551/149/1455
f 1553/151/1456 1559/158/1467 1558/157/1468 1552/150/1457
f 1554/146/1458 1560/153/1469 1559/158/1469 1553/151/1459
f 1555/152/1460 1561/159/1470 1566/160/1471 1560/153/1461
f 1556/154/1462 1562/161/1472 1561/162/1472 1555/155/1463
f 1557/156/1473 1563/163/1474 1562/161/1475 1556/154/1473
f 1558/157/1465 1564/164/1476 1563/163/1477 1557/156/1466
f 1559/158/1467 1565/165/1478 1564/164/1479 1558/157/1468
f 1560/153/1480 1566/160/1481 1565/165/1482 1559/158/1480
f 1561/159/1470 1567/166/1483 1572/167/1484 1566/160/1471
f 1562/161/1472 1568/168/1485 1567/169/1486 1561/162/1472
f 1563/163/1474 1569/170/1487 1568/168/1488 1562/161/1475
f 1564/164/1476 1570/171/1489 1569/170/1490 1563/163/1477
f 1565/165/1478 1571/172/1491 1570/171/1492 1564/164/1479
f 1566/160/1481 1572/167/1493 1571/172/1494 1565/165/1482
f 1567/166/1483 1573/173/1495 1578/174/1495 1572/167/1484
f 1568/168/1485 1574/175/1496 1573/176/1497 1567/169/1486
f 1569/170/1487 1575/177/1498 1574/175/1499 1568/168/1488
f 1570/171/1489 1576/178/1500 1575/177/1500 1569/170/1490
f 1571/172/1491 1577/179/1501 1576/178/1502 1570/171/1492
f 1572/167/1493 1578/174/1503 1577/179/1504 1571/172/1494
f 1573/173/1495 1579/180/1505 1584/181/1506 1578/174/1495
f 1574/175/1496 1580/182/1507 1579/183/1508 1573/176/1497
f 1575/177/1498 1581/184/1509 1580/182/1510 1574/175/1499
f 1576/178/1500 1582/185/1511 1581/184/1512 1575/177/1500
f 1577/179/1501 1583/186/1513 1582/185/1514 1576/178/1502
f 1578/174/1503 1584/181/1515 1583/186/1516 1577/179/1504
f 1579/180/1505 1585/27/1517 1590/28/1517 1584/181/1506
f 1580/182/1507 1586/29/1518 1585/30/1519 1579/183/1508
f 1581/184/1509 1587/31/1520 1586/29/1521 1580/182/1510
f 1582/185/1511 1588/32/1522 1587/31/1522 1581/184/1512
f 1583/186/1513 1589/33/1523 1588/32/1524 1582/185/1514
f 1584/181/1515 1590/28/1525 1589/33/1526 1583/186/1516
f 1585/27/1527 1591/187/1528 1596/188/1529 1590/28/1527
f 1586/29/1518 1592/189/1530 1591/190/1531 1585/30/1519
f 1587/31/1520 1593/191/1532 1592/189/1533 1586/29/1521
f 1588/32/1534 1594/192/1535 1593/191/1536 1587/31/1534
f 1589/33/1523 1595/193/1537 1594/192/1537 1588/32/1524
f 1590/28/1525 1596/188/1538 1595/193/1539 1589/33/1526
f 1591/187/1528 1597/194/1540 1602/195/1541 1596/188/1529
f 1592/189/1530 1598/196/1542 1597/197/1543 1591/190/1531
f 1593/191/1532 1599/198/1544 1598/196/1545 1592/189/1533
f 1594/192/1535 1600/199/1546 1599/198/1546 1593/191/1536
f 1595/193/1537 1601/200/1547 1600/199/1548 1594/192/1537
f 1596/188/1538 1602/195/1549 1601/200/1550 1595/193/1539
f 1597/194/1540 1603/201/1551 1608/202/1552 1602/195/1541
f 1598/196/1542 1604/203/1553 1603/204/1554 1597/197/1543
f 1599/198/1544 1605/205/1555 1604/203/1555 1598/196/1545
f 1600/199/1546 1606/206/1556 1605/205/1557 1599/198/1546
f 1601/200/1547 1607/207/1558 1606/206/1559 1600/199/1548
f 1602/195/1549 1608/202/1560 1607/207/1560 1601/200/1550
f 1603/201/1551 1609/208/1561 1614/209/1562 1608/202/1552
f 1604/203/1553 1610/210/1563 1609/211/1564 1603/204/1554
f 1605/205/1555 1611/212/1565 1610/210/1566 1604/203/1555
f 1606/206/1556 1612/213/1567 1611/212/1568 1605/205/1557
f 1607/207/1558 1613/214/1569 1612/213/1570 1606/206/1559
f 1608/202/1560 1614/209/1571 1613/214/1572 1607/207/1560
f 1609/208/1561 1615/215/1573 1620/216/1574 1614/209/1562
f 1610/210/1563 1616/217/1575 1615/218/1576 1609/211/1564
f 1611/212/1565 1617/219/1577 1616/217/1577 1610/210/1566
f 1612/213/1567 1618/220/1578 1617/219/1579 1611/212/1568
f 1613/214/1569 1619/221/1580 1618/220/1581 1612/213/1570
f 1614/209/1571 1620/216/1582 1619/221/1582 1613/214/1572
f 1615/215/1573 1621/222/1583 1626/223/1584 1620/216/1574
f 1616/217/1575 1622/224/1585 1621/225/1586 1615/218/1576
f 1617/219/1587 1623/226/1588 1622/224/1589 1616/217/1587
f 1618/220/1578 1624/227/1590 1623/226/1591 1617/219/1579
f 1619/221/1580 1625/228/1592 1624/227/1592 1618/220/1581
f 1620/216/1593 1626/223/1594 1625/228/1595 1619/221/1593
f 1621/222/1583 1627/229/1596 1632/230/1597 1626/223/1584
f 1622/224/1585 1628/231/1598 1627/232/1599 1621/225/1586
f 1623/226/1588 1629/233/1600 1628/231/1600 1622/224/1589
f 1624/227/1590 1630/234/1601 1629/233/1602 1623/226/1591
f 1625/228/1592 1631/235/1603 1630/234/1604 1624/227/1592
f 1626/223/1594 1632/230/1605 1631/235/1605 1625/228/1595
f 1627/229/1596 1435/34/1606 1440/35/1606 1632/230/1597
f 1628/231/1598 1436/36/1607 1435/2/1607 1627/232/1599
f 1629/233/1600 1437/37/1608 1436/36/1608 1628/231/1600
f 1630/234/1601 1438/38/1609 1437/37/1609 1629/233/1602
f 1631/235/1603 1439/39/1610 1438/38/1610 1630/234/1604
f 1632/230/1605 1440/35/1611 1439/39/1611 1631/235/1605
usemtl relish
f 394/1/193 400/1/194 401/1/195 395/1/196
f 395/1/197 401/1/198 399/1/199 393/1/200
f 403/1/201 397/1/202 398/1/203 404/1/204
f 404/1/205 398/1/206 396/1/207 402/1/208
f 400/1/194 406/1/209 407/1/210 401/1/195
f 401/1/198 407/1/211 405/1/212 399/1/199
f 409/1/213 403/1/201 404/1/204 410/1/214
f 410/1/215 404/1/205 402/1/208 408/1/216
f 406/1/209 412/1/217 413/1/218 407/1/210
f 407/1/211 413/1/219 411/1/220 405/1/212
f 415/1/221 409/1/213 410/1/214 416/1/222
f 416/1/223 410/1/215 408/1/216 414/1/224
f 412/1/217 418/1/225 419/1/226 413/1/218
f 413/1/219 419/1/227 417/1/228 411/1/220
f 421/1/229 415/1/221 416/1/222 422/1/230
f 422/1/231 416/1/223 414/1/224 420/1/232
f 418/1/225 424/1/233 425/1/234 419/1/226
f 419/1/227 425/1/235 423/1/236 417/1/228
f 427/1/237 421/1/229 422/1/230 428/1/238
f 428/1/239 422/1/231 420/1/232 426/1/240
f 424/1/233 430/1/241 431/1/242 425/1/234
f 425/1/235 431/1/243 429/1/244 423/1/236
f 433/1/245 427/1/237 428/1/238 434/1/246
f 434/1/247 428/1/239 426/1/240 432/1/248
f 430/1/241 436/1/249 437/1/250 431/1/242
f 431/1/243 437/1/251 435/1/252 429/1/244
f 439/1/253 433/1/245 434/1/246 440/1/254
f 440/1/255 434/1/247 432/1/248 438/1/256
f 436/1/249 442/1/257 443/1/258 437/1/250
f 437/1/251 443/1/259 441/1/260 435/1/252
f 445/1/261 439/1/253 440/1/254 446/1/262
f 446/1/263 440/1/255 438/1/256 444/1/264
f 442/1/257 448/1/265 449/1/266 443/1/258
f 443/1/259 449/1/267 447/1/301 441/1/260
f 451/1/269 445/1/261 446/1/262 452/1/270
f 452/1/271 446/1/263 444/1/264 450/1/272
f 448/1/265 454/1/273 455/1/274 449/1/266
f 449/1/267 455/1/275 453/1/276 447/1/301
f 457/1/277 451/1/269 452/1/270 458/1/278
f 458/1/279 452/1/271 450/1/272 456/1/280
f 454/1/273 460/1/281 461/1/282 455/1/274
f 455/1/275 461/1/283 459/1/284 453/1/276
f 463/1/285 457/1/277 458/1/278 464/1/286
f 464/1/287 458/1/279 456/1/280 462/1/288
f 460/1/281 394/1/193 395/1/196 461/1/282
f 461/1/283 395/1/197 393/1/200 459/1/284
f 397/1/202 463/1/285 464/1/286 398/1/203
f 398/1/206 464/1/287 462/1/288 396/1/207
f 393/1/200 399/1/199 405/1/212 411/1/220 417/1/228 423/1/236 429/1/244 435/1/252 441/1/260 447/1/301 453/1/276 459/1/284
f 394/1/193 397/1/202 403/1/201 400/1/194
f 460/1/281 463/1/285 397/1/202 394/1/193
f 402/1/208 396/1/207 462/1/288 456/1/280 450/1/272 444/1/264 438/1/256 432/1/248 426/1/240 420/1/232 414/1/224 408/1/216
f 400/1/194 403/1/201 409/1/213 406/1/209
f 406/1/209 409/1/213 415/1/221 412/1/217
f 412/1/217 415/1/221 421/1/229 418/1/225
f 418/1/225 421/1/229 427/1/237 424/1/233
f 424/1/233 427/1/237 433/1/245 430/1/241
f 430/1/241 433/1/245 439/1/253 436/1/249
f 436/1/249 439/1/253 445/1/261 442/1/257
f 442/1/257 445/1/261 451/1/269 448/1/265
f 448/1/265 451/1/269 457/1/277 454/1/273
f 454/1/273 457/1/277 463/1/285 460/1/281
usemtl screen
f 485/1/97 488/1/98 489/1/99 491/1/100
f 486/1/101 490/1/102 489/1/103 488/1/104
f 487/1/105 491/1/106 489/1/107 490/1/108
f 492/1/109 495/1/110 496/1/111 498/1/112
f 493/1/113 497/1/114 496/1/115 495/1/116
f 494/1/117 498/1/118 496/1/119 497/1/120
f 499/1/121 502/1/122 503/1/123 505/1/124
f 500/1/125 504/1/126 503/1/127 502/1/128
f 501/1/129 505/1/130 503/1/131 504/1/132
f 506/1/133 509/1/134 510/1/302 512/1/136
f 507/1/137 511/1/138 510/1/139 509/1/140
f 508/1/141 512/1/142 510/1/143 511/1/144
f 513/1/145 516/1/146 517/1/147 519/1/148
f 514/1/149 518/1/150 517/1/151 516/1/152
f 515/1/153 519/1/154 517/1/155 518/1/156
f 520/1/157 523/1/158 524/1/159 526/1/160
f 521/1/161 525/1/162 524/1/163 523/1/164
f 522/1/165 526/1/166 524/1/167 525/1/168
f 527/1/169 530/1/170 531/1/171 533/1/172
f 528/1/173 532/1/174 531/1/175 530/1/176
f 529/1/177 533/1/178 531/1/179 532/1/180
f 534/1/181 537/1/182 538/1/303 540/1/184
f 535/1/185 539/1/186 538/1/187 537/1/188
f 536/1/189 540/1/190 538/1/191 539/1/192
f 499/1/121 485/1/97 491/1/100 502/1/122
f 502/1/128 491/1/106 487/1/105 500/1/125
f 486/1/101 492/1/109 498/1/112 490/1/102
f 490/1/108 498/1/118 494/1/117 487/1/105
f 493/1/113 506/1/133 512/1/136 497/1/114
f 497/1/120 512/1/142 508/1/141 494/1/117
f 507/1/137 501/1/129 504/1/132 511/1/138
f 511/1/144 504/1/126 500/1/125 508/1/141
f 527/1/169 499/1/121 505/1/124 530/1/170
f 530/1/176 505/1/130 501/1/129 528/1/173
f 506/1/133 534/1/181 540/1/184 509/1/134
f 509/1/140 540/1/190 536/1/189 507/1/137
f 535/1/185 529/1/177 532/1/180 539/1/186
f 539/1/192 532/1/174 528/1/173 536/1/189
f 513/1/145 527/1/169 533/1/172 516/1/146
f 516/1/152 533/1/178 529/1/177 514/1/149
f 534/1/181 520/1/157 526/1/160 537/1/182
f 537/1/188 526/1/166 522/1/165 535/1/185
f 521/1/161 515/1/153 518/1/156 525/1/162
f 525/1/168 518/1/150 514/1/149 522/1/165
f 485/1/97 513/1/145 519/1/148 488/1/98
f 488/1/104 519/1/154 515/1/153 486/1/101
f 520/1/157 493/1/113 495/1/116 523/1/158
f 523/1/164 495/1/110 492/1/109 521/1/161
f 499/1/121 527/1/169 513/1/145 485/1/97
f 487/1/105 494/1/117 508/1/141 500/1/125
f 515/1/153 521/1/161 492/1/109 486/1/101
f 534/1/181 506/1/133 493/1/113 520/1/157
f 501/1/129 507/1/137 536/1/189 528/1/173
f 529/1/177 535/1/185 522/1/165 514/1/149
usemtl relish_e1.5
f 546/2/304 544/3/304 545/4/304
f 546/2/304 543/5/304 544/3/304
f 541/1/304 543/5/304 546/2/304
f 541/1/304 542/6/304 543/5/304
f 549/5/305 551/4/305 550/3/305
f 549/5/305 552/2/305 551/4/305
f 548/6/305 552/2/305 549/5/305
f 548/6/305 547/1/305 552/2/305
f 547/7/306 553/8/306 558/9/306 552/10/306
f 548/11/307 554/12/307 553/13/307 547/1/307
f 549/14/308 555/15/308 554/12/308 548/11/308
f 550/16/309 556/17/309 555/15/309 549/14/309
f 551/18/310 557/19/310 556/17/310 550/16/310
f 552/10/311 558/9/311 557/19/311 551/18/311
f 553/8/312 559/20/312 564/21/312 558/9/312
f 554/12/313 560/22/313 559/23/313 553/13/313
f 555/15/314 561/24/314 560/22/314 554/12/314
f 556/17/315 562/25/315 561/24/315 555/15/315
f 557/19/316 563/26/316 562/25/316 556/17/316
f 558/9/317 564/21/317 563/26/317 557/19/317
f 559/20/318 565/27/318 570/28/318 564/21/318
f 560/22/319 566/29/319 565/30/319 559/23/319
f 561/24/320 567/31/320 566/29/320 560/22/320
f 562/25/321 568/32/321 567/31/321 561/24/321
f 563/26/322 569/33/322 568/32/322 562/25/322
f 564/21/323 570/28/323 569/33/323 563/26/323
f 565/27/324 541/34/324 546/35/324 570/28/324
f 566/29/325 542/36/325 541/2/325 565/30/325
f 567/31/326 543/37/326 542/36/326 566/29/326
f 568/32/327 544/38/327 543/37/327 567/31/327
f 569/33/328 545/39/328 544/38/328 568/32/328
f 570/28/329 546/35/329 545/39/329 569/33/329
usemtl bun
f 747/1/536 749/1/537 748/1/538
f 747/1/536 750/1/539 749/1/537
f 747/1/536 751/1/540 750/1/539
f 747/1/536 752/1/541 751/1/540
f 747/1/536 753/1/542 752/1/541
f 747/1/536 754/1/543 753/1/542
f 747/1/536 755/1/544 754/1/543
f 747/1/536 756/1/545 755/1/544
f 747/1/536 757/1/546 756/1/545
f 747/1/536 758/1/547 757/1/546
f 747/1/536 759/1/548 758/1/547
f 747/1/536 748/1/538 759/1/548
f 748/1/538 749/1/537 761/1/549 760/1/550
f 749/1/537 750/1/539 762/1/551 761/1/549
f 750/1/539 751/1/540 763/1/552 762/1/551
f 751/1/540 752/1/541 764/1/553 763/1/552
f 752/1/541 753/1/542 765/1/554 764/1/553
f 753/1/542 754/1/543 766/1/555 765/1/554
f 754/1/543 755/1/544 767/1/556 766/1/555
f 755/1/544 756/1/545 768/1/557 767/1/556
f 756/1/545 757/1/546 769/1/558 768/1/557
f 757/1/546 758/1/547 770/1/559 769/1/558
f 758/1/547 759/1/548 771/1/560 770/1/559
f 759/1/548 748/1/538 760/1/550 771/1/560
f 760/1/550 761/1/549 773/1/561 772/1/562
f 761/1/549 762/1/551 774/1/563 773/1/561
f 762/1/551 763/1/552 775/1/564 774/1/563
f 763/1/552 764/1/553 776/1/565 775/1/564
f 764/1/553 765/1/554 777/1/566 776/1/565
f 765/1/554 766/1/555 778/1/567 777/1/566
f 766/1/555 767/1/556 779/1/568 778/1/567
f 767/1/556 768/1/557 780/1/569 779/1/568
f 768/1/557 769/1/558 781/1/570 780/1/569
f 769/1/558 770/1/559 782/1/571 781/1/570
f 770/1/559 771/1/560 783/1/572 782/1/571
f 771/1/560 760/1/550 772/1/562 783/1/572
f 772/1/562 773/1/561 785/1/573 784/1/574
f 773/1/561 774/1/563 786/1/575 785/1/573
f 774/1/563 775/1/564 787/1/576 786/1/575
f 775/1/564 776/1/565 788/1/577 787/1/576
f 776/1/565 777/1/566 789/1/578 788/1/577
f 777/1/566 778/1/567 790/1/579 789/1/578
f 778/1/567 779/1/568 791/1/580 790/1/581
f 779/1/568 780/1/569 792/1/582 791/1/580
f 780/1/569 781/1/570 793/1/583 792/1/582
f 781/1/570 782/1/571 794/1/584 793/1/583
f 782/1/571 783/1/572 795/1/585 794/1/584
f 783/1/572 772/1/562 784/1/586 795/1/585
f 784/1/574 785/1/573 797/1/587 796/1/588
f 785/1/573 786/1/575 798/1/589 797/1/587
f 786/1/575 787/1/576 799/1/590 798/1/589
f 787/1/576 788/1/577 800/1/591 799/1/590
f 788/1/577 789/1/578 801/1/592 800/1/591
f 789/1/578 790/1/579 802/1/593 801/1/592
f 790/1/581 791/1/580 803/1/594 802/1/595
f 791/1/580 792/1/582 804/1/596 803/1/594
f 792/1/582 793/1/583 805/1/597 804/1/596
f 793/1/583 794/1/584 806/1/598 805/1/597
f 794/1/584 795/1/585 807/1/599 806/1/598
f 795/1/585 784/1/586 796/1/600 807/1/599
f 796/1/588 797/1/587 809/1/601 808/1/602
f 797/1/587 798/1/589 810/1/603 809/1/601
f 798/1/589 799/1/590 811/1/604 810/1/603
f 799/1/590 800/1/591 812/1/605 811/1/604
f 800/1/591 801/1/592 813/1/606 812/1/605
f 801/1/592 802/1/593 814/1/607 813/1/606
f 802/1/595 803/1/594 815/1/608 814/1/607
f 803/1/594 804/1/596 816/1/609 815/1/608
f 804/1/596 805/1/597 817/1/610 816/1/609
f 805/1/597 806/1/598 818/1/611 817/1/610
f 806/1/598 807/1/599 819/1/612 818/1/611
f 807/1/599 796/1/600 808/1/602 819/1/612
f 808/1/602 809/1/601 821/1/613 820/1/614
f 809/1/601 810/1/603 822/1/615 821/1/613
f 810/1/603 811/1/604 823/1/616 822/1/615
f 811/1/604 812/1/605 824/1/617 823/1/616
f 812/1/605 813/1/606 825/1/618 824/1/617
f 813/1/606 814/1/607 826/1/619 825/1/618
f 814/1/607 815/1/608 827/1/620 826/1/619
f 815/1/608 816/1/609 828/1/621 827/1/620
f 816/1/609 817/1/610 829/1/622 828/1/621
f 817/1/610 818/1/611 830/1/623 829/1/622
f 818/1/611 819/1/612 831/1/624 830/1/623
f 819/1/612 808/1/602 820/1/614 831/1/624
f 820/1/614 821/1/613 833/1/625 832/1/626
f 821/1/613 822/1/615 834/1/627 833/1/625
f 822/1/615 823/1/616 835/1/628 834/1/627
f 823/1/616 824/1/617 836/1/629 835/1/628
f 824/1/617 825/1/618 837/1/630 836/1/629
f 825/1/618 826/1/619 838/1/631 837/1/630
f 826/1/619 827/1/620 839/1/632 838/1/631
f 827/1/620 828/1/621 840/1/633 839/1/632
f 828/1/621 829/1/622 841/1/634 840/1/633
f 829/1/622 830/1/623 842/1/635 841/1/634
f 830/1/623 831/1/624 843/1/636 842/1/635
f 831/1/624 820/1/614 832/1/626 843/1/636
f 832/1/626 833/1/625 844/1/637
f 833/1/625 834/1/627 844/1/637
f 834/1/627 835/1/628 844/1/637
f 835/1/628 836/1/629 844/1/637
f 836/1/629 837/1/630 844/1/637
f 837/1/630 838/1/631 844/1/637
f 838/1/631 839/1/632 844/1/637
f 839/1/632 840/1/633 844/1/637
f 840/1/633 841/1/634 844/1/637
f 841/1/634 842/1/635 844/1/637
f 842/1/635 843/1/636 844/1/637
f 843/1/636 832/1/626 844/1/637
f 845/1/536 847/1/638 846/1/639
f 845/1/536 848/1/640 847/1/638
f 845/1/536 849/1/641 848/1/640
f 845/1/536 850/1/642 849/1/641
f 845/1/536 851/1/643 850/1/642
f 845/1/536 852/1/644 851/1/643
f 845/1/536 853/1/645 852/1/644
f 845/1/536 854/1/646 853/1/645
f 845/1/536 855/1/647 854/1/646
f 845/1/536 856/1/648 855/1/647
f 845/1/536 857/1/649 856/1/648
f 845/1/536 846/1/639 857/1/649
f 846/1/639 847/1/638 859/1/650 858/1/651
f 847/1/638 848/1/640 860/1/652 859/1/650
f 848/1/640 849/1/641 861/1/653 860/1/652
f 849/1/641 850/1/642 862/1/654 861/1/653
f 850/1/642 851/1/643 863/1/655 862/1/654
f 851/1/643 852/1/644 864/1/656 863/1/655
f 852/1/644 853/1/645 865/1/657 864/1/656
f 853/1/645 854/1/646 866/1/658 865/1/657
f 854/1/646 855/1/647 867/1/659 866/1/658
f 855/1/647 856/1/648 868/1/660 867/1/659
f 856/1/648 857/1/649 869/1/661 868/1/660
f 857/1/649 846/1/639 858/1/651 869/1/661
f 858/1/651 859/1/650 871/1/662 870/1/663
f 859/1/650 860/1/652 872/1/664 871/1/662
f 860/1/652 861/1/653 873/1/665 872/1/664
f 861/1/653 862/1/654 874/1/666 873/1/665
f 862/1/654 863/1/655 875/1/667 874/1/666
f 863/1/655 864/1/656 876/1/668 875/1/667
f 864/1/656 865/1/657 877/1/669 876/1/668
f 865/1/657 866/1/658 878/1/670 877/1/669
f 866/1/658 867/1/659 879/1/671 878/1/670
f 867/1/659 868/1/660 880/1/672 879/1/671
f 868/1/660 869/1/661 881/1/673 880/1/672
f 869/1/661 858/1/651 870/1/663 881/1/673
f 870/1/663 871/1/662 883/1/674 882/1/675
f 871/1/662 872/1/664 884/1/676 883/1/674
f 872/1/664 873/1/665 885/1/677 884/1/676
f 873/1/665 874/1/666 886/1/678 885/1/677
f 874/1/666 875/1/667 887/1/679 886/1/678
f 875/1/667 876/1/668 888/1/680 887/1/679
f 876/1/668 877/1/669 889/1/681 888/1/682
f 877/1/669 878/1/670 890/1/683 889/1/681
f 878/1/670 879/1/671 891/1/684 890/1/683
f 879/1/671 880/1/672 892/1/685 891/1/684
f 880/1/672 881/1/673 893/1/686 892/1/685
f 881/1/673 870/1/663 882/1/687 893/1/686
f 882/1/675 883/1/674 895/1/688 894/1/689
f 883/1/674 884/1/676 896/1/690 895/1/688
f 884/1/676 885/1/677 897/1/691 896/1/690
f 885/1/677 886/1/678 898/1/692 897/1/691
f 886/1/678 887/1/679 899/1/693 898/1/692
f 887/1/679 888/1/680 900/1/694 899/1/693
f 888/1/682 889/1/681 901/1/695 900/1/696
f 889/1/681 890/1/683 902/1/697 901/1/695
f 890/1/683 891/1/684 903/1/698 902/1/697
f 891/1/684 892/1/685 904/1/699 903/1/698
f 892/1/685 893/1/686 905/1/700 904/1/699
f 893/1/686 882/1/687 894/1/701 905/1/700
f 894/1/689 895/1/688 907/1/702 906/1/703
f 895/1/688 896/1/690 908/1/704 907/1/702
f 896/1/690 897/1/691 909/1/705 908/1/704
f 897/1/691 898/1/692 910/1/706 909/1/705
f 898/1/692 899/1/693 911/1/707 910/1/706
f 899/1/693 900/1/694 912/1/708 911/1/707
f 900/1/696 901/1/695 913/1/709 912/1/708
f 901/1/695 902/1/697 914/1/710 913/1/709
f 902/1/697 903/1/698 915/1/711 914/1/710
f 903/1/698 904/1/699 916/1/712 915/1/711
f 904/1/699 905/1/700 917/1/713 916/1/712
f 905/1/700 894/1/701 906/1/703 917/1/713
f 906/1/703 907/1/702 919/1/714 918/1/715
f 907/1/702 908/1/704 920/1/716 919/1/714
f 908/1/704 909/1/705 921/1/717 920/1/716
f 909/1/705 910/1/706 922/1/718 921/1/717
f 910/1/706 911/1/707 923/1/719 922/1/718
f 911/1/707 912/1/708 924/1/720 923/1/719
f 912/1/708 913/1/709 925/1/721 924/1/720
f 913/1/709 914/1/710 926/1/722 925/1/721
f 914/1/710 915/1/711 927/1/723 926/1/722
f 915/1/711 916/1/712 928/1/724 927/1/723
f 916/1/712 917/1/713 929/1/725 928/1/724
f 917/1/713 906/1/703 918/1/715 929/1/725
f 918/1/715 919/1/714 931/1/726 930/1/727
f 919/1/714 920/1/716 932/1/728 931/1/726
f 920/1/716 921/1/717 933/1/729 932/1/728
f 921/1/717 922/1/718 934/1/730 933/1/729
f 922/1/718 923/1/719 935/1/731 934/1/730
f 923/1/719 924/1/720 936/1/732 935/1/731
f 924/1/720 925/1/721 937/1/733 936/1/732
f 925/1/721 926/1/722 938/1/734 937/1/733
f 926/1/722 927/1/723 939/1/735 938/1/734
f 927/1/723 928/1/724 940/1/736 939/1/735
f 928/1/724 929/1/725 941/1/737 940/1/736
f 929/1/725 918/1/715 930/1/727 941/1/737
f 930/1/727 931/1/726 942/1/637
f 931/1/726 932/1/728 942/1/637
f 932/1/728 933/1/729 942/1/637
f 933/1/729 934/1/730 942/1/637
f 934/1/730 935/1/731 942/1/637
f 935/1/731 936/1/732 942/1/637
f 936/1/732 937/1/733 942/1/637
f 937/1/733 938/1/734 942/1/637
f 938/1/734 939/1/735 942/1/637
f 939/1/735 940/1/736 942/1/637
f 940/1/736 941/1/737 942/1/637
f 941/1/737 930/1/727 942/1/637
f 943/1/536 945/1/738 944/1/739
f 943/1/536 946/1/740 945/1/738
f 943/1/536 947/1/741 946/1/740
f 943/1/536 948/1/742 947/1/741
f 943/1/536 949/1/743 948/1/742
f 943/1/536 950/1/744 949/1/743
f 943/1/536 951/1/745 950/1/744
f 943/1/536 952/1/746 951/1/745
f 943/1/536 953/1/747 952/1/746
f 943/1/536 954/1/748 953/1/747
f 943/1/536 955/1/749 954/1/748
f 943/1/536 944/1/739 955/1/749
f 944/1/739 945/1/738 957/1/750 956/1/751
f 945/1/738 946/1/740 958/1/752 957/1/750
f 946/1/740 947/1/741 959/1/753 958/1/752
f 947/1/741 948/1/742 960/1/754 959/1/753
f 948/1/742 949/1/743 961/1/755 960/1/754
f 949/1/743 950/1/744 962/1/756 961/1/755
f 950/1/744 951/1/745 963/1/757 962/1/756
f 951/1/745 952/1/746 964/1/758 963/1/757
f 952/1/746 953/1/747 965/1/759 964/1/758
f 953/1/747 954/1/748 966/1/760 965/1/759
f 954/1/748 955/1/749 967/1/761 966/1/760
f 955/1/749 944/1/739 956/1/751 967/1/761
f 956/1/751 957/1/750 969/1/762 968/1/763
f 957/1/750 958/1/752 970/1/764 969/1/762
f 958/1/752 959/1/753 971/1/765 970/1/764
f 959/1/753 960/1/754 972/1/766 971/1/767
f 960/1/754 961/1/755 973/1/768 972/1/766
f 961/1/755 962/1/756 974/1/769 973/1/768
f 962/1/756 963/1/757 975/1/770 974/1/769
f 963/1/757 964/1/758 976/1/771 975/1/770
f 964/1/758 965/1/759 977/1/772 976/1/771
f 965/1/759 966/1/760 978/1/773 977/1/774
f 966/1/760 967/1/761 979/1/775 978/1/773
f 967/1/761 956/1/751 968/1/763 979/1/775
f 968/1/763 969/1/762 981/1/776 980/1/777
f 969/1/762 970/1/764 982/1/778 981/1/776
f 970/1/764 971/1/765 983/1/779 982/1/778
f 971/1/767 972/1/766 984/1/780 983/1/781
f 972/1/766 973/1/768 985/1/782 984/1/780
f 973/1/768 974/1/769 986/1/783 985/1/782
f 974/1/769 975/1/770 987/1/784 986/1/783
f 975/1/770 976/1/771 988/1/785 987/1/784
f 976/1/771 977/1/772 989/1/786 988/1/785
f 977/1/774 978/1/773 990/1/787 989/1/788
f 978/1/773 979/1/775 991/1/789 990/1/787
f 979/1/775 968/1/763 980/1/777 991/1/789
f 980/1/777 981/1/776 993/1/790 992/1/791
f 981/1/776 982/1/778 994/1/792 993/1/790
f 982/1/778 983/1/779 995/1/793 994/1/792
f 983/1/781 984/1/780 996/1/794 995/1/795
f 984/1/780 985/1/782 997/1/796 996/1/794
f 985/1/782 986/1/783 998/1/797 997/1/796
f 986/1/783 987/1/784 999/1/798 998/1/797
f 987/1/784 988/1/785 1000/1/799 999/1/798
f 988/1/785 989/1/786 1001/1/800 1000/1/799
f 989/1/788 990/1/787 1002/1/801 1001/1/802
f 990/1/787 991/1/789 1003/1/803 1002/1/801
f 991/1/789 980/1/777 992/1/791 1003/1/803
f 992/1/791 993/1/790 1005/1/804 1004/1/805
f 993/1/790 994/1/792 1006/1/806 1005/1/804
f 994/1/792 995/1/793 1007/1/807 1006/1/806
f 995/1/795 996/1/794 1008/1/808 1007/1/809
f 996/1/794 997/1/796 1009/1/810 1008/1/808
f 997/1/796 998/1/797 1010/1/811 1009/1/810
f 998/1/797 999/1/798 1011/1/812 1010/1/811
f 999/1/798 1000/1/799 1012/1/813 1011/1/812
f 1000/1/799 1001/1/800 1013/1/814 1012/1/813
f 1001/1/802 1002/1/801 1014/1/815 1013/1/816
f 1002/1/801 1003/1/803 1015/1/817 1014/1/815
f 1003/1/803 992/1/791 1004/1/805 1015/1/817
f 1004/1/805 1005/1/804 1017/1/818 1016/1/819
f 1005/1/804 1006/1/806 1018/1/820 1017/1/818
f 1006/1/806 1007/1/807 1019/1/821 1018/1/820
f 1007/1/809 1008/1/808 1020/1/822 1019/1/821
f 1008/1/808 1009/1/810 1021/1/823 1020/1/822
f 1009/1/810 1010/1/811 1022/1/824 1021/1/823
f 1010/1/811 1011/1/812 1023/1/825 1022/1/824
f 1011/1/812 1012/1/813 1024/1/826 1023/1/825
f 1012/1/813 1013/1/814 1025/1/827 1024/1/826
f 1013/1/816 1014/1/815 1026/1/828 1025/1/827
f 1014/1/815 1015/1/817 1027/1/829 1026/1/828
f 1015/1/817 1004/1/805 1016/1/819 1027/1/829
f 1016/1/819 1017/1/818 1029/1/830 1028/1/831
f 1017/1/818 1018/1/820 1030/1/832 1029/1/830
f 1018/1/820 1019/1/821 1031/1/833 1030/1/832
f 1019/1/821 1020/1/822 1032/1/834 1031/1/833
f 1020/1/822 1021/1/823 1033/1/835 1032/1/834
f 1021/1/823 1022/1/824 1034/1/836 1033/1/835
f 1022/1/824 1023/1/825 1035/1/837 1034/1/836
f 1023/1/825 1024/1/826 1036/1/838 1035/1/837
f 1024/1/826 1025/1/827 1037/1/839 1036/1/838
f 1025/1/827 1026/1/828 1038/1/840 1037/1/839
f 1026/1/828 1027/1/829 1039/1/841 1038/1/840
f 1027/1/829 1016/1/819 1028/1/831 1039/1/841
f 1028/1/831 1029/1/830 1040/1/637
f 1029/1/830 1030/1/832 1040/1/637
f 1030/1/832 1031/1/833 1040/1/637
f 1031/1/833 1032/1/834 1040/1/637
f 1032/1/834 1033/1/835 1040/1/637
f 1033/1/835 1034/1/836 1040/1/637
f 1034/1/836 1035/1/837 1040/1/637
f 1035/1/837 1036/1/838 1040/1/637
f 1036/1/838 1037/1/839 1040/1/637
f 1037/1/839 1038/1/840 1040/1/637
f 1038/1/840 1039/1/841 1040/1/637
f 1039/1/841 1028/1/831 1040/1/637
usemtl sausage
f 1139/1/536 1141/1/946 1140/1/947
f 1139/1/536 1142/1/948 1141/1/946
f 1139/1/536 1143/1/949 1142/1/948
f 1139/1/536 1144/1/950 1143/1/949
f 1139/1/536 1145/1/951 1144/1/950
f 1139/1/536 1146/1/952 1145/1/951
f 1139/1/536 1147/1/953 1146/1/952
f 1139/1/536 1148/1/954 1147/1/953
f 1139/1/536 1149/1/955 1148/1/954
f 1139/1/536 1150/1/956 1149/1/955
f 1139/1/536 1151/1/957 1150/1/956
f 1139/1/536 1140/1/947 1151/1/957
f 1140/1/947 1141/1/946 1153/1/958 1152/1/959
f 1141/1/946 1142/1/948 1154/1/960 1153/1/958
f 1142/1/948 1143/1/949 1155/1/961 1154/1/960
f 1143/1/949 1144/1/950 1156/1/962 1155/1/961
f 1144/1/950 1145/1/951 1157/1/963 1156/1/962
f 1145/1/951 1146/1/952 1158/1/964 1157/1/963
f 1146/1/952 1147/1/953 1159/1/965 1158/1/964
f 1147/1/953 1148/1/954 1160/1/966 1159/1/965
f 1148/1/954 1149/1/955 1161/1/967 1160/1/966
f 1149/1/955 1150/1/956 1162/1/968 1161/1/967
f 1150/1/956 1151/1/957 1163/1/969 1162/1/968
f 1151/1/957 1140/1/947 1152/1/959 1163/1/969
f 1152/1/959 1153/1/958 1165/1/970 1164/1/971
f 1153/1/958 1154/1/960 1166/1/972 1165/1/970
f 1154/1/960 1155/1/961 1167/1/973 1166/1/972
f 1155/1/961 1156/1/962 1168/1/974 1167/1/973
f 1156/1/962 1157/1/963 1169/1/975 1168/1/974
f 1157/1/963 1158/1/964 1170/1/976 1169/1/975
f 1158/1/964 1159/1/965 1171/1/977 1170/1/976
f 1159/1/965 1160/1/966 1172/1/978 1171/1/977
f 1160/1/966 1161/1/967 1173/1/979 1172/1/978
f 1161/1/967 1162/1/968 1174/1/980 1173/1/979
f 1162/1/968 1163/1/969 1175/1/981 1174/1/980
f 1163/1/969 1152/1/959 1164/1/971 1175/1/981
f 1164/1/971 1165/1/970 1177/1/982 1176/1/983
f 1165/1/970 1166/1/972 1178/1/984 1177/1/982
f 1166/1/972 1167/1/973 1179/1/985 1178/1/984
f 1167/1/973 1168/1/974 1180/1/986 1179/1/985
f 1168/1/974 1169/1/975 1181/1/987 1180/1/986
f 1169/1/975 1170/1/976 1182/1/988 1181/1/987
f 1170/1/976 1171/1/977 1183/1/989 1182/1/988
f 1171/1/977 1172/1/978 1184/1/990 1183/1/989
f 1172/1/978 1173/1/979 1185/1/991 1184/1/990
f 1173/1/979 1174/1/980 1186/1/992 1185/1/991
f 1174/1/980 1175/1/981 1187/1/993 1186/1/992
f 1175/1/981 1164/1/971 1176/1/983 1187/1/993
f 1176/1/983 1177/1/982 1189/1/994 1188/1/995
f 1177/1/982 1178/1/984 1190/1/996 1189/1/994
f 1178/1/984 1179/1/985 1191/1/997 1190/1/996
f 1179/1/985 1180/1/986 1192/1/998 1191/1/997
f 1180/1/986 1181/1/987 1193/1/999 1192/1/998
f 1181/1/987 1182/1/988 1194/1/1000 1193/1/999
f 1182/1/988 1183/1/989 1195/1/1001 1194/1/1000
f 1183/1/989 1184/1/990 1196/1/1002 1195/1/1001
f 1184/1/990 1185/1/991 1197/1/1003 1196/1/1002
f 1185/1/991 1186/1/992 1198/1/1004 1197/1/1003
f 1186/1/992 1187/1/993 1199/1/1005 1198/1/1004
f 1187/1/993 1176/1/983 1188/1/995 1199/1/1005
f 1188/1/995 1189/1/994 1201/1/1006 1200/1/1007
f 1189/1/994 1190/1/996 1202/1/1008 1201/1/1006
f 1190/1/996 1191/1/997 1203/1/1009 1202/1/1008
f 1191/1/997 1192/1/998 1204/1/1010 1203/1/1009
f 1192/1/998 1193/1/999 1205/1/1011 1204/1/1010
f 1193/1/999 1194/1/1000 1206/1/1012 1205/1/1011
f 1194/1/1000 1195/1/1001 1207/1/1013 1206/1/1012
f 1195/1/1001 1196/1/1002 1208/1/1014 1207/1/1013
f 1196/1/1002 1197/1/1003 1209/1/1015 1208/1/1014
f 1197/1/1003 1198/1/1004 1210/1/1016 1209/1/1015
f 1198/1/1004 1199/1/1005 1211/1/1017 1210/1/1016
f 1199/1/1005 1188/1/995 1200/1/1007 1211/1/1017
f 1200/1/1007 1201/1/1006 1213/1/1018 1212/1/1019
f 1201/1/1006 1202/1/1008 1214/1/1020 1213/1/1018
f 1202/1/1008 1203/1/1009 1215/1/1021 1214/1/1020
f 1203/1/1009 1204/1/1010 1216/1/1022 1215/1/1021
f 1204/1/1010 1205/1/1011 1217/1/1023 1216/1/1022
f 1205/1/1011 1206/1/1012 1218/1/1024 1217/1/1023
f 1206/1/1012 1207/1/1013 1219/1/1025 1218/1/1024
f 1207/1/1013 1208/1/1014 1220/1/1026 1219/1/1025
f 1208/1/1014 1209/1/1015 1221/1/1027 1220/1/1026
f 1209/1/1015 1210/1/1016 1222/1/1028 1221/1/1027
f 1210/1/1016 1211/1/1017 1223/1/1029 1222/1/1028
f 1211/1/1017 1200/1/1007 1212/1/1019 1223/1/1029
f 1212/1/1019 1213/1/1018 1225/1/1030 1224/1/1031
f 1213/1/1018 1214/1/1020 1226/1/1032 1225/1/1030
f 1214/1/1020 1215/1/1021 1227/1/1033 1226/1/1032
f 1215/1/1021 1216/1/1022 1228/1/1034 1227/1/1033
f 1216/1/1022 1217/1/1023 1229/1/1035 1228/1/1034
f 1217/1/1023 1218/1/1024 1230/1/1036 1229/1/1035
f 1218/1/1024 1219/1/1025 1231/1/1037 1230/1/1036
f 1219/1/1025 1220/1/1026 1232/1/1038 1231/1/1037
f 1220/1/1026 1221/1/1027 1233/1/1039 1232/1/1038
f 1221/1/1027 1222/1/1028 1234/1/1040 1233/1/1039
f 1222/1/1028 1223/1/1029 1235/1/1041 1234/1/1040
f 1223/1/1029 1212/1/1019 1224/1/1031 1235/1/1041
f 1224/1/1031 1225/1/1030 1236/1/637
f 1225/1/1030 1226/1/1032 1236/1/637
f 1226/1/1032 1227/1/1033 1236/1/637
f 1227/1/1033 1228/1/1034 1236/1/637
f 1228/1/1034 1229/1/1035 1236/1/637
f 1229/1/1035 1230/1/1036 1236/1/637
f 1230/1/1036 1231/1/1037 1236/1/637
f 1231/1/1037 1232/1/1038 1236/1/637
f 1232/1/1038 1233/1/1039 1236/1/637
f 1233/1/1039 1234/1/1040 1236/1/637
f 1234/1/1040 1235/1/1041 1236/1/637
f 1235/1/1041 1224/1/1031 1236/1/637
usemtl glass_glass
f 1633/1/1612 1634/1/1613 1662/1/1614 1661/1/1615
f 1634/1/1613 1635/1/1616 1663/1/1617 1662/1/1614
f 1635/1/1616 1636/1/1618 1664/1/1619 1663/1/1617
f 1636/1/1618 1637/1/1620 1665/1/1621 1664/1/1619
f 1637/1/1620 1638/1/1622 1666/1/1623 1665/1/1621
f 1638/1/1622 1639/1/1624 1667/1/1625 1666/1/1623
f 1639/1/1624 1640/1/1626 1668/1/1627 1667/1/1625
f 1640/1/1626 1641/1/1628 1669/1/1629 1668/1/1627
f 1641/1/1628 1642/1/1630 1670/1/1631 1669/1/1629
f 1642/1/1630 1643/1/1632 1671/1/1633 1670/1/1631
f 1643/1/1632 1644/1/1634 1672/1/1635 1671/1/1633
f 1644/1/1634 1645/1/1636 1673/1/1637 1672/1/1635
f 1645/1/1636 1646/1/1638 1674/1/1639 1673/1/1637
f 1646/1/1638 1647/1/1640 1675/1/1641 1674/1/1639
f 1647/1/1640 1648/1/1642 1676/1/1643 1675/1/1641
f 1648/1/1642 1649/1/1644 1677/1/1645 1676/1/1643
f 1649/1/1644 1650/1/1646 1678/1/1647 1677/1/1645
f 1650/1/1646 1651/1/1648 1679/1/1649 1678/1/1647
f 1651/1/1648 1652/1/1650 1680/1/1651 1679/1/1649
f 1652/1/1650 1653/1/1652 1681/1/1653 1680/1/1651
f 1653/1/1652 1654/1/1654 1682/1/1655 1681/1/1653
f 1654/1/1654 1655/1/1656 1683/1/1657 1682/1/1655
f 1655/1/1656 1656/1/1658 1684/1/1659 1683/1/1657
f 1656/1/1658 1657/1/1660 1685/1/1661 1684/1/1659
f 1657/1/1660 1658/1/1662 1686/1/1663 1685/1/1661
f 1658/1/1662 1659/1/1664 1687/1/1665 1686/1/1663
f 1659/1/1664 1660/1/1666 1688/1/1667 1687/1/1665
f 1660/1/1666 1633/1/1612 1661/1/1615 1688/1/1667
f 1661/1/1615 1662/1/1614 1690/1/1668 1689/1/1669
f 1662/1/1614 1663/1/1617 1691/1/1670 1690/1/1668
f 1663/1/1617 1664/1/1619 1692/1/1671 1691/1/1670
f 1664/1/1619 1665/1/1621 1693/1/1672 1692/1/1671
f 1665/1/1621 1666/1/1623 1694/1/1673 1693/1/1672
f 1666/1/1623 1667/1/1625 1695/1/1674 1694/1/1673
f 1667/1/1625 1668/1/1627 1696/1/1675 1695/1/1674
f 1668/1/1627 1669/1/1629 1697/1/1676 1696/1/1675
f 1669/1/1629 1670/1/1631 1698/1/1677 1697/1/1676
f 1670/1/1631 1671/1/1633 1699/1/1678 1698/1/1677
f 1671/1/1633 1672/1/1635 1700/1/1679 1699/1/1678
f 1672/1/1635 1673/1/1637 1701/1/1680 1700/1/1679
f 1673/1/1637 1674/1/1639 1702/1/1681 1701/1/1680
f 1674/1/1639 1675/1/1641 1703/1/1682 1702/1/1681
f 1675/1/1641 1676/1/1643 1704/1/1683 1703/1/1682
f 1676/1/1643 1677/1/1645 1705/1/1684 1704/1/1683
f 1677/1/1645 1678/1/1647 1706/1/1685 1705/1/1684
f 1678/1/1647 1679/1/1649 1707/1/1686 1706/1/1685
f 1679/1/1649 1680/1/1651 1708/1/1687 1707/1/1686
f 1680/1/1651 1681/1/1653 1709/1/1688 1708/1/1687
f 1681/1/1653 1682/1/1655 1710/1/1689 1709/1/1688
f 1682/1/1655 1683/1/1657 1711/1/1690 1710/1/1689
f 1683/1/1657 1684/1/1659 1712/1/1691 1711/1/1690
f 1684/1/1659 1685/1/1661 1713/1/1692 1712/1/1691
f 1685/1/1661 1686/1/1663 1714/1/1693 1713/1/1692
f 1686/1/1663 1687/1/1665 1715/1/1694 1714/1/1693
f 1687/1/1665 1688/1/1667 1716/1/1695 1715/1/1694
f 1688/1/1667 1661/1/1615 1689/1/1669 1716/1/1695
f 1689/1/1669 1690/1/1668 1718/1/1696 1717/1/1697
f 1690/1/1668 1691/1/1670 1719/1/1698 1718/1/1696
f 1691/1/1670 1692/1/1671 1720/1/1699 1719/1/1698
f 1692/1/1671 1693/1/1672 1721/1/1700 1720/1/1699
f 1693/1/1672 1694/1/1673 1722/1/1701 1721/1/1700
f 1694/1/1673 1695/1/1674 1723/1/1702 1722/1/1701
f 1695/1/1674 1696/1/1675 1724/1/1703 1723/1/1702
f 1696/1/1675 1697/1/1676 1725/1/1704 1724/1/1703
f 1697/1/1676 1698/1/1677 1726/1/1705 1725/1/1704
f 1698/1/1677 1699/1/1678 1727/1/1706 1726/1/1705
f 1699/1/1678 1700/1/1679 1728/1/1707 1727/1/1706
f 1700/1/1679 1701/1/1680 1729/1/1708 1728/1/1707
f 1701/1/1680 1702/1/1681 1730/1/1709 1729/1/1708
f 1702/1/1681 1703/1/1682 1731/1/1710 1730/1/1709
f 1703/1/1682 1704/1/1683 1732/1/1711 1731/1/1710
f 1704/1/1683 1705/1/1684 1733/1/1712 1732/1/1711
f 1705/1/1684 1706/1/1685 1734/1/1713 1733/1/1712
f 1706/1/1685 1707/1/1686 1735/1/1714 1734/1/1713
f 1707/1/1686 1708/1/1687 1736/1/1715 1735/1/1714
f 1708/1/1687 1709/1/1688 1737/1/1716 1736/1/1715
f 1709/1/1688 1710/1/1689 1738/1/1717 1737/1/1716
f 1710/1/1689 1711/1/1690 1739/1/1718 1738/1/1717
f 1711/1/1690 1712/1/1691 1740/1/1719 1739/1/1718
f 1712/1/1691 1713/1/1692 1741/1/1720 1740/1/1719
f 1713/1/1692 1714/1/1693 1742/1/1721 1741/1/1720
f 1714/1/1693 1715/1/1694 1743/1/1722 1742/1/1721
f 1715/1/1694 1716/1/1695 1744/1/1723 1743/1/1722
f 1716/1/1695 1689/1/1669 1717/1/1697 1744/1/1723
f 1717/1/1697 1718/1/1696 1746/1/1724 1745/1/1725
f 1718/1/1696 1719/1/1698 1747/1/1726 1746/1/1724
f 1719/1/1698 1720/1/1699 1748/1/1727 1747/1/1726
f 1720/1/1699 1721/1/1700 1749/1/1728 1748/1/1727
f 1721/1/1700 1722/1/1701 1750/1/1729 1749/1/1728
f 1722/1/1701 1723/1/1702 1751/1/1730 1750/1/1729
f 1723/1/1702 1724/1/1703 1752/1/1731 1751/1/1730
f 1724/1/1703 1725/1/1704 1753/1/1732 1752/1/1731
f 1725/1/1704 1726/1/1705 1754/1/1733 1753/1/1732
f 1726/1/1705 1727/1/1706 1755/1/1734 1754/1/1733
f 1727/1/1706 1728/1/1707 1756/1/1735 1755/1/1734
f 1728/1/1707 1729/1/1708 1757/1/1736 1756/1/1735
f 1729/1/1708 1730/1/1709 1758/1/1737 1757/1/1736
f 1730/1/1709 1731/1/1710 1759/1/1738 1758/1/1737
f 1731/1/1710 1732/1/1711 1760/1/1739 1759/1/1738
f 1732/1/1711 1733/1/1712 1761/1/1740 1760/1/1739
f 1733/1/1712 1734/1/1713 1762/1/1741 1761/1/1740
f 1734/1/1713 1735/1/1714 1763/1/1742 1762/1/1741
f 1735/1/1714 1736/1/1715 1764/1/1743 1763/1/1742
f 1736/1/1715 1737/1/1716 1765/1/1744 1764/1/1743
f 1737/1/1716 1738/1/1717 1766/1/1745 1765/1/1744
f 1738/1/1717 1739/1/1718 1767/1/1746 1766/1/1745
f 1739/1/1718 1740/1/1719 1768/1/1747 1767/1/1746
f 1740/1/1719 1741/1/1720 1769/1/1748 1768/1/1747
f 1741/1/1720 1742/1/1721 1770/1/1749 1769/1/1748
f 1742/1/1721 1743/1/1722 1771/1/1750 1770/1/1749
f 1743/1/1722 1744/1/1723 1772/1/1751 1771/1/1750
f 1744/1/1723 1717/1/1697 1745/1/1725 1772/1/1751
f 1745/1/1725 1746/1/1724 1774/1/1752 1773/1/1753
f 1746/1/1724 1747/1/1726 1775/1/1754 1774/1/1752
f 1747/1/1726 1748/1/1727 1776/1/1755 1775/1/1754
f 1748/1/1727 1749/1/1728 1777/1/1756 1776/1/1755
f 1749/1/1728 1750/1/1729 1778/1/1757 1777/1/1756
f 1750/1/1729 1751/1/1730 1779/1/1758 1778/1/1757
f 1751/1/1730 1752/1/1731 1780/1/1759 1779/1/1758
f 1752/1/1731 1753/1/1732 1781/1/1760 1780/1/1759
f 1753/1/1732 1754/1/1733 1782/1/1761 1781/1/1760
f 1754/1/1733 1755/1/1734 1783/1/1762 1782/1/1761
f 1755/1/1734 1756/1/1735 1784/1/1763 1783/1/1762
f 1756/1/1735 1757/1/1736 1785/1/1764 1784/1/1763
f 1757/1/1736 1758/1/1737 1786/1/1765 1785/1/1764
f 1758/1/1737 1759/1/1738 1787/1/1766 1786/1/1765
f 1759/1/1738 1760/1/1739 1788/1/1767 1787/1/1766
f 1760/1/1739 1761/1/1740 1789/1/1768 1788/1/1767
f 1761/1/1740 1762/1/1741 1790/1/1769 1789/1/1768
f 1762/1/1741 1763/1/1742 1791/1/1770 1790/1/1769
f 1763/1/1742 1764/1/1743 1792/1/1771 1791/1/1770
f 1764/1/1743 1765/1/1744 1793/1/1772 1792/1/1771
f 1765/1/1744 1766/1/1745 1794/1/1773 1793/1/1772
f 1766/1/1745 1767/1/1746 1795/1/1774 1794/1/1773
f 1767/1/1746 1768/1/1747 1796/1/1775 1795/1/1774
f 1768/1/1747 1769/1/1748 1797/1/1776 1796/1/1775
f 1769/1/1748 1770/1/1749 1798/1/1777 1797/1/1776
f 1770/1/1749 1771/1/1750 1799/1/1778 1798/1/1777
f 1771/1/1750 1772/1/1751 1800/1/1779 1799/1/1778
f 1772/1/1751 1745/1/1725 1773/1/1753 1800/1/1779
f 1773/1/1753 1774/1/1752 1802/1/1780 1801/1/1781
f 1774/1/1752 1775/1/1754 1803/1/1782 1802/1/1780
f 1775/1/1754 1776/1/1755 1804/1/1783 1803/1/1782
f 1776/1/1755 1777/1/1756 1805/1/1784 1804/1/1783
f 1777/1/1756 1778/1/1757 1806/1/1785 1805/1/1784
f 1778/1/1757 1779/1/1758 1807/1/1786 1806/1/1785
f 1779/1/1758 1780/1/1759 1808/1/1787 1807/1/1786
f 1780/1/1759 1781/1/1760 1809/1/1788 1808/1/1787
f 1781/1/1760 1782/1/1761 1810/1/1789 1809/1/1788
f 1782/1/1761 1783/1/1762 1811/1/1790 1810/1/1789
f 1783/1/1762 1784/1/1763 1812/1/1791 1811/1/1790
f 1784/1/1763 1785/1/1764 1813/1/1792 1812/1/1791
f 1785/1/1764 1786/1/1765 1814/1/1793 1813/1/1792
f 1786/1/1765 1787/1/1766 1815/1/1794 1814/1/1793
f 1787/1/1766 1788/1/1767 1816/1/1795 1815/1/1794
f 1788/1/1767 1789/1/1768 1817/1/1796 1816/1/1795
f 1789/1/1768 1790/1/1769 1818/1/1797 1817/1/1796
f 1790/1/1769 1791/1/1770 1819/1/1798 1818/1/1797
f 1791/1/1770 1792/1/1771 1820/1/1799 1819/1/1798
f 1792/1/1771 1793/1/1772 1821/1/1800 1820/1/1799
f 1793/1/1772 1794/1/1773 1822/1/1801 1821/1/1800
f 1794/1/1773 1795/1/1774 1823/1/1802 1822/1/1801
f 1795/1/1774 1796/1/1775 1824/1/1803 1823/1/1802
f 1796/1/1775 1797/1/1776 1825/1/1804 1824/1/1803
f 1797/1/1776 1798/1/1777 1826/1/1805 1825/1/1804
f 1798/1/1777 1799/1/1778 1827/1/1806 1826/1/1805
f 1799/1/1778 1800/1/1779 1828/1/1807 1827/1/1806
f 1800/1/1779 1773/1/1753 1801/1/1781 1828/1/1807
f 1801/1/1781 1802/1/1780 1830/1/1808 1829/1/1809
f 1802/1/1780 1803/1/1782 1831/1/1810 1830/1/1808
f 1803/1/1782 1804/1/1783 1832/1/1811 1831/1/1810
f 1804/1/1783 1805/1/1784 1833/1/1812 1832/1/1811
f 1805/1/1784 1806/1/1785 1834/1/1813 1833/1/1812
f 1806/1/1785 1807/1/1786 1835/1/1814 1834/1/1813
f 1807/1/1786 1808/1/1787 1836/1/1815 1835/1/1814
f 1808/1/1787 1809/1/1788 1837/1/1816 1836/1/1815
f 1809/1/1788 1810/1/1789 1838/1/1817 1837/1/1816
f 1810/1/1789 1811/1/1790 1839/1/1818 1838/1/1817
f 1811/1/1790 1812/1/1791 1840/1/1819 1839/1/1818
f 1812/1/1791 1813/1/1792 1841/1/1820 1840/1/1819
f 1813/1/1792 1814/1/1793 1842/1/1821 1841/1/1820
f 1814/1/1793 1815/1/1794 1843/1/1822 1842/1/1821
f 1815/1/1794 1816/1/1795 1844/1/1823 1843/1/1822
f 1816/1/1795 1817/1/1796 1845/1/1824 1844/1/1823
f 1817/1/1796 1818/1/1797 1846/1/1825 1845/1/1824
f 1818/1/1797 1819/1/1798 1847/1/1826 1846/1/1825
f 1819/1/1798 1820/1/1799 1848/1/1827 1847/1/1826
f 1820/1/1799 1821/1/1800 1849/1/1828 1848/1/1827
f 1821/1/1800 1822/1/1801 1850/1/1829 1849/1/1828
f 1822/1/1801 1823/1/1802 1851/1/1830 1850/1/1829
f 1823/1/1802 1824/1/1803 1852/1/1831 1851/1/1830
f 1824/1/1803 1825/1/1804 1853/1/1832 1852/1/1831
f 1825/1/1804 1826/1/1805 1854/1/1833 1853/1/1832
f 1826/1/1805 1827/1/1806 1855/1/1834 1854/1/1833
f 1827/1/1806 1828/1/1807 1856/1/1835 1855/1/1834
f 1828/1/1807 1801/1/1781 1829/1/1809 1856/1/1835
f 1829/1/1809 1830/1/1808 1858/1/1836 1857/1/1837
f 1830/1/1808 1831/1/1810 1859/1/1838 1858/1/1836
f 1831/1/1810 1832/1/1811 1860/1/1839 1859/1/1838
f 1832/1/1811 1833/1/1812 1861/1/1840 1860/1/1839
f 1833/1/1812 1834/1/1813 1862/1/1841 1861/1/1840
f 1834/1/1813 1835/1/1814 1863/1/1842 1862/1/1841
f 1835/1/1814 1836/1/1815 1864/1/1843 1863/1/1842
f 1836/1/1815 1837/1/1816 1865/1/1844 1864/1/1843
f 1837/1/1816 1838/1/1817 1866/1/1845 1865/1/1844
f 1838/1/1817 1839/1/1818 1867/1/1846 1866/1/1845
f 1839/1/1818 1840/1/1819 1868/1/1847 1867/1/1846
f 1840/1/1819 1841/1/1820 1869/1/1848 1868/1/1847
f 1841/1/1820 1842/1/1821 1870/1/1849 1869/1/1848
f 1842/1/1821 1843/1/1822 1871/1/1850 1870/1/1849
f 1843/1/1822 1844/1/1823 1872/1/1851 1871/1/1850
f 1844/1/1823 1845/1/1824 1873/1/1852 1872/1/1851
f 1845/1/1824 1846/1/1825 1874/1/1853 1873/1/1852
f 1846/1/1825 1847/1/1826 1875/1/1854 1874/1/1853
f 1847/1/1826 1848/1/1827 1876/1/1855 1875/1/1854
f 1848/1/1827 1849/1/1828 1877/1/1856 1876/1/1855
f 1849/1/1828 1850/1/1829 1878/1/1857 1877/1/1856
f 1850/1/1829 1851/1/1830 1879/1/1858 1878/1/1857
f 1851/1/1830 1852/1/1831 1880/1/1859 1879/1/1858
f 1852/1/1831 1853/1/1832 1881/1/1860 1880/1/1859
f 1853/1/1832 1854/1/1833 1882/1/1861 1881/1/1860
f 1854/1/1833 1855/1/1834 1883/1/1862 1882/1/1861
f 1855/1/1834 1856/1/1835 1884/1/1863 1883/1/1862
f 1856/1/1835 1829/1/1809 1857/1/1837 1884/1/1863
f 1857/1/1837 1858/1/1836 1885/1/289
f 1858/1/1836 1859/1/1838 1885/1/289
f 1859/1/1838 1860/1/1839 1885/1/289
f 1860/1/1839 1861/1/1840 1885/1/289
f 1861/1/1840 1862/1/1841 1885/1/289
f 1862/1/1841 1863/1/1842 1885/1/289
f 1863/1/1842 1864/1/1843 1885/1/289
f 1864/1/1843 1865/1/1844 1885/1/289
f 1865/1/1844 1866/1/1845 1885/1/289
f 1866/1/1845 1867/1/1846 1885/1/289
f 1867/1/1846 1868/1/1847 1885/1/289
f 1868/1/1847 1869/1/1848 1885/1/289
f 1869/1/1848 1870/1/1849 1885/1/289
f 1870/1/1849 1871/1/1850 1885/1/289
f 1871/1/1850 1872/1/1851 1885/1/289
f 1872/1/1851 1873/1/1852 1885/1/289
f 1873/1/1852 1874/1/1853 1885/1/289
f 1874/1/1853 1875/1/1854 1885/1/289
f 1875/1/1854 1876/1/1855 1885/1/289
f 1876/1/1855 1877/1/1856 1885/1/289
f 1877/1/1856 1878/1/1857 1885/1/289
f 1878/1/1857 1879/1/1858 1885/1/289
f 1879/1/1858 1880/1/1859 1885/1/289
f 1880/1/1859 1881/1/1860 1885/1/289
f 1881/1/1860 1882/1/1861 1885/1/289
f 1882/1/1861 1883/1/1862 1885/1/289
f 1883/1/1862 1884/1/1863 1885/1/289
f 1884/1/1863 1857/1/1837 1885/1/289
f 1938/1/294 1940/1/294 1939/1/294
f 1938/1/294 1941/1/294 1940/1/294
f 1938/1/294 1942/1/294 1941/1/294
f 1938/1/294 1943/1/294 1942/1/294
f 1938/1/294 1944/1/294 1943/1/294
f 1938/1/294 1945/1/294 1944/1/294
f 1938/1/294 1946/1/294 1945/1/294
f 1938/1/294 1947/1/294 1946/1/294
f 1938/1/294 1948/1/294 1947/1/294
f 1938/1/294 1949/1/294 1948/1/294
f 1938/1/294 1950/1/294 1949/1/294
f 1938/1/294 1951/1/294 1950/1/294
f 1938/1/294 1952/1/294 1951/1/294
f 1938/1/294 1953/1/294 1952/1/294
f 1938/1/294 1954/1/294 1953/1/294
f 1938/1/294 1955/1/294 1954/1/294
f 1938/1/294 1956/1/294 1955/1/294
f 1938/1/294 1957/1/294 1956/1/294
f 1938/1/294 1958/1/294 1957/1/294
f 1938/1/294 1959/1/294 1958/1/294
f 1938/1/294 1960/1/294 1959/1/294
f 1938/1/294 1961/1/294 1960/1/294
f 1938/1/294 1962/1/294 1961/1/294
f 1938/1/294 1939/1/294 1962/1/294
f 1939/1/1912 1940/1/1913 1964/1/1913 1963/1/1912
f 1940/1/1913 1941/1/1914 1965/1/1914 1964/1/1913
f 1941/1/1914 1942/1/1915 1966/1/1915 1965/1/1914
f 1942/1/1915 1943/1/1916 1967/1/1916 1966/1/1915
f 1943/1/1916 1944/1/1917 1968/1/1917 1967/1/1916
f 1944/1/1917 1945/1/1918 1969/1/1918 1968/1/1917
f 1945/1/1918 1946/1/1919 1970/1/1919 1969/1/1918
f 1946/1/1919 1947/1/1920 1971/1/1920 1970/1/1919
f 1947/1/1920 1948/1/1921 1972/1/1921 1971/1/1920
f 1948/1/1921 1949/1/1922 1973/1/1922 1972/1/1921
f 1949/1/1922 1950/1/1923 1974/1/1923 1973/1/1922
f 1950/1/1923 1951/1/316 1975/1/316 1974/1/1923
f 1951/1/316 1952/1/1924 1976/1/1924 1975/1/316
f 1952/1/1924 1953/1/1925 1977/1/1925 1976/1/1924
f 1953/1/1925 1954/1/1926 1978/1/1926 1977/1/1925
f 1954/1/1926 1955/1/1927 1979/1/1927 1978/1/1926
f 1955/1/1927 1956/1/1928 1980/1/1928 1979/1/1927
f 1956/1/1928 1957/1/1929 1981/1/1929 1980/1/1928
f 1957/1/1929 1958/1/1930 1982/1/1930 1981/1/1929
f 1958/1/1930 1959/1/1931 1983/1/1931 1982/1/1930
f 1959/1/1931 1960/1/1932 1984/1/1932 1983/1/1931
f 1960/1/1932 1961/1/1933 1985/1/1933 1984/1/1932
f 1961/1/1933 1962/1/1934 1986/1/1934 1985/1/1933
f 1962/1/1934 1939/1/1912 1963/1/1912 1986/1/1934
f 1963/1/1935 1964/1/1936 1988/1/1937 1987/1/1938
f 1964/1/1936 1965/1/1939 1989/1/1940 1988/1/1937
f 1965/1/1939 1966/1/1941 1990/1/1942 1989/1/1940
f 1966/1/1941 1967/1/1943 1991/1/1944 1990/1/1942
f 1967/1/1943 1968/1/1945 1992/1/1946 1991/1/1944
f 1968/1/1945 1969/1/1947 1993/1/1948 1992/1/1946
f 1969/1/1947 1970/1/1949 1994/1/1950 1993/1/1948
f 1970/1/1949 1971/1/1951 1995/1/1952 1994/1/1950
f 1971/1/1951 1972/1/1953 1996/1/1954 1995/1/1952
f 1972/1/1953 1973/1/1955 1997/1/1956 1996/1/1954
f 1973/1/1955 1974/1/1957 1998/1/1958 1997/1/1956
f 1974/1/1957 1975/1/1959 1999/1/1960 1998/1/1958
f 1975/1/1959 1976/1/1961 2000/1/1962 1999/1/1960
f 1976/1/1961 1977/1/1963 2001/1/1964 2000/1/1962
f 1977/1/1963 1978/1/1965 2002/1/1966 2001/1/1964
f 1978/1/1965 1979/1/1967 2003/1/1968 2002/1/1966
f 1979/1/1967 1980/1/1969 2004/1/1970 2003/1/1968
f 1980/1/1969 1981/1/1971 2005/1/1972 2004/1/1970
f 1981/1/1971 1982/1/1973 2006/1/1974 2005/1/1972
f 1982/1/1973 1983/1/1975 2007/1/1976 2006/1/1974
f 1983/1/1975 1984/1/1977 2008/1/1978 2007/1/1976
f 1984/1/1977 1985/1/1979 2009/1/1980 2008/1/1978
f 1985/1/1979 1986/1/1981 2010/1/1982 2009/1/1980
f 1986/1/1981 1963/1/1935 1987/1/1938 2010/1/1982
f 1987/1/1938 1988/1/1937 2012/1/1983 2011/1/1984
f 1988/1/1937 1989/1/1940 2013/1/1985 2012/1/1983
f 1989/1/1940 1990/1/1942 2014/1/1986 2013/1/1985
f 1990/1/1942 1991/1/1944 2015/1/1987 2014/1/1986
f 1991/1/1944 1992/1/1946 2016/1/1988 2015/1/1987
f 1992/1/1946 1993/1/1948 2017/1/1989 2016/1/1988
f 1993/1/1948 1994/1/1950 2018/1/1990 2017/1/1989
f 1994/1/1950 1995/1/1952 2019/1/1991 2018/1/1990
f 1995/1/1952 1996/1/1954 2020/1/1992 2019/1/1991
f 1996/1/1954 1997/1/1956 2021/1/1993 2020/1/1992
f 1997/1/1956 1998/1/1958 2022/1/1994 2021/1/1993
f 1998/1/1958 1999/1/1960 2023/1/1995 2022/1/1994
f 1999/1/1960 2000/1/1962 2024/1/1996 2023/1/1995
f 2000/1/1962 2001/1/1964 2025/1/1997 2024/1/1996
f 2001/1/1964 2002/1/1966 2026/1/1998 2025/1/1997
f 2002/1/1966 2003/1/1968 2027/1/1999 2026/1/1998
f 2003/1/1968 2004/1/1970 2028/1/2000 2027/1/1999
f 2004/1/1970 2005/1/1972 2029/1/2001 2028/1/2000
f 2005/1/1972 2006/1/1974 2030/1/2002 2029/1/2001
f 2006/1/1974 2007/1/1976 2031/1/2003 2030/1/2002
f 2007/1/1976 2008/1/1978 2032/1/2004 2031/1/2003
f 2008/1/1978 2009/1/1980 2033/1/2005 2032/1/2004
f 2009/1/1980 2010/1/1982 2034/1/2006 2033/1/2005
f 2010/1/1982 1987/1/1938 2011/1/1984 2034/1/2006
f 2011/1/1984 2012/1/1983 2036/1/2007 2035/1/2008
f 2012/1/1983 2013/1/1985 2037/1/2009 2036/1/2007
f 2013/1/1985 2014/1/1986 2038/1/2010 2037/1/2009
f 2014/1/1986 2015/1/1987 2039/1/2011 2038/1/2010
f 2015/1/1987 2016/1/1988 2040/1/2012 2039/1/2011
f 2016/1/1988 2017/1/1989 2041/1/2013 2040/1/2012
f 2017/1/1989 2018/1/1990 2042/1/2014 2041/1/2013
f 2018/1/1990 2019/1/1991 2043/1/2015 2042/1/2014
f 2019/1/1991 2020/1/1992 2044/1/2016 2043/1/2015
f 2020/1/1992 2021/1/1993 2045/1/2017 2044/1/2016
f 2021/1/1993 2022/1/1994 2046/1/2018 2045/1/2017
f 2022/1/1994 2023/1/1995 2047/1/2019 2046/1/2018
f 2023/1/1995 2024/1/1996 2048/1/2020 2047/1/2019
f 2024/1/1996 2025/1/1997 2049/1/2021 2048/1/2020
f 2025/1/1997 2026/1/1998 2050/1/2022 2049/1/2021
f 2026/1/1998 2027/1/1999 2051/1/2023 2050/1/2022
f 2027/1/1999 2028/1/2000 2052/1/2024 2051/1/2023
f 2028/1/2000 2029/1/2001 2053/1/2025 2052/1/2024
f 2029/1/2001 2030/1/2002 2054/1/2026 2053/1/2025
f 2030/1/2002 2031/1/2003 2055/1/2027 2054/1/2026
f 2031/1/2003 2032/1/2004 2056/1/2028 2055/1/2027
f 2032/1/2004 2033/1/2005 2057/1/2029 2056/1/2028
f 2033/1/2005 2034/1/2006 2058/1/2030 2057/1/2029
f 2034/1/2006 2011/1/1984 2035/1/2008 2058/1/2030
f 2035/1/2008 2036/1/2007 2060/1/2031 2059/1/2032
f 2036/1/2007 2037/1/2009 2061/1/2033 2060/1/2031
f 2037/1/2009 2038/1/2010 2062/1/2034 2061/1/2033
f 2038/1/2010 2039/1/2011 2063/1/2035 2062/1/2034
f 2039/1/2011 2040/1/2012 2064/1/2036 2063/1/2035
f 2040/1/2012 2041/1/2013 2065/1/2037 2064/1/2036
f 2041/1/2013 2042/1/2014 2066/1/2038 2065/1/2037
f 2042/1/2014 2043/1/2015 2067/1/2039 2066/1/2038
f 2043/1/2015 2044/1/2016 2068/1/2040 2067/1/2039
f 2044/1/2016 2045/1/2017 2069/1/2041 2068/1/2040
f 2045/1/2017 2046/1/2018 2070/1/2042 2069/1/2041
f 2046/1/2018 2047/1/2019 2071/1/2043 2070/1/2042
f 2047/1/2019 2048/1/2020 2072/1/2044 2071/1/2043
f 2048/1/2020 2049/1/2021 2073/1/2045 2072/1/2044
f 2049/1/2021 2050/1/2022 2074/1/2046 2073/1/2045
f 2050/1/2022 2051/1/2023 2075/1/2047 2074/1/2046
f 2051/1/2023 2052/1/2024 2076/1/2048 2075/1/2047
f 2052/1/2024 2053/1/2025 2077/1/2049 2076/1/2048
f 2053/1/2025 2054/1/2026 2078/1/2050 2077/1/2049
f 2054/1/2026 2055/1/2027 2079/1/2051 2078/1/2050
f 2055/1/2027 2056/1/2028 2080/1/2052 2079/1/2051
f 2056/1/2028 2057/1/2029 2081/1/2053 2080/1/2052
f 2057/1/2029 2058/1/2030 2082/1/2054 2081/1/2053
f 2058/1/2030 2035/1/2008 2059/1/2032 2082/1/2054
f 2059/1/289 2060/1/289 2083/1/289
f 2060/1/289 2061/1/289 2083/1/289
f 2061/1/289 2062/1/289 2083/1/289
f 2062/1/289 2063/1/289 2083/1/289
f 2063/1/289 2064/1/289 2083/1/289
f 2064/1/289 2065/1/289 2083/1/289
f 2065/1/289 2066/1/289 2083/1/289
f 2066/1/289 2067/1/289 2083/1/289
f 2067/1/289 2068/1/289 2083/1/289
f 2068/1/289 2069/1/289 2083/1/289
f 2069/1/289 2070/1/289 2083/1/289
f 2070/1/289 2071/1/289 2083/1/289
f 2071/1/289 2072/1/289 2083/1/289
f 2072/1/289 2073/1/289 2083/1/289
f 2073/1/289 2074/1/289 2083/1/289
f 2074/1/289 2075/1/289 2083/1/289
f 2075/1/289 2076/1/289 2083/1/289
f 2076/1/289 2077/1/289 2083/1/289
f 2077/1/289 2078/1/289 2083/1/289
f 2078/1/289 2079/1/289 2083/1/289
f 2079/1/289 2080/1/289 2083/1/289
f 2080/1/289 2081/1/289 2083/1/289
f 2081/1/289 2082/1/289 2083/1/289
f 2082/1/289 2059/1/289 2083/1/289
usemtl relish_e1.2
f 2084/1/294 2086/1/294 2085/1/294
f 2084/1/294 2087/1/294 2086/1/294
f 2084/1/294 2088/1/294 2087/1/294
f 2084/1/294 2089/1/294 2088/1/294
f 2084/1/294 2090/1/294 2089/1/294
f 2084/1/294 2091/1/294 2090/1/294
f 2084/1/294 2092/1/294 2091/1/294
f 2084/1/294 2093/1/294 2092/1/294
f 2084/1/294 2094/1/294 2093/1/294
f 2084/1/294 2095/1/294 2094/1/294
f 2084/1/294 2096/1/294 2095/1/294
f 2084/1/294 2097/1/294 2096/1/294
f 2084/1/294 2098/1/294 2097/1/294
f 2084/1/294 2099/1/294 2098/1/294
f 2084/1/294 2100/1/294 2099/1/294
f 2084/1/294 2101/1/294 2100/1/294
f 2084/1/294 2102/1/294 2101/1/294
f 2084/1/294 2103/1/294 2102/1/294
f 2084/1/294 2104/1/294 2103/1/294
f 2084/1/294 2105/1/294 2104/1/294
f 2084/1/294 2106/1/294 2105/1/294
f 2084/1/294 2107/1/294 2106/1/294
f 2084/1/294 2108/1/294 2107/1/294
f 2084/1/294 2085/1/294 2108/1/294
f 2085/1/2055 2086/1/2056 2110/1/2056 2109/1/2055
f 2086/1/2056 2087/1/2057 2111/1/2057 2110/1/2056
f 2087/1/2057 2088/1/2058 2112/1/2058 2111/1/2057
f 2088/1/2058 2089/1/2059 2113/1/2059 2112/1/2058
f 2089/1/2059 2090/1/2060 2114/1/2060 2113/1/2059
f 2090/1/2060 2091/1/2061 2115/1/2061 2114/1/2060
f 2091/1/2061 2092/1/2062 2116/1/2062 2115/1/2061
f 2092/1/2062 2093/1/2063 2117/1/2063 2116/1/2062
f 2093/1/2063 2094/1/2064 2118/1/2064 2117/1/2063
f 2094/1/2064 2095/1/2065 2119/1/2065 2118/1/2064
f 2095/1/2065 2096/1/2066 2120/1/2066 2119/1/2065
f 2096/1/2066 2097/1/2067 2121/1/2067 2120/1/2066
f 2097/1/2067 2098/1/2068 2122/1/2068 2121/1/2067
f 2098/1/2068 2099/1/2069 2123/1/2069 2122/1/2068
f 2099/1/2069 2100/1/2070 2124/1/2070 2123/1/2069
f 2100/1/2070 2101/1/2071 2125/1/2071 2124/1/2070
f 2101/1/2071 2102/1/2072 2126/1/2072 2125/1/2071
f 2102/1/2072 2103/1/2073 2127/1/2073 2126/1/2072
f 2103/1/2073 2104/1/2074 2128/1/2074 2127/1/2073
f 2104/1/2074 2105/1/2075 2129/1/2075 2128/1/2074
f 2105/1/2075 2106/1/2076 2130/1/2076 2129/1/2075
f 2106/1/2076 2107/1/2077 2131/1/2077 2130/1/2076
f 2107/1/2077 2108/1/2078 2132/1/2078 2131/1/2077
f 2108/1/2078 2085/1/2055 2109/1/2055 2132/1/2078
f 2109/1/2079 2110/1/2080 2134/1/2080 2133/1/2079
f 2110/1/2080 2111/1/2081 2135/1/2081 2134/1/2080
f 2111/1/2081 2112/1/2082 2136/1/2082 2135/1/2081
f 2112/1/2082 2113/1/2083 2137/1/2083 2136/1/2082
f 2113/1/2083 2114/1/2084 2138/1/2084 2137/1/2083
f 2114/1/2084 2115/1/2085 2139/1/2085 2138/1/2084
f 2115/1/2085 2116/1/2086 2140/1/2086 2139/1/2085
f 2116/1/2086 2117/1/2087 2141/1/2087 2140/1/2086
f 2117/1/2087 2118/1/2088 2142/1/2088 2141/1/2087
f 2118/1/2088 2119/1/2089 2143/1/2089 2142/1/2088
f 2119/1/2089 2120/1/2090 2144/1/2090 2143/1/2089
f 2120/1/2090 2121/1/2091 2145/1/2091 2144/1/2090
f 2121/1/2091 2122/1/2092 2146/1/2092 2145/1/2091
f 2122/1/2092 2123/1/2093 2147/1/2093 2146/1/2092
f 2123/1/2093 2124/1/2094 2148/1/2094 2147/1/2093
f 2124/1/2094 2125/1/2095 2149/1/2095 2148/1/2094
f 2125/1/2095 2126/1/2096 2150/1/2096 2149/1/2095
f 2126/1/2096 2127/1/2097 2151/1/2097 2150/1/2096
f 2127/1/2097 2128/1/2098 2152/1/2098 2151/1/2097
f 2128/1/2098 2129/1/2099 2153/1/2099 2152/1/2098
f 2129/1/2099 2130/1/2100 2154/1/2100 2153/1/2099
f 2130/1/2100 2131/1/2101 2155/1/2101 2154/1/2100
f 2131/1/2101 2132/1/2102 2156/1/2102 2155/1/2101
f 2132/1/2102 2109/1/2079 2133/1/2079 2156/1/2102
f 2133/1/289 2134/1/289 2157/1/289
f 2134/1/289 2135/1/289 2157/1/289
f 2135/1/289 2136/1/289 2157/1/289
f 2136/1/289 2137/1/289 2157/1/289
f 2137/1/289 2138/1/289 2157/1/289
f 2138/1/289 2139/1/289 2157/1/289
f 2139/1/289 2140/1/289 2157/1/289
f 2140/1/289 2141/1/289 2157/1/289
f 2141/1/289 2142/1/289 2157/1/289
f 2142/1/289 2143/1/289 2157/1/289
f 2143/1/289 2144/1/289 2157/1/289
f 2144/1/289 2145/1/289 2157/1/289
f 2145/1/289 2146/1/289 2157/1/289
f 2146/1/289 2147/1/289 2157/1/289
f 2147/1/289 2148/1/289 2157/1/289
f 2148/1/289 2149/1/289 2157/1/289
f 2149/1/289 2150/1/289 2157/1/289
f 2150/1/289 2151/1/289 2157/1/289
f 2151/1/289 2152/1/289 2157/1/289
f 2152/1/289 2153/1/289 2157/1/289
f 2153/1/289 2154/1/289 2157/1/289
f 2154/1/289 2155/1/289 2157/1/289
f 2155/1/289 2156/1/289 2157/1/289
f 2156/1/289 2133/1/289 2157/1/289
usemtl mint_e0.8
f 2206/1/1864 2205/1/1865 2160/1/1866 2161/1/1867
f 2209/1/1868 2208/1/1869 2163/1/1870 2164/1/1871
f 2207/1/300 2206/1/1864 2161/1/1867 2162/1/1872
f 2205/1/1865 2158/1/289 2160/1/1866
f 2159/1/294 2209/1/1868 2164/1/1871
f 2208/1/1869 2207/1/300 2162/1/1872 2163/1/1870
f 2164/1/1871 2163/1/1870 2168/1/1873 2169/1/1874
f 2162/1/1872 2161/1/1867 2166/1/1875 2167/1/1876
f 2160/1/1866 2158/1/289 2165/1/1877
f 2159/1/294 2164/1/1871 2169/1/1874
f 2163/1/1870 2162/1/1872 2167/1/1876 2168/1/1873
f 2161/1/1867 2160/1/1866 2165/1/1877 2166/1/1875
f 2169/1/1874 2168/1/1873 2173/1/1878 2174/1/1879
f 2167/1/1876 2166/1/1875 2171/1/1880 2172/1/1881
f 2165/1/1877 2158/1/289 2170/1/1882
f 2159/1/294 2169/1/1874 2174/1/1879
f 2168/1/1873 2167/1/1876 2172/1/1881 2173/1/1878
f 2166/1/1875 2165/1/1877 2170/1/1882 2171/1/1880
f 2172/1/1881 2171/1/1880 2176/1/1883 2177/1/1884
f 2170/1/1882 2158/1/289 2175/1/1885
f 2159/1/294 2174/1/1879 2179/1/1886
f 2173/1/1878 2172/1/1881 2177/1/1884 2178/1/1887
f 2171/1/1880 2170/1/1882 2175/1/1885 2176/1/1883
f 2174/1/1879 2173/1/1878 2178/1/1887 2179/1/1886
f 2175/1/1885 2158/1/289 2180/1/1888
f 2159/1/294 2179/1/1886 2184/1/1889
f 2178/1/1887 2177/1/1884 2182/1/298 2183/1/1890
f 2176/1/1883 2175/1/1885 2180/1/1888 2181/1/1891
f 2179/1/1886 2178/1/1887 2183/1/1890 2184/1/1889
f 2177/1/1884 2176/1/1883 2181/1/1891 2182/1/298
f 2159/1/294 2184/1/1889 2189/1/1892
f 2183/1/1890 2182/1/298 2187/1/1893 2188/1/1894
f 2181/1/1891 2180/1/1888 2185/1/1895 2186/1/1896
f 2184/1/1889 2183/1/1890 2188/1/1894 2189/1/1892
f 2182/1/298 2181/1/1891 2186/1/1896 2187/1/1893
f 2180/1/1888 2158/1/289 2185/1/1895
f 2159/1/294 2189/1/1892 2194/1/1897
f 2188/1/1894 2187/1/1893 2192/1/1898 2193/1/1899
f 2186/1/1896 2185/1/1895 2190/1/1900 2191/1/1901
f 2189/1/1892 2188/1/1894 2193/1/1899 2194/1/1897
f 2187/1/1893 2186/1/1896 2191/1/1901 2192/1/1898
f 2185/1/1895 2158/1/289 2190/1/1900
f 2159/1/294 2194/1/1897 2199/1/1902
f 2193/1/1899 2192/1/1898 2197/1/1903 2198/1/1904
f 2191/1/1901 2190/1/1900 2195/1/1905 2196/1/1906
f 2194/1/1897 2193/1/1899 2198/1/1904 2199/1/1902
f 2192/1/1898 2191/1/1901 2196/1/1906 2197/1/1903
f 2190/1/1900 2158/1/289 2195/1/1905
f 2198/1/1904 2197/1/1903 2202/1/1907 2203/1/1908
f 2196/1/1906 2195/1/1905 2200/1/1909 2201/1/1910
f 2199/1/1902 2198/1/1904 2203/1/1908 2204/1/1911
f 2197/1/1903 2196/1/1906 2201/1/1910 2202/1/1907
f 2195/1/1905 2158/1/289 2200/1/1909
f 2159/1/294 2199/1/1902 2204/1/1911
f 2201/1/1910 2200/1/1909 2205/1/1865 2206/1/1864
f 2204/1/1911 2203/1/1908 2208/1/1869 2209/1/1868
f 2202/1/1907 2201/1/1910 2206/1/1864 2207/1/300
f 2200/1/1909 2158/1/289 2205/1/1865
f 2159/1/294 2204/1/1911 2209/1/1868
f 2203/1/1908 2202/1/1907 2207/1/300 2208/1/1869
f 2258/1/1864 2257/1/1865 2212/1/1866 2213/1/1867
f 2261/1/1868 2260/1/1869 2215/1/1870 2216/1/1871
f 2259/1/300 2258/1/1864 2213/1/1867 2214/1/1872
f 2257/1/1865 2210/1/289 2212/1/1866
f 2211/1/294 2261/1/1868 2216/1/1871
f 2260/1/1869 2259/1/300 2214/1/1872 2215/1/1870
f 2216/1/1871 2215/1/1870 2220/1/1873 2221/1/1874
f 2214/1/1872 2213/1/1867 2218/1/1875 2219/1/1876
f 2212/1/1866 2210/1/289 2217/1/1877
f 2211/1/294 2216/1/1871 2221/1/1874
f 2215/1/1870 2214/1/1872 2219/1/1876 2220/1/1873
f 2213/1/1867 2212/1/1866 2217/1/1877 2218/1/1875
f 2221/1/1874 2220/1/1873 2225/1/1878 2226/1/1879
f 2219/1/1876 2218/1/1875 2223/1/1880 2224/1/1881
f 2217/1/1877 2210/1/289 2222/1/1882
f 2211/1/294 2221/1/1874 2226/1/1879
f 2220/1/1873 2219/1/1876 2224/1/1881 2225/1/1878
f 2218/1/1875 2217/1/1877 2222/1/1882 2223/1/1880
f 2224/1/1881 2223/1/1880 2228/1/1883 2229/1/1884
f 2222/1/1882 2210/1/289 2227/1/1885
f 2211/1/294 2226/1/1879 2231/1/1886
f 2225/1/1878 2224/1/1881 2229/1/1884 2230/1/1887
f 2223/1/1880 2222/1/1882 2227/1/1885 2228/1/1883
f 2226/1/1879 2225/1/1878 2230/1/1887 2231/1/1886
f 2227/1/1885 2210/1/289 2232/1/1888
f 2211/1/294 2231/1/1886 2236/1/1889
f 2230/1/1887 2229/1/1884 2234/1/298 2235/1/1890
f 2228/1/1883 2227/1/1885 2232/1/1888 2233/1/1891
f 2231/1/1886 2230/1/1887 2235/1/1890 2236/1/1889
f 2229/1/1884 2228/1/1883 2233/1/1891 2234/1/298
f 2211/1/294 2236/1/1889 2241/1/1892
f 2235/1/1890 2234/1/298 2239/1/1893 2240/1/1894
f 2233/1/1891 2232/1/1888 2237/1/1895 2238/1/1896
f 2236/1/1889 2235/1/1890 2240/1/1894 2241/1/1892
f 2234/1/298 2233/1/1891 2238/1/1896 2239/1/1893
f 2232/1/1888 2210/1/289 2237/1/1895
f 2211/1/294 2241/1/1892 2246/1/1897
f 2240/1/1894 2239/1/1893 2244/1/1898 2245/1/1899
f 2238/1/1896 2237/1/1895 2242/1/1900 2243/1/1901
f 2241/1/1892 2240/1/1894 2245/1/1899 2246/1/1897
f 2239/1/1893 2238/1/1896 2243/1/1901 2244/1/1898
f 2237/1/1895 2210/1/289 2242/1/1900
f 2211/1/294 2246/1/1897 2251/1/1902
f 2245/1/1899 2244/1/1898 2249/1/1903 2250/1/1904
f 2243/1/1901 2242/1/1900 2247/1/1905 2248/1/1906
f 2246/1/1897 2245/1/1899 2250/1/1904 2251/1/1902
f 2244/1/1898 2243/1/1901 2248/1/1906 2249/1/1903
f 2242/1/1900 2210/1/289 2247/1/1905
f 2250/1/1904 2249/1/1903 2254/1/1907 2255/1/1908
f 2248/1/1906 2247/1/1905 2252/1/1909 2253/1/1910
f 2251/1/1902 2250/1/1904 2255/1/1908 2256/1/1911
f 2249/1/1903 2248/1/1906 2253/1/1910 2254/1/1907
f 2247/1/1905 2210/1/289 2252/1/1909
f 2211/1/294 2251/1/1902 2256/1/1911
f 2253/1/1910 2252/1/1909 2257/1/1865 2258/1/1864
f 2256/1/1911 2255/1/1908 2260/1/1869 2261/1/1868
f 2254/1/1907 2253/1/1910 2258/1/1864 2259/1/300
f 2252/1/1909 2210/1/289 2257/1/1865
f 2211/1/294 2256/1/1911 2261/1/1868
f 2255/1/1908 2254/1/1907 2259/1/300 2260/1/1869
f 2310/1/1864 2309/1/1865 2264/1/1866 2265/1/1867
f 2313/1/1868 2312/1/1869 2267/1/1870 2268/1/1871
f 2311/1/300 2310/1/1864 2265/1/1867 2266/1/1872
f 2309/1/1865 2262/1/289 2264/1/1866
f 2263/1/294 2313/1/1868 2268/1/1871
f 2312/1/1869 2311/1/300 2266/1/1872 2267/1/1870
f 2268/1/1871 2267/1/1870 2272/1/1873 2273/1/1874
f 2266/1/1872 2265/1/1867 2270/1/1875 2271/1/1876
f 2264/1/1866 2262/1/289 2269/1/1877
f 2263/1/294 2268/1/1871 2273/1/1874
f 2267/1/1870 2266/1/1872 2271/1/1876 2272/1/1873
f 2265/1/1867 2264/1/1866 2269/1/1877 2270/1/1875
f 2273/1/1874 2272/1/1873 2277/1/1878 2278/1/1879
f 2271/1/1876 2270/1/1875 2275/1/1880 2276/1/1881
f 2269/1/1877 2262/1/289 2274/1/1882
f 2263/1/294 2273/1/1874 2278/1/1879
f 2272/1/1873 2271/1/1876 2276/1/1881 2277/1/1878
f 2270/1/1875 2269/1/1877 2274/1/1882 2275/1/1880
f 2276/1/1881 2275/1/1880 2280/1/1883 2281/1/1884
f 2274/1/1882 2262/1/289 2279/1/1885
f 2263/1/294 2278/1/1879 2283/1/1886
f 2277/1/1878 2276/1/1881 2281/1/1884 2282/1/1887
f 2275/1/1880 2274/1/1882 2279/1/1885 2280/1/1883
f 2278/1/1879 2277/1/1878 2282/1/1887 2283/1/1886
f 2279/1/1885 2262/1/289 2284/1/1888
f 2263/1/294 2283/1/1886 2288/1/1889
f 2282/1/1887 2281/1/1884 2286/1/298 2287/1/1890
f 2280/1/1883 2279/1/1885 2284/1/1888 2285/1/1891
f 2283/1/1886 2282/1/1887 2287/1/1890 2288/1/1889
f 2281/1/1884 2280/1/1883 2285/1/1891 2286/1/298
f 2263/1/294 2288/1/1889 2293/1/1892
f 2287/1/1890 2286/1/298 2291/1/1893 2292/1/1894
f 2285/1/1891 2284/1/1888 2289/1/1895 2290/1/1896
f 2288/1/1889 2287/1/1890 2292/1/1894 2293/1/1892
f 2286/1/298 2285/1/1891 2290/1/1896 2291/1/1893
f 2284/1/1888 2262/1/289 2289/1/1895
f 2263/1/294 2293/1/1892 2298/1/1897
f 2292/1/1894 2291/1/1893 2296/1/1898 2297/1/1899
f 2290/1/1896 2289/1/1895 2294/1/1900 2295/1/1901
f 2293/1/1892 2292/1/1894 2297/1/1899 2298/1/1897
f 2291/1/1893 2290/1/1896 2295/1/1901 2296/1/1898
f 2289/1/1895 2262/1/289 2294/1/1900
f 2263/1/294 2298/1/1897 2303/1/1902
f 2297/1/1899 2296/1/1898 2301/1/1903 2302/1/1904
f 2295/1/1901 2294/1/1900 2299/1/1905 2300/1/1906
f 2298/1/1897 2297/1/1899 2302/1/1904 2303/1/1902
f 2296/1/1898 2295/1/1901 2300/1/1906 2301/1/1903
f 2294/1/1900 2262/1/289 2299/1/1905
f 2302/1/1904 2301/1/1903 2306/1/1907 2307/1/1908
f 2300/1/1906 2299/1/1905 2304/1/1909 2305/1/1910
f 2303/1/1902 2302/1/1904 2307/1/1908 2308/1/1911
f 2301/1/1903 2300/1/1906 2305/1/1910 2306/1/1907
f 2299/1/1905 2262/1/289 2304/1/1909
f 2263/1/294 2303/1/1902 2308/1/1911
f 2305/1/1910 2304/1/1909 2309/1/1865 2310/1/1864
f 2308/1/1911 2307/1/1908 2312/1/1869 2313/1/1868
f 2306/1/1907 2305/1/1910 2310/1/1864 2311/1/300
f 2304/1/1909 2262/1/289 2309/1/1865
f 2263/1/294 2308/1/1911 2313/1/1868
f 2307/1/1908 2306/1/1907 2311/1/300 2312/1/1869
f 2362/1/1864 2361/1/1865 2316/1/1866 2317/1/1867
f 2365/1/1868 2364/1/1869 2319/1/1870 2320/1/1871
f 2363/1/300 2362/1/1864 2317/1/1867 2318/1/1872
f 2361/1/1865 2314/1/289 2316/1/1866
f 2315/1/294 2365/1/1868 2320/1/1871
f 2364/1/1869 2363/1/300 2318/1/1872 2319/1/1870
f 2320/1/1871 2319/1/1870 2324/1/1873 2325/1/1874
f 2318/1/1872 2317/1/1867 2322/1/1875 2323/1/1876
f 2316/1/1866 2314/1/289 2321/1/1877
f 2315/1/294 2320/1/1871 2325/1/1874
f 2319/1/1870 2318/1/1872 2323/1/1876 2324/1/1873
f 2317/1/1867 2316/1/1866 2321/1/1877 2322/1/1875
f 2325/1/1874 2324/1/1873 2329/1/1878 2330/1/1879
f 2323/1/1876 2322/1/1875 2327/1/1880 2328/1/1881
f 2321/1/1877 2314/1/289 2326/1/1882
f 2315/1/294 2325/1/1874 2330/1/1879
f 2324/1/1873 2323/1/1876 2328/1/1881 2329/1/1878
f 2322/1/1875 2321/1/1877 2326/1/1882 2327/1/1880
f 2328/1/1881 2327/1/1880 2332/1/1883 2333/1/1884
f 2326/1/1882 2314/1/289 2331/1/1885
f 2315/1/294 2330/1/1879 2335/1/1886
f 2329/1/1878 2328/1/1881 2333/1/1884 2334/1/1887
f 2327/1/1880 2326/1/1882 2331/1/1885 2332/1/1883
f 2330/1/1879 2329/1/1878 2334/1/1887 2335/1/1886
f 2331/1/1885 2314/1/289 2336/1/1888
f 2315/1/294 2335/1/1886 2340/1/1889
f 2334/1/1887 2333/1/1884 2338/1/298 2339/1/1890
f 2332/1/1883 2331/1/1885 2336/1/1888 2337/1/1891
f 2335/1/1886 2334/1/1887 2339/1/1890 2340/1/1889
f 2333/1/1884 2332/1/1883 2337/1/1891 2338/1/298
f 2315/1/294 2340/1/1889 2345/1/1892
f 2339/1/1890 2338/1/298 2343/1/1893 2344/1/1894
f 2337/1/1891 2336/1/1888 2341/1/1895 2342/1/1896
f 2340/1/1889 2339/1/1890 2344/1/1894 2345/1/1892
f 2338/1/298 2337/1/1891 2342/1/1896 2343/1/1893
f 2336/1/1888 2314/1/289 2341/1/1895
f 2315/1/294 2345/1/1892 2350/1/1897
f 2344/1/1894 2343/1/1893 2348/1/1898 2349/1/1899
f 2342/1/1896 2341/1/1895 2346/1/1900 2347/1/1901
f 2345/1/1892 2344/1/1894 2349/1/1899 2350/1/1897
f 2343/1/1893 2342/1/1896 2347/1/1901 2348/1/1898
f 2341/1/1895 2314/1/289 2346/1/1900
f 2315/1/294 2350/1/1897 2355/1/1902
f 2349/1/1899 2348/1/1898 2353/1/1903 2354/1/1904
f 2347/1/1901 2346/1/1900 2351/1/1905 2352/1/1906
f 2350/1/1897 2349/1/1899 2354/1/1904 2355/1/1902
f 2348/1/1898 2347/1/1901 2352/1/1906 2353/1/1903
f 2346/1/1900 2314/1/289 2351/1/1905
f 2354/1/1904 2353/1/1903 2358/1/1907 2359/1/1908
f 2352/1/1906 2351/1/1905 2356/1/1909 2357/1/1910
f 2355/1/1902 2354/1/1904 2359/1/1908 2360/1/1911
f 2353/1/1903 2352/1/1906 2357/1/1910 2358/1/1907
f 2351/1/1905 2314/1/289 2356/1/1909
f 2315/1/294 2355/1/1902 2360/1/1911
f 2357/1/1910 2356/1/1909 2361/1/1865 2362/1/1864
f 2360/1/1911 2359/1/1908 2364/1/1869 2365/1/1868
f 2358/1/1907 2357/1/1910 2362/1/1864 2363/1/300
f 2356/1/1909 2314/1/289 2361/1/1865
f 2315/1/294 2360/1/1911 2365/1/1868
f 2359/1/1908 2358/1/1907 2363/1/300 2364/1/1869
f 2416/1/1864 2367/1/1865 2371/1/1866 2372/1/1867
f 2369/1/1868 2417/1/1869 2374/1/1870 2375/1/1871
f 2368/1/300 2416/1/1864 2372/1/1867 2373/1/1872
f 2367/1/1865 2366/1/289 2371/1/1866
f 2370/1/294 2369/1/1868 2375/1/1871
f 2417/1/1869 2368/1/300 2373/1/1872 2374/1/1870
f 2375/1/1871 2374/1/1870 2379/1/1873 2380/1/1874
f 2373/1/1872 2372/1/1867 2377/1/1875 2378/1/1876
f 2371/1/1866 2366/1/289 2376/1/1877
f 2370/1/294 2375/1/1871 2380/1/1874
f 2374/1/1870 2373/1/1872 2378/1/1876 2379/1/1873
f 2372/1/1867 2371/1/1866 2376/1/1877 2377/1/1875
f 2380/1/1874 2379/1/1873 2384/1/1878 2385/1/1879
f 2378/1/1876 2377/1/1875 2382/1/1880 2383/1/1881
f 2376/1/1877 2366/1/289 2381/1/1882
f 2370/1/294 2380/1/1874 2385/1/1879
f 2379/1/1873 2378/1/1876 2383/1/1881 2384/1/1878
f 2377/1/1875 2376/1/1877 2381/1/1882 2382/1/1880
f 2383/1/1881 2382/1/1880 2387/1/1883 2388/1/1884
f 2381/1/1882 2366/1/289 2386/1/1885
f 2370/1/294 2385/1/1879 2390/1/1886
f 2384/1/1878 2383/1/1881 2388/1/1884 2389/1/1887
f 2382/1/1880 2381/1/1882 2386/1/1885 2387/1/1883
f 2385/1/1879 2384/1/1878 2389/1/1887 2390/1/1886
f 2386/1/1885 2366/1/289 2391/1/1888
f 2370/1/294 2390/1/1886 2395/1/1889
f 2389/1/1887 2388/1/1884 2393/1/298 2394/1/1890
f 2387/1/1883 2386/1/1885 2391/1/1888 2392/1/1891
f 2390/1/1886 2389/1/1887 2394/1/1890 2395/1/1889
f 2388/1/1884 2387/1/1883 2392/1/1891 2393/1/298
f 2370/1/294 2395/1/1889 2400/1/1892
f 2394/1/1890 2393/1/298 2398/1/1893 2399/1/1894
f 2392/1/1891 2391/1/1888 2396/1/1895 2397/1/1896
f 2395/1/1889 2394/1/1890 2399/1/1894 2400/1/1892
f 2393/1/298 2392/1/1891 2397/1/1896 2398/1/1893
f 2391/1/1888 2366/1/289 2396/1/1895
f 2370/1/294 2400/1/1892 2405/1/1897
f 2399/1/1894 2398/1/1893 2403/1/1898 2404/1/1899
f 2397/1/1896 2396/1/1895 2401/1/1900 2402/1/1901
f 2400/1/1892 2399/1/1894 2404/1/1899 2405/1/1897
f 2398/1/1893 2397/1/1896 2402/1/1901 2403/1/1898
f 2396/1/1895 2366/1/289 2401/1/1900
f 2370/1/294 2405/1/1897 2410/1/1902
f 2404/1/1899 2403/1/1898 2408/1/1903 2409/1/1904
f 2402/1/1901 2401/1/1900 2406/1/1905 2407/1/1906
f 2405/1/1897 2404/1/1899 2409/1/1904 2410/1/1902
f 2403/1/1898 2402/1/1901 2407/1/1906 2408/1/1903
f 2401/1/1900 2366/1/289 2406/1/1905
f 2409/1/1904 2408/1/1903 2413/1/1907 2414/1/1908
f 2407/1/1906 2406/1/1905 2411/1/1909 2412/1/1910
f 2410/1/1902 2409/1/1904 2414/1/1908 2415/1/1911
f 2408/1/1903 2407/1/1906 2412/1/1910 2413/1/1907
f 2406/1/1905 2366/1/289 2411/1/1909
f 2370/1/294 2410/1/1902 2415/1/1911
f 2412/1/1910 2411/1/1909 2367/1/1865 2416/1/1864
f 2415/1/1911 2414/1/1908 2417/1/1869 2369/1/1868
f 2413/1/1907 2412/1/1910 2416/1/1864 2368/1/300
f 2411/1/1909 2366/1/289 2367/1/1865
f 2370/1/294 2415/1/1911 2369/1/1868
f 2414/1/1908 2413/1/1907 2368/1/300 2417/1/1869
usemtl mustard_e0.8
f 2776/1/2452 2775/1/2453 2698/1/2454 2699/1/2455
f 2777/1/2456 2696/1/2457 2703/1/2458 2704/1/2459
f 2695/1/2460 2694/1/300 2701/1/2461 2702/1/2462
f 2693/1/2463 2776/1/2452 2699/1/2455 2700/1/2464
f 2775/1/2453 2692/1/289 2698/1/2454
f 2697/1/294 2777/1/2456 2704/1/2459
f 2696/1/2457 2695/1/2460 2702/1/2462 2703/1/2458
f 2694/1/300 2693/1/2463 2700/1/2464 2701/1/2461
f 2702/1/2462 2701/1/2461 2708/1/2465 2709/1/2466
f 2700/1/2464 2699/1/2455 2706/1/2467 2707/1/2468
f 2698/1/2454 2692/1/289 2705/1/2469
f 2697/1/294 2704/1/2459 2711/1/2470
f 2703/1/2458 2702/1/2462 2709/1/2466 2710/1/2471
f 2701/1/2461 2700/1/2464 2707/1/2468 2708/1/2465
f 2699/1/2455 2698/1/2454 2705/1/2469 2706/1/2467
f 2704/1/2459 2703/1/2458 2710/1/2471 2711/1/2470
f 2697/1/294 2711/1/2470 2718/1/2472
f 2710/1/2471 2709/1/2466 2716/1/2473 2717/1/2474
f 2708/1/2465 2707/1/2468 2714/1/2475 2715/1/525
f 2706/1/2467 2705/1/2469 2712/1/2476 2713/1/2477
f 2711/1/2470 2710/1/2471 2717/1/2474 2718/1/2472
f 2709/1/2466 2708/1/2465 2715/1/525 2716/1/2473
f 2707/1/2468 2706/1/2467 2713/1/2477 2714/1/2475
f 2705/1/2469 2692/1/289 2712/1/2476
f 2715/1/525 2714/1/2475 2721/1/2478 2722/1/2479
f 2713/1/2477 2712/1/2476 2719/1/2480 2720/1/2481
f 2718/1/2472 2717/1/2474 2724/1/2482 2725/1/2483
f 2716/1/2473 2715/1/525 2722/1/2479 2723/1/2484
f 2714/1/2475 2713/1/2477 2720/1/2481 2721/1/2478
f 2712/1/2476 2692/1/289 2719/1/2480
f 2697/1/294 2718/1/2472 2725/1/2483
f 2717/1/2474 2716/1/2473 2723/1/2484 2724/1/2482
f 2725/1/2483 2724/1/2482 2731/1/2485 2732/1/2486
f 2723/1/2484 2722/1/2479 2729/1/2487 2730/1/2488
f 2721/1/2478 2720/1/2481 2727/1/2489 2728/1/2490
f 2719/1/2480 2692/1/289 2726/1/2491
f 2697/1/294 2725/1/2483 2732/1/2486
f 2724/1/2482 2723/1/2484 2730/1/2488 2731/1/2485
f 2722/1/2479 2721/1/2478 2728/1/2490 2729/1/2487
f 2720/1/2481 2719/1/2480 2726/1/2491 2727/1/2489
f 2728/1/2490 2727/1/2489 2734/1/2492 2735/1/2493
f 2726/1/2491 2692/1/289 2733/1/2494
f 2697/1/294 2732/1/2486 2739/1/2495
f 2731/1/2485 2730/1/2488 2737/1/2496 2738/1/2497
f 2729/1/2487 2728/1/2490 2735/1/2493 2736/1/298
f 2727/1/2489 2726/1/2491 2733/1/2494 2734/1/2492
f 2732/1/2486 2731/1/2485 2738/1/2497 2739/1/2495
f 2730/1/2488 2729/1/2487 2736/1/298 2737/1/2496
f 2697/1/294 2739/1/2495 2746/1/2498
f 2738/1/2497 2737/1/2496 2744/1/2499 2745/1/2500
f 2736/1/298 2735/1/2493 2742/1/2501 2743/1/2502
f 2734/1/2492 2733/1/2494 2740/1/2503 2741/1/2504
f 2739/1/2495 2738/1/2497 2745/1/2500 2746/1/2498
f 2737/1/2496 2736/1/298 2743/1/2502 2744/1/2499
f 2735/1/2493 2734/1/2492 2741/1/2504 2742/1/2501
f 2733/1/2494 2692/1/289 2740/1/2503
f 2741/1/2504 2740/1/2503 2747/1/2505 2748/1/2506
f 2746/1/2498 2745/1/2500 2752/1/2507 2753/1/2508
f 2744/1/2499 2743/1/2502 2750/1/2509 2751/1/2510
f 2742/1/2501 2741/1/2504 2748/1/2506 2749/1/2511
f 2740/1/2503 2692/1/289 2747/1/2505
f 2697/1/294 2746/1/2498 2753/1/2508
f 2745/1/2500 2744/1/2499 2751/1/2510 2752/1/2507
f 2743/1/2502 2742/1/2501 2749/1/2511 2750/1/2509
f 2753/1/2508 2752/1/2507 2759/1/2512 2760/1/2513
f 2751/1/2510 2750/1/2509 2757/1/532 2758/1/2514
f 2749/1/2511 2748/1/2506 2755/1/2515 2756/1/2516
f 2747/1/2505 2692/1/289 2754/1/2517
f 2697/1/294 2753/1/2508 2760/1/2513
f 2752/1/2507 2751/1/2510 2758/1/2514 2759/1/2512
f 2750/1/2509 2749/1/2511 2756/1/2516 2757/1/532
f 2748/1/2506 2747/1/2505 2754/1/2517 2755/1/2515
f 2754/1/2517 2692/1/289 2761/1/2518
f 2697/1/294 2760/1/2513 2767/1/2519
f 2759/1/2512 2758/1/2514 2765/1/2520 2766/1/2521
f 2757/1/532 2756/1/2516 2763/1/2522 2764/1/2523
f 2755/1/2515 2754/1/2517 2761/1/2518 2762/1/2524
f 2760/1/2513 2759/1/2512 2766/1/2521 2767/1/2519
f 2758/1/2514 2757/1/532 2764/1/2523 2765/1/2520
f 2756/1/2516 2755/1/2515 2762/1/2524 2763/1/2522
f 2766/1/2521 2765/1/2520 2772/1/2525 2773/1/2526
f 2764/1/2523 2763/1/2522 2770/1/2527 2771/1/2528
f 2762/1/2524 2761/1/2518 2768/1/2529 2769/1/2530
f 2767/1/2519 2766/1/2521 2773/1/2526 2774/1/2531
f 2765/1/2520 2764/1/2523 2771/1/2528 2772/1/2525
f 2763/1/2522 2762/1/2524 2769/1/2530 2770/1/2527
f 2761/1/2518 2692/1/289 2768/1/2529
f 2697/1/294 2767/1/2519 2774/1/2531
f 2774/1/2531 2773/1/2526 2696/1/2457 2777/1/2456
f 2772/1/2525 2771/1/2528 2694/1/300 2695/1/2460
f 2770/1/2527 2769/1/2530 2776/1/2452 2693/1/2463
f 2768/1/2529 2692/1/289 2775/1/2453
f 2697/1/294 2774/1/2531 2777/1/2456
f 2773/1/2526 2772/1/2525 2695/1/2460 2696/1/2457
f 2771/1/2528 2770/1/2527 2693/1/2463 2694/1/300
f 2769/1/2530 2768/1/2529 2775/1/2453 2776/1/2452
