# Blender 5.0.1
# www.blender.org
mtllib LaunchSite.mtl
o LaunchSite
v -19.900000 0.000000 13.900000 0.8117 0.7921 0.7529
v -19.900000 0.100000 14.000000 0.8117 0.7921 0.7529
v -20.000000 0.100000 13.900000 0.8117 0.7921 0.7529
v -19.900000 0.400000 14.000000 0.8117 0.7921 0.7529
v -19.900000 0.500000 13.900000 0.8117 0.7921 0.7529
v -20.000000 0.400000 13.900000 0.8117 0.7921 0.7529
v -19.900000 0.000000 -13.900000 0.8117 0.7921 0.7529
v -20.000000 0.100000 -13.900000 0.8117 0.7921 0.7529
v -19.900000 0.100000 -14.000000 0.8117 0.7921 0.7529
v -19.900000 0.500000 -13.900000 0.8117 0.7921 0.7529
v -19.900000 0.400000 -14.000000 0.8117 0.7921 0.7529
v -20.000000 0.400000 -13.900000 0.8117 0.7921 0.7529
v 19.900000 0.000000 13.900000 0.8117 0.7921 0.7529
v 20.000000 0.100000 13.900000 0.8117 0.7921 0.7529
v 19.900000 0.100000 14.000000 0.8117 0.7921 0.7529
v 19.900000 0.500000 13.900000 0.8117 0.7921 0.7529
v 19.900000 0.400000 14.000000 0.8117 0.7921 0.7529
v 20.000000 0.400000 13.900000 0.8117 0.7921 0.7529
v 19.900000 0.000000 -13.900000 0.8117 0.7921 0.7529
v 19.900000 0.100000 -14.000000 0.8117 0.7921 0.7529
v 20.000000 0.100000 -13.900000 0.8117 0.7921 0.7529
v 19.900000 0.500000 -13.900000 0.8117 0.7921 0.7529
v 20.000000 0.400000 -13.900000 0.8117 0.7921 0.7529
v 19.900000 0.400000 -14.000000 0.8117 0.7921 0.7529
v -19.600000 0.500000 13.700000 0.9490 0.7608 0.1882
v -19.600000 0.520000 13.700000 0.9490 0.7608 0.1882
v -19.600000 0.500000 13.099999 0.9490 0.7608 0.1882
v -19.600000 0.520000 13.099999 0.9490 0.7608 0.1882
v -18.620001 0.500000 13.700000 0.6079 0.4941 0.1608
v -18.620001 0.500000 13.099999 0.6079 0.4941 0.1608
v -18.620001 0.520000 13.099999 0.6079 0.4941 0.1608
v -18.619999 0.520000 13.700000 0.6079 0.4941 0.1608
v -17.639999 0.500000 13.700000 0.4392 0.3647 0.1451
v -17.639999 0.520000 13.700000 0.4392 0.3647 0.1451
v -17.639999 0.500000 13.099999 0.4392 0.3647 0.1451
v -17.639999 0.520000 13.099999 0.4392 0.3647 0.1451
v -16.660000 0.500000 13.700000 0.6079 0.4941 0.1608
v -16.660000 0.520000 13.700000 0.6079 0.4941 0.1608
v -16.660000 0.500000 13.099999 0.6079 0.4941 0.1608
v -16.660000 0.520000 13.099999 0.6079 0.4941 0.1608
v -15.680000 0.500000 13.700000 0.4392 0.3647 0.1451
v -15.680000 0.520000 13.700000 0.4392 0.3647 0.1451
v -15.680000 0.500000 13.099999 0.4392 0.3647 0.1451
v -15.680000 0.520000 13.099999 0.4392 0.3647 0.1451
v -14.700000 0.500000 13.700000 0.6079 0.4941 0.1608
v -14.700000 0.520000 13.700000 0.6079 0.4941 0.1608
v -14.700000 0.500000 13.099999 0.6079 0.4941 0.1608
v -14.700000 0.520000 13.099999 0.6079 0.4941 0.1608
v -13.720000 0.500000 13.700000 0.4392 0.3647 0.1451
v -13.720000 0.500000 13.099999 0.4392 0.3647 0.1451
v -13.720000 0.520000 13.099999 0.4392 0.3647 0.1451
v -13.719999 0.520000 13.700000 0.4392 0.3647 0.1451
v -12.740000 0.500000 13.700000 0.6079 0.4941 0.1608
v -12.740000 0.520000 13.700000 0.6079 0.4941 0.1608
v -12.740000 0.500000 13.099999 0.6079 0.4941 0.1608
v -12.740000 0.520000 13.099999 0.6079 0.4941 0.1608
v -11.760000 0.500000 13.700000 0.4392 0.3647 0.1451
v -11.760000 0.520000 13.700000 0.4392 0.3647 0.1451
v -11.760000 0.500000 13.099999 0.4392 0.3647 0.1451
v -11.760000 0.520000 13.099999 0.4392 0.3647 0.1451
v -10.780001 0.520000 13.700000 0.6079 0.4941 0.1608
v -10.780001 0.500000 13.099999 0.6079 0.4941 0.1608
v -10.780001 0.520000 13.099999 0.6079 0.4941 0.1608
v -10.780000 0.500000 13.700000 0.6079 0.4941 0.1608
v -9.800000 0.500000 13.700000 0.4392 0.3647 0.1451
v -9.800000 0.520000 13.700000 0.4392 0.3647 0.1451
v -9.800000 0.500000 13.099999 0.4392 0.3647 0.1451
v -9.800000 0.520000 13.099999 0.4392 0.3647 0.1451
v -8.820000 0.500000 13.700000 0.4392 0.3647 0.1451
v -8.820000 0.520000 13.700000 0.4392 0.3647 0.1451
v -8.820000 0.500000 13.099999 0.4392 0.3647 0.1451
v -8.820000 0.520000 13.099999 0.4392 0.3647 0.1451
v -7.840000 0.500000 13.700000 0.4392 0.3647 0.1451
v -7.840000 0.520000 13.700000 0.4392 0.3647 0.1451
v -7.840000 0.500000 13.099999 0.4392 0.3647 0.1451
v -7.840000 0.520000 13.099999 0.4392 0.3647 0.1451
v -6.860000 0.500000 13.700000 0.6079 0.4941 0.1608
v -6.860000 0.520000 13.700000 0.6079 0.4941 0.1608
v -6.860000 0.500000 13.099999 0.6079 0.4941 0.1608
v -6.860000 0.520000 13.099999 0.6079 0.4941 0.1608
v -5.880000 0.500000 13.700000 0.4392 0.3647 0.1451
v -5.880000 0.520000 13.700000 0.4392 0.3647 0.1451
v -5.880000 0.500000 13.099999 0.4392 0.3647 0.1451
v -5.880000 0.520000 13.099999 0.4392 0.3647 0.1451
v -4.900000 0.500000 13.700000 0.6079 0.4941 0.1608
v -4.900000 0.520000 13.700000 0.6079 0.4941 0.1608
v -4.900000 0.500000 13.099999 0.6079 0.4941 0.1608
v -4.900000 0.520000 13.099999 0.6079 0.4941 0.1608
v -3.920000 0.500000 13.700000 0.6079 0.4941 0.1608
v -3.920000 0.520000 13.700000 0.6079 0.4941 0.1608
v -3.920000 0.500000 13.099999 0.6079 0.4941 0.1608
v -3.920000 0.520000 13.099999 0.6079 0.4941 0.1608
v -2.940000 0.500000 13.700000 0.6079 0.4941 0.1608
v -2.940000 0.520000 13.700000 0.6079 0.4941 0.1608
v -2.940000 0.500000 13.099999 0.6079 0.4941 0.1608
v -2.940000 0.520000 13.099999 0.6079 0.4941 0.1608
v -1.960000 0.500000 13.700000 0.4392 0.3647 0.1451
v -1.960000 0.520000 13.700000 0.4392 0.3647 0.1451
v -1.960000 0.500000 13.099999 0.4392 0.3647 0.1451
v -1.960000 0.520000 13.099999 0.4392 0.3647 0.1451
v -0.980000 0.500000 13.700000 0.6079 0.4941 0.1608
v -0.980000 0.520000 13.700000 0.6079 0.4941 0.1608
v -0.980000 0.500000 13.099999 0.6079 0.4941 0.1608
v -0.980000 0.520000 13.099999 0.6079 0.4941 0.1608
v 0.000000 0.500000 13.700000 0.4392 0.3647 0.1451
v 0.000000 0.520000 13.700000 0.4392 0.3647 0.1451
v 0.000000 0.500000 13.099999 0.4392 0.3647 0.1451
v 0.000000 0.520000 13.099999 0.4392 0.3647 0.1451
v 0.980000 0.500000 13.700000 0.6079 0.4941 0.1608
v 0.980000 0.520000 13.700000 0.6079 0.4941 0.1608
v 0.980000 0.500000 13.099999 0.6079 0.4941 0.1608
v 0.980000 0.520000 13.099999 0.6079 0.4941 0.1608
v 1.960000 0.500000 13.700000 0.4392 0.3647 0.1451
v 1.960000 0.520000 13.700000 0.4392 0.3647 0.1451
v 1.960000 0.500000 13.099999 0.4392 0.3647 0.1451
v 1.960000 0.520000 13.099999 0.4392 0.3647 0.1451
v 2.940000 0.500000 13.700000 0.6079 0.4941 0.1608
v 2.940000 0.520000 13.700000 0.6079 0.4941 0.1608
v 2.940000 0.500000 13.099999 0.6079 0.4941 0.1608
v 2.940000 0.520000 13.099999 0.6079 0.4941 0.1608
v 3.920000 0.500000 13.700000 0.4392 0.3647 0.1451
v 3.920000 0.520000 13.700000 0.4392 0.3647 0.1451
v 3.920000 0.500000 13.099999 0.4392 0.3647 0.1451
v 3.920000 0.520000 13.099999 0.4392 0.3647 0.1451
v 4.900000 0.500000 13.700000 0.6079 0.4941 0.1608
v 4.900000 0.520000 13.700000 0.6079 0.4941 0.1608
v 4.900000 0.500000 13.099999 0.6079 0.4941 0.1608
v 4.900000 0.520000 13.099999 0.6079 0.4941 0.1608
v 5.880000 0.500000 13.700000 0.4392 0.3647 0.1451
v 5.880000 0.520000 13.700000 0.4392 0.3647 0.1451
v 5.880000 0.500000 13.099999 0.4392 0.3647 0.1451
v 5.880000 0.520000 13.099999 0.4392 0.3647 0.1451
v 6.860000 0.500000 13.700000 0.6079 0.4941 0.1608
v 6.860000 0.520000 13.700000 0.6079 0.4941 0.1608
v 6.860000 0.500000 13.099999 0.6079 0.4941 0.1608
v 6.860000 0.520000 13.099999 0.6079 0.4941 0.1608
v 7.840000 0.500000 13.700000 0.4392 0.3647 0.1451
v 7.840000 0.520000 13.700000 0.4392 0.3647 0.1451
v 7.840000 0.500000 13.099999 0.4392 0.3647 0.1451
v 7.840000 0.520000 13.099999 0.4392 0.3647 0.1451
v 8.820000 0.500000 13.700000 0.6079 0.4941 0.1608
v 8.820000 0.520000 13.700000 0.6079 0.4941 0.1608
v 8.820000 0.500000 13.099999 0.6079 0.4941 0.1608
v 8.820000 0.520000 13.099999 0.6079 0.4941 0.1608
v 9.800000 0.500000 13.700000 0.4392 0.3647 0.1451
v 9.800000 0.520000 13.700000 0.4392 0.3647 0.1451
v 9.800000 0.500000 13.099999 0.4392 0.3647 0.1451
v 9.800000 0.520000 13.099999 0.4392 0.3647 0.1451
v 10.780000 0.520000 13.700000 0.6079 0.4941 0.1608
v 10.780000 0.500000 13.099999 0.6079 0.4941 0.1608
v 10.780001 0.500000 13.700000 0.6079 0.4941 0.1608
v 10.780001 0.520000 13.099999 0.6079 0.4941 0.1608
v 11.760000 0.500000 13.700000 0.4392 0.3647 0.1451
v 11.760000 0.520000 13.700000 0.4392 0.3647 0.1451
v 11.760000 0.500000 13.099999 0.4392 0.3647 0.1451
v 11.760000 0.520000 13.099999 0.4392 0.3647 0.1451
v 12.740000 0.500000 13.700000 0.6079 0.4941 0.1608
v 12.740000 0.520000 13.700000 0.6079 0.4941 0.1608
v 12.740000 0.500000 13.099999 0.6079 0.4941 0.1608
v 12.740000 0.520000 13.099999 0.6079 0.4941 0.1608
v 13.720000 0.500000 13.700000 0.6079 0.4941 0.1608
v 13.720000 0.520000 13.700000 0.6079 0.4941 0.1608
v 13.720000 0.500000 13.099999 0.6079 0.4941 0.1608
v 13.720000 0.520000 13.099999 0.6079 0.4941 0.1608
v 14.700000 0.500000 13.700000 0.6079 0.4941 0.1608
v 14.700000 0.520000 13.700000 0.6079 0.4941 0.1608
v 14.700000 0.500000 13.099999 0.6079 0.4941 0.1608
v 14.700000 0.520000 13.099999 0.6079 0.4941 0.1608
v 15.680000 0.500000 13.700000 0.6079 0.4941 0.1608
v 15.680000 0.520000 13.700000 0.6079 0.4941 0.1608
v 15.680000 0.500000 13.099999 0.6079 0.4941 0.1608
v 15.680000 0.520000 13.099999 0.6079 0.4941 0.1608
v 16.660000 0.500000 13.700000 0.6079 0.4941 0.1608
v 16.660000 0.520000 13.700000 0.6079 0.4941 0.1608
v 16.660000 0.500000 13.099999 0.6079 0.4941 0.1608
v 16.660000 0.520000 13.099999 0.6079 0.4941 0.1608
v 17.639999 0.500000 13.700000 0.4392 0.3647 0.1451
v 17.639999 0.520000 13.700000 0.4392 0.3647 0.1451
v 17.639999 0.500000 13.099999 0.4392 0.3647 0.1451
v 17.639999 0.520000 13.099999 0.4392 0.3647 0.1451
v 18.619999 0.520000 13.700000 0.6079 0.4941 0.1608
v 18.619999 0.500000 13.099999 0.6079 0.4941 0.1608
v 18.620001 0.500000 13.700000 0.6079 0.4941 0.1608
v 18.620001 0.520000 13.099999 0.6079 0.4941 0.1608
v 19.600000 0.500000 13.700000 0.1020 0.1020 0.1216
v 19.600000 0.520000 13.700000 0.1020 0.1020 0.1216
v 19.600000 0.500000 13.099999 0.1020 0.1020 0.1216
v 19.600000 0.520000 13.099999 0.1020 0.1020 0.1216
v -9.000000 0.500000 -10.200000 0.9490 0.7608 0.1882
v -9.000000 0.560000 -10.200000 0.9490 0.7608 0.1882
v -7.873672 0.500000 -10.111357 0.9490 0.7608 0.1882
v -7.873672 0.560000 -10.111357 0.9490 0.7608 0.1882
v -6.775078 0.500000 -9.847607 0.9490 0.7608 0.1882
v -6.775078 0.560000 -9.847607 0.9490 0.7608 0.1882
v -5.731268 0.500000 -9.415247 0.9490 0.7608 0.1882
v -5.731268 0.560000 -9.415247 0.9490 0.7608 0.1882
v -4.767946 0.500000 -8.824923 0.9490 0.7608 0.1882
v -4.767946 0.560000 -8.824923 0.9490 0.7608 0.1882
v -3.908832 0.500000 -8.091168 0.9490 0.7608 0.1882
v -3.908832 0.560000 -8.091168 0.9490 0.7608 0.1882
v -3.175078 0.500000 -7.232054 0.9490 0.7608 0.1882
v -3.175078 0.560000 -7.232054 0.9490 0.7608 0.1882
v -2.584753 0.500000 -6.268732 0.9490 0.7608 0.1882
v -2.584753 0.560000 -6.268732 0.9490 0.7608 0.1882
v -2.152393 0.500000 -5.224922 0.9490 0.7608 0.1882
v -2.152393 0.560000 -5.224922 0.9490 0.7608 0.1882
v -1.888644 0.500000 -4.126328 0.9490 0.7608 0.1882
v -1.888644 0.560000 -4.126328 0.9490 0.7608 0.1882
v -1.800000 0.500000 -3.000000 0.9490 0.7608 0.1882
v -1.800000 0.560000 -3.000000 0.9490 0.7608 0.1882
v -1.888644 0.500000 -1.873672 0.9490 0.7608 0.1882
v -1.888644 0.560000 -1.873672 0.9490 0.7608 0.1882
v -2.152393 0.500000 -0.775078 0.9490 0.7608 0.1882
v -2.152393 0.560000 -0.775078 0.9490 0.7608 0.1882
v -2.584753 0.500000 0.268732 0.9490 0.7608 0.1882
v -2.584753 0.560000 0.268732 0.9490 0.7608 0.1882
v -3.175078 0.500000 1.232054 0.9490 0.7608 0.1882
v -3.175078 0.560000 1.232054 0.9490 0.7608 0.1882
v -3.908832 0.500000 2.091168 0.9490 0.7608 0.1882
v -3.908832 0.560000 2.091168 0.9490 0.7608 0.1882
v -4.767946 0.500000 2.824922 0.9490 0.7608 0.1882
v -4.767946 0.560000 2.824922 0.9490 0.7608 0.1882
v -5.731268 0.500000 3.415247 0.9490 0.7608 0.1882
v -5.731268 0.560000 3.415247 0.9490 0.7608 0.1882
v -6.775078 0.500000 3.847607 0.9490 0.7608 0.1882
v -6.775078 0.560000 3.847607 0.9490 0.7608 0.1882
v -7.873672 0.500000 4.111356 0.9490 0.7608 0.1882
v -7.873672 0.560000 4.111356 0.9490 0.7608 0.1882
v -9.000000 0.500000 4.200000 0.9490 0.7608 0.1882
v -9.000000 0.560000 4.200000 0.9490 0.7608 0.1882
v -10.126328 0.500000 4.111356 0.9490 0.7608 0.1882
v -10.126328 0.560000 4.111356 0.9490 0.7608 0.1882
v -11.224922 0.500000 3.847607 0.9490 0.7608 0.1882
v -11.224922 0.560000 3.847607 0.9490 0.7608 0.1882
v -12.268732 0.500000 3.415247 0.9490 0.7608 0.1882
v -12.268732 0.560000 3.415247 0.9490 0.7608 0.1882
v -13.232054 0.500000 2.824922 0.9490 0.7608 0.1882
v -13.232054 0.560000 2.824922 0.9490 0.7608 0.1882
v -14.091168 0.500000 2.091168 0.9490 0.7608 0.1882
v -14.091168 0.560000 2.091168 0.9490 0.7608 0.1882
v -14.824923 0.500000 1.232054 0.9490 0.7608 0.1882
v -14.824923 0.560000 1.232054 0.9490 0.7608 0.1882
v -15.415247 0.500000 0.268732 0.9490 0.7608 0.1882
v -15.415247 0.560000 0.268732 0.9490 0.7608 0.1882
v -15.847607 0.500000 -0.775078 0.9490 0.7608 0.1882
v -15.847607 0.560000 -0.775078 0.9490 0.7608 0.1882
v -16.111357 0.500000 -1.873672 0.9490 0.7608 0.1882
v -16.111357 0.560000 -1.873672 0.9490 0.7608 0.1882
v -16.200001 0.500000 -3.000000 0.9490 0.7608 0.1882
v -16.200001 0.560000 -3.000000 0.9490 0.7608 0.1882
v -16.111357 0.500000 -4.126328 0.9490 0.7608 0.1882
v -16.111357 0.560000 -4.126328 0.9490 0.7608 0.1882
v -15.847607 0.500000 -5.224922 0.9490 0.7608 0.1882
v -15.847607 0.560000 -5.224922 0.9490 0.7608 0.1882
v -15.415247 0.500000 -6.268732 0.9490 0.7608 0.1882
v -15.415247 0.560000 -6.268732 0.9490 0.7608 0.1882
v -14.824923 0.500000 -7.232054 0.9490 0.7608 0.1882
v -14.824923 0.560000 -7.232054 0.9490 0.7608 0.1882
v -14.091168 0.500000 -8.091168 0.9490 0.7608 0.1882
v -14.091168 0.560000 -8.091168 0.9490 0.7608 0.1882
v -13.232054 0.500000 -8.824923 0.9490 0.7608 0.1882
v -13.232054 0.560000 -8.824923 0.9490 0.7608 0.1882
v -12.268732 0.500000 -9.415247 0.9490 0.7608 0.1882
v -12.268732 0.560000 -9.415247 0.9490 0.7608 0.1882
v -11.224922 0.500000 -9.847607 0.9490 0.7608 0.1882
v -11.224922 0.560000 -9.847607 0.9490 0.7608 0.1882
v -10.126328 0.500000 -10.111357 0.9490 0.7608 0.1882
v -10.126328 0.560000 -10.111357 0.9490 0.7608 0.1882
v -9.000000 0.500000 -9.600000 0.6628 0.6432 0.6039
v -9.000000 0.580000 -9.600000 0.6628 0.6432 0.6039
v -7.967533 0.500000 -9.518744 0.6628 0.6432 0.6039
v -7.967533 0.580000 -9.518744 0.6628 0.6432 0.6039
v -6.960488 0.500000 -9.276974 0.6628 0.6432 0.6039
v -6.960488 0.580000 -9.276974 0.6628 0.6432 0.6039
v -6.003662 0.500000 -8.880643 0.6628 0.6432 0.6039
v -6.003662 0.580000 -8.880643 0.6628 0.6432 0.6039
v -5.120617 0.500000 -8.339512 0.6628 0.6432 0.6039
v -5.120617 0.580000 -8.339512 0.6628 0.6432 0.6039
v -4.333096 0.500000 -7.666904 0.6628 0.6432 0.6039
v -4.333096 0.580000 -7.666904 0.6628 0.6432 0.6039
v -3.660488 0.500000 -6.879383 0.6628 0.6432 0.6039
v -3.660488 0.580000 -6.879383 0.6628 0.6432 0.6039
v -3.119357 0.500000 -5.996338 0.6628 0.6432 0.6039
v -3.119357 0.580000 -5.996338 0.6628 0.6432 0.6039
v -2.723027 0.500000 -5.039512 0.6628 0.6432 0.6039
v -2.723027 0.580000 -5.039512 0.6628 0.6432 0.6039
v -2.481257 0.500000 -4.032467 0.6628 0.6432 0.6039
v -2.481257 0.580000 -4.032467 0.6628 0.6432 0.6039
v -2.400000 0.500000 -3.000000 0.6628 0.6432 0.6039
v -2.400000 0.580000 -3.000000 0.6628 0.6432 0.6039
v -2.481257 0.500000 -1.967533 0.6628 0.6432 0.6039
v -2.481257 0.580000 -1.967533 0.6628 0.6432 0.6039
v -2.723027 0.500000 -0.960488 0.6628 0.6432 0.6039
v -2.723027 0.580000 -0.960488 0.6628 0.6432 0.6039
v -3.119357 0.500000 -0.003662 0.6628 0.6432 0.6039
v -3.119357 0.580000 -0.003662 0.6628 0.6432 0.6039
v -3.660488 0.500000 0.879383 0.6628 0.6432 0.6039
v -3.660488 0.580000 0.879383 0.6628 0.6432 0.6039
v -4.333096 0.500000 1.666904 0.6628 0.6432 0.6039
v -4.333096 0.580000 1.666904 0.6628 0.6432 0.6039
v -5.120617 0.500000 2.339512 0.6628 0.6432 0.6039
v -5.120617 0.580000 2.339512 0.6628 0.6432 0.6039
v -6.003662 0.500000 2.880643 0.6628 0.6432 0.6039
v -6.003662 0.580000 2.880643 0.6628 0.6432 0.6039
v -6.960488 0.500000 3.276973 0.6628 0.6432 0.6039
v -6.960488 0.580000 3.276973 0.6628 0.6432 0.6039
v -7.967533 0.500000 3.518743 0.6628 0.6432 0.6039
v -7.967533 0.580000 3.518743 0.6628 0.6432 0.6039
v -9.000000 0.500000 3.600000 0.6628 0.6432 0.6039
v -9.000000 0.580000 3.600000 0.6628 0.6432 0.6039
v -10.032468 0.500000 3.518743 0.6628 0.6432 0.6039
v -10.032468 0.580000 3.518743 0.6628 0.6432 0.6039
v -11.039513 0.500000 3.276973 0.6628 0.6432 0.6039
v -11.039513 0.580000 3.276973 0.6628 0.6432 0.6039
v -11.996338 0.500000 2.880643 0.6628 0.6432 0.6039
v -11.996338 0.580000 2.880643 0.6628 0.6432 0.6039
v -12.879383 0.500000 2.339512 0.6628 0.6432 0.6039
v -12.879383 0.580000 2.339512 0.6628 0.6432 0.6039
v -13.666904 0.500000 1.666904 0.6628 0.6432 0.6039
v -13.666904 0.580000 1.666904 0.6628 0.6432 0.6039
v -14.339512 0.500000 0.879383 0.6628 0.6432 0.6039
v -14.339512 0.580000 0.879383 0.6628 0.6432 0.6039
v -14.880643 0.500000 -0.003662 0.6628 0.6432 0.6039
v -14.880643 0.580000 -0.003662 0.6628 0.6432 0.6039
v -15.276974 0.500000 -0.960488 0.6628 0.6432 0.6039
v -15.276974 0.580000 -0.960488 0.6628 0.6432 0.6039
v -15.518744 0.500000 -1.967533 0.6628 0.6432 0.6039
v -15.518744 0.580000 -1.967533 0.6628 0.6432 0.6039
v -15.600000 0.500000 -3.000000 0.6628 0.6432 0.6039
v -15.600000 0.580000 -3.000000 0.6628 0.6432 0.6039
v -15.518744 0.500000 -4.032467 0.6628 0.6432 0.6039
v -15.518744 0.580000 -4.032467 0.6628 0.6432 0.6039
v -15.276974 0.500000 -5.039512 0.6628 0.6432 0.6039
v -15.276974 0.580000 -5.039512 0.6628 0.6432 0.6039
v -14.880643 0.500000 -5.996338 0.6628 0.6432 0.6039
v -14.880643 0.580000 -5.996338 0.6628 0.6432 0.6039
v -14.339512 0.500000 -6.879383 0.6628 0.6432 0.6039
v -14.339512 0.580000 -6.879383 0.6628 0.6432 0.6039
v -13.666904 0.500000 -7.666904 0.6628 0.6432 0.6039
v -13.666904 0.580000 -7.666904 0.6628 0.6432 0.6039
v -12.879383 0.500000 -8.339512 0.6628 0.6432 0.6039
v -12.879383 0.580000 -8.339512 0.6628 0.6432 0.6039
v -11.996338 0.500000 -8.880643 0.6628 0.6432 0.6039
v -11.996338 0.580000 -8.880643 0.6628 0.6432 0.6039
v -11.039513 0.500000 -9.276974 0.6628 0.6432 0.6039
v -11.039513 0.580000 -9.276974 0.6628 0.6432 0.6039
v -10.032468 0.500000 -9.518744 0.6628 0.6432 0.6039
v -10.032468 0.580000 -9.518744 0.6628 0.6432 0.6039
v -11.000000 0.500000 12.000000 0.6628 0.6432 0.6039
v -11.000000 0.600000 12.000000 0.6628 0.6432 0.6039
v -11.000000 0.500000 0.000000 0.6628 0.6432 0.6039
v -11.000000 0.600000 0.000000 0.6628 0.6432 0.6039
v -7.000000 0.500000 12.000000 0.6628 0.6432 0.6039
v -7.000000 0.600000 12.000000 0.6628 0.6432 0.6039
v -7.000000 0.500000 0.000000 0.6628 0.6432 0.6039
v -7.000000 0.600000 0.000000 0.6628 0.6432 0.6039
v -9.000000 0.500000 -8.237640 0.7216 0.7608 0.8000
v -9.138582 0.650000 -8.342597 0.7216 0.7608 0.8000
v -8.861418 0.650000 -8.342597 0.7216 0.7608 0.8000
v -9.081180 0.543934 -8.318821 0.7216 0.7608 0.8000
v -9.000000 0.563396 -8.346370 0.7216 0.7608 0.8000
v -9.000000 0.650000 -8.366374 0.7216 0.7608 0.8000
v -8.918820 0.543934 -8.318821 0.7216 0.7608 0.8000
v -9.000000 1.364000 -8.237640 0.7216 0.7608 0.8000
v -8.861418 1.214000 -8.342597 0.7216 0.7608 0.8000
v -9.138582 1.214000 -8.342597 0.7216 0.7608 0.8000
v -8.918820 1.320066 -8.318821 0.7216 0.7608 0.8000
v -9.000000 1.300604 -8.346370 0.7216 0.7608 0.8000
v -9.000000 1.214000 -8.366374 0.7216 0.7608 0.8000
v -9.081180 1.320066 -8.318821 0.7216 0.7608 0.8000
v -5.296428 0.500000 -6.703572 0.7216 0.7608 0.8000
v -5.320205 0.650000 -6.875779 0.7216 0.7608 0.8000
v -5.124221 0.650000 -6.679795 0.7216 0.7608 0.8000
v -5.296428 0.543934 -6.818377 0.7216 0.7608 0.8000
v -5.219546 0.563396 -6.780454 0.7216 0.7608 0.8000
v -5.205400 0.650000 -6.794600 0.7216 0.7608 0.8000
v -5.181623 0.543934 -6.703572 0.7216 0.7608 0.8000
v -5.296428 1.364000 -6.703572 0.7216 0.7608 0.8000
v -5.124221 1.214000 -6.679795 0.7216 0.7608 0.8000
v -5.320205 1.214000 -6.875779 0.7216 0.7608 0.8000
v -5.181623 1.320066 -6.703572 0.7216 0.7608 0.8000
v -5.219546 1.300604 -6.780454 0.7216 0.7608 0.8000
v -5.205400 1.214000 -6.794600 0.7216 0.7608 0.8000
v -5.296428 1.320066 -6.818377 0.7216 0.7608 0.8000
v -3.762359 0.500000 -3.000000 0.7216 0.7608 0.8000
v -3.657403 0.650000 -3.138582 0.7216 0.7608 0.8000
v -3.657403 0.650000 -2.861418 0.7216 0.7608 0.8000
v -3.697992 0.543934 -3.097992 0.7216 0.7608 0.8000
v -3.658571 0.563397 -3.000000 0.7216 0.7608 0.8000
v -3.623777 0.650000 -3.000000 0.7216 0.7608 0.8000
v -3.697992 0.543934 -2.902008 0.7216 0.7608 0.8000
v -3.762359 1.364000 -3.000000 0.7216 0.7608 0.8000
v -3.657403 1.214000 -2.861418 0.7216 0.7608 0.8000
v -3.657403 1.214000 -3.138582 0.7216 0.7608 0.8000
v -3.681180 1.320066 -2.918821 0.7216 0.7608 0.8000
v -3.653631 1.300604 -3.000000 0.7216 0.7608 0.8000
v -3.633626 1.214000 -3.000000 0.7216 0.7608 0.8000
v -3.681180 1.320066 -3.081179 0.7216 0.7608 0.8000
v -5.296428 0.500000 0.703572 0.7216 0.7608 0.8000
v -5.124221 0.650000 0.679795 0.7216 0.7608 0.8000
v -5.320205 0.650000 0.875779 0.7216 0.7608 0.8000
v -5.181623 0.543934 0.703572 0.7216 0.7608 0.8000
v -5.219546 0.563396 0.780454 0.7216 0.7608 0.8000
v -5.205400 0.650000 0.794600 0.7216 0.7608 0.8000
v -5.296428 0.543934 0.818377 0.7216 0.7608 0.8000
v -5.296428 1.364000 0.703572 0.7216 0.7608 0.8000
v -5.320205 1.214000 0.875779 0.7216 0.7608 0.8000
v -5.124221 1.214000 0.679795 0.7216 0.7608 0.8000
v -5.296429 1.320066 0.818377 0.7216 0.7608 0.8000
v -5.219546 1.300604 0.780454 0.7216 0.7608 0.8000
v -5.205400 1.214000 0.794600 0.7216 0.7608 0.8000
v -5.181623 1.320066 0.703572 0.7216 0.7608 0.8000
v -9.000000 0.500000 2.237641 0.7216 0.7608 0.8000
v -8.861418 0.650000 2.342597 0.7216 0.7608 0.8000
v -9.138582 0.650000 2.342597 0.7216 0.7608 0.8000
v -8.918820 0.543934 2.318820 0.7216 0.7608 0.8000
v -9.000000 0.563396 2.346369 0.7216 0.7608 0.8000
v -9.000000 0.650000 2.366374 0.7216 0.7608 0.8000
v -9.081180 0.543934 2.318820 0.7216 0.7608 0.8000
v -9.000000 1.364000 2.237641 0.7216 0.7608 0.8000
v -9.138582 1.214000 2.342597 0.7216 0.7608 0.8000
v -8.861418 1.214000 2.342597 0.7216 0.7608 0.8000
v -9.081180 1.320066 2.318820 0.7216 0.7608 0.8000
v -9.000000 1.300604 2.346369 0.7216 0.7608 0.8000
v -9.000000 1.214000 2.366374 0.7216 0.7608 0.8000
v -8.918820 1.320066 2.318820 0.7216 0.7608 0.8000
v -12.703571 0.500000 0.703572 0.7216 0.7608 0.8000
v -12.679794 0.650000 0.875779 0.7216 0.7608 0.8000
v -12.875779 0.650000 0.679795 0.7216 0.7608 0.8000
v -12.703571 0.543934 0.818377 0.7216 0.7608 0.8000
v -12.780453 0.563396 0.780454 0.7216 0.7608 0.8000
v -12.794599 0.650000 0.794600 0.7216 0.7608 0.8000
v -12.818376 0.543934 0.703572 0.7216 0.7608 0.8000
v -12.703571 1.364000 0.703572 0.7216 0.7608 0.8000
v -12.875779 1.214000 0.679795 0.7216 0.7608 0.8000
v -12.679794 1.214000 0.875779 0.7216 0.7608 0.8000
v -12.818377 1.320066 0.679795 0.7216 0.7608 0.8000
v -12.776959 1.300603 0.776960 0.7216 0.7608 0.8000
v -12.801563 1.214000 0.801564 0.7216 0.7608 0.8000
v -12.679794 1.320066 0.818377 0.7216 0.7608 0.8000
v -14.237640 0.500000 -3.000000 0.7216 0.7608 0.8000
v -14.342597 0.650000 -2.861418 0.7216 0.7608 0.8000
v -14.342597 0.650000 -3.138582 0.7216 0.7608 0.8000
v -14.318821 0.543934 -2.918820 0.7216 0.7608 0.8000
v -14.346370 0.563396 -3.000000 0.7216 0.7608 0.8000
v -14.366374 0.650000 -3.000000 0.7216 0.7608 0.8000
v -14.318821 0.543934 -3.081180 0.7216 0.7608 0.8000
v -14.237640 1.364000 -3.000000 0.7216 0.7608 0.8000
v -14.342597 1.214000 -3.138582 0.7216 0.7608 0.8000
v -14.342597 1.214000 -2.861418 0.7216 0.7608 0.8000
v -14.318821 1.320066 -3.081180 0.7216 0.7608 0.8000
v -14.346370 1.300604 -3.000000 0.7216 0.7608 0.8000
v -14.366374 1.214000 -3.000000 0.7216 0.7608 0.8000
v -14.318821 1.320066 -2.918820 0.7216 0.7608 0.8000
v -12.703571 0.500000 -6.703572 0.7216 0.7608 0.8000
v -12.875779 0.650000 -6.679795 0.7216 0.7608 0.8000
v -12.679794 0.650000 -6.875779 0.7216 0.7608 0.8000
v -12.818376 0.543934 -6.703572 0.7216 0.7608 0.8000
v -12.780453 0.563396 -6.780454 0.7216 0.7608 0.8000
v -12.794599 0.650000 -6.794600 0.7216 0.7608 0.8000
v -12.703571 0.543934 -6.818377 0.7216 0.7608 0.8000
v -12.703571 1.364000 -6.703572 0.7216 0.7608 0.8000
v -12.679794 1.214000 -6.875779 0.7216 0.7608 0.8000
v -12.875779 1.214000 -6.679795 0.7216 0.7608 0.8000
v -12.679794 1.320066 -6.818377 0.7216 0.7608 0.8000
v -12.776959 1.300603 -6.776960 0.7216 0.7608 0.8000
v -12.801563 1.214000 -6.801564 0.7216 0.7608 0.8000
v -12.818377 1.320066 -6.679795 0.7216 0.7608 0.8000
v -9.000000 1.364000 -7.104000 0.9490 0.7608 0.1882
v -9.000000 1.493600 -7.104000 0.9490 0.7608 0.1882
v -6.098034 1.364000 -5.901966 0.9490 0.7608 0.1882
v -6.098034 1.493600 -5.901966 0.9490 0.7608 0.1882
v -4.896000 1.364000 -3.000000 0.9490 0.7608 0.1882
v -4.896000 1.493600 -3.000000 0.9490 0.7608 0.1882
v -6.098034 1.364000 -0.098034 0.9490 0.7608 0.1882
v -6.098034 1.493600 -0.098034 0.9490 0.7608 0.1882
v -9.000000 1.364000 1.104000 0.9490 0.7608 0.1882
v -9.000000 1.493600 1.104000 0.9490 0.7608 0.1882
v -11.901966 1.364000 -0.098034 0.9490 0.7608 0.1882
v -11.901966 1.493600 -0.098034 0.9490 0.7608 0.1882
v -13.104000 1.364000 -3.000000 0.9490 0.7608 0.1882
v -13.104000 1.493600 -3.000000 0.9490 0.7608 0.1882
v -11.901966 1.364000 -5.901966 0.9490 0.7608 0.1882
v -11.901966 1.493600 -5.901966 0.9490 0.7608 0.1882
v -9.000000 1.396400 -6.456000 0.2039 0.2196 0.2471
v -9.000000 1.547600 -6.456000 0.2039 0.2196 0.2471
v -6.556239 1.396400 -5.443761 0.2039 0.2196 0.2471
v -6.556239 1.547600 -5.443761 0.2039 0.2196 0.2471
v -5.544000 1.396400 -3.000000 0.2039 0.2196 0.2471
v -5.544000 1.547600 -3.000000 0.2039 0.2196 0.2471
v -6.556239 1.396400 -0.556239 0.2039 0.2196 0.2471
v -6.556239 1.547600 -0.556239 0.2039 0.2196 0.2471
v -9.000000 1.396400 0.456000 0.2039 0.2196 0.2471
v -9.000000 1.547600 0.456000 0.2039 0.2196 0.2471
v -11.443762 1.396400 -0.556239 0.2039 0.2196 0.2471
v -11.443762 1.547600 -0.556239 0.2039 0.2196 0.2471
v -12.456000 1.396400 -3.000000 0.2039 0.2196 0.2471
v -12.456000 1.547600 -3.000000 0.2039 0.2196 0.2471
v -11.443762 1.396400 -5.443761 0.2039 0.2196 0.2471
v -11.443762 1.547600 -5.443761 0.2039 0.2196 0.2471
v -5.945299 1.310000 -5.709633 0.8470 0.2275 0.1804
v -5.888730 1.390000 -5.653065 0.8470 0.2275 0.1804
v -6.001867 1.390000 -5.653065 0.8470 0.2275 0.1804
v -5.905298 1.333431 -5.669633 0.8470 0.2275 0.1804
v -5.945298 1.343812 -5.644313 0.8470 0.2275 0.1804
v -5.945298 1.390000 -5.629633 0.8470 0.2275 0.1804
v -5.985298 1.333431 -5.669633 0.8470 0.2275 0.1804
v -5.888730 6.090000 -5.653065 0.8470 0.2275 0.1804
v -5.945299 6.170000 -5.709633 0.8470 0.2275 0.1804
v -6.001867 6.090000 -5.653065 0.8470 0.2275 0.1804
v -5.905298 6.146569 -5.669633 0.8470 0.2275 0.1804
v -5.945298 6.136188 -5.644313 0.8470 0.2275 0.1804
v -5.985298 6.146569 -5.669633 0.8470 0.2275 0.1804
v -5.945298 6.090000 -5.629633 0.8470 0.2275 0.1804
v -6.290367 1.310000 -6.054701 0.8470 0.2275 0.1804
v -6.346935 1.390000 -5.998133 0.8470 0.2275 0.1804
v -6.346935 1.390000 -6.111270 0.8470 0.2275 0.1804
v -6.330367 1.333431 -6.014702 0.8470 0.2275 0.1804
v -6.355687 1.343812 -6.054702 0.8470 0.2275 0.1804
v -6.370367 1.390000 -6.054702 0.8470 0.2275 0.1804
v -6.330367 1.333431 -6.094702 0.8470 0.2275 0.1804
v -6.290367 6.170000 -6.054701 0.8470 0.2275 0.1804
v -6.346935 6.090000 -6.111270 0.8470 0.2275 0.1804
v -6.346935 6.090000 -5.998133 0.8470 0.2275 0.1804
v -6.330367 6.146569 -6.094702 0.8470 0.2275 0.1804
v -6.355687 6.136188 -6.054702 0.8470 0.2275 0.1804
v -6.370367 6.090000 -6.054702 0.8470 0.2275 0.1804
v -6.330367 6.146569 -6.014702 0.8470 0.2275 0.1804
v -5.600230 1.310000 -6.054701 0.8470 0.2275 0.1804
v -5.543662 1.390000 -6.111270 0.8470 0.2275 0.1804
v -5.543662 1.390000 -5.998133 0.8470 0.2275 0.1804
v -5.560230 1.333431 -6.094702 0.8470 0.2275 0.1804
v -5.534910 1.343812 -6.054702 0.8470 0.2275 0.1804
v -5.520230 1.390000 -6.054702 0.8470 0.2275 0.1804
v -5.560230 1.333431 -6.014702 0.8470 0.2275 0.1804
v -5.600230 6.170000 -6.054701 0.8470 0.2275 0.1804
v -5.543662 6.090000 -5.998133 0.8470 0.2275 0.1804
v -5.543662 6.090000 -6.111270 0.8470 0.2275 0.1804
v -5.560230 6.146569 -6.014702 0.8470 0.2275 0.1804
v -5.534910 6.136188 -6.054702 0.8470 0.2275 0.1804
v -5.520230 6.090000 -6.054702 0.8470 0.2275 0.1804
v -5.560230 6.146569 -6.094702 0.8470 0.2275 0.1804
v -5.945299 1.310000 -6.399770 0.8470 0.2275 0.1804
v -6.001867 1.390000 -6.456338 0.8470 0.2275 0.1804
v -5.888730 1.390000 -6.456338 0.8470 0.2275 0.1804
v -5.985298 1.333431 -6.439770 0.8470 0.2275 0.1804
v -5.945298 1.343812 -6.465090 0.8470 0.2275 0.1804
v -5.945298 1.390000 -6.479770 0.8470 0.2275 0.1804
v -5.905298 1.333431 -6.439770 0.8470 0.2275 0.1804
v -5.945299 6.170000 -6.399770 0.8470 0.2275 0.1804
v -5.888730 6.090000 -6.456338 0.8470 0.2275 0.1804
v -6.001867 6.090000 -6.456338 0.8470 0.2275 0.1804
v -5.905298 6.146569 -6.439770 0.8470 0.2275 0.1804
v -5.945298 6.136188 -6.465090 0.8470 0.2275 0.1804
v -5.945298 6.090000 -6.479770 0.8470 0.2275 0.1804
v -5.985298 6.146569 -6.439770 0.8470 0.2275 0.1804
v -7.401402 5.991187 -4.468998 0.7216 0.7608 0.8000
v -7.463531 6.028957 -4.536469 0.7216 0.7608 0.8000
v -7.531002 5.991187 -4.598598 0.7216 0.7608 0.8000
v -7.564291 5.900000 -4.618992 0.7216 0.7608 0.8000
v -7.543897 5.808814 -4.585703 0.7216 0.7608 0.8000
v -7.481768 5.771044 -4.518232 0.7216 0.7608 0.8000
v -7.414297 5.808814 -4.456103 0.7216 0.7608 0.8000
v -7.381008 5.900000 -4.435709 0.7216 0.7608 0.8000
v -5.874051 5.775187 -5.996349 0.7216 0.7608 0.8000
v -5.936180 5.812957 -6.063820 0.7216 0.7608 0.8000
v -6.003651 5.775187 -6.125949 0.7216 0.7608 0.8000
v -6.036940 5.684000 -6.146342 0.7216 0.7608 0.8000
v -6.016546 5.592814 -6.113053 0.7216 0.7608 0.8000
v -5.954417 5.555044 -6.045583 0.7216 0.7608 0.8000
v -5.886947 5.592814 -5.983454 0.7216 0.7608 0.8000
v -5.853658 5.684000 -5.963060 0.7216 0.7608 0.8000
v -11.709634 1.310000 -6.054701 0.8470 0.2275 0.1804
v -11.653065 1.390000 -6.111270 0.8470 0.2275 0.1804
v -11.653065 1.390000 -5.998133 0.8470 0.2275 0.1804
v -11.669633 1.333431 -6.094702 0.8470 0.2275 0.1804
v -11.644313 1.343812 -6.054702 0.8470 0.2275 0.1804
v -11.629633 1.390000 -6.054702 0.8470 0.2275 0.1804
v -11.669633 1.333431 -6.014702 0.8470 0.2275 0.1804
v -11.653065 6.090000 -6.111270 0.8470 0.2275 0.1804
v -11.709634 6.170000 -6.054701 0.8470 0.2275 0.1804
v -11.653065 6.090000 -5.998133 0.8470 0.2275 0.1804
v -11.669633 6.146569 -6.094702 0.8470 0.2275 0.1804
v -11.644313 6.136188 -6.054702 0.8470 0.2275 0.1804
v -11.669633 6.146569 -6.014702 0.8470 0.2275 0.1804
v -11.629633 6.090000 -6.054702 0.8470 0.2275 0.1804
v -12.054701 1.310000 -5.709633 0.8470 0.2275 0.1804
v -11.998133 1.390000 -5.653065 0.8470 0.2275 0.1804
v -12.111269 1.390000 -5.653065 0.8470 0.2275 0.1804
v -12.014700 1.333431 -5.669633 0.8470 0.2275 0.1804
v -12.054700 1.343812 -5.644313 0.8470 0.2275 0.1804
v -12.054700 1.390000 -5.629633 0.8470 0.2275 0.1804
v -12.094700 1.333431 -5.669633 0.8470 0.2275 0.1804
v -12.054701 6.170000 -5.709633 0.8470 0.2275 0.1804
v -12.111269 6.090000 -5.653064 0.8470 0.2275 0.1804
v -11.998133 6.090000 -5.653065 0.8470 0.2275 0.1804
v -12.094700 6.146569 -5.669633 0.8470 0.2275 0.1804
v -12.054700 6.136188 -5.644313 0.8470 0.2275 0.1804
v -12.054700 6.090000 -5.629633 0.8470 0.2275 0.1804
v -12.014700 6.146569 -5.669633 0.8470 0.2275 0.1804
v -12.054702 1.310000 -6.399770 0.8470 0.2275 0.1804
v -12.111269 1.390000 -6.456339 0.8470 0.2275 0.1804
v -11.998133 1.390000 -6.456338 0.8470 0.2275 0.1804
v -12.094700 1.333431 -6.439770 0.8470 0.2275 0.1804
v -12.054700 1.343812 -6.465089 0.8470 0.2275 0.1804
v -12.054699 1.390000 -6.479770 0.8470 0.2275 0.1804
v -12.014700 1.333431 -6.439770 0.8470 0.2275 0.1804
v -12.054702 6.170000 -6.399770 0.8470 0.2275 0.1804
v -11.998133 6.090000 -6.456338 0.8470 0.2275 0.1804
v -12.111269 6.090000 -6.456338 0.8470 0.2275 0.1804
v -12.014700 6.146569 -6.439770 0.8470 0.2275 0.1804
v -12.054700 6.136188 -6.465090 0.8470 0.2275 0.1804
v -12.054699 6.090000 -6.479770 0.8470 0.2275 0.1804
v -12.094700 6.146569 -6.439770 0.8470 0.2275 0.1804
v -12.399770 1.310000 -6.054701 0.8470 0.2275 0.1804
v -12.456339 1.390000 -5.998133 0.8470 0.2275 0.1804
v -12.456339 1.390000 -6.111270 0.8470 0.2275 0.1804
v -12.439770 1.333431 -6.014702 0.8470 0.2275 0.1804
v -12.465090 1.343812 -6.054702 0.8470 0.2275 0.1804
v -12.479770 1.390000 -6.054702 0.8470 0.2275 0.1804
v -12.439770 1.333431 -6.094702 0.8470 0.2275 0.1804
v -12.399770 6.170000 -6.054701 0.8470 0.2275 0.1804
v -12.456339 6.090000 -6.111269 0.8470 0.2275 0.1804
v -12.456339 6.090000 -5.998133 0.8470 0.2275 0.1804
v -12.439770 6.146569 -6.094702 0.8470 0.2275 0.1804
v -12.465090 6.136188 -6.054702 0.8470 0.2275 0.1804
v -12.479770 6.090000 -6.054702 0.8470 0.2275 0.1804
v -12.439770 6.146569 -6.014702 0.8470 0.2275 0.1804
v -10.468998 5.991187 -4.598598 0.7216 0.7608 0.8000
v -10.536469 6.028957 -4.536469 0.7216 0.7608 0.8000
v -10.598598 5.991187 -4.468998 0.7216 0.7608 0.8000
v -10.618992 5.900000 -4.435709 0.7216 0.7608 0.8000
v -10.585703 5.808814 -4.456103 0.7216 0.7608 0.8000
v -10.518232 5.771044 -4.518232 0.7216 0.7608 0.8000
v -10.456102 5.808814 -4.585703 0.7216 0.7608 0.8000
v -10.435710 5.900000 -4.618992 0.7216 0.7608 0.8000
v -11.996349 5.775187 -6.125949 0.7216 0.7608 0.8000
v -12.063820 5.812957 -6.063820 0.7216 0.7608 0.8000
v -12.125949 5.775187 -5.996349 0.7216 0.7608 0.8000
v -12.146342 5.684000 -5.963060 0.7216 0.7608 0.8000
v -12.113053 5.592814 -5.983454 0.7216 0.7608 0.8000
v -12.045583 5.555044 -6.045583 0.7216 0.7608 0.8000
v -11.983454 5.592814 -6.113053 0.7216 0.7608 0.8000
v -11.963060 5.684000 -6.146342 0.7216 0.7608 0.8000
v -12.054701 1.310000 -0.290367 0.8470 0.2275 0.1804
v -12.111269 1.390000 -0.346936 0.8470 0.2275 0.1804
v -11.998133 1.390000 -0.346935 0.8470 0.2275 0.1804
v -12.094700 1.333431 -0.330367 0.8470 0.2275 0.1804
v -12.054700 1.343812 -0.355687 0.8470 0.2275 0.1804
v -12.054700 1.390000 -0.370367 0.8470 0.2275 0.1804
v -12.014700 1.333431 -0.330367 0.8470 0.2275 0.1804
v -12.111269 6.090000 -0.346935 0.8470 0.2275 0.1804
v -12.054701 6.170000 -0.290367 0.8470 0.2275 0.1804
v -11.998133 6.090000 -0.346935 0.8470 0.2275 0.1804
v -12.094700 6.146569 -0.330367 0.8470 0.2275 0.1804
v -12.054700 6.136188 -0.355687 0.8470 0.2275 0.1804
v -12.014700 6.146569 -0.330367 0.8470 0.2275 0.1804
v -12.054700 6.090000 -0.370367 0.8470 0.2275 0.1804
v -11.709633 1.310000 0.054701 0.8470 0.2275 0.1804
v -11.653065 1.390000 -0.001867 0.8470 0.2275 0.1804
v -11.653065 1.390000 0.111270 0.8470 0.2275 0.1804
v -11.669633 1.333431 0.014701 0.8470 0.2275 0.1804
v -11.644314 1.343812 0.054701 0.8470 0.2275 0.1804
v -11.629633 1.390000 0.054701 0.8470 0.2275 0.1804
v -11.669633 1.333431 0.094701 0.8470 0.2275 0.1804
v -11.709633 6.170000 0.054701 0.8470 0.2275 0.1804
v -11.653065 6.090000 0.111270 0.8470 0.2275 0.1804
v -11.653065 6.090000 -0.001867 0.8470 0.2275 0.1804
v -11.669633 6.146569 0.094701 0.8470 0.2275 0.1804
v -11.644314 6.136188 0.054701 0.8470 0.2275 0.1804
v -11.629633 6.090000 0.054701 0.8470 0.2275 0.1804
v -11.669633 6.146569 0.014701 0.8470 0.2275 0.1804
v -12.399770 1.310000 0.054701 0.8470 0.2275 0.1804
v -12.456339 1.390000 0.111270 0.8470 0.2275 0.1804
v -12.456339 1.390000 -0.001867 0.8470 0.2275 0.1804
v -12.439770 1.333431 0.094701 0.8470 0.2275 0.1804
v -12.465090 1.343812 0.054701 0.8470 0.2275 0.1804
v -12.479770 1.390000 0.054701 0.8470 0.2275 0.1804
v -12.439770 1.333431 0.014701 0.8470 0.2275 0.1804
v -12.399770 6.170000 0.054701 0.8470 0.2275 0.1804
v -12.456339 6.090000 -0.001867 0.8470 0.2275 0.1804
v -12.456339 6.090000 0.111270 0.8470 0.2275 0.1804
v -12.439770 6.146569 0.014701 0.8470 0.2275 0.1804
v -12.465090 6.136188 0.054701 0.8470 0.2275 0.1804
v -12.479770 6.090000 0.054701 0.8470 0.2275 0.1804
v -12.439770 6.146569 0.094701 0.8470 0.2275 0.1804
v -12.054701 1.310000 0.399770 0.8470 0.2275 0.1804
v -11.998133 1.390000 0.456338 0.8470 0.2275 0.1804
v -12.111269 1.390000 0.456338 0.8470 0.2275 0.1804
v -12.014700 1.333431 0.439770 0.8470 0.2275 0.1804
v -12.054700 1.343812 0.465090 0.8470 0.2275 0.1804
v -12.054700 1.390000 0.479770 0.8470 0.2275 0.1804
v -12.094700 1.333431 0.439770 0.8470 0.2275 0.1804
v -12.054701 6.170000 0.399770 0.8470 0.2275 0.1804
v -12.111269 6.090000 0.456339 0.8470 0.2275 0.1804
v -11.998133 6.090000 0.456338 0.8470 0.2275 0.1804
v -12.094700 6.146569 0.439770 0.8470 0.2275 0.1804
v -12.054700 6.136188 0.465090 0.8470 0.2275 0.1804
v -12.054700 6.090000 0.479770 0.8470 0.2275 0.1804
v -12.014700 6.146569 0.439770 0.8470 0.2275 0.1804
v -10.598598 5.991187 -1.531002 0.7216 0.7608 0.8000
v -10.536469 6.028957 -1.463531 0.7216 0.7608 0.8000
v -10.468998 5.991187 -1.401402 0.7216 0.7608 0.8000
v -10.435710 5.900000 -1.381008 0.7216 0.7608 0.8000
v -10.456102 5.808814 -1.414297 0.7216 0.7608 0.8000
v -10.518232 5.771044 -1.481768 0.7216 0.7608 0.8000
v -10.585703 5.808814 -1.543897 0.7216 0.7608 0.8000
v -10.618992 5.900000 -1.564290 0.7216 0.7608 0.8000
v -12.125949 5.775187 -0.003651 0.7216 0.7608 0.8000
v -12.063820 5.812957 0.063820 0.7216 0.7608 0.8000
v -11.996349 5.775187 0.125949 0.7216 0.7608 0.8000
v -11.963060 5.684000 0.146343 0.7216 0.7608 0.8000
v -11.983454 5.592814 0.113054 0.7216 0.7608 0.8000
v -12.045583 5.555044 0.045583 0.7216 0.7608 0.8000
v -12.113053 5.592814 -0.016546 0.7216 0.7608 0.8000
v -12.146342 5.684000 -0.036940 0.7216 0.7608 0.8000
v -6.290367 1.310000 0.054701 0.8470 0.2275 0.1804
v -6.346935 1.390000 0.111270 0.8470 0.2275 0.1804
v -6.346935 1.390000 -0.001867 0.8470 0.2275 0.1804
v -6.330367 1.333431 0.094701 0.8470 0.2275 0.1804
v -6.355687 1.343812 0.054701 0.8470 0.2275 0.1804
v -6.370367 1.390000 0.054701 0.8470 0.2275 0.1804
v -6.330367 1.333431 0.014701 0.8470 0.2275 0.1804
v -6.346935 6.090000 0.111270 0.8470 0.2275 0.1804
v -6.290367 6.170000 0.054701 0.8470 0.2275 0.1804
v -6.346935 6.090000 -0.001867 0.8470 0.2275 0.1804
v -6.330367 6.146569 0.094701 0.8470 0.2275 0.1804
v -6.355687 6.136188 0.054701 0.8470 0.2275 0.1804
v -6.330367 6.146569 0.014701 0.8470 0.2275 0.1804
v -6.370367 6.090000 0.054701 0.8470 0.2275 0.1804
v -5.945299 1.310000 -0.290367 0.8470 0.2275 0.1804
v -6.001867 1.390000 -0.346935 0.8470 0.2275 0.1804
v -5.888730 1.390000 -0.346935 0.8470 0.2275 0.1804
v -5.985298 1.333431 -0.330367 0.8470 0.2275 0.1804
v -5.945298 1.343812 -0.355687 0.8470 0.2275 0.1804
v -5.945298 1.390000 -0.370367 0.8470 0.2275 0.1804
v -5.905298 1.333431 -0.330367 0.8470 0.2275 0.1804
v -5.945299 6.170000 -0.290367 0.8470 0.2275 0.1804
v -5.888730 6.090000 -0.346935 0.8470 0.2275 0.1804
v -6.001867 6.090000 -0.346935 0.8470 0.2275 0.1804
v -5.905298 6.146569 -0.330367 0.8470 0.2275 0.1804
v -5.945298 6.136188 -0.355687 0.8470 0.2275 0.1804
v -5.945298 6.090000 -0.370367 0.8470 0.2275 0.1804
v -5.985298 6.146569 -0.330367 0.8470 0.2275 0.1804
v -5.945299 1.310000 0.399770 0.8470 0.2275 0.1804
v -5.888730 1.390000 0.456338 0.8470 0.2275 0.1804
v -6.001867 1.390000 0.456338 0.8470 0.2275 0.1804
v -5.905298 1.333431 0.439770 0.8470 0.2275 0.1804
v -5.945298 1.343812 0.465089 0.8470 0.2275 0.1804
v -5.945298 1.390000 0.479770 0.8470 0.2275 0.1804
v -5.985298 1.333431 0.439770 0.8470 0.2275 0.1804
v -5.945299 6.170000 0.399770 0.8470 0.2275 0.1804
v -6.001867 6.090000 0.456338 0.8470 0.2275 0.1804
v -5.888730 6.090000 0.456338 0.8470 0.2275 0.1804
v -5.985298 6.146569 0.439770 0.8470 0.2275 0.1804
v -5.945298 6.136188 0.465089 0.8470 0.2275 0.1804
v -5.945298 6.090000 0.479770 0.8470 0.2275 0.1804
v -5.905298 6.146569 0.439770 0.8470 0.2275 0.1804
v -5.600230 1.310000 0.054701 0.8470 0.2275 0.1804
v -5.543662 1.390000 -0.001867 0.8470 0.2275 0.1804
v -5.543662 1.390000 0.111270 0.8470 0.2275 0.1804
v -5.560230 1.333431 0.014701 0.8470 0.2275 0.1804
v -5.534910 1.343812 0.054701 0.8470 0.2275 0.1804
v -5.520230 1.390000 0.054701 0.8470 0.2275 0.1804
v -5.560230 1.333431 0.094701 0.8470 0.2275 0.1804
v -5.600230 6.170000 0.054701 0.8470 0.2275 0.1804
v -5.543662 6.090000 0.111270 0.8470 0.2275 0.1804
v -5.543662 6.090000 -0.001867 0.8470 0.2275 0.1804
v -5.560230 6.146569 0.094701 0.8470 0.2275 0.1804
v -5.534910 6.136188 0.054701 0.8470 0.2275 0.1804
v -5.520230 6.090000 0.054701 0.8470 0.2275 0.1804
v -5.560230 6.146569 0.014701 0.8470 0.2275 0.1804
v -7.531002 5.991187 -1.401401 0.7216 0.7608 0.8000
v -7.463531 6.028957 -1.463531 0.7216 0.7608 0.8000
v -7.401402 5.991187 -1.531001 0.7216 0.7608 0.8000
v -7.381008 5.900000 -1.564290 0.7216 0.7608 0.8000
v -7.414297 5.808814 -1.543897 0.7216 0.7608 0.8000
v -7.481768 5.771044 -1.481768 0.7216 0.7608 0.8000
v -7.543897 5.808814 -1.414297 0.7216 0.7608 0.8000
v -7.564291 5.900000 -1.381008 0.7216 0.7608 0.8000
v -6.003651 5.775187 0.125949 0.7216 0.7608 0.8000
v -5.936180 5.812957 0.063820 0.7216 0.7608 0.8000
v -5.874051 5.775187 -0.003651 0.7216 0.7608 0.8000
v -5.853658 5.684000 -0.036940 0.7216 0.7608 0.8000
v -5.886947 5.592814 -0.016546 0.7216 0.7608 0.8000
v -5.954417 5.555044 0.045583 0.7216 0.7608 0.8000
v -6.016546 5.592814 0.113054 0.7216 0.7608 0.8000
v -6.036940 5.684000 0.146343 0.7216 0.7608 0.8000
v -9.000000 3.308000 -3.000000 0.7098 0.3294 0.2275
v -6.948000 3.308000 -3.000000 0.7098 0.3294 0.2275
v -6.999448 3.308000 -3.456613 0.7098 0.3294 0.2275
v -7.151212 3.308000 -3.890329 0.7098 0.3294 0.2275
v -7.395682 3.308000 -4.279401 0.7098 0.3294 0.2275
v -7.720599 3.308000 -4.604318 0.7098 0.3294 0.2275
v -8.109671 3.308000 -4.848788 0.7098 0.3294 0.2275
v -8.543387 3.308000 -5.000552 0.7098 0.3294 0.2275
v -9.000000 3.308000 -5.052000 0.7098 0.3294 0.2275
v -9.456613 3.308000 -5.000552 0.7098 0.3294 0.2275
v -9.890329 3.308000 -4.848788 0.7098 0.3294 0.2275
v -10.279401 3.308000 -4.604318 0.7098 0.3294 0.2275
v -10.604319 3.308000 -4.279401 0.7098 0.3294 0.2275
v -10.848788 3.308000 -3.890329 0.7098 0.3294 0.2275
v -11.000552 3.308000 -3.456613 0.7098 0.3294 0.2275
v -11.052000 3.308000 -3.000000 0.7098 0.3294 0.2275
v -11.000552 3.308000 -2.543387 0.7098 0.3294 0.2275
v -10.848788 3.308000 -2.109671 0.7098 0.3294 0.2275
v -10.604319 3.308000 -1.720599 0.7098 0.3294 0.2275
v -10.279401 3.308000 -1.395682 0.7098 0.3294 0.2275
v -9.890329 3.308000 -1.151212 0.7098 0.3294 0.2275
v -9.456613 3.308000 -0.999448 0.7098 0.3294 0.2275
v -9.000000 3.308000 -0.948000 0.7098 0.3294 0.2275
v -8.543387 3.308000 -0.999448 0.7098 0.3294 0.2275
v -8.109671 3.308000 -1.151212 0.7098 0.3294 0.2275
v -7.720599 3.308000 -1.395682 0.7098 0.3294 0.2275
v -7.395682 3.308000 -1.720599 0.7098 0.3294 0.2275
v -7.151212 3.308000 -2.109671 0.7098 0.3294 0.2275
v -6.999448 3.308000 -2.543387 0.7098 0.3294 0.2275
v -6.948000 5.468000 -3.000000 0.7098 0.3294 0.2275
v -6.999448 5.468000 -3.456613 0.7098 0.3294 0.2275
v -7.151212 5.468000 -3.890329 0.7098 0.3294 0.2275
v -7.395682 5.468000 -4.279401 0.7098 0.3294 0.2275
v -7.720599 5.468000 -4.604318 0.7098 0.3294 0.2275
v -8.109671 5.468000 -4.848788 0.7098 0.3294 0.2275
v -8.543387 5.468000 -5.000552 0.7098 0.3294 0.2275
v -9.000000 5.468000 -5.052000 0.7098 0.3294 0.2275
v -9.456613 5.468000 -5.000552 0.7098 0.3294 0.2275
v -9.890329 5.468000 -4.848788 0.7098 0.3294 0.2275
v -10.279401 5.468000 -4.604318 0.7098 0.3294 0.2275
v -10.604319 5.468000 -4.279401 0.7098 0.3294 0.2275
v -10.848788 5.468000 -3.890329 0.7098 0.3294 0.2275
v -11.000552 5.468000 -3.456613 0.7098 0.3294 0.2275
v -11.052000 5.468000 -3.000000 0.7098 0.3294 0.2275
v -11.000552 5.468000 -2.543387 0.7098 0.3294 0.2275
v -10.848788 5.468000 -2.109671 0.7098 0.3294 0.2275
v -10.604319 5.468000 -1.720599 0.7098 0.3294 0.2275
v -10.279401 5.468000 -1.395682 0.7098 0.3294 0.2275
v -9.890329 5.468000 -1.151212 0.7098 0.3294 0.2275
v -9.456613 5.468000 -0.999448 0.7098 0.3294 0.2275
v -9.000000 5.468000 -0.948000 0.7098 0.3294 0.2275
v -8.543387 5.468000 -0.999448 0.7098 0.3294 0.2275
v -8.109671 5.468000 -1.151212 0.7098 0.3294 0.2275
v -7.720599 5.468000 -1.395682 0.7098 0.3294 0.2275
v -7.395682 5.468000 -1.720599 0.7098 0.3294 0.2275
v -7.151212 5.468000 -2.109671 0.7098 0.3294 0.2275
v -6.999448 5.468000 -2.543387 0.7098 0.3294 0.2275
v -6.948000 20.588001 -3.000000 0.7098 0.3294 0.2275
v -6.999448 20.588001 -3.456613 0.7098 0.3294 0.2275
v -7.151212 20.588001 -3.890329 0.7098 0.3294 0.2275
v -7.395682 20.588001 -4.279401 0.7098 0.3294 0.2275
v -7.720599 20.588001 -4.604318 0.7098 0.3294 0.2275
v -8.109671 20.588001 -4.848788 0.7098 0.3294 0.2275
v -8.543387 20.588001 -5.000552 0.7098 0.3294 0.2275
v -9.000000 20.588001 -5.052000 0.7098 0.3294 0.2275
v -9.456613 20.588001 -5.000552 0.7098 0.3294 0.2275
v -9.890329 20.588001 -4.848788 0.7098 0.3294 0.2275
v -10.279401 20.588001 -4.604318 0.7098 0.3294 0.2275
v -10.604319 20.588001 -4.279401 0.7098 0.3294 0.2275
v -10.848788 20.588001 -3.890329 0.7098 0.3294 0.2275
v -11.000552 20.588001 -3.456613 0.7098 0.3294 0.2275
v -11.052000 20.588001 -3.000000 0.7098 0.3294 0.2275
v -11.000552 20.588001 -2.543387 0.7098 0.3294 0.2275
v -10.848788 20.588001 -2.109671 0.7098 0.3294 0.2275
v -10.604319 20.588001 -1.720599 0.7098 0.3294 0.2275
v -10.279401 20.588001 -1.395682 0.7098 0.3294 0.2275
v -9.890329 20.588001 -1.151212 0.7098 0.3294 0.2275
v -9.456613 20.588001 -0.999448 0.7098 0.3294 0.2275
v -9.000000 20.588001 -0.948000 0.7098 0.3294 0.2275
v -8.543387 20.588001 -0.999448 0.7098 0.3294 0.2275
v -8.109671 20.588001 -1.151212 0.7098 0.3294 0.2275
v -7.720599 20.588001 -1.395682 0.7098 0.3294 0.2275
v -7.395682 20.588001 -1.720599 0.7098 0.3294 0.2275
v -7.151212 20.588001 -2.109671 0.7098 0.3294 0.2275
v -6.999448 20.588001 -2.543387 0.7098 0.3294 0.2275
v -6.979175 22.463402 -3.000000 0.7098 0.3294 0.2275
v -7.029840 22.463402 -3.449676 0.7098 0.3294 0.2275
v -7.179299 22.463402 -3.876803 0.7098 0.3294 0.2275
v -7.420055 22.463402 -4.259964 0.7098 0.3294 0.2275
v -7.740036 22.463402 -4.579945 0.7098 0.3294 0.2275
v -8.123197 22.463402 -4.820701 0.7098 0.3294 0.2275
v -8.550324 22.463402 -4.970160 0.7098 0.3294 0.2275
v -9.000000 22.463402 -5.020825 0.7098 0.3294 0.2275
v -9.449676 22.463402 -4.970160 0.7098 0.3294 0.2275
v -9.876803 22.463402 -4.820701 0.7098 0.3294 0.2275
v -10.259964 22.463402 -4.579945 0.7098 0.3294 0.2275
v -10.579945 22.463402 -4.259964 0.7098 0.3294 0.2275
v -10.820701 22.463402 -3.876803 0.7098 0.3294 0.2275
v -10.970160 22.463402 -3.449676 0.7098 0.3294 0.2275
v -11.020825 22.463402 -3.000000 0.7098 0.3294 0.2275
v -10.970160 22.463402 -2.550324 0.7098 0.3294 0.2275
v -10.820701 22.463402 -2.123197 0.7098 0.3294 0.2275
v -10.579945 22.463402 -1.740036 0.7098 0.3294 0.2275
v -10.259964 22.463402 -1.420055 0.7098 0.3294 0.2275
v -9.876803 22.463402 -1.179299 0.7098 0.3294 0.2275
v -9.449676 22.463402 -1.029841 0.7098 0.3294 0.2275
v -9.000000 22.463402 -0.979174 0.7098 0.3294 0.2275
v -8.550324 22.463402 -1.029841 0.7098 0.3294 0.2275
v -8.123197 22.463402 -1.179299 0.7098 0.3294 0.2275
v -7.740036 22.463402 -1.420055 0.7098 0.3294 0.2275
v -7.420055 22.463402 -1.740036 0.7098 0.3294 0.2275
v -7.179299 22.463402 -2.123197 0.7098 0.3294 0.2275
v -7.029840 22.463402 -2.550324 0.7098 0.3294 0.2275
v -7.071751 24.281820 -3.000000 0.7098 0.3294 0.2275
v -7.120096 24.281820 -3.429076 0.7098 0.3294 0.2275
v -7.262707 24.281820 -3.836636 0.7098 0.3294 0.2275
v -7.492434 24.281820 -4.202244 0.7098 0.3294 0.2275
v -7.797756 24.281820 -4.507566 0.7098 0.3294 0.2275
v -8.163364 24.281820 -4.737293 0.7098 0.3294 0.2275
v -8.570924 24.281820 -4.879904 0.7098 0.3294 0.2275
v -9.000000 24.281820 -4.928249 0.7098 0.3294 0.2275
v -9.429076 24.281820 -4.879904 0.7098 0.3294 0.2275
v -9.836636 24.281820 -4.737293 0.7098 0.3294 0.2275
v -10.202244 24.281820 -4.507566 0.7098 0.3294 0.2275
v -10.507566 24.281820 -4.202244 0.7098 0.3294 0.2275
v -10.737292 24.281820 -3.836636 0.7098 0.3294 0.2275
v -10.879904 24.281820 -3.429076 0.7098 0.3294 0.2275
v -10.928249 24.281820 -3.000000 0.7098 0.3294 0.2275
v -10.879904 24.281820 -2.570924 0.7098 0.3294 0.2275
v -10.737292 24.281820 -2.163364 0.7098 0.3294 0.2275
v -10.507566 24.281820 -1.797756 0.7098 0.3294 0.2275
v -10.202244 24.281820 -1.492434 0.7098 0.3294 0.2275
v -9.836636 24.281820 -1.262707 0.7098 0.3294 0.2275
v -9.429076 24.281820 -1.120096 0.7098 0.3294 0.2275
v -9.000000 24.281820 -1.071751 0.7098 0.3294 0.2275
v -8.570924 24.281820 -1.120096 0.7098 0.3294 0.2275
v -8.163364 24.281820 -1.262707 0.7098 0.3294 0.2275
v -7.797756 24.281820 -1.492434 0.7098 0.3294 0.2275
v -7.492434 24.281820 -1.797756 0.7098 0.3294 0.2275
v -7.262707 24.281820 -2.163364 0.7098 0.3294 0.2275
v -7.120096 24.281820 -2.570924 0.7098 0.3294 0.2275
v -7.222916 25.988001 -3.000000 0.7098 0.3294 0.2275
v -7.267471 25.988001 -3.395438 0.7098 0.3294 0.2275
v -7.398902 25.988001 -3.771048 0.7098 0.3294 0.2275
v -7.610620 25.988001 -4.107994 0.7098 0.3294 0.2275
v -7.892006 25.988001 -4.389380 0.7098 0.3294 0.2275
v -8.228952 25.988001 -4.601098 0.7098 0.3294 0.2275
v -8.604562 25.988001 -4.732529 0.7098 0.3294 0.2275
v -9.000000 25.988001 -4.777084 0.7098 0.3294 0.2275
v -9.395438 25.988001 -4.732529 0.7098 0.3294 0.2275
v -9.771048 25.988001 -4.601098 0.7098 0.3294 0.2275
v -10.107994 25.988001 -4.389380 0.7098 0.3294 0.2275
v -10.389380 25.988001 -4.107994 0.7098 0.3294 0.2275
v -10.601097 25.988001 -3.771048 0.7098 0.3294 0.2275
v -10.732529 25.988001 -3.395438 0.7098 0.3294 0.2275
v -10.777084 25.988001 -3.000000 0.7098 0.3294 0.2275
v -10.732529 25.988001 -2.604562 0.7098 0.3294 0.2275
v -10.601097 25.988001 -2.228952 0.7098 0.3294 0.2275
v -10.389380 25.988001 -1.892006 0.7098 0.3294 0.2275
v -10.107994 25.988001 -1.610620 0.7098 0.3294 0.2275
v -9.771048 25.988001 -1.398902 0.7098 0.3294 0.2275
v -9.395438 25.988001 -1.267471 0.7098 0.3294 0.2275
v -9.000000 25.988001 -1.222916 0.7098 0.3294 0.2275
v -8.604562 25.988001 -1.267471 0.7098 0.3294 0.2275
v -8.228952 25.988001 -1.398902 0.7098 0.3294 0.2275
v -7.892006 25.988001 -1.610620 0.7098 0.3294 0.2275
v -7.610620 25.988001 -1.892006 0.7098 0.3294 0.2275
v -7.398902 25.988001 -2.228952 0.7098 0.3294 0.2275
v -7.267471 25.988001 -2.604562 0.7098 0.3294 0.2275
v -7.428077 27.530107 -3.000000 0.7098 0.3294 0.2275
v -7.467488 27.530107 -3.349786 0.7098 0.3294 0.2275
v -7.583746 27.530107 -3.682032 0.7098 0.3294 0.2275
v -7.771021 27.530107 -3.980078 0.7098 0.3294 0.2275
v -8.019922 27.530107 -4.228979 0.7098 0.3294 0.2275
v -8.317968 27.530107 -4.416254 0.7098 0.3294 0.2275
v -8.650214 27.530107 -4.532512 0.7098 0.3294 0.2275
v -9.000000 27.530107 -4.571923 0.7098 0.3294 0.2275
v -9.349786 27.530107 -4.532512 0.7098 0.3294 0.2275
v -9.682032 27.530107 -4.416254 0.7098 0.3294 0.2275
v -9.980078 27.530107 -4.228979 0.7098 0.3294 0.2275
v -10.228979 27.530107 -3.980078 0.7098 0.3294 0.2275
v -10.416254 27.530107 -3.682032 0.7098 0.3294 0.2275
v -10.532512 27.530107 -3.349786 0.7098 0.3294 0.2275
v -10.571923 27.530107 -3.000000 0.7098 0.3294 0.2275
v -10.532512 27.530107 -2.650214 0.7098 0.3294 0.2275
v -10.416254 27.530107 -2.317968 0.7098 0.3294 0.2275
v -10.228979 27.530107 -2.019922 0.7098 0.3294 0.2275
v -9.980078 27.530107 -1.771021 0.7098 0.3294 0.2275
v -9.682032 27.530107 -1.583746 0.7098 0.3294 0.2275
v -9.349786 27.530107 -1.467488 0.7098 0.3294 0.2275
v -9.000000 27.530107 -1.428077 0.7098 0.3294 0.2275
v -8.650214 27.530107 -1.467488 0.7098 0.3294 0.2275
v -8.317968 27.530107 -1.583746 0.7098 0.3294 0.2275
v -8.019922 27.530107 -1.771021 0.7098 0.3294 0.2275
v -7.771021 27.530107 -2.019922 0.7098 0.3294 0.2275
v -7.583746 27.530107 -2.317968 0.7098 0.3294 0.2275
v -7.467488 27.530107 -2.650214 0.7098 0.3294 0.2275
v -7.681000 28.861280 -3.000000 0.7098 0.3294 0.2275
v -7.714070 28.861280 -3.293505 0.7098 0.3294 0.2275
v -7.811622 28.861280 -3.572293 0.7098 0.3294 0.2275
v -7.968764 28.861280 -3.822383 0.7098 0.3294 0.2275
v -8.177617 28.861280 -4.031236 0.7098 0.3294 0.2275
v -8.427708 28.861280 -4.188378 0.7098 0.3294 0.2275
v -8.706495 28.861280 -4.285930 0.7098 0.3294 0.2275
v -9.000000 28.861280 -4.319000 0.7098 0.3294 0.2275
v -9.293505 28.861280 -4.285930 0.7098 0.3294 0.2275
v -9.572292 28.861280 -4.188378 0.7098 0.3294 0.2275
v -9.822383 28.861280 -4.031236 0.7098 0.3294 0.2275
v -10.031236 28.861280 -3.822383 0.7098 0.3294 0.2275
v -10.188378 28.861280 -3.572293 0.7098 0.3294 0.2275
v -10.285931 28.861280 -3.293505 0.7098 0.3294 0.2275
v -10.319000 28.861280 -3.000000 0.7098 0.3294 0.2275
v -10.285931 28.861280 -2.706495 0.7098 0.3294 0.2275
v -10.188378 28.861280 -2.427707 0.7098 0.3294 0.2275
v -10.031236 28.861280 -2.177617 0.7098 0.3294 0.2275
v -9.822383 28.861280 -1.968764 0.7098 0.3294 0.2275
v -9.572292 28.861280 -1.811622 0.7098 0.3294 0.2275
v -9.293505 28.861280 -1.714070 0.7098 0.3294 0.2275
v -9.000000 28.861280 -1.681000 0.7098 0.3294 0.2275
v -8.706495 28.861280 -1.714070 0.7098 0.3294 0.2275
v -8.427708 28.861280 -1.811622 0.7098 0.3294 0.2275
v -8.177617 28.861280 -1.968764 0.7098 0.3294 0.2275
v -7.968764 28.861280 -2.177617 0.7098 0.3294 0.2275
v -7.811622 28.861280 -2.427707 0.7098 0.3294 0.2275
v -7.714070 28.861280 -2.706495 0.7098 0.3294 0.2275
v -7.974000 29.941076 -3.000000 0.7098 0.3294 0.2275
v -7.999724 29.941076 -3.228307 0.7098 0.3294 0.2275
v -8.075605 29.941076 -3.445165 0.7098 0.3294 0.2275
v -8.197841 29.941076 -3.639701 0.7098 0.3294 0.2275
v -8.360299 29.941076 -3.802159 0.7098 0.3294 0.2275
v -8.554835 29.941076 -3.924394 0.7098 0.3294 0.2275
v -8.771693 29.941076 -4.000276 0.7098 0.3294 0.2275
v -9.000000 29.941076 -4.026000 0.7098 0.3294 0.2275
v -9.228307 29.941076 -4.000276 0.7098 0.3294 0.2275
v -9.445165 29.941076 -3.924394 0.7098 0.3294 0.2275
v -9.639701 29.941076 -3.802159 0.7098 0.3294 0.2275
v -9.802159 29.941076 -3.639701 0.7098 0.3294 0.2275
v -9.924395 29.941076 -3.445165 0.7098 0.3294 0.2275
v -10.000277 29.941076 -3.228307 0.7098 0.3294 0.2275
v -10.026000 29.941076 -3.000000 0.7098 0.3294 0.2275
v -10.000277 29.941076 -2.771693 0.7098 0.3294 0.2275
v -9.924395 29.941076 -2.554835 0.7098 0.3294 0.2275
v -9.802159 29.941076 -2.360299 0.7098 0.3294 0.2275
v -9.639701 29.941076 -2.197841 0.7098 0.3294 0.2275
v -9.445165 29.941076 -2.075606 0.7098 0.3294 0.2275
v -9.228307 29.941076 -1.999724 0.7098 0.3294 0.2275
v -9.000000 29.941076 -1.974000 0.7098 0.3294 0.2275
v -8.771693 29.941076 -1.999724 0.7098 0.3294 0.2275
v -8.554835 29.941076 -2.075606 0.7098 0.3294 0.2275
v -8.360299 29.941076 -2.197841 0.7098 0.3294 0.2275
v -8.197841 29.941076 -2.360299 0.7098 0.3294 0.2275
v -8.075605 29.941076 -2.554835 0.7098 0.3294 0.2275
v -7.999724 29.941076 -2.771693 0.7098 0.3294 0.2275
v -8.298175 30.736683 -3.000000 0.7098 0.3294 0.2275
v -8.315771 30.736683 -3.156171 0.7098 0.3294 0.2275
v -8.367678 30.736683 -3.304511 0.7098 0.3294 0.2275
v -8.451291 30.736683 -3.437581 0.7098 0.3294 0.2275
v -8.562419 30.736683 -3.548709 0.7098 0.3294 0.2275
v -8.695489 30.736683 -3.632323 0.7098 0.3294 0.2275
v -8.843829 30.736683 -3.684229 0.7098 0.3294 0.2275
v -9.000000 30.736683 -3.701825 0.7098 0.3294 0.2275
v -9.156171 30.736683 -3.684229 0.7098 0.3294 0.2275
v -9.304511 30.736683 -3.632323 0.7098 0.3294 0.2275
v -9.437581 30.736683 -3.548709 0.7098 0.3294 0.2275
v -9.548709 30.736683 -3.437581 0.7098 0.3294 0.2275
v -9.632322 30.736683 -3.304511 0.7098 0.3294 0.2275
v -9.684229 30.736683 -3.156171 0.7098 0.3294 0.2275
v -9.701825 30.736683 -3.000000 0.7098 0.3294 0.2275
v -9.684229 30.736683 -2.843829 0.7098 0.3294 0.2275
v -9.632322 30.736683 -2.695489 0.7098 0.3294 0.2275
v -9.548709 30.736683 -2.562419 0.7098 0.3294 0.2275
v -9.437581 30.736683 -2.451291 0.7098 0.3294 0.2275
v -9.304511 30.736683 -2.367677 0.7098 0.3294 0.2275
v -9.156171 30.736683 -2.315771 0.7098 0.3294 0.2275
v -9.000000 30.736683 -2.298175 0.7098 0.3294 0.2275
v -8.843829 30.736683 -2.315771 0.7098 0.3294 0.2275
v -8.695489 30.736683 -2.367677 0.7098 0.3294 0.2275
v -8.562419 30.736683 -2.451291 0.7098 0.3294 0.2275
v -8.451291 30.736683 -2.562419 0.7098 0.3294 0.2275
v -8.367678 30.736683 -2.695489 0.7098 0.3294 0.2275
v -8.315771 30.736683 -2.843829 0.7098 0.3294 0.2275
v -8.643674 31.223927 -3.000000 0.7098 0.3294 0.2275
v -8.652608 31.223927 -3.079290 0.7098 0.3294 0.2275
v -8.678962 31.223927 -3.154604 0.7098 0.3294 0.2275
v -8.721413 31.223927 -3.222166 0.7098 0.3294 0.2275
v -8.777834 31.223927 -3.278587 0.7098 0.3294 0.2275
v -8.845396 31.223927 -3.321039 0.7098 0.3294 0.2275
v -8.920710 31.223927 -3.347392 0.7098 0.3294 0.2275
v -9.000000 31.223927 -3.356326 0.7098 0.3294 0.2275
v -9.079290 31.223927 -3.347392 0.7098 0.3294 0.2275
v -9.154604 31.223927 -3.321039 0.7098 0.3294 0.2275
v -9.222166 31.223927 -3.278587 0.7098 0.3294 0.2275
v -9.278587 31.223927 -3.222166 0.7098 0.3294 0.2275
v -9.321038 31.223927 -3.154604 0.7098 0.3294 0.2275
v -9.347392 31.223927 -3.079290 0.7098 0.3294 0.2275
v -9.356326 31.223927 -3.000000 0.7098 0.3294 0.2275
v -9.347392 31.223927 -2.920710 0.7098 0.3294 0.2275
v -9.321038 31.223927 -2.845396 0.7098 0.3294 0.2275
v -9.278587 31.223927 -2.777834 0.7098 0.3294 0.2275
v -9.222166 31.223927 -2.721413 0.7098 0.3294 0.2275
v -9.154604 31.223927 -2.678961 0.7098 0.3294 0.2275
v -9.079290 31.223927 -2.652608 0.7098 0.3294 0.2275
v -9.000000 31.223927 -2.643674 0.7098 0.3294 0.2275
v -8.920710 31.223927 -2.652608 0.7098 0.3294 0.2275
v -8.845396 31.223927 -2.678961 0.7098 0.3294 0.2275
v -8.777834 31.223927 -2.721413 0.7098 0.3294 0.2275
v -8.721413 31.223927 -2.777834 0.7098 0.3294 0.2275
v -8.678962 31.223927 -2.845396 0.7098 0.3294 0.2275
v -8.652608 31.223927 -2.920710 0.7098 0.3294 0.2275
v -9.000000 31.388002 -3.000000 0.7098 0.3294 0.2275
v -11.484000 2.228001 -3.000000 0.9098 0.7216 0.4196
v -11.176961 2.288788 -3.000000 0.9098 0.7216 0.4196
v -11.191988 2.288788 -3.124531 0.9098 0.7216 0.4196
v -11.235600 2.288788 -3.236871 0.9098 0.7216 0.4196
v -11.303527 2.288788 -3.326025 0.9098 0.7216 0.4196
v -11.389120 2.288788 -3.383265 0.9098 0.7216 0.4196
v -11.484000 2.288788 -3.402989 0.9098 0.7216 0.4196
v -11.578880 2.288788 -3.383265 0.9098 0.7216 0.4196
v -11.664473 2.288788 -3.326025 0.9098 0.7216 0.4196
v -11.732400 2.288788 -3.236871 0.9098 0.7216 0.4196
v -11.776011 2.288788 -3.124531 0.9098 0.7216 0.4196
v -11.791039 2.288788 -3.000000 0.9098 0.7216 0.4196
v -11.776011 2.288788 -2.875469 0.9098 0.7216 0.4196
v -11.732400 2.288788 -2.763129 0.9098 0.7216 0.4196
v -11.664473 2.288788 -2.673975 0.9098 0.7216 0.4196
v -11.578880 2.288788 -2.616735 0.9098 0.7216 0.4196
v -11.484000 2.288788 -2.597011 0.9098 0.7216 0.4196
v -11.389120 2.288788 -2.616735 0.9098 0.7216 0.4196
v -11.303527 2.288788 -2.673975 0.9098 0.7216 0.4196
v -11.235600 2.288788 -2.763129 0.9098 0.7216 0.4196
v -11.191988 2.288788 -2.875469 0.9098 0.7216 0.4196
v -10.899977 2.465201 -3.000000 0.9098 0.7216 0.4196
v -10.928561 2.465201 -3.236871 0.9098 0.7216 0.4196
v -11.011515 2.465201 -3.450556 0.9098 0.7216 0.4196
v -11.140719 2.465201 -3.620136 0.9098 0.7216 0.4196
v -11.303527 2.465201 -3.729014 0.9098 0.7216 0.4196
v -11.484000 2.465201 -3.766531 0.9098 0.7216 0.4196
v -11.664473 2.465201 -3.729014 0.9098 0.7216 0.4196
v -11.827280 2.465201 -3.620136 0.9098 0.7216 0.4196
v -11.956485 2.465201 -3.450556 0.9098 0.7216 0.4196
v -12.039439 2.465201 -3.236871 0.9098 0.7216 0.4196
v -12.068024 2.465201 -3.000000 0.9098 0.7216 0.4196
v -12.039439 2.465201 -2.763129 0.9098 0.7216 0.4196
v -11.956485 2.465201 -2.549444 0.9098 0.7216 0.4196
v -11.827280 2.465201 -2.379864 0.9098 0.7216 0.4196
v -11.664473 2.465201 -2.270986 0.9098 0.7216 0.4196
v -11.484000 2.465201 -2.233469 0.9098 0.7216 0.4196
v -11.303527 2.465201 -2.270986 0.9098 0.7216 0.4196
v -11.140719 2.465201 -2.379864 0.9098 0.7216 0.4196
v -11.011515 2.465201 -2.549444 0.9098 0.7216 0.4196
v -10.928561 2.465201 -2.763129 0.9098 0.7216 0.4196
v -10.680161 2.739971 -3.000000 0.9098 0.7216 0.4196
v -10.719503 2.739971 -3.326025 0.9098 0.7216 0.4196
v -10.833680 2.739971 -3.620136 0.9098 0.7216 0.4196
v -11.011515 2.739971 -3.853544 0.9098 0.7216 0.4196
v -11.235600 2.739971 -4.003402 0.9098 0.7216 0.4196
v -11.484000 2.739971 -4.055039 0.9098 0.7216 0.4196
v -11.732400 2.739971 -4.003402 0.9098 0.7216 0.4196
v -11.956485 2.739971 -3.853544 0.9098 0.7216 0.4196
v -12.134319 2.739971 -3.620136 0.9098 0.7216 0.4196
v -12.248497 2.739971 -3.326025 0.9098 0.7216 0.4196
v -12.287840 2.739971 -3.000000 0.9098 0.7216 0.4196
v -12.248497 2.739971 -2.673975 0.9098 0.7216 0.4196
v -12.134319 2.739971 -2.379864 0.9098 0.7216 0.4196
v -11.956485 2.739971 -2.146456 0.9098 0.7216 0.4196
v -11.732400 2.739971 -1.996598 0.9098 0.7216 0.4196
v -11.484000 2.739971 -1.944961 0.9098 0.7216 0.4196
v -11.235600 2.739971 -1.996598 0.9098 0.7216 0.4196
v -11.011515 2.739971 -2.146456 0.9098 0.7216 0.4196
v -10.833680 2.739971 -2.379864 0.9098 0.7216 0.4196
v -10.719503 2.739971 -2.673975 0.9098 0.7216 0.4196
v -10.539030 3.086201 -3.000000 0.9098 0.7216 0.4196
v -10.585280 3.086201 -3.383265 0.9098 0.7216 0.4196
v -10.719503 3.086201 -3.729014 0.9098 0.7216 0.4196
v -10.928561 3.086201 -4.003402 0.9098 0.7216 0.4196
v -11.191988 3.086201 -4.179569 0.9098 0.7216 0.4196
v -11.484000 3.086201 -4.240273 0.9098 0.7216 0.4196
v -11.776011 3.086201 -4.179569 0.9098 0.7216 0.4196
v -12.039439 3.086201 -4.003402 0.9098 0.7216 0.4196
v -12.248497 3.086201 -3.729014 0.9098 0.7216 0.4196
v -12.382720 3.086201 -3.383265 0.9098 0.7216 0.4196
v -12.428970 3.086201 -3.000000 0.9098 0.7216 0.4196
v -12.382720 3.086201 -2.616735 0.9098 0.7216 0.4196
v -12.248497 3.086201 -2.270986 0.9098 0.7216 0.4196
v -12.039439 3.086201 -1.996598 0.9098 0.7216 0.4196
v -11.776011 3.086201 -1.820431 0.9098 0.7216 0.4196
v -11.484000 3.086201 -1.759727 0.9098 0.7216 0.4196
v -11.191988 3.086201 -1.820431 0.9098 0.7216 0.4196
v -10.928561 3.086201 -1.996598 0.9098 0.7216 0.4196
v -10.719503 3.086201 -2.270986 0.9098 0.7216 0.4196
v -10.585280 3.086201 -2.616735 0.9098 0.7216 0.4196
v -10.490400 3.470001 -3.000000 0.9098 0.7216 0.4196
v -10.539030 3.470001 -3.402989 0.9098 0.7216 0.4196
v -10.680161 3.470001 -3.766531 0.9098 0.7216 0.4196
v -10.899977 3.470001 -4.055039 0.9098 0.7216 0.4196
v -11.176961 3.470001 -4.240273 0.9098 0.7216 0.4196
v -11.484000 3.470001 -4.304100 0.9098 0.7216 0.4196
v -11.791039 3.470001 -4.240273 0.9098 0.7216 0.4196
v -12.068024 3.470001 -4.055039 0.9098 0.7216 0.4196
v -12.287840 3.470001 -3.766531 0.9098 0.7216 0.4196
v -12.428970 3.470001 -3.402989 0.9098 0.7216 0.4196
v -12.477600 3.470001 -3.000000 0.9098 0.7216 0.4196
v -12.428970 3.470001 -2.597011 0.9098 0.7216 0.4196
v -12.287840 3.470001 -2.233469 0.9098 0.7216 0.4196
v -12.068024 3.470001 -1.944961 0.9098 0.7216 0.4196
v -11.791039 3.470001 -1.759727 0.9098 0.7216 0.4196
v -11.484000 3.470001 -1.695900 0.9098 0.7216 0.4196
v -11.176961 3.470001 -1.759727 0.9098 0.7216 0.4196
v -10.899977 3.470001 -1.944961 0.9098 0.7216 0.4196
v -10.680161 3.470001 -2.233469 0.9098 0.7216 0.4196
v -10.539030 3.470001 -2.597011 0.9098 0.7216 0.4196
v -10.490400 16.106003 -3.000000 0.9098 0.7216 0.4196
v -10.539030 16.106003 -3.402989 0.9098 0.7216 0.4196
v -10.680161 16.106003 -3.766531 0.9098 0.7216 0.4196
v -10.899977 16.106003 -4.055039 0.9098 0.7216 0.4196
v -11.176961 16.106003 -4.240273 0.9098 0.7216 0.4196
v -11.484000 16.106003 -4.304100 0.9098 0.7216 0.4196
v -11.791039 16.106003 -4.240273 0.9098 0.7216 0.4196
v -12.068024 16.106003 -4.055039 0.9098 0.7216 0.4196
v -12.287840 16.106003 -3.766531 0.9098 0.7216 0.4196
v -12.428970 16.106003 -3.402989 0.9098 0.7216 0.4196
v -12.477600 16.106003 -3.000000 0.9098 0.7216 0.4196
v -12.428970 16.106003 -2.597011 0.9098 0.7216 0.4196
v -12.287840 16.106003 -2.233469 0.9098 0.7216 0.4196
v -12.068024 16.106003 -1.944961 0.9098 0.7216 0.4196
v -11.791039 16.106003 -1.759727 0.9098 0.7216 0.4196
v -11.484000 16.106003 -1.695900 0.9098 0.7216 0.4196
v -11.176961 16.106003 -1.759727 0.9098 0.7216 0.4196
v -10.899977 16.106003 -1.944961 0.9098 0.7216 0.4196
v -10.680161 16.106003 -2.233469 0.9098 0.7216 0.4196
v -10.539030 16.106003 -2.597011 0.9098 0.7216 0.4196
v -10.539030 16.489799 -3.000000 0.9098 0.7216 0.4196
v -10.585280 16.489799 -3.383265 0.9098 0.7216 0.4196
v -10.719503 16.489799 -3.729014 0.9098 0.7216 0.4196
v -10.928561 16.489799 -4.003402 0.9098 0.7216 0.4196
v -11.191988 16.489799 -4.179569 0.9098 0.7216 0.4196
v -11.484000 16.489799 -4.240273 0.9098 0.7216 0.4196
v -11.776011 16.489799 -4.179569 0.9098 0.7216 0.4196
v -12.039439 16.489799 -4.003402 0.9098 0.7216 0.4196
v -12.248497 16.489799 -3.729014 0.9098 0.7216 0.4196
v -12.382720 16.489799 -3.383265 0.9098 0.7216 0.4196
v -12.428970 16.489799 -3.000000 0.9098 0.7216 0.4196
v -12.382720 16.489799 -2.616735 0.9098 0.7216 0.4196
v -12.248497 16.489799 -2.270986 0.9098 0.7216 0.4196
v -12.039439 16.489799 -1.996598 0.9098 0.7216 0.4196
v -11.776011 16.489799 -1.820431 0.9098 0.7216 0.4196
v -11.484000 16.489799 -1.759727 0.9098 0.7216 0.4196
v -11.191988 16.489799 -1.820431 0.9098 0.7216 0.4196
v -10.928561 16.489799 -1.996598 0.9098 0.7216 0.4196
v -10.719503 16.489799 -2.270986 0.9098 0.7216 0.4196
v -10.585280 16.489799 -2.616735 0.9098 0.7216 0.4196
v -10.680161 16.836031 -3.000000 0.9098 0.7216 0.4196
v -10.719503 16.836031 -3.326025 0.9098 0.7216 0.4196
v -10.833680 16.836031 -3.620136 0.9098 0.7216 0.4196
v -11.011515 16.836031 -3.853544 0.9098 0.7216 0.4196
v -11.235600 16.836031 -4.003402 0.9098 0.7216 0.4196
v -11.484000 16.836031 -4.055039 0.9098 0.7216 0.4196
v -11.732400 16.836031 -4.003402 0.9098 0.7216 0.4196
v -11.956485 16.836031 -3.853544 0.9098 0.7216 0.4196
v -12.134319 16.836031 -3.620136 0.9098 0.7216 0.4196
v -12.248497 16.836031 -3.326025 0.9098 0.7216 0.4196
v -12.287840 16.836031 -3.000000 0.9098 0.7216 0.4196
v -12.248497 16.836031 -2.673975 0.9098 0.7216 0.4196
v -12.134319 16.836031 -2.379864 0.9098 0.7216 0.4196
v -11.956485 16.836031 -2.146456 0.9098 0.7216 0.4196
v -11.732400 16.836031 -1.996598 0.9098 0.7216 0.4196
v -11.484000 16.836031 -1.944961 0.9098 0.7216 0.4196
v -11.235600 16.836031 -1.996598 0.9098 0.7216 0.4196
v -11.011515 16.836031 -2.146456 0.9098 0.7216 0.4196
v -10.833680 16.836031 -2.379864 0.9098 0.7216 0.4196
v -10.719503 16.836031 -2.673975 0.9098 0.7216 0.4196
v -10.899977 17.110800 -3.000000 0.9098 0.7216 0.4196
v -10.928561 17.110800 -3.236871 0.9098 0.7216 0.4196
v -11.011515 17.110800 -3.450556 0.9098 0.7216 0.4196
v -11.140719 17.110800 -3.620136 0.9098 0.7216 0.4196
v -11.303527 17.110800 -3.729014 0.9098 0.7216 0.4196
v -11.484000 17.110800 -3.766531 0.9098 0.7216 0.4196
v -11.664473 17.110800 -3.729014 0.9098 0.7216 0.4196
v -11.827280 17.110800 -3.620136 0.9098 0.7216 0.4196
v -11.956485 17.110800 -3.450556 0.9098 0.7216 0.4196
v -12.039439 17.110800 -3.236871 0.9098 0.7216 0.4196
v -12.068024 17.110800 -3.000000 0.9098 0.7216 0.4196
v -12.039439 17.110800 -2.763129 0.9098 0.7216 0.4196
v -11.956485 17.110800 -2.549444 0.9098 0.7216 0.4196
v -11.827280 17.110800 -2.379864 0.9098 0.7216 0.4196
v -11.664473 17.110800 -2.270986 0.9098 0.7216 0.4196
v -11.484000 17.110800 -2.233469 0.9098 0.7216 0.4196
v -11.303527 17.110800 -2.270986 0.9098 0.7216 0.4196
v -11.140719 17.110800 -2.379864 0.9098 0.7216 0.4196
v -11.011515 17.110800 -2.549444 0.9098 0.7216 0.4196
v -10.928561 17.110800 -2.763129 0.9098 0.7216 0.4196
v -11.176961 17.287214 -3.000000 0.9098 0.7216 0.4196
v -11.191988 17.287214 -3.124531 0.9098 0.7216 0.4196
v -11.235600 17.287214 -3.236871 0.9098 0.7216 0.4196
v -11.303527 17.287214 -3.326025 0.9098 0.7216 0.4196
v -11.389120 17.287214 -3.383265 0.9098 0.7216 0.4196
v -11.484000 17.287214 -3.402989 0.9098 0.7216 0.4196
v -11.578880 17.287214 -3.383265 0.9098 0.7216 0.4196
v -11.664473 17.287214 -3.326025 0.9098 0.7216 0.4196
v -11.732400 17.287214 -3.236871 0.9098 0.7216 0.4196
v -11.776011 17.287214 -3.124531 0.9098 0.7216 0.4196
v -11.791039 17.287214 -3.000000 0.9098 0.7216 0.4196
v -11.776011 17.287214 -2.875469 0.9098 0.7216 0.4196
v -11.732400 17.287214 -2.763129 0.9098 0.7216 0.4196
v -11.664473 17.287214 -2.673975 0.9098 0.7216 0.4196
v -11.578880 17.287214 -2.616735 0.9098 0.7216 0.4196
v -11.484000 17.287214 -2.597011 0.9098 0.7216 0.4196
v -11.389120 17.287214 -2.616735 0.9098 0.7216 0.4196
v -11.303527 17.287214 -2.673975 0.9098 0.7216 0.4196
v -11.235600 17.287214 -2.763129 0.9098 0.7216 0.4196
v -11.191988 17.287214 -2.875469 0.9098 0.7216 0.4196
v -11.484000 17.348001 -3.000000 0.9098 0.7216 0.4196
v -11.484000 1.742000 -3.756000 0.7216 0.7608 0.8000
v -11.484000 2.822000 -3.486000 0.7216 0.7608 0.8000
v -11.194692 1.742000 -3.698453 0.7216 0.7608 0.8000
v -11.298016 2.822000 -3.449005 0.7216 0.7608 0.8000
v -10.949428 1.742000 -3.534573 0.7216 0.7608 0.8000
v -11.140347 2.822000 -3.343654 0.7216 0.7608 0.8000
v -10.785547 1.742000 -3.289309 0.7216 0.7608 0.8000
v -11.034994 2.822000 -3.185984 0.7216 0.7608 0.8000
v -10.728000 1.742000 -3.000000 0.7216 0.7608 0.8000
v -10.998000 2.822000 -3.000000 0.7216 0.7608 0.8000
v -10.785547 1.742000 -2.710691 0.7216 0.7608 0.8000
v -11.034994 2.822000 -2.814016 0.7216 0.7608 0.8000
v -10.949428 1.742000 -2.465427 0.7216 0.7608 0.8000
v -11.140347 2.822000 -2.656346 0.7216 0.7608 0.8000
v -11.194692 1.742000 -2.301547 0.7216 0.7608 0.8000
v -11.298016 2.822000 -2.550995 0.7216 0.7608 0.8000
v -11.484000 1.742000 -2.244000 0.7216 0.7608 0.8000
v -11.484000 2.822000 -2.514000 0.7216 0.7608 0.8000
v -11.773309 1.742000 -2.301547 0.7216 0.7608 0.8000
v -11.669985 2.822000 -2.550995 0.7216 0.7608 0.8000
v -12.018573 1.742000 -2.465427 0.7216 0.7608 0.8000
v -11.827654 2.822000 -2.656346 0.7216 0.7608 0.8000
v -12.182453 1.742000 -2.710691 0.7216 0.7608 0.8000
v -11.933005 2.822000 -2.814016 0.7216 0.7608 0.8000
v -12.240000 1.742000 -3.000000 0.7216 0.7608 0.8000
v -11.970000 2.822000 -3.000000 0.7216 0.7608 0.8000
v -12.182453 1.742000 -3.289309 0.7216 0.7608 0.8000
v -11.933005 2.822000 -3.185984 0.7216 0.7608 0.8000
v -12.018573 1.742000 -3.534573 0.7216 0.7608 0.8000
v -11.827654 2.822000 -3.343654 0.7216 0.7608 0.8000
v -11.773309 1.742000 -3.698453 0.7216 0.7608 0.8000
v -11.669985 2.822000 -3.449005 0.7216 0.7608 0.8000
v -6.516000 2.228001 -3.000000 0.9098 0.7216 0.4196
v -6.208961 2.288788 -3.000000 0.9098 0.7216 0.4196
v -6.223989 2.288788 -3.124531 0.9098 0.7216 0.4196
v -6.267600 2.288788 -3.236871 0.9098 0.7216 0.4196
v -6.335527 2.288788 -3.326025 0.9098 0.7216 0.4196
v -6.421120 2.288788 -3.383265 0.9098 0.7216 0.4196
v -6.516000 2.288788 -3.402989 0.9098 0.7216 0.4196
v -6.610880 2.288788 -3.383265 0.9098 0.7216 0.4196
v -6.696473 2.288788 -3.326025 0.9098 0.7216 0.4196
v -6.764400 2.288788 -3.236871 0.9098 0.7216 0.4196
v -6.808012 2.288788 -3.124531 0.9098 0.7216 0.4196
v -6.823039 2.288788 -3.000000 0.9098 0.7216 0.4196
v -6.808012 2.288788 -2.875469 0.9098 0.7216 0.4196
v -6.764400 2.288788 -2.763129 0.9098 0.7216 0.4196
v -6.696473 2.288788 -2.673975 0.9098 0.7216 0.4196
v -6.610880 2.288788 -2.616735 0.9098 0.7216 0.4196
v -6.516000 2.288788 -2.597011 0.9098 0.7216 0.4196
v -6.421120 2.288788 -2.616735 0.9098 0.7216 0.4196
v -6.335527 2.288788 -2.673975 0.9098 0.7216 0.4196
v -6.267600 2.288788 -2.763129 0.9098 0.7216 0.4196
v -6.223989 2.288788 -2.875469 0.9098 0.7216 0.4196
v -5.931976 2.465201 -3.000000 0.9098 0.7216 0.4196
v -5.960561 2.465201 -3.236871 0.9098 0.7216 0.4196
v -6.043515 2.465201 -3.450556 0.9098 0.7216 0.4196
v -6.172719 2.465201 -3.620136 0.9098 0.7216 0.4196
v -6.335527 2.465201 -3.729014 0.9098 0.7216 0.4196
v -6.516000 2.465201 -3.766531 0.9098 0.7216 0.4196
v -6.696473 2.465201 -3.729014 0.9098 0.7216 0.4196
v -6.859281 2.465201 -3.620136 0.9098 0.7216 0.4196
v -6.988485 2.465201 -3.450556 0.9098 0.7216 0.4196
v -7.071439 2.465201 -3.236871 0.9098 0.7216 0.4196
v -7.100023 2.465201 -3.000000 0.9098 0.7216 0.4196
v -7.071439 2.465201 -2.763129 0.9098 0.7216 0.4196
v -6.988485 2.465201 -2.549444 0.9098 0.7216 0.4196
v -6.859281 2.465201 -2.379864 0.9098 0.7216 0.4196
v -6.696473 2.465201 -2.270986 0.9098 0.7216 0.4196
v -6.516000 2.465201 -2.233469 0.9098 0.7216 0.4196
v -6.335527 2.465201 -2.270986 0.9098 0.7216 0.4196
v -6.172719 2.465201 -2.379864 0.9098 0.7216 0.4196
v -6.043515 2.465201 -2.549444 0.9098 0.7216 0.4196
v -5.960561 2.465201 -2.763129 0.9098 0.7216 0.4196
v -5.712161 2.739971 -3.000000 0.9098 0.7216 0.4196
v -5.751503 2.739971 -3.326025 0.9098 0.7216 0.4196
v -5.865680 2.739971 -3.620136 0.9098 0.7216 0.4196
v -6.043515 2.739971 -3.853544 0.9098 0.7216 0.4196
v -6.267600 2.739971 -4.003402 0.9098 0.7216 0.4196
v -6.516000 2.739971 -4.055039 0.9098 0.7216 0.4196
v -6.764400 2.739971 -4.003402 0.9098 0.7216 0.4196
v -6.988485 2.739971 -3.853544 0.9098 0.7216 0.4196
v -7.166320 2.739971 -3.620136 0.9098 0.7216 0.4196
v -7.280497 2.739971 -3.326025 0.9098 0.7216 0.4196
v -7.319839 2.739971 -3.000000 0.9098 0.7216 0.4196
v -7.280497 2.739971 -2.673975 0.9098 0.7216 0.4196
v -7.166320 2.739971 -2.379864 0.9098 0.7216 0.4196
v -6.988485 2.739971 -2.146456 0.9098 0.7216 0.4196
v -6.764400 2.739971 -1.996598 0.9098 0.7216 0.4196
v -6.516000 2.739971 -1.944961 0.9098 0.7216 0.4196
v -6.267600 2.739971 -1.996598 0.9098 0.7216 0.4196
v -6.043515 2.739971 -2.146456 0.9098 0.7216 0.4196
v -5.865680 2.739971 -2.379864 0.9098 0.7216 0.4196
v -5.751503 2.739971 -2.673975 0.9098 0.7216 0.4196
v -5.571030 3.086201 -3.000000 0.9098 0.7216 0.4196
v -5.617280 3.086201 -3.383265 0.9098 0.7216 0.4196
v -5.751503 3.086201 -3.729014 0.9098 0.7216 0.4196
v -5.960561 3.086201 -4.003402 0.9098 0.7216 0.4196
v -6.223989 3.086201 -4.179569 0.9098 0.7216 0.4196
v -6.516000 3.086201 -4.240273 0.9098 0.7216 0.4196
v -6.808012 3.086201 -4.179569 0.9098 0.7216 0.4196
v -7.071439 3.086201 -4.003402 0.9098 0.7216 0.4196
v -7.280497 3.086201 -3.729014 0.9098 0.7216 0.4196
v -7.414720 3.086201 -3.383265 0.9098 0.7216 0.4196
v -7.460970 3.086201 -3.000000 0.9098 0.7216 0.4196
v -7.414720 3.086201 -2.616735 0.9098 0.7216 0.4196
v -7.280497 3.086201 -2.270986 0.9098 0.7216 0.4196
v -7.071439 3.086201 -1.996598 0.9098 0.7216 0.4196
v -6.808012 3.086201 -1.820431 0.9098 0.7216 0.4196
v -6.516000 3.086201 -1.759727 0.9098 0.7216 0.4196
v -6.223989 3.086201 -1.820431 0.9098 0.7216 0.4196
v -5.960561 3.086201 -1.996598 0.9098 0.7216 0.4196
v -5.751503 3.086201 -2.270986 0.9098 0.7216 0.4196
v -5.617280 3.086201 -2.616735 0.9098 0.7216 0.4196
v -5.522400 3.470001 -3.000000 0.9098 0.7216 0.4196
v -5.571030 3.470001 -3.402989 0.9098 0.7216 0.4196
v -5.712161 3.470001 -3.766531 0.9098 0.7216 0.4196
v -5.931976 3.470001 -4.055039 0.9098 0.7216 0.4196
v -6.208961 3.470001 -4.240273 0.9098 0.7216 0.4196
v -6.516000 3.470001 -4.304100 0.9098 0.7216 0.4196
v -6.823039 3.470001 -4.240273 0.9098 0.7216 0.4196
v -7.100023 3.470001 -4.055039 0.9098 0.7216 0.4196
v -7.319839 3.470001 -3.766531 0.9098 0.7216 0.4196
v -7.460970 3.470001 -3.402989 0.9098 0.7216 0.4196
v -7.509600 3.470001 -3.000000 0.9098 0.7216 0.4196
v -7.460970 3.470001 -2.597011 0.9098 0.7216 0.4196
v -7.319839 3.470001 -2.233469 0.9098 0.7216 0.4196
v -7.100023 3.470001 -1.944961 0.9098 0.7216 0.4196
v -6.823039 3.470001 -1.759727 0.9098 0.7216 0.4196
v -6.516000 3.470001 -1.695900 0.9098 0.7216 0.4196
v -6.208961 3.470001 -1.759727 0.9098 0.7216 0.4196
v -5.931976 3.470001 -1.944961 0.9098 0.7216 0.4196
v -5.712161 3.470001 -2.233469 0.9098 0.7216 0.4196
v -5.571030 3.470001 -2.597011 0.9098 0.7216 0.4196
v -5.522400 16.106003 -3.000000 0.9098 0.7216 0.4196
v -5.571030 16.106003 -3.402989 0.9098 0.7216 0.4196
v -5.712161 16.106003 -3.766531 0.9098 0.7216 0.4196
v -5.931976 16.106003 -4.055039 0.9098 0.7216 0.4196
v -6.208961 16.106003 -4.240273 0.9098 0.7216 0.4196
v -6.516000 16.106003 -4.304100 0.9098 0.7216 0.4196
v -6.823039 16.106003 -4.240273 0.9098 0.7216 0.4196
v -7.100023 16.106003 -4.055039 0.9098 0.7216 0.4196
v -7.319839 16.106003 -3.766531 0.9098 0.7216 0.4196
v -7.460970 16.106003 -3.402989 0.9098 0.7216 0.4196
v -7.509600 16.106003 -3.000000 0.9098 0.7216 0.4196
v -7.460970 16.106003 -2.597011 0.9098 0.7216 0.4196
v -7.319839 16.106003 -2.233469 0.9098 0.7216 0.4196
v -7.100023 16.106003 -1.944961 0.9098 0.7216 0.4196
v -6.823039 16.106003 -1.759727 0.9098 0.7216 0.4196
v -6.516000 16.106003 -1.695900 0.9098 0.7216 0.4196
v -6.208961 16.106003 -1.759727 0.9098 0.7216 0.4196
v -5.931976 16.106003 -1.944961 0.9098 0.7216 0.4196
v -5.712161 16.106003 -2.233469 0.9098 0.7216 0.4196
v -5.571030 16.106003 -2.597011 0.9098 0.7216 0.4196
v -5.571030 16.489799 -3.000000 0.9098 0.7216 0.4196
v -5.617280 16.489799 -3.383265 0.9098 0.7216 0.4196
v -5.751503 16.489799 -3.729014 0.9098 0.7216 0.4196
v -5.960561 16.489799 -4.003402 0.9098 0.7216 0.4196
v -6.223989 16.489799 -4.179569 0.9098 0.7216 0.4196
v -6.516000 16.489799 -4.240273 0.9098 0.7216 0.4196
v -6.808012 16.489799 -4.179569 0.9098 0.7216 0.4196
v -7.071439 16.489799 -4.003402 0.9098 0.7216 0.4196
v -7.280497 16.489799 -3.729014 0.9098 0.7216 0.4196
v -7.414720 16.489799 -3.383265 0.9098 0.7216 0.4196
v -7.460970 16.489799 -3.000000 0.9098 0.7216 0.4196
v -7.414720 16.489799 -2.616735 0.9098 0.7216 0.4196
v -7.280497 16.489799 -2.270986 0.9098 0.7216 0.4196
v -7.071439 16.489799 -1.996598 0.9098 0.7216 0.4196
v -6.808012 16.489799 -1.820431 0.9098 0.7216 0.4196
v -6.516000 16.489799 -1.759727 0.9098 0.7216 0.4196
v -6.223989 16.489799 -1.820431 0.9098 0.7216 0.4196
v -5.960561 16.489799 -1.996598 0.9098 0.7216 0.4196
v -5.751503 16.489799 -2.270986 0.9098 0.7216 0.4196
v -5.617280 16.489799 -2.616735 0.9098 0.7216 0.4196
v -5.712161 16.836031 -3.000000 0.9098 0.7216 0.4196
v -5.751503 16.836031 -3.326025 0.9098 0.7216 0.4196
v -5.865680 16.836031 -3.620136 0.9098 0.7216 0.4196
v -6.043515 16.836031 -3.853544 0.9098 0.7216 0.4196
v -6.267600 16.836031 -4.003402 0.9098 0.7216 0.4196
v -6.516000 16.836031 -4.055039 0.9098 0.7216 0.4196
v -6.764400 16.836031 -4.003402 0.9098 0.7216 0.4196
v -6.988485 16.836031 -3.853544 0.9098 0.7216 0.4196
v -7.166320 16.836031 -3.620136 0.9098 0.7216 0.4196
v -7.280497 16.836031 -3.326025 0.9098 0.7216 0.4196
v -7.319839 16.836031 -3.000000 0.9098 0.7216 0.4196
v -7.280497 16.836031 -2.673975 0.9098 0.7216 0.4196
v -7.166320 16.836031 -2.379864 0.9098 0.7216 0.4196
v -6.988485 16.836031 -2.146456 0.9098 0.7216 0.4196
v -6.764400 16.836031 -1.996598 0.9098 0.7216 0.4196
v -6.516000 16.836031 -1.944961 0.9098 0.7216 0.4196
v -6.267600 16.836031 -1.996598 0.9098 0.7216 0.4196
v -6.043515 16.836031 -2.146456 0.9098 0.7216 0.4196
v -5.865680 16.836031 -2.379864 0.9098 0.7216 0.4196
v -5.751503 16.836031 -2.673975 0.9098 0.7216 0.4196
v -5.931976 17.110800 -3.000000 0.9098 0.7216 0.4196
v -5.960561 17.110800 -3.236871 0.9098 0.7216 0.4196
v -6.043515 17.110800 -3.450556 0.9098 0.7216 0.4196
v -6.172719 17.110800 -3.620136 0.9098 0.7216 0.4196
v -6.335527 17.110800 -3.729014 0.9098 0.7216 0.4196
v -6.516000 17.110800 -3.766531 0.9098 0.7216 0.4196
v -6.696473 17.110800 -3.729014 0.9098 0.7216 0.4196
v -6.859281 17.110800 -3.620136 0.9098 0.7216 0.4196
v -6.988485 17.110800 -3.450556 0.9098 0.7216 0.4196
v -7.071439 17.110800 -3.236871 0.9098 0.7216 0.4196
v -7.100023 17.110800 -3.000000 0.9098 0.7216 0.4196
v -7.071439 17.110800 -2.763129 0.9098 0.7216 0.4196
v -6.988485 17.110800 -2.549444 0.9098 0.7216 0.4196
v -6.859281 17.110800 -2.379864 0.9098 0.7216 0.4196
v -6.696473 17.110800 -2.270986 0.9098 0.7216 0.4196
v -6.516000 17.110800 -2.233469 0.9098 0.7216 0.4196
v -6.335527 17.110800 -2.270986 0.9098 0.7216 0.4196
v -6.172719 17.110800 -2.379864 0.9098 0.7216 0.4196
v -6.043515 17.110800 -2.549444 0.9098 0.7216 0.4196
v -5.960561 17.110800 -2.763129 0.9098 0.7216 0.4196
v -6.208961 17.287214 -3.000000 0.9098 0.7216 0.4196
v -6.223989 17.287214 -3.124531 0.9098 0.7216 0.4196
v -6.267600 17.287214 -3.236871 0.9098 0.7216 0.4196
v -6.335527 17.287214 -3.326025 0.9098 0.7216 0.4196
v -6.421120 17.287214 -3.383265 0.9098 0.7216 0.4196
v -6.516000 17.287214 -3.402989 0.9098 0.7216 0.4196
v -6.610880 17.287214 -3.383265 0.9098 0.7216 0.4196
v -6.696473 17.287214 -3.326025 0.9098 0.7216 0.4196
v -6.764400 17.287214 -3.236871 0.9098 0.7216 0.4196
v -6.808012 17.287214 -3.124531 0.9098 0.7216 0.4196
v -6.823039 17.287214 -3.000000 0.9098 0.7216 0.4196
v -6.808012 17.287214 -2.875469 0.9098 0.7216 0.4196
v -6.764400 17.287214 -2.763129 0.9098 0.7216 0.4196
v -6.696473 17.287214 -2.673975 0.9098 0.7216 0.4196
v -6.610880 17.287214 -2.616735 0.9098 0.7216 0.4196
v -6.516000 17.287214 -2.597011 0.9098 0.7216 0.4196
v -6.421120 17.287214 -2.616735 0.9098 0.7216 0.4196
v -6.335527 17.287214 -2.673975 0.9098 0.7216 0.4196
v -6.267600 17.287214 -2.763129 0.9098 0.7216 0.4196
v -6.223989 17.287214 -2.875469 0.9098 0.7216 0.4196
v -6.516000 17.348001 -3.000000 0.9098 0.7216 0.4196
v -6.516000 1.742000 -3.756000 0.7216 0.7608 0.8000
v -6.516000 2.822000 -3.486000 0.7216 0.7608 0.8000
v -6.226691 1.742000 -3.698453 0.7216 0.7608 0.8000
v -6.330016 2.822000 -3.449005 0.7216 0.7608 0.8000
v -5.981427 1.742000 -3.534573 0.7216 0.7608 0.8000
v -6.172346 2.822000 -3.343654 0.7216 0.7608 0.8000
v -5.817547 1.742000 -3.289309 0.7216 0.7608 0.8000
v -6.066995 2.822000 -3.185984 0.7216 0.7608 0.8000
v -5.760000 1.742000 -3.000000 0.7216 0.7608 0.8000
v -6.030000 2.822000 -3.000000 0.7216 0.7608 0.8000
v -5.817547 1.742000 -2.710691 0.7216 0.7608 0.8000
v -6.066995 2.822000 -2.814016 0.7216 0.7608 0.8000
v -5.981427 1.742000 -2.465427 0.7216 0.7608 0.8000
v -6.172346 2.822000 -2.656346 0.7216 0.7608 0.8000
v -6.226691 1.742000 -2.301547 0.7216 0.7608 0.8000
v -6.330016 2.822000 -2.550995 0.7216 0.7608 0.8000
v -6.516000 1.742000 -2.244000 0.7216 0.7608 0.8000
v -6.516000 2.822000 -2.514000 0.7216 0.7608 0.8000
v -6.805308 1.742000 -2.301547 0.7216 0.7608 0.8000
v -6.701984 2.822000 -2.550995 0.7216 0.7608 0.8000
v -7.050572 1.742000 -2.465427 0.7216 0.7608 0.8000
v -6.859653 2.822000 -2.656346 0.7216 0.7608 0.8000
v -7.214453 1.742000 -2.710691 0.7216 0.7608 0.8000
v -6.965005 2.822000 -2.814016 0.7216 0.7608 0.8000
v -7.272000 1.742000 -3.000000 0.7216 0.7608 0.8000
v -7.002000 2.822000 -3.000000 0.7216 0.7608 0.8000
v -7.214453 1.742000 -3.289309 0.7216 0.7608 0.8000
v -6.965005 2.822000 -3.185984 0.7216 0.7608 0.8000
v -7.050572 1.742000 -3.534573 0.7216 0.7608 0.8000
v -6.859653 2.822000 -3.343654 0.7216 0.7608 0.8000
v -6.805308 1.742000 -3.698453 0.7216 0.7608 0.8000
v -6.701984 2.822000 -3.449005 0.7216 0.7608 0.8000
v -9.000000 1.796000 -4.404000 0.7216 0.7608 0.8000
v -9.000000 3.308000 -4.080000 0.7216 0.7608 0.8000
v -8.566140 1.796000 -4.335283 0.7216 0.7608 0.8000
v -8.666262 3.308000 -4.027141 0.7216 0.7608 0.8000
v -8.174749 1.796000 -4.135860 0.7216 0.7608 0.8000
v -8.365192 3.308000 -3.873738 0.7216 0.7608 0.8000
v -7.864140 1.796000 -3.825251 0.7216 0.7608 0.8000
v -8.126262 3.308000 -3.634808 0.7216 0.7608 0.8000
v -7.664717 1.796000 -3.433860 0.7216 0.7608 0.8000
v -7.972859 3.308000 -3.333738 0.7216 0.7608 0.8000
v -7.596000 1.796000 -3.000000 0.7216 0.7608 0.8000
v -7.920000 3.308000 -3.000000 0.7216 0.7608 0.8000
v -7.664717 1.796000 -2.566140 0.7216 0.7608 0.8000
v -7.972859 3.308000 -2.666262 0.7216 0.7608 0.8000
v -7.864140 1.796000 -2.174749 0.7216 0.7608 0.8000
v -8.126262 3.308000 -2.365192 0.7216 0.7608 0.8000
v -8.174749 1.796000 -1.864140 0.7216 0.7608 0.8000
v -8.365192 3.308000 -2.126262 0.7216 0.7608 0.8000
v -8.566140 1.796000 -1.664717 0.7216 0.7608 0.8000
v -8.666262 3.308000 -1.972859 0.7216 0.7608 0.8000
v -9.000000 1.796000 -1.596000 0.7216 0.7608 0.8000
v -9.000000 3.308000 -1.920000 0.7216 0.7608 0.8000
v -9.433860 1.796000 -1.664717 0.7216 0.7608 0.8000
v -9.333738 3.308000 -1.972859 0.7216 0.7608 0.8000
v -9.825251 1.796000 -1.864140 0.7216 0.7608 0.8000
v -9.634808 3.308000 -2.126262 0.7216 0.7608 0.8000
v -10.135859 1.796000 -2.174749 0.7216 0.7608 0.8000
v -9.873738 3.308000 -2.365192 0.7216 0.7608 0.8000
v -10.335283 1.796000 -2.566140 0.7216 0.7608 0.8000
v -10.027142 3.308000 -2.666262 0.7216 0.7608 0.8000
v -10.404000 1.796000 -3.000000 0.7216 0.7608 0.8000
v -10.080000 3.308000 -3.000000 0.7216 0.7608 0.8000
v -10.335283 1.796000 -3.433860 0.7216 0.7608 0.8000
v -10.027142 3.308000 -3.333738 0.7216 0.7608 0.8000
v -10.135859 1.796000 -3.825251 0.7216 0.7608 0.8000
v -9.873738 3.308000 -3.634808 0.7216 0.7608 0.8000
v -9.825251 1.796000 -4.135860 0.7216 0.7608 0.8000
v -9.634808 3.308000 -3.873738 0.7216 0.7608 0.8000
v -9.433860 1.796000 -4.335283 0.7216 0.7608 0.8000
v -9.333738 3.308000 -4.027141 0.7216 0.7608 0.8000
v -10.937848 22.717892 -2.973958 0.9490 0.7608 0.1882
v -10.961001 22.840046 -3.019054 0.9490 0.7608 0.1882
v -11.069093 22.908283 -3.052989 0.9490 0.7608 0.1882
v -11.198804 22.882629 -3.055883 0.9490 0.7608 0.1882
v -11.274152 22.778111 -3.026042 0.9490 0.7608 0.1882
v -11.250998 22.655956 -2.980946 0.9490 0.7608 0.1882
v -11.142907 22.587719 -2.947011 0.9490 0.7608 0.1882
v -11.013196 22.613375 -2.944117 0.9490 0.7608 0.1882
v -7.011979 6.663318 -2.948595 0.9490 0.7608 0.1882
v -6.888773 6.711085 -2.943114 0.9490 0.7608 0.1882
v -6.768628 6.663319 -2.970956 0.9490 0.7608 0.1882
v -6.721925 6.548000 -3.015811 0.9490 0.7608 0.1882
v -6.776020 6.432683 -3.051405 0.9490 0.7608 0.1882
v -6.899227 6.384915 -3.056886 0.9490 0.7608 0.1882
v -7.019372 6.432682 -3.029044 0.9490 0.7608 0.1882
v -7.066075 6.548000 -2.984189 0.9490 0.7608 0.1882
v -7.045838 6.794712 -3.322218 0.9490 0.7608 0.1882
v -6.923980 6.845934 -3.326478 0.9490 0.7608 0.1882
v -6.805217 6.801712 -3.364310 0.9490 0.7608 0.1882
v -6.759120 6.687950 -3.413552 0.9490 0.7608 0.1882
v -6.812692 6.571288 -3.445358 0.9490 0.7608 0.1882
v -6.934551 6.520066 -3.441098 0.9490 0.7608 0.1882
v -7.053314 6.564289 -3.403266 0.9490 0.7608 0.1882
v -7.099411 6.678051 -3.354024 0.9490 0.7608 0.1882
v -7.144736 6.922272 -3.672881 0.9490 0.7608 0.1882
v -7.028130 6.980330 -3.695767 0.9490 0.7608 0.1882
v -6.914892 6.943297 -3.753188 0.9490 0.7608 0.1882
v -6.871355 6.832867 -3.811509 0.9490 0.7608 0.1882
v -6.923023 6.713728 -3.836565 0.9490 0.7608 0.1882
v -7.039629 6.655671 -3.813679 0.9490 0.7608 0.1882
v -7.152867 6.692703 -3.756258 0.9490 0.7608 0.1882
v -7.196404 6.803133 -3.697937 0.9490 0.7608 0.1882
v -7.305396 7.049445 -3.998667 0.9490 0.7608 0.1882
v -7.197078 7.114123 -4.038361 0.9490 0.7608 0.1882
v -7.093015 7.084417 -4.114386 0.9490 0.7608 0.1882
v -7.054164 6.977729 -4.182208 0.9490 0.7608 0.1882
v -7.103284 6.856555 -4.202097 0.9490 0.7608 0.1882
v -7.211601 6.791878 -4.162403 0.9490 0.7608 0.1882
v -7.315665 6.821583 -4.086378 0.9490 0.7608 0.1882
v -7.354516 6.928271 -4.018556 0.9490 0.7608 0.1882
v -7.522128 7.176259 -4.288906 0.9490 0.7608 0.1882
v -7.424616 7.247317 -4.343071 0.9490 0.7608 0.1882
v -7.333151 7.225049 -4.435967 0.9490 0.7608 0.1882
v -7.301310 7.122499 -4.513177 0.9490 0.7608 0.1882
v -7.347746 6.999741 -4.529472 0.9490 0.7608 0.1882
v -7.445257 6.928684 -4.475307 0.9490 0.7608 0.1882
v -7.536723 6.950952 -4.382411 0.9490 0.7608 0.1882
v -7.568563 7.053501 -4.305201 0.9490 0.7608 0.1882
v -7.787441 7.302745 -4.534159 0.9490 0.7608 0.1882
v -7.702643 7.379919 -4.600077 0.9490 0.7608 0.1882
v -7.626811 7.365171 -4.707425 0.9490 0.7608 0.1882
v -7.604366 7.267142 -4.793319 0.9490 0.7608 0.1882
v -7.648456 7.143255 -4.807446 0.9490 0.7608 0.1882
v -7.733253 7.066082 -4.741528 0.9490 0.7608 0.1882
v -7.809085 7.080829 -4.634180 0.9490 0.7608 0.1882
v -7.831531 7.178858 -4.548285 0.9490 0.7608 0.1882
v -8.092296 7.428936 -4.726508 0.9490 0.7608 0.1882
v -8.021454 7.511938 -4.801231 0.9490 0.7608 0.1882
v -7.963758 7.504766 -4.920022 0.9490 0.7608 0.1882
v -7.953007 7.411620 -5.013295 0.9490 0.7608 0.1882
v -7.995496 7.287065 -5.026411 0.9490 0.7608 0.1882
v -8.066338 7.204062 -4.951688 0.9490 0.7608 0.1882
v -8.124033 7.211234 -4.832897 0.9490 0.7608 0.1882
v -8.134786 7.304380 -4.739625 0.9490 0.7608 0.1882
v -8.426406 7.554862 -4.859805 0.9490 0.7608 0.1882
v -8.370080 7.643385 -4.940319 0.9490 0.7608 0.1882
v -8.332373 7.643815 -5.067085 0.9490 0.7608 0.1882
v -8.335373 7.555899 -5.165844 0.9490 0.7608 0.1882
v -8.377321 7.431138 -5.178744 0.9490 0.7608 0.1882
v -8.433647 7.342615 -5.098229 0.9490 0.7608 0.1882
v -8.471354 7.342185 -4.971464 0.9490 0.7608 0.1882
v -8.468355 7.430101 -4.872705 0.9490 0.7608 0.1882
v -8.778574 7.680559 -4.929855 0.9490 0.7608 0.1882
v -8.736664 7.774274 -5.013237 0.9490 0.7608 0.1882
v -8.720059 7.782304 -5.144200 0.9490 0.7608 0.1882
v -8.738486 7.699944 -5.246028 0.9490 0.7608 0.1882
v -8.781152 7.575441 -5.259071 0.9490 0.7608 0.1882
v -8.823062 7.481726 -5.175689 0.9490 0.7608 0.1882
v -8.839667 7.473697 -5.044726 0.9490 0.7608 0.1882
v -8.821239 7.556056 -4.942899 0.9490 0.7608 0.1882
v -9.137058 7.806061 -4.934548 0.9490 0.7608 0.1882
v -9.108859 7.904619 -5.018109 0.9490 0.7608 0.1882
v -9.113684 7.920219 -5.149353 0.9490 0.7608 0.1882
v -9.148706 7.843722 -5.251398 0.9490 0.7608 0.1882
v -9.193411 7.719940 -5.264468 0.9490 0.7608 0.1882
v -9.221610 7.621381 -5.180906 0.9490 0.7608 0.1882
v -9.216785 7.605781 -5.049663 0.9490 0.7608 0.1882
v -9.181764 7.682278 -4.947618 0.9490 0.7608 0.1882
v -9.489949 7.931402 -4.873910 0.9490 0.7608 0.1882
v -9.474242 8.034438 -4.955326 0.9490 0.7608 0.1882
v -9.500027 8.057550 -5.082967 0.9490 0.7608 0.1882
v -9.552199 7.987201 -5.182065 0.9490 0.7608 0.1882
v -9.600197 7.864598 -5.194569 0.9490 0.7608 0.1882
v -9.615904 7.761562 -5.113154 0.9490 0.7608 0.1882
v -9.590119 7.738450 -4.985513 0.9490 0.7608 0.1882
v -9.537947 7.808800 -4.886415 0.9490 0.7608 0.1882
v -9.825550 8.056620 -4.750101 0.9490 0.7608 0.1882
v -9.820719 8.163750 -4.827504 0.9490 0.7608 0.1882
v -9.866228 8.194289 -4.947868 0.9490 0.7608 0.1882
v -9.935420 8.130347 -5.040688 0.9490 0.7608 0.1882
v -9.987762 8.009380 -5.051589 0.9490 0.7608 0.1882
v -9.992595 7.902250 -4.974186 0.9490 0.7608 0.1882
v -9.947084 7.871711 -4.853821 0.9490 0.7608 0.1882
v -9.877892 7.935653 -4.761002 0.9490 0.7608 0.1882
v -10.132755 8.181749 -4.567333 0.9490 0.7608 0.1882
v -10.136917 8.292576 -4.639385 0.9490 0.7608 0.1882
v -10.200219 8.330429 -4.749165 0.9490 0.7608 0.1882
v -10.285580 8.273132 -4.832365 0.9490 0.7608 0.1882
v -10.342996 8.154251 -4.840247 0.9490 0.7608 0.1882
v -10.338834 8.043425 -4.768195 0.9490 0.7608 0.1882
v -10.275532 8.005571 -4.658415 0.9490 0.7608 0.1882
v -10.190172 8.062868 -4.575215 0.9490 0.7608 0.1882
v -10.401402 8.306828 -4.331737 0.9490 0.7608 0.1882
v -10.412555 8.420940 -4.397657 0.9490 0.7608 0.1882
v -10.491123 8.465964 -4.494049 0.9490 0.7608 0.1882
v -10.591081 8.415527 -4.564447 0.9490 0.7608 0.1882
v -10.653875 8.299172 -4.567613 0.9490 0.7608 0.1882
v -10.642722 8.185061 -4.501692 0.9490 0.7608 0.1882
v -10.564154 8.140036 -4.405301 0.9490 0.7608 0.1882
v -10.464196 8.190474 -4.334903 0.9490 0.7608 0.1882
v -10.622590 8.431892 -4.051161 0.9490 0.7608 0.1882
v -10.638758 8.548865 -4.110721 0.9490 0.7608 0.1882
v -10.729603 8.600895 -4.191539 0.9490 0.7608 0.1882
v -10.841909 8.557504 -4.246272 0.9490 0.7608 0.1882
v -10.909890 8.444108 -4.242859 0.9490 0.7608 0.1882
v -10.893723 8.327135 -4.183299 0.9490 0.7608 0.1882
v -10.802877 8.275105 -4.102481 0.9490 0.7608 0.1882
v -10.690571 8.318497 -4.047748 0.9490 0.7608 0.1882
v -10.788974 8.556979 -3.734917 0.9490 0.7608 0.1882
v -10.808339 8.676378 -3.788399 0.9490 0.7608 0.1882
v -10.908163 8.735220 -3.852150 0.9490 0.7608 0.1882
v -11.029970 8.699036 -3.888828 0.9490 0.7608 0.1882
v -11.102407 8.589021 -3.876945 0.9490 0.7608 0.1882
v -11.083041 8.469622 -3.823464 0.9490 0.7608 0.1882
v -10.983217 8.410780 -3.759712 0.9490 0.7608 0.1882
v -10.861410 8.446965 -3.723035 0.9490 0.7608 0.1882
v -10.894990 8.682126 -3.393488 0.9490 0.7608 0.1882
v -10.916020 8.803508 -3.441609 0.9490 0.7608 0.1882
v -11.021379 8.868943 -3.487535 0.9490 0.7608 0.1882
v -11.149350 8.840100 -3.504363 0.9490 0.7608 0.1882
v -11.224968 8.733874 -3.482236 0.9490 0.7608 0.1882
v -11.203938 8.612493 -3.434115 0.9490 0.7608 0.1882
v -11.098578 8.547057 -3.388189 0.9490 0.7608 0.1882
v -10.970608 8.575901 -3.371361 0.9490 0.7608 0.1882
v -10.937043 8.807369 -3.038185 0.9490 0.7608 0.1882
v -10.958583 8.930283 -3.082000 0.9490 0.7608 0.1882
v -11.066055 9.002068 -3.110074 0.9490 0.7608 0.1882
v -11.196504 8.980673 -3.105961 0.9490 0.7608 0.1882
v -11.273514 8.878632 -3.072072 0.9490 0.7608 0.1882
v -11.251974 8.755717 -3.028257 0.9490 0.7608 0.1882
v -11.144502 8.683933 -3.000184 0.9490 0.7608 0.1882
v -11.014053 8.705327 -3.004296 0.9490 0.7608 0.1882
v -10.913618 8.932744 -2.680795 0.9490 0.7608 0.1882
v -10.934959 9.056732 -2.721572 0.9490 0.7608 0.1882
v -11.041306 9.134602 -2.732461 0.9490 0.7608 0.1882
v -11.170360 9.120735 -2.707083 0.9490 0.7608 0.1882
v -11.246525 9.023256 -2.660303 0.9490 0.7608 0.1882
v -11.225184 8.899268 -2.619525 0.9490 0.7608 0.1882
v -11.118838 8.821400 -2.608637 0.9490 0.7608 0.1882
v -10.989783 8.835266 -2.634016 0.9490 0.7608 0.1882
v -10.825339 9.058288 -2.333197 0.9490 0.7608 0.1882
v -10.846252 9.182890 -2.372288 0.9490 0.7608 0.1882
v -10.948561 9.266554 -2.367279 0.9490 0.7608 0.1882
v -11.072333 9.260266 -2.321102 0.9490 0.7608 0.1882
v -11.145066 9.167714 -2.260809 0.9490 0.7608 0.1882
v -11.124153 9.043110 -2.221717 0.9490 0.7608 0.1882
v -11.021846 8.959448 -2.226727 0.9490 0.7608 0.1882
v -10.898073 8.965734 -2.272903 0.9490 0.7608 0.1882
v -10.674953 9.184034 -2.006984 0.9490 0.7608 0.1882
v -10.695686 9.308789 -2.045686 0.9490 0.7608 0.1882
v -10.791495 9.397935 -2.026579 0.9490 0.7608 0.1882
v -10.906258 9.399252 -1.960856 0.9490 0.7608 0.1882
v -10.972746 9.311967 -1.887016 0.9490 0.7608 0.1882
v -10.952013 9.187212 -1.848314 0.9490 0.7608 0.1882
v -10.856203 9.098066 -1.867421 0.9490 0.7608 0.1882
v -10.741442 9.096750 -1.933144 0.9490 0.7608 0.1882
v -10.467250 9.310019 -1.713089 0.9490 0.7608 0.1882
v -10.488492 9.434461 -1.752513 0.9490 0.7608 0.1882
v -10.575884 9.528760 -1.721495 0.9490 0.7608 0.1882
v -10.678231 9.537674 -1.638206 0.9490 0.7608 0.1882
v -10.735580 9.455983 -1.551435 0.9490 0.7608 0.1882
v -10.714338 9.331540 -1.512012 0.9490 0.7608 0.1882
v -10.626946 9.237242 -1.543030 0.9490 0.7608 0.1882
v -10.524599 9.228328 -1.626319 0.9490 0.7608 0.1882
v -10.208916 9.436274 -1.461432 0.9490 0.7608 0.1882
v -10.231729 9.559942 -1.502385 0.9490 0.7608 0.1882
v -10.309383 9.659042 -1.461881 0.9490 0.7608 0.1882
v -10.396390 9.675522 -1.363648 0.9490 0.7608 0.1882
v -10.441782 9.599728 -1.265229 0.9490 0.7608 0.1882
v -10.418969 9.476059 -1.224276 0.9490 0.7608 0.1882
v -10.341314 9.376959 -1.264780 0.9490 0.7608 0.1882
v -10.254308 9.360479 -1.363013 0.9490 0.7608 0.1882
v -9.908333 9.562832 -1.260589 0.9490 0.7608 0.1882
v -9.934050 9.685267 -1.303482 0.9490 0.7608 0.1882
v -10.001267 9.788801 -1.256005 0.9490 0.7608 0.1882
v -10.070611 9.812785 -1.145970 0.9490 0.7608 0.1882
v -10.101460 9.743170 -1.037834 0.9490 0.7608 0.1882
v -10.075744 9.620734 -0.994941 0.9490 0.7608 0.1882
v -10.008525 9.517200 -1.042417 0.9490 0.7608 0.1882
v -9.939181 9.493217 -1.152452 0.9490 0.7608 0.1882
v -9.575310 9.689727 -1.117511 0.9490 0.7608 0.1882
v -9.605419 9.810472 -1.162291 0.9490 0.7608 0.1882
v -9.662106 9.918055 -1.110290 0.9490 0.7608 0.1882
v -9.712164 9.949453 -0.991969 0.9490 0.7608 0.1882
v -9.726270 9.886275 -0.876639 0.9490 0.7608 0.1882
v -9.696160 9.765529 -0.831859 0.9490 0.7608 0.1882
v -9.639474 9.657947 -0.883860 0.9490 0.7608 0.1882
v -9.589417 9.626548 -1.002181 0.9490 0.7608 0.1882
v -9.220782 9.816985 -1.037290 0.9490 0.7608 0.1882
v -9.256793 9.935595 -1.083405 0.9490 0.7608 0.1882
v -9.303403 10.046826 -1.029124 0.9490 0.7608 0.1882
v -9.333310 10.085523 -0.906243 0.9490 0.7608 0.1882
v -9.328994 10.029016 -0.786745 0.9490 0.7608 0.1882
v -9.292984 9.910407 -0.740629 0.9490 0.7608 0.1882
v -9.246373 9.799175 -0.794910 0.9490 0.7608 0.1882
v -9.216467 9.760479 -0.917791 0.9490 0.7608 0.1882
v -8.856458 9.944638 -1.022975 0.9490 0.7608 0.1882
v -8.899760 10.060670 -1.069377 0.9490 0.7608 0.1882
v -8.937217 10.175137 -1.014736 0.9490 0.7608 0.1882
v -8.946886 10.220988 -0.891060 0.9490 0.7608 0.1882
v -8.923103 10.171363 -0.770797 0.9490 0.7608 0.1882
v -8.879801 10.055332 -0.724395 0.9490 0.7608 0.1882
v -8.842344 9.940865 -0.779036 0.9490 0.7608 0.1882
v -8.832675 9.895014 -0.902712 0.9490 0.7608 0.1882
v -8.494446 10.072713 -1.075464 0.9490 0.7608 0.1882
v -8.546178 10.185735 -1.120644 0.9490 0.7608 0.1882
v -8.575760 10.303014 -1.067145 0.9490 0.7608 0.1882
v -8.565862 10.355848 -0.946306 0.9490 0.7608 0.1882
v -8.522283 10.313289 -0.828913 0.9490 0.7608 0.1882
v -8.470551 10.200267 -0.783734 0.9490 0.7608 0.1882
v -8.440969 10.082988 -0.837233 0.9490 0.7608 0.1882
v -8.450866 10.030153 -0.958072 0.9490 0.7608 0.1882
v -8.146862 10.201233 -1.193453 0.9490 0.7608 0.1882
v -8.207787 10.310827 -1.235512 0.9490 0.7608 0.1882
v -8.231002 10.430481 -1.184175 0.9490 0.7608 0.1882
v -8.202909 10.490103 -1.069512 0.9490 0.7608 0.1882
v -8.139963 10.454768 -0.958694 0.9490 0.7608 0.1882
v -8.079039 10.345175 -0.916634 0.9490 0.7608 0.1882
v -8.055823 10.225521 -0.967972 0.9490 0.7608 0.1882
v -8.083917 10.165898 -1.082634 0.9490 0.7608 0.1882
v -7.825438 10.330226 -1.373459 0.9490 0.7608 0.1882
v -7.895837 10.435983 -1.410212 0.9490 0.7608 0.1882
v -7.914284 10.557568 -1.361545 0.9490 0.7608 0.1882
v -7.869972 10.623755 -1.255965 0.9490 0.7608 0.1882
v -7.788859 10.595777 -1.155321 0.9490 0.7608 0.1882
v -7.718459 10.490019 -1.118568 0.9490 0.7608 0.1882
v -7.700013 10.368434 -1.167235 0.9490 0.7608 0.1882
v -7.744325 10.302246 -1.272815 0.9490 0.7608 0.1882
v -7.541126 10.459711 -1.609919 0.9490 0.7608 0.1882
v -7.620729 10.561239 -1.639017 0.9490 0.7608 0.1882
v -7.635958 10.684302 -1.593027 0.9490 0.7608 0.1882
v -7.577889 10.756810 -1.498888 0.9490 0.7608 0.1882
v -7.480540 10.736291 -1.411747 0.9490 0.7608 0.1882
v -7.400937 10.634763 -1.382649 0.9490 0.7608 0.1882
v -7.385708 10.511700 -1.428640 0.9490 0.7608 0.1882
v -7.443777 10.439191 -1.522778 0.9490 0.7608 0.1882
v -7.303736 10.589709 -1.895350 0.9490 0.7608 0.1882
v -7.391678 10.686631 -1.914422 0.9490 0.7608 0.1882
v -7.405056 10.810716 -1.870655 0.9490 0.7608 0.1882
v -7.336035 10.889276 -1.789687 0.9490 0.7608 0.1882
v -7.225045 10.876292 -1.718947 0.9490 0.7608 0.1882
v -7.137103 10.779370 -1.699875 0.9490 0.7608 0.1882
v -7.123724 10.655286 -1.743642 0.9490 0.7608 0.1882
v -7.192745 10.576726 -1.824610 0.9490 0.7608 0.1882
v -7.121600 10.720242 -2.220577 0.9490 0.7608 0.1882
v -7.216412 10.812197 -2.227382 0.9490 0.7608 0.1882
v -7.229015 10.936842 -2.185000 0.9490 0.7608 0.1882
v -7.152027 11.021161 -2.118256 0.9490 0.7608 0.1882
v -7.030547 11.015760 -2.066249 0.9490 0.7608 0.1882
v -6.935735 10.923804 -2.059443 0.9490 0.7608 0.1882
v -6.923131 10.799160 -2.101825 0.9490 0.7608 0.1882
v -7.000119 10.714841 -2.168569 0.9490 0.7608 0.1882
v -7.001282 10.851321 -2.575021 0.9490 0.7608 0.1882
v -7.100924 10.937969 -2.567597 0.9490 0.7608 0.1882
v -7.113439 11.062713 -2.525476 0.9490 0.7608 0.1882
v -7.031496 11.152476 -2.473331 0.9490 0.7608 0.1882
v -6.903095 11.154680 -2.441708 0.9490 0.7608 0.1882
v -6.803453 11.068032 -2.449131 0.9490 0.7608 0.1882
v -6.790938 10.943290 -2.491252 0.9490 0.7608 0.1882
v -6.872882 10.853526 -2.543397 0.9490 0.7608 0.1882
v -6.947343 10.982965 -2.947034 0.9490 0.7608 0.1882
v -7.049272 11.063984 -2.923838 0.9490 0.7608 0.1882
v -7.061935 11.188360 -2.880692 0.9490 0.7608 0.1882
v -6.977915 11.283237 -2.842869 0.9490 0.7608 0.1882
v -6.846429 11.293036 -2.832527 0.9490 0.7608 0.1882
v -6.744500 11.212017 -2.855723 0.9490 0.7608 0.1882
v -6.731837 11.087642 -2.898869 0.9490 0.7608 0.1882
v -6.815857 10.992765 -2.936692 0.9490 0.7608 0.1882
v -6.962165 11.115185 -3.324278 0.9490 0.7608 0.1882
v -7.063435 11.190272 -3.284305 0.9490 0.7608 0.1882
v -7.076006 11.313822 -3.238816 0.9490 0.7608 0.1882
v -6.992515 11.413458 -3.214458 0.9490 0.7608 0.1882
v -6.861869 11.430817 -3.225499 0.9490 0.7608 0.1882
v -6.760600 11.355729 -3.265471 0.9490 0.7608 0.1882
v -6.748028 11.232180 -3.310960 0.9490 0.7608 0.1882
v -6.831519 11.132545 -3.335319 0.9490 0.7608 0.1882
v -7.045852 11.247992 -3.694122 0.9490 0.7608 0.1882
v -7.143242 11.316869 -3.637003 0.9490 0.7608 0.1882
v -7.155009 11.439131 -3.587960 0.9490 0.7608 0.1882
v -7.074261 11.543157 -3.575722 0.9490 0.7608 0.1882
v -6.948298 11.568010 -3.607458 0.9490 0.7608 0.1882
v -6.850908 11.499132 -3.664577 0.9490 0.7608 0.1882
v -6.839141 11.376871 -3.713619 0.9490 0.7608 0.1882
v -6.919889 11.272845 -3.725857 0.9490 0.7608 0.1882
v -7.196201 11.381392 -4.044068 0.9490 0.7608 0.1882
v -7.286366 11.443805 -3.970132 0.9490 0.7608 0.1882
v -7.296187 11.564324 -3.916560 0.9490 0.7608 0.1882
v -7.219912 11.672354 -3.914734 0.9490 0.7608 0.1882
v -7.102221 11.704609 -3.965724 0.9490 0.7608 0.1882
v -7.012056 11.642197 -4.039660 0.9490 0.7608 0.1882
v -7.002235 11.521677 -4.093233 0.9490 0.7608 0.1882
v -7.078510 11.413649 -4.095058 0.9490 0.7608 0.1882
v -7.408750 11.515393 -4.362170 0.9490 0.7608 0.1882
v -7.488380 11.571108 -4.272469 0.9490 0.7608 0.1882
v -7.494759 11.689439 -4.213744 0.9490 0.7608 0.1882
v -7.424148 11.801069 -4.220396 0.9490 0.7608 0.1882
v -7.317912 11.840609 -4.288528 0.9490 0.7608 0.1882
v -7.238281 11.784894 -4.378229 0.9490 0.7608 0.1882
v -7.231903 11.666563 -4.436954 0.9490 0.7608 0.1882
v -7.302513 11.554932 -4.430302 0.9490 0.7608 0.1882
v -7.676901 11.649998 -4.637435 0.9490 0.7608 0.1882
v -7.742893 11.698809 -4.533733 0.9490 0.7608 0.1882
v -7.744079 11.814510 -4.469677 0.9490 0.7608 0.1882
v -7.679764 11.929329 -4.482792 0.9490 0.7608 0.1882
v -7.587624 11.976004 -4.565395 0.9490 0.7608 0.1882
v -7.521632 11.927194 -4.669097 0.9490 0.7608 0.1882
v -7.520446 11.811491 -4.733152 0.9490 0.7608 0.1882
v -7.584761 11.696673 -4.720037 0.9490 0.7608 0.1882
v -7.992126 11.785210 -4.860214 0.9490 0.7608 0.1882
v -8.041736 11.826933 -4.744935 0.9490 0.7608 0.1882
v -8.035851 11.939577 -4.675882 0.9490 0.7608 0.1882
v -7.977918 12.057155 -4.693507 0.9490 0.7608 0.1882
v -7.901874 12.110792 -4.787485 0.9490 0.7608 0.1882
v -7.852264 12.069069 -4.902765 0.9490 0.7608 0.1882
v -7.858149 11.956425 -4.971817 0.9490 0.7608 0.1882
v -7.916082 11.838847 -4.954192 0.9490 0.7608 0.1882
v -8.344226 11.921025 -5.022534 0.9490 0.7608 0.1882
v -8.375220 11.955508 -4.898673 0.9490 0.7608 0.1882
v -8.360395 12.064674 -4.825499 0.9490 0.7608 0.1882
v -8.308436 12.184576 -4.845878 0.9490 0.7608 0.1882
v -8.249780 12.244977 -4.947872 0.9490 0.7608 0.1882
v -8.218785 12.210493 -5.071733 0.9490 0.7608 0.1882
v -8.233610 12.101327 -5.144907 0.9490 0.7608 0.1882
v -8.285569 11.981425 -5.124528 0.9490 0.7608 0.1882
v -8.721662 12.057443 -5.118391 0.9490 0.7608 0.1882
v -8.732436 12.084557 -4.989394 0.9490 0.7608 0.1882
v -8.706958 12.189840 -4.913515 0.9490 0.7608 0.1882
v -8.660152 12.311621 -4.935203 0.9490 0.7608 0.1882
v -8.619436 12.378559 -5.041753 0.9490 0.7608 0.1882
v -8.608662 12.351445 -5.170750 0.9490 0.7608 0.1882
v -8.634140 12.246161 -5.246629 0.9490 0.7608 0.1882
v -8.680945 12.124381 -5.224941 0.9490 0.7608 0.1882
v -9.111930 12.194457 -5.143970 0.9490 0.7608 0.1882
v -9.101604 12.214101 -5.013591 0.9490 0.7608 0.1882
v -9.064053 12.315110 -4.936920 0.9490 0.7608 0.1882
v -9.021275 12.438316 -4.958871 0.9490 0.7608 0.1882
v -8.998327 12.511545 -5.066586 0.9490 0.7608 0.1882
v -9.008654 12.491901 -5.196966 0.9490 0.7608 0.1882
v -9.046205 12.390890 -5.273637 0.9490 0.7608 0.1882
v -9.088983 12.267686 -5.251685 0.9490 0.7608 0.1882
v -9.501981 12.332060 -5.097805 0.9490 0.7608 0.1882
v -9.470449 12.344161 -4.969934 0.9490 0.7608 0.1882
v -9.419828 12.440522 -4.894811 0.9490 0.7608 0.1882
v -9.379771 12.564695 -4.916440 0.9490 0.7608 0.1882
v -9.373743 12.643942 -5.022153 0.9490 0.7608 0.1882
v -9.405274 12.631841 -5.150023 0.9490 0.7608 0.1882
v -9.455895 12.535480 -5.225147 0.9490 0.7608 0.1882
v -9.495953 12.411306 -5.203517 0.9490 0.7608 0.1882
v -9.878654 12.470242 -4.980845 0.9490 0.7608 0.1882
v -9.826609 12.474755 -4.859344 0.9490 0.7608 0.1882
v -9.762450 12.566110 -4.788424 0.9490 0.7608 0.1882
v -9.723763 12.690790 -4.809628 0.9490 0.7608 0.1882
v -9.733209 12.775761 -4.910536 0.9490 0.7608 0.1882
v -9.785254 12.771246 -5.032036 0.9490 0.7608 0.1882
v -9.849412 12.679893 -5.102957 0.9490 0.7608 0.1882
v -9.888100 12.555211 -5.081752 0.9490 0.7608 0.1882
v -10.229128 12.608992 -4.796452 0.9490 0.7608 0.1882
v -10.158030 12.605902 -4.684975 0.9490 0.7608 0.1882
v -10.080477 12.691909 -4.621102 0.9490 0.7608 0.1882
v -10.041898 12.816632 -4.642250 0.9490 0.7608 0.1882
v -10.064893 12.907010 -4.736029 0.9490 0.7608 0.1882
v -10.135990 12.910100 -4.847505 0.9490 0.7608 0.1882
v -10.213543 12.824093 -4.911378 0.9490 0.7608 0.1882
v -10.252122 12.699370 -4.890231 0.9490 0.7608 0.1882
v -10.541360 12.748295 -4.550308 0.9490 0.7608 0.1882
v -10.453382 12.737612 -4.452139 0.9490 0.7608 0.1882
v -10.363232 12.817953 -4.398196 0.9490 0.7608 0.1882
v -10.323719 12.942257 -4.420079 0.9490 0.7608 0.1882
v -10.357990 13.037707 -4.504969 0.9490 0.7608 0.1882
v -10.445969 13.048390 -4.603138 0.9490 0.7608 0.1882
v -10.536118 12.968048 -4.657081 0.9490 0.7608 0.1882
v -10.575630 12.843744 -4.635198 0.9490 0.7608 0.1882
v -10.804511 12.888136 -4.250241 0.9490 0.7608 0.1882
v -10.702434 12.869899 -4.168149 0.9490 0.7608 0.1882
v -10.601151 12.944276 -4.126901 0.9490 0.7608 0.1882
v -10.559993 13.067698 -4.150661 0.9490 0.7608 0.1882
v -10.603069 13.167866 -4.225510 0.9490 0.7608 0.1882
v -10.705146 13.186103 -4.307603 0.9490 0.7608 0.1882
v -10.806429 13.111726 -4.348850 0.9490 0.7608 0.1882
v -10.847587 12.988304 -4.325090 0.9490 0.7608 0.1882
v -11.009325 13.028497 -3.905980 0.9490 0.7608 0.1882
v -10.896414 13.002774 -3.842099 0.9490 0.7608 0.1882
v -10.786098 13.070910 -3.816035 0.9490 0.7608 0.1882
v -10.742999 13.192992 -3.843056 0.9490 0.7608 0.1882
v -10.792364 13.297505 -3.907333 0.9490 0.7608 0.1882
v -10.905276 13.323228 -3.971214 0.9490 0.7608 0.1882
v -11.015593 13.255092 -3.997278 0.9490 0.7608 0.1882
v -11.058691 13.133009 -3.970257 0.9490 0.7608 0.1882
v -11.148462 13.169357 -3.528831 0.9490 0.7608 0.1882
v -11.028310 13.136245 -3.484578 0.9490 0.7608 0.1882
v -10.911631 13.197887 -3.475762 0.9490 0.7608 0.1882
v -10.866775 13.318175 -3.507547 0.9490 0.7608 0.1882
v -10.920017 13.426645 -3.561315 0.9490 0.7608 0.1882
v -11.040171 13.459758 -3.605568 0.9490 0.7608 0.1882
v -11.156849 13.398115 -3.614384 0.9490 0.7608 0.1882
v -11.201705 13.277827 -3.582599 0.9490 0.7608 0.1882
v -11.216769 13.310696 -3.131309 0.9490 0.7608 0.1882
v -11.093132 13.270316 -3.107331 0.9490 0.7608 0.1882
v -10.973230 13.325235 -3.117272 0.9490 0.7608 0.1882
v -10.927299 13.443282 -3.155309 0.9490 0.7608 0.1882
v -10.982246 13.555306 -3.199161 0.9490 0.7608 0.1882
v -11.105884 13.595685 -3.223139 0.9490 0.7608 0.1882
v -11.225786 13.540767 -3.213197 0.9490 0.7608 0.1882
v -11.271716 13.422720 -3.175160 0.9490 0.7608 0.1882
v -11.211473 13.452488 -2.726709 0.9490 0.7608 0.1882
v -11.088099 13.404992 -2.722877 0.9490 0.7608 0.1882
v -10.968454 13.452985 -2.752426 0.9490 0.7608 0.1882
v -10.922623 13.568352 -2.798048 0.9490 0.7608 0.1882
v -10.977453 13.683514 -2.833017 0.9490 0.7608 0.1882
v -11.100826 13.731009 -2.836849 0.9490 0.7608 0.1882
v -11.220472 13.683018 -2.807300 0.9490 0.7608 0.1882
v -11.266303 13.567650 -2.761678 0.9490 0.7608 0.1882
v -11.132296 13.594710 -2.328657 0.9490 0.7608 0.1882
v -11.012755 13.540273 -2.344096 0.9490 0.7608 0.1882
v -10.897035 13.581161 -2.393374 0.9490 0.7608 0.1882
v -10.852920 13.693420 -2.447625 0.9490 0.7608 0.1882
v -10.906254 13.811292 -2.475070 0.9490 0.7608 0.1882
v -11.025793 13.865728 -2.459631 0.9490 0.7608 0.1882
v -11.141515 13.824841 -2.410353 0.9490 0.7608 0.1882
v -11.185629 13.712582 -2.356102 0.9490 0.7608 0.1882
v -10.981483 13.737334 -1.950642 0.9490 0.7608 0.1882
v -10.869012 13.676160 -1.983798 0.9490 0.7608 0.1882
v -10.760903 13.709789 -2.052159 0.9490 0.7608 0.1882
v -10.720487 13.818523 -2.115679 0.9490 0.7608 0.1882
v -10.771437 13.938668 -2.137150 0.9490 0.7608 0.1882
v -10.883908 13.999842 -2.103993 0.9490 0.7608 0.1882
v -10.992017 13.966212 -2.035633 0.9490 0.7608 0.1882
v -11.032434 13.857479 -1.972113 0.9490 0.7608 0.1882
v -10.763742 13.880333 -1.605545 0.9490 0.7608 0.1882
v -10.661107 13.812647 -1.654290 0.9490 0.7608 0.1882
v -10.564151 13.838894 -1.740325 0.9490 0.7608 0.1882
v -10.529669 13.943700 -1.813252 0.9490 0.7608 0.1882
v -10.577862 14.065669 -1.830351 0.9490 0.7608 0.1882
v -10.680497 14.133354 -1.781607 0.9490 0.7608 0.1882
v -10.777453 14.107108 -1.695572 0.9490 0.7608 0.1882
v -10.811935 14.002302 -1.622645 0.9490 0.7608 0.1882
v -10.486098 14.023675 -1.305191 0.9490 0.7608 0.1882
v -10.395491 13.949730 -1.366948 0.9490 0.7608 0.1882
v -10.312908 13.968498 -1.468532 0.9490 0.7608 0.1882
v -10.286725 14.068985 -1.550436 0.9490 0.7608 0.1882
v -10.332280 14.192327 -1.564683 0.9490 0.7608 0.1882
v -10.422887 14.266272 -1.502926 0.9490 0.7608 0.1882
v -10.505470 14.247504 -1.401342 0.9490 0.7608 0.1882
v -10.531653 14.147017 -1.319437 0.9490 0.7608 0.1882
v -10.157658 14.167332 -1.059932 0.9490 0.7608 0.1882
v -10.080626 14.087400 -1.131827 0.9490 0.7608 0.1882
v -10.015166 14.098619 -1.246198 0.9490 0.7608 0.1882
v -9.999626 14.194414 -1.336049 0.9490 0.7608 0.1882
v -10.043107 14.318670 -1.348747 0.9490 0.7608 0.1882
v -10.120138 14.398602 -1.276853 0.9490 0.7608 0.1882
v -10.185597 14.387383 -1.162481 0.9490 0.7608 0.1882
v -10.201138 14.291588 -1.072630 0.9490 0.7608 0.1882
v -9.789308 14.311268 -0.878282 0.9490 0.7608 0.1882
v -9.726717 14.225650 -0.957298 0.9490 0.7608 0.1882
v -9.680532 14.229278 -1.081174 0.9490 0.7608 0.1882
v -9.677807 14.320025 -1.177346 0.9490 0.7608 0.1882
v -9.720139 14.444734 -1.189477 0.9490 0.7608 0.1882
v -9.782729 14.530352 -1.110461 0.9490 0.7608 0.1882
v -9.828915 14.526724 -0.986585 0.9490 0.7608 0.1882
v -9.831639 14.435977 -0.890413 0.9490 0.7608 0.1882
v -9.393347 14.455453 -0.766610 0.9490 0.7608 0.1882
v -9.345387 14.364465 -0.849752 0.9490 0.7608 0.1882
v -9.319921 14.360488 -0.979472 0.9490 0.7608 0.1882
v -9.331868 14.445851 -1.079781 0.9490 0.7608 0.1882
v -9.374229 14.570549 -1.091920 0.9490 0.7608 0.1882
v -9.422190 14.661537 -1.008778 0.9490 0.7608 0.1882
v -9.447655 14.665514 -0.879058 0.9490 0.7608 0.1882
v -9.435707 14.580151 -0.778749 0.9490 0.7608 0.1882
v -8.983063 14.599851 -0.728910 0.9490 0.7608 0.1882
v -8.949287 14.503832 -0.813356 0.9490 0.7608 0.1882
v -8.945219 14.492266 -0.945041 0.9490 0.7608 0.1882
v -8.973240 14.571926 -1.046828 0.9490 0.7608 0.1882
v -9.016937 14.696151 -1.059090 0.9490 0.7608 0.1882
v -9.050713 14.792170 -0.974644 0.9490 0.7608 0.1882
v -9.054781 14.803737 -0.842958 0.9490 0.7608 0.1882
v -9.026760 14.724075 -0.741172 0.9490 0.7608 0.1882
v -8.572275 14.744429 -0.766656 0.9490 0.7608 0.1882
v -8.551679 14.643735 -0.849891 0.9490 0.7608 0.1882
v -8.568885 14.624620 -0.979622 0.9490 0.7608 0.1882
v -8.613814 14.698284 -1.079854 0.9490 0.7608 0.1882
v -8.660149 14.821573 -1.091874 0.9490 0.7608 0.1882
v -8.680745 14.922267 -1.008639 0.9490 0.7608 0.1882
v -8.663539 14.941381 -0.878908 0.9490 0.7608 0.1882
v -8.618609 14.867718 -0.778676 0.9490 0.7608 0.1882
v -8.174854 14.889150 -0.878741 0.9490 0.7608 0.1882
v -8.165977 14.784155 -0.958670 0.9490 0.7608 0.1882
v -8.203551 14.757565 -1.082657 0.9490 0.7608 0.1882
v -8.265569 14.824957 -1.178070 0.9490 0.7608 0.1882
v -8.315700 14.946853 -1.189019 0.9490 0.7608 0.1882
v -8.324578 15.051847 -1.109089 0.9490 0.7608 0.1882
v -8.287003 15.078437 -0.985103 0.9490 0.7608 0.1882
v -8.224985 15.011045 -0.889689 0.9490 0.7608 0.1882
v -7.804242 15.033978 -1.061506 0.9490 0.7608 0.1882
v -7.805293 14.925073 -1.136539 0.9490 0.7608 0.1882
v -7.861598 14.891106 -1.251289 0.9490 0.7608 0.1882
v -7.940176 14.951975 -1.338536 0.9490 0.7608 0.1882
v -7.994994 15.072024 -1.347173 0.9490 0.7608 0.1882
v -7.993943 15.180929 -1.272140 0.9490 0.7608 0.1882
v -7.937637 15.214896 -1.157391 0.9490 0.7608 0.1882
v -7.859061 15.154028 -1.070143 0.9490 0.7608 0.1882
v -7.472981 15.178877 -1.308870 0.9490 0.7608 0.1882
v -7.481986 15.066464 -1.377964 0.9490 0.7608 0.1882
v -7.554738 15.025248 -1.480432 0.9490 0.7608 0.1882
v -7.648622 15.079369 -1.556249 0.9490 0.7608 0.1882
v -7.708641 15.197125 -1.561003 0.9490 0.7608 0.1882
v -7.699636 15.309537 -1.491909 0.9490 0.7608 0.1882
v -7.626884 15.350755 -1.389441 0.9490 0.7608 0.1882
v -7.533000 15.296634 -1.313624 0.9490 0.7608 0.1882
v -7.192281 15.323810 -1.612530 0.9490 0.7608 0.1882
v -7.207220 15.208309 -1.675204 0.9490 0.7608 0.1882
v -7.293612 15.159994 -1.762917 0.9490 0.7608 0.1882
v -7.400850 15.207166 -1.824288 0.9490 0.7608 0.1882
v -7.466115 15.322192 -1.823367 0.9490 0.7608 0.1882
v -7.451175 15.437694 -1.760693 0.9490 0.7608 0.1882
v -7.364783 15.486008 -1.672980 0.9490 0.7608 0.1882
v -7.257546 15.438836 -1.611609 0.9490 0.7608 0.1882
v -6.971623 15.468740 -1.962251 0.9490 0.7608 0.1882
v -6.990580 15.350579 -2.018558 0.9490 0.7608 0.1882
v -7.087423 15.295346 -2.089707 0.9490 0.7608 0.1882
v -7.205422 15.335394 -2.134021 0.9490 0.7608 0.1882
v -7.275457 15.447263 -2.125540 0.9490 0.7608 0.1882
v -7.256500 15.565423 -2.069234 0.9490 0.7608 0.1882
v -7.159657 15.620656 -1.998085 0.9490 0.7608 0.1882
v -7.041657 15.580608 -1.953771 0.9490 0.7608 0.1882
v -6.818434 15.613629 -2.346223 0.9490 0.7608 0.1882
v -6.839720 15.493249 -2.396692 0.9490 0.7608 0.1882
v -6.943605 15.431302 -2.450190 0.9490 0.7608 0.1882
v -7.069235 15.464077 -2.475379 0.9490 0.7608 0.1882
v -7.143017 15.572372 -2.457504 0.9490 0.7608 0.1882
v -7.121731 15.692754 -2.407036 0.9490 0.7608 0.1882
v -7.017846 15.754700 -2.353538 0.9490 0.7608 0.1882
v -6.892217 15.721925 -2.328348 0.9490 0.7608 0.1882
v -6.737826 15.758442 -2.751469 0.9490 0.7608 0.1882
v -6.760091 15.636289 -2.797014 0.9490 0.7608 0.1882
v -6.867556 15.567860 -2.832512 0.9490 0.7608 0.1882
v -6.997270 15.593239 -2.837169 0.9490 0.7608 0.1882
v -7.073248 15.697560 -2.808257 0.9490 0.7608 0.1882
v -7.050982 15.819714 -2.762712 0.9490 0.7608 0.1882
v -6.943518 15.888143 -2.727214 0.9490 0.7608 0.1882
v -6.813804 15.862763 -2.722557 0.9490 0.7608 0.1882
v -6.732422 15.903142 -3.164299 0.9490 0.7608 0.1882
v -6.754735 15.779670 -3.206109 0.9490 0.7608 0.1882
v -6.862432 15.705011 -3.223976 0.9490 0.7608 0.1882
v -6.992423 15.722901 -3.207433 0.9490 0.7608 0.1882
v -7.068563 15.822860 -3.166171 0.9490 0.7608 0.1882
v -7.046248 15.946333 -3.124360 0.9490 0.7608 0.1882
v -6.938552 16.020992 -3.106494 0.9490 0.7608 0.1882
v -6.808561 16.003101 -3.123037 0.9490 0.7608 0.1882
v -6.802269 16.047693 -3.570784 0.9490 0.7608 0.1882
v -6.824170 15.923359 -3.610194 0.9490 0.7608 0.1882
v -6.929013 15.842751 -3.611456 0.9490 0.7608 0.1882
v -7.055382 15.853085 -3.573832 0.9490 0.7608 0.1882
v -7.129251 15.948309 -3.519361 0.9490 0.7608 0.1882
v -7.107350 16.072643 -3.479952 0.9490 0.7608 0.1882
v -7.002507 16.153252 -3.478690 0.9490 0.7608 0.1882
v -6.876138 16.142918 -3.516314 0.9490 0.7608 0.1882
v -6.944841 16.192059 -3.957244 0.9490 0.7608 0.1882
v -6.966352 16.067327 -3.995595 0.9490 0.7608 0.1882
v -7.065657 15.981067 -3.981846 0.9490 0.7608 0.1882
v -7.184585 15.983807 -3.924053 0.9490 0.7608 0.1882
v -7.253469 16.073942 -3.856068 0.9490 0.7608 0.1882
v -7.231958 16.198675 -3.817718 0.9490 0.7608 0.1882
v -7.132653 16.284935 -3.831466 0.9490 0.7608 0.1882
v -7.013725 16.282196 -3.889260 0.9490 0.7608 0.1882
v -7.155136 16.336205 -4.310718 0.9490 0.7608 0.1882
v -7.176740 16.211540 -4.349226 0.9490 0.7608 0.1882
v -7.268329 16.119946 -4.322506 0.9490 0.7608 0.1882
v -7.376250 16.115082 -4.246212 0.9490 0.7608 0.1882
v -7.437284 16.199797 -4.165034 0.9490 0.7608 0.1882
v -7.415680 16.324463 -4.126526 0.9490 0.7608 0.1882
v -7.324092 16.416056 -4.153245 0.9490 0.7608 0.1882
v -7.216170 16.420919 -4.229540 0.9490 0.7608 0.1882
v -7.425851 16.480099 -4.619409 0.9490 0.7608 0.1882
v -7.448441 16.355961 -4.659041 0.9490 0.7608 0.1882
v -7.530713 16.259377 -4.621699 0.9490 0.7608 0.1882
v -7.624474 16.246927 -4.529258 0.9490 0.7608 0.1882
v -7.674799 16.325903 -4.435868 0.9490 0.7608 0.1882
v -7.652210 16.450043 -4.396236 0.9490 0.7608 0.1882
v -7.569937 16.546625 -4.433578 0.9490 0.7608 0.1882
v -7.476176 16.559074 -4.526020 0.9490 0.7608 0.1882
v -7.747651 16.623707 -4.873096 0.9490 0.7608 0.1882
v -7.772439 16.500557 -4.914461 0.9490 0.7608 0.1882
v -7.844414 16.399342 -4.869000 0.9490 0.7608 0.1882
v -7.921412 16.379351 -4.763345 0.9490 0.7608 0.1882
v -7.958329 16.452297 -4.659385 0.9490 0.7608 0.1882
v -7.933540 16.575445 -4.618020 0.9490 0.7608 0.1882
v -7.861567 16.676662 -4.663480 0.9490 0.7608 0.1882
v -7.784568 16.696651 -4.769136 0.9490 0.7608 0.1882
v -8.109495 16.766994 -5.063471 0.9490 0.7608 0.1882
v -8.137909 16.645292 -5.106743 0.9490 0.7608 0.1882
v -8.199220 16.539820 -5.055673 0.9490 0.7608 0.1882
v -8.257513 16.512363 -4.940176 0.9490 0.7608 0.1882
v -8.278643 16.579008 -4.827909 0.9490 0.7608 0.1882
v -8.250229 16.700710 -4.784637 0.9490 0.7608 0.1882
v -8.188917 16.806183 -4.835708 0.9490 0.7608 0.1882
v -8.130624 16.833637 -4.951205 0.9490 0.7608 0.1882
v -8.499029 16.909933 -5.184425 0.9490 0.7608 0.1882
v -8.532577 16.790131 -5.229291 0.9490 0.7608 0.1882
v -8.583440 16.680794 -5.174976 0.9490 0.7608 0.1882
v -8.621825 16.645975 -5.053298 0.9490 0.7608 0.1882
v -8.625246 16.706068 -4.935533 0.9490 0.7608 0.1882
v -8.591700 16.825872 -4.890667 0.9490 0.7608 0.1882
v -8.540835 16.935209 -4.944982 0.9490 0.7608 0.1882
v -8.502451 16.970028 -5.066660 0.9490 0.7608 0.1882
v -8.903018 17.052494 -5.232240 0.9490 0.7608 0.1882
v -8.943155 16.935034 -5.277886 0.9490 0.7608 0.1882
v -8.984297 16.822241 -5.222421 0.9490 0.7608 0.1882
v -9.002344 16.780188 -5.098335 0.9490 0.7608 0.1882
v -8.986724 16.833508 -4.978317 0.9490 0.7608 0.1882
v -8.946588 16.950968 -4.932671 0.9490 0.7608 0.1882
v -8.905446 17.063763 -4.988136 0.9490 0.7608 0.1882
v -8.887399 17.105816 -5.112222 0.9490 0.7608 0.1882
v -9.307807 17.194649 -5.205709 0.9490 0.7608 0.1882
v -9.355798 17.079967 -5.250840 0.9490 0.7608 0.1882
v -9.388354 16.964136 -5.195937 0.9490 0.7608 0.1882
v -9.386407 16.915003 -5.073162 0.9490 0.7608 0.1882
v -9.351095 16.961353 -4.954434 0.9490 0.7608 0.1882
v -9.303104 17.076035 -4.909303 0.9490 0.7608 0.1882
v -9.270548 17.191866 -4.964206 0.9490 0.7608 0.1882
v -9.272495 17.240999 -5.086981 0.9490 0.7608 0.1882
v -9.699793 17.336370 -5.106157 0.9490 0.7608 0.1882
v -9.756581 17.224895 -5.149054 0.9490 0.7608 0.1882
v -9.781981 17.106455 -5.095969 0.9490 0.7608 0.1882
v -9.761113 17.050426 -4.977999 0.9490 0.7608 0.1882
v -9.706202 17.089632 -4.864249 0.9490 0.7608 0.1882
v -9.649413 17.201107 -4.821352 0.9490 0.7608 0.1882
v -9.624014 17.319548 -4.874437 0.9490 0.7608 0.1882
v -9.644882 17.375576 -4.992407 0.9490 0.7608 0.1882
v -10.065895 17.477633 -4.937382 0.9490 0.7608 0.1882
v -10.131991 17.369778 -4.975987 0.9490 0.7608 0.1882
v -10.151815 17.249168 -4.925473 0.9490 0.7608 0.1882
v -10.113755 17.186453 -4.815429 0.9490 0.7608 0.1882
v -10.040105 17.218370 -4.710318 0.9490 0.7608 0.1882
v -9.974009 17.326225 -4.671712 0.9490 0.7608 0.1882
v -9.954185 17.446835 -4.722226 0.9490 0.7608 0.1882
v -9.992245 17.509550 -4.832271 0.9490 0.7608 0.1882
v -10.393997 17.618412 -4.705503 0.9490 0.7608 0.1882
v -10.469390 17.514580 -4.737538 0.9490 0.7608 0.1882
v -10.485236 17.392250 -4.689835 0.9490 0.7608 0.1882
v -10.432254 17.323080 -4.590336 0.9490 0.7608 0.1882
v -10.341478 17.347589 -4.497328 0.9490 0.7608 0.1882
v -10.266086 17.451422 -4.465292 0.9490 0.7608 0.1882
v -10.250239 17.573753 -4.512995 0.9490 0.7608 0.1882
v -10.303222 17.642921 -4.612494 0.9490 0.7608 0.1882
v -10.673354 17.758690 -4.418735 0.9490 0.7608 0.1882
v -10.757452 17.659266 -4.441833 0.9490 0.7608 0.1882
v -10.770798 17.535667 -4.396698 0.9490 0.7608 0.1882
v -10.705573 17.460300 -4.309766 0.9490 0.7608 0.1882
v -10.599985 17.477312 -4.231963 0.9490 0.7608 0.1882
v -10.515886 17.576738 -4.208864 0.9490 0.7608 0.1882
v -10.502541 17.700335 -4.254000 0.9490 0.7608 0.1882
v -10.567766 17.775702 -4.340931 0.9490 0.7608 0.1882
v -10.894952 17.898445 -4.087090 0.9490 0.7608 0.1882
v -10.986562 17.803795 -4.098947 0.9490 0.7608 0.1882
v -10.998639 17.679392 -4.055709 0.9490 0.7608 0.1882
v -10.924107 17.598108 -3.982707 0.9490 0.7608 0.1882
v -10.806626 17.607557 -3.922703 0.9490 0.7608 0.1882
v -10.715015 17.702208 -3.910846 0.9490 0.7608 0.1882
v -10.702939 17.826611 -3.954083 0.9490 0.7608 0.1882
v -10.777471 17.907894 -4.027086 0.9490 0.7608 0.1882
v -11.051798 18.037659 -3.722022 0.9490 0.7608 0.1882
v -11.149138 17.948139 -3.720540 0.9490 0.7608 0.1882
v -11.160830 17.823389 -3.678199 0.9490 0.7608 0.1882
v -11.080023 17.736490 -3.619802 0.9490 0.7608 0.1882
v -10.954053 17.738344 -3.579558 0.9490 0.7608 0.1882
v -10.856711 17.827864 -3.581040 0.9490 0.7608 0.1882
v -10.845020 17.952614 -3.623381 0.9490 0.7608 0.1882
v -10.925827 18.039511 -3.681777 0.9490 0.7608 0.1882
v -11.139141 18.176317 -3.336019 0.9490 0.7608 0.1882
v -11.239894 18.092257 -3.319459 0.9490 0.7608 0.1882
v -11.251659 17.967628 -3.276790 0.9490 0.7608 0.1882
v -11.167545 17.875435 -3.233008 0.9490 0.7608 0.1882
v -11.036825 17.869684 -3.213758 0.9490 0.7608 0.1882
v -10.936072 17.953747 -3.230317 0.9490 0.7608 0.1882
v -10.924307 18.078375 -3.272986 0.9490 0.7608 0.1882
v -11.008420 18.170567 -3.316769 0.9490 0.7608 0.1882
v -11.154615 18.314405 -2.942173 0.9490 0.7608 0.1882
v -11.256010 18.236118 -2.909284 0.9490 0.7608 0.1882
v -11.267840 18.112070 -2.864969 0.9490 0.7608 0.1882
v -11.183176 18.014929 -2.835189 0.9490 0.7608 0.1882
v -11.051613 18.001596 -2.837388 0.9490 0.7608 0.1882
v -10.950218 18.079884 -2.870277 0.9490 0.7608 0.1882
v -10.938388 18.203932 -2.914592 0.9490 0.7608 0.1882
v -11.023052 18.301073 -2.944372 0.9490 0.7608 0.1882
v -11.098293 18.451912 -2.553731 0.9490 0.7608 0.1882
v -11.197225 18.379690 -2.503853 0.9490 0.7608 0.1882
v -11.208632 18.256685 -2.456617 0.9490 0.7608 0.1882
v -11.125832 18.154955 -2.439694 0.9490 0.7608 0.1882
v -10.997329 18.134089 -2.462997 0.9490 0.7608 0.1882
v -10.898397 18.206312 -2.512875 0.9490 0.7608 0.1882
v -10.886991 18.329317 -2.560111 0.9490 0.7608 0.1882
v -10.969790 18.431047 -2.577034 0.9490 0.7608 0.1882
v -10.972665 18.588831 -2.183640 0.9490 0.7608 0.1882
v -11.065834 18.522940 -2.116787 0.9490 0.7608 0.1882
v -11.075876 18.401434 -2.065531 0.9490 0.7608 0.1882
v -10.996908 18.295492 -2.059897 0.9490 0.7608 0.1882
v -10.875189 18.267172 -2.103185 0.9490 0.7608 0.1882
v -10.782020 18.333063 -2.170038 0.9490 0.7608 0.1882
v -10.771977 18.454569 -2.221294 0.9490 0.7608 0.1882
v -10.850945 18.560511 -2.226928 0.9490 0.7608 0.1882
v -10.782522 18.725151 -1.844116 0.9490 0.7608 0.1882
v -10.866594 18.665836 -1.761018 0.9490 0.7608 0.1882
v -10.873937 18.546282 -1.704943 0.9490 0.7608 0.1882
v -10.800250 18.436523 -1.708738 0.9490 0.7608 0.1882
v -10.688698 18.400850 -1.770181 0.9490 0.7608 0.1882
v -10.604626 18.460165 -1.853279 0.9490 0.7608 0.1882
v -10.597283 18.579720 -1.909354 0.9490 0.7608 0.1882
v -10.670970 18.689480 -1.905558 0.9490 0.7608 0.1882
v -10.534781 18.860868 -1.546239 0.9490 0.7608 0.1882
v -10.606547 18.808352 -1.448347 0.9490 0.7608 0.1882
v -10.609554 18.691193 -1.387058 0.9490 0.7608 0.1882
v -10.542040 18.578022 -1.398275 0.9490 0.7608 0.1882
v -10.443553 18.535133 -1.475427 0.9490 0.7608 0.1882
v -10.371786 18.587650 -1.573319 0.9490 0.7608 0.1882
v -10.368779 18.704809 -1.634608 0.9490 0.7608 0.1882
v -10.436294 18.817980 -1.623391 0.9490 0.7608 0.1882
v -10.238221 18.995981 -1.299593 0.9490 0.7608 0.1882
v -10.294768 18.950455 -1.189043 0.9490 0.7608 0.1882
v -10.291615 18.836128 -1.122630 0.9490 0.7608 0.1882
v -10.230607 18.719969 -1.139259 0.9490 0.7608 0.1882
v -10.147482 18.670021 -1.229187 0.9490 0.7608 0.1882
v -10.090935 18.715548 -1.339737 0.9490 0.7608 0.1882
v -10.094089 18.829874 -1.406150 0.9490 0.7608 0.1882
v -10.155096 18.946033 -1.389522 0.9490 0.7608 0.1882
v -9.903175 19.130487 -1.111958 0.9490 0.7608 0.1882
v -9.942034 19.092125 -0.991502 0.9490 0.7608 0.1882
v -9.930840 18.981050 -0.920586 0.9490 0.7608 0.1882
v -9.876149 18.862335 -0.940753 0.9490 0.7608 0.1882
v -9.809999 18.805515 -1.040188 0.9490 0.7608 0.1882
v -9.771141 18.843878 -1.160644 0.9490 0.7608 0.1882
v -9.782335 18.954952 -1.231560 0.9490 0.7608 0.1882
v -9.837026 19.073668 -1.211394 0.9490 0.7608 0.1882
v -9.541163 19.264391 -0.989072 0.9490 0.7608 0.1882
v -9.560443 19.233332 -0.861969 0.9490 0.7608 0.1882
v -9.539415 19.125927 -0.787716 0.9490 0.7608 0.1882
v -9.490399 19.005093 -0.809808 0.9490 0.7608 0.1882
v -9.442108 18.941612 -0.915306 0.9490 0.7608 0.1882
v -9.422829 18.972672 -1.042408 0.9490 0.7608 0.1882
v -9.443856 19.080076 -1.116662 0.9490 0.7608 0.1882
v -9.492872 19.200911 -1.094569 0.9490 0.7608 0.1882
v -9.164500 19.397694 -0.934458 0.9490 0.7608 0.1882
v -9.162992 19.374054 -0.804342 0.9490 0.7608 0.1882
v -9.130571 19.270718 -0.728436 0.9490 0.7608 0.1882
v -9.086227 19.148214 -0.751206 0.9490 0.7608 0.1882
v -9.055939 19.078308 -0.859314 0.9490 0.7608 0.1882
v -9.057446 19.101948 -0.989431 0.9490 0.7608 0.1882
v -9.089868 19.205286 -1.065336 0.9490 0.7608 0.1882
v -9.134212 19.327787 -1.042566 0.9490 0.7608 0.1882
v -8.785871 19.530403 -0.949335 0.9490 0.7608 0.1882
v -8.763126 19.514271 -0.820053 0.9490 0.7608 0.1882
v -8.718114 19.415384 -0.744642 0.9490 0.7608 0.1882
v -8.677201 19.291670 -0.767277 0.9490 0.7608 0.1882
v -8.664353 19.215599 -0.874699 0.9490 0.7608 0.1882
v -8.687098 19.231731 -1.003982 0.9490 0.7608 0.1882
v -8.732110 19.330618 -1.079392 0.9490 0.7608 0.1882
v -8.773023 19.454332 -1.056757 0.9490 0.7608 0.1882
v -8.417906 19.662529 -1.032597 0.9490 0.7608 0.1882
v -8.374268 19.653965 -0.908042 0.9490 0.7608 0.1882
v -8.315951 19.559895 -0.835642 0.9490 0.7608 0.1882
v -8.277118 19.435427 -0.857807 0.9490 0.7608 0.1882
v -8.280515 19.353474 -0.961553 0.9490 0.7608 0.1882
v -8.324153 19.362038 -1.086107 0.9490 0.7608 0.1882
v -8.382469 19.456108 -1.158508 0.9490 0.7608 0.1882
v -8.421303 19.580574 -1.136343 0.9490 0.7608 0.1882
v -8.072769 19.794081 -1.180879 0.9490 0.7608 0.1882
v -8.009366 19.793116 -1.064816 0.9490 0.7608 0.1882
v -7.937607 19.704214 -0.998191 0.9490 0.7608 0.1882
v -7.899529 19.579456 -1.020031 0.9490 0.7608 0.1882
v -7.917438 19.491920 -1.117543 0.9490 0.7608 0.1882
v -7.980842 19.492887 -1.233606 0.9490 0.7608 0.1882
v -8.052600 19.581789 -1.300231 0.9490 0.7608 0.1882
v -8.090677 19.706547 -1.278391 0.9490 0.7608 0.1882
v -7.761756 19.925070 -1.388692 0.9490 0.7608 0.1882
v -7.680457 19.931707 -1.284586 0.9490 0.7608 0.1882
v -7.595757 19.848305 -1.226608 0.9490 0.7608 0.1882
v -7.557272 19.723721 -1.248720 0.9490 0.7608 0.1882
v -7.587547 19.630932 -1.337970 0.9490 0.7608 0.1882
v -7.668846 19.624294 -1.442075 0.9490 0.7608 0.1882
v -7.753546 19.707697 -1.500053 0.9490 0.7608 0.1882
v -7.792030 19.832283 -1.477941 0.9490 0.7608 0.1882
v -7.494929 20.055513 -1.648623 0.9490 0.7608 0.1882
v -7.398263 20.069729 -1.559487 0.9490 0.7608 0.1882
v -7.301786 19.992134 -1.512982 0.9490 0.7608 0.1882
v -7.262012 19.868185 -1.536350 0.9490 0.7608 0.1882
v -7.302241 19.770489 -1.615902 0.9490 0.7608 0.1882
v -7.398907 19.756273 -1.705038 0.9490 0.7608 0.1882
v -7.495384 19.833868 -1.751543 0.9490 0.7608 0.1882
v -7.535158 19.957817 -1.728175 0.9490 0.7608 0.1882
v -7.280804 20.185429 -1.951602 0.9490 0.7608 0.1882
v -7.171844 20.207169 -1.879864 0.9490 0.7608 0.1882
v -7.065405 20.135670 -1.847453 0.9490 0.7608 0.1882
v -7.023840 20.012815 -1.873355 0.9490 0.7608 0.1882
v -7.071496 19.910574 -1.942397 0.9490 0.7608 0.1882
v -7.180458 19.888834 -2.014136 0.9490 0.7608 0.1882
v -7.286895 19.960333 -2.046547 0.9490 0.7608 0.1882
v -7.328460 20.083187 -2.020645 0.9490 0.7608 0.1882
v -7.126083 20.314833 -2.287217 0.9490 0.7608 0.1882
v -7.008300 20.344017 -2.234618 0.9490 0.7608 0.1882
v -6.894321 20.278879 -2.218562 0.9490 0.7608 0.1882
v -6.850917 20.157579 -2.248456 0.9490 0.7608 0.1882
v -6.903510 20.051168 -2.306788 0.9490 0.7608 0.1882
v -7.021294 20.021986 -2.359388 0.9490 0.7608 0.1882
v -7.135272 20.087124 -2.375443 0.9490 0.7608 0.1882
v -7.178678 20.208424 -2.345549 0.9490 0.7608 0.1882
v -7.035456 20.443747 -2.644064 0.9490 0.7608 0.1882
v -6.912560 20.480267 -2.611593 0.9490 0.7608 0.1882
v -6.793980 20.421734 -2.613658 0.9490 0.7608 0.1882
v -6.749179 20.302437 -2.649049 0.9490 0.7608 0.1882
v -6.804400 20.192257 -2.697034 0.9490 0.7608 0.1882
v -6.927297 20.155735 -2.729505 0.9490 0.7608 0.1882
v -7.045877 20.214270 -2.727440 0.9490 0.7608 0.1882
v -7.090677 20.333567 -2.692050 0.9490 0.7608 0.1882
v -7.011463 20.572193 -3.010131 0.9490 0.7608 0.1882
v -6.887234 20.615913 -2.998000 0.9490 0.7608 0.1882
v -6.767391 20.564201 -3.019334 0.9490 0.7608 0.1882
v -6.722136 20.447351 -3.061636 0.9490 0.7608 0.1882
v -6.777980 20.333809 -3.100126 0.9490 0.7608 0.1882
v -6.902209 20.290089 -3.112257 0.9490 0.7608 0.1882
v -7.022053 20.341803 -3.090923 0.9490 0.7608 0.1882
v -7.067307 20.458652 -3.048621 0.9490 0.7608 0.1882
v -7.054434 20.700195 -3.373196 0.9490 0.7608 0.1882
v -6.932547 20.750954 -3.380850 0.9490 0.7608 0.1882
v -6.815038 20.706257 -3.421902 0.9490 0.7608 0.1882
v -6.770742 20.592285 -3.472302 0.9490 0.7608 0.1882
v -6.825608 20.475807 -3.502528 0.9490 0.7608 0.1882
v -6.947495 20.425047 -3.494874 0.9490 0.7608 0.1882
v -7.065004 20.469746 -3.453822 0.9490 0.7608 0.1882
v -7.109300 20.583717 -3.403422 0.9490 0.7608 0.1882
v -7.162500 20.827784 -3.721223 0.9490 0.7608 0.1882
v -7.046362 20.885389 -3.747396 0.9490 0.7608 0.1882
v -6.934880 20.847872 -3.807858 0.9490 0.7608 0.1882
v -6.893358 20.737207 -3.867191 0.9490 0.7608 0.1882
v -6.946119 20.618217 -3.890640 0.9490 0.7608 0.1882
v -7.062257 20.560612 -3.864467 0.9490 0.7608 0.1882
v -7.173739 20.598129 -3.804005 0.9490 0.7608 0.1882
v -7.215261 20.708796 -3.744671 0.9490 0.7608 0.1882
v -7.331665 20.954981 -4.042754 0.9490 0.7608 0.1882
v -7.224274 21.019224 -4.085550 0.9490 0.7608 0.1882
v -7.122439 20.989023 -4.164349 0.9490 0.7608 0.1882
v -7.085814 20.882074 -4.232990 0.9490 0.7608 0.1882
v -7.135854 20.761021 -4.251266 0.9490 0.7608 0.1882
v -7.243246 20.696777 -4.208470 0.9490 0.7608 0.1882
v -7.345080 20.726978 -4.129671 0.9490 0.7608 0.1882
v -7.381705 20.833929 -4.061029 0.9490 0.7608 0.1882
v -7.555961 21.081818 -4.327271 0.9490 0.7608 0.1882
v -7.459781 21.152456 -4.384289 0.9490 0.7608 0.1882
v -7.370970 21.129688 -4.479608 0.9490 0.7608 0.1882
v -7.341553 21.026850 -4.557393 0.9490 0.7608 0.1882
v -7.388762 20.904184 -4.572078 0.9490 0.7608 0.1882
v -7.484942 20.833546 -4.515061 0.9490 0.7608 0.1882
v -7.573753 20.856314 -4.419742 0.9490 0.7608 0.1882
v -7.603170 20.959152 -4.341957 0.9490 0.7608 0.1882
v -7.827648 21.208326 -4.565535 0.9490 0.7608 0.1882
v -7.744524 21.285099 -4.634002 0.9490 0.7608 0.1882
v -7.671709 21.269846 -4.743349 0.9490 0.7608 0.1882
v -7.651859 21.171503 -4.829524 0.9490 0.7608 0.1882
v -7.696600 21.047676 -4.842045 0.9490 0.7608 0.1882
v -7.779725 20.970903 -4.773579 0.9490 0.7608 0.1882
v -7.852539 20.986156 -4.664230 0.9490 0.7608 0.1882
v -7.872389 21.084499 -4.578056 0.9490 0.7608 0.1882
v -8.137479 21.334534 -4.749865 0.9490 0.7608 0.1882
v -8.068584 21.417156 -4.826797 0.9490 0.7608 0.1882
v -8.014194 21.409477 -4.947106 0.9490 0.7608 0.1882
v -8.006167 21.315992 -5.040315 0.9490 0.7608 0.1882
v -8.049208 21.191467 -5.051825 0.9490 0.7608 0.1882
v -8.118102 21.108847 -4.974892 0.9490 0.7608 0.1882
v -8.172494 21.116526 -4.854583 0.9490 0.7608 0.1882
v -8.180520 21.210009 -4.761374 0.9490 0.7608 0.1882
v -8.475008 21.460478 -4.874386 0.9490 0.7608 0.1882
v -8.420833 21.548643 -4.956749 0.9490 0.7608 0.1882
v -8.386629 21.548561 -5.084505 0.9490 0.7608 0.1882
v -8.392434 21.460287 -5.182817 0.9490 0.7608 0.1882
v -8.434846 21.335526 -5.194094 0.9490 0.7608 0.1882
v -8.489021 21.247360 -5.111731 0.9490 0.7608 0.1882
v -8.523225 21.247440 -4.983975 0.9490 0.7608 0.1882
v -8.517420 21.335714 -4.885664 0.9490 0.7608 0.1882
v -8.828930 21.586189 -4.935201 0.9490 0.7608 0.1882
v -8.789303 21.679567 -5.020063 0.9490 0.7608 0.1882
v -8.776307 21.687088 -5.151464 0.9490 0.7608 0.1882
v -8.797556 21.604349 -5.252429 0.9490 0.7608 0.1882
v -8.840601 21.479815 -5.263815 0.9490 0.7608 0.1882
v -8.880228 21.386435 -5.178952 0.9490 0.7608 0.1882
v -8.893223 21.378914 -5.047552 0.9490 0.7608 0.1882
v -8.871975 21.461653 -4.946587 0.9490 0.7608 0.1882
v -9.187448 21.711702 -4.930508 0.9490 0.7608 0.1882
v -9.161599 21.809948 -5.015190 0.9490 0.7608 0.1882
v -9.170041 21.825043 -5.146309 0.9490 0.7608 0.1882
v -9.207829 21.748146 -5.247058 0.9490 0.7608 0.1882
v -9.252827 21.624300 -5.258419 0.9490 0.7608 0.1882
v -9.278675 21.526054 -5.173737 0.9490 0.7608 0.1882
v -9.270232 21.510960 -5.042617 0.9490 0.7608 0.1882
v -9.232445 21.587858 -4.941868 0.9490 0.7608 0.1882
v -9.538656 21.837053 -4.860648 0.9490 0.7608 0.1882
v -9.525310 21.939802 -4.942843 0.9490 0.7608 0.1882
v -9.554624 21.962414 -5.069811 0.9490 0.7608 0.1882
v -9.609426 21.891644 -5.167175 0.9490 0.7608 0.1882
v -9.657617 21.768948 -5.177901 0.9490 0.7608 0.1882
v -9.670963 21.666201 -5.095706 0.9490 0.7608 0.1882
v -9.641649 21.643589 -4.968738 0.9490 0.7608 0.1882
v -9.586846 21.714357 -4.871374 0.9490 0.7608 0.1882
v -9.870920 21.962278 -4.728088 0.9490 0.7608 0.1882
v -9.868408 22.069147 -4.805961 0.9490 0.7608 0.1882
v -9.917268 22.099194 -4.925131 0.9490 0.7608 0.1882
v -9.988876 22.034815 -5.015790 0.9490 0.7608 0.1882
v -10.041287 21.913725 -5.024832 0.9490 0.7608 0.1882
v -10.043799 21.806856 -4.946959 0.9490 0.7608 0.1882
v -9.994941 21.776810 -4.827788 0.9490 0.7608 0.1882
v -9.923332 21.841188 -4.737129 0.9490 0.7608 0.1882
v -10.173248 22.087412 -4.537333 0.9490 0.7608 0.1882
v -10.179651 22.198004 -4.609581 0.9490 0.7608 0.1882
v -10.246039 22.235373 -4.717691 0.9490 0.7608 0.1882
v -10.333523 22.177626 -4.798335 0.9490 0.7608 0.1882
v -10.390856 22.058590 -4.804271 0.9490 0.7608 0.1882
v -10.384452 21.947998 -4.732023 0.9490 0.7608 0.1882
v -10.318064 21.910631 -4.623913 0.9490 0.7608 0.1882
v -10.230580 21.968376 -4.543270 0.9490 0.7608 0.1882
v -10.435639 22.212494 -4.294782 0.9490 0.7608 0.1882
v -10.448929 22.326399 -4.360663 0.9490 0.7608 0.1882
v -10.530249 22.370949 -4.454971 0.9490 0.7608 0.1882
v -10.631962 22.320045 -4.522460 0.9490 0.7608 0.1882
v -10.694487 22.203508 -4.523597 0.9490 0.7608 0.1882
v -10.681197 22.089603 -4.457715 0.9490 0.7608 0.1882
v -10.599877 22.045053 -4.363407 0.9490 0.7608 0.1882
v -10.498164 22.095957 -4.295918 0.9490 0.7608 0.1882
v -10.649406 22.337557 -4.008512 0.9490 0.7608 0.1882
v -10.667591 22.454353 -4.067839 0.9490 0.7608 0.1882
v -10.760797 22.505920 -4.146230 0.9490 0.7608 0.1882
v -10.874425 22.462051 -4.197763 0.9490 0.7608 0.1882
v -10.941914 22.348446 -4.192252 0.9490 0.7608 0.1882
v -10.923729 22.231649 -4.132925 0.9490 0.7608 0.1882
v -10.830523 22.180082 -4.054534 0.9490 0.7608 0.1882
v -10.716896 22.223951 -4.003001 0.9490 0.7608 0.1882
v -10.807451 22.462643 -3.688029 0.9490 0.7608 0.1882
v -10.828711 22.581892 -3.741121 0.9490 0.7608 0.1882
v -10.930463 22.640285 -3.802181 0.9490 0.7608 0.1882
v -11.053102 22.603615 -3.835441 0.9490 0.7608 0.1882
v -11.124789 22.493361 -3.821417 0.9490 0.7608 0.1882
v -11.103530 22.374111 -3.768325 0.9490 0.7608 0.1882
v -11.001778 22.315718 -3.707265 0.9490 0.7608 0.1882
v -10.879138 22.352388 -3.674005 0.9490 0.7608 0.1882
v -10.904490 22.587784 -3.343955 0.9490 0.7608 0.1882
v -10.927297 22.709045 -3.391563 0.9490 0.7608 0.1882
v -11.034126 22.774048 -3.434617 0.9490 0.7608 0.1882
v -11.162401 22.744709 -3.447896 0.9490 0.7608 0.1882
v -11.236979 22.638220 -3.423621 0.9490 0.7608 0.1882
v -11.214173 22.516956 -3.376013 0.9490 0.7608 0.1882
v -11.107344 22.451956 -3.332959 0.9490 0.7608 0.1882
v -10.979069 22.481293 -3.319680 0.9490 0.7608 0.1882
v -8.254800 23.828001 -1.002000 0.7216 0.7608 0.8000
v -8.291273 24.058281 -1.002000 0.7216 0.7608 0.8000
v -8.397120 24.266018 -1.002000 0.7216 0.7608 0.8000
v -8.561982 24.430882 -1.002000 0.7216 0.7608 0.8000
v -8.769720 24.536728 -1.002000 0.7216 0.7608 0.8000
v -9.000000 24.573202 -1.002000 0.7216 0.7608 0.8000
v -9.230280 24.536728 -1.002000 0.7216 0.7608 0.8000
v -9.438018 24.430882 -1.002000 0.7216 0.7608 0.8000
v -9.602880 24.266018 -1.002000 0.7216 0.7608 0.8000
v -9.708727 24.058281 -1.002000 0.7216 0.7608 0.8000
v -9.745200 23.828001 -1.002000 0.7216 0.7608 0.8000
v -9.708727 23.597721 -1.002000 0.7216 0.7608 0.8000
v -9.602880 23.389984 -1.002000 0.7216 0.7608 0.8000
v -9.438018 23.225122 -1.002000 0.7216 0.7608 0.8000
v -9.230280 23.119274 -1.002000 0.7216 0.7608 0.8000
v -9.000000 23.082800 -1.002000 0.7216 0.7608 0.8000
v -8.769720 23.119274 -1.002000 0.7216 0.7608 0.8000
v -8.561982 23.225122 -1.002000 0.7216 0.7608 0.8000
v -8.397120 23.389984 -1.002000 0.7216 0.7608 0.8000
v -8.291273 23.597721 -1.002000 0.7216 0.7608 0.8000
v -8.299086 23.828001 -0.895085 0.7216 0.7608 0.8000
v -8.333390 24.044596 -0.895085 0.7216 0.7608 0.8000
v -8.432948 24.239988 -0.895085 0.7216 0.7608 0.8000
v -8.588013 24.395052 -0.895085 0.7216 0.7608 0.8000
v -8.783405 24.494612 -0.895085 0.7216 0.7608 0.8000
v -9.000000 24.528915 -0.895085 0.7216 0.7608 0.8000
v -9.216595 24.494612 -0.895085 0.7216 0.7608 0.8000
v -9.411987 24.395052 -0.895085 0.7216 0.7608 0.8000
v -9.567052 24.239988 -0.895085 0.7216 0.7608 0.8000
v -9.666610 24.044596 -0.895085 0.7216 0.7608 0.8000
v -9.700914 23.828001 -0.895085 0.7216 0.7608 0.8000
v -9.666610 23.611406 -0.895085 0.7216 0.7608 0.8000
v -9.567052 23.416014 -0.895085 0.7216 0.7608 0.8000
v -9.411987 23.260950 -0.895085 0.7216 0.7608 0.8000
v -9.216595 23.161392 -0.895085 0.7216 0.7608 0.8000
v -9.000000 23.127087 -0.895085 0.7216 0.7608 0.8000
v -8.783405 23.161392 -0.895085 0.7216 0.7608 0.8000
v -8.588013 23.260950 -0.895085 0.7216 0.7608 0.8000
v -8.432948 23.416014 -0.895085 0.7216 0.7608 0.8000
v -8.333390 23.611406 -0.895085 0.7216 0.7608 0.8000
v -8.406000 23.828001 -0.850800 0.7216 0.7608 0.8000
v -8.435072 24.011559 -0.850800 0.7216 0.7608 0.8000
v -8.519444 24.177147 -0.850800 0.7216 0.7608 0.8000
v -8.650856 24.308558 -0.850800 0.7216 0.7608 0.8000
v -8.816443 24.392929 -0.850800 0.7216 0.7608 0.8000
v -9.000000 24.422001 -0.850800 0.7216 0.7608 0.8000
v -9.183557 24.392929 -0.850800 0.7216 0.7608 0.8000
v -9.349144 24.308558 -0.850800 0.7216 0.7608 0.8000
v -9.480556 24.177147 -0.850800 0.7216 0.7608 0.8000
v -9.564928 24.011559 -0.850800 0.7216 0.7608 0.8000
v -9.594000 23.828001 -0.850800 0.7216 0.7608 0.8000
v -9.564928 23.644445 -0.850800 0.7216 0.7608 0.8000
v -9.480556 23.478857 -0.850800 0.7216 0.7608 0.8000
v -9.349144 23.347445 -0.850800 0.7216 0.7608 0.8000
v -9.183557 23.263075 -0.850800 0.7216 0.7608 0.8000
v -9.000000 23.234003 -0.850800 0.7216 0.7608 0.8000
v -8.816443 23.263075 -0.850800 0.7216 0.7608 0.8000
v -8.650856 23.347445 -0.850800 0.7216 0.7608 0.8000
v -8.519444 23.478857 -0.850800 0.7216 0.7608 0.8000
v -8.435072 23.644445 -0.850800 0.7216 0.7608 0.8000
v -8.512915 23.828001 -0.895085 0.7216 0.7608 0.8000
v -8.536755 23.978519 -0.895085 0.7216 0.7608 0.8000
v -8.605940 24.114304 -0.895085 0.7216 0.7608 0.8000
v -8.713698 24.222061 -0.895085 0.7216 0.7608 0.8000
v -8.849483 24.291248 -0.895085 0.7216 0.7608 0.8000
v -9.000000 24.315088 -0.895085 0.7216 0.7608 0.8000
v -9.150517 24.291248 -0.895085 0.7216 0.7608 0.8000
v -9.286302 24.222061 -0.895085 0.7216 0.7608 0.8000
v -9.394060 24.114304 -0.895085 0.7216 0.7608 0.8000
v -9.463245 23.978519 -0.895085 0.7216 0.7608 0.8000
v -9.487085 23.828001 -0.895085 0.7216 0.7608 0.8000
v -9.463245 23.677485 -0.895085 0.7216 0.7608 0.8000
v -9.394060 23.541698 -0.895085 0.7216 0.7608 0.8000
v -9.286302 23.433941 -0.895085 0.7216 0.7608 0.8000
v -9.150517 23.364754 -0.895085 0.7216 0.7608 0.8000
v -9.000000 23.340916 -0.895085 0.7216 0.7608 0.8000
v -8.849483 23.364754 -0.895085 0.7216 0.7608 0.8000
v -8.713698 23.433941 -0.895085 0.7216 0.7608 0.8000
v -8.605940 23.541698 -0.895085 0.7216 0.7608 0.8000
v -8.536755 23.677485 -0.895085 0.7216 0.7608 0.8000
v -8.557200 23.828001 -1.002000 0.7216 0.7608 0.8000
v -8.578872 23.964834 -1.002000 0.7216 0.7608 0.8000
v -8.641768 24.088272 -1.002000 0.7216 0.7608 0.8000
v -8.739729 24.186235 -1.002000 0.7216 0.7608 0.8000
v -8.863167 24.249128 -1.002000 0.7216 0.7608 0.8000
v -9.000000 24.270802 -1.002000 0.7216 0.7608 0.8000
v -9.136833 24.249128 -1.002000 0.7216 0.7608 0.8000
v -9.260271 24.186235 -1.002000 0.7216 0.7608 0.8000
v -9.358232 24.088272 -1.002000 0.7216 0.7608 0.8000
v -9.421128 23.964834 -1.002000 0.7216 0.7608 0.8000
v -9.442800 23.828001 -1.002000 0.7216 0.7608 0.8000
v -9.421128 23.691168 -1.002000 0.7216 0.7608 0.8000
v -9.358232 23.567730 -1.002000 0.7216 0.7608 0.8000
v -9.260271 23.469769 -1.002000 0.7216 0.7608 0.8000
v -9.136833 23.406874 -1.002000 0.7216 0.7608 0.8000
v -9.000000 23.385202 -1.002000 0.7216 0.7608 0.8000
v -8.863167 23.406874 -1.002000 0.7216 0.7608 0.8000
v -8.739729 23.469769 -1.002000 0.7216 0.7608 0.8000
v -8.641768 23.567730 -1.002000 0.7216 0.7608 0.8000
v -8.578872 23.691168 -1.002000 0.7216 0.7608 0.8000
v -8.512915 23.828001 -1.108914 0.7216 0.7608 0.8000
v -8.536755 23.978519 -1.108914 0.7216 0.7608 0.8000
v -8.605940 24.114304 -1.108914 0.7216 0.7608 0.8000
v -8.713698 24.222061 -1.108914 0.7216 0.7608 0.8000
v -8.849483 24.291248 -1.108914 0.7216 0.7608 0.8000
v -9.000000 24.315088 -1.108914 0.7216 0.7608 0.8000
v -9.150517 24.291248 -1.108914 0.7216 0.7608 0.8000
v -9.286302 24.222061 -1.108914 0.7216 0.7608 0.8000
v -9.394060 24.114304 -1.108914 0.7216 0.7608 0.8000
v -9.463245 23.978519 -1.108914 0.7216 0.7608 0.8000
v -9.487085 23.828001 -1.108914 0.7216 0.7608 0.8000
v -9.463245 23.677485 -1.108914 0.7216 0.7608 0.8000
v -9.394060 23.541698 -1.108914 0.7216 0.7608 0.8000
v -9.286302 23.433941 -1.108914 0.7216 0.7608 0.8000
v -9.150517 23.364754 -1.108914 0.7216 0.7608 0.8000
v -9.000000 23.340916 -1.108914 0.7216 0.7608 0.8000
v -8.849483 23.364754 -1.108914 0.7216 0.7608 0.8000
v -8.713698 23.433941 -1.108914 0.7216 0.7608 0.8000
v -8.605940 23.541698 -1.108914 0.7216 0.7608 0.8000
v -8.536755 23.677485 -1.108914 0.7216 0.7608 0.8000
v -8.406000 23.828001 -1.153200 0.7216 0.7608 0.8000
v -8.435072 24.011559 -1.153200 0.7216 0.7608 0.8000
v -8.519444 24.177147 -1.153200 0.7216 0.7608 0.8000
v -8.650856 24.308558 -1.153200 0.7216 0.7608 0.8000
v -8.816443 24.392929 -1.153200 0.7216 0.7608 0.8000
v -9.000000 24.422001 -1.153200 0.7216 0.7608 0.8000
v -9.183557 24.392929 -1.153200 0.7216 0.7608 0.8000
v -9.349144 24.308558 -1.153200 0.7216 0.7608 0.8000
v -9.480556 24.177147 -1.153200 0.7216 0.7608 0.8000
v -9.564928 24.011559 -1.153200 0.7216 0.7608 0.8000
v -9.594000 23.828001 -1.153200 0.7216 0.7608 0.8000
v -9.564928 23.644445 -1.153200 0.7216 0.7608 0.8000
v -9.480556 23.478857 -1.153200 0.7216 0.7608 0.8000
v -9.349144 23.347445 -1.153200 0.7216 0.7608 0.8000
v -9.183557 23.263075 -1.153200 0.7216 0.7608 0.8000
v -9.000000 23.234003 -1.153200 0.7216 0.7608 0.8000
v -8.816443 23.263075 -1.153200 0.7216 0.7608 0.8000
v -8.650856 23.347445 -1.153200 0.7216 0.7608 0.8000
v -8.519444 23.478857 -1.153200 0.7216 0.7608 0.8000
v -8.435072 23.644445 -1.153200 0.7216 0.7608 0.8000
v -8.299086 23.828001 -1.108914 0.7216 0.7608 0.8000
v -8.333390 24.044596 -1.108914 0.7216 0.7608 0.8000
v -8.432948 24.239988 -1.108914 0.7216 0.7608 0.8000
v -8.588013 24.395052 -1.108914 0.7216 0.7608 0.8000
v -8.783405 24.494612 -1.108914 0.7216 0.7608 0.8000
v -9.000000 24.528915 -1.108914 0.7216 0.7608 0.8000
v -9.216595 24.494612 -1.108914 0.7216 0.7608 0.8000
v -9.411987 24.395052 -1.108914 0.7216 0.7608 0.8000
v -9.567052 24.239988 -1.108914 0.7216 0.7608 0.8000
v -9.666610 24.044596 -1.108914 0.7216 0.7608 0.8000
v -9.700914 23.828001 -1.108914 0.7216 0.7608 0.8000
v -9.666610 23.611406 -1.108914 0.7216 0.7608 0.8000
v -9.567052 23.416014 -1.108914 0.7216 0.7608 0.8000
v -9.411987 23.260950 -1.108914 0.7216 0.7608 0.8000
v -9.216595 23.161392 -1.108914 0.7216 0.7608 0.8000
v -9.000000 23.127087 -1.108914 0.7216 0.7608 0.8000
v -8.783405 23.161392 -1.108914 0.7216 0.7608 0.8000
v -8.588013 23.260950 -1.108914 0.7216 0.7608 0.8000
v -8.432948 23.416014 -1.108914 0.7216 0.7608 0.8000
v -8.333390 23.611406 -1.108914 0.7216 0.7608 0.8000
v -9.000000 24.368002 -1.088400 0.2471 0.7137 0.7882
v -9.000000 24.368002 -0.958800 0.2471 0.7137 0.7882
v -8.833131 24.341572 -1.088400 0.2471 0.7137 0.7882
v -8.833131 24.341572 -0.958800 0.2471 0.7137 0.7882
v -8.682596 24.264870 -1.088400 0.2471 0.7137 0.7882
v -8.682596 24.264870 -0.958800 0.2471 0.7137 0.7882
v -8.563130 24.145405 -1.088400 0.2471 0.7137 0.7882
v -8.563130 24.145405 -0.958800 0.2471 0.7137 0.7882
v -8.486429 23.994871 -1.088400 0.2471 0.7137 0.7882
v -8.486429 23.994871 -0.958800 0.2471 0.7137 0.7882
v -8.460000 23.828001 -1.088400 0.2471 0.7137 0.7882
v -8.460000 23.828001 -0.958800 0.2471 0.7137 0.7882
v -8.486429 23.661133 -1.088400 0.2471 0.7137 0.7882
v -8.486429 23.661133 -0.958800 0.2471 0.7137 0.7882
v -8.563130 23.510597 -1.088400 0.2471 0.7137 0.7882
v -8.563130 23.510597 -0.958800 0.2471 0.7137 0.7882
v -8.682596 23.391132 -1.088400 0.2471 0.7137 0.7882
v -8.682596 23.391132 -0.958800 0.2471 0.7137 0.7882
v -8.833131 23.314430 -1.088400 0.2471 0.7137 0.7882
v -8.833131 23.314430 -0.958800 0.2471 0.7137 0.7882
v -9.000000 23.288002 -1.088400 0.2471 0.7137 0.7882
v -9.000000 23.288002 -0.958800 0.2471 0.7137 0.7882
v -9.166869 23.314430 -1.088400 0.2471 0.7137 0.7882
v -9.166869 23.314430 -0.958800 0.2471 0.7137 0.7882
v -9.317404 23.391132 -1.088400 0.2471 0.7137 0.7882
v -9.317404 23.391132 -0.958800 0.2471 0.7137 0.7882
v -9.436870 23.510597 -1.088400 0.2471 0.7137 0.7882
v -9.436870 23.510597 -0.958800 0.2471 0.7137 0.7882
v -9.513571 23.661133 -1.088400 0.2471 0.7137 0.7882
v -9.513571 23.661133 -0.958800 0.2471 0.7137 0.7882
v -9.540000 23.828001 -1.088400 0.2471 0.7137 0.7882
v -9.540000 23.828001 -0.958800 0.2471 0.7137 0.7882
v -9.513571 23.994871 -1.088400 0.2471 0.7137 0.7882
v -9.513571 23.994871 -0.958800 0.2471 0.7137 0.7882
v -9.436870 24.145405 -1.088400 0.2471 0.7137 0.7882
v -9.436870 24.145405 -0.958800 0.2471 0.7137 0.7882
v -9.317404 24.264870 -1.088400 0.2471 0.7137 0.7882
v -9.317404 24.264870 -0.958800 0.2471 0.7137 0.7882
v -9.166869 24.341572 -1.088400 0.2471 0.7137 0.7882
v -9.166869 24.341572 -0.958800 0.2471 0.7137 0.7882
v -8.254800 20.048000 -1.002000 0.7216 0.7608 0.8000
v -8.291273 20.278282 -1.002000 0.7216 0.7608 0.8000
v -8.397120 20.486017 -1.002000 0.7216 0.7608 0.8000
v -8.561982 20.650881 -1.002000 0.7216 0.7608 0.8000
v -8.769720 20.756729 -1.002000 0.7216 0.7608 0.8000
v -9.000000 20.793201 -1.002000 0.7216 0.7608 0.8000
v -9.230280 20.756729 -1.002000 0.7216 0.7608 0.8000
v -9.438018 20.650881 -1.002000 0.7216 0.7608 0.8000
v -9.602880 20.486017 -1.002000 0.7216 0.7608 0.8000
v -9.708727 20.278282 -1.002000 0.7216 0.7608 0.8000
v -9.745200 20.048000 -1.002000 0.7216 0.7608 0.8000
v -9.708727 19.817720 -1.002000 0.7216 0.7608 0.8000
v -9.602880 19.609985 -1.002000 0.7216 0.7608 0.8000
v -9.438018 19.445122 -1.002000 0.7216 0.7608 0.8000
v -9.230280 19.339273 -1.002000 0.7216 0.7608 0.8000
v -9.000000 19.302801 -1.002000 0.7216 0.7608 0.8000
v -8.769720 19.339273 -1.002000 0.7216 0.7608 0.8000
v -8.561982 19.445122 -1.002000 0.7216 0.7608 0.8000
v -8.397120 19.609985 -1.002000 0.7216 0.7608 0.8000
v -8.291273 19.817720 -1.002000 0.7216 0.7608 0.8000
v -8.299086 20.048000 -0.895085 0.7216 0.7608 0.8000
v -8.333390 20.264595 -0.895085 0.7216 0.7608 0.8000
v -8.432948 20.459988 -0.895085 0.7216 0.7608 0.8000
v -8.588013 20.615053 -0.895085 0.7216 0.7608 0.8000
v -8.783405 20.714611 -0.895085 0.7216 0.7608 0.8000
v -9.000000 20.748915 -0.895085 0.7216 0.7608 0.8000
v -9.216595 20.714611 -0.895085 0.7216 0.7608 0.8000
v -9.411987 20.615053 -0.895085 0.7216 0.7608 0.8000
v -9.567052 20.459988 -0.895085 0.7216 0.7608 0.8000
v -9.666610 20.264595 -0.895085 0.7216 0.7608 0.8000
v -9.700914 20.048000 -0.895085 0.7216 0.7608 0.8000
v -9.666610 19.831408 -0.895085 0.7216 0.7608 0.8000
v -9.567052 19.636013 -0.895085 0.7216 0.7608 0.8000
v -9.411987 19.480949 -0.895085 0.7216 0.7608 0.8000
v -9.216595 19.381392 -0.895085 0.7216 0.7608 0.8000
v -9.000000 19.347088 -0.895085 0.7216 0.7608 0.8000
v -8.783405 19.381392 -0.895085 0.7216 0.7608 0.8000
v -8.588013 19.480949 -0.895085 0.7216 0.7608 0.8000
v -8.432948 19.636013 -0.895085 0.7216 0.7608 0.8000
v -8.333390 19.831408 -0.895085 0.7216 0.7608 0.8000
v -8.406000 20.048000 -0.850800 0.7216 0.7608 0.8000
v -8.435072 20.231558 -0.850800 0.7216 0.7608 0.8000
v -8.519444 20.397146 -0.850800 0.7216 0.7608 0.8000
v -8.650856 20.528557 -0.850800 0.7216 0.7608 0.8000
v -8.816443 20.612928 -0.850800 0.7216 0.7608 0.8000
v -9.000000 20.642000 -0.850800 0.7216 0.7608 0.8000
v -9.183557 20.612928 -0.850800 0.7216 0.7608 0.8000
v -9.349144 20.528557 -0.850800 0.7216 0.7608 0.8000
v -9.480556 20.397146 -0.850800 0.7216 0.7608 0.8000
v -9.564928 20.231558 -0.850800 0.7216 0.7608 0.8000
v -9.594000 20.048000 -0.850800 0.7216 0.7608 0.8000
v -9.564928 19.864445 -0.850800 0.7216 0.7608 0.8000
v -9.480556 19.698856 -0.850800 0.7216 0.7608 0.8000
v -9.349144 19.567444 -0.850800 0.7216 0.7608 0.8000
v -9.183557 19.483074 -0.850800 0.7216 0.7608 0.8000
v -9.000000 19.454002 -0.850800 0.7216 0.7608 0.8000
v -8.816443 19.483074 -0.850800 0.7216 0.7608 0.8000
v -8.650856 19.567444 -0.850800 0.7216 0.7608 0.8000
v -8.519444 19.698856 -0.850800 0.7216 0.7608 0.8000
v -8.435072 19.864445 -0.850800 0.7216 0.7608 0.8000
v -8.512915 20.048000 -0.895085 0.7216 0.7608 0.8000
v -8.536755 20.198519 -0.895085 0.7216 0.7608 0.8000
v -8.605940 20.334303 -0.895085 0.7216 0.7608 0.8000
v -8.713698 20.442060 -0.895085 0.7216 0.7608 0.8000
v -8.849483 20.511248 -0.895085 0.7216 0.7608 0.8000
v -9.000000 20.535088 -0.895085 0.7216 0.7608 0.8000
v -9.150517 20.511248 -0.895085 0.7216 0.7608 0.8000
v -9.286302 20.442060 -0.895085 0.7216 0.7608 0.8000
v -9.394060 20.334303 -0.895085 0.7216 0.7608 0.8000
v -9.463245 20.198519 -0.895085 0.7216 0.7608 0.8000
v -9.487085 20.048000 -0.895085 0.7216 0.7608 0.8000
v -9.463245 19.897484 -0.895085 0.7216 0.7608 0.8000
v -9.394060 19.761700 -0.895085 0.7216 0.7608 0.8000
v -9.286302 19.653942 -0.895085 0.7216 0.7608 0.8000
v -9.150517 19.584755 -0.895085 0.7216 0.7608 0.8000
v -9.000000 19.560915 -0.895085 0.7216 0.7608 0.8000
v -8.849483 19.584755 -0.895085 0.7216 0.7608 0.8000
v -8.713698 19.653942 -0.895085 0.7216 0.7608 0.8000
v -8.605940 19.761700 -0.895085 0.7216 0.7608 0.8000
v -8.536755 19.897484 -0.895085 0.7216 0.7608 0.8000
v -8.557200 20.048000 -1.002000 0.7216 0.7608 0.8000
v -8.578872 20.184835 -1.002000 0.7216 0.7608 0.8000
v -8.641768 20.308271 -1.002000 0.7216 0.7608 0.8000
v -8.739729 20.406235 -1.002000 0.7216 0.7608 0.8000
v -8.863167 20.469128 -1.002000 0.7216 0.7608 0.8000
v -9.000000 20.490801 -1.002000 0.7216 0.7608 0.8000
v -9.136833 20.469128 -1.002000 0.7216 0.7608 0.8000
v -9.260271 20.406235 -1.002000 0.7216 0.7608 0.8000
v -9.358232 20.308271 -1.002000 0.7216 0.7608 0.8000
v -9.421128 20.184835 -1.002000 0.7216 0.7608 0.8000
v -9.442800 20.048000 -1.002000 0.7216 0.7608 0.8000
v -9.421128 19.911167 -1.002000 0.7216 0.7608 0.8000
v -9.358232 19.787731 -1.002000 0.7216 0.7608 0.8000
v -9.260271 19.689768 -1.002000 0.7216 0.7608 0.8000
v -9.136833 19.626873 -1.002000 0.7216 0.7608 0.8000
v -9.000000 19.605202 -1.002000 0.7216 0.7608 0.8000
v -8.863167 19.626873 -1.002000 0.7216 0.7608 0.8000
v -8.739729 19.689768 -1.002000 0.7216 0.7608 0.8000
v -8.641768 19.787731 -1.002000 0.7216 0.7608 0.8000
v -8.578872 19.911167 -1.002000 0.7216 0.7608 0.8000
v -8.512915 20.048000 -1.108914 0.7216 0.7608 0.8000
v -8.536755 20.198519 -1.108914 0.7216 0.7608 0.8000
v -8.605940 20.334303 -1.108914 0.7216 0.7608 0.8000
v -8.713698 20.442060 -1.108914 0.7216 0.7608 0.8000
v -8.849483 20.511248 -1.108914 0.7216 0.7608 0.8000
v -9.000000 20.535088 -1.108914 0.7216 0.7608 0.8000
v -9.150517 20.511248 -1.108914 0.7216 0.7608 0.8000
v -9.286302 20.442060 -1.108914 0.7216 0.7608 0.8000
v -9.394060 20.334303 -1.108914 0.7216 0.7608 0.8000
v -9.463245 20.198519 -1.108914 0.7216 0.7608 0.8000
v -9.487085 20.048000 -1.108914 0.7216 0.7608 0.8000
v -9.463245 19.897484 -1.108914 0.7216 0.7608 0.8000
v -9.394060 19.761700 -1.108914 0.7216 0.7608 0.8000
v -9.286302 19.653942 -1.108914 0.7216 0.7608 0.8000
v -9.150517 19.584755 -1.108914 0.7216 0.7608 0.8000
v -9.000000 19.560915 -1.108914 0.7216 0.7608 0.8000
v -8.849483 19.584755 -1.108914 0.7216 0.7608 0.8000
v -8.713698 19.653942 -1.108914 0.7216 0.7608 0.8000
v -8.605940 19.761700 -1.108914 0.7216 0.7608 0.8000
v -8.536755 19.897484 -1.108914 0.7216 0.7608 0.8000
v -8.406000 20.048000 -1.153200 0.7216 0.7608 0.8000
v -8.435072 20.231558 -1.153200 0.7216 0.7608 0.8000
v -8.519444 20.397146 -1.153200 0.7216 0.7608 0.8000
v -8.650856 20.528557 -1.153200 0.7216 0.7608 0.8000
v -8.816443 20.612928 -1.153200 0.7216 0.7608 0.8000
v -9.000000 20.642000 -1.153200 0.7216 0.7608 0.8000
v -9.183557 20.612928 -1.153200 0.7216 0.7608 0.8000
v -9.349144 20.528557 -1.153200 0.7216 0.7608 0.8000
v -9.480556 20.397146 -1.153200 0.7216 0.7608 0.8000
v -9.564928 20.231558 -1.153200 0.7216 0.7608 0.8000
v -9.594000 20.048000 -1.153200 0.7216 0.7608 0.8000
v -9.564928 19.864445 -1.153200 0.7216 0.7608 0.8000
v -9.480556 19.698856 -1.153200 0.7216 0.7608 0.8000
v -9.349144 19.567444 -1.153200 0.7216 0.7608 0.8000
v -9.183557 19.483074 -1.153200 0.7216 0.7608 0.8000
v -9.000000 19.454002 -1.153200 0.7216 0.7608 0.8000
v -8.816443 19.483074 -1.153200 0.7216 0.7608 0.8000
v -8.650856 19.567444 -1.153200 0.7216 0.7608 0.8000
v -8.519444 19.698856 -1.153200 0.7216 0.7608 0.8000
v -8.435072 19.864445 -1.153200 0.7216 0.7608 0.8000
v -8.299086 20.048000 -1.108914 0.7216 0.7608 0.8000
v -8.333390 20.264595 -1.108914 0.7216 0.7608 0.8000
v -8.432948 20.459988 -1.108914 0.7216 0.7608 0.8000
v -8.588013 20.615053 -1.108914 0.7216 0.7608 0.8000
v -8.783405 20.714611 -1.108914 0.7216 0.7608 0.8000
v -9.000000 20.748915 -1.108914 0.7216 0.7608 0.8000
v -9.216595 20.714611 -1.108914 0.7216 0.7608 0.8000
v -9.411987 20.615053 -1.108914 0.7216 0.7608 0.8000
v -9.567052 20.459988 -1.108914 0.7216 0.7608 0.8000
v -9.666610 20.264595 -1.108914 0.7216 0.7608 0.8000
v -9.700914 20.048000 -1.108914 0.7216 0.7608 0.8000
v -9.666610 19.831408 -1.108914 0.7216 0.7608 0.8000
v -9.567052 19.636013 -1.108914 0.7216 0.7608 0.8000
v -9.411987 19.480949 -1.108914 0.7216 0.7608 0.8000
v -9.216595 19.381392 -1.108914 0.7216 0.7608 0.8000
v -9.000000 19.347088 -1.108914 0.7216 0.7608 0.8000
v -8.783405 19.381392 -1.108914 0.7216 0.7608 0.8000
v -8.588013 19.480949 -1.108914 0.7216 0.7608 0.8000
v -8.432948 19.636013 -1.108914 0.7216 0.7608 0.8000
v -8.333390 19.831408 -1.108914 0.7216 0.7608 0.8000
v -9.000000 20.588001 -1.088400 0.2471 0.7137 0.7882
v -9.000000 20.588001 -0.958800 0.2471 0.7137 0.7882
v -8.833131 20.561573 -1.088400 0.2471 0.7137 0.7882
v -8.833131 20.561573 -0.958800 0.2471 0.7137 0.7882
v -8.682596 20.484871 -1.088400 0.2471 0.7137 0.7882
v -8.682596 20.484871 -0.958800 0.2471 0.7137 0.7882
v -8.563130 20.365404 -1.088400 0.2471 0.7137 0.7882
v -8.563130 20.365404 -0.958800 0.2471 0.7137 0.7882
v -8.486429 20.214870 -1.088400 0.2471 0.7137 0.7882
v -8.486429 20.214870 -0.958800 0.2471 0.7137 0.7882
v -8.460000 20.048000 -1.088400 0.2471 0.7137 0.7882
v -8.460000 20.048000 -0.958800 0.2471 0.7137 0.7882
v -8.486429 19.881132 -1.088400 0.2471 0.7137 0.7882
v -8.486429 19.881132 -0.958800 0.2471 0.7137 0.7882
v -8.563130 19.730598 -1.088400 0.2471 0.7137 0.7882
v -8.563130 19.730598 -0.958800 0.2471 0.7137 0.7882
v -8.682596 19.611132 -1.088400 0.2471 0.7137 0.7882
v -8.682596 19.611132 -0.958800 0.2471 0.7137 0.7882
v -8.833131 19.534430 -1.088400 0.2471 0.7137 0.7882
v -8.833131 19.534430 -0.958800 0.2471 0.7137 0.7882
v -9.000000 19.508001 -1.088400 0.2471 0.7137 0.7882
v -9.000000 19.508001 -0.958800 0.2471 0.7137 0.7882
v -9.166869 19.534430 -1.088400 0.2471 0.7137 0.7882
v -9.166869 19.534430 -0.958800 0.2471 0.7137 0.7882
v -9.317404 19.611132 -1.088400 0.2471 0.7137 0.7882
v -9.317404 19.611132 -0.958800 0.2471 0.7137 0.7882
v -9.436870 19.730598 -1.088400 0.2471 0.7137 0.7882
v -9.436870 19.730598 -0.958800 0.2471 0.7137 0.7882
v -9.513571 19.881132 -1.088400 0.2471 0.7137 0.7882
v -9.513571 19.881132 -0.958800 0.2471 0.7137 0.7882
v -9.540000 20.048000 -1.088400 0.2471 0.7137 0.7882
v -9.540000 20.048000 -0.958800 0.2471 0.7137 0.7882
v -9.513571 20.214870 -1.088400 0.2471 0.7137 0.7882
v -9.513571 20.214870 -0.958800 0.2471 0.7137 0.7882
v -9.436870 20.365404 -1.088400 0.2471 0.7137 0.7882
v -9.436870 20.365404 -0.958800 0.2471 0.7137 0.7882
v -9.317404 20.484871 -1.088400 0.2471 0.7137 0.7882
v -9.317404 20.484871 -0.958800 0.2471 0.7137 0.7882
v -9.166869 20.561573 -1.088400 0.2471 0.7137 0.7882
v -9.166869 20.561573 -0.958800 0.2471 0.7137 0.7882
v -8.898001 4.016000 -4.728000 0.8470 0.2275 0.1804
v -8.898001 3.929167 -4.781666 0.8470 0.2275 0.1804
v -8.838000 3.993082 -4.788000 0.8470 0.2275 0.1804
v -8.898001 3.964904 -4.742406 0.8470 0.2275 0.1804
v -8.863359 3.970845 -4.752020 0.8470 0.2275 0.1804
v -8.855574 3.948698 -4.784833 0.8470 0.2275 0.1804
v -8.855574 4.010098 -4.746886 0.8470 0.2275 0.1804
v -8.898001 2.686833 -7.266335 0.8470 0.2275 0.1804
v -8.898001 2.720000 -7.320000 0.8470 0.2275 0.1804
v -8.838000 2.757082 -7.260000 0.8470 0.2275 0.1804
v -8.898001 2.683310 -7.305594 0.8470 0.2275 0.1804
v -8.863359 2.698866 -7.295980 0.8470 0.2275 0.1804
v -8.855574 2.732984 -7.301115 0.8470 0.2275 0.1804
v -8.855574 2.709531 -7.263167 0.8470 0.2275 0.1804
v -8.898001 4.328001 -7.320000 0.8470 0.2275 0.1804
v -8.898001 4.437923 -7.286718 0.8470 0.2275 0.1804
v -8.838000 4.369834 -7.260000 0.8470 0.2275 0.1804
v -8.898001 4.385049 -7.310252 0.8470 0.2275 0.1804
v -8.863358 4.382682 -7.302436 0.8470 0.2275 0.1804
v -8.855573 4.410770 -7.283699 0.8470 0.2275 0.1804
v -8.855573 4.348918 -7.302426 0.8470 0.2275 0.1804
v -8.898001 8.216000 -4.728000 0.8470 0.2275 0.1804
v -8.838000 8.077833 -4.788000 0.8470 0.2275 0.1804
v -8.898001 8.226077 -4.761282 0.8470 0.2275 0.1804
v -8.855573 8.146914 -4.745574 0.8470 0.2275 0.1804
v -8.863358 8.203801 -4.749860 0.8470 0.2275 0.1804
v -8.855573 8.158846 -4.784981 0.8470 0.2275 0.1804
v -8.898001 8.243805 -4.737749 0.8470 0.2275 0.1804
v -9.101999 4.016000 -4.728000 0.8470 0.2275 0.1804
v -9.162000 3.993082 -4.788000 0.8470 0.2275 0.1804
v -9.101999 3.929167 -4.781666 0.8470 0.2275 0.1804
v -9.144426 4.010098 -4.746886 0.8470 0.2275 0.1804
v -9.136641 3.970845 -4.752020 0.8470 0.2275 0.1804
v -9.144426 3.948698 -4.784833 0.8470 0.2275 0.1804
v -9.101999 3.964904 -4.742406 0.8470 0.2275 0.1804
v -9.101999 2.720000 -7.320000 0.8470 0.2275 0.1804
v -9.101999 2.686833 -7.266335 0.8470 0.2275 0.1804
v -9.162000 2.757082 -7.260000 0.8470 0.2275 0.1804
v -9.101999 2.683310 -7.305594 0.8470 0.2275 0.1804
v -9.136641 2.698866 -7.295980 0.8470 0.2275 0.1804
v -9.144426 2.709531 -7.263167 0.8470 0.2275 0.1804
v -9.144426 2.732984 -7.301115 0.8470 0.2275 0.1804
v -9.101999 4.437923 -7.286718 0.8470 0.2275 0.1804
v -9.101999 4.328001 -7.320000 0.8470 0.2275 0.1804
v -9.162000 4.369834 -7.260000 0.8470 0.2275 0.1804
v -9.101999 4.385049 -7.310252 0.8470 0.2275 0.1804
v -9.136642 4.382683 -7.302436 0.8470 0.2275 0.1804
v -9.144427 4.348918 -7.302426 0.8470 0.2275 0.1804
v -9.144427 4.410771 -7.283699 0.8470 0.2275 0.1804
v -9.101999 8.216000 -4.728000 0.8470 0.2275 0.1804
v -9.101999 8.226077 -4.761282 0.8470 0.2275 0.1804
v -9.162000 8.077833 -4.788000 0.8470 0.2275 0.1804
v -9.101999 8.243805 -4.737749 0.8470 0.2275 0.1804
v -9.136642 8.203801 -4.749860 0.8470 0.2275 0.1804
v -9.144427 8.158846 -4.784981 0.8470 0.2275 0.1804
v -9.144427 8.146914 -4.745574 0.8470 0.2275 0.1804
v -10.547492 4.016000 -2.224334 0.8470 0.2275 0.1804
v -10.593967 3.929167 -2.197502 0.8470 0.2275 0.1804
v -10.629454 3.993082 -2.246296 0.8470 0.2275 0.1804
v -10.559969 3.964904 -2.217132 0.8470 0.2275 0.1804
v -10.585615 3.970845 -2.242325 0.8470 0.2275 0.1804
v -10.617924 3.948698 -2.232661 0.8470 0.2275 0.1804
v -10.585061 4.010098 -2.251634 0.8470 0.2275 0.1804
v -12.745754 2.686833 -0.955167 0.8470 0.2275 0.1804
v -12.792230 2.720000 -0.928335 0.8470 0.2275 0.1804
v -12.770267 2.757082 -1.010296 0.8470 0.2275 0.1804
v -12.779753 2.683310 -0.935538 0.8470 0.2275 0.1804
v -12.788747 2.698866 -0.970345 0.8470 0.2275 0.1804
v -12.797087 2.732984 -0.974520 0.8470 0.2275 0.1804
v -12.764223 2.709532 -0.993493 0.8470 0.2275 0.1804
v -12.792230 4.328001 -0.928335 0.8470 0.2275 0.1804
v -12.763407 4.437923 -0.944976 0.8470 0.2275 0.1804
v -12.770267 4.369834 -1.010296 0.8470 0.2275 0.1804
v -12.783789 4.385049 -0.933208 0.8470 0.2275 0.1804
v -12.794339 4.382683 -0.967117 0.8470 0.2275 0.1804
v -12.782004 4.410772 -0.983228 0.8470 0.2275 0.1804
v -12.798223 4.348917 -0.973864 0.8470 0.2275 0.1804
v -10.547492 8.216000 -2.224334 0.8470 0.2275 0.1804
v -10.629454 8.077832 -2.246296 0.8470 0.2275 0.1804
v -10.576315 8.226077 -2.207694 0.8470 0.2275 0.1804
v -10.583923 8.146917 -2.252290 0.8470 0.2275 0.1804
v -10.583745 8.203802 -2.243406 0.8470 0.2275 0.1804
v -10.618052 8.158848 -2.232587 0.8470 0.2275 0.1804
v -10.555933 8.243805 -2.219461 0.8470 0.2275 0.1804
v -10.445492 4.016000 -2.047665 0.8470 0.2275 0.1804
v -10.467454 3.993082 -1.965704 0.8470 0.2275 0.1804
v -10.491967 3.929167 -2.020833 0.8470 0.2275 0.1804
v -10.440633 4.010098 -2.001480 0.8470 0.2275 0.1804
v -10.448973 3.970845 -2.005655 0.8470 0.2275 0.1804
v -10.473496 3.948698 -1.982507 0.8470 0.2275 0.1804
v -10.457967 3.964904 -2.040462 0.8470 0.2275 0.1804
v -12.690229 2.720000 -0.751665 0.8470 0.2275 0.1804
v -12.643754 2.686833 -0.778498 0.8470 0.2275 0.1804
v -12.608268 2.757082 -0.729704 0.8470 0.2275 0.1804
v -12.677754 2.683310 -0.758868 0.8470 0.2275 0.1804
v -12.652108 2.698866 -0.733675 0.8470 0.2275 0.1804
v -12.619800 2.709532 -0.743339 0.8470 0.2275 0.1804
v -12.652662 2.732984 -0.724366 0.8470 0.2275 0.1804
v -12.661407 4.437923 -0.768306 0.8470 0.2275 0.1804
v -12.690229 4.328001 -0.751665 0.8470 0.2275 0.1804
v -12.608268 4.369834 -0.729704 0.8470 0.2275 0.1804
v -12.681787 4.385049 -0.756540 0.8470 0.2275 0.1804
v -12.657698 4.382683 -0.730447 0.8470 0.2275 0.1804
v -12.653796 4.348918 -0.723710 0.8470 0.2275 0.1804
v -12.637578 4.410772 -0.733074 0.8470 0.2275 0.1804
v -10.445492 8.216000 -2.047665 0.8470 0.2275 0.1804
v -10.474315 8.226077 -2.031024 0.8470 0.2275 0.1804
v -10.467454 8.077832 -1.965704 0.8470 0.2275 0.1804
v -10.453935 8.243805 -2.042791 0.8470 0.2275 0.1804
v -10.447103 8.203802 -2.006735 0.8470 0.2275 0.1804
v -10.473625 8.158848 -1.982433 0.8470 0.2275 0.1804
v -10.439497 8.146917 -2.002136 0.8470 0.2275 0.1804
v -7.554508 4.016000 -2.047665 0.8470 0.2275 0.1804
v -7.508032 3.929167 -2.020833 0.8470 0.2275 0.1804
v -7.532547 3.993082 -1.965704 0.8470 0.2275 0.1804
v -7.542032 3.964904 -2.040462 0.8470 0.2275 0.1804
v -7.551026 3.970845 -2.005655 0.8470 0.2275 0.1804
v -7.526503 3.948698 -1.982507 0.8470 0.2275 0.1804
v -7.559366 4.010098 -2.001480 0.8470 0.2275 0.1804
v -5.356246 2.686833 -0.778498 0.8470 0.2275 0.1804
v -5.309770 2.720000 -0.751665 0.8470 0.2275 0.1804
v -5.391732 2.757082 -0.729703 0.8470 0.2275 0.1804
v -5.322246 2.683310 -0.758868 0.8470 0.2275 0.1804
v -5.347892 2.698866 -0.733675 0.8470 0.2275 0.1804
v -5.347338 2.732984 -0.724365 0.8470 0.2275 0.1804
v -5.380202 2.709531 -0.743339 0.8470 0.2275 0.1804
v -5.309770 4.328001 -0.751665 0.8470 0.2275 0.1804
v -5.338593 4.437923 -0.768306 0.8470 0.2275 0.1804
v -5.391732 4.369834 -0.729703 0.8470 0.2275 0.1804
v -5.318212 4.385049 -0.756539 0.8470 0.2275 0.1804
v -5.342302 4.382682 -0.730446 0.8470 0.2275 0.1804
v -5.362422 4.410771 -0.733073 0.8470 0.2275 0.1804
v -5.346202 4.348917 -0.723709 0.8470 0.2275 0.1804
v -7.554508 8.216000 -2.047665 0.8470 0.2275 0.1804
v -7.532547 8.077833 -1.965704 0.8470 0.2275 0.1804
v -7.525685 8.226077 -2.031024 0.8470 0.2275 0.1804
v -7.560503 8.146916 -2.002136 0.8470 0.2275 0.1804
v -7.552897 8.203802 -2.006735 0.8470 0.2275 0.1804
v -7.526375 8.158848 -1.982433 0.8470 0.2275 0.1804
v -7.546066 8.243805 -2.042791 0.8470 0.2275 0.1804
v -7.452508 4.016000 -2.224334 0.8470 0.2275 0.1804
v -7.370547 3.993082 -2.246296 0.8470 0.2275 0.1804
v -7.406033 3.929167 -2.197502 0.8470 0.2275 0.1804
v -7.414940 4.010098 -2.251634 0.8470 0.2275 0.1804
v -7.414386 3.970845 -2.242324 0.8470 0.2275 0.1804
v -7.382077 3.948698 -2.232661 0.8470 0.2275 0.1804
v -7.440032 3.964903 -2.217131 0.8470 0.2275 0.1804
v -5.207770 2.720000 -0.928334 0.8470 0.2275 0.1804
v -5.254246 2.686833 -0.955167 0.8470 0.2275 0.1804
v -5.229732 2.757082 -1.010295 0.8470 0.2275 0.1804
v -5.220247 2.683310 -0.935537 0.8470 0.2275 0.1804
v -5.211252 2.698866 -0.970344 0.8470 0.2275 0.1804
v -5.235776 2.709531 -0.993493 0.8470 0.2275 0.1804
v -5.202913 2.732984 -0.974519 0.8470 0.2275 0.1804
v -5.236593 4.437923 -0.944975 0.8470 0.2275 0.1804
v -5.207770 4.328001 -0.928334 0.8470 0.2275 0.1804
v -5.229732 4.369834 -1.010295 0.8470 0.2275 0.1804
v -5.216212 4.385049 -0.933208 0.8470 0.2275 0.1804
v -5.205660 4.382683 -0.967117 0.8470 0.2275 0.1804
v -5.201776 4.348917 -0.973863 0.8470 0.2275 0.1804
v -5.217995 4.410772 -0.983227 0.8470 0.2275 0.1804
v -7.452508 8.216000 -2.224334 0.8470 0.2275 0.1804
v -7.423685 8.226077 -2.207694 0.8470 0.2275 0.1804
v -7.370547 8.077833 -2.246296 0.8470 0.2275 0.1804
v -7.444066 8.243805 -2.219460 0.8470 0.2275 0.1804
v -7.416256 8.203801 -2.243406 0.8470 0.2275 0.1804
v -7.381948 8.158847 -2.232587 0.8470 0.2275 0.1804
v -7.416076 8.146917 -2.252290 0.8470 0.2275 0.1804
v -9.000000 15.188001 -5.138400 1.0000 0.9647 0.8980
v -9.000000 16.268002 -5.138400 1.0000 0.9647 0.8980
v -8.524161 15.188001 -5.084786 1.0000 0.9647 0.8980
v -8.524161 16.268002 -5.084786 1.0000 0.9647 0.8980
v -8.072183 15.188001 -4.926632 1.0000 0.9647 0.8980
v -8.072183 16.268002 -4.926632 1.0000 0.9647 0.8980
v -7.666729 15.188001 -4.671868 1.0000 0.9647 0.8980
v -7.666729 16.268002 -4.671868 1.0000 0.9647 0.8980
v -7.328132 15.188001 -4.333271 1.0000 0.9647 0.8980
v -7.328132 16.268002 -4.333271 1.0000 0.9647 0.8980
v -7.073368 15.188001 -3.927817 1.0000 0.9647 0.8980
v -7.073368 16.268002 -3.927817 1.0000 0.9647 0.8980
v -6.915214 15.188001 -3.475839 1.0000 0.9647 0.8980
v -6.915214 16.268002 -3.475839 1.0000 0.9647 0.8980
v -6.861600 15.188001 -3.000000 1.0000 0.9647 0.8980
v -6.861600 16.268002 -3.000000 1.0000 0.9647 0.8980
v -6.915214 15.188001 -2.524161 1.0000 0.9647 0.8980
v -6.915214 16.268002 -2.524161 1.0000 0.9647 0.8980
v -7.073368 15.188001 -2.072183 1.0000 0.9647 0.8980
v -7.073368 16.268002 -2.072183 1.0000 0.9647 0.8980
v -7.328132 15.188001 -1.666729 1.0000 0.9647 0.8980
v -7.328132 16.268002 -1.666729 1.0000 0.9647 0.8980
v -7.666729 15.188001 -1.328132 1.0000 0.9647 0.8980
v -7.666729 16.268002 -1.328132 1.0000 0.9647 0.8980
v -8.072183 15.188001 -1.073368 1.0000 0.9647 0.8980
v -8.072183 16.268002 -1.073368 1.0000 0.9647 0.8980
v -8.524161 15.188001 -0.915214 1.0000 0.9647 0.8980
v -8.524161 16.268002 -0.915214 1.0000 0.9647 0.8980
v -9.000000 15.188001 -0.861600 1.0000 0.9647 0.8980
v -9.000000 16.268002 -0.861600 1.0000 0.9647 0.8980
v -9.475839 15.188001 -0.915214 1.0000 0.9647 0.8980
v -9.475839 16.268002 -0.915214 1.0000 0.9647 0.8980
v -9.927817 15.188001 -1.073368 1.0000 0.9647 0.8980
v -9.927817 16.268002 -1.073368 1.0000 0.9647 0.8980
v -10.333271 15.188001 -1.328132 1.0000 0.9647 0.8980
v -10.333271 16.268002 -1.328132 1.0000 0.9647 0.8980
v -10.671868 15.188001 -1.666729 1.0000 0.9647 0.8980
v -10.671868 16.268002 -1.666729 1.0000 0.9647 0.8980
v -10.926632 15.188001 -2.072183 1.0000 0.9647 0.8980
v -10.926632 16.268002 -2.072183 1.0000 0.9647 0.8980
v -11.084785 15.188001 -2.524161 1.0000 0.9647 0.8980
v -11.084785 16.268002 -2.524161 1.0000 0.9647 0.8980
v -11.138400 15.188001 -3.000000 1.0000 0.9647 0.8980
v -11.138400 16.268002 -3.000000 1.0000 0.9647 0.8980
v -11.084785 15.188001 -3.475839 1.0000 0.9647 0.8980
v -11.084785 16.268002 -3.475839 1.0000 0.9647 0.8980
v -10.926632 15.188001 -3.927817 1.0000 0.9647 0.8980
v -10.926632 16.268002 -3.927817 1.0000 0.9647 0.8980
v -10.671868 15.188001 -4.333271 1.0000 0.9647 0.8980
v -10.671868 16.268002 -4.333271 1.0000 0.9647 0.8980
v -10.333271 15.188001 -4.671868 1.0000 0.9647 0.8980
v -10.333271 16.268002 -4.671868 1.0000 0.9647 0.8980
v -9.927817 15.188001 -4.926632 1.0000 0.9647 0.8980
v -9.927817 16.268002 -4.926632 1.0000 0.9647 0.8980
v -9.475839 15.188001 -5.084786 1.0000 0.9647 0.8980
v -9.475839 16.268002 -5.084786 1.0000 0.9647 0.8980
v -1.940000 0.500000 -1.560000 0.8470 0.2275 0.1804
v -1.940000 0.540000 -1.520000 0.8470 0.2275 0.1804
v -1.980000 0.540000 -1.560000 0.8470 0.2275 0.1804
v -1.940000 32.459999 -1.520000 0.8470 0.2275 0.1804
v -1.940000 32.500000 -1.560000 0.8470 0.2275 0.1804
v -1.980000 32.459999 -1.560000 0.8470 0.2275 0.1804
v -1.940000 0.500000 -1.840000 0.8470 0.2275 0.1804
v -1.980000 0.540000 -1.840000 0.8470 0.2275 0.1804
v -1.940000 0.540000 -1.880000 0.8470 0.2275 0.1804
v -1.940000 32.500000 -1.840000 0.8470 0.2275 0.1804
v -1.940000 32.459999 -1.880000 0.8470 0.2275 0.1804
v -1.980000 32.459999 -1.840000 0.8470 0.2275 0.1804
v -1.660000 0.500000 -1.560000 0.8470 0.2275 0.1804
v -1.620000 0.540000 -1.560000 0.8470 0.2275 0.1804
v -1.660000 0.540000 -1.520000 0.8470 0.2275 0.1804
v -1.660000 32.500000 -1.560000 0.8470 0.2275 0.1804
v -1.660000 32.459999 -1.520000 0.8470 0.2275 0.1804
v -1.620000 32.459999 -1.560000 0.8470 0.2275 0.1804
v -1.660000 0.500000 -1.840000 0.8470 0.2275 0.1804
v -1.660000 0.540000 -1.880000 0.8470 0.2275 0.1804
v -1.620000 0.540000 -1.840000 0.8470 0.2275 0.1804
v -1.660000 32.500000 -1.840000 0.8470 0.2275 0.1804
v -1.620000 32.459999 -1.840000 0.8470 0.2275 0.1804
v -1.660000 32.459999 -1.880000 0.8470 0.2275 0.1804
v -1.940000 0.500000 -5.160000 0.8470 0.2275 0.1804
v -1.940000 0.540000 -5.120000 0.8470 0.2275 0.1804
v -1.980000 0.540000 -5.160000 0.8470 0.2275 0.1804
v -1.940000 32.459999 -5.120000 0.8470 0.2275 0.1804
v -1.940000 32.500000 -5.160000 0.8470 0.2275 0.1804
v -1.980000 32.459999 -5.160000 0.8470 0.2275 0.1804
v -1.940000 0.500000 -5.440000 0.8470 0.2275 0.1804
v -1.980000 0.540000 -5.440000 0.8470 0.2275 0.1804
v -1.940000 0.540000 -5.480000 0.8470 0.2275 0.1804
v -1.940000 32.500000 -5.440000 0.8470 0.2275 0.1804
v -1.940000 32.459999 -5.480000 0.8470 0.2275 0.1804
v -1.980000 32.459999 -5.440000 0.8470 0.2275 0.1804
v -1.660000 0.500000 -5.160000 0.8470 0.2275 0.1804
v -1.620000 0.540000 -5.160000 0.8470 0.2275 0.1804
v -1.660000 0.540000 -5.120000 0.8470 0.2275 0.1804
v -1.660000 32.500000 -5.160000 0.8470 0.2275 0.1804
v -1.660000 32.459999 -5.120000 0.8470 0.2275 0.1804
v -1.620000 32.459999 -5.160000 0.8470 0.2275 0.1804
v -1.660000 0.500000 -5.440000 0.8470 0.2275 0.1804
v -1.660000 0.540000 -5.480000 0.8470 0.2275 0.1804
v -1.620000 0.540000 -5.440000 0.8470 0.2275 0.1804
v -1.660000 32.500000 -5.440000 0.8470 0.2275 0.1804
v -1.620000 32.459999 -5.440000 0.8470 0.2275 0.1804
v -1.660000 32.459999 -5.480000 0.8470 0.2275 0.1804
v 1.660000 0.500000 -1.560000 0.8470 0.2275 0.1804
v 1.660000 0.540000 -1.520000 0.8470 0.2275 0.1804
v 1.620000 0.540000 -1.560000 0.8470 0.2275 0.1804
v 1.660000 32.459999 -1.520000 0.8470 0.2275 0.1804
v 1.660000 32.500000 -1.560000 0.8470 0.2275 0.1804
v 1.620000 32.459999 -1.560000 0.8470 0.2275 0.1804
v 1.660000 0.500000 -1.840000 0.8470 0.2275 0.1804
v 1.620000 0.540000 -1.840000 0.8470 0.2275 0.1804
v 1.660000 0.540000 -1.880000 0.8470 0.2275 0.1804
v 1.660000 32.500000 -1.840000 0.8470 0.2275 0.1804
v 1.660000 32.459999 -1.880000 0.8470 0.2275 0.1804
v 1.620000 32.459999 -1.840000 0.8470 0.2275 0.1804
v 1.940000 0.500000 -1.560000 0.8470 0.2275 0.1804
v 1.980000 0.540000 -1.560000 0.8470 0.2275 0.1804
v 1.940000 0.540000 -1.520000 0.8470 0.2275 0.1804
v 1.940000 32.500000 -1.560000 0.8470 0.2275 0.1804
v 1.940000 32.459999 -1.520000 0.8470 0.2275 0.1804
v 1.980000 32.459999 -1.560000 0.8470 0.2275 0.1804
v 1.940000 0.500000 -1.840000 0.8470 0.2275 0.1804
v 1.940000 0.540000 -1.880000 0.8470 0.2275 0.1804
v 1.980000 0.540000 -1.840000 0.8470 0.2275 0.1804
v 1.940000 32.500000 -1.840000 0.8470 0.2275 0.1804
v 1.980000 32.459999 -1.840000 0.8470 0.2275 0.1804
v 1.940000 32.459999 -1.880000 0.8470 0.2275 0.1804
v 1.660000 0.500000 -5.160000 0.8470 0.2275 0.1804
v 1.660000 0.540000 -5.120000 0.8470 0.2275 0.1804
v 1.620000 0.540000 -5.160000 0.8470 0.2275 0.1804
v 1.660000 32.459999 -5.120000 0.8470 0.2275 0.1804
v 1.660000 32.500000 -5.160000 0.8470 0.2275 0.1804
v 1.620000 32.459999 -5.160000 0.8470 0.2275 0.1804
v 1.660000 0.500000 -5.440000 0.8470 0.2275 0.1804
v 1.620000 0.540000 -5.440000 0.8470 0.2275 0.1804
v 1.660000 0.540000 -5.480000 0.8470 0.2275 0.1804
v 1.660000 32.500000 -5.440000 0.8470 0.2275 0.1804
v 1.660000 32.459999 -5.480000 0.8470 0.2275 0.1804
v 1.620000 32.459999 -5.440000 0.8470 0.2275 0.1804
v 1.940000 0.500000 -5.160000 0.8470 0.2275 0.1804
v 1.980000 0.540000 -5.160000 0.8470 0.2275 0.1804
v 1.940000 0.540000 -5.120000 0.8470 0.2275 0.1804
v 1.940000 32.500000 -5.160000 0.8470 0.2275 0.1804
v 1.940000 32.459999 -5.120000 0.8470 0.2275 0.1804
v 1.980000 32.459999 -5.160000 0.8470 0.2275 0.1804
v 1.940000 0.500000 -5.440000 0.8470 0.2275 0.1804
v 1.940000 0.540000 -5.480000 0.8470 0.2275 0.1804
v 1.980000 0.540000 -5.440000 0.8470 0.2275 0.1804
v 1.940000 32.500000 -5.440000 0.8470 0.2275 0.1804
v 1.980000 32.459999 -5.440000 0.8470 0.2275 0.1804
v 1.940000 32.459999 -5.480000 0.8470 0.2275 0.1804
v -1.800000 0.990000 -1.590000 0.8470 0.2275 0.1804
v -1.800000 1.210000 -1.590000 0.8470 0.2275 0.1804
v -1.800000 0.990000 -1.810000 0.8470 0.2275 0.1804
v -1.800000 1.210000 -1.810000 0.8470 0.2275 0.1804
v 1.800000 0.990000 -1.590000 0.8470 0.2275 0.1804
v 1.800000 1.210000 -1.590000 0.8470 0.2275 0.1804
v 1.800000 0.990000 -1.810000 0.8470 0.2275 0.1804
v 1.800000 1.210000 -1.810000 0.8470 0.2275 0.1804
v -1.800000 0.990000 -5.190000 0.8470 0.2275 0.1804
v -1.800000 1.210000 -5.190000 0.8470 0.2275 0.1804
v -1.800000 0.990000 -5.410000 0.8470 0.2275 0.1804
v -1.800000 1.210000 -5.410000 0.8470 0.2275 0.1804
v 1.800000 0.990000 -5.190000 0.8470 0.2275 0.1804
v 1.800000 1.210000 -5.190000 0.8470 0.2275 0.1804
v 1.800000 0.990000 -5.410000 0.8470 0.2275 0.1804
v 1.800000 1.210000 -5.410000 0.8470 0.2275 0.1804
v -1.910000 0.990000 -1.700000 0.8470 0.2275 0.1804
v -1.910000 1.210000 -1.700000 0.8470 0.2275 0.1804
v -1.910000 0.990000 -5.300000 0.8470 0.2275 0.1804
v -1.910000 1.210000 -5.300000 0.8470 0.2275 0.1804
v -1.690000 0.990000 -1.700000 0.8470 0.2275 0.1804
v -1.690000 1.210000 -1.700000 0.8470 0.2275 0.1804
v -1.690000 0.990000 -5.300000 0.8470 0.2275 0.1804
v -1.690000 1.210000 -5.300000 0.8470 0.2275 0.1804
v 1.690000 0.990000 -1.700000 0.8470 0.2275 0.1804
v 1.690000 1.210000 -1.700000 0.8470 0.2275 0.1804
v 1.690000 0.990000 -5.300000 0.8470 0.2275 0.1804
v 1.690000 1.210000 -5.300000 0.8470 0.2275 0.1804
v 1.910000 0.990000 -1.700000 0.8470 0.2275 0.1804
v 1.910000 1.210000 -1.700000 0.8470 0.2275 0.1804
v 1.910000 0.990000 -5.300000 0.8470 0.2275 0.1804
v 1.910000 1.210000 -5.300000 0.8470 0.2275 0.1804
v -1.754460 4.292212 -1.640000 1.0000 0.9647 0.8980
v -1.754460 4.292212 -1.720000 1.0000 0.9647 0.8980
v -1.800000 4.240000 -1.760000 1.0000 0.9647 0.8980
v -1.845540 4.187788 -1.720000 1.0000 0.9647 0.8980
v -1.845540 4.187788 -1.640000 1.0000 0.9647 0.8980
v -1.800000 4.240000 -1.600000 1.0000 0.9647 0.8980
v 1.845540 1.152212 -1.640000 1.0000 0.9647 0.8980
v 1.845540 1.152212 -1.720000 1.0000 0.9647 0.8980
v 1.800000 1.100000 -1.760000 1.0000 0.9647 0.8980
v 1.754460 1.047788 -1.720000 1.0000 0.9647 0.8980
v 1.754460 1.047788 -1.640000 1.0000 0.9647 0.8980
v 1.800000 1.100000 -1.600000 1.0000 0.9647 0.8980
v 1.860000 4.292212 -1.745540 1.0000 0.9647 0.8980
v 1.780000 4.292212 -1.745540 1.0000 0.9647 0.8980
v 1.740000 4.240000 -1.700000 1.0000 0.9647 0.8980
v 1.780000 4.187788 -1.654460 1.0000 0.9647 0.8980
v 1.860000 4.187788 -1.654460 1.0000 0.9647 0.8980
v 1.900000 4.240000 -1.700000 1.0000 0.9647 0.8980
v 1.860000 1.152212 -5.345541 1.0000 0.9647 0.8980
v 1.780000 1.152212 -5.345541 1.0000 0.9647 0.8980
v 1.740000 1.100000 -5.300000 1.0000 0.9647 0.8980
v 1.780000 1.047788 -5.254460 1.0000 0.9647 0.8980
v 1.860000 1.047788 -5.254460 1.0000 0.9647 0.8980
v 1.900000 1.100000 -5.300000 1.0000 0.9647 0.8980
v -1.780000 4.292212 -1.745540 1.0000 0.9647 0.8980
v -1.860000 4.292212 -1.745540 1.0000 0.9647 0.8980
v -1.900000 4.240000 -1.700000 1.0000 0.9647 0.8980
v -1.860000 4.187788 -1.654460 1.0000 0.9647 0.8980
v -1.780000 4.187788 -1.654460 1.0000 0.9647 0.8980
v -1.740000 4.240000 -1.700000 1.0000 0.9647 0.8980
v -1.780000 1.152212 -5.345541 1.0000 0.9647 0.8980
v -1.860000 1.152212 -5.345541 1.0000 0.9647 0.8980
v -1.900000 1.100000 -5.300000 1.0000 0.9647 0.8980
v -1.860000 1.047788 -5.254460 1.0000 0.9647 0.8980
v -1.780000 1.047788 -5.254460 1.0000 0.9647 0.8980
v -1.740000 1.100000 -5.300000 1.0000 0.9647 0.8980
v -1.800000 4.130000 -1.590000 0.8470 0.2275 0.1804
v -1.800000 4.350000 -1.590000 0.8470 0.2275 0.1804
v -1.800000 4.130000 -1.810000 0.8470 0.2275 0.1804
v -1.800000 4.350000 -1.810000 0.8470 0.2275 0.1804
v 1.800000 4.130000 -1.590000 0.8470 0.2275 0.1804
v 1.800000 4.350000 -1.590000 0.8470 0.2275 0.1804
v 1.800000 4.130000 -1.810000 0.8470 0.2275 0.1804
v 1.800000 4.350000 -1.810000 0.8470 0.2275 0.1804
v -1.800000 4.130000 -5.190000 0.8470 0.2275 0.1804
v -1.800000 4.350000 -5.190000 0.8470 0.2275 0.1804
v -1.800000 4.130000 -5.410000 0.8470 0.2275 0.1804
v -1.800000 4.350000 -5.410000 0.8470 0.2275 0.1804
v 1.800000 4.130000 -5.190000 0.8470 0.2275 0.1804
v 1.800000 4.350000 -5.190000 0.8470 0.2275 0.1804
v 1.800000 4.130000 -5.410000 0.8470 0.2275 0.1804
v 1.800000 4.350000 -5.410000 0.8470 0.2275 0.1804
v -1.910000 4.130000 -1.700000 0.8470 0.2275 0.1804
v -1.910000 4.350000 -1.700000 0.8470 0.2275 0.1804
v -1.910000 4.130000 -5.300000 0.8470 0.2275 0.1804
v -1.910000 4.350000 -5.300000 0.8470 0.2275 0.1804
v -1.690000 4.130000 -1.700000 0.8470 0.2275 0.1804
v -1.690000 4.350000 -1.700000 0.8470 0.2275 0.1804
v -1.690000 4.130000 -5.300000 0.8470 0.2275 0.1804
v -1.690000 4.350000 -5.300000 0.8470 0.2275 0.1804
v 1.690000 4.130000 -1.700000 0.8470 0.2275 0.1804
v 1.690000 4.350000 -1.700000 0.8470 0.2275 0.1804
v 1.690000 4.130000 -5.300000 0.8470 0.2275 0.1804
v 1.690000 4.350000 -5.300000 0.8470 0.2275 0.1804
v 1.910000 4.130000 -1.700000 0.8470 0.2275 0.1804
v 1.910000 4.350000 -1.700000 0.8470 0.2275 0.1804
v 1.910000 4.130000 -5.300000 0.8470 0.2275 0.1804
v 1.910000 4.350000 -5.300000 0.8470 0.2275 0.1804
v 1.754460 7.432212 -1.720000 1.0000 0.9647 0.8980
v 1.754460 7.432212 -1.640000 1.0000 0.9647 0.8980
v 1.800000 7.380000 -1.600000 1.0000 0.9647 0.8980
v 1.845540 7.327788 -1.640000 1.0000 0.9647 0.8980
v 1.845540 7.327788 -1.720000 1.0000 0.9647 0.8980
v 1.800000 7.380000 -1.760000 1.0000 0.9647 0.8980
v -1.845540 4.292212 -1.720000 1.0000 0.9647 0.8980
v -1.845540 4.292212 -1.640000 1.0000 0.9647 0.8980
v -1.754460 4.187788 -1.640000 1.0000 0.9647 0.8980
v -1.754460 4.187788 -1.720000 1.0000 0.9647 0.8980
v 1.780000 7.432212 -5.254460 1.0000 0.9647 0.8980
v 1.860000 7.432212 -5.254460 1.0000 0.9647 0.8980
v 1.900000 7.380000 -5.300000 1.0000 0.9647 0.8980
v 1.860000 7.327788 -5.345541 1.0000 0.9647 0.8980
v 1.780000 7.327788 -5.345541 1.0000 0.9647 0.8980
v 1.740000 7.380000 -5.300000 1.0000 0.9647 0.8980
v 1.780000 4.292212 -1.654460 1.0000 0.9647 0.8980
v 1.860000 4.292212 -1.654460 1.0000 0.9647 0.8980
v 1.860000 4.187788 -1.745540 1.0000 0.9647 0.8980
v 1.780000 4.187788 -1.745540 1.0000 0.9647 0.8980
v -1.860000 7.432212 -5.254460 1.0000 0.9647 0.8980
v -1.780000 7.432212 -5.254460 1.0000 0.9647 0.8980
v -1.740000 7.380000 -5.300000 1.0000 0.9647 0.8980
v -1.780000 7.327788 -5.345541 1.0000 0.9647 0.8980
v -1.860000 7.327788 -5.345541 1.0000 0.9647 0.8980
v -1.900000 7.380000 -5.300000 1.0000 0.9647 0.8980
v -1.860000 4.292212 -1.654460 1.0000 0.9647 0.8980
v -1.780000 4.292212 -1.654460 1.0000 0.9647 0.8980
v -1.780000 4.187788 -1.745540 1.0000 0.9647 0.8980
v -1.860000 4.187788 -1.745540 1.0000 0.9647 0.8980
v -1.800000 7.270000 -1.590000 0.8470 0.2275 0.1804
v -1.800000 7.490000 -1.590000 0.8470 0.2275 0.1804
v -1.800000 7.270000 -1.810000 0.8470 0.2275 0.1804
v -1.800000 7.490000 -1.810000 0.8470 0.2275 0.1804
v 1.800000 7.270000 -1.590000 0.8470 0.2275 0.1804
v 1.800000 7.490000 -1.590000 0.8470 0.2275 0.1804
v 1.800000 7.270000 -1.810000 0.8470 0.2275 0.1804
v 1.800000 7.490000 -1.810000 0.8470 0.2275 0.1804
v -1.800000 7.270000 -5.190000 0.8470 0.2275 0.1804
v -1.800000 7.490000 -5.190000 0.8470 0.2275 0.1804
v -1.800000 7.270000 -5.410000 0.8470 0.2275 0.1804
v -1.800000 7.490000 -5.410000 0.8470 0.2275 0.1804
v 1.800000 7.270000 -5.190000 0.8470 0.2275 0.1804
v 1.800000 7.490000 -5.190000 0.8470 0.2275 0.1804
v 1.800000 7.270000 -5.410000 0.8470 0.2275 0.1804
v 1.800000 7.490000 -5.410000 0.8470 0.2275 0.1804
v -1.910000 7.270000 -1.700000 0.8470 0.2275 0.1804
v -1.910000 7.490000 -1.700000 0.8470 0.2275 0.1804
v -1.910000 7.270000 -5.300000 0.8470 0.2275 0.1804
v -1.910000 7.490000 -5.300000 0.8470 0.2275 0.1804
v -1.690000 7.270000 -1.700000 0.8470 0.2275 0.1804
v -1.690000 7.490000 -1.700000 0.8470 0.2275 0.1804
v -1.690000 7.270000 -5.300000 0.8470 0.2275 0.1804
v -1.690000 7.490000 -5.300000 0.8470 0.2275 0.1804
v 1.690000 7.270000 -1.700000 0.8470 0.2275 0.1804
v 1.690000 7.490000 -1.700000 0.8470 0.2275 0.1804
v 1.690000 7.270000 -5.300000 0.8470 0.2275 0.1804
v 1.690000 7.490000 -5.300000 0.8470 0.2275 0.1804
v 1.910000 7.270000 -1.700000 0.8470 0.2275 0.1804
v 1.910000 7.490000 -1.700000 0.8470 0.2275 0.1804
v 1.910000 7.270000 -5.300000 0.8470 0.2275 0.1804
v 1.910000 7.490000 -5.300000 0.8470 0.2275 0.1804
v -1.754460 10.572212 -1.640000 1.0000 0.9647 0.8980
v -1.754460 10.572212 -1.720000 1.0000 0.9647 0.8980
v -1.800000 10.520000 -1.760000 1.0000 0.9647 0.8980
v -1.845540 10.467789 -1.720000 1.0000 0.9647 0.8980
v -1.845540 10.467789 -1.640000 1.0000 0.9647 0.8980
v -1.800000 10.520000 -1.600000 1.0000 0.9647 0.8980
v 1.845540 7.432212 -1.640000 1.0000 0.9647 0.8980
v 1.845540 7.432212 -1.720000 1.0000 0.9647 0.8980
v 1.754460 7.327788 -1.720000 1.0000 0.9647 0.8980
v 1.754460 7.327788 -1.640000 1.0000 0.9647 0.8980
v 1.860000 10.572212 -1.745540 1.0000 0.9647 0.8980
v 1.780000 10.572212 -1.745540 1.0000 0.9647 0.8980
v 1.740000 10.520000 -1.700000 1.0000 0.9647 0.8980
v 1.780000 10.467789 -1.654460 1.0000 0.9647 0.8980
v 1.860000 10.467789 -1.654460 1.0000 0.9647 0.8980
v 1.900000 10.520000 -1.700000 1.0000 0.9647 0.8980
v 1.860000 7.432212 -5.345541 1.0000 0.9647 0.8980
v 1.780000 7.432212 -5.345541 1.0000 0.9647 0.8980
v 1.780000 7.327788 -5.254460 1.0000 0.9647 0.8980
v 1.860000 7.327788 -5.254460 1.0000 0.9647 0.8980
v -1.780000 10.572212 -1.745540 1.0000 0.9647 0.8980
v -1.860000 10.572212 -1.745540 1.0000 0.9647 0.8980
v -1.900000 10.520000 -1.700000 1.0000 0.9647 0.8980
v -1.860000 10.467789 -1.654460 1.0000 0.9647 0.8980
v -1.780000 10.467789 -1.654460 1.0000 0.9647 0.8980
v -1.740000 10.520000 -1.700000 1.0000 0.9647 0.8980
v -1.780000 7.432212 -5.345541 1.0000 0.9647 0.8980
v -1.860000 7.432212 -5.345541 1.0000 0.9647 0.8980
v -1.860000 7.327788 -5.254460 1.0000 0.9647 0.8980
v -1.780000 7.327788 -5.254460 1.0000 0.9647 0.8980
v -1.800000 10.410001 -1.590000 0.8470 0.2275 0.1804
v -1.800000 10.630000 -1.590000 0.8470 0.2275 0.1804
v -1.800000 10.410001 -1.810000 0.8470 0.2275 0.1804
v -1.800000 10.630000 -1.810000 0.8470 0.2275 0.1804
v 1.800000 10.410001 -1.590000 0.8470 0.2275 0.1804
v 1.800000 10.630000 -1.590000 0.8470 0.2275 0.1804
v 1.800000 10.410001 -1.810000 0.8470 0.2275 0.1804
v 1.800000 10.630000 -1.810000 0.8470 0.2275 0.1804
v -1.800000 10.410001 -5.190000 0.8470 0.2275 0.1804
v -1.800000 10.630000 -5.190000 0.8470 0.2275 0.1804
v -1.800000 10.410001 -5.410000 0.8470 0.2275 0.1804
v -1.800000 10.630000 -5.410000 0.8470 0.2275 0.1804
v 1.800000 10.410001 -5.190000 0.8470 0.2275 0.1804
v 1.800000 10.630000 -5.190000 0.8470 0.2275 0.1804
v 1.800000 10.410001 -5.410000 0.8470 0.2275 0.1804
v 1.800000 10.630000 -5.410000 0.8470 0.2275 0.1804
v -1.910000 10.410001 -1.700000 0.8470 0.2275 0.1804
v -1.910000 10.630000 -1.700000 0.8470 0.2275 0.1804
v -1.910000 10.410001 -5.300000 0.8470 0.2275 0.1804
v -1.910000 10.630000 -5.300000 0.8470 0.2275 0.1804
v -1.690000 10.410001 -1.700000 0.8470 0.2275 0.1804
v -1.690000 10.630000 -1.700000 0.8470 0.2275 0.1804
v -1.690000 10.410001 -5.300000 0.8470 0.2275 0.1804
v -1.690000 10.630000 -5.300000 0.8470 0.2275 0.1804
v 1.690000 10.410001 -1.700000 0.8470 0.2275 0.1804
v 1.690000 10.630000 -1.700000 0.8470 0.2275 0.1804
v 1.690000 10.410001 -5.300000 0.8470 0.2275 0.1804
v 1.690000 10.630000 -5.300000 0.8470 0.2275 0.1804
v 1.910000 10.410001 -1.700000 0.8470 0.2275 0.1804
v 1.910000 10.630000 -1.700000 0.8470 0.2275 0.1804
v 1.910000 10.410001 -5.300000 0.8470 0.2275 0.1804
v 1.910000 10.630000 -5.300000 0.8470 0.2275 0.1804
v 1.754460 13.712212 -1.720000 1.0000 0.9647 0.8980
v 1.754460 13.712212 -1.640000 1.0000 0.9647 0.8980
v 1.800000 13.660000 -1.600000 1.0000 0.9647 0.8980
v 1.845540 13.607788 -1.640000 1.0000 0.9647 0.8980
v 1.845540 13.607788 -1.720000 1.0000 0.9647 0.8980
v 1.800000 13.660000 -1.760000 1.0000 0.9647 0.8980
v -1.845540 10.572212 -1.720000 1.0000 0.9647 0.8980
v -1.845540 10.572212 -1.640000 1.0000 0.9647 0.8980
v -1.754460 10.467789 -1.640000 1.0000 0.9647 0.8980
v -1.754460 10.467789 -1.720000 1.0000 0.9647 0.8980
v 1.780000 13.712212 -5.254460 1.0000 0.9647 0.8980
v 1.860000 13.712212 -5.254460 1.0000 0.9647 0.8980
v 1.900000 13.660000 -5.300000 1.0000 0.9647 0.8980
v 1.860000 13.607788 -5.345541 1.0000 0.9647 0.8980
v 1.780000 13.607788 -5.345541 1.0000 0.9647 0.8980
v 1.740000 13.660000 -5.300000 1.0000 0.9647 0.8980
v 1.780000 10.572212 -1.654460 1.0000 0.9647 0.8980
v 1.860000 10.572212 -1.654460 1.0000 0.9647 0.8980
v 1.860000 10.467789 -1.745540 1.0000 0.9647 0.8980
v 1.780000 10.467789 -1.745540 1.0000 0.9647 0.8980
v -1.860000 13.712212 -5.254460 1.0000 0.9647 0.8980
v -1.780000 13.712212 -5.254460 1.0000 0.9647 0.8980
v -1.740000 13.660000 -5.300000 1.0000 0.9647 0.8980
v -1.780000 13.607788 -5.345541 1.0000 0.9647 0.8980
v -1.860000 13.607788 -5.345541 1.0000 0.9647 0.8980
v -1.900000 13.660000 -5.300000 1.0000 0.9647 0.8980
v -1.860000 10.572212 -1.654460 1.0000 0.9647 0.8980
v -1.780000 10.572212 -1.654460 1.0000 0.9647 0.8980
v -1.780000 10.467789 -1.745540 1.0000 0.9647 0.8980
v -1.860000 10.467789 -1.745540 1.0000 0.9647 0.8980
v -1.800000 13.550000 -1.590000 0.8470 0.2275 0.1804
v -1.800000 13.770000 -1.590000 0.8470 0.2275 0.1804
v -1.800000 13.550000 -1.810000 0.8470 0.2275 0.1804
v -1.800000 13.770000 -1.810000 0.8470 0.2275 0.1804
v 1.800000 13.550000 -1.590000 0.8470 0.2275 0.1804
v 1.800000 13.770000 -1.590000 0.8470 0.2275 0.1804
v 1.800000 13.550000 -1.810000 0.8470 0.2275 0.1804
v 1.800000 13.770000 -1.810000 0.8470 0.2275 0.1804
v -1.800000 13.550000 -5.190000 0.8470 0.2275 0.1804
v -1.800000 13.770000 -5.190000 0.8470 0.2275 0.1804
v -1.800000 13.550000 -5.410000 0.8470 0.2275 0.1804
v -1.800000 13.770000 -5.410000 0.8470 0.2275 0.1804
v 1.800000 13.550000 -5.190000 0.8470 0.2275 0.1804
v 1.800000 13.770000 -5.190000 0.8470 0.2275 0.1804
v 1.800000 13.550000 -5.410000 0.8470 0.2275 0.1804
v 1.800000 13.770000 -5.410000 0.8470 0.2275 0.1804
v -1.910000 13.550000 -1.700000 0.8470 0.2275 0.1804
v -1.910000 13.770000 -1.700000 0.8470 0.2275 0.1804
v -1.910000 13.550000 -5.300000 0.8470 0.2275 0.1804
v -1.910000 13.770000 -5.300000 0.8470 0.2275 0.1804
v -1.690000 13.550000 -1.700000 0.8470 0.2275 0.1804
v -1.690000 13.770000 -1.700000 0.8470 0.2275 0.1804
v -1.690000 13.550000 -5.300000 0.8470 0.2275 0.1804
v -1.690000 13.770000 -5.300000 0.8470 0.2275 0.1804
v 1.690000 13.550000 -1.700000 0.8470 0.2275 0.1804
v 1.690000 13.770000 -1.700000 0.8470 0.2275 0.1804
v 1.690000 13.550000 -5.300000 0.8470 0.2275 0.1804
v 1.690000 13.770000 -5.300000 0.8470 0.2275 0.1804
v 1.910000 13.550000 -1.700000 0.8470 0.2275 0.1804
v 1.910000 13.770000 -1.700000 0.8470 0.2275 0.1804
v 1.910000 13.550000 -5.300000 0.8470 0.2275 0.1804
v 1.910000 13.770000 -5.300000 0.8470 0.2275 0.1804
v -1.754460 16.852211 -1.640000 1.0000 0.9647 0.8980
v -1.754460 16.852211 -1.720000 1.0000 0.9647 0.8980
v -1.800000 16.799999 -1.760000 1.0000 0.9647 0.8980
v -1.845540 16.747787 -1.720000 1.0000 0.9647 0.8980
v -1.845540 16.747787 -1.640000 1.0000 0.9647 0.8980
v -1.800000 16.799999 -1.600000 1.0000 0.9647 0.8980
v 1.845540 13.712212 -1.640000 1.0000 0.9647 0.8980
v 1.845540 13.712212 -1.720000 1.0000 0.9647 0.8980
v 1.754460 13.607788 -1.720000 1.0000 0.9647 0.8980
v 1.754460 13.607788 -1.640000 1.0000 0.9647 0.8980
v 1.860000 16.852211 -1.745540 1.0000 0.9647 0.8980
v 1.780000 16.852211 -1.745540 1.0000 0.9647 0.8980
v 1.740000 16.799999 -1.700000 1.0000 0.9647 0.8980
v 1.780000 16.747787 -1.654460 1.0000 0.9647 0.8980
v 1.860000 16.747787 -1.654460 1.0000 0.9647 0.8980
v 1.900000 16.799999 -1.700000 1.0000 0.9647 0.8980
v 1.860000 13.712212 -5.345541 1.0000 0.9647 0.8980
v 1.780000 13.712212 -5.345541 1.0000 0.9647 0.8980
v 1.780000 13.607788 -5.254460 1.0000 0.9647 0.8980
v 1.860000 13.607788 -5.254460 1.0000 0.9647 0.8980
v -1.780000 16.852211 -1.745540 1.0000 0.9647 0.8980
v -1.860000 16.852211 -1.745540 1.0000 0.9647 0.8980
v -1.900000 16.799999 -1.700000 1.0000 0.9647 0.8980
v -1.860000 16.747787 -1.654460 1.0000 0.9647 0.8980
v -1.780000 16.747787 -1.654460 1.0000 0.9647 0.8980
v -1.740000 16.799999 -1.700000 1.0000 0.9647 0.8980
v -1.780000 13.712212 -5.345541 1.0000 0.9647 0.8980
v -1.860000 13.712212 -5.345541 1.0000 0.9647 0.8980
v -1.860000 13.607788 -5.254460 1.0000 0.9647 0.8980
v -1.780000 13.607788 -5.254460 1.0000 0.9647 0.8980
v -1.800000 16.689999 -1.590000 0.8470 0.2275 0.1804
v -1.800000 16.910000 -1.590000 0.8470 0.2275 0.1804
v -1.800000 16.689999 -1.810000 0.8470 0.2275 0.1804
v -1.800000 16.910000 -1.810000 0.8470 0.2275 0.1804
v 1.800000 16.689999 -1.590000 0.8470 0.2275 0.1804
v 1.800000 16.910000 -1.590000 0.8470 0.2275 0.1804
v 1.800000 16.689999 -1.810000 0.8470 0.2275 0.1804
v 1.800000 16.910000 -1.810000 0.8470 0.2275 0.1804
v -1.800000 16.689999 -5.190000 0.8470 0.2275 0.1804
v -1.800000 16.910000 -5.190000 0.8470 0.2275 0.1804
v -1.800000 16.689999 -5.410000 0.8470 0.2275 0.1804
v -1.800000 16.910000 -5.410000 0.8470 0.2275 0.1804
v 1.800000 16.689999 -5.190000 0.8470 0.2275 0.1804
v 1.800000 16.910000 -5.190000 0.8470 0.2275 0.1804
v 1.800000 16.689999 -5.410000 0.8470 0.2275 0.1804
v 1.800000 16.910000 -5.410000 0.8470 0.2275 0.1804
v -1.910000 16.689999 -1.700000 0.8470 0.2275 0.1804
v -1.910000 16.910000 -1.700000 0.8470 0.2275 0.1804
v -1.910000 16.689999 -5.300000 0.8470 0.2275 0.1804
v -1.910000 16.910000 -5.300000 0.8470 0.2275 0.1804
v -1.690000 16.689999 -1.700000 0.8470 0.2275 0.1804
v -1.690000 16.910000 -1.700000 0.8470 0.2275 0.1804
v -1.690000 16.689999 -5.300000 0.8470 0.2275 0.1804
v -1.690000 16.910000 -5.300000 0.8470 0.2275 0.1804
v 1.690000 16.689999 -1.700000 0.8470 0.2275 0.1804
v 1.690000 16.910000 -1.700000 0.8470 0.2275 0.1804
v 1.690000 16.689999 -5.300000 0.8470 0.2275 0.1804
v 1.690000 16.910000 -5.300000 0.8470 0.2275 0.1804
v 1.910000 16.689999 -1.700000 0.8470 0.2275 0.1804
v 1.910000 16.910000 -1.700000 0.8470 0.2275 0.1804
v 1.910000 16.689999 -5.300000 0.8470 0.2275 0.1804
v 1.910000 16.910000 -5.300000 0.8470 0.2275 0.1804
v 1.754460 19.992212 -1.720000 1.0000 0.9647 0.8980
v 1.754460 19.992212 -1.640000 1.0000 0.9647 0.8980
v 1.800000 19.940001 -1.600000 1.0000 0.9647 0.8980
v 1.845540 19.887789 -1.640000 1.0000 0.9647 0.8980
v 1.845540 19.887789 -1.720000 1.0000 0.9647 0.8980
v 1.800000 19.940001 -1.760000 1.0000 0.9647 0.8980
v -1.845540 16.852211 -1.720000 1.0000 0.9647 0.8980
v -1.845540 16.852211 -1.640000 1.0000 0.9647 0.8980
v -1.754460 16.747787 -1.640000 1.0000 0.9647 0.8980
v -1.754460 16.747787 -1.720000 1.0000 0.9647 0.8980
v 1.780000 19.992212 -5.254460 1.0000 0.9647 0.8980
v 1.860000 19.992212 -5.254460 1.0000 0.9647 0.8980
v 1.900000 19.940001 -5.300000 1.0000 0.9647 0.8980
v 1.860000 19.887789 -5.345541 1.0000 0.9647 0.8980
v 1.780000 19.887789 -5.345541 1.0000 0.9647 0.8980
v 1.740000 19.940001 -5.300000 1.0000 0.9647 0.8980
v 1.780000 16.852211 -1.654460 1.0000 0.9647 0.8980
v 1.860000 16.852211 -1.654460 1.0000 0.9647 0.8980
v 1.860000 16.747787 -1.745540 1.0000 0.9647 0.8980
v 1.780000 16.747787 -1.745540 1.0000 0.9647 0.8980
v -1.860000 19.992212 -5.254460 1.0000 0.9647 0.8980
v -1.780000 19.992212 -5.254460 1.0000 0.9647 0.8980
v -1.740000 19.940001 -5.300000 1.0000 0.9647 0.8980
v -1.780000 19.887789 -5.345541 1.0000 0.9647 0.8980
v -1.860000 19.887789 -5.345541 1.0000 0.9647 0.8980
v -1.900000 19.940001 -5.300000 1.0000 0.9647 0.8980
v -1.860000 16.852211 -1.654460 1.0000 0.9647 0.8980
v -1.780000 16.852211 -1.654460 1.0000 0.9647 0.8980
v -1.780000 16.747787 -1.745540 1.0000 0.9647 0.8980
v -1.860000 16.747787 -1.745540 1.0000 0.9647 0.8980
v -1.800000 19.830000 -1.590000 0.8470 0.2275 0.1804
v -1.800000 20.050001 -1.590000 0.8470 0.2275 0.1804
v -1.800000 19.830000 -1.810000 0.8470 0.2275 0.1804
v -1.800000 20.050001 -1.810000 0.8470 0.2275 0.1804
v 1.800000 19.830000 -1.590000 0.8470 0.2275 0.1804
v 1.800000 20.050001 -1.590000 0.8470 0.2275 0.1804
v 1.800000 19.830000 -1.810000 0.8470 0.2275 0.1804
v 1.800000 20.050001 -1.810000 0.8470 0.2275 0.1804
v -1.800000 19.830000 -5.190000 0.8470 0.2275 0.1804
v -1.800000 20.050001 -5.190000 0.8470 0.2275 0.1804
v -1.800000 19.830000 -5.410000 0.8470 0.2275 0.1804
v -1.800000 20.050001 -5.410000 0.8470 0.2275 0.1804
v 1.800000 19.830000 -5.190000 0.8470 0.2275 0.1804
v 1.800000 20.050001 -5.190000 0.8470 0.2275 0.1804
v 1.800000 19.830000 -5.410000 0.8470 0.2275 0.1804
v 1.800000 20.050001 -5.410000 0.8470 0.2275 0.1804
v -1.910000 19.830000 -1.700000 0.8470 0.2275 0.1804
v -1.910000 20.050001 -1.700000 0.8470 0.2275 0.1804
v -1.910000 19.830000 -5.300000 0.8470 0.2275 0.1804
v -1.910000 20.050001 -5.300000 0.8470 0.2275 0.1804
v -1.690000 19.830000 -1.700000 0.8470 0.2275 0.1804
v -1.690000 20.050001 -1.700000 0.8470 0.2275 0.1804
v -1.690000 19.830000 -5.300000 0.8470 0.2275 0.1804
v -1.690000 20.050001 -5.300000 0.8470 0.2275 0.1804
v 1.690000 19.830000 -1.700000 0.8470 0.2275 0.1804
v 1.690000 20.050001 -1.700000 0.8470 0.2275 0.1804
v 1.690000 19.830000 -5.300000 0.8470 0.2275 0.1804
v 1.690000 20.050001 -5.300000 0.8470 0.2275 0.1804
v 1.910000 19.830000 -1.700000 0.8470 0.2275 0.1804
v 1.910000 20.050001 -1.700000 0.8470 0.2275 0.1804
v 1.910000 19.830000 -5.300000 0.8470 0.2275 0.1804
v 1.910000 20.050001 -5.300000 0.8470 0.2275 0.1804
v -1.754460 23.132212 -1.640000 1.0000 0.9647 0.8980
v -1.754460 23.132212 -1.720000 1.0000 0.9647 0.8980
v -1.800000 23.080000 -1.760000 1.0000 0.9647 0.8980
v -1.845540 23.027788 -1.720000 1.0000 0.9647 0.8980
v -1.845540 23.027788 -1.640000 1.0000 0.9647 0.8980
v -1.800000 23.080000 -1.600000 1.0000 0.9647 0.8980
v 1.845540 19.992212 -1.640000 1.0000 0.9647 0.8980
v 1.845540 19.992212 -1.720000 1.0000 0.9647 0.8980
v 1.754460 19.887789 -1.720000 1.0000 0.9647 0.8980
v 1.754460 19.887789 -1.640000 1.0000 0.9647 0.8980
v 1.860000 23.132212 -1.745540 1.0000 0.9647 0.8980
v 1.780000 23.132212 -1.745540 1.0000 0.9647 0.8980
v 1.740000 23.080000 -1.700000 1.0000 0.9647 0.8980
v 1.780000 23.027788 -1.654460 1.0000 0.9647 0.8980
v 1.860000 23.027788 -1.654460 1.0000 0.9647 0.8980
v 1.900000 23.080000 -1.700000 1.0000 0.9647 0.8980
v 1.860000 19.992212 -5.345541 1.0000 0.9647 0.8980
v 1.780000 19.992212 -5.345541 1.0000 0.9647 0.8980
v 1.780000 19.887789 -5.254460 1.0000 0.9647 0.8980
v 1.860000 19.887789 -5.254460 1.0000 0.9647 0.8980
v -1.780000 23.132212 -1.745540 1.0000 0.9647 0.8980
v -1.860000 23.132212 -1.745540 1.0000 0.9647 0.8980
v -1.900000 23.080000 -1.700000 1.0000 0.9647 0.8980
v -1.860000 23.027788 -1.654460 1.0000 0.9647 0.8980
v -1.780000 23.027788 -1.654460 1.0000 0.9647 0.8980
v -1.740000 23.080000 -1.700000 1.0000 0.9647 0.8980
v -1.780000 19.992212 -5.345541 1.0000 0.9647 0.8980
v -1.860000 19.992212 -5.345541 1.0000 0.9647 0.8980
v -1.860000 19.887789 -5.254460 1.0000 0.9647 0.8980
v -1.780000 19.887789 -5.254460 1.0000 0.9647 0.8980
v -1.800000 22.969999 -1.590000 0.8470 0.2275 0.1804
v -1.800000 23.190001 -1.590000 0.8470 0.2275 0.1804
v -1.800000 22.969999 -1.810000 0.8470 0.2275 0.1804
v -1.800000 23.190001 -1.810000 0.8470 0.2275 0.1804
v 1.800000 22.969999 -1.590000 0.8470 0.2275 0.1804
v 1.800000 23.190001 -1.590000 0.8470 0.2275 0.1804
v 1.800000 22.969999 -1.810000 0.8470 0.2275 0.1804
v 1.800000 23.190001 -1.810000 0.8470 0.2275 0.1804
v -1.800000 22.969999 -5.190000 0.8470 0.2275 0.1804
v -1.800000 23.190001 -5.190000 0.8470 0.2275 0.1804
v -1.800000 22.969999 -5.410000 0.8470 0.2275 0.1804
v -1.800000 23.190001 -5.410000 0.8470 0.2275 0.1804
v 1.800000 22.969999 -5.190000 0.8470 0.2275 0.1804
v 1.800000 23.190001 -5.190000 0.8470 0.2275 0.1804
v 1.800000 22.969999 -5.410000 0.8470 0.2275 0.1804
v 1.800000 23.190001 -5.410000 0.8470 0.2275 0.1804
v -1.910000 22.969999 -1.700000 0.8470 0.2275 0.1804
v -1.910000 23.190001 -1.700000 0.8470 0.2275 0.1804
v -1.910000 22.969999 -5.300000 0.8470 0.2275 0.1804
v -1.910000 23.190001 -5.300000 0.8470 0.2275 0.1804
v -1.690000 22.969999 -1.700000 0.8470 0.2275 0.1804
v -1.690000 23.190001 -1.700000 0.8470 0.2275 0.1804
v -1.690000 22.969999 -5.300000 0.8470 0.2275 0.1804
v -1.690000 23.190001 -5.300000 0.8470 0.2275 0.1804
v 1.690000 22.969999 -1.700000 0.8470 0.2275 0.1804
v 1.690000 23.190001 -1.700000 0.8470 0.2275 0.1804
v 1.690000 22.969999 -5.300000 0.8470 0.2275 0.1804
v 1.690000 23.190001 -5.300000 0.8470 0.2275 0.1804
v 1.910000 22.969999 -1.700000 0.8470 0.2275 0.1804
v 1.910000 23.190001 -1.700000 0.8470 0.2275 0.1804
v 1.910000 22.969999 -5.300000 0.8470 0.2275 0.1804
v 1.910000 23.190001 -5.300000 0.8470 0.2275 0.1804
v 1.754460 26.272211 -1.720000 1.0000 0.9647 0.8980
v 1.754460 26.272211 -1.640000 1.0000 0.9647 0.8980
v 1.800000 26.219999 -1.600000 1.0000 0.9647 0.8980
v 1.845540 26.167788 -1.640000 1.0000 0.9647 0.8980
v 1.845540 26.167788 -1.720000 1.0000 0.9647 0.8980
v 1.800000 26.219999 -1.760000 1.0000 0.9647 0.8980
v -1.845540 23.132212 -1.720000 1.0000 0.9647 0.8980
v -1.845540 23.132212 -1.640000 1.0000 0.9647 0.8980
v -1.754460 23.027788 -1.640000 1.0000 0.9647 0.8980
v -1.754460 23.027788 -1.720000 1.0000 0.9647 0.8980
v 1.780000 26.272211 -5.254460 1.0000 0.9647 0.8980
v 1.860000 26.272211 -5.254460 1.0000 0.9647 0.8980
v 1.900000 26.219999 -5.300000 1.0000 0.9647 0.8980
v 1.860000 26.167788 -5.345541 1.0000 0.9647 0.8980
v 1.780000 26.167788 -5.345541 1.0000 0.9647 0.8980
v 1.740000 26.219999 -5.300000 1.0000 0.9647 0.8980
v 1.780000 23.132212 -1.654460 1.0000 0.9647 0.8980
v 1.860000 23.132212 -1.654460 1.0000 0.9647 0.8980
v 1.860000 23.027788 -1.745540 1.0000 0.9647 0.8980
v 1.780000 23.027788 -1.745540 1.0000 0.9647 0.8980
v -1.860000 26.272211 -5.254460 1.0000 0.9647 0.8980
v -1.780000 26.272211 -5.254460 1.0000 0.9647 0.8980
v -1.740000 26.219999 -5.300000 1.0000 0.9647 0.8980
v -1.780000 26.167788 -5.345541 1.0000 0.9647 0.8980
v -1.860000 26.167788 -5.345541 1.0000 0.9647 0.8980
v -1.900000 26.219999 -5.300000 1.0000 0.9647 0.8980
v -1.860000 23.132212 -1.654460 1.0000 0.9647 0.8980
v -1.780000 23.132212 -1.654460 1.0000 0.9647 0.8980
v -1.780000 23.027788 -1.745540 1.0000 0.9647 0.8980
v -1.860000 23.027788 -1.745540 1.0000 0.9647 0.8980
v -1.800000 26.109999 -1.590000 0.8470 0.2275 0.1804
v -1.800000 26.330000 -1.590000 0.8470 0.2275 0.1804
v -1.800000 26.109999 -1.810000 0.8470 0.2275 0.1804
v -1.800000 26.330000 -1.810000 0.8470 0.2275 0.1804
v 1.800000 26.109999 -1.590000 0.8470 0.2275 0.1804
v 1.800000 26.330000 -1.590000 0.8470 0.2275 0.1804
v 1.800000 26.109999 -1.810000 0.8470 0.2275 0.1804
v 1.800000 26.330000 -1.810000 0.8470 0.2275 0.1804
v -1.800000 26.109999 -5.190000 0.8470 0.2275 0.1804
v -1.800000 26.330000 -5.190000 0.8470 0.2275 0.1804
v -1.800000 26.109999 -5.410000 0.8470 0.2275 0.1804
v -1.800000 26.330000 -5.410000 0.8470 0.2275 0.1804
v 1.800000 26.109999 -5.190000 0.8470 0.2275 0.1804
v 1.800000 26.330000 -5.190000 0.8470 0.2275 0.1804
v 1.800000 26.109999 -5.410000 0.8470 0.2275 0.1804
v 1.800000 26.330000 -5.410000 0.8470 0.2275 0.1804
v -1.910000 26.109999 -1.700000 0.8470 0.2275 0.1804
v -1.910000 26.330000 -1.700000 0.8470 0.2275 0.1804
v -1.910000 26.109999 -5.300000 0.8470 0.2275 0.1804
v -1.910000 26.330000 -5.300000 0.8470 0.2275 0.1804
v -1.690000 26.109999 -1.700000 0.8470 0.2275 0.1804
v -1.690000 26.330000 -1.700000 0.8470 0.2275 0.1804
v -1.690000 26.109999 -5.300000 0.8470 0.2275 0.1804
v -1.690000 26.330000 -5.300000 0.8470 0.2275 0.1804
v 1.690000 26.109999 -1.700000 0.8470 0.2275 0.1804
v 1.690000 26.330000 -1.700000 0.8470 0.2275 0.1804
v 1.690000 26.109999 -5.300000 0.8470 0.2275 0.1804
v 1.690000 26.330000 -5.300000 0.8470 0.2275 0.1804
v 1.910000 26.109999 -1.700000 0.8470 0.2275 0.1804
v 1.910000 26.330000 -1.700000 0.8470 0.2275 0.1804
v 1.910000 26.109999 -5.300000 0.8470 0.2275 0.1804
v 1.910000 26.330000 -5.300000 0.8470 0.2275 0.1804
v -1.754460 29.412212 -1.640000 1.0000 0.9647 0.8980
v -1.754460 29.412212 -1.720000 1.0000 0.9647 0.8980
v -1.800000 29.360001 -1.760000 1.0000 0.9647 0.8980
v -1.845540 29.307789 -1.720000 1.0000 0.9647 0.8980
v -1.845540 29.307789 -1.640000 1.0000 0.9647 0.8980
v -1.800000 29.360001 -1.600000 1.0000 0.9647 0.8980
v 1.845540 26.272211 -1.640000 1.0000 0.9647 0.8980
v 1.845540 26.272211 -1.720000 1.0000 0.9647 0.8980
v 1.754460 26.167788 -1.720000 1.0000 0.9647 0.8980
v 1.754460 26.167788 -1.640000 1.0000 0.9647 0.8980
v 1.860000 29.412212 -1.745540 1.0000 0.9647 0.8980
v 1.780000 29.412212 -1.745540 1.0000 0.9647 0.8980
v 1.740000 29.360001 -1.700000 1.0000 0.9647 0.8980
v 1.780000 29.307789 -1.654460 1.0000 0.9647 0.8980
v 1.860000 29.307789 -1.654460 1.0000 0.9647 0.8980
v 1.900000 29.360001 -1.700000 1.0000 0.9647 0.8980
v 1.860000 26.272211 -5.345541 1.0000 0.9647 0.8980
v 1.780000 26.272211 -5.345541 1.0000 0.9647 0.8980
v 1.780000 26.167788 -5.254460 1.0000 0.9647 0.8980
v 1.860000 26.167788 -5.254460 1.0000 0.9647 0.8980
v -1.780000 29.412212 -1.745540 1.0000 0.9647 0.8980
v -1.860000 29.412212 -1.745540 1.0000 0.9647 0.8980
v -1.900000 29.360001 -1.700000 1.0000 0.9647 0.8980
v -1.860000 29.307789 -1.654460 1.0000 0.9647 0.8980
v -1.780000 29.307789 -1.654460 1.0000 0.9647 0.8980
v -1.740000 29.360001 -1.700000 1.0000 0.9647 0.8980
v -1.780000 26.272211 -5.345541 1.0000 0.9647 0.8980
v -1.860000 26.272211 -5.345541 1.0000 0.9647 0.8980
v -1.860000 26.167788 -5.254460 1.0000 0.9647 0.8980
v -1.780000 26.167788 -5.254460 1.0000 0.9647 0.8980
v -1.800000 29.250000 -1.590000 0.8470 0.2275 0.1804
v -1.800000 29.470001 -1.590000 0.8470 0.2275 0.1804
v -1.800000 29.250000 -1.810000 0.8470 0.2275 0.1804
v -1.800000 29.470001 -1.810000 0.8470 0.2275 0.1804
v 1.800000 29.250000 -1.590000 0.8470 0.2275 0.1804
v 1.800000 29.470001 -1.590000 0.8470 0.2275 0.1804
v 1.800000 29.250000 -1.810000 0.8470 0.2275 0.1804
v 1.800000 29.470001 -1.810000 0.8470 0.2275 0.1804
v -1.800000 29.250000 -5.190000 0.8470 0.2275 0.1804
v -1.800000 29.470001 -5.190000 0.8470 0.2275 0.1804
v -1.800000 29.250000 -5.410000 0.8470 0.2275 0.1804
v -1.800000 29.470001 -5.410000 0.8470 0.2275 0.1804
v 1.800000 29.250000 -5.190000 0.8470 0.2275 0.1804
v 1.800000 29.470001 -5.190000 0.8470 0.2275 0.1804
v 1.800000 29.250000 -5.410000 0.8470 0.2275 0.1804
v 1.800000 29.470001 -5.410000 0.8470 0.2275 0.1804
v -1.910000 29.250000 -1.700000 0.8470 0.2275 0.1804
v -1.910000 29.470001 -1.700000 0.8470 0.2275 0.1804
v -1.910000 29.250000 -5.300000 0.8470 0.2275 0.1804
v -1.910000 29.470001 -5.300000 0.8470 0.2275 0.1804
v -1.690000 29.250000 -1.700000 0.8470 0.2275 0.1804
v -1.690000 29.470001 -1.700000 0.8470 0.2275 0.1804
v -1.690000 29.250000 -5.300000 0.8470 0.2275 0.1804
v -1.690000 29.470001 -5.300000 0.8470 0.2275 0.1804
v 1.690000 29.250000 -1.700000 0.8470 0.2275 0.1804
v 1.690000 29.470001 -1.700000 0.8470 0.2275 0.1804
v 1.690000 29.250000 -5.300000 0.8470 0.2275 0.1804
v 1.690000 29.470001 -5.300000 0.8470 0.2275 0.1804
v 1.910000 29.250000 -1.700000 0.8470 0.2275 0.1804
v 1.910000 29.470001 -1.700000 0.8470 0.2275 0.1804
v 1.910000 29.250000 -5.300000 0.8470 0.2275 0.1804
v 1.910000 29.470001 -5.300000 0.8470 0.2275 0.1804
v 1.754460 32.552212 -1.720000 1.0000 0.9647 0.8980
v 1.754460 32.552212 -1.640000 1.0000 0.9647 0.8980
v 1.800000 32.500000 -1.600000 1.0000 0.9647 0.8980
v 1.845540 32.447788 -1.640000 1.0000 0.9647 0.8980
v 1.845540 32.447788 -1.720000 1.0000 0.9647 0.8980
v 1.800000 32.500000 -1.760000 1.0000 0.9647 0.8980
v -1.845540 29.412212 -1.720000 1.0000 0.9647 0.8980
v -1.845540 29.412212 -1.640000 1.0000 0.9647 0.8980
v -1.754460 29.307789 -1.640000 1.0000 0.9647 0.8980
v -1.754460 29.307789 -1.720000 1.0000 0.9647 0.8980
v 1.780000 32.552212 -5.254460 1.0000 0.9647 0.8980
v 1.860000 32.552212 -5.254460 1.0000 0.9647 0.8980
v 1.900000 32.500000 -5.300000 1.0000 0.9647 0.8980
v 1.860000 32.447788 -5.345541 1.0000 0.9647 0.8980
v 1.780000 32.447788 -5.345541 1.0000 0.9647 0.8980
v 1.740000 32.500000 -5.300000 1.0000 0.9647 0.8980
v 1.780000 29.412212 -1.654460 1.0000 0.9647 0.8980
v 1.860000 29.412212 -1.654460 1.0000 0.9647 0.8980
v 1.860000 29.307789 -1.745540 1.0000 0.9647 0.8980
v 1.780000 29.307789 -1.745540 1.0000 0.9647 0.8980
v -1.860000 32.552212 -5.254460 1.0000 0.9647 0.8980
v -1.780000 32.552212 -5.254460 1.0000 0.9647 0.8980
v -1.740000 32.500000 -5.300000 1.0000 0.9647 0.8980
v -1.780000 32.447788 -5.345541 1.0000 0.9647 0.8980
v -1.860000 32.447788 -5.345541 1.0000 0.9647 0.8980
v -1.900000 32.500000 -5.300000 1.0000 0.9647 0.8980
v -1.860000 29.412212 -1.654460 1.0000 0.9647 0.8980
v -1.780000 29.412212 -1.654460 1.0000 0.9647 0.8980
v -1.780000 29.307789 -1.745540 1.0000 0.9647 0.8980
v -1.860000 29.307789 -1.745540 1.0000 0.9647 0.8980
v -1.800000 32.389999 -1.590000 0.8470 0.2275 0.1804
v -1.800000 32.610001 -1.590000 0.8470 0.2275 0.1804
v -1.800000 32.389999 -1.810000 0.8470 0.2275 0.1804
v -1.800000 32.610001 -1.810000 0.8470 0.2275 0.1804
v 1.800000 32.389999 -1.590000 0.8470 0.2275 0.1804
v 1.800000 32.610001 -1.590000 0.8470 0.2275 0.1804
v 1.800000 32.389999 -1.810000 0.8470 0.2275 0.1804
v 1.800000 32.610001 -1.810000 0.8470 0.2275 0.1804
v -1.800000 32.389999 -5.190000 0.8470 0.2275 0.1804
v -1.800000 32.610001 -5.190000 0.8470 0.2275 0.1804
v -1.800000 32.389999 -5.410000 0.8470 0.2275 0.1804
v -1.800000 32.610001 -5.410000 0.8470 0.2275 0.1804
v 1.800000 32.389999 -5.190000 0.8470 0.2275 0.1804
v 1.800000 32.610001 -5.190000 0.8470 0.2275 0.1804
v 1.800000 32.389999 -5.410000 0.8470 0.2275 0.1804
v 1.800000 32.610001 -5.410000 0.8470 0.2275 0.1804
v -1.910000 32.389999 -1.700000 0.8470 0.2275 0.1804
v -1.910000 32.610001 -1.700000 0.8470 0.2275 0.1804
v -1.910000 32.389999 -5.300000 0.8470 0.2275 0.1804
v -1.910000 32.610001 -5.300000 0.8470 0.2275 0.1804
v -1.690000 32.389999 -1.700000 0.8470 0.2275 0.1804
v -1.690000 32.610001 -1.700000 0.8470 0.2275 0.1804
v -1.690000 32.389999 -5.300000 0.8470 0.2275 0.1804
v -1.690000 32.610001 -5.300000 0.8470 0.2275 0.1804
v 1.690000 32.389999 -1.700000 0.8470 0.2275 0.1804
v 1.690000 32.610001 -1.700000 0.8470 0.2275 0.1804
v 1.690000 32.389999 -5.300000 0.8470 0.2275 0.1804
v 1.690000 32.610001 -5.300000 0.8470 0.2275 0.1804
v 1.910000 32.389999 -1.700000 0.8470 0.2275 0.1804
v 1.910000 32.610001 -1.700000 0.8470 0.2275 0.1804
v 1.910000 32.389999 -5.300000 0.8470 0.2275 0.1804
v 1.910000 32.610001 -5.300000 0.8470 0.2275 0.1804
v -2.120000 32.500000 -1.380000 0.1804 0.2078 0.3137
v -2.120000 32.580002 -1.300000 0.1804 0.2078 0.3137
v -2.200000 32.580002 -1.380000 0.1804 0.2078 0.3137
v -2.120000 32.820000 -1.300000 0.1804 0.2078 0.3137
v -2.120000 32.900002 -1.380000 0.1804 0.2078 0.3137
v -2.200000 32.820000 -1.380000 0.1804 0.2078 0.3137
v -2.120000 32.500000 -5.620000 0.1804 0.2078 0.3137
v -2.200000 32.580002 -5.620000 0.1804 0.2078 0.3137
v -2.120000 32.580002 -5.700000 0.1804 0.2078 0.3137
v -2.120000 32.900002 -5.620000 0.1804 0.2078 0.3137
v -2.120000 32.820000 -5.700000 0.1804 0.2078 0.3137
v -2.200000 32.820000 -5.620000 0.1804 0.2078 0.3137
v 2.120000 32.500000 -1.380000 0.1804 0.2078 0.3137
v 2.200000 32.580002 -1.380000 0.1804 0.2078 0.3137
v 2.120000 32.580002 -1.300000 0.1804 0.2078 0.3137
v 2.120000 32.900002 -1.380000 0.1804 0.2078 0.3137
v 2.120000 32.820000 -1.300000 0.1804 0.2078 0.3137
v 2.200000 32.820000 -1.380000 0.1804 0.2078 0.3137
v 2.120000 32.500000 -5.620000 0.1804 0.2078 0.3137
v 2.120000 32.580002 -5.700000 0.1804 0.2078 0.3137
v 2.200000 32.580002 -5.620000 0.1804 0.2078 0.3137
v 2.120000 32.900002 -5.620000 0.1804 0.2078 0.3137
v 2.200000 32.820000 -5.620000 0.1804 0.2078 0.3137
v 2.120000 32.820000 -5.700000 0.1804 0.2078 0.3137
v 0.000000 32.900002 -3.600000 0.7216 0.7608 0.8000
v 0.000000 35.900002 -3.600000 0.7216 0.7608 0.8000
v 0.070711 32.900002 -3.570711 0.7216 0.7608 0.8000
v 0.070711 35.900002 -3.570711 0.7216 0.7608 0.8000
v 0.100000 32.900002 -3.500000 0.7216 0.7608 0.8000
v 0.100000 35.900002 -3.500000 0.7216 0.7608 0.8000
v 0.070711 32.900002 -3.429289 0.7216 0.7608 0.8000
v 0.070711 35.900002 -3.429289 0.7216 0.7608 0.8000
v 0.000000 32.900002 -3.400000 0.7216 0.7608 0.8000
v 0.000000 35.900002 -3.400000 0.7216 0.7608 0.8000
v -0.070711 32.900002 -3.429289 0.7216 0.7608 0.8000
v -0.070711 35.900002 -3.429289 0.7216 0.7608 0.8000
v -0.100000 32.900002 -3.500000 0.7216 0.7608 0.8000
v -0.100000 35.900002 -3.500000 0.7216 0.7608 0.8000
v -0.070711 32.900002 -3.570711 0.7216 0.7608 0.8000
v -0.070711 35.900002 -3.570711 0.7216 0.7608 0.8000
v 0.000000 36.200001 -3.500000 0.8470 0.2275 0.1804
v 0.000000 35.600002 -3.500000 0.8470 0.2275 0.1804
v 0.088168 36.159809 -3.621353 0.8470 0.2275 0.1804
v 0.152711 36.050003 -3.710189 0.8470 0.2275 0.1804
v 0.176336 35.900002 -3.742705 0.8470 0.2275 0.1804
v 0.152711 35.750000 -3.710189 0.8470 0.2275 0.1804
v 0.088168 35.640194 -3.621353 0.8470 0.2275 0.1804
v 0.142658 36.159809 -3.546353 0.8470 0.2275 0.1804
v 0.247092 36.050003 -3.580285 0.8470 0.2275 0.1804
v 0.285317 35.900002 -3.592705 0.8470 0.2275 0.1804
v 0.247092 35.750000 -3.580285 0.8470 0.2275 0.1804
v 0.142658 35.640194 -3.546353 0.8470 0.2275 0.1804
v 0.142658 36.159809 -3.453647 0.8470 0.2275 0.1804
v 0.247092 36.050003 -3.419715 0.8470 0.2275 0.1804
v 0.285317 35.900002 -3.407295 0.8470 0.2275 0.1804
v 0.247092 35.750000 -3.419715 0.8470 0.2275 0.1804
v 0.142658 35.640194 -3.453647 0.8470 0.2275 0.1804
v 0.088168 36.159809 -3.378648 0.8470 0.2275 0.1804
v 0.152711 36.050003 -3.289811 0.8470 0.2275 0.1804
v 0.176336 35.900002 -3.257295 0.8470 0.2275 0.1804
v 0.152711 35.750000 -3.289811 0.8470 0.2275 0.1804
v 0.088168 35.640194 -3.378648 0.8470 0.2275 0.1804
v 0.000000 36.159809 -3.350000 0.8470 0.2275 0.1804
v 0.000000 36.050003 -3.240192 0.8470 0.2275 0.1804
v 0.000000 35.900002 -3.200000 0.8470 0.2275 0.1804
v 0.000000 35.750000 -3.240192 0.8470 0.2275 0.1804
v 0.000000 35.640194 -3.350000 0.8470 0.2275 0.1804
v -0.088168 36.159809 -3.378647 0.8470 0.2275 0.1804
v -0.152711 36.050003 -3.289811 0.8470 0.2275 0.1804
v -0.176336 35.900002 -3.257295 0.8470 0.2275 0.1804
v -0.152711 35.750000 -3.289811 0.8470 0.2275 0.1804
v -0.088168 35.640194 -3.378647 0.8470 0.2275 0.1804
v -0.142658 36.159809 -3.453647 0.8470 0.2275 0.1804
v -0.247092 36.050003 -3.419715 0.8470 0.2275 0.1804
v -0.285317 35.900002 -3.407295 0.8470 0.2275 0.1804
v -0.247092 35.750000 -3.419715 0.8470 0.2275 0.1804
v -0.142658 35.640194 -3.453647 0.8470 0.2275 0.1804
v -0.142658 36.159809 -3.546353 0.8470 0.2275 0.1804
v -0.247092 36.050003 -3.580285 0.8470 0.2275 0.1804
v -0.285317 35.900002 -3.592705 0.8470 0.2275 0.1804
v -0.247092 35.750000 -3.580285 0.8470 0.2275 0.1804
v -0.142658 35.640194 -3.546353 0.8470 0.2275 0.1804
v -0.088168 36.159809 -3.621352 0.8470 0.2275 0.1804
v -0.152711 36.050003 -3.710189 0.8470 0.2275 0.1804
v -0.176336 35.900002 -3.742705 0.8470 0.2275 0.1804
v -0.152711 35.750000 -3.710189 0.8470 0.2275 0.1804
v -0.088168 35.640194 -3.621352 0.8470 0.2275 0.1804
v -0.000000 36.159809 -3.650000 0.8470 0.2275 0.1804
v -0.000000 36.050003 -3.759808 0.8470 0.2275 0.1804
v -0.000000 35.900002 -3.800000 0.8470 0.2275 0.1804
v -0.000000 35.750000 -3.759808 0.8470 0.2275 0.1804
v -0.000000 35.640194 -3.650000 0.8470 0.2275 0.1804
v -0.840000 0.500000 -2.660000 0.9490 0.7608 0.1882
v -0.840000 0.560000 -2.600000 0.9490 0.7608 0.1882
v -0.900000 0.560000 -2.660000 0.9490 0.7608 0.1882
v -0.840000 2.840000 -2.600000 0.9490 0.7608 0.1882
v -0.840000 2.900000 -2.660000 0.9490 0.7608 0.1882
v -0.900000 2.840000 -2.660000 0.9490 0.7608 0.1882
v -0.840000 0.500000 -4.340000 0.9490 0.7608 0.1882
v -0.900000 0.560000 -4.340000 0.9490 0.7608 0.1882
v -0.840000 0.560000 -4.400000 0.9490 0.7608 0.1882
v -0.840000 2.900000 -4.340000 0.9490 0.7608 0.1882
v -0.840000 2.840000 -4.400000 0.9490 0.7608 0.1882
v -0.900000 2.840000 -4.340000 0.9490 0.7608 0.1882
v 0.840000 0.500000 -2.660000 0.9490 0.7608 0.1882
v 0.900000 0.560000 -2.660000 0.9490 0.7608 0.1882
v 0.840000 0.560000 -2.600000 0.9490 0.7608 0.1882
v 0.840000 2.900000 -2.660000 0.9490 0.7608 0.1882
v 0.840000 2.840000 -2.600000 0.9490 0.7608 0.1882
v 0.900000 2.840000 -2.660000 0.9490 0.7608 0.1882
v 0.840000 0.500000 -4.340000 0.9490 0.7608 0.1882
v 0.840000 0.560000 -4.400000 0.9490 0.7608 0.1882
v 0.900000 0.560000 -4.340000 0.9490 0.7608 0.1882
v 0.840000 2.900000 -4.340000 0.9490 0.7608 0.1882
v 0.900000 2.840000 -4.340000 0.9490 0.7608 0.1882
v 0.840000 2.840000 -4.400000 0.9490 0.7608 0.1882
v -7.750000 23.799999 -3.050000 0.1804 0.2078 0.3137
v -7.750000 23.850000 -3.000000 0.1804 0.2078 0.3137
v -7.800000 23.850000 -3.050000 0.1804 0.2078 0.3137
v -7.750000 24.150000 -3.000000 0.1804 0.2078 0.3137
v -7.750000 24.200001 -3.050000 0.1804 0.2078 0.3137
v -7.800000 24.150000 -3.050000 0.1804 0.2078 0.3137
v -7.750000 23.799999 -3.950000 0.1804 0.2078 0.3137
v -7.800000 23.850000 -3.950000 0.1804 0.2078 0.3137
v -7.750000 23.850000 -4.000000 0.1804 0.2078 0.3137
v -7.750000 24.200001 -3.950000 0.1804 0.2078 0.3137
v -7.750000 24.150000 -4.000000 0.1804 0.2078 0.3137
v -7.800000 24.150000 -3.950000 0.1804 0.2078 0.3137
v -1.850000 23.799999 -3.050000 0.1804 0.2078 0.3137
v -1.800000 23.850000 -3.050000 0.1804 0.2078 0.3137
v -1.850000 23.850000 -3.000000 0.1804 0.2078 0.3137
v -1.850000 24.200001 -3.050000 0.5098 0.4432 0.2588
v -1.850000 24.150000 -3.000000 0.1804 0.2078 0.3137
v -1.800000 24.150000 -3.050000 0.1804 0.2078 0.3137
v -1.850000 23.799999 -3.950000 0.1804 0.2078 0.3137
v -1.850000 23.850000 -4.000000 0.1804 0.2078 0.3137
v -1.800000 23.850000 -3.950000 0.1804 0.2078 0.3137
v -1.850000 24.200001 -3.950000 0.1804 0.2078 0.3137
v -1.800000 24.150000 -3.950000 0.1804 0.2078 0.3137
v -1.850000 24.150000 -4.000000 0.1804 0.2078 0.3137
v -7.200000 24.200001 -3.100000 0.9490 0.7608 0.1882
v -7.200000 25.000000 -3.100000 0.9490 0.7608 0.1882
v -7.164644 24.200001 -3.085355 0.9490 0.7608 0.1882
v -7.164644 25.000000 -3.085355 0.9490 0.7608 0.1882
v -7.150000 24.200001 -3.050000 0.9490 0.7608 0.1882
v -7.150000 25.000000 -3.050000 0.9490 0.7608 0.1882
v -7.164644 24.200001 -3.014645 0.9490 0.7608 0.1882
v -7.164644 25.000000 -3.014645 0.9490 0.7608 0.1882
v -7.200000 24.200001 -3.000000 0.9490 0.7608 0.1882
v -7.200000 25.000000 -3.000000 0.9490 0.7608 0.1882
v -7.235355 24.200001 -3.014645 0.9490 0.7608 0.1882
v -7.235355 25.000000 -3.014645 0.9490 0.7608 0.1882
v -7.250000 24.200001 -3.050000 0.9490 0.7608 0.1882
v -7.250000 25.000000 -3.050000 0.9490 0.7608 0.1882
v -7.235355 24.200001 -3.085355 0.9490 0.7608 0.1882
v -7.235355 25.000000 -3.085355 0.9490 0.7608 0.1882
v -5.400000 24.200001 -3.100000 0.9490 0.7608 0.1882
v -5.400000 25.000000 -3.100000 0.9490 0.7608 0.1882
v -5.364645 24.200001 -3.085355 0.9490 0.7608 0.1882
v -5.364645 25.000000 -3.085355 0.9490 0.7608 0.1882
v -5.350000 24.200001 -3.050000 0.9490 0.7608 0.1882
v -5.350000 25.000000 -3.050000 0.9490 0.7608 0.1882
v -5.364645 24.200001 -3.014645 0.9490 0.7608 0.1882
v -5.364645 25.000000 -3.014645 0.9490 0.7608 0.1882
v -5.400000 24.200001 -3.000000 0.9490 0.7608 0.1882
v -5.400000 25.000000 -3.000000 0.9490 0.7608 0.1882
v -5.435356 24.200001 -3.014645 0.9490 0.7608 0.1882
v -5.435356 25.000000 -3.014645 0.9490 0.7608 0.1882
v -5.450000 24.200001 -3.050000 0.9490 0.7608 0.1882
v -5.450000 25.000000 -3.050000 0.9490 0.7608 0.1882
v -5.435356 24.200001 -3.085355 0.9490 0.7608 0.1882
v -5.435356 25.000000 -3.085355 0.9490 0.7608 0.1882
v -3.600000 24.200001 -3.100000 0.9490 0.7608 0.1882
v -3.600000 25.000000 -3.100000 0.9490 0.7608 0.1882
v -3.564645 24.200001 -3.085355 0.9490 0.7608 0.1882
v -3.564645 25.000000 -3.085355 0.9490 0.7608 0.1882
v -3.550000 24.200001 -3.050000 0.9490 0.7608 0.1882
v -3.550000 25.000000 -3.050000 0.9490 0.7608 0.1882
v -3.564645 24.200001 -3.014645 0.9490 0.7608 0.1882
v -3.564645 25.000000 -3.014645 0.9490 0.7608 0.1882
v -3.600000 24.200001 -3.000000 0.9490 0.7608 0.1882
v -3.600000 25.000000 -3.000000 0.9490 0.7608 0.1882
v -3.635355 24.200001 -3.014645 0.9490 0.7608 0.1882
v -3.635355 25.000000 -3.014645 0.9490 0.7608 0.1882
v -3.650000 24.200001 -3.050000 0.9490 0.7608 0.1882
v -3.650000 25.000000 -3.050000 0.9490 0.7608 0.1882
v -3.635355 24.200001 -3.085355 0.9490 0.7608 0.1882
v -3.635355 25.000000 -3.085355 0.9490 0.7608 0.1882
v -1.800000 24.200001 -3.100000 0.9490 0.7608 0.1882
v -1.800000 25.000000 -3.100000 0.9490 0.7608 0.1882
v -1.764645 24.200001 -3.085355 0.9490 0.7608 0.1882
v -1.764645 25.000000 -3.085355 0.9490 0.7608 0.1882
v -1.750000 24.200001 -3.050000 0.9490 0.7608 0.1882
v -1.750000 25.000000 -3.050000 0.9490 0.7608 0.1882
v -1.764645 24.200001 -3.014645 0.9490 0.7608 0.1882
v -1.764645 25.000000 -3.014645 0.9490 0.7608 0.1882
v -1.800000 24.200001 -3.000000 0.9490 0.7608 0.1882
v -1.800000 25.000000 -3.000000 0.9490 0.7608 0.1882
v -1.835355 24.200001 -3.014645 0.9490 0.7608 0.1882
v -1.835355 25.000000 -3.014645 0.9490 0.7608 0.1882
v -1.850000 25.000000 -3.050000 0.9490 0.7608 0.1882
v -1.835355 24.200001 -3.085355 0.9490 0.7608 0.1882
v -1.835355 25.000000 -3.085355 0.9490 0.7608 0.1882
v -1.800000 25.051962 -3.080000 0.9490 0.7608 0.1882
v -1.800000 25.051962 -3.020000 0.9490 0.7608 0.1882
v -1.800000 25.000000 -2.990000 0.9490 0.7608 0.1882
v -1.800000 24.948038 -3.020000 0.9490 0.7608 0.1882
v -1.800000 24.948038 -3.080000 0.9490 0.7608 0.1882
v -1.800000 25.000000 -3.110000 0.9490 0.7608 0.1882
v -7.200000 25.051962 -3.080000 0.9490 0.7608 0.1882
v -7.200000 25.051962 -3.020000 0.9490 0.7608 0.1882
v -7.200000 25.000000 -2.990000 0.9490 0.7608 0.1882
v -7.200000 24.948038 -3.020000 0.9490 0.7608 0.1882
v -7.200000 24.948038 -3.080000 0.9490 0.7608 0.1882
v -7.200000 25.000000 -3.110000 0.9490 0.7608 0.1882
v -1.800000 24.634642 -3.070000 0.9490 0.7608 0.1882
v -1.800000 24.634642 -3.030000 0.9490 0.7608 0.1882
v -1.800000 24.600000 -3.010000 0.9490 0.7608 0.1882
v -1.800000 24.565359 -3.030000 0.9490 0.7608 0.1882
v -1.800000 24.565359 -3.070000 0.9490 0.7608 0.1882
v -1.800000 24.600000 -3.090000 0.9490 0.7608 0.1882
v -7.200000 24.634642 -3.070000 0.9490 0.7608 0.1882
v -7.200000 24.634642 -3.030000 0.9490 0.7608 0.1882
v -7.200000 24.600000 -3.010000 0.9490 0.7608 0.1882
v -7.200000 24.565359 -3.030000 0.9490 0.7608 0.1882
v -7.200000 24.565359 -3.070000 0.9490 0.7608 0.1882
v -7.200000 24.600000 -3.090000 0.9490 0.7608 0.1882
v -8.080000 24.200001 -2.820000 1.0000 0.9647 0.8980
v -8.080000 24.320000 -2.700000 1.0000 0.9647 0.8980
v -8.200000 24.320000 -2.820000 1.0000 0.9647 0.8980
v -8.080000 25.680000 -2.700000 1.0000 0.9647 0.8980
v -8.080000 25.799999 -2.820000 1.0000 0.9647 0.8980
v -8.200000 25.680000 -2.820000 1.0000 0.9647 0.8980
v -8.080000 24.200001 -4.180000 1.0000 0.9647 0.8980
v -8.200000 24.320000 -4.180000 1.0000 0.9647 0.8980
v -8.080000 24.320000 -4.300000 1.0000 0.9647 0.8980
v -8.080000 25.799999 -4.180000 1.0000 0.9647 0.8980
v -8.080000 25.680000 -4.300000 1.0000 0.9647 0.8980
v -8.200000 25.680000 -4.180000 1.0000 0.9647 0.8980
v -6.920000 24.200001 -2.820000 1.0000 0.9647 0.8980
v -6.800000 24.320000 -2.820000 1.0000 0.9647 0.8980
v -6.920000 24.320000 -2.700000 1.0000 0.9647 0.8980
v -6.920000 25.799999 -2.820000 1.0000 0.9647 0.8980
v -6.920000 25.680000 -2.700000 1.0000 0.9647 0.8980
v -6.800000 25.680000 -2.820000 1.0000 0.9647 0.8980
v -6.920000 24.200001 -4.180000 1.0000 0.9647 0.8980
v -6.920000 24.320000 -4.300000 1.0000 0.9647 0.8980
v -6.800000 24.320000 -4.180000 1.0000 0.9647 0.8980
v -6.920000 25.799999 -4.180000 1.0000 0.9647 0.8980
v -6.800000 25.680000 -4.180000 1.0000 0.9647 0.8980
v -6.920000 25.680000 -4.300000 1.0000 0.9647 0.8980
v -7.350000 14.300000 -3.050000 0.1804 0.2078 0.3137
v -7.350000 14.350000 -3.000000 0.1804 0.2078 0.3137
v -7.400000 14.350000 -3.050000 0.1804 0.2078 0.3137
v -7.350000 14.650000 -3.000000 0.1804 0.2078 0.3137
v -7.350000 14.700000 -3.050000 0.1804 0.2078 0.3137
v -7.400000 14.650000 -3.050000 0.1804 0.2078 0.3137
v -7.350000 14.300000 -3.950000 0.1804 0.2078 0.3137
v -7.400000 14.350000 -3.950000 0.1804 0.2078 0.3137
v -7.350000 14.350000 -4.000000 0.1804 0.2078 0.3137
v -7.350000 14.700000 -3.950000 0.1804 0.2078 0.3137
v -7.350000 14.650000 -4.000000 0.1804 0.2078 0.3137
v -7.400000 14.650000 -3.950000 0.1804 0.2078 0.3137
v -1.850000 14.300000 -3.050000 0.1804 0.2078 0.3137
v -1.800000 14.350000 -3.050000 0.1804 0.2078 0.3137
v -1.850000 14.350000 -3.000000 0.1804 0.2078 0.3137
v -1.850000 14.650000 -3.000000 0.1804 0.2078 0.3137
v -1.800000 14.650000 -3.050000 0.1804 0.2078 0.3137
v -1.850000 14.300000 -3.950000 0.1804 0.2078 0.3137
v -1.850000 14.350000 -4.000000 0.1804 0.2078 0.3137
v -1.800000 14.350000 -3.950000 0.1804 0.2078 0.3137
v -1.850000 14.700000 -3.950000 0.1804 0.2078 0.3137
v -1.800000 14.650000 -3.950000 0.1804 0.2078 0.3137
v -1.850000 14.650000 -4.000000 0.1804 0.2078 0.3137
v -6.800000 14.700001 -3.100000 0.9490 0.7608 0.1882
v -6.800000 15.500000 -3.100000 0.9490 0.7608 0.1882
v -6.764645 14.700001 -3.085355 0.9490 0.7608 0.1882
v -6.764645 15.500000 -3.085355 0.9490 0.7608 0.1882
v -6.750000 14.700001 -3.050000 0.9490 0.7608 0.1882
v -6.750000 15.500000 -3.050000 0.9490 0.7608 0.1882
v -6.764645 14.700001 -3.014645 0.9490 0.7608 0.1882
v -6.764645 15.500000 -3.014645 0.9490 0.7608 0.1882
v -6.800000 14.700001 -3.000000 0.9490 0.7608 0.1882
v -6.800000 15.500000 -3.000000 0.9490 0.7608 0.1882
v -6.835356 14.700001 -3.014645 0.9490 0.7608 0.1882
v -6.835356 15.500000 -3.014645 0.9490 0.7608 0.1882
v -6.850000 14.700001 -3.050000 0.9490 0.7608 0.1882
v -6.850000 15.500000 -3.050000 0.9490 0.7608 0.1882
v -6.835356 14.700001 -3.085355 0.9490 0.7608 0.1882
v -6.835356 15.500000 -3.085355 0.9490 0.7608 0.1882
v -5.133333 14.700001 -3.100000 0.9490 0.7608 0.1882
v -5.133333 15.500000 -3.100000 0.9490 0.7608 0.1882
v -5.097978 14.700001 -3.085355 0.9490 0.7608 0.1882
v -5.097978 15.500000 -3.085355 0.9490 0.7608 0.1882
v -5.083333 14.700001 -3.050000 0.9490 0.7608 0.1882
v -5.083333 15.500000 -3.050000 0.9490 0.7608 0.1882
v -5.097978 14.700001 -3.014645 0.9490 0.7608 0.1882
v -5.097978 15.500000 -3.014645 0.9490 0.7608 0.1882
v -5.133333 14.700001 -3.000000 0.9490 0.7608 0.1882
v -5.133333 15.500000 -3.000000 0.9490 0.7608 0.1882
v -5.168689 14.700001 -3.014645 0.9490 0.7608 0.1882
v -5.168689 15.500000 -3.014645 0.9490 0.7608 0.1882
v -5.183333 14.700001 -3.050000 0.9490 0.7608 0.1882
v -5.183333 15.500000 -3.050000 0.9490 0.7608 0.1882
v -5.168689 14.700001 -3.085355 0.9490 0.7608 0.1882
v -5.168689 15.500000 -3.085355 0.9490 0.7608 0.1882
v -3.466667 14.700001 -3.100000 0.9490 0.7608 0.1882
v -3.466667 15.500000 -3.100000 0.9490 0.7608 0.1882
v -3.431311 14.700001 -3.085355 0.9490 0.7608 0.1882
v -3.431311 15.500000 -3.085355 0.9490 0.7608 0.1882
v -3.416667 14.700001 -3.050000 0.9490 0.7608 0.1882
v -3.416667 15.500000 -3.050000 0.9490 0.7608 0.1882
v -3.431311 14.700001 -3.014645 0.9490 0.7608 0.1882
v -3.431311 15.500000 -3.014645 0.9490 0.7608 0.1882
v -3.466667 14.700001 -3.000000 0.9490 0.7608 0.1882
v -3.466667 15.500000 -3.000000 0.9490 0.7608 0.1882
v -3.502022 14.700001 -3.014645 0.9490 0.7608 0.1882
v -3.502022 15.500000 -3.014645 0.9490 0.7608 0.1882
v -3.516667 14.700001 -3.050000 0.9490 0.7608 0.1882
v -3.516667 15.500000 -3.050000 0.9490 0.7608 0.1882
v -3.502022 14.700001 -3.085355 0.9490 0.7608 0.1882
v -3.502022 15.500000 -3.085355 0.9490 0.7608 0.1882
v -1.800000 14.700001 -3.100000 0.9490 0.7608 0.1882
v -1.800000 15.500000 -3.100000 0.9490 0.7608 0.1882
v -1.764645 14.700001 -3.085355 0.9490 0.7608 0.1882
v -1.764645 15.500000 -3.085355 0.9490 0.7608 0.1882
v -1.750000 14.700001 -3.050000 0.9490 0.7608 0.1882
v -1.750000 15.500000 -3.050000 0.9490 0.7608 0.1882
v -1.764645 14.700001 -3.014645 0.9490 0.7608 0.1882
v -1.764645 15.500000 -3.014645 0.9490 0.7608 0.1882
v -1.800000 14.700001 -3.000000 0.9490 0.7608 0.1882
v -1.800000 15.500000 -3.000000 0.9490 0.7608 0.1882
v -1.835355 14.700001 -3.014645 0.9490 0.7608 0.1882
v -1.835355 15.500000 -3.014645 0.9490 0.7608 0.1882
v -1.850000 14.700001 -3.050000 0.5098 0.4432 0.2588
v -1.850000 15.500000 -3.050000 0.9490 0.7608 0.1882
v -1.835355 14.700001 -3.085355 0.9490 0.7608 0.1882
v -1.835355 15.500000 -3.085355 0.9490 0.7608 0.1882
v -1.800000 15.551962 -3.080000 0.9490 0.7608 0.1882
v -1.800000 15.551962 -3.020000 0.9490 0.7608 0.1882
v -1.800000 15.500000 -2.990000 0.9490 0.7608 0.1882
v -1.800000 15.448038 -3.020000 0.9490 0.7608 0.1882
v -1.800000 15.448038 -3.080000 0.9490 0.7608 0.1882
v -1.800000 15.500000 -3.110000 0.9490 0.7608 0.1882
v -6.800000 15.551962 -3.080000 0.9490 0.7608 0.1882
v -6.800000 15.551962 -3.020000 0.9490 0.7608 0.1882
v -6.800000 15.500000 -2.990000 0.9490 0.7608 0.1882
v -6.800000 15.448038 -3.020000 0.9490 0.7608 0.1882
v -6.800000 15.448038 -3.080000 0.9490 0.7608 0.1882
v -6.800000 15.500000 -3.110000 0.9490 0.7608 0.1882
v -1.800000 15.134642 -3.070000 0.9490 0.7608 0.1882
v -1.800000 15.134642 -3.030000 0.9490 0.7608 0.1882
v -1.800000 15.100000 -3.010000 0.9490 0.7608 0.1882
v -1.800000 15.065359 -3.030000 0.9490 0.7608 0.1882
v -1.800000 15.065359 -3.070000 0.9490 0.7608 0.1882
v -1.800000 15.100000 -3.090000 0.9490 0.7608 0.1882
v -6.800000 15.134642 -3.070000 0.9490 0.7608 0.1882
v -6.800000 15.134642 -3.030000 0.9490 0.7608 0.1882
v -6.800000 15.100000 -3.010000 0.9490 0.7608 0.1882
v -6.800000 15.065359 -3.030000 0.9490 0.7608 0.1882
v -6.800000 15.065359 -3.070000 0.9490 0.7608 0.1882
v -6.800000 15.100000 -3.090000 0.9490 0.7608 0.1882
v -7.680000 14.700000 -2.820000 1.0000 0.9647 0.8980
v -7.680000 14.820000 -2.700000 1.0000 0.9647 0.8980
v -7.800000 14.820000 -2.820000 1.0000 0.9647 0.8980
v -7.680000 16.180000 -2.700000 1.0000 0.9647 0.8980
v -7.680000 16.299999 -2.820000 1.0000 0.9647 0.8980
v -7.800000 16.180000 -2.820000 1.0000 0.9647 0.8980
v -7.680000 14.700000 -4.180000 1.0000 0.9647 0.8980
v -7.800000 14.820000 -4.180000 1.0000 0.9647 0.8980
v -7.680000 14.820000 -4.300000 1.0000 0.9647 0.8980
v -7.680000 16.299999 -4.180000 1.0000 0.9647 0.8980
v -7.680000 16.180000 -4.300000 1.0000 0.9647 0.8980
v -7.800000 16.180000 -4.180000 1.0000 0.9647 0.8980
v -6.520000 14.700000 -2.820000 1.0000 0.9647 0.8980
v -6.400000 14.820000 -2.820000 1.0000 0.9647 0.8980
v -6.520000 14.820000 -2.700000 1.0000 0.9647 0.8980
v -6.520000 16.299999 -2.820000 1.0000 0.9647 0.8980
v -6.520000 16.180000 -2.700000 1.0000 0.9647 0.8980
v -6.400000 16.180000 -2.820000 1.0000 0.9647 0.8980
v -6.520000 14.700000 -4.180000 1.0000 0.9647 0.8980
v -6.520000 14.820000 -4.300000 1.0000 0.9647 0.8980
v -6.400000 14.820000 -4.180000 1.0000 0.9647 0.8980
v -6.520000 16.299999 -4.180000 1.0000 0.9647 0.8980
v -6.400000 16.180000 -4.180000 1.0000 0.9647 0.8980
v -6.520000 16.180000 -4.300000 1.0000 0.9647 0.8980
v -6.819634 17.601635 -3.891442 0.7216 0.7608 0.8000
v -6.842693 17.643732 -3.995731 0.7216 0.7608 0.8000
v -6.840743 17.601635 -4.102521 0.7216 0.7608 0.8000
v -6.814926 17.500000 -4.149256 0.7216 0.7608 0.8000
v -6.780366 17.398365 -4.108559 0.7216 0.7608 0.8000
v -6.757308 17.356268 -4.004269 0.7216 0.7608 0.8000
v -6.759258 17.398365 -3.897479 0.7216 0.7608 0.8000
v -6.785075 17.500000 -3.850744 0.7216 0.7608 0.8000
v -1.819634 19.101635 -4.391441 0.7216 0.7608 0.8000
v -1.842693 19.143732 -4.495731 0.7216 0.7608 0.8000
v -1.840742 19.101635 -4.602521 0.7216 0.7608 0.8000
v -1.814926 19.000000 -4.649256 0.7216 0.7608 0.8000
v -1.780365 18.898365 -4.608559 0.7216 0.7608 0.8000
v -1.757307 18.856268 -4.504269 0.7216 0.7608 0.8000
v -1.759258 18.898365 -4.397479 0.7216 0.7608 0.8000
v -1.785074 19.000000 -4.350744 0.7216 0.7608 0.8000
v 13.000000 3.100000 -9.000000 0.9490 0.7608 0.1882
v 13.587132 3.100000 -8.907007 0.9490 0.7608 0.1882
v 13.558396 3.281434 -8.907007 0.9490 0.7608 0.1882
v 13.475000 3.445108 -8.907007 0.9490 0.7608 0.1882
v 13.345108 3.575000 -8.907007 0.9490 0.7608 0.1882
v 13.181434 3.658396 -8.907007 0.9490 0.7608 0.1882
v 13.000000 3.687132 -8.907007 0.9490 0.7608 0.1882
v 12.818566 3.658396 -8.907007 0.9490 0.7608 0.1882
v 12.654892 3.575000 -8.907007 0.9490 0.7608 0.1882
v 12.525000 3.445108 -8.907007 0.9490 0.7608 0.1882
v 12.441604 3.281434 -8.907007 0.9490 0.7608 0.1882
v 12.412868 3.100000 -8.907007 0.9490 0.7608 0.1882
v 12.441604 2.918566 -8.907007 0.9490 0.7608 0.1882
v 12.525000 2.754892 -8.907007 0.9490 0.7608 0.1882
v 12.654892 2.625000 -8.907007 0.9490 0.7608 0.1882
v 12.818566 2.541604 -8.907007 0.9490 0.7608 0.1882
v 13.000000 2.512868 -8.907007 0.9490 0.7608 0.1882
v 13.181434 2.541604 -8.907007 0.9490 0.7608 0.1882
v 13.345108 2.625000 -8.907007 0.9490 0.7608 0.1882
v 13.475000 2.754892 -8.907007 0.9490 0.7608 0.1882
v 13.558396 2.918566 -8.907007 0.9490 0.7608 0.1882
v 14.116792 3.100000 -8.637133 0.9490 0.7608 0.1882
v 14.062132 3.445108 -8.637133 0.9490 0.7608 0.1882
v 13.903503 3.756434 -8.637133 0.9490 0.7608 0.1882
v 13.656434 4.003504 -8.637133 0.9490 0.7608 0.1882
v 13.345108 4.162132 -8.637133 0.9490 0.7608 0.1882
v 13.000000 4.216792 -8.637133 0.9490 0.7608 0.1882
v 12.654892 4.162132 -8.637133 0.9490 0.7608 0.1882
v 12.343566 4.003504 -8.637133 0.9490 0.7608 0.1882
v 12.096497 3.756434 -8.637133 0.9490 0.7608 0.1882
v 11.937868 3.445108 -8.637133 0.9490 0.7608 0.1882
v 11.883208 3.100000 -8.637133 0.9490 0.7608 0.1882
v 11.937868 2.754892 -8.637133 0.9490 0.7608 0.1882
v 12.096497 2.443566 -8.637133 0.9490 0.7608 0.1882
v 12.343566 2.196496 -8.637133 0.9490 0.7608 0.1882
v 12.654892 2.037868 -8.637133 0.9490 0.7608 0.1882
v 13.000000 1.983208 -8.637133 0.9490 0.7608 0.1882
v 13.345108 2.037868 -8.637133 0.9490 0.7608 0.1882
v 13.656434 2.196496 -8.637133 0.9490 0.7608 0.1882
v 13.903503 2.443566 -8.637133 0.9490 0.7608 0.1882
v 14.062132 2.754892 -8.637133 0.9490 0.7608 0.1882
v 14.537132 3.100000 -8.216792 0.9490 0.7608 0.1882
v 14.461900 3.575000 -8.216792 0.9490 0.7608 0.1882
v 14.243567 4.003504 -8.216792 0.9490 0.7608 0.1882
v 13.903503 4.343566 -8.216792 0.9490 0.7608 0.1882
v 13.475000 4.561900 -8.216792 0.9490 0.7608 0.1882
v 13.000000 4.637133 -8.216792 0.9490 0.7608 0.1882
v 12.525000 4.561900 -8.216792 0.9490 0.7608 0.1882
v 12.096497 4.343566 -8.216792 0.9490 0.7608 0.1882
v 11.756433 4.003504 -8.216792 0.9490 0.7608 0.1882
v 11.538100 3.575000 -8.216792 0.9490 0.7608 0.1882
v 11.462868 3.100000 -8.216792 0.9490 0.7608 0.1882
v 11.538100 2.625000 -8.216792 0.9490 0.7608 0.1882
v 11.756433 2.196496 -8.216792 0.9490 0.7608 0.1882
v 12.096497 1.856434 -8.216792 0.9490 0.7608 0.1882
v 12.525000 1.638101 -8.216792 0.9490 0.7608 0.1882
v 13.000000 1.562868 -8.216792 0.9490 0.7608 0.1882
v 13.475000 1.638101 -8.216792 0.9490 0.7608 0.1882
v 13.903503 1.856434 -8.216792 0.9490 0.7608 0.1882
v 14.243567 2.196496 -8.216792 0.9490 0.7608 0.1882
v 14.461900 2.625000 -8.216792 0.9490 0.7608 0.1882
v 14.807008 3.100000 -7.687132 0.9490 0.7608 0.1882
v 14.718566 3.658396 -7.687132 0.9490 0.7608 0.1882
v 14.461900 4.162132 -7.687132 0.9490 0.7608 0.1882
v 14.062132 4.561900 -7.687132 0.9490 0.7608 0.1882
v 13.558396 4.818566 -7.687132 0.9490 0.7608 0.1882
v 13.000000 4.907007 -7.687132 0.9490 0.7608 0.1882
v 12.441604 4.818566 -7.687132 0.9490 0.7608 0.1882
v 11.937868 4.561900 -7.687132 0.9490 0.7608 0.1882
v 11.538100 4.162132 -7.687132 0.9490 0.7608 0.1882
v 11.281434 3.658396 -7.687132 0.9490 0.7608 0.1882
v 11.192992 3.100000 -7.687132 0.9490 0.7608 0.1882
v 11.281434 2.541604 -7.687132 0.9490 0.7608 0.1882
v 11.538100 2.037868 -7.687132 0.9490 0.7608 0.1882
v 11.937868 1.638100 -7.687132 0.9490 0.7608 0.1882
v 12.441604 1.381434 -7.687132 0.9490 0.7608 0.1882
v 13.000000 1.292993 -7.687132 0.9490 0.7608 0.1882
v 13.558396 1.381434 -7.687132 0.9490 0.7608 0.1882
v 14.062132 1.638100 -7.687132 0.9490 0.7608 0.1882
v 14.461900 2.037868 -7.687132 0.9490 0.7608 0.1882
v 14.718566 2.541604 -7.687132 0.9490 0.7608 0.1882
v 14.900000 3.100000 -7.100000 0.9490 0.7608 0.1882
v 14.807008 3.687132 -7.100000 0.9490 0.7608 0.1882
v 14.537132 4.216792 -7.100000 0.9490 0.7608 0.1882
v 14.116792 4.637132 -7.100000 0.9490 0.7608 0.1882
v 13.587132 4.907007 -7.100000 0.9490 0.7608 0.1882
v 13.000000 5.000000 -7.100000 0.9490 0.7608 0.1882
v 12.412868 4.907007 -7.100000 0.9490 0.7608 0.1882
v 11.883208 4.637132 -7.100000 0.9490 0.7608 0.1882
v 11.462868 4.216792 -7.100000 0.9490 0.7608 0.1882
v 11.192992 3.687132 -7.100000 0.9490 0.7608 0.1882
v 11.100000 3.100000 -7.100000 0.9490 0.7608 0.1882
v 11.192992 2.512868 -7.100000 0.9490 0.7608 0.1882
v 11.462868 1.983208 -7.100000 0.9490 0.7608 0.1882
v 11.883208 1.562868 -7.100000 0.9490 0.7608 0.1882
v 12.412868 1.292993 -7.100000 0.9490 0.7608 0.1882
v 13.000000 1.200000 -7.100000 0.9490 0.7608 0.1882
v 13.587132 1.292993 -7.100000 0.9490 0.7608 0.1882
v 14.116792 1.562868 -7.100000 0.9490 0.7608 0.1882
v 14.537132 1.983208 -7.100000 0.9490 0.7608 0.1882
v 14.807008 2.512868 -7.100000 0.9490 0.7608 0.1882
v 14.900000 3.100000 -0.900000 0.9490 0.7608 0.1882
v 14.807008 3.687132 -0.900000 0.9490 0.7608 0.1882
v 14.537132 4.216792 -0.900000 0.9490 0.7608 0.1882
v 14.116792 4.637132 -0.900000 0.9490 0.7608 0.1882
v 13.587132 4.907007 -0.900000 0.9490 0.7608 0.1882
v 13.000000 5.000000 -0.900000 0.9490 0.7608 0.1882
v 12.412868 4.907007 -0.900000 0.9490 0.7608 0.1882
v 11.883208 4.637132 -0.900000 0.9490 0.7608 0.1882
v 11.462868 4.216792 -0.900000 0.9490 0.7608 0.1882
v 11.192992 3.687132 -0.900000 0.9490 0.7608 0.1882
v 11.100000 3.100000 -0.900000 0.9490 0.7608 0.1882
v 11.192992 2.512867 -0.900000 0.9490 0.7608 0.1882
v 11.462868 1.983208 -0.900000 0.9490 0.7608 0.1882
v 11.883208 1.562868 -0.900000 0.9490 0.7608 0.1882
v 12.412868 1.292992 -0.900000 0.9490 0.7608 0.1882
v 13.000000 1.200000 -0.900000 0.9490 0.7608 0.1882
v 13.587132 1.292992 -0.900000 0.9490 0.7608 0.1882
v 14.116792 1.562868 -0.900000 0.9490 0.7608 0.1882
v 14.537132 1.983208 -0.900000 0.9490 0.7608 0.1882
v 14.807008 2.512867 -0.900000 0.9490 0.7608 0.1882
v 14.807008 3.100000 -0.312868 0.9490 0.7608 0.1882
v 14.718566 3.658396 -0.312868 0.9490 0.7608 0.1882
v 14.461900 4.162132 -0.312868 0.9490 0.7608 0.1882
v 14.062132 4.561899 -0.312868 0.9490 0.7608 0.1882
v 13.558396 4.818566 -0.312868 0.9490 0.7608 0.1882
v 13.000000 4.907007 -0.312868 0.9490 0.7608 0.1882
v 12.441604 4.818566 -0.312868 0.9490 0.7608 0.1882
v 11.937868 4.561899 -0.312868 0.9490 0.7608 0.1882
v 11.538100 4.162132 -0.312868 0.9490 0.7608 0.1882
v 11.281434 3.658396 -0.312868 0.9490 0.7608 0.1882
v 11.192992 3.100000 -0.312868 0.9490 0.7608 0.1882
v 11.281434 2.541604 -0.312868 0.9490 0.7608 0.1882
v 11.538100 2.037868 -0.312868 0.9490 0.7608 0.1882
v 11.937868 1.638100 -0.312868 0.9490 0.7608 0.1882
v 12.441604 1.381434 -0.312868 0.9490 0.7608 0.1882
v 13.000000 1.292992 -0.312868 0.9490 0.7608 0.1882
v 13.558396 1.381434 -0.312868 0.9490 0.7608 0.1882
v 14.062132 1.638100 -0.312868 0.9490 0.7608 0.1882
v 14.461900 2.037868 -0.312868 0.9490 0.7608 0.1882
v 14.718566 2.541604 -0.312868 0.9490 0.7608 0.1882
v 14.537132 3.100000 0.216792 0.9490 0.7608 0.1882
v 14.461900 3.575000 0.216792 0.9490 0.7608 0.1882
v 14.243567 4.003503 0.216792 0.9490 0.7608 0.1882
v 13.903503 4.343566 0.216792 0.9490 0.7608 0.1882
v 13.475000 4.561899 0.216792 0.9490 0.7608 0.1882
v 13.000000 4.637132 0.216792 0.9490 0.7608 0.1882
v 12.525000 4.561899 0.216792 0.9490 0.7608 0.1882
v 12.096497 4.343566 0.216792 0.9490 0.7608 0.1882
v 11.756433 4.003503 0.216792 0.9490 0.7608 0.1882
v 11.538100 3.575000 0.216792 0.9490 0.7608 0.1882
v 11.462868 3.100000 0.216792 0.9490 0.7608 0.1882
v 11.538100 2.625000 0.216792 0.9490 0.7608 0.1882
v 11.756433 2.196496 0.216792 0.9490 0.7608 0.1882
v 12.096497 1.856434 0.216792 0.9490 0.7608 0.1882
v 12.525000 1.638100 0.216792 0.9490 0.7608 0.1882
v 13.000000 1.562867 0.216792 0.9490 0.7608 0.1882
v 13.475000 1.638100 0.216792 0.9490 0.7608 0.1882
v 13.903503 1.856434 0.216792 0.9490 0.7608 0.1882
v 14.243567 2.196496 0.216792 0.9490 0.7608 0.1882
v 14.461900 2.625000 0.216792 0.9490 0.7608 0.1882
v 14.116792 3.100000 0.637132 0.9490 0.7608 0.1882
v 14.062132 3.445107 0.637132 0.9490 0.7608 0.1882
v 13.903503 3.756433 0.637132 0.9490 0.7608 0.1882
v 13.656434 4.003503 0.637132 0.9490 0.7608 0.1882
v 13.345108 4.162132 0.637132 0.9490 0.7608 0.1882
v 13.000000 4.216792 0.637132 0.9490 0.7608 0.1882
v 12.654892 4.162132 0.637132 0.9490 0.7608 0.1882
v 12.343566 4.003503 0.637132 0.9490 0.7608 0.1882
v 12.096497 3.756433 0.637132 0.9490 0.7608 0.1882
v 11.937868 3.445107 0.637132 0.9490 0.7608 0.1882
v 11.883208 3.100000 0.637132 0.9490 0.7608 0.1882
v 11.937868 2.754892 0.637132 0.9490 0.7608 0.1882
v 12.096497 2.443566 0.637132 0.9490 0.7608 0.1882
v 12.343566 2.196496 0.637132 0.9490 0.7608 0.1882
v 12.654892 2.037868 0.637132 0.9490 0.7608 0.1882
v 13.000000 1.983208 0.637132 0.9490 0.7608 0.1882
v 13.345108 2.037868 0.637132 0.9490 0.7608 0.1882
v 13.656434 2.196496 0.637132 0.9490 0.7608 0.1882
v 13.903503 2.443566 0.637132 0.9490 0.7608 0.1882
v 14.062132 2.754892 0.637132 0.9490 0.7608 0.1882
v 13.587132 3.100000 0.907007 0.9490 0.7608 0.1882
v 13.558396 3.281434 0.907007 0.9490 0.7608 0.1882
v 13.475000 3.445107 0.907007 0.9490 0.7608 0.1882
v 13.345108 3.575000 0.907007 0.9490 0.7608 0.1882
v 13.181434 3.658396 0.907007 0.9490 0.7608 0.1882
v 13.000000 3.687132 0.907007 0.9490 0.7608 0.1882
v 12.818566 3.658396 0.907007 0.9490 0.7608 0.1882
v 12.654892 3.575000 0.907007 0.9490 0.7608 0.1882
v 12.525000 3.445107 0.907007 0.9490 0.7608 0.1882
v 12.441604 3.281434 0.907007 0.9490 0.7608 0.1882
v 12.412868 3.100000 0.907007 0.9490 0.7608 0.1882
v 12.441604 2.918566 0.907007 0.9490 0.7608 0.1882
v 12.525000 2.754892 0.907007 0.9490 0.7608 0.1882
v 12.654892 2.625000 0.907007 0.9490 0.7608 0.1882
v 12.818566 2.541604 0.907007 0.9490 0.7608 0.1882
v 13.000000 2.512867 0.907007 0.9490 0.7608 0.1882
v 13.181434 2.541604 0.907007 0.9490 0.7608 0.1882
v 13.345108 2.625000 0.907007 0.9490 0.7608 0.1882
v 13.475000 2.754892 0.907007 0.9490 0.7608 0.1882
v 13.558396 2.918566 0.907007 0.9490 0.7608 0.1882
v 13.000000 3.100000 1.000000 0.9490 0.7608 0.1882
v 11.460000 0.500000 -0.310000 0.6628 0.6432 0.6039
v 11.460000 0.560000 -0.250000 0.6628 0.6432 0.6039
v 11.400000 0.560000 -0.310000 0.6628 0.6432 0.6039
v 11.460000 1.640000 -0.250000 0.6628 0.6432 0.6039
v 11.460000 1.700000 -0.310000 0.6628 0.6432 0.6039
v 11.400000 1.640000 -0.310000 0.6628 0.6432 0.6039
v 11.460000 0.500000 -0.890000 0.6628 0.6432 0.6039
v 11.400000 0.560000 -0.890000 0.6628 0.6432 0.6039
v 11.460000 0.560000 -0.950000 0.6628 0.6432 0.6039
v 11.460000 1.700000 -0.890000 0.6628 0.6432 0.6039
v 11.460000 1.640000 -0.950000 0.6628 0.6432 0.6039
v 11.400000 1.640000 -0.890000 0.6628 0.6432 0.6039
v 14.540000 0.500000 -0.310000 0.6628 0.6432 0.6039
v 14.600000 0.560000 -0.310000 0.6628 0.6432 0.6039
v 14.540000 0.560000 -0.250000 0.6628 0.6432 0.6039
v 14.540000 1.700000 -0.310000 0.6628 0.6432 0.6039
v 14.540000 1.640000 -0.250000 0.6628 0.6432 0.6039
v 14.600000 1.640000 -0.310000 0.6628 0.6432 0.6039
v 14.540000 0.500000 -0.890000 0.6628 0.6432 0.6039
v 14.540000 0.560000 -0.950000 0.6628 0.6432 0.6039
v 14.600000 0.560000 -0.890000 0.6628 0.6432 0.6039
v 14.540000 1.700000 -0.890000 0.6628 0.6432 0.6039
v 14.600000 1.640000 -0.890000 0.6628 0.6432 0.6039
v 14.540000 1.640000 -0.950000 0.6628 0.6432 0.6039
v 11.460000 0.500000 -7.110000 0.6628 0.6432 0.6039
v 11.460000 0.560000 -7.050000 0.6628 0.6432 0.6039
v 11.400000 0.560000 -7.110000 0.6628 0.6432 0.6039
v 11.460000 1.640000 -7.050000 0.6628 0.6432 0.6039
v 11.460000 1.700000 -7.110000 0.6628 0.6432 0.6039
v 11.400000 1.640000 -7.110000 0.6628 0.6432 0.6039
v 11.460000 0.500000 -7.690000 0.6628 0.6432 0.6039
v 11.400000 0.560000 -7.690000 0.6628 0.6432 0.6039
v 11.460000 0.560000 -7.750000 0.6628 0.6432 0.6039
v 11.460000 1.700000 -7.690000 0.6628 0.6432 0.6039
v 11.460000 1.640000 -7.750000 0.6628 0.6432 0.6039
v 11.400000 1.640000 -7.690000 0.6628 0.6432 0.6039
v 14.540000 0.500000 -7.110000 0.6628 0.6432 0.6039
v 14.600000 0.560000 -7.110000 0.6628 0.6432 0.6039
v 14.540000 0.560000 -7.050000 0.6628 0.6432 0.6039
v 14.540000 1.700000 -7.110000 0.6628 0.6432 0.6039
v 14.540000 1.640000 -7.050000 0.6628 0.6432 0.6039
v 14.600000 1.640000 -7.110000 0.6628 0.6432 0.6039
v 14.540000 0.500000 -7.690000 0.6628 0.6432 0.6039
v 14.540000 0.560000 -7.750000 0.6628 0.6432 0.6039
v 14.600000 0.560000 -7.690000 0.6628 0.6432 0.6039
v 14.540000 1.700000 -7.690000 0.6628 0.6432 0.6039
v 14.600000 1.640000 -7.690000 0.6628 0.6432 0.6039
v 14.540000 1.640000 -7.750000 0.6628 0.6432 0.6039
v 15.000000 3.100000 -1.500000 1.0000 0.9647 0.8980
v 14.931851 3.617638 -1.500000 1.0000 0.9647 0.8980
v 14.732051 4.100000 -1.500000 1.0000 0.9647 0.8980
v 14.414213 4.514214 -1.500000 1.0000 0.9647 0.8980
v 14.000000 4.832051 -1.500000 1.0000 0.9647 0.8980
v 13.517638 5.031852 -1.500000 1.0000 0.9647 0.8980
v 13.000000 5.100000 -1.500000 1.0000 0.9647 0.8980
v 12.482362 5.031852 -1.500000 1.0000 0.9647 0.8980
v 12.000000 4.832051 -1.500000 1.0000 0.9647 0.8980
v 11.585787 4.514214 -1.500000 1.0000 0.9647 0.8980
v 11.267949 4.100000 -1.500000 1.0000 0.9647 0.8980
v 11.068149 3.617638 -1.500000 1.0000 0.9647 0.8980
v 11.000000 3.100000 -1.500000 1.0000 0.9647 0.8980
v 11.068149 2.582362 -1.500000 1.0000 0.9647 0.8980
v 11.267949 2.100000 -1.500000 1.0000 0.9647 0.8980
v 11.585787 1.685786 -1.500000 1.0000 0.9647 0.8980
v 12.000000 1.367949 -1.500000 1.0000 0.9647 0.8980
v 12.482362 1.168148 -1.500000 1.0000 0.9647 0.8980
v 13.000000 1.100000 -1.500000 1.0000 0.9647 0.8980
v 13.517638 1.168148 -1.500000 1.0000 0.9647 0.8980
v 14.000000 1.367949 -1.500000 1.0000 0.9647 0.8980
v 14.414213 1.685786 -1.500000 1.0000 0.9647 0.8980
v 14.732051 2.100000 -1.500000 1.0000 0.9647 0.8980
v 14.931851 2.582362 -1.500000 1.0000 0.9647 0.8980
v 14.944721 3.100000 -1.423916 1.0000 0.9647 0.8980
v 14.878456 3.603331 -1.423916 1.0000 0.9647 0.8980
v 14.684178 4.072361 -1.423915 1.0000 0.9647 0.8980
v 14.375126 4.475125 -1.423915 1.0000 0.9647 0.8980
v 13.972361 4.784178 -1.423915 1.0000 0.9647 0.8980
v 13.503331 4.978456 -1.423915 1.0000 0.9647 0.8980
v 13.000000 5.044721 -1.423915 1.0000 0.9647 0.8980
v 12.496669 4.978456 -1.423915 1.0000 0.9647 0.8980
v 12.027639 4.784178 -1.423915 1.0000 0.9647 0.8980
v 11.624874 4.475125 -1.423915 1.0000 0.9647 0.8980
v 11.315822 4.072361 -1.423915 1.0000 0.9647 0.8980
v 11.121544 3.603331 -1.423916 1.0000 0.9647 0.8980
v 11.055279 3.100000 -1.423916 1.0000 0.9647 0.8980
v 11.121544 2.596669 -1.423916 1.0000 0.9647 0.8980
v 11.315822 2.127639 -1.423916 1.0000 0.9647 0.8980
v 11.624874 1.724874 -1.423916 1.0000 0.9647 0.8980
v 12.027639 1.415822 -1.423916 1.0000 0.9647 0.8980
v 12.496669 1.221543 -1.423916 1.0000 0.9647 0.8980
v 13.000000 1.155279 -1.423916 1.0000 0.9647 0.8980
v 13.503331 1.221543 -1.423916 1.0000 0.9647 0.8980
v 13.972361 1.415822 -1.423916 1.0000 0.9647 0.8980
v 14.375126 1.724874 -1.423916 1.0000 0.9647 0.8980
v 14.684178 2.127639 -1.423916 1.0000 0.9647 0.8980
v 14.878456 2.596669 -1.423916 1.0000 0.9647 0.8980
v 14.855279 3.100000 -1.452977 1.0000 0.9647 0.8980
v 14.792062 3.580181 -1.452977 1.0000 0.9647 0.8980
v 14.606718 4.027639 -1.452977 1.0000 0.9647 0.8980
v 14.311880 4.411880 -1.452977 1.0000 0.9647 0.8980
v 13.927639 4.706718 -1.452977 1.0000 0.9647 0.8980
v 13.480182 4.892061 -1.452977 1.0000 0.9647 0.8980
v 13.000000 4.955278 -1.452977 1.0000 0.9647 0.8980
v 12.519818 4.892061 -1.452977 1.0000 0.9647 0.8980
v 12.072361 4.706718 -1.452977 1.0000 0.9647 0.8980
v 11.688120 4.411880 -1.452977 1.0000 0.9647 0.8980
v 11.393282 4.027639 -1.452977 1.0000 0.9647 0.8980
v 11.207938 3.580181 -1.452977 1.0000 0.9647 0.8980
v 11.144721 3.100000 -1.452977 1.0000 0.9647 0.8980
v 11.207938 2.619818 -1.452977 1.0000 0.9647 0.8980
v 11.393282 2.172361 -1.452977 1.0000 0.9647 0.8980
v 11.688120 1.788120 -1.452977 1.0000 0.9647 0.8980
v 12.072361 1.493281 -1.452977 1.0000 0.9647 0.8980
v 12.519818 1.307938 -1.452977 1.0000 0.9647 0.8980
v 13.000000 1.244721 -1.452977 1.0000 0.9647 0.8980
v 13.480182 1.307938 -1.452977 1.0000 0.9647 0.8980
v 13.927639 1.493281 -1.452977 1.0000 0.9647 0.8980
v 14.311880 1.788120 -1.452977 1.0000 0.9647 0.8980
v 14.606718 2.172361 -1.452977 1.0000 0.9647 0.8980
v 14.792062 2.619818 -1.452977 1.0000 0.9647 0.8980
v 14.855279 3.100000 -1.547023 1.0000 0.9647 0.8980
v 14.792062 3.580181 -1.547023 1.0000 0.9647 0.8980
v 14.606718 4.027639 -1.547023 1.0000 0.9647 0.8980
v 14.311880 4.411880 -1.547023 1.0000 0.9647 0.8980
v 13.927639 4.706718 -1.547023 1.0000 0.9647 0.8980
v 13.480182 4.892061 -1.547023 1.0000 0.9647 0.8980
v 13.000000 4.955278 -1.547023 1.0000 0.9647 0.8980
v 12.519818 4.892061 -1.547023 1.0000 0.9647 0.8980
v 12.072361 4.706718 -1.547023 1.0000 0.9647 0.8980
v 11.688120 4.411880 -1.547023 1.0000 0.9647 0.8980
v 11.393282 4.027639 -1.547023 1.0000 0.9647 0.8980
v 11.207938 3.580181 -1.547023 1.0000 0.9647 0.8980
v 11.144721 3.100000 -1.547023 1.0000 0.9647 0.8980
v 11.207938 2.619818 -1.547023 1.0000 0.9647 0.8980
v 11.393282 2.172361 -1.547023 1.0000 0.9647 0.8980
v 11.688120 1.788120 -1.547023 1.0000 0.9647 0.8980
v 12.072361 1.493281 -1.547023 1.0000 0.9647 0.8980
v 12.519818 1.307938 -1.547023 1.0000 0.9647 0.8980
v 13.000000 1.244721 -1.547023 1.0000 0.9647 0.8980
v 13.480182 1.307938 -1.547023 1.0000 0.9647 0.8980
v 13.927639 1.493281 -1.547023 1.0000 0.9647 0.8980
v 14.311880 1.788120 -1.547023 1.0000 0.9647 0.8980
v 14.606718 2.172361 -1.547023 1.0000 0.9647 0.8980
v 14.792062 2.619818 -1.547023 1.0000 0.9647 0.8980
v 14.944721 3.100000 -1.576084 1.0000 0.9647 0.8980
v 14.878456 3.603331 -1.576084 1.0000 0.9647 0.8980
v 14.684178 4.072361 -1.576084 1.0000 0.9647 0.8980
v 14.375126 4.475125 -1.576084 1.0000 0.9647 0.8980
v 13.972361 4.784178 -1.576084 1.0000 0.9647 0.8980
v 13.503331 4.978456 -1.576084 1.0000 0.9647 0.8980
v 13.000000 5.044721 -1.576084 1.0000 0.9647 0.8980
v 12.496669 4.978456 -1.576084 1.0000 0.9647 0.8980
v 12.027639 4.784178 -1.576084 1.0000 0.9647 0.8980
v 11.624874 4.475125 -1.576084 1.0000 0.9647 0.8980
v 11.315822 4.072361 -1.576084 1.0000 0.9647 0.8980
v 11.121544 3.603331 -1.576084 1.0000 0.9647 0.8980
v 11.055279 3.100000 -1.576084 1.0000 0.9647 0.8980
v 11.121544 2.596669 -1.576084 1.0000 0.9647 0.8980
v 11.315822 2.127639 -1.576085 1.0000 0.9647 0.8980
v 11.624874 1.724874 -1.576085 1.0000 0.9647 0.8980
v 12.027639 1.415822 -1.576085 1.0000 0.9647 0.8980
v 12.496669 1.221543 -1.576085 1.0000 0.9647 0.8980
v 13.000000 1.155279 -1.576085 1.0000 0.9647 0.8980
v 13.503331 1.221543 -1.576085 1.0000 0.9647 0.8980
v 13.972361 1.415822 -1.576085 1.0000 0.9647 0.8980
v 14.375126 1.724874 -1.576085 1.0000 0.9647 0.8980
v 14.684178 2.127639 -1.576085 1.0000 0.9647 0.8980
v 14.878456 2.596669 -1.576084 1.0000 0.9647 0.8980
v 15.000000 3.100000 -4.000000 1.0000 0.9647 0.8980
v 14.931851 3.617638 -4.000000 1.0000 0.9647 0.8980
v 14.732051 4.100000 -4.000000 1.0000 0.9647 0.8980
v 14.414213 4.514214 -4.000000 1.0000 0.9647 0.8980
v 14.000000 4.832051 -4.000000 1.0000 0.9647 0.8980
v 13.517638 5.031852 -4.000000 1.0000 0.9647 0.8980
v 13.000000 5.100000 -4.000000 1.0000 0.9647 0.8980
v 12.482362 5.031852 -4.000000 1.0000 0.9647 0.8980
v 12.000000 4.832051 -4.000000 1.0000 0.9647 0.8980
v 11.585787 4.514214 -4.000000 1.0000 0.9647 0.8980
v 11.267949 4.100000 -4.000000 1.0000 0.9647 0.8980
v 11.068149 3.617638 -4.000000 1.0000 0.9647 0.8980
v 11.000000 3.100000 -4.000000 1.0000 0.9647 0.8980
v 11.068149 2.582362 -4.000000 1.0000 0.9647 0.8980
v 11.267949 2.100000 -4.000000 1.0000 0.9647 0.8980
v 11.585787 1.685786 -4.000000 1.0000 0.9647 0.8980
v 12.000000 1.367949 -4.000000 1.0000 0.9647 0.8980
v 12.482362 1.168148 -4.000000 1.0000 0.9647 0.8980
v 13.000000 1.100000 -4.000000 1.0000 0.9647 0.8980
v 13.517638 1.168148 -4.000000 1.0000 0.9647 0.8980
v 14.000000 1.367949 -4.000000 1.0000 0.9647 0.8980
v 14.414213 1.685786 -4.000000 1.0000 0.9647 0.8980
v 14.732051 2.100000 -4.000000 1.0000 0.9647 0.8980
v 14.931851 2.582362 -4.000000 1.0000 0.9647 0.8980
v 14.944721 3.100000 -3.923915 1.0000 0.9647 0.8980
v 14.878456 3.603331 -3.923915 1.0000 0.9647 0.8980
v 14.684178 4.072361 -3.923915 1.0000 0.9647 0.8980
v 14.375126 4.475125 -3.923915 1.0000 0.9647 0.8980
v 13.972361 4.784178 -3.923915 1.0000 0.9647 0.8980
v 13.503331 4.978456 -3.923915 1.0000 0.9647 0.8980
v 13.000000 5.044721 -3.923915 1.0000 0.9647 0.8980
v 12.496669 4.978456 -3.923915 1.0000 0.9647 0.8980
v 12.027639 4.784178 -3.923915 1.0000 0.9647 0.8980
v 11.624874 4.475125 -3.923915 1.0000 0.9647 0.8980
v 11.315822 4.072361 -3.923915 1.0000 0.9647 0.8980
v 11.121544 3.603331 -3.923915 1.0000 0.9647 0.8980
v 11.055279 3.100000 -3.923915 1.0000 0.9647 0.8980
v 11.121544 2.596669 -3.923915 1.0000 0.9647 0.8980
v 11.315822 2.127639 -3.923916 1.0000 0.9647 0.8980
v 11.624874 1.724874 -3.923916 1.0000 0.9647 0.8980
v 12.027639 1.415822 -3.923916 1.0000 0.9647 0.8980
v 12.496669 1.221543 -3.923916 1.0000 0.9647 0.8980
v 13.000000 1.155279 -3.923916 1.0000 0.9647 0.8980
v 13.503331 1.221543 -3.923916 1.0000 0.9647 0.8980
v 13.972361 1.415822 -3.923916 1.0000 0.9647 0.8980
v 14.375126 1.724874 -3.923916 1.0000 0.9647 0.8980
v 14.684178 2.127639 -3.923916 1.0000 0.9647 0.8980
v 14.878456 2.596669 -3.923915 1.0000 0.9647 0.8980
v 14.855279 3.100000 -3.952977 1.0000 0.9647 0.8980
v 14.792062 3.580181 -3.952977 1.0000 0.9647 0.8980
v 14.606718 4.027639 -3.952977 1.0000 0.9647 0.8980
v 14.311880 4.411880 -3.952977 1.0000 0.9647 0.8980
v 13.927639 4.706718 -3.952977 1.0000 0.9647 0.8980
v 13.480182 4.892061 -3.952977 1.0000 0.9647 0.8980
v 13.000000 4.955278 -3.952977 1.0000 0.9647 0.8980
v 12.519818 4.892061 -3.952977 1.0000 0.9647 0.8980
v 12.072361 4.706718 -3.952977 1.0000 0.9647 0.8980
v 11.688120 4.411880 -3.952977 1.0000 0.9647 0.8980
v 11.393282 4.027639 -3.952977 1.0000 0.9647 0.8980
v 11.207938 3.580181 -3.952977 1.0000 0.9647 0.8980
v 11.144721 3.100000 -3.952977 1.0000 0.9647 0.8980
v 11.207938 2.619818 -3.952977 1.0000 0.9647 0.8980
v 11.393282 2.172361 -3.952977 1.0000 0.9647 0.8980
v 11.688120 1.788120 -3.952977 1.0000 0.9647 0.8980
v 12.072361 1.493281 -3.952977 1.0000 0.9647 0.8980
v 12.519818 1.307938 -3.952977 1.0000 0.9647 0.8980
v 13.000000 1.244721 -3.952977 1.0000 0.9647 0.8980
v 13.480182 1.307938 -3.952977 1.0000 0.9647 0.8980
v 13.927639 1.493281 -3.952977 1.0000 0.9647 0.8980
v 14.311880 1.788120 -3.952977 1.0000 0.9647 0.8980
v 14.606718 2.172361 -3.952977 1.0000 0.9647 0.8980
v 14.792062 2.619818 -3.952977 1.0000 0.9647 0.8980
v 14.855279 3.100000 -4.047023 1.0000 0.9647 0.8980
v 14.792062 3.580181 -4.047023 1.0000 0.9647 0.8980
v 14.606718 4.027639 -4.047023 1.0000 0.9647 0.8980
v 14.311880 4.411880 -4.047023 1.0000 0.9647 0.8980
v 13.927639 4.706718 -4.047023 1.0000 0.9647 0.8980
v 13.480182 4.892061 -4.047023 1.0000 0.9647 0.8980
v 13.000000 4.955278 -4.047023 1.0000 0.9647 0.8980
v 12.519818 4.892061 -4.047023 1.0000 0.9647 0.8980
v 12.072361 4.706718 -4.047023 1.0000 0.9647 0.8980
v 11.688120 4.411880 -4.047023 1.0000 0.9647 0.8980
v 11.393282 4.027639 -4.047023 1.0000 0.9647 0.8980
v 11.207938 3.580181 -4.047023 1.0000 0.9647 0.8980
v 11.144721 3.100000 -4.047023 1.0000 0.9647 0.8980
v 11.207938 2.619818 -4.047023 1.0000 0.9647 0.8980
v 11.393282 2.172361 -4.047023 1.0000 0.9647 0.8980
v 11.688120 1.788120 -4.047023 1.0000 0.9647 0.8980
v 12.072361 1.493281 -4.047023 1.0000 0.9647 0.8980
v 12.519818 1.307938 -4.047023 1.0000 0.9647 0.8980
v 13.000000 1.244721 -4.047023 1.0000 0.9647 0.8980
v 13.480182 1.307938 -4.047023 1.0000 0.9647 0.8980
v 13.927639 1.493281 -4.047023 1.0000 0.9647 0.8980
v 14.311880 1.788120 -4.047023 1.0000 0.9647 0.8980
v 14.606718 2.172361 -4.047023 1.0000 0.9647 0.8980
v 14.792062 2.619818 -4.047023 1.0000 0.9647 0.8980
v 14.944721 3.100000 -4.076085 1.0000 0.9647 0.8980
v 14.878456 3.603331 -4.076085 1.0000 0.9647 0.8980
v 14.684178 4.072361 -4.076085 1.0000 0.9647 0.8980
v 14.375126 4.475125 -4.076085 1.0000 0.9647 0.8980
v 13.972361 4.784178 -4.076085 1.0000 0.9647 0.8980
v 13.503331 4.978456 -4.076085 1.0000 0.9647 0.8980
v 13.000000 5.044721 -4.076085 1.0000 0.9647 0.8980
v 12.496669 4.978456 -4.076085 1.0000 0.9647 0.8980
v 12.027639 4.784178 -4.076085 1.0000 0.9647 0.8980
v 11.624874 4.475125 -4.076085 1.0000 0.9647 0.8980
v 11.315822 4.072361 -4.076085 1.0000 0.9647 0.8980
v 11.121544 3.603331 -4.076085 1.0000 0.9647 0.8980
v 11.055279 3.100000 -4.076085 1.0000 0.9647 0.8980
v 11.121544 2.596669 -4.076085 1.0000 0.9647 0.8980
v 11.315822 2.127639 -4.076085 1.0000 0.9647 0.8980
v 11.624874 1.724874 -4.076085 1.0000 0.9647 0.8980
v 12.027639 1.415822 -4.076085 1.0000 0.9647 0.8980
v 12.496669 1.221543 -4.076085 1.0000 0.9647 0.8980
v 13.000000 1.155279 -4.076085 1.0000 0.9647 0.8980
v 13.503331 1.221543 -4.076085 1.0000 0.9647 0.8980
v 13.972361 1.415822 -4.076085 1.0000 0.9647 0.8980
v 14.375126 1.724874 -4.076085 1.0000 0.9647 0.8980
v 14.684178 2.127639 -4.076085 1.0000 0.9647 0.8980
v 14.878456 2.596669 -4.076085 1.0000 0.9647 0.8980
v 15.000000 3.100000 -6.500000 1.0000 0.9647 0.8980
v 14.931851 3.617638 -6.500000 1.0000 0.9647 0.8980
v 14.732051 4.100000 -6.500000 1.0000 0.9647 0.8980
v 14.414213 4.514214 -6.500000 1.0000 0.9647 0.8980
v 14.000000 4.832051 -6.500000 1.0000 0.9647 0.8980
v 13.517638 5.031852 -6.500000 1.0000 0.9647 0.8980
v 13.000000 5.100000 -6.500000 1.0000 0.9647 0.8980
v 12.482362 5.031852 -6.500000 1.0000 0.9647 0.8980
v 12.000000 4.832051 -6.500000 1.0000 0.9647 0.8980
v 11.585787 4.514214 -6.500000 1.0000 0.9647 0.8980
v 11.267949 4.100000 -6.500000 1.0000 0.9647 0.8980
v 11.068149 3.617638 -6.500000 1.0000 0.9647 0.8980
v 11.000000 3.100000 -6.500000 1.0000 0.9647 0.8980
v 11.068149 2.582362 -6.500000 1.0000 0.9647 0.8980
v 11.267949 2.100000 -6.500000 1.0000 0.9647 0.8980
v 11.585787 1.685786 -6.500000 1.0000 0.9647 0.8980
v 12.000000 1.367949 -6.500000 1.0000 0.9647 0.8980
v 12.482362 1.168148 -6.500000 1.0000 0.9647 0.8980
v 13.000000 1.100000 -6.500000 1.0000 0.9647 0.8980
v 13.517638 1.168148 -6.500000 1.0000 0.9647 0.8980
v 14.000000 1.367949 -6.500000 1.0000 0.9647 0.8980
v 14.414213 1.685786 -6.500000 1.0000 0.9647 0.8980
v 14.732051 2.100000 -6.500000 1.0000 0.9647 0.8980
v 14.931851 2.582362 -6.500000 1.0000 0.9647 0.8980
v 14.944721 3.100000 -6.423915 1.0000 0.9647 0.8980
v 14.878456 3.603331 -6.423915 1.0000 0.9647 0.8980
v 14.684178 4.072361 -6.423915 1.0000 0.9647 0.8980
v 14.375126 4.475125 -6.423915 1.0000 0.9647 0.8980
v 13.972361 4.784178 -6.423915 1.0000 0.9647 0.8980
v 13.503331 4.978456 -6.423915 1.0000 0.9647 0.8980
v 13.000000 5.044721 -6.423915 1.0000 0.9647 0.8980
v 12.496669 4.978456 -6.423915 1.0000 0.9647 0.8980
v 12.027639 4.784178 -6.423915 1.0000 0.9647 0.8980
v 11.624874 4.475125 -6.423915 1.0000 0.9647 0.8980
v 11.315822 4.072361 -6.423915 1.0000 0.9647 0.8980
v 11.121544 3.603331 -6.423915 1.0000 0.9647 0.8980
v 11.055279 3.100000 -6.423915 1.0000 0.9647 0.8980
v 11.121544 2.596669 -6.423915 1.0000 0.9647 0.8980
v 11.315822 2.127639 -6.423915 1.0000 0.9647 0.8980
v 11.624874 1.724874 -6.423915 1.0000 0.9647 0.8980
v 12.027639 1.415822 -6.423915 1.0000 0.9647 0.8980
v 12.496669 1.221543 -6.423915 1.0000 0.9647 0.8980
v 13.000000 1.155279 -6.423915 1.0000 0.9647 0.8980
v 13.503331 1.221543 -6.423915 1.0000 0.9647 0.8980
v 13.972361 1.415822 -6.423915 1.0000 0.9647 0.8980
v 14.375126 1.724874 -6.423915 1.0000 0.9647 0.8980
v 14.684178 2.127639 -6.423915 1.0000 0.9647 0.8980
v 14.878456 2.596669 -6.423915 1.0000 0.9647 0.8980
v 14.855279 3.100000 -6.452977 1.0000 0.9647 0.8980
v 14.792062 3.580181 -6.452977 1.0000 0.9647 0.8980
v 14.606718 4.027639 -6.452977 1.0000 0.9647 0.8980
v 14.311880 4.411880 -6.452977 1.0000 0.9647 0.8980
v 13.927639 4.706718 -6.452977 1.0000 0.9647 0.8980
v 13.480182 4.892061 -6.452977 1.0000 0.9647 0.8980
v 13.000000 4.955278 -6.452977 1.0000 0.9647 0.8980
v 12.519818 4.892061 -6.452977 1.0000 0.9647 0.8980
v 12.072361 4.706718 -6.452977 1.0000 0.9647 0.8980
v 11.688120 4.411880 -6.452977 1.0000 0.9647 0.8980
v 11.393282 4.027639 -6.452977 1.0000 0.9647 0.8980
v 11.207938 3.580181 -6.452977 1.0000 0.9647 0.8980
v 11.144721 3.100000 -6.452977 1.0000 0.9647 0.8980
v 11.207938 2.619818 -6.452977 1.0000 0.9647 0.8980
v 11.393282 2.172361 -6.452977 1.0000 0.9647 0.8980
v 11.688120 1.788120 -6.452977 1.0000 0.9647 0.8980
v 12.072361 1.493281 -6.452977 1.0000 0.9647 0.8980
v 12.519818 1.307938 -6.452977 1.0000 0.9647 0.8980
v 13.000000 1.244721 -6.452977 1.0000 0.9647 0.8980
v 13.480182 1.307938 -6.452977 1.0000 0.9647 0.8980
v 13.927639 1.493281 -6.452977 1.0000 0.9647 0.8980
v 14.311880 1.788120 -6.452977 1.0000 0.9647 0.8980
v 14.606718 2.172361 -6.452977 1.0000 0.9647 0.8980
v 14.792062 2.619818 -6.452977 1.0000 0.9647 0.8980
v 14.855279 3.100000 -6.547023 1.0000 0.9647 0.8980
v 14.792062 3.580181 -6.547023 1.0000 0.9647 0.8980
v 14.606718 4.027639 -6.547023 1.0000 0.9647 0.8980
v 14.311880 4.411880 -6.547023 1.0000 0.9647 0.8980
v 13.927639 4.706718 -6.547023 1.0000 0.9647 0.8980
v 13.480182 4.892061 -6.547023 1.0000 0.9647 0.8980
v 13.000000 4.955278 -6.547023 1.0000 0.9647 0.8980
v 12.519818 4.892061 -6.547023 1.0000 0.9647 0.8980
v 12.072361 4.706718 -6.547023 1.0000 0.9647 0.8980
v 11.688120 4.411880 -6.547023 1.0000 0.9647 0.8980
v 11.393282 4.027639 -6.547023 1.0000 0.9647 0.8980
v 11.207938 3.580181 -6.547023 1.0000 0.9647 0.8980
v 11.144721 3.100000 -6.547023 1.0000 0.9647 0.8980
v 11.207938 2.619818 -6.547023 1.0000 0.9647 0.8980
v 11.393282 2.172361 -6.547023 1.0000 0.9647 0.8980
v 11.688120 1.788120 -6.547023 1.0000 0.9647 0.8980
v 12.072361 1.493281 -6.547023 1.0000 0.9647 0.8980
v 12.519818 1.307938 -6.547023 1.0000 0.9647 0.8980
v 13.000000 1.244721 -6.547023 1.0000 0.9647 0.8980
v 13.480182 1.307938 -6.547023 1.0000 0.9647 0.8980
v 13.927639 1.493281 -6.547023 1.0000 0.9647 0.8980
v 14.311880 1.788120 -6.547023 1.0000 0.9647 0.8980
v 14.606718 2.172361 -6.547023 1.0000 0.9647 0.8980
v 14.792062 2.619818 -6.547023 1.0000 0.9647 0.8980
v 14.944721 3.100000 -6.576085 1.0000 0.9647 0.8980
v 14.878456 3.603331 -6.576085 1.0000 0.9647 0.8980
v 14.684178 4.072361 -6.576085 1.0000 0.9647 0.8980
v 14.375126 4.475125 -6.576085 1.0000 0.9647 0.8980
v 13.972361 4.784178 -6.576085 1.0000 0.9647 0.8980
v 13.503331 4.978456 -6.576085 1.0000 0.9647 0.8980
v 13.000000 5.044721 -6.576085 1.0000 0.9647 0.8980
v 12.496669 4.978456 -6.576085 1.0000 0.9647 0.8980
v 12.027639 4.784178 -6.576085 1.0000 0.9647 0.8980
v 11.624874 4.475125 -6.576085 1.0000 0.9647 0.8980
v 11.315822 4.072361 -6.576085 1.0000 0.9647 0.8980
v 11.121544 3.603331 -6.576085 1.0000 0.9647 0.8980
v 11.055279 3.100000 -6.576085 1.0000 0.9647 0.8980
v 11.121544 2.596669 -6.576085 1.0000 0.9647 0.8980
v 11.315822 2.127639 -6.576085 1.0000 0.9647 0.8980
v 11.624874 1.724874 -6.576085 1.0000 0.9647 0.8980
v 12.027639 1.415822 -6.576085 1.0000 0.9647 0.8980
v 12.496669 1.221543 -6.576085 1.0000 0.9647 0.8980
v 13.000000 1.155279 -6.576085 1.0000 0.9647 0.8980
v 13.503331 1.221543 -6.576085 1.0000 0.9647 0.8980
v 13.972361 1.415822 -6.576085 1.0000 0.9647 0.8980
v 14.375126 1.724874 -6.576085 1.0000 0.9647 0.8980
v 14.684178 2.127639 -6.576085 1.0000 0.9647 0.8980
v 14.878456 2.596669 -6.576085 1.0000 0.9647 0.8980
v 2.072721 0.972721 -2.300000 0.7216 0.7608 0.8000
v 2.020000 1.100000 -2.300000 0.7216 0.7608 0.8000
v 2.072721 1.227279 -2.300000 0.7216 0.7608 0.8000
v 2.200000 1.280000 -2.300000 0.7216 0.7608 0.8000
v 2.327279 1.227279 -2.300000 0.7216 0.7608 0.8000
v 2.380000 1.100000 -2.300000 0.7216 0.7608 0.8000
v 2.327279 0.972721 -2.300000 0.7216 0.7608 0.8000
v 2.200000 0.920000 -2.300000 0.7216 0.7608 0.8000
v 13.127279 3.227279 0.600000 0.7216 0.7608 0.8000
v 13.000000 3.280000 0.600000 0.7216 0.7608 0.8000
v 12.872721 3.227279 0.600000 0.7216 0.7608 0.8000
v 12.820000 3.100000 0.600000 0.7216 0.7608 0.8000
v 12.872721 2.972721 0.600000 0.7216 0.7608 0.8000
v 13.000000 2.920000 0.600000 0.7216 0.7608 0.8000
v 13.127279 2.972721 0.600000 0.7216 0.7608 0.8000
v 13.180000 3.100000 0.600000 0.7216 0.7608 0.8000
v 13.127279 3.190000 1.690000 0.7216 0.7608 0.8000
v 13.000000 3.227279 1.727279 0.7216 0.7608 0.8000
v 12.872721 3.190000 1.690000 0.7216 0.7608 0.8000
v 12.820000 3.100000 1.600000 0.7216 0.7608 0.8000
v 12.872721 3.010000 1.510000 0.7216 0.7608 0.8000
v 13.000000 2.972721 1.472721 0.7216 0.7608 0.8000
v 13.127279 3.010000 1.510000 0.7216 0.7608 0.8000
v 13.180000 3.100000 1.600000 0.7216 0.7608 0.8000
v 13.054852 1.045147 1.762426 0.7216 0.7608 0.8000
v 12.957574 1.142426 1.769706 0.7216 0.7608 0.8000
v 12.885147 1.214853 1.677574 0.7216 0.7608 0.8000
v 12.880000 1.220000 1.540000 0.7216 0.7608 0.8000
v 12.945148 1.154853 1.437574 0.7216 0.7608 0.8000
v 13.042426 1.057574 1.430294 0.7216 0.7608 0.8000
v 13.114853 0.985147 1.522426 0.7216 0.7608 0.8000
v 13.120000 0.980000 1.660000 0.7216 0.7608 0.8000
v 2.110000 0.972721 1.690000 0.7216 0.7608 0.8000
v 2.072721 1.100000 1.727279 0.7216 0.7608 0.8000
v 2.110000 1.227279 1.690000 0.7216 0.7608 0.8000
v 2.200000 1.280000 1.600000 0.7216 0.7608 0.8000
v 2.290000 1.227279 1.510000 0.7216 0.7608 0.8000
v 2.327279 1.100000 1.472721 0.7216 0.7608 0.8000
v 2.290000 0.972721 1.510000 0.7216 0.7608 0.8000
v 2.200000 0.920000 1.600000 0.7216 0.7608 0.8000
v 13.000000 2.325000 1.200000 0.8470 0.2275 0.1804
v 13.000000 2.475000 1.200000 0.8470 0.2275 0.1804
v 13.200000 2.325000 1.253590 0.8470 0.2275 0.1804
v 13.200000 2.475000 1.253590 0.8470 0.2275 0.1804
v 13.346410 2.325000 1.400000 0.8470 0.2275 0.1804
v 13.346410 2.475000 1.400000 0.8470 0.2275 0.1804
v 13.400000 2.325000 1.600000 0.8470 0.2275 0.1804
v 13.400000 2.475000 1.600000 0.8470 0.2275 0.1804
v 13.346410 2.325000 1.800000 0.8470 0.2275 0.1804
v 13.346410 2.475000 1.800000 0.8470 0.2275 0.1804
v 13.200000 2.325000 1.946410 0.8470 0.2275 0.1804
v 13.200000 2.475000 1.946410 0.8470 0.2275 0.1804
v 13.000000 2.325000 2.000000 0.8470 0.2275 0.1804
v 13.000000 2.475000 2.000000 0.8470 0.2275 0.1804
v 12.800000 2.325000 1.946410 0.8470 0.2275 0.1804
v 12.800000 2.475000 1.946410 0.8470 0.2275 0.1804
v 12.653590 2.325000 1.800000 0.8470 0.2275 0.1804
v 12.653590 2.475000 1.800000 0.8470 0.2275 0.1804
v 12.600000 2.325000 1.600000 0.8470 0.2275 0.1804
v 12.600000 2.475000 1.600000 0.8470 0.2275 0.1804
v 12.653590 2.325000 1.400000 0.8470 0.2275 0.1804
v 12.653590 2.475000 1.400000 0.8470 0.2275 0.1804
v 12.800000 2.325000 1.253590 0.8470 0.2275 0.1804
v 12.800000 2.475000 1.253590 0.8470 0.2275 0.1804
v 17.500000 3.100000 -9.000000 0.8470 0.2275 0.1804
v 18.087132 3.100000 -8.907007 0.8470 0.2275 0.1804
v 18.058395 3.281434 -8.907007 0.8470 0.2275 0.1804
v 17.975000 3.445108 -8.907007 0.8470 0.2275 0.1804
v 17.845108 3.575000 -8.907007 0.8470 0.2275 0.1804
v 17.681435 3.658396 -8.907007 0.8470 0.2275 0.1804
v 17.500000 3.687132 -8.907007 0.8470 0.2275 0.1804
v 17.318565 3.658396 -8.907007 0.8470 0.2275 0.1804
v 17.154892 3.575000 -8.907007 0.8470 0.2275 0.1804
v 17.025000 3.445108 -8.907007 0.8470 0.2275 0.1804
v 16.941605 3.281434 -8.907007 0.8470 0.2275 0.1804
v 16.912868 3.100000 -8.907007 0.8470 0.2275 0.1804
v 16.941605 2.918566 -8.907007 0.8470 0.2275 0.1804
v 17.025000 2.754892 -8.907007 0.8470 0.2275 0.1804
v 17.154892 2.625000 -8.907007 0.8470 0.2275 0.1804
v 17.318565 2.541604 -8.907007 0.8470 0.2275 0.1804
v 17.500000 2.512868 -8.907007 0.8470 0.2275 0.1804
v 17.681435 2.541604 -8.907007 0.8470 0.2275 0.1804
v 17.845108 2.625000 -8.907007 0.8470 0.2275 0.1804
v 17.975000 2.754892 -8.907007 0.8470 0.2275 0.1804
v 18.058395 2.918566 -8.907007 0.8470 0.2275 0.1804
v 18.616793 3.100000 -8.637133 0.8470 0.2275 0.1804
v 18.562132 3.445108 -8.637133 0.8470 0.2275 0.1804
v 18.403503 3.756434 -8.637133 0.8470 0.2275 0.1804
v 18.156433 4.003504 -8.637133 0.8470 0.2275 0.1804
v 17.845108 4.162132 -8.637133 0.8470 0.2275 0.1804
v 17.500000 4.216792 -8.637133 0.8470 0.2275 0.1804
v 17.154892 4.162132 -8.637133 0.8470 0.2275 0.1804
v 16.843567 4.003504 -8.637133 0.8470 0.2275 0.1804
v 16.596497 3.756434 -8.637133 0.8470 0.2275 0.1804
v 16.437868 3.445108 -8.637133 0.8470 0.2275 0.1804
v 16.383207 3.100000 -8.637133 0.8470 0.2275 0.1804
v 16.437868 2.754892 -8.637133 0.8470 0.2275 0.1804
v 16.596497 2.443566 -8.637133 0.8470 0.2275 0.1804
v 16.843567 2.196496 -8.637133 0.8470 0.2275 0.1804
v 17.154892 2.037868 -8.637133 0.8470 0.2275 0.1804
v 17.500000 1.983208 -8.637133 0.8470 0.2275 0.1804
v 17.845108 2.037868 -8.637133 0.8470 0.2275 0.1804
v 18.156433 2.196496 -8.637133 0.8470 0.2275 0.1804
v 18.403503 2.443566 -8.637133 0.8470 0.2275 0.1804
v 18.562132 2.754892 -8.637133 0.8470 0.2275 0.1804
v 19.037132 3.100000 -8.216792 0.8470 0.2275 0.1804
v 18.961899 3.575000 -8.216792 0.8470 0.2275 0.1804
v 18.743567 4.003504 -8.216792 0.8470 0.2275 0.1804
v 18.403503 4.343566 -8.216792 0.8470 0.2275 0.1804
v 17.975000 4.561900 -8.216792 0.8470 0.2275 0.1804
v 17.500000 4.637133 -8.216792 0.8470 0.2275 0.1804
v 17.025000 4.561900 -8.216792 0.8470 0.2275 0.1804
v 16.596497 4.343566 -8.216792 0.8470 0.2275 0.1804
v 16.256433 4.003504 -8.216792 0.8470 0.2275 0.1804
v 16.038101 3.575000 -8.216792 0.8470 0.2275 0.1804
v 15.962868 3.100000 -8.216792 0.8470 0.2275 0.1804
v 16.038101 2.625000 -8.216792 0.8470 0.2275 0.1804
v 16.256433 2.196496 -8.216792 0.8470 0.2275 0.1804
v 16.596497 1.856434 -8.216792 0.8470 0.2275 0.1804
v 17.025000 1.638101 -8.216792 0.8470 0.2275 0.1804
v 17.500000 1.562868 -8.216792 0.8470 0.2275 0.1804
v 17.975000 1.638101 -8.216792 0.8470 0.2275 0.1804
v 18.403503 1.856434 -8.216792 0.8470 0.2275 0.1804
v 18.743567 2.196496 -8.216792 0.8470 0.2275 0.1804
v 18.961899 2.625000 -8.216792 0.8470 0.2275 0.1804
v 19.307007 3.100000 -7.687132 0.8470 0.2275 0.1804
v 19.218567 3.658396 -7.687132 0.8470 0.2275 0.1804
v 18.961899 4.162132 -7.687132 0.8470 0.2275 0.1804
v 18.562132 4.561900 -7.687132 0.8470 0.2275 0.1804
v 18.058395 4.818566 -7.687132 0.8470 0.2275 0.1804
v 17.500000 4.907007 -7.687132 0.8470 0.2275 0.1804
v 16.941605 4.818566 -7.687132 0.8470 0.2275 0.1804
v 16.437868 4.561900 -7.687132 0.8470 0.2275 0.1804
v 16.038101 4.162132 -7.687132 0.8470 0.2275 0.1804
v 15.781434 3.658396 -7.687132 0.8470 0.2275 0.1804
v 15.692992 3.100000 -7.687132 0.8470 0.2275 0.1804
v 15.781434 2.541604 -7.687132 0.8470 0.2275 0.1804
v 16.038101 2.037868 -7.687132 0.8470 0.2275 0.1804
v 16.437868 1.638100 -7.687132 0.8470 0.2275 0.1804
v 16.941605 1.381434 -7.687132 0.8470 0.2275 0.1804
v 17.500000 1.292993 -7.687132 0.8470 0.2275 0.1804
v 18.058395 1.381434 -7.687132 0.8470 0.2275 0.1804
v 18.562132 1.638100 -7.687132 0.8470 0.2275 0.1804
v 18.961899 2.037868 -7.687132 0.8470 0.2275 0.1804
v 19.218567 2.541604 -7.687132 0.8470 0.2275 0.1804
v 19.400000 3.100000 -7.100000 0.8470 0.2275 0.1804
v 19.307007 3.687132 -7.100000 0.8470 0.2275 0.1804
v 19.037132 4.216792 -7.100000 0.8470 0.2275 0.1804
v 18.616793 4.637132 -7.100000 0.8470 0.2275 0.1804
v 18.087132 4.907007 -7.100000 0.8470 0.2275 0.1804
v 17.500000 5.000000 -7.100000 0.8470 0.2275 0.1804
v 16.912868 4.907007 -7.100000 0.8470 0.2275 0.1804
v 16.383207 4.637132 -7.100000 0.8470 0.2275 0.1804
v 15.962868 4.216792 -7.100000 0.8470 0.2275 0.1804
v 15.692992 3.687132 -7.100000 0.8470 0.2275 0.1804
v 15.600000 3.100000 -7.100000 0.8470 0.2275 0.1804
v 15.692992 2.512868 -7.100000 0.8470 0.2275 0.1804
v 15.962868 1.983208 -7.100000 0.8470 0.2275 0.1804
v 16.383207 1.562868 -7.100000 0.8470 0.2275 0.1804
v 16.912868 1.292993 -7.100000 0.8470 0.2275 0.1804
v 17.500000 1.200000 -7.100000 0.8470 0.2275 0.1804
v 18.087132 1.292993 -7.100000 0.8470 0.2275 0.1804
v 18.616793 1.562868 -7.100000 0.8470 0.2275 0.1804
v 19.037132 1.983208 -7.100000 0.8470 0.2275 0.1804
v 19.307007 2.512868 -7.100000 0.8470 0.2275 0.1804
v 19.400000 3.100000 -0.900000 0.8470 0.2275 0.1804
v 19.307007 3.687132 -0.900000 0.8470 0.2275 0.1804
v 19.037132 4.216792 -0.900000 0.8470 0.2275 0.1804
v 18.616793 4.637132 -0.900000 0.8470 0.2275 0.1804
v 18.087132 4.907007 -0.900000 0.8470 0.2275 0.1804
v 17.500000 5.000000 -0.900000 0.8470 0.2275 0.1804
v 16.912868 4.907007 -0.900000 0.8470 0.2275 0.1804
v 16.383207 4.637132 -0.900000 0.8470 0.2275 0.1804
v 15.962868 4.216792 -0.900000 0.8470 0.2275 0.1804
v 15.692992 3.687132 -0.900000 0.8470 0.2275 0.1804
v 15.600000 3.100000 -0.900000 0.8470 0.2275 0.1804
v 15.692992 2.512867 -0.900000 0.8470 0.2275 0.1804
v 15.962868 1.983208 -0.900000 0.8470 0.2275 0.1804
v 16.383207 1.562868 -0.900000 0.8470 0.2275 0.1804
v 16.912868 1.292992 -0.900000 0.8470 0.2275 0.1804
v 17.500000 1.200000 -0.900000 0.8470 0.2275 0.1804
v 18.087132 1.292992 -0.900000 0.8470 0.2275 0.1804
v 18.616793 1.562868 -0.900000 0.8470 0.2275 0.1804
v 19.037132 1.983208 -0.900000 0.8470 0.2275 0.1804
v 19.307007 2.512867 -0.900000 0.8470 0.2275 0.1804
v 19.307007 3.100000 -0.312868 0.8470 0.2275 0.1804
v 19.218567 3.658396 -0.312868 0.8470 0.2275 0.1804
v 18.961899 4.162132 -0.312868 0.8470 0.2275 0.1804
v 18.562132 4.561899 -0.312868 0.8470 0.2275 0.1804
v 18.058395 4.818566 -0.312868 0.8470 0.2275 0.1804
v 17.500000 4.907007 -0.312868 0.8470 0.2275 0.1804
v 16.941605 4.818566 -0.312868 0.8470 0.2275 0.1804
v 16.437868 4.561899 -0.312868 0.8470 0.2275 0.1804
v 16.038101 4.162132 -0.312868 0.8470 0.2275 0.1804
v 15.781434 3.658396 -0.312868 0.8470 0.2275 0.1804
v 15.692992 3.100000 -0.312868 0.8470 0.2275 0.1804
v 15.781434 2.541604 -0.312868 0.8470 0.2275 0.1804
v 16.038101 2.037868 -0.312868 0.8470 0.2275 0.1804
v 16.437868 1.638100 -0.312868 0.8470 0.2275 0.1804
v 16.941605 1.381434 -0.312868 0.8470 0.2275 0.1804
v 17.500000 1.292992 -0.312868 0.8470 0.2275 0.1804
v 18.058395 1.381434 -0.312868 0.8470 0.2275 0.1804
v 18.562132 1.638100 -0.312868 0.8470 0.2275 0.1804
v 18.961899 2.037868 -0.312868 0.8470 0.2275 0.1804
v 19.218567 2.541604 -0.312868 0.8470 0.2275 0.1804
v 19.037132 3.100000 0.216792 0.8470 0.2275 0.1804
v 18.961899 3.575000 0.216792 0.8470 0.2275 0.1804
v 18.743567 4.003503 0.216792 0.8470 0.2275 0.1804
v 18.403503 4.343566 0.216792 0.8470 0.2275 0.1804
v 17.975000 4.561899 0.216792 0.8470 0.2275 0.1804
v 17.500000 4.637132 0.216792 0.8470 0.2275 0.1804
v 17.025000 4.561899 0.216792 0.8470 0.2275 0.1804
v 16.596497 4.343566 0.216792 0.8470 0.2275 0.1804
v 16.256433 4.003503 0.216792 0.8470 0.2275 0.1804
v 16.038101 3.575000 0.216792 0.8470 0.2275 0.1804
v 15.962868 3.100000 0.216792 0.8470 0.2275 0.1804
v 16.038101 2.625000 0.216792 0.8470 0.2275 0.1804
v 16.256433 2.196496 0.216792 0.8470 0.2275 0.1804
v 16.596497 1.856434 0.216792 0.8470 0.2275 0.1804
v 17.025000 1.638100 0.216792 0.8470 0.2275 0.1804
v 17.500000 1.562867 0.216792 0.8470 0.2275 0.1804
v 17.975000 1.638100 0.216792 0.8470 0.2275 0.1804
v 18.403503 1.856434 0.216792 0.8470 0.2275 0.1804
v 18.743567 2.196496 0.216792 0.8470 0.2275 0.1804
v 18.961899 2.625000 0.216792 0.8470 0.2275 0.1804
v 18.616793 3.100000 0.637132 0.8470 0.2275 0.1804
v 18.562132 3.445107 0.637132 0.8470 0.2275 0.1804
v 18.403503 3.756433 0.637132 0.8470 0.2275 0.1804
v 18.156433 4.003503 0.637132 0.8470 0.2275 0.1804
v 17.845108 4.162132 0.637132 0.8470 0.2275 0.1804
v 17.500000 4.216792 0.637132 0.8470 0.2275 0.1804
v 17.154892 4.162132 0.637132 0.8470 0.2275 0.1804
v 16.843567 4.003503 0.637132 0.8470 0.2275 0.1804
v 16.596497 3.756433 0.637132 0.8470 0.2275 0.1804
v 16.437868 3.445107 0.637132 0.8470 0.2275 0.1804
v 16.383207 3.100000 0.637132 0.8470 0.2275 0.1804
v 16.437868 2.754892 0.637132 0.8470 0.2275 0.1804
v 16.596497 2.443566 0.637132 0.8470 0.2275 0.1804
v 16.843567 2.196496 0.637132 0.8470 0.2275 0.1804
v 17.154892 2.037868 0.637132 0.8470 0.2275 0.1804
v 17.500000 1.983208 0.637132 0.8470 0.2275 0.1804
v 17.845108 2.037868 0.637132 0.8470 0.2275 0.1804
v 18.156433 2.196496 0.637132 0.8470 0.2275 0.1804
v 18.403503 2.443566 0.637132 0.8470 0.2275 0.1804
v 18.562132 2.754892 0.637132 0.8470 0.2275 0.1804
v 18.087132 3.100000 0.907007 0.8470 0.2275 0.1804
v 18.058395 3.281434 0.907007 0.8470 0.2275 0.1804
v 17.975000 3.445107 0.907007 0.8470 0.2275 0.1804
v 17.845108 3.575000 0.907007 0.8470 0.2275 0.1804
v 17.681435 3.658396 0.907007 0.8470 0.2275 0.1804
v 17.500000 3.687132 0.907007 0.8470 0.2275 0.1804
v 17.318565 3.658396 0.907007 0.8470 0.2275 0.1804
v 17.154892 3.575000 0.907007 0.8470 0.2275 0.1804
v 17.025000 3.445107 0.907007 0.8470 0.2275 0.1804
v 16.941605 3.281434 0.907007 0.8470 0.2275 0.1804
v 16.912868 3.100000 0.907007 0.8470 0.2275 0.1804
v 16.941605 2.918566 0.907007 0.8470 0.2275 0.1804
v 17.025000 2.754892 0.907007 0.8470 0.2275 0.1804
v 17.154892 2.625000 0.907007 0.8470 0.2275 0.1804
v 17.318565 2.541604 0.907007 0.8470 0.2275 0.1804
v 17.500000 2.512867 0.907007 0.8470 0.2275 0.1804
v 17.681435 2.541604 0.907007 0.8470 0.2275 0.1804
v 17.845108 2.625000 0.907007 0.8470 0.2275 0.1804
v 17.975000 2.754892 0.907007 0.8470 0.2275 0.1804
v 18.058395 2.918566 0.907007 0.8470 0.2275 0.1804
v 17.500000 3.100000 1.000000 0.8470 0.2275 0.1804
v 15.960000 0.500000 -0.310000 0.6628 0.6432 0.6039
v 15.960000 0.560000 -0.250000 0.6628 0.6432 0.6039
v 15.900000 0.560000 -0.310000 0.6628 0.6432 0.6039
v 15.960000 1.640000 -0.250000 0.6628 0.6432 0.6039
v 15.960000 1.700000 -0.310000 0.6628 0.6432 0.6039
v 15.900000 1.640000 -0.310000 0.6628 0.6432 0.6039
v 15.960000 0.500000 -0.890000 0.6628 0.6432 0.6039
v 15.900000 0.560000 -0.890000 0.6628 0.6432 0.6039
v 15.960000 0.560000 -0.950000 0.6628 0.6432 0.6039
v 15.960000 1.700000 -0.890000 0.6628 0.6432 0.6039
v 15.960000 1.640000 -0.950000 0.6628 0.6432 0.6039
v 15.900000 1.640000 -0.890000 0.6628 0.6432 0.6039
v 19.040001 0.500000 -0.310000 0.6628 0.6432 0.6039
v 19.100000 0.560000 -0.310000 0.6628 0.6432 0.6039
v 19.040001 0.560000 -0.250000 0.6628 0.6432 0.6039
v 19.040001 1.700000 -0.310000 0.6628 0.6432 0.6039
v 19.040001 1.640000 -0.250000 0.6628 0.6432 0.6039
v 19.100000 1.640000 -0.310000 0.6628 0.6432 0.6039
v 19.040001 0.500000 -0.890000 0.6628 0.6432 0.6039
v 19.040001 0.560000 -0.950000 0.6628 0.6432 0.6039
v 19.100000 0.560000 -0.890000 0.6628 0.6432 0.6039
v 19.040001 1.700000 -0.890000 0.6628 0.6432 0.6039
v 19.100000 1.640000 -0.890000 0.6628 0.6432 0.6039
v 19.040001 1.640000 -0.950000 0.6628 0.6432 0.6039
v 15.960000 0.500000 -7.110000 0.6628 0.6432 0.6039
v 15.960000 0.560000 -7.050000 0.6628 0.6432 0.6039
v 15.900000 0.560000 -7.110000 0.6628 0.6432 0.6039
v 15.960000 1.640000 -7.050000 0.6628 0.6432 0.6039
v 15.960000 1.700000 -7.110000 0.6628 0.6432 0.6039
v 15.900000 1.640000 -7.110000 0.6628 0.6432 0.6039
v 15.960000 0.500000 -7.690000 0.6628 0.6432 0.6039
v 15.900000 0.560000 -7.690000 0.6628 0.6432 0.6039
v 15.960000 0.560000 -7.750000 0.6628 0.6432 0.6039
v 15.960000 1.700000 -7.690000 0.6628 0.6432 0.6039
v 15.960000 1.640000 -7.750000 0.6628 0.6432 0.6039
v 15.900000 1.640000 -7.690000 0.6628 0.6432 0.6039
v 19.040001 0.500000 -7.110000 0.6628 0.6432 0.6039
v 19.100000 0.560000 -7.110000 0.6628 0.6432 0.6039
v 19.040001 0.560000 -7.050000 0.6628 0.6432 0.6039
v 19.040001 1.700000 -7.110000 0.6628 0.6432 0.6039
v 19.040001 1.640000 -7.050000 0.6628 0.6432 0.6039
v 19.100000 1.640000 -7.110000 0.6628 0.6432 0.6039
v 19.040001 0.500000 -7.690000 0.6628 0.6432 0.6039
v 19.040001 0.560000 -7.750000 0.6628 0.6432 0.6039
v 19.100000 0.560000 -7.690000 0.6628 0.6432 0.6039
v 19.040001 1.700000 -7.690000 0.6628 0.6432 0.6039
v 19.100000 1.640000 -7.690000 0.6628 0.6432 0.6039
v 19.040001 1.640000 -7.750000 0.6628 0.6432 0.6039
v 19.500000 3.100000 -1.500000 1.0000 0.9647 0.8980
v 19.431852 3.617638 -1.500000 1.0000 0.9647 0.8980
v 19.232050 4.100000 -1.500000 1.0000 0.9647 0.8980
v 18.914213 4.514214 -1.500000 1.0000 0.9647 0.8980
v 18.500000 4.832051 -1.500000 1.0000 0.9647 0.8980
v 18.017637 5.031852 -1.500000 1.0000 0.9647 0.8980
v 17.500000 5.100000 -1.500000 1.0000 0.9647 0.8980
v 16.982363 5.031852 -1.500000 1.0000 0.9647 0.8980
v 16.500000 4.832051 -1.500000 1.0000 0.9647 0.8980
v 16.085787 4.514214 -1.500000 1.0000 0.9647 0.8980
v 15.767949 4.100000 -1.500000 1.0000 0.9647 0.8980
v 15.568149 3.617638 -1.500000 1.0000 0.9647 0.8980
v 15.500000 3.100000 -1.500000 1.0000 0.9647 0.8980
v 15.568149 2.582362 -1.500000 1.0000 0.9647 0.8980
v 15.767949 2.100000 -1.500000 1.0000 0.9647 0.8980
v 16.085787 1.685786 -1.500000 1.0000 0.9647 0.8980
v 16.500000 1.367949 -1.500000 1.0000 0.9647 0.8980
v 16.982363 1.168148 -1.500000 1.0000 0.9647 0.8980
v 17.500000 1.100000 -1.500000 1.0000 0.9647 0.8980
v 18.017637 1.168148 -1.500000 1.0000 0.9647 0.8980
v 18.500000 1.367949 -1.500000 1.0000 0.9647 0.8980
v 18.914213 1.685786 -1.500000 1.0000 0.9647 0.8980
v 19.232050 2.100000 -1.500000 1.0000 0.9647 0.8980
v 19.431852 2.582362 -1.500000 1.0000 0.9647 0.8980
v 19.444721 3.100000 -1.423916 1.0000 0.9647 0.8980
v 19.378456 3.603331 -1.423916 1.0000 0.9647 0.8980
v 19.184177 4.072361 -1.423915 1.0000 0.9647 0.8980
v 18.875126 4.475125 -1.423915 1.0000 0.9647 0.8980
v 18.472361 4.784178 -1.423915 1.0000 0.9647 0.8980
v 18.003330 4.978456 -1.423915 1.0000 0.9647 0.8980
v 17.500000 5.044721 -1.423915 1.0000 0.9647 0.8980
v 16.996670 4.978456 -1.423915 1.0000 0.9647 0.8980
v 16.527639 4.784178 -1.423915 1.0000 0.9647 0.8980
v 16.124874 4.475125 -1.423915 1.0000 0.9647 0.8980
v 15.815822 4.072361 -1.423915 1.0000 0.9647 0.8980
v 15.621544 3.603331 -1.423916 1.0000 0.9647 0.8980
v 15.555279 3.100000 -1.423916 1.0000 0.9647 0.8980
v 15.621544 2.596669 -1.423916 1.0000 0.9647 0.8980
v 15.815822 2.127639 -1.423916 1.0000 0.9647 0.8980
v 16.124874 1.724874 -1.423916 1.0000 0.9647 0.8980
v 16.527639 1.415822 -1.423916 1.0000 0.9647 0.8980
v 16.996670 1.221543 -1.423916 1.0000 0.9647 0.8980
v 17.500000 1.155279 -1.423916 1.0000 0.9647 0.8980
v 18.003330 1.221543 -1.423916 1.0000 0.9647 0.8980
v 18.472361 1.415822 -1.423916 1.0000 0.9647 0.8980
v 18.875126 1.724874 -1.423916 1.0000 0.9647 0.8980
v 19.184177 2.127639 -1.423916 1.0000 0.9647 0.8980
v 19.378456 2.596669 -1.423916 1.0000 0.9647 0.8980
v 19.355278 3.100000 -1.452977 1.0000 0.9647 0.8980
v 19.292061 3.580181 -1.452977 1.0000 0.9647 0.8980
v 19.106718 4.027639 -1.452977 1.0000 0.9647 0.8980
v 18.811880 4.411880 -1.452977 1.0000 0.9647 0.8980
v 18.427639 4.706718 -1.452977 1.0000 0.9647 0.8980
v 17.980181 4.892061 -1.452977 1.0000 0.9647 0.8980
v 17.500000 4.955278 -1.452977 1.0000 0.9647 0.8980
v 17.019819 4.892061 -1.452977 1.0000 0.9647 0.8980
v 16.572361 4.706718 -1.452977 1.0000 0.9647 0.8980
v 16.188120 4.411880 -1.452977 1.0000 0.9647 0.8980
v 15.893282 4.027639 -1.452977 1.0000 0.9647 0.8980
v 15.707938 3.580181 -1.452977 1.0000 0.9647 0.8980
v 15.644721 3.100000 -1.452977 1.0000 0.9647 0.8980
v 15.707938 2.619818 -1.452977 1.0000 0.9647 0.8980
v 15.893282 2.172361 -1.452977 1.0000 0.9647 0.8980
v 16.188120 1.788120 -1.452977 1.0000 0.9647 0.8980
v 16.572361 1.493281 -1.452977 1.0000 0.9647 0.8980
v 17.019819 1.307938 -1.452977 1.0000 0.9647 0.8980
v 17.500000 1.244721 -1.452977 1.0000 0.9647 0.8980
v 17.980181 1.307938 -1.452977 1.0000 0.9647 0.8980
v 18.427639 1.493281 -1.452977 1.0000 0.9647 0.8980
v 18.811880 1.788120 -1.452977 1.0000 0.9647 0.8980
v 19.106718 2.172361 -1.452977 1.0000 0.9647 0.8980
v 19.292061 2.619818 -1.452977 1.0000 0.9647 0.8980
v 19.355278 3.100000 -1.547023 1.0000 0.9647 0.8980
v 19.292061 3.580181 -1.547023 1.0000 0.9647 0.8980
v 19.106718 4.027639 -1.547023 1.0000 0.9647 0.8980
v 18.811880 4.411880 -1.547023 1.0000 0.9647 0.8980
v 18.427639 4.706718 -1.547023 1.0000 0.9647 0.8980
v 17.980181 4.892061 -1.547023 1.0000 0.9647 0.8980
v 17.500000 4.955278 -1.547023 1.0000 0.9647 0.8980
v 17.019819 4.892061 -1.547023 1.0000 0.9647 0.8980
v 16.572361 4.706718 -1.547023 1.0000 0.9647 0.8980
v 16.188120 4.411880 -1.547023 1.0000 0.9647 0.8980
v 15.893282 4.027639 -1.547023 1.0000 0.9647 0.8980
v 15.707938 3.580181 -1.547023 1.0000 0.9647 0.8980
v 15.644721 3.100000 -1.547023 1.0000 0.9647 0.8980
v 15.707938 2.619818 -1.547023 1.0000 0.9647 0.8980
v 15.893282 2.172361 -1.547023 1.0000 0.9647 0.8980
v 16.188120 1.788120 -1.547023 1.0000 0.9647 0.8980
v 16.572361 1.493281 -1.547023 1.0000 0.9647 0.8980
v 17.019819 1.307938 -1.547023 1.0000 0.9647 0.8980
v 17.500000 1.244721 -1.547023 1.0000 0.9647 0.8980
v 17.980181 1.307938 -1.547023 1.0000 0.9647 0.8980
v 18.427639 1.493281 -1.547023 1.0000 0.9647 0.8980
v 18.811880 1.788120 -1.547023 1.0000 0.9647 0.8980
v 19.106718 2.172361 -1.547023 1.0000 0.9647 0.8980
v 19.292061 2.619818 -1.547023 1.0000 0.9647 0.8980
v 19.444721 3.100000 -1.576084 1.0000 0.9647 0.8980
v 19.378456 3.603331 -1.576084 1.0000 0.9647 0.8980
v 19.184177 4.072361 -1.576084 1.0000 0.9647 0.8980
v 18.875126 4.475125 -1.576084 1.0000 0.9647 0.8980
v 18.472361 4.784178 -1.576084 1.0000 0.9647 0.8980
v 18.003330 4.978456 -1.576084 1.0000 0.9647 0.8980
v 17.500000 5.044721 -1.576084 1.0000 0.9647 0.8980
v 16.996670 4.978456 -1.576084 1.0000 0.9647 0.8980
v 16.527639 4.784178 -1.576084 1.0000 0.9647 0.8980
v 16.124874 4.475125 -1.576084 1.0000 0.9647 0.8980
v 15.815822 4.072361 -1.576084 1.0000 0.9647 0.8980
v 15.621544 3.603331 -1.576084 1.0000 0.9647 0.8980
v 15.555279 3.100000 -1.576084 1.0000 0.9647 0.8980
v 15.621544 2.596669 -1.576084 1.0000 0.9647 0.8980
v 15.815822 2.127639 -1.576085 1.0000 0.9647 0.8980
v 16.124874 1.724874 -1.576085 1.0000 0.9647 0.8980
v 16.527639 1.415822 -1.576085 1.0000 0.9647 0.8980
v 16.996670 1.221543 -1.576085 1.0000 0.9647 0.8980
v 17.500000 1.155279 -1.576085 1.0000 0.9647 0.8980
v 18.003330 1.221543 -1.576085 1.0000 0.9647 0.8980
v 18.472361 1.415822 -1.576085 1.0000 0.9647 0.8980
v 18.875126 1.724874 -1.576085 1.0000 0.9647 0.8980
v 19.184177 2.127639 -1.576085 1.0000 0.9647 0.8980
v 19.378456 2.596669 -1.576084 1.0000 0.9647 0.8980
v 19.500000 3.100000 -4.000000 1.0000 0.9647 0.8980
v 19.431852 3.617638 -4.000000 1.0000 0.9647 0.8980
v 19.232050 4.100000 -4.000000 1.0000 0.9647 0.8980
v 18.914213 4.514214 -4.000000 1.0000 0.9647 0.8980
v 18.500000 4.832051 -4.000000 1.0000 0.9647 0.8980
v 18.017637 5.031852 -4.000000 1.0000 0.9647 0.8980
v 17.500000 5.100000 -4.000000 1.0000 0.9647 0.8980
v 16.982363 5.031852 -4.000000 1.0000 0.9647 0.8980
v 16.500000 4.832051 -4.000000 1.0000 0.9647 0.8980
v 16.085787 4.514214 -4.000000 1.0000 0.9647 0.8980
v 15.767949 4.100000 -4.000000 1.0000 0.9647 0.8980
v 15.568149 3.617638 -4.000000 1.0000 0.9647 0.8980
v 15.500000 3.100000 -4.000000 1.0000 0.9647 0.8980
v 15.568149 2.582362 -4.000000 1.0000 0.9647 0.8980
v 15.767949 2.100000 -4.000000 1.0000 0.9647 0.8980
v 16.085787 1.685786 -4.000000 1.0000 0.9647 0.8980
v 16.500000 1.367949 -4.000000 1.0000 0.9647 0.8980
v 16.982363 1.168148 -4.000000 1.0000 0.9647 0.8980
v 17.500000 1.100000 -4.000000 1.0000 0.9647 0.8980
v 18.017637 1.168148 -4.000000 1.0000 0.9647 0.8980
v 18.500000 1.367949 -4.000000 1.0000 0.9647 0.8980
v 18.914213 1.685786 -4.000000 1.0000 0.9647 0.8980
v 19.232050 2.100000 -4.000000 1.0000 0.9647 0.8980
v 19.431852 2.582362 -4.000000 1.0000 0.9647 0.8980
v 19.444721 3.100000 -3.923915 1.0000 0.9647 0.8980
v 19.378456 3.603331 -3.923915 1.0000 0.9647 0.8980
v 19.184177 4.072361 -3.923915 1.0000 0.9647 0.8980
v 18.875126 4.475125 -3.923915 1.0000 0.9647 0.8980
v 18.472361 4.784178 -3.923915 1.0000 0.9647 0.8980
v 18.003330 4.978456 -3.923915 1.0000 0.9647 0.8980
v 17.500000 5.044721 -3.923915 1.0000 0.9647 0.8980
v 16.996670 4.978456 -3.923915 1.0000 0.9647 0.8980
v 16.527639 4.784178 -3.923915 1.0000 0.9647 0.8980
v 16.124874 4.475125 -3.923915 1.0000 0.9647 0.8980
v 15.815822 4.072361 -3.923915 1.0000 0.9647 0.8980
v 15.621544 3.603331 -3.923915 1.0000 0.9647 0.8980
v 15.555279 3.100000 -3.923915 1.0000 0.9647 0.8980
v 15.621544 2.596669 -3.923915 1.0000 0.9647 0.8980
v 15.815822 2.127639 -3.923916 1.0000 0.9647 0.8980
v 16.124874 1.724874 -3.923916 1.0000 0.9647 0.8980
v 16.527639 1.415822 -3.923916 1.0000 0.9647 0.8980
v 16.996670 1.221543 -3.923916 1.0000 0.9647 0.8980
v 17.500000 1.155279 -3.923916 1.0000 0.9647 0.8980
v 18.003330 1.221543 -3.923916 1.0000 0.9647 0.8980
v 18.472361 1.415822 -3.923916 1.0000 0.9647 0.8980
v 18.875126 1.724874 -3.923916 1.0000 0.9647 0.8980
v 19.184177 2.127639 -3.923916 1.0000 0.9647 0.8980
v 19.378456 2.596669 -3.923915 1.0000 0.9647 0.8980
v 19.355278 3.100000 -3.952977 1.0000 0.9647 0.8980
v 19.292061 3.580181 -3.952977 1.0000 0.9647 0.8980
v 19.106718 4.027639 -3.952977 1.0000 0.9647 0.8980
v 18.811880 4.411880 -3.952977 1.0000 0.9647 0.8980
v 18.427639 4.706718 -3.952977 1.0000 0.9647 0.8980
v 17.980181 4.892061 -3.952977 1.0000 0.9647 0.8980
v 17.500000 4.955278 -3.952977 1.0000 0.9647 0.8980
v 17.019819 4.892061 -3.952977 1.0000 0.9647 0.8980
v 16.572361 4.706718 -3.952977 1.0000 0.9647 0.8980
v 16.188120 4.411880 -3.952977 1.0000 0.9647 0.8980
v 15.893282 4.027639 -3.952977 1.0000 0.9647 0.8980
v 15.707938 3.580181 -3.952977 1.0000 0.9647 0.8980
v 15.644721 3.100000 -3.952977 1.0000 0.9647 0.8980
v 15.707938 2.619818 -3.952977 1.0000 0.9647 0.8980
v 15.893282 2.172361 -3.952977 1.0000 0.9647 0.8980
v 16.188120 1.788120 -3.952977 1.0000 0.9647 0.8980
v 16.572361 1.493281 -3.952977 1.0000 0.9647 0.8980
v 17.019819 1.307938 -3.952977 1.0000 0.9647 0.8980
v 17.500000 1.244721 -3.952977 1.0000 0.9647 0.8980
v 17.980181 1.307938 -3.952977 1.0000 0.9647 0.8980
v 18.427639 1.493281 -3.952977 1.0000 0.9647 0.8980
v 18.811880 1.788120 -3.952977 1.0000 0.9647 0.8980
v 19.106718 2.172361 -3.952977 1.0000 0.9647 0.8980
v 19.292061 2.619818 -3.952977 1.0000 0.9647 0.8980
v 19.355278 3.100000 -4.047023 1.0000 0.9647 0.8980
v 19.292061 3.580181 -4.047023 1.0000 0.9647 0.8980
v 19.106718 4.027639 -4.047023 1.0000 0.9647 0.8980
v 18.811880 4.411880 -4.047023 1.0000 0.9647 0.8980
v 18.427639 4.706718 -4.047023 1.0000 0.9647 0.8980
v 17.980181 4.892061 -4.047023 1.0000 0.9647 0.8980
v 17.500000 4.955278 -4.047023 1.0000 0.9647 0.8980
v 17.019819 4.892061 -4.047023 1.0000 0.9647 0.8980
v 16.572361 4.706718 -4.047023 1.0000 0.9647 0.8980
v 16.188120 4.411880 -4.047023 1.0000 0.9647 0.8980
v 15.893282 4.027639 -4.047023 1.0000 0.9647 0.8980
v 15.707938 3.580181 -4.047023 1.0000 0.9647 0.8980
v 15.644721 3.100000 -4.047023 1.0000 0.9647 0.8980
v 15.707938 2.619818 -4.047023 1.0000 0.9647 0.8980
v 15.893282 2.172361 -4.047023 1.0000 0.9647 0.8980
v 16.188120 1.788120 -4.047023 1.0000 0.9647 0.8980
v 16.572361 1.493281 -4.047023 1.0000 0.9647 0.8980
v 17.019819 1.307938 -4.047023 1.0000 0.9647 0.8980
v 17.500000 1.244721 -4.047023 1.0000 0.9647 0.8980
v 17.980181 1.307938 -4.047023 1.0000 0.9647 0.8980
v 18.427639 1.493281 -4.047023 1.0000 0.9647 0.8980
v 18.811880 1.788120 -4.047023 1.0000 0.9647 0.8980
v 19.106718 2.172361 -4.047023 1.0000 0.9647 0.8980
v 19.292061 2.619818 -4.047023 1.0000 0.9647 0.8980
v 19.444721 3.100000 -4.076085 1.0000 0.9647 0.8980
v 19.378456 3.603331 -4.076085 1.0000 0.9647 0.8980
v 19.184177 4.072361 -4.076085 1.0000 0.9647 0.8980
v 18.875126 4.475125 -4.076085 1.0000 0.9647 0.8980
v 18.472361 4.784178 -4.076085 1.0000 0.9647 0.8980
v 18.003330 4.978456 -4.076085 1.0000 0.9647 0.8980
v 17.500000 5.044721 -4.076085 1.0000 0.9647 0.8980
v 16.996670 4.978456 -4.076085 1.0000 0.9647 0.8980
v 16.527639 4.784178 -4.076085 1.0000 0.9647 0.8980
v 16.124874 4.475125 -4.076085 1.0000 0.9647 0.8980
v 15.815822 4.072361 -4.076085 1.0000 0.9647 0.8980
v 15.621544 3.603331 -4.076085 1.0000 0.9647 0.8980
v 15.555279 3.100000 -4.076085 1.0000 0.9647 0.8980
v 15.621544 2.596669 -4.076085 1.0000 0.9647 0.8980
v 15.815822 2.127639 -4.076085 1.0000 0.9647 0.8980
v 16.124874 1.724874 -4.076085 1.0000 0.9647 0.8980
v 16.527639 1.415822 -4.076085 1.0000 0.9647 0.8980
v 16.996670 1.221543 -4.076085 1.0000 0.9647 0.8980
v 17.500000 1.155279 -4.076085 1.0000 0.9647 0.8980
v 18.003330 1.221543 -4.076085 1.0000 0.9647 0.8980
v 18.472361 1.415822 -4.076085 1.0000 0.9647 0.8980
v 18.875126 1.724874 -4.076085 1.0000 0.9647 0.8980
v 19.184177 2.127639 -4.076085 1.0000 0.9647 0.8980
v 19.378456 2.596669 -4.076085 1.0000 0.9647 0.8980
v 19.500000 3.100000 -6.500000 1.0000 0.9647 0.8980
v 19.431852 3.617638 -6.500000 1.0000 0.9647 0.8980
v 19.232050 4.100000 -6.500000 1.0000 0.9647 0.8980
v 18.914213 4.514214 -6.500000 1.0000 0.9647 0.8980
v 18.500000 4.832051 -6.500000 1.0000 0.9647 0.8980
v 18.017637 5.031852 -6.500000 1.0000 0.9647 0.8980
v 17.500000 5.100000 -6.500000 1.0000 0.9647 0.8980
v 16.982363 5.031852 -6.500000 1.0000 0.9647 0.8980
v 16.500000 4.832051 -6.500000 1.0000 0.9647 0.8980
v 16.085787 4.514214 -6.500000 1.0000 0.9647 0.8980
v 15.767949 4.100000 -6.500000 1.0000 0.9647 0.8980
v 15.568149 3.617638 -6.500000 1.0000 0.9647 0.8980
v 15.500000 3.100000 -6.500000 1.0000 0.9647 0.8980
v 15.568149 2.582362 -6.500000 1.0000 0.9647 0.8980
v 15.767949 2.100000 -6.500000 1.0000 0.9647 0.8980
v 16.085787 1.685786 -6.500000 1.0000 0.9647 0.8980
v 16.500000 1.367949 -6.500000 1.0000 0.9647 0.8980
v 16.982363 1.168148 -6.500000 1.0000 0.9647 0.8980
v 17.500000 1.100000 -6.500000 1.0000 0.9647 0.8980
v 18.017637 1.168148 -6.500000 1.0000 0.9647 0.8980
v 18.500000 1.367949 -6.500000 1.0000 0.9647 0.8980
v 18.914213 1.685786 -6.500000 1.0000 0.9647 0.8980
v 19.232050 2.100000 -6.500000 1.0000 0.9647 0.8980
v 19.431852 2.582362 -6.500000 1.0000 0.9647 0.8980
v 19.444721 3.100000 -6.423915 1.0000 0.9647 0.8980
v 19.378456 3.603331 -6.423915 1.0000 0.9647 0.8980
v 19.184177 4.072361 -6.423915 1.0000 0.9647 0.8980
v 18.875126 4.475125 -6.423915 1.0000 0.9647 0.8980
v 18.472361 4.784178 -6.423915 1.0000 0.9647 0.8980
v 18.003330 4.978456 -6.423915 1.0000 0.9647 0.8980
v 17.500000 5.044721 -6.423915 1.0000 0.9647 0.8980
v 16.996670 4.978456 -6.423915 1.0000 0.9647 0.8980
v 16.527639 4.784178 -6.423915 1.0000 0.9647 0.8980
v 16.124874 4.475125 -6.423915 1.0000 0.9647 0.8980
v 15.815822 4.072361 -6.423915 1.0000 0.9647 0.8980
v 15.621544 3.603331 -6.423915 1.0000 0.9647 0.8980
v 15.555279 3.100000 -6.423915 1.0000 0.9647 0.8980
v 15.621544 2.596669 -6.423915 1.0000 0.9647 0.8980
v 15.815822 2.127639 -6.423915 1.0000 0.9647 0.8980
v 16.124874 1.724874 -6.423915 1.0000 0.9647 0.8980
v 16.527639 1.415822 -6.423915 1.0000 0.9647 0.8980
v 16.996670 1.221543 -6.423915 1.0000 0.9647 0.8980
v 17.500000 1.155279 -6.423915 1.0000 0.9647 0.8980
v 18.003330 1.221543 -6.423915 1.0000 0.9647 0.8980
v 18.472361 1.415822 -6.423915 1.0000 0.9647 0.8980
v 18.875126 1.724874 -6.423915 1.0000 0.9647 0.8980
v 19.184177 2.127639 -6.423915 1.0000 0.9647 0.8980
v 19.378456 2.596669 -6.423915 1.0000 0.9647 0.8980
v 19.355278 3.100000 -6.452977 1.0000 0.9647 0.8980
v 19.292061 3.580181 -6.452977 1.0000 0.9647 0.8980
v 19.106718 4.027639 -6.452977 1.0000 0.9647 0.8980
v 18.811880 4.411880 -6.452977 1.0000 0.9647 0.8980
v 18.427639 4.706718 -6.452977 1.0000 0.9647 0.8980
v 17.980181 4.892061 -6.452977 1.0000 0.9647 0.8980
v 17.500000 4.955278 -6.452977 1.0000 0.9647 0.8980
v 17.019819 4.892061 -6.452977 1.0000 0.9647 0.8980
v 16.572361 4.706718 -6.452977 1.0000 0.9647 0.8980
v 16.188120 4.411880 -6.452977 1.0000 0.9647 0.8980
v 15.893282 4.027639 -6.452977 1.0000 0.9647 0.8980
v 15.707938 3.580181 -6.452977 1.0000 0.9647 0.8980
v 15.644721 3.100000 -6.452977 1.0000 0.9647 0.8980
v 15.707938 2.619818 -6.452977 1.0000 0.9647 0.8980
v 15.893282 2.172361 -6.452977 1.0000 0.9647 0.8980
v 16.188120 1.788120 -6.452977 1.0000 0.9647 0.8980
v 16.572361 1.493281 -6.452977 1.0000 0.9647 0.8980
v 17.019819 1.307938 -6.452977 1.0000 0.9647 0.8980
v 17.500000 1.244721 -6.452977 1.0000 0.9647 0.8980
v 17.980181 1.307938 -6.452977 1.0000 0.9647 0.8980
v 18.427639 1.493281 -6.452977 1.0000 0.9647 0.8980
v 18.811880 1.788120 -6.452977 1.0000 0.9647 0.8980
v 19.106718 2.172361 -6.452977 1.0000 0.9647 0.8980
v 19.292061 2.619818 -6.452977 1.0000 0.9647 0.8980
v 19.355278 3.100000 -6.547023 1.0000 0.9647 0.8980
v 19.292061 3.580181 -6.547023 1.0000 0.9647 0.8980
v 19.106718 4.027639 -6.547023 1.0000 0.9647 0.8980
v 18.811880 4.411880 -6.547023 1.0000 0.9647 0.8980
v 18.427639 4.706718 -6.547023 1.0000 0.9647 0.8980
v 17.980181 4.892061 -6.547023 1.0000 0.9647 0.8980
v 17.500000 4.955278 -6.547023 1.0000 0.9647 0.8980
v 17.019819 4.892061 -6.547023 1.0000 0.9647 0.8980
v 16.572361 4.706718 -6.547023 1.0000 0.9647 0.8980
v 16.188120 4.411880 -6.547023 1.0000 0.9647 0.8980
v 15.893282 4.027639 -6.547023 1.0000 0.9647 0.8980
v 15.707938 3.580181 -6.547023 1.0000 0.9647 0.8980
v 15.644721 3.100000 -6.547023 1.0000 0.9647 0.8980
v 15.707938 2.619818 -6.547023 1.0000 0.9647 0.8980
v 15.893282 2.172361 -6.547023 1.0000 0.9647 0.8980
v 16.188120 1.788120 -6.547023 1.0000 0.9647 0.8980
v 16.572361 1.493281 -6.547023 1.0000 0.9647 0.8980
v 17.019819 1.307938 -6.547023 1.0000 0.9647 0.8980
v 17.500000 1.244721 -6.547023 1.0000 0.9647 0.8980
v 17.980181 1.307938 -6.547023 1.0000 0.9647 0.8980
v 18.427639 1.493281 -6.547023 1.0000 0.9647 0.8980
v 18.811880 1.788120 -6.547023 1.0000 0.9647 0.8980
v 19.106718 2.172361 -6.547023 1.0000 0.9647 0.8980
v 19.292061 2.619818 -6.547023 1.0000 0.9647 0.8980
v 19.444721 3.100000 -6.576085 1.0000 0.9647 0.8980
v 19.378456 3.603331 -6.576085 1.0000 0.9647 0.8980
v 19.184177 4.072361 -6.576085 1.0000 0.9647 0.8980
v 18.875126 4.475125 -6.576085 1.0000 0.9647 0.8980
v 18.472361 4.784178 -6.576085 1.0000 0.9647 0.8980
v 18.003330 4.978456 -6.576085 1.0000 0.9647 0.8980
v 17.500000 5.044721 -6.576085 1.0000 0.9647 0.8980
v 16.996670 4.978456 -6.576085 1.0000 0.9647 0.8980
v 16.527639 4.784178 -6.576085 1.0000 0.9647 0.8980
v 16.124874 4.475125 -6.576085 1.0000 0.9647 0.8980
v 15.815822 4.072361 -6.576085 1.0000 0.9647 0.8980
v 15.621544 3.603331 -6.576085 1.0000 0.9647 0.8980
v 15.555279 3.100000 -6.576085 1.0000 0.9647 0.8980
v 15.621544 2.596669 -6.576085 1.0000 0.9647 0.8980
v 15.815822 2.127639 -6.576085 1.0000 0.9647 0.8980
v 16.124874 1.724874 -6.576085 1.0000 0.9647 0.8980
v 16.527639 1.415822 -6.576085 1.0000 0.9647 0.8980
v 16.996670 1.221543 -6.576085 1.0000 0.9647 0.8980
v 17.500000 1.155279 -6.576085 1.0000 0.9647 0.8980
v 18.003330 1.221543 -6.576085 1.0000 0.9647 0.8980
v 18.472361 1.415822 -6.576085 1.0000 0.9647 0.8980
v 18.875126 1.724874 -6.576085 1.0000 0.9647 0.8980
v 19.184177 2.127639 -6.576085 1.0000 0.9647 0.8980
v 19.378456 2.596669 -6.576085 1.0000 0.9647 0.8980
v 17.627279 3.227279 0.600000 0.7216 0.7608 0.8000
v 17.500000 3.280000 0.600000 0.7216 0.7608 0.8000
v 17.372721 3.227279 0.600000 0.7216 0.7608 0.8000
v 17.320000 3.100000 0.600000 0.7216 0.7608 0.8000
v 17.372721 2.972721 0.600000 0.7216 0.7608 0.8000
v 17.500000 2.920000 0.600000 0.7216 0.7608 0.8000
v 17.627279 2.972721 0.600000 0.7216 0.7608 0.8000
v 17.680000 3.100000 0.600000 0.7216 0.7608 0.8000
v 17.627279 3.190000 1.690000 0.7216 0.7608 0.8000
v 17.500000 3.227279 1.727279 0.7216 0.7608 0.8000
v 17.372721 3.190000 1.690000 0.7216 0.7608 0.8000
v 17.320000 3.100000 1.600000 0.7216 0.7608 0.8000
v 17.372721 3.010000 1.510000 0.7216 0.7608 0.8000
v 17.500000 2.972721 1.472721 0.7216 0.7608 0.8000
v 17.627279 3.010000 1.510000 0.7216 0.7608 0.8000
v 17.680000 3.100000 1.600000 0.7216 0.7608 0.8000
v 17.554853 1.045147 1.762426 0.7216 0.7608 0.8000
v 17.457573 1.142426 1.769706 0.7216 0.7608 0.8000
v 17.385147 1.214853 1.677574 0.7216 0.7608 0.8000
v 17.379999 1.220000 1.540000 0.7216 0.7608 0.8000
v 17.445147 1.154853 1.437574 0.7216 0.7608 0.8000
v 17.542427 1.057574 1.430294 0.7216 0.7608 0.8000
v 17.614853 0.985147 1.522426 0.7216 0.7608 0.8000
v 17.620001 0.980000 1.660000 0.7216 0.7608 0.8000
v 17.500000 2.325000 1.200000 0.9490 0.7608 0.1882
v 17.500000 2.475000 1.200000 0.9490 0.7608 0.1882
v 17.700001 2.325000 1.253590 0.9490 0.7608 0.1882
v 17.700001 2.475000 1.253590 0.9490 0.7608 0.1882
v 17.846411 2.325000 1.400000 0.9490 0.7608 0.1882
v 17.846411 2.475000 1.400000 0.9490 0.7608 0.1882
v 17.900000 2.325000 1.600000 0.9490 0.7608 0.1882
v 17.900000 2.475000 1.600000 0.9490 0.7608 0.1882
v 17.846411 2.325000 1.800000 0.9490 0.7608 0.1882
v 17.846411 2.475000 1.800000 0.9490 0.7608 0.1882
v 17.700001 2.325000 1.946410 0.9490 0.7608 0.1882
v 17.700001 2.475000 1.946410 0.9490 0.7608 0.1882
v 17.500000 2.325000 2.000000 0.9490 0.7608 0.1882
v 17.500000 2.475000 2.000000 0.9490 0.7608 0.1882
v 17.299999 2.325000 1.946410 0.9490 0.7608 0.1882
v 17.299999 2.475000 1.946410 0.9490 0.7608 0.1882
v 17.153589 2.325000 1.800000 0.9490 0.7608 0.1882
v 17.153589 2.475000 1.800000 0.9490 0.7608 0.1882
v 17.100000 2.325000 1.600000 0.9490 0.7608 0.1882
v 17.100000 2.475000 1.600000 0.9490 0.7608 0.1882
v 17.153589 2.325000 1.400000 0.9490 0.7608 0.1882
v 17.153589 2.475000 1.400000 0.9490 0.7608 0.1882
v 17.299999 2.325000 1.253590 0.9490 0.7608 0.1882
v 17.299999 2.475000 1.253590 0.9490 0.7608 0.1882
v 15.200000 7.400000 6.800000 1.0000 0.9647 0.8980
v 15.200000 6.832762 5.178926 1.0000 0.9647 0.8980
v 15.200000 6.421074 4.767239 1.0000 0.9647 0.8980
v 15.200000 5.928098 4.457481 1.0000 0.9647 0.8980
v 15.200000 5.378555 4.265188 1.0000 0.9647 0.8980
v 15.200000 4.800000 4.200000 1.0000 0.9647 0.8980
v 15.200000 4.221446 4.265188 1.0000 0.9647 0.8980
v 15.200000 3.671902 4.457481 1.0000 0.9647 0.8980
v 15.200000 3.178926 4.767239 1.0000 0.9647 0.8980
v 15.200000 2.767239 5.178926 1.0000 0.9647 0.8980
v 15.200000 2.200000 6.800000 1.0000 0.9647 0.8980
v 15.349741 7.334813 6.241159 1.0000 0.9647 0.8980
v 15.491973 7.142519 5.710341 1.0000 0.9647 0.8980
v 15.619564 6.832762 5.234163 1.0000 0.9647 0.8980
v 15.726117 6.421074 4.836503 1.0000 0.9647 0.8980
v 15.806289 5.928098 4.537301 1.0000 0.9647 0.8980
v 15.856057 5.378555 4.351560 1.0000 0.9647 0.8980
v 15.872930 4.800000 4.288593 1.0000 0.9647 0.8980
v 15.856057 4.221446 4.351560 1.0000 0.9647 0.8980
v 15.806289 3.671902 4.537301 1.0000 0.9647 0.8980
v 15.726117 3.178926 4.836503 1.0000 0.9647 0.8980
v 15.619564 2.767239 5.234163 1.0000 0.9647 0.8980
v 15.491973 2.457481 5.710341 1.0000 0.9647 0.8980
v 15.349741 2.265188 6.241159 1.0000 0.9647 0.8980
v 15.489277 7.334813 6.298957 1.0000 0.9647 0.8980
v 15.764049 7.142519 5.823039 1.0000 0.9647 0.8980
v 16.010536 6.832762 5.396110 1.0000 0.9647 0.8980
v 16.216381 6.421074 5.039577 1.0000 0.9647 0.8980
v 16.371260 5.928098 4.771319 1.0000 0.9647 0.8980
v 16.467405 5.378555 4.604788 1.0000 0.9647 0.8980
v 16.500000 4.800000 4.548334 1.0000 0.9647 0.8980
v 16.467405 4.221446 4.604788 1.0000 0.9647 0.8980
v 16.371260 3.671902 4.771319 1.0000 0.9647 0.8980
v 16.216381 3.178926 5.039577 1.0000 0.9647 0.8980
v 16.010536 2.767239 5.396110 1.0000 0.9647 0.8980
v 15.764049 2.457481 5.823039 1.0000 0.9647 0.8980
v 15.489277 2.265188 6.298957 1.0000 0.9647 0.8980
v 15.609099 7.334813 6.390900 1.0000 0.9647 0.8980
v 15.997685 7.142519 6.002315 1.0000 0.9647 0.8980
v 16.346272 6.832762 5.653728 1.0000 0.9647 0.8980
v 16.637379 6.421074 5.362621 1.0000 0.9647 0.8980
v 16.856411 5.928098 5.143589 1.0000 0.9647 0.8980
v 16.992382 5.378555 5.007617 1.0000 0.9647 0.8980
v 17.038477 4.800000 4.961523 1.0000 0.9647 0.8980
v 16.992382 4.221446 5.007617 1.0000 0.9647 0.8980
v 16.856411 3.671902 5.143589 1.0000 0.9647 0.8980
v 16.637379 3.178926 5.362621 1.0000 0.9647 0.8980
v 16.346272 2.767239 5.653728 1.0000 0.9647 0.8980
v 15.997685 2.457481 6.002315 1.0000 0.9647 0.8980
v 15.609099 2.265188 6.390900 1.0000 0.9647 0.8980
v 15.701042 7.334813 6.510723 1.0000 0.9647 0.8980
v 16.176962 7.142519 6.235951 1.0000 0.9647 0.8980
v 16.603891 6.832762 5.989463 1.0000 0.9647 0.8980
v 16.960423 6.421074 5.783619 1.0000 0.9647 0.8980
v 17.228680 5.928098 5.628741 1.0000 0.9647 0.8980
v 17.395212 5.378555 5.532594 1.0000 0.9647 0.8980
v 17.451666 4.800000 5.500000 1.0000 0.9647 0.8980
v 17.395212 4.221446 5.532594 1.0000 0.9647 0.8980
v 17.228680 3.671902 5.628741 1.0000 0.9647 0.8980
v 16.960423 3.178926 5.783619 1.0000 0.9647 0.8980
v 16.603891 2.767239 5.989463 1.0000 0.9647 0.8980
v 16.176962 2.457481 6.235951 1.0000 0.9647 0.8980
v 15.701042 2.265188 6.510723 1.0000 0.9647 0.8980
v 15.758841 7.334813 6.650259 1.0000 0.9647 0.8980
v 16.289658 7.142519 6.508027 1.0000 0.9647 0.8980
v 16.765837 6.832762 6.380435 1.0000 0.9647 0.8980
v 17.163496 6.421074 6.273883 1.0000 0.9647 0.8980
v 17.462700 5.928098 6.193712 1.0000 0.9647 0.8980
v 17.648441 5.378555 6.143942 1.0000 0.9647 0.8980
v 17.711407 4.800000 6.127070 1.0000 0.9647 0.8980
v 17.648441 4.221446 6.143942 1.0000 0.9647 0.8980
v 17.462700 3.671902 6.193712 1.0000 0.9647 0.8980
v 17.163496 3.178926 6.273883 1.0000 0.9647 0.8980
v 16.765837 2.767239 6.380435 1.0000 0.9647 0.8980
v 16.289658 2.457481 6.508027 1.0000 0.9647 0.8980
v 15.758841 2.265188 6.650259 1.0000 0.9647 0.8980
v 15.778554 7.334813 6.800000 1.0000 0.9647 0.8980
v 16.328098 7.142519 6.800000 1.0000 0.9647 0.8980
v 16.821074 6.832762 6.800000 1.0000 0.9647 0.8980
v 17.232761 6.421074 6.800000 1.0000 0.9647 0.8980
v 17.542519 5.928098 6.800000 1.0000 0.9647 0.8980
v 17.734812 5.378555 6.800000 1.0000 0.9647 0.8980
v 17.799999 4.800000 6.800000 1.0000 0.9647 0.8980
v 17.734812 4.221446 6.800000 1.0000 0.9647 0.8980
v 17.542519 3.671902 6.800000 1.0000 0.9647 0.8980
v 17.232761 3.178926 6.800000 1.0000 0.9647 0.8980
v 16.821074 2.767239 6.800000 1.0000 0.9647 0.8980
v 16.328098 2.457481 6.800000 1.0000 0.9647 0.8980
v 15.778554 2.265188 6.800000 1.0000 0.9647 0.8980
v 15.758841 7.334813 6.949741 1.0000 0.9647 0.8980
v 16.289658 7.142519 7.091973 1.0000 0.9647 0.8980
v 16.765837 6.832762 7.219565 1.0000 0.9647 0.8980
v 17.163496 6.421074 7.326118 1.0000 0.9647 0.8980
v 17.462700 5.928098 7.406289 1.0000 0.9647 0.8980
v 17.648441 5.378555 7.456058 1.0000 0.9647 0.8980
v 17.711407 4.800000 7.472930 1.0000 0.9647 0.8980
v 17.648441 4.221446 7.456058 1.0000 0.9647 0.8980
v 17.462700 3.671902 7.406289 1.0000 0.9647 0.8980
v 17.163496 3.178926 7.326118 1.0000 0.9647 0.8980
v 16.765837 2.767239 7.219565 1.0000 0.9647 0.8980
v 16.289658 2.457481 7.091973 1.0000 0.9647 0.8980
v 15.758841 2.265188 6.949741 1.0000 0.9647 0.8980
v 15.701043 7.334813 7.089277 1.0000 0.9647 0.8980
v 16.176960 7.142519 7.364049 1.0000 0.9647 0.8980
v 16.603891 6.832762 7.610537 1.0000 0.9647 0.8980
v 16.960423 6.421074 7.816381 1.0000 0.9647 0.8980
v 17.228680 5.928098 7.971260 1.0000 0.9647 0.8980
v 17.395212 5.378555 8.067407 1.0000 0.9647 0.8980
v 17.451666 4.800000 8.100000 1.0000 0.9647 0.8980
v 17.395212 4.221446 8.067407 1.0000 0.9647 0.8980
v 17.228680 3.671902 7.971260 1.0000 0.9647 0.8980
v 16.960423 3.178926 7.816381 1.0000 0.9647 0.8980
v 16.603891 2.767239 7.610537 1.0000 0.9647 0.8980
v 16.176960 2.457481 7.364049 1.0000 0.9647 0.8980
v 15.701043 2.265188 7.089277 1.0000 0.9647 0.8980
v 15.609099 7.334813 7.209100 1.0000 0.9647 0.8980
v 15.997685 7.142519 7.597686 1.0000 0.9647 0.8980
v 16.346272 6.832762 7.946272 1.0000 0.9647 0.8980
v 16.637379 6.421074 8.237380 1.0000 0.9647 0.8980
v 16.856411 5.928098 8.456411 1.0000 0.9647 0.8980
v 16.992382 5.378555 8.592383 1.0000 0.9647 0.8980
v 17.038477 4.800000 8.638477 1.0000 0.9647 0.8980
v 16.992382 4.221446 8.592383 1.0000 0.9647 0.8980
v 16.856411 3.671902 8.456411 1.0000 0.9647 0.8980
v 16.637379 3.178926 8.237380 1.0000 0.9647 0.8980
v 16.346272 2.767239 7.946272 1.0000 0.9647 0.8980
v 15.997685 2.457481 7.597686 1.0000 0.9647 0.8980
v 15.609099 2.265188 7.209100 1.0000 0.9647 0.8980
v 15.489277 7.334813 7.301043 1.0000 0.9647 0.8980
v 15.764049 7.142519 7.776961 1.0000 0.9647 0.8980
v 16.010536 6.832762 8.203891 1.0000 0.9647 0.8980
v 16.216381 6.421074 8.560423 1.0000 0.9647 0.8980
v 16.371260 5.928098 8.828681 1.0000 0.9647 0.8980
v 16.467405 5.378555 8.995213 1.0000 0.9647 0.8980
v 16.500000 4.800000 9.051666 1.0000 0.9647 0.8980
v 16.467405 4.221446 8.995213 1.0000 0.9647 0.8980
v 16.371260 3.671902 8.828681 1.0000 0.9647 0.8980
v 16.216381 3.178926 8.560423 1.0000 0.9647 0.8980
v 16.010536 2.767239 8.203891 1.0000 0.9647 0.8980
v 15.764049 2.457481 7.776961 1.0000 0.9647 0.8980
v 15.489277 2.265188 7.301043 1.0000 0.9647 0.8980
v 15.349741 7.334813 7.358841 1.0000 0.9647 0.8980
v 15.491973 7.142519 7.889658 1.0000 0.9647 0.8980
v 15.619564 6.832762 8.365837 1.0000 0.9647 0.8980
v 15.726117 6.421074 8.763497 1.0000 0.9647 0.8980
v 15.806288 5.928098 9.062699 1.0000 0.9647 0.8980
v 15.856057 5.378555 9.248441 1.0000 0.9647 0.8980
v 15.872930 4.800000 9.311407 1.0000 0.9647 0.8980
v 15.856057 4.221446 9.248441 1.0000 0.9647 0.8980
v 15.806288 3.671902 9.062699 1.0000 0.9647 0.8980
v 15.726117 3.178926 8.763497 1.0000 0.9647 0.8980
v 15.619564 2.767239 8.365837 1.0000 0.9647 0.8980
v 15.491973 2.457481 7.889658 1.0000 0.9647 0.8980
v 15.349741 2.265188 7.358841 1.0000 0.9647 0.8980
v 15.200000 7.334813 7.378555 1.0000 0.9647 0.8980
v 15.200000 7.142519 7.928098 1.0000 0.9647 0.8980
v 15.200000 6.832762 8.421074 1.0000 0.9647 0.8980
v 15.200000 6.421074 8.832762 1.0000 0.9647 0.8980
v 15.200000 5.928098 9.142519 1.0000 0.9647 0.8980
v 15.200000 5.378555 9.334812 1.0000 0.9647 0.8980
v 15.200000 4.800000 9.400001 1.0000 0.9647 0.8980
v 15.200000 4.221446 9.334812 1.0000 0.9647 0.8980
v 15.200000 3.671902 9.142519 1.0000 0.9647 0.8980
v 15.200000 3.178926 8.832762 1.0000 0.9647 0.8980
v 15.200000 2.767239 8.421074 1.0000 0.9647 0.8980
v 15.200000 2.457481 7.928098 1.0000 0.9647 0.8980
v 15.200000 2.265188 7.378555 1.0000 0.9647 0.8980
v 15.050259 7.334813 7.358841 1.0000 0.9647 0.8980
v 14.908027 7.142519 7.889658 1.0000 0.9647 0.8980
v 14.780435 6.832762 8.365837 1.0000 0.9647 0.8980
v 14.673882 6.421074 8.763497 1.0000 0.9647 0.8980
v 14.593711 5.928098 9.062699 1.0000 0.9647 0.8980
v 14.543942 5.378555 9.248441 1.0000 0.9647 0.8980
v 14.527070 4.800000 9.311407 1.0000 0.9647 0.8980
v 14.543942 4.221446 9.248441 1.0000 0.9647 0.8980
v 14.593711 3.671902 9.062699 1.0000 0.9647 0.8980
v 14.673882 3.178926 8.763497 1.0000 0.9647 0.8980
v 14.780435 2.767239 8.365837 1.0000 0.9647 0.8980
v 14.908027 2.457481 7.889658 1.0000 0.9647 0.8980
v 15.050259 2.265188 7.358841 1.0000 0.9647 0.8980
v 14.910723 7.334813 7.301043 1.0000 0.9647 0.8980
v 14.635951 7.142519 7.776961 1.0000 0.9647 0.8980
v 14.389463 6.832762 8.203891 1.0000 0.9647 0.8980
v 14.183619 6.421074 8.560423 1.0000 0.9647 0.8980
v 14.028740 5.928098 8.828681 1.0000 0.9647 0.8980
v 13.932593 5.378555 8.995213 1.0000 0.9647 0.8980
v 13.900000 4.800000 9.051666 1.0000 0.9647 0.8980
v 13.932593 4.221446 8.995213 1.0000 0.9647 0.8980
v 14.028740 3.671902 8.828681 1.0000 0.9647 0.8980
v 14.183619 3.178926 8.560423 1.0000 0.9647 0.8980
v 14.389463 2.767239 8.203891 1.0000 0.9647 0.8980
v 14.635951 2.457481 7.776961 1.0000 0.9647 0.8980
v 14.910723 2.265188 7.301043 1.0000 0.9647 0.8980
v 14.790900 7.334813 7.209100 1.0000 0.9647 0.8980
v 14.402314 7.142519 7.597685 1.0000 0.9647 0.8980
v 14.053728 6.832762 7.946272 1.0000 0.9647 0.8980
v 13.762620 6.421074 8.237380 1.0000 0.9647 0.8980
v 13.543589 5.928098 8.456411 1.0000 0.9647 0.8980
v 13.407617 5.378555 8.592383 1.0000 0.9647 0.8980
v 13.361523 4.800000 8.638478 1.0000 0.9647 0.8980
v 13.407617 4.221446 8.592383 1.0000 0.9647 0.8980
v 13.543589 3.671902 8.456411 1.0000 0.9647 0.8980
v 13.762620 3.178926 8.237380 1.0000 0.9647 0.8980
v 14.053728 2.767239 7.946272 1.0000 0.9647 0.8980
v 14.402314 2.457481 7.597685 1.0000 0.9647 0.8980
v 14.790900 2.265188 7.209100 1.0000 0.9647 0.8980
v 14.698957 7.334813 7.089278 1.0000 0.9647 0.8980
v 14.223039 7.142519 7.364049 1.0000 0.9647 0.8980
v 13.796109 6.832762 7.610537 1.0000 0.9647 0.8980
v 13.439577 6.421074 7.816381 1.0000 0.9647 0.8980
v 13.171319 5.928098 7.971260 1.0000 0.9647 0.8980
v 13.004787 5.378555 8.067407 1.0000 0.9647 0.8980
v 12.948334 4.800000 8.100000 1.0000 0.9647 0.8980
v 13.004787 4.221446 8.067407 1.0000 0.9647 0.8980
v 13.171319 3.671902 7.971260 1.0000 0.9647 0.8980
v 13.439577 3.178926 7.816381 1.0000 0.9647 0.8980
v 13.796109 2.767239 7.610537 1.0000 0.9647 0.8980
v 14.223039 2.457481 7.364049 1.0000 0.9647 0.8980
v 14.698957 2.265188 7.089278 1.0000 0.9647 0.8980
v 14.641159 7.334813 6.949741 1.0000 0.9647 0.8980
v 14.110342 7.142519 7.091973 1.0000 0.9647 0.8980
v 13.634163 6.832762 7.219564 1.0000 0.9647 0.8980
v 13.236503 6.421074 7.326118 1.0000 0.9647 0.8980
v 12.937301 5.928098 7.406289 1.0000 0.9647 0.8980
v 12.751559 5.378555 7.456058 1.0000 0.9647 0.8980
v 12.688593 4.800000 7.472930 1.0000 0.9647 0.8980
v 12.751559 4.221446 7.456058 1.0000 0.9647 0.8980
v 12.937301 3.671902 7.406289 1.0000 0.9647 0.8980
v 13.236503 3.178926 7.326118 1.0000 0.9647 0.8980
v 13.634163 2.767239 7.219564 1.0000 0.9647 0.8980
v 14.110342 2.457481 7.091973 1.0000 0.9647 0.8980
v 14.641159 2.265188 6.949741 1.0000 0.9647 0.8980
v 14.621446 7.334813 6.800000 1.0000 0.9647 0.8980
v 14.071902 7.142519 6.800000 1.0000 0.9647 0.8980
v 13.578926 6.832762 6.800000 1.0000 0.9647 0.8980
v 13.167238 6.421074 6.800000 1.0000 0.9647 0.8980
v 12.857481 5.928098 6.800000 1.0000 0.9647 0.8980
v 12.665188 5.378555 6.800000 1.0000 0.9647 0.8980
v 12.599999 4.800000 6.800000 1.0000 0.9647 0.8980
v 12.665188 4.221446 6.800000 1.0000 0.9647 0.8980
v 12.857481 3.671902 6.800000 1.0000 0.9647 0.8980
v 13.167238 3.178926 6.800000 1.0000 0.9647 0.8980
v 13.578926 2.767239 6.800000 1.0000 0.9647 0.8980
v 14.071902 2.457481 6.800000 1.0000 0.9647 0.8980
v 14.621446 2.265188 6.800000 1.0000 0.9647 0.8980
v 14.641159 7.334813 6.650259 1.0000 0.9647 0.8980
v 14.110342 7.142519 6.508027 1.0000 0.9647 0.8980
v 13.634163 6.832762 6.380435 1.0000 0.9647 0.8980
v 13.236503 6.421074 6.273883 1.0000 0.9647 0.8980
v 12.937301 5.928098 6.193712 1.0000 0.9647 0.8980
v 12.751559 5.378555 6.143942 1.0000 0.9647 0.8980
v 12.688593 4.800000 6.127070 1.0000 0.9647 0.8980
v 12.751559 4.221446 6.143942 1.0000 0.9647 0.8980
v 12.937301 3.671902 6.193712 1.0000 0.9647 0.8980
v 13.236503 3.178926 6.273883 1.0000 0.9647 0.8980
v 13.634163 2.767239 6.380435 1.0000 0.9647 0.8980
v 14.110342 2.457481 6.508027 1.0000 0.9647 0.8980
v 14.641159 2.265188 6.650259 1.0000 0.9647 0.8980
v 14.698956 7.334813 6.510723 1.0000 0.9647 0.8980
v 14.223039 7.142519 6.235951 1.0000 0.9647 0.8980
v 13.796109 6.832762 5.989463 1.0000 0.9647 0.8980
v 13.439577 6.421074 5.783619 1.0000 0.9647 0.8980
v 13.171319 5.928098 5.628741 1.0000 0.9647 0.8980
v 13.004787 5.378555 5.532594 1.0000 0.9647 0.8980
v 12.948334 4.800000 5.500000 1.0000 0.9647 0.8980
v 13.004787 4.221446 5.532594 1.0000 0.9647 0.8980
v 13.171319 3.671902 5.628741 1.0000 0.9647 0.8980
v 13.439577 3.178926 5.783619 1.0000 0.9647 0.8980
v 13.796109 2.767239 5.989463 1.0000 0.9647 0.8980
v 14.223039 2.457481 6.235951 1.0000 0.9647 0.8980
v 14.698956 2.265188 6.510723 1.0000 0.9647 0.8980
v 14.790900 7.334813 6.390901 1.0000 0.9647 0.8980
v 14.402314 7.142519 6.002315 1.0000 0.9647 0.8980
v 14.053728 6.832762 5.653728 1.0000 0.9647 0.8980
v 13.762620 6.421074 5.362621 1.0000 0.9647 0.8980
v 13.543589 5.928098 5.143589 1.0000 0.9647 0.8980
v 13.407617 5.378555 5.007617 1.0000 0.9647 0.8980
v 13.361522 4.800000 4.961523 1.0000 0.9647 0.8980
v 13.407617 4.221446 5.007617 1.0000 0.9647 0.8980
v 13.543589 3.671902 5.143589 1.0000 0.9647 0.8980
v 13.762620 3.178926 5.362621 1.0000 0.9647 0.8980
v 14.053728 2.767239 5.653728 1.0000 0.9647 0.8980
v 14.402314 2.457481 6.002315 1.0000 0.9647 0.8980
v 14.790900 2.265188 6.390901 1.0000 0.9647 0.8980
v 14.910723 7.334813 6.298957 1.0000 0.9647 0.8980
v 14.635951 7.142519 5.823040 1.0000 0.9647 0.8980
v 14.389463 6.832762 5.396110 1.0000 0.9647 0.8980
v 14.183619 6.421074 5.039577 1.0000 0.9647 0.8980
v 14.028740 5.928098 4.771319 1.0000 0.9647 0.8980
v 13.932593 5.378555 4.604788 1.0000 0.9647 0.8980
v 13.900000 4.800000 4.548334 1.0000 0.9647 0.8980
v 13.932593 4.221446 4.604788 1.0000 0.9647 0.8980
v 14.028740 3.671902 4.771319 1.0000 0.9647 0.8980
v 14.183619 3.178926 5.039577 1.0000 0.9647 0.8980
v 14.389463 2.767239 5.396110 1.0000 0.9647 0.8980
v 14.635951 2.457481 5.823040 1.0000 0.9647 0.8980
v 14.910723 2.265188 6.298957 1.0000 0.9647 0.8980
v 15.050259 7.334813 6.241159 1.0000 0.9647 0.8980
v 14.908027 7.142519 5.710342 1.0000 0.9647 0.8980
v 14.780436 6.832762 5.234164 1.0000 0.9647 0.8980
v 14.673882 6.421074 4.836504 1.0000 0.9647 0.8980
v 14.593712 5.928098 4.537301 1.0000 0.9647 0.8980
v 14.543942 5.378555 4.351560 1.0000 0.9647 0.8980
v 14.527070 4.800000 4.288593 1.0000 0.9647 0.8980
v 14.543942 4.221446 4.351560 1.0000 0.9647 0.8980
v 14.593712 3.671902 4.537301 1.0000 0.9647 0.8980
v 14.673882 3.178926 4.836504 1.0000 0.9647 0.8980
v 14.780436 2.767239 5.234164 1.0000 0.9647 0.8980
v 14.908027 2.457481 5.710342 1.0000 0.9647 0.8980
v 15.050259 2.265188 6.241159 1.0000 0.9647 0.8980
v 15.200000 7.334813 6.221446 1.0000 0.9647 0.8980
v 15.200000 7.142519 5.671903 1.0000 0.9647 0.8980
v 15.200000 2.457481 5.671903 1.0000 0.9647 0.8980
v 15.200000 2.265188 6.221446 1.0000 0.9647 0.8980
v 16.543503 0.500000 5.276497 0.5490 0.5921 0.6393
v 16.543503 3.900000 5.276497 0.5490 0.5921 0.6393
v 16.670782 0.500000 5.329218 0.5490 0.5921 0.6393
v 16.670782 3.900000 5.329218 0.5490 0.5921 0.6393
v 16.723503 0.500000 5.456497 0.5490 0.5921 0.6393
v 16.723503 3.900000 5.456497 0.5490 0.5921 0.6393
v 16.670782 0.500000 5.583776 0.5490 0.5921 0.6393
v 16.670782 3.900000 5.583776 0.5490 0.5921 0.6393
v 16.543503 0.500000 5.636497 0.5490 0.5921 0.6393
v 16.543503 3.900000 5.636497 0.5490 0.5921 0.6393
v 16.416224 0.500000 5.583776 0.5490 0.5921 0.6393
v 16.416224 3.900000 5.583776 0.5490 0.5921 0.6393
v 16.363503 0.500000 5.456497 0.5490 0.5921 0.6393
v 16.363503 3.900000 5.456497 0.5490 0.5921 0.6393
v 16.416224 0.500000 5.329218 0.5490 0.5921 0.6393
v 16.416224 3.900000 5.329218 0.5490 0.5921 0.6393
v 13.856497 0.500000 5.276497 0.5490 0.5921 0.6393
v 13.856497 3.900000 5.276497 0.5490 0.5921 0.6393
v 13.983776 0.500000 5.329218 0.5490 0.5921 0.6393
v 13.983776 3.900000 5.329218 0.5490 0.5921 0.6393
v 14.036497 0.500000 5.456497 0.5490 0.5921 0.6393
v 14.036497 3.900000 5.456497 0.5490 0.5921 0.6393
v 13.983776 0.500000 5.583776 0.5490 0.5921 0.6393
v 13.983776 3.900000 5.583776 0.5490 0.5921 0.6393
v 13.856497 0.500000 5.636497 0.5490 0.5921 0.6393
v 13.856497 3.900000 5.636497 0.5490 0.5921 0.6393
v 13.729218 0.500000 5.583776 0.5490 0.5921 0.6393
v 13.729218 3.900000 5.583776 0.5490 0.5921 0.6393
v 13.676497 0.500000 5.456497 0.5490 0.5921 0.6393
v 13.676497 3.900000 5.456497 0.5490 0.5921 0.6393
v 13.729218 0.500000 5.329218 0.5490 0.5921 0.6393
v 13.729218 3.900000 5.329218 0.5490 0.5921 0.6393
v 13.856497 0.500000 7.963503 0.5490 0.5921 0.6393
v 13.856497 3.900000 7.963503 0.5490 0.5921 0.6393
v 13.983776 0.500000 8.016224 0.5490 0.5921 0.6393
v 13.983776 3.900000 8.016224 0.5490 0.5921 0.6393
v 14.036497 0.500000 8.143503 0.5490 0.5921 0.6393
v 14.036497 3.900000 8.143503 0.5490 0.5921 0.6393
v 13.983776 0.500000 8.270782 0.5490 0.5921 0.6393
v 13.983776 3.900000 8.270782 0.5490 0.5921 0.6393
v 13.856497 0.500000 8.323503 0.5490 0.5921 0.6393
v 13.856497 3.900000 8.323503 0.5490 0.5921 0.6393
v 13.729218 0.500000 8.270782 0.5490 0.5921 0.6393
v 13.729218 3.900000 8.270782 0.5490 0.5921 0.6393
v 13.676497 0.500000 8.143503 0.5490 0.5921 0.6393
v 13.676497 3.900000 8.143503 0.5490 0.5921 0.6393
v 13.729218 0.500000 8.016224 0.5490 0.5921 0.6393
v 13.729218 3.900000 8.016224 0.5490 0.5921 0.6393
v 16.543503 0.500000 7.963503 0.5490 0.5921 0.6393
v 16.543503 3.900000 7.963503 0.5490 0.5921 0.6393
v 16.670782 0.500000 8.016224 0.5490 0.5921 0.6393
v 16.670782 3.900000 8.016224 0.5490 0.5921 0.6393
v 16.723503 0.500000 8.143503 0.5490 0.5921 0.6393
v 16.723503 3.900000 8.143503 0.5490 0.5921 0.6393
v 16.670782 0.500000 8.270782 0.5490 0.5921 0.6393
v 16.670782 3.900000 8.270782 0.5490 0.5921 0.6393
v 16.543503 0.500000 8.323503 0.5490 0.5921 0.6393
v 16.543503 3.900000 8.323503 0.5490 0.5921 0.6393
v 16.416224 0.500000 8.270782 0.5490 0.5921 0.6393
v 16.416224 3.900000 8.270782 0.5490 0.5921 0.6393
v 16.363503 0.500000 8.143503 0.5490 0.5921 0.6393
v 16.363503 3.900000 8.143503 0.5490 0.5921 0.6393
v 16.416224 0.500000 8.016224 0.5490 0.5921 0.6393
v 16.416224 3.900000 8.016224 0.5490 0.5921 0.6393
v 17.920000 4.800000 6.800000 0.2471 0.7137 0.7882
v 17.851803 4.800000 6.194743 0.2471 0.7137 0.7882
v 17.650635 4.800000 5.619836 0.2471 0.7137 0.7882
v 17.326582 4.800000 5.104108 0.2471 0.7137 0.7882
v 16.895891 4.800000 4.673419 0.2471 0.7137 0.7882
v 16.380163 4.800000 4.349365 0.2471 0.7137 0.7882
v 15.805257 4.800000 4.148196 0.2471 0.7137 0.7882
v 15.200000 4.800000 4.080000 0.2471 0.7137 0.7882
v 14.594743 4.800000 4.148196 0.2471 0.7137 0.7882
v 14.019836 4.800000 4.349365 0.2471 0.7137 0.7882
v 13.504107 4.800000 4.673419 0.2471 0.7137 0.7882
v 13.073418 4.800000 5.104108 0.2471 0.7137 0.7882
v 12.749365 4.800000 5.619836 0.2471 0.7137 0.7882
v 12.548196 4.800000 6.194743 0.2471 0.7137 0.7882
v 12.480000 4.800000 6.800000 0.2471 0.7137 0.7882
v 12.548196 4.800000 7.405257 0.2471 0.7137 0.7882
v 12.749365 4.800000 7.980164 0.2471 0.7137 0.7882
v 13.073418 4.800000 8.495893 0.2471 0.7137 0.7882
v 13.504107 4.800000 8.926582 0.2471 0.7137 0.7882
v 14.019836 4.800000 9.250635 0.2471 0.7137 0.7882
v 14.594743 4.800000 9.451804 0.2471 0.7137 0.7882
v 15.200000 4.800000 9.520000 0.2471 0.7137 0.7882
v 15.805257 4.800000 9.451804 0.2471 0.7137 0.7882
v 16.380163 4.800000 9.250635 0.2471 0.7137 0.7882
v 16.895891 4.800000 8.926582 0.2471 0.7137 0.7882
v 17.326582 4.800000 8.495893 0.2471 0.7137 0.7882
v 17.650635 4.800000 7.980164 0.2471 0.7137 0.7882
v 17.851803 4.800000 7.405257 0.2471 0.7137 0.7882
v 17.850903 4.895106 6.800000 0.2471 0.7137 0.7882
v 17.784437 4.895106 6.210119 0.2471 0.7137 0.7882
v 17.588379 4.895106 5.649817 0.2471 0.7137 0.7882
v 17.272558 4.895106 5.147190 0.2471 0.7137 0.7882
v 16.852810 4.895106 4.727442 0.2471 0.7137 0.7882
v 16.350183 4.895106 4.411620 0.2471 0.7137 0.7882
v 15.789881 4.895106 4.215562 0.2471 0.7137 0.7882
v 15.200000 4.895106 4.149098 0.2471 0.7137 0.7882
v 14.610119 4.895106 4.215562 0.2471 0.7137 0.7882
v 14.049816 4.895106 4.411620 0.2471 0.7137 0.7882
v 13.547190 4.895106 4.727442 0.2471 0.7137 0.7882
v 13.127441 4.895106 5.147190 0.2471 0.7137 0.7882
v 12.811620 4.895106 5.649817 0.2471 0.7137 0.7882
v 12.615561 4.895106 6.210119 0.2471 0.7137 0.7882
v 12.549098 4.895106 6.800000 0.2471 0.7137 0.7882
v 12.615561 4.895106 7.389881 0.2471 0.7137 0.7882
v 12.811620 4.895106 7.950183 0.2471 0.7137 0.7882
v 13.127441 4.895106 8.452810 0.2471 0.7137 0.7882
v 13.547190 4.895106 8.872559 0.2471 0.7137 0.7882
v 14.049816 4.895106 9.188380 0.2471 0.7137 0.7882
v 14.610119 4.895106 9.384439 0.2471 0.7137 0.7882
v 15.200000 4.895106 9.450902 0.2471 0.7137 0.7882
v 15.789881 4.895106 9.384439 0.2471 0.7137 0.7882
v 16.350183 4.895106 9.188380 0.2471 0.7137 0.7882
v 16.852810 4.895106 8.872559 0.2471 0.7137 0.7882
v 17.272558 4.895106 8.452810 0.2471 0.7137 0.7882
v 17.588379 4.895106 7.950183 0.2471 0.7137 0.7882
v 17.784437 4.895106 7.389881 0.2471 0.7137 0.7882
v 17.739098 4.858779 6.800000 0.2471 0.7137 0.7882
v 17.675438 4.858779 6.234998 0.2471 0.7137 0.7882
v 17.487648 4.858779 5.698327 0.2471 0.7137 0.7882
v 17.185146 4.858779 5.216898 0.2471 0.7137 0.7882
v 16.783102 4.858779 4.814853 0.2471 0.7137 0.7882
v 16.301674 4.858779 4.512352 0.2471 0.7137 0.7882
v 15.765002 4.858779 4.324562 0.2471 0.7137 0.7882
v 15.200000 4.858779 4.260902 0.2471 0.7137 0.7882
v 14.634997 4.858779 4.324562 0.2471 0.7137 0.7882
v 14.098327 4.858779 4.512352 0.2471 0.7137 0.7882
v 13.616898 4.858779 4.814853 0.2471 0.7137 0.7882
v 13.214853 4.858779 5.216898 0.2471 0.7137 0.7882
v 12.912352 4.858779 5.698327 0.2471 0.7137 0.7882
v 12.724562 4.858779 6.234998 0.2471 0.7137 0.7882
v 12.660902 4.858779 6.800000 0.2471 0.7137 0.7882
v 12.724562 4.858779 7.365003 0.2471 0.7137 0.7882
v 12.912352 4.858779 7.901674 0.2471 0.7137 0.7882
v 13.214853 4.858779 8.383102 0.2471 0.7137 0.7882
v 13.616898 4.858779 8.785147 0.2471 0.7137 0.7882
v 14.098327 4.858779 9.087648 0.2471 0.7137 0.7882
v 14.634997 4.858779 9.275438 0.2471 0.7137 0.7882
v 15.200000 4.858779 9.339098 0.2471 0.7137 0.7882
v 15.765002 4.858779 9.275438 0.2471 0.7137 0.7882
v 16.301674 4.858779 9.087648 0.2471 0.7137 0.7882
v 16.783102 4.858779 8.785147 0.2471 0.7137 0.7882
v 17.185146 4.858779 8.383102 0.2471 0.7137 0.7882
v 17.487648 4.858779 7.901674 0.2471 0.7137 0.7882
v 17.675438 4.858779 7.365003 0.2471 0.7137 0.7882
v 17.739098 4.741221 6.800000 0.2471 0.7137 0.7882
v 17.675438 4.741221 6.234998 0.2471 0.7137 0.7882
v 17.487648 4.741221 5.698327 0.2471 0.7137 0.7882
v 17.185146 4.741221 5.216898 0.2471 0.7137 0.7882
v 16.783102 4.741221 4.814853 0.2471 0.7137 0.7882
v 16.301674 4.741221 4.512352 0.2471 0.7137 0.7882
v 15.765002 4.741221 4.324562 0.2471 0.7137 0.7882
v 15.200000 4.741221 4.260902 0.2471 0.7137 0.7882
v 14.634997 4.741221 4.324562 0.2471 0.7137 0.7882
v 14.098327 4.741221 4.512352 0.2471 0.7137 0.7882
v 13.616898 4.741221 4.814853 0.2471 0.7137 0.7882
v 13.214853 4.741221 5.216898 0.2471 0.7137 0.7882
v 12.912352 4.741221 5.698327 0.2471 0.7137 0.7882
v 12.724562 4.741221 6.234998 0.2471 0.7137 0.7882
v 12.660902 4.741221 6.800000 0.2471 0.7137 0.7882
v 12.724562 4.741221 7.365003 0.2471 0.7137 0.7882
v 12.912352 4.741221 7.901674 0.2471 0.7137 0.7882
v 13.214853 4.741221 8.383102 0.2471 0.7137 0.7882
v 13.616898 4.741221 8.785147 0.2471 0.7137 0.7882
v 14.098327 4.741221 9.087648 0.2471 0.7137 0.7882
v 14.634997 4.741221 9.275438 0.2471 0.7137 0.7882
v 15.200000 4.741221 9.339098 0.2471 0.7137 0.7882
v 15.765002 4.741221 9.275438 0.2471 0.7137 0.7882
v 16.301674 4.741221 9.087648 0.2471 0.7137 0.7882
v 16.783102 4.741221 8.785147 0.2471 0.7137 0.7882
v 17.185146 4.741221 8.383102 0.2471 0.7137 0.7882
v 17.487648 4.741221 7.901674 0.2471 0.7137 0.7882
v 17.675438 4.741221 7.365003 0.2471 0.7137 0.7882
v 17.850903 4.704895 6.800000 0.2471 0.7137 0.7882
v 17.784437 4.704895 6.210119 0.2471 0.7137 0.7882
v 17.588379 4.704895 5.649817 0.2471 0.7137 0.7882
v 17.272558 4.704895 5.147190 0.2471 0.7137 0.7882
v 16.852810 4.704895 4.727442 0.2471 0.7137 0.7882
v 16.350183 4.704895 4.411620 0.2471 0.7137 0.7882
v 15.789881 4.704895 4.215562 0.2471 0.7137 0.7882
v 15.200000 4.704895 4.149098 0.2471 0.7137 0.7882
v 14.610119 4.704895 4.215562 0.2471 0.7137 0.7882
v 14.049816 4.704895 4.411620 0.2471 0.7137 0.7882
v 13.547190 4.704895 4.727442 0.2471 0.7137 0.7882
v 13.127441 4.704895 5.147190 0.2471 0.7137 0.7882
v 12.811620 4.704895 5.649817 0.2471 0.7137 0.7882
v 12.615561 4.704895 6.210119 0.2471 0.7137 0.7882
v 12.549098 4.704895 6.800000 0.2471 0.7137 0.7882
v 12.615561 4.704895 7.389881 0.2471 0.7137 0.7882
v 12.811620 4.704895 7.950183 0.2471 0.7137 0.7882
v 13.127441 4.704895 8.452810 0.2471 0.7137 0.7882
v 13.547190 4.704895 8.872559 0.2471 0.7137 0.7882
v 14.049816 4.704895 9.188380 0.2471 0.7137 0.7882
v 14.610119 4.704895 9.384439 0.2471 0.7137 0.7882
v 15.200000 4.704895 9.450902 0.2471 0.7137 0.7882
v 15.789881 4.704895 9.384439 0.2471 0.7137 0.7882
v 16.350183 4.704895 9.188380 0.2471 0.7137 0.7882
v 16.852810 4.704895 8.872559 0.2471 0.7137 0.7882
v 17.272558 4.704895 8.452810 0.2471 0.7137 0.7882
v 17.588379 4.704895 7.950183 0.2471 0.7137 0.7882
v 17.784437 4.704895 7.389881 0.2471 0.7137 0.7882
v 1.400000 0.500000 11.300000 1.0000 0.9647 0.8980
v 1.400000 0.900000 11.700000 1.0000 0.9647 0.8980
v 1.000000 0.900000 11.300000 1.0000 0.9647 0.8980
v 1.400000 0.553438 11.499738 1.0000 0.9647 0.8980
v 1.200263 0.553438 11.300000 1.0000 0.9647 0.8980
v 1.208715 0.605347 11.491284 1.0000 0.9647 0.8980
v 1.200263 0.900000 11.646562 1.0000 0.9647 0.8980
v 1.400000 0.700262 11.646562 1.0000 0.9647 0.8980
v 1.208715 0.708715 11.594653 1.0000 0.9647 0.8980
v 1.053438 0.700262 11.300000 1.0000 0.9647 0.8980
v 1.053438 0.900000 11.499738 1.0000 0.9647 0.8980
v 1.105347 0.708715 11.491284 1.0000 0.9647 0.8980
v 1.400000 3.500000 11.700000 1.0000 0.9647 0.8980
v 1.400000 3.900000 11.300000 1.0000 0.9647 0.8980
v 1.000000 3.500000 11.300000 1.0000 0.9647 0.8980
v 1.400000 3.699738 11.646562 1.0000 0.9647 0.8980
v 1.200263 3.500000 11.646562 1.0000 0.9647 0.8980
v 1.208715 3.691285 11.594653 1.0000 0.9647 0.8980
v 1.200263 3.846562 11.300000 1.0000 0.9647 0.8980
v 1.400000 3.846562 11.499738 1.0000 0.9647 0.8980
v 1.208715 3.794653 11.491284 1.0000 0.9647 0.8980
v 1.053438 3.500000 11.499738 1.0000 0.9647 0.8980
v 1.053438 3.699738 11.300000 1.0000 0.9647 0.8980
v 1.105347 3.691285 11.491284 1.0000 0.9647 0.8980
v 1.400000 0.500000 7.700000 1.0000 0.9647 0.8980
v 1.000000 0.900000 7.700000 1.0000 0.9647 0.8980
v 1.400000 0.900000 7.300000 1.0000 0.9647 0.8980
v 1.200263 0.553438 7.700000 1.0000 0.9647 0.8980
v 1.400000 0.553438 7.500262 1.0000 0.9647 0.8980
v 1.208715 0.605347 7.508715 1.0000 0.9647 0.8980
v 1.053438 0.900000 7.500262 1.0000 0.9647 0.8980
v 1.053438 0.700262 7.700000 1.0000 0.9647 0.8980
v 1.105347 0.708715 7.508715 1.0000 0.9647 0.8980
v 1.400000 0.700262 7.353438 1.0000 0.9647 0.8980
v 1.200263 0.900000 7.353438 1.0000 0.9647 0.8980
v 1.208715 0.708715 7.405347 1.0000 0.9647 0.8980
v 1.400000 3.900000 7.700000 1.0000 0.9647 0.8980
v 1.400000 3.500000 7.300000 1.0000 0.9647 0.8980
v 1.000000 3.500000 7.700000 1.0000 0.9647 0.8980
v 1.400000 3.846562 7.500262 1.0000 0.9647 0.8980
v 1.200263 3.846562 7.700000 1.0000 0.9647 0.8980
v 1.208715 3.794653 7.508715 1.0000 0.9647 0.8980
v 1.200263 3.500000 7.353438 1.0000 0.9647 0.8980
v 1.400000 3.699738 7.353438 1.0000 0.9647 0.8980
v 1.208715 3.691285 7.405347 1.0000 0.9647 0.8980
v 1.053438 3.699738 7.700000 1.0000 0.9647 0.8980
v 1.053438 3.500000 7.500262 1.0000 0.9647 0.8980
v 1.105347 3.691285 7.508715 1.0000 0.9647 0.8980
v 8.600000 0.500000 11.300000 1.0000 0.9647 0.8980
v 9.000000 0.900000 11.300000 1.0000 0.9647 0.8980
v 8.600000 0.900000 11.700000 1.0000 0.9647 0.8980
v 8.799738 0.553438 11.300000 1.0000 0.9647 0.8980
v 8.600000 0.553438 11.499738 1.0000 0.9647 0.8980
v 8.791285 0.605347 11.491284 1.0000 0.9647 0.8980
v 8.946562 0.900000 11.499738 1.0000 0.9647 0.8980
v 8.946562 0.700262 11.300000 1.0000 0.9647 0.8980
v 8.894653 0.708715 11.491284 1.0000 0.9647 0.8980
v 8.600000 0.700262 11.646562 1.0000 0.9647 0.8980
v 8.799738 0.900000 11.646562 1.0000 0.9647 0.8980
v 8.791285 0.708715 11.594653 1.0000 0.9647 0.8980
v 8.600000 3.900000 11.300000 1.0000 0.9647 0.8980
v 8.600000 3.500000 11.700000 1.0000 0.9647 0.8980
v 9.000000 3.500000 11.300000 1.0000 0.9647 0.8980
v 8.600000 3.846562 11.499738 1.0000 0.9647 0.8980
v 8.799738 3.846562 11.300000 1.0000 0.9647 0.8980
v 8.791285 3.794653 11.491284 1.0000 0.9647 0.8980
v 8.799738 3.500000 11.646562 1.0000 0.9647 0.8980
v 8.600000 3.699738 11.646562 1.0000 0.9647 0.8980
v 8.791285 3.691285 11.594653 1.0000 0.9647 0.8980
v 8.946562 3.699738 11.300000 1.0000 0.9647 0.8980
v 8.946562 3.500000 11.499738 1.0000 0.9647 0.8980
v 8.894653 3.691285 11.491284 1.0000 0.9647 0.8980
v 8.600000 0.500000 7.700000 1.0000 0.9647 0.8980
v 8.600000 0.900000 7.300000 1.0000 0.9647 0.8980
v 9.000000 0.900000 7.700000 1.0000 0.9647 0.8980
v 8.600000 0.553438 7.500262 1.0000 0.9647 0.8980
v 8.799738 0.553438 7.700000 1.0000 0.9647 0.8980
v 8.791285 0.605347 7.508715 1.0000 0.9647 0.8980
v 8.799738 0.900000 7.353438 1.0000 0.9647 0.8980
v 8.600000 0.700262 7.353438 1.0000 0.9647 0.8980
v 8.791285 0.708715 7.405347 1.0000 0.9647 0.8980
v 8.946562 0.700262 7.700000 1.0000 0.9647 0.8980
v 8.946562 0.900000 7.500262 1.0000 0.9647 0.8980
v 8.894653 0.708715 7.508715 1.0000 0.9647 0.8980
v 8.600000 3.900000 7.700000 1.0000 0.9647 0.8980
v 9.000000 3.500000 7.700000 1.0000 0.9647 0.8980
v 8.600000 3.500000 7.300000 1.0000 0.9647 0.8980
v 8.799738 3.846562 7.700000 1.0000 0.9647 0.8980
v 8.600000 3.846562 7.500262 1.0000 0.9647 0.8980
v 8.791285 3.794653 7.508715 1.0000 0.9647 0.8980
v 8.946562 3.500000 7.500262 1.0000 0.9647 0.8980
v 8.946562 3.699738 7.700000 1.0000 0.9647 0.8980
v 8.894653 3.691285 7.508715 1.0000 0.9647 0.8980
v 8.600000 3.699738 7.353438 1.0000 0.9647 0.8980
v 8.799738 3.500000 7.353438 1.0000 0.9647 0.8980
v 8.791285 3.691285 7.405347 1.0000 0.9647 0.8980
v 1.000000 3.700000 11.700000 0.1804 0.2078 0.3137
v 1.000000 3.800000 11.800000 0.1804 0.2078 0.3137
v 0.900000 3.800000 11.700000 0.1804 0.2078 0.3137
v 1.000000 4.000000 11.800000 0.1804 0.2078 0.3137
v 1.000000 4.100000 11.700000 0.1804 0.2078 0.3137
v 0.900000 4.000000 11.700000 0.1804 0.2078 0.3137
v 1.000000 3.700000 7.300000 0.1804 0.2078 0.3137
v 0.900000 3.800000 7.300000 0.1804 0.2078 0.3137
v 1.000000 3.800000 7.200000 0.1804 0.2078 0.3137
v 1.000000 4.100000 7.300000 0.1804 0.2078 0.3137
v 1.000000 4.000000 7.200000 0.1804 0.2078 0.3137
v 0.900000 4.000000 7.300000 0.1804 0.2078 0.3137
v 9.000000 3.700000 11.700000 0.1804 0.2078 0.3137
v 9.100000 3.800000 11.700000 0.1804 0.2078 0.3137
v 9.000000 3.800000 11.800000 0.1804 0.2078 0.3137
v 9.000000 4.100000 11.700000 0.1804 0.2078 0.3137
v 9.000000 4.000000 11.800000 0.1804 0.2078 0.3137
v 9.100000 4.000000 11.700000 0.1804 0.2078 0.3137
v 9.000000 3.700000 7.300000 0.1804 0.2078 0.3137
v 9.000000 3.800000 7.200000 0.1804 0.2078 0.3137
v 9.100000 3.800000 7.300000 0.1804 0.2078 0.3137
v 9.000000 4.100000 7.300000 0.1804 0.2078 0.3137
v 9.100000 4.000000 7.300000 0.1804 0.2078 0.3137
v 9.000000 4.000000 7.200000 0.1804 0.2078 0.3137
v 3.680000 2.070000 11.839999 0.1804 0.2078 0.3137
v 3.680000 2.130000 11.900000 0.1804 0.2078 0.3137
v 3.620000 2.130000 11.839999 0.1804 0.2078 0.3137
v 3.680000 3.270000 11.900000 0.1804 0.2078 0.3137
v 3.680000 3.330000 11.839999 0.1804 0.2078 0.3137
v 3.620000 3.270000 11.839999 0.1804 0.2078 0.3137
v 3.680000 2.070000 11.760000 0.1804 0.2078 0.3137
v 3.620000 2.130000 11.760000 0.1804 0.2078 0.3137
v 3.680000 2.130000 11.700000 0.1804 0.2078 0.3137
v 3.680000 3.330000 11.760000 0.1804 0.2078 0.3137
v 3.680000 3.270000 11.700000 0.1804 0.2078 0.3137
v 3.620000 3.270000 11.760000 0.1804 0.2078 0.3137
v 7.920001 2.070000 11.839999 0.1804 0.2078 0.3137
v 7.980000 2.130000 11.839999 0.1804 0.2078 0.3137
v 7.920001 2.130000 11.900000 0.1804 0.2078 0.3137
v 7.920001 3.330000 11.839999 0.1804 0.2078 0.3137
v 7.920001 3.270000 11.900000 0.1804 0.2078 0.3137
v 7.980000 3.270000 11.839999 0.1804 0.2078 0.3137
v 7.920001 2.070000 11.760000 0.1804 0.2078 0.3137
v 7.920001 2.130000 11.700000 0.1804 0.2078 0.3137
v 7.980000 2.130000 11.760000 0.1804 0.2078 0.3137
v 7.920001 3.330000 11.760000 0.1804 0.2078 0.3137
v 7.980000 3.270000 11.760000 0.1804 0.2078 0.3137
v 7.920001 3.270000 11.700000 0.1804 0.2078 0.3137
v 3.800000 2.250000 11.950000 0.5255 0.8157 0.9019
v 3.800000 3.150000 11.950000 0.5255 0.8157 0.9019
v 3.800000 2.250000 11.889999 0.5255 0.8157 0.9019
v 3.800000 3.150000 11.889999 0.5255 0.8157 0.9019
v 7.800000 2.250000 11.950000 0.5255 0.8157 0.9019
v 7.800000 3.150000 11.950000 0.5255 0.8157 0.9019
v 7.800000 2.250000 11.889999 0.5255 0.8157 0.9019
v 7.800000 3.150000 11.889999 0.5255 0.8157 0.9019
v 4.740000 2.250000 12.010000 0.1804 0.2078 0.3137
v 4.740000 3.150000 12.010000 0.1804 0.2078 0.3137
v 4.740000 2.250000 11.930000 0.1804 0.2078 0.3137
v 4.740000 3.150000 11.930000 0.1804 0.2078 0.3137
v 4.860000 2.250000 12.010000 0.1804 0.2078 0.3137
v 4.860000 3.150000 12.010000 0.1804 0.2078 0.3137
v 4.860000 2.250000 11.930000 0.1804 0.2078 0.3137
v 4.860000 3.150000 11.930000 0.1804 0.2078 0.3137
v 5.740000 2.250000 12.010000 0.1804 0.2078 0.3137
v 5.740000 3.150000 12.010000 0.1804 0.2078 0.3137
v 5.740000 2.250000 11.930000 0.1804 0.2078 0.3137
v 5.740000 3.150000 11.930000 0.1804 0.2078 0.3137
v 5.860000 2.250000 12.010000 0.1804 0.2078 0.3137
v 5.860000 3.150000 12.010000 0.1804 0.2078 0.3137
v 5.860000 2.250000 11.930000 0.1804 0.2078 0.3137
v 5.860000 3.150000 11.930000 0.1804 0.2078 0.3137
v 6.740000 2.250000 12.010000 0.1804 0.2078 0.3137
v 6.740000 3.150000 12.010000 0.1804 0.2078 0.3137
v 6.740000 2.250000 11.930000 0.1804 0.2078 0.3137
v 6.740000 3.150000 11.930000 0.1804 0.2078 0.3137
v 6.860000 2.250000 12.010000 0.1804 0.2078 0.3137
v 6.860000 3.150000 12.010000 0.1804 0.2078 0.3137
v 6.860000 2.250000 11.930000 0.1804 0.2078 0.3137
v 6.860000 3.150000 11.930000 0.1804 0.2078 0.3137
v 1.600000 0.500000 11.849999 0.1804 0.2078 0.3137
v 1.600000 0.550000 11.900000 0.1804 0.2078 0.3137
v 1.550000 0.550000 11.849999 0.1804 0.2078 0.3137
v 1.600000 3.050000 11.900000 0.1804 0.2078 0.3137
v 1.600000 3.100000 11.849999 0.1804 0.2078 0.3137
v 1.550000 3.050000 11.849999 0.1804 0.2078 0.3137
v 1.600000 0.500000 11.750000 0.1804 0.2078 0.3137
v 1.550000 0.550000 11.750000 0.1804 0.2078 0.3137
v 1.600000 0.550000 11.700000 0.1804 0.2078 0.3137
v 1.600000 3.100000 11.750000 0.1804 0.2078 0.3137
v 1.600000 3.050000 11.700000 0.1804 0.2078 0.3137
v 1.550000 3.050000 11.750000 0.1804 0.2078 0.3137
v 3.200000 0.500000 11.849999 0.1804 0.2078 0.3137
v 3.250000 0.550000 11.849999 0.1804 0.2078 0.3137
v 3.200000 0.550000 11.900000 0.1804 0.2078 0.3137
v 3.200000 3.100000 11.849999 0.1804 0.2078 0.3137
v 3.200000 3.050000 11.900000 0.1804 0.2078 0.3137
v 3.250000 3.050000 11.849999 0.1804 0.2078 0.3137
v 3.200000 0.500000 11.750000 0.1804 0.2078 0.3137
v 3.200000 0.550000 11.700000 0.1804 0.2078 0.3137
v 3.250000 0.550000 11.750000 0.1804 0.2078 0.3137
v 3.200000 3.100000 11.750000 0.1804 0.2078 0.3137
v 3.250000 3.050000 11.750000 0.1804 0.2078 0.3137
v 3.200000 3.050000 11.700000 0.1804 0.2078 0.3137
v 1.780000 0.500000 11.950000 0.8470 0.2275 0.1804
v 1.780000 0.530000 11.980000 0.8470 0.2275 0.1804
v 1.750000 0.530000 11.950000 0.8470 0.2275 0.1804
v 1.780000 2.870000 11.980000 0.8470 0.2275 0.1804
v 1.780000 2.900000 11.950000 0.8470 0.2275 0.1804
v 1.750000 2.870000 11.950000 0.8470 0.2275 0.1804
v 1.780000 0.500000 11.929999 0.8470 0.2275 0.1804
v 1.750000 0.530000 11.929999 0.8470 0.2275 0.1804
v 1.780000 0.530000 11.900000 0.8470 0.2275 0.1804
v 1.780000 2.900000 11.929999 0.8470 0.2275 0.1804
v 1.780000 2.870000 11.900000 0.8470 0.2275 0.1804
v 1.750000 2.870000 11.929999 0.8470 0.2275 0.1804
v 3.020000 0.500000 11.950000 0.8470 0.2275 0.1804
v 3.050000 0.530000 11.950000 0.8470 0.2275 0.1804
v 3.020000 0.530000 11.980000 0.8470 0.2275 0.1804
v 3.020000 2.900000 11.950000 0.8470 0.2275 0.1804
v 3.020000 2.870000 11.980000 0.8470 0.2275 0.1804
v 3.050000 2.870000 11.950000 0.8470 0.2275 0.1804
v 3.020000 0.500000 11.929999 0.8470 0.2275 0.1804
v 3.020000 0.530000 11.900000 0.8470 0.2275 0.1804
v 3.050000 0.530000 11.929999 0.8470 0.2275 0.1804
v 3.020000 2.900000 11.929999 0.8470 0.2275 0.1804
v 3.050000 2.870000 11.929999 0.8470 0.2275 0.1804
v 3.020000 2.870000 11.900000 0.8470 0.2275 0.1804
v 2.010000 1.580000 12.010000 0.5255 0.8157 0.9019
v 2.010000 2.588000 12.010000 0.5255 0.8157 0.9019
v 2.010000 1.580000 11.969999 0.5255 0.8157 0.9019
v 2.010000 2.588000 11.969999 0.5255 0.8157 0.9019
v 2.790000 1.580000 12.010000 0.5255 0.8157 0.9019
v 2.790000 2.588000 12.010000 0.5255 0.8157 0.9019
v 2.790000 1.580000 11.969999 0.5255 0.8157 0.9019
v 2.790000 2.588000 11.969999 0.5255 0.8157 0.9019
v 1.945000 1.112000 12.010000 0.1804 0.2078 0.3137
v 1.945000 1.232000 12.010000 0.1804 0.2078 0.3137
v 1.945000 1.112000 11.969999 0.1804 0.2078 0.3137
v 1.945000 1.232000 11.969999 0.1804 0.2078 0.3137
v 2.855000 1.112000 12.010000 0.1804 0.2078 0.3137
v 2.855000 1.232000 12.010000 0.1804 0.2078 0.3137
v 2.855000 1.112000 11.969999 0.1804 0.2078 0.3137
v 2.855000 1.232000 11.969999 0.1804 0.2078 0.3137
v 2.868000 1.722000 11.910000 0.7216 0.7608 0.8000
v 2.868000 1.722000 12.210000 0.7216 0.7608 0.8000
v 2.917498 1.701497 11.910000 0.7216 0.7608 0.8000
v 2.917498 1.701497 12.210000 0.7216 0.7608 0.8000
v 2.938000 1.652000 11.910000 0.7216 0.7608 0.8000
v 2.938000 1.652000 12.210000 0.7216 0.7608 0.8000
v 2.917498 1.602502 11.910000 0.7216 0.7608 0.8000
v 2.917498 1.602502 12.210000 0.7216 0.7608 0.8000
v 2.868000 1.582000 11.910000 0.7216 0.7608 0.8000
v 2.868000 1.582000 12.210000 0.7216 0.7608 0.8000
v 2.818503 1.602502 11.910000 0.7216 0.7608 0.8000
v 2.818503 1.602502 12.210000 0.7216 0.7608 0.8000
v 2.798000 1.652000 11.910000 0.7216 0.7608 0.8000
v 2.798000 1.652000 12.210000 0.7216 0.7608 0.8000
v 2.818503 1.701497 11.910000 0.7216 0.7608 0.8000
v 2.818503 1.701497 12.210000 0.7216 0.7608 0.8000
v 1.850000 4.100000 9.049999 0.1804 0.2078 0.3137
v 1.850000 5.500000 9.049999 0.1804 0.2078 0.3137
v 1.850000 4.100000 8.750000 0.1804 0.2078 0.3137
v 1.850000 5.500000 8.750000 0.1804 0.2078 0.3137
v 2.150000 4.100000 9.049999 0.1804 0.2078 0.3137
v 2.150000 5.500000 9.049999 0.1804 0.2078 0.3137
v 2.150000 4.100000 8.750000 0.1804 0.2078 0.3137
v 2.150000 5.500000 8.750000 0.1804 0.2078 0.3137
v 7.850000 4.100000 9.049999 0.1804 0.2078 0.3137
v 7.850000 5.500000 9.049999 0.1804 0.2078 0.3137
v 7.850000 4.100000 8.750000 0.1804 0.2078 0.3137
v 7.850000 5.500000 8.750000 0.1804 0.2078 0.3137
v 8.150000 4.100000 9.049999 0.1804 0.2078 0.3137
v 8.150000 5.500000 9.049999 0.1804 0.2078 0.3137
v 8.150000 4.100000 8.750000 0.1804 0.2078 0.3137
v 8.150000 5.500000 8.750000 0.1804 0.2078 0.3137
v 0.570000 5.300000 9.080000 0.8470 0.2275 0.1804
v 0.570000 5.420000 9.200000 0.8470 0.2275 0.1804
v 0.450000 5.420000 9.080000 0.8470 0.2275 0.1804
v 0.570000 5.335147 9.164853 0.8470 0.2275 0.1804
v 0.500718 5.350718 9.149282 0.8470 0.2275 0.1804
v 0.485147 5.420000 9.164853 0.8470 0.2275 0.1804
v 0.485147 5.335147 9.080000 0.8470 0.2275 0.1804
v 0.570000 7.580000 9.200000 0.8470 0.2275 0.1804
v 0.570000 7.700000 9.080000 0.8470 0.2275 0.1804
v 0.450000 7.580000 9.080000 0.8470 0.2275 0.1804
v 0.570000 7.664853 9.164853 0.8470 0.2275 0.1804
v 0.500718 7.649282 9.149282 0.8470 0.2275 0.1804
v 0.485147 7.664853 9.080000 0.8470 0.2275 0.1804
v 0.485147 7.580000 9.164853 0.8470 0.2275 0.1804
v 0.570000 5.300000 9.020000 0.8470 0.2275 0.1804
v 0.450000 5.420000 9.020000 0.8470 0.2275 0.1804
v 0.570000 5.420000 8.900000 0.8470 0.2275 0.1804
v 0.485147 5.335147 9.020000 0.8470 0.2275 0.1804
v 0.500718 5.350718 8.950718 0.8470 0.2275 0.1804
v 0.485147 5.420000 8.935146 0.8470 0.2275 0.1804
v 0.570000 5.335147 8.935146 0.8470 0.2275 0.1804
v 0.570000 7.700000 9.020000 0.8470 0.2275 0.1804
v 0.570000 7.580000 8.900000 0.8470 0.2275 0.1804
v 0.450000 7.580000 9.020000 0.8470 0.2275 0.1804
v 0.570000 7.664853 8.935146 0.8470 0.2275 0.1804
v 0.500718 7.649282 8.950718 0.8470 0.2275 0.1804
v 0.485147 7.580000 8.935146 0.8470 0.2275 0.1804
v 0.485147 7.664853 9.020000 0.8470 0.2275 0.1804
v 9.430000 5.300000 9.080000 0.8470 0.2275 0.1804
v 9.550000 5.420000 9.080000 0.8470 0.2275 0.1804
v 9.430000 5.420000 9.200000 0.8470 0.2275 0.1804
v 9.514853 5.335147 9.080000 0.8470 0.2275 0.1804
v 9.499282 5.350718 9.149282 0.8470 0.2275 0.1804
v 9.514853 5.420000 9.164853 0.8470 0.2275 0.1804
v 9.430000 5.335147 9.164853 0.8470 0.2275 0.1804
v 9.430000 7.700000 9.080000 0.8470 0.2275 0.1804
v 9.430000 7.580000 9.200000 0.8470 0.2275 0.1804
v 9.550000 7.580000 9.080000 0.8470 0.2275 0.1804
v 9.430000 7.664853 9.164853 0.8470 0.2275 0.1804
v 9.499282 7.649282 9.149282 0.8470 0.2275 0.1804
v 9.514853 7.580000 9.164853 0.8470 0.2275 0.1804
v 9.514853 7.664853 9.080000 0.8470 0.2275 0.1804
v 9.430000 5.300000 9.020000 0.8470 0.2275 0.1804
v 9.430000 5.420000 8.900000 0.8470 0.2275 0.1804
v 9.550000 5.420000 9.020000 0.8470 0.2275 0.1804
v 9.430000 5.335147 8.935146 0.8470 0.2275 0.1804
v 9.499282 5.350718 8.950718 0.8470 0.2275 0.1804
v 9.514853 5.420000 8.935146 0.8470 0.2275 0.1804
v 9.514853 5.335147 9.020000 0.8470 0.2275 0.1804
v 9.430000 7.700000 9.020000 0.8470 0.2275 0.1804
v 9.550000 7.580000 9.020000 0.8470 0.2275 0.1804
v 9.430000 7.580000 8.900000 0.8470 0.2275 0.1804
v 9.514853 7.664853 9.020000 0.8470 0.2275 0.1804
v 9.499282 7.649282 8.950718 0.8470 0.2275 0.1804
v 9.514853 7.580000 8.935146 0.8470 0.2275 0.1804
v 9.430000 7.664853 8.935146 0.8470 0.2275 0.1804
v 0.750000 5.600000 9.259999 1.0000 0.9647 0.8980
v 0.750000 7.400000 9.259999 1.0000 0.9647 0.8980
v 0.750000 5.600000 9.200000 1.0000 0.9647 0.8980
v 0.750000 7.400000 9.200000 1.0000 0.9647 0.8980
v 9.250000 5.600000 9.259999 1.0000 0.9647 0.8980
v 9.250000 7.400000 9.259999 1.0000 0.9647 0.8980
v 9.250000 5.600000 9.200000 1.0000 0.9647 0.8980
v 9.250000 7.400000 9.200000 1.0000 0.9647 0.8980
v 0.750000 7.810000 9.230000 0.9490 0.7608 0.1882
v 0.750000 7.777782 9.152218 0.9490 0.7608 0.1882
v 0.750000 7.700000 9.120000 0.9490 0.7608 0.1882
v 0.750000 7.622218 9.152218 0.9490 0.7608 0.1882
v 0.750000 7.590000 9.230000 0.9490 0.7608 0.1882
v 0.805000 7.777782 9.174999 0.9490 0.7608 0.1882
v 0.827782 7.700000 9.152218 0.9490 0.7608 0.1882
v 0.805000 7.622218 9.174999 0.9490 0.7608 0.1882
v 0.827782 7.777782 9.230000 0.9490 0.7608 0.1882
v 0.860000 7.700000 9.230000 0.9490 0.7608 0.1882
v 0.827782 7.622218 9.230000 0.9490 0.7608 0.1882
v 0.805000 7.777782 9.285000 0.9490 0.7608 0.1882
v 0.827782 7.700000 9.307781 0.9490 0.7608 0.1882
v 0.805000 7.622218 9.285000 0.9490 0.7608 0.1882
v 0.750000 7.777782 9.307781 0.9490 0.7608 0.1882
v 0.750000 7.700000 9.339999 0.9490 0.7608 0.1882
v 0.750000 7.622218 9.307781 0.9490 0.7608 0.1882
v 0.695000 7.777782 9.285000 0.9490 0.7608 0.1882
v 0.672218 7.700000 9.307781 0.9490 0.7608 0.1882
v 0.695000 7.622218 9.285000 0.9490 0.7608 0.1882
v 0.672218 7.777782 9.230000 0.9490 0.7608 0.1882
v 0.640000 7.700000 9.230000 0.9490 0.7608 0.1882
v 0.672218 7.622218 9.230000 0.9490 0.7608 0.1882
v 0.695000 7.777782 9.174999 0.9490 0.7608 0.1882
v 0.672218 7.700000 9.152218 0.9490 0.7608 0.1882
v 0.695000 7.622218 9.174999 0.9490 0.7608 0.1882
v 0.750000 5.410000 9.230000 0.9490 0.7608 0.1882
v 0.750000 5.377782 9.152218 0.9490 0.7608 0.1882
v 0.750000 5.300000 9.120000 0.9490 0.7608 0.1882
v 0.750000 5.222218 9.152218 0.9490 0.7608 0.1882
v 0.750000 5.190000 9.230000 0.9490 0.7608 0.1882
v 0.805000 5.377782 9.174999 0.9490 0.7608 0.1882
v 0.827782 5.300000 9.152218 0.9490 0.7608 0.1882
v 0.805000 5.222218 9.174999 0.9490 0.7608 0.1882
v 0.827782 5.377782 9.230000 0.9490 0.7608 0.1882
v 0.860000 5.300000 9.230000 0.9490 0.7608 0.1882
v 0.827782 5.222218 9.230000 0.9490 0.7608 0.1882
v 0.805000 5.377782 9.285000 0.9490 0.7608 0.1882
v 0.827782 5.300000 9.307781 0.9490 0.7608 0.1882
v 0.805000 5.222218 9.285000 0.9490 0.7608 0.1882
v 0.750000 5.377782 9.307781 0.9490 0.7608 0.1882
v 0.750000 5.300000 9.339999 0.9490 0.7608 0.1882
v 0.750000 5.222218 9.307781 0.9490 0.7608 0.1882
v 0.695000 5.377782 9.285000 0.9490 0.7608 0.1882
v 0.672218 5.300000 9.307781 0.9490 0.7608 0.1882
v 0.695000 5.222218 9.285000 0.9490 0.7608 0.1882
v 0.672218 5.377782 9.230000 0.9490 0.7608 0.1882
v 0.640000 5.300000 9.230000 0.9490 0.7608 0.1882
v 0.672218 5.222218 9.230000 0.9490 0.7608 0.1882
v 0.695000 5.377782 9.174999 0.9490 0.7608 0.1882
v 0.672218 5.300000 9.152218 0.9490 0.7608 0.1882
v 0.695000 5.222218 9.174999 0.9490 0.7608 0.1882
v 2.166667 7.810000 9.230000 0.9490 0.7608 0.1882
v 2.166667 7.777782 9.152218 0.9490 0.7608 0.1882
v 2.166667 7.700000 9.120000 0.9490 0.7608 0.1882
v 2.166667 7.622218 9.152218 0.9490 0.7608 0.1882
v 2.166667 7.590000 9.230000 0.9490 0.7608 0.1882
v 2.221667 7.777782 9.174999 0.9490 0.7608 0.1882
v 2.244448 7.700000 9.152218 0.9490 0.7608 0.1882
v 2.221667 7.622218 9.174999 0.9490 0.7608 0.1882
v 2.244448 7.777782 9.230000 0.9490 0.7608 0.1882
v 2.276667 7.700000 9.230000 0.9490 0.7608 0.1882
v 2.244448 7.622218 9.230000 0.9490 0.7608 0.1882
v 2.221667 7.777782 9.285000 0.9490 0.7608 0.1882
v 2.244448 7.700000 9.307781 0.9490 0.7608 0.1882
v 2.221667 7.622218 9.285000 0.9490 0.7608 0.1882
v 2.166667 7.777782 9.307781 0.9490 0.7608 0.1882
v 2.166667 7.700000 9.339999 0.9490 0.7608 0.1882
v 2.166667 7.622218 9.307781 0.9490 0.7608 0.1882
v 2.111667 7.777782 9.285000 0.9490 0.7608 0.1882
v 2.088885 7.700000 9.307781 0.9490 0.7608 0.1882
v 2.111667 7.622218 9.285000 0.9490 0.7608 0.1882
v 2.088885 7.777782 9.230000 0.9490 0.7608 0.1882
v 2.056667 7.700000 9.230000 0.9490 0.7608 0.1882
v 2.088885 7.622218 9.230000 0.9490 0.7608 0.1882
v 2.111667 7.777782 9.174999 0.9490 0.7608 0.1882
v 2.088885 7.700000 9.152218 0.9490 0.7608 0.1882
v 2.111667 7.622218 9.174999 0.9490 0.7608 0.1882
v 2.166667 5.410000 9.230000 0.9490 0.7608 0.1882
v 2.166667 5.377782 9.152218 0.9490 0.7608 0.1882
v 2.166667 5.300000 9.120000 0.9490 0.7608 0.1882
v 2.166667 5.222218 9.152218 0.9490 0.7608 0.1882
v 2.166667 5.190000 9.230000 0.9490 0.7608 0.1882
v 2.221667 5.377782 9.174999 0.9490 0.7608 0.1882
v 2.244448 5.300000 9.152218 0.9490 0.7608 0.1882
v 2.221667 5.222218 9.174999 0.9490 0.7608 0.1882
v 2.244448 5.377782 9.230000 0.9490 0.7608 0.1882
v 2.276667 5.300000 9.230000 0.9490 0.7608 0.1882
v 2.244448 5.222218 9.230000 0.9490 0.7608 0.1882
v 2.221667 5.377782 9.285000 0.9490 0.7608 0.1882
v 2.244448 5.300000 9.307781 0.9490 0.7608 0.1882
v 2.221667 5.222218 9.285000 0.9490 0.7608 0.1882
v 2.166667 5.377782 9.307781 0.9490 0.7608 0.1882
v 2.166667 5.300000 9.339999 0.9490 0.7608 0.1882
v 2.166667 5.222218 9.307781 0.9490 0.7608 0.1882
v 2.111667 5.377782 9.285000 0.9490 0.7608 0.1882
v 2.088885 5.300000 9.307781 0.9490 0.7608 0.1882
v 2.111667 5.222218 9.285000 0.9490 0.7608 0.1882
v 2.088885 5.377782 9.230000 0.9490 0.7608 0.1882
v 2.056667 5.300000 9.230000 0.9490 0.7608 0.1882
v 2.088885 5.222218 9.230000 0.9490 0.7608 0.1882
v 2.111667 5.377782 9.174999 0.9490 0.7608 0.1882
v 2.088885 5.300000 9.152218 0.9490 0.7608 0.1882
v 2.111667 5.222218 9.174999 0.9490 0.7608 0.1882
v 3.583333 7.810000 9.230000 0.9490 0.7608 0.1882
v 3.583333 7.777782 9.152218 0.9490 0.7608 0.1882
v 3.583333 7.700000 9.120000 0.9490 0.7608 0.1882
v 3.583333 7.622218 9.152218 0.9490 0.7608 0.1882
v 3.583333 7.590000 9.230000 0.9490 0.7608 0.1882
v 3.638333 7.777782 9.174999 0.9490 0.7608 0.1882
v 3.661115 7.700000 9.152218 0.9490 0.7608 0.1882
v 3.638333 7.622218 9.174999 0.9490 0.7608 0.1882
v 3.661115 7.777782 9.230000 0.9490 0.7608 0.1882
v 3.693333 7.700000 9.230000 0.9490 0.7608 0.1882
v 3.661115 7.622218 9.230000 0.9490 0.7608 0.1882
v 3.638333 7.777782 9.285000 0.9490 0.7608 0.1882
v 3.661115 7.700000 9.307781 0.9490 0.7608 0.1882
v 3.638333 7.622218 9.285000 0.9490 0.7608 0.1882
v 3.583333 7.777782 9.307781 0.9490 0.7608 0.1882
v 3.583333 7.700000 9.339999 0.9490 0.7608 0.1882
v 3.583333 7.622218 9.307781 0.9490 0.7608 0.1882
v 3.528333 7.777782 9.285000 0.9490 0.7608 0.1882
v 3.505552 7.700000 9.307781 0.9490 0.7608 0.1882
v 3.528333 7.622218 9.285000 0.9490 0.7608 0.1882
v 3.505552 7.777782 9.230000 0.9490 0.7608 0.1882
v 3.473333 7.700000 9.230000 0.9490 0.7608 0.1882
v 3.505552 7.622218 9.230000 0.9490 0.7608 0.1882
v 3.528333 7.777782 9.174999 0.9490 0.7608 0.1882
v 3.505552 7.700000 9.152218 0.9490 0.7608 0.1882
v 3.528333 7.622218 9.174999 0.9490 0.7608 0.1882
v 3.583333 5.410000 9.230000 0.9490 0.7608 0.1882
v 3.583333 5.377782 9.152218 0.9490 0.7608 0.1882
v 3.583333 5.300000 9.120000 0.9490 0.7608 0.1882
v 3.583333 5.222218 9.152218 0.9490 0.7608 0.1882
v 3.583333 5.190000 9.230000 0.9490 0.7608 0.1882
v 3.638333 5.377782 9.174999 0.9490 0.7608 0.1882
v 3.661115 5.300000 9.152218 0.9490 0.7608 0.1882
v 3.638333 5.222218 9.174999 0.9490 0.7608 0.1882
v 3.661115 5.377782 9.230000 0.9490 0.7608 0.1882
v 3.693333 5.300000 9.230000 0.9490 0.7608 0.1882
v 3.661115 5.222218 9.230000 0.9490 0.7608 0.1882
v 3.638333 5.377782 9.285000 0.9490 0.7608 0.1882
v 3.661115 5.300000 9.307781 0.9490 0.7608 0.1882
v 3.638333 5.222218 9.285000 0.9490 0.7608 0.1882
v 3.583333 5.377782 9.307781 0.9490 0.7608 0.1882
v 3.583333 5.300000 9.339999 0.9490 0.7608 0.1882
v 3.583333 5.222218 9.307781 0.9490 0.7608 0.1882
v 3.528333 5.377782 9.285000 0.9490 0.7608 0.1882
v 3.505552 5.300000 9.307781 0.9490 0.7608 0.1882
v 3.528333 5.222218 9.285000 0.9490 0.7608 0.1882
v 3.505552 5.377782 9.230000 0.9490 0.7608 0.1882
v 3.473333 5.300000 9.230000 0.9490 0.7608 0.1882
v 3.505552 5.222218 9.230000 0.9490 0.7608 0.1882
v 3.528333 5.377782 9.174999 0.9490 0.7608 0.1882
v 3.505552 5.300000 9.152218 0.9490 0.7608 0.1882
v 3.528333 5.222218 9.174999 0.9490 0.7608 0.1882
v 5.000000 7.810000 9.230000 0.9490 0.7608 0.1882
v 5.000000 7.777782 9.152218 0.9490 0.7608 0.1882
v 5.000000 7.700000 9.120000 0.9490 0.7608 0.1882
v 5.000000 7.622218 9.152218 0.9490 0.7608 0.1882
v 5.000000 7.590000 9.230000 0.9490 0.7608 0.1882
v 5.055000 7.777782 9.174999 0.9490 0.7608 0.1882
v 5.077782 7.700000 9.152218 0.9490 0.7608 0.1882
v 5.055000 7.622218 9.174999 0.9490 0.7608 0.1882
v 5.077782 7.777782 9.230000 0.9490 0.7608 0.1882
v 5.110000 7.700000 9.230000 0.9490 0.7608 0.1882
v 5.077782 7.622218 9.230000 0.9490 0.7608 0.1882
v 5.055000 7.777782 9.285000 0.9490 0.7608 0.1882
v 5.077782 7.700000 9.307781 0.9490 0.7608 0.1882
v 5.055000 7.622218 9.285000 0.9490 0.7608 0.1882
v 5.000000 7.777782 9.307781 0.9490 0.7608 0.1882
v 5.000000 7.700000 9.339999 0.9490 0.7608 0.1882
v 5.000000 7.622218 9.307781 0.9490 0.7608 0.1882
v 4.945000 7.777782 9.285000 0.9490 0.7608 0.1882
v 4.922218 7.700000 9.307781 0.9490 0.7608 0.1882
v 4.945000 7.622218 9.285000 0.9490 0.7608 0.1882
v 4.922218 7.777782 9.230000 0.9490 0.7608 0.1882
v 4.890000 7.700000 9.230000 0.9490 0.7608 0.1882
v 4.922218 7.622218 9.230000 0.9490 0.7608 0.1882
v 4.945000 7.777782 9.174999 0.9490 0.7608 0.1882
v 4.922218 7.700000 9.152218 0.9490 0.7608 0.1882
v 4.945000 7.622218 9.174999 0.9490 0.7608 0.1882
v 5.000000 5.410000 9.230000 0.9490 0.7608 0.1882
v 5.000000 5.377782 9.152218 0.9490 0.7608 0.1882
v 5.000000 5.300000 9.120000 0.9490 0.7608 0.1882
v 5.000000 5.222218 9.152218 0.9490 0.7608 0.1882
v 5.000000 5.190000 9.230000 0.9490 0.7608 0.1882
v 5.055000 5.377782 9.174999 0.9490 0.7608 0.1882
v 5.077782 5.300000 9.152218 0.9490 0.7608 0.1882
v 5.055000 5.222218 9.174999 0.9490 0.7608 0.1882
v 5.077782 5.377782 9.230000 0.9490 0.7608 0.1882
v 5.110000 5.300000 9.230000 0.9490 0.7608 0.1882
v 5.077782 5.222218 9.230000 0.9490 0.7608 0.1882
v 5.055000 5.377782 9.285000 0.9490 0.7608 0.1882
v 5.077782 5.300000 9.307781 0.9490 0.7608 0.1882
v 5.055000 5.222218 9.285000 0.9490 0.7608 0.1882
v 5.000000 5.377782 9.307781 0.9490 0.7608 0.1882
v 5.000000 5.300000 9.339999 0.9490 0.7608 0.1882
v 5.000000 5.222218 9.307781 0.9490 0.7608 0.1882
v 4.945000 5.377782 9.285000 0.9490 0.7608 0.1882
v 4.922218 5.300000 9.307781 0.9490 0.7608 0.1882
v 4.945000 5.222218 9.285000 0.9490 0.7608 0.1882
v 4.922218 5.377782 9.230000 0.9490 0.7608 0.1882
v 4.890000 5.300000 9.230000 0.9490 0.7608 0.1882
v 4.922218 5.222218 9.230000 0.9490 0.7608 0.1882
v 4.945000 5.377782 9.174999 0.9490 0.7608 0.1882
v 4.922218 5.300000 9.152218 0.9490 0.7608 0.1882
v 4.945000 5.222218 9.174999 0.9490 0.7608 0.1882
v 6.416667 7.810000 9.230000 0.9490 0.7608 0.1882
v 6.416667 7.777782 9.152218 0.9490 0.7608 0.1882
v 6.416667 7.700000 9.120000 0.9490 0.7608 0.1882
v 6.416667 7.622218 9.152218 0.9490 0.7608 0.1882
v 6.416667 7.590000 9.230000 0.9490 0.7608 0.1882
v 6.471666 7.777782 9.174999 0.9490 0.7608 0.1882
v 6.494449 7.700000 9.152218 0.9490 0.7608 0.1882
v 6.471666 7.622218 9.174999 0.9490 0.7608 0.1882
v 6.494449 7.777782 9.230000 0.9490 0.7608 0.1882
v 6.526667 7.700000 9.230000 0.9490 0.7608 0.1882
v 6.494449 7.622218 9.230000 0.9490 0.7608 0.1882
v 6.471666 7.777782 9.285000 0.9490 0.7608 0.1882
v 6.494449 7.700000 9.307781 0.9490 0.7608 0.1882
v 6.471666 7.622218 9.285000 0.9490 0.7608 0.1882
v 6.416667 7.777782 9.307781 0.9490 0.7608 0.1882
v 6.416667 7.700000 9.339999 0.9490 0.7608 0.1882
v 6.416667 7.622218 9.307781 0.9490 0.7608 0.1882
v 6.361667 7.777782 9.285000 0.9490 0.7608 0.1882
v 6.338885 7.700000 9.307781 0.9490 0.7608 0.1882
v 6.361667 7.622218 9.285000 0.9490 0.7608 0.1882
v 6.338885 7.777782 9.230000 0.9490 0.7608 0.1882
v 6.306666 7.700000 9.230000 0.9490 0.7608 0.1882
v 6.338885 7.622218 9.230000 0.9490 0.7608 0.1882
v 6.361667 7.777782 9.174999 0.9490 0.7608 0.1882
v 6.338885 7.700000 9.152218 0.9490 0.7608 0.1882
v 6.361667 7.622218 9.174999 0.9490 0.7608 0.1882
v 6.416667 5.410000 9.230000 0.9490 0.7608 0.1882
v 6.416667 5.377782 9.152218 0.9490 0.7608 0.1882
v 6.416667 5.300000 9.120000 0.9490 0.7608 0.1882
v 6.416667 5.222218 9.152218 0.9490 0.7608 0.1882
v 6.416667 5.190000 9.230000 0.9490 0.7608 0.1882
v 6.471666 5.377782 9.174999 0.9490 0.7608 0.1882
v 6.494449 5.300000 9.152218 0.9490 0.7608 0.1882
v 6.471666 5.222218 9.174999 0.9490 0.7608 0.1882
v 6.494449 5.377782 9.230000 0.9490 0.7608 0.1882
v 6.526667 5.300000 9.230000 0.9490 0.7608 0.1882
v 6.494449 5.222218 9.230000 0.9490 0.7608 0.1882
v 6.471666 5.377782 9.285000 0.9490 0.7608 0.1882
v 6.494449 5.300000 9.307781 0.9490 0.7608 0.1882
v 6.471666 5.222218 9.285000 0.9490 0.7608 0.1882
v 6.416667 5.377782 9.307781 0.9490 0.7608 0.1882
v 6.416667 5.300000 9.339999 0.9490 0.7608 0.1882
v 6.416667 5.222218 9.307781 0.9490 0.7608 0.1882
v 6.361667 5.377782 9.285000 0.9490 0.7608 0.1882
v 6.338885 5.300000 9.307781 0.9490 0.7608 0.1882
v 6.361667 5.222218 9.285000 0.9490 0.7608 0.1882
v 6.338885 5.377782 9.230000 0.9490 0.7608 0.1882
v 6.306666 5.300000 9.230000 0.9490 0.7608 0.1882
v 6.338885 5.222218 9.230000 0.9490 0.7608 0.1882
v 6.361667 5.377782 9.174999 0.9490 0.7608 0.1882
v 6.338885 5.300000 9.152218 0.9490 0.7608 0.1882
v 6.361667 5.222218 9.174999 0.9490 0.7608 0.1882
v 7.833333 7.810000 9.230000 0.9490 0.7608 0.1882
v 7.833333 7.777782 9.152218 0.9490 0.7608 0.1882
v 7.833333 7.700000 9.120000 0.9490 0.7608 0.1882
v 7.833333 7.622218 9.152218 0.9490 0.7608 0.1882
v 7.833333 7.590000 9.230000 0.9490 0.7608 0.1882
v 7.888333 7.777782 9.174999 0.9490 0.7608 0.1882
v 7.911115 7.700000 9.152218 0.9490 0.7608 0.1882
v 7.888333 7.622218 9.174999 0.9490 0.7608 0.1882
v 7.911115 7.777782 9.230000 0.9490 0.7608 0.1882
v 7.943333 7.700000 9.230000 0.9490 0.7608 0.1882
v 7.911115 7.622218 9.230000 0.9490 0.7608 0.1882
v 7.888333 7.777782 9.285000 0.9490 0.7608 0.1882
v 7.911115 7.700000 9.307781 0.9490 0.7608 0.1882
v 7.888333 7.622218 9.285000 0.9490 0.7608 0.1882
v 7.833333 7.777782 9.307781 0.9490 0.7608 0.1882
v 7.833333 7.700000 9.339999 0.9490 0.7608 0.1882
v 7.833333 7.622218 9.307781 0.9490 0.7608 0.1882
v 7.778333 7.777782 9.285000 0.9490 0.7608 0.1882
v 7.755551 7.700000 9.307781 0.9490 0.7608 0.1882
v 7.778333 7.622218 9.285000 0.9490 0.7608 0.1882
v 7.755551 7.777782 9.230000 0.9490 0.7608 0.1882
v 7.723333 7.700000 9.230000 0.9490 0.7608 0.1882
v 7.755551 7.622218 9.230000 0.9490 0.7608 0.1882
v 7.778333 7.777782 9.174999 0.9490 0.7608 0.1882
v 7.755551 7.700000 9.152218 0.9490 0.7608 0.1882
v 7.778333 7.622218 9.174999 0.9490 0.7608 0.1882
v 7.833333 5.410000 9.230000 0.9490 0.7608 0.1882
v 7.833333 5.377782 9.152218 0.9490 0.7608 0.1882
v 7.833333 5.300000 9.120000 0.9490 0.7608 0.1882
v 7.833333 5.222218 9.152218 0.9490 0.7608 0.1882
v 7.833333 5.190000 9.230000 0.9490 0.7608 0.1882
v 7.888333 5.377782 9.174999 0.9490 0.7608 0.1882
v 7.911115 5.300000 9.152218 0.9490 0.7608 0.1882
v 7.888333 5.222218 9.174999 0.9490 0.7608 0.1882
v 7.911115 5.377782 9.230000 0.9490 0.7608 0.1882
v 7.943333 5.300000 9.230000 0.9490 0.7608 0.1882
v 7.911115 5.222218 9.230000 0.9490 0.7608 0.1882
v 7.888333 5.377782 9.285000 0.9490 0.7608 0.1882
v 7.911115 5.300000 9.307781 0.9490 0.7608 0.1882
v 7.888333 5.222218 9.285000 0.9490 0.7608 0.1882
v 7.833333 5.377782 9.307781 0.9490 0.7608 0.1882
v 7.833333 5.300000 9.339999 0.9490 0.7608 0.1882
v 7.833333 5.222218 9.307781 0.9490 0.7608 0.1882
v 7.778333 5.377782 9.285000 0.9490 0.7608 0.1882
v 7.755551 5.300000 9.307781 0.9490 0.7608 0.1882
v 7.778333 5.222218 9.285000 0.9490 0.7608 0.1882
v 7.755551 5.377782 9.230000 0.9490 0.7608 0.1882
v 7.723333 5.300000 9.230000 0.9490 0.7608 0.1882
v 7.755551 5.222218 9.230000 0.9490 0.7608 0.1882
v 7.778333 5.377782 9.174999 0.9490 0.7608 0.1882
v 7.755551 5.300000 9.152218 0.9490 0.7608 0.1882
v 7.778333 5.222218 9.174999 0.9490 0.7608 0.1882
v 9.250000 7.810000 9.230000 0.9490 0.7608 0.1882
v 9.250000 7.777782 9.152218 0.9490 0.7608 0.1882
v 9.250000 7.700000 9.120000 0.9490 0.7608 0.1882
v 9.250000 7.622218 9.152218 0.9490 0.7608 0.1882
v 9.250000 7.590000 9.230000 0.9490 0.7608 0.1882
v 9.305000 7.777782 9.174999 0.9490 0.7608 0.1882
v 9.327782 7.700000 9.152218 0.9490 0.7608 0.1882
v 9.305000 7.622218 9.174999 0.9490 0.7608 0.1882
v 9.327782 7.777782 9.230000 0.9490 0.7608 0.1882
v 9.360001 7.700000 9.230000 0.9490 0.7608 0.1882
v 9.327782 7.622218 9.230000 0.9490 0.7608 0.1882
v 9.305000 7.777782 9.285000 0.9490 0.7608 0.1882
v 9.327782 7.700000 9.307781 0.9490 0.7608 0.1882
v 9.305000 7.622218 9.285000 0.9490 0.7608 0.1882
v 9.250000 7.777782 9.307781 0.9490 0.7608 0.1882
v 9.250000 7.700000 9.339999 0.9490 0.7608 0.1882
v 9.250000 7.622218 9.307781 0.9490 0.7608 0.1882
v 9.195000 7.777782 9.285000 0.9490 0.7608 0.1882
v 9.172218 7.700000 9.307781 0.9490 0.7608 0.1882
v 9.195000 7.622218 9.285000 0.9490 0.7608 0.1882
v 9.172218 7.777782 9.230000 0.9490 0.7608 0.1882
v 9.139999 7.700000 9.230000 0.9490 0.7608 0.1882
v 9.172218 7.622218 9.230000 0.9490 0.7608 0.1882
v 9.195000 7.777782 9.174999 0.9490 0.7608 0.1882
v 9.172218 7.700000 9.152218 0.9490 0.7608 0.1882
v 9.195000 7.622218 9.174999 0.9490 0.7608 0.1882
v 9.250000 5.410000 9.230000 0.9490 0.7608 0.1882
v 9.250000 5.377782 9.152218 0.9490 0.7608 0.1882
v 9.250000 5.300000 9.120000 0.9490 0.7608 0.1882
v 9.250000 5.222218 9.152218 0.9490 0.7608 0.1882
v 9.250000 5.190000 9.230000 0.9490 0.7608 0.1882
v 9.305000 5.377782 9.174999 0.9490 0.7608 0.1882
v 9.327782 5.300000 9.152218 0.9490 0.7608 0.1882
v 9.305000 5.222218 9.174999 0.9490 0.7608 0.1882
v 9.327782 5.377782 9.230000 0.9490 0.7608 0.1882
v 9.360001 5.300000 9.230000 0.9490 0.7608 0.1882
v 9.327782 5.222218 9.230000 0.9490 0.7608 0.1882
v 9.305000 5.377782 9.285000 0.9490 0.7608 0.1882
v 9.327782 5.300000 9.307781 0.9490 0.7608 0.1882
v 9.305000 5.222218 9.285000 0.9490 0.7608 0.1882
v 9.250000 5.377782 9.307781 0.9490 0.7608 0.1882
v 9.250000 5.300000 9.339999 0.9490 0.7608 0.1882
v 9.250000 5.222218 9.307781 0.9490 0.7608 0.1882
v 9.195000 5.377782 9.285000 0.9490 0.7608 0.1882
v 9.172218 5.300000 9.307781 0.9490 0.7608 0.1882
v 9.195000 5.222218 9.285000 0.9490 0.7608 0.1882
v 9.172218 5.377782 9.230000 0.9490 0.7608 0.1882
v 9.139999 5.300000 9.230000 0.9490 0.7608 0.1882
v 9.172218 5.222218 9.230000 0.9490 0.7608 0.1882
v 9.195000 5.377782 9.174999 0.9490 0.7608 0.1882
v 9.172218 5.300000 9.152218 0.9490 0.7608 0.1882
v 9.195000 5.222218 9.174999 0.9490 0.7608 0.1882
v 7.100000 4.100000 9.200000 0.7216 0.7608 0.8000
v 7.100000 4.200000 9.300000 0.7216 0.7608 0.8000
v 7.000000 4.200000 9.200000 0.7216 0.7608 0.8000
v 7.100000 5.000000 9.300000 0.7216 0.7608 0.8000
v 7.100000 5.100000 9.200000 0.7216 0.7608 0.8000
v 7.000000 5.000000 9.200000 0.7216 0.7608 0.8000
v 7.100000 4.100000 7.800000 0.7216 0.7608 0.8000
v 7.000000 4.200000 7.800000 0.7216 0.7608 0.8000
v 7.100000 4.200000 7.700000 0.7216 0.7608 0.8000
v 7.100000 5.100000 7.800000 0.7216 0.7608 0.8000
v 7.100000 5.000000 7.700000 0.7216 0.7608 0.8000
v 7.000000 5.000000 7.800000 0.7216 0.7608 0.8000
v 8.500000 4.100000 9.200000 0.7216 0.7608 0.8000
v 8.600000 4.200000 9.200000 0.7216 0.7608 0.8000
v 8.500000 4.200000 9.300000 0.7216 0.7608 0.8000
v 8.500000 5.100000 9.200000 0.7216 0.7608 0.8000
v 8.500000 5.000000 9.300000 0.7216 0.7608 0.8000
v 8.600000 5.000000 9.200000 0.7216 0.7608 0.8000
v 8.500000 4.100000 7.800000 0.7216 0.7608 0.8000
v 8.500000 4.200000 7.700000 0.7216 0.7608 0.8000
v 8.600000 4.200000 7.800000 0.7216 0.7608 0.8000
v 8.500000 5.100000 7.800000 0.7216 0.7608 0.8000
v 8.600000 5.000000 7.800000 0.7216 0.7608 0.8000
v 8.500000 5.000000 7.700000 0.7216 0.7608 0.8000
v -17.000000 0.500000 12.380000 0.1804 0.2078 0.3137
v -17.000000 0.800000 12.380000 0.1804 0.2078 0.3137
v -16.889999 0.500000 12.409474 0.1804 0.2078 0.3137
v -16.889999 0.800000 12.409474 0.1804 0.2078 0.3137
v -16.809475 0.500000 12.490001 0.1804 0.2078 0.3137
v -16.809475 0.800000 12.490001 0.1804 0.2078 0.3137
v -16.780001 0.500000 12.600000 0.1804 0.2078 0.3137
v -16.780001 0.800000 12.600000 0.1804 0.2078 0.3137
v -16.809475 0.500000 12.710000 0.1804 0.2078 0.3137
v -16.809475 0.800000 12.710000 0.1804 0.2078 0.3137
v -16.889999 0.500000 12.790526 0.1804 0.2078 0.3137
v -16.889999 0.800000 12.790526 0.1804 0.2078 0.3137
v -17.000000 0.500000 12.820001 0.1804 0.2078 0.3137
v -17.000000 0.800000 12.820001 0.1804 0.2078 0.3137
v -17.110001 0.500000 12.790526 0.1804 0.2078 0.3137
v -17.110001 0.800000 12.790526 0.1804 0.2078 0.3137
v -17.190525 0.500000 12.710000 0.1804 0.2078 0.3137
v -17.190525 0.800000 12.710000 0.1804 0.2078 0.3137
v -17.219999 0.500000 12.600000 0.1804 0.2078 0.3137
v -17.219999 0.800000 12.600000 0.1804 0.2078 0.3137
v -17.190525 0.500000 12.490001 0.1804 0.2078 0.3137
v -17.190525 0.800000 12.490001 0.1804 0.2078 0.3137
v -17.110001 0.500000 12.409474 0.1804 0.2078 0.3137
v -17.110001 0.800000 12.409474 0.1804 0.2078 0.3137
v -17.000000 0.500000 12.510000 0.1804 0.2078 0.3137
v -17.000000 5.500000 12.510000 0.1804 0.2078 0.3137
v -16.947100 0.500000 12.527189 0.1804 0.2078 0.3137
v -16.947100 5.500000 12.527189 0.1804 0.2078 0.3137
v -16.914406 0.500000 12.572188 0.1804 0.2078 0.3137
v -16.914406 5.500000 12.572188 0.1804 0.2078 0.3137
v -16.914406 0.500000 12.627812 0.1804 0.2078 0.3137
v -16.914406 5.500000 12.627812 0.1804 0.2078 0.3137
v -16.947100 0.500000 12.672812 0.1804 0.2078 0.3137
v -16.947100 5.500000 12.672812 0.1804 0.2078 0.3137
v -17.000000 0.500000 12.690001 0.1804 0.2078 0.3137
v -17.000000 5.500000 12.690001 0.1804 0.2078 0.3137
v -17.052900 0.500000 12.672812 0.1804 0.2078 0.3137
v -17.052900 5.500000 12.672812 0.1804 0.2078 0.3137
v -17.085594 0.500000 12.627812 0.1804 0.2078 0.3137
v -17.085594 5.500000 12.627812 0.1804 0.2078 0.3137
v -17.085594 0.500000 12.572188 0.1804 0.2078 0.3137
v -17.085594 5.500000 12.572188 0.1804 0.2078 0.3137
v -17.052900 0.500000 12.527189 0.1804 0.2078 0.3137
v -17.052900 5.500000 12.527189 0.1804 0.2078 0.3137
v -17.000000 6.020000 12.600000 1.0000 0.9647 0.8980
v -17.000000 5.995641 12.477542 1.0000 0.9647 0.8980
v -17.000000 5.822459 12.304359 1.0000 0.9647 0.8980
v -17.000000 5.700000 12.280001 1.0000 0.9647 0.8980
v -17.000000 5.404358 12.477542 1.0000 0.9647 0.8980
v -17.000000 5.380000 12.600000 1.0000 0.9647 0.8980
v -16.938770 5.995641 12.493948 1.0000 0.9647 0.8980
v -16.886864 5.926274 12.404041 1.0000 0.9647 0.8980
v -16.852179 5.822459 12.343967 1.0000 0.9647 0.8980
v -16.840000 5.700000 12.322872 1.0000 0.9647 0.8980
v -16.852179 5.577541 12.343967 1.0000 0.9647 0.8980
v -16.886864 5.473726 12.404041 1.0000 0.9647 0.8980
v -16.938770 5.404358 12.493948 1.0000 0.9647 0.8980
v -16.893948 5.995641 12.538771 1.0000 0.9647 0.8980
v -16.804041 5.926274 12.486863 1.0000 0.9647 0.8980
v -16.743967 5.822459 12.452180 1.0000 0.9647 0.8980
v -16.722872 5.700000 12.440001 1.0000 0.9647 0.8980
v -16.743967 5.577541 12.452180 1.0000 0.9647 0.8980
v -16.804041 5.473726 12.486863 1.0000 0.9647 0.8980
v -16.893948 5.404358 12.538771 1.0000 0.9647 0.8980
v -16.877541 5.995641 12.600000 1.0000 0.9647 0.8980
v -16.773726 5.926274 12.600000 1.0000 0.9647 0.8980
v -16.704359 5.822459 12.600000 1.0000 0.9647 0.8980
v -16.680000 5.700000 12.600000 1.0000 0.9647 0.8980
v -16.704359 5.577541 12.600000 1.0000 0.9647 0.8980
v -16.773726 5.473726 12.600000 1.0000 0.9647 0.8980
v -16.877541 5.404358 12.600000 1.0000 0.9647 0.8980
v -16.893948 5.995641 12.661230 1.0000 0.9647 0.8980
v -16.804041 5.926274 12.713138 1.0000 0.9647 0.8980
v -16.743967 5.822459 12.747821 1.0000 0.9647 0.8980
v -16.722872 5.700000 12.760000 1.0000 0.9647 0.8980
v -16.743967 5.577541 12.747821 1.0000 0.9647 0.8980
v -16.804041 5.473726 12.713138 1.0000 0.9647 0.8980
v -16.893948 5.404358 12.661230 1.0000 0.9647 0.8980
v -16.938770 5.995641 12.706053 1.0000 0.9647 0.8980
v -16.886864 5.926274 12.795959 1.0000 0.9647 0.8980
v -16.852179 5.822459 12.856033 1.0000 0.9647 0.8980
v -16.840000 5.700000 12.877129 1.0000 0.9647 0.8980
v -16.852179 5.577541 12.856033 1.0000 0.9647 0.8980
v -16.886864 5.473726 12.795959 1.0000 0.9647 0.8980
v -16.938770 5.404358 12.706053 1.0000 0.9647 0.8980
v -17.000000 5.995641 12.722459 1.0000 0.9647 0.8980
v -17.000000 5.926274 12.826275 1.0000 0.9647 0.8980
v -17.000000 5.822459 12.895641 1.0000 0.9647 0.8980
v -17.000000 5.700000 12.920000 1.0000 0.9647 0.8980
v -17.000000 5.577541 12.895641 1.0000 0.9647 0.8980
v -17.000000 5.473726 12.826275 1.0000 0.9647 0.8980
v -17.000000 5.404358 12.722459 1.0000 0.9647 0.8980
v -17.061230 5.995641 12.706053 1.0000 0.9647 0.8980
v -17.113136 5.926274 12.795959 1.0000 0.9647 0.8980
v -17.147821 5.822459 12.856033 1.0000 0.9647 0.8980
v -17.160000 5.700000 12.877129 1.0000 0.9647 0.8980
v -17.147821 5.577541 12.856033 1.0000 0.9647 0.8980
v -17.113136 5.473726 12.795959 1.0000 0.9647 0.8980
v -17.061230 5.404358 12.706053 1.0000 0.9647 0.8980
v -17.106052 5.995641 12.661230 1.0000 0.9647 0.8980
v -17.195959 5.926274 12.713138 1.0000 0.9647 0.8980
v -17.256033 5.822459 12.747821 1.0000 0.9647 0.8980
v -17.277128 5.700000 12.760000 1.0000 0.9647 0.8980
v -17.256033 5.577541 12.747821 1.0000 0.9647 0.8980
v -17.195959 5.473726 12.713138 1.0000 0.9647 0.8980
v -17.106052 5.404358 12.661230 1.0000 0.9647 0.8980
v -17.122459 5.995641 12.600000 1.0000 0.9647 0.8980
v -17.226274 5.926274 12.600000 1.0000 0.9647 0.8980
v -17.295641 5.822459 12.600000 1.0000 0.9647 0.8980
v -17.320000 5.700000 12.600000 1.0000 0.9647 0.8980
v -17.295641 5.577541 12.600000 1.0000 0.9647 0.8980
v -17.226274 5.473726 12.600000 1.0000 0.9647 0.8980
v -17.122459 5.404358 12.600000 1.0000 0.9647 0.8980
v -17.106052 5.995641 12.538771 1.0000 0.9647 0.8980
v -17.195959 5.926274 12.486863 1.0000 0.9647 0.8980
v -17.256033 5.822459 12.452180 1.0000 0.9647 0.8980
v -17.277128 5.700000 12.440001 1.0000 0.9647 0.8980
v -17.256033 5.577541 12.452180 1.0000 0.9647 0.8980
v -17.195959 5.473726 12.486863 1.0000 0.9647 0.8980
v -17.106052 5.404358 12.538771 1.0000 0.9647 0.8980
v -17.061230 5.995641 12.493948 1.0000 0.9647 0.8980
v -17.113136 5.926274 12.404041 1.0000 0.9647 0.8980
v -17.147821 5.822459 12.343967 1.0000 0.9647 0.8980
v -17.160000 5.700000 12.322872 1.0000 0.9647 0.8980
v -17.147821 5.577541 12.343967 1.0000 0.9647 0.8980
v -17.113136 5.473726 12.404041 1.0000 0.9647 0.8980
v -17.061230 5.404358 12.493948 1.0000 0.9647 0.8980
v -17.000000 5.926274 12.373726 1.0000 0.9647 0.8980
v -17.000000 5.577541 12.304359 1.0000 0.9647 0.8980
v -17.000000 5.473726 12.373726 1.0000 0.9647 0.8980
v -17.000000 5.940000 12.300000 0.1804 0.2078 0.3137
v -17.000000 6.060000 12.500000 0.1804 0.2078 0.3137
v -16.850000 5.940000 12.340193 0.1804 0.2078 0.3137
v -16.950001 6.060000 12.513398 0.1804 0.2078 0.3137
v -16.740192 5.940000 12.450001 0.1804 0.2078 0.3137
v -16.913397 6.060000 12.550000 0.1804 0.2078 0.3137
v -16.700001 5.940000 12.600000 0.1804 0.2078 0.3137
v -16.900000 6.060000 12.600000 0.1804 0.2078 0.3137
v -16.740192 5.940000 12.750000 0.1804 0.2078 0.3137
v -16.913397 6.060000 12.650001 0.1804 0.2078 0.3137
v -16.850000 5.940000 12.859808 0.1804 0.2078 0.3137
v -16.950001 6.060000 12.686603 0.1804 0.2078 0.3137
v -17.000000 5.940000 12.900001 0.1804 0.2078 0.3137
v -17.000000 6.060000 12.700001 0.1804 0.2078 0.3137
v -17.150000 5.940000 12.859808 0.1804 0.2078 0.3137
v -17.049999 6.060000 12.686603 0.1804 0.2078 0.3137
v -17.259808 5.940000 12.750000 0.1804 0.2078 0.3137
v -17.086603 6.060000 12.650001 0.1804 0.2078 0.3137
v -17.299999 5.940000 12.600000 0.1804 0.2078 0.3137
v -17.100000 6.060000 12.600000 0.1804 0.2078 0.3137
v -17.259808 5.940000 12.450001 0.1804 0.2078 0.3137
v -17.086603 6.060000 12.550000 0.1804 0.2078 0.3137
v -17.150000 5.940000 12.340193 0.1804 0.2078 0.3137
v -17.049999 6.060000 12.513398 0.1804 0.2078 0.3137
v -1.000000 0.500000 12.380000 0.1804 0.2078 0.3137
v -1.000000 0.800000 12.380000 0.1804 0.2078 0.3137
v -0.890000 0.500000 12.409474 0.1804 0.2078 0.3137
v -0.890000 0.800000 12.409474 0.1804 0.2078 0.3137
v -0.809474 0.500000 12.490001 0.1804 0.2078 0.3137
v -0.809474 0.800000 12.490001 0.1804 0.2078 0.3137
v -0.780000 0.500000 12.600000 0.1804 0.2078 0.3137
v -0.780000 0.800000 12.600000 0.1804 0.2078 0.3137
v -0.809474 0.500000 12.710000 0.1804 0.2078 0.3137
v -0.809474 0.800000 12.710000 0.1804 0.2078 0.3137
v -0.890000 0.500000 12.790526 0.1804 0.2078 0.3137
v -0.890000 0.800000 12.790526 0.1804 0.2078 0.3137
v -1.000000 0.500000 12.820001 0.1804 0.2078 0.3137
v -1.000000 0.800000 12.820001 0.1804 0.2078 0.3137
v -1.110000 0.500000 12.790526 0.1804 0.2078 0.3137
v -1.110000 0.800000 12.790526 0.1804 0.2078 0.3137
v -1.190526 0.500000 12.710000 0.1804 0.2078 0.3137
v -1.190526 0.800000 12.710000 0.1804 0.2078 0.3137
v -1.220000 0.500000 12.600000 0.1804 0.2078 0.3137
v -1.220000 0.800000 12.600000 0.1804 0.2078 0.3137
v -1.190526 0.500000 12.490001 0.1804 0.2078 0.3137
v -1.190526 0.800000 12.490001 0.1804 0.2078 0.3137
v -1.110000 0.500000 12.409474 0.1804 0.2078 0.3137
v -1.110000 0.800000 12.409474 0.1804 0.2078 0.3137
v -1.000000 0.500000 12.510000 0.1804 0.2078 0.3137
v -1.000000 5.500000 12.510000 0.1804 0.2078 0.3137
v -0.947099 0.500000 12.527189 0.1804 0.2078 0.3137
v -0.947099 5.500000 12.527189 0.1804 0.2078 0.3137
v -0.914405 0.500000 12.572188 0.1804 0.2078 0.3137
v -0.914405 5.500000 12.572188 0.1804 0.2078 0.3137
v -0.914405 0.500000 12.627812 0.1804 0.2078 0.3137
v -0.914405 5.500000 12.627812 0.1804 0.2078 0.3137
v -0.947099 0.500000 12.672812 0.1804 0.2078 0.3137
v -0.947099 5.500000 12.672812 0.1804 0.2078 0.3137
v -1.000000 0.500000 12.690001 0.1804 0.2078 0.3137
v -1.000000 5.500000 12.690001 0.1804 0.2078 0.3137
v -1.052901 0.500000 12.672812 0.1804 0.2078 0.3137
v -1.052901 5.500000 12.672812 0.1804 0.2078 0.3137
v -1.085595 0.500000 12.627812 0.1804 0.2078 0.3137
v -1.085595 5.500000 12.627812 0.1804 0.2078 0.3137
v -1.085595 0.500000 12.572188 0.1804 0.2078 0.3137
v -1.085595 5.500000 12.572188 0.1804 0.2078 0.3137
v -1.052901 0.500000 12.527189 0.1804 0.2078 0.3137
v -1.052901 5.500000 12.527189 0.1804 0.2078 0.3137
v -1.000000 6.020000 12.600000 1.0000 0.9647 0.8980
v -1.000000 5.995641 12.477542 1.0000 0.9647 0.8980
v -1.000000 5.822459 12.304359 1.0000 0.9647 0.8980
v -1.000000 5.700000 12.280001 1.0000 0.9647 0.8980
v -1.000000 5.404358 12.477542 1.0000 0.9647 0.8980
v -1.000000 5.380000 12.600000 1.0000 0.9647 0.8980
v -0.938771 5.995641 12.493948 1.0000 0.9647 0.8980
v -0.886863 5.926274 12.404041 1.0000 0.9647 0.8980
v -0.852179 5.822459 12.343967 1.0000 0.9647 0.8980
v -0.840000 5.700000 12.322872 1.0000 0.9647 0.8980
v -0.852179 5.577541 12.343967 1.0000 0.9647 0.8980
v -0.886863 5.473726 12.404041 1.0000 0.9647 0.8980
v -0.938771 5.404358 12.493948 1.0000 0.9647 0.8980
v -0.893948 5.995641 12.538771 1.0000 0.9647 0.8980
v -0.804041 5.926274 12.486863 1.0000 0.9647 0.8980
v -0.743967 5.822459 12.452180 1.0000 0.9647 0.8980
v -0.722872 5.700000 12.440001 1.0000 0.9647 0.8980
v -0.743967 5.577541 12.452180 1.0000 0.9647 0.8980
v -0.804041 5.473726 12.486863 1.0000 0.9647 0.8980
v -0.893948 5.404358 12.538771 1.0000 0.9647 0.8980
v -0.877541 5.995641 12.600000 1.0000 0.9647 0.8980
v -0.773726 5.926274 12.600000 1.0000 0.9647 0.8980
v -0.704359 5.822459 12.600000 1.0000 0.9647 0.8980
v -0.680000 5.700000 12.600000 1.0000 0.9647 0.8980
v -0.704359 5.577541 12.600000 1.0000 0.9647 0.8980
v -0.773726 5.473726 12.600000 1.0000 0.9647 0.8980
v -0.877541 5.404358 12.600000 1.0000 0.9647 0.8980
v -0.893948 5.995641 12.661230 1.0000 0.9647 0.8980
v -0.804041 5.926274 12.713138 1.0000 0.9647 0.8980
v -0.743967 5.822459 12.747821 1.0000 0.9647 0.8980
v -0.722872 5.700000 12.760000 1.0000 0.9647 0.8980
v -0.743967 5.577541 12.747821 1.0000 0.9647 0.8980
v -0.804041 5.473726 12.713138 1.0000 0.9647 0.8980
v -0.893948 5.404358 12.661230 1.0000 0.9647 0.8980
v -0.938771 5.995641 12.706053 1.0000 0.9647 0.8980
v -0.886863 5.926274 12.795959 1.0000 0.9647 0.8980
v -0.852179 5.822459 12.856033 1.0000 0.9647 0.8980
v -0.840000 5.700000 12.877129 1.0000 0.9647 0.8980
v -0.852179 5.577541 12.856033 1.0000 0.9647 0.8980
v -0.886863 5.473726 12.795959 1.0000 0.9647 0.8980
v -0.938771 5.404358 12.706053 1.0000 0.9647 0.8980
v -1.000000 5.995641 12.722459 1.0000 0.9647 0.8980
v -1.000000 5.926274 12.826275 1.0000 0.9647 0.8980
v -1.000000 5.822459 12.895641 1.0000 0.9647 0.8980
v -1.000000 5.700000 12.920000 1.0000 0.9647 0.8980
v -1.000000 5.577541 12.895641 1.0000 0.9647 0.8980
v -1.000000 5.473726 12.826275 1.0000 0.9647 0.8980
v -1.000000 5.404358 12.722459 1.0000 0.9647 0.8980
v -1.061229 5.995641 12.706053 1.0000 0.9647 0.8980
v -1.113137 5.926274 12.795959 1.0000 0.9647 0.8980
v -1.147821 5.822459 12.856033 1.0000 0.9647 0.8980
v -1.160000 5.700000 12.877129 1.0000 0.9647 0.8980
v -1.147821 5.577541 12.856033 1.0000 0.9647 0.8980
v -1.113137 5.473726 12.795959 1.0000 0.9647 0.8980
v -1.061229 5.404358 12.706053 1.0000 0.9647 0.8980
v -1.106052 5.995641 12.661230 1.0000 0.9647 0.8980
v -1.195959 5.926274 12.713138 1.0000 0.9647 0.8980
v -1.256033 5.822459 12.747821 1.0000 0.9647 0.8980
v -1.277128 5.700000 12.760000 1.0000 0.9647 0.8980
v -1.256033 5.577541 12.747821 1.0000 0.9647 0.8980
v -1.195959 5.473726 12.713138 1.0000 0.9647 0.8980
v -1.106052 5.404358 12.661230 1.0000 0.9647 0.8980
v -1.122459 5.995641 12.600000 1.0000 0.9647 0.8980
v -1.226274 5.926274 12.600000 1.0000 0.9647 0.8980
v -1.295641 5.822459 12.600000 1.0000 0.9647 0.8980
v -1.320000 5.700000 12.600000 1.0000 0.9647 0.8980
v -1.295641 5.577541 12.600000 1.0000 0.9647 0.8980
v -1.226274 5.473726 12.600000 1.0000 0.9647 0.8980
v -1.122459 5.404358 12.600000 1.0000 0.9647 0.8980
v -1.106052 5.995641 12.538771 1.0000 0.9647 0.8980
v -1.195959 5.926274 12.486863 1.0000 0.9647 0.8980
v -1.256033 5.822459 12.452180 1.0000 0.9647 0.8980
v -1.277128 5.700000 12.440001 1.0000 0.9647 0.8980
v -1.256033 5.577541 12.452180 1.0000 0.9647 0.8980
v -1.195959 5.473726 12.486863 1.0000 0.9647 0.8980
v -1.106052 5.404358 12.538771 1.0000 0.9647 0.8980
v -1.061229 5.995641 12.493948 1.0000 0.9647 0.8980
v -1.113137 5.926274 12.404041 1.0000 0.9647 0.8980
v -1.147821 5.822459 12.343967 1.0000 0.9647 0.8980
v -1.160000 5.700000 12.322872 1.0000 0.9647 0.8980
v -1.147821 5.577541 12.343967 1.0000 0.9647 0.8980
v -1.113137 5.473726 12.404041 1.0000 0.9647 0.8980
v -1.061229 5.404358 12.493948 1.0000 0.9647 0.8980
v -1.000000 5.926274 12.373726 1.0000 0.9647 0.8980
v -1.000000 5.577541 12.304359 1.0000 0.9647 0.8980
v -1.000000 5.473726 12.373726 1.0000 0.9647 0.8980
v -1.000000 5.940000 12.300000 0.1804 0.2078 0.3137
v -1.000000 6.060000 12.500000 0.1804 0.2078 0.3137
v -0.850000 5.940000 12.340193 0.1804 0.2078 0.3137
v -0.950000 6.060000 12.513398 0.1804 0.2078 0.3137
v -0.740192 5.940000 12.450001 0.1804 0.2078 0.3137
v -0.913397 6.060000 12.550000 0.1804 0.2078 0.3137
v -0.700000 5.940000 12.600000 0.1804 0.2078 0.3137
v -0.900000 6.060000 12.600000 0.1804 0.2078 0.3137
v -0.740192 5.940000 12.750000 0.1804 0.2078 0.3137
v -0.913397 6.060000 12.650001 0.1804 0.2078 0.3137
v -0.850000 5.940000 12.859808 0.1804 0.2078 0.3137
v -0.950000 6.060000 12.686603 0.1804 0.2078 0.3137
v -1.000000 5.940000 12.900001 0.1804 0.2078 0.3137
v -1.000000 6.060000 12.700001 0.1804 0.2078 0.3137
v -1.150000 5.940000 12.859808 0.1804 0.2078 0.3137
v -1.050000 6.060000 12.686603 0.1804 0.2078 0.3137
v -1.259808 5.940000 12.750000 0.1804 0.2078 0.3137
v -1.086603 6.060000 12.650001 0.1804 0.2078 0.3137
v -1.300000 5.940000 12.600000 0.1804 0.2078 0.3137
v -1.100000 6.060000 12.600000 0.1804 0.2078 0.3137
v -1.259808 5.940000 12.450001 0.1804 0.2078 0.3137
v -1.086603 6.060000 12.550000 0.1804 0.2078 0.3137
v -1.150000 5.940000 12.340193 0.1804 0.2078 0.3137
v -1.050000 6.060000 12.513398 0.1804 0.2078 0.3137
vn -0.4606 -0.7588 0.4606
vn -0.4606 -0.4606 0.7588
vn -0.7588 -0.4606 0.4606
vn -0.4606 0.4606 0.7588
vn -0.4606 0.7588 0.4606
vn -0.7588 0.4606 0.4606
vn -0.4606 -0.7588 -0.4606
vn -0.7588 -0.4606 -0.4606
vn -0.4606 -0.4606 -0.7588
vn -0.4606 0.7588 -0.4606
vn -0.4606 0.4606 -0.7588
vn -0.7588 0.4606 -0.4606
vn 0.4606 -0.7588 0.4606
vn 0.7588 -0.4606 0.4606
vn 0.4606 -0.4606 0.7588
vn 0.4606 0.7588 0.4606
vn 0.4606 0.4606 0.7588
vn 0.7588 0.4606 0.4606
vn 0.4606 -0.7588 -0.4606
vn 0.4606 -0.4606 -0.7588
vn 0.7588 -0.4606 -0.4606
vn 0.4606 0.7588 -0.4606
vn 0.7588 0.4606 -0.4606
vn 0.4606 0.4606 -0.7588
vn -0.0000 -1.0000 -0.0000
vn -1.0000 -0.0000 -0.0000
vn -0.0000 -0.0000 1.0000
vn -0.0000 1.0000 -0.0000
vn -0.0000 -0.0000 -1.0000
vn 1.0000 -0.0000 -0.0000
vn 0.1564 -0.0000 -0.9877
vn 0.3090 -0.0000 -0.9511
vn 0.4540 -0.0000 -0.8910
vn 0.5878 -0.0000 -0.8090
vn 0.7071 -0.0000 -0.7071
vn 0.8090 -0.0000 -0.5878
vn 0.8910 -0.0000 -0.4540
vn 0.9511 -0.0000 -0.3090
vn 0.9877 -0.0000 -0.1564
vn 0.9877 -0.0000 0.1564
vn 0.9511 -0.0000 0.3090
vn 0.8910 -0.0000 0.4540
vn 0.8090 -0.0000 0.5878
vn 0.7071 -0.0000 0.7071
vn 0.5878 -0.0000 0.8090
vn 0.4540 -0.0000 0.8910
vn 0.3090 -0.0000 0.9511
vn 0.1564 -0.0000 0.9877
vn -0.1564 -0.0000 0.9877
vn -0.3090 -0.0000 0.9511
vn -0.4540 -0.0000 0.8910
vn -0.5878 -0.0000 0.8090
vn -0.7071 -0.0000 0.7071
vn -0.8090 -0.0000 0.5878
vn -0.8910 -0.0000 0.4540
vn -0.9511 -0.0000 0.3090
vn -0.9877 -0.0000 0.1564
vn -0.9877 -0.0000 -0.1564
vn -0.9511 -0.0000 -0.3090
vn -0.8910 -0.0000 -0.4540
vn -0.8090 -0.0000 -0.5878
vn -0.7071 -0.0000 -0.7071
vn -0.5878 -0.0000 -0.8090
vn -0.4540 -0.0000 -0.8910
vn -0.3090 -0.0000 -0.9511
vn -0.1564 -0.0000 -0.9877
vn -0.0000 -0.9652 -0.2614
vn -0.0898 -0.9056 -0.4145
vn -0.0000 -0.8639 -0.5037
vn 0.0898 -0.9056 -0.4145
vn -0.2917 -0.1726 -0.9408
vn -0.0000 -0.1382 -0.9904
vn -0.0000 -0.2778 -0.9606
vn -0.2616 -0.3191 -0.9109
vn 0.2917 -0.1726 -0.9408
vn 0.2616 -0.3191 -0.9109
vn -0.0012 0.9645 -0.2642
vn 0.0898 0.9056 -0.4146
vn -0.0000 0.8639 -0.5037
vn -0.0934 0.9015 -0.4226
vn 0.2917 0.1726 -0.9408
vn -0.0000 0.1382 -0.9904
vn -0.0000 0.2778 -0.9606
vn 0.2616 0.3191 -0.9109
vn -0.2911 0.1836 -0.9389
vn -0.2601 0.3331 -0.9063
vn 0.1877 -0.9645 -0.1860
vn 0.2297 -0.9056 -0.3566
vn 0.3562 -0.8639 -0.3562
vn 0.3648 -0.9015 -0.2328
vn 0.4589 -0.1726 -0.8715
vn 0.7003 -0.1382 -0.7003
vn 0.6793 -0.2778 -0.6793
vn 0.4591 -0.3191 -0.8291
vn 0.8697 -0.1836 -0.4581
vn 0.8247 -0.3331 -0.4570
vn 0.1849 0.9652 -0.1849
vn 0.3566 0.9056 -0.2297
vn 0.3562 0.8639 -0.3562
vn 0.2297 0.9056 -0.3566
vn 0.8715 0.1726 -0.4589
vn 0.7003 0.1382 -0.7003
vn 0.6793 0.2778 -0.6793
vn 0.8291 0.3191 -0.4591
vn 0.4589 0.1726 -0.8715
vn 0.4591 0.3191 -0.8291
vn 0.2807 -0.9598 -0.0000
vn 0.6777 -0.7062 -0.2049
vn 0.7950 -0.6066 -0.0000
vn 0.6777 -0.7062 0.2049
vn 0.9301 -0.2048 -0.3048
vn 0.9802 -0.1982 -0.0000
vn 0.9301 -0.2048 0.3048
vn 0.2614 0.9652 -0.0000
vn 0.4146 0.9056 0.0898
vn 0.5037 0.8639 -0.0000
vn 0.4146 0.9056 -0.0898
vn 0.9378 0.1746 0.3000
vn 0.9897 0.1429 -0.0000
vn 0.9606 0.2778 -0.0000
vn 0.9109 0.3191 0.2616
vn 0.9378 0.1746 -0.3000
vn 0.9109 0.3191 -0.2616
vn 0.1877 -0.9645 0.1860
vn 0.3648 -0.9015 0.2328
vn 0.3562 -0.8639 0.3562
vn 0.2297 -0.9056 0.3566
vn 0.8697 -0.1836 0.4581
vn 0.7003 -0.1382 0.7003
vn 0.6793 -0.2778 0.6793
vn 0.8247 -0.3331 0.4570
vn 0.4589 -0.1726 0.8715
vn 0.4591 -0.3191 0.8291
vn 0.1849 0.9652 0.1849
vn 0.2297 0.9056 0.3566
vn 0.3562 0.8639 0.3562
vn 0.3566 0.9056 0.2297
vn 0.4589 0.1726 0.8715
vn 0.7003 0.1382 0.7003
vn 0.6793 0.2778 0.6793
vn 0.4591 0.3191 0.8291
vn 0.8715 0.1726 0.4589
vn 0.8291 0.3191 0.4591
vn -0.0000 -0.9652 0.2614
vn 0.0898 -0.9056 0.4146
vn -0.0000 -0.8639 0.5037
vn -0.0898 -0.9056 0.4146
vn 0.2917 -0.1726 0.9408
vn -0.0000 -0.1382 0.9904
vn -0.0000 -0.2778 0.9606
vn 0.2616 -0.3191 0.9109
vn -0.2917 -0.1726 0.9408
vn -0.2616 -0.3191 0.9109
vn -0.0012 0.9645 0.2642
vn -0.0934 0.9015 0.4226
vn -0.0000 0.8639 0.5037
vn 0.0898 0.9056 0.4146
vn -0.2911 0.1836 0.9389
vn -0.0000 0.1382 0.9904
vn -0.0000 0.2778 0.9606
vn -0.2601 0.3331 0.9063
vn 0.2917 0.1726 0.9408
vn 0.2616 0.3191 0.9109
vn -0.1849 -0.9652 0.1849
vn -0.2297 -0.9056 0.3566
vn -0.3562 -0.8639 0.3562
vn -0.3566 -0.9056 0.2297
vn -0.4510 -0.1746 0.8753
vn -0.6998 -0.1429 0.6998
vn -0.6793 -0.2778 0.6793
vn -0.4591 -0.3191 0.8291
vn -0.8753 -0.1746 0.4510
vn -0.8291 -0.3191 0.4591
vn -0.1985 0.9598 0.1985
vn -0.6241 0.7062 0.3343
vn -0.5622 0.6065 0.5622
vn -0.3343 0.7062 0.6241
vn -0.8733 0.2048 0.4421
vn -0.6931 0.1982 0.6931
vn -0.4421 0.2048 0.8733
vn -0.2614 -0.9652 -0.0000
vn -0.4146 -0.9056 0.0898
vn -0.5037 -0.8639 -0.0000
vn -0.4146 -0.9056 -0.0898
vn -0.9408 -0.1726 0.2917
vn -0.9904 -0.1382 -0.0000
vn -0.9606 -0.2778 -0.0000
vn -0.9109 -0.3191 0.2616
vn -0.9408 -0.1726 -0.2917
vn -0.9109 -0.3191 -0.2616
vn -0.2670 0.9637 -0.0000
vn -0.4226 0.9015 -0.0934
vn -0.5037 0.8639 -0.0000
vn -0.4226 0.9015 0.0934
vn -0.9389 0.1836 -0.2911
vn -0.9904 0.1382 -0.0000
vn -0.9606 0.2778 -0.0000
vn -0.9063 0.3331 -0.2601
vn -0.9389 0.1836 0.2911
vn -0.9063 0.3331 0.2601
vn -0.1849 -0.9652 -0.1849
vn -0.3566 -0.9056 -0.2297
vn -0.3562 -0.8639 -0.3562
vn -0.2297 -0.9056 -0.3566
vn -0.8753 -0.1746 -0.4510
vn -0.6998 -0.1429 -0.6998
vn -0.6793 -0.2778 -0.6793
vn -0.8291 -0.3191 -0.4591
vn -0.4510 -0.1746 -0.8753
vn -0.4591 -0.3191 -0.8291
vn -0.1985 0.9598 -0.1985
vn -0.3343 0.7062 -0.6241
vn -0.5622 0.6065 -0.5622
vn -0.6241 0.7062 -0.3343
vn -0.4421 0.2048 -0.8733
vn -0.6931 0.1982 -0.6931
vn -0.8733 0.2048 -0.4421
vn 0.3827 -0.0000 -0.9239
vn 0.9239 -0.0000 -0.3827
vn 0.9239 -0.0000 0.3827
vn 0.3827 -0.0000 0.9239
vn -0.3827 -0.0000 0.9239
vn -0.9239 -0.0000 0.3827
vn -0.9239 -0.0000 -0.3827
vn -0.3827 -0.0000 -0.9239
vn -0.0000 -0.9673 0.2537
vn 0.1425 -0.9194 0.3666
vn -0.0000 -0.8881 0.4597
vn -0.1425 -0.9194 0.3666
vn 0.5572 -0.1794 0.8108
vn 0.3956 -0.1585 0.9046
vn 0.3981 -0.3250 0.8578
vn 0.5381 -0.3600 0.7622
vn -0.5571 -0.1794 0.8108
vn -0.5381 -0.3600 0.7622
vn -0.3981 -0.3251 0.8578
vn -0.3956 -0.1585 0.9047
vn 0.5572 0.1794 0.8108
vn 0.5381 0.3600 0.7622
vn 0.3981 0.3250 0.8578
vn 0.3956 0.1585 0.9046
vn -0.0000 0.9673 0.2537
vn -0.1425 0.9194 0.3666
vn -0.0000 0.8881 0.4597
vn 0.1425 0.9194 0.3666
vn -0.5572 0.1794 0.8108
vn -0.3956 0.1585 0.9047
vn -0.3981 0.3251 0.8578
vn -0.5381 0.3600 0.7622
vn -0.2537 -0.9673 -0.0000
vn -0.3666 -0.9194 0.1425
vn -0.4597 -0.8881 -0.0000
vn -0.3666 -0.9194 -0.1425
vn -0.8108 -0.1794 0.5572
vn -0.9047 -0.1585 0.3956
vn -0.8578 -0.3251 0.3981
vn -0.7622 -0.3600 0.5381
vn -0.8108 -0.1794 -0.5572
vn -0.7622 -0.3600 -0.5381
vn -0.8578 -0.3251 -0.3981
vn -0.9046 -0.1585 -0.3956
vn -0.2537 0.9673 -0.0000
vn -0.3666 0.9194 -0.1425
vn -0.4597 0.8881 -0.0000
vn -0.3666 0.9194 0.1425
vn -0.8108 0.1794 -0.5572
vn -0.9046 0.1585 -0.3956
vn -0.8578 0.3251 -0.3981
vn -0.7622 0.3600 -0.5381
vn -0.8108 0.1794 0.5571
vn -0.7622 0.3600 0.5381
vn -0.8578 0.3251 0.3981
vn -0.9047 0.1585 0.3956
vn 0.2537 -0.9673 -0.0000
vn 0.3666 -0.9194 -0.1425
vn 0.4597 -0.8881 -0.0000
vn 0.3666 -0.9194 0.1425
vn 0.8108 -0.1794 -0.5571
vn 0.9047 -0.1585 -0.3956
vn 0.8578 -0.3251 -0.3981
vn 0.7622 -0.3600 -0.5381
vn 0.8108 -0.1794 0.5571
vn 0.7622 -0.3600 0.5380
vn 0.8578 -0.3251 0.3981
vn 0.9047 -0.1585 0.3956
vn 0.2537 0.9673 -0.0000
vn 0.3666 0.9194 0.1425
vn 0.4597 0.8881 -0.0000
vn 0.3666 0.9194 -0.1425
vn 0.8108 0.1794 0.5571
vn 0.9047 0.1585 0.3956
vn 0.8578 0.3251 0.3981
vn 0.7622 0.3600 0.5380
vn 0.8108 0.1794 -0.5571
vn 0.7622 0.3600 -0.5381
vn 0.8578 0.3251 -0.3981
vn 0.9047 0.1585 -0.3956
vn -0.0000 -0.9673 -0.2537
vn -0.1425 -0.9194 -0.3666
vn -0.0000 -0.8881 -0.4597
vn 0.1425 -0.9194 -0.3666
vn -0.5571 -0.1794 -0.8108
vn -0.3956 -0.1585 -0.9047
vn -0.3981 -0.3251 -0.8578
vn -0.5381 -0.3600 -0.7622
vn 0.5572 -0.1794 -0.8108
vn 0.5381 -0.3600 -0.7622
vn 0.3981 -0.3251 -0.8578
vn 0.3956 -0.1585 -0.9046
vn -0.0000 0.9673 -0.2537
vn 0.1425 0.9194 -0.3666
vn -0.0000 0.8881 -0.4597
vn -0.1425 0.9194 -0.3666
vn 0.5571 0.1794 -0.8108
vn 0.3956 0.1585 -0.9047
vn 0.3981 0.3251 -0.8578
vn 0.5381 0.3600 -0.7622
vn -0.5571 0.1794 -0.8108
vn -0.5381 0.3600 -0.7622
vn -0.3981 0.3251 -0.8578
vn -0.3956 0.1585 -0.9047
vn -0.7036 0.0995 0.7036
vn 0.7036 -0.0995 -0.7036
vn 0.6802 0.3808 0.6264
vn 0.3356 0.9193 0.2056
vn -0.2056 0.9193 -0.3356
vn -0.6264 0.3808 -0.6802
vn -0.6802 -0.3808 -0.6264
vn -0.3356 -0.9193 -0.2056
vn 0.2056 -0.9193 0.3356
vn 0.6264 -0.3808 0.6802
vn 0.8108 -0.1794 -0.5572
vn 0.9046 -0.1585 -0.3956
vn 0.8108 -0.1794 0.5572
vn 0.7622 -0.3600 0.5381
vn 0.8108 0.1794 -0.5572
vn 0.9046 0.1585 -0.3956
vn 0.8108 0.1794 0.5572
vn 0.9046 0.1585 0.3956
vn 0.7622 0.3600 0.5381
vn -0.5380 -0.3600 0.7622
vn -0.5571 0.1794 0.8108
vn -0.5380 0.3600 0.7622
vn -0.5380 -0.3600 -0.7622
vn 0.5572 0.1794 -0.8108
vn 0.3956 0.1585 -0.9046
vn -0.5380 0.3600 -0.7622
vn -0.8108 -0.1794 0.5571
vn -0.7622 -0.3600 0.5380
vn -0.8108 -0.1794 -0.5571
vn -0.7622 -0.3600 -0.5380
vn -0.9047 -0.1585 -0.3956
vn -0.8108 0.1794 -0.5571
vn -0.9047 0.1585 -0.3956
vn -0.7622 0.3600 0.5380
vn 0.7036 0.0995 0.7036
vn -0.7036 -0.0995 -0.7036
vn 0.6264 0.3808 -0.6802
vn 0.2056 0.9193 -0.3356
vn -0.3356 0.9193 0.2056
vn -0.6802 0.3808 0.6264
vn -0.6264 -0.3808 0.6802
vn -0.2056 -0.9193 0.3356
vn 0.3356 -0.9193 -0.2056
vn 0.6802 -0.3808 -0.6264
vn 0.3981 0.3250 -0.8578
vn 0.9046 -0.1585 0.3956
vn -0.7622 0.3600 -0.5380
vn 0.3956 -0.1585 0.9047
vn 0.3981 0.3251 0.8578
vn 0.7036 0.0995 -0.7036
vn -0.7036 -0.0995 0.7036
vn -0.6802 0.3808 -0.6264
vn -0.3356 0.9193 -0.2056
vn 0.2056 0.9193 0.3356
vn 0.6264 0.3808 0.6802
vn 0.6802 -0.3808 0.6264
vn 0.3356 -0.9193 0.2056
vn -0.2056 -0.9193 -0.3356
vn -0.6264 -0.3808 -0.6802
vn 0.3956 -0.1585 -0.9047
vn -0.5572 0.1794 -0.8108
vn 0.3981 -0.3251 0.8578
vn 0.3956 0.1585 0.9047
vn 0.7622 0.3600 -0.5380
vn -0.7036 0.0995 -0.7036
vn 0.7036 -0.0995 0.7036
vn -0.6264 0.3808 0.6802
vn -0.2056 0.9193 0.3356
vn 0.3356 0.9193 -0.2056
vn 0.6802 0.3808 -0.6264
vn 0.6264 -0.3808 -0.6802
vn 0.2056 -0.9193 -0.3356
vn -0.3356 -0.9193 0.2056
vn -0.6802 -0.3808 0.6264
vn 0.9749 -0.0000 -0.2225
vn 0.9010 -0.0000 -0.4339
vn 0.7818 -0.0000 -0.6235
vn 0.6235 -0.0000 -0.7818
vn 0.4339 -0.0000 -0.9010
vn 0.2225 -0.0000 -0.9749
vn -0.2225 -0.0000 -0.9749
vn -0.4339 -0.0000 -0.9010
vn -0.6235 -0.0000 -0.7818
vn -0.7818 -0.0000 -0.6235
vn -0.9010 -0.0000 -0.4339
vn -0.9749 -0.0000 -0.2225
vn -0.9749 -0.0000 0.2225
vn -0.9010 -0.0000 0.4339
vn -0.7818 -0.0000 0.6235
vn -0.6235 -0.0000 0.7818
vn -0.4339 -0.0000 0.9010
vn -0.2225 -0.0000 0.9749
vn 0.2225 -0.0000 0.9749
vn 0.4339 -0.0000 0.9010
vn 0.6235 -0.0000 0.7818
vn 0.7818 -0.0000 0.6235
vn 0.9010 -0.0000 0.4339
vn 0.9749 -0.0000 0.2225
vn 0.9749 0.0083 -0.2225
vn 1.0000 0.0083 -0.0000
vn 0.9009 0.0083 -0.4339
vn 0.7818 0.0083 -0.6235
vn 0.6235 0.0083 -0.7818
vn 0.4339 0.0083 -0.9009
vn 0.2225 0.0083 -0.9749
vn -0.0000 0.0083 -1.0000
vn -0.2225 0.0083 -0.9749
vn -0.4339 0.0083 -0.9009
vn -0.6235 0.0083 -0.7818
vn -0.7818 0.0083 -0.6235
vn -0.9009 0.0083 -0.4339
vn -0.9749 0.0083 -0.2225
vn -1.0000 0.0083 -0.0000
vn -0.9749 0.0083 0.2225
vn -0.9009 0.0083 0.4339
vn -0.7818 0.0083 0.6235
vn -0.6235 0.0083 0.7818
vn -0.4339 0.0083 0.9009
vn -0.2225 0.0083 0.9749
vn -0.0000 0.0083 1.0000
vn 0.2225 0.0083 0.9749
vn 0.4339 0.0083 0.9009
vn 0.6235 0.0083 0.7818
vn 0.7818 0.0083 0.6235
vn 0.9009 0.0083 0.4339
vn 0.9749 0.0083 0.2225
vn 0.9744 0.0337 -0.2224
vn 0.9994 0.0337 -0.0000
vn 0.9005 0.0337 -0.4336
vn 0.7814 0.0337 -0.6231
vn 0.6231 0.0337 -0.7814
vn 0.4336 0.0337 -0.9005
vn 0.2224 0.0337 -0.9744
vn -0.0000 0.0337 -0.9994
vn -0.2224 0.0337 -0.9744
vn -0.4336 0.0337 -0.9005
vn -0.6231 0.0337 -0.7814
vn -0.7814 0.0337 -0.6231
vn -0.9005 0.0337 -0.4336
vn -0.9744 0.0337 -0.2224
vn -0.9994 0.0337 -0.0000
vn -0.9744 0.0337 0.2224
vn -0.9005 0.0337 0.4336
vn -0.7814 0.0337 0.6231
vn -0.6231 0.0337 0.7814
vn -0.4336 0.0337 0.9005
vn -0.2224 0.0337 0.9744
vn -0.0000 0.0337 0.9994
vn 0.2224 0.0337 0.9744
vn 0.4336 0.0337 0.9005
vn 0.6231 0.0337 0.7814
vn 0.7814 0.0337 0.6231
vn 0.9005 0.0337 0.4336
vn 0.9744 0.0337 0.2224
vn 0.9726 0.0695 -0.2220
vn 0.9976 0.0695 -0.0000
vn 0.8988 0.0695 -0.4328
vn 0.7799 0.0695 -0.6220
vn 0.6220 0.0695 -0.7799
vn 0.4328 0.0695 -0.8988
vn 0.2220 0.0695 -0.9726
vn -0.0000 0.0695 -0.9976
vn -0.2220 0.0695 -0.9726
vn -0.4328 0.0695 -0.8988
vn -0.6220 0.0695 -0.7799
vn -0.7799 0.0695 -0.6220
vn -0.8988 0.0695 -0.4328
vn -0.9726 0.0695 -0.2220
vn -0.9976 0.0695 -0.0000
vn -0.9726 0.0695 0.2220
vn -0.8988 0.0695 0.4328
vn -0.7799 0.0695 0.6220
vn -0.6220 0.0695 0.7799
vn -0.4328 0.0695 0.8988
vn -0.2220 0.0695 0.9726
vn -0.0000 0.0695 0.9976
vn 0.2220 0.0695 0.9726
vn 0.4328 0.0695 0.8988
vn 0.6220 0.0695 0.7799
vn 0.7799 0.0695 0.6220
vn 0.8988 0.0695 0.4328
vn 0.9726 0.0695 0.2220
vn 0.9690 0.1099 -0.2212
vn 0.9939 0.1099 -0.0000
vn 0.8955 0.1099 -0.4313
vn 0.7771 0.1099 -0.6197
vn 0.6197 0.1099 -0.7771
vn 0.4313 0.1099 -0.8955
vn 0.2212 0.1099 -0.9690
vn -0.0000 0.1099 -0.9939
vn -0.2212 0.1099 -0.9690
vn -0.4313 0.1099 -0.8955
vn -0.6197 0.1099 -0.7771
vn -0.7771 0.1099 -0.6197
vn -0.8955 0.1099 -0.4313
vn -0.9690 0.1099 -0.2212
vn -0.9939 0.1099 -0.0000
vn -0.9690 0.1099 0.2212
vn -0.8955 0.1099 0.4313
vn -0.7771 0.1099 0.6197
vn -0.6197 0.1099 0.7771
vn -0.4313 0.1099 0.8955
vn -0.2212 0.1099 0.9690
vn -0.0000 0.1099 0.9939
vn 0.2212 0.1099 0.9690
vn 0.4313 0.1099 0.8955
vn 0.6197 0.1099 0.7771
vn 0.7771 0.1099 0.6197
vn 0.8955 0.1099 0.4313
vn 0.9690 0.1099 0.2212
vn 0.9625 0.1590 -0.2197
vn 0.9873 0.1590 -0.0000
vn 0.8895 0.1590 -0.4284
vn 0.7719 0.1590 -0.6156
vn 0.6156 0.1590 -0.7719
vn 0.4284 0.1590 -0.8895
vn 0.2197 0.1590 -0.9625
vn -0.0000 0.1590 -0.9873
vn -0.2197 0.1590 -0.9625
vn -0.4284 0.1590 -0.8895
vn -0.6156 0.1590 -0.7719
vn -0.7719 0.1590 -0.6156
vn -0.8895 0.1590 -0.4284
vn -0.9625 0.1590 -0.2197
vn -0.9873 0.1590 -0.0000
vn -0.9625 0.1590 0.2197
vn -0.8895 0.1590 0.4284
vn -0.7719 0.1590 0.6156
vn -0.6156 0.1590 0.7719
vn -0.4284 0.1590 0.8895
vn -0.2197 0.1590 0.9625
vn -0.0000 0.1590 0.9873
vn 0.2197 0.1590 0.9625
vn 0.4284 0.1590 0.8895
vn 0.6156 0.1590 0.7719
vn 0.7719 0.1590 0.6156
vn 0.8895 0.1590 0.4284
vn 0.9625 0.1590 0.2197
vn 0.9502 0.2238 -0.2169
vn 0.9746 0.2238 -0.0000
vn 0.8781 0.2238 -0.4229
vn 0.7620 0.2238 -0.6077
vn 0.6077 0.2238 -0.7620
vn 0.4229 0.2238 -0.8781
vn 0.2169 0.2238 -0.9502
vn -0.0000 0.2238 -0.9746
vn -0.2169 0.2238 -0.9502
vn -0.4229 0.2238 -0.8781
vn -0.6077 0.2238 -0.7620
vn -0.7620 0.2238 -0.6077
vn -0.8781 0.2238 -0.4229
vn -0.9502 0.2238 -0.2169
vn -0.9746 0.2238 -0.0000
vn -0.9502 0.2238 0.2169
vn -0.8781 0.2238 0.4229
vn -0.7620 0.2238 0.6077
vn -0.6077 0.2238 0.7620
vn -0.4229 0.2238 0.8781
vn -0.2169 0.2238 0.9502
vn -0.0000 0.2238 0.9746
vn 0.2169 0.2238 0.9502
vn 0.4229 0.2238 0.8781
vn 0.6077 0.2238 0.7620
vn 0.7620 0.2238 0.6077
vn 0.8781 0.2238 0.4229
vn 0.9502 0.2238 0.2169
vn 0.9240 0.3189 -0.2109
vn 0.9478 0.3189 -0.0000
vn 0.8539 0.3189 -0.4112
vn 0.7410 0.3189 -0.5909
vn 0.5909 0.3189 -0.7410
vn 0.4112 0.3189 -0.8539
vn 0.2109 0.3189 -0.9240
vn -0.0000 0.3189 -0.9478
vn -0.2109 0.3189 -0.9240
vn -0.4112 0.3189 -0.8539
vn -0.5909 0.3189 -0.7410
vn -0.7410 0.3189 -0.5909
vn -0.8539 0.3189 -0.4112
vn -0.9240 0.3189 -0.2109
vn -0.9478 0.3189 -0.0000
vn -0.9240 0.3189 0.2109
vn -0.8539 0.3189 0.4112
vn -0.7410 0.3189 0.5909
vn -0.5909 0.3189 0.7410
vn -0.4112 0.3189 0.8539
vn -0.2109 0.3189 0.9240
vn -0.0000 0.3189 0.9478
vn 0.2109 0.3189 0.9240
vn 0.4112 0.3189 0.8539
vn 0.5909 0.3189 0.7410
vn 0.7410 0.3189 0.5909
vn 0.8539 0.3189 0.4112
vn 0.9240 0.3189 0.2109
vn 0.8565 0.4776 -0.1955
vn 0.8786 0.4776 -0.0000
vn 0.7916 0.4776 -0.3812
vn 0.6869 0.4776 -0.5478
vn 0.5478 0.4776 -0.6869
vn 0.3812 0.4776 -0.7915
vn 0.1955 0.4776 -0.8565
vn -0.0000 0.4776 -0.8786
vn -0.1955 0.4776 -0.8565
vn -0.3812 0.4776 -0.7916
vn -0.5478 0.4776 -0.6869
vn -0.6869 0.4776 -0.5478
vn -0.7916 0.4776 -0.3812
vn -0.8565 0.4776 -0.1955
vn -0.8786 0.4776 -0.0000
vn -0.8565 0.4776 0.1955
vn -0.7916 0.4776 0.3812
vn -0.6869 0.4776 0.5478
vn -0.5478 0.4776 0.6869
vn -0.3812 0.4776 0.7915
vn -0.1955 0.4776 0.8565
vn -0.0000 0.4776 0.8786
vn 0.1955 0.4776 0.8565
vn 0.3812 0.4776 0.7916
vn 0.5478 0.4776 0.6869
vn 0.6869 0.4776 0.5478
vn 0.7916 0.4776 0.3812
vn 0.8565 0.4776 0.1955
vn 0.6330 0.7605 -0.1445
vn 0.6493 0.7605 -0.0000
vn 0.5850 0.7605 -0.2817
vn 0.5077 0.7605 -0.4048
vn 0.4048 0.7605 -0.5077
vn 0.2817 0.7605 -0.5850
vn 0.1445 0.7605 -0.6330
vn -0.0000 0.7605 -0.6493
vn -0.1445 0.7605 -0.6330
vn -0.2817 0.7605 -0.5850
vn -0.4048 0.7605 -0.5077
vn -0.5077 0.7605 -0.4048
vn -0.5850 0.7605 -0.2817
vn -0.6330 0.7605 -0.1445
vn -0.6493 0.7605 -0.0000
vn -0.6330 0.7605 0.1445
vn -0.5850 0.7605 0.2817
vn -0.5077 0.7605 0.4048
vn -0.4048 0.7605 0.5077
vn -0.2817 0.7605 0.5850
vn -0.1445 0.7605 0.6330
vn -0.0000 0.7605 0.6493
vn 0.1445 0.7605 0.6330
vn 0.2817 0.7605 0.5850
vn 0.4048 0.7605 0.5077
vn 0.5077 0.7605 0.4048
vn 0.5850 0.7605 0.2817
vn 0.6330 0.7605 0.1445
vn 0.3679 -0.9256 -0.0896
vn 0.3841 -0.9233 -0.0000
vn 0.3190 -0.9317 -0.1736
vn 0.2380 -0.9398 -0.2453
vn 0.1283 -0.9467 -0.2955
vn -0.0000 -0.9494 -0.3139
vn -0.1283 -0.9467 -0.2955
vn -0.2380 -0.9398 -0.2453
vn -0.3190 -0.9317 -0.1736
vn -0.3679 -0.9256 -0.0896
vn -0.3841 -0.9233 -0.0000
vn -0.3679 -0.9256 0.0896
vn -0.3190 -0.9317 0.1736
vn -0.2380 -0.9398 0.2453
vn -0.1283 -0.9467 0.2955
vn -0.0000 -0.9494 0.3139
vn 0.1283 -0.9467 0.2955
vn 0.2380 -0.9398 0.2453
vn 0.3190 -0.9317 0.1736
vn 0.3679 -0.9256 0.0896
vn 0.6482 -0.7442 -0.1610
vn 0.6749 -0.7379 -0.0000
vn 0.5668 -0.7613 -0.3148
vn 0.4277 -0.7842 -0.4497
vn 0.2327 -0.8042 -0.5469
vn -0.0000 -0.8124 -0.5831
vn -0.2327 -0.8042 -0.5469
vn -0.4277 -0.7841 -0.4497
vn -0.5668 -0.7613 -0.3148
vn -0.6482 -0.7442 -0.1610
vn -0.6749 -0.7379 -0.0000
vn -0.6482 -0.7442 0.1610
vn -0.5668 -0.7613 0.3148
vn -0.4277 -0.7841 0.4497
vn -0.2327 -0.8042 0.5469
vn -0.0000 -0.8124 0.5831
vn 0.2327 -0.8042 0.5469
vn 0.4277 -0.7842 0.4497
vn 0.5668 -0.7613 0.3148
vn 0.6482 -0.7442 0.1610
vn 0.8350 -0.5090 -0.2093
vn 0.8651 -0.5016 -0.0000
vn 0.7399 -0.5296 -0.4148
vn 0.5684 -0.5584 -0.6042
vn 0.3143 -0.5849 -0.7477
vn -0.0000 -0.5959 -0.8031
vn -0.3143 -0.5849 -0.7477
vn -0.5684 -0.5584 -0.6042
vn -0.7399 -0.5296 -0.4148
vn -0.8350 -0.5090 -0.2093
vn -0.8651 -0.5016 -0.0000
vn -0.8350 -0.5090 0.2093
vn -0.7399 -0.5296 0.4148
vn -0.5684 -0.5584 0.6042
vn -0.3143 -0.5849 0.7477
vn -0.0000 -0.5959 0.8031
vn 0.3143 -0.5849 0.7477
vn 0.5684 -0.5584 0.6042
vn 0.7399 -0.5296 0.4148
vn 0.8350 -0.5090 0.2093
vn 0.9374 -0.2561 -0.2359
vn 0.9679 -0.2513 -0.0000
vn 0.8390 -0.2697 -0.4727
vn 0.6537 -0.2893 -0.6992
vn 0.3663 -0.3080 -0.8780
vn -0.0000 -0.3159 -0.9488
vn -0.3663 -0.3080 -0.8780
vn -0.6537 -0.2893 -0.6992
vn -0.8390 -0.2697 -0.4727
vn -0.9374 -0.2561 -0.2359
vn -0.9679 -0.2513 -0.0000
vn -0.9374 -0.2561 0.2359
vn -0.8390 -0.2697 0.4727
vn -0.6537 -0.2893 0.6992
vn -0.3663 -0.3080 0.8780
vn -0.0000 -0.3159 0.9488
vn 0.3663 -0.3080 0.8780
vn 0.6537 -0.2893 0.6992
vn 0.8390 -0.2697 0.4727
vn 0.9374 -0.2561 0.2359
vn 0.9679 -0.0640 -0.2430
vn 0.9980 -0.0627 -0.0000
vn 0.8697 -0.0678 -0.4890
vn 0.6818 -0.0734 -0.7279
vn 0.3843 -0.0790 -0.9198
vn -0.0000 -0.0814 -0.9967
vn -0.3843 -0.0790 -0.9198
vn -0.6818 -0.0734 -0.7279
vn -0.8697 -0.0678 -0.4890
vn -0.9679 -0.0640 -0.2430
vn -0.9980 -0.0627 -0.0000
vn -0.9679 -0.0640 0.2430
vn -0.8697 -0.0678 0.4890
vn -0.6818 -0.0734 0.7279
vn -0.3843 -0.0790 0.9198
vn -0.0000 -0.0814 0.9967
vn 0.3843 -0.0790 0.9198
vn 0.6818 -0.0734 0.7279
vn 0.8697 -0.0678 0.4890
vn 0.9679 -0.0640 0.2430
vn 0.9679 0.0640 -0.2430
vn 0.9980 0.0627 -0.0000
vn 0.8697 0.0678 -0.4890
vn 0.6818 0.0734 -0.7279
vn 0.3843 0.0790 -0.9198
vn -0.0000 0.0814 -0.9967
vn -0.3843 0.0790 -0.9198
vn -0.6818 0.0734 -0.7279
vn -0.8697 0.0678 -0.4890
vn -0.9679 0.0640 -0.2430
vn -0.9980 0.0627 -0.0000
vn -0.9679 0.0640 0.2430
vn -0.8697 0.0678 0.4890
vn -0.6818 0.0734 0.7279
vn -0.3843 0.0790 0.9198
vn -0.0000 0.0814 0.9967
vn 0.3843 0.0790 0.9198
vn 0.6818 0.0734 0.7279
vn 0.8697 0.0678 0.4890
vn 0.9679 0.0640 0.2430
vn 0.9374 0.2561 -0.2359
vn 0.9679 0.2513 -0.0000
vn 0.8390 0.2697 -0.4727
vn 0.6537 0.2893 -0.6992
vn 0.3663 0.3080 -0.8780
vn -0.0000 0.3159 -0.9488
vn -0.3663 0.3080 -0.8780
vn -0.6537 0.2893 -0.6992
vn -0.8390 0.2697 -0.4727
vn -0.9374 0.2561 -0.2359
vn -0.9679 0.2513 -0.0000
vn -0.9374 0.2561 0.2359
vn -0.8390 0.2697 0.4727
vn -0.6537 0.2893 0.6992
vn -0.3663 0.3080 0.8780
vn -0.0000 0.3159 0.9488
vn 0.3663 0.3080 0.8780
vn 0.6537 0.2893 0.6992
vn 0.8390 0.2697 0.4727
vn 0.9374 0.2561 0.2359
vn 0.8350 0.5090 -0.2093
vn 0.8651 0.5016 -0.0000
vn 0.7399 0.5296 -0.4148
vn 0.5684 0.5584 -0.6042
vn 0.3143 0.5849 -0.7477
vn -0.0000 0.5959 -0.8031
vn -0.3143 0.5849 -0.7477
vn -0.5684 0.5584 -0.6042
vn -0.7399 0.5296 -0.4148
vn -0.8350 0.5090 -0.2093
vn -0.8651 0.5016 -0.0000
vn -0.8350 0.5090 0.2093
vn -0.7399 0.5296 0.4148
vn -0.5684 0.5584 0.6042
vn -0.3143 0.5849 0.7477
vn -0.0000 0.5959 0.8031
vn 0.3143 0.5849 0.7477
vn 0.5684 0.5584 0.6042
vn 0.7399 0.5296 0.4148
vn 0.8350 0.5090 0.2093
vn 0.6482 0.7442 -0.1610
vn 0.6749 0.7379 -0.0000
vn 0.5668 0.7613 -0.3148
vn 0.4277 0.7842 -0.4497
vn 0.2327 0.8042 -0.5469
vn -0.0000 0.8124 -0.5831
vn -0.2327 0.8042 -0.5469
vn -0.4277 0.7842 -0.4497
vn -0.5668 0.7613 -0.3148
vn -0.6482 0.7442 -0.1611
vn -0.6749 0.7379 -0.0000
vn -0.6482 0.7442 0.1611
vn -0.5668 0.7613 0.3148
vn -0.4277 0.7842 0.4497
vn -0.2327 0.8042 0.5469
vn -0.0000 0.8124 0.5831
vn 0.2327 0.8042 0.5469
vn 0.4277 0.7842 0.4497
vn 0.5668 0.7613 0.3148
vn 0.6482 0.7442 0.1610
vn 0.3679 0.9255 -0.0896
vn 0.3842 0.9233 -0.0000
vn 0.3190 0.9317 -0.1736
vn 0.2380 0.9398 -0.2453
vn 0.1283 0.9467 -0.2955
vn -0.0000 0.9494 -0.3139
vn -0.1283 0.9467 -0.2955
vn -0.2380 0.9398 -0.2453
vn -0.3190 0.9317 -0.1736
vn -0.3679 0.9255 -0.0896
vn -0.3842 0.9233 -0.0000
vn -0.3679 0.9255 0.0896
vn -0.3190 0.9317 0.1736
vn -0.2380 0.9398 0.2453
vn -0.1283 0.9467 0.2955
vn -0.0000 0.9494 0.3139
vn 0.1283 0.9467 0.2955
vn 0.2380 0.9398 0.2453
vn 0.3190 0.9317 0.1736
vn 0.3679 0.9255 0.0896
vn -0.0000 0.2425 -0.9701
vn 0.3713 0.2425 -0.8963
vn 0.6860 0.2425 -0.6860
vn 0.8963 0.2425 -0.3713
vn 0.9701 0.2425 -0.0000
vn 0.8963 0.2425 0.3713
vn 0.6860 0.2425 0.6860
vn 0.3713 0.2425 0.8963
vn -0.0000 0.2425 0.9701
vn -0.3713 0.2425 0.8963
vn -0.6860 0.2425 0.6860
vn -0.8963 0.2425 0.3713
vn -0.9701 0.2425 -0.0000
vn -0.8963 0.2425 -0.3713
vn -0.6860 0.2425 -0.6860
vn -0.3713 0.2425 -0.8963
vn -0.4277 -0.7842 0.4497
vn 0.4277 -0.7841 0.4497
vn 0.4277 0.7841 -0.4497
vn -0.6482 0.7442 -0.1610
vn -0.6482 0.7442 0.1610
vn 0.4277 0.7841 0.4497
vn -0.0000 0.2095 -0.9778
vn 0.3022 0.2095 -0.9299
vn 0.5747 0.2095 -0.7911
vn 0.7911 0.2095 -0.5747
vn 0.9299 0.2095 -0.3022
vn 0.9778 0.2095 -0.0000
vn 0.9299 0.2095 0.3022
vn 0.7911 0.2095 0.5747
vn 0.5747 0.2095 0.7911
vn 0.3022 0.2095 0.9299
vn -0.0000 0.2095 0.9778
vn -0.3022 0.2095 0.9299
vn -0.5747 0.2095 0.7911
vn -0.7911 0.2095 0.5747
vn -0.9299 0.2095 0.3022
vn -0.9778 0.2095 -0.0000
vn -0.9299 0.2095 -0.3022
vn -0.7911 0.2095 -0.5747
vn -0.5747 0.2095 -0.7911
vn -0.3022 0.2095 -0.9299
vn -0.0864 0.3306 0.9398
vn 0.0864 -0.3306 0.9398
vn -0.9088 0.3610 0.2091
vn -0.8980 0.3349 0.2855
vn -0.3538 0.8718 0.3389
vn -0.3483 0.8603 0.3722
vn 0.4096 0.8718 0.2688
vn 0.4047 0.8823 0.2405
vn 0.9317 0.3610 0.0401
vn 0.9212 0.3878 -0.0326
vn 0.9086 -0.3602 -0.2115
vn 0.8977 -0.3344 -0.2867
vn 0.8978 -0.3344 -0.2867
vn 0.3538 -0.8716 -0.3394
vn 0.3483 -0.8602 -0.3725
vn -0.4096 -0.8716 -0.2692
vn -0.4047 -0.8822 -0.2407
vn -0.9319 -0.3601 -0.0424
vn -0.9214 -0.3874 0.0315
vn -0.9214 -0.3874 0.0316
vn -0.8562 0.2800 0.4341
vn -0.3292 0.8350 0.4409
vn 0.3907 0.9008 0.1895
vn 0.8817 0.4390 -0.1730
vn 0.8562 -0.2800 -0.4342
vn 0.3292 -0.8350 -0.4410
vn -0.3907 -0.9008 -0.1894
vn -0.8817 -0.4390 0.1731
vn -0.8816 -0.4390 0.1731
vn -0.7869 0.2246 0.5748
vn -0.2938 0.8067 0.5128
vn 0.3714 0.9162 0.1504
vn 0.8190 0.4890 -0.3001
vn 0.7868 -0.2246 -0.5749
vn 0.2937 -0.8067 -0.5129
vn -0.3714 -0.9162 -0.1504
vn -0.8190 -0.4891 0.3002
vn -0.6916 0.1684 0.7024
vn -0.2408 0.7754 0.5837
vn 0.3511 0.9282 0.1232
vn 0.7373 0.5372 -0.4095
vn 0.7373 0.5373 -0.4095
vn 0.6916 -0.1684 -0.7024
vn 0.2407 -0.7754 -0.5839
vn -0.3511 -0.9282 -0.1232
vn -0.7372 -0.5373 0.4096
vn -0.5734 0.1115 0.8117
vn -0.1698 0.7412 0.6494
vn 0.3334 0.9367 0.1068
vn 0.6412 0.5835 -0.4984
vn 0.5734 -0.1115 -0.8117
vn 0.1696 -0.7412 -0.6495
vn -0.3334 -0.9367 -0.1068
vn -0.6411 -0.5835 0.4985
vn -0.6411 -0.5836 0.4985
vn -0.4363 0.0542 0.8982
vn -0.4362 0.0542 0.8982
vn -0.0814 0.7043 0.7052
vn 0.3213 0.9418 0.0992
vn 0.5357 0.6276 -0.5649
vn 0.5357 0.6276 -0.5650
vn 0.4362 -0.0542 -0.8982
vn 0.0812 -0.7043 -0.7053
vn -0.3213 -0.9418 -0.0992
vn -0.5356 -0.6276 0.5650
vn -0.2851 -0.0032 0.9585
vn -0.2851 -0.0033 0.9585
vn 0.0226 0.6648 0.7467
vn 0.3172 0.9433 0.0975
vn 0.4260 0.6693 -0.6088
vn 0.2851 0.0032 -0.9585
vn -0.0228 -0.6647 -0.7467
vn -0.3172 -0.9433 -0.0975
vn -0.4258 -0.6694 0.6088
vn -0.1256 -0.0607 0.9902
vn -0.1255 -0.0607 0.9902
vn 0.1393 0.6228 0.7699
vn 0.3226 0.9414 0.0986
vn 0.3170 0.7086 -0.6304
vn 0.1256 0.0607 -0.9902
vn -0.1394 -0.6227 -0.7699
vn -0.3226 -0.9414 -0.0986
vn -0.3168 -0.7086 0.6305
vn 0.0365 -0.1180 0.9923
vn 0.2647 0.5784 0.7716
vn 0.3380 0.9359 0.0988
vn 0.2133 0.7452 -0.6318
vn -0.0365 0.1179 -0.9924
vn -0.0365 0.1180 -0.9923
vn -0.2649 -0.5784 -0.7716
vn -0.3381 -0.9359 -0.0988
vn -0.2131 -0.7452 0.6318
vn 0.1950 -0.1748 0.9651
vn 0.3944 0.5320 0.7493
vn 0.3629 0.9270 0.0945
vn 0.1189 0.7790 -0.6156
vn 0.1188 0.7790 -0.6156
vn -0.1949 0.1747 -0.9651
vn -0.1949 0.1748 -0.9651
vn -0.3946 -0.5319 -0.7493
vn -0.3630 -0.9270 -0.0945
vn -0.1187 -0.7791 0.6156
vn 0.3441 -0.2309 0.9101
vn 0.5231 0.4835 0.7018
vn 0.3957 0.9147 0.0824
vn 0.0366 0.8100 -0.5853
vn -0.3441 0.2309 -0.9101
vn -0.5232 -0.4835 -0.7018
vn -0.3958 -0.9146 -0.0824
vn -0.0365 -0.8101 0.5852
vn 0.4787 -0.2862 0.8300
vn 0.6454 0.4333 0.6291
vn 0.4341 0.8989 0.0596
vn -0.0314 0.8380 -0.5448
vn -0.4786 0.2862 -0.8301
vn -0.6455 -0.4332 -0.6290
vn -0.4342 -0.8989 -0.0596
vn 0.0315 -0.8380 0.5448
vn 0.5941 -0.3405 0.7288
vn 0.7557 0.3814 0.5323
vn 0.7558 0.3814 0.5323
vn 0.4748 0.8798 0.0240
vn -0.0843 0.8628 -0.4985
vn -0.5940 0.3404 -0.7289
vn -0.7558 -0.3814 -0.5322
vn -0.7558 -0.3813 -0.5322
vn -0.4748 -0.8797 -0.0239
vn 0.0844 -0.8628 0.4984
vn 0.6869 -0.3934 0.6110
vn 0.8491 0.3281 0.4139
vn 0.5140 0.8574 -0.0258
vn -0.1222 0.8844 -0.4504
vn -0.6869 0.3934 -0.6111
vn -0.8492 -0.3281 -0.4138
vn -0.5140 -0.8574 0.0259
vn 0.1223 -0.8845 0.4503
vn 0.7548 -0.4449 0.4820
vn 0.9210 0.2736 0.2774
vn 0.5477 0.8319 -0.0898
vn -0.1464 0.9028 -0.4044
vn -0.7548 0.4449 -0.4821
vn -0.9210 -0.2736 -0.2773
vn -0.5477 -0.8318 0.0899
vn 0.1464 -0.9028 0.4044
vn 0.7966 -0.4948 0.3472
vn 0.9676 0.2181 0.1273
vn 0.5717 0.8032 -0.1672
vn -0.1590 0.9178 -0.3639
vn -0.7966 0.4947 -0.3473
vn -0.9676 -0.2181 -0.1272
vn -0.5718 -0.8032 0.1674
vn 0.1590 -0.9178 0.3638
vn 0.8126 -0.5428 0.2122
vn 0.9863 0.1618 -0.0311
vn 0.5823 0.7716 -0.2562
vn -0.1629 0.9294 -0.3313
vn -0.8126 0.5428 -0.2124
vn -0.8126 0.5428 -0.2123
vn -0.9863 -0.1618 0.0311
vn -0.5823 -0.7715 0.2563
vn 0.1629 -0.9294 0.3313
vn 0.8041 -0.5888 0.0823
vn 0.8041 -0.5888 0.0822
vn 0.9758 0.1049 -0.1919
vn 0.5759 0.7371 -0.3536
vn -0.1614 0.9375 -0.3084
vn -0.8041 0.5888 -0.0824
vn -0.9758 -0.1048 0.1919
vn -0.5759 -0.7370 0.3538
vn 0.1614 -0.9375 0.3083
vn 0.7735 -0.6326 -0.0379
vn 0.7735 -0.6326 -0.0380
vn 0.9359 0.0475 -0.3491
vn 0.5500 0.6998 -0.4558
vn -0.1581 0.9421 -0.2956
vn -0.7736 0.6326 0.0378
vn -0.9359 -0.0475 0.3491
vn -0.9359 -0.0475 0.3492
vn -0.5499 -0.6998 0.4560
vn 0.1581 -0.9421 0.2956
vn 0.7244 -0.6741 -0.1445
vn 0.8677 -0.0100 -0.4969
vn 0.5028 0.6600 -0.5582
vn -0.1568 0.9433 -0.2926
vn -0.7245 0.6740 0.1444
vn -0.8677 0.0100 0.4969
vn -0.5027 -0.6599 0.5584
vn 0.1568 -0.9433 0.2926
vn 0.6607 -0.7130 -0.2346
vn 0.7739 -0.0674 -0.6298
vn 0.7738 -0.0674 -0.6298
vn 0.4337 0.6177 -0.6560
vn -0.1606 0.9409 -0.2981
vn -0.6608 0.7130 0.2345
vn -0.7739 0.0674 0.6297
vn -0.7739 0.0674 0.6298
vn -0.4336 -0.6177 0.6561
vn -0.4336 -0.6176 0.6561
vn 0.1606 -0.9409 0.2981
vn 0.5871 -0.7493 -0.3063
vn 0.6579 -0.1246 -0.7428
vn 0.6578 -0.1246 -0.7428
vn 0.3433 0.5731 -0.7441
vn -0.1725 0.9351 -0.3096
vn -0.5872 0.7493 0.3062
vn -0.6579 0.1246 0.7427
vn -0.3431 -0.5731 0.7442
vn 0.1725 -0.9351 0.3097
vn 0.5082 -0.7829 -0.3590
vn 0.5243 -0.1814 -0.8320
vn 0.2333 0.5264 -0.8176
vn -0.1944 0.9258 -0.3243
vn -0.5083 0.7828 0.3589
vn -0.5243 0.1813 0.8320
vn -0.2332 -0.5264 0.8177
vn -0.2332 -0.5263 0.8177
vn 0.1945 -0.9257 0.3243
vn 0.4286 -0.8135 -0.3932
vn 0.3785 -0.2374 -0.8946
vn 0.3784 -0.2374 -0.8947
vn 0.1067 0.4777 -0.8720
vn -0.2276 0.9130 -0.3386
vn -0.4287 0.8134 0.3932
vn -0.3785 0.2374 0.8946
vn -0.1066 -0.4777 0.8720
vn 0.2277 -0.9130 0.3386
vn 0.3524 -0.8411 -0.4104
vn 0.2261 -0.2926 -0.9291
vn -0.0326 0.4273 -0.9035
vn -0.2722 0.8968 -0.3487
vn -0.3525 0.8410 0.4104
vn -0.2262 0.2926 0.9291
vn 0.0327 -0.4272 0.9035
vn 0.2723 -0.8968 0.3487
vn 0.2832 -0.8655 -0.4131
vn 0.0731 -0.3467 -0.9351
vn 0.0730 -0.3467 -0.9351
vn -0.1798 0.3753 -0.9093
vn -0.1798 0.3752 -0.9093
vn -0.3274 0.8773 -0.3509
vn -0.2833 0.8655 0.4131
vn -0.0732 0.3467 0.9351
vn 0.1799 -0.3752 0.9093
vn 0.3275 -0.8773 0.3508
vn 0.2236 -0.8868 -0.4045
vn -0.0749 -0.3995 -0.9137
vn -0.3294 0.3218 -0.8876
vn -0.3295 0.3218 -0.8876
vn -0.3911 0.8546 -0.3416
vn -0.2237 0.8867 0.4045
vn 0.0748 0.3995 0.9137
vn 0.3296 -0.3218 0.8876
vn 0.3912 -0.8546 0.3416
vn 0.1755 -0.9047 -0.3882
vn -0.2125 -0.4508 -0.8669
vn -0.4759 0.2672 -0.8379
vn -0.4606 0.8287 -0.3180
vn -0.1756 0.9047 0.3882
vn 0.2123 0.4508 0.8670
vn 0.2124 0.4508 0.8670
vn 0.4760 -0.2672 0.8379
vn 0.4607 -0.8286 0.3180
vn 0.1395 -0.9193 -0.3680
vn -0.3351 -0.5005 -0.7983
vn -0.6133 0.2116 -0.7610
vn -0.5322 0.7997 -0.2779
vn -0.1395 0.9193 0.3680
vn 0.3350 0.5004 0.7983
vn 0.6133 -0.2115 0.7610
vn 0.5324 -0.7996 0.2778
vn 0.1151 -0.9305 -0.3477
vn -0.4391 -0.5483 -0.7117
vn -0.7360 0.1552 -0.6589
vn -0.7361 0.1552 -0.6589
vn -0.6018 0.7677 -0.2201
vn -0.1152 0.9305 0.3478
vn 0.4390 0.5482 0.7119
vn 0.4390 0.5482 0.7118
vn 0.7361 -0.1551 0.6589
vn 0.6020 -0.7676 0.2199
vn 0.1012 -0.9382 -0.3309
vn -0.5219 -0.5940 -0.6121
vn -0.8392 0.0982 -0.5349
vn -0.6649 0.7329 -0.1443
vn -0.1012 0.9382 0.3310
vn 0.5218 0.5940 0.6123
vn 0.8392 -0.0982 0.5349
vn 0.8392 -0.0982 0.5348
vn 0.6650 -0.7328 0.1441
vn 0.0953 -0.9425 -0.3205
vn -0.5821 -0.6376 -0.5046
vn -0.9185 0.0408 -0.3933
vn -0.9185 0.0408 -0.3932
vn -0.7168 0.6953 -0.0515
vn -0.7169 0.6953 -0.0515
vn -0.0953 0.9424 0.3205
vn 0.5821 0.6375 0.5047
vn 0.9185 -0.0408 0.3932
vn 0.7169 -0.6953 0.0514
vn 0.0946 -0.9432 -0.3185
vn -0.6196 -0.6788 -0.3942
vn -0.9708 -0.0167 -0.2391
vn -0.9709 -0.0167 -0.2391
vn -0.7534 0.6552 0.0560
vn -0.7534 0.6552 0.0561
vn -0.0946 0.9432 0.3185
vn 0.6196 0.6787 0.3944
vn 0.9708 0.0167 0.2391
vn 0.9709 0.0167 0.2391
vn 0.7534 -0.6551 -0.0562
vn 0.0958 -0.9404 -0.3263
vn -0.6353 -0.7174 -0.2859
vn -0.9942 -0.0741 -0.0782
vn -0.7707 0.6126 0.1753
vn -0.0957 0.9404 0.3262
vn 0.6353 0.7173 0.2861
vn 0.9942 0.0741 0.0782
vn 0.7707 -0.6126 -0.1755
vn 0.0950 -0.9342 -0.3440
vn -0.6313 -0.7534 -0.1841
vn -0.9878 -0.1313 0.0835
vn -0.7657 0.5678 0.3022
vn -0.0950 0.9342 0.3439
vn 0.6313 0.7533 0.1843
vn 0.9878 0.1312 -0.0835
vn 0.7657 -0.5677 -0.3023
vn 0.0890 -0.9244 -0.3709
vn -0.6105 -0.7866 -0.0925
vn -0.9524 -0.1879 0.2400
vn -0.7364 0.5208 0.4318
vn -0.0890 0.9244 0.3708
vn 0.6106 0.7865 0.0926
vn 0.9524 0.1879 -0.2399
vn 0.7364 -0.5208 -0.4320
vn 0.7363 -0.5208 -0.4320
vn 0.0742 -0.9112 -0.4051
vn -0.5767 -0.8168 -0.0138
vn -0.8899 -0.2439 0.3856
vn -0.8898 -0.2439 0.3856
vn -0.6818 0.4719 0.5590
vn -0.0743 0.9113 0.4050
vn 0.5768 0.8168 0.0139
vn 0.8899 0.2439 -0.3855
vn 0.6817 -0.4719 -0.5591
vn 0.0482 -0.8947 -0.4441
vn -0.5339 -0.8441 0.0503
vn -0.8032 -0.2990 0.5152
vn -0.6021 0.4213 0.6782
vn -0.0482 0.8947 0.4440
vn 0.5339 0.8440 -0.0502
vn 0.8033 0.2989 -0.5151
vn 0.8033 0.2990 -0.5151
vn 0.6021 -0.4212 -0.6783
vn 0.6020 -0.4212 -0.6783
vn 0.0089 -0.8748 -0.4844
vn -0.4863 -0.8682 0.0992
vn -0.6966 -0.3529 0.6246
vn -0.4990 0.3691 0.7841
vn -0.0090 0.8749 0.4843
vn 0.4863 0.8681 -0.0991
vn 0.6967 0.3529 -0.6245
vn 0.4989 -0.3690 -0.7841
vn 0.4989 -0.3690 -0.7842
vn -0.0446 -0.8517 -0.5222
vn -0.4380 -0.8890 0.1333
vn -0.5749 -0.4056 0.7106
vn -0.3752 0.3155 0.8716
vn -0.3751 0.3155 0.8716
vn 0.0445 0.8517 0.5221
vn 0.4381 0.8890 -0.1332
vn 0.5750 0.4055 -0.7105
vn 0.3751 -0.3155 -0.8717
vn 0.3750 -0.3155 -0.8717
vn -0.1122 -0.8254 -0.5533
vn -0.3928 -0.9066 0.1541
vn -0.4435 -0.4567 0.7712
vn -0.4434 -0.4567 0.7712
vn -0.2344 0.2608 0.9365
vn -0.2344 0.2607 0.9365
vn 0.1120 0.8254 0.5533
vn 0.3929 0.9066 -0.1541
vn 0.4436 0.4567 -0.7712
vn 0.2343 -0.2607 -0.9365
vn 0.2343 -0.2607 -0.9366
vn -0.1927 -0.7960 -0.5737
vn -0.3539 -0.9208 0.1640
vn -0.3078 -0.5062 0.8056
vn -0.0815 0.2050 0.9754
vn 0.1926 0.7961 0.5737
vn 0.3540 0.9208 -0.1640
vn 0.3079 0.5061 -0.8056
vn 0.0814 -0.2050 -0.9754
vn -0.2840 -0.7637 -0.5797
vn -0.3234 -0.9316 0.1660
vn -0.1734 -0.5537 0.8144
vn 0.0780 0.1485 0.9858
vn 0.0781 0.1485 0.9858
vn 0.2839 0.7638 0.5797
vn 0.3235 0.9316 -0.1660
vn 0.1736 0.5537 -0.8144
vn -0.0781 -0.1485 -0.9858
vn -0.3828 -0.7286 -0.5680
vn -0.3029 -0.9389 0.1635
vn -0.0455 -0.5992 0.7993
vn 0.2384 0.0915 0.9668
vn 0.3827 0.7286 0.5680
vn 0.3029 0.9389 -0.1635
vn 0.0457 0.5992 -0.7993
vn -0.2384 -0.0915 -0.9668
vn -0.4852 -0.6907 -0.5362
vn -0.2925 -0.9427 0.1603
vn 0.0715 -0.6425 0.7629
vn 0.3935 0.0341 0.9187
vn 0.4850 0.6908 0.5363
vn 0.2925 0.9427 -0.1603
vn -0.0713 0.6424 -0.7630
vn -0.0713 0.6425 -0.7630
vn -0.3935 -0.0341 -0.9187
vn -0.5865 -0.6503 -0.4829
vn -0.2917 -0.9430 0.1599
vn 0.1739 -0.6834 0.7090
vn 0.5376 -0.0234 0.8429
vn 0.5863 0.6504 0.4830
vn 0.5863 0.6503 0.4830
vn 0.2917 0.9430 -0.1599
vn -0.1738 0.6833 -0.7091
vn -0.5376 0.0234 -0.8429
vn -0.6817 -0.6075 -0.4078
vn -0.6817 -0.6074 -0.4078
vn -0.2988 -0.9399 0.1655
vn 0.2592 -0.7217 0.6418
vn 0.6652 -0.0808 0.7423
vn 0.6816 0.6075 0.4079
vn 0.2988 0.9399 -0.1655
vn -0.2591 0.7217 -0.6419
vn -0.6652 0.0808 -0.7423
vn -0.7659 -0.5624 -0.3118
vn -0.7659 -0.5623 -0.3118
vn -0.3112 -0.9332 0.1797
vn 0.3257 -0.7574 0.5659
vn 0.7718 -0.1379 0.6207
vn 0.7658 0.5624 0.3119
vn 0.3112 0.9332 -0.1796
vn -0.3256 0.7574 -0.5660
vn -0.3257 0.7574 -0.5660
vn -0.7718 0.1379 -0.6207
vn -0.8341 -0.5152 -0.1970
vn -0.3259 -0.9231 0.2044
vn 0.3733 -0.7903 0.4859
vn 0.8537 -0.1945 0.4830
vn 0.8538 -0.1945 0.4830
vn 0.8341 0.5152 0.1971
vn 0.3259 0.9231 -0.2043
vn -0.3732 0.7902 -0.4861
vn -0.8537 0.1945 -0.4830
vn -0.8822 -0.4661 -0.0666
vn -0.3392 -0.9095 0.2404
vn 0.4026 -0.8202 0.4065
vn 0.9085 -0.2504 0.3346
vn 0.8822 0.4661 0.0667
vn 0.3392 0.9095 -0.2403
vn -0.4026 0.8201 -0.4066
vn -0.9085 0.2503 -0.3347
vn -0.9085 0.2504 -0.3346
vn -0.9066 -0.4152 0.0752
vn -0.3473 -0.8925 0.2877
vn 0.4155 -0.8471 0.3315
vn 0.9348 -0.3053 0.1813
vn 0.9348 -0.3053 0.1812
vn 0.9066 0.4153 -0.0751
vn 0.3473 0.8926 -0.2876
vn -0.4154 0.8470 -0.3316
vn -0.9348 0.3053 -0.1814
vn -0.9348 0.3053 -0.1813
vn -0.9046 -0.3629 0.2235
vn -0.3465 -0.8723 0.3450
vn 0.4146 -0.8708 0.2644
vn 0.9328 -0.3591 0.0289
vn 0.9328 -0.3592 0.0289
vn 0.9047 0.3629 -0.2234
vn 0.3465 0.8723 -0.3449
vn -0.4146 0.8707 -0.2645
vn -0.9328 0.3591 -0.0290
vn -0.8750 -0.3091 0.3726
vn -0.8750 -0.3091 0.3727
vn -0.3335 -0.8488 0.4103
vn 0.4033 -0.8913 0.2075
vn 0.9038 -0.4116 -0.1168
vn 0.8750 0.3092 -0.3725
vn 0.8750 0.3092 -0.3726
vn 0.3336 0.8488 -0.4101
vn -0.4033 0.8912 -0.2076
vn -0.9039 0.4116 0.1167
vn -0.8174 -0.2543 0.5169
vn -0.3056 -0.8221 0.4804
vn 0.3852 -0.9084 0.1623
vn 0.8504 -0.4626 -0.2508
vn 0.8174 0.2543 -0.5168
vn 0.8174 0.2543 -0.5169
vn 0.3056 0.8222 -0.4802
vn -0.3853 0.9084 -0.1624
vn -0.8504 0.4625 0.2506
vn -0.7331 -0.1985 0.6505
vn -0.7331 -0.1985 0.6506
vn -0.2607 -0.7924 0.5515
vn 0.3644 -0.9222 0.1293
vn 0.7760 -0.5118 -0.3686
vn 0.7331 0.1985 -0.6505
vn 0.2607 0.7925 -0.5514
vn -0.3644 0.9222 -0.1293
vn -0.7761 0.5118 0.3685
vn -0.6244 -0.1419 0.7681
vn -0.1979 -0.7598 0.6193
vn 0.3444 -0.9326 0.1077
vn 0.6850 -0.5591 -0.4670
vn 0.6244 0.1419 -0.7681
vn 0.1980 0.7598 -0.6192
vn -0.3445 0.9326 -0.1078
vn -0.6852 0.5591 0.4669
vn -0.6851 0.5591 0.4669
vn -0.4949 -0.0848 0.8648
vn -0.1174 -0.7243 0.6794
vn 0.3288 -0.9395 0.0960
vn 0.5824 -0.6044 -0.5436
vn 0.4950 0.0848 -0.8648
vn 0.4949 0.0848 -0.8648
vn 0.1176 0.7243 -0.6793
vn -0.3288 0.9395 -0.0960
vn -0.5825 0.6043 0.5435
vn -0.5825 0.6043 0.5436
vn -0.3492 -0.0274 0.9366
vn -0.0205 -0.6861 0.7272
vn 0.3201 -0.9429 0.0917
vn 0.4732 -0.6474 -0.5975
vn 0.3492 0.0274 -0.9366
vn 0.0207 0.6862 -0.7271
vn -0.3201 0.9429 -0.0917
vn -0.4733 0.6473 0.5974
vn -0.1926 0.0301 0.9808
vn -0.1925 0.0301 0.9808
vn 0.0904 -0.6454 0.7585
vn 0.3203 -0.9429 0.0918
vn 0.3626 -0.6880 -0.6287
vn 0.1925 -0.0301 -0.9808
vn -0.0903 0.6455 -0.7584
vn -0.3203 0.9429 -0.0918
vn -0.3627 0.6879 0.6286
vn -0.0308 0.0875 0.9957
vn 0.2120 -0.6023 0.7696
vn 0.3304 -0.9393 0.0927
vn 0.2553 -0.7260 -0.6385
vn 0.0308 -0.0875 -0.9957
vn 0.0307 -0.0875 -0.9957
vn -0.2118 0.6024 -0.7696
vn -0.3304 0.9393 -0.0927
vn -0.2555 0.7260 0.6385
vn 0.1301 0.1445 0.9809
vn 0.3398 -0.5570 0.7579
vn 0.3504 -0.9322 0.0909
vn 0.1557 -0.7614 -0.6293
vn -0.1301 -0.1445 -0.9809
vn -0.3396 0.5570 -0.7579
vn -0.3503 0.9322 -0.0909
vn -0.1558 0.7613 0.6294
vn 0.2841 0.2010 0.9375
vn 0.4690 -0.5095 0.7214
vn 0.3791 -0.9216 0.0828
vn 0.0671 -0.7939 -0.6043
vn -0.2841 -0.2011 -0.9375
vn -0.2842 -0.2011 -0.9375
vn -0.4688 0.5096 -0.7215
vn -0.4689 0.5096 -0.7215
vn -0.3790 0.9217 -0.0828
vn -0.0672 0.7939 0.6044
vn 0.4257 0.2568 0.8677
vn 0.5942 -0.4602 0.6596
vn 0.4145 -0.9077 0.0653
vn -0.0080 -0.8235 -0.5673
vn -0.4258 -0.2568 -0.8676
vn -0.5941 0.4603 -0.6597
vn -0.4145 0.9077 -0.0653
vn 0.0079 0.8234 0.5674
vn 0.5500 0.3116 0.7748
vn 0.5501 0.3116 0.7748
vn 0.7099 -0.4092 0.5732
vn 0.4539 -0.8904 0.0359
vn -0.0681 -0.8500 -0.5224
vn -0.5501 -0.3117 -0.7747
vn -0.7098 0.4092 -0.5733
vn -0.4538 0.8904 -0.0360
vn 0.0680 0.8499 0.5225
vn 0.6532 0.3653 0.6633
vn 0.6532 0.3653 0.6632
vn 0.8109 -0.3567 0.4640
vn 0.4935 -0.8697 -0.0070
vn -0.1130 -0.8733 -0.4738
vn -0.6533 -0.3653 -0.6632
vn -0.8108 0.3567 -0.4641
vn -0.4934 0.8698 0.0069
vn 0.1129 0.8733 0.4739
vn 0.7322 0.4176 0.5380
vn 0.8922 -0.3028 0.3350
vn 0.5296 -0.8458 -0.0642
vn -0.1433 -0.8934 -0.4257
vn -0.7323 -0.4177 -0.5379
vn -0.8922 0.3028 -0.3351
vn -0.5295 0.8459 0.0641
vn 0.1433 0.8934 0.4258
vn 0.7855 0.4684 0.4046
vn 0.9499 -0.2478 0.1904
vn 0.5579 -0.8188 -0.1352
vn -0.1610 -0.9102 -0.3816
vn -0.7855 -0.4684 -0.4044
vn -0.9499 0.2478 -0.1905
vn -0.5579 0.8189 0.1351
vn 0.1609 0.9102 0.3817
vn 0.8125 0.5174 0.2685
vn 0.9808 -0.1919 0.0352
vn 0.5745 -0.7888 -0.2187
vn -0.1683 -0.9236 -0.3444
vn -0.8126 -0.5174 -0.2683
vn -0.9808 0.1919 -0.0353
vn -0.9808 0.1919 -0.0352
vn -0.5745 0.7888 0.2185
vn 0.1683 0.9236 0.3444
vn 0.8143 0.5645 0.1352
vn 0.9829 -0.1353 -0.1251
vn 0.5757 -0.7558 -0.3121
vn -0.1687 -0.9336 -0.3161
vn -0.8143 -0.5645 -0.1350
vn -0.9829 0.1353 0.1251
vn -0.5757 0.7558 0.3119
vn 0.1687 0.9336 0.3162
vn 0.7928 0.6095 0.0096
vn 0.7927 0.6095 0.0096
vn 0.9555 -0.0781 -0.2845
vn 0.5585 -0.7200 -0.4119
vn -0.1656 -0.9401 -0.2980
vn -0.7927 -0.6095 -0.0095
vn -0.9555 0.0781 0.2845
vn -0.5586 0.7200 0.4118
vn 0.1656 0.9401 0.2980
vn 0.7509 0.6522 -0.1039
vn 0.8992 -0.0207 -0.4370
vn 0.5208 -0.6815 -0.5141
vn -0.1626 -0.9431 -0.2900
vn -0.7508 -0.6523 0.1040
vn -0.8992 0.0207 0.4370
vn -0.5209 0.6816 0.5140
vn 0.1626 0.9431 0.2900
vn 0.6926 0.6925 -0.2020
vn 0.8160 0.0368 -0.5769
vn 0.4614 -0.6405 -0.6139
vn -0.1634 -0.9426 -0.2912
vn -0.6925 -0.6926 0.2021
vn -0.8160 -0.0368 0.5769
vn -0.4615 0.6406 0.6137
vn 0.1634 0.9426 0.2912
vn 0.6221 0.7302 -0.2823
vn 0.7090 0.0941 -0.6989
vn 0.7089 0.0941 -0.6990
vn 0.3805 -0.5971 -0.7062
vn -0.1708 -0.9386 -0.2997
vn -0.6220 -0.7303 0.2824
vn -0.7089 -0.0941 0.6990
vn -0.7089 -0.0942 0.6990
vn -0.3806 0.5972 0.7061
vn 0.1708 0.9386 0.2997
vn 0.5443 0.7653 -0.3437
vn 0.5822 0.1511 -0.7989
vn 0.2791 -0.5515 -0.7861
vn -0.1875 -0.9311 -0.3128
vn -0.5441 -0.7653 0.3438
vn -0.5822 -0.1512 0.7989
vn -0.2792 0.5516 0.7860
vn 0.1874 0.9312 0.3128
vn 0.4637 0.7975 -0.3861
vn 0.4408 0.2076 -0.8733
vn 0.1597 -0.5039 -0.8489
vn -0.2149 -0.9202 -0.3272
vn -0.4635 -0.7975 0.3862
vn -0.4407 -0.2076 0.8733
vn -0.1598 0.5039 0.8488
vn 0.2148 0.9202 0.3272
vn 0.3847 0.8267 -0.4107
vn 0.2903 0.2633 -0.9200
vn 0.0258 -0.4544 -0.8904
vn -0.2537 -0.9058 -0.3392
vn -0.3845 -0.8267 0.4107
vn -0.2902 -0.2633 0.9200
vn -0.0259 0.4544 0.8904
vn 0.2536 0.9059 0.3392
vn 0.3112 0.8528 -0.4194
vn 0.1365 0.3180 -0.9382
vn -0.1182 -0.4032 -0.9075
vn -0.1182 -0.4031 -0.9075
vn -0.3035 -0.8881 -0.3451
vn -0.3110 -0.8529 0.4194
vn -0.1364 -0.3180 0.9382
vn 0.1180 0.4032 0.9075
vn 0.3034 0.8882 0.3451
vn 0.2462 0.8758 -0.4151
vn -0.0147 0.3715 -0.9283
vn -0.2670 -0.3504 -0.8977
vn -0.2671 -0.3504 -0.8977
vn -0.3629 -0.8671 -0.3412
vn -0.2461 -0.8758 0.4151
vn 0.0148 -0.3715 0.9283
vn 0.2669 0.3505 0.8977
vn 0.3628 0.8671 0.3413
vn 0.1921 0.8955 -0.4014
vn -0.1577 0.4236 -0.8920
vn -0.4152 -0.2964 -0.8601
vn -0.4295 -0.8428 -0.3243
vn -0.1920 -0.8956 0.4014
vn 0.1578 -0.4237 0.8920
vn 0.1579 -0.4237 0.8920
vn 0.4151 0.2965 0.8601
vn 0.4152 0.2965 0.8601
vn 0.4293 0.8429 0.3244
vn 0.1500 0.9119 -0.3820
vn -0.2877 0.4742 -0.8321
vn -0.5569 -0.2413 -0.7947
vn -0.4998 -0.8155 -0.2919
vn -0.1499 -0.9120 0.3819
vn 0.2878 -0.4742 0.8320
vn 0.2879 -0.4742 0.8320
vn 0.5568 0.2414 0.7948
vn 0.5568 0.2413 0.7948
vn 0.4997 0.8155 0.2919
vn 0.1199 0.9249 -0.3607
vn -0.4005 0.5230 -0.7524
vn -0.4006 0.5230 -0.7524
vn -0.6864 -0.1853 -0.7032
vn -0.5701 -0.7851 -0.2422
vn -0.1198 -0.9250 0.3607
vn 0.4007 -0.5230 0.7523
vn 0.6863 0.1853 0.7033
vn 0.5700 0.7851 0.2423
vn 0.1009 0.9345 -0.3413
vn -0.4931 0.5698 -0.6574
vn -0.7984 -0.1286 -0.5883
vn -0.6359 -0.7517 -0.1746
vn -0.1009 -0.9345 0.3413
vn 0.4932 -0.5699 0.6572
vn 0.7983 0.1286 0.5883
vn 0.7984 0.1286 0.5883
vn 0.6358 0.7518 0.1747
vn 0.0913 0.9406 -0.3269
vn -0.5635 0.6146 -0.5521
vn -0.8883 -0.0715 -0.4537
vn -0.8883 -0.0714 -0.4537
vn -0.6927 -0.7156 -0.0896
vn -0.0913 -0.9406 0.3269
vn 0.5636 -0.6146 0.5519
vn 0.8883 0.0715 0.4537
vn 0.6926 0.7157 0.0897
vn 0.0884 0.9432 -0.3202
vn -0.6110 0.6570 -0.4416
vn -0.9525 -0.0140 -0.3043
vn -0.7360 -0.6769 0.0113
vn -0.7360 -0.6768 0.0113
vn -0.0884 -0.9432 0.3202
vn 0.6110 -0.6571 0.4415
vn 0.9525 0.0140 0.3043
vn 0.7360 0.6769 -0.0111
vn 0.0890 0.9423 -0.3226
vn -0.6360 0.6971 -0.3311
vn -0.9884 0.0435 -0.1456
vn -0.9884 0.0435 -0.1455
vn -0.7618 -0.6356 0.1253
vn -0.0890 -0.9423 0.3226
vn 0.6360 -0.6971 0.3310
vn 0.9884 -0.0435 0.1456
vn 0.9884 -0.0435 0.1455
vn 0.7618 0.6356 -0.1251
vn 0.0894 0.9379 -0.3351
vn -0.6402 0.7345 -0.2253
vn -0.9948 0.1008 0.0166
vn -0.7666 -0.5919 0.2488
vn -0.0895 -0.9379 0.3351
vn 0.6401 -0.7345 0.2251
vn 0.9948 -0.1008 -0.0166
vn 0.7667 0.5920 -0.2486
vn 0.0862 0.9301 -0.3571
vn -0.6261 0.7692 -0.1280
vn -0.9716 0.1578 0.1762
vn -0.7480 -0.5461 0.3772
vn -0.0862 -0.9300 0.3572
vn 0.6260 -0.7692 0.1279
vn 0.9716 -0.1578 -0.1762
vn 0.7480 0.5461 -0.3771
vn 0.0759 0.9187 -0.3875
vn -0.5971 0.8010 -0.0427
vn -0.9204 0.2141 0.3273
vn -0.9203 0.2141 0.3273
vn -0.7044 -0.4982 0.5055
vn -0.7044 -0.4982 0.5056
vn -0.0759 -0.9187 0.3876
vn 0.5971 -0.8011 0.0425
vn 0.9203 -0.2141 -0.3273
vn 0.9203 -0.2142 -0.3274
vn 0.7045 0.4982 -0.5054
vn 0.0555 0.9040 -0.4240
vn -0.5572 0.8299 0.0286
vn -0.8435 0.2697 0.4645
vn -0.6356 -0.4485 0.6284
vn -0.0555 -0.9039 0.4240
vn 0.5571 -0.8299 -0.0287
vn 0.8434 -0.2697 -0.4646
vn 0.6357 0.4485 -0.6282
vn 0.6357 0.4485 -0.6283
vn 0.0228 0.8859 -0.4634
vn -0.5105 0.8557 0.0848
vn -0.7447 0.3243 0.5833
vn -0.5426 -0.3971 0.7402
vn -0.0227 -0.8858 0.4635
vn 0.5105 -0.8557 -0.0848
vn 0.7446 -0.3243 -0.5834
vn 0.5427 0.3971 -0.7401
vn -0.0238 0.8645 -0.5021
vn -0.4613 0.8783 0.1257
vn -0.6286 0.3776 0.6799
vn -0.4275 -0.3442 0.8359
vn 0.0239 -0.8644 0.5022
vn 0.4613 -0.8783 -0.1258
vn 0.6285 -0.3777 -0.6800
vn 0.4276 0.3442 -0.8358
vn 0.4276 0.3442 -0.8359
vn -0.0846 0.8399 -0.5362
vn -0.4136 0.8976 0.1525
vn -0.5002 0.4296 0.7518
vn -0.2938 -0.2901 0.9108
vn 0.0847 -0.8398 0.5362
vn 0.4135 -0.8976 -0.1525
vn 0.5001 -0.4296 -0.7519
vn 0.2939 0.2901 -0.9108
vn 0.2938 0.2901 -0.9108
vn -0.1589 0.8121 -0.5614
vn -0.3707 0.9136 0.1670
vn -0.3652 0.4800 0.7977
vn -0.1457 -0.2348 0.9610
vn -0.1457 -0.2348 0.9611
vn 0.1591 -0.8121 0.5615
vn 0.3706 -0.9136 -0.1670
vn 0.3651 -0.4800 -0.7977
vn 0.1458 0.2349 -0.9610
vn -0.2451 0.7814 -0.5739
vn -0.3353 0.9262 0.1722
vn -0.2291 0.5285 0.8174
vn 0.0114 -0.1787 0.9838
vn 0.2452 -0.7813 0.5739
vn 0.3353 -0.9263 -0.1722
vn 0.2289 -0.5286 -0.8174
vn -0.0114 0.1788 -0.9838
vn -0.3403 0.7477 -0.5702
vn -0.3094 0.9354 0.1711
vn -0.0972 0.5752 0.8122
vn 0.1720 -0.1220 0.9775
vn 0.3404 -0.7477 0.5702
vn 0.3093 -0.9354 -0.1711
vn 0.0971 -0.5752 -0.8122
vn -0.1719 0.1220 -0.9775
vn -0.1720 0.1220 -0.9775
vn -0.4409 0.7113 -0.5474
vn -0.2937 0.9411 0.1676
vn 0.0256 0.6196 0.7845
vn 0.3300 -0.0648 0.9418
vn 0.4410 -0.7112 0.5474
vn 0.2936 -0.9411 -0.1676
vn -0.0258 -0.6197 -0.7844
vn -0.3299 0.0648 -0.9418
vn -0.3300 0.0648 -0.9418
vn -0.5425 0.6722 -0.5038
vn -0.2879 0.9433 0.1651
vn 0.1353 0.6618 0.7373
vn 0.4794 -0.0073 0.8776
vn 0.5427 -0.6722 0.5037
vn 0.2879 -0.9433 -0.1651
vn -0.1355 -0.6619 -0.7373
vn -0.4794 0.0073 -0.8776
vn -0.6404 0.6307 -0.4384
vn -0.6404 0.6306 -0.4384
vn -0.2910 0.9420 0.1672
vn 0.2288 0.7016 0.6749
vn 0.6147 0.0502 0.7872
vn 0.6405 -0.6306 0.4383
vn 0.2910 -0.9420 -0.1672
vn -0.2290 -0.7016 -0.6748
vn -0.6147 -0.0502 -0.7872
vn -0.6147 -0.0502 -0.7871
vn -0.7294 0.5867 -0.3517
vn -0.3007 0.9372 0.1767
vn 0.3041 0.7387 0.6016
vn 0.7309 0.1075 0.6740
vn 0.7295 -0.5867 0.3516
vn 0.3008 -0.9372 -0.1767
vn -0.3042 -0.7387 -0.6014
vn -0.7309 -0.1075 -0.6740
vn -0.7309 -0.1075 -0.6739
vn -0.8047 0.5406 -0.2451
vn -0.3143 0.9289 0.1958
vn 0.3603 0.7730 0.5221
vn 0.8239 0.1644 0.5425
vn 0.8239 0.1644 0.5424
vn 0.8048 -0.5406 0.2450
vn 0.3143 -0.9289 -0.1959
vn -0.3604 -0.7731 -0.5220
vn -0.8239 -0.1644 -0.5424
vn -0.8618 0.4925 -0.1215
vn -0.3282 0.9172 0.2260
vn 0.3976 0.8045 0.4411
vn 0.8906 0.2206 0.3978
vn 0.8906 0.2207 0.3977
vn 0.8618 -0.4925 0.1213
vn 0.3282 -0.9172 -0.2261
vn -0.3977 -0.8046 -0.4410
vn -0.8906 -0.2207 -0.3977
vn -0.8966 0.4426 0.0155
vn -0.3387 0.9020 0.2676
vn 0.4175 0.8331 0.3629
vn 0.9292 0.2761 0.2456
vn 0.8966 -0.4426 -0.0157
vn 0.8966 -0.4425 -0.0157
vn 0.3388 -0.9020 -0.2677
vn -0.4176 -0.8331 -0.3628
vn -0.9292 -0.2761 -0.2455
vn -0.9292 -0.2762 -0.2455
vn -0.9061 0.3910 0.1612
vn -0.9061 0.3910 0.1613
vn -0.3422 0.8835 0.3198
vn 0.4222 0.8585 0.2911
vn 0.9393 0.3306 0.0918
vn 0.9061 -0.3910 -0.1614
vn 0.3422 -0.8835 -0.3199
vn -0.4222 -0.8585 -0.2910
vn -0.9393 -0.3306 -0.0917
vn -0.8885 0.3380 0.3103
vn -0.3349 0.8618 0.3810
vn 0.4149 0.8807 0.2286
vn 0.9216 0.3838 -0.0578
vn 0.8885 -0.3380 -0.3104
vn 0.8885 -0.3380 -0.3105
vn 0.3349 -0.8617 -0.3812
vn -0.4148 -0.8807 -0.2285
vn -0.9216 -0.3838 0.0579
vn -0.8429 0.2837 0.4571
vn -0.3140 0.8368 0.4486
vn 0.3990 0.8997 0.1774
vn 0.8782 0.4356 -0.1978
vn 0.8429 -0.2837 -0.4572
vn 0.3139 -0.8367 -0.4487
vn -0.3989 -0.8997 -0.1773
vn -0.8781 -0.4356 0.1980
vn -0.7700 0.2284 0.5958
vn -0.2770 0.8087 0.5190
vn 0.3784 0.9153 0.1382
vn 0.8120 0.4857 -0.3235
vn 0.7700 -0.2283 -0.5958
vn 0.2769 -0.8086 -0.5191
vn -0.3783 -0.9153 -0.1382
vn -0.8120 -0.4858 0.3236
vn -0.6715 0.1722 0.7207
vn -0.2225 0.7776 0.5881
vn 0.3570 0.9275 0.1111
vn 0.7273 0.5341 -0.4310
vn 0.7273 0.5341 -0.4311
vn 0.6715 -0.1721 -0.7207
vn 0.2224 -0.7775 -0.5882
vn -0.3569 -0.9275 -0.1110
vn -0.7272 -0.5341 0.4312
vn -0.5506 0.1153 0.8268
vn -0.1501 0.7436 0.6515
vn 0.3383 0.9363 0.0947
vn 0.6286 0.5805 -0.5176
vn 0.5505 -0.1153 -0.8268
vn 0.1500 -0.7436 -0.6516
vn -0.3383 -0.9363 -0.0947
vn -0.6285 -0.5805 0.5177
vn -0.6284 -0.5805 0.5177
vn -0.4113 0.0581 0.9097
vn -0.0607 0.7069 0.7047
vn 0.3255 0.9415 0.0870
vn 0.5210 0.6247 -0.5817
vn 0.4113 -0.0581 -0.9097
vn 0.4112 -0.0581 -0.9097
vn 0.0606 -0.7068 -0.7048
vn -0.3254 -0.9415 -0.0870
vn -0.5208 -0.6248 0.5817
vn -0.2586 0.0006 0.9660
vn 0.0438 0.6675 0.7433
vn 0.3207 0.9433 0.0853
vn 0.4097 0.6666 -0.6227
vn 0.2586 -0.0006 -0.9660
vn -0.0440 -0.6674 -0.7434
vn -0.3207 -0.9433 -0.0853
vn -0.4096 -0.6667 0.6228
vn -0.4095 -0.6667 0.6228
vn -0.0983 -0.0569 0.9935
vn -0.0982 -0.0569 0.9935
vn 0.1606 0.6256 0.7634
vn 0.3255 0.9416 0.0861
vn 0.2997 0.7060 -0.6416
vn 0.0983 0.0569 -0.9935
vn -0.1607 -0.6256 -0.7634
vn -0.1608 -0.6256 -0.7634
vn -0.3255 -0.9416 -0.0861
vn -0.2996 -0.7061 0.6417
vn -0.2995 -0.7061 0.6417
vn 0.0638 -0.1141 0.9914
vn 0.0639 -0.1142 0.9914
vn 0.2856 0.5815 0.7618
vn 0.3402 0.9364 0.0859
vn 0.1955 0.7428 -0.6403
vn -0.0638 0.1141 -0.9914
vn -0.2858 -0.5814 -0.7618
vn -0.3403 -0.9364 -0.0859
vn -0.1954 -0.7429 0.6403
vn 0.2217 -0.1710 0.9600
vn 0.4143 0.5351 0.7362
vn 0.3644 0.9277 0.0811
vn 0.1010 0.7769 -0.6215
vn -0.2216 0.1710 -0.9600
vn -0.4144 -0.5351 -0.7362
vn -0.4145 -0.5351 -0.7362
vn -0.3644 -0.9277 -0.0811
vn -0.1009 -0.7769 0.6215
vn 0.3695 -0.2272 0.9010
vn 0.5414 0.4868 0.6855
vn 0.3963 0.9156 0.0684
vn 0.0191 0.8080 -0.5888
vn -0.3694 0.2272 -0.9011
vn -0.5415 -0.4868 -0.6855
vn -0.5415 -0.4868 -0.6854
vn -0.3963 -0.9156 -0.0683
vn -0.0189 -0.8081 0.5888
vn 0.5020 -0.2826 0.8174
vn 0.6614 0.4367 0.6098
vn 0.4335 0.9000 0.0449
vn -0.0483 0.8362 -0.5463
vn -0.5019 0.2825 -0.8175
vn -0.6615 -0.4366 -0.6097
vn -0.4335 -0.9000 -0.0448
vn 0.0484 -0.8362 0.5462
vn 0.6149 -0.3369 0.7130
vn 0.7690 0.3849 0.5103
vn 0.4727 0.8812 0.0086
vn -0.1004 0.8612 -0.4982
vn -0.6148 0.3368 -0.7131
vn -0.7691 -0.3849 -0.5102
vn -0.4728 -0.8811 -0.0085
vn 0.1005 -0.8613 0.4981
vn 0.7048 -0.3899 0.5927
vn 0.8591 0.3317 0.3897
vn 0.5103 0.8590 -0.0416
vn -0.1375 0.8831 -0.4486
vn -0.7047 0.3899 -0.5928
vn -0.8592 -0.3317 -0.3896
vn -0.5103 -0.8590 0.0417
vn 0.1375 -0.8831 0.4485
vn 0.7694 -0.4415 0.4616
vn 0.9273 0.2773 0.2515
vn 0.5420 0.8337 -0.1060
vn -0.1607 0.9017 -0.4015
vn -0.7693 0.4415 -0.4618
vn -0.7693 0.4415 -0.4617
vn -0.9273 -0.2773 -0.2514
vn -0.5421 -0.8336 0.1061
vn 0.1607 -0.9017 0.4014
vn 0.8076 -0.4920 0.3251
vn 0.9700 0.2218 0.0997
vn 0.5635 0.8054 -0.1838
vn 0.5635 0.8054 -0.1839
vn -0.1723 0.9169 -0.3600
vn -0.8074 0.4916 -0.3261
vn -0.9698 -0.2222 -0.1009
vn -0.5635 -0.8055 0.1835
vn 0.1723 -0.9169 0.3599
vn 0.8179 -0.5156 0.2554
vn 0.9810 0.1931 0.0207
vn 0.5704 0.7897 -0.2258
vn -0.1755 0.9235 -0.3411
vn -0.8177 0.5150 -0.2574
vn -0.9807 -0.1940 -0.0233
vn -0.5704 -0.7900 0.2250
vn 0.1755 -0.9236 0.3409
vn 0.8787 0.2855 0.3827
vn 0.7474 0.5430 0.3827
vn 0.5430 0.7474 0.3827
vn 0.2855 0.8787 0.3827
vn -0.0000 0.9239 0.3827
vn -0.2855 0.8787 0.3827
vn -0.5430 0.7474 0.3827
vn -0.7474 0.5430 0.3827
vn -0.8787 0.2855 0.3827
vn -0.8787 -0.2855 0.3827
vn -0.7474 -0.5430 0.3827
vn -0.5430 -0.7474 0.3827
vn -0.2855 -0.8787 0.3827
vn -0.0000 -0.9239 0.3827
vn 0.2855 -0.8787 0.3827
vn 0.5430 -0.7474 0.3827
vn 0.7474 -0.5430 0.3827
vn 0.8787 -0.2855 0.3827
vn 0.3640 0.1183 0.9239
vn 0.3096 0.2249 0.9239
vn 0.2249 0.3096 0.9239
vn 0.1183 0.3640 0.9239
vn -0.0000 0.3827 0.9239
vn -0.1183 0.3640 0.9239
vn -0.2249 0.3096 0.9239
vn -0.3096 0.2249 0.9239
vn -0.3640 0.1183 0.9239
vn -0.3640 -0.1183 0.9239
vn -0.3096 -0.2249 0.9239
vn -0.2249 -0.3096 0.9239
vn -0.1183 -0.3640 0.9239
vn -0.0000 -0.3827 0.9239
vn 0.1183 -0.3640 0.9239
vn 0.2249 -0.3096 0.9239
vn 0.3096 -0.2249 0.9239
vn 0.3640 -0.1183 0.9239
vn -0.8787 -0.2855 -0.3827
vn -0.7474 -0.5430 -0.3827
vn -0.5430 -0.7474 -0.3827
vn -0.2855 -0.8787 -0.3827
vn -0.0000 -0.9239 -0.3827
vn 0.2855 -0.8787 -0.3827
vn 0.5430 -0.7474 -0.3827
vn 0.7474 -0.5430 -0.3827
vn 0.8787 -0.2855 -0.3827
vn 0.8787 0.2855 -0.3827
vn 0.7474 0.5430 -0.3827
vn 0.5430 0.7474 -0.3827
vn 0.2855 0.8787 -0.3827
vn -0.0000 0.9239 -0.3827
vn -0.2855 0.8787 -0.3827
vn -0.5430 0.7474 -0.3827
vn -0.7474 0.5430 -0.3827
vn -0.8787 0.2855 -0.3827
vn -0.3640 -0.1183 -0.9239
vn -0.3096 -0.2249 -0.9239
vn -0.2249 -0.3096 -0.9239
vn -0.1183 -0.3640 -0.9239
vn -0.0000 -0.3827 -0.9239
vn 0.1183 -0.3640 -0.9239
vn 0.2249 -0.3096 -0.9239
vn 0.3096 -0.2249 -0.9239
vn 0.3640 -0.1183 -0.9239
vn 0.3640 0.1183 -0.9239
vn 0.3096 0.2249 -0.9239
vn 0.2249 0.3096 -0.9239
vn 0.1183 0.3640 -0.9239
vn -0.0000 0.3827 -0.9239
vn -0.1183 0.3640 -0.9239
vn -0.2249 0.3096 -0.9239
vn -0.3096 0.2249 -0.9239
vn -0.3640 0.1183 -0.9239
vn -0.5431 0.7474 -0.3827
vn 0.3090 0.9511 -0.0000
vn 0.5878 0.8090 -0.0000
vn 0.8090 0.5878 -0.0000
vn 0.9511 0.3090 -0.0000
vn 0.9511 -0.3090 -0.0000
vn 0.8090 -0.5878 -0.0000
vn 0.5878 -0.8090 -0.0000
vn 0.3090 -0.9511 -0.0000
vn -0.3090 -0.9511 -0.0000
vn -0.5878 -0.8090 -0.0000
vn -0.8090 -0.5878 -0.0000
vn -0.9511 -0.3090 -0.0000
vn -0.9511 0.3090 -0.0000
vn -0.8090 0.5878 -0.0000
vn -0.5878 0.8090 -0.0000
vn -0.3090 0.9511 -0.0000
vn 0.1865 -0.1213 0.9749
vn 0.1740 -0.5177 0.8377
vn 0.3528 -0.4919 0.7960
vn 0.3676 -0.1189 0.9223
vn 0.1901 -0.8171 0.5443
vn 0.3735 -0.7697 0.5178
vn 0.9595 -0.1486 0.2394
vn 0.9060 -0.1032 0.4105
vn 0.8576 -0.2703 0.4374
vn 0.9046 -0.3239 0.2773
vn 0.2102 -0.9395 0.2704
vn 0.1953 -0.9745 0.1107
vn 0.4233 -0.8965 0.1308
vn 0.4173 -0.8564 0.3041
vn 0.2075 -0.1783 -0.9618
vn 0.4100 -0.1112 -0.9053
vn 0.4233 -0.2840 -0.8603
vn 0.1953 -0.3368 -0.9211
vn 0.9802 -0.1693 -0.1027
vn 0.9456 -0.3200 -0.0581
vn 0.9377 -0.2956 -0.1827
vn 0.9462 -0.1951 -0.2583
vn 0.1797 0.0657 -0.9815
vn 0.1430 0.2868 -0.9473
vn 0.2863 0.2776 -0.9170
vn 0.3277 0.0771 -0.9416
vn 0.1755 0.4902 -0.8538
vn 0.3228 0.4590 -0.8277
vn 0.9676 0.0729 -0.2419
vn 0.9046 0.0552 -0.4228
vn 0.8681 0.1439 -0.4752
vn 0.9060 0.1868 -0.3799
vn 0.2732 0.1654 0.9476
vn 0.4259 0.0305 0.9043
vn 0.5702 0.1851 0.8004
vn 0.2171 0.2904 0.9320
vn 0.9935 0.1085 0.0351
vn 0.9818 0.1891 -0.0158
vn 0.9819 0.1811 0.0548
vn 0.9817 0.1486 0.1190
vn 0.2719 0.6635 -0.6970
vn 0.2171 0.7585 -0.6144
vn 0.5702 0.5979 -0.5633
vn 0.4160 0.5296 -0.7392
vn -0.1865 -0.1213 0.9749
vn -0.3676 -0.1189 0.9223
vn -0.3528 -0.4919 0.7960
vn -0.1740 -0.5177 0.8377
vn -0.9595 -0.1486 0.2394
vn -0.9046 -0.3239 0.2773
vn -0.8576 -0.2703 0.4375
vn -0.9060 -0.1032 0.4105
vn -0.1901 -0.8171 0.5443
vn -0.3735 -0.7697 0.5178
vn -0.2075 -0.1783 -0.9618
vn -0.1953 -0.3368 -0.9211
vn -0.4233 -0.2840 -0.8603
vn -0.4100 -0.1112 -0.9053
vn -0.2102 -0.9395 0.2704
vn -0.4173 -0.8564 0.3041
vn -0.4233 -0.8965 0.1308
vn -0.1953 -0.9745 0.1107
vn -0.9802 -0.1693 -0.1027
vn -0.9462 -0.1951 -0.2583
vn -0.9377 -0.2956 -0.1827
vn -0.9456 -0.3200 -0.0581
vn -0.1755 0.4901 -0.8538
vn -0.1430 0.2868 -0.9473
vn -0.2863 0.2776 -0.9170
vn -0.3228 0.4590 -0.8277
vn -0.1797 0.0657 -0.9815
vn -0.3277 0.0771 -0.9416
vn -0.9676 0.0729 -0.2419
vn -0.9060 0.1868 -0.3799
vn -0.8681 0.1439 -0.4752
vn -0.9046 0.0552 -0.4228
vn -0.2732 0.1654 0.9476
vn -0.2172 0.2904 0.9319
vn -0.5702 0.1851 0.8004
vn -0.4259 0.0305 0.9043
vn -0.2719 0.6635 -0.6971
vn -0.4159 0.5296 -0.7393
vn -0.5702 0.5979 -0.5633
vn -0.2171 0.7585 -0.6144
vn -0.9935 0.1085 0.0351
vn -0.9817 0.1486 0.1190
vn -0.9819 0.1811 0.0548
vn -0.9818 0.1890 -0.0158
vn 0.7511 -0.1213 -0.6490
vn 0.6385 -0.5177 -0.5695
vn 0.5129 -0.4919 -0.7035
vn 0.6149 -0.1189 -0.7795
vn 0.3763 -0.8171 -0.4367
vn 0.2617 -0.7697 -0.5823
vn -0.2724 -0.1486 -0.9506
vn -0.0976 -0.1032 -0.9899
vn -0.0500 -0.2703 -0.9615
vn -0.2122 -0.3239 -0.9220
vn 0.1290 -0.9395 -0.3172
vn -0.0018 -0.9745 -0.2245
vn -0.0984 -0.8965 -0.4320
vn 0.0548 -0.8564 -0.5134
vn -0.9367 -0.1783 0.3012
vn -0.9890 -0.1112 0.0975
vn -0.9567 -0.2840 0.0635
vn -0.8953 -0.3368 0.2914
vn -0.5791 -0.1693 -0.7975
vn -0.5232 -0.3200 -0.7899
vn -0.6271 -0.2956 -0.7207
vn -0.6968 -0.1951 -0.6903
vn -0.9399 0.0657 0.3351
vn -0.8919 0.2868 0.3497
vn -0.9373 0.2776 0.2105
vn -0.9793 0.0771 0.1869
vn -0.8272 0.4902 0.2749
vn -0.8782 0.4590 0.1343
vn -0.6933 0.0729 -0.7170
vn -0.8184 0.0552 -0.5720
vn -0.8455 0.1439 -0.5142
vn -0.7820 0.1868 -0.5947
vn 0.6841 0.1654 -0.7104
vn 0.5702 0.0305 -0.8209
vn 0.4080 0.1850 -0.8940
vn 0.6985 0.2903 -0.6540
vn -0.4663 0.1085 -0.8779
vn -0.5046 0.1890 -0.8424
vn -0.4435 0.1811 -0.8778
vn -0.3878 0.1486 -0.9097
vn -0.7396 0.6635 0.1130
vn -0.6406 0.7585 0.1192
vn -0.7730 0.5980 -0.2121
vn -0.8482 0.5296 0.0094
vn 0.9376 -0.1213 -0.3259
vn 0.9826 -0.1189 -0.1428
vn 0.8657 -0.4919 -0.0924
vn 0.8124 -0.5177 -0.2682
vn 0.6871 -0.1486 0.7112
vn 0.6924 -0.3239 0.6447
vn 0.8076 -0.2703 0.5241
vn 0.8085 -0.1032 0.5794
vn 0.5664 -0.8171 -0.1075
vn 0.6351 -0.7697 0.0646
vn -0.7292 -0.1783 0.6606
vn -0.7000 -0.3368 0.6297
vn -0.5334 -0.2840 0.7968
vn -0.5790 -0.1112 0.8077
vn 0.3392 -0.9395 0.0469
vn 0.4720 -0.8564 0.2093
vn 0.3249 -0.8965 0.3012
vn 0.1935 -0.9745 0.1138
vn 0.4012 -0.1693 0.9002
vn 0.2494 -0.1951 0.9486
vn 0.3106 -0.2956 0.9034
vn 0.4225 -0.3200 0.8480
vn -0.6516 0.4902 0.5789
vn -0.7488 0.2868 0.5975
vn -0.6510 0.2777 0.7065
vn -0.5554 0.4590 0.6934
vn -0.7602 0.0657 0.6464
vn -0.6516 0.0771 0.7546
vn 0.2743 0.0729 0.9589
vn 0.1240 0.1868 0.9745
vn 0.0225 0.1439 0.9893
vn 0.0862 0.0552 0.9948
vn 0.9573 0.1654 -0.2372
vn 0.9157 0.2903 -0.2779
vn 0.9782 0.1851 0.0937
vn 0.9961 0.0305 -0.0833
vn -0.4677 0.6635 0.5840
vn -0.4322 0.5296 0.7299
vn -0.2027 0.5979 0.7755
vn -0.4235 0.7585 0.4953
vn 0.5272 0.1085 0.8428
vn 0.5939 0.1486 0.7907
vn 0.5385 0.1811 0.8230
vn 0.4772 0.1891 0.8582
vn -0.9376 -0.1213 -0.3259
vn -0.8124 -0.5177 -0.2682
vn -0.8657 -0.4919 -0.0924
vn -0.9826 -0.1190 -0.1428
vn -0.5664 -0.8171 -0.1075
vn -0.6351 -0.7697 0.0646
vn -0.6871 -0.1486 0.7112
vn -0.8085 -0.1032 0.5794
vn -0.8076 -0.2703 0.5241
vn -0.6924 -0.3239 0.6447
vn -0.3392 -0.9395 0.0469
vn -0.1935 -0.9745 0.1138
vn -0.3249 -0.8965 0.3012
vn -0.4720 -0.8564 0.2093
vn 0.7292 -0.1783 0.6606
vn 0.5790 -0.1112 0.8077
vn 0.5334 -0.2840 0.7968
vn 0.7000 -0.3368 0.6297
vn -0.4011 -0.1693 0.9002
vn -0.4225 -0.3200 0.8480
vn -0.3106 -0.2956 0.9034
vn -0.2494 -0.1951 0.9486
vn 0.7602 0.0657 0.6464
vn 0.7488 0.2868 0.5975
vn 0.6510 0.2777 0.7065
vn 0.6516 0.0771 0.7546
vn 0.6516 0.4902 0.5789
vn 0.5554 0.4590 0.6934
vn -0.2743 0.0729 0.9589
vn -0.0861 0.0552 0.9948
vn -0.0225 0.1439 0.9893
vn -0.1240 0.1868 0.9745
vn -0.9573 0.1654 -0.2372
vn -0.9961 0.0305 -0.0833
vn -0.9783 0.1851 0.0937
vn -0.9157 0.2904 -0.2779
vn -0.5271 0.1085 0.8428
vn -0.4772 0.1891 0.8582
vn -0.5384 0.1811 0.8230
vn -0.5939 0.1486 0.7907
vn 0.4677 0.6635 0.5840
vn 0.4235 0.7585 0.4952
vn 0.2027 0.5979 0.7755
vn 0.4322 0.5296 0.7298
vn -0.7511 -0.1213 -0.6490
vn -0.6150 -0.1189 -0.7795
vn -0.5129 -0.4919 -0.7035
vn -0.6385 -0.5177 -0.5695
vn 0.2724 -0.1486 -0.9506
vn 0.2121 -0.3239 -0.9220
vn 0.0500 -0.2703 -0.9615
vn 0.0976 -0.1032 -0.9899
vn -0.3763 -0.8171 -0.4367
vn -0.2617 -0.7697 -0.5823
vn 0.9367 -0.1783 0.3012
vn 0.8953 -0.3368 0.2914
vn 0.9567 -0.2840 0.0636
vn 0.9890 -0.1112 0.0975
vn -0.1290 -0.9395 -0.3172
vn -0.0548 -0.8564 -0.5134
vn 0.0984 -0.8965 -0.4320
vn 0.0018 -0.9745 -0.2245
vn 0.5791 -0.1693 -0.7975
vn 0.6968 -0.1951 -0.6903
vn 0.6270 -0.2956 -0.7207
vn 0.5232 -0.3200 -0.7899
vn 0.8272 0.4902 0.2749
vn 0.8919 0.2868 0.3497
vn 0.9373 0.2777 0.2106
vn 0.8782 0.4590 0.1343
vn 0.9399 0.0657 0.3351
vn 0.9793 0.0771 0.1870
vn 0.6933 0.0729 -0.7170
vn 0.7820 0.1868 -0.5947
vn 0.8455 0.1439 -0.5142
vn 0.8184 0.0552 -0.5720
vn -0.6841 0.1654 -0.7104
vn -0.6985 0.2903 -0.6540
vn -0.4080 0.1851 -0.8940
vn -0.5702 0.0305 -0.8209
vn 0.7396 0.6635 0.1130
vn 0.8482 0.5296 0.0094
vn 0.7729 0.5979 -0.2122
vn 0.6407 0.7585 0.1191
vn 0.4663 0.1085 -0.8779
vn 0.3878 0.1486 -0.9097
vn 0.4435 0.1811 -0.8778
vn 0.5046 0.1891 -0.8424
vn -0.7588 0.4605 0.4606
vn -0.7588 0.4605 -0.4606
vn 0.7588 0.4605 0.4606
vn 0.7588 0.4605 -0.4606
vn -0.7536 0.6573 -0.0000
vn 0.7536 -0.6573 -0.0000
vn 0.3287 0.3768 0.8660
vn 0.6573 0.7536 -0.0000
vn 0.3287 0.3768 -0.8660
vn -0.3287 -0.3768 -0.8660
vn -0.6573 -0.7536 -0.0000
vn -0.3287 -0.3768 0.8660
vn -0.0000 0.6573 0.7536
vn -0.0000 -0.6573 -0.7536
vn 0.8660 0.3768 -0.3287
vn -0.0000 0.7536 -0.6573
vn -0.8660 0.3768 -0.3287
vn -0.8660 -0.3768 0.3287
vn -0.0000 -0.7536 0.6573
vn 0.8660 -0.3768 0.3287
vn 0.7536 0.6573 -0.0000
vn -0.7536 -0.6573 -0.0000
vn -0.3287 0.3768 -0.8660
vn -0.6573 0.7536 -0.0000
vn -0.3287 0.3768 0.8660
vn 0.3287 -0.3768 0.8660
vn 0.6573 -0.7536 -0.0000
vn 0.3287 -0.3768 -0.8660
vn -0.0000 0.6573 -0.7536
vn -0.0000 -0.6573 0.7536
vn -0.8660 0.3768 0.3287
vn -0.0000 0.7536 0.6573
vn 0.8660 0.3768 0.3287
vn 0.8660 -0.3768 -0.3287
vn -0.0000 -0.7536 -0.6573
vn -0.8660 -0.3768 -0.3287
vn 0.7536 0.6574 -0.0000
vn -0.0000 -0.8438 -0.5367
vn -0.0000 -0.4791 -0.8778
vn 0.5159 -0.4791 -0.7101
vn 0.3155 -0.8438 -0.4342
vn -0.0000 0.4791 -0.8778
vn 0.5159 0.4791 -0.7101
vn -0.0000 0.8438 -0.5367
vn 0.3155 0.8438 -0.4342
vn 0.5104 -0.8438 -0.1659
vn 0.8348 -0.4791 -0.2712
vn 0.5104 0.8438 -0.1659
vn 0.8348 0.4791 -0.2712
vn 0.5104 -0.8438 0.1659
vn 0.8348 -0.4791 0.2712
vn 0.5104 0.8438 0.1659
vn 0.8348 0.4791 0.2712
vn 0.3155 -0.8438 0.4342
vn 0.5159 -0.4791 0.7101
vn 0.3155 0.8438 0.4342
vn 0.5159 0.4791 0.7101
vn -0.0000 -0.4791 0.8778
vn -0.0000 0.8438 0.5367
vn -0.0000 0.4791 0.8778
vn -0.0000 -0.8438 0.5367
vn -0.3155 0.8438 0.4342
vn -0.5159 0.4791 0.7101
vn -0.5159 -0.4791 0.7101
vn -0.3155 -0.8438 0.4342
vn -0.8348 -0.4791 0.2712
vn -0.5104 -0.8438 0.1659
vn -0.8348 0.4791 0.2712
vn -0.5104 0.8438 0.1659
vn -0.8348 -0.4791 -0.2712
vn -0.5104 -0.8438 -0.1659
vn -0.8348 0.4791 -0.2712
vn -0.5104 0.8438 -0.1659
vn -0.5159 -0.4791 -0.7101
vn -0.3155 -0.8438 -0.4342
vn -0.5159 0.4791 -0.7101
vn -0.3155 0.8438 -0.4342
vn -0.0000 0.5000 -0.8660
vn -0.0000 0.5000 0.8660
vn -0.0000 -0.5000 0.8660
vn -0.0000 -0.5000 -0.8660
vn -0.9535 -0.2860 0.0954
vn -0.9535 -0.2860 0.0953
vn 0.9535 0.2860 -0.0953
vn -0.0170 0.3667 0.9302
vn -0.2249 0.8853 0.4071
vn -0.3010 0.8853 -0.3545
vn -0.2008 0.3667 -0.9084
vn 0.0170 -0.3667 -0.9302
vn 0.2249 -0.8853 -0.4071
vn 0.3010 -0.8853 0.3545
vn 0.2008 -0.3667 0.9084
vn 0.3072 0.0998 -0.9464
vn 0.3230 -0.0000 -0.9464
vn 0.2613 0.1899 -0.9464
vn 0.1899 0.2613 -0.9464
vn 0.0998 0.3072 -0.9464
vn -0.0000 0.3230 -0.9464
vn -0.0998 0.3072 -0.9464
vn -0.1899 0.2613 -0.9464
vn -0.2613 0.1899 -0.9464
vn -0.3072 0.0998 -0.9464
vn -0.3230 -0.0000 -0.9464
vn -0.3072 -0.0998 -0.9464
vn -0.2613 -0.1899 -0.9464
vn -0.1899 -0.2613 -0.9464
vn -0.0998 -0.3072 -0.9464
vn -0.0000 -0.3230 -0.9464
vn 0.0998 -0.3072 -0.9464
vn 0.1899 -0.2613 -0.9464
vn 0.2613 -0.1899 -0.9464
vn 0.3072 -0.0998 -0.9464
vn 0.5686 0.1847 -0.8016
vn 0.5978 -0.0000 -0.8016
vn 0.4836 0.3514 -0.8016
vn 0.3514 0.4836 -0.8016
vn 0.1847 0.5686 -0.8016
vn -0.0000 0.5978 -0.8016
vn -0.1847 0.5686 -0.8016
vn -0.3514 0.4836 -0.8016
vn -0.4836 0.3514 -0.8016
vn -0.5686 0.1847 -0.8016
vn -0.5978 -0.0000 -0.8016
vn -0.5686 -0.1847 -0.8016
vn -0.4836 -0.3514 -0.8016
vn -0.3514 -0.4836 -0.8016
vn -0.1847 -0.5686 -0.8016
vn -0.0000 -0.5978 -0.8016
vn 0.1847 -0.5686 -0.8016
vn 0.3514 -0.4836 -0.8016
vn 0.4836 -0.3514 -0.8016
vn 0.5686 -0.1847 -0.8016
vn 0.7744 0.2516 -0.5805
vn 0.8143 -0.0000 -0.5805
vn 0.6588 0.4786 -0.5805
vn 0.4786 0.6588 -0.5805
vn 0.2516 0.7744 -0.5805
vn -0.0000 0.8143 -0.5805
vn -0.2516 0.7744 -0.5805
vn -0.4786 0.6588 -0.5805
vn -0.6588 0.4786 -0.5805
vn -0.7744 0.2516 -0.5805
vn -0.8143 -0.0000 -0.5805
vn -0.7744 -0.2516 -0.5805
vn -0.6588 -0.4786 -0.5805
vn -0.4786 -0.6588 -0.5805
vn -0.2516 -0.7744 -0.5805
vn -0.0000 -0.8143 -0.5805
vn 0.2516 -0.7744 -0.5805
vn 0.4786 -0.6588 -0.5805
vn 0.6588 -0.4786 -0.5805
vn 0.7744 -0.2516 -0.5805
vn 0.9059 0.2943 -0.3045
vn 0.9525 -0.0000 -0.3045
vn 0.7706 0.5599 -0.3045
vn 0.5599 0.7706 -0.3045
vn 0.2943 0.9059 -0.3045
vn -0.0000 0.9525 -0.3045
vn -0.2943 0.9059 -0.3045
vn -0.5599 0.7706 -0.3045
vn -0.7706 0.5599 -0.3045
vn -0.9059 0.2943 -0.3045
vn -0.9525 -0.0000 -0.3045
vn -0.9059 -0.2943 -0.3045
vn -0.7706 -0.5599 -0.3045
vn -0.5599 -0.7706 -0.3045
vn -0.2943 -0.9059 -0.3045
vn -0.0000 -0.9525 -0.3045
vn 0.2943 -0.9059 -0.3045
vn 0.5599 -0.7706 -0.3045
vn 0.7706 -0.5599 -0.3045
vn 0.9059 -0.2943 -0.3045
vn 0.9482 0.3081 -0.0779
vn 0.9970 -0.0000 -0.0779
vn 0.8066 0.5860 -0.0779
vn 0.5860 0.8066 -0.0779
vn 0.3081 0.9482 -0.0779
vn -0.0000 0.9970 -0.0779
vn -0.3081 0.9482 -0.0779
vn -0.5860 0.8066 -0.0779
vn -0.8066 0.5860 -0.0779
vn -0.9482 0.3081 -0.0779
vn -0.9970 -0.0000 -0.0779
vn -0.9482 -0.3081 -0.0779
vn -0.8066 -0.5860 -0.0779
vn -0.5860 -0.8066 -0.0779
vn -0.3081 -0.9482 -0.0779
vn -0.0000 -0.9970 -0.0779
vn 0.3081 -0.9482 -0.0779
vn 0.5860 -0.8066 -0.0779
vn 0.8066 -0.5860 -0.0779
vn 0.9482 -0.3081 -0.0779
vn 0.9482 0.3081 0.0779
vn 0.9970 -0.0000 0.0779
vn 0.8066 0.5860 0.0779
vn 0.5860 0.8066 0.0779
vn 0.3081 0.9482 0.0779
vn -0.0000 0.9970 0.0779
vn -0.3081 0.9482 0.0779
vn -0.5860 0.8066 0.0779
vn -0.8066 0.5860 0.0779
vn -0.9482 0.3081 0.0779
vn -0.9970 -0.0000 0.0779
vn -0.9482 -0.3081 0.0779
vn -0.8066 -0.5860 0.0779
vn -0.5860 -0.8066 0.0779
vn -0.3081 -0.9482 0.0779
vn -0.0000 -0.9970 0.0779
vn 0.3081 -0.9482 0.0779
vn 0.5860 -0.8066 0.0779
vn 0.8066 -0.5860 0.0779
vn 0.9482 -0.3081 0.0779
vn 0.9059 0.2943 0.3045
vn 0.9525 -0.0000 0.3045
vn 0.7706 0.5599 0.3045
vn 0.5599 0.7706 0.3045
vn 0.2943 0.9059 0.3045
vn -0.0000 0.9525 0.3045
vn -0.2943 0.9059 0.3045
vn -0.5599 0.7706 0.3045
vn -0.7706 0.5599 0.3045
vn -0.9059 0.2943 0.3045
vn -0.9525 -0.0000 0.3045
vn -0.9059 -0.2943 0.3045
vn -0.7706 -0.5599 0.3045
vn -0.5599 -0.7706 0.3045
vn -0.2943 -0.9059 0.3045
vn -0.0000 -0.9525 0.3045
vn 0.2943 -0.9059 0.3045
vn 0.5599 -0.7706 0.3045
vn 0.7706 -0.5599 0.3045
vn 0.9059 -0.2943 0.3045
vn 0.7744 0.2516 0.5805
vn 0.8143 -0.0000 0.5805
vn 0.6588 0.4786 0.5805
vn 0.4786 0.6588 0.5805
vn 0.2516 0.7744 0.5805
vn -0.0000 0.8143 0.5805
vn -0.2516 0.7744 0.5805
vn -0.4786 0.6588 0.5805
vn -0.6588 0.4786 0.5805
vn -0.7744 0.2516 0.5805
vn -0.8143 -0.0000 0.5805
vn -0.7744 -0.2516 0.5805
vn -0.6588 -0.4786 0.5805
vn -0.4786 -0.6588 0.5805
vn -0.2516 -0.7744 0.5805
vn -0.0000 -0.8143 0.5805
vn 0.2516 -0.7744 0.5805
vn 0.4786 -0.6588 0.5805
vn 0.6588 -0.4786 0.5805
vn 0.7744 -0.2516 0.5805
vn 0.5686 0.1847 0.8016
vn 0.5978 -0.0000 0.8016
vn 0.4836 0.3514 0.8016
vn 0.3514 0.4836 0.8016
vn 0.1847 0.5686 0.8016
vn -0.0000 0.5978 0.8016
vn -0.1847 0.5686 0.8016
vn -0.3514 0.4836 0.8016
vn -0.4836 0.3514 0.8016
vn -0.5686 0.1847 0.8016
vn -0.5978 -0.0000 0.8016
vn -0.5686 -0.1847 0.8016
vn -0.4836 -0.3514 0.8016
vn -0.3514 -0.4836 0.8016
vn -0.1847 -0.5686 0.8016
vn -0.0000 -0.5978 0.8016
vn 0.1847 -0.5686 0.8016
vn 0.3514 -0.4836 0.8016
vn 0.4836 -0.3514 0.8016
vn 0.5686 -0.1847 0.8016
vn 0.3072 0.0998 0.9464
vn 0.3230 -0.0000 0.9464
vn 0.2613 0.1899 0.9464
vn 0.1899 0.2613 0.9464
vn 0.0998 0.3072 0.9464
vn -0.0000 0.3230 0.9464
vn -0.0998 0.3072 0.9464
vn -0.1899 0.2613 0.9464
vn -0.2613 0.1899 0.9464
vn -0.3072 0.0998 0.9464
vn -0.3230 -0.0000 0.9464
vn -0.3072 -0.0998 0.9464
vn -0.2613 -0.1899 0.9464
vn -0.1899 -0.2613 0.9464
vn -0.0998 -0.3072 0.9464
vn -0.0000 -0.3230 0.9464
vn 0.0998 -0.3072 0.9464
vn 0.1899 -0.2613 0.9464
vn 0.2613 -0.1899 0.9464
vn 0.3072 -0.0998 0.9464
vn 0.7814 0.2094 0.5878
vn 0.7006 0.4045 0.5878
vn 0.5721 0.5721 0.5878
vn 0.4045 0.7006 0.5878
vn 0.2094 0.7814 0.5878
vn -0.0000 0.8090 0.5878
vn -0.2094 0.7814 0.5878
vn -0.4045 0.7006 0.5878
vn -0.5721 0.5721 0.5878
vn -0.7006 0.4045 0.5878
vn -0.7814 0.2094 0.5878
vn -0.7814 -0.2094 0.5878
vn -0.7006 -0.4045 0.5878
vn -0.5721 -0.5721 0.5878
vn -0.4045 -0.7006 0.5878
vn -0.2094 -0.7815 0.5878
vn -0.0000 -0.8090 0.5878
vn 0.2094 -0.7815 0.5878
vn 0.4045 -0.7006 0.5878
vn 0.5721 -0.5721 0.5878
vn 0.7006 -0.4045 0.5878
vn 0.7814 -0.2094 0.5878
vn -0.2985 -0.0800 0.9511
vn -0.2676 -0.1545 0.9511
vn -0.2185 -0.2185 0.9511
vn -0.1545 -0.2676 0.9511
vn -0.0800 -0.2985 0.9511
vn -0.0000 -0.3090 0.9511
vn 0.0800 -0.2985 0.9511
vn 0.1545 -0.2676 0.9511
vn 0.2185 -0.2185 0.9511
vn 0.2676 -0.1545 0.9511
vn 0.2985 -0.0800 0.9511
vn 0.2985 0.0800 0.9511
vn 0.2676 0.1545 0.9511
vn 0.2185 0.2185 0.9511
vn 0.1545 0.2676 0.9511
vn 0.0800 0.2985 0.9511
vn -0.0000 0.3090 0.9511
vn -0.0800 0.2985 0.9511
vn -0.1545 0.2676 0.9511
vn -0.2185 0.2185 0.9511
vn -0.2676 0.1545 0.9511
vn -0.2985 0.0800 0.9511
vn -0.9659 -0.2588 -0.0000
vn -0.8660 -0.5000 -0.0000
vn -0.7071 -0.7071 -0.0000
vn -0.5000 -0.8660 -0.0000
vn -0.2588 -0.9659 -0.0000
vn 0.2588 -0.9659 -0.0000
vn 0.5000 -0.8660 -0.0000
vn 0.7071 -0.7071 -0.0000
vn 0.8660 -0.5000 -0.0000
vn 0.9659 -0.2588 -0.0000
vn 0.9659 0.2588 -0.0000
vn 0.8660 0.5000 -0.0000
vn 0.7071 0.7071 -0.0000
vn 0.5000 0.8660 -0.0000
vn 0.2588 0.9659 -0.0000
vn -0.2588 0.9659 -0.0000
vn -0.5000 0.8660 -0.0000
vn -0.7071 0.7071 -0.0000
vn -0.8660 0.5000 -0.0000
vn -0.9659 0.2588 -0.0000
vn -0.2985 -0.0800 -0.9511
vn -0.2676 -0.1545 -0.9511
vn -0.2185 -0.2185 -0.9511
vn -0.1545 -0.2676 -0.9511
vn -0.0800 -0.2985 -0.9511
vn -0.0000 -0.3090 -0.9511
vn 0.0800 -0.2985 -0.9511
vn 0.1545 -0.2676 -0.9511
vn 0.2185 -0.2185 -0.9511
vn 0.2676 -0.1545 -0.9511
vn 0.2985 -0.0800 -0.9511
vn 0.2985 0.0800 -0.9511
vn 0.2676 0.1545 -0.9511
vn 0.2185 0.2185 -0.9511
vn 0.1545 0.2676 -0.9511
vn 0.0800 0.2985 -0.9511
vn -0.0000 0.3090 -0.9511
vn -0.0800 0.2985 -0.9511
vn -0.1545 0.2676 -0.9511
vn -0.2185 0.2185 -0.9511
vn -0.2676 0.1545 -0.9511
vn -0.2985 0.0800 -0.9511
vn 0.7814 0.2094 -0.5878
vn 0.7006 0.4045 -0.5878
vn 0.5721 0.5721 -0.5878
vn 0.4045 0.7006 -0.5878
vn 0.2094 0.7814 -0.5878
vn -0.0000 0.8090 -0.5878
vn -0.2094 0.7814 -0.5878
vn -0.4045 0.7006 -0.5878
vn -0.5721 0.5721 -0.5878
vn -0.7006 0.4045 -0.5878
vn -0.7814 0.2094 -0.5878
vn -0.7814 -0.2094 -0.5878
vn -0.7006 -0.4045 -0.5878
vn -0.5721 -0.5721 -0.5878
vn -0.4045 -0.7006 -0.5878
vn -0.2094 -0.7814 -0.5878
vn -0.0000 -0.8090 -0.5878
vn 0.2094 -0.7815 -0.5878
vn 0.4045 -0.7006 -0.5878
vn 0.5721 -0.5721 -0.5878
vn 0.7006 -0.4045 -0.5878
vn 0.7814 -0.2094 -0.5878
vn -0.2094 -0.7814 0.5878
vn 0.2094 -0.7814 0.5878
vn -0.2094 -0.7815 -0.5878
vn -0.7815 -0.2094 0.5878
vn 0.7815 -0.2094 0.5878
vn 0.9009 0.4340 0.0077
vn -0.0000 0.9992 0.0406
vn 0.3381 0.9404 0.0382
vn -0.3381 0.9404 0.0382
vn -0.9009 0.4340 0.0077
vn -0.9677 0.2124 0.1361
vn -0.9669 0.2173 0.1335
vn -0.8982 -0.4394 0.0086
vn -0.9326 -0.2391 -0.2703
vn -0.9332 -0.2459 -0.2619
vn -0.0000 -0.9987 0.0504
vn -0.3267 -0.9439 0.0477
vn 0.3267 -0.9439 0.0477
vn 0.8982 -0.4394 0.0086
vn 0.9643 -0.2362 -0.1196
vn 0.9638 -0.2393 -0.1178
vn 0.8491 -0.0100 0.5281
vn 0.2067 0.0210 0.9782
vn 0.1020 -0.0895 0.9907
vn 0.1044 -0.0870 0.9907
vn -0.5425 0.0102 0.8400
vn -0.9668 -0.0229 0.2544
vn -0.8570 -0.0121 -0.5152
vn -0.1805 0.0245 -0.9833
vn -0.0919 0.1102 -0.9897
vn -0.0937 0.1085 -0.9897
vn 0.5451 0.0105 -0.8383
vn 0.9708 -0.0211 -0.2390
vn 0.0020 -0.8520 0.5235
vn -0.0041 -0.1970 0.9804
vn -0.0019 0.5436 0.8394
vn 0.0041 0.9688 0.2479
vn 0.0021 0.8535 -0.5211
vn -0.0042 0.1922 -0.9813
vn -0.0019 -0.5441 -0.8390
vn 0.0040 -0.9695 -0.2450
vn -0.4359 -0.9000 0.0021
vn -0.9999 -0.0000 0.0112
vn -0.9423 -0.3347 0.0106
vn -0.9423 0.3347 0.0106
vn -0.4359 0.9000 0.0021
vn 0.4373 0.8993 0.0021
vn 0.9999 -0.0000 0.0119
vn 0.9433 0.3319 0.0112
vn 0.9433 -0.3319 0.0112
vn 0.4373 -0.8993 0.0021
vn 0.5000 -0.0000 -0.8660
vn 0.8660 -0.0000 -0.5000
vn 0.8660 -0.0000 0.5000
vn 0.5000 -0.0000 0.8660
vn -0.5000 -0.0000 0.8660
vn -0.8660 -0.0000 0.5000
vn -0.8660 -0.0000 -0.5000
vn -0.5000 -0.0000 -0.8660
vn -0.7815 0.2094 0.5878
vn -0.7815 0.2094 -0.5878
vn -0.7815 -0.2094 -0.5878
vn -0.9332 -0.2459 -0.2620
vn 0.8491 -0.0100 0.5282
vn 0.1026 -0.0891 0.9907
vn 0.1051 -0.0865 0.9907
vn -0.0912 0.1106 -0.9897
vn -0.0931 0.1089 -0.9897
vn 0.0014 -0.8522 0.5232
vn -0.0029 -0.1963 0.9805
vn -0.0014 0.5436 0.8393
vn 0.0029 0.9689 0.2475
vn 0.0014 0.8533 -0.5215
vn -0.0030 0.1929 -0.9812
vn -0.0014 -0.5440 -0.8391
vn 0.0029 -0.9694 -0.2454
vn -0.0000 0.2205 -0.9754
vn 0.2524 0.2205 -0.9421
vn 0.2588 -0.0000 -0.9659
vn -0.0000 -0.2205 -0.9754
vn 0.2524 -0.2205 -0.9421
vn -0.0000 0.9729 -0.2313
vn 0.0599 0.9729 -0.2235
vn -0.0000 -0.4303 -0.9027
vn 0.2336 -0.4303 -0.8719
vn -0.0000 0.8973 -0.4414
vn 0.1142 0.8973 -0.4264
vn -0.0000 -0.6190 -0.7854
vn 0.2033 -0.6190 -0.7586
vn -0.0000 0.7773 -0.6291
vn 0.1628 0.7773 -0.6077
vn -0.0000 -0.7773 -0.6291
vn 0.1628 -0.7773 -0.6077
vn -0.0000 0.6190 -0.7854
vn 0.2033 0.6190 -0.7586
vn -0.0000 -0.8973 -0.4414
vn 0.1142 -0.8973 -0.4264
vn -0.0000 0.4303 -0.9027
vn 0.2336 0.4303 -0.8719
vn -0.0000 -0.9729 -0.2313
vn 0.0599 -0.9729 -0.2235
vn 0.4877 -0.2205 -0.8447
vn 0.1157 0.9729 -0.2004
vn 0.4513 -0.4303 -0.7818
vn 0.2207 0.8973 -0.3823
vn 0.3927 -0.6190 -0.6802
vn 0.3146 0.7773 -0.5448
vn 0.3146 -0.7773 -0.5448
vn 0.3927 0.6190 -0.6802
vn 0.2207 -0.8973 -0.3823
vn 0.4513 0.4303 -0.7818
vn 0.1157 -0.9729 -0.2004
vn 0.4877 0.2205 -0.8447
vn 0.1636 0.9729 -0.1636
vn 0.6897 -0.2205 -0.6897
vn 0.6383 -0.4303 -0.6383
vn 0.3121 0.8973 -0.3121
vn 0.5554 -0.6190 -0.5554
vn 0.4449 0.7773 -0.4449
vn 0.4449 -0.7773 -0.4449
vn 0.5554 0.6190 -0.5554
vn 0.3121 -0.8973 -0.3121
vn 0.6383 0.4303 -0.6383
vn 0.1636 -0.9729 -0.1636
vn 0.6897 0.2205 -0.6897
vn 0.8447 -0.2205 -0.4877
vn 0.7818 -0.4303 -0.4513
vn 0.2004 0.9729 -0.1157
vn 0.3823 0.8973 -0.2207
vn 0.6802 -0.6190 -0.3927
vn 0.5448 0.7773 -0.3146
vn 0.5448 -0.7773 -0.3146
vn 0.6802 0.6190 -0.3927
vn 0.3823 -0.8973 -0.2207
vn 0.7818 0.4303 -0.4513
vn 0.2004 -0.9729 -0.1157
vn 0.8447 0.2205 -0.4877
vn 0.8719 -0.4303 -0.2336
vn 0.7586 -0.6190 -0.2033
vn 0.4264 0.8973 -0.1142
vn 0.6077 0.7773 -0.1628
vn 0.6077 -0.7773 -0.1628
vn 0.7586 0.6190 -0.2033
vn 0.4264 -0.8973 -0.1142
vn 0.8719 0.4303 -0.2336
vn 0.2235 -0.9729 -0.0599
vn 0.9421 0.2205 -0.2524
vn 0.9659 -0.0000 -0.2588
vn 0.9421 -0.2205 -0.2524
vn 0.2235 0.9729 -0.0599
vn 0.4414 0.8973 -0.0000
vn 0.6291 0.7773 -0.0000
vn 0.7854 -0.6190 -0.0000
vn 0.6291 -0.7773 -0.0000
vn 0.7854 0.6190 -0.0000
vn 0.4414 -0.8973 -0.0000
vn 0.9027 0.4303 -0.0000
vn 0.2313 -0.9729 -0.0000
vn 0.9754 0.2205 -0.0000
vn 0.9754 -0.2205 -0.0000
vn 0.2313 0.9729 -0.0000
vn 0.9027 -0.4303 -0.0000
vn 0.7586 -0.6190 0.2033
vn 0.6077 -0.7773 0.1628
vn 0.6077 0.7773 0.1628
vn 0.7586 0.6190 0.2033
vn 0.4264 -0.8973 0.1142
vn 0.8719 0.4303 0.2336
vn 0.2235 -0.9729 0.0599
vn 0.9421 0.2205 0.2524
vn 0.9659 -0.0000 0.2588
vn 0.9421 -0.2205 0.2524
vn 0.2235 0.9729 0.0599
vn 0.8719 -0.4303 0.2336
vn 0.4264 0.8973 0.1142
vn 0.5448 0.7773 0.3146
vn 0.6802 0.6190 0.3927
vn 0.5448 -0.7773 0.3146
vn 0.3823 -0.8973 0.2207
vn 0.7818 0.4303 0.4513
vn 0.2004 -0.9729 0.1157
vn 0.8447 0.2205 0.4877
vn 0.8447 -0.2205 0.4877
vn 0.2004 0.9729 0.1157
vn 0.7818 -0.4303 0.4513
vn 0.3823 0.8973 0.2207
vn 0.6802 -0.6190 0.3927
vn 0.4449 -0.7773 0.4449
vn 0.3121 -0.8973 0.3121
vn 0.5554 0.6190 0.5554
vn 0.6383 0.4303 0.6383
vn 0.1636 -0.9729 0.1636
vn 0.6897 0.2205 0.6897
vn 0.6897 -0.2205 0.6897
vn 0.1636 0.9729 0.1636
vn 0.6383 -0.4303 0.6383
vn 0.3121 0.8973 0.3121
vn 0.5554 -0.6190 0.5554
vn 0.4449 0.7773 0.4449
vn 0.2207 -0.8973 0.3823
vn 0.1157 -0.9729 0.2004
vn 0.4513 0.4303 0.7818
vn 0.4877 0.2205 0.8447
vn 0.4877 -0.2205 0.8447
vn 0.1157 0.9729 0.2004
vn 0.4513 -0.4303 0.7818
vn 0.2207 0.8973 0.3823
vn 0.3927 -0.6190 0.6802
vn 0.3146 0.7773 0.5448
vn 0.3146 -0.7773 0.5448
vn 0.3927 0.6190 0.6802
vn 0.2336 0.4303 0.8719
vn 0.2524 0.2205 0.9421
vn 0.0599 -0.9729 0.2235
vn 0.2588 -0.0000 0.9659
vn 0.2524 -0.2205 0.9421
vn 0.0599 0.9729 0.2235
vn 0.2336 -0.4303 0.8719
vn 0.1142 0.8973 0.4264
vn 0.2033 -0.6190 0.7586
vn 0.1628 0.7773 0.6077
vn 0.1628 -0.7773 0.6077
vn 0.2033 0.6190 0.7586
vn 0.1142 -0.8973 0.4264
vn -0.0000 -0.9729 0.2313
vn -0.0000 0.2205 0.9754
vn -0.0000 -0.2205 0.9754
vn -0.0000 0.9729 0.2313
vn -0.0000 -0.4303 0.9027
vn -0.0000 0.8973 0.4414
vn -0.0000 -0.6190 0.7854
vn -0.0000 0.7773 0.6291
vn -0.0000 -0.7773 0.6291
vn -0.0000 0.6190 0.7854
vn -0.0000 -0.8973 0.4414
vn -0.0000 0.4303 0.9027
vn -0.2524 0.2205 0.9421
vn -0.2588 -0.0000 0.9659
vn -0.2524 -0.2205 0.9421
vn -0.0599 0.9729 0.2235
vn -0.2336 -0.4303 0.8719
vn -0.1142 0.8973 0.4264
vn -0.2033 -0.6190 0.7586
vn -0.1628 0.7773 0.6077
vn -0.1628 -0.7773 0.6077
vn -0.2033 0.6190 0.7586
vn -0.1142 -0.8973 0.4264
vn -0.2336 0.4303 0.8719
vn -0.0599 -0.9729 0.2235
vn -0.4877 -0.2205 0.8447
vn -0.1157 0.9729 0.2004
vn -0.4513 -0.4303 0.7818
vn -0.2207 0.8973 0.3823
vn -0.3927 -0.6190 0.6802
vn -0.3146 0.7773 0.5448
vn -0.3146 -0.7773 0.5448
vn -0.3927 0.6190 0.6802
vn -0.2207 -0.8973 0.3823
vn -0.4513 0.4303 0.7818
vn -0.1157 -0.9729 0.2004
vn -0.4877 0.2205 0.8447
vn -0.1636 0.9729 0.1636
vn -0.6897 -0.2205 0.6897
vn -0.6383 -0.4303 0.6383
vn -0.3121 0.8973 0.3121
vn -0.5554 -0.6190 0.5554
vn -0.4449 0.7773 0.4449
vn -0.4449 -0.7773 0.4449
vn -0.5554 0.6190 0.5554
vn -0.3121 -0.8973 0.3121
vn -0.6383 0.4303 0.6383
vn -0.1636 -0.9729 0.1636
vn -0.6897 0.2205 0.6897
vn -0.8447 -0.2205 0.4877
vn -0.7818 -0.4303 0.4513
vn -0.2004 0.9729 0.1157
vn -0.3823 0.8973 0.2207
vn -0.6802 -0.6190 0.3927
vn -0.5448 0.7773 0.3146
vn -0.5448 -0.7773 0.3146
vn -0.6802 0.6190 0.3927
vn -0.3823 -0.8973 0.2207
vn -0.7818 0.4303 0.4513
vn -0.2004 -0.9729 0.1157
vn -0.8447 0.2205 0.4877
vn -0.2235 0.9729 0.0599
vn -0.4264 0.8973 0.1142
vn -0.8719 -0.4303 0.2336
vn -0.7586 -0.6190 0.2033
vn -0.6077 0.7773 0.1628
vn -0.6077 -0.7773 0.1628
vn -0.7586 0.6190 0.2033
vn -0.4264 -0.8973 0.1142
vn -0.8719 0.4303 0.2336
vn -0.2235 -0.9729 0.0599
vn -0.9421 0.2205 0.2524
vn -0.9659 -0.0000 0.2588
vn -0.9421 -0.2205 0.2524
vn -0.9027 -0.4303 -0.0000
vn -0.7854 -0.6190 -0.0000
vn -0.4414 0.8973 -0.0000
vn -0.6291 0.7773 -0.0000
vn -0.6291 -0.7773 -0.0000
vn -0.7854 0.6190 -0.0000
vn -0.4414 -0.8973 -0.0000
vn -0.9027 0.4303 -0.0000
vn -0.2313 -0.9729 -0.0000
vn -0.9754 0.2205 -0.0000
vn -0.9754 -0.2205 -0.0000
vn -0.2313 0.9729 -0.0000
vn -0.7586 -0.6190 -0.2033
vn -0.6077 -0.7773 -0.1628
vn -0.6077 0.7773 -0.1628
vn -0.7586 0.6190 -0.2033
vn -0.4264 -0.8973 -0.1142
vn -0.8719 0.4303 -0.2336
vn -0.2235 -0.9729 -0.0599
vn -0.9421 0.2205 -0.2524
vn -0.9659 -0.0000 -0.2588
vn -0.9421 -0.2205 -0.2524
vn -0.2235 0.9729 -0.0599
vn -0.8719 -0.4303 -0.2336
vn -0.4264 0.8973 -0.1142
vn -0.5448 0.7773 -0.3146
vn -0.6802 0.6190 -0.3927
vn -0.5448 -0.7773 -0.3146
vn -0.3823 -0.8973 -0.2207
vn -0.7818 0.4303 -0.4513
vn -0.2004 -0.9729 -0.1157
vn -0.8447 0.2205 -0.4877
vn -0.8447 -0.2205 -0.4877
vn -0.2004 0.9729 -0.1157
vn -0.7818 -0.4303 -0.4513
vn -0.3823 0.8973 -0.2207
vn -0.6802 -0.6190 -0.3927
vn -0.4449 -0.7773 -0.4449
vn -0.3121 -0.8973 -0.3121
vn -0.5554 0.6190 -0.5554
vn -0.6383 0.4303 -0.6383
vn -0.1636 -0.9729 -0.1636
vn -0.6897 0.2205 -0.6897
vn -0.6897 -0.2205 -0.6897
vn -0.1636 0.9729 -0.1636
vn -0.6383 -0.4303 -0.6383
vn -0.3121 0.8973 -0.3121
vn -0.5554 -0.6190 -0.5554
vn -0.4449 0.7773 -0.4449
vn -0.3927 0.6190 -0.6802
vn -0.4513 0.4303 -0.7818
vn -0.2207 -0.8973 -0.3823
vn -0.1157 -0.9729 -0.2004
vn -0.4877 0.2205 -0.8447
vn -0.4877 -0.2205 -0.8447
vn -0.1157 0.9729 -0.2004
vn -0.4513 -0.4303 -0.7818
vn -0.2207 0.8973 -0.3823
vn -0.3927 -0.6190 -0.6802
vn -0.3146 0.7773 -0.5448
vn -0.3146 -0.7773 -0.5448
vn -0.1142 -0.8973 -0.4264
vn -0.0599 -0.9729 -0.2235
vn -0.2336 0.4303 -0.8719
vn -0.2524 0.2205 -0.9421
vn -0.2588 -0.0000 -0.9659
vn -0.2524 -0.2205 -0.9421
vn -0.0599 0.9729 -0.2235
vn -0.2336 -0.4303 -0.8719
vn -0.1142 0.8973 -0.4264
vn -0.2033 -0.6190 -0.7586
vn -0.1628 0.7773 -0.6077
vn -0.1628 -0.7773 -0.6077
vn -0.2033 0.6190 -0.7586
vn 0.7887 0.5878 -0.1800
vn 0.7289 0.5878 -0.3510
vn 0.6325 0.5878 -0.5044
vn 0.5044 0.5878 -0.6325
vn 0.3510 0.5878 -0.7289
vn 0.1800 0.5878 -0.7887
vn -0.0000 0.5878 -0.8090
vn -0.1800 0.5878 -0.7887
vn -0.3510 0.5878 -0.7289
vn -0.5044 0.5878 -0.6325
vn -0.6325 0.5878 -0.5044
vn -0.7289 0.5878 -0.3510
vn -0.7887 0.5878 -0.1800
vn -0.7887 0.5878 0.1800
vn -0.7289 0.5878 0.3510
vn -0.6325 0.5878 0.5044
vn -0.5044 0.5878 0.6325
vn -0.3510 0.5878 0.7289
vn -0.1800 0.5878 0.7887
vn -0.0000 0.5878 0.8090
vn 0.1800 0.5878 0.7887
vn 0.3510 0.5878 0.7289
vn 0.5044 0.5878 0.6325
vn 0.6325 0.5878 0.5044
vn 0.7289 0.5878 0.3510
vn 0.7887 0.5878 0.1800
vn -0.3013 0.9511 0.0688
vn -0.2784 0.9511 0.1341
vn -0.2416 0.9511 0.1927
vn -0.1927 0.9511 0.2416
vn -0.1341 0.9511 0.2784
vn -0.0688 0.9511 0.3013
vn -0.0000 0.9511 0.3090
vn 0.0688 0.9511 0.3013
vn 0.1341 0.9511 0.2784
vn 0.1927 0.9511 0.2416
vn 0.2416 0.9511 0.1927
vn 0.2784 0.9511 0.1341
vn 0.3013 0.9511 0.0688
vn 0.3013 0.9511 -0.0688
vn 0.2784 0.9511 -0.1341
vn 0.2416 0.9511 -0.1927
vn 0.1927 0.9511 -0.2416
vn 0.1341 0.9511 -0.2784
vn 0.0688 0.9511 -0.3013
vn -0.0000 0.9511 -0.3090
vn -0.0688 0.9511 -0.3013
vn -0.1341 0.9511 -0.2784
vn -0.1927 0.9511 -0.2416
vn -0.2416 0.9511 -0.1927
vn -0.2784 0.9511 -0.1341
vn -0.3013 0.9511 -0.0688
vn -0.3013 -0.9511 0.0688
vn -0.2784 -0.9511 0.1341
vn -0.2416 -0.9511 0.1927
vn -0.1927 -0.9511 0.2416
vn -0.1341 -0.9511 0.2784
vn -0.0688 -0.9511 0.3013
vn -0.0000 -0.9511 0.3090
vn 0.0688 -0.9511 0.3013
vn 0.1341 -0.9511 0.2784
vn 0.1927 -0.9511 0.2416
vn 0.2416 -0.9511 0.1927
vn 0.2784 -0.9511 0.1341
vn 0.3013 -0.9511 0.0688
vn 0.3013 -0.9511 -0.0688
vn 0.2784 -0.9511 -0.1341
vn 0.2416 -0.9511 -0.1927
vn 0.1927 -0.9511 -0.2416
vn 0.1341 -0.9511 -0.2784
vn 0.0688 -0.9511 -0.3013
vn -0.0000 -0.9511 -0.3090
vn -0.0688 -0.9511 -0.3013
vn -0.1341 -0.9511 -0.2784
vn -0.1927 -0.9511 -0.2416
vn -0.2416 -0.9511 -0.1927
vn -0.2784 -0.9511 -0.1341
vn -0.3013 -0.9511 -0.0688
vn 0.7887 -0.5878 -0.1800
vn 0.7289 -0.5878 -0.3510
vn 0.6325 -0.5878 -0.5044
vn 0.5044 -0.5878 -0.6325
vn 0.3510 -0.5878 -0.7289
vn 0.1800 -0.5878 -0.7887
vn -0.0000 -0.5878 -0.8090
vn -0.1800 -0.5878 -0.7887
vn -0.3510 -0.5878 -0.7289
vn -0.5044 -0.5878 -0.6325
vn -0.6325 -0.5878 -0.5044
vn -0.7289 -0.5878 -0.3510
vn -0.7887 -0.5878 -0.1800
vn -0.7887 -0.5878 0.1800
vn -0.7289 -0.5878 0.3510
vn -0.6325 -0.5878 0.5044
vn -0.5044 -0.5878 0.6325
vn -0.3510 -0.5878 0.7289
vn -0.1800 -0.5878 0.7887
vn -0.0000 -0.5878 0.8090
vn 0.1800 -0.5878 0.7887
vn 0.3510 -0.5878 0.7289
vn 0.5044 -0.5878 0.6325
vn 0.6325 -0.5878 0.5044
vn 0.7289 -0.5878 0.3510
vn 0.7887 -0.5878 0.1800
vn -0.1296 -0.9831 0.1296
vn -0.1216 -0.8623 0.4915
vn -0.4473 -0.7744 0.4473
vn -0.4915 -0.8623 0.1216
vn -0.1216 -0.4915 0.8623
vn -0.4473 -0.4473 0.7744
vn -0.1296 -0.1296 0.9831
vn -0.4915 -0.1216 0.8623
vn -0.8623 -0.1216 0.4915
vn -0.7744 -0.4473 0.4473
vn -0.9831 -0.1296 0.1296
vn -0.8623 -0.4915 0.1216
vn -0.1296 0.1296 0.9831
vn -0.1216 0.4915 0.8623
vn -0.4473 0.4473 0.7744
vn -0.4915 0.1216 0.8623
vn -0.1216 0.8623 0.4915
vn -0.4473 0.7744 0.4473
vn -0.1296 0.9831 0.1296
vn -0.4915 0.8623 0.1216
vn -0.8623 0.4915 0.1216
vn -0.7744 0.4473 0.4473
vn -0.9831 0.1296 0.1296
vn -0.8623 0.1216 0.4915
vn -0.1296 -0.9831 -0.1296
vn -0.4915 -0.8623 -0.1216
vn -0.4473 -0.7744 -0.4473
vn -0.1216 -0.8623 -0.4915
vn -0.8623 -0.4915 -0.1216
vn -0.7744 -0.4473 -0.4473
vn -0.9831 -0.1296 -0.1296
vn -0.8623 -0.1216 -0.4915
vn -0.4915 -0.1216 -0.8623
vn -0.4473 -0.4473 -0.7744
vn -0.1296 -0.1296 -0.9831
vn -0.1216 -0.4915 -0.8623
vn -0.1296 0.9831 -0.1296
vn -0.1216 0.8623 -0.4915
vn -0.4473 0.7744 -0.4473
vn -0.4915 0.8623 -0.1216
vn -0.1216 0.4915 -0.8623
vn -0.4473 0.4473 -0.7744
vn -0.1296 0.1296 -0.9831
vn -0.4915 0.1216 -0.8623
vn -0.8623 0.1216 -0.4915
vn -0.7744 0.4473 -0.4473
vn -0.9831 0.1296 -0.1296
vn -0.8623 0.4915 -0.1216
vn 0.1296 -0.9831 0.1296
vn 0.4915 -0.8623 0.1216
vn 0.4473 -0.7744 0.4473
vn 0.1216 -0.8623 0.4915
vn 0.8623 -0.4915 0.1216
vn 0.7744 -0.4473 0.4473
vn 0.9831 -0.1296 0.1296
vn 0.8623 -0.1216 0.4915
vn 0.4915 -0.1216 0.8623
vn 0.4473 -0.4473 0.7744
vn 0.1296 -0.1296 0.9831
vn 0.1216 -0.4915 0.8623
vn 0.1296 0.9831 0.1296
vn 0.1216 0.8623 0.4915
vn 0.4473 0.7744 0.4473
vn 0.4915 0.8623 0.1216
vn 0.1216 0.4915 0.8623
vn 0.4473 0.4473 0.7744
vn 0.1296 0.1296 0.9831
vn 0.4915 0.1216 0.8623
vn 0.8623 0.1216 0.4915
vn 0.7744 0.4473 0.4473
vn 0.9831 0.1296 0.1296
vn 0.8623 0.4915 0.1216
vn 0.1296 -0.9831 -0.1296
vn 0.1216 -0.8623 -0.4915
vn 0.4473 -0.7744 -0.4473
vn 0.4915 -0.8623 -0.1216
vn 0.1216 -0.4915 -0.8623
vn 0.4473 -0.4473 -0.7744
vn 0.1296 -0.1296 -0.9831
vn 0.4915 -0.1216 -0.8623
vn 0.8623 -0.1216 -0.4915
vn 0.7744 -0.4473 -0.4473
vn 0.9831 -0.1296 -0.1296
vn 0.8623 -0.4915 -0.1216
vn 0.1296 0.9831 -0.1296
vn 0.4915 0.8623 -0.1216
vn 0.4473 0.7744 -0.4473
vn 0.1216 0.8623 -0.4915
vn 0.8623 0.4915 -0.1216
vn 0.7744 0.4473 -0.4473
vn 0.9831 0.1296 -0.1296
vn 0.8623 0.1216 -0.4915
vn 0.4915 0.1216 -0.8623
vn 0.4473 0.4473 -0.7744
vn 0.1296 0.1296 -0.9831
vn 0.1216 0.4915 -0.8623
vn 0.3827 0.9239 -0.0000
vn 0.9239 0.3827 -0.0000
vn 0.9239 -0.3827 -0.0000
vn 0.3827 -0.9239 -0.0000
vn -0.3827 -0.9239 -0.0000
vn -0.9239 -0.3827 -0.0000
vn -0.9239 0.3827 -0.0000
vn -0.3827 0.9239 -0.0000
vn -0.1794 -0.9673 0.1794
vn -0.1585 -0.9194 0.3600
vn -0.3251 -0.8881 0.3251
vn -0.3600 -0.9194 0.1585
vn -0.1794 -0.1794 0.9673
vn -0.3600 -0.1585 0.9194
vn -0.3251 -0.3251 0.8881
vn -0.1585 -0.3600 0.9194
vn -0.9673 -0.1794 0.1794
vn -0.9194 -0.3600 0.1585
vn -0.8881 -0.3251 0.3251
vn -0.9194 -0.1585 0.3600
vn -0.1794 0.1794 0.9673
vn -0.1585 0.3600 0.9194
vn -0.3251 0.3251 0.8881
vn -0.3600 0.1585 0.9194
vn -0.1794 0.9673 0.1794
vn -0.3600 0.9194 0.1585
vn -0.3251 0.8881 0.3251
vn -0.1585 0.9194 0.3600
vn -0.9673 0.1794 0.1794
vn -0.9194 0.1585 0.3600
vn -0.8881 0.3251 0.3251
vn -0.9194 0.3600 0.1585
vn -0.1794 -0.9673 -0.1794
vn -0.3600 -0.9194 -0.1585
vn -0.3251 -0.8881 -0.3251
vn -0.1585 -0.9194 -0.3600
vn -0.9673 -0.1794 -0.1794
vn -0.9194 -0.1585 -0.3600
vn -0.8881 -0.3251 -0.3251
vn -0.9194 -0.3600 -0.1585
vn -0.1794 -0.1794 -0.9673
vn -0.1585 -0.3600 -0.9194
vn -0.3251 -0.3251 -0.8881
vn -0.3600 -0.1585 -0.9194
vn -0.1794 0.9673 -0.1794
vn -0.1585 0.9194 -0.3600
vn -0.3251 0.8881 -0.3251
vn -0.3600 0.9194 -0.1585
vn -0.1794 0.1794 -0.9673
vn -0.3600 0.1585 -0.9194
vn -0.3251 0.3251 -0.8881
vn -0.1585 0.3600 -0.9194
vn -0.9673 0.1794 -0.1794
vn -0.9194 0.3600 -0.1585
vn -0.8881 0.3251 -0.3251
vn -0.9194 0.1585 -0.3600
vn 0.1794 -0.9673 0.1794
vn 0.3600 -0.9194 0.1585
vn 0.3251 -0.8881 0.3251
vn 0.1585 -0.9194 0.3600
vn 0.9673 -0.1794 0.1794
vn 0.9194 -0.1585 0.3600
vn 0.8881 -0.3251 0.3251
vn 0.9194 -0.3600 0.1585
vn 0.1794 -0.1794 0.9673
vn 0.1585 -0.3600 0.9194
vn 0.3251 -0.3251 0.8881
vn 0.3600 -0.1585 0.9194
vn 0.1794 0.9673 0.1794
vn 0.1585 0.9194 0.3600
vn 0.3251 0.8881 0.3251
vn 0.3600 0.9194 0.1585
vn 0.1794 0.1794 0.9673
vn 0.3600 0.1585 0.9194
vn 0.3251 0.3251 0.8881
vn 0.1585 0.3600 0.9194
vn 0.9673 0.1794 0.1794
vn 0.9194 0.3600 0.1585
vn 0.8881 0.3251 0.3251
vn 0.9194 0.1585 0.3600
vn 0.1794 -0.9673 -0.1794
vn 0.1585 -0.9194 -0.3600
vn 0.3251 -0.8881 -0.3251
vn 0.3600 -0.9194 -0.1585
vn 0.1794 -0.1794 -0.9673
vn 0.3600 -0.1585 -0.9194
vn 0.3251 -0.3251 -0.8881
vn 0.1585 -0.3600 -0.9194
vn 0.9673 -0.1794 -0.1794
vn 0.9194 -0.3600 -0.1585
vn 0.8881 -0.3251 -0.3251
vn 0.9194 -0.1585 -0.3600
vn 0.1794 0.9673 -0.1794
vn 0.3600 0.9194 -0.1585
vn 0.3251 0.8881 -0.3251
vn 0.1585 0.9194 -0.3600
vn 0.9673 0.1794 -0.1794
vn 0.9194 0.1585 -0.3600
vn 0.8881 0.3251 -0.3251
vn 0.9194 0.3600 -0.1585
vn 0.1794 0.1794 -0.9673
vn 0.1585 0.3600 -0.9194
vn 0.3251 0.3251 -0.8881
vn 0.3600 0.1585 -0.9194
vn 0.2706 -0.9239 -0.2706
vn 0.3574 0.3574 -0.8629
vn 0.3574 -0.3574 -0.8629
vn 0.2706 0.9239 -0.2706
vn 0.8629 0.3574 -0.3574
vn 0.8629 -0.3574 -0.3574
vn 0.2706 -0.9239 0.2706
vn 0.8629 0.3574 0.3574
vn 0.8629 -0.3574 0.3574
vn 0.2706 0.9239 0.2706
vn 0.3574 0.3574 0.8629
vn 0.3574 -0.3574 0.8629
vn -0.2706 -0.9239 0.2706
vn -0.3574 0.3574 0.8629
vn -0.3574 -0.3574 0.8629
vn -0.2706 0.9239 0.2706
vn -0.8629 0.3574 0.3574
vn -0.8629 -0.3574 0.3574
vn -0.2706 0.9239 -0.2706
vn -0.2706 -0.9239 -0.2706
vn -0.8629 0.3574 -0.3574
vn -0.8629 -0.3574 -0.3574
vn -0.3574 -0.3574 -0.8629
vn -0.3574 0.3574 -0.8629
vn -0.0000 0.3718 -0.9283
vn -0.0000 0.6913 -0.7226
vn 0.3613 0.6913 -0.6258
vn 0.4642 0.3718 -0.8040
vn -0.0000 0.9122 -0.4097
vn 0.2049 0.9122 -0.3548
vn -0.0000 -0.9122 -0.4097
vn 0.2049 -0.9122 -0.3548
vn -0.0000 -0.6913 -0.7226
vn -0.0000 -0.3718 -0.9283
vn 0.4642 -0.3718 -0.8040
vn 0.3613 -0.6913 -0.6258
vn 0.8040 -0.3718 -0.4642
vn 0.6258 -0.6913 -0.3613
vn 0.8040 0.3718 -0.4642
vn 0.3548 0.9122 -0.2049
vn 0.6258 0.6913 -0.3613
vn 0.3548 -0.9122 -0.2049
vn 0.7226 -0.6913 -0.0000
vn 0.4097 -0.9122 -0.0000
vn 0.9283 -0.3718 -0.0000
vn 0.7226 0.6913 -0.0000
vn 0.9283 0.3718 -0.0000
vn 0.4097 0.9122 -0.0000
vn 0.8040 -0.3718 0.4642
vn 0.6258 0.6913 0.3613
vn 0.8040 0.3718 0.4642
vn 0.3548 0.9122 0.2049
vn 0.3548 -0.9122 0.2049
vn 0.6258 -0.6913 0.3613
vn 0.2049 -0.9122 0.3548
vn 0.4642 -0.3718 0.8040
vn 0.3613 -0.6913 0.6258
vn 0.4642 0.3718 0.8040
vn 0.2049 0.9122 0.3548
vn 0.3613 0.6913 0.6258
vn -0.0000 0.3718 0.9283
vn -0.0000 0.9122 0.4097
vn -0.0000 0.6913 0.7226
vn -0.0000 -0.6913 0.7226
vn -0.0000 -0.9122 0.4097
vn -0.0000 -0.3718 0.9283
vn -0.3613 -0.6913 0.6258
vn -0.2049 -0.9122 0.3548
vn -0.4642 -0.3718 0.8040
vn -0.3613 0.6913 0.6258
vn -0.4642 0.3718 0.8040
vn -0.2049 0.9122 0.3548
vn -0.6258 0.6913 0.3613
vn -0.8040 0.3718 0.4642
vn -0.3548 0.9122 0.2049
vn -0.3548 -0.9122 0.2049
vn -0.8040 -0.3718 0.4642
vn -0.6258 -0.6913 0.3613
vn -0.4097 -0.9122 -0.0000
vn -0.9283 -0.3718 -0.0000
vn -0.7226 -0.6913 -0.0000
vn -0.9283 0.3718 -0.0000
vn -0.4097 0.9122 -0.0000
vn -0.7226 0.6913 -0.0000
vn -0.3548 0.9122 -0.2049
vn -0.6258 0.6913 -0.3613
vn -0.6258 -0.6913 -0.3613
vn -0.3548 -0.9122 -0.2049
vn -0.8040 -0.3718 -0.4642
vn -0.8040 0.3718 -0.4642
vn -0.3613 -0.6913 -0.6258
vn -0.2049 -0.9122 -0.3548
vn -0.4642 -0.3718 -0.8040
vn -0.3613 0.6913 -0.6258
vn -0.4642 0.3718 -0.8040
vn -0.2049 0.9122 -0.3548
vn -0.0000 0.8575 -0.5145
vn -0.0000 0.9516 -0.3072
vn 0.1536 0.9516 -0.2660
vn 0.2572 0.8575 -0.4456
vn 0.2660 0.9516 -0.1536
vn 0.4456 0.8575 -0.2573
vn 0.3072 0.9516 -0.0000
vn 0.5145 0.8575 -0.0000
vn 0.2660 0.9516 0.1536
vn 0.4456 0.8575 0.2573
vn 0.1536 0.9516 0.2660
vn 0.2572 0.8575 0.4456
vn -0.0000 0.9516 0.3072
vn -0.0000 0.8575 0.5145
vn -0.1536 0.9516 0.2660
vn -0.2572 0.8575 0.4456
vn -0.2660 0.9516 0.1536
vn -0.4456 0.8575 0.2573
vn -0.3072 0.9516 -0.0000
vn -0.5145 0.8575 -0.0000
vn -0.2660 0.9516 -0.1536
vn -0.4456 0.8575 -0.2573
vn -0.1536 0.9516 -0.2660
vn -0.2572 0.8575 -0.4456
vn 0.4456 0.8575 -0.2572
vn 0.4456 0.8575 0.2572
vn 0.2573 0.8575 0.4456
vn -0.4456 0.8575 0.2572
vn -0.4456 0.8575 -0.2572
vn -0.2573 0.8575 -0.4456
vt 0.000000 0.000000
vt 0.857143 0.000000
vt 0.571429 0.000000
vt 0.714286 0.000000
vt 1.000000 0.000000
vt 0.428571 0.000000
vt 0.285714 0.000000
vt 0.142857 0.000000
vt 0.000000 1.000000
vt 1.000000 1.000000
vt 1.000000 0.875000
vt 0.000000 0.875000
vt 0.000000 0.125000
vt 1.000000 0.125000
vt 0.000000 0.250000
vt 1.000000 0.250000
vt 0.000000 0.375000
vt 1.000000 0.375000
vt 0.000000 0.500000
vt 1.000000 0.500000
vt 0.000000 0.625000
vt 1.000000 0.625000
vt 0.000000 0.750000
vt 1.000000 0.750000
vt 0.008333 1.000000
vt 0.008333 0.875000
vt 0.008333 0.125000
vt 0.008333 0.000000
vt 0.008333 0.250000
vt 0.008333 0.375000
vt 0.008333 0.500000
vt 0.008333 0.625000
vt 0.008333 0.750000
vt 0.016667 1.000000
vt 0.016667 0.875000
vt 0.016667 0.125000
vt 0.016667 0.000000
vt 0.016667 0.250000
vt 0.016667 0.375000
vt 0.016667 0.500000
vt 0.016667 0.625000
vt 0.016667 0.750000
vt 0.025000 1.000000
vt 0.025000 0.875000
vt 0.025000 0.125000
vt 0.025000 0.000000
vt 0.025000 0.250000
vt 0.025000 0.375000
vt 0.025000 0.500000
vt 0.025000 0.625000
vt 0.025000 0.750000
vt 0.033333 1.000000
vt 0.033333 0.875000
vt 0.033333 0.125000
vt 0.033333 0.000000
vt 0.033333 0.250000
vt 0.033333 0.375000
vt 0.033333 0.500000
vt 0.033333 0.625000
vt 0.033333 0.750000
vt 0.041667 1.000000
vt 0.041667 0.875000
vt 0.041667 0.125000
vt 0.041667 0.000000
vt 0.041667 0.250000
vt 0.041667 0.375000
vt 0.041667 0.500000
vt 0.041667 0.625000
vt 0.041667 0.750000
vt 0.050000 1.000000
vt 0.050000 0.875000
vt 0.050000 0.125000
vt 0.050000 0.000000
vt 0.050000 0.250000
vt 0.050000 0.375000
vt 0.050000 0.500000
vt 0.050000 0.625000
vt 0.050000 0.750000
vt 0.058333 1.000000
vt 0.058333 0.875000
vt 0.058333 0.125000
vt 0.058333 0.000000
vt 0.058333 0.250000
vt 0.058333 0.375000
vt 0.058333 0.500000
vt 0.058333 0.625000
vt 0.058333 0.750000
vt 0.066667 1.000000
vt 0.066667 0.875000
vt 0.066667 0.125000
vt 0.066667 0.000000
vt 0.066667 0.250000
vt 0.066667 0.375000
vt 0.066667 0.500000
vt 0.066667 0.625000
vt 0.066667 0.750000
vt 0.075000 1.000000
vt 0.075000 0.875000
vt 0.075000 0.125000
vt 0.075000 0.000000
vt 0.075000 0.250000
vt 0.075000 0.375000
vt 0.075000 0.500000
vt 0.075000 0.625000
vt 0.075000 0.750000
vt 0.083333 1.000000
vt 0.083333 0.875000
vt 0.083333 0.125000
vt 0.083333 0.000000
vt 0.083333 0.250000
vt 0.083333 0.375000
vt 0.083333 0.500000
vt 0.083333 0.625000
vt 0.083333 0.750000
vt 0.091667 1.000000
vt 0.091667 0.875000
vt 0.091667 0.125000
vt 0.091667 0.000000
vt 0.091667 0.250000
vt 0.091667 0.375000
vt 0.091667 0.500000
vt 0.091667 0.625000
vt 0.091667 0.750000
vt 0.100000 1.000000
vt 0.100000 0.875000
vt 0.100000 0.125000
vt 0.100000 0.000000
vt 0.100000 0.250000
vt 0.100000 0.375000
vt 0.100000 0.500000
vt 0.100000 0.625000
vt 0.100000 0.750000
vt 0.108333 1.000000
vt 0.108333 0.875000
vt 0.108333 0.125000
vt 0.108333 0.000000
vt 0.108333 0.250000
vt 0.108333 0.375000
vt 0.108333 0.500000
vt 0.108333 0.625000
vt 0.108333 0.750000
vt 0.116667 1.000000
vt 0.116667 0.875000
vt 0.116667 0.125000
vt 0.116667 0.000000
vt 0.116667 0.250000
vt 0.116667 0.375000
vt 0.116667 0.500000
vt 0.116667 0.625000
vt 0.116667 0.750000
vt 0.125000 1.000000
vt 0.125000 0.875000
vt 0.125000 0.125000
vt 0.125000 0.000000
vt 0.125000 0.250000
vt 0.125000 0.375000
vt 0.125000 0.500000
vt 0.125000 0.625000
vt 0.125000 0.750000
vt 0.133333 1.000000
vt 0.133333 0.875000
vt 0.133333 0.125000
vt 0.133333 0.000000
vt 0.133333 0.250000
vt 0.133333 0.375000
vt 0.133333 0.500000
vt 0.133333 0.625000
vt 0.133333 0.750000
vt 0.141667 1.000000
vt 0.141667 0.875000
vt 0.141667 0.125000
vt 0.141667 0.000000
vt 0.141667 0.250000
vt 0.141667 0.375000
vt 0.141667 0.500000
vt 0.141667 0.625000
vt 0.141667 0.750000
vt 0.150000 1.000000
vt 0.150000 0.875000
vt 0.150000 0.125000
vt 0.150000 0.000000
vt 0.150000 0.250000
vt 0.150000 0.375000
vt 0.150000 0.500000
vt 0.150000 0.625000
vt 0.150000 0.750000
vt 0.158333 1.000000
vt 0.158333 0.875000
vt 0.158333 0.125000
vt 0.158333 0.000000
vt 0.158333 0.250000
vt 0.158333 0.375000
vt 0.158333 0.500000
vt 0.158333 0.625000
vt 0.158333 0.750000
vt 0.166667 1.000000
vt 0.166667 0.875000
vt 0.166667 0.125000
vt 0.166667 0.000000
vt 0.166667 0.250000
vt 0.166667 0.375000
vt 0.166667 0.500000
vt 0.166667 0.625000
vt 0.166667 0.750000
vt 0.175000 1.000000
vt 0.175000 0.875000
vt 0.175000 0.125000
vt 0.175000 0.000000
vt 0.175000 0.250000
vt 0.175000 0.375000
vt 0.175000 0.500000
vt 0.175000 0.625000
vt 0.175000 0.750000
vt 0.183333 1.000000
vt 0.183333 0.875000
vt 0.183333 0.125000
vt 0.183333 0.000000
vt 0.183333 0.250000
vt 0.183333 0.375000
vt 0.183333 0.500000
vt 0.183333 0.625000
vt 0.183333 0.750000
vt 0.191667 1.000000
vt 0.191667 0.875000
vt 0.191667 0.125000
vt 0.191667 0.000000
vt 0.191667 0.250000
vt 0.191667 0.375000
vt 0.191667 0.500000
vt 0.191667 0.625000
vt 0.191667 0.750000
vt 0.200000 1.000000
vt 0.200000 0.875000
vt 0.200000 0.125000
vt 0.200000 0.000000
vt 0.200000 0.250000
vt 0.200000 0.375000
vt 0.200000 0.500000
vt 0.200000 0.625000
vt 0.200000 0.750000
vt 0.208333 1.000000
vt 0.208333 0.875000
vt 0.208333 0.125000
vt 0.208333 0.000000
vt 0.208333 0.250000
vt 0.208333 0.375000
vt 0.208333 0.500000
vt 0.208333 0.625000
vt 0.208333 0.750000
vt 0.216667 1.000000
vt 0.216667 0.875000
vt 0.216667 0.125000
vt 0.216667 0.000000
vt 0.216667 0.250000
vt 0.216667 0.375000
vt 0.216667 0.500000
vt 0.216667 0.625000
vt 0.216667 0.750000
vt 0.225000 1.000000
vt 0.225000 0.875000
vt 0.225000 0.125000
vt 0.225000 0.000000
vt 0.225000 0.250000
vt 0.225000 0.375000
vt 0.225000 0.500000
vt 0.225000 0.625000
vt 0.225000 0.750000
vt 0.233333 1.000000
vt 0.233333 0.875000
vt 0.233333 0.125000
vt 0.233333 0.000000
vt 0.233333 0.250000
vt 0.233333 0.375000
vt 0.233333 0.500000
vt 0.233333 0.625000
vt 0.233333 0.750000
vt 0.241667 1.000000
vt 0.241667 0.875000
vt 0.241667 0.125000
vt 0.241667 0.000000
vt 0.241667 0.250000
vt 0.241667 0.375000
vt 0.241667 0.500000
vt 0.241667 0.625000
vt 0.241667 0.750000
vt 0.250000 1.000000
vt 0.250000 0.875000
vt 0.250000 0.125000
vt 0.250000 0.000000
vt 0.250000 0.250000
vt 0.250000 0.375000
vt 0.250000 0.500000
vt 0.250000 0.625000
vt 0.250000 0.750000
vt 0.258333 1.000000
vt 0.258333 0.875000
vt 0.258333 0.125000
vt 0.258333 0.000000
vt 0.258333 0.250000
vt 0.258333 0.375000
vt 0.258333 0.500000
vt 0.258333 0.625000
vt 0.258333 0.750000
vt 0.266667 1.000000
vt 0.266667 0.875000
vt 0.266667 0.125000
vt 0.266667 0.000000
vt 0.266667 0.250000
vt 0.266667 0.375000
vt 0.266667 0.500000
vt 0.266667 0.625000
vt 0.266667 0.750000
vt 0.275000 1.000000
vt 0.275000 0.875000
vt 0.275000 0.125000
vt 0.275000 0.000000
vt 0.275000 0.250000
vt 0.275000 0.375000
vt 0.275000 0.500000
vt 0.275000 0.625000
vt 0.275000 0.750000
vt 0.283333 1.000000
vt 0.283333 0.875000
vt 0.283333 0.125000
vt 0.283333 0.000000
vt 0.283333 0.250000
vt 0.283333 0.375000
vt 0.283333 0.500000
vt 0.283333 0.625000
vt 0.283333 0.750000
vt 0.291667 1.000000
vt 0.291667 0.875000
vt 0.291667 0.125000
vt 0.291667 0.000000
vt 0.291667 0.250000
vt 0.291667 0.375000
vt 0.291667 0.500000
vt 0.291667 0.625000
vt 0.291667 0.750000
vt 0.300000 1.000000
vt 0.300000 0.875000
vt 0.300000 0.125000
vt 0.300000 0.000000
vt 0.300000 0.250000
vt 0.300000 0.375000
vt 0.300000 0.500000
vt 0.300000 0.625000
vt 0.300000 0.750000
vt 0.308333 1.000000
vt 0.308333 0.875000
vt 0.308333 0.125000
vt 0.308333 0.000000
vt 0.308333 0.250000
vt 0.308333 0.375000
vt 0.308333 0.500000
vt 0.308333 0.625000
vt 0.308333 0.750000
vt 0.316667 1.000000
vt 0.316667 0.875000
vt 0.316667 0.125000
vt 0.316667 0.000000
vt 0.316667 0.250000
vt 0.316667 0.375000
vt 0.316667 0.500000
vt 0.316667 0.625000
vt 0.316667 0.750000
vt 0.325000 1.000000
vt 0.325000 0.875000
vt 0.325000 0.125000
vt 0.325000 0.000000
vt 0.325000 0.250000
vt 0.325000 0.375000
vt 0.325000 0.500000
vt 0.325000 0.625000
vt 0.325000 0.750000
vt 0.333333 1.000000
vt 0.333333 0.875000
vt 0.333333 0.125000
vt 0.333333 0.000000
vt 0.333333 0.250000
vt 0.333333 0.375000
vt 0.333333 0.500000
vt 0.333333 0.625000
vt 0.333333 0.750000
vt 0.341667 1.000000
vt 0.341667 0.875000
vt 0.341667 0.125000
vt 0.341667 0.000000
vt 0.341667 0.250000
vt 0.341667 0.375000
vt 0.341667 0.500000
vt 0.341667 0.625000
vt 0.341667 0.750000
vt 0.350000 1.000000
vt 0.350000 0.875000
vt 0.350000 0.125000
vt 0.350000 0.000000
vt 0.350000 0.250000
vt 0.350000 0.375000
vt 0.350000 0.500000
vt 0.350000 0.625000
vt 0.350000 0.750000
vt 0.358333 1.000000
vt 0.358333 0.875000
vt 0.358333 0.125000
vt 0.358333 0.000000
vt 0.358333 0.250000
vt 0.358333 0.375000
vt 0.358333 0.500000
vt 0.358333 0.625000
vt 0.358333 0.750000
vt 0.366667 1.000000
vt 0.366667 0.875000
vt 0.366667 0.125000
vt 0.366667 0.000000
vt 0.366667 0.250000
vt 0.366667 0.375000
vt 0.366667 0.500000
vt 0.366667 0.625000
vt 0.366667 0.750000
vt 0.375000 1.000000
vt 0.375000 0.875000
vt 0.375000 0.125000
vt 0.375000 0.000000
vt 0.375000 0.250000
vt 0.375000 0.375000
vt 0.375000 0.500000
vt 0.375000 0.625000
vt 0.375000 0.750000
vt 0.383333 1.000000
vt 0.383333 0.875000
vt 0.383333 0.125000
vt 0.383333 0.000000
vt 0.383333 0.250000
vt 0.383333 0.375000
vt 0.383333 0.500000
vt 0.383333 0.625000
vt 0.383333 0.750000
vt 0.391667 1.000000
vt 0.391667 0.875000
vt 0.391667 0.125000
vt 0.391667 0.000000
vt 0.391667 0.250000
vt 0.391667 0.375000
vt 0.391667 0.500000
vt 0.391667 0.625000
vt 0.391667 0.750000
vt 0.400000 1.000000
vt 0.400000 0.875000
vt 0.400000 0.125000
vt 0.400000 0.000000
vt 0.400000 0.250000
vt 0.400000 0.375000
vt 0.400000 0.500000
vt 0.400000 0.625000
vt 0.400000 0.750000
vt 0.408333 1.000000
vt 0.408333 0.875000
vt 0.408333 0.125000
vt 0.408333 0.000000
vt 0.408333 0.250000
vt 0.408333 0.375000
vt 0.408333 0.500000
vt 0.408333 0.625000
vt 0.408333 0.750000
vt 0.416667 1.000000
vt 0.416667 0.875000
vt 0.416667 0.125000
vt 0.416667 0.000000
vt 0.416667 0.250000
vt 0.416667 0.375000
vt 0.416667 0.500000
vt 0.416667 0.625000
vt 0.416667 0.750000
vt 0.425000 1.000000
vt 0.425000 0.875000
vt 0.425000 0.125000
vt 0.425000 0.000000
vt 0.425000 0.250000
vt 0.425000 0.375000
vt 0.425000 0.500000
vt 0.425000 0.625000
vt 0.425000 0.750000
vt 0.433333 1.000000
vt 0.433333 0.875000
vt 0.433333 0.125000
vt 0.433333 0.000000
vt 0.433333 0.250000
vt 0.433333 0.375000
vt 0.433333 0.500000
vt 0.433333 0.625000
vt 0.433333 0.750000
vt 0.441667 1.000000
vt 0.441667 0.875000
vt 0.441667 0.125000
vt 0.441667 0.000000
vt 0.441667 0.250000
vt 0.441667 0.375000
vt 0.441667 0.500000
vt 0.441667 0.625000
vt 0.441667 0.750000
vt 0.450000 1.000000
vt 0.450000 0.875000
vt 0.450000 0.125000
vt 0.450000 0.000000
vt 0.450000 0.250000
vt 0.450000 0.375000
vt 0.450000 0.500000
vt 0.450000 0.625000
vt 0.450000 0.750000
vt 0.458333 1.000000
vt 0.458333 0.875000
vt 0.458333 0.125000
vt 0.458333 0.000000
vt 0.458333 0.250000
vt 0.458333 0.375000
vt 0.458333 0.500000
vt 0.458333 0.625000
vt 0.458333 0.750000
vt 0.466667 1.000000
vt 0.466667 0.875000
vt 0.466667 0.125000
vt 0.466667 0.000000
vt 0.466667 0.250000
vt 0.466667 0.375000
vt 0.466667 0.500000
vt 0.466667 0.625000
vt 0.466667 0.750000
vt 0.475000 1.000000
vt 0.475000 0.875000
vt 0.475000 0.125000
vt 0.475000 0.000000
vt 0.475000 0.250000
vt 0.475000 0.375000
vt 0.475000 0.500000
vt 0.475000 0.625000
vt 0.475000 0.750000
vt 0.483333 1.000000
vt 0.483333 0.875000
vt 0.483333 0.125000
vt 0.483333 0.000000
vt 0.483333 0.250000
vt 0.483333 0.375000
vt 0.483333 0.500000
vt 0.483333 0.625000
vt 0.483333 0.750000
vt 0.491667 1.000000
vt 0.491667 0.875000
vt 0.491667 0.125000
vt 0.491667 0.000000
vt 0.491667 0.250000
vt 0.491667 0.375000
vt 0.491667 0.500000
vt 0.491667 0.625000
vt 0.491667 0.750000
vt 0.500000 1.000000
vt 0.500000 0.875000
vt 0.500000 0.125000
vt 0.500000 0.000000
vt 0.500000 0.250000
vt 0.500000 0.375000
vt 0.500000 0.500000
vt 0.500000 0.625000
vt 0.500000 0.750000
vt 0.508333 1.000000
vt 0.508333 0.875000
vt 0.508333 0.125000
vt 0.508333 0.000000
vt 0.508333 0.250000
vt 0.508333 0.375000
vt 0.508333 0.500000
vt 0.508333 0.625000
vt 0.508333 0.750000
vt 0.516667 1.000000
vt 0.516667 0.875000
vt 0.516667 0.125000
vt 0.516667 0.000000
vt 0.516667 0.250000
vt 0.516667 0.375000
vt 0.516667 0.500000
vt 0.516667 0.625000
vt 0.516667 0.750000
vt 0.525000 1.000000
vt 0.525000 0.875000
vt 0.525000 0.125000
vt 0.525000 0.000000
vt 0.525000 0.250000
vt 0.525000 0.375000
vt 0.525000 0.500000
vt 0.525000 0.625000
vt 0.525000 0.750000
vt 0.533333 1.000000
vt 0.533333 0.875000
vt 0.533333 0.125000
vt 0.533333 0.000000
vt 0.533333 0.250000
vt 0.533333 0.375000
vt 0.533333 0.500000
vt 0.533333 0.625000
vt 0.533333 0.750000
vt 0.541667 1.000000
vt 0.541667 0.875000
vt 0.541667 0.125000
vt 0.541667 0.000000
vt 0.541667 0.250000
vt 0.541667 0.375000
vt 0.541667 0.500000
vt 0.541667 0.625000
vt 0.541667 0.750000
vt 0.550000 1.000000
vt 0.550000 0.875000
vt 0.550000 0.125000
vt 0.550000 0.000000
vt 0.550000 0.250000
vt 0.550000 0.375000
vt 0.550000 0.500000
vt 0.550000 0.625000
vt 0.550000 0.750000
vt 0.558333 1.000000
vt 0.558333 0.875000
vt 0.558333 0.125000
vt 0.558333 0.000000
vt 0.558333 0.250000
vt 0.558333 0.375000
vt 0.558333 0.500000
vt 0.558333 0.625000
vt 0.558333 0.750000
vt 0.566667 1.000000
vt 0.566667 0.875000
vt 0.566667 0.125000
vt 0.566667 0.000000
vt 0.566667 0.250000
vt 0.566667 0.375000
vt 0.566667 0.500000
vt 0.566667 0.625000
vt 0.566667 0.750000
vt 0.575000 1.000000
vt 0.575000 0.875000
vt 0.575000 0.125000
vt 0.575000 0.000000
vt 0.575000 0.250000
vt 0.575000 0.375000
vt 0.575000 0.500000
vt 0.575000 0.625000
vt 0.575000 0.750000
vt 0.583333 1.000000
vt 0.583333 0.875000
vt 0.583333 0.125000
vt 0.583333 0.000000
vt 0.583333 0.250000
vt 0.583333 0.375000
vt 0.583333 0.500000
vt 0.583333 0.625000
vt 0.583333 0.750000
vt 0.591667 1.000000
vt 0.591667 0.875000
vt 0.591667 0.125000
vt 0.591667 0.000000
vt 0.591667 0.250000
vt 0.591667 0.375000
vt 0.591667 0.500000
vt 0.591667 0.625000
vt 0.591667 0.750000
vt 0.600000 1.000000
vt 0.600000 0.875000
vt 0.600000 0.125000
vt 0.600000 0.000000
vt 0.600000 0.250000
vt 0.600000 0.375000
vt 0.600000 0.500000
vt 0.600000 0.625000
vt 0.600000 0.750000
vt 0.608333 1.000000
vt 0.608333 0.875000
vt 0.608333 0.125000
vt 0.608333 0.000000
vt 0.608333 0.250000
vt 0.608333 0.375000
vt 0.608333 0.500000
vt 0.608333 0.625000
vt 0.608333 0.750000
vt 0.616667 1.000000
vt 0.616667 0.875000
vt 0.616667 0.125000
vt 0.616667 0.000000
vt 0.616667 0.250000
vt 0.616667 0.375000
vt 0.616667 0.500000
vt 0.616667 0.625000
vt 0.616667 0.750000
vt 0.625000 1.000000
vt 0.625000 0.875000
vt 0.625000 0.125000
vt 0.625000 0.000000
vt 0.625000 0.250000
vt 0.625000 0.375000
vt 0.625000 0.500000
vt 0.625000 0.625000
vt 0.625000 0.750000
vt 0.633333 1.000000
vt 0.633333 0.875000
vt 0.633333 0.125000
vt 0.633333 0.000000
vt 0.633333 0.250000
vt 0.633333 0.375000
vt 0.633333 0.500000
vt 0.633333 0.625000
vt 0.633333 0.750000
vt 0.641667 1.000000
vt 0.641667 0.875000
vt 0.641667 0.125000
vt 0.641667 0.000000
vt 0.641667 0.250000
vt 0.641667 0.375000
vt 0.641667 0.500000
vt 0.641667 0.625000
vt 0.641667 0.750000
vt 0.650000 1.000000
vt 0.650000 0.875000
vt 0.650000 0.125000
vt 0.650000 0.000000
vt 0.650000 0.250000
vt 0.650000 0.375000
vt 0.650000 0.500000
vt 0.650000 0.625000
vt 0.650000 0.750000
vt 0.658333 1.000000
vt 0.658333 0.875000
vt 0.658333 0.125000
vt 0.658333 0.000000
vt 0.658333 0.250000
vt 0.658333 0.375000
vt 0.658333 0.500000
vt 0.658333 0.625000
vt 0.658333 0.750000
vt 0.666667 1.000000
vt 0.666667 0.875000
vt 0.666667 0.125000
vt 0.666667 0.000000
vt 0.666667 0.250000
vt 0.666667 0.375000
vt 0.666667 0.500000
vt 0.666667 0.625000
vt 0.666667 0.750000
vt 0.675000 1.000000
vt 0.675000 0.875000
vt 0.675000 0.125000
vt 0.675000 0.000000
vt 0.675000 0.250000
vt 0.675000 0.375000
vt 0.675000 0.500000
vt 0.675000 0.625000
vt 0.675000 0.750000
vt 0.683333 1.000000
vt 0.683333 0.875000
vt 0.683333 0.125000
vt 0.683333 0.000000
vt 0.683333 0.250000
vt 0.683333 0.375000
vt 0.683333 0.500000
vt 0.683333 0.625000
vt 0.683333 0.750000
vt 0.691667 1.000000
vt 0.691667 0.875000
vt 0.691667 0.125000
vt 0.691667 0.000000
vt 0.691667 0.250000
vt 0.691667 0.375000
vt 0.691667 0.500000
vt 0.691667 0.625000
vt 0.691667 0.750000
vt 0.700000 1.000000
vt 0.700000 0.875000
vt 0.700000 0.125000
vt 0.700000 0.000000
vt 0.700000 0.250000
vt 0.700000 0.375000
vt 0.700000 0.500000
vt 0.700000 0.625000
vt 0.700000 0.750000
vt 0.708333 1.000000
vt 0.708333 0.875000
vt 0.708333 0.125000
vt 0.708333 0.000000
vt 0.708333 0.250000
vt 0.708333 0.375000
vt 0.708333 0.500000
vt 0.708333 0.625000
vt 0.708333 0.750000
vt 0.716667 1.000000
vt 0.716667 0.875000
vt 0.716667 0.125000
vt 0.716667 0.000000
vt 0.716667 0.250000
vt 0.716667 0.375000
vt 0.716667 0.500000
vt 0.716667 0.625000
vt 0.716667 0.750000
vt 0.725000 1.000000
vt 0.725000 0.875000
vt 0.725000 0.125000
vt 0.725000 0.000000
vt 0.725000 0.250000
vt 0.725000 0.375000
vt 0.725000 0.500000
vt 0.725000 0.625000
vt 0.725000 0.750000
vt 0.733333 1.000000
vt 0.733333 0.875000
vt 0.733333 0.125000
vt 0.733333 0.000000
vt 0.733333 0.250000
vt 0.733333 0.375000
vt 0.733333 0.500000
vt 0.733333 0.625000
vt 0.733333 0.750000
vt 0.741667 1.000000
vt 0.741667 0.875000
vt 0.741667 0.125000
vt 0.741667 0.000000
vt 0.741667 0.250000
vt 0.741667 0.375000
vt 0.741667 0.500000
vt 0.741667 0.625000
vt 0.741667 0.750000
vt 0.750000 1.000000
vt 0.750000 0.875000
vt 0.750000 0.125000
vt 0.750000 0.000000
vt 0.750000 0.250000
vt 0.750000 0.375000
vt 0.750000 0.500000
vt 0.750000 0.625000
vt 0.750000 0.750000
vt 0.758333 1.000000
vt 0.758333 0.875000
vt 0.758333 0.125000
vt 0.758333 0.000000
vt 0.758333 0.250000
vt 0.758333 0.375000
vt 0.758333 0.500000
vt 0.758333 0.625000
vt 0.758333 0.750000
vt 0.766667 1.000000
vt 0.766667 0.875000
vt 0.766667 0.125000
vt 0.766667 0.000000
vt 0.766667 0.250000
vt 0.766667 0.375000
vt 0.766667 0.500000
vt 0.766667 0.625000
vt 0.766667 0.750000
vt 0.775000 1.000000
vt 0.775000 0.875000
vt 0.775000 0.125000
vt 0.775000 0.000000
vt 0.775000 0.250000
vt 0.775000 0.375000
vt 0.775000 0.500000
vt 0.775000 0.625000
vt 0.775000 0.750000
vt 0.783333 1.000000
vt 0.783333 0.875000
vt 0.783333 0.125000
vt 0.783333 0.000000
vt 0.783333 0.250000
vt 0.783333 0.375000
vt 0.783333 0.500000
vt 0.783333 0.625000
vt 0.783333 0.750000
vt 0.791667 1.000000
vt 0.791667 0.875000
vt 0.791667 0.125000
vt 0.791667 0.000000
vt 0.791667 0.250000
vt 0.791667 0.375000
vt 0.791667 0.500000
vt 0.791667 0.625000
vt 0.791667 0.750000
vt 0.800000 1.000000
vt 0.800000 0.875000
vt 0.800000 0.125000
vt 0.800000 0.000000
vt 0.800000 0.250000
vt 0.800000 0.375000
vt 0.800000 0.500000
vt 0.800000 0.625000
vt 0.800000 0.750000
vt 0.808333 1.000000
vt 0.808333 0.875000
vt 0.808333 0.125000
vt 0.808333 0.000000
vt 0.808333 0.250000
vt 0.808333 0.375000
vt 0.808333 0.500000
vt 0.808333 0.625000
vt 0.808333 0.750000
vt 0.816667 1.000000
vt 0.816667 0.875000
vt 0.816667 0.125000
vt 0.816667 0.000000
vt 0.816667 0.250000
vt 0.816667 0.375000
vt 0.816667 0.500000
vt 0.816667 0.625000
vt 0.816667 0.750000
vt 0.825000 1.000000
vt 0.825000 0.875000
vt 0.825000 0.125000
vt 0.825000 0.000000
vt 0.825000 0.250000
vt 0.825000 0.375000
vt 0.825000 0.500000
vt 0.825000 0.625000
vt 0.825000 0.750000
vt 0.833333 1.000000
vt 0.833333 0.875000
vt 0.833333 0.125000
vt 0.833333 0.000000
vt 0.833333 0.250000
vt 0.833333 0.375000
vt 0.833333 0.500000
vt 0.833333 0.625000
vt 0.833333 0.750000
vt 0.841667 1.000000
vt 0.841667 0.875000
vt 0.841667 0.125000
vt 0.841667 0.000000
vt 0.841667 0.250000
vt 0.841667 0.375000
vt 0.841667 0.500000
vt 0.841667 0.625000
vt 0.841667 0.750000
vt 0.850000 1.000000
vt 0.850000 0.875000
vt 0.850000 0.125000
vt 0.850000 0.000000
vt 0.850000 0.250000
vt 0.850000 0.375000
vt 0.850000 0.500000
vt 0.850000 0.625000
vt 0.850000 0.750000
vt 0.858333 1.000000
vt 0.858333 0.875000
vt 0.858333 0.125000
vt 0.858333 0.000000
vt 0.858333 0.250000
vt 0.858333 0.375000
vt 0.858333 0.500000
vt 0.858333 0.625000
vt 0.858333 0.750000
vt 0.866667 1.000000
vt 0.866667 0.875000
vt 0.866667 0.125000
vt 0.866667 0.000000
vt 0.866667 0.250000
vt 0.866667 0.375000
vt 0.866667 0.500000
vt 0.866667 0.625000
vt 0.866667 0.750000
vt 0.875000 1.000000
vt 0.875000 0.875000
vt 0.875000 0.125000
vt 0.875000 0.000000
vt 0.875000 0.250000
vt 0.875000 0.375000
vt 0.875000 0.500000
vt 0.875000 0.625000
vt 0.875000 0.750000
vt 0.883333 1.000000
vt 0.883333 0.875000
vt 0.883333 0.125000
vt 0.883333 0.000000
vt 0.883333 0.250000
vt 0.883333 0.375000
vt 0.883333 0.500000
vt 0.883333 0.625000
vt 0.883333 0.750000
vt 0.891667 1.000000
vt 0.891667 0.875000
vt 0.891667 0.125000
vt 0.891667 0.000000
vt 0.891667 0.250000
vt 0.891667 0.375000
vt 0.891667 0.500000
vt 0.891667 0.625000
vt 0.891667 0.750000
vt 0.900000 1.000000
vt 0.900000 0.875000
vt 0.900000 0.125000
vt 0.900000 0.000000
vt 0.900000 0.250000
vt 0.900000 0.375000
vt 0.900000 0.500000
vt 0.900000 0.625000
vt 0.900000 0.750000
vt 0.908333 1.000000
vt 0.908333 0.875000
vt 0.908333 0.125000
vt 0.908333 0.000000
vt 0.908333 0.250000
vt 0.908333 0.375000
vt 0.908333 0.500000
vt 0.908333 0.625000
vt 0.908333 0.750000
vt 0.916667 1.000000
vt 0.916667 0.875000
vt 0.916667 0.125000
vt 0.916667 0.000000
vt 0.916667 0.250000
vt 0.916667 0.375000
vt 0.916667 0.500000
vt 0.916667 0.625000
vt 0.916667 0.750000
vt 0.925000 1.000000
vt 0.925000 0.875000
vt 0.925000 0.125000
vt 0.925000 0.000000
vt 0.925000 0.250000
vt 0.925000 0.375000
vt 0.925000 0.500000
vt 0.925000 0.625000
vt 0.925000 0.750000
vt 0.933333 1.000000
vt 0.933333 0.875000
vt 0.933333 0.125000
vt 0.933333 0.000000
vt 0.933333 0.250000
vt 0.933333 0.375000
vt 0.933333 0.500000
vt 0.933333 0.625000
vt 0.933333 0.750000
vt 0.941667 1.000000
vt 0.941667 0.875000
vt 0.941667 0.125000
vt 0.941667 0.000000
vt 0.941667 0.250000
vt 0.941667 0.375000
vt 0.941667 0.500000
vt 0.941667 0.625000
vt 0.941667 0.750000
vt 0.950000 1.000000
vt 0.950000 0.875000
vt 0.950000 0.125000
vt 0.950000 0.000000
vt 0.950000 0.250000
vt 0.950000 0.375000
vt 0.950000 0.500000
vt 0.950000 0.625000
vt 0.950000 0.750000
vt 0.958333 1.000000
vt 0.958333 0.875000
vt 0.958333 0.125000
vt 0.958333 0.000000
vt 0.958333 0.250000
vt 0.958333 0.375000
vt 0.958333 0.500000
vt 0.958333 0.625000
vt 0.958333 0.750000
vt 0.966667 1.000000
vt 0.966667 0.875000
vt 0.966667 0.125000
vt 0.966667 0.000000
vt 0.966667 0.250000
vt 0.966667 0.375000
vt 0.966667 0.500000
vt 0.966667 0.625000
vt 0.966667 0.750000
vt 0.975000 1.000000
vt 0.975000 0.875000
vt 0.975000 0.125000
vt 0.975000 0.000000
vt 0.975000 0.250000
vt 0.975000 0.375000
vt 0.975000 0.500000
vt 0.975000 0.625000
vt 0.975000 0.750000
vt 0.983333 1.000000
vt 0.983333 0.875000
vt 0.983333 0.125000
vt 0.983333 0.000000
vt 0.983333 0.250000
vt 0.983333 0.375000
vt 0.983333 0.500000
vt 0.983333 0.625000
vt 0.983333 0.750000
vt 0.991667 1.000000
vt 0.991667 0.875000
vt 0.991667 0.125000
vt 0.991667 0.000000
vt 0.991667 0.250000
vt 0.991667 0.375000
vt 0.991667 0.500000
vt 0.991667 0.625000
vt 0.991667 0.750000
vt 1.000000 0.833333
vt 0.000000 0.833333
vt 0.000000 0.166667
vt 1.000000 0.166667
vt 0.000000 0.333333
vt 1.000000 0.333333
vt 0.000000 0.666667
vt 1.000000 0.666667
s 1
usemtl concrete
f 1/1/1 2/1/2 3/1/3
f 4/1/4 5/1/5 6/1/6
f 7/1/7 8/1/8 9/1/9
f 10/1/10 11/1/11 12/1/12
f 13/1/13 14/1/14 15/1/15
f 16/1/16 17/1/17 18/1/18
f 19/1/19 20/1/20 21/1/21
f 22/1/22 23/1/23 24/1/24
f 7/1/7 1/1/1 3/1/3 8/1/8
f 2/1/2 4/1/4 6/1/6 3/1/3
f 5/1/5 10/1/10 12/1/12 6/1/6
f 11/1/11 9/1/9 8/1/8 12/1/12
f 19/1/19 7/1/7 9/1/9 20/1/20
f 10/1/10 22/1/22 24/1/24 11/1/11
f 23/1/23 21/1/21 20/1/20 24/1/24
f 13/1/13 19/1/19 21/1/21 14/1/14
f 22/1/22 16/1/16 18/1/18 23/1/23
f 17/1/17 15/1/15 14/1/14 18/1/18
f 1/1/1 13/1/13 15/1/15 2/1/2
f 16/1/16 5/1/5 4/1/4 17/1/17
f 7/1/25 19/1/25 13/1/25 1/1/25
f 3/1/26 6/1/26 12/1/26 8/1/26
f 15/1/27 17/1/27 4/1/27 2/1/27
f 22/1/28 10/1/28 5/1/28 16/1/28
f 9/1/29 11/1/29 24/1/29 20/1/29
f 21/1/30 23/1/30 18/1/30 14/1/30
usemtl mustard
f 25/1/26 26/1/26 28/1/26 27/1/26
f 27/1/29 28/1/29 31/1/29 30/1/29
f 30/1/30 31/1/30 32/1/30 29/1/30
f 29/1/27 32/1/27 26/1/27 25/1/27
f 27/1/25 30/1/25 29/1/25 25/1/25
f 31/1/28 28/1/28 26/1/28 32/1/28
f 35/1/29 36/1/29 40/1/29 39/1/29
f 39/1/30 40/1/30 38/1/30 37/1/30
f 37/1/27 38/1/27 34/1/27 33/1/27
f 35/1/25 39/1/25 37/1/25 33/1/25
f 40/1/28 36/1/28 34/1/28 38/1/28
f 43/1/29 44/1/29 48/1/29 47/1/29
f 47/1/30 48/1/30 46/1/30 45/1/30
f 45/1/27 46/1/27 42/1/27 41/1/27
f 43/1/25 47/1/25 45/1/25 41/1/25
f 48/1/28 44/1/28 42/1/28 46/1/28
f 50/1/29 51/1/29 56/1/29 55/1/29
f 55/1/30 56/1/30 54/1/30 53/1/30
f 53/1/27 54/1/27 52/1/27 49/1/27
f 50/1/25 55/1/25 53/1/25 49/1/25
f 56/1/28 51/1/28 52/1/28 54/1/28
f 59/1/29 60/1/29 63/1/29 62/1/29
f 62/1/30 63/1/30 61/1/30 64/1/30
f 64/1/27 61/1/27 58/1/27 57/1/27
f 59/1/25 62/1/25 64/1/25 57/1/25
f 63/1/28 60/1/28 58/1/28 61/1/28
f 67/1/29 68/1/29 72/1/29 71/1/29
f 69/1/27 70/1/27 66/1/27 65/1/27
f 67/1/25 71/1/25 69/1/25 65/1/25
f 72/1/28 68/1/28 66/1/28 70/1/28
f 75/1/29 76/1/29 80/1/29 79/1/29
f 79/1/30 80/1/30 78/1/30 77/1/30
f 77/1/27 78/1/27 74/1/27 73/1/27
f 75/1/25 79/1/25 77/1/25 73/1/25
f 80/1/28 76/1/28 74/1/28 78/1/28
f 83/1/29 84/1/29 88/1/29 87/1/29
f 87/1/30 88/1/30 86/1/30 85/1/30
f 85/1/27 86/1/27 82/1/27 81/1/27
f 83/1/25 87/1/25 85/1/25 81/1/25
f 88/1/28 84/1/28 82/1/28 86/1/28
f 89/1/26 90/1/26 92/1/26 91/1/26
f 91/1/29 92/1/29 96/1/29 95/1/29
f 95/1/30 96/1/30 94/1/30 93/1/30
f 93/1/27 94/1/27 90/1/27 89/1/27
f 91/1/25 95/1/25 93/1/25 89/1/25
f 96/1/28 92/1/28 90/1/28 94/1/28
f 99/1/29 100/1/29 104/1/29 103/1/29
f 103/1/30 104/1/30 102/1/30 101/1/30
f 101/1/27 102/1/27 98/1/27 97/1/27
f 99/1/25 103/1/25 101/1/25 97/1/25
f 104/1/28 100/1/28 98/1/28 102/1/28
f 107/1/29 108/1/29 112/1/29 111/1/29
f 111/1/30 112/1/30 110/1/30 109/1/30
f 109/1/27 110/1/27 106/1/27 105/1/27
f 107/1/25 111/1/25 109/1/25 105/1/25
f 112/1/28 108/1/28 106/1/28 110/1/28
f 115/1/29 116/1/29 120/1/29 119/1/29
f 119/1/30 120/1/30 118/1/30 117/1/30
f 117/1/27 118/1/27 114/1/27 113/1/27
f 115/1/25 119/1/25 117/1/25 113/1/25
f 120/1/28 116/1/28 114/1/28 118/1/28
f 123/1/29 124/1/29 128/1/29 127/1/29
f 127/1/30 128/1/30 126/1/30 125/1/30
f 125/1/27 126/1/27 122/1/27 121/1/27
f 123/1/25 127/1/25 125/1/25 121/1/25
f 128/1/28 124/1/28 122/1/28 126/1/28
f 131/1/29 132/1/29 136/1/29 135/1/29
f 135/1/30 136/1/30 134/1/30 133/1/30
f 133/1/27 134/1/27 130/1/27 129/1/27
f 131/1/25 135/1/25 133/1/25 129/1/25
f 136/1/28 132/1/28 130/1/28 134/1/28
f 139/1/29 140/1/29 144/1/29 143/1/29
f 143/1/30 144/1/30 142/1/30 141/1/30
f 141/1/27 142/1/27 138/1/27 137/1/27
f 139/1/25 143/1/25 141/1/25 137/1/25
f 144/1/28 140/1/28 138/1/28 142/1/28
f 147/1/29 148/1/29 152/1/29 150/1/29
f 150/1/30 152/1/30 149/1/30 151/1/30
f 151/1/27 149/1/27 146/1/27 145/1/27
f 147/1/25 150/1/25 151/1/25 145/1/25
f 152/1/28 148/1/28 146/1/28 149/1/28
f 155/1/29 156/1/29 160/1/29 159/1/29
f 159/1/30 160/1/30 158/1/30 157/1/30
f 157/1/27 158/1/27 154/1/27 153/1/27
f 155/1/25 159/1/25 157/1/25 153/1/25
f 160/1/28 156/1/28 154/1/28 158/1/28
f 161/1/26 162/1/26 164/1/26 163/1/26
f 163/1/29 164/1/29 168/1/29 167/1/29
f 167/1/30 168/1/30 166/1/30 165/1/30
f 165/1/27 166/1/27 162/1/27 161/1/27
f 163/1/25 167/1/25 165/1/25 161/1/25
f 168/1/28 164/1/28 162/1/28 166/1/28
f 169/1/26 170/1/26 172/1/26 171/1/26
f 171/1/29 172/1/29 176/1/29 175/1/29
f 175/1/30 176/1/30 174/1/30 173/1/30
f 173/1/27 174/1/27 170/1/27 169/1/27
f 171/1/25 175/1/25 173/1/25 169/1/25
f 176/1/28 172/1/28 170/1/28 174/1/28
f 179/1/29 180/1/29 184/1/29 182/1/29
f 182/1/30 184/1/30 181/1/30 183/1/30
f 183/1/27 181/1/27 178/1/27 177/1/27
f 179/1/25 182/1/25 183/1/25 177/1/25
f 184/1/28 180/1/28 178/1/28 181/1/28
f 189/1/29 190/1/29 192/1/31 191/1/31
f 191/1/31 192/1/31 194/1/32 193/1/32
f 193/1/32 194/1/32 196/1/33 195/1/33
f 195/1/33 196/1/33 198/1/34 197/1/34
f 197/1/34 198/1/34 200/1/35 199/1/35
f 199/1/35 200/1/35 202/1/36 201/1/36
f 201/1/36 202/1/36 204/1/37 203/1/37
f 203/1/37 204/1/37 206/1/38 205/1/38
f 205/1/38 206/1/38 208/1/39 207/1/39
f 207/1/39 208/1/39 210/1/30 209/1/30
f 209/1/30 210/1/30 212/1/40 211/1/40
f 211/1/40 212/1/40 214/1/41 213/1/41
f 213/1/41 214/1/41 216/1/42 215/1/42
f 215/1/42 216/1/42 218/1/43 217/1/43
f 217/1/43 218/1/43 220/1/44 219/1/44
f 219/1/44 220/1/44 222/1/45 221/1/45
f 221/1/45 222/1/45 224/1/46 223/1/46
f 223/1/46 224/1/46 226/1/47 225/1/47
f 225/1/47 226/1/47 228/1/48 227/1/48
f 227/1/48 228/1/48 230/1/27 229/1/27
f 229/1/27 230/1/27 232/1/49 231/1/49
f 231/1/49 232/1/49 234/1/50 233/1/50
f 233/1/50 234/1/50 236/1/51 235/1/51
f 235/1/51 236/1/51 238/1/52 237/1/52
f 237/1/52 238/1/52 240/1/53 239/1/53
f 239/1/53 240/1/53 242/1/54 241/1/54
f 241/1/54 242/1/54 244/1/55 243/1/55
f 243/1/55 244/1/55 246/1/56 245/1/56
f 245/1/56 246/1/56 248/1/57 247/1/57
f 247/1/57 248/1/57 250/1/26 249/1/26
f 249/1/26 250/1/26 252/1/58 251/1/58
f 251/1/58 252/1/58 254/1/59 253/1/59
f 253/1/59 254/1/59 256/1/60 255/1/60
f 255/1/60 256/1/60 258/1/61 257/1/61
f 257/1/61 258/1/61 260/1/62 259/1/62
f 259/1/62 260/1/62 262/1/63 261/1/63
f 261/1/63 262/1/63 264/1/64 263/1/64
f 263/1/64 264/1/64 266/1/65 265/1/65
f 192/1/28 190/1/28 268/1/28 266/1/28 264/1/28 262/1/28 260/1/28 258/1/28 256/1/28 254/1/28 252/1/28 250/1/28 248/1/28 246/1/28 244/1/28 242/1/28 240/1/28 238/1/28 236/1/28 234/1/28 232/1/28 230/1/28 228/1/28 226/1/28 224/1/28 222/1/28 220/1/28 218/1/28 216/1/28 214/1/28 212/1/28 210/1/28 208/1/28 206/1/28 204/1/28 202/1/28 200/1/28 198/1/28 196/1/28 194/1/28
f 265/1/65 266/1/65 268/1/66 267/1/66
f 267/1/66 268/1/66 190/1/29 189/1/29
f 189/1/25 191/1/25 193/1/25 195/1/25 197/1/25 199/1/25 201/1/25 203/1/25 205/1/25 207/1/25 209/1/25 211/1/25 213/1/25 215/1/25 217/1/25 219/1/25 221/1/25 223/1/25 225/1/25 227/1/25 229/1/25 231/1/25 233/1/25 235/1/25 237/1/25 239/1/25 241/1/25 243/1/25 245/1/25 247/1/25 249/1/25 251/1/25 253/1/25 255/1/25 257/1/25 259/1/25 261/1/25 263/1/25 265/1/25 267/1/25
f 469/1/218 470/1/218 472/1/218 471/1/218
f 471/1/219 472/1/219 474/1/219 473/1/219
f 473/1/220 474/1/220 476/1/220 475/1/220
f 475/1/221 476/1/221 478/1/221 477/1/221
f 477/1/222 478/1/222 480/1/222 479/1/222
f 479/1/223 480/1/223 482/1/223 481/1/223
f 472/1/28 470/1/28 484/1/28 482/1/28 480/1/28 478/1/28 476/1/28 474/1/28
f 481/1/224 482/1/224 484/1/224 483/1/224
f 483/1/225 484/1/225 470/1/225 469/1/225
f 469/1/25 471/1/25 473/1/25 475/1/25 477/1/25 479/1/25 481/1/25 483/1/25
f 1614/5/914 1612/4/914 1613/2/914
f 1607/1/914 1612/4/914 1614/5/914
f 1607/1/914 1611/3/914 1612/4/914
f 1608/8/914 1611/3/914 1607/1/914
f 1608/8/914 1610/6/914 1611/3/914
f 1609/7/914 1610/6/914 1608/8/914
f 1619/3/915 1621/2/915 1620/4/915
f 1619/3/915 1622/5/915 1621/2/915
f 1618/6/915 1622/5/915 1619/3/915
f 1618/6/915 1615/1/915 1622/5/915
f 1617/7/915 1615/1/915 1618/6/915
f 1617/7/915 1616/8/915 1615/1/915
f 1615/9/916 1623/25/917 1630/26/917 1622/12/916
f 1616/13/918 1624/27/919 1623/28/919 1615/1/918
f 1617/15/920 1625/29/921 1624/27/921 1616/13/920
f 1618/17/922 1626/30/923 1625/29/923 1617/15/922
f 1619/19/924 1627/31/925 1626/30/926 1618/17/924
f 1620/21/927 1628/32/928 1627/31/928 1619/19/927
f 1621/23/929 1629/33/930 1628/32/930 1620/21/929
f 1622/12/931 1630/26/932 1629/33/933 1621/23/931
f 1623/25/917 1631/34/934 1638/35/934 1630/26/917
f 1624/27/919 1632/36/935 1631/37/935 1623/28/919
f 1625/29/921 1633/38/936 1632/36/936 1624/27/921
f 1626/30/923 1634/39/937 1633/38/937 1625/29/923
f 1627/31/925 1635/40/938 1634/39/938 1626/30/926
f 1628/32/928 1636/41/939 1635/40/939 1627/31/928
f 1629/33/930 1637/42/940 1636/41/940 1628/32/930
f 1630/26/932 1638/35/941 1637/42/942 1629/33/933
f 1631/34/934 1639/43/943 1646/44/943 1638/35/934
f 1632/36/935 1640/45/944 1639/46/944 1631/37/935
f 1633/38/936 1641/47/945 1640/45/945 1632/36/936
f 1634/39/937 1642/48/946 1641/47/946 1633/38/937
f 1635/40/938 1643/49/947 1642/48/947 1634/39/938
f 1636/41/939 1644/50/948 1643/49/948 1635/40/939
f 1637/42/940 1645/51/949 1644/50/949 1636/41/940
f 1638/35/941 1646/44/950 1645/51/950 1637/42/942
f 1639/43/943 1647/52/951 1654/53/951 1646/44/943
f 1640/45/944 1648/54/952 1647/55/952 1639/46/944
f 1641/47/945 1649/56/953 1648/54/953 1640/45/945
f 1642/48/946 1650/57/954 1649/56/955 1641/47/946
f 1643/49/947 1651/58/956 1650/57/956 1642/48/947
f 1644/50/948 1652/59/957 1651/58/957 1643/49/948
f 1645/51/949 1653/60/958 1652/59/958 1644/50/949
f 1646/44/950 1654/53/959 1653/60/959 1645/51/950
f 1647/52/951 1655/61/960 1662/62/960 1654/53/951
f 1648/54/952 1656/63/961 1655/64/961 1647/55/952
f 1649/56/953 1657/65/962 1656/63/962 1648/54/953
f 1650/57/954 1658/66/963 1657/65/963 1649/56/955
f 1651/58/956 1659/67/964 1658/66/964 1650/57/956
f 1652/59/957 1660/68/965 1659/67/965 1651/58/957
f 1653/60/958 1661/69/966 1660/68/966 1652/59/958
f 1654/53/959 1662/62/967 1661/69/968 1653/60/959
f 1655/61/960 1663/70/969 1670/71/970 1662/62/960
f 1656/63/961 1664/72/971 1663/73/971 1655/64/961
f 1657/65/962 1665/74/972 1664/72/972 1656/63/962
f 1658/66/963 1666/75/973 1665/74/974 1657/65/963
f 1659/67/964 1667/76/975 1666/75/975 1658/66/964
f 1660/68/965 1668/77/976 1667/76/976 1659/67/965
f 1661/69/966 1669/78/977 1668/77/977 1660/68/966
f 1662/62/967 1670/71/978 1669/78/978 1661/69/968
f 1663/70/969 1671/79/979 1678/80/980 1670/71/970
f 1664/72/971 1672/81/981 1671/82/981 1663/73/971
f 1665/74/972 1673/83/982 1672/81/982 1664/72/972
f 1666/75/973 1674/84/983 1673/83/983 1665/74/974
f 1667/76/975 1675/85/984 1674/84/984 1666/75/975
f 1668/77/976 1676/86/985 1675/85/985 1667/76/976
f 1669/78/977 1677/87/986 1676/86/986 1668/77/977
f 1670/71/978 1678/80/987 1677/87/987 1669/78/978
f 1671/79/979 1679/88/988 1686/89/989 1678/80/980
f 1672/81/981 1680/90/990 1679/91/990 1671/82/981
f 1673/83/982 1681/92/991 1680/90/991 1672/81/982
f 1674/84/983 1682/93/992 1681/92/992 1673/83/983
f 1675/85/984 1683/94/993 1682/93/993 1674/84/984
f 1676/86/985 1684/95/994 1683/94/994 1675/85/985
f 1677/87/986 1685/96/995 1684/95/995 1676/86/986
f 1678/80/987 1686/89/996 1685/96/996 1677/87/987
f 1679/88/988 1687/97/997 1694/98/997 1686/89/989
f 1680/90/990 1688/99/998 1687/100/998 1679/91/990
f 1681/92/991 1689/101/999 1688/99/999 1680/90/991
f 1682/93/992 1690/102/1000 1689/101/1000 1681/92/992
f 1683/94/993 1691/103/1001 1690/102/1002 1682/93/993
f 1684/95/994 1692/104/1003 1691/103/1003 1683/94/994
f 1685/96/995 1693/105/1004 1692/104/1004 1684/95/995
f 1686/89/996 1694/98/1005 1693/105/1005 1685/96/996
f 1687/97/997 1695/106/1006 1702/107/1006 1694/98/997
f 1688/99/998 1696/108/1007 1695/109/1007 1687/100/998
f 1689/101/999 1697/110/1008 1696/108/1008 1688/99/999
f 1690/102/1000 1698/111/1009 1697/110/1010 1689/101/1000
f 1691/103/1001 1699/112/1011 1698/111/1012 1690/102/1002
f 1692/104/1003 1700/113/1013 1699/112/1013 1691/103/1003
f 1693/105/1004 1701/114/1014 1700/113/1014 1692/104/1004
f 1694/98/1005 1702/107/1015 1701/114/1015 1693/105/1005
f 1695/106/1006 1703/115/1016 1710/116/1016 1702/107/1006
f 1696/108/1007 1704/117/1017 1703/118/1017 1695/109/1007
f 1697/110/1008 1705/119/1018 1704/117/1018 1696/108/1008
f 1698/111/1009 1706/120/1019 1705/119/1019 1697/110/1010
f 1699/112/1011 1707/121/1020 1706/120/1020 1698/111/1012
f 1700/113/1013 1708/122/1021 1707/121/1021 1699/112/1013
f 1701/114/1014 1709/123/1022 1708/122/1022 1700/113/1014
f 1702/107/1015 1710/116/1023 1709/123/1023 1701/114/1015
f 1703/115/1016 1711/124/1024 1718/125/1024 1710/116/1016
f 1704/117/1017 1712/126/1025 1711/127/1025 1703/118/1017
f 1705/119/1018 1713/128/1026 1712/126/1026 1704/117/1018
f 1706/120/1019 1714/129/1027 1713/128/1027 1705/119/1019
f 1707/121/1020 1715/130/1028 1714/129/1028 1706/120/1020
f 1708/122/1021 1716/131/1029 1715/130/1029 1707/121/1021
f 1709/123/1022 1717/132/1030 1716/131/1030 1708/122/1022
f 1710/116/1023 1718/125/1031 1717/132/1031 1709/123/1023
f 1711/124/1024 1719/133/1032 1726/134/1032 1718/125/1024
f 1712/126/1025 1720/135/1033 1719/136/1034 1711/127/1025
f 1713/128/1026 1721/137/1035 1720/135/1035 1712/126/1026
f 1714/129/1027 1722/138/1036 1721/137/1036 1713/128/1027
f 1715/130/1028 1723/139/1037 1722/138/1037 1714/129/1028
f 1716/131/1029 1724/140/1038 1723/139/1039 1715/130/1029
f 1717/132/1030 1725/141/1040 1724/140/1040 1716/131/1030
f 1718/125/1031 1726/134/1041 1725/141/1041 1717/132/1031
f 1719/133/1032 1727/142/1042 1734/143/1042 1726/134/1032
f 1720/135/1033 1728/144/1043 1727/145/1043 1719/136/1034
f 1721/137/1035 1729/146/1044 1728/144/1044 1720/135/1035
f 1722/138/1036 1730/147/1045 1729/146/1045 1721/137/1036
f 1723/139/1037 1731/148/1046 1730/147/1046 1722/138/1037
f 1724/140/1038 1732/149/1047 1731/148/1047 1723/139/1039
f 1725/141/1040 1733/150/1048 1732/149/1048 1724/140/1040
f 1726/134/1041 1734/143/1049 1733/150/1049 1725/141/1041
f 1727/142/1042 1735/151/1050 1742/152/1050 1734/143/1042
f 1728/144/1043 1736/153/1051 1735/154/1051 1727/145/1043
f 1729/146/1044 1737/155/1052 1736/153/1052 1728/144/1044
f 1730/147/1045 1738/156/1053 1737/155/1053 1729/146/1045
f 1731/148/1046 1739/157/1054 1738/156/1054 1730/147/1046
f 1732/149/1047 1740/158/1055 1739/157/1055 1731/148/1047
f 1733/150/1048 1741/159/1056 1740/158/1056 1732/149/1048
f 1734/143/1049 1742/152/1057 1741/159/1057 1733/150/1049
f 1735/151/1050 1743/160/1058 1750/161/1058 1742/152/1050
f 1736/153/1051 1744/162/1059 1743/163/1059 1735/154/1051
f 1737/155/1052 1745/164/1060 1744/162/1060 1736/153/1052
f 1738/156/1053 1746/165/1061 1745/164/1061 1737/155/1053
f 1739/157/1054 1747/166/1062 1746/165/1062 1738/156/1054
f 1740/158/1055 1748/167/1063 1747/166/1063 1739/157/1055
f 1741/159/1056 1749/168/1064 1748/167/1064 1740/158/1056
f 1742/152/1057 1750/161/1065 1749/168/1065 1741/159/1057
f 1743/160/1058 1751/169/1066 1758/170/1066 1750/161/1058
f 1744/162/1059 1752/171/1067 1751/172/1067 1743/163/1059
f 1745/164/1060 1753/173/1068 1752/171/1068 1744/162/1060
f 1746/165/1061 1754/174/1069 1753/173/1069 1745/164/1061
f 1747/166/1062 1755/175/1070 1754/174/1071 1746/165/1062
f 1748/167/1063 1756/176/1072 1755/175/1072 1747/166/1063
f 1749/168/1064 1757/177/1073 1756/176/1073 1748/167/1064
f 1750/161/1065 1758/170/1074 1757/177/1074 1749/168/1065
f 1751/169/1066 1759/178/1075 1766/179/1076 1758/170/1066
f 1752/171/1067 1760/180/1077 1759/181/1077 1751/172/1067
f 1753/173/1068 1761/182/1078 1760/180/1078 1752/171/1068
f 1754/174/1069 1762/183/1079 1761/182/1079 1753/173/1069
f 1755/175/1070 1763/184/1080 1762/183/1080 1754/174/1071
f 1756/176/1072 1764/185/1081 1763/184/1081 1755/175/1072
f 1757/177/1073 1765/186/1082 1764/185/1082 1756/176/1073
f 1758/170/1074 1766/179/1083 1765/186/1083 1757/177/1074
f 1759/178/1075 1767/187/1084 1774/188/1085 1766/179/1076
f 1760/180/1077 1768/189/1086 1767/190/1086 1759/181/1077
f 1761/182/1078 1769/191/1087 1768/189/1087 1760/180/1078
f 1762/183/1079 1770/192/1088 1769/191/1088 1761/182/1079
f 1763/184/1080 1771/193/1089 1770/192/1089 1762/183/1080
f 1764/185/1081 1772/194/1090 1771/193/1091 1763/184/1081
f 1765/186/1082 1773/195/1092 1772/194/1092 1764/185/1082
f 1766/179/1083 1774/188/1093 1773/195/1093 1765/186/1083
f 1767/187/1084 1775/196/1094 1782/197/1094 1774/188/1085
f 1768/189/1086 1776/198/1095 1775/199/1095 1767/190/1086
f 1769/191/1087 1777/200/1096 1776/198/1096 1768/189/1087
f 1770/192/1088 1778/201/1097 1777/200/1097 1769/191/1088
f 1771/193/1089 1779/202/1098 1778/201/1098 1770/192/1089
f 1772/194/1090 1780/203/1099 1779/202/1099 1771/193/1091
f 1773/195/1092 1781/204/1100 1780/203/1100 1772/194/1092
f 1774/188/1093 1782/197/1101 1781/204/1101 1773/195/1093
f 1775/196/1094 1783/205/1102 1790/206/1102 1782/197/1094
f 1776/198/1095 1784/207/1103 1783/208/1104 1775/199/1095
f 1777/200/1096 1785/209/1105 1784/207/1105 1776/198/1096
f 1778/201/1097 1786/210/1106 1785/209/1106 1777/200/1097
f 1779/202/1098 1787/211/1107 1786/210/1107 1778/201/1098
f 1780/203/1099 1788/212/1108 1787/211/1109 1779/202/1099
f 1781/204/1100 1789/213/1110 1788/212/1111 1780/203/1100
f 1782/197/1101 1790/206/1112 1789/213/1112 1781/204/1101
f 1783/205/1102 1791/214/1113 1798/215/1113 1790/206/1102
f 1784/207/1103 1792/216/1114 1791/217/1115 1783/208/1104
f 1785/209/1105 1793/218/1116 1792/216/1116 1784/207/1105
f 1786/210/1106 1794/219/1117 1793/218/1117 1785/209/1106
f 1787/211/1107 1795/220/1118 1794/219/1118 1786/210/1107
f 1788/212/1108 1796/221/1119 1795/220/1119 1787/211/1109
f 1789/213/1110 1797/222/1120 1796/221/1120 1788/212/1111
f 1790/206/1112 1798/215/1121 1797/222/1121 1789/213/1112
f 1791/214/1113 1799/223/1122 1806/224/1122 1798/215/1113
f 1792/216/1114 1800/225/1123 1799/226/1123 1791/217/1115
f 1793/218/1116 1801/227/1124 1800/225/1124 1792/216/1116
f 1794/219/1117 1802/228/1125 1801/227/1125 1793/218/1117
f 1795/220/1118 1803/229/1126 1802/228/1126 1794/219/1118
f 1796/221/1119 1804/230/1127 1803/229/1127 1795/220/1119
f 1797/222/1120 1805/231/1128 1804/230/1129 1796/221/1120
f 1798/215/1121 1806/224/1130 1805/231/1130 1797/222/1121
f 1799/223/1122 1807/232/1131 1814/233/1131 1806/224/1122
f 1800/225/1123 1808/234/1132 1807/235/1133 1799/226/1123
f 1801/227/1124 1809/236/1134 1808/234/1134 1800/225/1124
f 1802/228/1125 1810/237/1135 1809/236/1135 1801/227/1125
f 1803/229/1126 1811/238/1136 1810/237/1136 1802/228/1126
f 1804/230/1127 1812/239/1137 1811/238/1137 1803/229/1127
f 1805/231/1128 1813/240/1138 1812/239/1138 1804/230/1129
f 1806/224/1130 1814/233/1139 1813/240/1139 1805/231/1130
f 1807/232/1131 1815/241/1140 1822/242/1140 1814/233/1131
f 1808/234/1132 1816/243/1141 1815/244/1141 1807/235/1133
f 1809/236/1134 1817/245/1142 1816/243/1142 1808/234/1134
f 1810/237/1135 1818/246/1143 1817/245/1143 1809/236/1135
f 1811/238/1136 1819/247/1144 1818/246/1144 1810/237/1136
f 1812/239/1137 1820/248/1145 1819/247/1145 1811/238/1137
f 1813/240/1138 1821/249/1146 1820/248/1146 1812/239/1138
f 1814/233/1139 1822/242/1147 1821/249/1147 1813/240/1139
f 1815/241/1140 1823/250/1148 1830/251/1148 1822/242/1140
f 1816/243/1141 1824/252/1149 1823/253/1150 1815/244/1141
f 1817/245/1142 1825/254/1151 1824/252/1152 1816/243/1142
f 1818/246/1143 1826/255/1153 1825/254/1153 1817/245/1143
f 1819/247/1144 1827/256/1154 1826/255/1154 1818/246/1144
f 1820/248/1145 1828/257/1155 1827/256/1155 1819/247/1145
f 1821/249/1146 1829/258/1156 1828/257/1156 1820/248/1146
f 1822/242/1147 1830/251/1157 1829/258/1157 1821/249/1147
f 1823/250/1148 1831/259/1158 1838/260/1158 1830/251/1148
f 1824/252/1149 1832/261/1159 1831/262/1159 1823/253/1150
f 1825/254/1151 1833/263/1160 1832/261/1161 1824/252/1152
f 1826/255/1153 1834/264/1162 1833/263/1162 1825/254/1153
f 1827/256/1154 1835/265/1163 1834/264/1163 1826/255/1154
f 1828/257/1155 1836/266/1164 1835/265/1164 1827/256/1155
f 1829/258/1156 1837/267/1165 1836/266/1165 1828/257/1156
f 1830/251/1157 1838/260/1166 1837/267/1166 1829/258/1157
f 1831/259/1158 1839/268/1167 1846/269/1167 1838/260/1158
f 1832/261/1159 1840/270/1168 1839/271/1168 1831/262/1159
f 1833/263/1160 1841/272/1169 1840/270/1169 1832/261/1161
f 1834/264/1162 1842/273/1170 1841/272/1170 1833/263/1162
f 1835/265/1163 1843/274/1171 1842/273/1171 1834/264/1163
f 1836/266/1164 1844/275/1172 1843/274/1173 1835/265/1164
f 1837/267/1165 1845/276/1174 1844/275/1174 1836/266/1165
f 1838/260/1166 1846/269/1175 1845/276/1175 1837/267/1166
f 1839/268/1167 1847/277/1176 1854/278/1176 1846/269/1167
f 1840/270/1168 1848/279/1177 1847/280/1177 1839/271/1168
f 1841/272/1169 1849/281/1178 1848/279/1178 1840/270/1169
f 1842/273/1170 1850/282/1179 1849/281/1179 1841/272/1170
f 1843/274/1171 1851/283/1180 1850/282/1180 1842/273/1171
f 1844/275/1172 1852/284/1181 1851/283/1181 1843/274/1173
f 1845/276/1174 1853/285/1182 1852/284/1182 1844/275/1174
f 1846/269/1175 1854/278/1183 1853/285/1183 1845/276/1175
f 1847/277/1176 1855/286/1184 1862/287/1184 1854/278/1176
f 1848/279/1177 1856/288/1185 1855/289/1185 1847/280/1177
f 1849/281/1178 1857/290/1186 1856/288/1187 1848/279/1178
f 1850/282/1179 1858/291/1188 1857/290/1188 1849/281/1179
f 1851/283/1180 1859/292/1189 1858/291/1189 1850/282/1180
f 1852/284/1181 1860/293/1190 1859/292/1191 1851/283/1181
f 1853/285/1182 1861/294/1192 1860/293/1192 1852/284/1182
f 1854/278/1183 1862/287/1193 1861/294/1193 1853/285/1183
f 1855/286/1184 1863/295/1194 1870/296/1194 1862/287/1184
f 1856/288/1185 1864/297/1195 1863/298/1195 1855/289/1185
f 1857/290/1186 1865/299/1196 1864/297/1196 1856/288/1187
f 1858/291/1188 1866/300/1197 1865/299/1197 1857/290/1188
f 1859/292/1189 1867/301/1198 1866/300/1198 1858/291/1189
f 1860/293/1190 1868/302/1199 1867/301/1199 1859/292/1191
f 1861/294/1192 1869/303/1200 1868/302/1201 1860/293/1192
f 1862/287/1193 1870/296/1202 1869/303/1202 1861/294/1193
f 1863/295/1194 1871/304/1203 1878/305/1203 1870/296/1194
f 1864/297/1195 1872/306/1204 1871/307/1204 1863/298/1195
f 1865/299/1196 1873/308/1205 1872/306/1206 1864/297/1196
f 1866/300/1197 1874/309/1207 1873/308/1208 1865/299/1197
f 1867/301/1198 1875/310/1209 1874/309/1209 1866/300/1198
f 1868/302/1199 1876/311/1210 1875/310/1210 1867/301/1199
f 1869/303/1200 1877/312/1211 1876/311/1211 1868/302/1201
f 1870/296/1202 1878/305/1212 1877/312/1212 1869/303/1202
f 1871/304/1203 1879/313/1213 1886/314/1213 1878/305/1203
f 1872/306/1204 1880/315/1214 1879/316/1214 1871/307/1204
f 1873/308/1205 1881/317/1215 1880/315/1216 1872/306/1206
f 1874/309/1207 1882/318/1217 1881/317/1218 1873/308/1208
f 1875/310/1209 1883/319/1219 1882/318/1219 1874/309/1209
f 1876/311/1210 1884/320/1220 1883/319/1220 1875/310/1210
f 1877/312/1211 1885/321/1221 1884/320/1222 1876/311/1211
f 1878/305/1212 1886/314/1223 1885/321/1223 1877/312/1212
f 1879/313/1213 1887/322/1224 1894/323/1224 1886/314/1213
f 1880/315/1214 1888/324/1225 1887/325/1225 1879/316/1214
f 1881/317/1215 1889/326/1226 1888/324/1226 1880/315/1216
f 1882/318/1217 1890/327/1227 1889/326/1227 1881/317/1218
f 1883/319/1219 1891/328/1228 1890/327/1228 1882/318/1219
f 1884/320/1220 1892/329/1229 1891/328/1229 1883/319/1220
f 1885/321/1221 1893/330/1230 1892/329/1230 1884/320/1222
f 1886/314/1223 1894/323/1231 1893/330/1231 1885/321/1223
f 1887/322/1224 1895/331/1232 1902/332/1232 1894/323/1224
f 1888/324/1225 1896/333/1233 1895/334/1233 1887/325/1225
f 1889/326/1226 1897/335/1234 1896/333/1234 1888/324/1226
f 1890/327/1227 1898/336/1235 1897/335/1235 1889/326/1227
f 1891/328/1228 1899/337/1236 1898/336/1236 1890/327/1228
f 1892/329/1229 1900/338/1237 1899/337/1237 1891/328/1229
f 1893/330/1230 1901/339/1238 1900/338/1238 1892/329/1230
f 1894/323/1231 1902/332/1239 1901/339/1239 1893/330/1231
f 1895/331/1232 1903/340/1240 1910/341/1240 1902/332/1232
f 1896/333/1233 1904/342/1241 1903/343/1241 1895/334/1233
f 1897/335/1234 1905/344/1242 1904/342/1242 1896/333/1234
f 1898/336/1235 1906/345/1243 1905/344/1243 1897/335/1235
f 1899/337/1236 1907/346/1244 1906/345/1244 1898/336/1236
f 1900/338/1237 1908/347/1245 1907/346/1245 1899/337/1237
f 1901/339/1238 1909/348/1246 1908/347/1246 1900/338/1238
f 1902/332/1239 1910/341/1247 1909/348/1248 1901/339/1239
f 1903/340/1240 1911/349/1249 1918/350/1249 1910/341/1240
f 1904/342/1241 1912/351/1250 1911/352/1250 1903/343/1241
f 1905/344/1242 1913/353/1251 1912/351/1252 1904/342/1242
f 1906/345/1243 1914/354/1253 1913/353/1253 1905/344/1243
f 1907/346/1244 1915/355/1254 1914/354/1254 1906/345/1244
f 1908/347/1245 1916/356/1255 1915/355/1255 1907/346/1245
f 1909/348/1246 1917/357/1256 1916/356/1256 1908/347/1246
f 1910/341/1247 1918/350/1257 1917/357/1257 1909/348/1248
f 1911/349/1249 1919/358/1258 1926/359/1258 1918/350/1249
f 1912/351/1250 1920/360/1259 1919/361/1259 1911/352/1250
f 1913/353/1251 1921/362/1260 1920/360/1260 1912/351/1252
f 1914/354/1253 1922/363/1261 1921/362/1261 1913/353/1253
f 1915/355/1254 1923/364/1262 1922/363/1262 1914/354/1254
f 1916/356/1255 1924/365/1263 1923/364/1263 1915/355/1255
f 1917/357/1256 1925/366/1264 1924/365/1265 1916/356/1256
f 1918/350/1257 1926/359/1266 1925/366/1267 1917/357/1257
f 1919/358/1258 1927/367/1268 1934/368/1268 1926/359/1258
f 1920/360/1259 1928/369/1269 1927/370/1269 1919/361/1259
f 1921/362/1260 1929/371/1270 1928/369/1270 1920/360/1260
f 1922/363/1261 1930/372/1271 1929/371/1271 1921/362/1261
f 1923/364/1262 1931/373/1272 1930/372/1272 1922/363/1262
f 1924/365/1263 1932/374/1273 1931/373/1273 1923/364/1263
f 1925/366/1264 1933/375/1274 1932/374/1274 1924/365/1265
f 1926/359/1266 1934/368/1275 1933/375/1276 1925/366/1267
f 1927/367/1268 1935/376/1277 1942/377/1277 1934/368/1268
f 1928/369/1269 1936/378/1278 1935/379/1278 1927/370/1269
f 1929/371/1270 1937/380/1279 1936/378/1279 1928/369/1270
f 1930/372/1271 1938/381/1280 1937/380/1281 1929/371/1271
f 1931/373/1272 1939/382/1282 1938/381/1282 1930/372/1272
f 1932/374/1273 1940/383/1283 1939/382/1283 1931/373/1273
f 1933/375/1274 1941/384/1284 1940/383/1284 1932/374/1274
f 1934/368/1275 1942/377/1285 1941/384/1286 1933/375/1276
f 1935/376/1277 1943/385/1287 1950/386/1287 1942/377/1277
f 1936/378/1278 1944/387/1288 1943/388/1288 1935/379/1278
f 1937/380/1279 1945/389/1289 1944/387/1290 1936/378/1279
f 1938/381/1280 1946/390/1291 1945/389/1292 1937/380/1281
f 1939/382/1282 1947/391/1293 1946/390/1293 1938/381/1282
f 1940/383/1283 1948/392/1294 1947/391/1294 1939/382/1283
f 1941/384/1284 1949/393/1295 1948/392/1295 1940/383/1284
f 1942/377/1285 1950/386/1296 1949/393/1297 1941/384/1286
f 1943/385/1287 1951/394/1298 1958/395/1298 1950/386/1287
f 1944/387/1288 1952/396/1299 1951/397/1299 1943/388/1288
f 1945/389/1289 1953/398/1300 1952/396/1300 1944/387/1290
f 1946/390/1291 1954/399/1301 1953/398/1301 1945/389/1292
f 1947/391/1293 1955/400/1302 1954/399/1302 1946/390/1293
f 1948/392/1294 1956/401/1303 1955/400/1303 1947/391/1294
f 1949/393/1295 1957/402/1304 1956/401/1304 1948/392/1295
f 1950/386/1296 1958/395/1305 1957/402/1305 1949/393/1297
f 1951/394/1298 1959/403/1306 1966/404/1306 1958/395/1298
f 1952/396/1299 1960/405/1307 1959/406/1307 1951/397/1299
f 1953/398/1300 1961/407/1308 1960/405/1308 1952/396/1300
f 1954/399/1301 1962/408/1309 1961/407/1310 1953/398/1301
f 1955/400/1302 1963/409/1311 1962/408/1311 1954/399/1302
f 1956/401/1303 1964/410/1312 1963/409/1312 1955/400/1303
f 1957/402/1304 1965/411/1313 1964/410/1313 1956/401/1304
f 1958/395/1305 1966/404/1314 1965/411/1314 1957/402/1305
f 1959/403/1306 1967/412/1315 1974/413/1315 1966/404/1306
f 1960/405/1307 1968/414/1316 1967/415/1316 1959/406/1307
f 1961/407/1308 1969/416/1317 1968/414/1317 1960/405/1308
f 1962/408/1309 1970/417/1318 1969/416/1318 1961/407/1310
f 1963/409/1311 1971/418/1319 1970/417/1319 1962/408/1311
f 1964/410/1312 1972/419/1320 1971/418/1320 1963/409/1312
f 1965/411/1313 1973/420/1321 1972/419/1321 1964/410/1313
f 1966/404/1314 1974/413/1322 1973/420/1322 1965/411/1314
f 1967/412/1315 1975/421/1323 1982/422/1323 1974/413/1315
f 1968/414/1316 1976/423/1324 1975/424/1324 1967/415/1316
f 1969/416/1317 1977/425/1325 1976/423/1325 1968/414/1317
f 1970/417/1318 1978/426/1326 1977/425/1326 1969/416/1318
f 1971/418/1319 1979/427/1327 1978/426/1327 1970/417/1319
f 1972/419/1320 1980/428/1328 1979/427/1328 1971/418/1320
f 1973/420/1321 1981/429/1329 1980/428/1330 1972/419/1321
f 1974/413/1322 1982/422/1331 1981/429/1331 1973/420/1322
f 1975/421/1323 1983/430/1332 1990/431/1332 1982/422/1323
f 1976/423/1324 1984/432/1333 1983/433/1333 1975/424/1324
f 1977/425/1325 1985/434/1334 1984/432/1334 1976/423/1325
f 1978/426/1326 1986/435/1335 1985/434/1335 1977/425/1326
f 1979/427/1327 1987/436/1336 1986/435/1337 1978/426/1327
f 1980/428/1328 1988/437/1338 1987/436/1338 1979/427/1328
f 1981/429/1329 1989/438/1339 1988/437/1339 1980/428/1330
f 1982/422/1331 1990/431/1340 1989/438/1340 1981/429/1331
f 1983/430/1332 1991/439/1341 1998/440/1342 1990/431/1332
f 1984/432/1333 1992/441/1343 1991/442/1343 1983/433/1333
f 1985/434/1334 1993/443/1344 1992/441/1344 1984/432/1334
f 1986/435/1335 1994/444/1345 1993/443/1345 1985/434/1335
f 1987/436/1336 1995/445/1346 1994/444/1346 1986/435/1337
f 1988/437/1338 1996/446/1347 1995/445/1347 1987/436/1338
f 1989/438/1339 1997/447/1348 1996/446/1348 1988/437/1339
f 1990/431/1340 1998/440/1349 1997/447/1349 1989/438/1340
f 1991/439/1341 1999/448/1350 2006/449/1351 1998/440/1342
f 1992/441/1343 2000/450/1352 1999/451/1352 1991/442/1343
f 1993/443/1344 2001/452/1353 2000/450/1353 1992/441/1344
f 1994/444/1345 2002/453/1354 2001/452/1354 1993/443/1345
f 1995/445/1346 2003/454/1355 2002/453/1355 1994/444/1346
f 1996/446/1347 2004/455/1356 2003/454/1356 1995/445/1347
f 1997/447/1348 2005/456/1357 2004/455/1358 1996/446/1348
f 1998/440/1349 2006/449/1359 2005/456/1359 1997/447/1349
f 1999/448/1350 2007/457/1360 2014/458/1360 2006/449/1351
f 2000/450/1352 2008/459/1361 2007/460/1361 1999/451/1352
f 2001/452/1353 2009/461/1362 2008/459/1362 2000/450/1353
f 2002/453/1354 2010/462/1363 2009/461/1364 2001/452/1354
f 2003/454/1355 2011/463/1365 2010/462/1365 2002/453/1355
f 2004/455/1356 2012/464/1366 2011/463/1366 2003/454/1356
f 2005/456/1357 2013/465/1367 2012/464/1367 2004/455/1358
f 2006/449/1359 2014/458/1368 2013/465/1368 2005/456/1359
f 2007/457/1360 2015/466/1369 2022/467/1369 2014/458/1360
f 2008/459/1361 2016/468/1370 2015/469/1370 2007/460/1361
f 2009/461/1362 2017/470/1371 2016/468/1371 2008/459/1362
f 2010/462/1363 2018/471/1372 2017/470/1372 2009/461/1364
f 2011/463/1365 2019/472/1373 2018/471/1373 2010/462/1365
f 2012/464/1366 2020/473/1374 2019/472/1374 2011/463/1366
f 2013/465/1367 2021/474/1375 2020/473/1375 2012/464/1367
f 2014/458/1368 2022/467/1376 2021/474/1377 2013/465/1368
f 2015/466/1369 2023/475/1378 2030/476/1378 2022/467/1369
f 2016/468/1370 2024/477/1379 2023/478/1379 2015/469/1370
f 2017/470/1371 2025/479/1380 2024/477/1380 2016/468/1371
f 2018/471/1372 2026/480/1381 2025/479/1382 2017/470/1372
f 2019/472/1373 2027/481/1383 2026/480/1383 2018/471/1373
f 2020/473/1374 2028/482/1384 2027/481/1384 2019/472/1374
f 2021/474/1375 2029/483/1385 2028/482/1385 2020/473/1375
f 2022/467/1376 2030/476/1386 2029/483/1387 2021/474/1377
f 2023/475/1378 2031/484/1388 2038/485/1388 2030/476/1378
f 2024/477/1379 2032/486/1389 2031/487/1389 2023/478/1379
f 2025/479/1380 2033/488/1390 2032/486/1390 2024/477/1380
f 2026/480/1381 2034/489/1391 2033/488/1392 2025/479/1382
f 2027/481/1383 2035/490/1393 2034/489/1393 2026/480/1383
f 2028/482/1384 2036/491/1394 2035/490/1394 2027/481/1384
f 2029/483/1385 2037/492/1395 2036/491/1395 2028/482/1385
f 2030/476/1386 2038/485/1396 2037/492/1396 2029/483/1387
f 2031/484/1388 2039/493/1397 2046/494/1398 2038/485/1388
f 2032/486/1389 2040/495/1399 2039/496/1399 2031/487/1389
f 2033/488/1390 2041/497/1400 2040/495/1400 2032/486/1390
f 2034/489/1391 2042/498/1401 2041/497/1401 2033/488/1392
f 2035/490/1393 2043/499/1402 2042/498/1403 2034/489/1393
f 2036/491/1394 2044/500/1404 2043/499/1404 2035/490/1394
f 2037/492/1395 2045/501/1405 2044/500/1405 2036/491/1395
f 2038/485/1396 2046/494/1406 2045/501/1406 2037/492/1396
f 2039/493/1397 2047/502/1407 2054/503/1407 2046/494/1398
f 2040/495/1399 2048/504/1408 2047/505/1408 2039/496/1399
f 2041/497/1400 2049/506/1409 2048/504/1409 2040/495/1400
f 2042/498/1401 2050/507/1410 2049/506/1410 2041/497/1401
f 2043/499/1402 2051/508/1411 2050/507/1412 2042/498/1403
f 2044/500/1404 2052/509/1413 2051/508/1413 2043/499/1404
f 2045/501/1405 2053/510/1414 2052/509/1414 2044/500/1405
f 2046/494/1406 2054/503/1415 2053/510/1415 2045/501/1406
f 2047/502/1407 2055/511/1416 2062/512/1417 2054/503/1407
f 2048/504/1408 2056/513/1418 2055/514/1418 2047/505/1408
f 2049/506/1409 2057/515/1419 2056/513/1419 2048/504/1409
f 2050/507/1410 2058/516/1420 2057/515/1420 2049/506/1410
f 2051/508/1411 2059/517/1421 2058/516/1421 2050/507/1412
f 2052/509/1413 2060/518/1422 2059/517/1422 2051/508/1413
f 2053/510/1414 2061/519/1423 2060/518/1423 2052/509/1414
f 2054/503/1415 2062/512/1424 2061/519/1424 2053/510/1415
f 2055/511/1416 2063/520/1425 2070/521/1425 2062/512/1417
f 2056/513/1418 2064/522/1426 2063/523/1426 2055/514/1418
f 2057/515/1419 2065/524/1427 2064/522/1427 2056/513/1419
f 2058/516/1420 2066/525/1428 2065/524/1428 2057/515/1420
f 2059/517/1421 2067/526/1429 2066/525/1429 2058/516/1421
f 2060/518/1422 2068/527/1430 2067/526/1430 2059/517/1422
f 2061/519/1423 2069/528/1431 2068/527/1431 2060/518/1423
f 2062/512/1424 2070/521/1432 2069/528/1433 2061/519/1424
f 2063/520/1425 2071/529/1434 2078/530/1434 2070/521/1425
f 2064/522/1426 2072/531/1435 2071/532/1435 2063/523/1426
f 2065/524/1427 2073/533/1436 2072/531/1436 2064/522/1427
f 2066/525/1428 2074/534/1437 2073/533/1437 2065/524/1428
f 2067/526/1429 2075/535/1438 2074/534/1439 2066/525/1429
f 2068/527/1430 2076/536/1440 2075/535/1440 2067/526/1430
f 2069/528/1431 2077/537/1441 2076/536/1441 2068/527/1431
f 2070/521/1432 2078/530/1442 2077/537/1443 2069/528/1433
f 2071/529/1434 2079/538/1444 2086/539/1444 2078/530/1434
f 2072/531/1435 2080/540/1445 2079/541/1445 2071/532/1435
f 2073/533/1436 2081/542/1446 2080/540/1446 2072/531/1436
f 2074/534/1437 2082/543/1447 2081/542/1447 2073/533/1437
f 2075/535/1438 2083/544/1448 2082/543/1448 2074/534/1439
f 2076/536/1440 2084/545/1449 2083/544/1449 2075/535/1440
f 2077/537/1441 2085/546/1450 2084/545/1450 2076/536/1441
f 2078/530/1442 2086/539/1451 2085/546/1451 2077/537/1443
f 2079/538/1444 2087/547/1452 2094/548/1453 2086/539/1444
f 2080/540/1445 2088/549/1454 2087/550/1454 2079/541/1445
f 2081/542/1446 2089/551/1455 2088/549/1455 2080/540/1446
f 2082/543/1447 2090/552/1456 2089/551/1456 2081/542/1447
f 2083/544/1448 2091/553/1457 2090/552/1457 2082/543/1448
f 2084/545/1449 2092/554/1458 2091/553/1458 2083/544/1449
f 2085/546/1450 2093/555/1459 2092/554/1459 2084/545/1450
f 2086/539/1451 2094/548/1460 2093/555/1460 2085/546/1451
f 2087/547/1452 2095/556/1461 2102/557/1461 2094/548/1453
f 2088/549/1454 2096/558/1462 2095/559/1462 2087/550/1454
f 2089/551/1455 2097/560/1463 2096/558/1463 2088/549/1455
f 2090/552/1456 2098/561/1464 2097/560/1464 2089/551/1456
f 2091/553/1457 2099/562/1465 2098/561/1466 2090/552/1457
f 2092/554/1458 2100/563/1467 2099/562/1467 2091/553/1458
f 2093/555/1459 2101/564/1468 2100/563/1468 2092/554/1459
f 2094/548/1460 2102/557/1469 2101/564/1469 2093/555/1460
f 2095/556/1461 2103/565/1470 2110/566/1470 2102/557/1461
f 2096/558/1462 2104/567/1471 2103/568/1471 2095/559/1462
f 2097/560/1463 2105/569/1472 2104/567/1472 2096/558/1463
f 2098/561/1464 2106/570/1473 2105/569/1473 2097/560/1464
f 2099/562/1465 2107/571/1474 2106/570/1474 2098/561/1466
f 2100/563/1467 2108/572/1475 2107/571/1475 2099/562/1467
f 2101/564/1468 2109/573/1476 2108/572/1476 2100/563/1468
f 2102/557/1469 2110/566/1477 2109/573/1477 2101/564/1469
f 2103/565/1470 2111/574/1478 2118/575/1478 2110/566/1470
f 2104/567/1471 2112/576/1479 2111/577/1479 2103/568/1471
f 2105/569/1472 2113/578/1480 2112/576/1480 2104/567/1472
f 2106/570/1473 2114/579/1481 2113/578/1481 2105/569/1473
f 2107/571/1474 2115/580/1482 2114/579/1483 2106/570/1474
f 2108/572/1475 2116/581/1484 2115/580/1485 2107/571/1475
f 2109/573/1476 2117/582/1486 2116/581/1486 2108/572/1476
f 2110/566/1477 2118/575/1487 2117/582/1487 2109/573/1477
f 2111/574/1478 2119/583/1488 2126/584/1488 2118/575/1478
f 2112/576/1479 2120/585/1489 2119/586/1489 2111/577/1479
f 2113/578/1480 2121/587/1490 2120/585/1490 2112/576/1480
f 2114/579/1481 2122/588/1491 2121/587/1491 2113/578/1481
f 2115/580/1482 2123/589/1492 2122/588/1492 2114/579/1483
f 2116/581/1484 2124/590/1493 2123/589/1493 2115/580/1485
f 2117/582/1486 2125/591/1494 2124/590/1494 2116/581/1486
f 2118/575/1487 2126/584/1495 2125/591/1495 2117/582/1487
f 2119/583/1488 2127/592/1496 2134/593/1497 2126/584/1488
f 2120/585/1489 2128/594/1498 2127/595/1498 2119/586/1489
f 2121/587/1490 2129/596/1499 2128/594/1499 2120/585/1490
f 2122/588/1491 2130/597/1500 2129/596/1500 2121/587/1491
f 2123/589/1492 2131/598/1501 2130/597/1501 2122/588/1492
f 2124/590/1493 2132/599/1502 2131/598/1502 2123/589/1493
f 2125/591/1494 2133/600/1503 2132/599/1503 2124/590/1494
f 2126/584/1495 2134/593/1504 2133/600/1504 2125/591/1495
f 2127/592/1496 2135/601/1505 2142/602/1506 2134/593/1497
f 2128/594/1498 2136/603/1507 2135/604/1507 2127/595/1498
f 2129/596/1499 2137/605/1508 2136/603/1508 2128/594/1499
f 2130/597/1500 2138/606/1509 2137/605/1509 2129/596/1500
f 2131/598/1501 2139/607/1510 2138/606/1510 2130/597/1501
f 2132/599/1502 2140/608/1511 2139/607/1511 2131/598/1502
f 2133/600/1503 2141/609/1512 2140/608/1512 2132/599/1503
f 2134/593/1504 2142/602/1513 2141/609/1513 2133/600/1504
f 2135/601/1505 2143/610/1514 2150/611/1514 2142/602/1506
f 2136/603/1507 2144/612/1515 2143/613/1515 2135/604/1507
f 2137/605/1508 2145/614/1516 2144/612/1516 2136/603/1508
f 2138/606/1509 2146/615/1517 2145/614/1517 2137/605/1509
f 2139/607/1510 2147/616/1518 2146/615/1518 2138/606/1510
f 2140/608/1511 2148/617/1519 2147/616/1519 2139/607/1511
f 2141/609/1512 2149/618/1520 2148/617/1520 2140/608/1512
f 2142/602/1513 2150/611/1521 2149/618/1521 2141/609/1513
f 2143/610/1514 2151/619/1522 2158/620/1522 2150/611/1514
f 2144/612/1515 2152/621/1523 2151/622/1523 2143/613/1515
f 2145/614/1516 2153/623/1524 2152/621/1524 2144/612/1516
f 2146/615/1517 2154/624/1525 2153/623/1525 2145/614/1517
f 2147/616/1518 2155/625/1526 2154/624/1526 2146/615/1518
f 2148/617/1519 2156/626/1527 2155/625/1527 2147/616/1519
f 2149/618/1520 2157/627/1528 2156/626/1528 2148/617/1520
f 2150/611/1521 2158/620/1529 2157/627/1529 2149/618/1521
f 2151/619/1522 2159/628/1530 2166/629/1530 2158/620/1522
f 2152/621/1523 2160/630/1531 2159/631/1531 2151/622/1523
f 2153/623/1524 2161/632/1532 2160/630/1532 2152/621/1524
f 2154/624/1525 2162/633/1533 2161/632/1533 2153/623/1525
f 2155/625/1526 2163/634/1534 2162/633/1534 2154/624/1526
f 2156/626/1527 2164/635/1535 2163/634/1536 2155/625/1527
f 2157/627/1528 2165/636/1537 2164/635/1537 2156/626/1528
f 2158/620/1529 2166/629/1538 2165/636/1538 2157/627/1529
f 2159/628/1530 2167/637/1539 2174/638/1539 2166/629/1530
f 2160/630/1531 2168/639/1540 2167/640/1540 2159/631/1531
f 2161/632/1532 2169/641/1541 2168/639/1541 2160/630/1532
f 2162/633/1533 2170/642/1542 2169/641/1542 2161/632/1533
f 2163/634/1534 2171/643/1543 2170/642/1543 2162/633/1534
f 2164/635/1535 2172/644/1544 2171/643/1544 2163/634/1536
f 2165/636/1537 2173/645/1545 2172/644/1545 2164/635/1537
f 2166/629/1538 2174/638/1546 2173/645/1546 2165/636/1538
f 2167/637/1539 2175/646/1547 2182/647/1548 2174/638/1539
f 2168/639/1540 2176/648/1549 2175/649/1549 2167/640/1540
f 2169/641/1541 2177/650/1550 2176/648/1550 2168/639/1541
f 2170/642/1542 2178/651/1551 2177/650/1551 2169/641/1542
f 2171/643/1543 2179/652/1552 2178/651/1552 2170/642/1543
f 2172/644/1544 2180/653/1553 2179/652/1553 2171/643/1544
f 2173/645/1545 2181/654/1554 2180/653/1554 2172/644/1545
f 2174/638/1546 2182/647/1555 2181/654/1555 2173/645/1546
f 2175/646/1547 2183/655/1556 2190/656/1556 2182/647/1548
f 2176/648/1549 2184/657/1557 2183/658/1557 2175/649/1549
f 2177/650/1550 2185/659/1558 2184/657/1558 2176/648/1550
f 2178/651/1551 2186/660/1559 2185/659/1559 2177/650/1551
f 2179/652/1552 2187/661/1560 2186/660/1560 2178/651/1552
f 2180/653/1553 2188/662/1561 2187/661/1561 2179/652/1553
f 2181/654/1554 2189/663/1562 2188/662/1562 2180/653/1554
f 2182/647/1555 2190/656/1563 2189/663/1563 2181/654/1555
f 2183/655/1556 2191/664/1564 2198/665/1564 2190/656/1556
f 2184/657/1557 2192/666/1565 2191/667/1565 2183/658/1557
f 2185/659/1558 2193/668/1566 2192/666/1566 2184/657/1558
f 2186/660/1559 2194/669/1567 2193/668/1567 2185/659/1559
f 2187/661/1560 2195/670/1568 2194/669/1568 2186/660/1560
f 2188/662/1561 2196/671/1569 2195/670/1569 2187/661/1561
f 2189/663/1562 2197/672/1570 2196/671/1570 2188/662/1562
f 2190/656/1563 2198/665/1571 2197/672/1571 2189/663/1563
f 2191/664/1564 2199/673/1572 2206/674/1572 2198/665/1564
f 2192/666/1565 2200/675/1573 2199/676/1574 2191/667/1565
f 2193/668/1566 2201/677/1575 2200/675/1575 2192/666/1566
f 2194/669/1567 2202/678/1576 2201/677/1576 2193/668/1567
f 2195/670/1568 2203/679/1577 2202/678/1577 2194/669/1568
f 2196/671/1569 2204/680/1578 2203/679/1579 2195/670/1569
f 2197/672/1570 2205/681/1580 2204/680/1580 2196/671/1570
f 2198/665/1571 2206/674/1581 2205/681/1581 2197/672/1571
f 2199/673/1572 2207/682/1582 2214/683/1582 2206/674/1572
f 2200/675/1573 2208/684/1583 2207/685/1583 2199/676/1574
f 2201/677/1575 2209/686/1584 2208/684/1584 2200/675/1575
f 2202/678/1576 2210/687/1585 2209/686/1585 2201/677/1576
f 2203/679/1577 2211/688/1586 2210/687/1586 2202/678/1577
f 2204/680/1578 2212/689/1587 2211/688/1587 2203/679/1579
f 2205/681/1580 2213/690/1588 2212/689/1588 2204/680/1580
f 2206/674/1581 2214/683/1589 2213/690/1589 2205/681/1581
f 2207/682/1582 2215/691/1590 2222/692/1590 2214/683/1582
f 2208/684/1583 2216/693/1591 2215/694/1591 2207/685/1583
f 2209/686/1584 2217/695/1592 2216/693/1592 2208/684/1584
f 2210/687/1585 2218/696/1593 2217/695/1593 2209/686/1585
f 2211/688/1586 2219/697/1594 2218/696/1594 2210/687/1586
f 2212/689/1587 2220/698/1595 2219/697/1595 2211/688/1587
f 2213/690/1588 2221/699/1596 2220/698/1596 2212/689/1588
f 2214/683/1589 2222/692/1597 2221/699/1597 2213/690/1589
f 2215/691/1590 2223/700/1598 2230/701/1598 2222/692/1590
f 2216/693/1591 2224/702/1599 2223/703/1599 2215/694/1591
f 2217/695/1592 2225/704/1600 2224/702/1600 2216/693/1592
f 2218/696/1593 2226/705/1601 2225/704/1601 2217/695/1593
f 2219/697/1594 2227/706/1602 2226/705/1602 2218/696/1594
f 2220/698/1595 2228/707/1603 2227/706/1603 2219/697/1595
f 2221/699/1596 2229/708/1604 2228/707/1604 2220/698/1596
f 2222/692/1597 2230/701/1605 2229/708/1605 2221/699/1597
f 2223/700/1598 2231/709/1606 2238/710/1606 2230/701/1598
f 2224/702/1599 2232/711/1607 2231/712/1607 2223/703/1599
f 2225/704/1600 2233/713/1608 2232/711/1609 2224/702/1600
f 2226/705/1601 2234/714/1610 2233/713/1610 2225/704/1601
f 2227/706/1602 2235/715/1611 2234/714/1611 2226/705/1602
f 2228/707/1603 2236/716/1612 2235/715/1612 2227/706/1603
f 2229/708/1604 2237/717/1613 2236/716/1613 2228/707/1604
f 2230/701/1605 2238/710/1614 2237/717/1614 2229/708/1605
f 2231/709/1606 2239/718/1615 2246/719/1615 2238/710/1606
f 2232/711/1607 2240/720/1616 2239/721/1616 2231/712/1607
f 2233/713/1608 2241/722/1617 2240/720/1618 2232/711/1609
f 2234/714/1610 2242/723/1619 2241/722/1619 2233/713/1610
f 2235/715/1611 2243/724/1620 2242/723/1620 2234/714/1611
f 2236/716/1612 2244/725/1621 2243/724/1621 2235/715/1612
f 2237/717/1613 2245/726/1622 2244/725/1622 2236/716/1613
f 2238/710/1614 2246/719/1623 2245/726/1623 2237/717/1614
f 2239/718/1615 2247/727/1624 2254/728/1624 2246/719/1615
f 2240/720/1616 2248/729/1625 2247/730/1625 2239/721/1616
f 2241/722/1617 2249/731/1626 2248/729/1626 2240/720/1618
f 2242/723/1619 2250/732/1627 2249/731/1627 2241/722/1619
f 2243/724/1620 2251/733/1628 2250/732/1628 2242/723/1620
f 2244/725/1621 2252/734/1629 2251/733/1630 2243/724/1621
f 2245/726/1622 2253/735/1631 2252/734/1632 2244/725/1622
f 2246/719/1623 2254/728/1633 2253/735/1633 2245/726/1623
f 2247/727/1624 2255/736/1634 2262/737/1634 2254/728/1624
f 2248/729/1625 2256/738/1635 2255/739/1635 2247/730/1625
f 2249/731/1626 2257/740/1636 2256/738/1636 2248/729/1626
f 2250/732/1627 2258/741/1637 2257/740/1637 2249/731/1627
f 2251/733/1628 2259/742/1638 2258/741/1638 2250/732/1628
f 2252/734/1629 2260/743/1639 2259/742/1640 2251/733/1630
f 2253/735/1631 2261/744/1641 2260/743/1642 2252/734/1632
f 2254/728/1633 2262/737/1643 2261/744/1643 2253/735/1633
f 2255/736/1634 2263/745/1644 2270/746/1644 2262/737/1634
f 2256/738/1635 2264/747/1645 2263/748/1646 2255/739/1635
f 2257/740/1636 2265/749/1647 2264/747/1647 2256/738/1636
f 2258/741/1637 2266/750/1648 2265/749/1648 2257/740/1637
f 2259/742/1638 2267/751/1649 2266/750/1649 2258/741/1638
f 2260/743/1639 2268/752/1650 2267/751/1650 2259/742/1640
f 2261/744/1641 2269/753/1651 2268/752/1651 2260/743/1642
f 2262/737/1643 2270/746/1652 2269/753/1652 2261/744/1643
f 2263/745/1644 2271/754/1653 2278/755/1653 2270/746/1644
f 2264/747/1645 2272/756/1654 2271/757/1654 2263/748/1646
f 2265/749/1647 2273/758/1655 2272/756/1655 2264/747/1647
f 2266/750/1648 2274/759/1656 2273/758/1656 2265/749/1648
f 2267/751/1649 2275/760/1657 2274/759/1657 2266/750/1649
f 2268/752/1650 2276/761/1658 2275/760/1658 2267/751/1650
f 2269/753/1651 2277/762/1659 2276/761/1660 2268/752/1651
f 2270/746/1652 2278/755/1661 2277/762/1661 2269/753/1652
f 2271/754/1653 2279/763/1662 2286/764/1662 2278/755/1653
f 2272/756/1654 2280/765/1663 2279/766/1663 2271/757/1654
f 2273/758/1655 2281/767/1664 2280/765/1665 2272/756/1655
f 2274/759/1656 2282/768/1666 2281/767/1666 2273/758/1656
f 2275/760/1657 2283/769/1667 2282/768/1667 2274/759/1657
f 2276/761/1658 2284/770/1668 2283/769/1668 2275/760/1658
f 2277/762/1659 2285/771/1669 2284/770/1669 2276/761/1660
f 2278/755/1661 2286/764/1670 2285/771/1670 2277/762/1661
f 2279/763/1662 2287/772/1671 2294/773/1671 2286/764/1662
f 2280/765/1663 2288/774/1672 2287/775/1672 2279/766/1663
f 2281/767/1664 2289/776/1673 2288/774/1673 2280/765/1665
f 2282/768/1666 2290/777/1674 2289/776/1675 2281/767/1666
f 2283/769/1667 2291/778/1676 2290/777/1676 2282/768/1667
f 2284/770/1668 2292/779/1677 2291/778/1677 2283/769/1668
f 2285/771/1669 2293/780/1678 2292/779/1678 2284/770/1669
f 2286/764/1670 2294/773/1679 2293/780/1679 2285/771/1670
f 2287/772/1671 2295/781/1680 2302/782/1680 2294/773/1671
f 2288/774/1672 2296/783/1681 2295/784/1681 2287/775/1672
f 2289/776/1673 2297/785/1682 2296/783/1683 2288/774/1673
f 2290/777/1674 2298/786/1684 2297/785/1684 2289/776/1675
f 2291/778/1676 2299/787/1685 2298/786/1685 2290/777/1676
f 2292/779/1677 2300/788/1686 2299/787/1686 2291/778/1677
f 2293/780/1678 2301/789/1687 2300/788/1688 2292/779/1678
f 2294/773/1679 2302/782/1689 2301/789/1689 2293/780/1679
f 2295/781/1680 2303/790/1690 2310/791/1690 2302/782/1680
f 2296/783/1681 2304/792/1691 2303/793/1691 2295/784/1681
f 2297/785/1682 2305/794/1692 2304/792/1692 2296/783/1683
f 2298/786/1684 2306/795/1693 2305/794/1693 2297/785/1684
f 2299/787/1685 2307/796/1694 2306/795/1694 2298/786/1685
f 2300/788/1686 2308/797/1695 2307/796/1695 2299/787/1686
f 2301/789/1687 2309/798/1696 2308/797/1696 2300/788/1688
f 2302/782/1689 2310/791/1697 2309/798/1697 2301/789/1689
f 2303/790/1690 2311/799/1698 2318/800/1698 2310/791/1690
f 2304/792/1691 2312/801/1699 2311/802/1699 2303/793/1691
f 2305/794/1692 2313/803/1700 2312/801/1700 2304/792/1692
f 2306/795/1693 2314/804/1701 2313/803/1701 2305/794/1693
f 2307/796/1694 2315/805/1702 2314/804/1702 2306/795/1694
f 2308/797/1695 2316/806/1703 2315/805/1703 2307/796/1695
f 2309/798/1696 2317/807/1704 2316/806/1704 2308/797/1696
f 2310/791/1697 2318/800/1705 2317/807/1705 2309/798/1697
f 2311/799/1698 2319/808/1706 2326/809/1706 2318/800/1698
f 2312/801/1699 2320/810/1707 2319/811/1707 2311/802/1699
f 2313/803/1700 2321/812/1708 2320/810/1709 2312/801/1700
f 2314/804/1701 2322/813/1710 2321/812/1711 2313/803/1701
f 2315/805/1702 2323/814/1712 2322/813/1712 2314/804/1702
f 2316/806/1703 2324/815/1713 2323/814/1713 2315/805/1703
f 2317/807/1704 2325/816/1714 2324/815/1715 2316/806/1704
f 2318/800/1705 2326/809/1716 2325/816/1716 2317/807/1705
f 2319/808/1706 2327/817/1717 2334/818/1717 2326/809/1706
f 2320/810/1707 2328/819/1718 2327/820/1718 2319/811/1707
f 2321/812/1708 2329/821/1719 2328/819/1719 2320/810/1709
f 2322/813/1710 2330/822/1720 2329/821/1720 2321/812/1711
f 2323/814/1712 2331/823/1721 2330/822/1721 2322/813/1712
f 2324/815/1713 2332/824/1722 2331/823/1722 2323/814/1713
f 2325/816/1714 2333/825/1723 2332/824/1723 2324/815/1715
f 2326/809/1716 2334/818/1724 2333/825/1725 2325/816/1716
f 2327/817/1717 2335/826/1726 2342/827/1726 2334/818/1717
f 2328/819/1718 2336/828/1727 2335/829/1727 2327/820/1718
f 2329/821/1719 2337/830/1728 2336/828/1728 2328/819/1719
f 2330/822/1720 2338/831/1729 2337/830/1729 2329/821/1720
f 2331/823/1721 2339/832/1730 2338/831/1730 2330/822/1721
f 2332/824/1722 2340/833/1731 2339/832/1731 2331/823/1722
f 2333/825/1723 2341/834/1732 2340/833/1732 2332/824/1723
f 2334/818/1724 2342/827/1733 2341/834/1733 2333/825/1725
f 2335/826/1726 2343/835/1734 2350/836/1734 2342/827/1726
f 2336/828/1727 2344/837/1735 2343/838/1735 2335/829/1727
f 2337/830/1728 2345/839/1736 2344/837/1736 2336/828/1728
f 2338/831/1729 2346/840/1737 2345/839/1737 2337/830/1729
f 2339/832/1730 2347/841/1738 2346/840/1738 2338/831/1730
f 2340/833/1731 2348/842/1739 2347/841/1739 2339/832/1731
f 2341/834/1732 2349/843/1740 2348/842/1740 2340/833/1732
f 2342/827/1733 2350/836/1741 2349/843/1742 2341/834/1733
f 2343/835/1734 2351/844/1743 2358/845/1743 2350/836/1734
f 2344/837/1735 2352/846/1744 2351/847/1744 2343/838/1735
f 2345/839/1736 2353/848/1745 2352/846/1745 2344/837/1736
f 2346/840/1737 2354/849/1746 2353/848/1746 2345/839/1737
f 2347/841/1738 2355/850/1747 2354/849/1747 2346/840/1738
f 2348/842/1739 2356/851/1748 2355/850/1748 2347/841/1739
f 2349/843/1740 2357/852/1749 2356/851/1749 2348/842/1740
f 2350/836/1741 2358/845/1750 2357/852/1751 2349/843/1742
f 2351/844/1743 2359/853/1752 2366/854/1752 2358/845/1743
f 2352/846/1744 2360/855/1753 2359/856/1753 2351/847/1744
f 2353/848/1745 2361/857/1754 2360/855/1754 2352/846/1745
f 2354/849/1746 2362/858/1755 2361/857/1756 2353/848/1746
f 2355/850/1747 2363/859/1757 2362/858/1757 2354/849/1747
f 2356/851/1748 2364/860/1758 2363/859/1758 2355/850/1748
f 2357/852/1749 2365/861/1759 2364/860/1759 2356/851/1749
f 2358/845/1750 2366/854/1760 2365/861/1760 2357/852/1751
f 2359/853/1752 2367/862/1761 2374/863/1761 2366/854/1752
f 2360/855/1753 2368/864/1762 2367/865/1762 2359/856/1753
f 2361/857/1754 2369/866/1763 2368/864/1763 2360/855/1754
f 2362/858/1755 2370/867/1764 2369/866/1764 2361/857/1756
f 2363/859/1757 2371/868/1765 2370/867/1765 2362/858/1757
f 2364/860/1758 2372/869/1766 2371/868/1766 2363/859/1758
f 2365/861/1759 2373/870/1767 2372/869/1767 2364/860/1759
f 2366/854/1760 2374/863/1768 2373/870/1768 2365/861/1760
f 2367/862/1761 2375/871/1769 2382/872/1769 2374/863/1761
f 2368/864/1762 2376/873/1770 2375/874/1770 2367/865/1762
f 2369/866/1763 2377/875/1771 2376/873/1771 2368/864/1763
f 2370/867/1764 2378/876/1772 2377/875/1772 2369/866/1764
f 2371/868/1765 2379/877/1773 2378/876/1773 2370/867/1765
f 2372/869/1766 2380/878/1774 2379/877/1774 2371/868/1766
f 2373/870/1767 2381/879/1775 2380/878/1775 2372/869/1767
f 2374/863/1768 2382/872/1776 2381/879/1777 2373/870/1768
f 2375/871/1769 2383/880/1778 2390/881/1778 2382/872/1769
f 2376/873/1770 2384/882/1779 2383/883/1779 2375/874/1770
f 2377/875/1771 2385/884/1780 2384/882/1780 2376/873/1771
f 2378/876/1772 2386/885/1781 2385/884/1781 2377/875/1772
f 2379/877/1773 2387/886/1782 2386/885/1782 2378/876/1773
f 2380/878/1774 2388/887/1783 2387/886/1783 2379/877/1774
f 2381/879/1775 2389/888/1784 2388/887/1784 2380/878/1775
f 2382/872/1776 2390/881/1785 2389/888/1786 2381/879/1777
f 2383/880/1778 2391/889/1787 2398/890/1787 2390/881/1778
f 2384/882/1779 2392/891/1788 2391/892/1788 2383/883/1779
f 2385/884/1780 2393/893/1789 2392/891/1789 2384/882/1780
f 2386/885/1781 2394/894/1790 2393/893/1790 2385/884/1781
f 2387/886/1782 2395/895/1791 2394/894/1791 2386/885/1782
f 2388/887/1783 2396/896/1792 2395/895/1792 2387/886/1783
f 2389/888/1784 2397/897/1793 2396/896/1793 2388/887/1784
f 2390/881/1785 2398/890/1794 2397/897/1794 2389/888/1786
f 2391/889/1787 2399/898/1795 2406/899/1796 2398/890/1787
f 2392/891/1788 2400/900/1797 2399/901/1797 2391/892/1788
f 2393/893/1789 2401/902/1798 2400/900/1798 2392/891/1789
f 2394/894/1790 2402/903/1799 2401/902/1799 2393/893/1790
f 2395/895/1791 2403/904/1800 2402/903/1800 2394/894/1791
f 2396/896/1792 2404/905/1801 2403/904/1801 2395/895/1792
f 2397/897/1793 2405/906/1802 2404/905/1802 2396/896/1793
f 2398/890/1794 2406/899/1803 2405/906/1804 2397/897/1794
f 2399/898/1795 2407/907/1805 2414/908/1805 2406/899/1796
f 2400/900/1797 2408/909/1806 2407/910/1806 2399/901/1797
f 2401/902/1798 2409/911/1807 2408/909/1807 2400/900/1798
f 2402/903/1799 2410/912/1808 2409/911/1808 2401/902/1799
f 2403/904/1800 2411/913/1809 2410/912/1809 2402/903/1800
f 2404/905/1801 2412/914/1810 2411/913/1810 2403/904/1801
f 2405/906/1802 2413/915/1811 2412/914/1811 2404/905/1802
f 2406/899/1803 2414/908/1812 2413/915/1813 2405/906/1804
f 2407/907/1805 2415/916/1814 2422/917/1814 2414/908/1805
f 2408/909/1806 2416/918/1815 2415/919/1815 2407/910/1806
f 2409/911/1807 2417/920/1816 2416/918/1816 2408/909/1807
f 2410/912/1808 2418/921/1817 2417/920/1818 2409/911/1808
f 2411/913/1809 2419/922/1819 2418/921/1819 2410/912/1809
f 2412/914/1810 2420/923/1820 2419/922/1820 2411/913/1810
f 2413/915/1811 2421/924/1821 2420/923/1821 2412/914/1811
f 2414/908/1812 2422/917/1822 2421/924/1822 2413/915/1813
f 2415/916/1814 2423/925/1823 2430/926/1823 2422/917/1814
f 2416/918/1815 2424/927/1824 2423/928/1824 2415/919/1815
f 2417/920/1816 2425/929/1825 2424/927/1825 2416/918/1816
f 2418/921/1817 2426/930/1826 2425/929/1827 2417/920/1818
f 2419/922/1819 2427/931/1828 2426/930/1828 2418/921/1819
f 2420/923/1820 2428/932/1829 2427/931/1829 2419/922/1820
f 2421/924/1821 2429/933/1830 2428/932/1830 2420/923/1821
f 2422/917/1822 2430/926/1831 2429/933/1831 2421/924/1822
f 2423/925/1823 2431/934/1832 2438/935/1832 2430/926/1823
f 2424/927/1824 2432/936/1833 2431/937/1833 2423/928/1824
f 2425/929/1825 2433/938/1834 2432/936/1834 2424/927/1825
f 2426/930/1826 2434/939/1835 2433/938/1835 2425/929/1827
f 2427/931/1828 2435/940/1836 2434/939/1837 2426/930/1828
f 2428/932/1829 2436/941/1838 2435/940/1838 2427/931/1829
f 2429/933/1830 2437/942/1839 2436/941/1839 2428/932/1830
f 2430/926/1831 2438/935/1840 2437/942/1841 2429/933/1831
f 2431/934/1832 2439/943/1842 2446/944/1843 2438/935/1832
f 2432/936/1833 2440/945/1844 2439/946/1844 2431/937/1833
f 2433/938/1834 2441/947/1845 2440/945/1845 2432/936/1834
f 2434/939/1835 2442/948/1846 2441/947/1846 2433/938/1835
f 2435/940/1836 2443/949/1847 2442/948/1847 2434/939/1837
f 2436/941/1838 2444/950/1848 2443/949/1848 2435/940/1838
f 2437/942/1839 2445/951/1849 2444/950/1849 2436/941/1839
f 2438/935/1840 2446/944/1850 2445/951/1850 2437/942/1841
f 2439/943/1842 2447/952/1851 2454/953/1851 2446/944/1843
f 2440/945/1844 2448/954/1852 2447/955/1852 2439/946/1844
f 2441/947/1845 2449/956/1853 2448/954/1853 2440/945/1845
f 2442/948/1846 2450/957/1854 2449/956/1854 2441/947/1846
f 2443/949/1847 2451/958/1855 2450/957/1856 2442/948/1847
f 2444/950/1848 2452/959/1857 2451/958/1857 2443/949/1848
f 2445/951/1849 2453/960/1858 2452/959/1858 2444/950/1849
f 2446/944/1850 2454/953/1859 2453/960/1859 2445/951/1850
f 2447/952/1851 2455/961/1860 2462/962/1860 2454/953/1851
f 2448/954/1852 2456/963/1861 2455/964/1861 2447/955/1852
f 2449/956/1853 2457/965/1862 2456/963/1862 2448/954/1853
f 2450/957/1854 2458/966/1863 2457/965/1863 2449/956/1854
f 2451/958/1855 2459/967/1864 2458/966/1864 2450/957/1856
f 2452/959/1857 2460/968/1865 2459/967/1865 2451/958/1857
f 2453/960/1858 2461/969/1866 2460/968/1866 2452/959/1858
f 2454/953/1859 2462/962/1867 2461/969/1867 2453/960/1859
f 2455/961/1860 2463/970/1868 2470/971/1868 2462/962/1860
f 2456/963/1861 2464/972/1869 2463/973/1869 2455/964/1861
f 2457/965/1862 2465/974/1870 2464/972/1870 2456/963/1862
f 2458/966/1863 2466/975/1871 2465/974/1871 2457/965/1863
f 2459/967/1864 2467/976/1872 2466/975/1872 2458/966/1864
f 2460/968/1865 2468/977/1873 2467/976/1873 2459/967/1865
f 2461/969/1866 2469/978/1874 2468/977/1874 2460/968/1866
f 2462/962/1867 2470/971/1875 2469/978/1875 2461/969/1867
f 2463/970/1868 2471/979/1876 2478/980/1876 2470/971/1868
f 2464/972/1869 2472/981/1877 2471/982/1877 2463/973/1869
f 2465/974/1870 2473/983/1878 2472/981/1878 2464/972/1870
f 2466/975/1871 2474/984/1879 2473/983/1880 2465/974/1871
f 2467/976/1872 2475/985/1881 2474/984/1881 2466/975/1872
f 2468/977/1873 2476/986/1882 2475/985/1882 2467/976/1873
f 2469/978/1874 2477/987/1883 2476/986/1883 2468/977/1874
f 2470/971/1875 2478/980/1884 2477/987/1884 2469/978/1875
f 2471/979/1876 2479/988/1885 2486/989/1885 2478/980/1876
f 2472/981/1877 2480/990/1886 2479/991/1886 2471/982/1877
f 2473/983/1878 2481/992/1887 2480/990/1887 2472/981/1878
f 2474/984/1879 2482/993/1888 2481/992/1888 2473/983/1880
f 2475/985/1881 2483/994/1889 2482/993/1889 2474/984/1881
f 2476/986/1882 2484/995/1890 2483/994/1890 2475/985/1882
f 2477/987/1883 2485/996/1891 2484/995/1891 2476/986/1883
f 2478/980/1884 2486/989/1892 2485/996/1893 2477/987/1884
f 2479/988/1885 2487/997/1894 2494/998/1894 2486/989/1885
f 2480/990/1886 2488/999/1895 2487/1000/1895 2479/991/1886
f 2481/992/1887 2489/1001/1896 2488/999/1896 2480/990/1887
f 2482/993/1888 2490/1002/1897 2489/1001/1897 2481/992/1888
f 2483/994/1889 2491/1003/1898 2490/1002/1899 2482/993/1889
f 2484/995/1890 2492/1004/1900 2491/1003/1900 2483/994/1890
f 2485/996/1891 2493/1005/1901 2492/1004/1901 2484/995/1891
f 2486/989/1892 2494/998/1902 2493/1005/1902 2485/996/1893
f 2487/997/1894 2495/1006/1903 2502/1007/1903 2494/998/1894
f 2488/999/1895 2496/1008/1904 2495/1009/1904 2487/1000/1895
f 2489/1001/1896 2497/1010/1905 2496/1008/1905 2488/999/1896
f 2490/1002/1897 2498/1011/1906 2497/1010/1906 2489/1001/1897
f 2491/1003/1898 2499/1012/1907 2498/1011/1907 2490/1002/1899
f 2492/1004/1900 2500/1013/1908 2499/1012/1908 2491/1003/1900
f 2493/1005/1901 2501/1014/1909 2500/1013/1909 2492/1004/1901
f 2494/998/1902 2502/1007/1910 2501/1014/1911 2493/1005/1902
f 2495/1006/1903 2503/1015/1912 2510/1016/1913 2502/1007/1903
f 2496/1008/1904 2504/1017/1914 2503/1018/1914 2495/1009/1904
f 2497/1010/1905 2505/1019/1915 2504/1017/1915 2496/1008/1905
f 2498/1011/1906 2506/1020/1916 2505/1019/1916 2497/1010/1906
f 2499/1012/1907 2507/1021/1917 2506/1020/1917 2498/1011/1907
f 2500/1013/1908 2508/1022/1918 2507/1021/1919 2499/1012/1908
f 2501/1014/1909 2509/1023/1920 2508/1022/1920 2500/1013/1909
f 2502/1007/1910 2510/1016/1921 2509/1023/1922 2501/1014/1911
f 2503/1015/1912 2511/1024/1923 2518/1025/1924 2510/1016/1913
f 2504/1017/1914 2512/1026/1925 2511/1027/1925 2503/1018/1914
f 2505/1019/1915 2513/1028/1926 2512/1026/1926 2504/1017/1915
f 2506/1020/1916 2514/1029/1927 2513/1028/1927 2505/1019/1916
f 2507/1021/1917 2515/1030/1928 2514/1029/1928 2506/1020/1917
f 2508/1022/1918 2516/1031/1929 2515/1030/1929 2507/1021/1919
f 2509/1023/1920 2517/1032/1930 2516/1031/1930 2508/1022/1920
f 2510/1016/1921 2518/1025/1931 2517/1032/1931 2509/1023/1922
f 2511/1024/1923 2519/1033/1932 2526/1034/1932 2518/1025/1924
f 2512/1026/1925 2520/1035/1933 2519/1036/1933 2511/1027/1925
f 2513/1028/1926 2521/1037/1934 2520/1035/1934 2512/1026/1926
f 2514/1029/1927 2522/1038/1935 2521/1037/1935 2513/1028/1927
f 2515/1030/1928 2523/1039/1936 2522/1038/1936 2514/1029/1928
f 2516/1031/1929 2524/1040/1937 2523/1039/1938 2515/1030/1929
f 2517/1032/1930 2525/1041/1939 2524/1040/1939 2516/1031/1930
f 2518/1025/1931 2526/1034/1940 2525/1041/1940 2517/1032/1931
f 2519/1033/1932 2527/1042/1941 2534/1043/1941 2526/1034/1932
f 2520/1035/1933 2528/1044/1942 2527/1045/1942 2519/1036/1933
f 2521/1037/1934 2529/1046/1943 2528/1044/1943 2520/1035/1934
f 2522/1038/1935 2530/1047/1944 2529/1046/1944 2521/1037/1935
f 2523/1039/1936 2531/1048/1945 2530/1047/1945 2522/1038/1936
f 2524/1040/1937 2532/1049/1946 2531/1048/1947 2523/1039/1938
f 2525/1041/1939 2533/1050/1948 2532/1049/1948 2524/1040/1939
f 2526/1034/1940 2534/1043/1949 2533/1050/1949 2525/1041/1940
f 2527/1042/1941 2535/1051/1950 2542/1052/1950 2534/1043/1941
f 2528/1044/1942 2536/1053/1951 2535/1054/1951 2527/1045/1942
f 2529/1046/1943 2537/1055/1952 2536/1053/1952 2528/1044/1943
f 2530/1047/1944 2538/1056/1953 2537/1055/1953 2529/1046/1944
f 2531/1048/1945 2539/1057/1954 2538/1056/1954 2530/1047/1945
f 2532/1049/1946 2540/1058/1955 2539/1057/1955 2531/1048/1947
f 2533/1050/1948 2541/1059/1956 2540/1058/1956 2532/1049/1948
f 2534/1043/1949 2542/1052/1957 2541/1059/1957 2533/1050/1949
f 2535/1051/1950 2543/1060/1958 2550/1061/1958 2542/1052/1950
f 2536/1053/1951 2544/1062/1959 2543/1063/1959 2535/1054/1951
f 2537/1055/1952 2545/1064/1960 2544/1062/1960 2536/1053/1952
f 2538/1056/1953 2546/1065/1961 2545/1064/1961 2537/1055/1953
f 2539/1057/1954 2547/1066/1962 2546/1065/1962 2538/1056/1954
f 2540/1058/1955 2548/1067/1963 2547/1066/1963 2539/1057/1955
f 2541/1059/1956 2549/1068/1964 2548/1067/1964 2540/1058/1956
f 2542/1052/1957 2550/1061/1965 2549/1068/1965 2541/1059/1957
f 2543/1060/1958 2551/1069/1966 2558/1070/1966 2550/1061/1958
f 2544/1062/1959 2552/1071/1967 2551/1072/1967 2543/1063/1959
f 2545/1064/1960 2553/1073/1968 2552/1071/1968 2544/1062/1960
f 2546/1065/1961 2554/1074/1969 2553/1073/1969 2545/1064/1961
f 2547/1066/1962 2555/1075/1970 2554/1074/1970 2546/1065/1962
f 2548/1067/1963 2556/1076/1971 2555/1075/1971 2547/1066/1963
f 2549/1068/1964 2557/1077/1972 2556/1076/1972 2548/1067/1964
f 2550/1061/1965 2558/1070/1973 2557/1077/1973 2549/1068/1965
f 2551/1069/1966 2559/1078/1974 2566/1079/1974 2558/1070/1966
f 2552/1071/1967 2560/1080/1975 2559/1081/1975 2551/1072/1967
f 2553/1073/1968 2561/1082/1976 2560/1080/1976 2552/1071/1968
f 2554/1074/1969 2562/1083/1977 2561/1082/1977 2553/1073/1969
f 2555/1075/1970 2563/1084/1978 2562/1083/1979 2554/1074/1970
f 2556/1076/1971 2564/1085/1980 2563/1084/1980 2555/1075/1971
f 2557/1077/1972 2565/1086/1981 2564/1085/1981 2556/1076/1972
f 2558/1070/1973 2566/1079/1982 2565/1086/1982 2557/1077/1973
f 2559/1078/1974 2567/1087/1983 2574/1088/1983 2566/1079/1974
f 2560/1080/1975 2568/1089/1984 2567/1090/1984 2559/1081/1975
f 2561/1082/1976 2569/1091/1985 2568/1089/1986 2560/1080/1976
f 2562/1083/1977 2570/1092/1987 2569/1091/1987 2561/1082/1977
f 2563/1084/1978 2571/1093/1988 2570/1092/1988 2562/1083/1979
f 2564/1085/1980 2572/1094/1989 2571/1093/1989 2563/1084/1980
f 2565/1086/1981 2573/1095/1990 2572/1094/1990 2564/1085/1981
f 2566/1079/1982 2574/1088/1991 2573/1095/1991 2565/1086/1982
f 2567/1087/1983 1607/10/1992 1614/11/1992 2574/1088/1983
f 2568/1089/1984 1608/14/1993 1607/5/1993 2567/1090/1984
f 2569/1091/1985 1609/16/1994 1608/14/1994 2568/1089/1986
f 2570/1092/1987 1610/18/1995 1609/16/1995 2569/1091/1987
f 2571/1093/1988 1611/20/1996 1610/18/1996 2570/1092/1988
f 2572/1094/1989 1612/22/1997 1611/20/1997 2571/1093/1989
f 2573/1095/1990 1613/24/1998 1612/22/1998 2572/1094/1990
f 2574/1088/1991 1614/11/1999 1613/24/1999 2573/1095/1991
f 4045/1/1 4046/1/2 4047/1/3
f 4048/1/4 4049/1/5 4050/1/6
f 4051/1/7 4052/1/8 4053/1/9
f 4054/1/10 4055/1/11 4056/1/12
f 4057/1/13 4058/1/14 4059/1/15
f 4060/1/16 4061/1/17 4062/1/18
f 4063/1/19 4064/1/20 4065/1/21
f 4066/1/22 4067/1/23 4068/1/24
f 4051/1/7 4045/1/1 4047/1/3 4052/1/8
f 4046/1/2 4048/1/4 4050/1/6 4047/1/3
f 4049/1/5 4054/1/10 4056/1/12 4050/1/6
f 4055/1/11 4053/1/9 4052/1/8 4056/1/12
f 4063/1/19 4051/1/7 4053/1/9 4064/1/20
f 4054/1/10 4066/1/22 4068/1/24 4055/1/11
f 4067/1/23 4065/1/21 4064/1/20 4068/1/24
f 4057/1/13 4063/1/19 4065/1/21 4058/1/14
f 4066/1/22 4060/1/16 4062/1/18 4067/1/23
f 4061/1/17 4059/1/15 4058/1/14 4062/1/18
f 4045/1/1 4057/1/13 4059/1/15 4046/1/2
f 4060/1/16 4049/1/5 4048/1/4 4061/1/17
f 4051/1/25 4063/1/25 4057/1/25 4045/1/25
f 4047/1/26 4050/1/26 4056/1/26 4052/1/26
f 4059/1/27 4061/1/27 4048/1/27 4046/1/27
f 4066/1/28 4054/1/28 4049/1/28 4060/1/28
f 4053/1/29 4055/1/29 4068/1/29 4064/1/29
f 4065/1/30 4067/1/30 4062/1/30 4058/1/30
f 4093/1/218 4094/1/218 4096/1/218 4095/1/218
f 4095/1/219 4096/1/219 4098/1/219 4097/1/219
f 4097/1/220 4098/1/220 4100/1/220 4099/1/220
f 4099/1/221 4100/1/221 4102/1/221 4101/1/221
f 4101/1/222 4102/1/222 4104/1/222 4103/1/222
f 4103/1/223 4104/1/223 4106/1/223 4105/1/223
f 4096/1/28 4094/1/28 4108/1/28 4106/1/28 4104/1/28 4102/1/28 4100/1/28 4098/1/28
f 4105/1/224 4106/1/224 4108/1/224 4107/1/224
f 4107/1/225 4108/1/225 4094/1/225 4093/1/225
f 4093/1/25 4095/1/25 4097/1/25 4099/1/25 4101/1/25 4103/1/25 4105/1/25 4107/1/25
f 4109/1/218 4110/1/218 4112/1/218 4111/1/218
f 4111/1/219 4112/1/219 4114/1/219 4113/1/219
f 4113/1/220 4114/1/220 4116/1/220 4115/1/220
f 4115/1/221 4116/1/221 4118/1/221 4117/1/221
f 4117/1/222 4118/1/222 4120/1/222 4119/1/222
f 4119/1/223 4120/1/223 4122/1/223 4121/1/223
f 4112/1/28 4110/1/28 4124/1/28 4122/1/28 4120/1/28 4118/1/28 4116/1/28 4114/1/28
f 4121/1/224 4122/1/224 4124/1/224 4123/1/224
f 4123/1/225 4124/1/225 4110/1/225 4109/1/225
f 4109/1/25 4111/1/25 4113/1/25 4115/1/25 4117/1/25 4119/1/25 4121/1/25 4123/1/25
f 4125/1/218 4126/1/218 4128/1/218 4127/1/218
f 4127/1/219 4128/1/219 4130/1/219 4129/1/219
f 4129/1/220 4130/1/220 4132/1/220 4131/1/220
f 4131/1/221 4132/1/221 4134/1/221 4133/1/221
f 4133/1/222 4134/1/222 4136/1/222 4135/1/222
f 4135/1/223 4136/1/223 4138/1/223 4137/1/223
f 4128/1/28 4126/1/28 4140/1/28 4138/1/28 4136/1/28 4134/1/28 4132/1/28 4130/1/28
f 4137/1/224 4138/1/224 4140/1/224 4139/1/224
f 4139/1/225 4140/1/225 4126/1/225 4125/1/225
f 4125/1/25 4127/1/25 4129/1/25 4131/1/25 4133/1/25 4135/1/25 4137/1/25 4139/1/25
f 4141/1/218 4142/1/218 4144/1/218 4143/1/218
f 4143/1/219 4144/1/219 4146/1/219 4145/1/219
f 4145/1/220 4146/1/220 4148/1/220 4147/1/220
f 4147/1/221 4148/1/221 4150/1/221 4149/1/221
f 4149/1/222 4150/1/222 4152/1/222 4151/1/222
f 4151/1/223 4152/1/223 4153/1/223 4084/1/223
f 4144/1/28 4142/1/28 4155/1/28 4153/1/28 4152/1/28 4150/1/28 4148/1/28 4146/1/28
f 4084/1/224 4153/1/224 4155/1/224 4154/1/224
f 4154/1/225 4155/1/225 4142/1/225 4141/1/225
f 4141/1/25 4143/1/25 4145/1/25 4147/1/25 4149/1/25 4151/1/25 4084/1/25 4154/1/25
f 4161/5/30 4159/667/30 4160/883/30
f 4161/5/30 4158/451/30 4159/667/30
f 4156/1/30 4158/451/30 4161/5/30
f 4156/1/30 4157/235/30 4158/451/30
f 4164/451/26 4166/883/26 4165/667/26
f 4164/451/26 4167/5/26 4166/883/26
f 4163/235/26 4167/5/26 4164/451/26
f 4163/235/26 4162/1/26 4167/5/26
f 4162/9/2430 4156/10/2430 4161/1096/2430 4167/1097/2430
f 4163/1098/28 4157/1099/28 4156/5/28 4162/1/28
f 4164/1100/2431 4158/1101/2431 4157/1099/2431 4163/1098/2431
f 4165/19/2432 4159/20/2432 4158/1101/2432 4164/1100/2432
f 4166/1102/25 4160/1103/25 4159/20/25 4165/19/25
f 4167/1097/2433 4161/1096/2433 4160/1103/2433 4166/1102/2433
f 4173/5/30 4171/667/30 4172/883/30
f 4173/5/30 4170/451/30 4171/667/30
f 4168/1/30 4170/451/30 4173/5/30
f 4168/1/30 4169/235/30 4170/451/30
f 4176/451/26 4178/883/26 4177/667/26
f 4176/451/26 4179/5/26 4178/883/26
f 4175/235/26 4179/5/26 4176/451/26
f 4175/235/26 4174/1/26 4179/5/26
f 4174/9/2430 4168/10/2430 4173/1096/2430 4179/1097/2430
f 4175/1098/28 4169/1099/28 4168/5/28 4174/1/28
f 4176/1100/2431 4170/1101/2431 4169/1099/2431 4175/1098/2431
f 4177/19/2432 4171/20/2432 4170/1101/2432 4176/1100/2432
f 4178/1102/25 4172/1103/25 4171/20/25 4177/19/25
f 4179/1097/2433 4173/1096/2433 4172/1103/2433 4178/1102/2433
f 4227/1/218 4228/1/218 4230/1/218 4229/1/218
f 4229/1/219 4230/1/219 4232/1/219 4231/1/219
f 4231/1/220 4232/1/220 4234/1/220 4233/1/220
f 4233/1/221 4234/1/221 4236/1/221 4235/1/221
f 4235/1/222 4236/1/222 4238/1/222 4237/1/222
f 4237/1/223 4238/1/223 4240/1/223 4239/1/223
f 4230/1/28 4228/1/28 4242/1/28 4240/1/28 4238/1/28 4236/1/28 4234/1/28 4232/1/28
f 4239/1/224 4240/1/224 4242/1/224 4241/1/224
f 4241/1/225 4242/1/225 4228/1/225 4227/1/225
f 4227/1/25 4229/1/25 4231/1/25 4233/1/25 4235/1/25 4237/1/25 4239/1/25 4241/1/25
f 4243/1/218 4244/1/218 4246/1/218 4245/1/218
f 4245/1/219 4246/1/219 4248/1/219 4247/1/219
f 4247/1/220 4248/1/220 4250/1/220 4249/1/220
f 4249/1/221 4250/1/221 4252/1/221 4251/1/221
f 4251/1/222 4252/1/222 4254/1/222 4253/1/222
f 4253/1/223 4254/1/223 4256/1/223 4255/1/223
f 4246/1/28 4244/1/28 4258/1/28 4256/1/28 4254/1/28 4252/1/28 4250/1/28 4248/1/28
f 4255/1/224 4256/1/224 4258/1/224 4257/1/224
f 4257/1/225 4258/1/225 4244/1/225 4243/1/225
f 4243/1/25 4245/1/25 4247/1/25 4249/1/25 4251/1/25 4253/1/25 4255/1/25 4257/1/25
f 4259/1/218 4260/1/218 4262/1/218 4261/1/218
f 4261/1/219 4262/1/219 4264/1/219 4263/1/219
f 4263/1/220 4264/1/220 4266/1/220 4265/1/220
f 4265/1/221 4266/1/221 4268/1/221 4267/1/221
f 4267/1/222 4268/1/222 4270/1/222 4269/1/222
f 4269/1/223 4270/1/223 4272/1/223 4271/1/223
f 4262/1/28 4260/1/28 4274/1/28 4272/1/28 4270/1/28 4268/1/28 4266/1/28 4264/1/28
f 4271/1/224 4272/1/224 4274/1/224 4273/1/224
f 4273/1/225 4274/1/225 4260/1/225 4259/1/225
f 4259/1/25 4261/1/25 4263/1/25 4265/1/25 4267/1/25 4269/1/25 4271/1/25 4273/1/25
f 4275/1/218 4276/1/218 4278/1/218 4277/1/218
f 4277/1/219 4278/1/219 4280/1/219 4279/1/219
f 4279/1/220 4280/1/220 4282/1/220 4281/1/220
f 4281/1/221 4282/1/221 4284/1/221 4283/1/221
f 4283/1/222 4284/1/222 4286/1/222 4285/1/222
f 4285/1/223 4286/1/223 4288/1/223 4287/1/223
f 4278/1/28 4276/1/28 4290/1/28 4288/1/28 4286/1/28 4284/1/28 4282/1/28 4280/1/28
f 4287/1/224 4288/1/224 4290/1/224 4289/1/224
f 4289/1/225 4290/1/225 4276/1/225 4275/1/225
f 4275/1/25 4277/1/25 4279/1/25 4281/1/25 4283/1/25 4285/1/25 4287/1/25 4289/1/25
f 4296/5/30 4294/667/30 4295/883/30
f 4296/5/30 4293/451/30 4294/667/30
f 4291/1/30 4293/451/30 4296/5/30
f 4291/1/30 4292/235/30 4293/451/30
f 4299/451/26 4301/883/26 4300/667/26
f 4299/451/26 4302/5/26 4301/883/26
f 4298/235/26 4302/5/26 4299/451/26
f 4298/235/26 4297/1/26 4302/5/26
f 4297/9/2430 4291/10/2430 4296/1096/2430 4302/1097/2430
f 4298/1098/28 4292/1099/28 4291/5/28 4297/1/28
f 4299/1100/2431 4293/1101/2431 4292/1099/2431 4298/1098/2431
f 4300/19/2432 4294/20/2432 4293/1101/2432 4299/1100/2432
f 4301/1102/25 4295/1103/25 4294/20/25 4300/19/25
f 4302/1097/2433 4296/1096/2433 4295/1103/2433 4301/1102/2433
f 4308/5/30 4306/667/30 4307/883/30
f 4308/5/30 4305/451/30 4306/667/30
f 4303/1/30 4305/451/30 4308/5/30
f 4303/1/30 4304/235/30 4305/451/30
f 4311/451/26 4313/883/26 4312/667/26
f 4311/451/26 4314/5/26 4313/883/26
f 4310/235/26 4314/5/26 4311/451/26
f 4310/235/26 4309/1/26 4314/5/26
f 4309/9/2430 4303/10/2430 4308/1096/2430 4314/1097/2430
f 4310/1098/28 4304/1099/28 4303/5/28 4309/1/28
f 4311/1100/2431 4305/1101/2431 4304/1099/2431 4310/1098/2431
f 4312/19/2432 4306/20/2432 4305/1101/2432 4311/1100/2432
f 4313/1102/25 4307/1103/25 4306/20/25 4312/19/25
f 4314/1097/2433 4308/1096/2433 4307/1103/2433 4313/1102/2433
f 4355/1/29 4357/1/2445 4356/1/2446
f 4355/1/29 4358/1/2447 4357/1/2445
f 4355/1/29 4359/1/2448 4358/1/2447
f 4355/1/29 4360/1/2449 4359/1/2448
f 4355/1/29 4361/1/2450 4360/1/2449
f 4355/1/29 4362/1/2451 4361/1/2450
f 4355/1/29 4363/1/2452 4362/1/2451
f 4355/1/29 4364/1/2453 4363/1/2452
f 4355/1/29 4365/1/2454 4364/1/2453
f 4355/1/29 4366/1/2455 4365/1/2454
f 4355/1/29 4367/1/2456 4366/1/2455
f 4355/1/29 4368/1/2457 4367/1/2456
f 4355/1/29 4369/1/2458 4368/1/2457
f 4355/1/29 4370/1/2459 4369/1/2458
f 4355/1/29 4371/1/2460 4370/1/2459
f 4355/1/29 4372/1/2461 4371/1/2460
f 4355/1/29 4373/1/2462 4372/1/2461
f 4355/1/29 4374/1/2463 4373/1/2462
f 4355/1/29 4375/1/2464 4374/1/2463
f 4355/1/29 4356/1/2446 4375/1/2464
f 4356/1/2446 4357/1/2445 4377/1/2465 4376/1/2466
f 4357/1/2445 4358/1/2447 4378/1/2467 4377/1/2465
f 4358/1/2447 4359/1/2448 4379/1/2468 4378/1/2467
f 4359/1/2448 4360/1/2449 4380/1/2469 4379/1/2468
f 4360/1/2449 4361/1/2450 4381/1/2470 4380/1/2469
f 4361/1/2450 4362/1/2451 4382/1/2471 4381/1/2470
f 4362/1/2451 4363/1/2452 4383/1/2472 4382/1/2471
f 4363/1/2452 4364/1/2453 4384/1/2473 4383/1/2472
f 4364/1/2453 4365/1/2454 4385/1/2474 4384/1/2473
f 4365/1/2454 4366/1/2455 4386/1/2475 4385/1/2474
f 4366/1/2455 4367/1/2456 4387/1/2476 4386/1/2475
f 4367/1/2456 4368/1/2457 4388/1/2477 4387/1/2476
f 4368/1/2457 4369/1/2458 4389/1/2478 4388/1/2477
f 4369/1/2458 4370/1/2459 4390/1/2479 4389/1/2478
f 4370/1/2459 4371/1/2460 4391/1/2480 4390/1/2479
f 4371/1/2460 4372/1/2461 4392/1/2481 4391/1/2480
f 4372/1/2461 4373/1/2462 4393/1/2482 4392/1/2481
f 4373/1/2462 4374/1/2463 4394/1/2483 4393/1/2482
f 4374/1/2463 4375/1/2464 4395/1/2484 4394/1/2483
f 4375/1/2464 4356/1/2446 4376/1/2466 4395/1/2484
f 4376/1/2466 4377/1/2465 4397/1/2485 4396/1/2486
f 4377/1/2465 4378/1/2467 4398/1/2487 4397/1/2485
f 4378/1/2467 4379/1/2468 4399/1/2488 4398/1/2487
f 4379/1/2468 4380/1/2469 4400/1/2489 4399/1/2488
f 4380/1/2469 4381/1/2470 4401/1/2490 4400/1/2489
f 4381/1/2470 4382/1/2471 4402/1/2491 4401/1/2490
f 4382/1/2471 4383/1/2472 4403/1/2492 4402/1/2491
f 4383/1/2472 4384/1/2473 4404/1/2493 4403/1/2492
f 4384/1/2473 4385/1/2474 4405/1/2494 4404/1/2493
f 4385/1/2474 4386/1/2475 4406/1/2495 4405/1/2494
f 4386/1/2475 4387/1/2476 4407/1/2496 4406/1/2495
f 4387/1/2476 4388/1/2477 4408/1/2497 4407/1/2496
f 4388/1/2477 4389/1/2478 4409/1/2498 4408/1/2497
f 4389/1/2478 4390/1/2479 4410/1/2499 4409/1/2498
f 4390/1/2479 4391/1/2480 4411/1/2500 4410/1/2499
f 4391/1/2480 4392/1/2481 4412/1/2501 4411/1/2500
f 4392/1/2481 4393/1/2482 4413/1/2502 4412/1/2501
f 4393/1/2482 4394/1/2483 4414/1/2503 4413/1/2502
f 4394/1/2483 4395/1/2484 4415/1/2504 4414/1/2503
f 4395/1/2484 4376/1/2466 4396/1/2486 4415/1/2504
f 4396/1/2486 4397/1/2485 4417/1/2505 4416/1/2506
f 4397/1/2485 4398/1/2487 4418/1/2507 4417/1/2505
f 4398/1/2487 4399/1/2488 4419/1/2508 4418/1/2507
f 4399/1/2488 4400/1/2489 4420/1/2509 4419/1/2508
f 4400/1/2489 4401/1/2490 4421/1/2510 4420/1/2509
f 4401/1/2490 4402/1/2491 4422/1/2511 4421/1/2510
f 4402/1/2491 4403/1/2492 4423/1/2512 4422/1/2511
f 4403/1/2492 4404/1/2493 4424/1/2513 4423/1/2512
f 4404/1/2493 4405/1/2494 4425/1/2514 4424/1/2513
f 4405/1/2494 4406/1/2495 4426/1/2515 4425/1/2514
f 4406/1/2495 4407/1/2496 4427/1/2516 4426/1/2515
f 4407/1/2496 4408/1/2497 4428/1/2517 4427/1/2516
f 4408/1/2497 4409/1/2498 4429/1/2518 4428/1/2517
f 4409/1/2498 4410/1/2499 4430/1/2519 4429/1/2518
f 4410/1/2499 4411/1/2500 4431/1/2520 4430/1/2519
f 4411/1/2500 4412/1/2501 4432/1/2521 4431/1/2520
f 4412/1/2501 4413/1/2502 4433/1/2522 4432/1/2521
f 4413/1/2502 4414/1/2503 4434/1/2523 4433/1/2522
f 4414/1/2503 4415/1/2504 4435/1/2524 4434/1/2523
f 4415/1/2504 4396/1/2486 4416/1/2506 4435/1/2524
f 4416/1/2506 4417/1/2505 4437/1/2525 4436/1/2526
f 4417/1/2505 4418/1/2507 4438/1/2527 4437/1/2525
f 4418/1/2507 4419/1/2508 4439/1/2528 4438/1/2527
f 4419/1/2508 4420/1/2509 4440/1/2529 4439/1/2528
f 4420/1/2509 4421/1/2510 4441/1/2530 4440/1/2529
f 4421/1/2510 4422/1/2511 4442/1/2531 4441/1/2530
f 4422/1/2511 4423/1/2512 4443/1/2532 4442/1/2531
f 4423/1/2512 4424/1/2513 4444/1/2533 4443/1/2532
f 4424/1/2513 4425/1/2514 4445/1/2534 4444/1/2533
f 4425/1/2514 4426/1/2515 4446/1/2535 4445/1/2534
f 4426/1/2515 4427/1/2516 4447/1/2536 4446/1/2535
f 4427/1/2516 4428/1/2517 4448/1/2537 4447/1/2536
f 4428/1/2517 4429/1/2518 4449/1/2538 4448/1/2537
f 4429/1/2518 4430/1/2519 4450/1/2539 4449/1/2538
f 4430/1/2519 4431/1/2520 4451/1/2540 4450/1/2539
f 4431/1/2520 4432/1/2521 4452/1/2541 4451/1/2540
f 4432/1/2521 4433/1/2522 4453/1/2542 4452/1/2541
f 4433/1/2522 4434/1/2523 4454/1/2543 4453/1/2542
f 4434/1/2523 4435/1/2524 4455/1/2544 4454/1/2543
f 4435/1/2524 4416/1/2506 4436/1/2526 4455/1/2544
f 4436/1/2526 4437/1/2525 4457/1/2545 4456/1/2546
f 4437/1/2525 4438/1/2527 4458/1/2547 4457/1/2545
f 4438/1/2527 4439/1/2528 4459/1/2548 4458/1/2547
f 4439/1/2528 4440/1/2529 4460/1/2549 4459/1/2548
f 4440/1/2529 4441/1/2530 4461/1/2550 4460/1/2549
f 4441/1/2530 4442/1/2531 4462/1/2551 4461/1/2550
f 4442/1/2531 4443/1/2532 4463/1/2552 4462/1/2551
f 4443/1/2532 4444/1/2533 4464/1/2553 4463/1/2552
f 4444/1/2533 4445/1/2534 4465/1/2554 4464/1/2553
f 4445/1/2534 4446/1/2535 4466/1/2555 4465/1/2554
f 4446/1/2535 4447/1/2536 4467/1/2556 4466/1/2555
f 4447/1/2536 4448/1/2537 4468/1/2557 4467/1/2556
f 4448/1/2537 4449/1/2538 4469/1/2558 4468/1/2557
f 4449/1/2538 4450/1/2539 4470/1/2559 4469/1/2558
f 4450/1/2539 4451/1/2540 4471/1/2560 4470/1/2559
f 4451/1/2540 4452/1/2541 4472/1/2561 4471/1/2560
f 4452/1/2541 4453/1/2542 4473/1/2562 4472/1/2561
f 4453/1/2542 4454/1/2543 4474/1/2563 4473/1/2562
f 4454/1/2543 4455/1/2544 4475/1/2564 4474/1/2563
f 4455/1/2544 4436/1/2526 4456/1/2546 4475/1/2564
f 4456/1/2546 4457/1/2545 4477/1/2565 4476/1/2566
f 4457/1/2545 4458/1/2547 4478/1/2567 4477/1/2565
f 4458/1/2547 4459/1/2548 4479/1/2568 4478/1/2567
f 4459/1/2548 4460/1/2549 4480/1/2569 4479/1/2568
f 4460/1/2549 4461/1/2550 4481/1/2570 4480/1/2569
f 4461/1/2550 4462/1/2551 4482/1/2571 4481/1/2570
f 4462/1/2551 4463/1/2552 4483/1/2572 4482/1/2571
f 4463/1/2552 4464/1/2553 4484/1/2573 4483/1/2572
f 4464/1/2553 4465/1/2554 4485/1/2574 4484/1/2573
f 4465/1/2554 4466/1/2555 4486/1/2575 4485/1/2574
f 4466/1/2555 4467/1/2556 4487/1/2576 4486/1/2575
f 4467/1/2556 4468/1/2557 4488/1/2577 4487/1/2576
f 4468/1/2557 4469/1/2558 4489/1/2578 4488/1/2577
f 4469/1/2558 4470/1/2559 4490/1/2579 4489/1/2578
f 4470/1/2559 4471/1/2560 4491/1/2580 4490/1/2579
f 4471/1/2560 4472/1/2561 4492/1/2581 4491/1/2580
f 4472/1/2561 4473/1/2562 4493/1/2582 4492/1/2581
f 4473/1/2562 4474/1/2563 4494/1/2583 4493/1/2582
f 4474/1/2563 4475/1/2564 4495/1/2584 4494/1/2583
f 4475/1/2564 4456/1/2546 4476/1/2566 4495/1/2584
f 4476/1/2566 4477/1/2565 4497/1/2585 4496/1/2586
f 4477/1/2565 4478/1/2567 4498/1/2587 4497/1/2585
f 4478/1/2567 4479/1/2568 4499/1/2588 4498/1/2587
f 4479/1/2568 4480/1/2569 4500/1/2589 4499/1/2588
f 4480/1/2569 4481/1/2570 4501/1/2590 4500/1/2589
f 4481/1/2570 4482/1/2571 4502/1/2591 4501/1/2590
f 4482/1/2571 4483/1/2572 4503/1/2592 4502/1/2591
f 4483/1/2572 4484/1/2573 4504/1/2593 4503/1/2592
f 4484/1/2573 4485/1/2574 4505/1/2594 4504/1/2593
f 4485/1/2574 4486/1/2575 4506/1/2595 4505/1/2594
f 4486/1/2575 4487/1/2576 4507/1/2596 4506/1/2595
f 4487/1/2576 4488/1/2577 4508/1/2597 4507/1/2596
f 4488/1/2577 4489/1/2578 4509/1/2598 4508/1/2597
f 4489/1/2578 4490/1/2579 4510/1/2599 4509/1/2598
f 4490/1/2579 4491/1/2580 4511/1/2600 4510/1/2599
f 4491/1/2580 4492/1/2581 4512/1/2601 4511/1/2600
f 4492/1/2581 4493/1/2582 4513/1/2602 4512/1/2601
f 4493/1/2582 4494/1/2583 4514/1/2603 4513/1/2602
f 4494/1/2583 4495/1/2584 4515/1/2604 4514/1/2603
f 4495/1/2584 4476/1/2566 4496/1/2586 4515/1/2604
f 4496/1/2586 4497/1/2585 4517/1/2605 4516/1/2606
f 4497/1/2585 4498/1/2587 4518/1/2607 4517/1/2605
f 4498/1/2587 4499/1/2588 4519/1/2608 4518/1/2607
f 4499/1/2588 4500/1/2589 4520/1/2609 4519/1/2608
f 4500/1/2589 4501/1/2590 4521/1/2610 4520/1/2609
f 4501/1/2590 4502/1/2591 4522/1/2611 4521/1/2610
f 4502/1/2591 4503/1/2592 4523/1/2612 4522/1/2611
f 4503/1/2592 4504/1/2593 4524/1/2613 4523/1/2612
f 4504/1/2593 4505/1/2594 4525/1/2614 4524/1/2613
f 4505/1/2594 4506/1/2595 4526/1/2615 4525/1/2614
f 4506/1/2595 4507/1/2596 4527/1/2616 4526/1/2615
f 4507/1/2596 4508/1/2597 4528/1/2617 4527/1/2616
f 4508/1/2597 4509/1/2598 4529/1/2618 4528/1/2617
f 4509/1/2598 4510/1/2599 4530/1/2619 4529/1/2618
f 4510/1/2599 4511/1/2600 4531/1/2620 4530/1/2619
f 4511/1/2600 4512/1/2601 4532/1/2621 4531/1/2620
f 4512/1/2601 4513/1/2602 4533/1/2622 4532/1/2621
f 4513/1/2602 4514/1/2603 4534/1/2623 4533/1/2622
f 4514/1/2603 4515/1/2604 4535/1/2624 4534/1/2623
f 4515/1/2604 4496/1/2586 4516/1/2606 4535/1/2624
f 4516/1/2606 4517/1/2605 4537/1/2625 4536/1/2626
f 4517/1/2605 4518/1/2607 4538/1/2627 4537/1/2625
f 4518/1/2607 4519/1/2608 4539/1/2628 4538/1/2627
f 4519/1/2608 4520/1/2609 4540/1/2629 4539/1/2628
f 4520/1/2609 4521/1/2610 4541/1/2630 4540/1/2629
f 4521/1/2610 4522/1/2611 4542/1/2631 4541/1/2630
f 4522/1/2611 4523/1/2612 4543/1/2632 4542/1/2631
f 4523/1/2612 4524/1/2613 4544/1/2633 4543/1/2632
f 4524/1/2613 4525/1/2614 4545/1/2634 4544/1/2633
f 4525/1/2614 4526/1/2615 4546/1/2635 4545/1/2634
f 4526/1/2615 4527/1/2616 4547/1/2636 4546/1/2635
f 4527/1/2616 4528/1/2617 4548/1/2637 4547/1/2636
f 4528/1/2617 4529/1/2618 4549/1/2638 4548/1/2637
f 4529/1/2618 4530/1/2619 4550/1/2639 4549/1/2638
f 4530/1/2619 4531/1/2620 4551/1/2640 4550/1/2639
f 4531/1/2620 4532/1/2621 4552/1/2641 4551/1/2640
f 4532/1/2621 4533/1/2622 4553/1/2642 4552/1/2641
f 4533/1/2622 4534/1/2623 4554/1/2643 4553/1/2642
f 4534/1/2623 4535/1/2624 4555/1/2644 4554/1/2643
f 4535/1/2624 4516/1/2606 4536/1/2626 4555/1/2644
f 4536/1/2626 4537/1/2625 4556/1/27
f 4537/1/2625 4538/1/2627 4556/1/27
f 4538/1/2627 4539/1/2628 4556/1/27
f 4539/1/2628 4540/1/2629 4556/1/27
f 4540/1/2629 4541/1/2630 4556/1/27
f 4541/1/2630 4542/1/2631 4556/1/27
f 4542/1/2631 4543/1/2632 4556/1/27
f 4543/1/2632 4544/1/2633 4556/1/27
f 4544/1/2633 4545/1/2634 4556/1/27
f 4545/1/2634 4546/1/2635 4556/1/27
f 4546/1/2635 4547/1/2636 4556/1/27
f 4547/1/2636 4548/1/2637 4556/1/27
f 4548/1/2637 4549/1/2638 4556/1/27
f 4549/1/2638 4550/1/2639 4556/1/27
f 4550/1/2639 4551/1/2640 4556/1/27
f 4551/1/2640 4552/1/2641 4556/1/27
f 4552/1/2641 4553/1/2642 4556/1/27
f 4553/1/2642 4554/1/2643 4556/1/27
f 4554/1/2643 4555/1/2644 4556/1/27
f 4555/1/2644 4536/1/2626 4556/1/27
f 5663/1/29 5664/1/29 5666/1/2804 5665/1/2804
f 5665/1/2804 5666/1/2804 5668/1/2805 5667/1/2805
f 5667/1/2805 5668/1/2805 5670/1/30 5669/1/30
f 5669/1/30 5670/1/30 5672/1/2806 5671/1/2806
f 5671/1/2806 5672/1/2806 5674/1/2807 5673/1/2807
f 5673/1/2807 5674/1/2807 5676/1/27 5675/1/27
f 5675/1/27 5676/1/27 5678/1/2808 5677/1/2808
f 5677/1/2808 5678/1/2808 5680/1/2809 5679/1/2809
f 5679/1/2809 5680/1/2809 5682/1/26 5681/1/26
f 5681/1/26 5682/1/26 5684/1/2810 5683/1/2810
f 5666/1/28 5664/1/28 5686/1/28 5684/1/28 5682/1/28 5680/1/28 5678/1/28 5676/1/28 5674/1/28 5672/1/28 5670/1/28 5668/1/28
f 5683/1/2810 5684/1/2810 5686/1/2811 5685/1/2811
f 5685/1/2811 5686/1/2811 5664/1/29 5663/1/29
f 5663/1/25 5665/1/25 5667/1/25 5669/1/25 5671/1/25 5673/1/25 5675/1/25 5677/1/25 5679/1/25 5681/1/25 5683/1/25 5685/1/25
usemtl black
f 30/1/29 31/1/29 36/1/29 35/1/29
f 35/1/30 36/1/30 34/1/30 33/1/30
f 33/1/27 34/1/27 32/1/27 29/1/27
f 30/1/25 35/1/25 33/1/25 29/1/25
f 36/1/28 31/1/28 32/1/28 34/1/28
f 39/1/29 40/1/29 44/1/29 43/1/29
f 43/1/30 44/1/30 42/1/30 41/1/30
f 41/1/27 42/1/27 38/1/27 37/1/27
f 39/1/25 43/1/25 41/1/25 37/1/25
f 44/1/28 40/1/28 38/1/28 42/1/28
f 47/1/29 48/1/29 51/1/29 50/1/29
f 50/1/30 51/1/30 52/1/30 49/1/30
f 49/1/27 52/1/27 46/1/27 45/1/27
f 47/1/25 50/1/25 49/1/25 45/1/25
f 51/1/28 48/1/28 46/1/28 52/1/28
f 55/1/29 56/1/29 60/1/29 59/1/29
f 59/1/30 60/1/30 58/1/30 57/1/30
f 57/1/27 58/1/27 54/1/27 53/1/27
f 55/1/25 59/1/25 57/1/25 53/1/25
f 60/1/28 56/1/28 54/1/28 58/1/28
f 62/1/29 63/1/29 68/1/29 67/1/29
f 67/1/30 68/1/30 66/1/30 65/1/30
f 65/1/27 66/1/27 61/1/27 64/1/27
f 62/1/25 67/1/25 65/1/25 64/1/25
f 68/1/28 63/1/28 61/1/28 66/1/28
f 69/1/26 70/1/26 72/1/26 71/1/26
f 71/1/29 72/1/29 76/1/29 75/1/29
f 75/1/30 76/1/30 74/1/30 73/1/30
f 73/1/27 74/1/27 70/1/27 69/1/27
f 71/1/25 75/1/25 73/1/25 69/1/25
f 76/1/28 72/1/28 70/1/28 74/1/28
f 79/1/29 80/1/29 84/1/29 83/1/29
f 83/1/30 84/1/30 82/1/30 81/1/30
f 81/1/27 82/1/27 78/1/27 77/1/27
f 79/1/25 83/1/25 81/1/25 77/1/25
f 84/1/28 80/1/28 78/1/28 82/1/28
f 87/1/29 88/1/29 92/1/29 91/1/29
f 89/1/27 90/1/27 86/1/27 85/1/27
f 87/1/25 91/1/25 89/1/25 85/1/25
f 92/1/28 88/1/28 86/1/28 90/1/28
f 95/1/29 96/1/29 100/1/29 99/1/29
f 99/1/30 100/1/30 98/1/30 97/1/30
f 97/1/27 98/1/27 94/1/27 93/1/27
f 95/1/25 99/1/25 97/1/25 93/1/25
f 100/1/28 96/1/28 94/1/28 98/1/28
f 103/1/29 104/1/29 108/1/29 107/1/29
f 107/1/30 108/1/30 106/1/30 105/1/30
f 105/1/27 106/1/27 102/1/27 101/1/27
f 103/1/25 107/1/25 105/1/25 101/1/25
f 108/1/28 104/1/28 102/1/28 106/1/28
f 111/1/29 112/1/29 116/1/29 115/1/29
f 115/1/30 116/1/30 114/1/30 113/1/30
f 113/1/27 114/1/27 110/1/27 109/1/27
f 111/1/25 115/1/25 113/1/25 109/1/25
f 116/1/28 112/1/28 110/1/28 114/1/28
f 119/1/29 120/1/29 124/1/29 123/1/29
f 123/1/30 124/1/30 122/1/30 121/1/30
f 121/1/27 122/1/27 118/1/27 117/1/27
f 119/1/25 123/1/25 121/1/25 117/1/25
f 124/1/28 120/1/28 118/1/28 122/1/28
f 127/1/29 128/1/29 132/1/29 131/1/29
f 131/1/30 132/1/30 130/1/30 129/1/30
f 129/1/27 130/1/27 126/1/27 125/1/27
f 127/1/25 131/1/25 129/1/25 125/1/25
f 132/1/28 128/1/28 126/1/28 130/1/28
f 135/1/29 136/1/29 140/1/29 139/1/29
f 139/1/30 140/1/30 138/1/30 137/1/30
f 137/1/27 138/1/27 134/1/27 133/1/27
f 135/1/25 139/1/25 137/1/25 133/1/25
f 140/1/28 136/1/28 134/1/28 138/1/28
f 143/1/29 144/1/29 148/1/29 147/1/29
f 147/1/30 148/1/30 146/1/30 145/1/30
f 145/1/27 146/1/27 142/1/27 141/1/27
f 143/1/25 147/1/25 145/1/25 141/1/25
f 148/1/28 144/1/28 142/1/28 146/1/28
f 150/1/29 152/1/29 156/1/29 155/1/29
f 155/1/30 156/1/30 154/1/30 153/1/30
f 153/1/27 154/1/27 149/1/27 151/1/27
f 150/1/25 155/1/25 153/1/25 151/1/25
f 156/1/28 152/1/28 149/1/28 154/1/28
f 159/1/29 160/1/29 164/1/29 163/1/29
f 161/1/27 162/1/27 158/1/27 157/1/27
f 159/1/25 163/1/25 161/1/25 157/1/25
f 164/1/28 160/1/28 158/1/28 162/1/28
f 167/1/29 168/1/29 172/1/29 171/1/29
f 169/1/27 170/1/27 166/1/27 165/1/27
f 167/1/25 171/1/25 169/1/25 165/1/25
f 172/1/28 168/1/28 166/1/28 170/1/28
f 175/1/29 176/1/29 180/1/29 179/1/29
f 179/1/30 180/1/30 178/1/30 177/1/30
f 177/1/27 178/1/27 174/1/27 173/1/27
f 175/1/25 179/1/25 177/1/25 173/1/25
f 180/1/28 176/1/28 174/1/28 178/1/28
f 182/1/29 184/1/29 188/1/29 187/1/29
f 187/1/30 188/1/30 186/1/30 185/1/30
f 185/1/27 186/1/27 181/1/27 183/1/27
f 182/1/25 187/1/25 185/1/25 183/1/25
f 188/1/28 184/1/28 181/1/28 186/1/28
usemtl concrete_dark
f 269/1/29 270/1/29 272/1/31 271/1/31
f 271/1/31 272/1/31 274/1/32 273/1/32
f 273/1/32 274/1/32 276/1/33 275/1/33
f 275/1/33 276/1/33 278/1/34 277/1/34
f 277/1/34 278/1/34 280/1/35 279/1/35
f 279/1/35 280/1/35 282/1/36 281/1/36
f 281/1/36 282/1/36 284/1/37 283/1/37
f 283/1/37 284/1/37 286/1/38 285/1/38
f 285/1/38 286/1/38 288/1/39 287/1/39
f 287/1/39 288/1/39 290/1/30 289/1/30
f 289/1/30 290/1/30 292/1/40 291/1/40
f 291/1/40 292/1/40 294/1/41 293/1/41
f 293/1/41 294/1/41 296/1/42 295/1/42
f 295/1/42 296/1/42 298/1/43 297/1/43
f 297/1/43 298/1/43 300/1/44 299/1/44
f 299/1/44 300/1/44 302/1/45 301/1/45
f 301/1/45 302/1/45 304/1/46 303/1/46
f 303/1/46 304/1/46 306/1/47 305/1/47
f 305/1/47 306/1/47 308/1/48 307/1/48
f 307/1/48 308/1/48 310/1/27 309/1/27
f 309/1/27 310/1/27 312/1/49 311/1/49
f 311/1/49 312/1/49 314/1/50 313/1/50
f 313/1/50 314/1/50 316/1/51 315/1/51
f 315/1/51 316/1/51 318/1/52 317/1/52
f 317/1/52 318/1/52 320/1/53 319/1/53
f 319/1/53 320/1/53 322/1/54 321/1/54
f 321/1/54 322/1/54 324/1/55 323/1/55
f 323/1/55 324/1/55 326/1/56 325/1/56
f 325/1/56 326/1/56 328/1/57 327/1/57
f 327/1/57 328/1/57 330/1/26 329/1/26
f 329/1/26 330/1/26 332/1/58 331/1/58
f 331/1/58 332/1/58 334/1/59 333/1/59
f 333/1/59 334/1/59 336/1/60 335/1/60
f 335/1/60 336/1/60 338/1/61 337/1/61
f 337/1/61 338/1/61 340/1/62 339/1/62
f 339/1/62 340/1/62 342/1/63 341/1/63
f 341/1/63 342/1/63 344/1/64 343/1/64
f 343/1/64 344/1/64 346/1/65 345/1/65
f 272/1/28 270/1/28 348/1/28 346/1/28 344/1/28 342/1/28 340/1/28 338/1/28 336/1/28 334/1/28 332/1/28 330/1/28 328/1/28 326/1/28 324/1/28 322/1/28 320/1/28 318/1/28 316/1/28 314/1/28 312/1/28 310/1/28 308/1/28 306/1/28 304/1/28 302/1/28 300/1/28 298/1/28 296/1/28 294/1/28 292/1/28 290/1/28 288/1/28 286/1/28 284/1/28 282/1/28 280/1/28 278/1/28 276/1/28 274/1/28
f 345/1/65 346/1/65 348/1/66 347/1/66
f 347/1/66 348/1/66 270/1/29 269/1/29
f 269/1/25 271/1/25 273/1/25 275/1/25 277/1/25 279/1/25 281/1/25 283/1/25 285/1/25 287/1/25 289/1/25 291/1/25 293/1/25 295/1/25 297/1/25 299/1/25 301/1/25 303/1/25 305/1/25 307/1/25 309/1/25 311/1/25 313/1/25 315/1/25 317/1/25 319/1/25 321/1/25 323/1/25 325/1/25 327/1/25 329/1/25 331/1/25 333/1/25 335/1/25 337/1/25 339/1/25 341/1/25 343/1/25 345/1/25 347/1/25
f 349/1/26 350/1/26 352/1/26 351/1/26
f 351/1/29 352/1/29 356/1/29 355/1/29
f 355/1/30 356/1/30 354/1/30 353/1/30
f 353/1/27 354/1/27 350/1/27 349/1/27
f 351/1/25 355/1/25 353/1/25 349/1/25
f 356/1/28 352/1/28 350/1/28 354/1/28
f 4557/1/1 4558/1/2 4559/1/3
f 4560/1/4 4561/1/5 4562/1/6
f 4563/1/7 4564/1/8 4565/1/9
f 4566/1/10 4567/1/11 4568/1/12
f 4569/1/13 4570/1/14 4571/1/15
f 4572/1/16 4573/1/17 4574/1/18
f 4575/1/19 4576/1/20 4577/1/21
f 4578/1/22 4579/1/23 4580/1/24
f 4563/1/7 4557/1/1 4559/1/3 4564/1/8
f 4558/1/2 4560/1/4 4562/1/6 4559/1/3
f 4561/1/5 4566/1/10 4568/1/12 4562/1/6
f 4567/1/11 4565/1/9 4564/1/8 4568/1/12
f 4575/1/19 4563/1/7 4565/1/9 4576/1/20
f 4566/1/10 4578/1/22 4580/1/24 4567/1/11
f 4579/1/23 4577/1/21 4576/1/20 4580/1/24
f 4569/1/13 4575/1/19 4577/1/21 4570/1/14
f 4578/1/22 4572/1/16 4574/1/18 4579/1/23
f 4573/1/17 4571/1/15 4570/1/14 4574/1/18
f 4557/1/1 4569/1/13 4571/1/15 4558/1/2
f 4572/1/16 4561/1/5 4560/1/4 4573/1/17
f 4563/1/25 4575/1/25 4569/1/25 4557/1/25
f 4559/1/26 4562/1/26 4568/1/26 4564/1/26
f 4571/1/27 4573/1/27 4560/1/27 4558/1/27
f 4578/1/28 4566/1/28 4561/1/28 4572/1/28
f 4565/1/29 4567/1/29 4580/1/29 4576/1/29
f 4577/1/30 4579/1/30 4574/1/30 4570/1/30
f 4581/1/1 4582/1/2 4583/1/3
f 4584/1/4 4585/1/5 4586/1/6
f 4587/1/7 4588/1/8 4589/1/9
f 4590/1/10 4591/1/11 4592/1/12
f 4593/1/13 4594/1/14 4595/1/15
f 4596/1/16 4597/1/17 4598/1/18
f 4599/1/19 4600/1/20 4601/1/21
f 4602/1/22 4603/1/23 4604/1/24
f 4587/1/7 4581/1/1 4583/1/3 4588/1/8
f 4582/1/2 4584/1/4 4586/1/6 4583/1/3
f 4585/1/5 4590/1/10 4592/1/12 4586/1/6
f 4591/1/11 4589/1/9 4588/1/8 4592/1/12
f 4599/1/19 4587/1/7 4589/1/9 4600/1/20
f 4590/1/10 4602/1/22 4604/1/24 4591/1/11
f 4603/1/23 4601/1/21 4600/1/20 4604/1/24
f 4593/1/13 4599/1/19 4601/1/21 4594/1/14
f 4602/1/22 4596/1/16 4598/1/18 4603/1/23
f 4597/1/17 4595/1/15 4594/1/14 4598/1/18
f 4581/1/1 4593/1/13 4595/1/15 4582/1/2
f 4596/1/16 4585/1/5 4584/1/4 4597/1/17
f 4587/1/25 4599/1/25 4593/1/25 4581/1/25
f 4583/1/26 4586/1/26 4592/1/26 4588/1/26
f 4595/1/27 4597/1/27 4584/1/27 4582/1/27
f 4602/1/28 4590/1/28 4585/1/28 4596/1/28
f 4589/1/29 4591/1/29 4604/1/29 4600/1/29
f 4601/1/30 4603/1/30 4598/1/30 4594/1/30
f 5231/1/1 5232/1/2 5233/1/3
f 5234/1/4 5235/1/5 5236/1/6
f 5237/1/7 5238/1/8 5239/1/9
f 5240/1/10 5241/1/11 5242/1/12
f 5243/1/13 5244/1/14 5245/1/15
f 5246/1/16 5247/1/17 5248/1/18
f 5249/1/19 5250/1/20 5251/1/21
f 5252/1/22 5253/1/23 5254/1/24
f 5237/1/7 5231/1/1 5233/1/3 5238/1/8
f 5232/1/2 5234/1/4 5236/1/6 5233/1/3
f 5235/1/5 5240/1/10 5242/1/12 5236/1/6
f 5241/1/11 5239/1/9 5238/1/8 5242/1/12
f 5249/1/19 5237/1/7 5239/1/9 5250/1/20
f 5240/1/10 5252/1/22 5254/1/24 5241/1/11
f 5253/1/23 5251/1/21 5250/1/20 5254/1/24
f 5243/1/13 5249/1/19 5251/1/21 5244/1/14
f 5252/1/22 5246/1/16 5248/1/18 5253/1/23
f 5247/1/17 5245/1/15 5244/1/14 5248/1/18
f 5231/1/1 5243/1/13 5245/1/15 5232/1/2
f 5246/1/16 5235/1/5 5234/1/4 5247/1/17
f 5237/1/25 5249/1/25 5243/1/25 5231/1/25
f 5233/1/26 5236/1/26 5242/1/26 5238/1/26
f 5245/1/27 5247/1/27 5234/1/27 5232/1/27
f 5252/1/28 5240/1/28 5235/1/28 5246/1/28
f 5239/1/29 5241/1/29 5254/1/29 5250/1/29
f 5251/1/30 5253/1/30 5248/1/30 5244/1/30
f 5255/1/1 5256/1/2 5257/1/3
f 5258/1/4 5259/1/5 5260/1/6
f 5261/1/7 5262/1/8 5263/1/9
f 5264/1/10 5265/1/11 5266/1/12
f 5267/1/13 5268/1/14 5269/1/15
f 5270/1/16 5271/1/17 5272/1/18
f 5273/1/19 5274/1/20 5275/1/21
f 5276/1/22 5277/1/23 5278/1/24
f 5261/1/7 5255/1/1 5257/1/3 5262/1/8
f 5256/1/2 5258/1/4 5260/1/6 5257/1/3
f 5259/1/5 5264/1/10 5266/1/12 5260/1/6
f 5265/1/11 5263/1/9 5262/1/8 5266/1/12
f 5273/1/19 5261/1/7 5263/1/9 5274/1/20
f 5264/1/10 5276/1/22 5278/1/24 5265/1/11
f 5277/1/23 5275/1/21 5274/1/20 5278/1/24
f 5267/1/13 5273/1/19 5275/1/21 5268/1/14
f 5276/1/22 5270/1/16 5272/1/18 5277/1/23
f 5271/1/17 5269/1/15 5268/1/14 5272/1/18
f 5255/1/1 5267/1/13 5269/1/15 5256/1/2
f 5270/1/16 5259/1/5 5258/1/4 5271/1/17
f 5261/1/25 5273/1/25 5267/1/25 5255/1/25
f 5257/1/26 5260/1/26 5266/1/26 5262/1/26
f 5269/1/27 5271/1/27 5258/1/27 5256/1/27
f 5276/1/28 5264/1/28 5259/1/28 5270/1/28
f 5263/1/29 5265/1/29 5278/1/29 5274/1/29
f 5275/1/30 5277/1/30 5272/1/30 5268/1/30
usemtl chrome
f 357/1/67 360/1/68 361/1/69 363/1/70
f 358/1/71 362/1/72 361/1/73 360/1/74
f 359/1/75 363/1/76 361/1/73 362/1/72
f 364/1/77 367/1/78 368/1/79 370/1/80
f 365/1/81 369/1/82 368/1/83 367/1/84
f 366/1/85 370/1/86 368/1/83 369/1/82
f 371/1/87 374/1/88 375/1/89 377/1/90
f 372/1/91 376/1/92 375/1/93 374/1/94
f 373/1/95 377/1/96 375/1/93 376/1/92
f 378/1/97 381/1/98 382/1/99 384/1/100
f 379/1/101 383/1/102 382/1/103 381/1/104
f 380/1/105 384/1/106 382/1/103 383/1/102
f 385/1/107 388/1/108 389/1/109 391/1/110
f 386/1/111 390/1/112 389/1/109 388/1/108
f 387/1/113 391/1/110 389/1/109 390/1/112
f 392/1/114 395/1/115 396/1/116 398/1/117
f 393/1/118 397/1/119 396/1/120 395/1/121
f 394/1/122 398/1/123 396/1/120 397/1/119
f 399/1/124 402/1/125 403/1/126 405/1/127
f 400/1/128 404/1/129 403/1/130 402/1/131
f 401/1/132 405/1/133 403/1/130 404/1/129
f 406/1/134 409/1/135 410/1/136 412/1/137
f 407/1/138 411/1/139 410/1/140 409/1/141
f 408/1/142 412/1/143 410/1/140 411/1/139
f 413/1/144 416/1/145 417/1/146 419/1/147
f 414/1/148 418/1/149 417/1/150 416/1/151
f 415/1/152 419/1/153 417/1/150 418/1/149
f 420/1/154 423/1/155 424/1/156 426/1/157
f 421/1/158 425/1/159 424/1/160 423/1/161
f 422/1/162 426/1/163 424/1/160 425/1/159
f 427/1/164 430/1/165 431/1/166 433/1/167
f 428/1/168 432/1/169 431/1/170 430/1/171
f 429/1/172 433/1/173 431/1/170 432/1/169
f 434/1/174 437/1/175 438/1/176 440/1/177
f 435/1/178 439/1/179 438/1/176 437/1/175
f 436/1/180 440/1/177 438/1/176 439/1/179
f 441/1/181 444/1/182 445/1/183 447/1/184
f 442/1/185 446/1/186 445/1/187 444/1/188
f 443/1/189 447/1/190 445/1/187 446/1/186
f 448/1/191 451/1/192 452/1/193 454/1/194
f 449/1/195 453/1/196 452/1/197 451/1/198
f 450/1/199 454/1/200 452/1/197 453/1/196
f 455/1/201 458/1/202 459/1/203 461/1/204
f 456/1/205 460/1/206 459/1/207 458/1/208
f 457/1/209 461/1/210 459/1/207 460/1/206
f 462/1/211 465/1/212 466/1/213 468/1/214
f 463/1/215 467/1/216 466/1/213 465/1/212
f 464/1/217 468/1/214 466/1/213 467/1/216
f 359/1/75 372/1/91 374/1/94 363/1/76
f 363/1/70 374/1/88 371/1/87 357/1/67
f 380/1/105 365/1/81 367/1/84 384/1/106
f 384/1/100 367/1/78 364/1/77 378/1/97
f 358/1/71 366/1/85 369/1/82 362/1/72
f 362/1/72 369/1/82 365/1/81 359/1/75
f 379/1/101 373/1/95 376/1/92 383/1/102
f 383/1/102 376/1/92 372/1/91 380/1/105
f 373/1/95 386/1/111 388/1/108 377/1/96
f 377/1/90 388/1/108 385/1/107 371/1/87
f 394/1/122 379/1/101 381/1/104 398/1/123
f 398/1/117 381/1/98 378/1/97 392/1/114
f 393/1/118 387/1/113 390/1/112 397/1/119
f 397/1/119 390/1/112 386/1/111 394/1/122
f 387/1/113 400/1/128 402/1/131 391/1/110
f 391/1/110 402/1/125 399/1/124 385/1/107
f 408/1/142 393/1/118 395/1/121 412/1/143
f 412/1/137 395/1/115 392/1/114 406/1/134
f 407/1/138 401/1/132 404/1/129 411/1/139
f 411/1/139 404/1/129 400/1/128 408/1/142
f 401/1/132 414/1/148 416/1/151 405/1/133
f 405/1/127 416/1/145 413/1/144 399/1/124
f 422/1/162 407/1/138 409/1/141 426/1/163
f 426/1/157 409/1/135 406/1/134 420/1/154
f 421/1/158 415/1/152 418/1/149 425/1/159
f 425/1/159 418/1/149 414/1/148 422/1/162
f 415/1/152 428/1/168 430/1/171 419/1/153
f 419/1/147 430/1/165 427/1/164 413/1/144
f 436/1/180 421/1/158 423/1/161 440/1/177
f 440/1/177 423/1/155 420/1/154 434/1/174
f 435/1/178 429/1/172 432/1/169 439/1/179
f 439/1/179 432/1/169 428/1/168 436/1/180
f 429/1/172 442/1/185 444/1/188 433/1/173
f 433/1/167 444/1/182 441/1/181 427/1/164
f 450/1/199 435/1/178 437/1/175 454/1/200
f 454/1/194 437/1/175 434/1/174 448/1/191
f 449/1/195 443/1/189 446/1/186 453/1/196
f 453/1/196 446/1/186 442/1/185 450/1/199
f 443/1/189 456/1/205 458/1/208 447/1/190
f 447/1/184 458/1/202 455/1/201 441/1/181
f 464/1/217 449/1/195 451/1/198 468/1/214
f 468/1/214 451/1/192 448/1/191 462/1/211
f 463/1/215 457/1/209 460/1/206 467/1/216
f 467/1/216 460/1/206 456/1/205 464/1/217
f 457/1/209 358/1/71 360/1/74 461/1/210
f 461/1/204 360/1/68 357/1/67 455/1/201
f 366/1/85 463/1/215 465/1/212 370/1/86
f 370/1/80 465/1/212 462/1/211 364/1/77
f 357/1/67 371/1/87 385/1/107 399/1/124 413/1/144 427/1/164 441/1/181 455/1/201
f 359/1/75 365/1/81 380/1/105 372/1/91
f 457/1/209 463/1/215 366/1/85 358/1/71
f 378/1/97 364/1/77 462/1/211 448/1/191 434/1/174 420/1/154 406/1/134 392/1/114
f 373/1/95 379/1/101 394/1/122 386/1/111
f 387/1/113 393/1/118 408/1/142 400/1/128
f 401/1/132 407/1/138 422/1/162 414/1/148
f 415/1/152 421/1/158 436/1/180 428/1/168
f 429/1/172 435/1/178 450/1/199 442/1/185
f 443/1/189 449/1/195 464/1/217 456/1/205
f 563/2/322 561/3/322 562/4/322
f 564/5/322 561/3/322 563/2/322
f 564/5/322 560/6/322 561/3/322
f 557/1/322 560/6/322 564/5/322
f 557/1/322 559/7/322 560/6/322
f 558/8/322 559/7/322 557/1/322
f 569/3/323 571/2/323 570/4/323
f 568/6/323 571/2/323 569/3/323
f 568/6/323 572/5/323 571/2/323
f 567/7/323 572/5/323 568/6/323
f 567/7/323 565/1/323 572/5/323
f 566/8/323 565/1/323 567/7/323
f 565/9/324 557/10/324 564/11/324 572/12/324
f 566/13/325 558/14/325 557/5/325 565/1/325
f 567/15/326 559/16/326 558/14/326 566/13/326
f 568/17/327 560/18/327 559/16/327 567/15/327
f 569/19/328 561/20/328 560/18/328 568/17/328
f 570/21/329 562/22/329 561/20/329 569/19/329
f 571/23/330 563/24/330 562/22/330 570/21/330
f 572/12/331 564/11/331 563/24/331 571/23/331
f 635/2/356 633/3/356 634/4/356
f 636/5/356 633/3/356 635/2/356
f 636/5/356 632/6/356 633/3/356
f 629/1/356 632/6/356 636/5/356
f 629/1/356 631/7/356 632/6/356
f 630/8/356 631/7/356 629/1/356
f 641/3/357 643/2/357 642/4/357
f 640/6/357 643/2/357 641/3/357
f 640/6/357 644/5/357 643/2/357
f 639/7/357 644/5/357 640/6/357
f 639/7/357 637/1/357 644/5/357
f 638/8/357 637/1/357 639/7/357
f 637/9/358 629/10/358 636/11/358 644/12/358
f 638/13/359 630/14/359 629/5/359 637/1/359
f 639/15/360 631/16/360 630/14/360 638/13/360
f 640/17/361 632/18/361 631/16/361 639/15/361
f 641/19/362 633/20/362 632/18/362 640/17/362
f 642/21/363 634/22/363 633/20/363 641/19/363
f 643/23/364 635/24/364 634/22/364 642/21/364
f 644/12/365 636/11/365 635/24/365 643/23/365
f 707/2/371 705/3/371 706/4/371
f 708/5/371 705/3/371 707/2/371
f 708/5/371 704/6/371 705/3/371
f 701/1/371 704/6/371 708/5/371
f 701/1/371 703/7/371 704/6/371
f 702/8/371 703/7/371 701/1/371
f 713/3/372 715/2/372 714/4/372
f 712/6/372 715/2/372 713/3/372
f 712/6/372 716/5/372 715/2/372
f 711/7/372 716/5/372 712/6/372
f 711/7/372 709/1/372 716/5/372
f 710/8/372 709/1/372 711/7/372
f 709/9/373 701/10/373 708/11/373 716/12/373
f 710/13/374 702/14/374 701/5/374 709/1/374
f 711/15/375 703/16/375 702/14/375 710/13/375
f 712/17/376 704/18/376 703/16/376 711/15/376
f 713/19/377 705/20/377 704/18/377 712/17/377
f 714/21/378 706/22/378 705/20/378 713/19/378
f 715/23/379 707/24/379 706/22/379 714/21/379
f 716/12/380 708/11/380 707/24/380 715/23/380
f 779/2/386 777/3/386 778/4/386
f 780/5/386 777/3/386 779/2/386
f 780/5/386 776/6/386 777/3/386
f 773/1/386 776/6/386 780/5/386
f 773/1/386 775/7/386 776/6/386
f 774/8/386 775/7/386 773/1/386
f 785/3/387 787/2/387 786/4/387
f 784/6/387 787/2/387 785/3/387
f 784/6/387 788/5/387 787/2/387
f 783/7/387 788/5/387 784/6/387
f 783/7/387 781/1/387 788/5/387
f 782/8/387 781/1/387 783/7/387
f 781/9/388 773/10/388 780/11/388 788/12/388
f 782/13/389 774/14/389 773/5/389 781/1/389
f 783/15/390 775/16/390 774/14/390 782/13/390
f 784/17/391 776/18/391 775/16/391 783/15/391
f 785/19/392 777/20/392 776/18/392 784/17/392
f 786/21/393 778/22/393 777/20/393 785/19/393
f 787/23/394 779/24/394 778/22/394 786/21/394
f 788/12/395 780/11/395 779/24/395 787/23/395
f 1301/1/872 1302/1/872 1304/1/873 1303/1/873
f 1303/1/873 1304/1/873 1306/1/874 1305/1/874
f 1305/1/874 1306/1/874 1308/1/875 1307/1/875
f 1307/1/875 1308/1/875 1310/1/876 1309/1/876
f 1309/1/876 1310/1/876 1312/1/877 1311/1/877
f 1311/1/877 1312/1/877 1314/1/878 1313/1/878
f 1313/1/878 1314/1/878 1316/1/879 1315/1/879
f 1315/1/879 1316/1/879 1318/1/880 1317/1/880
f 1317/1/880 1318/1/880 1320/1/881 1319/1/881
f 1319/1/881 1320/1/881 1322/1/882 1321/1/882
f 1321/1/882 1322/1/882 1324/1/883 1323/1/883
f 1323/1/883 1324/1/883 1326/1/884 1325/1/884
f 1325/1/884 1326/1/884 1328/1/885 1327/1/885
f 1327/1/885 1328/1/885 1330/1/886 1329/1/886
f 1304/1/28 1302/1/28 1332/1/28 1330/1/28 1328/1/28 1326/1/28 1324/1/28 1322/1/28 1320/1/28 1318/1/28 1316/1/28 1314/1/28 1312/1/28 1310/1/28 1308/1/28 1306/1/28
f 1329/1/886 1330/1/886 1332/1/887 1331/1/887
f 1331/1/887 1332/1/887 1302/1/872 1301/1/872
f 1301/1/25 1303/1/25 1305/1/25 1307/1/25 1309/1/25 1311/1/25 1313/1/25 1315/1/25 1317/1/25 1319/1/25 1321/1/25 1323/1/25 1325/1/25 1327/1/25 1329/1/25 1331/1/25
f 1535/1/872 1536/1/872 1538/1/873 1537/1/873
f 1537/1/873 1538/1/873 1540/1/874 1539/1/874
f 1539/1/874 1540/1/874 1542/1/875 1541/1/875
f 1541/1/875 1542/1/875 1544/1/876 1543/1/876
f 1543/1/876 1544/1/876 1546/1/877 1545/1/877
f 1545/1/877 1546/1/877 1548/1/878 1547/1/878
f 1547/1/878 1548/1/878 1550/1/879 1549/1/879
f 1549/1/879 1550/1/879 1552/1/880 1551/1/880
f 1551/1/880 1552/1/880 1554/1/881 1553/1/881
f 1553/1/881 1554/1/881 1556/1/882 1555/1/882
f 1555/1/882 1556/1/882 1558/1/883 1557/1/883
f 1557/1/883 1558/1/883 1560/1/884 1559/1/884
f 1559/1/884 1560/1/884 1562/1/885 1561/1/885
f 1561/1/885 1562/1/885 1564/1/886 1563/1/886
f 1538/1/28 1536/1/28 1566/1/28 1564/1/28 1562/1/28 1560/1/28 1558/1/28 1556/1/28 1554/1/28 1552/1/28 1550/1/28 1548/1/28 1546/1/28 1544/1/28 1542/1/28 1540/1/28
f 1563/1/886 1564/1/886 1566/1/887 1565/1/887
f 1565/1/887 1566/1/887 1536/1/872 1535/1/872
f 1535/1/25 1537/1/25 1539/1/25 1541/1/25 1543/1/25 1545/1/25 1547/1/25 1549/1/25 1551/1/25 1553/1/25 1555/1/25 1557/1/25 1559/1/25 1561/1/25 1563/1/25 1565/1/25
f 1567/1/894 1568/1/894 1570/1/895 1569/1/895
f 1569/1/895 1570/1/895 1572/1/896 1571/1/896
f 1571/1/896 1572/1/896 1574/1/897 1573/1/897
f 1573/1/897 1574/1/897 1576/1/898 1575/1/898
f 1575/1/898 1576/1/898 1578/1/899 1577/1/899
f 1577/1/899 1578/1/899 1580/1/900 1579/1/900
f 1579/1/900 1580/1/900 1582/1/901 1581/1/901
f 1581/1/901 1582/1/901 1584/1/902 1583/1/902
f 1583/1/902 1584/1/902 1586/1/903 1585/1/903
f 1585/1/903 1586/1/903 1588/1/904 1587/1/904
f 1587/1/904 1588/1/904 1590/1/905 1589/1/905
f 1589/1/905 1590/1/905 1592/1/906 1591/1/906
f 1591/1/906 1592/1/906 1594/1/907 1593/1/907
f 1593/1/907 1594/1/907 1596/1/908 1595/1/908
f 1595/1/908 1596/1/908 1598/1/909 1597/1/909
f 1597/1/909 1598/1/909 1600/1/910 1599/1/910
f 1599/1/910 1600/1/910 1602/1/911 1601/1/911
f 1601/1/911 1602/1/911 1604/1/912 1603/1/912
f 1570/1/28 1568/1/28 1606/1/28 1604/1/28 1602/1/28 1600/1/28 1598/1/28 1596/1/28 1594/1/28 1592/1/28 1590/1/28 1588/1/28 1586/1/28 1584/1/28 1582/1/28 1580/1/28 1578/1/28 1576/1/28 1574/1/28 1572/1/28
f 1603/1/912 1604/1/912 1606/1/913 1605/1/913
f 1605/1/913 1606/1/913 1568/1/894 1567/1/894
f 1567/1/25 1569/1/25 1571/1/25 1573/1/25 1575/1/25 1577/1/25 1579/1/25 1581/1/25 1583/1/25 1585/1/25 1587/1/25 1589/1/25 1591/1/25 1593/1/25 1595/1/25 1597/1/25 1599/1/25 1601/1/25 1603/1/25 1605/1/25
f 2575/1/220 2576/1/2000 2596/1/2000 2595/1/220
f 2576/1/2000 2577/1/2001 2597/1/2001 2596/1/2000
f 2577/1/2001 2578/1/2002 2598/1/2002 2597/1/2001
f 2578/1/2002 2579/1/2003 2599/1/2003 2598/1/2002
f 2579/1/2003 2580/1/2004 2600/1/2004 2599/1/2003
f 2580/1/2004 2581/1/2005 2601/1/2005 2600/1/2004
f 2581/1/2005 2582/1/2006 2602/1/2006 2601/1/2005
f 2582/1/2006 2583/1/2007 2603/1/2007 2602/1/2006
f 2583/1/2007 2584/1/2008 2604/1/2008 2603/1/2007
f 2584/1/2008 2585/1/223 2605/1/223 2604/1/2008
f 2585/1/223 2586/1/2009 2606/1/2009 2605/1/223
f 2586/1/2009 2587/1/2010 2607/1/2010 2606/1/2009
f 2587/1/2010 2588/1/2011 2608/1/2011 2607/1/2010
f 2588/1/2011 2589/1/2012 2609/1/2012 2608/1/2011
f 2589/1/2012 2590/1/2013 2610/1/2013 2609/1/2012
f 2590/1/2013 2591/1/2014 2611/1/2014 2610/1/2013
f 2591/1/2014 2592/1/2015 2612/1/2015 2611/1/2014
f 2592/1/2015 2593/1/2016 2613/1/2016 2612/1/2015
f 2593/1/2016 2594/1/2017 2614/1/2017 2613/1/2016
f 2594/1/2017 2575/1/220 2595/1/220 2614/1/2017
f 2595/1/221 2596/1/2018 2616/1/2018 2615/1/221
f 2596/1/2018 2597/1/2019 2617/1/2019 2616/1/2018
f 2597/1/2019 2598/1/2020 2618/1/2020 2617/1/2019
f 2598/1/2020 2599/1/2021 2619/1/2021 2618/1/2020
f 2599/1/2021 2600/1/2022 2620/1/2022 2619/1/2021
f 2600/1/2022 2601/1/2023 2621/1/2023 2620/1/2022
f 2601/1/2023 2602/1/2024 2622/1/2024 2621/1/2023
f 2602/1/2024 2603/1/2025 2623/1/2025 2622/1/2024
f 2603/1/2025 2604/1/2026 2624/1/2026 2623/1/2025
f 2604/1/2026 2605/1/222 2625/1/222 2624/1/2026
f 2605/1/222 2606/1/2027 2626/1/2027 2625/1/222
f 2606/1/2027 2607/1/2028 2627/1/2028 2626/1/2027
f 2607/1/2028 2608/1/2029 2628/1/2029 2627/1/2028
f 2608/1/2029 2609/1/2030 2629/1/2030 2628/1/2029
f 2609/1/2030 2610/1/2031 2630/1/2031 2629/1/2030
f 2610/1/2031 2611/1/2032 2631/1/2032 2630/1/2031
f 2611/1/2032 2612/1/2033 2632/1/2033 2631/1/2032
f 2612/1/2033 2613/1/2034 2633/1/2034 2632/1/2033
f 2613/1/2034 2614/1/2035 2634/1/2035 2633/1/2034
f 2614/1/2035 2595/1/221 2615/1/221 2634/1/2035
f 2615/1/222 2616/1/2027 2636/1/2027 2635/1/222
f 2616/1/2027 2617/1/2028 2637/1/2028 2636/1/2027
f 2617/1/2028 2618/1/2029 2638/1/2029 2637/1/2028
f 2618/1/2029 2619/1/2030 2639/1/2030 2638/1/2029
f 2619/1/2030 2620/1/2031 2640/1/2031 2639/1/2030
f 2620/1/2031 2621/1/2032 2641/1/2032 2640/1/2031
f 2621/1/2032 2622/1/2033 2642/1/2033 2641/1/2032
f 2622/1/2033 2623/1/2034 2643/1/2034 2642/1/2033
f 2623/1/2034 2624/1/2035 2644/1/2035 2643/1/2034
f 2624/1/2035 2625/1/221 2645/1/221 2644/1/2035
f 2625/1/221 2626/1/2018 2646/1/2018 2645/1/221
f 2626/1/2018 2627/1/2019 2647/1/2019 2646/1/2018
f 2627/1/2019 2628/1/2020 2648/1/2020 2647/1/2019
f 2628/1/2020 2629/1/2021 2649/1/2021 2648/1/2020
f 2629/1/2021 2630/1/2022 2650/1/2022 2649/1/2021
f 2630/1/2022 2631/1/2023 2651/1/2023 2650/1/2022
f 2631/1/2023 2632/1/2024 2652/1/2024 2651/1/2023
f 2632/1/2024 2633/1/2025 2653/1/2025 2652/1/2024
f 2633/1/2025 2634/1/2026 2654/1/2026 2653/1/2025
f 2634/1/2026 2615/1/222 2635/1/222 2654/1/2026
f 2635/1/223 2636/1/2009 2656/1/2009 2655/1/223
f 2636/1/2009 2637/1/2010 2657/1/2010 2656/1/2009
f 2637/1/2010 2638/1/2011 2658/1/2011 2657/1/2010
f 2638/1/2011 2639/1/2012 2659/1/2012 2658/1/2011
f 2639/1/2012 2640/1/2013 2660/1/2013 2659/1/2012
f 2640/1/2013 2641/1/2014 2661/1/2014 2660/1/2013
f 2641/1/2014 2642/1/2015 2662/1/2015 2661/1/2014
f 2642/1/2015 2643/1/2016 2663/1/2016 2662/1/2015
f 2643/1/2016 2644/1/2017 2664/1/2017 2663/1/2016
f 2644/1/2017 2645/1/220 2665/1/220 2664/1/2017
f 2645/1/220 2646/1/2000 2666/1/2000 2665/1/220
f 2646/1/2000 2647/1/2001 2667/1/2001 2666/1/2000
f 2647/1/2001 2648/1/2002 2668/1/2002 2667/1/2001
f 2648/1/2002 2649/1/2003 2669/1/2003 2668/1/2002
f 2649/1/2003 2650/1/2004 2670/1/2004 2669/1/2003
f 2650/1/2004 2651/1/2005 2671/1/2005 2670/1/2004
f 2651/1/2005 2652/1/2006 2672/1/2006 2671/1/2005
f 2652/1/2006 2653/1/2007 2673/1/2007 2672/1/2006
f 2653/1/2007 2654/1/2008 2674/1/2008 2673/1/2007
f 2654/1/2008 2635/1/223 2655/1/223 2674/1/2008
f 2655/1/224 2656/1/2036 2676/1/2036 2675/1/224
f 2656/1/2036 2657/1/2037 2677/1/2037 2676/1/2036
f 2657/1/2037 2658/1/2038 2678/1/2038 2677/1/2037
f 2658/1/2038 2659/1/2039 2679/1/2039 2678/1/2038
f 2659/1/2039 2660/1/2040 2680/1/2040 2679/1/2039
f 2660/1/2040 2661/1/2041 2681/1/2041 2680/1/2040
f 2661/1/2041 2662/1/2042 2682/1/2042 2681/1/2041
f 2662/1/2042 2663/1/2043 2683/1/2043 2682/1/2042
f 2663/1/2043 2664/1/2044 2684/1/2044 2683/1/2043
f 2664/1/2044 2665/1/219 2685/1/219 2684/1/2044
f 2665/1/219 2666/1/2045 2686/1/2045 2685/1/219
f 2666/1/2045 2667/1/2046 2687/1/2046 2686/1/2045
f 2667/1/2046 2668/1/2047 2688/1/2047 2687/1/2046
f 2668/1/2047 2669/1/2048 2689/1/2048 2688/1/2047
f 2669/1/2048 2670/1/2049 2690/1/2049 2689/1/2048
f 2670/1/2049 2671/1/2050 2691/1/2050 2690/1/2049
f 2671/1/2050 2672/1/2051 2692/1/2051 2691/1/2050
f 2672/1/2051 2673/1/2052 2693/1/2052 2692/1/2051
f 2673/1/2052 2674/1/2053 2694/1/2053 2693/1/2052
f 2674/1/2053 2655/1/224 2675/1/224 2694/1/2053
f 2675/1/225 2676/1/2054 2696/1/2054 2695/1/225
f 2676/1/2054 2677/1/2055 2697/1/2055 2696/1/2054
f 2677/1/2055 2678/1/2056 2698/1/2056 2697/1/2055
f 2678/1/2056 2679/1/2057 2699/1/2057 2698/1/2056
f 2679/1/2057 2680/1/2058 2700/1/2058 2699/1/2057
f 2680/1/2058 2681/1/2059 2701/1/2059 2700/1/2058
f 2681/1/2059 2682/1/2060 2702/1/2060 2701/1/2059
f 2682/1/2060 2683/1/2061 2703/1/2061 2702/1/2060
f 2683/1/2061 2684/1/2062 2704/1/2062 2703/1/2061
f 2684/1/2062 2685/1/218 2705/1/218 2704/1/2062
f 2685/1/218 2686/1/2063 2706/1/2063 2705/1/218
f 2686/1/2063 2687/1/2064 2707/1/2064 2706/1/2063
f 2687/1/2064 2688/1/2065 2708/1/2065 2707/1/2064
f 2688/1/2065 2689/1/2066 2709/1/2066 2708/1/2065
f 2689/1/2066 2690/1/2067 2710/1/2067 2709/1/2066
f 2690/1/2067 2691/1/2068 2711/1/2068 2710/1/2067
f 2691/1/2068 2692/1/2069 2712/1/2069 2711/1/2068
f 2692/1/2069 2693/1/2070 2713/1/2070 2712/1/2069
f 2693/1/2070 2694/1/2071 2714/1/2071 2713/1/2070
f 2694/1/2071 2675/1/225 2695/1/225 2714/1/2071
f 2695/1/218 2696/1/2063 2716/1/2063 2715/1/218
f 2696/1/2063 2697/1/2064 2717/1/2064 2716/1/2063
f 2697/1/2064 2698/1/2065 2718/1/2065 2717/1/2064
f 2698/1/2065 2699/1/2066 2719/1/2066 2718/1/2065
f 2699/1/2066 2700/1/2067 2720/1/2067 2719/1/2066
f 2700/1/2067 2701/1/2068 2721/1/2068 2720/1/2067
f 2701/1/2068 2702/1/2069 2722/1/2069 2721/1/2068
f 2702/1/2069 2703/1/2070 2723/1/2070 2722/1/2069
f 2703/1/2070 2704/1/2071 2724/1/2071 2723/1/2070
f 2704/1/2071 2705/1/225 2725/1/225 2724/1/2071
f 2705/1/225 2706/1/2054 2726/1/2054 2725/1/225
f 2706/1/2054 2707/1/2055 2727/1/2055 2726/1/2054
f 2707/1/2055 2708/1/2056 2728/1/2056 2727/1/2055
f 2708/1/2056 2709/1/2057 2729/1/2057 2728/1/2056
f 2709/1/2057 2710/1/2058 2730/1/2058 2729/1/2057
f 2710/1/2058 2711/1/2059 2731/1/2059 2730/1/2058
f 2711/1/2059 2712/1/2060 2732/1/2060 2731/1/2059
f 2712/1/2060 2713/1/2061 2733/1/2061 2732/1/2060
f 2713/1/2061 2714/1/2062 2734/1/2062 2733/1/2061
f 2714/1/2062 2695/1/218 2715/1/218 2734/1/2062
f 2715/1/219 2716/1/2045 2576/1/2045 2575/1/219
f 2716/1/2045 2717/1/2046 2577/1/2046 2576/1/2045
f 2717/1/2046 2718/1/2047 2578/1/2047 2577/1/2046
f 2718/1/2047 2719/1/2048 2579/1/2048 2578/1/2047
f 2719/1/2048 2720/1/2049 2580/1/2049 2579/1/2048
f 2720/1/2049 2721/1/2050 2581/1/2050 2580/1/2049
f 2721/1/2050 2722/1/2072 2582/1/2051 2581/1/2050
f 2722/1/2072 2723/1/2052 2583/1/2052 2582/1/2051
f 2723/1/2052 2724/1/2053 2584/1/2053 2583/1/2052
f 2724/1/2053 2725/1/224 2585/1/224 2584/1/2053
f 2725/1/224 2726/1/2036 2586/1/2036 2585/1/224
f 2726/1/2036 2727/1/2037 2587/1/2037 2586/1/2036
f 2727/1/2037 2728/1/2038 2588/1/2038 2587/1/2037
f 2728/1/2038 2729/1/2039 2589/1/2039 2588/1/2038
f 2729/1/2039 2730/1/2040 2590/1/2040 2589/1/2039
f 2730/1/2040 2731/1/2041 2591/1/2041 2590/1/2040
f 2731/1/2041 2732/1/2042 2592/1/2042 2591/1/2041
f 2732/1/2042 2733/1/2043 2593/1/2043 2592/1/2042
f 2733/1/2043 2734/1/2044 2594/1/2044 2593/1/2043
f 2734/1/2044 2715/1/219 2575/1/219 2594/1/2044
f 2775/1/220 2776/1/2000 2796/1/2000 2795/1/220
f 2776/1/2000 2777/1/2001 2797/1/2001 2796/1/2000
f 2777/1/2001 2778/1/2002 2798/1/2002 2797/1/2001
f 2778/1/2002 2779/1/2003 2799/1/2003 2798/1/2002
f 2779/1/2003 2780/1/2004 2800/1/2004 2799/1/2003
f 2780/1/2004 2781/1/2005 2801/1/2005 2800/1/2004
f 2781/1/2005 2782/1/2006 2802/1/2006 2801/1/2005
f 2782/1/2006 2783/1/2007 2803/1/2007 2802/1/2006
f 2783/1/2007 2784/1/2008 2804/1/2008 2803/1/2007
f 2784/1/2008 2785/1/223 2805/1/223 2804/1/2008
f 2785/1/223 2786/1/2009 2806/1/2009 2805/1/223
f 2786/1/2009 2787/1/2010 2807/1/2010 2806/1/2009
f 2787/1/2010 2788/1/2011 2808/1/2011 2807/1/2010
f 2788/1/2011 2789/1/2012 2809/1/2012 2808/1/2011
f 2789/1/2012 2790/1/2013 2810/1/2013 2809/1/2012
f 2790/1/2013 2791/1/2014 2811/1/2014 2810/1/2013
f 2791/1/2014 2792/1/2015 2812/1/2015 2811/1/2014
f 2792/1/2015 2793/1/2016 2813/1/2016 2812/1/2015
f 2793/1/2016 2794/1/2017 2814/1/2017 2813/1/2016
f 2794/1/2017 2775/1/220 2795/1/220 2814/1/2017
f 2795/1/221 2796/1/2018 2816/1/2018 2815/1/221
f 2796/1/2018 2797/1/2019 2817/1/2019 2816/1/2018
f 2797/1/2019 2798/1/2020 2818/1/2020 2817/1/2019
f 2798/1/2020 2799/1/2021 2819/1/2021 2818/1/2020
f 2799/1/2021 2800/1/2022 2820/1/2022 2819/1/2021
f 2800/1/2022 2801/1/2023 2821/1/2023 2820/1/2022
f 2801/1/2023 2802/1/2024 2822/1/2024 2821/1/2023
f 2802/1/2024 2803/1/2025 2823/1/2025 2822/1/2024
f 2803/1/2025 2804/1/2026 2824/1/2026 2823/1/2025
f 2804/1/2026 2805/1/222 2825/1/222 2824/1/2026
f 2805/1/222 2806/1/2027 2826/1/2027 2825/1/222
f 2806/1/2027 2807/1/2028 2827/1/2028 2826/1/2027
f 2807/1/2028 2808/1/2029 2828/1/2029 2827/1/2028
f 2808/1/2029 2809/1/2030 2829/1/2030 2828/1/2029
f 2809/1/2030 2810/1/2031 2830/1/2031 2829/1/2030
f 2810/1/2031 2811/1/2032 2831/1/2032 2830/1/2031
f 2811/1/2032 2812/1/2033 2832/1/2033 2831/1/2032
f 2812/1/2033 2813/1/2034 2833/1/2034 2832/1/2033
f 2813/1/2034 2814/1/2035 2834/1/2035 2833/1/2034
f 2814/1/2035 2795/1/221 2815/1/221 2834/1/2035
f 2815/1/222 2816/1/2027 2836/1/2027 2835/1/222
f 2816/1/2027 2817/1/2028 2837/1/2028 2836/1/2027
f 2817/1/2028 2818/1/2029 2838/1/2029 2837/1/2028
f 2818/1/2029 2819/1/2030 2839/1/2030 2838/1/2029
f 2819/1/2030 2820/1/2031 2840/1/2031 2839/1/2030
f 2820/1/2031 2821/1/2032 2841/1/2032 2840/1/2031
f 2821/1/2032 2822/1/2033 2842/1/2033 2841/1/2032
f 2822/1/2033 2823/1/2034 2843/1/2034 2842/1/2033
f 2823/1/2034 2824/1/2035 2844/1/2035 2843/1/2034
f 2824/1/2035 2825/1/221 2845/1/221 2844/1/2035
f 2825/1/221 2826/1/2018 2846/1/2018 2845/1/221
f 2826/1/2018 2827/1/2019 2847/1/2019 2846/1/2018
f 2827/1/2019 2828/1/2020 2848/1/2020 2847/1/2019
f 2828/1/2020 2829/1/2021 2849/1/2021 2848/1/2020
f 2829/1/2021 2830/1/2022 2850/1/2022 2849/1/2021
f 2830/1/2022 2831/1/2023 2851/1/2023 2850/1/2022
f 2831/1/2023 2832/1/2024 2852/1/2024 2851/1/2023
f 2832/1/2024 2833/1/2025 2853/1/2025 2852/1/2024
f 2833/1/2025 2834/1/2026 2854/1/2026 2853/1/2025
f 2834/1/2026 2815/1/222 2835/1/222 2854/1/2026
f 2835/1/223 2836/1/2009 2856/1/2009 2855/1/223
f 2836/1/2009 2837/1/2010 2857/1/2010 2856/1/2009
f 2837/1/2010 2838/1/2011 2858/1/2011 2857/1/2010
f 2838/1/2011 2839/1/2012 2859/1/2012 2858/1/2011
f 2839/1/2012 2840/1/2013 2860/1/2013 2859/1/2012
f 2840/1/2013 2841/1/2014 2861/1/2014 2860/1/2013
f 2841/1/2014 2842/1/2015 2862/1/2015 2861/1/2014
f 2842/1/2015 2843/1/2016 2863/1/2016 2862/1/2015
f 2843/1/2016 2844/1/2017 2864/1/2017 2863/1/2016
f 2844/1/2017 2845/1/220 2865/1/220 2864/1/2017
f 2845/1/220 2846/1/2000 2866/1/2000 2865/1/220
f 2846/1/2000 2847/1/2001 2867/1/2001 2866/1/2000
f 2847/1/2001 2848/1/2002 2868/1/2002 2867/1/2001
f 2848/1/2002 2849/1/2003 2869/1/2003 2868/1/2002
f 2849/1/2003 2850/1/2004 2870/1/2004 2869/1/2003
f 2850/1/2004 2851/1/2005 2871/1/2005 2870/1/2004
f 2851/1/2005 2852/1/2006 2872/1/2006 2871/1/2005
f 2852/1/2006 2853/1/2007 2873/1/2007 2872/1/2006
f 2853/1/2007 2854/1/2008 2874/1/2008 2873/1/2007
f 2854/1/2008 2835/1/223 2855/1/223 2874/1/2008
f 2855/1/224 2856/1/2036 2876/1/2036 2875/1/224
f 2856/1/2036 2857/1/2037 2877/1/2037 2876/1/2036
f 2857/1/2037 2858/1/2038 2878/1/2038 2877/1/2037
f 2858/1/2038 2859/1/2039 2879/1/2039 2878/1/2038
f 2859/1/2039 2860/1/2040 2880/1/2040 2879/1/2039
f 2860/1/2040 2861/1/2041 2881/1/2041 2880/1/2040
f 2861/1/2041 2862/1/2042 2882/1/2042 2881/1/2041
f 2862/1/2042 2863/1/2043 2883/1/2043 2882/1/2042
f 2863/1/2043 2864/1/2044 2884/1/2044 2883/1/2043
f 2864/1/2044 2865/1/219 2885/1/219 2884/1/2044
f 2865/1/219 2866/1/2045 2886/1/2045 2885/1/219
f 2866/1/2045 2867/1/2046 2887/1/2046 2886/1/2045
f 2867/1/2046 2868/1/2047 2888/1/2047 2887/1/2046
f 2868/1/2047 2869/1/2048 2889/1/2048 2888/1/2047
f 2869/1/2048 2870/1/2049 2890/1/2049 2889/1/2048
f 2870/1/2049 2871/1/2050 2891/1/2050 2890/1/2049
f 2871/1/2050 2872/1/2051 2892/1/2051 2891/1/2050
f 2872/1/2051 2873/1/2052 2893/1/2052 2892/1/2051
f 2873/1/2052 2874/1/2053 2894/1/2053 2893/1/2052
f 2874/1/2053 2855/1/224 2875/1/224 2894/1/2053
f 2875/1/225 2876/1/2054 2896/1/2054 2895/1/225
f 2876/1/2054 2877/1/2055 2897/1/2055 2896/1/2054
f 2877/1/2055 2878/1/2056 2898/1/2056 2897/1/2055
f 2878/1/2056 2879/1/2057 2899/1/2057 2898/1/2056
f 2879/1/2057 2880/1/2058 2900/1/2058 2899/1/2057
f 2880/1/2058 2881/1/2059 2901/1/2059 2900/1/2058
f 2881/1/2059 2882/1/2060 2902/1/2060 2901/1/2059
f 2882/1/2060 2883/1/2061 2903/1/2061 2902/1/2060
f 2883/1/2061 2884/1/2062 2904/1/2062 2903/1/2061
f 2884/1/2062 2885/1/218 2905/1/218 2904/1/2062
f 2885/1/218 2886/1/2063 2906/1/2063 2905/1/218
f 2886/1/2063 2887/1/2064 2907/1/2064 2906/1/2063
f 2887/1/2064 2888/1/2065 2908/1/2065 2907/1/2064
f 2888/1/2065 2889/1/2066 2909/1/2066 2908/1/2065
f 2889/1/2066 2890/1/2067 2910/1/2067 2909/1/2066
f 2890/1/2067 2891/1/2068 2911/1/2068 2910/1/2067
f 2891/1/2068 2892/1/2069 2912/1/2069 2911/1/2068
f 2892/1/2069 2893/1/2070 2913/1/2070 2912/1/2069
f 2893/1/2070 2894/1/2071 2914/1/2071 2913/1/2070
f 2894/1/2071 2875/1/225 2895/1/225 2914/1/2071
f 2895/1/218 2896/1/2063 2916/1/2063 2915/1/218
f 2896/1/2063 2897/1/2064 2917/1/2064 2916/1/2063
f 2897/1/2064 2898/1/2065 2918/1/2065 2917/1/2064
f 2898/1/2065 2899/1/2066 2919/1/2066 2918/1/2065
f 2899/1/2066 2900/1/2067 2920/1/2067 2919/1/2066
f 2900/1/2067 2901/1/2068 2921/1/2068 2920/1/2067
f 2901/1/2068 2902/1/2069 2922/1/2069 2921/1/2068
f 2902/1/2069 2903/1/2070 2923/1/2070 2922/1/2069
f 2903/1/2070 2904/1/2071 2924/1/2071 2923/1/2070
f 2904/1/2071 2905/1/225 2925/1/225 2924/1/2071
f 2905/1/225 2906/1/2054 2926/1/2054 2925/1/225
f 2906/1/2054 2907/1/2055 2927/1/2055 2926/1/2054
f 2907/1/2055 2908/1/2056 2928/1/2056 2927/1/2055
f 2908/1/2056 2909/1/2057 2929/1/2057 2928/1/2056
f 2909/1/2057 2910/1/2058 2930/1/2058 2929/1/2057
f 2910/1/2058 2911/1/2059 2931/1/2059 2930/1/2058
f 2911/1/2059 2912/1/2060 2932/1/2060 2931/1/2059
f 2912/1/2060 2913/1/2061 2933/1/2061 2932/1/2060
f 2913/1/2061 2914/1/2062 2934/1/2062 2933/1/2061
f 2914/1/2062 2895/1/218 2915/1/218 2934/1/2062
f 2915/1/219 2916/1/2045 2776/1/2045 2775/1/219
f 2916/1/2045 2917/1/2046 2777/1/2046 2776/1/2045
f 2917/1/2046 2918/1/2047 2778/1/2047 2777/1/2046
f 2918/1/2047 2919/1/2048 2779/1/2048 2778/1/2047
f 2919/1/2048 2920/1/2049 2780/1/2049 2779/1/2048
f 2920/1/2049 2921/1/2050 2781/1/2050 2780/1/2049
f 2921/1/2050 2922/1/2051 2782/1/2051 2781/1/2050
f 2922/1/2051 2923/1/2052 2783/1/2052 2782/1/2051
f 2923/1/2052 2924/1/2053 2784/1/2053 2783/1/2052
f 2924/1/2053 2925/1/224 2785/1/224 2784/1/2053
f 2925/1/224 2926/1/2036 2786/1/2036 2785/1/224
f 2926/1/2036 2927/1/2037 2787/1/2037 2786/1/2036
f 2927/1/2037 2928/1/2038 2788/1/2038 2787/1/2037
f 2928/1/2038 2929/1/2039 2789/1/2039 2788/1/2038
f 2929/1/2039 2930/1/2040 2790/1/2040 2789/1/2039
f 2930/1/2040 2931/1/2041 2791/1/2041 2790/1/2040
f 2931/1/2041 2932/1/2042 2792/1/2042 2791/1/2041
f 2932/1/2042 2933/1/2043 2793/1/2043 2792/1/2042
f 2933/1/2043 2934/1/2044 2794/1/2044 2793/1/2043
f 2934/1/2044 2915/1/219 2775/1/219 2794/1/2044
f 3977/1/218 3978/1/218 3980/1/218 3979/1/218
f 3979/1/219 3980/1/219 3982/1/219 3981/1/219
f 3981/1/220 3982/1/220 3984/1/220 3983/1/220
f 3983/1/221 3984/1/221 3986/1/221 3985/1/221
f 3985/1/222 3986/1/222 3988/1/222 3987/1/222
f 3987/1/223 3988/1/223 3990/1/223 3989/1/223
f 3980/1/28 3978/1/28 3992/1/28 3990/1/28 3988/1/28 3986/1/28 3984/1/28 3982/1/28
f 3989/1/224 3990/1/224 3992/1/224 3991/1/224
f 3991/1/225 3992/1/225 3978/1/225 3977/1/225
f 3977/1/25 3979/1/25 3981/1/25 3983/1/25 3985/1/25 3987/1/25 3989/1/25 3991/1/25
f 4345/2/2434 4343/3/2435 4344/4/2435
f 4346/5/2435 4343/3/2435 4345/2/2434
f 4346/5/2435 4342/6/2435 4343/3/2435
f 4339/1/2435 4342/6/2435 4346/5/2435
f 4339/1/2435 4341/7/2434 4342/6/2435
f 4340/8/2435 4341/7/2434 4339/1/2435
f 4351/3/2436 4353/2/2436 4352/4/2436
f 4350/6/2436 4353/2/2436 4351/3/2436
f 4350/6/2436 4354/5/2436 4353/2/2436
f 4349/7/2436 4354/5/2436 4350/6/2436
f 4349/7/2436 4347/1/2436 4354/5/2436
f 4348/8/2436 4347/1/2436 4349/7/2436
f 4347/9/2437 4339/10/2437 4346/11/2437 4354/12/2437
f 4348/13/2438 4340/14/2438 4339/5/2438 4347/1/2438
f 4349/15/2439 4341/16/2439 4340/14/2439 4348/13/2439
f 4350/17/2440 4342/18/2440 4341/16/2440 4349/15/2440
f 4351/19/2441 4343/20/2441 4342/18/2441 4350/17/2441
f 4352/21/2442 4344/22/2442 4343/20/2442 4351/19/2442
f 4353/23/2443 4345/24/2443 4344/22/2443 4352/21/2443
f 4354/12/2444 4346/11/2444 4345/24/2444 4353/23/2444
f 4965/1/29 4971/2/29 4972/5/29
f 4966/8/29 4971/2/29 4965/1/29
f 4966/8/29 4970/4/29 4971/2/29
f 4967/7/29 4970/4/29 4966/8/29
f 4967/7/29 4969/3/29 4970/4/29
f 4968/6/29 4969/3/29 4967/7/29
f 4977/3/29 4979/2/29 4978/4/29
f 4976/6/29 4979/2/29 4977/3/29
f 4976/6/29 4980/5/29 4979/2/29
f 4975/7/29 4980/5/29 4976/6/29
f 4975/7/29 4973/1/29 4980/5/29
f 4974/8/29 4973/1/29 4975/7/29
f 4973/9/2758 4981/286/2758 4988/287/2758 4980/12/2758
f 4974/13/2759 4982/288/2759 4981/289/2760 4973/1/2760
f 4975/15/2761 4983/290/2761 4982/288/2759 4974/13/2759
f 4976/17/2762 4984/291/2763 4983/290/2764 4975/15/2762
f 4977/19/2765 4985/292/2766 4984/291/2767 4976/17/2765
f 4978/21/2768 4986/293/2768 4985/292/2769 4977/19/2769
f 4979/23/2770 4987/294/2770 4986/293/2768 4978/21/2768
f 4980/12/2771 4988/287/2772 4987/294/2773 4979/23/2771
f 4981/286/2774 4989/556/2774 4996/557/2774 4988/287/2774
f 4982/288/2775 4990/558/2776 4989/559/2777 4981/289/2775
f 4983/290/2778 4991/560/2778 4990/558/2778 4982/288/2778
f 4984/291/2763 4992/561/2779 4991/560/2779 4983/290/2764
f 4985/292/2766 4993/562/2780 4992/561/2780 4984/291/2767
f 4986/293/2781 4994/563/2782 4993/562/2783 4985/292/2781
f 4987/294/2784 4995/564/2784 4994/563/2784 4986/293/2784
f 4988/287/2772 4996/557/2785 4995/564/2785 4987/294/2773
f 4989/556/2786 4997/826/2786 5004/827/2786 4996/557/2786
f 4990/558/2776 4998/828/2787 4997/829/2787 4989/559/2777
f 4991/560/2788 4999/830/2788 4998/828/2788 4990/558/2788
f 4992/561/2789 5000/831/2789 4999/830/2789 4991/560/2789
f 4993/562/2790 5001/832/2790 5000/831/2790 4992/561/2790
f 4994/563/2782 5002/833/2791 5001/832/2791 4993/562/2783
f 4995/564/2792 5003/834/2792 5002/833/2792 4994/563/2792
f 4996/557/2793 5004/827/2793 5003/834/2793 4995/564/2793
f 4997/826/2794 4965/10/2794 4972/11/2794 5004/827/2794
f 4998/828/2795 4966/14/2795 4965/5/2796 4997/829/2796
f 4999/830/2797 4967/16/2797 4966/14/2795 4998/828/2795
f 5000/831/2798 4968/18/2798 4967/16/2798 4999/830/2798
f 5001/832/2799 4969/20/2799 4968/18/2799 5000/831/2799
f 5002/833/2800 4970/22/2800 4969/20/2801 5001/832/2801
f 5003/834/2802 4971/24/2802 4970/22/2800 5002/833/2800
f 5004/827/2803 4972/11/2803 4971/24/2803 5003/834/2803
f 5643/3/29 5645/2/29 5644/4/29
f 5642/6/29 5645/2/29 5643/3/29
f 5642/6/29 5646/5/29 5645/2/29
f 5641/7/29 5646/5/29 5642/6/29
f 5641/7/29 5639/1/29 5646/5/29
f 5640/8/29 5639/1/29 5641/7/29
f 5639/9/2758 5647/286/2758 5654/287/2758 5646/12/2758
f 5640/13/2759 5648/288/2759 5647/289/2760 5639/1/2760
f 5641/15/2761 5649/290/2761 5648/288/2759 5640/13/2759
f 5642/17/2762 5650/291/2763 5649/290/2764 5641/15/2762
f 5643/19/2765 5651/292/2766 5650/291/2815 5642/17/2765
f 5644/21/2768 5652/293/2768 5651/292/2769 5643/19/2769
f 5645/23/2770 5653/294/2770 5652/293/2768 5644/21/2768
f 5646/12/2771 5654/287/2772 5653/294/2773 5645/23/2771
f 5647/286/2816 5655/556/2816 5662/557/2816 5654/287/2816
f 5648/288/2775 5656/558/2817 5655/559/2818 5647/289/2775
f 5649/290/2778 5657/560/2778 5656/558/2778 5648/288/2778
f 5650/291/2763 5658/561/2779 5657/560/2779 5649/290/2764
f 5651/292/2766 5659/562/2780 5658/561/2780 5650/291/2815
f 5652/293/2781 5660/563/2819 5659/562/2820 5651/292/2781
f 5653/294/2784 5661/564/2784 5660/563/2784 5652/293/2784
f 5654/287/2772 5662/557/2785 5661/564/2785 5653/294/2773
f 5655/556/2821 4997/826/2821 5004/827/2821 5662/557/2821
f 5656/558/2817 4998/828/2822 4997/829/2822 5655/559/2818
f 5657/560/2823 4999/830/2823 4998/828/2823 5656/558/2823
f 5658/561/2824 5000/831/2824 4999/830/2824 5657/560/2824
f 5659/562/2825 5001/832/2825 5000/831/2825 5658/561/2825
f 5660/563/2819 5002/833/2826 5001/832/2826 5659/562/2820
f 5661/564/2827 5003/834/2827 5002/833/2827 5660/563/2827
f 5662/557/2828 5004/827/2828 5003/834/2828 5661/564/2828
f 6445/1/3325 6446/1/3325 6448/1/3325 6447/1/3325
f 6447/1/3326 6448/1/3326 6450/1/3326 6449/1/3326
f 6449/1/3327 6450/1/3327 6452/1/3327 6451/1/3327
f 6451/1/3328 6452/1/3328 6454/1/3328 6453/1/3328
f 6453/1/3329 6454/1/3329 6456/1/3329 6455/1/3329
f 6455/1/3330 6456/1/3330 6458/1/3330 6457/1/3330
f 6448/1/27 6446/1/27 6460/1/27 6458/1/27 6456/1/27 6454/1/27 6452/1/27 6450/1/27
f 6457/1/3331 6458/1/3331 6460/1/3331 6459/1/3331
f 6459/1/3332 6460/1/3332 6446/1/3332 6445/1/3332
f 6445/1/29 6447/1/29 6449/1/29 6451/1/29 6453/1/29 6455/1/29 6457/1/29 6459/1/29
f 6905/1/1 6906/1/2 6907/1/3
f 6908/1/4 6909/1/5 6910/1/6
f 6911/1/7 6912/1/8 6913/1/9
f 6914/1/10 6915/1/11 6916/1/12
f 6917/1/13 6918/1/14 6919/1/15
f 6920/1/16 6921/1/17 6922/1/18
f 6923/1/19 6924/1/20 6925/1/21
f 6926/1/22 6927/1/23 6928/1/24
f 6911/1/7 6905/1/1 6907/1/3 6912/1/8
f 6906/1/2 6908/1/4 6910/1/6 6907/1/3
f 6909/1/5 6914/1/10 6916/1/12 6910/1/6
f 6915/1/11 6913/1/9 6912/1/8 6916/1/12
f 6923/1/19 6911/1/7 6913/1/9 6924/1/20
f 6914/1/10 6926/1/22 6928/1/24 6915/1/11
f 6927/1/23 6925/1/21 6924/1/20 6928/1/24
f 6917/1/13 6923/1/19 6925/1/21 6918/1/14
f 6926/1/22 6920/1/16 6922/1/18 6927/1/23
f 6921/1/17 6919/1/15 6918/1/14 6922/1/18
f 6905/1/1 6917/1/13 6919/1/15 6906/1/2
f 6920/1/16 6909/1/5 6908/1/4 6921/1/17
f 6911/1/25 6923/1/25 6917/1/25 6905/1/25
f 6907/1/26 6910/1/26 6916/1/26 6912/1/26
f 6919/1/27 6921/1/27 6908/1/27 6906/1/27
f 6926/1/28 6914/1/28 6909/1/28 6920/1/28
f 6913/1/29 6915/1/29 6928/1/29 6924/1/29
f 6925/1/30 6927/1/30 6922/1/30 6918/1/30
usemtl tire
f 485/1/218 486/1/218 488/1/218 487/1/218
f 487/1/219 488/1/219 490/1/219 489/1/219
f 489/1/220 490/1/220 492/1/220 491/1/220
f 491/1/221 492/1/221 494/1/221 493/1/221
f 493/1/222 494/1/222 496/1/222 495/1/222
f 495/1/223 496/1/223 498/1/223 497/1/223
f 488/1/28 486/1/28 500/1/28 498/1/28 496/1/28 494/1/28 492/1/28 490/1/28
f 497/1/224 498/1/224 500/1/224 499/1/224
f 499/1/225 500/1/225 486/1/225 485/1/225
f 485/1/25 487/1/25 489/1/25 491/1/25 493/1/25 495/1/25 497/1/25 499/1/25
usemtl ketchup
f 501/1/226 504/1/227 505/1/228 507/1/229
f 502/1/230 506/1/231 505/1/232 504/1/233
f 503/1/234 507/1/235 505/1/236 506/1/237
f 508/1/238 511/1/239 512/1/240 514/1/241
f 509/1/242 513/1/243 512/1/244 511/1/245
f 510/1/246 514/1/247 512/1/248 513/1/249
f 515/1/250 518/1/251 519/1/252 521/1/253
f 516/1/254 520/1/255 519/1/256 518/1/257
f 517/1/258 521/1/259 519/1/260 520/1/261
f 522/1/262 525/1/263 526/1/264 528/1/265
f 523/1/266 527/1/267 526/1/268 525/1/269
f 524/1/270 528/1/271 526/1/272 527/1/273
f 529/1/274 532/1/275 533/1/276 535/1/277
f 530/1/278 534/1/279 533/1/280 532/1/281
f 531/1/282 535/1/283 533/1/284 534/1/285
f 536/1/286 539/1/287 540/1/288 542/1/289
f 537/1/290 541/1/291 540/1/292 539/1/293
f 538/1/294 542/1/295 540/1/296 541/1/297
f 543/1/298 546/1/299 547/1/300 549/1/301
f 544/1/302 548/1/303 547/1/304 546/1/305
f 545/1/306 549/1/307 547/1/308 548/1/309
f 550/1/310 553/1/311 554/1/312 556/1/313
f 551/1/314 555/1/315 554/1/316 553/1/317
f 552/1/318 556/1/319 554/1/320 555/1/321
f 515/1/250 501/1/226 507/1/229 518/1/251
f 518/1/257 507/1/235 503/1/234 516/1/254
f 502/1/230 508/1/238 514/1/241 506/1/231
f 506/1/237 514/1/247 510/1/246 503/1/234
f 509/1/242 522/1/262 528/1/265 513/1/243
f 513/1/249 528/1/271 524/1/270 510/1/246
f 523/1/266 517/1/258 520/1/261 527/1/267
f 527/1/273 520/1/255 516/1/254 524/1/270
f 543/1/298 515/1/250 521/1/253 546/1/299
f 546/1/305 521/1/259 517/1/258 544/1/302
f 522/1/262 550/1/310 556/1/313 525/1/263
f 525/1/269 556/1/319 552/1/318 523/1/266
f 551/1/314 545/1/306 548/1/309 555/1/315
f 555/1/321 548/1/303 544/1/302 552/1/318
f 529/1/274 543/1/298 549/1/301 532/1/275
f 532/1/281 549/1/307 545/1/306 530/1/278
f 550/1/310 536/1/286 542/1/289 553/1/311
f 553/1/317 542/1/295 538/1/294 551/1/314
f 537/1/290 531/1/282 534/1/285 541/1/291
f 541/1/297 534/1/279 530/1/278 538/1/294
f 501/1/226 529/1/274 535/1/277 504/1/227
f 504/1/233 535/1/283 531/1/282 502/1/230
f 536/1/286 509/1/242 511/1/245 539/1/287
f 539/1/293 511/1/239 508/1/238 537/1/290
f 515/1/250 543/1/298 529/1/274 501/1/226
f 503/1/234 510/1/246 524/1/270 516/1/254
f 531/1/282 537/1/290 508/1/238 502/1/230
f 550/1/310 522/1/262 509/1/242 536/1/286
f 517/1/258 523/1/266 552/1/318 544/1/302
f 545/1/306 551/1/314 538/1/294 530/1/278
f 573/1/274 576/1/275 577/1/276 579/1/277
f 574/1/332 578/1/333 577/1/280 576/1/281
f 575/1/334 579/1/335 577/1/284 578/1/285
f 580/1/336 583/1/295 584/1/296 586/1/337
f 581/1/286 585/1/287 584/1/288 583/1/289
f 582/1/338 586/1/339 584/1/292 585/1/340
f 587/1/226 590/1/227 591/1/228 593/1/229
f 588/1/230 592/1/231 591/1/232 590/1/233
f 589/1/234 593/1/341 591/1/236 592/1/237
f 594/1/242 597/1/243 598/1/244 600/1/245
f 595/1/342 599/1/247 598/1/248 597/1/343
f 596/1/238 600/1/239 598/1/240 599/1/241
f 601/1/298 604/1/299 605/1/300 607/1/301
f 602/1/302 606/1/303 605/1/304 604/1/344
f 603/1/306 607/1/307 605/1/308 606/1/309
f 608/1/310 611/1/311 612/1/312 614/1/313
f 609/1/345 613/1/346 612/1/316 611/1/317
f 610/1/318 614/1/347 612/1/320 613/1/321
f 615/1/250 618/1/251 619/1/252 621/1/253
f 616/1/348 620/1/255 619/1/256 618/1/349
f 617/1/350 621/1/351 619/1/260 620/1/352
f 622/1/262 625/1/263 626/1/264 628/1/265
f 623/1/353 627/1/354 626/1/268 625/1/269
f 624/1/270 628/1/355 626/1/272 627/1/273
f 587/1/226 573/1/274 579/1/277 590/1/227
f 590/1/233 579/1/335 575/1/334 588/1/230
f 574/1/332 580/1/336 586/1/337 578/1/333
f 578/1/285 586/1/339 582/1/338 575/1/334
f 581/1/286 594/1/242 600/1/245 585/1/287
f 585/1/340 600/1/239 596/1/238 582/1/338
f 595/1/342 589/1/234 592/1/237 599/1/247
f 599/1/241 592/1/231 588/1/230 596/1/238
f 615/1/250 587/1/226 593/1/229 618/1/251
f 618/1/349 593/1/341 589/1/234 616/1/348
f 594/1/242 622/1/262 628/1/265 597/1/243
f 597/1/343 628/1/355 624/1/270 595/1/342
f 623/1/353 617/1/350 620/1/352 627/1/354
f 627/1/273 620/1/255 616/1/348 624/1/270
f 601/1/298 615/1/250 621/1/253 604/1/299
f 604/1/344 621/1/351 617/1/350 602/1/302
f 622/1/262 608/1/310 614/1/313 625/1/263
f 625/1/269 614/1/347 610/1/318 623/1/353
f 609/1/345 603/1/306 606/1/309 613/1/346
f 613/1/321 606/1/303 602/1/302 610/1/318
f 573/1/274 601/1/298 607/1/301 576/1/275
f 576/1/281 607/1/307 603/1/306 574/1/332
f 608/1/310 581/1/286 583/1/289 611/1/311
f 611/1/317 583/1/295 580/1/336 609/1/345
f 587/1/226 615/1/250 601/1/298 573/1/274
f 575/1/334 582/1/338 596/1/238 588/1/230
f 603/1/306 609/1/345 580/1/336 574/1/332
f 622/1/262 594/1/242 581/1/286 608/1/310
f 589/1/234 595/1/342 624/1/270 616/1/348
f 617/1/350 623/1/353 610/1/318 602/1/302
f 645/1/298 648/1/299 649/1/300 651/1/301
f 646/1/302 650/1/303 649/1/304 648/1/344
f 647/1/306 651/1/307 649/1/308 650/1/309
f 652/1/318 655/1/347 656/1/320 658/1/321
f 653/1/310 657/1/311 656/1/312 655/1/313
f 654/1/314 658/1/315 656/1/366 657/1/317
f 659/1/274 662/1/275 663/1/276 665/1/277
f 660/1/332 664/1/279 663/1/280 662/1/281
f 661/1/334 665/1/335 663/1/284 664/1/367
f 666/1/286 669/1/287 670/1/288 672/1/289
f 667/1/290 671/1/291 670/1/292 669/1/340
f 668/1/336 672/1/295 670/1/296 671/1/337
f 673/1/250 676/1/251 677/1/252 679/1/253
f 674/1/348 678/1/255 677/1/256 676/1/349
f 675/1/350 679/1/351 677/1/260 678/1/352
f 680/1/262 683/1/263 684/1/264 686/1/265
f 681/1/353 685/1/354 684/1/268 683/1/368
f 682/1/270 686/1/355 684/1/272 685/1/273
f 687/1/226 690/1/227 691/1/228 693/1/229
f 688/1/230 692/1/369 691/1/232 690/1/233
f 689/1/234 693/1/341 691/1/236 692/1/237
f 694/1/242 697/1/243 698/1/244 700/1/245
f 695/1/342 699/1/247 698/1/248 697/1/343
f 696/1/238 700/1/239 698/1/370 699/1/241
f 659/1/274 645/1/298 651/1/301 662/1/275
f 662/1/281 651/1/307 647/1/306 660/1/332
f 646/1/302 652/1/318 658/1/321 650/1/303
f 650/1/309 658/1/315 654/1/314 647/1/306
f 653/1/310 666/1/286 672/1/289 657/1/311
f 657/1/317 672/1/295 668/1/336 654/1/314
f 667/1/290 661/1/334 664/1/367 671/1/291
f 671/1/337 664/1/279 660/1/332 668/1/336
f 687/1/226 659/1/274 665/1/277 690/1/227
f 690/1/233 665/1/335 661/1/334 688/1/230
f 666/1/286 694/1/242 700/1/245 669/1/287
f 669/1/340 700/1/239 696/1/238 667/1/290
f 695/1/342 689/1/234 692/1/237 699/1/247
f 699/1/241 692/1/369 688/1/230 696/1/238
f 673/1/250 687/1/226 693/1/229 676/1/251
f 676/1/349 693/1/341 689/1/234 674/1/348
f 694/1/242 680/1/262 686/1/265 697/1/243
f 697/1/343 686/1/355 682/1/270 695/1/342
f 681/1/353 675/1/350 678/1/352 685/1/354
f 685/1/273 678/1/255 674/1/348 682/1/270
f 645/1/298 673/1/250 679/1/253 648/1/299
f 648/1/344 679/1/351 675/1/350 646/1/302
f 680/1/262 653/1/310 655/1/313 683/1/263
f 683/1/368 655/1/347 652/1/318 681/1/353
f 659/1/274 687/1/226 673/1/250 645/1/298
f 647/1/306 654/1/314 668/1/336 660/1/332
f 675/1/350 681/1/353 652/1/318 646/1/302
f 694/1/242 666/1/286 653/1/310 680/1/262
f 661/1/334 667/1/290 696/1/238 688/1/230
f 689/1/234 695/1/342 682/1/270 674/1/348
f 717/1/250 720/1/251 721/1/252 723/1/253
f 718/1/254 722/1/255 721/1/256 720/1/257
f 719/1/258 723/1/259 721/1/260 722/1/261
f 724/1/270 727/1/271 728/1/272 730/1/273
f 725/1/262 729/1/263 728/1/264 727/1/265
f 726/1/353 730/1/354 728/1/268 729/1/269
f 731/1/298 734/1/299 735/1/300 737/1/301
f 732/1/302 736/1/303 735/1/304 734/1/344
f 733/1/306 737/1/307 735/1/308 736/1/381
f 738/1/310 741/1/311 742/1/312 744/1/313
f 739/1/345 743/1/315 742/1/316 741/1/317
f 740/1/382 744/1/319 742/1/320 743/1/321
f 745/1/226 748/1/227 749/1/228 751/1/229
f 746/1/230 750/1/369 749/1/383 748/1/233
f 747/1/234 751/1/341 749/1/236 750/1/237
f 752/1/242 755/1/243 756/1/244 758/1/245
f 753/1/342 757/1/247 756/1/248 755/1/343
f 754/1/238 758/1/239 756/1/370 757/1/384
f 759/1/274 762/1/275 763/1/276 765/1/277
f 760/1/278 764/1/279 763/1/280 762/1/281
f 761/1/282 765/1/283 763/1/284 764/1/285
f 766/1/286 769/1/287 770/1/288 772/1/289
f 767/1/290 771/1/291 770/1/292 769/1/340
f 768/1/294 772/1/385 770/1/296 771/1/297
f 731/1/298 717/1/250 723/1/253 734/1/299
f 734/1/344 723/1/259 719/1/258 732/1/302
f 718/1/254 724/1/270 730/1/273 722/1/255
f 722/1/261 730/1/354 726/1/353 719/1/258
f 725/1/262 738/1/310 744/1/313 729/1/263
f 729/1/269 744/1/319 740/1/382 726/1/353
f 739/1/345 733/1/306 736/1/381 743/1/315
f 743/1/321 736/1/303 732/1/302 740/1/382
f 759/1/274 731/1/298 737/1/301 762/1/275
f 762/1/281 737/1/307 733/1/306 760/1/278
f 738/1/310 766/1/286 772/1/289 741/1/311
f 741/1/317 772/1/385 768/1/294 739/1/345
f 767/1/290 761/1/282 764/1/285 771/1/291
f 771/1/297 764/1/279 760/1/278 768/1/294
f 745/1/226 759/1/274 765/1/277 748/1/227
f 748/1/233 765/1/283 761/1/282 746/1/230
f 766/1/286 752/1/242 758/1/245 769/1/287
f 769/1/340 758/1/239 754/1/238 767/1/290
f 753/1/342 747/1/234 750/1/237 757/1/247
f 757/1/384 750/1/369 746/1/230 754/1/238
f 717/1/250 745/1/226 751/1/229 720/1/251
f 720/1/257 751/1/341 747/1/234 718/1/254
f 752/1/242 725/1/262 727/1/265 755/1/243
f 755/1/343 727/1/271 724/1/270 753/1/342
f 731/1/298 759/1/274 745/1/226 717/1/250
f 719/1/258 726/1/353 740/1/382 732/1/302
f 747/1/234 753/1/342 724/1/270 718/1/254
f 766/1/286 738/1/310 725/1/262 752/1/242
f 733/1/306 739/1/345 768/1/294 760/1/278
f 761/1/282 767/1/290 754/1/238 746/1/230
f 2975/1/2089 2978/1/2090 2979/1/2091 2981/1/2092
f 2976/1/2093 2980/1/2094 2979/1/2091 2978/1/2090
f 2977/1/2095 2981/1/2096 2979/1/2097 2980/1/2098
f 2982/1/2099 2985/1/2100 2986/1/2101 2988/1/2102
f 2983/1/2103 2987/1/2104 2986/1/2105 2985/1/2106
f 2984/1/2107 2988/1/2108 2986/1/2109 2987/1/2110
f 2989/1/2111 2992/1/2112 2993/1/2113 2995/1/2114
f 2990/1/2115 2994/1/2116 2993/1/2113 2992/1/2112
f 2991/1/2117 2995/1/2118 2993/1/2119 2994/1/2120
f 2996/1/2121 2999/1/2122 3000/1/2123 3002/1/2124
f 2997/1/2125 3001/1/2126 3000/1/2127 2999/1/2128
f 2998/1/2129 3002/1/2130 3000/1/2131 3001/1/2132
f 3003/1/2133 3006/1/2134 3007/1/2135 3009/1/2136
f 3004/1/2137 3008/1/2138 3007/1/2139 3006/1/2140
f 3005/1/2141 3009/1/2136 3007/1/2135 3008/1/2142
f 3010/1/2143 3013/1/2144 3014/1/2145 3016/1/2146
f 3011/1/2147 3015/1/2148 3014/1/2149 3013/1/2150
f 3012/1/2151 3016/1/2152 3014/1/2153 3015/1/2154
f 3017/1/2155 3020/1/2156 3021/1/2157 3023/1/2158
f 3018/1/2159 3022/1/2160 3021/1/2157 3020/1/2156
f 3019/1/2161 3023/1/2162 3021/1/2163 3022/1/2164
f 3024/1/2165 3027/1/2166 3028/1/2167 3030/1/2168
f 3025/1/2169 3029/1/2170 3028/1/2171 3027/1/2172
f 3026/1/2173 3030/1/2174 3028/1/2175 3029/1/2176
f 2996/1/2121 2975/1/2089 2981/1/2092 2999/1/2122
f 2999/1/2128 2981/1/2096 2977/1/2095 2997/1/2125
f 2976/1/2093 2982/1/2099 2988/1/2102 2980/1/2094
f 2980/1/2098 2988/1/2108 2984/1/2107 2977/1/2095
f 2983/1/2103 2989/1/2111 2995/1/2114 2987/1/2104
f 2987/1/2110 2995/1/2118 2991/1/2117 2984/1/2107
f 2990/1/2115 2998/1/2129 3001/1/2132 2994/1/2116
f 2994/1/2120 3001/1/2126 2997/1/2125 2991/1/2117
f 3003/1/2133 3024/1/2165 3030/1/2168 3006/1/2134
f 3006/1/2140 3030/1/2174 3026/1/2173 3004/1/2137
f 3025/1/2169 3017/1/2155 3023/1/2158 3029/1/2170
f 3029/1/2176 3023/1/2162 3019/1/2161 3026/1/2173
f 3018/1/2159 3010/1/2143 3016/1/2146 3022/1/2160
f 3022/1/2164 3016/1/2152 3012/1/2151 3019/1/2161
f 3011/1/2147 3005/1/2141 3008/1/2142 3015/1/2148
f 3015/1/2154 3008/1/2138 3004/1/2137 3012/1/2151
f 2975/1/2089 3003/1/2133 3009/1/2136 2978/1/2090
f 2978/1/2090 3009/1/2136 3005/1/2141 2976/1/2093
f 3010/1/2143 2983/1/2103 2985/1/2106 3013/1/2144
f 3013/1/2150 2985/1/2100 2982/1/2099 3011/1/2147
f 3017/1/2155 2990/1/2115 2992/1/2112 3020/1/2156
f 3020/1/2156 2992/1/2112 2989/1/2111 3018/1/2159
f 3024/1/2165 2996/1/2121 3002/1/2124 3027/1/2166
f 3027/1/2172 3002/1/2130 2998/1/2129 3025/1/2169
f 2996/1/2121 3024/1/2165 3003/1/2133 2975/1/2089
f 2977/1/2095 2984/1/2107 2991/1/2117 2997/1/2125
f 2976/1/2093 3005/1/2141 3011/1/2147 2982/1/2099
f 2983/1/2103 3010/1/2143 3018/1/2159 2989/1/2111
f 2990/1/2115 3017/1/2155 3025/1/2169 2998/1/2129
f 3026/1/2173 3019/1/2161 3012/1/2151 3004/1/2137
f 3031/1/2177 3034/1/2178 3035/1/2179 3037/1/2180
f 3032/1/2181 3036/1/2182 3035/1/2179 3034/1/2178
f 3033/1/2183 3037/1/2184 3035/1/2185 3036/1/2186
f 3038/1/2187 3041/1/2188 3042/1/2189 3044/1/2190
f 3039/1/2191 3043/1/2192 3042/1/2193 3041/1/2194
f 3040/1/2195 3044/1/2196 3042/1/2197 3043/1/2198
f 3045/1/2199 3048/1/2200 3049/1/2201 3051/1/2202
f 3046/1/2203 3050/1/2204 3049/1/2201 3048/1/2200
f 3047/1/2205 3051/1/2206 3049/1/2207 3050/1/2208
f 3052/1/2209 3055/1/2210 3056/1/2211 3058/1/2212
f 3053/1/2213 3057/1/2214 3056/1/2215 3055/1/2216
f 3054/1/2217 3058/1/2218 3056/1/2219 3057/1/2220
f 3059/1/2221 3062/1/2222 3063/1/2223 3065/1/2224
f 3060/1/2225 3064/1/2226 3063/1/2227 3062/1/2228
f 3061/1/2229 3065/1/2224 3063/1/2223 3064/1/2230
f 3066/1/2231 3069/1/2232 3070/1/2233 3072/1/2234
f 3067/1/2235 3071/1/2236 3070/1/2237 3069/1/2238
f 3068/1/2239 3072/1/2240 3070/1/2241 3071/1/2242
f 3073/1/2243 3076/1/2244 3077/1/2245 3079/1/2246
f 3074/1/2247 3078/1/2248 3077/1/2245 3076/1/2244
f 3075/1/2249 3079/1/2250 3077/1/2251 3078/1/2252
f 3080/1/2253 3083/1/2254 3084/1/2255 3086/1/2256
f 3081/1/2257 3085/1/2258 3084/1/2259 3083/1/2260
f 3082/1/2261 3086/1/2262 3084/1/2263 3085/1/2264
f 3052/1/2209 3031/1/2177 3037/1/2180 3055/1/2210
f 3055/1/2216 3037/1/2184 3033/1/2183 3053/1/2213
f 3032/1/2181 3038/1/2187 3044/1/2190 3036/1/2182
f 3036/1/2186 3044/1/2196 3040/1/2195 3033/1/2183
f 3039/1/2191 3045/1/2199 3051/1/2202 3043/1/2192
f 3043/1/2198 3051/1/2206 3047/1/2205 3040/1/2195
f 3046/1/2203 3054/1/2217 3057/1/2220 3050/1/2204
f 3050/1/2208 3057/1/2214 3053/1/2213 3047/1/2205
f 3059/1/2221 3080/1/2253 3086/1/2256 3062/1/2222
f 3062/1/2228 3086/1/2262 3082/1/2261 3060/1/2225
f 3081/1/2257 3073/1/2243 3079/1/2246 3085/1/2258
f 3085/1/2264 3079/1/2250 3075/1/2249 3082/1/2261
f 3074/1/2247 3066/1/2231 3072/1/2234 3078/1/2248
f 3078/1/2252 3072/1/2240 3068/1/2239 3075/1/2249
f 3067/1/2235 3061/1/2229 3064/1/2230 3071/1/2236
f 3071/1/2242 3064/1/2226 3060/1/2225 3068/1/2239
f 3031/1/2177 3059/1/2221 3065/1/2224 3034/1/2178
f 3034/1/2178 3065/1/2224 3061/1/2229 3032/1/2181
f 3066/1/2231 3039/1/2191 3041/1/2194 3069/1/2232
f 3069/1/2238 3041/1/2188 3038/1/2187 3067/1/2235
f 3073/1/2243 3046/1/2203 3048/1/2200 3076/1/2244
f 3076/1/2244 3048/1/2200 3045/1/2199 3074/1/2247
f 3080/1/2253 3052/1/2209 3058/1/2212 3083/1/2254
f 3083/1/2260 3058/1/2218 3054/1/2217 3081/1/2257
f 3052/1/2209 3080/1/2253 3059/1/2221 3031/1/2177
f 3033/1/2183 3040/1/2195 3047/1/2205 3053/1/2213
f 3032/1/2181 3061/1/2229 3067/1/2235 3038/1/2187
f 3039/1/2191 3066/1/2231 3074/1/2247 3045/1/2199
f 3046/1/2203 3073/1/2243 3081/1/2257 3054/1/2217
f 3082/1/2261 3075/1/2249 3068/1/2239 3060/1/2225
f 3087/1/2265 3090/1/2266 3091/1/2267 3093/1/2268
f 3088/1/2269 3092/1/2270 3091/1/2267 3090/1/2266
f 3089/1/2271 3093/1/2272 3091/1/2273 3092/1/2274
f 3094/1/2275 3097/1/2276 3098/1/2277 3100/1/2278
f 3095/1/2279 3099/1/2280 3098/1/2281 3097/1/2282
f 3096/1/2283 3100/1/2284 3098/1/2285 3099/1/2286
f 3101/1/2287 3104/1/2288 3105/1/2289 3107/1/2290
f 3102/1/2291 3106/1/2292 3105/1/2289 3104/1/2288
f 3103/1/2293 3107/1/2294 3105/1/2295 3106/1/2296
f 3108/1/2297 3111/1/2298 3112/1/2299 3114/1/2300
f 3109/1/2301 3113/1/2302 3112/1/2303 3111/1/2304
f 3110/1/2305 3114/1/2306 3112/1/2307 3113/1/2308
f 3115/1/2309 3118/1/2310 3119/1/2311 3121/1/2312
f 3116/1/2313 3120/1/2314 3119/1/2315 3118/1/2316
f 3117/1/2317 3121/1/2312 3119/1/2311 3120/1/2318
f 3122/1/2319 3125/1/2320 3126/1/2321 3128/1/2322
f 3123/1/2323 3127/1/2324 3126/1/2325 3125/1/2326
f 3124/1/2327 3128/1/2328 3126/1/2329 3127/1/2330
f 3129/1/2331 3132/1/2332 3133/1/2333 3135/1/2334
f 3130/1/2335 3134/1/2336 3133/1/2333 3132/1/2332
f 3131/1/2337 3135/1/2338 3133/1/2339 3134/1/2340
f 3136/1/2341 3139/1/2342 3140/1/2343 3142/1/2344
f 3137/1/2345 3141/1/2346 3140/1/2347 3139/1/2348
f 3138/1/2349 3142/1/2350 3140/1/2351 3141/1/2352
f 3108/1/2297 3087/1/2265 3093/1/2268 3111/1/2298
f 3111/1/2304 3093/1/2272 3089/1/2271 3109/1/2301
f 3088/1/2269 3094/1/2275 3100/1/2278 3092/1/2270
f 3092/1/2274 3100/1/2284 3096/1/2283 3089/1/2271
f 3095/1/2279 3101/1/2287 3107/1/2290 3099/1/2280
f 3099/1/2286 3107/1/2294 3103/1/2293 3096/1/2283
f 3102/1/2291 3110/1/2305 3113/1/2308 3106/1/2292
f 3106/1/2296 3113/1/2302 3109/1/2301 3103/1/2293
f 3115/1/2309 3136/1/2341 3142/1/2344 3118/1/2310
f 3118/1/2316 3142/1/2350 3138/1/2349 3116/1/2313
f 3137/1/2345 3129/1/2331 3135/1/2334 3141/1/2346
f 3141/1/2352 3135/1/2338 3131/1/2337 3138/1/2349
f 3130/1/2335 3122/1/2319 3128/1/2322 3134/1/2336
f 3134/1/2340 3128/1/2328 3124/1/2327 3131/1/2337
f 3123/1/2323 3117/1/2317 3120/1/2318 3127/1/2324
f 3127/1/2330 3120/1/2314 3116/1/2313 3124/1/2327
f 3087/1/2265 3115/1/2309 3121/1/2312 3090/1/2266
f 3090/1/2266 3121/1/2312 3117/1/2317 3088/1/2269
f 3122/1/2319 3095/1/2279 3097/1/2282 3125/1/2320
f 3125/1/2326 3097/1/2276 3094/1/2275 3123/1/2323
f 3129/1/2331 3102/1/2291 3104/1/2288 3132/1/2332
f 3132/1/2332 3104/1/2288 3101/1/2287 3130/1/2335
f 3136/1/2341 3108/1/2297 3114/1/2300 3139/1/2342
f 3139/1/2348 3114/1/2306 3110/1/2305 3137/1/2345
f 3108/1/2297 3136/1/2341 3115/1/2309 3087/1/2265
f 3089/1/2271 3096/1/2283 3103/1/2293 3109/1/2301
f 3088/1/2269 3117/1/2317 3123/1/2323 3094/1/2275
f 3095/1/2279 3122/1/2319 3130/1/2335 3101/1/2287
f 3102/1/2291 3129/1/2331 3137/1/2345 3110/1/2305
f 3138/1/2349 3131/1/2337 3124/1/2327 3116/1/2313
f 3199/1/1 3200/1/2 3201/1/3
f 3202/1/4 3203/1/5 3204/1/2353
f 3205/1/7 3206/1/8 3207/1/9
f 3208/1/10 3209/1/11 3210/1/2354
f 3211/1/13 3212/1/14 3213/1/15
f 3214/1/16 3215/1/17 3216/1/2355
f 3217/1/19 3218/1/20 3219/1/21
f 3220/1/22 3221/1/2356 3222/1/24
f 3205/1/7 3199/1/1 3201/1/3 3206/1/8
f 3200/1/2 3202/1/4 3204/1/2353 3201/1/3
f 3203/1/5 3208/1/10 3210/1/2354 3204/1/2353
f 3209/1/11 3207/1/9 3206/1/8 3210/1/2354
f 3217/1/19 3205/1/7 3207/1/9 3218/1/20
f 3208/1/10 3220/1/22 3222/1/24 3209/1/11
f 3221/1/2356 3219/1/21 3218/1/20 3222/1/24
f 3211/1/13 3217/1/19 3219/1/21 3212/1/14
f 3220/1/22 3214/1/16 3216/1/2355 3221/1/2356
f 3215/1/17 3213/1/15 3212/1/14 3216/1/2355
f 3199/1/1 3211/1/13 3213/1/15 3200/1/2
f 3214/1/16 3203/1/5 3202/1/4 3215/1/17
f 3205/1/25 3217/1/25 3211/1/25 3199/1/25
f 3201/1/26 3204/1/26 3210/1/26 3206/1/26
f 3213/1/27 3215/1/27 3202/1/27 3200/1/27
f 3220/1/28 3208/1/28 3203/1/28 3214/1/28
f 3207/1/29 3209/1/29 3222/1/29 3218/1/29
f 3219/1/30 3221/1/30 3216/1/30 3212/1/30
f 3223/1/1 3224/1/2 3225/1/3
f 3226/1/4 3227/1/5 3228/1/6
f 3229/1/7 3230/1/8 3231/1/9
f 3232/1/10 3233/1/11 3234/1/12
f 3235/1/13 3236/1/14 3237/1/15
f 3238/1/16 3239/1/17 3240/1/18
f 3241/1/19 3242/1/20 3243/1/21
f 3244/1/22 3245/1/23 3246/1/24
f 3229/1/7 3223/1/1 3225/1/3 3230/1/8
f 3224/1/2 3226/1/4 3228/1/6 3225/1/3
f 3227/1/5 3232/1/10 3234/1/12 3228/1/6
f 3233/1/11 3231/1/9 3230/1/8 3234/1/12
f 3241/1/19 3229/1/7 3231/1/9 3242/1/20
f 3232/1/10 3244/1/22 3246/1/24 3233/1/11
f 3245/1/23 3243/1/21 3242/1/20 3246/1/24
f 3235/1/13 3241/1/19 3243/1/21 3236/1/14
f 3244/1/22 3238/1/16 3240/1/18 3245/1/23
f 3239/1/17 3237/1/15 3236/1/14 3240/1/18
f 3223/1/1 3235/1/13 3237/1/15 3224/1/2
f 3238/1/16 3227/1/5 3226/1/4 3239/1/17
f 3229/1/25 3241/1/25 3235/1/25 3223/1/25
f 3225/1/26 3228/1/26 3234/1/26 3230/1/26
f 3237/1/27 3239/1/27 3226/1/27 3224/1/27
f 3244/1/28 3232/1/28 3227/1/28 3238/1/28
f 3231/1/29 3233/1/29 3246/1/29 3242/1/29
f 3243/1/30 3245/1/30 3240/1/30 3236/1/30
f 3247/1/1 3248/1/2 3249/1/3
f 3250/1/4 3251/1/5 3252/1/2353
f 3253/1/7 3254/1/8 3255/1/9
f 3256/1/10 3257/1/11 3258/1/2354
f 3259/1/13 3260/1/14 3261/1/15
f 3262/1/16 3263/1/17 3264/1/2355
f 3265/1/19 3266/1/20 3267/1/21
f 3268/1/22 3269/1/2356 3270/1/24
f 3253/1/7 3247/1/1 3249/1/3 3254/1/8
f 3248/1/2 3250/1/4 3252/1/2353 3249/1/3
f 3251/1/5 3256/1/10 3258/1/2354 3252/1/2353
f 3257/1/11 3255/1/9 3254/1/8 3258/1/2354
f 3265/1/19 3253/1/7 3255/1/9 3266/1/20
f 3256/1/10 3268/1/22 3270/1/24 3257/1/11
f 3269/1/2356 3267/1/21 3266/1/20 3270/1/24
f 3259/1/13 3265/1/19 3267/1/21 3260/1/14
f 3268/1/22 3262/1/16 3264/1/2355 3269/1/2356
f 3263/1/17 3261/1/15 3260/1/14 3264/1/2355
f 3247/1/1 3259/1/13 3261/1/15 3248/1/2
f 3262/1/16 3251/1/5 3250/1/4 3263/1/17
f 3253/1/25 3265/1/25 3259/1/25 3247/1/25
f 3249/1/26 3252/1/26 3258/1/26 3254/1/26
f 3261/1/27 3263/1/27 3250/1/27 3248/1/27
f 3268/1/28 3256/1/28 3251/1/28 3262/1/28
f 3255/1/29 3257/1/29 3270/1/29 3266/1/29
f 3267/1/30 3269/1/30 3264/1/30 3260/1/30
f 3271/1/1 3272/1/2 3273/1/3
f 3274/1/4 3275/1/5 3276/1/6
f 3277/1/7 3278/1/8 3279/1/9
f 3280/1/10 3281/1/11 3282/1/12
f 3283/1/13 3284/1/14 3285/1/15
f 3286/1/16 3287/1/17 3288/1/18
f 3289/1/19 3290/1/20 3291/1/21
f 3292/1/22 3293/1/23 3294/1/24
f 3277/1/7 3271/1/1 3273/1/3 3278/1/8
f 3272/1/2 3274/1/4 3276/1/6 3273/1/3
f 3275/1/5 3280/1/10 3282/1/12 3276/1/6
f 3281/1/11 3279/1/9 3278/1/8 3282/1/12
f 3289/1/19 3277/1/7 3279/1/9 3290/1/20
f 3280/1/10 3292/1/22 3294/1/24 3281/1/11
f 3293/1/23 3291/1/21 3290/1/20 3294/1/24
f 3283/1/13 3289/1/19 3291/1/21 3284/1/14
f 3292/1/22 3286/1/16 3288/1/18 3293/1/23
f 3287/1/17 3285/1/15 3284/1/14 3288/1/18
f 3271/1/1 3283/1/13 3285/1/15 3272/1/2
f 3286/1/16 3275/1/5 3274/1/4 3287/1/17
f 3277/1/25 3289/1/25 3283/1/25 3271/1/25
f 3273/1/26 3276/1/26 3282/1/26 3278/1/26
f 3285/1/27 3287/1/27 3274/1/27 3272/1/27
f 3292/1/28 3280/1/28 3275/1/28 3286/1/28
f 3279/1/29 3281/1/29 3294/1/29 3290/1/29
f 3291/1/30 3293/1/30 3288/1/30 3284/1/30
f 3295/1/26 3296/1/26 3298/1/26 3297/1/26
f 3297/1/29 3298/1/29 3302/1/29 3301/1/29
f 3301/1/30 3302/1/30 3300/1/30 3299/1/30
f 3299/1/27 3300/1/27 3296/1/27 3295/1/27
f 3297/1/25 3301/1/25 3299/1/25 3295/1/25
f 3302/1/28 3298/1/28 3296/1/28 3300/1/28
f 3303/1/26 3304/1/26 3306/1/26 3305/1/26
f 3305/1/29 3306/1/29 3310/1/29 3309/1/29
f 3309/1/30 3310/1/30 3308/1/30 3307/1/30
f 3307/1/27 3308/1/27 3304/1/27 3303/1/27
f 3305/1/25 3309/1/25 3307/1/25 3303/1/25
f 3310/1/28 3306/1/28 3304/1/28 3308/1/28
f 3311/1/26 3312/1/26 3314/1/26 3313/1/26
f 3313/1/29 3314/1/29 3318/1/29 3317/1/29
f 3317/1/30 3318/1/30 3316/1/30 3315/1/30
f 3315/1/27 3316/1/27 3312/1/27 3311/1/27
f 3313/1/25 3317/1/25 3315/1/25 3311/1/25
f 3318/1/28 3314/1/28 3312/1/28 3316/1/28
f 3319/1/26 3320/1/26 3322/1/26 3321/1/26
f 3321/1/29 3322/1/29 3326/1/29 3325/1/29
f 3325/1/30 3326/1/30 3324/1/30 3323/1/30
f 3323/1/27 3324/1/27 3320/1/27 3319/1/27
f 3321/1/25 3325/1/25 3323/1/25 3319/1/25
f 3326/1/28 3322/1/28 3320/1/28 3324/1/28
f 3363/1/26 3364/1/26 3366/1/26 3365/1/26
f 3365/1/29 3366/1/29 3370/1/29 3369/1/29
f 3369/1/30 3370/1/30 3368/1/30 3367/1/30
f 3367/1/27 3368/1/27 3364/1/27 3363/1/27
f 3365/1/25 3369/1/25 3367/1/25 3363/1/25
f 3370/1/28 3366/1/28 3364/1/28 3368/1/28
f 3371/1/26 3372/1/26 3374/1/26 3373/1/26
f 3373/1/29 3374/1/29 3378/1/29 3377/1/29
f 3377/1/30 3378/1/30 3376/1/30 3375/1/30
f 3375/1/27 3376/1/27 3372/1/27 3371/1/27
f 3373/1/25 3377/1/25 3375/1/25 3371/1/25
f 3378/1/28 3374/1/28 3372/1/28 3376/1/28
f 3379/1/26 3380/1/26 3382/1/26 3381/1/26
f 3381/1/29 3382/1/29 3386/1/29 3385/1/29
f 3385/1/30 3386/1/30 3384/1/30 3383/1/30
f 3383/1/27 3384/1/27 3380/1/27 3379/1/27
f 3381/1/25 3385/1/25 3383/1/25 3379/1/25
f 3386/1/28 3382/1/28 3380/1/28 3384/1/28
f 3387/1/26 3388/1/26 3390/1/26 3389/1/26
f 3389/1/29 3390/1/29 3394/1/29 3393/1/29
f 3393/1/30 3394/1/30 3392/1/30 3391/1/30
f 3391/1/27 3392/1/27 3388/1/27 3387/1/27
f 3389/1/25 3393/1/25 3391/1/25 3387/1/25
f 3394/1/28 3390/1/28 3388/1/28 3392/1/28
f 3425/1/26 3426/1/26 3428/1/26 3427/1/26
f 3427/1/29 3428/1/29 3432/1/29 3431/1/29
f 3431/1/30 3432/1/30 3430/1/30 3429/1/30
f 3429/1/27 3430/1/27 3426/1/27 3425/1/27
f 3427/1/25 3431/1/25 3429/1/25 3425/1/25
f 3432/1/28 3428/1/28 3426/1/28 3430/1/28
f 3433/1/26 3434/1/26 3436/1/26 3435/1/26
f 3435/1/29 3436/1/29 3440/1/29 3439/1/29
f 3439/1/30 3440/1/30 3438/1/30 3437/1/30
f 3437/1/27 3438/1/27 3434/1/27 3433/1/27
f 3435/1/25 3439/1/25 3437/1/25 3433/1/25
f 3440/1/28 3436/1/28 3434/1/28 3438/1/28
f 3441/1/26 3442/1/26 3444/1/26 3443/1/26
f 3443/1/29 3444/1/29 3448/1/29 3447/1/29
f 3447/1/30 3448/1/30 3446/1/30 3445/1/30
f 3445/1/27 3446/1/27 3442/1/27 3441/1/27
f 3443/1/25 3447/1/25 3445/1/25 3441/1/25
f 3448/1/28 3444/1/28 3442/1/28 3446/1/28
f 3449/1/26 3450/1/26 3452/1/26 3451/1/26
f 3451/1/29 3452/1/29 3456/1/29 3455/1/29
f 3455/1/30 3456/1/30 3454/1/30 3453/1/30
f 3453/1/27 3454/1/27 3450/1/27 3449/1/27
f 3451/1/25 3455/1/25 3453/1/25 3449/1/25
f 3456/1/28 3452/1/28 3450/1/28 3454/1/28
f 3487/1/26 3488/1/26 3490/1/26 3489/1/26
f 3489/1/29 3490/1/29 3494/1/29 3493/1/29
f 3493/1/30 3494/1/30 3492/1/30 3491/1/30
f 3491/1/27 3492/1/27 3488/1/27 3487/1/27
f 3489/1/25 3493/1/25 3491/1/25 3487/1/25
f 3494/1/28 3490/1/28 3488/1/28 3492/1/28
f 3495/1/26 3496/1/26 3498/1/26 3497/1/26
f 3497/1/29 3498/1/29 3502/1/29 3501/1/29
f 3501/1/30 3502/1/30 3500/1/30 3499/1/30
f 3499/1/27 3500/1/27 3496/1/27 3495/1/27
f 3497/1/25 3501/1/25 3499/1/25 3495/1/25
f 3502/1/28 3498/1/28 3496/1/28 3500/1/28
f 3503/1/26 3504/1/26 3506/1/26 3505/1/26
f 3505/1/29 3506/1/29 3510/1/29 3509/1/29
f 3509/1/30 3510/1/30 3508/1/30 3507/1/30
f 3507/1/27 3508/1/27 3504/1/27 3503/1/27
f 3505/1/25 3509/1/25 3507/1/25 3503/1/25
f 3510/1/28 3506/1/28 3504/1/28 3508/1/28
f 3511/1/26 3512/1/26 3514/1/26 3513/1/26
f 3513/1/29 3514/1/29 3518/1/29 3517/1/29
f 3517/1/30 3518/1/30 3516/1/30 3515/1/30
f 3515/1/27 3516/1/27 3512/1/27 3511/1/27
f 3513/1/25 3517/1/25 3515/1/25 3511/1/25
f 3518/1/28 3514/1/28 3512/1/28 3516/1/28
f 3549/1/26 3550/1/26 3552/1/26 3551/1/26
f 3551/1/29 3552/1/29 3556/1/29 3555/1/29
f 3555/1/30 3556/1/30 3554/1/30 3553/1/30
f 3553/1/27 3554/1/27 3550/1/27 3549/1/27
f 3551/1/25 3555/1/25 3553/1/25 3549/1/25
f 3556/1/28 3552/1/28 3550/1/28 3554/1/28
f 3557/1/26 3558/1/26 3560/1/26 3559/1/26
f 3559/1/29 3560/1/29 3564/1/29 3563/1/29
f 3563/1/30 3564/1/30 3562/1/30 3561/1/30
f 3561/1/27 3562/1/27 3558/1/27 3557/1/27
f 3559/1/25 3563/1/25 3561/1/25 3557/1/25
f 3564/1/28 3560/1/28 3558/1/28 3562/1/28
f 3565/1/26 3566/1/26 3568/1/26 3567/1/26
f 3567/1/29 3568/1/29 3572/1/29 3571/1/29
f 3571/1/30 3572/1/30 3570/1/30 3569/1/30
f 3569/1/27 3570/1/27 3566/1/27 3565/1/27
f 3567/1/25 3571/1/25 3569/1/25 3565/1/25
f 3572/1/28 3568/1/28 3566/1/28 3570/1/28
f 3573/1/26 3574/1/26 3576/1/26 3575/1/26
f 3575/1/29 3576/1/29 3580/1/29 3579/1/29
f 3579/1/30 3580/1/30 3578/1/30 3577/1/30
f 3577/1/27 3578/1/27 3574/1/27 3573/1/27
f 3575/1/25 3579/1/25 3577/1/25 3573/1/25
f 3580/1/28 3576/1/28 3574/1/28 3578/1/28
f 3611/1/26 3612/1/26 3614/1/26 3613/1/26
f 3613/1/29 3614/1/29 3618/1/29 3617/1/29
f 3617/1/30 3618/1/30 3616/1/30 3615/1/30
f 3615/1/27 3616/1/27 3612/1/27 3611/1/27
f 3613/1/25 3617/1/25 3615/1/25 3611/1/25
f 3618/1/28 3614/1/28 3612/1/28 3616/1/28
f 3619/1/26 3620/1/26 3622/1/26 3621/1/26
f 3621/1/29 3622/1/29 3626/1/29 3625/1/29
f 3625/1/30 3626/1/30 3624/1/30 3623/1/30
f 3623/1/27 3624/1/27 3620/1/27 3619/1/27
f 3621/1/25 3625/1/25 3623/1/25 3619/1/25
f 3626/1/28 3622/1/28 3620/1/28 3624/1/28
f 3627/1/26 3628/1/26 3630/1/26 3629/1/26
f 3629/1/29 3630/1/29 3634/1/29 3633/1/29
f 3633/1/30 3634/1/30 3632/1/30 3631/1/30
f 3631/1/27 3632/1/27 3628/1/27 3627/1/27
f 3629/1/25 3633/1/25 3631/1/25 3627/1/25
f 3634/1/28 3630/1/28 3628/1/28 3632/1/28
f 3635/1/26 3636/1/26 3638/1/26 3637/1/26
f 3637/1/29 3638/1/29 3642/1/29 3641/1/29
f 3641/1/30 3642/1/30 3640/1/30 3639/1/30
f 3639/1/27 3640/1/27 3636/1/27 3635/1/27
f 3637/1/25 3641/1/25 3639/1/25 3635/1/25
f 3642/1/28 3638/1/28 3636/1/28 3640/1/28
f 3673/1/26 3674/1/26 3676/1/26 3675/1/26
f 3675/1/29 3676/1/29 3680/1/29 3679/1/29
f 3679/1/30 3680/1/30 3678/1/30 3677/1/30
f 3677/1/27 3678/1/27 3674/1/27 3673/1/27
f 3675/1/25 3679/1/25 3677/1/25 3673/1/25
f 3680/1/28 3676/1/28 3674/1/28 3678/1/28
f 3681/1/26 3682/1/26 3684/1/26 3683/1/26
f 3683/1/29 3684/1/29 3688/1/29 3687/1/29
f 3687/1/30 3688/1/30 3686/1/30 3685/1/30
f 3685/1/27 3686/1/27 3682/1/27 3681/1/27
f 3683/1/25 3687/1/25 3685/1/25 3681/1/25
f 3688/1/28 3684/1/28 3682/1/28 3686/1/28
f 3689/1/26 3690/1/26 3692/1/26 3691/1/26
f 3691/1/29 3692/1/29 3696/1/29 3695/1/29
f 3695/1/30 3696/1/30 3694/1/30 3693/1/30
f 3693/1/27 3694/1/27 3690/1/27 3689/1/27
f 3691/1/25 3695/1/25 3693/1/25 3689/1/25
f 3696/1/28 3692/1/28 3690/1/28 3694/1/28
f 3697/1/26 3698/1/26 3700/1/26 3699/1/26
f 3699/1/29 3700/1/29 3704/1/29 3703/1/29
f 3703/1/30 3704/1/30 3702/1/30 3701/1/30
f 3701/1/27 3702/1/27 3698/1/27 3697/1/27
f 3699/1/25 3703/1/25 3701/1/25 3697/1/25
f 3704/1/28 3700/1/28 3698/1/28 3702/1/28
f 3735/1/26 3736/1/26 3738/1/26 3737/1/26
f 3737/1/29 3738/1/29 3742/1/29 3741/1/29
f 3741/1/30 3742/1/30 3740/1/30 3739/1/30
f 3739/1/27 3740/1/27 3736/1/27 3735/1/27
f 3737/1/25 3741/1/25 3739/1/25 3735/1/25
f 3742/1/28 3738/1/28 3736/1/28 3740/1/28
f 3743/1/26 3744/1/26 3746/1/26 3745/1/26
f 3745/1/29 3746/1/29 3750/1/29 3749/1/29
f 3749/1/30 3750/1/30 3748/1/30 3747/1/30
f 3747/1/27 3748/1/27 3744/1/27 3743/1/27
f 3745/1/25 3749/1/25 3747/1/25 3743/1/25
f 3750/1/28 3746/1/28 3744/1/28 3748/1/28
f 3751/1/26 3752/1/26 3754/1/26 3753/1/26
f 3753/1/29 3754/1/29 3758/1/29 3757/1/29
f 3757/1/30 3758/1/30 3756/1/30 3755/1/30
f 3755/1/27 3756/1/27 3752/1/27 3751/1/27
f 3753/1/25 3757/1/25 3755/1/25 3751/1/25
f 3758/1/28 3754/1/28 3752/1/28 3756/1/28
f 3759/1/26 3760/1/26 3762/1/26 3761/1/26
f 3761/1/29 3762/1/29 3766/1/29 3765/1/29
f 3765/1/30 3766/1/30 3764/1/30 3763/1/30
f 3763/1/27 3764/1/27 3760/1/27 3759/1/27
f 3761/1/25 3765/1/25 3763/1/25 3759/1/25
f 3766/1/28 3762/1/28 3760/1/28 3764/1/28
f 3797/1/26 3798/1/26 3800/1/26 3799/1/26
f 3799/1/29 3800/1/29 3804/1/29 3803/1/29
f 3803/1/30 3804/1/30 3802/1/30 3801/1/30
f 3801/1/27 3802/1/27 3798/1/27 3797/1/27
f 3799/1/25 3803/1/25 3801/1/25 3797/1/25
f 3804/1/28 3800/1/28 3798/1/28 3802/1/28
f 3805/1/26 3806/1/26 3808/1/26 3807/1/26
f 3807/1/29 3808/1/29 3812/1/29 3811/1/29
f 3811/1/30 3812/1/30 3810/1/30 3809/1/30
f 3809/1/27 3810/1/27 3806/1/27 3805/1/27
f 3807/1/25 3811/1/25 3809/1/25 3805/1/25
f 3812/1/28 3808/1/28 3806/1/28 3810/1/28
f 3813/1/26 3814/1/26 3816/1/26 3815/1/26
f 3815/1/29 3816/1/29 3820/1/29 3819/1/29
f 3819/1/30 3820/1/30 3818/1/30 3817/1/30
f 3817/1/27 3818/1/27 3814/1/27 3813/1/27
f 3815/1/25 3819/1/25 3817/1/25 3813/1/25
f 3820/1/28 3816/1/28 3814/1/28 3818/1/28
f 3821/1/26 3822/1/26 3824/1/26 3823/1/26
f 3823/1/29 3824/1/29 3828/1/29 3827/1/29
f 3827/1/30 3828/1/30 3826/1/30 3825/1/30
f 3825/1/27 3826/1/27 3822/1/27 3821/1/27
f 3823/1/25 3827/1/25 3825/1/25 3821/1/25
f 3828/1/28 3824/1/28 3822/1/28 3826/1/28
f 3859/1/26 3860/1/26 3862/1/26 3861/1/26
f 3861/1/29 3862/1/29 3866/1/29 3865/1/29
f 3865/1/30 3866/1/30 3864/1/30 3863/1/30
f 3863/1/27 3864/1/27 3860/1/27 3859/1/27
f 3861/1/25 3865/1/25 3863/1/25 3859/1/25
f 3866/1/28 3862/1/28 3860/1/28 3864/1/28
f 3867/1/26 3868/1/26 3870/1/26 3869/1/26
f 3869/1/29 3870/1/29 3874/1/29 3873/1/29
f 3873/1/30 3874/1/30 3872/1/30 3871/1/30
f 3871/1/27 3872/1/27 3868/1/27 3867/1/27
f 3869/1/25 3873/1/25 3871/1/25 3867/1/25
f 3874/1/28 3870/1/28 3868/1/28 3872/1/28
f 3875/1/26 3876/1/26 3878/1/26 3877/1/26
f 3877/1/29 3878/1/29 3882/1/29 3881/1/29
f 3881/1/30 3882/1/30 3880/1/30 3879/1/30
f 3879/1/27 3880/1/27 3876/1/27 3875/1/27
f 3877/1/25 3881/1/25 3879/1/25 3875/1/25
f 3882/1/28 3878/1/28 3876/1/28 3880/1/28
f 3883/1/26 3884/1/26 3886/1/26 3885/1/26
f 3885/1/29 3886/1/29 3890/1/29 3889/1/29
f 3889/1/30 3890/1/30 3888/1/30 3887/1/30
f 3887/1/27 3888/1/27 3884/1/27 3883/1/27
f 3885/1/25 3889/1/25 3887/1/25 3883/1/25
f 3890/1/28 3886/1/28 3884/1/28 3888/1/28
f 3921/1/26 3922/1/26 3924/1/26 3923/1/26
f 3923/1/29 3924/1/29 3928/1/29 3927/1/29
f 3927/1/30 3928/1/30 3926/1/30 3925/1/30
f 3925/1/27 3926/1/27 3922/1/27 3921/1/27
f 3923/1/25 3927/1/25 3925/1/25 3921/1/25
f 3928/1/28 3924/1/28 3922/1/28 3926/1/28
f 3929/1/26 3930/1/26 3932/1/26 3931/1/26
f 3931/1/29 3932/1/29 3936/1/29 3935/1/29
f 3935/1/30 3936/1/30 3934/1/30 3933/1/30
f 3933/1/27 3934/1/27 3930/1/27 3929/1/27
f 3931/1/25 3935/1/25 3933/1/25 3929/1/25
f 3936/1/28 3932/1/28 3930/1/28 3934/1/28
f 3937/1/26 3938/1/26 3940/1/26 3939/1/26
f 3939/1/29 3940/1/29 3944/1/29 3943/1/29
f 3943/1/30 3944/1/30 3942/1/30 3941/1/30
f 3941/1/27 3942/1/27 3938/1/27 3937/1/27
f 3939/1/25 3943/1/25 3941/1/25 3937/1/25
f 3944/1/28 3940/1/28 3938/1/28 3942/1/28
f 3945/1/26 3946/1/26 3948/1/26 3947/1/26
f 3947/1/29 3948/1/29 3952/1/29 3951/1/29
f 3951/1/30 3952/1/30 3950/1/30 3949/1/30
f 3949/1/27 3950/1/27 3946/1/27 3945/1/27
f 3947/1/25 3951/1/25 3949/1/25 3945/1/25
f 3952/1/28 3948/1/28 3946/1/28 3950/1/28
f 5005/1/29 5006/1/29 5008/1/2804 5007/1/2804
f 5007/1/2804 5008/1/2804 5010/1/2805 5009/1/2805
f 5009/1/2805 5010/1/2805 5012/1/30 5011/1/30
f 5011/1/30 5012/1/30 5014/1/2806 5013/1/2806
f 5013/1/2806 5014/1/2806 5016/1/2807 5015/1/2807
f 5015/1/2807 5016/1/2807 5018/1/27 5017/1/27
f 5017/1/27 5018/1/27 5020/1/2808 5019/1/2808
f 5019/1/2808 5020/1/2808 5022/1/2809 5021/1/2809
f 5021/1/2809 5022/1/2809 5024/1/26 5023/1/26
f 5023/1/26 5024/1/26 5026/1/2810 5025/1/2810
f 5008/1/28 5006/1/28 5028/1/28 5026/1/28 5024/1/28 5022/1/28 5020/1/28 5018/1/28 5016/1/28 5014/1/28 5012/1/28 5010/1/28
f 5025/1/2810 5026/1/2810 5028/1/2811 5027/1/2811
f 5027/1/2811 5028/1/2811 5006/1/29 5005/1/29
f 5005/1/25 5007/1/25 5009/1/25 5011/1/25 5013/1/25 5015/1/25 5017/1/25 5019/1/25 5021/1/25 5023/1/25 5025/1/25 5027/1/25
f 5029/1/29 5031/1/2445 5030/1/2446
f 5029/1/29 5032/1/2447 5031/1/2445
f 5029/1/29 5033/1/2448 5032/1/2447
f 5029/1/29 5034/1/2449 5033/1/2448
f 5029/1/29 5035/1/2450 5034/1/2449
f 5029/1/29 5036/1/2451 5035/1/2450
f 5029/1/29 5037/1/2452 5036/1/2451
f 5029/1/29 5038/1/2453 5037/1/2452
f 5029/1/29 5039/1/2454 5038/1/2453
f 5029/1/29 5040/1/2455 5039/1/2454
f 5029/1/29 5041/1/2456 5040/1/2455
f 5029/1/29 5042/1/2457 5041/1/2456
f 5029/1/29 5043/1/2458 5042/1/2457
f 5029/1/29 5044/1/2459 5043/1/2458
f 5029/1/29 5045/1/2460 5044/1/2459
f 5029/1/29 5046/1/2461 5045/1/2460
f 5029/1/29 5047/1/2462 5046/1/2461
f 5029/1/29 5048/1/2463 5047/1/2462
f 5029/1/29 5049/1/2464 5048/1/2463
f 5029/1/29 5030/1/2446 5049/1/2464
f 5030/1/2446 5031/1/2445 5051/1/2465 5050/1/2466
f 5031/1/2445 5032/1/2447 5052/1/2467 5051/1/2465
f 5032/1/2447 5033/1/2448 5053/1/2468 5052/1/2467
f 5033/1/2448 5034/1/2449 5054/1/2469 5053/1/2468
f 5034/1/2449 5035/1/2450 5055/1/2470 5054/1/2469
f 5035/1/2450 5036/1/2451 5056/1/2471 5055/1/2470
f 5036/1/2451 5037/1/2452 5057/1/2472 5056/1/2471
f 5037/1/2452 5038/1/2453 5058/1/2473 5057/1/2472
f 5038/1/2453 5039/1/2454 5059/1/2474 5058/1/2473
f 5039/1/2454 5040/1/2455 5060/1/2475 5059/1/2474
f 5040/1/2455 5041/1/2456 5061/1/2476 5060/1/2475
f 5041/1/2456 5042/1/2457 5062/1/2477 5061/1/2476
f 5042/1/2457 5043/1/2458 5063/1/2478 5062/1/2477
f 5043/1/2458 5044/1/2459 5064/1/2479 5063/1/2478
f 5044/1/2459 5045/1/2460 5065/1/2480 5064/1/2479
f 5045/1/2460 5046/1/2461 5066/1/2481 5065/1/2480
f 5046/1/2461 5047/1/2462 5067/1/2482 5066/1/2481
f 5047/1/2462 5048/1/2463 5068/1/2483 5067/1/2482
f 5048/1/2463 5049/1/2464 5069/1/2484 5068/1/2483
f 5049/1/2464 5030/1/2446 5050/1/2466 5069/1/2484
f 5050/1/2466 5051/1/2465 5071/1/2485 5070/1/2486
f 5051/1/2465 5052/1/2467 5072/1/2487 5071/1/2485
f 5052/1/2467 5053/1/2468 5073/1/2488 5072/1/2487
f 5053/1/2468 5054/1/2469 5074/1/2489 5073/1/2488
f 5054/1/2469 5055/1/2470 5075/1/2490 5074/1/2489
f 5055/1/2470 5056/1/2471 5076/1/2491 5075/1/2490
f 5056/1/2471 5057/1/2472 5077/1/2492 5076/1/2491
f 5057/1/2472 5058/1/2473 5078/1/2493 5077/1/2492
f 5058/1/2473 5059/1/2474 5079/1/2494 5078/1/2493
f 5059/1/2474 5060/1/2475 5080/1/2495 5079/1/2494
f 5060/1/2475 5061/1/2476 5081/1/2496 5080/1/2495
f 5061/1/2476 5062/1/2477 5082/1/2497 5081/1/2496
f 5062/1/2477 5063/1/2478 5083/1/2498 5082/1/2497
f 5063/1/2478 5064/1/2479 5084/1/2499 5083/1/2498
f 5064/1/2479 5065/1/2480 5085/1/2500 5084/1/2499
f 5065/1/2480 5066/1/2481 5086/1/2501 5085/1/2500
f 5066/1/2481 5067/1/2482 5087/1/2502 5086/1/2501
f 5067/1/2482 5068/1/2483 5088/1/2503 5087/1/2502
f 5068/1/2483 5069/1/2484 5089/1/2504 5088/1/2503
f 5069/1/2484 5050/1/2466 5070/1/2486 5089/1/2504
f 5070/1/2486 5071/1/2485 5091/1/2505 5090/1/2506
f 5071/1/2485 5072/1/2487 5092/1/2507 5091/1/2505
f 5072/1/2487 5073/1/2488 5093/1/2508 5092/1/2507
f 5073/1/2488 5074/1/2489 5094/1/2509 5093/1/2508
f 5074/1/2489 5075/1/2490 5095/1/2510 5094/1/2509
f 5075/1/2490 5076/1/2491 5096/1/2511 5095/1/2510
f 5076/1/2491 5077/1/2492 5097/1/2512 5096/1/2511
f 5077/1/2492 5078/1/2493 5098/1/2513 5097/1/2512
f 5078/1/2493 5079/1/2494 5099/1/2514 5098/1/2513
f 5079/1/2494 5080/1/2495 5100/1/2515 5099/1/2514
f 5080/1/2495 5081/1/2496 5101/1/2516 5100/1/2515
f 5081/1/2496 5082/1/2497 5102/1/2517 5101/1/2516
f 5082/1/2497 5083/1/2498 5103/1/2518 5102/1/2517
f 5083/1/2498 5084/1/2499 5104/1/2519 5103/1/2518
f 5084/1/2499 5085/1/2500 5105/1/2520 5104/1/2519
f 5085/1/2500 5086/1/2501 5106/1/2521 5105/1/2520
f 5086/1/2501 5087/1/2502 5107/1/2522 5106/1/2521
f 5087/1/2502 5088/1/2503 5108/1/2523 5107/1/2522
f 5088/1/2503 5089/1/2504 5109/1/2524 5108/1/2523
f 5089/1/2504 5070/1/2486 5090/1/2506 5109/1/2524
f 5090/1/2506 5091/1/2505 5111/1/2525 5110/1/2526
f 5091/1/2505 5092/1/2507 5112/1/2527 5111/1/2525
f 5092/1/2507 5093/1/2508 5113/1/2528 5112/1/2527
f 5093/1/2508 5094/1/2509 5114/1/2529 5113/1/2528
f 5094/1/2509 5095/1/2510 5115/1/2530 5114/1/2529
f 5095/1/2510 5096/1/2511 5116/1/2531 5115/1/2530
f 5096/1/2511 5097/1/2512 5117/1/2532 5116/1/2531
f 5097/1/2512 5098/1/2513 5118/1/2533 5117/1/2532
f 5098/1/2513 5099/1/2514 5119/1/2534 5118/1/2533
f 5099/1/2514 5100/1/2515 5120/1/2535 5119/1/2534
f 5100/1/2515 5101/1/2516 5121/1/2536 5120/1/2535
f 5101/1/2516 5102/1/2517 5122/1/2537 5121/1/2536
f 5102/1/2517 5103/1/2518 5123/1/2538 5122/1/2537
f 5103/1/2518 5104/1/2519 5124/1/2539 5123/1/2538
f 5104/1/2519 5105/1/2520 5125/1/2540 5124/1/2539
f 5105/1/2520 5106/1/2521 5126/1/2541 5125/1/2540
f 5106/1/2521 5107/1/2522 5127/1/2542 5126/1/2541
f 5107/1/2522 5108/1/2523 5128/1/2543 5127/1/2542
f 5108/1/2523 5109/1/2524 5129/1/2544 5128/1/2543
f 5109/1/2524 5090/1/2506 5110/1/2526 5129/1/2544
f 5110/1/2526 5111/1/2525 5131/1/2545 5130/1/2546
f 5111/1/2525 5112/1/2527 5132/1/2547 5131/1/2545
f 5112/1/2527 5113/1/2528 5133/1/2548 5132/1/2547
f 5113/1/2528 5114/1/2529 5134/1/2549 5133/1/2548
f 5114/1/2529 5115/1/2530 5135/1/2550 5134/1/2549
f 5115/1/2530 5116/1/2531 5136/1/2551 5135/1/2550
f 5116/1/2531 5117/1/2532 5137/1/2552 5136/1/2551
f 5117/1/2532 5118/1/2533 5138/1/2553 5137/1/2552
f 5118/1/2533 5119/1/2534 5139/1/2554 5138/1/2553
f 5119/1/2534 5120/1/2535 5140/1/2555 5139/1/2554
f 5120/1/2535 5121/1/2536 5141/1/2556 5140/1/2555
f 5121/1/2536 5122/1/2537 5142/1/2557 5141/1/2556
f 5122/1/2537 5123/1/2538 5143/1/2558 5142/1/2557
f 5123/1/2538 5124/1/2539 5144/1/2559 5143/1/2558
f 5124/1/2539 5125/1/2540 5145/1/2560 5144/1/2559
f 5125/1/2540 5126/1/2541 5146/1/2561 5145/1/2560
f 5126/1/2541 5127/1/2542 5147/1/2562 5146/1/2561
f 5127/1/2542 5128/1/2543 5148/1/2563 5147/1/2562
f 5128/1/2543 5129/1/2544 5149/1/2564 5148/1/2563
f 5129/1/2544 5110/1/2526 5130/1/2546 5149/1/2564
f 5130/1/2546 5131/1/2545 5151/1/2565 5150/1/2566
f 5131/1/2545 5132/1/2547 5152/1/2567 5151/1/2565
f 5132/1/2547 5133/1/2548 5153/1/2568 5152/1/2567
f 5133/1/2548 5134/1/2549 5154/1/2569 5153/1/2568
f 5134/1/2549 5135/1/2550 5155/1/2570 5154/1/2569
f 5135/1/2550 5136/1/2551 5156/1/2571 5155/1/2570
f 5136/1/2551 5137/1/2552 5157/1/2572 5156/1/2571
f 5137/1/2552 5138/1/2553 5158/1/2573 5157/1/2572
f 5138/1/2553 5139/1/2554 5159/1/2574 5158/1/2573
f 5139/1/2554 5140/1/2555 5160/1/2575 5159/1/2574
f 5140/1/2555 5141/1/2556 5161/1/2576 5160/1/2575
f 5141/1/2556 5142/1/2557 5162/1/2577 5161/1/2576
f 5142/1/2557 5143/1/2558 5163/1/2578 5162/1/2577
f 5143/1/2558 5144/1/2559 5164/1/2579 5163/1/2578
f 5144/1/2559 5145/1/2560 5165/1/2580 5164/1/2579
f 5145/1/2560 5146/1/2561 5166/1/2581 5165/1/2580
f 5146/1/2561 5147/1/2562 5167/1/2582 5166/1/2581
f 5147/1/2562 5148/1/2563 5168/1/2583 5167/1/2582
f 5148/1/2563 5149/1/2564 5169/1/2584 5168/1/2583
f 5149/1/2564 5130/1/2546 5150/1/2566 5169/1/2584
f 5150/1/2566 5151/1/2565 5171/1/2585 5170/1/2586
f 5151/1/2565 5152/1/2567 5172/1/2587 5171/1/2585
f 5152/1/2567 5153/1/2568 5173/1/2588 5172/1/2587
f 5153/1/2568 5154/1/2569 5174/1/2589 5173/1/2588
f 5154/1/2569 5155/1/2570 5175/1/2590 5174/1/2589
f 5155/1/2570 5156/1/2571 5176/1/2591 5175/1/2590
f 5156/1/2571 5157/1/2572 5177/1/2592 5176/1/2591
f 5157/1/2572 5158/1/2573 5178/1/2593 5177/1/2592
f 5158/1/2573 5159/1/2574 5179/1/2594 5178/1/2593
f 5159/1/2574 5160/1/2575 5180/1/2595 5179/1/2594
f 5160/1/2575 5161/1/2576 5181/1/2596 5180/1/2595
f 5161/1/2576 5162/1/2577 5182/1/2597 5181/1/2596
f 5162/1/2577 5163/1/2578 5183/1/2598 5182/1/2597
f 5163/1/2578 5164/1/2579 5184/1/2599 5183/1/2598
f 5164/1/2579 5165/1/2580 5185/1/2600 5184/1/2599
f 5165/1/2580 5166/1/2581 5186/1/2601 5185/1/2600
f 5166/1/2581 5167/1/2582 5187/1/2602 5186/1/2601
f 5167/1/2582 5168/1/2583 5188/1/2603 5187/1/2602
f 5168/1/2583 5169/1/2584 5189/1/2604 5188/1/2603
f 5169/1/2584 5150/1/2566 5170/1/2586 5189/1/2604
f 5170/1/2586 5171/1/2585 5191/1/2605 5190/1/2606
f 5171/1/2585 5172/1/2587 5192/1/2607 5191/1/2605
f 5172/1/2587 5173/1/2588 5193/1/2608 5192/1/2607
f 5173/1/2588 5174/1/2589 5194/1/2609 5193/1/2608
f 5174/1/2589 5175/1/2590 5195/1/2610 5194/1/2609
f 5175/1/2590 5176/1/2591 5196/1/2611 5195/1/2610
f 5176/1/2591 5177/1/2592 5197/1/2612 5196/1/2611
f 5177/1/2592 5178/1/2593 5198/1/2613 5197/1/2612
f 5178/1/2593 5179/1/2594 5199/1/2614 5198/1/2613
f 5179/1/2594 5180/1/2595 5200/1/2615 5199/1/2614
f 5180/1/2595 5181/1/2596 5201/1/2616 5200/1/2615
f 5181/1/2596 5182/1/2597 5202/1/2617 5201/1/2616
f 5182/1/2597 5183/1/2598 5203/1/2618 5202/1/2617
f 5183/1/2598 5184/1/2599 5204/1/2619 5203/1/2618
f 5184/1/2599 5185/1/2600 5205/1/2620 5204/1/2619
f 5185/1/2600 5186/1/2601 5206/1/2621 5205/1/2620
f 5186/1/2601 5187/1/2602 5207/1/2622 5206/1/2621
f 5187/1/2602 5188/1/2603 5208/1/2623 5207/1/2622
f 5188/1/2603 5189/1/2604 5209/1/2624 5208/1/2623
f 5189/1/2604 5170/1/2586 5190/1/2606 5209/1/2624
f 5190/1/2606 5191/1/2605 5211/1/2625 5210/1/2626
f 5191/1/2605 5192/1/2607 5212/1/2627 5211/1/2625
f 5192/1/2607 5193/1/2608 5213/1/2628 5212/1/2627
f 5193/1/2608 5194/1/2609 5214/1/2629 5213/1/2628
f 5194/1/2609 5195/1/2610 5215/1/2630 5214/1/2629
f 5195/1/2610 5196/1/2611 5216/1/2631 5215/1/2630
f 5196/1/2611 5197/1/2612 5217/1/2632 5216/1/2631
f 5197/1/2612 5198/1/2613 5218/1/2633 5217/1/2632
f 5198/1/2613 5199/1/2614 5219/1/2634 5218/1/2633
f 5199/1/2614 5200/1/2615 5220/1/2635 5219/1/2634
f 5200/1/2615 5201/1/2616 5221/1/2636 5220/1/2635
f 5201/1/2616 5202/1/2617 5222/1/2637 5221/1/2636
f 5202/1/2617 5203/1/2618 5223/1/2638 5222/1/2637
f 5203/1/2618 5204/1/2619 5224/1/2639 5223/1/2638
f 5204/1/2619 5205/1/2620 5225/1/2640 5224/1/2639
f 5205/1/2620 5206/1/2621 5226/1/2641 5225/1/2640
f 5206/1/2621 5207/1/2622 5227/1/2642 5226/1/2641
f 5207/1/2622 5208/1/2623 5228/1/2643 5227/1/2642
f 5208/1/2623 5209/1/2624 5229/1/2644 5228/1/2643
f 5209/1/2624 5190/1/2606 5210/1/2626 5229/1/2644
f 5210/1/2626 5211/1/2625 5230/1/27
f 5211/1/2625 5212/1/2627 5230/1/27
f 5212/1/2627 5213/1/2628 5230/1/27
f 5213/1/2628 5214/1/2629 5230/1/27
f 5214/1/2629 5215/1/2630 5230/1/27
f 5215/1/2630 5216/1/2631 5230/1/27
f 5216/1/2631 5217/1/2632 5230/1/27
f 5217/1/2632 5218/1/2633 5230/1/27
f 5218/1/2633 5219/1/2634 5230/1/27
f 5219/1/2634 5220/1/2635 5230/1/27
f 5220/1/2635 5221/1/2636 5230/1/27
f 5221/1/2636 5222/1/2637 5230/1/27
f 5222/1/2637 5223/1/2638 5230/1/27
f 5223/1/2638 5224/1/2639 5230/1/27
f 5224/1/2639 5225/1/2640 5230/1/27
f 5225/1/2640 5226/1/2641 5230/1/27
f 5226/1/2641 5227/1/2642 5230/1/27
f 5227/1/2642 5228/1/2643 5230/1/27
f 5228/1/2643 5229/1/2644 5230/1/27
f 5229/1/2644 5210/1/2626 5230/1/27
f 6405/1/1 6406/1/2 6407/1/3
f 6408/1/4 6409/1/5 6410/1/6
f 6411/1/7 6412/1/8 6413/1/9
f 6414/1/10 6415/1/11 6416/1/12
f 6417/1/13 6418/1/14 6419/1/15
f 6420/1/16 6421/1/17 6422/1/18
f 6423/1/19 6424/1/20 6425/1/21
f 6426/1/22 6427/1/23 6428/1/24
f 6411/1/7 6405/1/1 6407/1/3 6412/1/8
f 6406/1/2 6408/1/4 6410/1/6 6407/1/3
f 6409/1/5 6414/1/10 6416/1/12 6410/1/6
f 6415/1/11 6413/1/9 6412/1/8 6416/1/12
f 6423/1/19 6411/1/7 6413/1/9 6424/1/20
f 6414/1/10 6426/1/22 6428/1/24 6415/1/11
f 6427/1/23 6425/1/21 6424/1/20 6428/1/24
f 6417/1/13 6423/1/19 6425/1/21 6418/1/14
f 6426/1/22 6420/1/16 6422/1/18 6427/1/23
f 6421/1/17 6419/1/15 6418/1/14 6422/1/18
f 6405/1/1 6417/1/13 6419/1/15 6406/1/2
f 6420/1/16 6409/1/5 6408/1/4 6421/1/17
f 6411/1/25 6423/1/25 6417/1/25 6405/1/25
f 6407/1/26 6410/1/26 6416/1/26 6412/1/26
f 6419/1/27 6421/1/27 6408/1/27 6406/1/27
f 6426/1/28 6414/1/28 6409/1/28 6420/1/28
f 6413/1/29 6415/1/29 6428/1/29 6424/1/29
f 6425/1/30 6427/1/30 6422/1/30 6418/1/30
f 6477/1/3333 6480/1/3334 6481/1/3335 6483/1/3336
f 6478/1/3337 6482/1/3338 6481/1/3339 6480/1/3340
f 6479/1/3341 6483/1/3342 6481/1/3343 6482/1/3344
f 6484/1/3345 6487/1/3346 6488/1/3347 6490/1/3348
f 6485/1/3349 6489/1/3350 6488/1/3351 6487/1/3352
f 6486/1/3353 6490/1/3354 6488/1/3355 6489/1/3356
f 6491/1/3357 6494/1/3358 6495/1/3359 6497/1/3360
f 6492/1/3361 6496/1/3362 6495/1/3363 6494/1/3364
f 6493/1/3365 6497/1/3366 6495/1/3367 6496/1/3368
f 6498/1/3369 6501/1/3370 6502/1/3371 6504/1/3372
f 6499/1/3373 6503/1/3374 6502/1/3375 6501/1/3376
f 6500/1/3377 6504/1/3378 6502/1/3379 6503/1/3380
f 6505/1/3381 6508/1/3382 6509/1/3383 6511/1/3384
f 6506/1/3385 6510/1/3386 6509/1/3387 6508/1/3388
f 6507/1/3389 6511/1/3390 6509/1/3391 6510/1/3392
f 6512/1/3393 6515/1/3394 6516/1/3395 6518/1/3396
f 6513/1/3397 6517/1/3398 6516/1/3399 6515/1/3400
f 6514/1/3401 6518/1/3402 6516/1/3403 6517/1/3404
f 6519/1/3405 6522/1/3406 6523/1/3407 6525/1/3408
f 6520/1/3409 6524/1/3410 6523/1/3411 6522/1/3412
f 6521/1/3413 6525/1/3414 6523/1/3415 6524/1/3416
f 6526/1/3417 6529/1/3418 6530/1/3419 6532/1/3420
f 6527/1/3421 6531/1/3422 6530/1/3423 6529/1/3424
f 6528/1/3425 6532/1/3426 6530/1/3427 6531/1/3428
f 6491/1/3357 6477/1/3333 6483/1/3336 6494/1/3358
f 6494/1/3364 6483/1/3342 6479/1/3341 6492/1/3361
f 6478/1/3337 6484/1/3345 6490/1/3348 6482/1/3338
f 6482/1/3344 6490/1/3354 6486/1/3353 6479/1/3341
f 6485/1/3349 6498/1/3369 6504/1/3372 6489/1/3350
f 6489/1/3356 6504/1/3378 6500/1/3377 6486/1/3353
f 6499/1/3373 6493/1/3365 6496/1/3368 6503/1/3374
f 6503/1/3380 6496/1/3362 6492/1/3361 6500/1/3377
f 6519/1/3405 6491/1/3357 6497/1/3360 6522/1/3406
f 6522/1/3412 6497/1/3366 6493/1/3365 6520/1/3409
f 6498/1/3369 6526/1/3417 6532/1/3420 6501/1/3370
f 6501/1/3376 6532/1/3426 6528/1/3425 6499/1/3373
f 6527/1/3421 6521/1/3413 6524/1/3416 6531/1/3422
f 6531/1/3428 6524/1/3410 6520/1/3409 6528/1/3425
f 6505/1/3381 6519/1/3405 6525/1/3408 6508/1/3382
f 6508/1/3388 6525/1/3414 6521/1/3413 6506/1/3385
f 6526/1/3417 6512/1/3393 6518/1/3396 6529/1/3418
f 6529/1/3424 6518/1/3402 6514/1/3401 6527/1/3421
f 6513/1/3397 6507/1/3389 6510/1/3392 6517/1/3398
f 6517/1/3404 6510/1/3386 6506/1/3385 6514/1/3401
f 6477/1/3333 6505/1/3381 6511/1/3384 6480/1/3334
f 6480/1/3340 6511/1/3390 6507/1/3389 6478/1/3337
f 6512/1/3393 6485/1/3349 6487/1/3352 6515/1/3394
f 6515/1/3400 6487/1/3346 6484/1/3345 6513/1/3397
f 6491/1/3357 6519/1/3405 6505/1/3381 6477/1/3333
f 6479/1/3341 6486/1/3353 6500/1/3377 6492/1/3361
f 6507/1/3389 6513/1/3397 6484/1/3345 6478/1/3337
f 6526/1/3417 6498/1/3369 6485/1/3349 6512/1/3393
f 6493/1/3365 6499/1/3373 6528/1/3425 6520/1/3409
f 6521/1/3413 6527/1/3421 6514/1/3401 6506/1/3385
usemtl sausage
f 789/1/25 791/1/25 790/1/25
f 789/1/25 792/1/25 791/1/25
f 789/1/25 793/1/25 792/1/25
f 789/1/25 794/1/25 793/1/25
f 789/1/25 795/1/25 794/1/25
f 789/1/25 796/1/25 795/1/25
f 789/1/25 797/1/25 796/1/25
f 789/1/25 798/1/25 797/1/25
f 789/1/25 799/1/25 798/1/25
f 789/1/25 800/1/25 799/1/25
f 789/1/25 801/1/25 800/1/25
f 789/1/25 802/1/25 801/1/25
f 789/1/25 803/1/25 802/1/25
f 789/1/25 804/1/25 803/1/25
f 789/1/25 805/1/25 804/1/25
f 789/1/25 806/1/25 805/1/25
f 789/1/25 807/1/25 806/1/25
f 789/1/25 808/1/25 807/1/25
f 789/1/25 809/1/25 808/1/25
f 789/1/25 810/1/25 809/1/25
f 789/1/25 811/1/25 810/1/25
f 789/1/25 812/1/25 811/1/25
f 789/1/25 813/1/25 812/1/25
f 789/1/25 814/1/25 813/1/25
f 789/1/25 815/1/25 814/1/25
f 789/1/25 816/1/25 815/1/25
f 789/1/25 817/1/25 816/1/25
f 789/1/25 790/1/25 817/1/25
f 790/1/30 791/1/396 819/1/396 818/1/30
f 791/1/396 792/1/397 820/1/397 819/1/396
f 792/1/397 793/1/398 821/1/398 820/1/397
f 793/1/398 794/1/399 822/1/399 821/1/398
f 794/1/399 795/1/400 823/1/400 822/1/399
f 795/1/400 796/1/401 824/1/401 823/1/400
f 796/1/401 797/1/29 825/1/29 824/1/401
f 797/1/29 798/1/402 826/1/402 825/1/29
f 798/1/402 799/1/403 827/1/403 826/1/402
f 799/1/403 800/1/404 828/1/404 827/1/403
f 800/1/404 801/1/405 829/1/405 828/1/404
f 801/1/405 802/1/406 830/1/406 829/1/405
f 802/1/406 803/1/407 831/1/407 830/1/406
f 803/1/407 804/1/26 832/1/26 831/1/407
f 804/1/26 805/1/408 833/1/408 832/1/26
f 805/1/408 806/1/409 834/1/409 833/1/408
f 806/1/409 807/1/410 835/1/410 834/1/409
f 807/1/410 808/1/411 836/1/411 835/1/410
f 808/1/411 809/1/412 837/1/412 836/1/411
f 809/1/412 810/1/413 838/1/413 837/1/412
f 810/1/413 811/1/27 839/1/27 838/1/413
f 811/1/27 812/1/414 840/1/414 839/1/27
f 812/1/414 813/1/415 841/1/415 840/1/414
f 813/1/415 814/1/416 842/1/416 841/1/415
f 814/1/416 815/1/417 843/1/417 842/1/416
f 815/1/417 816/1/418 844/1/418 843/1/417
f 816/1/418 817/1/419 845/1/419 844/1/418
f 817/1/419 790/1/30 818/1/30 845/1/419
f 818/1/30 819/1/396 847/1/420 846/1/421
f 819/1/396 820/1/397 848/1/422 847/1/420
f 820/1/397 821/1/398 849/1/423 848/1/422
f 821/1/398 822/1/399 850/1/424 849/1/423
f 822/1/399 823/1/400 851/1/425 850/1/424
f 823/1/400 824/1/401 852/1/426 851/1/425
f 824/1/401 825/1/29 853/1/427 852/1/426
f 825/1/29 826/1/402 854/1/428 853/1/427
f 826/1/402 827/1/403 855/1/429 854/1/428
f 827/1/403 828/1/404 856/1/430 855/1/429
f 828/1/404 829/1/405 857/1/431 856/1/430
f 829/1/405 830/1/406 858/1/432 857/1/431
f 830/1/406 831/1/407 859/1/433 858/1/432
f 831/1/407 832/1/26 860/1/434 859/1/433
f 832/1/26 833/1/408 861/1/435 860/1/434
f 833/1/408 834/1/409 862/1/436 861/1/435
f 834/1/409 835/1/410 863/1/437 862/1/436
f 835/1/410 836/1/411 864/1/438 863/1/437
f 836/1/411 837/1/412 865/1/439 864/1/438
f 837/1/412 838/1/413 866/1/440 865/1/439
f 838/1/413 839/1/27 867/1/441 866/1/440
f 839/1/27 840/1/414 868/1/442 867/1/441
f 840/1/414 841/1/415 869/1/443 868/1/442
f 841/1/415 842/1/416 870/1/444 869/1/443
f 842/1/416 843/1/417 871/1/445 870/1/444
f 843/1/417 844/1/418 872/1/446 871/1/445
f 844/1/418 845/1/419 873/1/447 872/1/446
f 845/1/419 818/1/30 846/1/421 873/1/447
f 846/1/421 847/1/420 875/1/448 874/1/449
f 847/1/420 848/1/422 876/1/450 875/1/448
f 848/1/422 849/1/423 877/1/451 876/1/450
f 849/1/423 850/1/424 878/1/452 877/1/451
f 850/1/424 851/1/425 879/1/453 878/1/452
f 851/1/425 852/1/426 880/1/454 879/1/453
f 852/1/426 853/1/427 881/1/455 880/1/454
f 853/1/427 854/1/428 882/1/456 881/1/455
f 854/1/428 855/1/429 883/1/457 882/1/456
f 855/1/429 856/1/430 884/1/458 883/1/457
f 856/1/430 857/1/431 885/1/459 884/1/458
f 857/1/431 858/1/432 886/1/460 885/1/459
f 858/1/432 859/1/433 887/1/461 886/1/460
f 859/1/433 860/1/434 888/1/462 887/1/461
f 860/1/434 861/1/435 889/1/463 888/1/462
f 861/1/435 862/1/436 890/1/464 889/1/463
f 862/1/436 863/1/437 891/1/465 890/1/464
f 863/1/437 864/1/438 892/1/466 891/1/465
f 864/1/438 865/1/439 893/1/467 892/1/466
f 865/1/439 866/1/440 894/1/468 893/1/467
f 866/1/440 867/1/441 895/1/469 894/1/468
f 867/1/441 868/1/442 896/1/470 895/1/469
f 868/1/442 869/1/443 897/1/471 896/1/470
f 869/1/443 870/1/444 898/1/472 897/1/471
f 870/1/444 871/1/445 899/1/473 898/1/472
f 871/1/445 872/1/446 900/1/474 899/1/473
f 872/1/446 873/1/447 901/1/475 900/1/474
f 873/1/447 846/1/421 874/1/449 901/1/475
f 874/1/449 875/1/448 903/1/476 902/1/477
f 875/1/448 876/1/450 904/1/478 903/1/476
f 876/1/450 877/1/451 905/1/479 904/1/478
f 877/1/451 878/1/452 906/1/480 905/1/479
f 878/1/452 879/1/453 907/1/481 906/1/480
f 879/1/453 880/1/454 908/1/482 907/1/481
f 880/1/454 881/1/455 909/1/483 908/1/482
f 881/1/455 882/1/456 910/1/484 909/1/483
f 882/1/456 883/1/457 911/1/485 910/1/484
f 883/1/457 884/1/458 912/1/486 911/1/485
f 884/1/458 885/1/459 913/1/487 912/1/486
f 885/1/459 886/1/460 914/1/488 913/1/487
f 886/1/460 887/1/461 915/1/489 914/1/488
f 887/1/461 888/1/462 916/1/490 915/1/489
f 888/1/462 889/1/463 917/1/491 916/1/490
f 889/1/463 890/1/464 918/1/492 917/1/491
f 890/1/464 891/1/465 919/1/493 918/1/492
f 891/1/465 892/1/466 920/1/494 919/1/493
f 892/1/466 893/1/467 921/1/495 920/1/494
f 893/1/467 894/1/468 922/1/496 921/1/495
f 894/1/468 895/1/469 923/1/497 922/1/496
f 895/1/469 896/1/470 924/1/498 923/1/497
f 896/1/470 897/1/471 925/1/499 924/1/498
f 897/1/471 898/1/472 926/1/500 925/1/499
f 898/1/472 899/1/473 927/1/501 926/1/500
f 899/1/473 900/1/474 928/1/502 927/1/501
f 900/1/474 901/1/475 929/1/503 928/1/502
f 901/1/475 874/1/449 902/1/477 929/1/503
f 902/1/477 903/1/476 931/1/504 930/1/505
f 903/1/476 904/1/478 932/1/506 931/1/504
f 904/1/478 905/1/479 933/1/507 932/1/506
f 905/1/479 906/1/480 934/1/508 933/1/507
f 906/1/480 907/1/481 935/1/509 934/1/508
f 907/1/481 908/1/482 936/1/510 935/1/509
f 908/1/482 909/1/483 937/1/511 936/1/510
f 909/1/483 910/1/484 938/1/512 937/1/511
f 910/1/484 911/1/485 939/1/513 938/1/512
f 911/1/485 912/1/486 940/1/514 939/1/513
f 912/1/486 913/1/487 941/1/515 940/1/514
f 913/1/487 914/1/488 942/1/516 941/1/515
f 914/1/488 915/1/489 943/1/517 942/1/516
f 915/1/489 916/1/490 944/1/518 943/1/517
f 916/1/490 917/1/491 945/1/519 944/1/518
f 917/1/491 918/1/492 946/1/520 945/1/519
f 918/1/492 919/1/493 947/1/521 946/1/520
f 919/1/493 920/1/494 948/1/522 947/1/521
f 920/1/494 921/1/495 949/1/523 948/1/522
f 921/1/495 922/1/496 950/1/524 949/1/523
f 922/1/496 923/1/497 951/1/525 950/1/524
f 923/1/497 924/1/498 952/1/526 951/1/525
f 924/1/498 925/1/499 953/1/527 952/1/526
f 925/1/499 926/1/500 954/1/528 953/1/527
f 926/1/500 927/1/501 955/1/529 954/1/528
f 927/1/501 928/1/502 956/1/530 955/1/529
f 928/1/502 929/1/503 957/1/531 956/1/530
f 929/1/503 902/1/477 930/1/505 957/1/531
f 930/1/505 931/1/504 959/1/532 958/1/533
f 931/1/504 932/1/506 960/1/534 959/1/532
f 932/1/506 933/1/507 961/1/535 960/1/534
f 933/1/507 934/1/508 962/1/536 961/1/535
f 934/1/508 935/1/509 963/1/537 962/1/536
f 935/1/509 936/1/510 964/1/538 963/1/537
f 936/1/510 937/1/511 965/1/539 964/1/538
f 937/1/511 938/1/512 966/1/540 965/1/539
f 938/1/512 939/1/513 967/1/541 966/1/540
f 939/1/513 940/1/514 968/1/542 967/1/541
f 940/1/514 941/1/515 969/1/543 968/1/542
f 941/1/515 942/1/516 970/1/544 969/1/543
f 942/1/516 943/1/517 971/1/545 970/1/544
f 943/1/517 944/1/518 972/1/546 971/1/545
f 944/1/518 945/1/519 973/1/547 972/1/546
f 945/1/519 946/1/520 974/1/548 973/1/547
f 946/1/520 947/1/521 975/1/549 974/1/548
f 947/1/521 948/1/522 976/1/550 975/1/549
f 948/1/522 949/1/523 977/1/551 976/1/550
f 949/1/523 950/1/524 978/1/552 977/1/551
f 950/1/524 951/1/525 979/1/553 978/1/552
f 951/1/525 952/1/526 980/1/554 979/1/553
f 952/1/526 953/1/527 981/1/555 980/1/554
f 953/1/527 954/1/528 982/1/556 981/1/555
f 954/1/528 955/1/529 983/1/557 982/1/556
f 955/1/529 956/1/530 984/1/558 983/1/557
f 956/1/530 957/1/531 985/1/559 984/1/558
f 957/1/531 930/1/505 958/1/533 985/1/559
f 958/1/533 959/1/532 987/1/560 986/1/561
f 959/1/532 960/1/534 988/1/562 987/1/560
f 960/1/534 961/1/535 989/1/563 988/1/562
f 961/1/535 962/1/536 990/1/564 989/1/563
f 962/1/536 963/1/537 991/1/565 990/1/564
f 963/1/537 964/1/538 992/1/566 991/1/565
f 964/1/538 965/1/539 993/1/567 992/1/566
f 965/1/539 966/1/540 994/1/568 993/1/567
f 966/1/540 967/1/541 995/1/569 994/1/568
f 967/1/541 968/1/542 996/1/570 995/1/569
f 968/1/542 969/1/543 997/1/571 996/1/570
f 969/1/543 970/1/544 998/1/572 997/1/571
f 970/1/544 971/1/545 999/1/573 998/1/572
f 971/1/545 972/1/546 1000/1/574 999/1/573
f 972/1/546 973/1/547 1001/1/575 1000/1/574
f 973/1/547 974/1/548 1002/1/576 1001/1/575
f 974/1/548 975/1/549 1003/1/577 1002/1/576
f 975/1/549 976/1/550 1004/1/578 1003/1/577
f 976/1/550 977/1/551 1005/1/579 1004/1/578
f 977/1/551 978/1/552 1006/1/580 1005/1/579
f 978/1/552 979/1/553 1007/1/581 1006/1/580
f 979/1/553 980/1/554 1008/1/582 1007/1/581
f 980/1/554 981/1/555 1009/1/583 1008/1/582
f 981/1/555 982/1/556 1010/1/584 1009/1/583
f 982/1/556 983/1/557 1011/1/585 1010/1/584
f 983/1/557 984/1/558 1012/1/586 1011/1/585
f 984/1/558 985/1/559 1013/1/587 1012/1/586
f 985/1/559 958/1/533 986/1/561 1013/1/587
f 986/1/561 987/1/560 1015/1/588 1014/1/589
f 987/1/560 988/1/562 1016/1/590 1015/1/588
f 988/1/562 989/1/563 1017/1/591 1016/1/590
f 989/1/563 990/1/564 1018/1/592 1017/1/591
f 990/1/564 991/1/565 1019/1/593 1018/1/592
f 991/1/565 992/1/566 1020/1/594 1019/1/593
f 992/1/566 993/1/567 1021/1/595 1020/1/594
f 993/1/567 994/1/568 1022/1/596 1021/1/595
f 994/1/568 995/1/569 1023/1/597 1022/1/596
f 995/1/569 996/1/570 1024/1/598 1023/1/597
f 996/1/570 997/1/571 1025/1/599 1024/1/598
f 997/1/571 998/1/572 1026/1/600 1025/1/599
f 998/1/572 999/1/573 1027/1/601 1026/1/600
f 999/1/573 1000/1/574 1028/1/602 1027/1/601
f 1000/1/574 1001/1/575 1029/1/603 1028/1/602
f 1001/1/575 1002/1/576 1030/1/604 1029/1/603
f 1002/1/576 1003/1/577 1031/1/605 1030/1/604
f 1003/1/577 1004/1/578 1032/1/606 1031/1/605
f 1004/1/578 1005/1/579 1033/1/607 1032/1/606
f 1005/1/579 1006/1/580 1034/1/608 1033/1/607
f 1006/1/580 1007/1/581 1035/1/609 1034/1/608
f 1007/1/581 1008/1/582 1036/1/610 1035/1/609
f 1008/1/582 1009/1/583 1037/1/611 1036/1/610
f 1009/1/583 1010/1/584 1038/1/612 1037/1/611
f 1010/1/584 1011/1/585 1039/1/613 1038/1/612
f 1011/1/585 1012/1/586 1040/1/614 1039/1/613
f 1012/1/586 1013/1/587 1041/1/615 1040/1/614
f 1013/1/587 986/1/561 1014/1/589 1041/1/615
f 1014/1/589 1015/1/588 1043/1/616 1042/1/617
f 1015/1/588 1016/1/590 1044/1/618 1043/1/616
f 1016/1/590 1017/1/591 1045/1/619 1044/1/618
f 1017/1/591 1018/1/592 1046/1/620 1045/1/619
f 1018/1/592 1019/1/593 1047/1/621 1046/1/620
f 1019/1/593 1020/1/594 1048/1/622 1047/1/621
f 1020/1/594 1021/1/595 1049/1/623 1048/1/622
f 1021/1/595 1022/1/596 1050/1/624 1049/1/623
f 1022/1/596 1023/1/597 1051/1/625 1050/1/624
f 1023/1/597 1024/1/598 1052/1/626 1051/1/625
f 1024/1/598 1025/1/599 1053/1/627 1052/1/626
f 1025/1/599 1026/1/600 1054/1/628 1053/1/627
f 1026/1/600 1027/1/601 1055/1/629 1054/1/628
f 1027/1/601 1028/1/602 1056/1/630 1055/1/629
f 1028/1/602 1029/1/603 1057/1/631 1056/1/630
f 1029/1/603 1030/1/604 1058/1/632 1057/1/631
f 1030/1/604 1031/1/605 1059/1/633 1058/1/632
f 1031/1/605 1032/1/606 1060/1/634 1059/1/633
f 1032/1/606 1033/1/607 1061/1/635 1060/1/634
f 1033/1/607 1034/1/608 1062/1/636 1061/1/635
f 1034/1/608 1035/1/609 1063/1/637 1062/1/636
f 1035/1/609 1036/1/610 1064/1/638 1063/1/637
f 1036/1/610 1037/1/611 1065/1/639 1064/1/638
f 1037/1/611 1038/1/612 1066/1/640 1065/1/639
f 1038/1/612 1039/1/613 1067/1/641 1066/1/640
f 1039/1/613 1040/1/614 1068/1/642 1067/1/641
f 1040/1/614 1041/1/615 1069/1/643 1068/1/642
f 1041/1/615 1014/1/589 1042/1/617 1069/1/643
f 1042/1/617 1043/1/616 1071/1/644 1070/1/645
f 1043/1/616 1044/1/618 1072/1/646 1071/1/644
f 1044/1/618 1045/1/619 1073/1/647 1072/1/646
f 1045/1/619 1046/1/620 1074/1/648 1073/1/647
f 1046/1/620 1047/1/621 1075/1/649 1074/1/648
f 1047/1/621 1048/1/622 1076/1/650 1075/1/649
f 1048/1/622 1049/1/623 1077/1/651 1076/1/650
f 1049/1/623 1050/1/624 1078/1/652 1077/1/651
f 1050/1/624 1051/1/625 1079/1/653 1078/1/652
f 1051/1/625 1052/1/626 1080/1/654 1079/1/653
f 1052/1/626 1053/1/627 1081/1/655 1080/1/654
f 1053/1/627 1054/1/628 1082/1/656 1081/1/655
f 1054/1/628 1055/1/629 1083/1/657 1082/1/656
f 1055/1/629 1056/1/630 1084/1/658 1083/1/657
f 1056/1/630 1057/1/631 1085/1/659 1084/1/658
f 1057/1/631 1058/1/632 1086/1/660 1085/1/659
f 1058/1/632 1059/1/633 1087/1/661 1086/1/660
f 1059/1/633 1060/1/634 1088/1/662 1087/1/661
f 1060/1/634 1061/1/635 1089/1/663 1088/1/662
f 1061/1/635 1062/1/636 1090/1/664 1089/1/663
f 1062/1/636 1063/1/637 1091/1/665 1090/1/664
f 1063/1/637 1064/1/638 1092/1/666 1091/1/665
f 1064/1/638 1065/1/639 1093/1/667 1092/1/666
f 1065/1/639 1066/1/640 1094/1/668 1093/1/667
f 1066/1/640 1067/1/641 1095/1/669 1094/1/668
f 1067/1/641 1068/1/642 1096/1/670 1095/1/669
f 1068/1/642 1069/1/643 1097/1/671 1096/1/670
f 1069/1/643 1042/1/617 1070/1/645 1097/1/671
f 1070/1/645 1071/1/644 1098/1/28
f 1071/1/644 1072/1/646 1098/1/28
f 1072/1/646 1073/1/647 1098/1/28
f 1073/1/647 1074/1/648 1098/1/28
f 1074/1/648 1075/1/649 1098/1/28
f 1075/1/649 1076/1/650 1098/1/28
f 1076/1/650 1077/1/651 1098/1/28
f 1077/1/651 1078/1/652 1098/1/28
f 1078/1/652 1079/1/653 1098/1/28
f 1079/1/653 1080/1/654 1098/1/28
f 1080/1/654 1081/1/655 1098/1/28
f 1081/1/655 1082/1/656 1098/1/28
f 1082/1/656 1083/1/657 1098/1/28
f 1083/1/657 1084/1/658 1098/1/28
f 1084/1/658 1085/1/659 1098/1/28
f 1085/1/659 1086/1/660 1098/1/28
f 1086/1/660 1087/1/661 1098/1/28
f 1087/1/661 1088/1/662 1098/1/28
f 1088/1/662 1089/1/663 1098/1/28
f 1089/1/663 1090/1/664 1098/1/28
f 1090/1/664 1091/1/665 1098/1/28
f 1091/1/665 1092/1/666 1098/1/28
f 1092/1/666 1093/1/667 1098/1/28
f 1093/1/667 1094/1/668 1098/1/28
f 1094/1/668 1095/1/669 1098/1/28
f 1095/1/669 1096/1/670 1098/1/28
f 1096/1/670 1097/1/671 1098/1/28
f 1097/1/671 1070/1/645 1098/1/28
usemtl bun
f 1099/1/25 1101/1/672 1100/1/673
f 1099/1/25 1102/1/674 1101/1/672
f 1099/1/25 1103/1/675 1102/1/674
f 1099/1/25 1104/1/676 1103/1/675
f 1099/1/25 1105/1/677 1104/1/676
f 1099/1/25 1106/1/678 1105/1/677
f 1099/1/25 1107/1/679 1106/1/678
f 1099/1/25 1108/1/680 1107/1/679
f 1099/1/25 1109/1/681 1108/1/680
f 1099/1/25 1110/1/682 1109/1/681
f 1099/1/25 1111/1/683 1110/1/682
f 1099/1/25 1112/1/684 1111/1/683
f 1099/1/25 1113/1/685 1112/1/684
f 1099/1/25 1114/1/686 1113/1/685
f 1099/1/25 1115/1/687 1114/1/686
f 1099/1/25 1116/1/688 1115/1/687
f 1099/1/25 1117/1/689 1116/1/688
f 1099/1/25 1118/1/690 1117/1/689
f 1099/1/25 1119/1/691 1118/1/690
f 1099/1/25 1100/1/673 1119/1/691
f 1100/1/673 1101/1/672 1121/1/692 1120/1/693
f 1101/1/672 1102/1/674 1122/1/694 1121/1/692
f 1102/1/674 1103/1/675 1123/1/695 1122/1/694
f 1103/1/675 1104/1/676 1124/1/696 1123/1/695
f 1104/1/676 1105/1/677 1125/1/697 1124/1/696
f 1105/1/677 1106/1/678 1126/1/698 1125/1/697
f 1106/1/678 1107/1/679 1127/1/699 1126/1/698
f 1107/1/679 1108/1/680 1128/1/700 1127/1/699
f 1108/1/680 1109/1/681 1129/1/701 1128/1/700
f 1109/1/681 1110/1/682 1130/1/702 1129/1/701
f 1110/1/682 1111/1/683 1131/1/703 1130/1/702
f 1111/1/683 1112/1/684 1132/1/704 1131/1/703
f 1112/1/684 1113/1/685 1133/1/705 1132/1/704
f 1113/1/685 1114/1/686 1134/1/706 1133/1/705
f 1114/1/686 1115/1/687 1135/1/707 1134/1/706
f 1115/1/687 1116/1/688 1136/1/708 1135/1/707
f 1116/1/688 1117/1/689 1137/1/709 1136/1/708
f 1117/1/689 1118/1/690 1138/1/710 1137/1/709
f 1118/1/690 1119/1/691 1139/1/711 1138/1/710
f 1119/1/691 1100/1/673 1120/1/693 1139/1/711
f 1120/1/693 1121/1/692 1141/1/712 1140/1/713
f 1121/1/692 1122/1/694 1142/1/714 1141/1/712
f 1122/1/694 1123/1/695 1143/1/715 1142/1/714
f 1123/1/695 1124/1/696 1144/1/716 1143/1/715
f 1124/1/696 1125/1/697 1145/1/717 1144/1/716
f 1125/1/697 1126/1/698 1146/1/718 1145/1/717
f 1126/1/698 1127/1/699 1147/1/719 1146/1/718
f 1127/1/699 1128/1/700 1148/1/720 1147/1/719
f 1128/1/700 1129/1/701 1149/1/721 1148/1/720
f 1129/1/701 1130/1/702 1150/1/722 1149/1/721
f 1130/1/702 1131/1/703 1151/1/723 1150/1/722
f 1131/1/703 1132/1/704 1152/1/724 1151/1/723
f 1132/1/704 1133/1/705 1153/1/725 1152/1/724
f 1133/1/705 1134/1/706 1154/1/726 1153/1/725
f 1134/1/706 1135/1/707 1155/1/727 1154/1/726
f 1135/1/707 1136/1/708 1156/1/728 1155/1/727
f 1136/1/708 1137/1/709 1157/1/729 1156/1/728
f 1137/1/709 1138/1/710 1158/1/730 1157/1/729
f 1138/1/710 1139/1/711 1159/1/731 1158/1/730
f 1139/1/711 1120/1/693 1140/1/713 1159/1/731
f 1140/1/713 1141/1/712 1161/1/732 1160/1/733
f 1141/1/712 1142/1/714 1162/1/734 1161/1/732
f 1142/1/714 1143/1/715 1163/1/735 1162/1/734
f 1143/1/715 1144/1/716 1164/1/736 1163/1/735
f 1144/1/716 1145/1/717 1165/1/737 1164/1/736
f 1145/1/717 1146/1/718 1166/1/738 1165/1/737
f 1146/1/718 1147/1/719 1167/1/739 1166/1/738
f 1147/1/719 1148/1/720 1168/1/740 1167/1/739
f 1148/1/720 1149/1/721 1169/1/741 1168/1/740
f 1149/1/721 1150/1/722 1170/1/742 1169/1/741
f 1150/1/722 1151/1/723 1171/1/743 1170/1/742
f 1151/1/723 1152/1/724 1172/1/744 1171/1/743
f 1152/1/724 1153/1/725 1173/1/745 1172/1/744
f 1153/1/725 1154/1/726 1174/1/746 1173/1/745
f 1154/1/726 1155/1/727 1175/1/747 1174/1/746
f 1155/1/727 1156/1/728 1176/1/748 1175/1/747
f 1156/1/728 1157/1/729 1177/1/749 1176/1/748
f 1157/1/729 1158/1/730 1178/1/750 1177/1/749
f 1158/1/730 1159/1/731 1179/1/751 1178/1/750
f 1159/1/731 1140/1/713 1160/1/733 1179/1/751
f 1160/1/733 1161/1/732 1181/1/752 1180/1/753
f 1161/1/732 1162/1/734 1182/1/754 1181/1/752
f 1162/1/734 1163/1/735 1183/1/755 1182/1/754
f 1163/1/735 1164/1/736 1184/1/756 1183/1/755
f 1164/1/736 1165/1/737 1185/1/757 1184/1/756
f 1165/1/737 1166/1/738 1186/1/758 1185/1/757
f 1166/1/738 1167/1/739 1187/1/759 1186/1/758
f 1167/1/739 1168/1/740 1188/1/760 1187/1/759
f 1168/1/740 1169/1/741 1189/1/761 1188/1/760
f 1169/1/741 1170/1/742 1190/1/762 1189/1/761
f 1170/1/742 1171/1/743 1191/1/763 1190/1/762
f 1171/1/743 1172/1/744 1192/1/764 1191/1/763
f 1172/1/744 1173/1/745 1193/1/765 1192/1/764
f 1173/1/745 1174/1/746 1194/1/766 1193/1/765
f 1174/1/746 1175/1/747 1195/1/767 1194/1/766
f 1175/1/747 1176/1/748 1196/1/768 1195/1/767
f 1176/1/748 1177/1/749 1197/1/769 1196/1/768
f 1177/1/749 1178/1/750 1198/1/770 1197/1/769
f 1178/1/750 1179/1/751 1199/1/771 1198/1/770
f 1179/1/751 1160/1/733 1180/1/753 1199/1/771
f 1180/1/753 1181/1/752 1201/1/772 1200/1/773
f 1181/1/752 1182/1/754 1202/1/774 1201/1/772
f 1182/1/754 1183/1/755 1203/1/775 1202/1/774
f 1183/1/755 1184/1/756 1204/1/776 1203/1/775
f 1184/1/756 1185/1/757 1205/1/777 1204/1/776
f 1185/1/757 1186/1/758 1206/1/778 1205/1/777
f 1186/1/758 1187/1/759 1207/1/779 1206/1/778
f 1187/1/759 1188/1/760 1208/1/780 1207/1/779
f 1188/1/760 1189/1/761 1209/1/781 1208/1/780
f 1189/1/761 1190/1/762 1210/1/782 1209/1/781
f 1190/1/762 1191/1/763 1211/1/783 1210/1/782
f 1191/1/763 1192/1/764 1212/1/784 1211/1/783
f 1192/1/764 1193/1/765 1213/1/785 1212/1/784
f 1193/1/765 1194/1/766 1214/1/786 1213/1/785
f 1194/1/766 1195/1/767 1215/1/787 1214/1/786
f 1195/1/767 1196/1/768 1216/1/788 1215/1/787
f 1196/1/768 1197/1/769 1217/1/789 1216/1/788
f 1197/1/769 1198/1/770 1218/1/790 1217/1/789
f 1198/1/770 1199/1/771 1219/1/791 1218/1/790
f 1199/1/771 1180/1/753 1200/1/773 1219/1/791
f 1200/1/773 1201/1/772 1221/1/792 1220/1/793
f 1201/1/772 1202/1/774 1222/1/794 1221/1/792
f 1202/1/774 1203/1/775 1223/1/795 1222/1/794
f 1203/1/775 1204/1/776 1224/1/796 1223/1/795
f 1204/1/776 1205/1/777 1225/1/797 1224/1/796
f 1205/1/777 1206/1/778 1226/1/798 1225/1/797
f 1206/1/778 1207/1/779 1227/1/799 1226/1/798
f 1207/1/779 1208/1/780 1228/1/800 1227/1/799
f 1208/1/780 1209/1/781 1229/1/801 1228/1/800
f 1209/1/781 1210/1/782 1230/1/802 1229/1/801
f 1210/1/782 1211/1/783 1231/1/803 1230/1/802
f 1211/1/783 1212/1/784 1232/1/804 1231/1/803
f 1212/1/784 1213/1/785 1233/1/805 1232/1/804
f 1213/1/785 1214/1/786 1234/1/806 1233/1/805
f 1214/1/786 1215/1/787 1235/1/807 1234/1/806
f 1215/1/787 1216/1/788 1236/1/808 1235/1/807
f 1216/1/788 1217/1/789 1237/1/809 1236/1/808
f 1217/1/789 1218/1/790 1238/1/810 1237/1/809
f 1218/1/790 1219/1/791 1239/1/811 1238/1/810
f 1219/1/791 1200/1/773 1220/1/793 1239/1/811
f 1220/1/793 1221/1/792 1241/1/812 1240/1/813
f 1221/1/792 1222/1/794 1242/1/814 1241/1/812
f 1222/1/794 1223/1/795 1243/1/815 1242/1/814
f 1223/1/795 1224/1/796 1244/1/816 1243/1/815
f 1224/1/796 1225/1/797 1245/1/817 1244/1/816
f 1225/1/797 1226/1/798 1246/1/818 1245/1/817
f 1226/1/798 1227/1/799 1247/1/819 1246/1/818
f 1227/1/799 1228/1/800 1248/1/820 1247/1/819
f 1228/1/800 1229/1/801 1249/1/821 1248/1/820
f 1229/1/801 1230/1/802 1250/1/822 1249/1/821
f 1230/1/802 1231/1/803 1251/1/823 1250/1/822
f 1231/1/803 1232/1/804 1252/1/824 1251/1/823
f 1232/1/804 1233/1/805 1253/1/825 1252/1/824
f 1233/1/805 1234/1/806 1254/1/826 1253/1/825
f 1234/1/806 1235/1/807 1255/1/827 1254/1/826
f 1235/1/807 1236/1/808 1256/1/828 1255/1/827
f 1236/1/808 1237/1/809 1257/1/829 1256/1/828
f 1237/1/809 1238/1/810 1258/1/830 1257/1/829
f 1238/1/810 1239/1/811 1259/1/831 1258/1/830
f 1239/1/811 1220/1/793 1240/1/813 1259/1/831
f 1240/1/813 1241/1/812 1261/1/832 1260/1/833
f 1241/1/812 1242/1/814 1262/1/834 1261/1/832
f 1242/1/814 1243/1/815 1263/1/835 1262/1/834
f 1243/1/815 1244/1/816 1264/1/836 1263/1/835
f 1244/1/816 1245/1/817 1265/1/837 1264/1/836
f 1245/1/817 1246/1/818 1266/1/838 1265/1/837
f 1246/1/818 1247/1/819 1267/1/839 1266/1/838
f 1247/1/819 1248/1/820 1268/1/840 1267/1/839
f 1248/1/820 1249/1/821 1269/1/841 1268/1/840
f 1249/1/821 1250/1/822 1270/1/842 1269/1/841
f 1250/1/822 1251/1/823 1271/1/843 1270/1/842
f 1251/1/823 1252/1/824 1272/1/844 1271/1/843
f 1252/1/824 1253/1/825 1273/1/845 1272/1/844
f 1253/1/825 1254/1/826 1274/1/846 1273/1/845
f 1254/1/826 1255/1/827 1275/1/847 1274/1/846
f 1255/1/827 1256/1/828 1276/1/848 1275/1/847
f 1256/1/828 1257/1/829 1277/1/849 1276/1/848
f 1257/1/829 1258/1/830 1278/1/850 1277/1/849
f 1258/1/830 1259/1/831 1279/1/851 1278/1/850
f 1259/1/831 1240/1/813 1260/1/833 1279/1/851
f 1260/1/833 1261/1/832 1281/1/852 1280/1/853
f 1261/1/832 1262/1/834 1282/1/854 1281/1/852
f 1262/1/834 1263/1/835 1283/1/855 1282/1/854
f 1263/1/835 1264/1/836 1284/1/856 1283/1/855
f 1264/1/836 1265/1/837 1285/1/857 1284/1/856
f 1265/1/837 1266/1/838 1286/1/858 1285/1/857
f 1266/1/838 1267/1/839 1287/1/859 1286/1/858
f 1267/1/839 1268/1/840 1288/1/860 1287/1/859
f 1268/1/840 1269/1/841 1289/1/861 1288/1/860
f 1269/1/841 1270/1/842 1290/1/862 1289/1/861
f 1270/1/842 1271/1/843 1291/1/863 1290/1/862
f 1271/1/843 1272/1/844 1292/1/864 1291/1/863
f 1272/1/844 1273/1/845 1293/1/865 1292/1/864
f 1273/1/845 1274/1/846 1294/1/866 1293/1/865
f 1274/1/846 1275/1/847 1295/1/867 1294/1/866
f 1275/1/847 1276/1/848 1296/1/868 1295/1/867
f 1276/1/848 1277/1/849 1297/1/869 1296/1/868
f 1277/1/849 1278/1/850 1298/1/870 1297/1/869
f 1278/1/850 1279/1/851 1299/1/871 1298/1/870
f 1279/1/851 1260/1/833 1280/1/853 1299/1/871
f 1280/1/853 1281/1/852 1300/1/28
f 1281/1/852 1282/1/854 1300/1/28
f 1282/1/854 1283/1/855 1300/1/28
f 1283/1/855 1284/1/856 1300/1/28
f 1284/1/856 1285/1/857 1300/1/28
f 1285/1/857 1286/1/858 1300/1/28
f 1286/1/858 1287/1/859 1300/1/28
f 1287/1/859 1288/1/860 1300/1/28
f 1288/1/860 1289/1/861 1300/1/28
f 1289/1/861 1290/1/862 1300/1/28
f 1290/1/862 1291/1/863 1300/1/28
f 1291/1/863 1292/1/864 1300/1/28
f 1292/1/864 1293/1/865 1300/1/28
f 1293/1/865 1294/1/866 1300/1/28
f 1294/1/866 1295/1/867 1300/1/28
f 1295/1/867 1296/1/868 1300/1/28
f 1296/1/868 1297/1/869 1300/1/28
f 1297/1/869 1298/1/870 1300/1/28
f 1298/1/870 1299/1/871 1300/1/28
f 1299/1/871 1280/1/853 1300/1/28
f 1333/1/25 1335/1/672 1334/1/673
f 1333/1/25 1336/1/674 1335/1/672
f 1333/1/25 1337/1/675 1336/1/674
f 1333/1/25 1338/1/676 1337/1/675
f 1333/1/25 1339/1/677 1338/1/676
f 1333/1/25 1340/1/678 1339/1/677
f 1333/1/25 1341/1/679 1340/1/678
f 1333/1/25 1342/1/680 1341/1/679
f 1333/1/25 1343/1/681 1342/1/680
f 1333/1/25 1344/1/682 1343/1/681
f 1333/1/25 1345/1/683 1344/1/682
f 1333/1/25 1346/1/684 1345/1/683
f 1333/1/25 1347/1/685 1346/1/684
f 1333/1/25 1348/1/686 1347/1/685
f 1333/1/25 1349/1/687 1348/1/686
f 1333/1/25 1350/1/688 1349/1/687
f 1333/1/25 1351/1/689 1350/1/688
f 1333/1/25 1352/1/690 1351/1/689
f 1333/1/25 1353/1/691 1352/1/690
f 1333/1/25 1334/1/673 1353/1/691
f 1334/1/673 1335/1/672 1355/1/692 1354/1/693
f 1335/1/672 1336/1/674 1356/1/694 1355/1/692
f 1336/1/674 1337/1/675 1357/1/695 1356/1/694
f 1337/1/675 1338/1/676 1358/1/696 1357/1/695
f 1338/1/676 1339/1/677 1359/1/697 1358/1/696
f 1339/1/677 1340/1/678 1360/1/698 1359/1/697
f 1340/1/678 1341/1/679 1361/1/699 1360/1/698
f 1341/1/679 1342/1/680 1362/1/700 1361/1/699
f 1342/1/680 1343/1/681 1363/1/701 1362/1/700
f 1343/1/681 1344/1/682 1364/1/702 1363/1/701
f 1344/1/682 1345/1/683 1365/1/703 1364/1/702
f 1345/1/683 1346/1/684 1366/1/704 1365/1/703
f 1346/1/684 1347/1/685 1367/1/888 1366/1/704
f 1347/1/685 1348/1/686 1368/1/706 1367/1/888
f 1348/1/686 1349/1/687 1369/1/707 1368/1/706
f 1349/1/687 1350/1/688 1370/1/708 1369/1/707
f 1350/1/688 1351/1/689 1371/1/889 1370/1/708
f 1351/1/689 1352/1/690 1372/1/710 1371/1/889
f 1352/1/690 1353/1/691 1373/1/711 1372/1/710
f 1353/1/691 1334/1/673 1354/1/693 1373/1/711
f 1354/1/693 1355/1/692 1375/1/712 1374/1/713
f 1355/1/692 1356/1/694 1376/1/714 1375/1/712
f 1356/1/694 1357/1/695 1377/1/715 1376/1/714
f 1357/1/695 1358/1/696 1378/1/716 1377/1/715
f 1358/1/696 1359/1/697 1379/1/717 1378/1/716
f 1359/1/697 1360/1/698 1380/1/718 1379/1/717
f 1360/1/698 1361/1/699 1381/1/719 1380/1/718
f 1361/1/699 1362/1/700 1382/1/720 1381/1/719
f 1362/1/700 1363/1/701 1383/1/721 1382/1/720
f 1363/1/701 1364/1/702 1384/1/722 1383/1/721
f 1364/1/702 1365/1/703 1385/1/723 1384/1/722
f 1365/1/703 1366/1/704 1386/1/724 1385/1/723
f 1366/1/704 1367/1/888 1387/1/725 1386/1/724
f 1367/1/888 1368/1/706 1388/1/726 1387/1/725
f 1368/1/706 1369/1/707 1389/1/727 1388/1/726
f 1369/1/707 1370/1/708 1390/1/728 1389/1/727
f 1370/1/708 1371/1/889 1391/1/729 1390/1/728
f 1371/1/889 1372/1/710 1392/1/730 1391/1/729
f 1372/1/710 1373/1/711 1393/1/731 1392/1/730
f 1373/1/711 1354/1/693 1374/1/713 1393/1/731
f 1374/1/713 1375/1/712 1395/1/732 1394/1/733
f 1375/1/712 1376/1/714 1396/1/734 1395/1/732
f 1376/1/714 1377/1/715 1397/1/735 1396/1/734
f 1377/1/715 1378/1/716 1398/1/736 1397/1/735
f 1378/1/716 1379/1/717 1399/1/737 1398/1/736
f 1379/1/717 1380/1/718 1400/1/738 1399/1/737
f 1380/1/718 1381/1/719 1401/1/739 1400/1/738
f 1381/1/719 1382/1/720 1402/1/740 1401/1/739
f 1382/1/720 1383/1/721 1403/1/741 1402/1/740
f 1383/1/721 1384/1/722 1404/1/742 1403/1/741
f 1384/1/722 1385/1/723 1405/1/743 1404/1/742
f 1385/1/723 1386/1/724 1406/1/744 1405/1/743
f 1386/1/724 1387/1/725 1407/1/745 1406/1/744
f 1387/1/725 1388/1/726 1408/1/746 1407/1/745
f 1388/1/726 1389/1/727 1409/1/747 1408/1/746
f 1389/1/727 1390/1/728 1410/1/748 1409/1/747
f 1390/1/728 1391/1/729 1411/1/749 1410/1/748
f 1391/1/729 1392/1/730 1412/1/750 1411/1/749
f 1392/1/730 1393/1/731 1413/1/751 1412/1/750
f 1393/1/731 1374/1/713 1394/1/733 1413/1/751
f 1394/1/733 1395/1/732 1415/1/752 1414/1/753
f 1395/1/732 1396/1/734 1416/1/754 1415/1/752
f 1396/1/734 1397/1/735 1417/1/755 1416/1/754
f 1397/1/735 1398/1/736 1418/1/756 1417/1/755
f 1398/1/736 1399/1/737 1419/1/757 1418/1/756
f 1399/1/737 1400/1/738 1420/1/758 1419/1/757
f 1400/1/738 1401/1/739 1421/1/759 1420/1/758
f 1401/1/739 1402/1/740 1422/1/760 1421/1/759
f 1402/1/740 1403/1/741 1423/1/761 1422/1/760
f 1403/1/741 1404/1/742 1424/1/762 1423/1/761
f 1404/1/742 1405/1/743 1425/1/763 1424/1/762
f 1405/1/743 1406/1/744 1426/1/764 1425/1/763
f 1406/1/744 1407/1/745 1427/1/765 1426/1/764
f 1407/1/745 1408/1/746 1428/1/766 1427/1/765
f 1408/1/746 1409/1/747 1429/1/767 1428/1/766
f 1409/1/747 1410/1/748 1430/1/768 1429/1/767
f 1410/1/748 1411/1/749 1431/1/769 1430/1/768
f 1411/1/749 1412/1/750 1432/1/770 1431/1/769
f 1412/1/750 1413/1/751 1433/1/771 1432/1/770
f 1413/1/751 1394/1/733 1414/1/753 1433/1/771
f 1414/1/753 1415/1/752 1435/1/772 1434/1/773
f 1415/1/752 1416/1/754 1436/1/774 1435/1/772
f 1416/1/754 1417/1/755 1437/1/775 1436/1/774
f 1417/1/755 1418/1/756 1438/1/776 1437/1/775
f 1418/1/756 1419/1/757 1439/1/777 1438/1/776
f 1419/1/757 1420/1/758 1440/1/778 1439/1/777
f 1420/1/758 1421/1/759 1441/1/779 1440/1/778
f 1421/1/759 1422/1/760 1442/1/780 1441/1/779
f 1422/1/760 1423/1/761 1443/1/781 1442/1/780
f 1423/1/761 1424/1/762 1444/1/782 1443/1/781
f 1424/1/762 1425/1/763 1445/1/783 1444/1/782
f 1425/1/763 1426/1/764 1446/1/784 1445/1/783
f 1426/1/764 1427/1/765 1447/1/785 1446/1/784
f 1427/1/765 1428/1/766 1448/1/786 1447/1/785
f 1428/1/766 1429/1/767 1449/1/787 1448/1/786
f 1429/1/767 1430/1/768 1450/1/788 1449/1/787
f 1430/1/768 1431/1/769 1451/1/789 1450/1/788
f 1431/1/769 1432/1/770 1452/1/790 1451/1/789
f 1432/1/770 1433/1/771 1453/1/791 1452/1/790
f 1433/1/771 1414/1/753 1434/1/773 1453/1/791
f 1434/1/773 1435/1/772 1455/1/792 1454/1/793
f 1435/1/772 1436/1/774 1456/1/794 1455/1/792
f 1436/1/774 1437/1/775 1457/1/795 1456/1/794
f 1437/1/775 1438/1/776 1458/1/796 1457/1/795
f 1438/1/776 1439/1/777 1459/1/797 1458/1/796
f 1439/1/777 1440/1/778 1460/1/798 1459/1/797
f 1440/1/778 1441/1/779 1461/1/799 1460/1/798
f 1441/1/779 1442/1/780 1462/1/800 1461/1/799
f 1442/1/780 1443/1/781 1463/1/801 1462/1/800
f 1443/1/781 1444/1/782 1464/1/802 1463/1/801
f 1444/1/782 1445/1/783 1465/1/803 1464/1/802
f 1445/1/783 1446/1/784 1466/1/804 1465/1/803
f 1446/1/784 1447/1/785 1467/1/805 1466/1/804
f 1447/1/785 1448/1/786 1468/1/806 1467/1/805
f 1448/1/786 1449/1/787 1469/1/807 1468/1/806
f 1449/1/787 1450/1/788 1470/1/808 1469/1/807
f 1450/1/788 1451/1/789 1471/1/809 1470/1/808
f 1451/1/789 1452/1/790 1472/1/810 1471/1/809
f 1452/1/790 1453/1/791 1473/1/811 1472/1/810
f 1453/1/791 1434/1/773 1454/1/793 1473/1/811
f 1454/1/793 1455/1/792 1475/1/812 1474/1/813
f 1455/1/792 1456/1/794 1476/1/814 1475/1/812
f 1456/1/794 1457/1/795 1477/1/815 1476/1/814
f 1457/1/795 1458/1/796 1478/1/816 1477/1/815
f 1458/1/796 1459/1/797 1479/1/817 1478/1/816
f 1459/1/797 1460/1/798 1480/1/818 1479/1/817
f 1460/1/798 1461/1/799 1481/1/819 1480/1/818
f 1461/1/799 1462/1/800 1482/1/820 1481/1/819
f 1462/1/800 1463/1/801 1483/1/821 1482/1/820
f 1463/1/801 1464/1/802 1484/1/822 1483/1/821
f 1464/1/802 1465/1/803 1485/1/823 1484/1/822
f 1465/1/803 1466/1/804 1486/1/824 1485/1/823
f 1466/1/804 1467/1/805 1487/1/825 1486/1/824
f 1467/1/805 1468/1/806 1488/1/826 1487/1/825
f 1468/1/806 1469/1/807 1489/1/827 1488/1/826
f 1469/1/807 1470/1/808 1490/1/828 1489/1/827
f 1470/1/808 1471/1/809 1491/1/829 1490/1/828
f 1471/1/809 1472/1/810 1492/1/830 1491/1/829
f 1472/1/810 1473/1/811 1493/1/831 1492/1/830
f 1473/1/811 1454/1/793 1474/1/813 1493/1/831
f 1474/1/813 1475/1/812 1495/1/832 1494/1/833
f 1475/1/812 1476/1/814 1496/1/834 1495/1/832
f 1476/1/814 1477/1/815 1497/1/890 1496/1/834
f 1477/1/815 1478/1/816 1498/1/836 1497/1/890
f 1478/1/816 1479/1/817 1499/1/837 1498/1/836
f 1479/1/817 1480/1/818 1500/1/838 1499/1/837
f 1480/1/818 1481/1/819 1501/1/839 1500/1/838
f 1481/1/819 1482/1/820 1502/1/840 1501/1/839
f 1482/1/820 1483/1/821 1503/1/891 1502/1/840
f 1483/1/821 1484/1/822 1504/1/842 1503/1/891
f 1484/1/822 1485/1/823 1505/1/892 1504/1/842
f 1485/1/823 1486/1/824 1506/1/844 1505/1/892
f 1486/1/824 1487/1/825 1507/1/845 1506/1/844
f 1487/1/825 1488/1/826 1508/1/846 1507/1/845
f 1488/1/826 1489/1/827 1509/1/847 1508/1/846
f 1489/1/827 1490/1/828 1510/1/848 1509/1/847
f 1490/1/828 1491/1/829 1511/1/893 1510/1/848
f 1491/1/829 1492/1/830 1512/1/850 1511/1/893
f 1492/1/830 1493/1/831 1513/1/851 1512/1/850
f 1493/1/831 1474/1/813 1494/1/833 1513/1/851
f 1494/1/833 1495/1/832 1515/1/852 1514/1/853
f 1495/1/832 1496/1/834 1516/1/854 1515/1/852
f 1496/1/834 1497/1/890 1517/1/855 1516/1/854
f 1497/1/890 1498/1/836 1518/1/856 1517/1/855
f 1498/1/836 1499/1/837 1519/1/857 1518/1/856
f 1499/1/837 1500/1/838 1520/1/858 1519/1/857
f 1500/1/838 1501/1/839 1521/1/859 1520/1/858
f 1501/1/839 1502/1/840 1522/1/860 1521/1/859
f 1502/1/840 1503/1/891 1523/1/861 1522/1/860
f 1503/1/891 1504/1/842 1524/1/862 1523/1/861
f 1504/1/842 1505/1/892 1525/1/863 1524/1/862
f 1505/1/892 1506/1/844 1526/1/864 1525/1/863
f 1506/1/844 1507/1/845 1527/1/865 1526/1/864
f 1507/1/845 1508/1/846 1528/1/866 1527/1/865
f 1508/1/846 1509/1/847 1529/1/867 1528/1/866
f 1509/1/847 1510/1/848 1530/1/868 1529/1/867
f 1510/1/848 1511/1/893 1531/1/869 1530/1/868
f 1511/1/893 1512/1/850 1532/1/870 1531/1/869
f 1512/1/850 1513/1/851 1533/1/871 1532/1/870
f 1513/1/851 1494/1/833 1514/1/853 1533/1/871
f 1514/1/853 1515/1/852 1534/1/28
f 1515/1/852 1516/1/854 1534/1/28
f 1516/1/854 1517/1/855 1534/1/28
f 1517/1/855 1518/1/856 1534/1/28
f 1518/1/856 1519/1/857 1534/1/28
f 1519/1/857 1520/1/858 1534/1/28
f 1520/1/858 1521/1/859 1534/1/28
f 1521/1/859 1522/1/860 1534/1/28
f 1522/1/860 1523/1/861 1534/1/28
f 1523/1/861 1524/1/862 1534/1/28
f 1524/1/862 1525/1/863 1534/1/28
f 1525/1/863 1526/1/864 1534/1/28
f 1526/1/864 1527/1/865 1534/1/28
f 1527/1/865 1528/1/866 1534/1/28
f 1528/1/866 1529/1/867 1534/1/28
f 1529/1/867 1530/1/868 1534/1/28
f 1530/1/868 1531/1/869 1534/1/28
f 1531/1/869 1532/1/870 1534/1/28
f 1532/1/870 1533/1/871 1534/1/28
f 1533/1/871 1514/1/853 1534/1/28
usemtl teal
f 2735/1/28 2736/1/28 2738/1/2073 2737/1/2073
f 2737/1/2073 2738/1/2073 2740/1/2074 2739/1/2074
f 2739/1/2074 2740/1/2074 2742/1/2075 2741/1/2075
f 2741/1/2075 2742/1/2075 2744/1/2076 2743/1/2076
f 2743/1/2076 2744/1/2076 2746/1/30 2745/1/30
f 2745/1/30 2746/1/30 2748/1/2077 2747/1/2077
f 2747/1/2077 2748/1/2077 2750/1/2078 2749/1/2078
f 2749/1/2078 2750/1/2078 2752/1/2079 2751/1/2079
f 2751/1/2079 2752/1/2079 2754/1/2080 2753/1/2080
f 2753/1/2080 2754/1/2080 2756/1/25 2755/1/25
f 2755/1/25 2756/1/25 2758/1/2081 2757/1/2081
f 2757/1/2081 2758/1/2081 2760/1/2082 2759/1/2082
f 2759/1/2082 2760/1/2082 2762/1/2083 2761/1/2083
f 2761/1/2083 2762/1/2083 2764/1/2084 2763/1/2084
f 2763/1/2084 2764/1/2084 2766/1/26 2765/1/26
f 2765/1/26 2766/1/26 2768/1/2085 2767/1/2085
f 2767/1/2085 2768/1/2085 2770/1/2086 2769/1/2086
f 2769/1/2086 2770/1/2086 2772/1/2087 2771/1/2087
f 2738/1/27 2736/1/27 2774/1/27 2772/1/27 2770/1/27 2768/1/27 2766/1/27 2764/1/27 2762/1/27 2760/1/27 2758/1/27 2756/1/27 2754/1/27 2752/1/27 2750/1/27 2748/1/27 2746/1/27 2744/1/27 2742/1/27 2740/1/27
f 2771/1/2087 2772/1/2087 2774/1/2088 2773/1/2088
f 2773/1/2088 2774/1/2088 2736/1/28 2735/1/28
f 2735/1/29 2737/1/29 2739/1/29 2741/1/29 2743/1/29 2745/1/29 2747/1/29 2749/1/29 2751/1/29 2753/1/29 2755/1/29 2757/1/29 2759/1/29 2761/1/29 2763/1/29 2765/1/29 2767/1/29 2769/1/29 2771/1/29 2773/1/29
f 2935/1/28 2936/1/28 2938/1/2073 2937/1/2073
f 2937/1/2073 2938/1/2073 2940/1/2074 2939/1/2074
f 2939/1/2074 2940/1/2074 2942/1/2075 2941/1/2075
f 2941/1/2075 2942/1/2075 2944/1/2076 2943/1/2076
f 2943/1/2076 2944/1/2076 2946/1/30 2945/1/30
f 2945/1/30 2946/1/30 2948/1/2077 2947/1/2077
f 2947/1/2077 2948/1/2077 2950/1/2078 2949/1/2078
f 2949/1/2078 2950/1/2078 2952/1/2079 2951/1/2079
f 2951/1/2079 2952/1/2079 2954/1/2080 2953/1/2080
f 2953/1/2080 2954/1/2080 2956/1/25 2955/1/25
f 2955/1/25 2956/1/25 2958/1/2081 2957/1/2081
f 2957/1/2081 2958/1/2081 2960/1/2082 2959/1/2082
f 2959/1/2082 2960/1/2082 2962/1/2083 2961/1/2083
f 2961/1/2083 2962/1/2083 2964/1/2084 2963/1/2084
f 2963/1/2084 2964/1/2084 2966/1/26 2965/1/26
f 2965/1/26 2966/1/26 2968/1/2085 2967/1/2085
f 2967/1/2085 2968/1/2085 2970/1/2086 2969/1/2086
f 2969/1/2086 2970/1/2086 2972/1/2087 2971/1/2087
f 2938/1/27 2936/1/27 2974/1/27 2972/1/27 2970/1/27 2968/1/27 2966/1/27 2964/1/27 2962/1/27 2960/1/27 2958/1/27 2956/1/27 2954/1/27 2952/1/27 2950/1/27 2948/1/27 2946/1/27 2944/1/27 2942/1/27 2940/1/27
f 2971/1/2087 2972/1/2087 2974/1/2088 2973/1/2088
f 2973/1/2088 2974/1/2088 2936/1/28 2935/1/28
f 2935/1/29 2937/1/29 2939/1/29 2941/1/29 2943/1/29 2945/1/29 2947/1/29 2949/1/29 2951/1/29 2953/1/29 2955/1/29 2957/1/29 2959/1/29 2961/1/29 2963/1/29 2965/1/29 2967/1/29 2969/1/29 2971/1/29 2973/1/29
f 6065/1/2075 6066/1/3125 6094/1/3125 6093/1/2075
f 6066/1/3125 6067/1/3126 6095/1/3126 6094/1/3125
f 6067/1/3126 6068/1/3127 6096/1/3127 6095/1/3126
f 6068/1/3127 6069/1/3128 6097/1/3128 6096/1/3127
f 6069/1/3128 6070/1/3129 6098/1/3129 6097/1/3128
f 6070/1/3129 6071/1/3130 6099/1/3130 6098/1/3129
f 6071/1/3130 6072/1/3131 6100/1/3131 6099/1/3130
f 6072/1/3131 6073/1/3132 6101/1/3132 6100/1/3131
f 6073/1/3132 6074/1/3133 6102/1/3133 6101/1/3132
f 6074/1/3133 6075/1/3134 6103/1/3134 6102/1/3133
f 6075/1/3134 6076/1/3135 6104/1/3135 6103/1/3134
f 6076/1/3135 6077/1/3136 6105/1/3136 6104/1/3135
f 6077/1/3136 6078/1/3137 6106/1/3137 6105/1/3136
f 6078/1/3137 6079/1/2086 6107/1/2086 6106/1/3137
f 6079/1/2086 6080/1/3138 6108/1/3138 6107/1/2086
f 6080/1/3138 6081/1/3139 6109/1/3139 6108/1/3138
f 6081/1/3139 6082/1/3140 6110/1/3140 6109/1/3139
f 6082/1/3140 6083/1/3141 6111/1/3141 6110/1/3140
f 6083/1/3141 6084/1/3142 6112/1/3142 6111/1/3141
f 6084/1/3142 6085/1/3143 6113/1/3143 6112/1/3142
f 6085/1/3143 6086/1/3144 6114/1/3144 6113/1/3143
f 6086/1/3144 6087/1/3145 6115/1/3145 6114/1/3144
f 6087/1/3145 6088/1/3146 6116/1/3146 6115/1/3145
f 6088/1/3146 6089/1/3147 6117/1/3147 6116/1/3146
f 6089/1/3147 6090/1/3148 6118/1/3148 6117/1/3147
f 6090/1/3148 6091/1/3149 6119/1/3149 6118/1/3148
f 6091/1/3149 6092/1/3150 6120/1/3150 6119/1/3149
f 6092/1/3150 6065/1/2075 6093/1/2075 6120/1/3150
f 6093/1/2088 6094/1/3151 6122/1/3151 6121/1/2088
f 6094/1/3151 6095/1/3152 6123/1/3152 6122/1/3151
f 6095/1/3152 6096/1/3153 6124/1/3153 6123/1/3152
f 6096/1/3153 6097/1/3154 6125/1/3154 6124/1/3153
f 6097/1/3154 6098/1/3155 6126/1/3155 6125/1/3154
f 6098/1/3155 6099/1/3156 6127/1/3156 6126/1/3155
f 6099/1/3156 6100/1/3157 6128/1/3157 6127/1/3156
f 6100/1/3157 6101/1/3158 6129/1/3158 6128/1/3157
f 6101/1/3158 6102/1/3159 6130/1/3159 6129/1/3158
f 6102/1/3159 6103/1/3160 6131/1/3160 6130/1/3159
f 6103/1/3160 6104/1/3161 6132/1/3161 6131/1/3160
f 6104/1/3161 6105/1/3162 6133/1/3162 6132/1/3161
f 6105/1/3162 6106/1/3163 6134/1/3163 6133/1/3162
f 6106/1/3163 6107/1/2073 6135/1/2073 6134/1/3163
f 6107/1/2073 6108/1/3164 6136/1/3164 6135/1/2073
f 6108/1/3164 6109/1/3165 6137/1/3165 6136/1/3164
f 6109/1/3165 6110/1/3166 6138/1/3166 6137/1/3165
f 6110/1/3166 6111/1/3167 6139/1/3167 6138/1/3166
f 6111/1/3167 6112/1/3168 6140/1/3168 6139/1/3167
f 6112/1/3168 6113/1/3169 6141/1/3169 6140/1/3168
f 6113/1/3169 6114/1/3170 6142/1/3170 6141/1/3169
f 6114/1/3170 6115/1/3171 6143/1/3171 6142/1/3170
f 6115/1/3171 6116/1/3172 6144/1/3172 6143/1/3171
f 6116/1/3172 6117/1/3173 6145/1/3173 6144/1/3172
f 6117/1/3173 6118/1/3174 6146/1/3174 6145/1/3173
f 6118/1/3174 6119/1/3175 6147/1/3175 6146/1/3174
f 6119/1/3175 6120/1/3176 6148/1/3176 6147/1/3175
f 6120/1/3176 6093/1/2088 6121/1/2088 6148/1/3176
f 6121/1/26 6122/1/408 6150/1/408 6149/1/26
f 6122/1/408 6123/1/409 6151/1/409 6150/1/408
f 6123/1/409 6124/1/410 6152/1/410 6151/1/409
f 6124/1/410 6125/1/411 6153/1/411 6152/1/410
f 6125/1/411 6126/1/412 6154/1/412 6153/1/411
f 6126/1/412 6127/1/413 6155/1/413 6154/1/412
f 6127/1/413 6128/1/27 6156/1/27 6155/1/413
f 6128/1/27 6129/1/414 6157/1/414 6156/1/27
f 6129/1/414 6130/1/415 6158/1/415 6157/1/414
f 6130/1/415 6131/1/416 6159/1/416 6158/1/415
f 6131/1/416 6132/1/417 6160/1/417 6159/1/416
f 6132/1/417 6133/1/418 6161/1/418 6160/1/417
f 6133/1/418 6134/1/419 6162/1/419 6161/1/418
f 6134/1/419 6135/1/30 6163/1/30 6162/1/419
f 6135/1/30 6136/1/396 6164/1/396 6163/1/30
f 6136/1/396 6137/1/397 6165/1/397 6164/1/396
f 6137/1/397 6138/1/398 6166/1/398 6165/1/397
f 6138/1/398 6139/1/399 6167/1/399 6166/1/398
f 6139/1/399 6140/1/400 6168/1/400 6167/1/399
f 6140/1/400 6141/1/401 6169/1/401 6168/1/400
f 6141/1/401 6142/1/29 6170/1/29 6169/1/401
f 6142/1/29 6143/1/402 6171/1/402 6170/1/29
f 6143/1/402 6144/1/403 6172/1/403 6171/1/402
f 6144/1/403 6145/1/404 6173/1/404 6172/1/403
f 6145/1/404 6146/1/405 6174/1/405 6173/1/404
f 6146/1/405 6147/1/406 6175/1/406 6174/1/405
f 6147/1/406 6148/1/407 6176/1/407 6175/1/406
f 6148/1/407 6121/1/26 6149/1/26 6176/1/407
f 6149/1/2081 6150/1/3177 6178/1/3177 6177/1/2081
f 6150/1/3177 6151/1/3178 6179/1/3178 6178/1/3177
f 6151/1/3178 6152/1/3179 6180/1/3179 6179/1/3178
f 6152/1/3179 6153/1/3180 6181/1/3180 6180/1/3179
f 6153/1/3180 6154/1/3181 6182/1/3181 6181/1/3180
f 6154/1/3181 6155/1/3182 6183/1/3182 6182/1/3181
f 6155/1/3182 6156/1/3183 6184/1/3183 6183/1/3182
f 6156/1/3183 6157/1/3184 6185/1/3184 6184/1/3183
f 6157/1/3184 6158/1/3185 6186/1/3185 6185/1/3184
f 6158/1/3185 6159/1/3186 6187/1/3186 6186/1/3185
f 6159/1/3186 6160/1/3187 6188/1/3187 6187/1/3186
f 6160/1/3187 6161/1/3188 6189/1/3188 6188/1/3187
f 6161/1/3188 6162/1/3189 6190/1/3189 6189/1/3188
f 6162/1/3189 6163/1/2080 6191/1/2080 6190/1/3189
f 6163/1/2080 6164/1/3190 6192/1/3190 6191/1/2080
f 6164/1/3190 6165/1/3191 6193/1/3191 6192/1/3190
f 6165/1/3191 6166/1/3192 6194/1/3192 6193/1/3191
f 6166/1/3192 6167/1/3193 6195/1/3193 6194/1/3192
f 6167/1/3193 6168/1/3194 6196/1/3194 6195/1/3193
f 6168/1/3194 6169/1/3195 6197/1/3195 6196/1/3194
f 6169/1/3195 6170/1/3196 6198/1/3196 6197/1/3195
f 6170/1/3196 6171/1/3197 6199/1/3197 6198/1/3196
f 6171/1/3197 6172/1/3198 6200/1/3198 6199/1/3197
f 6172/1/3198 6173/1/3199 6201/1/3199 6200/1/3198
f 6173/1/3199 6174/1/3200 6202/1/3200 6201/1/3199
f 6174/1/3200 6175/1/3201 6203/1/3201 6202/1/3200
f 6175/1/3201 6176/1/3202 6204/1/3202 6203/1/3201
f 6176/1/3202 6149/1/2081 6177/1/2081 6204/1/3202
f 6177/1/2078 6178/1/3203 6066/1/3203 6065/1/2078
f 6178/1/3203 6179/1/3204 6067/1/3204 6066/1/3203
f 6179/1/3204 6180/1/3205 6068/1/3205 6067/1/3204
f 6180/1/3205 6181/1/3206 6069/1/3206 6068/1/3205
f 6181/1/3206 6182/1/3207 6070/1/3207 6069/1/3206
f 6182/1/3207 6183/1/3208 6071/1/3208 6070/1/3207
f 6183/1/3208 6184/1/3209 6072/1/3209 6071/1/3208
f 6184/1/3209 6185/1/3210 6073/1/3210 6072/1/3209
f 6185/1/3210 6186/1/3211 6074/1/3211 6073/1/3210
f 6186/1/3211 6187/1/3212 6075/1/3212 6074/1/3211
f 6187/1/3212 6188/1/3213 6076/1/3213 6075/1/3212
f 6188/1/3213 6189/1/3214 6077/1/3214 6076/1/3213
f 6189/1/3214 6190/1/3215 6078/1/3215 6077/1/3214
f 6190/1/3215 6191/1/2083 6079/1/2083 6078/1/3215
f 6191/1/2083 6192/1/3216 6080/1/3216 6079/1/2083
f 6192/1/3216 6193/1/3217 6081/1/3217 6080/1/3216
f 6193/1/3217 6194/1/3218 6082/1/3218 6081/1/3217
f 6194/1/3218 6195/1/3219 6083/1/3219 6082/1/3218
f 6195/1/3219 6196/1/3220 6084/1/3220 6083/1/3219
f 6196/1/3220 6197/1/3221 6085/1/3221 6084/1/3220
f 6197/1/3221 6198/1/3222 6086/1/3222 6085/1/3221
f 6198/1/3222 6199/1/3223 6087/1/3223 6086/1/3222
f 6199/1/3223 6200/1/3224 6088/1/3224 6087/1/3223
f 6200/1/3224 6201/1/3225 6089/1/3225 6088/1/3224
f 6201/1/3225 6202/1/3226 6090/1/3226 6089/1/3225
f 6202/1/3226 6203/1/3227 6091/1/3227 6090/1/3226
f 6203/1/3227 6204/1/3228 6092/1/3228 6091/1/3227
f 6204/1/3228 6177/1/2078 6065/1/2078 6092/1/3228
usemtl cream
f 3143/1/29 3144/1/29 3146/1/401 3145/1/401
f 3145/1/401 3146/1/401 3148/1/400 3147/1/400
f 3147/1/400 3148/1/400 3150/1/399 3149/1/399
f 3149/1/399 3150/1/399 3152/1/398 3151/1/398
f 3151/1/398 3152/1/398 3154/1/397 3153/1/397
f 3153/1/397 3154/1/397 3156/1/396 3155/1/396
f 3155/1/396 3156/1/396 3158/1/30 3157/1/30
f 3157/1/30 3158/1/30 3160/1/419 3159/1/419
f 3159/1/419 3160/1/419 3162/1/418 3161/1/418
f 3161/1/418 3162/1/418 3164/1/417 3163/1/417
f 3163/1/417 3164/1/417 3166/1/416 3165/1/416
f 3165/1/416 3166/1/416 3168/1/415 3167/1/415
f 3167/1/415 3168/1/415 3170/1/414 3169/1/414
f 3169/1/414 3170/1/414 3172/1/27 3171/1/27
f 3171/1/27 3172/1/27 3174/1/413 3173/1/413
f 3173/1/413 3174/1/413 3176/1/412 3175/1/412
f 3175/1/412 3176/1/412 3178/1/411 3177/1/411
f 3177/1/411 3178/1/411 3180/1/410 3179/1/410
f 3179/1/410 3180/1/410 3182/1/409 3181/1/409
f 3181/1/409 3182/1/409 3184/1/408 3183/1/408
f 3183/1/408 3184/1/408 3186/1/26 3185/1/26
f 3185/1/26 3186/1/26 3188/1/407 3187/1/407
f 3187/1/407 3188/1/407 3190/1/406 3189/1/406
f 3189/1/406 3190/1/406 3192/1/405 3191/1/405
f 3191/1/405 3192/1/405 3194/1/404 3193/1/404
f 3193/1/404 3194/1/404 3196/1/403 3195/1/403
f 3146/1/28 3144/1/28 3198/1/28 3196/1/28 3194/1/28 3192/1/28 3190/1/28 3188/1/28 3186/1/28 3184/1/28 3182/1/28 3180/1/28 3178/1/28 3176/1/28 3174/1/28 3172/1/28 3170/1/28 3168/1/28 3166/1/28 3164/1/28 3162/1/28 3160/1/28 3158/1/28 3156/1/28 3154/1/28 3152/1/28 3150/1/28 3148/1/28
f 3195/1/403 3196/1/403 3198/1/402 3197/1/402
f 3197/1/402 3198/1/402 3144/1/29 3143/1/29
f 3143/1/25 3145/1/25 3147/1/25 3149/1/25 3151/1/25 3153/1/25 3155/1/25 3157/1/25 3159/1/25 3161/1/25 3163/1/25 3165/1/25 3167/1/25 3169/1/25 3171/1/25 3173/1/25 3175/1/25 3177/1/25 3179/1/25 3181/1/25 3183/1/25 3185/1/25 3187/1/25 3189/1/25 3191/1/25 3193/1/25 3195/1/25 3197/1/25
f 3332/5/2357 3330/667/2357 3331/883/2357
f 3332/5/2357 3329/451/2357 3330/667/2357
f 3327/1/2357 3329/451/2357 3332/5/2357
f 3327/1/2357 3328/235/2357 3329/451/2357
f 3335/451/2358 3337/883/2358 3336/667/2358
f 3335/451/2358 3338/5/2358 3337/883/2358
f 3334/235/2358 3338/5/2358 3335/451/2358
f 3334/235/2358 3333/1/2358 3338/5/2358
f 3333/9/2359 3327/10/2359 3332/1096/2359 3338/1097/2359
f 3334/1098/2360 3328/1099/2360 3327/5/2360 3333/1/2360
f 3335/1100/2361 3329/1101/2361 3328/1099/2361 3334/1098/2361
f 3336/19/2362 3330/20/2362 3329/1101/2362 3335/1100/2362
f 3337/1102/2363 3331/1103/2363 3330/20/2363 3336/19/2363
f 3338/1097/2364 3332/1096/2364 3331/1103/2364 3337/1102/2364
f 3344/5/2365 3342/667/2365 3343/883/2365
f 3344/5/2365 3341/451/2365 3342/667/2365
f 3339/1/2365 3341/451/2365 3344/5/2365
f 3339/1/2365 3340/235/2365 3341/451/2365
f 3347/451/2366 3349/883/2366 3348/667/2366
f 3347/451/2366 3350/5/2366 3349/883/2366
f 3346/235/2366 3350/5/2366 3347/451/2366
f 3346/235/2366 3345/1/2366 3350/5/2366
f 3345/9/2367 3339/10/2367 3344/1096/2367 3350/1097/2367
f 3346/1098/2368 3340/1099/2368 3339/5/2368 3345/1/2368
f 3347/1100/2369 3341/1101/2369 3340/1099/2369 3346/1098/2369
f 3348/19/2370 3342/20/2370 3341/1101/2370 3347/1100/2370
f 3349/1102/2371 3343/1103/2371 3342/20/2371 3348/19/2371
f 3350/1097/2372 3344/1096/2372 3343/1103/2372 3349/1102/2372
f 3356/5/2365 3354/667/2365 3355/883/2365
f 3356/5/2365 3353/451/2365 3354/667/2365
f 3351/1/2365 3353/451/2365 3356/5/2365
f 3351/1/2365 3352/235/2365 3353/451/2365
f 3359/451/2366 3361/883/2366 3360/667/2366
f 3359/451/2366 3362/5/2366 3361/883/2366
f 3358/235/2366 3362/5/2366 3359/451/2366
f 3358/235/2366 3357/1/2366 3362/5/2366
f 3357/9/2367 3351/10/2367 3356/1096/2367 3362/1097/2367
f 3358/1098/2368 3352/1099/2368 3351/5/2368 3357/1/2368
f 3359/1100/2369 3353/1101/2369 3352/1099/2369 3358/1098/2369
f 3360/19/2370 3354/20/2370 3353/1101/2370 3359/1100/2370
f 3361/1102/2371 3355/1103/2371 3354/20/2371 3360/19/2371
f 3362/1097/2372 3356/1096/2372 3355/1103/2372 3361/1102/2372
f 3400/5/2373 3398/667/2373 3399/883/2373
f 3400/5/2373 3397/451/2373 3398/667/2373
f 3395/1/2373 3397/451/2373 3400/5/2373
f 3395/1/2373 3396/235/2373 3397/451/2373
f 3332/451/2374 3404/883/2374 3403/667/2374
f 3332/451/2374 3329/5/2374 3404/883/2374
f 3402/235/2374 3329/5/2374 3332/451/2374
f 3402/235/2374 3401/1/2374 3329/5/2374
f 3401/9/2375 3395/10/2375 3400/1096/2375 3329/1097/2375
f 3402/1098/2376 3396/1099/2376 3395/5/2376 3401/1/2376
f 3332/1100/2377 3397/1101/2377 3396/1099/2377 3402/1098/2377
f 3403/19/2378 3398/20/2378 3397/1101/2378 3332/1100/2378
f 3404/1102/2379 3399/1103/2379 3398/20/2379 3403/19/2379
f 3329/1097/2380 3400/1096/2380 3399/1103/2380 3404/1102/2380
f 3410/5/2381 3408/667/2381 3409/883/2381
f 3410/5/2381 3407/451/2381 3408/667/2381
f 3405/1/2381 3407/451/2381 3410/5/2381
f 3405/1/2381 3406/235/2381 3407/451/2381
f 3344/451/2382 3414/883/2382 3413/667/2382
f 3344/451/2382 3341/5/2382 3414/883/2382
f 3412/235/2382 3341/5/2382 3344/451/2382
f 3412/235/2382 3411/1/2382 3341/5/2382
f 3411/9/2383 3405/10/2383 3410/1096/2383 3341/1097/2383
f 3412/1098/2384 3406/1099/2384 3405/5/2384 3411/1/2384
f 3344/1100/2385 3407/1101/2385 3406/1099/2385 3412/1098/2385
f 3413/19/2386 3408/20/2386 3407/1101/2386 3344/1100/2386
f 3414/1102/2387 3409/1103/2387 3408/20/2387 3413/19/2387
f 3341/1097/2388 3410/1096/2388 3409/1103/2388 3414/1102/2388
f 3420/5/2381 3418/667/2381 3419/883/2381
f 3420/5/2381 3417/451/2381 3418/667/2381
f 3415/1/2381 3417/451/2381 3420/5/2381
f 3415/1/2381 3416/235/2381 3417/451/2381
f 3356/451/2382 3424/883/2382 3423/667/2382
f 3356/451/2382 3353/5/2382 3424/883/2382
f 3422/235/2382 3353/5/2382 3356/451/2382
f 3422/235/2382 3421/1/2382 3353/5/2382
f 3421/9/2383 3415/10/2383 3420/1096/2383 3353/1097/2383
f 3422/1098/2384 3416/1099/2384 3415/5/2384 3421/1/2384
f 3356/1100/2385 3417/1101/2385 3416/1099/2385 3422/1098/2385
f 3423/19/2386 3418/20/2386 3417/1101/2386 3356/1100/2386
f 3424/1102/2387 3419/1103/2387 3418/20/2387 3423/19/2387
f 3353/1097/2388 3420/1096/2388 3419/1103/2388 3424/1102/2388
f 3462/5/2357 3460/667/2357 3461/883/2357
f 3462/5/2357 3459/451/2357 3460/667/2357
f 3457/1/2357 3459/451/2357 3462/5/2357
f 3457/1/2357 3458/235/2357 3459/451/2357
f 3400/451/2358 3466/883/2358 3465/667/2358
f 3400/451/2358 3397/5/2358 3466/883/2358
f 3464/235/2358 3397/5/2358 3400/451/2358
f 3464/235/2358 3463/1/2358 3397/5/2358
f 3463/9/2359 3457/10/2359 3462/1096/2359 3397/1097/2359
f 3464/1098/2360 3458/1099/2360 3457/5/2360 3463/1/2360
f 3400/1100/2361 3459/1101/2361 3458/1099/2361 3464/1098/2361
f 3465/19/2362 3460/20/2362 3459/1101/2362 3400/1100/2362
f 3466/1102/2363 3461/1103/2363 3460/20/2363 3465/19/2363
f 3397/1097/2364 3462/1096/2364 3461/1103/2364 3466/1102/2364
f 3472/5/2365 3470/667/2365 3471/883/2365
f 3472/5/2365 3469/451/2365 3470/667/2365
f 3467/1/2365 3469/451/2365 3472/5/2365
f 3467/1/2365 3468/235/2365 3469/451/2365
f 3410/451/2366 3476/883/2366 3475/667/2366
f 3410/451/2366 3407/5/2366 3476/883/2366
f 3474/235/2366 3407/5/2366 3410/451/2366
f 3474/235/2366 3473/1/2366 3407/5/2366
f 3473/9/2367 3467/10/2367 3472/1096/2367 3407/1097/2367
f 3474/1098/2368 3468/1099/2368 3467/5/2368 3473/1/2368
f 3410/1100/2369 3469/1101/2369 3468/1099/2369 3474/1098/2369
f 3475/19/2370 3470/20/2370 3469/1101/2370 3410/1100/2370
f 3476/1102/2371 3471/1103/2371 3470/20/2371 3475/19/2371
f 3407/1097/2372 3472/1096/2372 3471/1103/2372 3476/1102/2372
f 3482/5/2365 3480/667/2365 3481/883/2365
f 3482/5/2365 3479/451/2365 3480/667/2365
f 3477/1/2365 3479/451/2365 3482/5/2365
f 3477/1/2365 3478/235/2365 3479/451/2365
f 3420/451/2366 3486/883/2366 3485/667/2366
f 3420/451/2366 3417/5/2366 3486/883/2366
f 3484/235/2366 3417/5/2366 3420/451/2366
f 3484/235/2366 3483/1/2366 3417/5/2366
f 3483/9/2367 3477/10/2367 3482/1096/2367 3417/1097/2367
f 3484/1098/2368 3478/1099/2368 3477/5/2368 3483/1/2368
f 3420/1100/2369 3479/1101/2369 3478/1099/2369 3484/1098/2369
f 3485/19/2370 3480/20/2370 3479/1101/2370 3420/1100/2370
f 3486/1102/2371 3481/1103/2371 3480/20/2371 3485/19/2371
f 3417/1097/2372 3482/1096/2372 3481/1103/2372 3486/1102/2372
f 3524/5/2373 3522/667/2373 3523/883/2373
f 3524/5/2373 3521/451/2373 3522/667/2373
f 3519/1/2373 3521/451/2373 3524/5/2373
f 3519/1/2373 3520/235/2373 3521/451/2373
f 3462/451/2374 3528/883/2374 3527/667/2374
f 3462/451/2374 3459/5/2374 3528/883/2374
f 3526/235/2374 3459/5/2374 3462/451/2374
f 3526/235/2374 3525/1/2374 3459/5/2374
f 3525/9/2375 3519/10/2375 3524/1096/2375 3459/1097/2375
f 3526/1098/2376 3520/1099/2376 3519/5/2376 3525/1/2376
f 3462/1100/2377 3521/1101/2377 3520/1099/2377 3526/1098/2377
f 3527/19/2378 3522/20/2378 3521/1101/2378 3462/1100/2378
f 3528/1102/2379 3523/1103/2379 3522/20/2379 3527/19/2379
f 3459/1097/2380 3524/1096/2380 3523/1103/2380 3528/1102/2380
f 3534/5/2381 3532/667/2381 3533/883/2381
f 3534/5/2381 3531/451/2381 3532/667/2381
f 3529/1/2381 3531/451/2381 3534/5/2381
f 3529/1/2381 3530/235/2381 3531/451/2381
f 3472/451/2382 3538/883/2382 3537/667/2382
f 3472/451/2382 3469/5/2382 3538/883/2382
f 3536/235/2382 3469/5/2382 3472/451/2382
f 3536/235/2382 3535/1/2382 3469/5/2382
f 3535/9/2383 3529/10/2383 3534/1096/2383 3469/1097/2383
f 3536/1098/2384 3530/1099/2384 3529/5/2384 3535/1/2384
f 3472/1100/2385 3531/1101/2385 3530/1099/2385 3536/1098/2385
f 3537/19/2386 3532/20/2386 3531/1101/2386 3472/1100/2386
f 3538/1102/2387 3533/1103/2387 3532/20/2387 3537/19/2387
f 3469/1097/2388 3534/1096/2388 3533/1103/2388 3538/1102/2388
f 3544/5/2381 3542/667/2381 3543/883/2381
f 3544/5/2381 3541/451/2381 3542/667/2381
f 3539/1/2381 3541/451/2381 3544/5/2381
f 3539/1/2381 3540/235/2381 3541/451/2381
f 3482/451/2382 3548/883/2382 3547/667/2382
f 3482/451/2382 3479/5/2382 3548/883/2382
f 3546/235/2382 3479/5/2382 3482/451/2382
f 3546/235/2382 3545/1/2382 3479/5/2382
f 3545/9/2383 3539/10/2383 3544/1096/2383 3479/1097/2383
f 3546/1098/2384 3540/1099/2384 3539/5/2384 3545/1/2384
f 3482/1100/2385 3541/1101/2385 3540/1099/2385 3546/1098/2385
f 3547/19/2386 3542/20/2386 3541/1101/2386 3482/1100/2386
f 3548/1102/2387 3543/1103/2387 3542/20/2387 3547/19/2387
f 3479/1097/2388 3544/1096/2388 3543/1103/2388 3548/1102/2388
f 3586/5/2357 3584/667/2357 3585/883/2357
f 3586/5/2357 3583/451/2357 3584/667/2357
f 3581/1/2357 3583/451/2357 3586/5/2357
f 3581/1/2357 3582/235/2357 3583/451/2357
f 3524/451/2358 3590/883/2358 3589/667/2358
f 3524/451/2358 3521/5/2358 3590/883/2358
f 3588/235/2358 3521/5/2358 3524/451/2358
f 3588/235/2358 3587/1/2358 3521/5/2358
f 3587/9/2359 3581/10/2359 3586/1096/2359 3521/1097/2359
f 3588/1098/2360 3582/1099/2360 3581/5/2360 3587/1/2360
f 3524/1100/2361 3583/1101/2361 3582/1099/2361 3588/1098/2361
f 3589/19/2362 3584/20/2362 3583/1101/2362 3524/1100/2362
f 3590/1102/2363 3585/1103/2363 3584/20/2363 3589/19/2363
f 3521/1097/2364 3586/1096/2364 3585/1103/2364 3590/1102/2364
f 3596/5/2365 3594/667/2365 3595/883/2365
f 3596/5/2365 3593/451/2365 3594/667/2365
f 3591/1/2365 3593/451/2365 3596/5/2365
f 3591/1/2365 3592/235/2365 3593/451/2365
f 3534/451/2366 3600/883/2366 3599/667/2366
f 3534/451/2366 3531/5/2366 3600/883/2366
f 3598/235/2366 3531/5/2366 3534/451/2366
f 3598/235/2366 3597/1/2366 3531/5/2366
f 3597/9/2367 3591/10/2367 3596/1096/2367 3531/1097/2367
f 3598/1098/2368 3592/1099/2368 3591/5/2368 3597/1/2368
f 3534/1100/2369 3593/1101/2369 3592/1099/2369 3598/1098/2369
f 3599/19/2370 3594/20/2370 3593/1101/2370 3534/1100/2370
f 3600/1102/2371 3595/1103/2371 3594/20/2371 3599/19/2371
f 3531/1097/2372 3596/1096/2372 3595/1103/2372 3600/1102/2372
f 3606/5/2365 3604/667/2365 3605/883/2365
f 3606/5/2365 3603/451/2365 3604/667/2365
f 3601/1/2365 3603/451/2365 3606/5/2365
f 3601/1/2365 3602/235/2365 3603/451/2365
f 3544/451/2366 3610/883/2366 3609/667/2366
f 3544/451/2366 3541/5/2366 3610/883/2366
f 3608/235/2366 3541/5/2366 3544/451/2366
f 3608/235/2366 3607/1/2366 3541/5/2366
f 3607/9/2367 3601/10/2367 3606/1096/2367 3541/1097/2367
f 3608/1098/2368 3602/1099/2368 3601/5/2368 3607/1/2368
f 3544/1100/2369 3603/1101/2369 3602/1099/2369 3608/1098/2369
f 3609/19/2370 3604/20/2370 3603/1101/2370 3544/1100/2370
f 3610/1102/2371 3605/1103/2371 3604/20/2371 3609/19/2371
f 3541/1097/2372 3606/1096/2372 3605/1103/2372 3610/1102/2372
f 3648/5/2373 3646/667/2373 3647/883/2373
f 3648/5/2373 3645/451/2373 3646/667/2373
f 3643/1/2373 3645/451/2373 3648/5/2373
f 3643/1/2373 3644/235/2373 3645/451/2373
f 3586/451/2374 3652/883/2374 3651/667/2374
f 3586/451/2374 3583/5/2374 3652/883/2374
f 3650/235/2374 3583/5/2374 3586/451/2374
f 3650/235/2374 3649/1/2374 3583/5/2374
f 3649/9/2375 3643/10/2375 3648/1096/2375 3583/1097/2375
f 3650/1098/2376 3644/1099/2376 3643/5/2376 3649/1/2376
f 3586/1100/2377 3645/1101/2377 3644/1099/2377 3650/1098/2377
f 3651/19/2378 3646/20/2378 3645/1101/2378 3586/1100/2378
f 3652/1102/2379 3647/1103/2379 3646/20/2379 3651/19/2379
f 3583/1097/2380 3648/1096/2380 3647/1103/2380 3652/1102/2380
f 3658/5/2381 3656/667/2381 3657/883/2381
f 3658/5/2381 3655/451/2381 3656/667/2381
f 3653/1/2381 3655/451/2381 3658/5/2381
f 3653/1/2381 3654/235/2381 3655/451/2381
f 3596/451/2382 3662/883/2382 3661/667/2382
f 3596/451/2382 3593/5/2382 3662/883/2382
f 3660/235/2382 3593/5/2382 3596/451/2382
f 3660/235/2382 3659/1/2382 3593/5/2382
f 3659/9/2383 3653/10/2383 3658/1096/2383 3593/1097/2383
f 3660/1098/2384 3654/1099/2384 3653/5/2384 3659/1/2384
f 3596/1100/2385 3655/1101/2385 3654/1099/2385 3660/1098/2385
f 3661/19/2386 3656/20/2386 3655/1101/2386 3596/1100/2386
f 3662/1102/2387 3657/1103/2387 3656/20/2387 3661/19/2387
f 3593/1097/2388 3658/1096/2388 3657/1103/2388 3662/1102/2388
f 3668/5/2381 3666/667/2381 3667/883/2381
f 3668/5/2381 3665/451/2381 3666/667/2381
f 3663/1/2381 3665/451/2381 3668/5/2381
f 3663/1/2381 3664/235/2381 3665/451/2381
f 3606/451/2382 3672/883/2382 3671/667/2382
f 3606/451/2382 3603/5/2382 3672/883/2382
f 3670/235/2382 3603/5/2382 3606/451/2382
f 3670/235/2382 3669/1/2382 3603/5/2382
f 3669/9/2383 3663/10/2383 3668/1096/2383 3603/1097/2383
f 3670/1098/2384 3664/1099/2384 3663/5/2384 3669/1/2384
f 3606/1100/2385 3665/1101/2385 3664/1099/2385 3670/1098/2385
f 3671/19/2386 3666/20/2386 3665/1101/2386 3606/1100/2386
f 3672/1102/2387 3667/1103/2387 3666/20/2387 3671/19/2387
f 3603/1097/2388 3668/1096/2388 3667/1103/2388 3672/1102/2388
f 3710/5/2357 3708/667/2357 3709/883/2357
f 3710/5/2357 3707/451/2357 3708/667/2357
f 3705/1/2357 3707/451/2357 3710/5/2357
f 3705/1/2357 3706/235/2357 3707/451/2357
f 3648/451/2358 3714/883/2358 3713/667/2358
f 3648/451/2358 3645/5/2358 3714/883/2358
f 3712/235/2358 3645/5/2358 3648/451/2358
f 3712/235/2358 3711/1/2358 3645/5/2358
f 3711/9/2359 3705/10/2359 3710/1096/2359 3645/1097/2359
f 3712/1098/2360 3706/1099/2360 3705/5/2360 3711/1/2360
f 3648/1100/2361 3707/1101/2361 3706/1099/2361 3712/1098/2361
f 3713/19/2362 3708/20/2362 3707/1101/2362 3648/1100/2362
f 3714/1102/2363 3709/1103/2363 3708/20/2363 3713/19/2363
f 3645/1097/2364 3710/1096/2364 3709/1103/2364 3714/1102/2364
f 3720/5/2365 3718/667/2365 3719/883/2365
f 3720/5/2365 3717/451/2365 3718/667/2365
f 3715/1/2365 3717/451/2365 3720/5/2365
f 3715/1/2365 3716/235/2365 3717/451/2365
f 3658/451/2366 3724/883/2366 3723/667/2366
f 3658/451/2366 3655/5/2366 3724/883/2366
f 3722/235/2366 3655/5/2366 3658/451/2366
f 3722/235/2366 3721/1/2366 3655/5/2366
f 3721/9/2367 3715/10/2367 3720/1096/2367 3655/1097/2367
f 3722/1098/2368 3716/1099/2368 3715/5/2368 3721/1/2368
f 3658/1100/2369 3717/1101/2369 3716/1099/2369 3722/1098/2369
f 3723/19/2370 3718/20/2370 3717/1101/2370 3658/1100/2370
f 3724/1102/2371 3719/1103/2371 3718/20/2371 3723/19/2371
f 3655/1097/2372 3720/1096/2372 3719/1103/2372 3724/1102/2372
f 3730/5/2365 3728/667/2365 3729/883/2365
f 3730/5/2365 3727/451/2365 3728/667/2365
f 3725/1/2365 3727/451/2365 3730/5/2365
f 3725/1/2365 3726/235/2365 3727/451/2365
f 3668/451/2366 3734/883/2366 3733/667/2366
f 3668/451/2366 3665/5/2366 3734/883/2366
f 3732/235/2366 3665/5/2366 3668/451/2366
f 3732/235/2366 3731/1/2366 3665/5/2366
f 3731/9/2367 3725/10/2367 3730/1096/2367 3665/1097/2367
f 3732/1098/2368 3726/1099/2368 3725/5/2368 3731/1/2368
f 3668/1100/2369 3727/1101/2369 3726/1099/2369 3732/1098/2369
f 3733/19/2370 3728/20/2370 3727/1101/2370 3668/1100/2370
f 3734/1102/2371 3729/1103/2371 3728/20/2371 3733/19/2371
f 3665/1097/2372 3730/1096/2372 3729/1103/2372 3734/1102/2372
f 3772/5/2373 3770/667/2373 3771/883/2373
f 3772/5/2373 3769/451/2373 3770/667/2373
f 3767/1/2373 3769/451/2373 3772/5/2373
f 3767/1/2373 3768/235/2373 3769/451/2373
f 3710/451/2374 3776/883/2374 3775/667/2374
f 3710/451/2374 3707/5/2374 3776/883/2374
f 3774/235/2374 3707/5/2374 3710/451/2374
f 3774/235/2374 3773/1/2374 3707/5/2374
f 3773/9/2375 3767/10/2375 3772/1096/2375 3707/1097/2375
f 3774/1098/2376 3768/1099/2376 3767/5/2376 3773/1/2376
f 3710/1100/2377 3769/1101/2377 3768/1099/2377 3774/1098/2377
f 3775/19/2378 3770/20/2378 3769/1101/2378 3710/1100/2378
f 3776/1102/2379 3771/1103/2379 3770/20/2379 3775/19/2379
f 3707/1097/2380 3772/1096/2380 3771/1103/2380 3776/1102/2380
f 3782/5/2381 3780/667/2381 3781/883/2381
f 3782/5/2381 3779/451/2381 3780/667/2381
f 3777/1/2381 3779/451/2381 3782/5/2381
f 3777/1/2381 3778/235/2381 3779/451/2381
f 3720/451/2382 3786/883/2382 3785/667/2382
f 3720/451/2382 3717/5/2382 3786/883/2382
f 3784/235/2382 3717/5/2382 3720/451/2382
f 3784/235/2382 3783/1/2382 3717/5/2382
f 3783/9/2383 3777/10/2383 3782/1096/2383 3717/1097/2383
f 3784/1098/2384 3778/1099/2384 3777/5/2384 3783/1/2384
f 3720/1100/2385 3779/1101/2385 3778/1099/2385 3784/1098/2385
f 3785/19/2386 3780/20/2386 3779/1101/2386 3720/1100/2386
f 3786/1102/2387 3781/1103/2387 3780/20/2387 3785/19/2387
f 3717/1097/2388 3782/1096/2388 3781/1103/2388 3786/1102/2388
f 3792/5/2381 3790/667/2381 3791/883/2381
f 3792/5/2381 3789/451/2381 3790/667/2381
f 3787/1/2381 3789/451/2381 3792/5/2381
f 3787/1/2381 3788/235/2381 3789/451/2381
f 3730/451/2382 3796/883/2382 3795/667/2382
f 3730/451/2382 3727/5/2382 3796/883/2382
f 3794/235/2382 3727/5/2382 3730/451/2382
f 3794/235/2382 3793/1/2382 3727/5/2382
f 3793/9/2383 3787/10/2383 3792/1096/2383 3727/1097/2383
f 3794/1098/2384 3788/1099/2384 3787/5/2384 3793/1/2384
f 3730/1100/2385 3789/1101/2385 3788/1099/2385 3794/1098/2385
f 3795/19/2386 3790/20/2386 3789/1101/2386 3730/1100/2386
f 3796/1102/2387 3791/1103/2387 3790/20/2387 3795/19/2387
f 3727/1097/2388 3792/1096/2388 3791/1103/2388 3796/1102/2388
f 3834/5/2357 3832/667/2357 3833/883/2357
f 3834/5/2357 3831/451/2357 3832/667/2357
f 3829/1/2357 3831/451/2357 3834/5/2357
f 3829/1/2357 3830/235/2357 3831/451/2357
f 3772/451/2358 3838/883/2358 3837/667/2358
f 3772/451/2358 3769/5/2358 3838/883/2358
f 3836/235/2358 3769/5/2358 3772/451/2358
f 3836/235/2358 3835/1/2358 3769/5/2358
f 3835/9/2359 3829/10/2359 3834/1096/2359 3769/1097/2359
f 3836/1098/2360 3830/1099/2360 3829/5/2360 3835/1/2360
f 3772/1100/2361 3831/1101/2361 3830/1099/2361 3836/1098/2361
f 3837/19/2362 3832/20/2362 3831/1101/2362 3772/1100/2362
f 3838/1102/2363 3833/1103/2363 3832/20/2363 3837/19/2363
f 3769/1097/2364 3834/1096/2364 3833/1103/2364 3838/1102/2364
f 3844/5/2365 3842/667/2365 3843/883/2365
f 3844/5/2365 3841/451/2365 3842/667/2365
f 3839/1/2365 3841/451/2365 3844/5/2365
f 3839/1/2365 3840/235/2365 3841/451/2365
f 3782/451/2366 3848/883/2366 3847/667/2366
f 3782/451/2366 3779/5/2366 3848/883/2366
f 3846/235/2366 3779/5/2366 3782/451/2366
f 3846/235/2366 3845/1/2366 3779/5/2366
f 3845/9/2367 3839/10/2367 3844/1096/2367 3779/1097/2367
f 3846/1098/2368 3840/1099/2368 3839/5/2368 3845/1/2368
f 3782/1100/2369 3841/1101/2369 3840/1099/2369 3846/1098/2369
f 3847/19/2370 3842/20/2370 3841/1101/2370 3782/1100/2370
f 3848/1102/2371 3843/1103/2371 3842/20/2371 3847/19/2371
f 3779/1097/2372 3844/1096/2372 3843/1103/2372 3848/1102/2372
f 3854/5/2365 3852/667/2365 3853/883/2365
f 3854/5/2365 3851/451/2365 3852/667/2365
f 3849/1/2365 3851/451/2365 3854/5/2365
f 3849/1/2365 3850/235/2365 3851/451/2365
f 3792/451/2366 3858/883/2366 3857/667/2366
f 3792/451/2366 3789/5/2366 3858/883/2366
f 3856/235/2366 3789/5/2366 3792/451/2366
f 3856/235/2366 3855/1/2366 3789/5/2366
f 3855/9/2367 3849/10/2367 3854/1096/2367 3789/1097/2367
f 3856/1098/2368 3850/1099/2368 3849/5/2368 3855/1/2368
f 3792/1100/2369 3851/1101/2369 3850/1099/2369 3856/1098/2369
f 3857/19/2370 3852/20/2370 3851/1101/2370 3792/1100/2370
f 3858/1102/2371 3853/1103/2371 3852/20/2371 3857/19/2371
f 3789/1097/2372 3854/1096/2372 3853/1103/2372 3858/1102/2372
f 3896/5/2373 3894/667/2373 3895/883/2373
f 3896/5/2373 3893/451/2373 3894/667/2373
f 3891/1/2373 3893/451/2373 3896/5/2373
f 3891/1/2373 3892/235/2389 3893/451/2373
f 3834/451/2374 3900/883/2374 3899/667/2374
f 3834/451/2374 3831/5/2374 3900/883/2374
f 3898/235/2374 3831/5/2374 3834/451/2374
f 3898/235/2374 3897/1/2374 3831/5/2374
f 3897/9/2375 3891/10/2375 3896/1096/2375 3831/1097/2375
f 3898/1098/2376 3892/1099/2376 3891/5/2376 3897/1/2376
f 3834/1100/2377 3893/1101/2377 3892/1099/2377 3898/1098/2377
f 3899/19/2378 3894/20/2378 3893/1101/2378 3834/1100/2378
f 3900/1102/2379 3895/1103/2379 3894/20/2379 3899/19/2379
f 3831/1097/2380 3896/1096/2380 3895/1103/2380 3900/1102/2380
f 3906/5/2381 3904/667/2381 3905/883/2381
f 3906/5/2381 3903/451/2381 3904/667/2381
f 3901/1/2381 3903/451/2381 3906/5/2381
f 3901/1/2381 3902/235/2381 3903/451/2381
f 3844/451/2382 3910/883/2382 3909/667/2382
f 3844/451/2382 3841/5/2382 3910/883/2382
f 3908/235/2382 3841/5/2382 3844/451/2382
f 3908/235/2382 3907/1/2382 3841/5/2382
f 3907/9/2383 3901/10/2383 3906/1096/2383 3841/1097/2383
f 3908/1098/2384 3902/1099/2384 3901/5/2384 3907/1/2384
f 3844/1100/2385 3903/1101/2385 3902/1099/2385 3908/1098/2385
f 3909/19/2386 3904/20/2386 3903/1101/2386 3844/1100/2386
f 3910/1102/2387 3905/1103/2387 3904/20/2387 3909/19/2387
f 3841/1097/2388 3906/1096/2388 3905/1103/2388 3910/1102/2388
f 3916/5/2381 3914/667/2381 3915/883/2381
f 3916/5/2381 3913/451/2381 3914/667/2381
f 3911/1/2381 3913/451/2381 3916/5/2381
f 3911/1/2381 3912/235/2381 3913/451/2381
f 3854/451/2382 3920/883/2382 3919/667/2382
f 3854/451/2382 3851/5/2382 3920/883/2382
f 3918/235/2382 3851/5/2382 3854/451/2382
f 3918/235/2382 3917/1/2382 3851/5/2382
f 3917/9/2383 3911/10/2383 3916/1096/2383 3851/1097/2383
f 3918/1098/2384 3912/1099/2384 3911/5/2384 3917/1/2384
f 3854/1100/2385 3913/1101/2385 3912/1099/2385 3918/1098/2385
f 3919/19/2386 3914/20/2386 3913/1101/2386 3854/1100/2386
f 3920/1102/2387 3915/1103/2387 3914/20/2387 3919/19/2387
f 3851/1097/2388 3916/1096/2388 3915/1103/2388 3920/1102/2388
f 4180/1/1 4181/1/2 4182/1/3
f 4183/1/4 4184/1/5 4185/1/6
f 4186/1/7 4187/1/8 4188/1/9
f 4189/1/10 4190/1/11 4191/1/12
f 4192/1/13 4193/1/14 4194/1/15
f 4195/1/16 4196/1/17 4197/1/18
f 4198/1/19 4199/1/20 4200/1/21
f 4201/1/22 4202/1/23 4203/1/24
f 4186/1/7 4180/1/1 4182/1/3 4187/1/8
f 4181/1/2 4183/1/4 4185/1/6 4182/1/3
f 4184/1/5 4189/1/10 4191/1/12 4185/1/6
f 4190/1/11 4188/1/9 4187/1/8 4191/1/12
f 4198/1/19 4186/1/7 4188/1/9 4199/1/20
f 4189/1/10 4201/1/22 4203/1/24 4190/1/11
f 4202/1/23 4200/1/21 4199/1/20 4203/1/24
f 4192/1/13 4198/1/19 4200/1/21 4193/1/14
f 4201/1/22 4195/1/16 4197/1/18 4202/1/23
f 4196/1/17 4194/1/15 4193/1/14 4197/1/18
f 4180/1/1 4192/1/13 4194/1/15 4181/1/2
f 4195/1/16 4184/1/5 4183/1/4 4196/1/17
f 4186/1/25 4198/1/25 4192/1/25 4180/1/25
f 4182/1/26 4185/1/26 4191/1/26 4187/1/26
f 4194/1/27 4196/1/27 4183/1/27 4181/1/27
f 4201/1/28 4189/1/28 4184/1/28 4195/1/28
f 4188/1/29 4190/1/29 4203/1/29 4199/1/29
f 4200/1/30 4202/1/30 4197/1/30 4193/1/30
f 4315/1/1 4316/1/2 4317/1/3
f 4318/1/4 4319/1/5 4320/1/6
f 4321/1/7 4322/1/8 4323/1/9
f 4324/1/10 4325/1/11 4326/1/12
f 4327/1/13 4328/1/14 4329/1/15
f 4330/1/16 4331/1/17 4332/1/18
f 4333/1/19 4334/1/20 4335/1/21
f 4336/1/22 4337/1/23 4338/1/24
f 4321/1/7 4315/1/1 4317/1/3 4322/1/8
f 4316/1/2 4318/1/4 4320/1/6 4317/1/3
f 4319/1/5 4324/1/10 4326/1/12 4320/1/6
f 4325/1/11 4323/1/9 4322/1/8 4326/1/12
f 4333/1/19 4321/1/7 4323/1/9 4334/1/20
f 4324/1/10 4336/1/22 4338/1/24 4325/1/11
f 4337/1/23 4335/1/21 4334/1/20 4338/1/24
f 4327/1/13 4333/1/19 4335/1/21 4328/1/14
f 4336/1/22 4330/1/16 4332/1/18 4337/1/23
f 4331/1/17 4329/1/15 4328/1/14 4332/1/18
f 4315/1/1 4327/1/13 4329/1/15 4316/1/2
f 4330/1/16 4319/1/5 4318/1/4 4331/1/17
f 4321/1/25 4333/1/25 4327/1/25 4315/1/25
f 4317/1/26 4320/1/26 4326/1/26 4322/1/26
f 4329/1/27 4331/1/27 4318/1/27 4316/1/27
f 4336/1/28 4324/1/28 4319/1/28 4330/1/28
f 4323/1/29 4325/1/29 4338/1/29 4334/1/29
f 4335/1/30 4337/1/30 4332/1/30 4328/1/30
f 4605/1/43 4606/1/2645 4630/1/2645 4629/1/43
f 4606/1/2645 4607/1/2646 4631/1/2646 4630/1/2645
f 4607/1/2646 4608/1/2647 4632/1/2647 4631/1/2646
f 4608/1/2647 4609/1/2648 4633/1/2648 4632/1/2647
f 4609/1/2648 4610/1/2649 4634/1/2649 4633/1/2648
f 4610/1/2649 4611/1/2650 4635/1/2650 4634/1/2649
f 4611/1/2650 4612/1/2651 4636/1/2651 4635/1/2650
f 4612/1/2651 4613/1/2652 4637/1/2652 4636/1/2651
f 4613/1/2652 4614/1/2653 4638/1/2653 4637/1/2652
f 4614/1/2653 4615/1/2654 4639/1/2654 4638/1/2653
f 4615/1/2654 4616/1/2655 4640/1/2655 4639/1/2654
f 4616/1/2655 4617/1/54 4641/1/54 4640/1/2655
f 4617/1/54 4618/1/2656 4642/1/2656 4641/1/54
f 4618/1/2656 4619/1/2657 4643/1/2657 4642/1/2656
f 4619/1/2657 4620/1/2658 4644/1/2658 4643/1/2657
f 4620/1/2658 4621/1/2659 4645/1/2659 4644/1/2658
f 4621/1/2659 4622/1/2660 4646/1/2660 4645/1/2659
f 4622/1/2660 4623/1/2661 4647/1/2661 4646/1/2660
f 4623/1/2661 4624/1/2662 4648/1/2662 4647/1/2661
f 4624/1/2662 4625/1/2663 4649/1/2663 4648/1/2662
f 4625/1/2663 4626/1/2664 4650/1/2664 4649/1/2663
f 4626/1/2664 4627/1/2665 4651/1/2665 4650/1/2664
f 4627/1/2665 4628/1/2666 4652/1/2666 4651/1/2665
f 4628/1/2666 4605/1/43 4629/1/43 4652/1/2666
f 4629/1/50 4630/1/2667 4654/1/2667 4653/1/50
f 4630/1/2667 4631/1/2668 4655/1/2668 4654/1/2667
f 4631/1/2668 4632/1/2669 4656/1/2669 4655/1/2668
f 4632/1/2669 4633/1/2670 4657/1/2670 4656/1/2669
f 4633/1/2670 4634/1/2671 4658/1/2671 4657/1/2670
f 4634/1/2671 4635/1/2672 4659/1/2672 4658/1/2671
f 4635/1/2672 4636/1/2673 4660/1/2673 4659/1/2672
f 4636/1/2673 4637/1/2674 4661/1/2674 4660/1/2673
f 4637/1/2674 4638/1/2675 4662/1/2675 4661/1/2674
f 4638/1/2675 4639/1/2676 4663/1/2676 4662/1/2675
f 4639/1/2676 4640/1/2677 4664/1/2677 4663/1/2676
f 4640/1/2677 4641/1/47 4665/1/47 4664/1/2677
f 4641/1/47 4642/1/2678 4666/1/2678 4665/1/47
f 4642/1/2678 4643/1/2679 4667/1/2679 4666/1/2678
f 4643/1/2679 4644/1/2680 4668/1/2680 4667/1/2679
f 4644/1/2680 4645/1/2681 4669/1/2681 4668/1/2680
f 4645/1/2681 4646/1/2682 4670/1/2682 4669/1/2681
f 4646/1/2682 4647/1/2683 4671/1/2683 4670/1/2682
f 4647/1/2683 4648/1/2684 4672/1/2684 4671/1/2683
f 4648/1/2684 4649/1/2685 4673/1/2685 4672/1/2684
f 4649/1/2685 4650/1/2686 4674/1/2686 4673/1/2685
f 4650/1/2686 4651/1/2687 4675/1/2687 4674/1/2686
f 4651/1/2687 4652/1/2688 4676/1/2688 4675/1/2687
f 4652/1/2688 4629/1/50 4653/1/50 4676/1/2688
f 4653/1/26 4654/1/2689 4678/1/2689 4677/1/26
f 4654/1/2689 4655/1/2690 4679/1/2690 4678/1/2689
f 4655/1/2690 4656/1/2691 4680/1/2691 4679/1/2690
f 4656/1/2691 4657/1/2692 4681/1/2692 4680/1/2691
f 4657/1/2692 4658/1/2693 4682/1/2693 4681/1/2692
f 4658/1/2693 4659/1/25 4683/1/25 4682/1/2693
f 4659/1/25 4660/1/2694 4684/1/2694 4683/1/25
f 4660/1/2694 4661/1/2695 4685/1/2695 4684/1/2694
f 4661/1/2695 4662/1/2696 4686/1/2696 4685/1/2695
f 4662/1/2696 4663/1/2697 4687/1/2697 4686/1/2696
f 4663/1/2697 4664/1/2698 4688/1/2698 4687/1/2697
f 4664/1/2698 4665/1/30 4689/1/30 4688/1/2698
f 4665/1/30 4666/1/2699 4690/1/2699 4689/1/30
f 4666/1/2699 4667/1/2700 4691/1/2700 4690/1/2699
f 4667/1/2700 4668/1/2701 4692/1/2701 4691/1/2700
f 4668/1/2701 4669/1/2702 4693/1/2702 4692/1/2701
f 4669/1/2702 4670/1/2703 4694/1/2703 4693/1/2702
f 4670/1/2703 4671/1/28 4695/1/28 4694/1/2703
f 4671/1/28 4672/1/2704 4696/1/2704 4695/1/28
f 4672/1/2704 4673/1/2705 4697/1/2705 4696/1/2704
f 4673/1/2705 4674/1/2706 4698/1/2706 4697/1/2705
f 4674/1/2706 4675/1/2707 4699/1/2707 4698/1/2706
f 4675/1/2707 4676/1/2708 4700/1/2708 4699/1/2707
f 4676/1/2708 4653/1/26 4677/1/26 4700/1/2708
f 4677/1/65 4678/1/2709 4702/1/2709 4701/1/65
f 4678/1/2709 4679/1/2710 4703/1/2710 4702/1/2709
f 4679/1/2710 4680/1/2711 4704/1/2711 4703/1/2710
f 4680/1/2711 4681/1/2712 4705/1/2712 4704/1/2711
f 4681/1/2712 4682/1/2713 4706/1/2713 4705/1/2712
f 4682/1/2713 4683/1/2714 4707/1/2714 4706/1/2713
f 4683/1/2714 4684/1/2715 4708/1/2715 4707/1/2714
f 4684/1/2715 4685/1/2716 4709/1/2716 4708/1/2715
f 4685/1/2716 4686/1/2717 4710/1/2717 4709/1/2716
f 4686/1/2717 4687/1/2718 4711/1/2718 4710/1/2717
f 4687/1/2718 4688/1/2719 4712/1/2719 4711/1/2718
f 4688/1/2719 4689/1/32 4713/1/32 4712/1/2719
f 4689/1/32 4690/1/2720 4714/1/2720 4713/1/32
f 4690/1/2720 4691/1/2721 4715/1/2721 4714/1/2720
f 4691/1/2721 4692/1/2722 4716/1/2722 4715/1/2721
f 4692/1/2722 4693/1/2723 4717/1/2723 4716/1/2722
f 4693/1/2723 4694/1/2724 4718/1/2724 4717/1/2723
f 4694/1/2724 4695/1/2725 4719/1/2725 4718/1/2724
f 4695/1/2725 4696/1/2726 4720/1/2726 4719/1/2725
f 4696/1/2726 4697/1/2727 4721/1/2727 4720/1/2726
f 4697/1/2727 4698/1/2728 4722/1/2728 4721/1/2727
f 4698/1/2728 4699/1/2729 4723/1/2729 4722/1/2728
f 4699/1/2729 4700/1/2730 4724/1/2730 4723/1/2729
f 4700/1/2730 4677/1/65 4701/1/65 4724/1/2730
f 4701/1/36 4702/1/2731 4606/1/2731 4605/1/36
f 4702/1/2731 4703/1/2732 4607/1/2732 4606/1/2731
f 4703/1/2732 4704/1/2733 4608/1/2733 4607/1/2732
f 4704/1/2733 4705/1/2734 4609/1/2734 4608/1/2733
f 4705/1/2734 4706/1/2735 4610/1/2735 4609/1/2734
f 4706/1/2735 4707/1/2736 4611/1/2736 4610/1/2735
f 4707/1/2736 4708/1/2737 4612/1/2737 4611/1/2736
f 4708/1/2737 4709/1/2738 4613/1/2738 4612/1/2737
f 4709/1/2738 4710/1/2739 4614/1/2739 4613/1/2738
f 4710/1/2739 4711/1/2740 4615/1/2740 4614/1/2739
f 4711/1/2740 4712/1/2741 4616/1/2741 4615/1/2740
f 4712/1/2741 4713/1/61 4617/1/61 4616/1/2741
f 4713/1/61 4714/1/2742 4618/1/2742 4617/1/61
f 4714/1/2742 4715/1/2743 4619/1/2743 4618/1/2742
f 4715/1/2743 4716/1/2744 4620/1/2744 4619/1/2743
f 4716/1/2744 4717/1/2745 4621/1/2745 4620/1/2744
f 4717/1/2745 4718/1/2746 4622/1/2746 4621/1/2745
f 4718/1/2746 4719/1/2747 4623/1/2747 4622/1/2746
f 4719/1/2747 4720/1/2748 4624/1/2748 4623/1/2747
f 4720/1/2748 4721/1/2749 4625/1/2749 4624/1/2748
f 4721/1/2749 4722/1/2750 4626/1/2750 4625/1/2749
f 4722/1/2750 4723/1/2751 4627/1/2751 4626/1/2750
f 4723/1/2751 4724/1/2752 4628/1/2752 4627/1/2751
f 4724/1/2752 4701/1/36 4605/1/36 4628/1/2752
f 4725/1/43 4726/1/2645 4750/1/2645 4749/1/43
f 4726/1/2645 4727/1/2646 4751/1/2646 4750/1/2645
f 4727/1/2646 4728/1/2647 4752/1/2647 4751/1/2646
f 4728/1/2647 4729/1/2648 4753/1/2648 4752/1/2647
f 4729/1/2648 4730/1/2649 4754/1/2649 4753/1/2648
f 4730/1/2649 4731/1/2650 4755/1/2650 4754/1/2649
f 4731/1/2650 4732/1/2651 4756/1/2651 4755/1/2650
f 4732/1/2651 4733/1/2652 4757/1/2652 4756/1/2651
f 4733/1/2652 4734/1/2653 4758/1/2653 4757/1/2652
f 4734/1/2653 4735/1/2654 4759/1/2654 4758/1/2653
f 4735/1/2654 4736/1/2655 4760/1/2655 4759/1/2654
f 4736/1/2655 4737/1/54 4761/1/54 4760/1/2655
f 4737/1/54 4738/1/2656 4762/1/2656 4761/1/54
f 4738/1/2656 4739/1/2657 4763/1/2657 4762/1/2656
f 4739/1/2657 4740/1/2658 4764/1/2658 4763/1/2657
f 4740/1/2658 4741/1/2659 4765/1/2659 4764/1/2658
f 4741/1/2659 4742/1/2753 4766/1/2753 4765/1/2659
f 4742/1/2753 4743/1/2661 4767/1/2661 4766/1/2753
f 4743/1/2661 4744/1/2754 4768/1/2754 4767/1/2661
f 4744/1/2754 4745/1/2663 4769/1/2663 4768/1/2754
f 4745/1/2663 4746/1/2664 4770/1/2664 4769/1/2663
f 4746/1/2664 4747/1/2665 4771/1/2665 4770/1/2664
f 4747/1/2665 4748/1/2666 4772/1/2666 4771/1/2665
f 4748/1/2666 4725/1/43 4749/1/43 4772/1/2666
f 4749/1/50 4750/1/2667 4774/1/2667 4773/1/50
f 4750/1/2667 4751/1/2668 4775/1/2668 4774/1/2667
f 4751/1/2668 4752/1/2669 4776/1/2669 4775/1/2668
f 4752/1/2669 4753/1/2670 4777/1/2670 4776/1/2669
f 4753/1/2670 4754/1/2671 4778/1/2671 4777/1/2670
f 4754/1/2671 4755/1/2672 4779/1/2672 4778/1/2671
f 4755/1/2672 4756/1/2673 4780/1/2673 4779/1/2672
f 4756/1/2673 4757/1/2674 4781/1/2674 4780/1/2673
f 4757/1/2674 4758/1/2675 4782/1/2675 4781/1/2674
f 4758/1/2675 4759/1/2676 4783/1/2676 4782/1/2675
f 4759/1/2676 4760/1/2677 4784/1/2677 4783/1/2676
f 4760/1/2677 4761/1/47 4785/1/47 4784/1/2677
f 4761/1/47 4762/1/2678 4786/1/2678 4785/1/47
f 4762/1/2678 4763/1/2679 4787/1/2679 4786/1/2678
f 4763/1/2679 4764/1/2680 4788/1/2680 4787/1/2679
f 4764/1/2680 4765/1/2681 4789/1/2681 4788/1/2680
f 4765/1/2681 4766/1/2682 4790/1/2682 4789/1/2681
f 4766/1/2682 4767/1/2683 4791/1/2683 4790/1/2682
f 4767/1/2683 4768/1/2684 4792/1/2684 4791/1/2683
f 4768/1/2684 4769/1/2685 4793/1/2685 4792/1/2684
f 4769/1/2685 4770/1/2686 4794/1/2686 4793/1/2685
f 4770/1/2686 4771/1/2687 4795/1/2687 4794/1/2686
f 4771/1/2687 4772/1/2688 4796/1/2688 4795/1/2687
f 4772/1/2688 4749/1/50 4773/1/50 4796/1/2688
f 4773/1/26 4774/1/2689 4798/1/2689 4797/1/26
f 4774/1/2689 4775/1/2690 4799/1/2690 4798/1/2689
f 4775/1/2690 4776/1/2691 4800/1/2691 4799/1/2690
f 4776/1/2691 4777/1/2692 4801/1/2692 4800/1/2691
f 4777/1/2692 4778/1/2693 4802/1/2693 4801/1/2692
f 4778/1/2693 4779/1/25 4803/1/25 4802/1/2693
f 4779/1/25 4780/1/2694 4804/1/2694 4803/1/25
f 4780/1/2694 4781/1/2695 4805/1/2695 4804/1/2694
f 4781/1/2695 4782/1/2696 4806/1/2696 4805/1/2695
f 4782/1/2696 4783/1/2697 4807/1/2697 4806/1/2696
f 4783/1/2697 4784/1/2698 4808/1/2698 4807/1/2697
f 4784/1/2698 4785/1/30 4809/1/30 4808/1/2698
f 4785/1/30 4786/1/2699 4810/1/2699 4809/1/30
f 4786/1/2699 4787/1/2700 4811/1/2700 4810/1/2699
f 4787/1/2700 4788/1/2701 4812/1/2701 4811/1/2700
f 4788/1/2701 4789/1/2702 4813/1/2702 4812/1/2701
f 4789/1/2702 4790/1/2703 4814/1/2703 4813/1/2702
f 4790/1/2703 4791/1/28 4815/1/28 4814/1/2703
f 4791/1/28 4792/1/2704 4816/1/2704 4815/1/28
f 4792/1/2704 4793/1/2705 4817/1/2705 4816/1/2704
f 4793/1/2705 4794/1/2706 4818/1/2706 4817/1/2705
f 4794/1/2706 4795/1/2707 4819/1/2707 4818/1/2706
f 4795/1/2707 4796/1/2708 4820/1/2708 4819/1/2707
f 4796/1/2708 4773/1/26 4797/1/26 4820/1/2708
f 4797/1/65 4798/1/2709 4822/1/2709 4821/1/65
f 4798/1/2709 4799/1/2710 4823/1/2710 4822/1/2709
f 4799/1/2710 4800/1/2711 4824/1/2711 4823/1/2710
f 4800/1/2711 4801/1/2712 4825/1/2712 4824/1/2711
f 4801/1/2712 4802/1/2713 4826/1/2713 4825/1/2712
f 4802/1/2713 4803/1/2714 4827/1/2714 4826/1/2713
f 4803/1/2714 4804/1/2715 4828/1/2715 4827/1/2714
f 4804/1/2715 4805/1/2716 4829/1/2716 4828/1/2715
f 4805/1/2716 4806/1/2717 4830/1/2717 4829/1/2716
f 4806/1/2717 4807/1/2718 4831/1/2718 4830/1/2717
f 4807/1/2718 4808/1/2719 4832/1/2719 4831/1/2718
f 4808/1/2719 4809/1/32 4833/1/32 4832/1/2719
f 4809/1/32 4810/1/2720 4834/1/2720 4833/1/32
f 4810/1/2720 4811/1/2721 4835/1/2721 4834/1/2720
f 4811/1/2721 4812/1/2722 4836/1/2722 4835/1/2721
f 4812/1/2722 4813/1/2723 4837/1/2723 4836/1/2722
f 4813/1/2723 4814/1/2724 4838/1/2724 4837/1/2723
f 4814/1/2724 4815/1/2725 4839/1/2725 4838/1/2724
f 4815/1/2725 4816/1/2726 4840/1/2726 4839/1/2725
f 4816/1/2726 4817/1/2727 4841/1/2727 4840/1/2726
f 4817/1/2727 4818/1/2728 4842/1/2728 4841/1/2727
f 4818/1/2728 4819/1/2729 4843/1/2729 4842/1/2728
f 4819/1/2729 4820/1/2730 4844/1/2730 4843/1/2729
f 4820/1/2730 4797/1/65 4821/1/65 4844/1/2730
f 4821/1/36 4822/1/2731 4726/1/2731 4725/1/36
f 4822/1/2731 4823/1/2732 4727/1/2732 4726/1/2731
f 4823/1/2732 4824/1/2733 4728/1/2733 4727/1/2732
f 4824/1/2733 4825/1/2734 4729/1/2734 4728/1/2733
f 4825/1/2734 4826/1/2735 4730/1/2735 4729/1/2734
f 4826/1/2735 4827/1/2736 4731/1/2736 4730/1/2735
f 4827/1/2736 4828/1/2737 4732/1/2737 4731/1/2736
f 4828/1/2737 4829/1/2738 4733/1/2738 4732/1/2737
f 4829/1/2738 4830/1/2739 4734/1/2739 4733/1/2738
f 4830/1/2739 4831/1/2740 4735/1/2740 4734/1/2739
f 4831/1/2740 4832/1/2741 4736/1/2741 4735/1/2740
f 4832/1/2741 4833/1/61 4737/1/61 4736/1/2741
f 4833/1/61 4834/1/2742 4738/1/2742 4737/1/61
f 4834/1/2742 4835/1/2743 4739/1/2743 4738/1/2742
f 4835/1/2743 4836/1/2744 4740/1/2744 4739/1/2743
f 4836/1/2744 4837/1/2745 4741/1/2745 4740/1/2744
f 4837/1/2745 4838/1/2755 4742/1/2755 4741/1/2745
f 4838/1/2755 4839/1/2747 4743/1/2747 4742/1/2755
f 4839/1/2747 4840/1/2748 4744/1/2748 4743/1/2747
f 4840/1/2748 4841/1/2749 4745/1/2749 4744/1/2748
f 4841/1/2749 4842/1/2750 4746/1/2750 4745/1/2749
f 4842/1/2750 4843/1/2751 4747/1/2751 4746/1/2750
f 4843/1/2751 4844/1/2752 4748/1/2752 4747/1/2751
f 4844/1/2752 4821/1/36 4725/1/36 4748/1/2752
f 4845/1/43 4846/1/2645 4870/1/2645 4869/1/43
f 4846/1/2645 4847/1/2646 4871/1/2646 4870/1/2645
f 4847/1/2646 4848/1/2647 4872/1/2647 4871/1/2646
f 4848/1/2647 4849/1/2648 4873/1/2648 4872/1/2647
f 4849/1/2648 4850/1/2649 4874/1/2649 4873/1/2648
f 4850/1/2649 4851/1/2650 4875/1/2650 4874/1/2649
f 4851/1/2650 4852/1/2651 4876/1/2651 4875/1/2650
f 4852/1/2651 4853/1/2652 4877/1/2652 4876/1/2651
f 4853/1/2652 4854/1/2653 4878/1/2653 4877/1/2652
f 4854/1/2653 4855/1/2654 4879/1/2654 4878/1/2653
f 4855/1/2654 4856/1/2655 4880/1/2655 4879/1/2654
f 4856/1/2655 4857/1/54 4881/1/54 4880/1/2655
f 4857/1/54 4858/1/2756 4882/1/2756 4881/1/54
f 4858/1/2756 4859/1/2657 4883/1/2657 4882/1/2756
f 4859/1/2657 4860/1/2658 4884/1/2658 4883/1/2657
f 4860/1/2658 4861/1/2659 4885/1/2659 4884/1/2658
f 4861/1/2659 4862/1/2660 4886/1/2660 4885/1/2659
f 4862/1/2660 4863/1/2661 4887/1/2661 4886/1/2660
f 4863/1/2661 4864/1/2662 4888/1/2662 4887/1/2661
f 4864/1/2662 4865/1/2663 4889/1/2663 4888/1/2662
f 4865/1/2663 4866/1/2664 4890/1/2664 4889/1/2663
f 4866/1/2664 4867/1/2665 4891/1/2665 4890/1/2664
f 4867/1/2665 4868/1/2757 4892/1/2757 4891/1/2665
f 4868/1/2757 4845/1/43 4869/1/43 4892/1/2757
f 4869/1/50 4870/1/2667 4894/1/2667 4893/1/50
f 4870/1/2667 4871/1/2668 4895/1/2668 4894/1/2667
f 4871/1/2668 4872/1/2669 4896/1/2669 4895/1/2668
f 4872/1/2669 4873/1/2670 4897/1/2670 4896/1/2669
f 4873/1/2670 4874/1/2671 4898/1/2671 4897/1/2670
f 4874/1/2671 4875/1/2672 4899/1/2672 4898/1/2671
f 4875/1/2672 4876/1/2673 4900/1/2673 4899/1/2672
f 4876/1/2673 4877/1/2674 4901/1/2674 4900/1/2673
f 4877/1/2674 4878/1/2675 4902/1/2675 4901/1/2674
f 4878/1/2675 4879/1/2676 4903/1/2676 4902/1/2675
f 4879/1/2676 4880/1/2677 4904/1/2677 4903/1/2676
f 4880/1/2677 4881/1/47 4905/1/47 4904/1/2677
f 4881/1/47 4882/1/2678 4906/1/2678 4905/1/47
f 4882/1/2678 4883/1/2679 4907/1/2679 4906/1/2678
f 4883/1/2679 4884/1/2680 4908/1/2680 4907/1/2679
f 4884/1/2680 4885/1/2681 4909/1/2681 4908/1/2680
f 4885/1/2681 4886/1/2682 4910/1/2682 4909/1/2681
f 4886/1/2682 4887/1/2683 4911/1/2683 4910/1/2682
f 4887/1/2683 4888/1/2684 4912/1/2684 4911/1/2683
f 4888/1/2684 4889/1/2685 4913/1/2685 4912/1/2684
f 4889/1/2685 4890/1/2686 4914/1/2686 4913/1/2685
f 4890/1/2686 4891/1/2687 4915/1/2687 4914/1/2686
f 4891/1/2687 4892/1/2688 4916/1/2688 4915/1/2687
f 4892/1/2688 4869/1/50 4893/1/50 4916/1/2688
f 4893/1/26 4894/1/2689 4918/1/2689 4917/1/26
f 4894/1/2689 4895/1/2690 4919/1/2690 4918/1/2689
f 4895/1/2690 4896/1/2691 4920/1/2691 4919/1/2690
f 4896/1/2691 4897/1/2692 4921/1/2692 4920/1/2691
f 4897/1/2692 4898/1/2693 4922/1/2693 4921/1/2692
f 4898/1/2693 4899/1/25 4923/1/25 4922/1/2693
f 4899/1/25 4900/1/2694 4924/1/2694 4923/1/25
f 4900/1/2694 4901/1/2695 4925/1/2695 4924/1/2694
f 4901/1/2695 4902/1/2696 4926/1/2696 4925/1/2695
f 4902/1/2696 4903/1/2697 4927/1/2697 4926/1/2696
f 4903/1/2697 4904/1/2698 4928/1/2698 4927/1/2697
f 4904/1/2698 4905/1/30 4929/1/30 4928/1/2698
f 4905/1/30 4906/1/2699 4930/1/2699 4929/1/30
f 4906/1/2699 4907/1/2700 4931/1/2700 4930/1/2699
f 4907/1/2700 4908/1/2701 4932/1/2701 4931/1/2700
f 4908/1/2701 4909/1/2702 4933/1/2702 4932/1/2701
f 4909/1/2702 4910/1/2703 4934/1/2703 4933/1/2702
f 4910/1/2703 4911/1/28 4935/1/28 4934/1/2703
f 4911/1/28 4912/1/2704 4936/1/2704 4935/1/28
f 4912/1/2704 4913/1/2705 4937/1/2705 4936/1/2704
f 4913/1/2705 4914/1/2706 4938/1/2706 4937/1/2705
f 4914/1/2706 4915/1/2707 4939/1/2707 4938/1/2706
f 4915/1/2707 4916/1/2708 4940/1/2708 4939/1/2707
f 4916/1/2708 4893/1/26 4917/1/26 4940/1/2708
f 4917/1/65 4918/1/2709 4942/1/2709 4941/1/65
f 4918/1/2709 4919/1/2710 4943/1/2710 4942/1/2709
f 4919/1/2710 4920/1/2711 4944/1/2711 4943/1/2710
f 4920/1/2711 4921/1/2712 4945/1/2712 4944/1/2711
f 4921/1/2712 4922/1/2713 4946/1/2713 4945/1/2712
f 4922/1/2713 4923/1/2714 4947/1/2714 4946/1/2713
f 4923/1/2714 4924/1/2715 4948/1/2715 4947/1/2714
f 4924/1/2715 4925/1/2716 4949/1/2716 4948/1/2715
f 4925/1/2716 4926/1/2717 4950/1/2717 4949/1/2716
f 4926/1/2717 4927/1/2718 4951/1/2718 4950/1/2717
f 4927/1/2718 4928/1/2719 4952/1/2719 4951/1/2718
f 4928/1/2719 4929/1/32 4953/1/32 4952/1/2719
f 4929/1/32 4930/1/2720 4954/1/2720 4953/1/32
f 4930/1/2720 4931/1/2721 4955/1/2721 4954/1/2720
f 4931/1/2721 4932/1/2722 4956/1/2722 4955/1/2721
f 4932/1/2722 4933/1/2723 4957/1/2723 4956/1/2722
f 4933/1/2723 4934/1/2724 4958/1/2724 4957/1/2723
f 4934/1/2724 4935/1/2725 4959/1/2725 4958/1/2724
f 4935/1/2725 4936/1/2726 4960/1/2726 4959/1/2725
f 4936/1/2726 4937/1/2727 4961/1/2727 4960/1/2726
f 4937/1/2727 4938/1/2728 4962/1/2728 4961/1/2727
f 4938/1/2728 4939/1/2729 4963/1/2729 4962/1/2728
f 4939/1/2729 4940/1/2730 4964/1/2730 4963/1/2729
f 4940/1/2730 4917/1/65 4941/1/65 4964/1/2730
f 4941/1/36 4942/1/2731 4846/1/2731 4845/1/36
f 4942/1/2731 4943/1/2732 4847/1/2732 4846/1/2731
f 4943/1/2732 4944/1/2733 4848/1/2733 4847/1/2732
f 4944/1/2733 4945/1/2734 4849/1/2734 4848/1/2733
f 4945/1/2734 4946/1/2735 4850/1/2735 4849/1/2734
f 4946/1/2735 4947/1/2736 4851/1/2736 4850/1/2735
f 4947/1/2736 4948/1/2737 4852/1/2737 4851/1/2736
f 4948/1/2737 4949/1/2738 4853/1/2738 4852/1/2737
f 4949/1/2738 4950/1/2739 4854/1/2739 4853/1/2738
f 4950/1/2739 4951/1/2740 4855/1/2740 4854/1/2739
f 4951/1/2740 4952/1/2741 4856/1/2741 4855/1/2740
f 4952/1/2741 4953/1/61 4857/1/61 4856/1/2741
f 4953/1/61 4954/1/2742 4858/1/2742 4857/1/61
f 4954/1/2742 4955/1/2743 4859/1/2743 4858/1/2742
f 4955/1/2743 4956/1/2744 4860/1/2744 4859/1/2743
f 4956/1/2744 4957/1/2745 4861/1/2745 4860/1/2744
f 4957/1/2745 4958/1/2755 4862/1/2755 4861/1/2745
f 4958/1/2755 4959/1/2747 4863/1/2747 4862/1/2755
f 4959/1/2747 4960/1/2748 4864/1/2748 4863/1/2747
f 4960/1/2748 4961/1/2749 4865/1/2749 4864/1/2748
f 4961/1/2749 4962/1/2750 4866/1/2750 4865/1/2749
f 4962/1/2750 4963/1/2751 4867/1/2751 4866/1/2750
f 4963/1/2751 4964/1/2752 4868/1/2752 4867/1/2751
f 4964/1/2752 4941/1/36 4845/1/36 4868/1/2752
f 5279/1/43 5280/1/2645 5304/1/2645 5303/1/43
f 5280/1/2645 5281/1/2646 5305/1/2646 5304/1/2645
f 5281/1/2646 5282/1/2647 5306/1/2647 5305/1/2646
f 5282/1/2647 5283/1/2648 5307/1/2648 5306/1/2647
f 5283/1/2648 5284/1/2649 5308/1/2649 5307/1/2648
f 5284/1/2649 5285/1/2650 5309/1/2650 5308/1/2649
f 5285/1/2650 5286/1/2651 5310/1/2651 5309/1/2650
f 5286/1/2651 5287/1/2652 5311/1/2652 5310/1/2651
f 5287/1/2652 5288/1/2653 5312/1/2653 5311/1/2652
f 5288/1/2653 5289/1/2654 5313/1/2654 5312/1/2653
f 5289/1/2654 5290/1/2812 5314/1/2812 5313/1/2654
f 5290/1/2812 5291/1/54 5315/1/54 5314/1/2812
f 5291/1/54 5292/1/2756 5316/1/2756 5315/1/54
f 5292/1/2756 5293/1/2657 5317/1/2657 5316/1/2756
f 5293/1/2657 5294/1/2658 5318/1/2658 5317/1/2657
f 5294/1/2658 5295/1/2659 5319/1/2659 5318/1/2658
f 5295/1/2659 5296/1/2660 5320/1/2660 5319/1/2659
f 5296/1/2660 5297/1/2661 5321/1/2661 5320/1/2660
f 5297/1/2661 5298/1/2662 5322/1/2662 5321/1/2661
f 5298/1/2662 5299/1/2663 5323/1/2663 5322/1/2662
f 5299/1/2663 5300/1/2664 5324/1/2664 5323/1/2663
f 5300/1/2664 5301/1/2665 5325/1/2665 5324/1/2664
f 5301/1/2665 5302/1/2666 5326/1/2666 5325/1/2665
f 5302/1/2666 5279/1/43 5303/1/43 5326/1/2666
f 5303/1/50 5304/1/2667 5328/1/2667 5327/1/50
f 5304/1/2667 5305/1/2668 5329/1/2668 5328/1/2667
f 5305/1/2668 5306/1/2669 5330/1/2669 5329/1/2668
f 5306/1/2669 5307/1/2670 5331/1/2670 5330/1/2669
f 5307/1/2670 5308/1/2671 5332/1/2671 5331/1/2670
f 5308/1/2671 5309/1/2672 5333/1/2672 5332/1/2671
f 5309/1/2672 5310/1/2673 5334/1/2673 5333/1/2672
f 5310/1/2673 5311/1/2674 5335/1/2674 5334/1/2673
f 5311/1/2674 5312/1/2675 5336/1/2675 5335/1/2674
f 5312/1/2675 5313/1/2676 5337/1/2676 5336/1/2675
f 5313/1/2676 5314/1/2677 5338/1/2677 5337/1/2676
f 5314/1/2677 5315/1/47 5339/1/47 5338/1/2677
f 5315/1/47 5316/1/2678 5340/1/2678 5339/1/47
f 5316/1/2678 5317/1/2679 5341/1/2679 5340/1/2678
f 5317/1/2679 5318/1/2680 5342/1/2680 5341/1/2679
f 5318/1/2680 5319/1/2681 5343/1/2681 5342/1/2680
f 5319/1/2681 5320/1/2682 5344/1/2682 5343/1/2681
f 5320/1/2682 5321/1/2683 5345/1/2683 5344/1/2682
f 5321/1/2683 5322/1/2684 5346/1/2684 5345/1/2683
f 5322/1/2684 5323/1/2685 5347/1/2685 5346/1/2684
f 5323/1/2685 5324/1/2686 5348/1/2686 5347/1/2685
f 5324/1/2686 5325/1/2687 5349/1/2687 5348/1/2686
f 5325/1/2687 5326/1/2688 5350/1/2688 5349/1/2687
f 5326/1/2688 5303/1/50 5327/1/50 5350/1/2688
f 5327/1/26 5328/1/2689 5352/1/2689 5351/1/26
f 5328/1/2689 5329/1/2690 5353/1/2690 5352/1/2689
f 5329/1/2690 5330/1/2691 5354/1/2691 5353/1/2690
f 5330/1/2691 5331/1/2692 5355/1/2692 5354/1/2691
f 5331/1/2692 5332/1/2693 5356/1/2693 5355/1/2692
f 5332/1/2693 5333/1/25 5357/1/25 5356/1/2693
f 5333/1/25 5334/1/2694 5358/1/2694 5357/1/25
f 5334/1/2694 5335/1/2695 5359/1/2695 5358/1/2694
f 5335/1/2695 5336/1/2696 5360/1/2696 5359/1/2695
f 5336/1/2696 5337/1/2697 5361/1/2697 5360/1/2696
f 5337/1/2697 5338/1/2698 5362/1/2698 5361/1/2697
f 5338/1/2698 5339/1/30 5363/1/30 5362/1/2698
f 5339/1/30 5340/1/2699 5364/1/2699 5363/1/30
f 5340/1/2699 5341/1/2700 5365/1/2700 5364/1/2699
f 5341/1/2700 5342/1/2701 5366/1/2701 5365/1/2700
f 5342/1/2701 5343/1/2702 5367/1/2702 5366/1/2701
f 5343/1/2702 5344/1/2703 5368/1/2703 5367/1/2702
f 5344/1/2703 5345/1/28 5369/1/28 5368/1/2703
f 5345/1/28 5346/1/2704 5370/1/2704 5369/1/28
f 5346/1/2704 5347/1/2705 5371/1/2705 5370/1/2704
f 5347/1/2705 5348/1/2706 5372/1/2706 5371/1/2705
f 5348/1/2706 5349/1/2707 5373/1/2707 5372/1/2706
f 5349/1/2707 5350/1/2708 5374/1/2708 5373/1/2707
f 5350/1/2708 5327/1/26 5351/1/26 5374/1/2708
f 5351/1/65 5352/1/2709 5376/1/2709 5375/1/65
f 5352/1/2709 5353/1/2710 5377/1/2710 5376/1/2709
f 5353/1/2710 5354/1/2711 5378/1/2711 5377/1/2710
f 5354/1/2711 5355/1/2712 5379/1/2712 5378/1/2711
f 5355/1/2712 5356/1/2713 5380/1/2713 5379/1/2712
f 5356/1/2713 5357/1/2714 5381/1/2714 5380/1/2713
f 5357/1/2714 5358/1/2715 5382/1/2715 5381/1/2714
f 5358/1/2715 5359/1/2716 5383/1/2716 5382/1/2715
f 5359/1/2716 5360/1/2717 5384/1/2717 5383/1/2716
f 5360/1/2717 5361/1/2718 5385/1/2718 5384/1/2717
f 5361/1/2718 5362/1/2719 5386/1/2719 5385/1/2718
f 5362/1/2719 5363/1/32 5387/1/32 5386/1/2719
f 5363/1/32 5364/1/2720 5388/1/2720 5387/1/32
f 5364/1/2720 5365/1/2721 5389/1/2721 5388/1/2720
f 5365/1/2721 5366/1/2722 5390/1/2722 5389/1/2721
f 5366/1/2722 5367/1/2723 5391/1/2723 5390/1/2722
f 5367/1/2723 5368/1/2724 5392/1/2724 5391/1/2723
f 5368/1/2724 5369/1/2725 5393/1/2725 5392/1/2724
f 5369/1/2725 5370/1/2726 5394/1/2726 5393/1/2725
f 5370/1/2726 5371/1/2727 5395/1/2727 5394/1/2726
f 5371/1/2727 5372/1/2728 5396/1/2728 5395/1/2727
f 5372/1/2728 5373/1/2729 5397/1/2729 5396/1/2728
f 5373/1/2729 5374/1/2730 5398/1/2730 5397/1/2729
f 5374/1/2730 5351/1/65 5375/1/65 5398/1/2730
f 5375/1/36 5376/1/2731 5280/1/2731 5279/1/36
f 5376/1/2731 5377/1/2732 5281/1/2732 5280/1/2731
f 5377/1/2732 5378/1/2733 5282/1/2733 5281/1/2732
f 5378/1/2733 5379/1/2734 5283/1/2734 5282/1/2733
f 5379/1/2734 5380/1/2735 5284/1/2735 5283/1/2734
f 5380/1/2735 5381/1/2736 5285/1/2736 5284/1/2735
f 5381/1/2736 5382/1/2737 5286/1/2737 5285/1/2736
f 5382/1/2737 5383/1/2738 5287/1/2738 5286/1/2737
f 5383/1/2738 5384/1/2739 5288/1/2739 5287/1/2738
f 5384/1/2739 5385/1/2740 5289/1/2740 5288/1/2739
f 5385/1/2740 5386/1/2813 5290/1/2813 5289/1/2740
f 5386/1/2813 5387/1/61 5291/1/61 5290/1/2813
f 5387/1/61 5388/1/2814 5292/1/2814 5291/1/61
f 5388/1/2814 5389/1/2743 5293/1/2743 5292/1/2814
f 5389/1/2743 5390/1/2744 5294/1/2744 5293/1/2743
f 5390/1/2744 5391/1/2745 5295/1/2745 5294/1/2744
f 5391/1/2745 5392/1/2755 5296/1/2755 5295/1/2745
f 5392/1/2755 5393/1/2747 5297/1/2747 5296/1/2755
f 5393/1/2747 5394/1/2748 5298/1/2748 5297/1/2747
f 5394/1/2748 5395/1/2749 5299/1/2749 5298/1/2748
f 5395/1/2749 5396/1/2750 5300/1/2750 5299/1/2749
f 5396/1/2750 5397/1/2751 5301/1/2751 5300/1/2750
f 5397/1/2751 5398/1/2752 5302/1/2752 5301/1/2751
f 5398/1/2752 5375/1/36 5279/1/36 5302/1/2752
f 5399/1/43 5400/1/2645 5424/1/2645 5423/1/43
f 5400/1/2645 5401/1/2646 5425/1/2646 5424/1/2645
f 5401/1/2646 5402/1/2647 5426/1/2647 5425/1/2646
f 5402/1/2647 5403/1/2648 5427/1/2648 5426/1/2647
f 5403/1/2648 5404/1/2649 5428/1/2649 5427/1/2648
f 5404/1/2649 5405/1/2650 5429/1/2650 5428/1/2649
f 5405/1/2650 5406/1/2651 5430/1/2651 5429/1/2650
f 5406/1/2651 5407/1/2652 5431/1/2652 5430/1/2651
f 5407/1/2652 5408/1/2653 5432/1/2653 5431/1/2652
f 5408/1/2653 5409/1/2654 5433/1/2654 5432/1/2653
f 5409/1/2654 5410/1/2812 5434/1/2812 5433/1/2654
f 5410/1/2812 5411/1/54 5435/1/54 5434/1/2812
f 5411/1/54 5412/1/2756 5436/1/2756 5435/1/54
f 5412/1/2756 5413/1/2657 5437/1/2657 5436/1/2756
f 5413/1/2657 5414/1/2658 5438/1/2658 5437/1/2657
f 5414/1/2658 5415/1/2659 5439/1/2659 5438/1/2658
f 5415/1/2659 5416/1/2660 5440/1/2660 5439/1/2659
f 5416/1/2660 5417/1/2661 5441/1/2661 5440/1/2660
f 5417/1/2661 5418/1/2662 5442/1/2662 5441/1/2661
f 5418/1/2662 5419/1/2663 5443/1/2663 5442/1/2662
f 5419/1/2663 5420/1/2664 5444/1/2664 5443/1/2663
f 5420/1/2664 5421/1/2665 5445/1/2665 5444/1/2664
f 5421/1/2665 5422/1/2666 5446/1/2666 5445/1/2665
f 5422/1/2666 5399/1/43 5423/1/43 5446/1/2666
f 5423/1/50 5424/1/2667 5448/1/2667 5447/1/50
f 5424/1/2667 5425/1/2668 5449/1/2668 5448/1/2667
f 5425/1/2668 5426/1/2669 5450/1/2669 5449/1/2668
f 5426/1/2669 5427/1/2670 5451/1/2670 5450/1/2669
f 5427/1/2670 5428/1/2671 5452/1/2671 5451/1/2670
f 5428/1/2671 5429/1/2672 5453/1/2672 5452/1/2671
f 5429/1/2672 5430/1/2673 5454/1/2673 5453/1/2672
f 5430/1/2673 5431/1/2674 5455/1/2674 5454/1/2673
f 5431/1/2674 5432/1/2675 5456/1/2675 5455/1/2674
f 5432/1/2675 5433/1/2676 5457/1/2676 5456/1/2675
f 5433/1/2676 5434/1/2677 5458/1/2677 5457/1/2676
f 5434/1/2677 5435/1/47 5459/1/47 5458/1/2677
f 5435/1/47 5436/1/2678 5460/1/2678 5459/1/47
f 5436/1/2678 5437/1/2679 5461/1/2679 5460/1/2678
f 5437/1/2679 5438/1/2680 5462/1/2680 5461/1/2679
f 5438/1/2680 5439/1/2681 5463/1/2681 5462/1/2680
f 5439/1/2681 5440/1/2682 5464/1/2682 5463/1/2681
f 5440/1/2682 5441/1/2683 5465/1/2683 5464/1/2682
f 5441/1/2683 5442/1/2684 5466/1/2684 5465/1/2683
f 5442/1/2684 5443/1/2685 5467/1/2685 5466/1/2684
f 5443/1/2685 5444/1/2686 5468/1/2686 5467/1/2685
f 5444/1/2686 5445/1/2687 5469/1/2687 5468/1/2686
f 5445/1/2687 5446/1/2688 5470/1/2688 5469/1/2687
f 5446/1/2688 5423/1/50 5447/1/50 5470/1/2688
f 5447/1/26 5448/1/2689 5472/1/2689 5471/1/26
f 5448/1/2689 5449/1/2690 5473/1/2690 5472/1/2689
f 5449/1/2690 5450/1/2691 5474/1/2691 5473/1/2690
f 5450/1/2691 5451/1/2692 5475/1/2692 5474/1/2691
f 5451/1/2692 5452/1/2693 5476/1/2693 5475/1/2692
f 5452/1/2693 5453/1/25 5477/1/25 5476/1/2693
f 5453/1/25 5454/1/2694 5478/1/2694 5477/1/25
f 5454/1/2694 5455/1/2695 5479/1/2695 5478/1/2694
f 5455/1/2695 5456/1/2696 5480/1/2696 5479/1/2695
f 5456/1/2696 5457/1/2697 5481/1/2697 5480/1/2696
f 5457/1/2697 5458/1/2698 5482/1/2698 5481/1/2697
f 5458/1/2698 5459/1/30 5483/1/30 5482/1/2698
f 5459/1/30 5460/1/2699 5484/1/2699 5483/1/30
f 5460/1/2699 5461/1/2700 5485/1/2700 5484/1/2699
f 5461/1/2700 5462/1/2701 5486/1/2701 5485/1/2700
f 5462/1/2701 5463/1/2702 5487/1/2702 5486/1/2701
f 5463/1/2702 5464/1/2703 5488/1/2703 5487/1/2702
f 5464/1/2703 5465/1/28 5489/1/28 5488/1/2703
f 5465/1/28 5466/1/2704 5490/1/2704 5489/1/28
f 5466/1/2704 5467/1/2705 5491/1/2705 5490/1/2704
f 5467/1/2705 5468/1/2706 5492/1/2706 5491/1/2705
f 5468/1/2706 5469/1/2707 5493/1/2707 5492/1/2706
f 5469/1/2707 5470/1/2708 5494/1/2708 5493/1/2707
f 5470/1/2708 5447/1/26 5471/1/26 5494/1/2708
f 5471/1/65 5472/1/2709 5496/1/2709 5495/1/65
f 5472/1/2709 5473/1/2710 5497/1/2710 5496/1/2709
f 5473/1/2710 5474/1/2711 5498/1/2711 5497/1/2710
f 5474/1/2711 5475/1/2712 5499/1/2712 5498/1/2711
f 5475/1/2712 5476/1/2713 5500/1/2713 5499/1/2712
f 5476/1/2713 5477/1/2714 5501/1/2714 5500/1/2713
f 5477/1/2714 5478/1/2715 5502/1/2715 5501/1/2714
f 5478/1/2715 5479/1/2716 5503/1/2716 5502/1/2715
f 5479/1/2716 5480/1/2717 5504/1/2717 5503/1/2716
f 5480/1/2717 5481/1/2718 5505/1/2718 5504/1/2717
f 5481/1/2718 5482/1/2719 5506/1/2719 5505/1/2718
f 5482/1/2719 5483/1/32 5507/1/32 5506/1/2719
f 5483/1/32 5484/1/2720 5508/1/2720 5507/1/32
f 5484/1/2720 5485/1/2721 5509/1/2721 5508/1/2720
f 5485/1/2721 5486/1/2722 5510/1/2722 5509/1/2721
f 5486/1/2722 5487/1/2723 5511/1/2723 5510/1/2722
f 5487/1/2723 5488/1/2724 5512/1/2724 5511/1/2723
f 5488/1/2724 5489/1/2725 5513/1/2725 5512/1/2724
f 5489/1/2725 5490/1/2726 5514/1/2726 5513/1/2725
f 5490/1/2726 5491/1/2727 5515/1/2727 5514/1/2726
f 5491/1/2727 5492/1/2728 5516/1/2728 5515/1/2727
f 5492/1/2728 5493/1/2729 5517/1/2729 5516/1/2728
f 5493/1/2729 5494/1/2730 5518/1/2730 5517/1/2729
f 5494/1/2730 5471/1/65 5495/1/65 5518/1/2730
f 5495/1/36 5496/1/2731 5400/1/2731 5399/1/36
f 5496/1/2731 5497/1/2732 5401/1/2732 5400/1/2731
f 5497/1/2732 5498/1/2733 5402/1/2733 5401/1/2732
f 5498/1/2733 5499/1/2734 5403/1/2734 5402/1/2733
f 5499/1/2734 5500/1/2735 5404/1/2735 5403/1/2734
f 5500/1/2735 5501/1/2736 5405/1/2736 5404/1/2735
f 5501/1/2736 5502/1/2737 5406/1/2737 5405/1/2736
f 5502/1/2737 5503/1/2738 5407/1/2738 5406/1/2737
f 5503/1/2738 5504/1/2739 5408/1/2739 5407/1/2738
f 5504/1/2739 5505/1/2740 5409/1/2740 5408/1/2739
f 5505/1/2740 5506/1/2813 5410/1/2813 5409/1/2740
f 5506/1/2813 5507/1/61 5411/1/61 5410/1/2813
f 5507/1/61 5508/1/2814 5412/1/2814 5411/1/61
f 5508/1/2814 5509/1/2743 5413/1/2743 5412/1/2814
f 5509/1/2743 5510/1/2744 5414/1/2744 5413/1/2743
f 5510/1/2744 5511/1/2745 5415/1/2745 5414/1/2744
f 5511/1/2745 5512/1/2755 5416/1/2755 5415/1/2745
f 5512/1/2755 5513/1/2747 5417/1/2747 5416/1/2755
f 5513/1/2747 5514/1/2748 5418/1/2748 5417/1/2747
f 5514/1/2748 5515/1/2749 5419/1/2749 5418/1/2748
f 5515/1/2749 5516/1/2750 5420/1/2750 5419/1/2749
f 5516/1/2750 5517/1/2751 5421/1/2751 5420/1/2750
f 5517/1/2751 5518/1/2752 5422/1/2752 5421/1/2751
f 5518/1/2752 5495/1/36 5399/1/36 5422/1/2752
f 5519/1/43 5520/1/2645 5544/1/2645 5543/1/43
f 5520/1/2645 5521/1/2646 5545/1/2646 5544/1/2645
f 5521/1/2646 5522/1/2647 5546/1/2647 5545/1/2646
f 5522/1/2647 5523/1/2648 5547/1/2648 5546/1/2647
f 5523/1/2648 5524/1/2649 5548/1/2649 5547/1/2648
f 5524/1/2649 5525/1/2650 5549/1/2650 5548/1/2649
f 5525/1/2650 5526/1/2651 5550/1/2651 5549/1/2650
f 5526/1/2651 5527/1/2652 5551/1/2652 5550/1/2651
f 5527/1/2652 5528/1/2653 5552/1/2653 5551/1/2652
f 5528/1/2653 5529/1/2654 5553/1/2654 5552/1/2653
f 5529/1/2654 5530/1/2812 5554/1/2812 5553/1/2654
f 5530/1/2812 5531/1/54 5555/1/54 5554/1/2812
f 5531/1/54 5532/1/2756 5556/1/2756 5555/1/54
f 5532/1/2756 5533/1/2657 5557/1/2657 5556/1/2756
f 5533/1/2657 5534/1/2658 5558/1/2658 5557/1/2657
f 5534/1/2658 5535/1/2659 5559/1/2659 5558/1/2658
f 5535/1/2659 5536/1/2660 5560/1/2660 5559/1/2659
f 5536/1/2660 5537/1/2661 5561/1/2661 5560/1/2660
f 5537/1/2661 5538/1/2662 5562/1/2662 5561/1/2661
f 5538/1/2662 5539/1/2663 5563/1/2663 5562/1/2662
f 5539/1/2663 5540/1/2664 5564/1/2664 5563/1/2663
f 5540/1/2664 5541/1/2665 5565/1/2665 5564/1/2664
f 5541/1/2665 5542/1/2666 5566/1/2666 5565/1/2665
f 5542/1/2666 5519/1/43 5543/1/43 5566/1/2666
f 5543/1/50 5544/1/2667 5568/1/2667 5567/1/50
f 5544/1/2667 5545/1/2668 5569/1/2668 5568/1/2667
f 5545/1/2668 5546/1/2669 5570/1/2669 5569/1/2668
f 5546/1/2669 5547/1/2670 5571/1/2670 5570/1/2669
f 5547/1/2670 5548/1/2671 5572/1/2671 5571/1/2670
f 5548/1/2671 5549/1/2672 5573/1/2672 5572/1/2671
f 5549/1/2672 5550/1/2673 5574/1/2673 5573/1/2672
f 5550/1/2673 5551/1/2674 5575/1/2674 5574/1/2673
f 5551/1/2674 5552/1/2675 5576/1/2675 5575/1/2674
f 5552/1/2675 5553/1/2676 5577/1/2676 5576/1/2675
f 5553/1/2676 5554/1/2677 5578/1/2677 5577/1/2676
f 5554/1/2677 5555/1/47 5579/1/47 5578/1/2677
f 5555/1/47 5556/1/2678 5580/1/2678 5579/1/47
f 5556/1/2678 5557/1/2679 5581/1/2679 5580/1/2678
f 5557/1/2679 5558/1/2680 5582/1/2680 5581/1/2679
f 5558/1/2680 5559/1/2681 5583/1/2681 5582/1/2680
f 5559/1/2681 5560/1/2682 5584/1/2682 5583/1/2681
f 5560/1/2682 5561/1/2683 5585/1/2683 5584/1/2682
f 5561/1/2683 5562/1/2684 5586/1/2684 5585/1/2683
f 5562/1/2684 5563/1/2685 5587/1/2685 5586/1/2684
f 5563/1/2685 5564/1/2686 5588/1/2686 5587/1/2685
f 5564/1/2686 5565/1/2687 5589/1/2687 5588/1/2686
f 5565/1/2687 5566/1/2688 5590/1/2688 5589/1/2687
f 5566/1/2688 5543/1/50 5567/1/50 5590/1/2688
f 5567/1/26 5568/1/2689 5592/1/2689 5591/1/26
f 5568/1/2689 5569/1/2690 5593/1/2690 5592/1/2689
f 5569/1/2690 5570/1/2691 5594/1/2691 5593/1/2690
f 5570/1/2691 5571/1/2692 5595/1/2692 5594/1/2691
f 5571/1/2692 5572/1/2693 5596/1/2693 5595/1/2692
f 5572/1/2693 5573/1/25 5597/1/25 5596/1/2693
f 5573/1/25 5574/1/2694 5598/1/2694 5597/1/25
f 5574/1/2694 5575/1/2695 5599/1/2695 5598/1/2694
f 5575/1/2695 5576/1/2696 5600/1/2696 5599/1/2695
f 5576/1/2696 5577/1/2697 5601/1/2697 5600/1/2696
f 5577/1/2697 5578/1/2698 5602/1/2698 5601/1/2697
f 5578/1/2698 5579/1/30 5603/1/30 5602/1/2698
f 5579/1/30 5580/1/2699 5604/1/2699 5603/1/30
f 5580/1/2699 5581/1/2700 5605/1/2700 5604/1/2699
f 5581/1/2700 5582/1/2701 5606/1/2701 5605/1/2700
f 5582/1/2701 5583/1/2702 5607/1/2702 5606/1/2701
f 5583/1/2702 5584/1/2703 5608/1/2703 5607/1/2702
f 5584/1/2703 5585/1/28 5609/1/28 5608/1/2703
f 5585/1/28 5586/1/2704 5610/1/2704 5609/1/28
f 5586/1/2704 5587/1/2705 5611/1/2705 5610/1/2704
f 5587/1/2705 5588/1/2706 5612/1/2706 5611/1/2705
f 5588/1/2706 5589/1/2707 5613/1/2707 5612/1/2706
f 5589/1/2707 5590/1/2708 5614/1/2708 5613/1/2707
f 5590/1/2708 5567/1/26 5591/1/26 5614/1/2708
f 5591/1/65 5592/1/2709 5616/1/2709 5615/1/65
f 5592/1/2709 5593/1/2710 5617/1/2710 5616/1/2709
f 5593/1/2710 5594/1/2711 5618/1/2711 5617/1/2710
f 5594/1/2711 5595/1/2712 5619/1/2712 5618/1/2711
f 5595/1/2712 5596/1/2713 5620/1/2713 5619/1/2712
f 5596/1/2713 5597/1/2714 5621/1/2714 5620/1/2713
f 5597/1/2714 5598/1/2715 5622/1/2715 5621/1/2714
f 5598/1/2715 5599/1/2716 5623/1/2716 5622/1/2715
f 5599/1/2716 5600/1/2717 5624/1/2717 5623/1/2716
f 5600/1/2717 5601/1/2718 5625/1/2718 5624/1/2717
f 5601/1/2718 5602/1/2719 5626/1/2719 5625/1/2718
f 5602/1/2719 5603/1/32 5627/1/32 5626/1/2719
f 5603/1/32 5604/1/2720 5628/1/2720 5627/1/32
f 5604/1/2720 5605/1/2721 5629/1/2721 5628/1/2720
f 5605/1/2721 5606/1/2722 5630/1/2722 5629/1/2721
f 5606/1/2722 5607/1/2723 5631/1/2723 5630/1/2722
f 5607/1/2723 5608/1/2724 5632/1/2724 5631/1/2723
f 5608/1/2724 5609/1/2725 5633/1/2725 5632/1/2724
f 5609/1/2725 5610/1/2726 5634/1/2726 5633/1/2725
f 5610/1/2726 5611/1/2727 5635/1/2727 5634/1/2726
f 5611/1/2727 5612/1/2728 5636/1/2728 5635/1/2727
f 5612/1/2728 5613/1/2729 5637/1/2729 5636/1/2728
f 5613/1/2729 5614/1/2730 5638/1/2730 5637/1/2729
f 5614/1/2730 5591/1/65 5615/1/65 5638/1/2730
f 5615/1/36 5616/1/2731 5520/1/2731 5519/1/36
f 5616/1/2731 5617/1/2732 5521/1/2732 5520/1/2731
f 5617/1/2732 5618/1/2733 5522/1/2733 5521/1/2732
f 5618/1/2733 5619/1/2734 5523/1/2734 5522/1/2733
f 5619/1/2734 5620/1/2735 5524/1/2735 5523/1/2734
f 5620/1/2735 5621/1/2736 5525/1/2736 5524/1/2735
f 5621/1/2736 5622/1/2737 5526/1/2737 5525/1/2736
f 5622/1/2737 5623/1/2738 5527/1/2738 5526/1/2737
f 5623/1/2738 5624/1/2739 5528/1/2739 5527/1/2738
f 5624/1/2739 5625/1/2740 5529/1/2740 5528/1/2739
f 5625/1/2740 5626/1/2813 5530/1/2813 5529/1/2740
f 5626/1/2813 5627/1/61 5531/1/61 5530/1/2813
f 5627/1/61 5628/1/2814 5532/1/2814 5531/1/61
f 5628/1/2814 5629/1/2743 5533/1/2743 5532/1/2814
f 5629/1/2743 5630/1/2744 5534/1/2744 5533/1/2743
f 5630/1/2744 5631/1/2745 5535/1/2745 5534/1/2744
f 5631/1/2745 5632/1/2755 5536/1/2755 5535/1/2745
f 5632/1/2755 5633/1/2747 5537/1/2747 5536/1/2755
f 5633/1/2747 5634/1/2748 5538/1/2748 5537/1/2747
f 5634/1/2748 5635/1/2749 5539/1/2749 5538/1/2748
f 5635/1/2749 5636/1/2750 5540/1/2750 5539/1/2749
f 5636/1/2750 5637/1/2751 5541/1/2751 5540/1/2750
f 5637/1/2751 5638/1/2752 5542/1/2752 5541/1/2751
f 5638/1/2752 5615/1/36 5519/1/36 5542/1/2752
f 5692/1/29 5691/1/2829 5703/1/2830 5704/1/2831
f 5693/1/2832 5692/1/29 5704/1/2831 5705/1/2833
f 5997/1/2834 5687/1/28 5698/1/2835
f 5694/1/2836 5693/1/2832 5705/1/2833 5706/1/2837
f 5998/1/2838 5997/1/2834 5698/1/2835 5699/1/2839
f 5695/1/2840 5694/1/2836 5706/1/2837 5707/1/2841
f 5688/1/2842 5998/1/2838 5699/1/2839 5700/1/2843
f 5696/1/2844 5695/1/2840 5707/1/2841 5708/1/2845
f 5689/1/2846 5688/1/2842 5700/1/2843 5701/1/2847
f 5999/1/2848 5696/1/2844 5708/1/2845 5709/1/2849
f 5690/1/2850 5689/1/2846 5701/1/2847 5702/1/2851
f 6000/1/2852 5999/1/2848 5709/1/2849 5710/1/2853
f 5691/1/2829 5690/1/2850 5702/1/2851 5703/1/2830
f 5697/1/25 6000/1/2852 5710/1/2853
f 5705/1/2833 5704/1/2831 5717/1/2804 5718/1/2854
f 5698/1/2835 5687/1/28 5711/1/2855
f 5706/1/2837 5705/1/2833 5718/1/2854 5719/1/2856
f 5699/1/2839 5698/1/2835 5711/1/2855 5712/1/2857
f 5707/1/2841 5706/1/2837 5719/1/2856 5720/1/2858
f 5700/1/2843 5699/1/2839 5712/1/2857 5713/1/2859
f 5708/1/2845 5707/1/2841 5720/1/2858 5721/1/2860
f 5701/1/2847 5700/1/2843 5713/1/2859 5714/1/2861
f 5709/1/2849 5708/1/2845 5721/1/2860 5722/1/2862
f 5702/1/2851 5701/1/2847 5714/1/2861 5715/1/2863
f 5710/1/2853 5709/1/2849 5722/1/2862 5723/1/2864
f 5703/1/2830 5702/1/2851 5715/1/2863 5716/1/2865
f 5697/1/25 5710/1/2853 5723/1/2864
f 5704/1/2831 5703/1/2830 5716/1/2865 5717/1/2804
f 5711/1/2855 5687/1/28 5724/1/2866
f 5719/1/2856 5718/1/2854 5731/1/2867 5732/1/2868
f 5712/1/2857 5711/1/2855 5724/1/2866 5725/1/2869
f 5720/1/2858 5719/1/2856 5732/1/2868 5733/1/2870
f 5713/1/2859 5712/1/2857 5725/1/2869 5726/1/2871
f 5721/1/2860 5720/1/2858 5733/1/2870 5734/1/2872
f 5714/1/2861 5713/1/2859 5726/1/2871 5727/1/2873
f 5722/1/2862 5721/1/2860 5734/1/2872 5735/1/2874
f 5715/1/2863 5714/1/2861 5727/1/2873 5728/1/2875
f 5723/1/2864 5722/1/2862 5735/1/2874 5736/1/2876
f 5716/1/2865 5715/1/2863 5728/1/2875 5729/1/2877
f 5697/1/25 5723/1/2864 5736/1/2876
f 5717/1/2804 5716/1/2865 5729/1/2877 5730/1/35
f 5718/1/2854 5717/1/2804 5730/1/35 5731/1/2867
f 5732/1/2868 5731/1/2867 5744/1/2878 5745/1/2879
f 5725/1/2869 5724/1/2866 5737/1/2880 5738/1/2881
f 5733/1/2870 5732/1/2868 5745/1/2879 5746/1/2882
f 5726/1/2871 5725/1/2869 5738/1/2881 5739/1/2883
f 5734/1/2872 5733/1/2870 5746/1/2882 5747/1/2884
f 5727/1/2873 5726/1/2871 5739/1/2883 5740/1/2885
f 5735/1/2874 5734/1/2872 5747/1/2884 5748/1/2886
f 5728/1/2875 5727/1/2873 5740/1/2885 5741/1/2887
f 5736/1/2876 5735/1/2874 5748/1/2886 5749/1/2888
f 5729/1/2877 5728/1/2875 5741/1/2887 5742/1/2889
f 5697/1/25 5736/1/2876 5749/1/2888
f 5730/1/35 5729/1/2877 5742/1/2889 5743/1/2805
f 5731/1/2867 5730/1/35 5743/1/2805 5744/1/2878
f 5724/1/2866 5687/1/28 5737/1/2880
f 5746/1/2882 5745/1/2879 5758/1/2890 5759/1/2891
f 5739/1/2883 5738/1/2881 5751/1/2892 5752/1/2893
f 5747/1/2884 5746/1/2882 5759/1/2891 5760/1/2894
f 5740/1/2885 5739/1/2883 5752/1/2893 5753/1/2895
f 5748/1/2886 5747/1/2884 5760/1/2894 5761/1/2896
f 5741/1/2887 5740/1/2885 5753/1/2895 5754/1/2897
f 5749/1/2888 5748/1/2886 5761/1/2896 5762/1/2898
f 5742/1/2889 5741/1/2887 5754/1/2897 5755/1/2899
f 5697/1/25 5749/1/2888 5762/1/2898
f 5743/1/2805 5742/1/2889 5755/1/2899 5756/1/2900
f 5744/1/2878 5743/1/2805 5756/1/2900 5757/1/2901
f 5737/1/2880 5687/1/28 5750/1/2902
f 5745/1/2879 5744/1/2878 5757/1/2901 5758/1/2890
f 5738/1/2881 5737/1/2880 5750/1/2902 5751/1/2892
f 5752/1/2893 5751/1/2892 5764/1/2903 5765/1/2904
f 5760/1/2894 5759/1/2891 5772/1/2905 5773/1/2906
f 5753/1/2895 5752/1/2893 5765/1/2904 5766/1/2907
f 5761/1/2896 5760/1/2894 5773/1/2906 5774/1/2908
f 5754/1/2897 5753/1/2895 5766/1/2907 5767/1/2909
f 5762/1/2898 5761/1/2896 5774/1/2908 5775/1/2910
f 5755/1/2899 5754/1/2897 5767/1/2909 5768/1/2911
f 5697/1/25 5762/1/2898 5775/1/2910
f 5756/1/2900 5755/1/2899 5768/1/2911 5769/1/30
f 5757/1/2901 5756/1/2900 5769/1/30 5770/1/2912
f 5750/1/2902 5687/1/28 5763/1/2913
f 5758/1/2890 5757/1/2901 5770/1/2912 5771/1/2914
f 5751/1/2892 5750/1/2902 5763/1/2913 5764/1/2903
f 5759/1/2891 5758/1/2890 5771/1/2914 5772/1/2905
f 5773/1/2906 5772/1/2905 5785/1/2915 5786/1/2916
f 5766/1/2907 5765/1/2904 5778/1/2917 5779/1/2918
f 5774/1/2908 5773/1/2906 5786/1/2916 5787/1/2919
f 5767/1/2909 5766/1/2907 5779/1/2918 5780/1/2920
f 5775/1/2910 5774/1/2908 5787/1/2919 5788/1/2921
f 5768/1/2911 5767/1/2909 5780/1/2920 5781/1/2922
f 5697/1/25 5775/1/2910 5788/1/2921
f 5769/1/30 5768/1/2911 5781/1/2922 5782/1/2923
f 5770/1/2912 5769/1/30 5782/1/2923 5783/1/2924
f 5763/1/2913 5687/1/28 5776/1/2925
f 5771/1/2914 5770/1/2912 5783/1/2924 5784/1/2926
f 5764/1/2903 5763/1/2913 5776/1/2925 5777/1/2927
f 5772/1/2905 5771/1/2914 5784/1/2926 5785/1/2915
f 5765/1/2904 5764/1/2903 5777/1/2927 5778/1/2917
f 5779/1/2918 5778/1/2917 5791/1/2928 5792/1/2929
f 5787/1/2919 5786/1/2916 5799/1/2930 5800/1/2931
f 5780/1/2920 5779/1/2918 5792/1/2929 5793/1/2932
f 5788/1/2921 5787/1/2919 5800/1/2931 5801/1/2933
f 5781/1/2922 5780/1/2920 5793/1/2932 5794/1/2934
f 5697/1/25 5788/1/2921 5801/1/2933
f 5782/1/2923 5781/1/2922 5794/1/2934 5795/1/2806
f 5783/1/2924 5782/1/2923 5795/1/2806 5796/1/2935
f 5776/1/2925 5687/1/28 5789/1/2936
f 5784/1/2926 5783/1/2924 5796/1/2935 5797/1/2937
f 5777/1/2927 5776/1/2925 5789/1/2936 5790/1/2938
f 5785/1/2915 5784/1/2926 5797/1/2937 5798/1/2939
f 5778/1/2917 5777/1/2927 5790/1/2938 5791/1/2928
f 5786/1/2916 5785/1/2915 5798/1/2939 5799/1/2930
f 5800/1/2931 5799/1/2930 5812/1/2940 5813/1/2941
f 5793/1/2932 5792/1/2929 5805/1/2942 5806/1/2943
f 5801/1/2933 5800/1/2931 5813/1/2941 5814/1/2944
f 5794/1/2934 5793/1/2932 5806/1/2943 5807/1/2945
f 5697/1/25 5801/1/2933 5814/1/2944
f 5795/1/2806 5794/1/2934 5807/1/2945 5808/1/44
f 5796/1/2935 5795/1/2806 5808/1/44 5809/1/2946
f 5789/1/2936 5687/1/28 5802/1/2947
f 5797/1/2937 5796/1/2935 5809/1/2946 5810/1/2948
f 5790/1/2938 5789/1/2936 5802/1/2947 5803/1/2949
f 5798/1/2939 5797/1/2937 5810/1/2948 5811/1/2950
f 5791/1/2928 5790/1/2938 5803/1/2949 5804/1/2951
f 5799/1/2930 5798/1/2939 5811/1/2950 5812/1/2940
f 5792/1/2929 5791/1/2928 5804/1/2951 5805/1/2942
f 5814/1/2944 5813/1/2941 5826/1/2952 5827/1/2953
f 5807/1/2945 5806/1/2943 5819/1/2954 5820/1/2955
f 5697/1/25 5814/1/2944 5827/1/2953
f 5808/1/44 5807/1/2945 5820/1/2955 5821/1/2807
f 5809/1/2946 5808/1/44 5821/1/2807 5822/1/2956
f 5802/1/2947 5687/1/28 5815/1/2957
f 5810/1/2948 5809/1/2946 5822/1/2956 5823/1/2958
f 5803/1/2949 5802/1/2947 5815/1/2957 5816/1/2959
f 5811/1/2950 5810/1/2948 5823/1/2958 5824/1/2960
f 5804/1/2951 5803/1/2949 5816/1/2959 5817/1/2961
f 5812/1/2940 5811/1/2950 5824/1/2960 5825/1/2962
f 5805/1/2942 5804/1/2951 5817/1/2961 5818/1/2963
f 5813/1/2941 5812/1/2940 5825/1/2962 5826/1/2952
f 5806/1/2943 5805/1/2942 5818/1/2963 5819/1/2954
f 5820/1/2955 5819/1/2954 5832/1/2964 5833/1/2965
f 5697/1/25 5827/1/2953 5840/1/2966
f 5821/1/2807 5820/1/2955 5833/1/2965 5834/1/2967
f 5822/1/2956 5821/1/2807 5834/1/2967 5835/1/2968
f 5815/1/2957 5687/1/28 5828/1/2969
f 5823/1/2958 5822/1/2956 5835/1/2968 5836/1/2970
f 5816/1/2959 5815/1/2957 5828/1/2969 5829/1/2971
f 5824/1/2960 5823/1/2958 5836/1/2970 5837/1/2972
f 5817/1/2961 5816/1/2959 5829/1/2971 5830/1/2973
f 5825/1/2962 5824/1/2960 5837/1/2972 5838/1/2974
f 5818/1/2963 5817/1/2961 5830/1/2973 5831/1/2975
f 5826/1/2952 5825/1/2962 5838/1/2974 5839/1/2976
f 5819/1/2954 5818/1/2963 5831/1/2975 5832/1/2964
f 5827/1/2953 5826/1/2952 5839/1/2976 5840/1/2966
f 5697/1/25 5840/1/2966 5853/1/2977
f 5834/1/2967 5833/1/2965 5846/1/2978 5847/1/27
f 5835/1/2968 5834/1/2967 5847/1/27 5848/1/2979
f 5828/1/2969 5687/1/28 5841/1/2980
f 5836/1/2970 5835/1/2968 5848/1/2979 5849/1/2981
f 5829/1/2971 5828/1/2969 5841/1/2980 5842/1/2982
f 5837/1/2972 5836/1/2970 5849/1/2981 5850/1/2983
f 5830/1/2973 5829/1/2971 5842/1/2982 5843/1/2984
f 5838/1/2974 5837/1/2972 5850/1/2983 5851/1/2985
f 5831/1/2975 5830/1/2973 5843/1/2984 5844/1/2986
f 5839/1/2976 5838/1/2974 5851/1/2985 5852/1/2987
f 5832/1/2964 5831/1/2975 5844/1/2986 5845/1/2988
f 5840/1/2966 5839/1/2976 5852/1/2987 5853/1/2977
f 5833/1/2965 5832/1/2964 5845/1/2988 5846/1/2978
f 5847/1/27 5846/1/2978 5859/1/2989 5860/1/2990
f 5848/1/2979 5847/1/27 5860/1/2990 5861/1/2991
f 5841/1/2980 5687/1/28 5854/1/2992
f 5849/1/2981 5848/1/2979 5861/1/2991 5862/1/2993
f 5842/1/2982 5841/1/2980 5854/1/2992 5855/1/2994
f 5850/1/2983 5849/1/2981 5862/1/2993 5863/1/2995
f 5843/1/2984 5842/1/2982 5855/1/2994 5856/1/2996
f 5851/1/2985 5850/1/2983 5863/1/2995 5864/1/2997
f 5844/1/2986 5843/1/2984 5856/1/2996 5857/1/2998
f 5852/1/2987 5851/1/2985 5864/1/2997 5865/1/2999
f 5845/1/2988 5844/1/2986 5857/1/2998 5858/1/3000
f 5853/1/2977 5852/1/2987 5865/1/2999 5866/1/3001
f 5846/1/2978 5845/1/2988 5858/1/3000 5859/1/2989
f 5697/1/25 5853/1/2977 5866/1/3001
f 5861/1/2991 5860/1/2990 5873/1/2808 5874/1/3002
f 5854/1/2992 5687/1/28 5867/1/3003
f 5862/1/2993 5861/1/2991 5874/1/3002 5875/1/3004
f 5855/1/2994 5854/1/2992 5867/1/3003 5868/1/3005
f 5863/1/2995 5862/1/2993 5875/1/3004 5876/1/3006
f 5856/1/2996 5855/1/2994 5868/1/3005 5869/1/3007
f 5864/1/2997 5863/1/2995 5876/1/3006 5877/1/3008
f 5857/1/2998 5856/1/2996 5869/1/3007 5870/1/3009
f 5865/1/2999 5864/1/2997 5877/1/3008 5878/1/3010
f 5858/1/3000 5857/1/2998 5870/1/3009 5871/1/3011
f 5866/1/3001 5865/1/2999 5878/1/3010 5879/1/3012
f 5859/1/2989 5858/1/3000 5871/1/3011 5872/1/3013
f 5697/1/25 5866/1/3001 5879/1/3012
f 5860/1/2990 5859/1/2989 5872/1/3013 5873/1/2808
f 5867/1/3003 5687/1/28 5880/1/3014
f 5875/1/3004 5874/1/3002 5887/1/3015 5888/1/3016
f 5868/1/3005 5867/1/3003 5880/1/3014 5881/1/3017
f 5876/1/3006 5875/1/3004 5888/1/3016 5889/1/3018
f 5869/1/3007 5868/1/3005 5881/1/3017 5882/1/3019
f 5877/1/3008 5876/1/3006 5889/1/3018 5890/1/3020
f 5870/1/3009 5869/1/3007 5882/1/3019 5883/1/3021
f 5878/1/3010 5877/1/3008 5890/1/3020 5891/1/3022
f 5871/1/3011 5870/1/3009 5883/1/3021 5884/1/3023
f 5879/1/3012 5878/1/3010 5891/1/3022 5892/1/3024
f 5872/1/3013 5871/1/3011 5884/1/3023 5885/1/3025
f 5697/1/25 5879/1/3012 5892/1/3024
f 5873/1/2808 5872/1/3013 5885/1/3025 5886/1/53
f 5874/1/3002 5873/1/2808 5886/1/53 5887/1/3015
f 5888/1/3016 5887/1/3015 5900/1/3026 5901/1/3027
f 5881/1/3017 5880/1/3014 5893/1/3028 5894/1/3029
f 5889/1/3018 5888/1/3016 5901/1/3027 5902/1/3030
f 5882/1/3019 5881/1/3017 5894/1/3029 5895/1/3031
f 5890/1/3020 5889/1/3018 5902/1/3030 5903/1/3032
f 5883/1/3021 5882/1/3019 5895/1/3031 5896/1/3033
f 5891/1/3022 5890/1/3020 5903/1/3032 5904/1/3034
f 5884/1/3023 5883/1/3021 5896/1/3033 5897/1/3035
f 5892/1/3024 5891/1/3022 5904/1/3034 5905/1/3036
f 5885/1/3025 5884/1/3023 5897/1/3035 5898/1/3037
f 5697/1/25 5892/1/3024 5905/1/3036
f 5886/1/53 5885/1/3025 5898/1/3037 5899/1/2809
f 5887/1/3015 5886/1/53 5899/1/2809 5900/1/3026
f 5880/1/3014 5687/1/28 5893/1/3028
f 5894/1/3029 5893/1/3028 5906/1/3038 5907/1/3039
f 5902/1/3030 5901/1/3027 5914/1/3040 5915/1/3041
f 5895/1/3031 5894/1/3029 5907/1/3039 5908/1/3042
f 5903/1/3032 5902/1/3030 5915/1/3041 5916/1/3043
f 5896/1/3033 5895/1/3031 5908/1/3042 5909/1/3044
f 5904/1/3034 5903/1/3032 5916/1/3043 5917/1/3045
f 5897/1/3035 5896/1/3033 5909/1/3044 5910/1/3046
f 5905/1/3036 5904/1/3034 5917/1/3045 5918/1/3047
f 5898/1/3037 5897/1/3035 5910/1/3046 5911/1/3048
f 5697/1/25 5905/1/3036 5918/1/3047
f 5899/1/2809 5898/1/3037 5911/1/3048 5912/1/3049
f 5900/1/3026 5899/1/2809 5912/1/3049 5913/1/3050
f 5893/1/3028 5687/1/28 5906/1/3038
f 5901/1/3027 5900/1/3026 5913/1/3050 5914/1/3040
f 5915/1/3041 5914/1/3040 5927/1/3051 5928/1/3052
f 5908/1/3042 5907/1/3039 5920/1/3053 5921/1/3054
f 5916/1/3043 5915/1/3041 5928/1/3052 5929/1/3055
f 5909/1/3044 5908/1/3042 5921/1/3054 5922/1/3056
f 5917/1/3045 5916/1/3043 5929/1/3055 5930/1/3057
f 5910/1/3046 5909/1/3044 5922/1/3056 5923/1/3058
f 5918/1/3047 5917/1/3045 5930/1/3057 5931/1/3059
f 5911/1/3048 5910/1/3046 5923/1/3058 5924/1/3060
f 5697/1/25 5918/1/3047 5931/1/3059
f 5912/1/3049 5911/1/3048 5924/1/3060 5925/1/26
f 5913/1/3050 5912/1/3049 5925/1/26 5926/1/3061
f 5906/1/3038 5687/1/28 5919/1/3062
f 5914/1/3040 5913/1/3050 5926/1/3061 5927/1/3051
f 5907/1/3039 5906/1/3038 5919/1/3062 5920/1/3053
f 5929/1/3055 5928/1/3052 5941/1/3063 5942/1/3064
f 5922/1/3056 5921/1/3054 5934/1/3065 5935/1/3066
f 5930/1/3057 5929/1/3055 5942/1/3064 5943/1/3067
f 5923/1/3058 5922/1/3056 5935/1/3066 5936/1/3068
f 5931/1/3059 5930/1/3057 5943/1/3067 5944/1/3069
f 5924/1/3060 5923/1/3058 5936/1/3068 5937/1/3070
f 5697/1/25 5931/1/3059 5944/1/3069
f 5925/1/26 5924/1/3060 5937/1/3070 5938/1/3071
f 5926/1/3061 5925/1/26 5938/1/3071 5939/1/3072
f 5919/1/3062 5687/1/28 5932/1/3073
f 5927/1/3051 5926/1/3061 5939/1/3072 5940/1/3074
f 5920/1/3053 5919/1/3062 5932/1/3073 5933/1/3075
f 5928/1/3052 5927/1/3051 5940/1/3074 5941/1/3063
f 5921/1/3054 5920/1/3053 5933/1/3075 5934/1/3065
f 5935/1/3066 5934/1/3065 5947/1/3076 5948/1/3077
f 5943/1/3067 5942/1/3064 5955/1/3078 5956/1/3079
f 5936/1/3068 5935/1/3066 5948/1/3077 5949/1/3080
f 5944/1/3069 5943/1/3067 5956/1/3079 5957/1/3081
f 5937/1/3070 5936/1/3068 5949/1/3080 5950/1/3082
f 5697/1/25 5944/1/3069 5957/1/3081
f 5938/1/3071 5937/1/3070 5950/1/3082 5951/1/2810
f 5939/1/3072 5938/1/3071 5951/1/2810 5952/1/3083
f 5932/1/3073 5687/1/28 5945/1/3084
f 5940/1/3074 5939/1/3072 5952/1/3083 5953/1/3085
f 5933/1/3075 5932/1/3073 5945/1/3084 5946/1/3086
f 5941/1/3063 5940/1/3074 5953/1/3085 5954/1/3087
f 5934/1/3065 5933/1/3075 5946/1/3086 5947/1/3076
f 5942/1/3064 5941/1/3063 5954/1/3087 5955/1/3078
f 5956/1/3079 5955/1/3078 5968/1/3088 5969/1/3089
f 5949/1/3080 5948/1/3077 5961/1/3090 5962/1/3091
f 5957/1/3081 5956/1/3079 5969/1/3089 5970/1/3092
f 5950/1/3082 5949/1/3080 5962/1/3091 5963/1/3093
f 5697/1/25 5957/1/3081 5970/1/3092
f 5951/1/2810 5950/1/3082 5963/1/3093 5964/1/62
f 5952/1/3083 5951/1/2810 5964/1/62 5965/1/3094
f 5945/1/3084 5687/1/28 5958/1/3095
f 5953/1/3085 5952/1/3083 5965/1/3094 5966/1/3096
f 5946/1/3086 5945/1/3084 5958/1/3095 5959/1/3097
f 5954/1/3087 5953/1/3085 5966/1/3096 5967/1/3098
f 5947/1/3076 5946/1/3086 5959/1/3097 5960/1/3099
f 5955/1/3078 5954/1/3087 5967/1/3098 5968/1/3088
f 5948/1/3077 5947/1/3076 5960/1/3099 5961/1/3090
f 5962/1/3091 5961/1/3090 5974/1/3100 5975/1/3101
f 5970/1/3092 5969/1/3089 5982/1/3102 5983/1/3103
f 5963/1/3093 5962/1/3091 5975/1/3101 5976/1/3104
f 5697/1/25 5970/1/3092 5983/1/3103
f 5964/1/62 5963/1/3093 5976/1/3104 5977/1/2811
f 5965/1/3094 5964/1/62 5977/1/2811 5978/1/3105
f 5958/1/3095 5687/1/28 5971/1/3106
f 5966/1/3096 5965/1/3094 5978/1/3105 5979/1/3107
f 5959/1/3097 5958/1/3095 5971/1/3106 5972/1/3108
f 5967/1/3098 5966/1/3096 5979/1/3107 5980/1/3109
f 5960/1/3099 5959/1/3097 5972/1/3108 5973/1/3110
f 5968/1/3088 5967/1/3098 5980/1/3109 5981/1/3111
f 5961/1/3090 5960/1/3099 5973/1/3110 5974/1/3100
f 5969/1/3089 5968/1/3088 5981/1/3111 5982/1/3102
f 5983/1/3103 5982/1/3102 5995/1/3112 5996/1/3113
f 5976/1/3104 5975/1/3101 5988/1/3114 5989/1/3115
f 5697/1/25 5983/1/3103 5996/1/3113
f 5977/1/2811 5976/1/3104 5989/1/3115 5990/1/3116
f 5978/1/3105 5977/1/2811 5990/1/3116 5991/1/3117
f 5971/1/3106 5687/1/28 5984/1/3118
f 5979/1/3107 5978/1/3105 5991/1/3117 5992/1/3119
f 5972/1/3108 5971/1/3106 5984/1/3118 5985/1/3120
f 5980/1/3109 5979/1/3107 5992/1/3119 5993/1/3121
f 5973/1/3110 5972/1/3108 5985/1/3120 5986/1/3122
f 5981/1/3111 5980/1/3109 5993/1/3121 5994/1/3123
f 5974/1/3100 5973/1/3110 5986/1/3122 5987/1/3124
f 5982/1/3102 5981/1/3111 5994/1/3123 5995/1/3112
f 5975/1/3101 5974/1/3100 5987/1/3124 5988/1/3114
f 5697/1/25 5996/1/3113 6000/1/2852
f 5990/1/3116 5989/1/3115 5691/1/2829 5692/1/29
f 5991/1/3117 5990/1/3116 5692/1/29 5693/1/2832
f 5984/1/3118 5687/1/28 5997/1/2834
f 5992/1/3119 5991/1/3117 5693/1/2832 5694/1/2836
f 5985/1/3120 5984/1/3118 5997/1/2834 5998/1/2838
f 5993/1/3121 5992/1/3119 5694/1/2836 5695/1/2840
f 5986/1/3122 5985/1/3120 5998/1/2838 5688/1/2842
f 5994/1/3123 5993/1/3121 5695/1/2840 5696/1/2844
f 5987/1/3124 5986/1/3122 5688/1/2842 5689/1/2846
f 5995/1/3112 5994/1/3123 5696/1/2844 5999/1/2848
f 5988/1/3114 5987/1/3124 5689/1/2846 5690/1/2850
f 5996/1/3113 5995/1/3112 5999/1/2848 6000/1/2852
f 5989/1/3115 5988/1/3114 5690/1/2850 5691/1/2829
f 6205/1/3229 6208/1/3230 6210/1/3231 6209/1/3232
f 6208/1/3230 6212/1/3233 6213/1/3234 6210/1/3231
f 6206/1/3235 6211/1/3236 6213/1/3234 6212/1/3233
f 6211/1/3236 6215/1/3237 6216/1/3238 6213/1/3234
f 6207/1/3239 6214/1/3240 6216/1/3238 6215/1/3237
f 6214/1/3240 6209/1/3232 6210/1/3231 6216/1/3238
f 6210/1/3231 6213/1/3234 6216/1/3238
f 6217/1/3241 6220/1/3242 6222/1/3243 6221/1/3244
f 6220/1/3242 6224/1/3245 6225/1/3246 6222/1/3243
f 6218/1/3247 6223/1/3248 6225/1/3246 6224/1/3245
f 6223/1/3248 6227/1/3249 6228/1/3250 6225/1/3246
f 6219/1/3251 6226/1/3252 6228/1/3250 6227/1/3249
f 6226/1/3252 6221/1/3244 6222/1/3243 6228/1/3250
f 6222/1/3243 6225/1/3246 6228/1/3250
f 6229/1/3253 6232/1/3254 6234/1/3255 6233/1/3256
f 6232/1/3254 6236/1/3257 6237/1/3258 6234/1/3255
f 6230/1/3259 6235/1/3260 6237/1/3258 6236/1/3257
f 6235/1/3260 6239/1/3261 6240/1/3262 6237/1/3258
f 6231/1/3263 6238/1/3264 6240/1/3262 6239/1/3261
f 6238/1/3264 6233/1/3256 6234/1/3255 6240/1/3262
f 6234/1/3255 6237/1/3258 6240/1/3262
f 6241/1/3265 6244/1/3266 6246/1/3267 6245/1/3268
f 6244/1/3266 6248/1/3269 6249/1/3270 6246/1/3267
f 6242/1/3271 6247/1/3272 6249/1/3270 6248/1/3269
f 6247/1/3272 6251/1/3273 6252/1/3274 6249/1/3270
f 6243/1/3275 6250/1/3276 6252/1/3274 6251/1/3273
f 6250/1/3276 6245/1/3268 6246/1/3267 6252/1/3274
f 6246/1/3267 6249/1/3270 6252/1/3274
f 6253/1/3277 6256/1/3278 6258/1/3279 6257/1/3280
f 6256/1/3278 6260/1/3281 6261/1/3282 6258/1/3279
f 6254/1/3283 6259/1/3284 6261/1/3282 6260/1/3281
f 6259/1/3284 6263/1/3285 6264/1/3286 6261/1/3282
f 6255/1/3287 6262/1/3288 6264/1/3286 6263/1/3285
f 6262/1/3288 6257/1/3280 6258/1/3279 6264/1/3286
f 6258/1/3279 6261/1/3282 6264/1/3286
f 6265/1/3289 6268/1/3290 6270/1/3291 6269/1/3292
f 6268/1/3290 6272/1/3293 6273/1/3294 6270/1/3291
f 6266/1/3295 6271/1/3296 6273/1/3294 6272/1/3293
f 6271/1/3296 6275/1/3297 6276/1/3298 6273/1/3294
f 6267/1/3299 6274/1/3300 6276/1/3298 6275/1/3297
f 6274/1/3300 6269/1/3292 6270/1/3291 6276/1/3298
f 6270/1/3291 6273/1/3294 6276/1/3298
f 6277/1/3301 6280/1/3302 6282/1/3303 6281/1/3304
f 6280/1/3302 6284/1/3305 6285/1/3306 6282/1/3303
f 6278/1/3307 6283/1/3308 6285/1/3306 6284/1/3305
f 6283/1/3308 6287/1/3309 6288/1/3310 6285/1/3306
f 6279/1/3311 6286/1/3312 6288/1/3310 6287/1/3309
f 6286/1/3312 6281/1/3304 6282/1/3303 6288/1/3310
f 6282/1/3303 6285/1/3306 6288/1/3310
f 6289/1/3313 6292/1/3314 6294/1/3315 6293/1/3316
f 6292/1/3314 6296/1/3317 6297/1/3318 6294/1/3315
f 6290/1/3319 6295/1/3320 6297/1/3318 6296/1/3317
f 6295/1/3320 6299/1/3321 6300/1/3322 6297/1/3318
f 6291/1/3323 6298/1/3324 6300/1/3322 6299/1/3321
f 6298/1/3324 6293/1/3316 6294/1/3315 6300/1/3322
f 6294/1/3315 6297/1/3318 6300/1/3322
f 6229/1/3253 6205/1/3229 6209/1/3232 6232/1/3254
f 6232/1/3254 6209/1/3232 6214/1/3240 6236/1/3257
f 6236/1/3257 6214/1/3240 6207/1/3239 6230/1/3259
f 6206/1/3235 6217/1/3241 6221/1/3244 6211/1/3236
f 6211/1/3236 6221/1/3244 6226/1/3252 6215/1/3237
f 6215/1/3237 6226/1/3252 6219/1/3251 6207/1/3239
f 6218/1/3247 6241/1/3265 6245/1/3268 6223/1/3248
f 6223/1/3248 6245/1/3268 6250/1/3276 6227/1/3249
f 6227/1/3249 6250/1/3276 6243/1/3275 6219/1/3251
f 6242/1/3271 6231/1/3263 6239/1/3261 6247/1/3272
f 6247/1/3272 6239/1/3261 6235/1/3260 6251/1/3273
f 6251/1/3273 6235/1/3260 6230/1/3259 6243/1/3275
f 6277/1/3301 6229/1/3253 6233/1/3256 6280/1/3302
f 6280/1/3302 6233/1/3256 6238/1/3264 6284/1/3305
f 6284/1/3305 6238/1/3264 6231/1/3263 6278/1/3307
f 6241/1/3265 6289/1/3313 6293/1/3316 6244/1/3266
f 6244/1/3266 6293/1/3316 6298/1/3324 6248/1/3269
f 6248/1/3269 6298/1/3324 6291/1/3323 6242/1/3271
f 6290/1/3319 6279/1/3311 6287/1/3309 6295/1/3320
f 6295/1/3320 6287/1/3309 6283/1/3308 6299/1/3321
f 6299/1/3321 6283/1/3308 6278/1/3307 6291/1/3323
f 6253/1/3277 6277/1/3301 6281/1/3304 6256/1/3278
f 6256/1/3278 6281/1/3304 6286/1/3312 6260/1/3281
f 6260/1/3281 6286/1/3312 6279/1/3311 6254/1/3283
f 6289/1/3313 6265/1/3289 6269/1/3292 6292/1/3314
f 6292/1/3314 6269/1/3292 6274/1/3300 6296/1/3317
f 6296/1/3317 6274/1/3300 6267/1/3299 6290/1/3319
f 6266/1/3295 6255/1/3287 6263/1/3285 6271/1/3296
f 6271/1/3296 6263/1/3285 6259/1/3284 6275/1/3297
f 6275/1/3297 6259/1/3284 6254/1/3283 6267/1/3299
f 6205/1/3229 6253/1/3277 6257/1/3280 6208/1/3230
f 6208/1/3230 6257/1/3280 6262/1/3288 6212/1/3233
f 6212/1/3233 6262/1/3288 6255/1/3287 6206/1/3235
f 6265/1/3289 6218/1/3247 6224/1/3245 6268/1/3290
f 6268/1/3290 6224/1/3245 6220/1/3242 6272/1/3293
f 6272/1/3293 6220/1/3242 6217/1/3241 6266/1/3295
f 6229/1/3253 6277/1/3301 6253/1/3277 6205/1/3229
f 6207/1/3239 6219/1/3251 6243/1/3275 6230/1/3259
f 6255/1/3287 6266/1/3295 6217/1/3241 6206/1/3235
f 6289/1/3313 6241/1/3265 6218/1/3247 6265/1/3289
f 6231/1/3263 6242/1/3271 6291/1/3323 6278/1/3307
f 6279/1/3311 6290/1/3319 6267/1/3299 6254/1/3283
f 6533/1/26 6534/1/26 6536/1/26 6535/1/26
f 6535/1/29 6536/1/29 6540/1/29 6539/1/29
f 6539/1/30 6540/1/30 6538/1/30 6537/1/30
f 6537/1/27 6538/1/27 6534/1/27 6533/1/27
f 6535/1/25 6539/1/25 6537/1/25 6533/1/25
f 6540/1/28 6536/1/28 6534/1/28 6538/1/28
usemtl navy
f 3953/1/1 3954/1/2 3955/1/3
f 3956/1/4 3957/1/5 3958/1/6
f 3959/1/7 3960/1/8 3961/1/9
f 3962/1/10 3963/1/11 3964/1/12
f 3965/1/13 3966/1/14 3967/1/15
f 3968/1/16 3969/1/17 3970/1/18
f 3971/1/19 3972/1/20 3973/1/21
f 3974/1/22 3975/1/23 3976/1/24
f 3959/1/7 3953/1/1 3955/1/3 3960/1/8
f 3954/1/2 3956/1/4 3958/1/6 3955/1/3
f 3957/1/5 3962/1/10 3964/1/12 3958/1/6
f 3963/1/11 3961/1/9 3960/1/8 3964/1/12
f 3971/1/19 3959/1/7 3961/1/9 3972/1/20
f 3962/1/10 3974/1/22 3976/1/24 3963/1/11
f 3975/1/23 3973/1/21 3972/1/20 3976/1/24
f 3965/1/13 3971/1/19 3973/1/21 3966/1/14
f 3974/1/22 3968/1/16 3970/1/18 3975/1/23
f 3969/1/17 3967/1/15 3966/1/14 3970/1/18
f 3953/1/1 3965/1/13 3967/1/15 3954/1/2
f 3968/1/16 3957/1/5 3956/1/4 3969/1/17
f 3959/1/25 3971/1/25 3965/1/25 3953/1/25
f 3955/1/26 3958/1/26 3964/1/26 3960/1/26
f 3967/1/27 3969/1/27 3956/1/27 3954/1/27
f 3974/1/28 3962/1/28 3957/1/28 3968/1/28
f 3961/1/29 3963/1/29 3976/1/29 3972/1/29
f 3973/1/30 3975/1/30 3970/1/30 3966/1/30
f 4069/1/1 4070/1/2 4071/1/3
f 4072/1/4 4073/1/5 4074/1/6
f 4075/1/7 4076/1/8 4077/1/9
f 4078/1/10 4079/1/11 4080/1/12
f 4081/1/13 4082/1/14 4083/1/15
f 4084/1/16 4085/1/17 4086/1/18
f 4087/1/19 4088/1/20 4089/1/21
f 4090/1/22 4091/1/23 4092/1/24
f 4075/1/7 4069/1/1 4071/1/3 4076/1/8
f 4070/1/2 4072/1/4 4074/1/6 4071/1/3
f 4073/1/5 4078/1/10 4080/1/12 4074/1/6
f 4079/1/11 4077/1/9 4076/1/8 4080/1/12
f 4087/1/19 4075/1/7 4077/1/9 4088/1/20
f 4078/1/10 4090/1/22 4092/1/24 4079/1/11
f 4091/1/23 4089/1/21 4088/1/20 4092/1/24
f 4081/1/13 4087/1/19 4089/1/21 4082/1/14
f 4090/1/22 4084/1/16 4086/1/18 4091/1/23
f 4085/1/17 4083/1/15 4082/1/14 4086/1/18
f 4069/1/1 4081/1/13 4083/1/15 4070/1/2
f 4084/1/16 4073/1/5 4072/1/4 4085/1/17
f 4075/1/25 4087/1/25 4081/1/25 4069/1/25
f 4071/1/26 4074/1/26 4080/1/26 4076/1/26
f 4083/1/27 4085/1/27 4072/1/27 4070/1/27
f 4090/1/28 4078/1/28 4073/1/28 4084/1/28
f 4077/1/29 4079/1/29 4092/1/29 4088/1/29
f 4089/1/30 4091/1/30 4086/1/30 4082/1/30
f 4204/1/1 4205/1/2 4206/1/3
f 4207/1/4 4208/1/5 4209/1/6
f 4210/1/7 4211/1/8 4212/1/9
f 4213/1/10 4214/1/11 4215/1/12
f 4216/1/13 4217/1/14 4218/1/15
f 4287/1/16 4219/1/17 4220/1/18
f 4221/1/19 4222/1/20 4223/1/21
f 4224/1/22 4225/1/23 4226/1/24
f 4210/1/7 4204/1/1 4206/1/3 4211/1/8
f 4205/1/2 4207/1/4 4209/1/6 4206/1/3
f 4208/1/5 4213/1/10 4215/1/12 4209/1/6
f 4214/1/11 4212/1/9 4211/1/8 4215/1/12
f 4221/1/19 4210/1/7 4212/1/9 4222/1/20
f 4213/1/10 4224/1/22 4226/1/24 4214/1/11
f 4225/1/23 4223/1/21 4222/1/20 4226/1/24
f 4216/1/13 4221/1/19 4223/1/21 4217/1/14
f 4224/1/22 4287/1/16 4220/1/18 4225/1/23
f 4219/1/17 4218/1/15 4217/1/14 4220/1/18
f 4204/1/1 4216/1/13 4218/1/15 4205/1/2
f 4287/1/16 4208/1/5 4207/1/4 4219/1/17
f 4210/1/25 4221/1/25 4216/1/25 4204/1/25
f 4206/1/26 4209/1/26 4215/1/26 4211/1/26
f 4218/1/27 4219/1/27 4207/1/27 4205/1/27
f 4224/1/28 4213/1/28 4208/1/28 4287/1/28
f 4212/1/29 4214/1/29 4226/1/29 4222/1/29
f 4223/1/30 4225/1/30 4220/1/30 4217/1/30
f 6301/1/1 6302/1/2 6303/1/3
f 6304/1/4 6305/1/5 6306/1/6
f 6307/1/7 6308/1/8 6309/1/9
f 6310/1/10 6311/1/11 6312/1/12
f 6313/1/13 6314/1/14 6315/1/15
f 6316/1/16 6317/1/17 6318/1/18
f 6319/1/19 6320/1/20 6321/1/21
f 6322/1/22 6323/1/23 6324/1/24
f 6307/1/7 6301/1/1 6303/1/3 6308/1/8
f 6302/1/2 6304/1/4 6306/1/6 6303/1/3
f 6305/1/5 6310/1/10 6312/1/12 6306/1/6
f 6311/1/11 6309/1/9 6308/1/8 6312/1/12
f 6319/1/19 6307/1/7 6309/1/9 6320/1/20
f 6310/1/10 6322/1/22 6324/1/24 6311/1/11
f 6323/1/23 6321/1/21 6320/1/20 6324/1/24
f 6313/1/13 6319/1/19 6321/1/21 6314/1/14
f 6322/1/22 6316/1/16 6318/1/18 6323/1/23
f 6317/1/17 6315/1/15 6314/1/14 6318/1/18
f 6301/1/1 6313/1/13 6315/1/15 6302/1/2
f 6316/1/16 6305/1/5 6304/1/4 6317/1/17
f 6307/1/25 6319/1/25 6313/1/25 6301/1/25
f 6303/1/26 6306/1/26 6312/1/26 6308/1/26
f 6315/1/27 6317/1/27 6304/1/27 6302/1/27
f 6322/1/28 6310/1/28 6305/1/28 6316/1/28
f 6309/1/29 6311/1/29 6324/1/29 6320/1/29
f 6321/1/30 6323/1/30 6318/1/30 6314/1/30
f 6325/1/1 6326/1/2 6327/1/3
f 6328/1/4 6329/1/5 6330/1/6
f 6331/1/7 6332/1/8 6333/1/9
f 6334/1/10 6335/1/11 6336/1/12
f 6337/1/13 6338/1/14 6339/1/15
f 6340/1/16 6341/1/17 6342/1/18
f 6343/1/19 6344/1/20 6345/1/21
f 6346/1/22 6347/1/23 6348/1/24
f 6331/1/7 6325/1/1 6327/1/3 6332/1/8
f 6326/1/2 6328/1/4 6330/1/6 6327/1/3
f 6329/1/5 6334/1/10 6336/1/12 6330/1/6
f 6335/1/11 6333/1/9 6332/1/8 6336/1/12
f 6343/1/19 6331/1/7 6333/1/9 6344/1/20
f 6334/1/10 6346/1/22 6348/1/24 6335/1/11
f 6347/1/23 6345/1/21 6344/1/20 6348/1/24
f 6337/1/13 6343/1/19 6345/1/21 6338/1/14
f 6346/1/22 6340/1/16 6342/1/18 6347/1/23
f 6341/1/17 6339/1/15 6338/1/14 6342/1/18
f 6325/1/1 6337/1/13 6339/1/15 6326/1/2
f 6340/1/16 6329/1/5 6328/1/4 6341/1/17
f 6331/1/25 6343/1/25 6337/1/25 6325/1/25
f 6327/1/26 6330/1/26 6336/1/26 6332/1/26
f 6339/1/27 6341/1/27 6328/1/27 6326/1/27
f 6346/1/28 6334/1/28 6329/1/28 6340/1/28
f 6333/1/29 6335/1/29 6348/1/29 6344/1/29
f 6345/1/30 6347/1/30 6342/1/30 6338/1/30
f 6357/1/26 6358/1/26 6360/1/26 6359/1/26
f 6359/1/29 6360/1/29 6364/1/29 6363/1/29
f 6363/1/30 6364/1/30 6362/1/30 6361/1/30
f 6361/1/27 6362/1/27 6358/1/27 6357/1/27
f 6359/1/25 6363/1/25 6361/1/25 6357/1/25
f 6364/1/28 6360/1/28 6358/1/28 6362/1/28
f 6365/1/26 6366/1/26 6368/1/26 6367/1/26
f 6367/1/29 6368/1/29 6372/1/29 6371/1/29
f 6371/1/30 6372/1/30 6370/1/30 6369/1/30
f 6369/1/27 6370/1/27 6366/1/27 6365/1/27
f 6367/1/25 6371/1/25 6369/1/25 6365/1/25
f 6372/1/28 6368/1/28 6366/1/28 6370/1/28
f 6373/1/26 6374/1/26 6376/1/26 6375/1/26
f 6375/1/29 6376/1/29 6380/1/29 6379/1/29
f 6379/1/30 6380/1/30 6378/1/30 6377/1/30
f 6377/1/27 6378/1/27 6374/1/27 6373/1/27
f 6375/1/25 6379/1/25 6377/1/25 6373/1/25
f 6380/1/28 6376/1/28 6374/1/28 6378/1/28
f 6381/1/1 6382/1/2 6383/1/3
f 6384/1/4 6385/1/5 6386/1/6
f 6387/1/7 6388/1/8 6389/1/9
f 6390/1/10 6391/1/11 6392/1/12
f 6393/1/13 6394/1/14 6395/1/15
f 6396/1/16 6397/1/17 6398/1/18
f 6399/1/19 6400/1/20 6401/1/21
f 6402/1/22 6403/1/23 6404/1/24
f 6387/1/7 6381/1/1 6383/1/3 6388/1/8
f 6382/1/2 6384/1/4 6386/1/6 6383/1/3
f 6385/1/5 6390/1/10 6392/1/12 6386/1/6
f 6391/1/11 6389/1/9 6388/1/8 6392/1/12
f 6399/1/19 6387/1/7 6389/1/9 6400/1/20
f 6390/1/10 6402/1/22 6404/1/24 6391/1/11
f 6403/1/23 6401/1/21 6400/1/20 6404/1/24
f 6393/1/13 6399/1/19 6401/1/21 6394/1/14
f 6402/1/22 6396/1/16 6398/1/18 6403/1/23
f 6397/1/17 6395/1/15 6394/1/14 6398/1/18
f 6381/1/1 6393/1/13 6395/1/15 6382/1/2
f 6396/1/16 6385/1/5 6384/1/4 6397/1/17
f 6387/1/25 6399/1/25 6393/1/25 6381/1/25
f 6383/1/26 6386/1/26 6392/1/26 6388/1/26
f 6395/1/27 6397/1/27 6384/1/27 6382/1/27
f 6402/1/28 6390/1/28 6385/1/28 6396/1/28
f 6389/1/29 6391/1/29 6404/1/29 6400/1/29
f 6401/1/30 6403/1/30 6398/1/30 6394/1/30
f 6437/1/26 6438/1/26 6440/1/26 6439/1/26
f 6439/1/29 6440/1/29 6444/1/29 6443/1/29
f 6443/1/30 6444/1/30 6442/1/30 6441/1/30
f 6441/1/27 6442/1/27 6438/1/27 6437/1/27
f 6439/1/25 6443/1/25 6441/1/25 6437/1/25
f 6444/1/28 6440/1/28 6438/1/28 6442/1/28
f 6461/1/26 6462/1/26 6464/1/26 6463/1/26
f 6463/1/29 6464/1/29 6468/1/29 6467/1/29
f 6467/1/30 6468/1/30 6466/1/30 6465/1/30
f 6465/1/27 6466/1/27 6462/1/27 6461/1/27
f 6463/1/25 6467/1/25 6465/1/25 6461/1/25
f 6468/1/28 6464/1/28 6462/1/28 6466/1/28
f 6469/1/26 6470/1/26 6472/1/26 6471/1/26
f 6471/1/29 6472/1/29 6476/1/29 6475/1/29
f 6475/1/30 6476/1/30 6474/1/30 6473/1/30
f 6473/1/27 6474/1/27 6470/1/27 6469/1/27
f 6471/1/25 6475/1/25 6473/1/25 6469/1/25
f 6476/1/28 6472/1/28 6470/1/28 6474/1/28
f 6929/1/29 6930/1/29 6932/1/2804 6931/1/2804
f 6931/1/2804 6932/1/2804 6934/1/2805 6933/1/2805
f 6933/1/2805 6934/1/2805 6936/1/30 6935/1/30
f 6935/1/30 6936/1/30 6938/1/2806 6937/1/2806
f 6937/1/2806 6938/1/2806 6940/1/2807 6939/1/2807
f 6939/1/2807 6940/1/2807 6942/1/27 6941/1/27
f 6941/1/27 6942/1/27 6944/1/2808 6943/1/2808
f 6943/1/2808 6944/1/2808 6946/1/2809 6945/1/2809
f 6945/1/2809 6946/1/2809 6948/1/26 6947/1/26
f 6947/1/26 6948/1/26 6950/1/2810 6949/1/2810
f 6932/1/28 6930/1/28 6952/1/28 6950/1/28 6948/1/28 6946/1/28 6944/1/28 6942/1/28 6940/1/28 6938/1/28 6936/1/28 6934/1/28
f 6949/1/2810 6950/1/2810 6952/1/2811 6951/1/2811
f 6951/1/2811 6952/1/2811 6930/1/29 6929/1/29
f 6929/1/25 6931/1/25 6933/1/25 6935/1/25 6937/1/25 6939/1/25 6941/1/25 6943/1/25 6945/1/25 6947/1/25 6949/1/25 6951/1/25
f 6953/1/29 6954/1/29 6956/1/34 6955/1/34
f 6955/1/34 6956/1/34 6958/1/38 6957/1/38
f 6957/1/38 6958/1/38 6960/1/41 6959/1/41
f 6959/1/41 6960/1/41 6962/1/45 6961/1/45
f 6961/1/45 6962/1/45 6964/1/27 6963/1/27
f 6963/1/27 6964/1/27 6966/1/52 6965/1/52
f 6965/1/52 6966/1/52 6968/1/56 6967/1/56
f 6967/1/56 6968/1/56 6970/1/59 6969/1/59
f 6956/1/28 6954/1/28 6972/1/28 6970/1/28 6968/1/28 6966/1/28 6964/1/28 6962/1/28 6960/1/28 6958/1/28
f 6969/1/59 6970/1/59 6972/1/63 6971/1/63
f 6971/1/63 6972/1/63 6954/1/29 6953/1/29
f 6953/1/25 6955/1/25 6957/1/25 6959/1/25 6961/1/25 6963/1/25 6965/1/25 6967/1/25 6969/1/25 6971/1/25
f 7059/1/3525 7060/1/3526 7062/1/3527 7061/1/3528
f 7061/1/3528 7062/1/3527 7064/1/3529 7063/1/3530
f 7063/1/3530 7064/1/3529 7066/1/3531 7065/1/3532
f 7065/1/3532 7066/1/3531 7068/1/3533 7067/1/3534
f 7067/1/3534 7068/1/3533 7070/1/3535 7069/1/3536
f 7069/1/3536 7070/1/3535 7072/1/3537 7071/1/3538
f 7071/1/3538 7072/1/3537 7074/1/3539 7073/1/3540
f 7073/1/3540 7074/1/3539 7076/1/3541 7075/1/3542
f 7075/1/3542 7076/1/3541 7078/1/3543 7077/1/3544
f 7077/1/3544 7078/1/3543 7080/1/3545 7079/1/3546
f 7062/1/3527 7060/1/3526 7082/1/3547 7080/1/3545 7078/1/3543 7076/1/3541 7074/1/3539 7072/1/3537 7070/1/3535 7068/1/3533 7066/1/3531 7064/1/3529
f 7079/1/3546 7080/1/3545 7082/1/3547 7081/1/3548
f 7081/1/3548 7082/1/3547 7060/1/3526 7059/1/3525
f 7059/1/25 7061/1/25 7063/1/25 7065/1/25 7067/1/25 7069/1/25 7071/1/25 7073/1/25 7075/1/25 7077/1/25 7079/1/25 7081/1/25
f 7083/1/29 7084/1/29 7086/1/2804 7085/1/2804
f 7085/1/2804 7086/1/2804 7088/1/2805 7087/1/2805
f 7087/1/2805 7088/1/2805 7090/1/30 7089/1/30
f 7089/1/30 7090/1/30 7092/1/2806 7091/1/2806
f 7091/1/2806 7092/1/2806 7094/1/2807 7093/1/2807
f 7093/1/2807 7094/1/2807 7096/1/27 7095/1/27
f 7095/1/27 7096/1/27 7098/1/2808 7097/1/2808
f 7097/1/2808 7098/1/2808 7100/1/2809 7099/1/2809
f 7099/1/2809 7100/1/2809 7102/1/26 7101/1/26
f 7101/1/26 7102/1/26 7104/1/2810 7103/1/2810
f 7086/1/28 7084/1/28 7106/1/28 7104/1/28 7102/1/28 7100/1/28 7098/1/28 7096/1/28 7094/1/28 7092/1/28 7090/1/28 7088/1/28
f 7103/1/2810 7104/1/2810 7106/1/2811 7105/1/2811
f 7105/1/2811 7106/1/2811 7084/1/29 7083/1/29
f 7083/1/25 7085/1/25 7087/1/25 7089/1/25 7091/1/25 7093/1/25 7095/1/25 7097/1/25 7099/1/25 7101/1/25 7103/1/25 7105/1/25
f 7107/1/29 7108/1/29 7110/1/34 7109/1/34
f 7109/1/34 7110/1/34 7112/1/38 7111/1/38
f 7111/1/38 7112/1/38 7114/1/41 7113/1/41
f 7113/1/41 7114/1/41 7116/1/45 7115/1/45
f 7115/1/45 7116/1/45 7118/1/27 7117/1/27
f 7117/1/27 7118/1/27 7120/1/52 7119/1/52
f 7119/1/52 7120/1/52 7122/1/56 7121/1/56
f 7121/1/56 7122/1/56 7124/1/59 7123/1/59
f 7110/1/28 7108/1/28 7126/1/28 7124/1/28 7122/1/28 7120/1/28 7118/1/28 7116/1/28 7114/1/28 7112/1/28
f 7123/1/59 7124/1/59 7126/1/63 7125/1/63
f 7125/1/63 7126/1/63 7108/1/29 7107/1/29
f 7107/1/25 7109/1/25 7111/1/25 7113/1/25 7115/1/25 7117/1/25 7119/1/25 7121/1/25 7123/1/25 7125/1/25
f 7213/1/3525 7214/1/3526 7216/1/3527 7215/1/3528
f 7215/1/3528 7216/1/3527 7218/1/3529 7217/1/3549
f 7217/1/3549 7218/1/3529 7220/1/3531 7219/1/3532
f 7219/1/3532 7220/1/3531 7222/1/3533 7221/1/3550
f 7221/1/3550 7222/1/3533 7224/1/3535 7223/1/3551
f 7223/1/3551 7224/1/3535 7226/1/3537 7225/1/3538
f 7225/1/3538 7226/1/3537 7228/1/3539 7227/1/3540
f 7227/1/3540 7228/1/3539 7230/1/3541 7229/1/3552
f 7229/1/3552 7230/1/3541 7232/1/3543 7231/1/3544
f 7231/1/3544 7232/1/3543 7234/1/3545 7233/1/3553
f 7216/1/3527 7214/1/3526 7236/1/3547 7234/1/3545 7232/1/3543 7230/1/3541 7228/1/3539 7226/1/3537 7224/1/3535 7222/1/3533 7220/1/3531 7218/1/3529
f 7233/1/3553 7234/1/3545 7236/1/3547 7235/1/3554
f 7235/1/3554 7236/1/3547 7214/1/3526 7213/1/3525
f 7213/1/25 7215/1/25 7217/1/25 7219/1/25 7221/1/25 7223/1/25 7225/1/25 7227/1/25 7229/1/25 7231/1/25 7233/1/25 7235/1/25
usemtl ketchup_e1.5
f 4044/1/2390 4043/1/2391 3998/1/2392 3999/1/2393
f 4042/1/29 4041/1/2394 3996/1/2395 3997/1/34
f 4040/1/2396 3993/1/28 3995/1/2397
f 3994/1/25 4044/1/2390 3999/1/2393
f 4043/1/2391 4042/1/29 3997/1/34 3998/1/2392
f 4041/1/2394 4040/1/2396 3995/1/2397 3996/1/2395
f 3994/1/25 3999/1/2393 4004/1/2398
f 3998/1/2392 3997/1/34 4002/1/38 4003/1/2399
f 3996/1/2395 3995/1/2397 4000/1/2400 4001/1/2401
f 3999/1/2393 3998/1/2392 4003/1/2399 4004/1/2398
f 3997/1/34 3996/1/2395 4001/1/2401 4002/1/38
f 3995/1/2397 3993/1/28 4000/1/2400
f 3994/1/25 4004/1/2398 4009/1/2402
f 4003/1/2399 4002/1/38 4007/1/41 4008/1/2403
f 4001/1/2401 4000/1/2400 4005/1/2404 4006/1/2405
f 4004/1/2398 4003/1/2399 4008/1/2403 4009/1/2402
f 4002/1/38 4001/1/2401 4006/1/2405 4007/1/41
f 4000/1/2400 3993/1/28 4005/1/2404
f 3994/1/25 4009/1/2402 4014/1/2406
f 4008/1/2403 4007/1/41 4012/1/45 4013/1/2407
f 4006/1/2405 4005/1/2404 4010/1/2408 4011/1/2409
f 4009/1/2402 4008/1/2403 4013/1/2407 4014/1/2406
f 4007/1/41 4006/1/2405 4011/1/2409 4012/1/45
f 4005/1/2404 3993/1/28 4010/1/2408
f 4013/1/2407 4012/1/45 4017/1/27 4018/1/2410
f 4011/1/2409 4010/1/2408 4015/1/2411 4016/1/2412
f 4014/1/2406 4013/1/2407 4018/1/2410 4019/1/2413
f 4012/1/45 4011/1/2409 4016/1/2412 4017/1/27
f 4010/1/2408 3993/1/28 4015/1/2411
f 3994/1/25 4014/1/2406 4019/1/2413
f 4016/1/2412 4015/1/2411 4020/1/2414 4021/1/2415
f 4019/1/2413 4018/1/2410 4023/1/2416 4024/1/2417
f 4017/1/27 4016/1/2412 4021/1/2415 4022/1/52
f 4015/1/2411 3993/1/28 4020/1/2414
f 3994/1/25 4019/1/2413 4024/1/2417
f 4018/1/2410 4017/1/27 4022/1/52 4023/1/2416
f 4024/1/2417 4023/1/2416 4028/1/2418 4029/1/2419
f 4022/1/52 4021/1/2415 4026/1/2420 4027/1/56
f 4020/1/2414 3993/1/28 4025/1/2421
f 3994/1/25 4024/1/2417 4029/1/2419
f 4023/1/2416 4022/1/52 4027/1/56 4028/1/2418
f 4021/1/2415 4020/1/2414 4025/1/2421 4026/1/2420
f 4029/1/2419 4028/1/2418 4033/1/2422 4034/1/2423
f 4027/1/56 4026/1/2420 4031/1/2424 4032/1/59
f 4025/1/2421 3993/1/28 4030/1/2425
f 3994/1/25 4029/1/2419 4034/1/2423
f 4028/1/2418 4027/1/56 4032/1/59 4033/1/2422
f 4026/1/2420 4025/1/2421 4030/1/2425 4031/1/2424
f 4034/1/2423 4033/1/2422 4038/1/2426 4039/1/2427
f 4032/1/59 4031/1/2424 4036/1/2428 4037/1/63
f 4030/1/2425 3993/1/28 4035/1/2429
f 3994/1/25 4034/1/2423 4039/1/2427
f 4033/1/2422 4032/1/59 4037/1/63 4038/1/2426
f 4031/1/2424 4030/1/2425 4035/1/2429 4036/1/2428
f 4039/1/2427 4038/1/2426 4043/1/2391 4044/1/2390
f 4037/1/63 4036/1/2428 4041/1/2394 4042/1/29
f 4035/1/2429 3993/1/28 4040/1/2396
f 3994/1/25 4039/1/2427 4044/1/2390
f 4038/1/2426 4037/1/63 4042/1/29 4043/1/2391
f 4036/1/2428 4035/1/2429 4040/1/2396 4041/1/2394
usemtl steel
f 6001/1/218 6002/1/218 6004/1/218 6003/1/218
f 6003/1/219 6004/1/219 6006/1/219 6005/1/219
f 6005/1/220 6006/1/220 6008/1/220 6007/1/220
f 6007/1/221 6008/1/221 6010/1/221 6009/1/221
f 6009/1/222 6010/1/222 6012/1/222 6011/1/222
f 6011/1/223 6012/1/223 6014/1/223 6013/1/223
f 6004/1/28 6002/1/28 6016/1/28 6014/1/28 6012/1/28 6010/1/28 6008/1/28 6006/1/28
f 6013/1/224 6014/1/224 6016/1/224 6015/1/224
f 6015/1/225 6016/1/225 6002/1/225 6001/1/225
f 6001/1/25 6003/1/25 6005/1/25 6007/1/25 6009/1/25 6011/1/25 6013/1/25 6015/1/25
f 6017/1/218 6018/1/218 6020/1/218 6019/1/218
f 6019/1/219 6020/1/219 6022/1/219 6021/1/219
f 6021/1/220 6022/1/220 6024/1/220 6023/1/220
f 6023/1/221 6024/1/221 6026/1/221 6025/1/221
f 6025/1/222 6026/1/222 6028/1/222 6027/1/222
f 6027/1/223 6028/1/223 6030/1/223 6029/1/223
f 6020/1/28 6018/1/28 6032/1/28 6030/1/28 6028/1/28 6026/1/28 6024/1/28 6022/1/28
f 6029/1/224 6030/1/224 6032/1/224 6031/1/224
f 6031/1/225 6032/1/225 6018/1/225 6017/1/225
f 6017/1/25 6019/1/25 6021/1/25 6023/1/25 6025/1/25 6027/1/25 6029/1/25 6031/1/25
f 6033/1/218 6034/1/218 6036/1/218 6035/1/218
f 6035/1/219 6036/1/219 6038/1/219 6037/1/219
f 6037/1/220 6038/1/220 6040/1/220 6039/1/220
f 6039/1/221 6040/1/221 6042/1/221 6041/1/221
f 6041/1/222 6042/1/222 6044/1/222 6043/1/222
f 6043/1/223 6044/1/223 6046/1/223 6045/1/223
f 6036/1/28 6034/1/28 6048/1/28 6046/1/28 6044/1/28 6042/1/28 6040/1/28 6038/1/28
f 6045/1/224 6046/1/224 6048/1/224 6047/1/224
f 6047/1/225 6048/1/225 6034/1/225 6033/1/225
f 6033/1/25 6035/1/25 6037/1/25 6039/1/25 6041/1/25 6043/1/25 6045/1/25 6047/1/25
f 6049/1/218 6050/1/218 6052/1/218 6051/1/218
f 6051/1/219 6052/1/219 6054/1/219 6053/1/219
f 6053/1/220 6054/1/220 6056/1/220 6055/1/220
f 6055/1/221 6056/1/221 6058/1/221 6057/1/221
f 6057/1/222 6058/1/222 6060/1/222 6059/1/222
f 6059/1/223 6060/1/223 6062/1/223 6061/1/223
f 6052/1/28 6050/1/28 6064/1/28 6062/1/28 6060/1/28 6058/1/28 6056/1/28 6054/1/28
f 6061/1/224 6062/1/224 6064/1/224 6063/1/224
f 6063/1/225 6064/1/225 6050/1/225 6049/1/225
f 6049/1/25 6051/1/25 6053/1/25 6055/1/25 6057/1/25 6059/1/25 6061/1/25 6063/1/25
usemtl window
f 6349/1/26 6350/1/26 6352/1/26 6351/1/26
f 6351/1/29 6352/1/29 6356/1/29 6355/1/29
f 6355/1/30 6356/1/30 6354/1/30 6353/1/30
f 6353/1/27 6354/1/27 6350/1/27 6349/1/27
f 6351/1/25 6355/1/25 6353/1/25 6349/1/25
f 6356/1/28 6352/1/28 6350/1/28 6354/1/28
f 6429/1/26 6430/1/26 6432/1/26 6431/1/26
f 6431/1/29 6432/1/29 6436/1/29 6435/1/29
f 6435/1/30 6436/1/30 6434/1/30 6433/1/30
f 6433/1/27 6434/1/27 6430/1/27 6429/1/27
f 6431/1/25 6435/1/25 6433/1/25 6429/1/25
f 6436/1/28 6432/1/28 6430/1/28 6434/1/28
usemtl mustard_e1.2
f 6545/1/25 6544/1/2040 6548/1/3429
f 6543/1/3430 6542/1/3430 6546/1/3430 6547/1/3430
f 6544/1/3431 6543/1/3431 6547/1/3431 6548/1/3431
f 6542/1/2049 6541/1/28 6546/1/3432
f 6547/1/3433 6546/1/3433 6549/1/3433 6550/1/3433
f 6548/1/3434 6547/1/3434 6550/1/3434 6551/1/3434
f 6546/1/3432 6541/1/28 6549/1/3325
f 6545/1/25 6548/1/3429 6551/1/3328
f 6545/1/25 6551/1/3328 6554/1/3435
f 6550/1/3436 6549/1/3436 6552/1/3436 6553/1/3436
f 6551/1/3437 6550/1/3437 6553/1/3437 6554/1/3437
f 6549/1/3325 6541/1/28 6552/1/3438
f 6545/1/25 6554/1/3435 6557/1/2013
f 6553/1/3439 6552/1/3439 6555/1/3439 6556/1/3439
f 6554/1/3440 6553/1/3440 6556/1/3440 6557/1/3440
f 6552/1/3438 6541/1/28 6555/1/2004
f 6545/1/25 6557/1/2013 6560/1/3441
f 6556/1/3442 6555/1/3442 6558/1/3442 6559/1/3442
f 6557/1/3443 6556/1/3443 6559/1/3443 6560/1/3443
f 6555/1/2004 6541/1/28 6558/1/3444
f 6545/1/25 6560/1/3441 6563/1/3329
f 6559/1/3445 6558/1/3445 6561/1/3445 6562/1/3445
f 6560/1/3446 6559/1/3446 6562/1/3446 6563/1/3446
f 6558/1/3444 6541/1/28 6561/1/3332
f 6561/1/3332 6541/1/28 6564/1/3447
f 6545/1/25 6563/1/3329 6566/1/3448
f 6562/1/3449 6561/1/3449 6564/1/3449 6565/1/3449
f 6563/1/3450 6562/1/3450 6565/1/3450 6566/1/3450
f 6566/1/3451 6565/1/3451 6543/1/3451 6544/1/3451
f 6564/1/3447 6541/1/28 6542/1/2049
f 6545/1/25 6566/1/3448 6544/1/2040
f 6565/1/3452 6564/1/3452 6542/1/3452 6543/1/3452
f 6571/1/25 6570/1/2040 6574/1/3429
f 6569/1/3430 6568/1/3430 6572/1/3430 6573/1/3430
f 6570/1/3431 6569/1/3431 6573/1/3431 6574/1/3431
f 6568/1/2049 6567/1/28 6572/1/3432
f 6573/1/3433 6572/1/3433 6575/1/3433 6576/1/3433
f 6574/1/3434 6573/1/3434 6576/1/3434 6577/1/3434
f 6572/1/3432 6567/1/28 6575/1/3325
f 6571/1/25 6574/1/3429 6577/1/3328
f 6571/1/25 6577/1/3328 6580/1/3435
f 6576/1/3436 6575/1/3436 6578/1/3436 6579/1/3436
f 6577/1/3437 6576/1/3437 6579/1/3437 6580/1/3437
f 6575/1/3325 6567/1/28 6578/1/3438
f 6571/1/25 6580/1/3435 6583/1/2013
f 6579/1/3439 6578/1/3439 6581/1/3439 6582/1/3439
f 6580/1/3440 6579/1/3440 6582/1/3440 6583/1/3440
f 6578/1/3438 6567/1/28 6581/1/2004
f 6571/1/25 6583/1/2013 6586/1/3441
f 6582/1/3442 6581/1/3442 6584/1/3442 6585/1/3442
f 6583/1/3443 6582/1/3443 6585/1/3443 6586/1/3443
f 6581/1/2004 6567/1/28 6584/1/3444
f 6571/1/25 6586/1/3441 6589/1/3329
f 6585/1/3445 6584/1/3445 6587/1/3445 6588/1/3445
f 6586/1/3446 6585/1/3446 6588/1/3446 6589/1/3446
f 6584/1/3444 6567/1/28 6587/1/3332
f 6587/1/3332 6567/1/28 6590/1/3447
f 6571/1/25 6589/1/3329 6592/1/3448
f 6588/1/3449 6587/1/3449 6590/1/3449 6591/1/3449
f 6589/1/3450 6588/1/3450 6591/1/3450 6592/1/3450
f 6592/1/3451 6591/1/3451 6569/1/3451 6570/1/3451
f 6590/1/3447 6567/1/28 6568/1/2049
f 6571/1/25 6592/1/3448 6570/1/2040
f 6591/1/3452 6590/1/3452 6568/1/3452 6569/1/3452
f 6597/1/25 6596/1/2040 6600/1/3429
f 6595/1/3430 6594/1/3430 6598/1/3430 6599/1/3430
f 6596/1/3431 6595/1/3431 6599/1/3431 6600/1/3431
f 6594/1/2049 6593/1/28 6598/1/3432
f 6599/1/3433 6598/1/3433 6601/1/3433 6602/1/3433
f 6600/1/3434 6599/1/3434 6602/1/3434 6603/1/3434
f 6598/1/3432 6593/1/28 6601/1/3325
f 6597/1/25 6600/1/3429 6603/1/3328
f 6597/1/25 6603/1/3328 6606/1/3435
f 6602/1/3436 6601/1/3436 6604/1/3436 6605/1/3436
f 6603/1/3437 6602/1/3437 6605/1/3437 6606/1/3437
f 6601/1/3325 6593/1/28 6604/1/3438
f 6597/1/25 6606/1/3435 6609/1/2013
f 6605/1/3439 6604/1/3439 6607/1/3439 6608/1/3439
f 6606/1/3440 6605/1/3440 6608/1/3440 6609/1/3440
f 6604/1/3438 6593/1/28 6607/1/2004
f 6597/1/25 6609/1/2013 6612/1/3441
f 6608/1/3442 6607/1/3442 6610/1/3442 6611/1/3442
f 6609/1/3443 6608/1/3443 6611/1/3443 6612/1/3443
f 6607/1/2004 6593/1/28 6610/1/3444
f 6597/1/25 6612/1/3441 6615/1/3329
f 6611/1/3445 6610/1/3445 6613/1/3445 6614/1/3445
f 6612/1/3446 6611/1/3446 6614/1/3446 6615/1/3446
f 6610/1/3444 6593/1/28 6613/1/3332
f 6613/1/3332 6593/1/28 6616/1/3447
f 6597/1/25 6615/1/3329 6618/1/3448
f 6614/1/3449 6613/1/3449 6616/1/3449 6617/1/3449
f 6615/1/3450 6614/1/3450 6617/1/3450 6618/1/3450
f 6618/1/3451 6617/1/3451 6595/1/3451 6596/1/3451
f 6616/1/3447 6593/1/28 6594/1/2049
f 6597/1/25 6618/1/3448 6596/1/2040
f 6617/1/3452 6616/1/3452 6594/1/3452 6595/1/3452
f 6623/1/25 6622/1/2040 6626/1/3429
f 6621/1/3430 6620/1/3430 6624/1/3430 6625/1/3430
f 6622/1/3431 6621/1/3431 6625/1/3431 6626/1/3431
f 6620/1/2049 6619/1/28 6624/1/3432
f 6625/1/3433 6624/1/3433 6627/1/3433 6628/1/3433
f 6626/1/3434 6625/1/3434 6628/1/3434 6629/1/3434
f 6624/1/3432 6619/1/28 6627/1/3325
f 6623/1/25 6626/1/3429 6629/1/3328
f 6623/1/25 6629/1/3328 6632/1/3435
f 6628/1/3436 6627/1/3436 6630/1/3436 6631/1/3436
f 6629/1/3437 6628/1/3437 6631/1/3437 6632/1/3437
f 6627/1/3325 6619/1/28 6630/1/3438
f 6623/1/25 6632/1/3435 6635/1/2013
f 6631/1/3439 6630/1/3439 6633/1/3439 6634/1/3439
f 6632/1/3440 6631/1/3440 6634/1/3440 6635/1/3440
f 6630/1/3438 6619/1/28 6633/1/2004
f 6623/1/25 6635/1/2013 6638/1/3441
f 6634/1/3442 6633/1/3442 6636/1/3442 6637/1/3442
f 6635/1/3443 6634/1/3443 6637/1/3443 6638/1/3443
f 6633/1/2004 6619/1/28 6636/1/3444
f 6623/1/25 6638/1/3441 6641/1/3329
f 6637/1/3445 6636/1/3445 6639/1/3445 6640/1/3445
f 6638/1/3446 6637/1/3446 6640/1/3446 6641/1/3446
f 6636/1/3444 6619/1/28 6639/1/3332
f 6639/1/3332 6619/1/28 6642/1/3447
f 6623/1/25 6641/1/3329 6644/1/3448
f 6640/1/3449 6639/1/3449 6642/1/3449 6643/1/3449
f 6641/1/3450 6640/1/3450 6643/1/3450 6644/1/3450
f 6644/1/3451 6643/1/3451 6621/1/3451 6622/1/3451
f 6642/1/3447 6619/1/28 6620/1/2049
f 6623/1/25 6644/1/3448 6622/1/2040
f 6643/1/3452 6642/1/3452 6620/1/3452 6621/1/3452
f 6649/1/25 6648/1/2040 6652/1/3429
f 6647/1/3430 6646/1/3430 6650/1/3430 6651/1/3430
f 6648/1/3431 6647/1/3431 6651/1/3431 6652/1/3431
f 6646/1/2049 6645/1/28 6650/1/3432
f 6651/1/3433 6650/1/3433 6653/1/3433 6654/1/3433
f 6652/1/3434 6651/1/3434 6654/1/3434 6655/1/3434
f 6650/1/3432 6645/1/28 6653/1/3325
f 6649/1/25 6652/1/3429 6655/1/3328
f 6649/1/25 6655/1/3328 6658/1/3435
f 6654/1/3436 6653/1/3436 6656/1/3436 6657/1/3436
f 6655/1/3437 6654/1/3437 6657/1/3437 6658/1/3437
f 6653/1/3325 6645/1/28 6656/1/3438
f 6649/1/25 6658/1/3435 6661/1/2013
f 6657/1/3439 6656/1/3439 6659/1/3439 6660/1/3439
f 6658/1/3440 6657/1/3440 6660/1/3440 6661/1/3440
f 6656/1/3438 6645/1/28 6659/1/2004
f 6649/1/25 6661/1/2013 6664/1/3441
f 6660/1/3442 6659/1/3442 6662/1/3442 6663/1/3442
f 6661/1/3443 6660/1/3443 6663/1/3443 6664/1/3443
f 6659/1/2004 6645/1/28 6662/1/3444
f 6649/1/25 6664/1/3441 6667/1/3329
f 6663/1/3445 6662/1/3445 6665/1/3445 6666/1/3445
f 6664/1/3446 6663/1/3446 6666/1/3446 6667/1/3446
f 6662/1/3444 6645/1/28 6665/1/3332
f 6665/1/3332 6645/1/28 6668/1/3447
f 6649/1/25 6667/1/3329 6670/1/3448
f 6666/1/3449 6665/1/3449 6668/1/3449 6669/1/3449
f 6667/1/3450 6666/1/3450 6669/1/3450 6670/1/3450
f 6670/1/3451 6669/1/3451 6647/1/3451 6648/1/3451
f 6668/1/3447 6645/1/28 6646/1/2049
f 6649/1/25 6670/1/3448 6648/1/2040
f 6669/1/3452 6668/1/3452 6646/1/3452 6647/1/3452
f 6675/1/25 6674/1/2040 6678/1/3429
f 6673/1/3430 6672/1/3430 6676/1/3430 6677/1/3430
f 6674/1/3431 6673/1/3431 6677/1/3431 6678/1/3431
f 6672/1/2049 6671/1/28 6676/1/3432
f 6677/1/3433 6676/1/3433 6679/1/3433 6680/1/3433
f 6678/1/3434 6677/1/3434 6680/1/3434 6681/1/3434
f 6676/1/3432 6671/1/28 6679/1/3325
f 6675/1/25 6678/1/3429 6681/1/3328
f 6675/1/25 6681/1/3328 6684/1/3435
f 6680/1/3436 6679/1/3436 6682/1/3436 6683/1/3436
f 6681/1/3437 6680/1/3437 6683/1/3437 6684/1/3437
f 6679/1/3325 6671/1/28 6682/1/3438
f 6675/1/25 6684/1/3435 6687/1/2013
f 6683/1/3439 6682/1/3439 6685/1/3439 6686/1/3439
f 6684/1/3440 6683/1/3440 6686/1/3440 6687/1/3440
f 6682/1/3438 6671/1/28 6685/1/2004
f 6675/1/25 6687/1/2013 6690/1/3441
f 6686/1/3442 6685/1/3442 6688/1/3442 6689/1/3442
f 6687/1/3443 6686/1/3443 6689/1/3443 6690/1/3443
f 6685/1/2004 6671/1/28 6688/1/3444
f 6675/1/25 6690/1/3441 6693/1/3329
f 6689/1/3445 6688/1/3445 6691/1/3445 6692/1/3445
f 6690/1/3446 6689/1/3446 6692/1/3446 6693/1/3446
f 6688/1/3444 6671/1/28 6691/1/3332
f 6691/1/3332 6671/1/28 6694/1/3447
f 6675/1/25 6693/1/3329 6696/1/3448
f 6692/1/3449 6691/1/3449 6694/1/3449 6695/1/3449
f 6693/1/3450 6692/1/3450 6695/1/3450 6696/1/3450
f 6696/1/3451 6695/1/3451 6673/1/3451 6674/1/3451
f 6694/1/3447 6671/1/28 6672/1/2049
f 6675/1/25 6696/1/3448 6674/1/2040
f 6695/1/3452 6694/1/3452 6672/1/3452 6673/1/3452
f 6701/1/25 6700/1/2040 6704/1/3429
f 6699/1/3430 6698/1/3430 6702/1/3430 6703/1/3430
f 6700/1/3431 6699/1/3431 6703/1/3431 6704/1/3431
f 6698/1/2049 6697/1/28 6702/1/3432
f 6703/1/3433 6702/1/3433 6705/1/3433 6706/1/3433
f 6704/1/3434 6703/1/3434 6706/1/3434 6707/1/3434
f 6702/1/3432 6697/1/28 6705/1/3325
f 6701/1/25 6704/1/3429 6707/1/3328
f 6701/1/25 6707/1/3328 6710/1/3435
f 6706/1/3436 6705/1/3436 6708/1/3436 6709/1/3436
f 6707/1/3437 6706/1/3437 6709/1/3437 6710/1/3437
f 6705/1/3325 6697/1/28 6708/1/3438
f 6701/1/25 6710/1/3435 6713/1/2013
f 6709/1/3439 6708/1/3439 6711/1/3439 6712/1/3439
f 6710/1/3440 6709/1/3440 6712/1/3440 6713/1/3440
f 6708/1/3438 6697/1/28 6711/1/2004
f 6701/1/25 6713/1/2013 6716/1/3441
f 6712/1/3442 6711/1/3442 6714/1/3442 6715/1/3442
f 6713/1/3443 6712/1/3443 6715/1/3443 6716/1/3443
f 6711/1/2004 6697/1/28 6714/1/3444
f 6701/1/25 6716/1/3441 6719/1/3329
f 6715/1/3445 6714/1/3445 6717/1/3445 6718/1/3445
f 6716/1/3446 6715/1/3446 6718/1/3446 6719/1/3446
f 6714/1/3444 6697/1/28 6717/1/3332
f 6717/1/3332 6697/1/28 6720/1/3447
f 6701/1/25 6719/1/3329 6722/1/3448
f 6718/1/3449 6717/1/3449 6720/1/3449 6721/1/3449
f 6719/1/3450 6718/1/3450 6721/1/3450 6722/1/3450
f 6722/1/3451 6721/1/3451 6699/1/3451 6700/1/3451
f 6720/1/3447 6697/1/28 6698/1/2049
f 6701/1/25 6722/1/3448 6700/1/2040
f 6721/1/3452 6720/1/3452 6698/1/3452 6699/1/3452
f 6727/1/25 6726/1/2040 6730/1/3429
f 6725/1/3430 6724/1/3430 6728/1/3430 6729/1/3430
f 6726/1/3431 6725/1/3431 6729/1/3431 6730/1/3431
f 6724/1/2049 6723/1/28 6728/1/3432
f 6729/1/3433 6728/1/3433 6731/1/3433 6732/1/3433
f 6730/1/3434 6729/1/3434 6732/1/3434 6733/1/3434
f 6728/1/3432 6723/1/28 6731/1/3325
f 6727/1/25 6730/1/3429 6733/1/3328
f 6727/1/25 6733/1/3328 6736/1/3435
f 6732/1/3436 6731/1/3436 6734/1/3436 6735/1/3436
f 6733/1/3437 6732/1/3437 6735/1/3437 6736/1/3437
f 6731/1/3325 6723/1/28 6734/1/3438
f 6727/1/25 6736/1/3435 6739/1/2013
f 6735/1/3439 6734/1/3439 6737/1/3439 6738/1/3439
f 6736/1/3440 6735/1/3440 6738/1/3440 6739/1/3440
f 6734/1/3438 6723/1/28 6737/1/2004
f 6727/1/25 6739/1/2013 6742/1/3441
f 6738/1/3442 6737/1/3442 6740/1/3442 6741/1/3442
f 6739/1/3443 6738/1/3443 6741/1/3443 6742/1/3443
f 6737/1/2004 6723/1/28 6740/1/3444
f 6727/1/25 6742/1/3441 6745/1/3329
f 6741/1/3445 6740/1/3445 6743/1/3445 6744/1/3445
f 6742/1/3446 6741/1/3446 6744/1/3446 6745/1/3446
f 6740/1/3444 6723/1/28 6743/1/3332
f 6743/1/3332 6723/1/28 6746/1/3447
f 6727/1/25 6745/1/3329 6748/1/3448
f 6744/1/3449 6743/1/3449 6746/1/3449 6747/1/3449
f 6745/1/3450 6744/1/3450 6747/1/3450 6748/1/3450
f 6748/1/3451 6747/1/3451 6725/1/3451 6726/1/3451
f 6746/1/3447 6723/1/28 6724/1/2049
f 6727/1/25 6748/1/3448 6726/1/2040
f 6747/1/3452 6746/1/3452 6724/1/3452 6725/1/3452
f 6753/1/25 6752/1/2040 6756/1/3429
f 6751/1/3430 6750/1/3430 6754/1/3430 6755/1/3430
f 6752/1/3431 6751/1/3431 6755/1/3431 6756/1/3431
f 6750/1/2049 6749/1/28 6754/1/3432
f 6755/1/3433 6754/1/3433 6757/1/3433 6758/1/3433
f 6756/1/3434 6755/1/3434 6758/1/3434 6759/1/3434
f 6754/1/3432 6749/1/28 6757/1/3325
f 6753/1/25 6756/1/3429 6759/1/3328
f 6753/1/25 6759/1/3328 6762/1/3435
f 6758/1/3436 6757/1/3436 6760/1/3436 6761/1/3436
f 6759/1/3437 6758/1/3437 6761/1/3437 6762/1/3437
f 6757/1/3325 6749/1/28 6760/1/3438
f 6753/1/25 6762/1/3435 6765/1/2013
f 6761/1/3439 6760/1/3439 6763/1/3439 6764/1/3439
f 6762/1/3440 6761/1/3440 6764/1/3440 6765/1/3440
f 6760/1/3438 6749/1/28 6763/1/2004
f 6753/1/25 6765/1/2013 6768/1/3441
f 6764/1/3442 6763/1/3442 6766/1/3442 6767/1/3442
f 6765/1/3443 6764/1/3443 6767/1/3443 6768/1/3443
f 6763/1/2004 6749/1/28 6766/1/3444
f 6753/1/25 6768/1/3441 6771/1/3329
f 6767/1/3445 6766/1/3445 6769/1/3445 6770/1/3445
f 6768/1/3446 6767/1/3446 6770/1/3446 6771/1/3446
f 6766/1/3444 6749/1/28 6769/1/3332
f 6769/1/3332 6749/1/28 6772/1/3447
f 6753/1/25 6771/1/3329 6774/1/3448
f 6770/1/3449 6769/1/3449 6772/1/3449 6773/1/3449
f 6771/1/3450 6770/1/3450 6773/1/3450 6774/1/3450
f 6774/1/3451 6773/1/3451 6751/1/3451 6752/1/3451
f 6772/1/3447 6749/1/28 6750/1/2049
f 6753/1/25 6774/1/3448 6752/1/2040
f 6773/1/3452 6772/1/3452 6750/1/3452 6751/1/3452
f 6779/1/25 6778/1/2040 6782/1/3429
f 6777/1/3430 6776/1/3430 6780/1/3430 6781/1/3430
f 6778/1/3431 6777/1/3431 6781/1/3431 6782/1/3431
f 6776/1/2049 6775/1/28 6780/1/3432
f 6781/1/3433 6780/1/3433 6783/1/3433 6784/1/3433
f 6782/1/3434 6781/1/3434 6784/1/3434 6785/1/3434
f 6780/1/3432 6775/1/28 6783/1/3325
f 6779/1/25 6782/1/3429 6785/1/3328
f 6779/1/25 6785/1/3328 6788/1/3435
f 6784/1/3436 6783/1/3436 6786/1/3436 6787/1/3436
f 6785/1/3437 6784/1/3437 6787/1/3437 6788/1/3437
f 6783/1/3325 6775/1/28 6786/1/3438
f 6779/1/25 6788/1/3435 6791/1/2013
f 6787/1/3439 6786/1/3439 6789/1/3439 6790/1/3439
f 6788/1/3440 6787/1/3440 6790/1/3440 6791/1/3440
f 6786/1/3438 6775/1/28 6789/1/2004
f 6779/1/25 6791/1/2013 6794/1/3441
f 6790/1/3442 6789/1/3442 6792/1/3442 6793/1/3442
f 6791/1/3443 6790/1/3443 6793/1/3443 6794/1/3443
f 6789/1/2004 6775/1/28 6792/1/3444
f 6779/1/25 6794/1/3441 6797/1/3329
f 6793/1/3445 6792/1/3445 6795/1/3445 6796/1/3445
f 6794/1/3446 6793/1/3446 6796/1/3446 6797/1/3446
f 6792/1/3444 6775/1/28 6795/1/3332
f 6795/1/3332 6775/1/28 6798/1/3447
f 6779/1/25 6797/1/3329 6800/1/3448
f 6796/1/3449 6795/1/3449 6798/1/3449 6799/1/3449
f 6797/1/3450 6796/1/3450 6799/1/3450 6800/1/3450
f 6800/1/3451 6799/1/3451 6777/1/3451 6778/1/3451
f 6798/1/3447 6775/1/28 6776/1/2049
f 6779/1/25 6800/1/3448 6778/1/2040
f 6799/1/3452 6798/1/3452 6776/1/3452 6777/1/3452
f 6805/1/25 6804/1/2040 6808/1/3429
f 6803/1/3430 6802/1/3430 6806/1/3430 6807/1/3430
f 6804/1/3431 6803/1/3431 6807/1/3431 6808/1/3431
f 6802/1/2049 6801/1/28 6806/1/3432
f 6807/1/3433 6806/1/3433 6809/1/3433 6810/1/3433
f 6808/1/3434 6807/1/3434 6810/1/3434 6811/1/3434
f 6806/1/3432 6801/1/28 6809/1/3325
f 6805/1/25 6808/1/3429 6811/1/3328
f 6805/1/25 6811/1/3328 6814/1/3435
f 6810/1/3436 6809/1/3436 6812/1/3436 6813/1/3436
f 6811/1/3437 6810/1/3437 6813/1/3437 6814/1/3437
f 6809/1/3325 6801/1/28 6812/1/3438
f 6805/1/25 6814/1/3435 6817/1/2013
f 6813/1/3439 6812/1/3439 6815/1/3439 6816/1/3439
f 6814/1/3440 6813/1/3440 6816/1/3440 6817/1/3440
f 6812/1/3438 6801/1/28 6815/1/2004
f 6805/1/25 6817/1/2013 6820/1/3441
f 6816/1/3442 6815/1/3442 6818/1/3442 6819/1/3442
f 6817/1/3443 6816/1/3443 6819/1/3443 6820/1/3443
f 6815/1/2004 6801/1/28 6818/1/3444
f 6805/1/25 6820/1/3441 6823/1/3329
f 6819/1/3445 6818/1/3445 6821/1/3445 6822/1/3445
f 6820/1/3446 6819/1/3446 6822/1/3446 6823/1/3446
f 6818/1/3444 6801/1/28 6821/1/3332
f 6821/1/3332 6801/1/28 6824/1/3447
f 6805/1/25 6823/1/3329 6826/1/3448
f 6822/1/3449 6821/1/3449 6824/1/3449 6825/1/3449
f 6823/1/3450 6822/1/3450 6825/1/3450 6826/1/3450
f 6826/1/3451 6825/1/3451 6803/1/3451 6804/1/3451
f 6824/1/3447 6801/1/28 6802/1/2049
f 6805/1/25 6826/1/3448 6804/1/2040
f 6825/1/3452 6824/1/3452 6802/1/3452 6803/1/3452
f 6831/1/25 6830/1/2040 6834/1/3429
f 6829/1/3430 6828/1/3430 6832/1/3430 6833/1/3430
f 6830/1/3431 6829/1/3431 6833/1/3431 6834/1/3431
f 6828/1/2049 6827/1/28 6832/1/3432
f 6833/1/3433 6832/1/3433 6835/1/3433 6836/1/3433
f 6834/1/3434 6833/1/3434 6836/1/3434 6837/1/3434
f 6832/1/3432 6827/1/28 6835/1/3325
f 6831/1/25 6834/1/3429 6837/1/3328
f 6831/1/25 6837/1/3328 6840/1/3435
f 6836/1/3436 6835/1/3436 6838/1/3436 6839/1/3436
f 6837/1/3437 6836/1/3437 6839/1/3437 6840/1/3437
f 6835/1/3325 6827/1/28 6838/1/3438
f 6831/1/25 6840/1/3435 6843/1/2013
f 6839/1/3439 6838/1/3439 6841/1/3439 6842/1/3439
f 6840/1/3440 6839/1/3440 6842/1/3440 6843/1/3440
f 6838/1/3438 6827/1/28 6841/1/2004
f 6831/1/25 6843/1/2013 6846/1/3441
f 6842/1/3442 6841/1/3442 6844/1/3442 6845/1/3442
f 6843/1/3443 6842/1/3443 6845/1/3443 6846/1/3443
f 6841/1/2004 6827/1/28 6844/1/3444
f 6831/1/25 6846/1/3441 6849/1/3329
f 6845/1/3445 6844/1/3445 6847/1/3445 6848/1/3445
f 6846/1/3446 6845/1/3446 6848/1/3446 6849/1/3446
f 6844/1/3444 6827/1/28 6847/1/3332
f 6847/1/3332 6827/1/28 6850/1/3447
f 6831/1/25 6849/1/3329 6852/1/3448
f 6848/1/3449 6847/1/3449 6850/1/3449 6851/1/3449
f 6849/1/3450 6848/1/3450 6851/1/3450 6852/1/3450
f 6852/1/3451 6851/1/3451 6829/1/3451 6830/1/3451
f 6850/1/3447 6827/1/28 6828/1/2049
f 6831/1/25 6852/1/3448 6830/1/2040
f 6851/1/3452 6850/1/3452 6828/1/3452 6829/1/3452
f 6857/1/25 6856/1/2040 6860/1/3429
f 6855/1/3430 6854/1/3430 6858/1/3430 6859/1/3430
f 6856/1/3431 6855/1/3431 6859/1/3431 6860/1/3431
f 6854/1/2049 6853/1/28 6858/1/3432
f 6859/1/3433 6858/1/3433 6861/1/3433 6862/1/3433
f 6860/1/3434 6859/1/3434 6862/1/3434 6863/1/3434
f 6858/1/3432 6853/1/28 6861/1/3325
f 6857/1/25 6860/1/3429 6863/1/3328
f 6857/1/25 6863/1/3328 6866/1/3435
f 6862/1/3436 6861/1/3436 6864/1/3436 6865/1/3436
f 6863/1/3437 6862/1/3437 6865/1/3437 6866/1/3437
f 6861/1/3325 6853/1/28 6864/1/3438
f 6857/1/25 6866/1/3435 6869/1/2013
f 6865/1/3439 6864/1/3439 6867/1/3439 6868/1/3439
f 6866/1/3440 6865/1/3440 6868/1/3440 6869/1/3440
f 6864/1/3438 6853/1/28 6867/1/2004
f 6857/1/25 6869/1/2013 6872/1/3441
f 6868/1/3442 6867/1/3442 6870/1/3442 6871/1/3442
f 6869/1/3443 6868/1/3443 6871/1/3443 6872/1/3443
f 6867/1/2004 6853/1/28 6870/1/3444
f 6857/1/25 6872/1/3441 6875/1/3329
f 6871/1/3445 6870/1/3445 6873/1/3445 6874/1/3445
f 6872/1/3446 6871/1/3446 6874/1/3446 6875/1/3446
f 6870/1/3444 6853/1/28 6873/1/3332
f 6873/1/3332 6853/1/28 6876/1/3447
f 6857/1/25 6875/1/3329 6878/1/3448
f 6874/1/3449 6873/1/3449 6876/1/3449 6877/1/3449
f 6875/1/3450 6874/1/3450 6877/1/3450 6878/1/3450
f 6878/1/3451 6877/1/3451 6855/1/3451 6856/1/3451
f 6876/1/3447 6853/1/28 6854/1/2049
f 6857/1/25 6878/1/3448 6856/1/2040
f 6877/1/3452 6876/1/3452 6854/1/3452 6855/1/3452
f 6883/1/25 6882/1/2040 6886/1/3429
f 6881/1/3430 6880/1/3430 6884/1/3430 6885/1/3430
f 6882/1/3431 6881/1/3431 6885/1/3431 6886/1/3431
f 6880/1/2049 6879/1/28 6884/1/3432
f 6885/1/3433 6884/1/3433 6887/1/3433 6888/1/3433
f 6886/1/3434 6885/1/3434 6888/1/3434 6889/1/3434
f 6884/1/3432 6879/1/28 6887/1/3325
f 6883/1/25 6886/1/3429 6889/1/3328
f 6883/1/25 6889/1/3328 6892/1/3435
f 6888/1/3436 6887/1/3436 6890/1/3436 6891/1/3436
f 6889/1/3437 6888/1/3437 6891/1/3437 6892/1/3437
f 6887/1/3325 6879/1/28 6890/1/3438
f 6883/1/25 6892/1/3435 6895/1/2013
f 6891/1/3439 6890/1/3439 6893/1/3439 6894/1/3439
f 6892/1/3440 6891/1/3440 6894/1/3440 6895/1/3440
f 6890/1/3438 6879/1/28 6893/1/2004
f 6883/1/25 6895/1/2013 6898/1/3441
f 6894/1/3442 6893/1/3442 6896/1/3442 6897/1/3442
f 6895/1/3443 6894/1/3443 6897/1/3443 6898/1/3443
f 6893/1/2004 6879/1/28 6896/1/3444
f 6883/1/25 6898/1/3441 6901/1/3329
f 6897/1/3445 6896/1/3445 6899/1/3445 6900/1/3445
f 6898/1/3446 6897/1/3446 6900/1/3446 6901/1/3446
f 6896/1/3444 6879/1/28 6899/1/3332
f 6899/1/3332 6879/1/28 6902/1/3447
f 6883/1/25 6901/1/3329 6904/1/3448
f 6900/1/3449 6899/1/3449 6902/1/3449 6903/1/3449
f 6901/1/3450 6900/1/3450 6903/1/3450 6904/1/3450
f 6904/1/3451 6903/1/3451 6881/1/3451 6882/1/3451
f 6902/1/3447 6879/1/28 6880/1/2049
f 6883/1/25 6904/1/3448 6882/1/2040
f 6903/1/3452 6902/1/3452 6880/1/3452 6881/1/3452
usemtl cream_e1.2
f 6975/1/3453 7056/1/3454 6980/1/3455 6981/1/3456
f 6974/1/3457 6973/1/28 6979/1/3458
f 6978/1/25 6977/1/3459 6985/1/3460
f 7058/1/3461 7057/1/3462 6983/1/3463 6984/1/3464
f 6976/1/29 6975/1/3453 6981/1/3456 6982/1/2804
f 7056/1/3454 6974/1/3457 6979/1/3458 6980/1/3455
f 6977/1/3459 7058/1/3461 6984/1/3464 6985/1/3460
f 7057/1/3462 6976/1/29 6982/1/2804 6983/1/3463
f 6984/1/3464 6983/1/3463 6990/1/3465 6991/1/3466
f 6982/1/2804 6981/1/3456 6988/1/3467 6989/1/2805
f 6980/1/3455 6979/1/3458 6986/1/3468 6987/1/3469
f 6985/1/3460 6984/1/3464 6991/1/3466 6992/1/3470
f 6983/1/3463 6982/1/2804 6989/1/2805 6990/1/3465
f 6981/1/3456 6980/1/3455 6987/1/3469 6988/1/3467
f 6979/1/3458 6973/1/28 6986/1/3468
f 6978/1/25 6985/1/3460 6992/1/3470
f 6992/1/3470 6991/1/3466 6998/1/3471 6999/1/3472
f 6990/1/3465 6989/1/2805 6996/1/30 6997/1/3473
f 6988/1/3467 6987/1/3469 6994/1/3474 6995/1/3475
f 6986/1/3468 6973/1/28 6993/1/3476
f 6978/1/25 6992/1/3470 6999/1/3472
f 6991/1/3466 6990/1/3465 6997/1/3473 6998/1/3471
f 6989/1/2805 6988/1/3467 6995/1/3475 6996/1/30
f 6987/1/3469 6986/1/3468 6993/1/3476 6994/1/3474
f 6997/1/3473 6996/1/30 7003/1/2806 7004/1/3477
f 6995/1/3475 6994/1/3474 7001/1/3478 7002/1/3479
f 6993/1/3476 6973/1/28 7000/1/3480
f 6978/1/25 6999/1/3472 7006/1/3481
f 6998/1/3471 6997/1/3473 7004/1/3477 7005/1/3482
f 6996/1/30 6995/1/3475 7002/1/3479 7003/1/2806
f 6994/1/3474 6993/1/3476 7000/1/3480 7001/1/3478
f 6999/1/3472 6998/1/3471 7005/1/3482 7006/1/3481
f 6978/1/25 7006/1/3481 7013/1/3483
f 7005/1/3482 7004/1/3477 7011/1/3484 7012/1/3485
f 7003/1/2806 7002/1/3479 7009/1/3486 7010/1/2807
f 7001/1/3478 7000/1/3480 7007/1/3487 7008/1/3488
f 7006/1/3481 7005/1/3482 7012/1/3485 7013/1/3483
f 7004/1/3477 7003/1/2806 7010/1/2807 7011/1/3484
f 7002/1/3479 7001/1/3478 7008/1/3488 7009/1/3486
f 7000/1/3480 6973/1/28 7007/1/3487
f 7010/1/2807 7009/1/3486 7016/1/3489 7017/1/27
f 7008/1/3488 7007/1/3487 7014/1/3490 7015/1/3491
f 7013/1/3483 7012/1/3485 7019/1/3492 7020/1/3493
f 7011/1/3484 7010/1/2807 7017/1/27 7018/1/3494
f 7009/1/3486 7008/1/3488 7015/1/3491 7016/1/3489
f 7007/1/3487 6973/1/28 7014/1/3490
f 6978/1/25 7013/1/3483 7020/1/3493
f 7012/1/3485 7011/1/3484 7018/1/3494 7019/1/3492
f 7020/1/3493 7019/1/3492 7026/1/3495 7027/1/3496
f 7018/1/3494 7017/1/27 7024/1/2808 7025/1/3497
f 7016/1/3489 7015/1/3491 7022/1/3498 7023/1/3499
f 7014/1/3490 6973/1/28 7021/1/3500
f 6978/1/25 7020/1/3493 7027/1/3496
f 7019/1/3492 7018/1/3494 7025/1/3497 7026/1/3495
f 7017/1/27 7016/1/3489 7023/1/3499 7024/1/2808
f 7015/1/3491 7014/1/3490 7021/1/3500 7022/1/3498
f 7023/1/3499 7022/1/3498 7029/1/3501 7030/1/3502
f 7021/1/3500 6973/1/28 7028/1/3503
f 6978/1/25 7027/1/3496 7034/1/3504
f 7026/1/3495 7025/1/3497 7032/1/3505 7033/1/3506
f 7024/1/2808 7023/1/3499 7030/1/3502 7031/1/2809
f 7022/1/3498 7021/1/3500 7028/1/3503 7029/1/3501
f 7027/1/3496 7026/1/3495 7033/1/3506 7034/1/3504
f 7025/1/3497 7024/1/2808 7031/1/2809 7032/1/3505
f 6978/1/25 7034/1/3504 7041/1/3507
f 7033/1/3506 7032/1/3505 7039/1/3508 7040/1/3509
f 7031/1/2809 7030/1/3502 7037/1/3510 7038/1/26
f 7029/1/3501 7028/1/3503 7035/1/3511 7036/1/3512
f 7034/1/3504 7033/1/3506 7040/1/3509 7041/1/3507
f 7032/1/3505 7031/1/2809 7038/1/26 7039/1/3508
f 7030/1/3502 7029/1/3501 7036/1/3512 7037/1/3510
f 7028/1/3503 6973/1/28 7035/1/3511
f 7036/1/3512 7035/1/3511 7042/1/3513 7043/1/3514
f 7041/1/3507 7040/1/3509 7047/1/3515 7048/1/3516
f 7039/1/3508 7038/1/26 7045/1/2810 7046/1/3517
f 7037/1/3510 7036/1/3512 7043/1/3514 7044/1/3518
f 7035/1/3511 6973/1/28 7042/1/3513
f 6978/1/25 7041/1/3507 7048/1/3516
f 7040/1/3509 7039/1/3508 7046/1/3517 7047/1/3515
f 7038/1/26 7037/1/3510 7044/1/3518 7045/1/2810
f 7048/1/3516 7047/1/3515 7054/1/3519 7055/1/3520
f 7046/1/3517 7045/1/2810 7052/1/2811 7053/1/3521
f 7044/1/3518 7043/1/3514 7050/1/3522 7051/1/3523
f 7042/1/3513 6973/1/28 7049/1/3524
f 6978/1/25 7048/1/3516 7055/1/3520
f 7047/1/3515 7046/1/3517 7053/1/3521 7054/1/3519
f 7045/1/2810 7044/1/3518 7051/1/3523 7052/1/2811
f 7043/1/3514 7042/1/3513 7049/1/3524 7050/1/3522
f 7049/1/3524 6973/1/28 6974/1/3457
f 6978/1/25 7055/1/3520 6977/1/3459
f 7054/1/3519 7053/1/3521 7057/1/3462 7058/1/3461
f 7052/1/2811 7051/1/3523 6975/1/3453 6976/1/29
f 7050/1/3522 7049/1/3524 6974/1/3457 7056/1/3454
f 7055/1/3520 7054/1/3519 7058/1/3461 6977/1/3459
f 7053/1/3521 7052/1/2811 6976/1/29 7057/1/3462
f 7051/1/3523 7050/1/3522 7056/1/3454 6975/1/3453
f 7129/1/3453 7210/1/3454 7134/1/3455 7135/1/3456
f 7128/1/3457 7127/1/28 7133/1/3458
f 7132/1/25 7131/1/3459 7139/1/3460
f 7212/1/3461 7211/1/3462 7137/1/3463 7138/1/3464
f 7130/1/29 7129/1/3453 7135/1/3456 7136/1/2804
f 7210/1/3454 7128/1/3457 7133/1/3458 7134/1/3455
f 7131/1/3459 7212/1/3461 7138/1/3464 7139/1/3460
f 7211/1/3462 7130/1/29 7136/1/2804 7137/1/3463
f 7138/1/3464 7137/1/3463 7144/1/3465 7145/1/3466
f 7136/1/2804 7135/1/3456 7142/1/3467 7143/1/2805
f 7134/1/3455 7133/1/3458 7140/1/3468 7141/1/3469
f 7139/1/3460 7138/1/3464 7145/1/3466 7146/1/3470
f 7137/1/3463 7136/1/2804 7143/1/2805 7144/1/3465
f 7135/1/3456 7134/1/3455 7141/1/3469 7142/1/3467
f 7133/1/3458 7127/1/28 7140/1/3468
f 7132/1/25 7139/1/3460 7146/1/3470
f 7146/1/3470 7145/1/3466 7152/1/3471 7153/1/3472
f 7144/1/3465 7143/1/2805 7150/1/30 7151/1/3473
f 7142/1/3467 7141/1/3469 7148/1/3474 7149/1/3475
f 7140/1/3468 7127/1/28 7147/1/3476
f 7132/1/25 7146/1/3470 7153/1/3472
f 7145/1/3466 7144/1/3465 7151/1/3473 7152/1/3471
f 7143/1/2805 7142/1/3467 7149/1/3475 7150/1/30
f 7141/1/3469 7140/1/3468 7147/1/3476 7148/1/3474
f 7151/1/3473 7150/1/30 7157/1/2806 7158/1/3477
f 7149/1/3475 7148/1/3474 7155/1/3478 7156/1/3479
f 7147/1/3476 7127/1/28 7154/1/3480
f 7132/1/25 7153/1/3472 7160/1/3481
f 7152/1/3471 7151/1/3473 7158/1/3477 7159/1/3482
f 7150/1/30 7149/1/3475 7156/1/3479 7157/1/2806
f 7148/1/3474 7147/1/3476 7154/1/3480 7155/1/3478
f 7153/1/3472 7152/1/3471 7159/1/3482 7160/1/3481
f 7132/1/25 7160/1/3481 7167/1/3483
f 7159/1/3482 7158/1/3477 7165/1/3484 7166/1/3485
f 7157/1/2806 7156/1/3479 7163/1/3486 7164/1/2807
f 7155/1/3478 7154/1/3480 7161/1/3487 7162/1/3488
f 7160/1/3481 7159/1/3482 7166/1/3485 7167/1/3483
f 7158/1/3477 7157/1/2806 7164/1/2807 7165/1/3484
f 7156/1/3479 7155/1/3478 7162/1/3488 7163/1/3486
f 7154/1/3480 7127/1/28 7161/1/3487
f 7164/1/2807 7163/1/3486 7170/1/3489 7171/1/27
f 7162/1/3488 7161/1/3487 7168/1/3490 7169/1/3491
f 7167/1/3483 7166/1/3485 7173/1/3492 7174/1/3493
f 7165/1/3484 7164/1/2807 7171/1/27 7172/1/3494
f 7163/1/3486 7162/1/3488 7169/1/3491 7170/1/3489
f 7161/1/3487 7127/1/28 7168/1/3490
f 7132/1/25 7167/1/3483 7174/1/3493
f 7166/1/3485 7165/1/3484 7172/1/3494 7173/1/3492
f 7174/1/3493 7173/1/3492 7180/1/3495 7181/1/3496
f 7172/1/3494 7171/1/27 7178/1/2808 7179/1/3497
f 7170/1/3489 7169/1/3491 7176/1/3498 7177/1/3499
f 7168/1/3490 7127/1/28 7175/1/3500
f 7132/1/25 7174/1/3493 7181/1/3496
f 7173/1/3492 7172/1/3494 7179/1/3497 7180/1/3495
f 7171/1/27 7170/1/3489 7177/1/3499 7178/1/2808
f 7169/1/3491 7168/1/3490 7175/1/3500 7176/1/3498
f 7177/1/3499 7176/1/3498 7183/1/3501 7184/1/3502
f 7175/1/3500 7127/1/28 7182/1/3503
f 7132/1/25 7181/1/3496 7188/1/3504
f 7180/1/3495 7179/1/3497 7186/1/3505 7187/1/3506
f 7178/1/2808 7177/1/3499 7184/1/3502 7185/1/2809
f 7176/1/3498 7175/1/3500 7182/1/3503 7183/1/3501
f 7181/1/3496 7180/1/3495 7187/1/3506 7188/1/3504
f 7179/1/3497 7178/1/2808 7185/1/2809 7186/1/3505
f 7132/1/25 7188/1/3504 7195/1/3507
f 7187/1/3506 7186/1/3505 7193/1/3508 7194/1/3509
f 7185/1/2809 7184/1/3502 7191/1/3510 7192/1/26
f 7183/1/3501 7182/1/3503 7189/1/3511 7190/1/3512
f 7188/1/3504 7187/1/3506 7194/1/3509 7195/1/3507
f 7186/1/3505 7185/1/2809 7192/1/26 7193/1/3508
f 7184/1/3502 7183/1/3501 7190/1/3512 7191/1/3510
f 7182/1/3503 7127/1/28 7189/1/3511
f 7190/1/3512 7189/1/3511 7196/1/3513 7197/1/3514
f 7195/1/3507 7194/1/3509 7201/1/3515 7202/1/3516
f 7193/1/3508 7192/1/26 7199/1/2810 7200/1/3517
f 7191/1/3510 7190/1/3512 7197/1/3514 7198/1/3518
f 7189/1/3511 7127/1/28 7196/1/3513
f 7132/1/25 7195/1/3507 7202/1/3516
f 7194/1/3509 7193/1/3508 7200/1/3517 7201/1/3515
f 7192/1/26 7191/1/3510 7198/1/3518 7199/1/2810
f 7202/1/3516 7201/1/3515 7208/1/3519 7209/1/3520
f 7200/1/3517 7199/1/2810 7206/1/2811 7207/1/3521
f 7198/1/3518 7197/1/3514 7204/1/3522 7205/1/3523
f 7196/1/3513 7127/1/28 7203/1/3524
f 7132/1/25 7202/1/3516 7209/1/3520
f 7201/1/3515 7200/1/3517 7207/1/3521 7208/1/3519
f 7199/1/2810 7198/1/3518 7205/1/3523 7206/1/2811
f 7197/1/3514 7196/1/3513 7203/1/3524 7204/1/3522
f 7203/1/3524 7127/1/28 7128/1/3457
f 7132/1/25 7209/1/3520 7131/1/3459
f 7208/1/3519 7207/1/3521 7211/1/3462 7212/1/3461
f 7206/1/2811 7205/1/3523 7129/1/3453 7130/1/29
f 7204/1/3522 7203/1/3524 7128/1/3457 7210/1/3454
f 7209/1/3520 7208/1/3519 7212/1/3461 7131/1/3459
f 7207/1/3521 7206/1/2811 7130/1/29 7211/1/3462
f 7205/1/3523 7204/1/3522 7210/1/3454 7129/1/3453
