# Blender 5.0.1
# www.blender.org
mtllib PalletStack.mtl
o PalletStack
v -3.698153 0.350000 -0.842849 0.7882 0.5412 0.2941
v -3.698153 0.365000 -0.827850 0.7882 0.5412 0.2941
v -3.713153 0.365000 -0.842849 0.7882 0.5412 0.2941
v -3.698153 0.415000 -0.827850 0.7882 0.5412 0.2941
v -3.698153 0.430000 -0.842849 0.7882 0.5412 0.2941
v -3.713153 0.415000 -0.842849 0.7882 0.5412 0.2941
v -3.698153 0.350000 -1.112849 0.7882 0.5412 0.2941
v -3.713153 0.365000 -1.112849 0.7882 0.5412 0.2941
v -3.698153 0.365000 -1.127849 0.7882 0.5412 0.2941
v -3.698153 0.430000 -1.112849 0.7882 0.5412 0.2941
v -3.698153 0.415000 -1.127849 0.7882 0.5412 0.2941
v -3.713153 0.415000 -1.112849 0.7882 0.5412 0.2941
v -1.328153 0.350000 -0.842849 0.7882 0.5412 0.2941
v -1.313153 0.365000 -0.842849 0.7882 0.5412 0.2941
v -1.328153 0.365000 -0.827850 0.7882 0.5412 0.2941
v -1.328153 0.430000 -0.842849 0.7882 0.5412 0.2941
v -1.328153 0.415000 -0.827850 0.7882 0.5412 0.2941
v -1.313153 0.415000 -0.842849 0.7882 0.5412 0.2941
v -1.328153 0.350000 -1.112849 0.7882 0.5412 0.2941
v -1.328153 0.365000 -1.127849 0.7882 0.5412 0.2941
v -1.313153 0.365000 -1.112849 0.7882 0.5412 0.2941
v -1.328153 0.430000 -1.112849 0.7882 0.5412 0.2941
v -1.313153 0.415000 -1.112849 0.7882 0.5412 0.2941
v -1.328153 0.415000 -1.127849 0.7882 0.5412 0.2941
v -3.698153 0.350000 -1.267849 0.7882 0.5412 0.2941
v -3.698153 0.365000 -1.252849 0.7882 0.5412 0.2941
v -3.713153 0.365000 -1.267849 0.7882 0.5412 0.2941
v -3.698153 0.415000 -1.252849 0.7882 0.5412 0.2941
v -3.698153 0.430000 -1.267849 0.7882 0.5412 0.2941
v -3.713153 0.415000 -1.267849 0.7882 0.5412 0.2941
v -3.698153 0.350000 -1.537850 0.7882 0.5412 0.2941
v -3.713153 0.365000 -1.537850 0.7882 0.5412 0.2941
v -3.698153 0.365000 -1.552850 0.7882 0.5412 0.2941
v -3.698153 0.430000 -1.537850 0.7882 0.5412 0.2941
v -3.698153 0.415000 -1.552850 0.7882 0.5412 0.2941
v -3.713153 0.415000 -1.537850 0.7882 0.5412 0.2941
v -1.328153 0.350000 -1.267849 0.7882 0.5412 0.2941
v -1.313153 0.365000 -1.267849 0.7882 0.5412 0.2941
v -1.328153 0.365000 -1.252849 0.7882 0.5412 0.2941
v -1.328153 0.430000 -1.267849 0.7882 0.5412 0.2941
v -1.328153 0.415000 -1.252849 0.7882 0.5412 0.2941
v -1.313153 0.415000 -1.267849 0.7882 0.5412 0.2941
v -1.328153 0.350000 -1.537850 0.7882 0.5412 0.2941
v -1.328153 0.365000 -1.552850 0.7882 0.5412 0.2941
v -1.313153 0.365000 -1.537850 0.7882 0.5412 0.2941
v -1.328153 0.430000 -1.537850 0.7882 0.5412 0.2941
v -1.313153 0.415000 -1.537850 0.7882 0.5412 0.2941
v -1.328153 0.415000 -1.552850 0.7882 0.5412 0.2941
v -3.698153 0.350000 -1.692850 0.7882 0.5412 0.2941
v -3.698153 0.365000 -1.677850 0.7882 0.5412 0.2941
v -3.713153 0.365000 -1.692850 0.7882 0.5412 0.2941
v -3.698153 0.415000 -1.677850 0.7882 0.5412 0.2941
v -3.698153 0.430000 -1.692850 0.7882 0.5412 0.2941
v -3.713153 0.415000 -1.692850 0.7882 0.5412 0.2941
v -3.698153 0.350000 -1.962849 0.7882 0.5412 0.2941
v -3.713153 0.365000 -1.962849 0.7882 0.5412 0.2941
v -3.698153 0.365000 -1.977849 0.7882 0.5412 0.2941
v -3.698153 0.430000 -1.962849 0.7882 0.5412 0.2941
v -3.698153 0.415000 -1.977849 0.7882 0.5412 0.2941
v -3.713153 0.415000 -1.962849 0.7882 0.5412 0.2941
v -1.328153 0.350000 -1.692850 0.7882 0.5412 0.2941
v -1.313153 0.365000 -1.692850 0.7882 0.5412 0.2941
v -1.328153 0.365000 -1.677850 0.7882 0.5412 0.2941
v -1.328153 0.430000 -1.692850 0.7882 0.5412 0.2941
v -1.328153 0.415000 -1.677850 0.7882 0.5412 0.2941
v -1.313153 0.415000 -1.692850 0.7882 0.5412 0.2941
v -1.328153 0.350000 -1.962849 0.7882 0.5412 0.2941
v -1.328153 0.365000 -1.977849 0.7882 0.5412 0.2941
v -1.313153 0.365000 -1.962849 0.7882 0.5412 0.2941
v -1.328153 0.430000 -1.962849 0.7882 0.5412 0.2941
v -1.313153 0.415000 -1.962849 0.7882 0.5412 0.2941
v -1.328153 0.415000 -1.977849 0.7882 0.5412 0.2941
v -3.698153 0.350000 -2.117849 0.7882 0.5412 0.2941
v -3.698153 0.365000 -2.102849 0.7882 0.5412 0.2941
v -3.713153 0.365000 -2.117849 0.7882 0.5412 0.2941
v -3.698153 0.415000 -2.102849 0.7882 0.5412 0.2941
v -3.698153 0.430000 -2.117849 0.7882 0.5412 0.2941
v -3.713153 0.415000 -2.117849 0.7882 0.5412 0.2941
v -3.698153 0.350000 -2.387850 0.7882 0.5412 0.2941
v -3.713153 0.365000 -2.387850 0.7882 0.5412 0.2941
v -3.698153 0.365000 -2.402850 0.7882 0.5412 0.2941
v -3.698153 0.430000 -2.387850 0.7882 0.5412 0.2941
v -3.698153 0.415000 -2.402850 0.7882 0.5412 0.2941
v -3.713153 0.415000 -2.387850 0.7882 0.5412 0.2941
v -1.328153 0.350000 -2.117849 0.7882 0.5412 0.2941
v -1.313153 0.365000 -2.117849 0.7882 0.5412 0.2941
v -1.328153 0.365000 -2.102849 0.7882 0.5412 0.2941
v -1.328153 0.430000 -2.117849 0.7882 0.5412 0.2941
v -1.328153 0.415000 -2.102849 0.7882 0.5412 0.2941
v -1.313153 0.415000 -2.117849 0.7882 0.5412 0.2941
v -1.328153 0.350000 -2.387850 0.7882 0.5412 0.2941
v -1.328153 0.365000 -2.402850 0.7882 0.5412 0.2941
v -1.313153 0.365000 -2.387850 0.7882 0.5412 0.2941
v -1.328153 0.430000 -2.387850 0.7882 0.5412 0.2941
v -1.313153 0.415000 -2.387850 0.7882 0.5412 0.2941
v -1.328153 0.415000 -2.402850 0.7882 0.5412 0.2941
v -3.698153 0.350000 -2.542850 0.7882 0.5412 0.2941
v -3.698153 0.365000 -2.527850 0.7882 0.5412 0.2941
v -3.713153 0.365000 -2.542850 0.7882 0.5412 0.2941
v -3.698153 0.415000 -2.527850 0.7882 0.5412 0.2941
v -3.698153 0.430000 -2.542850 0.7882 0.5412 0.2941
v -3.713153 0.415000 -2.542850 0.7882 0.5412 0.2941
v -3.698153 0.350000 -2.812849 0.7882 0.5412 0.2941
v -3.713153 0.365000 -2.812849 0.7882 0.5412 0.2941
v -3.698153 0.365000 -2.827849 0.7882 0.5412 0.2941
v -3.698153 0.430000 -2.812849 0.7882 0.5412 0.2941
v -3.698153 0.415000 -2.827849 0.7882 0.5412 0.2941
v -3.713153 0.415000 -2.812849 0.7882 0.5412 0.2941
v -1.328153 0.350000 -2.542850 0.7882 0.5412 0.2941
v -1.313153 0.365000 -2.542850 0.7882 0.5412 0.2941
v -1.328153 0.365000 -2.527850 0.7882 0.5412 0.2941
v -1.328153 0.430000 -2.542850 0.7882 0.5412 0.2941
v -1.328153 0.415000 -2.527850 0.7882 0.5412 0.2941
v -1.313153 0.415000 -2.542850 0.7882 0.5412 0.2941
v -1.328153 0.350000 -2.812849 0.7882 0.5412 0.2941
v -1.328153 0.365000 -2.827849 0.7882 0.5412 0.2941
v -1.313153 0.365000 -2.812849 0.7882 0.5412 0.2941
v -1.328153 0.430000 -2.812849 0.7882 0.5412 0.2941
v -1.313153 0.415000 -2.812849 0.7882 0.5412 0.2941
v -1.328153 0.415000 -2.827849 0.7882 0.5412 0.2941
v -3.683153 0.130000 -0.847849 0.6118 0.3961 0.2039
v -3.683153 0.150000 -0.827850 0.6118 0.3961 0.2039
v -3.703153 0.150000 -0.847849 0.6118 0.3961 0.2039
v -3.683153 0.330000 -0.827850 0.6118 0.3961 0.2039
v -3.683153 0.350000 -0.847849 0.6118 0.3961 0.2039
v -3.703153 0.330000 -0.847849 0.6118 0.3961 0.2039
v -3.683153 0.130000 -2.807849 0.6118 0.3961 0.2039
v -3.703153 0.150000 -2.807849 0.6118 0.3961 0.2039
v -3.683153 0.150000 -2.827849 0.6118 0.3961 0.2039
v -3.683153 0.350000 -2.807849 0.6118 0.3961 0.2039
v -3.683153 0.330000 -2.827849 0.6118 0.3961 0.2039
v -3.703153 0.330000 -2.807849 0.6118 0.3961 0.2039
v -3.503153 0.130000 -0.847849 0.6118 0.3961 0.2039
v -3.483153 0.150000 -0.847849 0.6118 0.3961 0.2039
v -3.503153 0.150000 -0.827850 0.6118 0.3961 0.2039
v -3.503153 0.350000 -0.847849 0.6118 0.3961 0.2039
v -3.503153 0.330000 -0.827850 0.6118 0.3961 0.2039
v -3.483153 0.330000 -0.847849 0.6118 0.3961 0.2039
v -3.503153 0.130000 -2.807849 0.6118 0.3961 0.2039
v -3.503153 0.150000 -2.827849 0.6118 0.3961 0.2039
v -3.483153 0.150000 -2.807849 0.6118 0.3961 0.2039
v -3.503153 0.350000 -2.807849 0.6118 0.3961 0.2039
v -3.483153 0.330000 -2.807849 0.6118 0.3961 0.2039
v -3.503153 0.330000 -2.827849 0.6118 0.3961 0.2039
v -2.603153 0.130000 -0.847849 0.6118 0.3961 0.2039
v -2.603153 0.150000 -0.827850 0.6118 0.3961 0.2039
v -2.623152 0.150000 -0.847849 0.6118 0.3961 0.2039
v -2.603153 0.330000 -0.827850 0.6118 0.3961 0.2039
v -2.603153 0.350000 -0.847849 0.6118 0.3961 0.2039
v -2.623152 0.330000 -0.847849 0.6118 0.3961 0.2039
v -2.603153 0.130000 -2.807849 0.6118 0.3961 0.2039
v -2.623152 0.150000 -2.807849 0.6118 0.3961 0.2039
v -2.603153 0.150000 -2.827849 0.6118 0.3961 0.2039
v -2.603153 0.350000 -2.807849 0.6118 0.3961 0.2039
v -2.603153 0.330000 -2.827849 0.6118 0.3961 0.2039
v -2.623152 0.330000 -2.807849 0.6118 0.3961 0.2039
v -2.423153 0.130000 -0.847849 0.6118 0.3961 0.2039
v -2.403153 0.150000 -0.847849 0.6118 0.3961 0.2039
v -2.423153 0.150000 -0.827850 0.6118 0.3961 0.2039
v -2.423153 0.350000 -0.847849 0.6118 0.3961 0.2039
v -2.423153 0.330000 -0.827850 0.6118 0.3961 0.2039
v -2.403153 0.330000 -0.847849 0.6118 0.3961 0.2039
v -2.423153 0.130000 -2.807849 0.6118 0.3961 0.2039
v -2.423153 0.150000 -2.827849 0.6118 0.3961 0.2039
v -2.403153 0.150000 -2.807849 0.6118 0.3961 0.2039
v -2.423153 0.350000 -2.807849 0.6118 0.3961 0.2039
v -2.403153 0.330000 -2.807849 0.6118 0.3961 0.2039
v -2.423153 0.330000 -2.827849 0.6118 0.3961 0.2039
v -1.523153 0.130000 -0.847849 0.6118 0.3961 0.2039
v -1.523153 0.150000 -0.827850 0.6118 0.3961 0.2039
v -1.543153 0.150000 -0.847849 0.6118 0.3961 0.2039
v -1.523153 0.330000 -0.827850 0.6118 0.3961 0.2039
v -1.523153 0.350000 -0.847849 0.6118 0.3961 0.2039
v -1.543153 0.330000 -0.847849 0.6118 0.3961 0.2039
v -1.523153 0.130000 -2.807849 0.6118 0.3961 0.2039
v -1.543153 0.150000 -2.807849 0.6118 0.3961 0.2039
v -1.523153 0.150000 -2.827849 0.6118 0.3961 0.2039
v -1.523153 0.350000 -2.807849 0.6118 0.3961 0.2039
v -1.523153 0.330000 -2.827849 0.6118 0.3961 0.2039
v -1.543153 0.330000 -2.807849 0.6118 0.3961 0.2039
v -1.343153 0.130000 -0.847849 0.6118 0.3961 0.2039
v -1.323153 0.150000 -0.847849 0.6118 0.3961 0.2039
v -1.343153 0.150000 -0.827850 0.6118 0.3961 0.2039
v -1.343153 0.350000 -0.847849 0.6118 0.3961 0.2039
v -1.343153 0.330000 -0.827850 0.6118 0.3961 0.2039
v -1.323153 0.330000 -0.847849 0.6118 0.3961 0.2039
v -1.343153 0.130000 -2.807849 0.6118 0.3961 0.2039
v -1.343153 0.150000 -2.827849 0.6118 0.3961 0.2039
v -1.323153 0.150000 -2.807849 0.6118 0.3961 0.2039
v -1.343153 0.350000 -2.807849 0.6118 0.3961 0.2039
v -1.323153 0.330000 -2.807849 0.6118 0.3961 0.2039
v -1.343153 0.330000 -2.827849 0.6118 0.3961 0.2039
v -3.698153 0.040000 -0.842849 0.7882 0.5412 0.2941
v -3.698153 0.055000 -0.827850 0.7882 0.5412 0.2941
v -3.713153 0.055000 -0.842849 0.7882 0.5412 0.2941
v -3.698153 0.105000 -0.827850 0.7882 0.5412 0.2941
v -3.698153 0.120000 -0.842849 0.7882 0.5412 0.2941
v -3.713153 0.105000 -0.842849 0.7882 0.5412 0.2941
v -3.698153 0.040000 -1.052850 0.7882 0.5412 0.2941
v -3.713153 0.055000 -1.052850 0.7882 0.5412 0.2941
v -3.698153 0.055000 -1.067850 0.7882 0.5412 0.2941
v -3.698153 0.120000 -1.052850 0.7882 0.5412 0.2941
v -3.698153 0.105000 -1.067850 0.7882 0.5412 0.2941
v -3.713153 0.105000 -1.052850 0.7882 0.5412 0.2941
v -1.328153 0.040000 -0.842849 0.7882 0.5412 0.2941
v -1.313153 0.055000 -0.842849 0.7882 0.5412 0.2941
v -1.328153 0.055000 -0.827850 0.7882 0.5412 0.2941
v -1.328153 0.120000 -0.842849 0.7882 0.5412 0.2941
v -1.328153 0.105000 -0.827850 0.7882 0.5412 0.2941
v -1.313153 0.105000 -0.842849 0.7882 0.5412 0.2941
v -1.328153 0.040000 -1.052850 0.7882 0.5412 0.2941
v -1.328153 0.055000 -1.067850 0.7882 0.5412 0.2941
v -1.313153 0.055000 -1.052850 0.7882 0.5412 0.2941
v -1.328153 0.120000 -1.052850 0.7882 0.5412 0.2941
v -1.313153 0.105000 -1.052850 0.7882 0.5412 0.2941
v -1.328153 0.105000 -1.067850 0.7882 0.5412 0.2941
v -3.698153 0.040000 -2.602850 0.7882 0.5412 0.2941
v -3.698153 0.055000 -2.587850 0.7882 0.5412 0.2941
v -3.713153 0.055000 -2.602850 0.7882 0.5412 0.2941
v -3.698153 0.105000 -2.587850 0.7882 0.5412 0.2941
v -3.698153 0.120000 -2.602850 0.7882 0.5412 0.2941
v -3.713153 0.105000 -2.602850 0.7882 0.5412 0.2941
v -3.698153 0.040000 -2.812849 0.7882 0.5412 0.2941
v -3.713153 0.055000 -2.812849 0.7882 0.5412 0.2941
v -3.698153 0.055000 -2.827849 0.7882 0.5412 0.2941
v -3.698153 0.120000 -2.812849 0.7882 0.5412 0.2941
v -3.698153 0.105000 -2.827849 0.7882 0.5412 0.2941
v -3.713153 0.105000 -2.812849 0.7882 0.5412 0.2941
v -1.328153 0.040000 -2.602850 0.7882 0.5412 0.2941
v -1.313153 0.055000 -2.602850 0.7882 0.5412 0.2941
v -1.328153 0.055000 -2.587850 0.7882 0.5412 0.2941
v -1.328153 0.120000 -2.602850 0.7882 0.5412 0.2941
v -1.328153 0.105000 -2.587850 0.7882 0.5412 0.2941
v -1.313153 0.105000 -2.602850 0.7882 0.5412 0.2941
v -1.328153 0.040000 -2.812849 0.7882 0.5412 0.2941
v -1.328153 0.055000 -2.827849 0.7882 0.5412 0.2941
v -1.313153 0.055000 -2.812849 0.7882 0.5412 0.2941
v -1.328153 0.120000 -2.812849 0.7882 0.5412 0.2941
v -1.313153 0.105000 -2.812849 0.7882 0.5412 0.2941
v -1.328153 0.105000 -2.827849 0.7882 0.5412 0.2941
v -3.657837 0.430000 -0.916608 0.7882 0.6039 0.3843
v -3.659233 0.470000 -0.876633 0.7882 0.6039 0.3843
v -3.697812 0.470000 -0.918004 0.7882 0.6039 0.3843
v -3.659233 1.190000 -0.876633 0.7882 0.6039 0.3843
v -3.657837 1.230000 -0.916608 0.7882 0.6039 0.3843
v -3.697812 1.190000 -0.918004 0.7882 0.6039 0.3843
v -3.627823 0.430000 -1.776084 0.7882 0.6039 0.3843
v -3.667799 0.470000 -1.777480 0.7882 0.6039 0.3843
v -3.626427 0.470000 -1.816060 0.7882 0.6039 0.3843
v -3.627823 1.230000 -1.776084 0.7882 0.6039 0.3843
v -3.626427 1.190000 -1.816060 0.7882 0.6039 0.3843
v -3.667799 1.190000 -1.777480 0.7882 0.6039 0.3843
v -2.598482 0.430000 -0.879615 0.7882 0.6039 0.3843
v -2.558507 0.470000 -0.878219 0.7882 0.6039 0.3843
v -2.599878 0.470000 -0.839639 0.7882 0.6039 0.3843
v -2.598482 1.230000 -0.879615 0.7882 0.6039 0.3843
v -2.599878 1.190000 -0.839639 0.7882 0.6039 0.3843
v -2.558507 1.190000 -0.878219 0.7882 0.6039 0.3843
v -2.568469 0.430000 -1.739091 0.7882 0.6039 0.3843
v -2.567073 0.470000 -1.779066 0.7882 0.6039 0.3843
v -2.528493 0.470000 -1.737695 0.7882 0.6039 0.3843
v -2.568469 1.230000 -1.739091 0.7882 0.6039 0.3843
v -2.528493 1.190000 -1.737695 0.7882 0.6039 0.3843
v -2.567073 1.190000 -1.779066 0.7882 0.6039 0.3843
v -3.244009 1.220000 -0.847124 0.9490 0.7608 0.1882
v -3.244009 1.250000 -0.847124 0.9490 0.7608 0.1882
v -3.210157 1.220000 -1.816533 0.9490 0.7608 0.1882
v -3.210157 1.250000 -1.816533 0.9490 0.7608 0.1882
v -3.016149 1.220000 -0.839166 0.9490 0.7608 0.1882
v -3.016149 1.250000 -0.839166 0.9490 0.7608 0.1882
v -2.982296 1.220000 -1.808576 0.9490 0.7608 0.1882
v -2.982296 1.250000 -1.808576 0.9490 0.7608 0.1882
v -3.244184 0.990000 -0.842127 0.9490 0.7608 0.1882
v -3.244184 1.230000 -0.842127 0.9490 0.7608 0.1882
v -3.243137 0.990000 -0.872108 0.9490 0.7608 0.1882
v -3.243137 1.230000 -0.872108 0.9490 0.7608 0.1882
v -3.016323 0.990000 -0.834170 0.9490 0.7608 0.1882
v -3.016323 1.230000 -0.834170 0.9490 0.7608 0.1882
v -3.015276 0.990000 -0.864151 0.9490 0.7608 0.1882
v -3.015276 1.230000 -0.864151 0.9490 0.7608 0.1882
v -3.061895 0.662000 -0.835761 1.0000 0.9647 0.8980
v -3.061895 0.838000 -0.835761 1.0000 0.9647 0.8980
v -3.060848 0.662000 -0.865743 1.0000 0.9647 0.8980
v -3.060848 0.838000 -0.865743 1.0000 0.9647 0.8980
v -2.697317 0.662000 -0.823030 1.0000 0.9647 0.8980
v -2.697317 0.838000 -0.823030 1.0000 0.9647 0.8980
v -2.696270 0.662000 -0.853011 1.0000 0.9647 0.8980
v -2.696270 0.838000 -0.853011 1.0000 0.9647 0.8980
v -3.643153 0.430000 -1.897849 0.7882 0.6039 0.3843
v -3.643153 0.470000 -1.857849 0.7882 0.6039 0.3843
v -3.683153 0.470000 -1.897849 0.7882 0.6039 0.3843
v -3.643153 1.190000 -1.857849 0.7882 0.6039 0.3843
v -3.643153 1.230000 -1.897849 0.7882 0.6039 0.3843
v -3.683153 1.190000 -1.897849 0.7882 0.6039 0.3843
v -3.643153 0.430000 -2.757849 0.7882 0.6039 0.3843
v -3.683153 0.470000 -2.757849 0.7882 0.6039 0.3843
v -3.643153 0.470000 -2.797849 0.7882 0.6039 0.3843
v -3.643153 1.230000 -2.757849 0.7882 0.6039 0.3843
v -3.643153 1.190000 -2.797849 0.7882 0.6039 0.3843
v -3.683153 1.190000 -2.757849 0.7882 0.6039 0.3843
v -2.583153 0.430000 -1.897849 0.7882 0.6039 0.3843
v -2.543153 0.470000 -1.897849 0.7882 0.6039 0.3843
v -2.583153 0.470000 -1.857849 0.7882 0.6039 0.3843
v -2.583153 1.230000 -1.897849 0.7882 0.6039 0.3843
v -2.583153 1.190000 -1.857849 0.7882 0.6039 0.3843
v -2.543153 1.190000 -1.897849 0.7882 0.6039 0.3843
v -2.583153 0.430000 -2.757849 0.7882 0.6039 0.3843
v -2.583153 0.470000 -2.797849 0.7882 0.6039 0.3843
v -2.543153 0.470000 -2.757849 0.7882 0.6039 0.3843
v -2.583153 1.230000 -2.757849 0.7882 0.6039 0.3843
v -2.543153 1.190000 -2.757849 0.7882 0.6039 0.3843
v -2.583153 1.190000 -2.797849 0.7882 0.6039 0.3843
v -3.227153 1.220000 -1.842849 0.9490 0.7608 0.1882
v -3.227153 1.250000 -1.842849 0.9490 0.7608 0.1882
v -3.227153 1.220000 -2.812850 0.9490 0.7608 0.1882
v -3.227153 1.250000 -2.812850 0.9490 0.7608 0.1882
v -2.999153 1.220000 -1.842849 0.9490 0.7608 0.1882
v -2.999153 1.250000 -1.842849 0.9490 0.7608 0.1882
v -2.999153 1.220000 -2.812850 0.9490 0.7608 0.1882
v -2.999153 1.250000 -2.812850 0.9490 0.7608 0.1882
v -3.227153 0.990000 -1.837849 0.9490 0.7608 0.1882
v -3.227153 1.230000 -1.837849 0.9490 0.7608 0.1882
v -3.227153 0.990000 -1.867849 0.9490 0.7608 0.1882
v -3.227153 1.230000 -1.867849 0.9490 0.7608 0.1882
v -2.999153 0.990000 -1.837849 0.9490 0.7608 0.1882
v -2.999153 1.230000 -1.837849 0.9490 0.7608 0.1882
v -2.999153 0.990000 -1.867849 0.9490 0.7608 0.1882
v -2.999153 1.230000 -1.867849 0.9490 0.7608 0.1882
v -2.443153 0.430000 -0.897850 0.7882 0.6039 0.3843
v -2.443153 0.470000 -0.857849 0.7882 0.6039 0.3843
v -2.483153 0.470000 -0.897850 0.7882 0.6039 0.3843
v -2.443153 1.190000 -0.857849 0.7882 0.6039 0.3843
v -2.443153 1.230000 -0.897850 0.7882 0.6039 0.3843
v -2.483153 1.190000 -0.897850 0.7882 0.6039 0.3843
v -2.443153 0.430000 -1.757850 0.7882 0.6039 0.3843
v -2.483153 0.470000 -1.757850 0.7882 0.6039 0.3843
v -2.443153 0.470000 -1.797850 0.7882 0.6039 0.3843
v -2.443153 1.230000 -1.757850 0.7882 0.6039 0.3843
v -2.443153 1.190000 -1.797850 0.7882 0.6039 0.3843
v -2.483153 1.190000 -1.757850 0.7882 0.6039 0.3843
v -1.383153 0.430000 -0.897850 0.7882 0.6039 0.3843
v -1.343153 0.470000 -0.897850 0.7882 0.6039 0.3843
v -1.383153 0.470000 -0.857849 0.7882 0.6039 0.3843
v -1.383153 1.230000 -0.897850 0.7882 0.6039 0.3843
v -1.383153 1.190000 -0.857849 0.7882 0.6039 0.3843
v -1.343153 1.190000 -0.897850 0.7882 0.6039 0.3843
v -1.383153 0.430000 -1.757850 0.7882 0.6039 0.3843
v -1.383153 0.470000 -1.797850 0.7882 0.6039 0.3843
v -1.343153 0.470000 -1.757850 0.7882 0.6039 0.3843
v -1.383153 1.230000 -1.757850 0.7882 0.6039 0.3843
v -1.343153 1.190000 -1.757850 0.7882 0.6039 0.3843
v -1.383153 1.190000 -1.797850 0.7882 0.6039 0.3843
v -2.027153 1.220000 -0.842849 0.8470 0.2275 0.1804
v -2.027153 1.250000 -0.842849 0.8470 0.2275 0.1804
v -2.027153 1.220000 -1.812850 0.8470 0.2275 0.1804
v -2.027153 1.250000 -1.812850 0.8470 0.2275 0.1804
v -1.799153 1.220000 -0.842849 0.8470 0.2275 0.1804
v -1.799153 1.250000 -0.842849 0.8470 0.2275 0.1804
v -1.799153 1.220000 -1.812850 0.8470 0.2275 0.1804
v -1.799153 1.250000 -1.812850 0.8470 0.2275 0.1804
v -2.027153 0.990000 -0.837849 0.8470 0.2275 0.1804
v -2.027153 1.230000 -0.837849 0.8470 0.2275 0.1804
v -2.027153 0.990000 -0.867849 0.8470 0.2275 0.1804
v -2.027153 1.230000 -0.867849 0.8470 0.2275 0.1804
v -1.799153 0.990000 -0.837849 0.8470 0.2275 0.1804
v -1.799153 1.230000 -0.837849 0.8470 0.2275 0.1804
v -1.799153 0.990000 -0.867849 0.8470 0.2275 0.1804
v -1.799153 1.230000 -0.867849 0.8470 0.2275 0.1804
v -1.844753 0.662000 -0.837849 1.0000 0.9647 0.8980
v -1.844753 0.838000 -0.837849 1.0000 0.9647 0.8980
v -1.844753 0.662000 -0.867849 1.0000 0.9647 0.8980
v -1.844753 0.838000 -0.867849 1.0000 0.9647 0.8980
v -1.479953 0.662000 -0.837849 1.0000 0.9647 0.8980
v -1.479953 0.838000 -0.837849 1.0000 0.9647 0.8980
v -1.479953 0.662000 -0.867849 1.0000 0.9647 0.8980
v -1.479953 0.838000 -0.867849 1.0000 0.9647 0.8980
v -2.427823 0.430000 -1.879615 0.7882 0.6039 0.3843
v -2.426427 0.470000 -1.839639 0.7882 0.6039 0.3843
v -2.467799 0.470000 -1.878219 0.7882 0.6039 0.3843
v -2.426427 1.190000 -1.839639 0.7882 0.6039 0.3843
v -2.427823 1.230000 -1.879615 0.7882 0.6039 0.3843
v -2.467799 1.190000 -1.878219 0.7882 0.6039 0.3843
v -2.457837 0.430000 -2.739091 0.7882 0.6039 0.3843
v -2.497812 0.470000 -2.737695 0.7882 0.6039 0.3843
v -2.459233 0.470000 -2.779066 0.7882 0.6039 0.3843
v -2.457837 1.230000 -2.739091 0.7882 0.6039 0.3843
v -2.459233 1.190000 -2.779066 0.7882 0.6039 0.3843
v -2.497812 1.190000 -2.737695 0.7882 0.6039 0.3843
v -1.368469 0.430000 -1.916608 0.7882 0.6039 0.3843
v -1.328493 0.470000 -1.918004 0.7882 0.6039 0.3843
v -1.367073 0.470000 -1.876632 0.7882 0.6039 0.3843
v -1.368469 1.230000 -1.916608 0.7882 0.6039 0.3843
v -1.367073 1.190000 -1.876632 0.7882 0.6039 0.3843
v -1.328493 1.190000 -1.918004 0.7882 0.6039 0.3843
v -1.398482 0.430000 -2.776084 0.7882 0.6039 0.3843
v -1.399878 0.470000 -2.816060 0.7882 0.6039 0.3843
v -1.358507 0.470000 -2.777480 0.7882 0.6039 0.3843
v -1.398482 1.230000 -2.776084 0.7882 0.6039 0.3843
v -1.358507 1.190000 -2.777480 0.7882 0.6039 0.3843
v -1.399878 1.190000 -2.816060 0.7882 0.6039 0.3843
v -2.010157 1.220000 -1.839166 0.8470 0.2275 0.1804
v -2.010157 1.250000 -1.839166 0.8470 0.2275 0.1804
v -2.044009 1.220000 -2.808575 0.8470 0.2275 0.1804
v -2.044009 1.250000 -2.808575 0.8470 0.2275 0.1804
v -1.782296 1.220000 -1.847123 0.8470 0.2275 0.1804
v -1.782296 1.250000 -1.847123 0.8470 0.2275 0.1804
v -1.816148 1.220000 -2.816533 0.8470 0.2275 0.1804
v -1.816148 1.250000 -2.816533 0.8470 0.2275 0.1804
v -2.009983 0.990000 -1.834169 0.8470 0.2275 0.1804
v -2.009983 1.230000 -1.834169 0.8470 0.2275 0.1804
v -2.011029 0.990000 -1.864151 0.8470 0.2275 0.1804
v -2.011029 1.230000 -1.864151 0.8470 0.2275 0.1804
v -1.782121 0.990000 -1.842126 0.8470 0.2275 0.1804
v -1.782121 1.230000 -1.842126 0.8470 0.2275 0.1804
v -1.783168 0.990000 -1.872108 0.8470 0.2275 0.1804
v -1.783168 1.230000 -1.872108 0.8470 0.2275 0.1804
v -3.643153 1.250000 -0.897850 0.7882 0.6039 0.3843
v -3.643153 1.290000 -0.857849 0.7882 0.6039 0.3843
v -3.683153 1.290000 -0.897850 0.7882 0.6039 0.3843
v -3.643153 2.010000 -0.857849 0.7882 0.6039 0.3843
v -3.643153 2.050000 -0.897850 0.7882 0.6039 0.3843
v -3.683153 2.010000 -0.897850 0.7882 0.6039 0.3843
v -3.643153 1.250000 -1.757850 0.7882 0.6039 0.3843
v -3.683153 1.290000 -1.757850 0.7882 0.6039 0.3843
v -3.643153 1.290000 -1.797850 0.7882 0.6039 0.3843
v -3.643153 2.050000 -1.757850 0.7882 0.6039 0.3843
v -3.643153 2.010000 -1.797850 0.7882 0.6039 0.3843
v -3.683153 2.010000 -1.757850 0.7882 0.6039 0.3843
v -2.583153 1.250000 -0.897850 0.7882 0.6039 0.3843
v -2.543153 1.290000 -0.897850 0.7882 0.6039 0.3843
v -2.583153 1.290000 -0.857849 0.7882 0.6039 0.3843
v -2.583153 2.050000 -0.897850 0.7882 0.6039 0.3843
v -2.583153 2.010000 -0.857849 0.7882 0.6039 0.3843
v -2.543153 2.010000 -0.897850 0.7882 0.6039 0.3843
v -2.583153 1.250000 -1.757850 0.7882 0.6039 0.3843
v -2.583153 1.290000 -1.797850 0.7882 0.6039 0.3843
v -2.543153 1.290000 -1.757850 0.7882 0.6039 0.3843
v -2.583153 2.050000 -1.757850 0.7882 0.6039 0.3843
v -2.543153 2.010000 -1.757850 0.7882 0.6039 0.3843
v -2.583153 2.010000 -1.797850 0.7882 0.6039 0.3843
v -3.227153 2.040000 -0.842849 0.8470 0.2275 0.1804
v -3.227153 2.070000 -0.842849 0.8470 0.2275 0.1804
v -3.227153 2.040000 -1.812850 0.8470 0.2275 0.1804
v -3.227153 2.070000 -1.812850 0.8470 0.2275 0.1804
v -2.999153 2.040000 -0.842849 0.8470 0.2275 0.1804
v -2.999153 2.070000 -0.842849 0.8470 0.2275 0.1804
v -2.999153 2.040000 -1.812850 0.8470 0.2275 0.1804
v -2.999153 2.070000 -1.812850 0.8470 0.2275 0.1804
v -3.227153 1.810000 -0.837849 0.8470 0.2275 0.1804
v -3.227153 2.050000 -0.837849 0.8470 0.2275 0.1804
v -3.227153 1.810000 -0.867849 0.8470 0.2275 0.1804
v -3.227153 2.050000 -0.867849 0.8470 0.2275 0.1804
v -2.999153 1.810000 -0.837849 0.8470 0.2275 0.1804
v -2.999153 2.050000 -0.837849 0.8470 0.2275 0.1804
v -2.999153 1.810000 -0.867849 0.8470 0.2275 0.1804
v -2.999153 2.050000 -0.867849 0.8470 0.2275 0.1804
v -3.044753 1.482000 -0.837849 1.0000 0.9647 0.8980
v -3.044753 1.658000 -0.837849 1.0000 0.9647 0.8980
v -3.044753 1.482000 -0.867849 1.0000 0.9647 0.8980
v -3.044753 1.658000 -0.867849 1.0000 0.9647 0.8980
v -2.679953 1.482000 -0.837849 1.0000 0.9647 0.8980
v -2.679953 1.658000 -0.837849 1.0000 0.9647 0.8980
v -2.679953 1.482000 -0.867849 1.0000 0.9647 0.8980
v -2.679953 1.658000 -0.867849 1.0000 0.9647 0.8980
v -3.627823 1.250000 -1.879615 0.7882 0.6039 0.3843
v -3.626427 1.290000 -1.839639 0.7882 0.6039 0.3843
v -3.667799 1.290000 -1.878219 0.7882 0.6039 0.3843
v -3.626427 2.010000 -1.839639 0.7882 0.6039 0.3843
v -3.627823 2.050000 -1.879615 0.7882 0.6039 0.3843
v -3.667799 2.010000 -1.878219 0.7882 0.6039 0.3843
v -3.657837 1.250000 -2.739091 0.7882 0.6039 0.3843
v -3.697812 1.290000 -2.737695 0.7882 0.6039 0.3843
v -3.659233 1.290000 -2.779066 0.7882 0.6039 0.3843
v -3.657837 2.050000 -2.739091 0.7882 0.6039 0.3843
v -3.659233 2.010000 -2.779066 0.7882 0.6039 0.3843
v -3.697812 2.010000 -2.737695 0.7882 0.6039 0.3843
v -2.568469 1.250000 -1.916608 0.7882 0.6039 0.3843
v -2.528493 1.290000 -1.918004 0.7882 0.6039 0.3843
v -2.567073 1.290000 -1.876632 0.7882 0.6039 0.3843
v -2.568469 2.050000 -1.916608 0.7882 0.6039 0.3843
v -2.567073 2.010000 -1.876632 0.7882 0.6039 0.3843
v -2.528493 2.010000 -1.918004 0.7882 0.6039 0.3843
v -2.598482 1.250000 -2.776084 0.7882 0.6039 0.3843
v -2.599878 1.290000 -2.816060 0.7882 0.6039 0.3843
v -2.558507 1.290000 -2.777480 0.7882 0.6039 0.3843
v -2.598482 2.050000 -2.776084 0.7882 0.6039 0.3843
v -2.558507 2.010000 -2.777480 0.7882 0.6039 0.3843
v -2.599878 2.010000 -2.816060 0.7882 0.6039 0.3843
v -3.210157 2.040000 -1.839166 0.8470 0.2275 0.1804
v -3.210157 2.070000 -1.839166 0.8470 0.2275 0.1804
v -3.244009 2.040000 -2.808575 0.8470 0.2275 0.1804
v -3.244009 2.070000 -2.808575 0.8470 0.2275 0.1804
v -2.982296 2.040000 -1.847123 0.8470 0.2275 0.1804
v -2.982296 2.070000 -1.847123 0.8470 0.2275 0.1804
v -3.016149 2.040000 -2.816533 0.8470 0.2275 0.1804
v -3.016149 2.070000 -2.816533 0.8470 0.2275 0.1804
v -3.209983 1.810000 -1.834169 0.8470 0.2275 0.1804
v -3.209983 2.050000 -1.834169 0.8470 0.2275 0.1804
v -3.211030 1.810000 -1.864151 0.8470 0.2275 0.1804
v -3.211030 2.050000 -1.864151 0.8470 0.2275 0.1804
v -2.982121 1.810000 -1.842126 0.8470 0.2275 0.1804
v -2.982121 2.050000 -1.842126 0.8470 0.2275 0.1804
v -2.983168 1.810000 -1.872108 0.8470 0.2275 0.1804
v -2.983168 2.050000 -1.872108 0.8470 0.2275 0.1804
v -2.427823 1.250000 -0.879615 0.7882 0.6039 0.3843
v -2.426427 1.290000 -0.839639 0.7882 0.6039 0.3843
v -2.467799 1.290000 -0.878219 0.7882 0.6039 0.3843
v -2.426427 2.010000 -0.839639 0.7882 0.6039 0.3843
v -2.427823 2.050000 -0.879615 0.7882 0.6039 0.3843
v -2.467799 2.010000 -0.878219 0.7882 0.6039 0.3843
v -2.457837 1.250000 -1.739091 0.7882 0.6039 0.3843
v -2.497812 1.290000 -1.737695 0.7882 0.6039 0.3843
v -2.459233 1.290000 -1.779066 0.7882 0.6039 0.3843
v -2.457837 2.050000 -1.739091 0.7882 0.6039 0.3843
v -2.459233 2.010000 -1.779066 0.7882 0.6039 0.3843
v -2.497812 2.010000 -1.737695 0.7882 0.6039 0.3843
v -1.368469 1.250000 -0.916608 0.7882 0.6039 0.3843
v -1.328493 1.290000 -0.918004 0.7882 0.6039 0.3843
v -1.367073 1.290000 -0.876633 0.7882 0.6039 0.3843
v -1.368469 2.050000 -0.916608 0.7882 0.6039 0.3843
v -1.367073 2.010000 -0.876633 0.7882 0.6039 0.3843
v -1.328493 2.010000 -0.918004 0.7882 0.6039 0.3843
v -1.398482 1.250000 -1.776084 0.7882 0.6039 0.3843
v -1.399878 1.290000 -1.816060 0.7882 0.6039 0.3843
v -1.358507 1.290000 -1.777480 0.7882 0.6039 0.3843
v -1.398482 2.050000 -1.776084 0.7882 0.6039 0.3843
v -1.358507 2.010000 -1.777480 0.7882 0.6039 0.3843
v -1.399878 2.010000 -1.816060 0.7882 0.6039 0.3843
v -2.010157 2.040000 -0.839166 0.9490 0.7608 0.1882
v -2.010157 2.070000 -0.839166 0.9490 0.7608 0.1882
v -2.044009 2.040000 -1.808576 0.9490 0.7608 0.1882
v -2.044009 2.070000 -1.808576 0.9490 0.7608 0.1882
v -1.782296 2.040000 -0.847124 0.9490 0.7608 0.1882
v -1.782296 2.070000 -0.847124 0.9490 0.7608 0.1882
v -1.816148 2.040000 -1.816533 0.9490 0.7608 0.1882
v -1.816148 2.070000 -1.816533 0.9490 0.7608 0.1882
v -2.009983 1.810000 -0.834170 0.9490 0.7608 0.1882
v -2.009983 2.050000 -0.834170 0.9490 0.7608 0.1882
v -2.011029 1.810000 -0.864151 0.9490 0.7608 0.1882
v -2.011029 2.050000 -0.864151 0.9490 0.7608 0.1882
v -1.782121 1.810000 -0.842127 0.9490 0.7608 0.1882
v -1.782121 2.050000 -0.842127 0.9490 0.7608 0.1882
v -1.783168 1.810000 -0.872108 0.9490 0.7608 0.1882
v -1.783168 2.050000 -0.872108 0.9490 0.7608 0.1882
v -1.827694 1.482000 -0.840535 1.0000 0.9647 0.8980
v -1.827694 1.658000 -0.840535 1.0000 0.9647 0.8980
v -1.828741 1.482000 -0.870517 1.0000 0.9647 0.8980
v -1.828741 1.658000 -0.870517 1.0000 0.9647 0.8980
v -1.463116 1.482000 -0.853266 1.0000 0.9647 0.8980
v -1.463116 1.658000 -0.853266 1.0000 0.9647 0.8980
v -1.464163 1.482000 -0.883248 1.0000 0.9647 0.8980
v -1.464163 1.658000 -0.883248 1.0000 0.9647 0.8980
v -2.457837 1.250000 -1.916608 0.7882 0.6039 0.3843
v -2.459233 1.290000 -1.876632 0.7882 0.6039 0.3843
v -2.497812 1.290000 -1.918004 0.7882 0.6039 0.3843
v -2.459233 2.010000 -1.876632 0.7882 0.6039 0.3843
v -2.457837 2.050000 -1.916608 0.7882 0.6039 0.3843
v -2.497812 2.010000 -1.918004 0.7882 0.6039 0.3843
v -2.427823 1.250000 -2.776084 0.7882 0.6039 0.3843
v -2.467799 1.290000 -2.777480 0.7882 0.6039 0.3843
v -2.426427 1.290000 -2.816060 0.7882 0.6039 0.3843
v -2.427823 2.050000 -2.776084 0.7882 0.6039 0.3843
v -2.426427 2.010000 -2.816060 0.7882 0.6039 0.3843
v -2.467799 2.010000 -2.777480 0.7882 0.6039 0.3843
v -1.398482 1.250000 -1.879615 0.7882 0.6039 0.3843
v -1.358507 1.290000 -1.878219 0.7882 0.6039 0.3843
v -1.399878 1.290000 -1.839639 0.7882 0.6039 0.3843
v -1.398482 2.050000 -1.879615 0.7882 0.6039 0.3843
v -1.399878 2.010000 -1.839639 0.7882 0.6039 0.3843
v -1.358507 2.010000 -1.878219 0.7882 0.6039 0.3843
v -1.368469 1.250000 -2.739091 0.7882 0.6039 0.3843
v -1.367073 1.290000 -2.779066 0.7882 0.6039 0.3843
v -1.328493 1.290000 -2.737695 0.7882 0.6039 0.3843
v -1.368469 2.050000 -2.739091 0.7882 0.6039 0.3843
v -1.328493 2.010000 -2.737695 0.7882 0.6039 0.3843
v -1.367073 2.010000 -2.779066 0.7882 0.6039 0.3843
v -2.044009 2.040000 -1.847123 0.9490 0.7608 0.1882
v -2.044009 2.070000 -1.847123 0.9490 0.7608 0.1882
v -2.010157 2.040000 -2.816533 0.9490 0.7608 0.1882
v -2.010157 2.070000 -2.816533 0.9490 0.7608 0.1882
v -1.816148 2.040000 -1.839166 0.9490 0.7608 0.1882
v -1.816148 2.070000 -1.839166 0.9490 0.7608 0.1882
v -1.782296 2.040000 -2.808575 0.9490 0.7608 0.1882
v -1.782296 2.070000 -2.808575 0.9490 0.7608 0.1882
v -2.044184 1.810000 -1.842126 0.9490 0.7608 0.1882
v -2.044184 2.050000 -1.842126 0.9490 0.7608 0.1882
v -2.043137 1.810000 -1.872108 0.9490 0.7608 0.1882
v -2.043137 2.050000 -1.872108 0.9490 0.7608 0.1882
v -1.816323 1.810000 -1.834169 0.9490 0.7608 0.1882
v -1.816323 2.050000 -1.834169 0.9490 0.7608 0.1882
v -1.815276 1.810000 -1.864151 0.9490 0.7608 0.1882
v -1.815276 2.050000 -1.864151 0.9490 0.7608 0.1882
v -3.627823 2.070000 -0.879615 0.7882 0.6039 0.3843
v -3.626427 2.110000 -0.839639 0.7882 0.6039 0.3843
v -3.667799 2.110000 -0.878219 0.7882 0.6039 0.3843
v -3.626427 2.830000 -0.839639 0.7882 0.6039 0.3843
v -3.627823 2.870000 -0.879615 0.7882 0.6039 0.3843
v -3.667799 2.830000 -0.878219 0.7882 0.6039 0.3843
v -3.657837 2.070000 -1.739091 0.7882 0.6039 0.3843
v -3.697812 2.110000 -1.737695 0.7882 0.6039 0.3843
v -3.659233 2.110000 -1.779066 0.7882 0.6039 0.3843
v -3.657837 2.870000 -1.739091 0.7882 0.6039 0.3843
v -3.659233 2.830000 -1.779066 0.7882 0.6039 0.3843
v -3.697812 2.830000 -1.737695 0.7882 0.6039 0.3843
v -2.568469 2.070000 -0.916608 0.7882 0.6039 0.3843
v -2.528493 2.110000 -0.918004 0.7882 0.6039 0.3843
v -2.567073 2.110000 -0.876633 0.7882 0.6039 0.3843
v -2.568469 2.870000 -0.916608 0.7882 0.6039 0.3843
v -2.567073 2.830000 -0.876633 0.7882 0.6039 0.3843
v -2.528493 2.830000 -0.918004 0.7882 0.6039 0.3843
v -2.598482 2.070000 -1.776084 0.7882 0.6039 0.3843
v -2.599878 2.110000 -1.816060 0.7882 0.6039 0.3843
v -2.558507 2.110000 -1.777480 0.7882 0.6039 0.3843
v -2.598482 2.870000 -1.776084 0.7882 0.6039 0.3843
v -2.558507 2.830000 -1.777480 0.7882 0.6039 0.3843
v -2.599878 2.830000 -1.816060 0.7882 0.6039 0.3843
v -3.210157 2.860000 -0.839166 0.9490 0.7608 0.1882
v -3.210157 2.890000 -0.839166 0.9490 0.7608 0.1882
v -3.244009 2.860000 -1.808576 0.9490 0.7608 0.1882
v -3.244009 2.890000 -1.808576 0.9490 0.7608 0.1882
v -2.982296 2.860000 -0.847124 0.9490 0.7608 0.1882
v -2.982296 2.890000 -0.847124 0.9490 0.7608 0.1882
v -3.016149 2.860000 -1.816533 0.9490 0.7608 0.1882
v -3.016149 2.890000 -1.816533 0.9490 0.7608 0.1882
v -3.209983 2.630000 -0.834170 0.9490 0.7608 0.1882
v -3.209983 2.870000 -0.834170 0.9490 0.7608 0.1882
v -3.211030 2.630000 -0.864151 0.9490 0.7608 0.1882
v -3.211030 2.870000 -0.864151 0.9490 0.7608 0.1882
v -2.982121 2.630000 -0.842127 0.9490 0.7608 0.1882
v -2.982121 2.870000 -0.842127 0.9490 0.7608 0.1882
v -2.983168 2.630000 -0.872108 0.9490 0.7608 0.1882
v -2.983168 2.870000 -0.872108 0.9490 0.7608 0.1882
v -3.027694 2.302000 -0.840535 1.0000 0.9647 0.8980
v -3.027694 2.478000 -0.840535 1.0000 0.9647 0.8980
v -3.028741 2.302000 -0.870517 1.0000 0.9647 0.8980
v -3.028741 2.478000 -0.870517 1.0000 0.9647 0.8980
v -2.663116 2.302000 -0.853266 1.0000 0.9647 0.8980
v -2.663116 2.478000 -0.853266 1.0000 0.9647 0.8980
v -2.664163 2.302000 -0.883248 1.0000 0.9647 0.8980
v -2.664163 2.478000 -0.883248 1.0000 0.9647 0.8980
v -3.657837 2.070000 -1.916608 0.7882 0.6039 0.3843
v -3.659233 2.110000 -1.876632 0.7882 0.6039 0.3843
v -3.697812 2.110000 -1.918004 0.7882 0.6039 0.3843
v -3.659233 2.830000 -1.876632 0.7882 0.6039 0.3843
v -3.657837 2.870000 -1.916608 0.7882 0.6039 0.3843
v -3.697812 2.830000 -1.918004 0.7882 0.6039 0.3843
v -3.627823 2.070000 -2.776084 0.7882 0.6039 0.3843
v -3.667799 2.110000 -2.777480 0.7882 0.6039 0.3843
v -3.626427 2.110000 -2.816060 0.7882 0.6039 0.3843
v -3.627823 2.870000 -2.776084 0.7882 0.6039 0.3843
v -3.626427 2.830000 -2.816060 0.7882 0.6039 0.3843
v -3.667799 2.830000 -2.777480 0.7882 0.6039 0.3843
v -2.598482 2.070000 -1.879615 0.7882 0.6039 0.3843
v -2.558507 2.110000 -1.878219 0.7882 0.6039 0.3843
v -2.599878 2.110000 -1.839639 0.7882 0.6039 0.3843
v -2.598482 2.870000 -1.879615 0.7882 0.6039 0.3843
v -2.599878 2.830000 -1.839639 0.7882 0.6039 0.3843
v -2.558507 2.830000 -1.878219 0.7882 0.6039 0.3843
v -2.568469 2.070000 -2.739091 0.7882 0.6039 0.3843
v -2.567073 2.110000 -2.779066 0.7882 0.6039 0.3843
v -2.528493 2.110000 -2.737695 0.7882 0.6039 0.3843
v -2.568469 2.870000 -2.739091 0.7882 0.6039 0.3843
v -2.528493 2.830000 -2.737695 0.7882 0.6039 0.3843
v -2.567073 2.830000 -2.779066 0.7882 0.6039 0.3843
v -3.244009 2.860000 -1.847123 0.9490 0.7608 0.1882
v -3.244009 2.890000 -1.847123 0.9490 0.7608 0.1882
v -3.210157 2.860000 -2.816533 0.9490 0.7608 0.1882
v -3.210157 2.890000 -2.816533 0.9490 0.7608 0.1882
v -3.016149 2.860000 -1.839166 0.9490 0.7608 0.1882
v -3.016149 2.890000 -1.839166 0.9490 0.7608 0.1882
v -2.982296 2.860000 -2.808575 0.9490 0.7608 0.1882
v -2.982296 2.890000 -2.808575 0.9490 0.7608 0.1882
v -3.244184 2.630000 -1.842126 0.9490 0.7608 0.1882
v -3.244184 2.870000 -1.842126 0.9490 0.7608 0.1882
v -3.243137 2.630000 -1.872108 0.9490 0.7608 0.1882
v -3.243137 2.870000 -1.872108 0.9490 0.7608 0.1882
v -3.016323 2.630000 -1.834169 0.9490 0.7608 0.1882
v -3.016323 2.870000 -1.834169 0.9490 0.7608 0.1882
v -3.015276 2.630000 -1.864151 0.9490 0.7608 0.1882
v -3.015276 2.870000 -1.864151 0.9490 0.7608 0.1882
v -2.457837 2.070000 -0.916608 0.7882 0.6039 0.3843
v -2.459233 2.110000 -0.876633 0.7882 0.6039 0.3843
v -2.497812 2.110000 -0.918004 0.7882 0.6039 0.3843
v -2.459233 2.830000 -0.876633 0.7882 0.6039 0.3843
v -2.457837 2.870000 -0.916608 0.7882 0.6039 0.3843
v -2.497812 2.830000 -0.918004 0.7882 0.6039 0.3843
v -2.427823 2.070000 -1.776084 0.7882 0.6039 0.3843
v -2.467799 2.110000 -1.777480 0.7882 0.6039 0.3843
v -2.426427 2.110000 -1.816060 0.7882 0.6039 0.3843
v -2.427823 2.870000 -1.776084 0.7882 0.6039 0.3843
v -2.426427 2.830000 -1.816060 0.7882 0.6039 0.3843
v -2.467799 2.830000 -1.777480 0.7882 0.6039 0.3843
v -1.398482 2.070000 -0.879615 0.7882 0.6039 0.3843
v -1.358507 2.110000 -0.878219 0.7882 0.6039 0.3843
v -1.399878 2.110000 -0.839639 0.7882 0.6039 0.3843
v -1.398482 2.870000 -0.879615 0.7882 0.6039 0.3843
v -1.399878 2.830000 -0.839639 0.7882 0.6039 0.3843
v -1.358507 2.830000 -0.878219 0.7882 0.6039 0.3843
v -1.368469 2.070000 -1.739091 0.7882 0.6039 0.3843
v -1.367073 2.110000 -1.779066 0.7882 0.6039 0.3843
v -1.328493 2.110000 -1.737695 0.7882 0.6039 0.3843
v -1.368469 2.870000 -1.739091 0.7882 0.6039 0.3843
v -1.328493 2.830000 -1.737695 0.7882 0.6039 0.3843
v -1.367073 2.830000 -1.779066 0.7882 0.6039 0.3843
v -2.044009 2.860000 -0.847124 0.8470 0.2275 0.1804
v -2.044009 2.890000 -0.847124 0.8470 0.2275 0.1804
v -2.010157 2.860000 -1.816533 0.8470 0.2275 0.1804
v -2.010157 2.890000 -1.816533 0.8470 0.2275 0.1804
v -1.816148 2.860000 -0.839166 0.8470 0.2275 0.1804
v -1.816148 2.890000 -0.839166 0.8470 0.2275 0.1804
v -1.782296 2.860000 -1.808576 0.8470 0.2275 0.1804
v -1.782296 2.890000 -1.808576 0.8470 0.2275 0.1804
v -2.044184 2.630000 -0.842127 0.8470 0.2275 0.1804
v -2.044184 2.870000 -0.842127 0.8470 0.2275 0.1804
v -2.043137 2.630000 -0.872108 0.8470 0.2275 0.1804
v -2.043137 2.870000 -0.872108 0.8470 0.2275 0.1804
v -1.816323 2.630000 -0.834170 0.8470 0.2275 0.1804
v -1.816323 2.870000 -0.834170 0.8470 0.2275 0.1804
v -1.815276 2.630000 -0.864151 0.8470 0.2275 0.1804
v -1.815276 2.870000 -0.864151 0.8470 0.2275 0.1804
v -1.861895 2.302000 -0.835761 1.0000 0.9647 0.8980
v -1.861895 2.478000 -0.835761 1.0000 0.9647 0.8980
v -1.860848 2.302000 -0.865743 1.0000 0.9647 0.8980
v -1.860848 2.478000 -0.865743 1.0000 0.9647 0.8980
v -1.497317 2.302000 -0.823030 1.0000 0.9647 0.8980
v -1.497317 2.478000 -0.823030 1.0000 0.9647 0.8980
v -1.496270 2.302000 -0.853011 1.0000 0.9647 0.8980
v -1.496270 2.478000 -0.853011 1.0000 0.9647 0.8980
v -2.443153 2.070000 -1.897849 0.7882 0.6039 0.3843
v -2.443153 2.110000 -1.857849 0.7882 0.6039 0.3843
v -2.483153 2.110000 -1.897849 0.7882 0.6039 0.3843
v -2.443153 2.830000 -1.857849 0.7882 0.6039 0.3843
v -2.443153 2.870000 -1.897849 0.7882 0.6039 0.3843
v -2.483153 2.830000 -1.897849 0.7882 0.6039 0.3843
v -2.443153 2.070000 -2.757849 0.7882 0.6039 0.3843
v -2.483153 2.110000 -2.757849 0.7882 0.6039 0.3843
v -2.443153 2.110000 -2.797849 0.7882 0.6039 0.3843
v -2.443153 2.870000 -2.757849 0.7882 0.6039 0.3843
v -2.443153 2.830000 -2.797849 0.7882 0.6039 0.3843
v -2.483153 2.830000 -2.757849 0.7882 0.6039 0.3843
v -1.383153 2.070000 -1.897849 0.7882 0.6039 0.3843
v -1.343153 2.110000 -1.897849 0.7882 0.6039 0.3843
v -1.383153 2.110000 -1.857849 0.7882 0.6039 0.3843
v -1.383153 2.870000 -1.897849 0.7882 0.6039 0.3843
v -1.383153 2.830000 -1.857849 0.7882 0.6039 0.3843
v -1.343153 2.830000 -1.897849 0.7882 0.6039 0.3843
v -1.383153 2.070000 -2.757849 0.7882 0.6039 0.3843
v -1.383153 2.110000 -2.797849 0.7882 0.6039 0.3843
v -1.343153 2.110000 -2.757849 0.7882 0.6039 0.3843
v -1.383153 2.870000 -2.757849 0.7882 0.6039 0.3843
v -1.343153 2.830000 -2.757849 0.7882 0.6039 0.3843
v -1.383153 2.830000 -2.797849 0.7882 0.6039 0.3843
v -2.027153 2.860000 -1.842849 0.8470 0.2275 0.1804
v -2.027153 2.890000 -1.842849 0.8470 0.2275 0.1804
v -2.027153 2.860000 -2.812850 0.8470 0.2275 0.1804
v -2.027153 2.890000 -2.812850 0.8470 0.2275 0.1804
v -1.799153 2.860000 -1.842849 0.8470 0.2275 0.1804
v -1.799153 2.890000 -1.842849 0.8470 0.2275 0.1804
v -1.799153 2.860000 -2.812850 0.8470 0.2275 0.1804
v -1.799153 2.890000 -2.812850 0.8470 0.2275 0.1804
v -2.027153 2.630000 -1.837849 0.8470 0.2275 0.1804
v -2.027153 2.870000 -1.837849 0.8470 0.2275 0.1804
v -2.027153 2.630000 -1.867849 0.8470 0.2275 0.1804
v -2.027153 2.870000 -1.867849 0.8470 0.2275 0.1804
v -1.799153 2.630000 -1.837849 0.8470 0.2275 0.1804
v -1.799153 2.870000 -1.837849 0.8470 0.2275 0.1804
v -1.799153 2.630000 -1.867849 0.8470 0.2275 0.1804
v -1.799153 2.870000 -1.867849 0.8470 0.2275 0.1804
v -3.657837 2.890000 -0.916608 0.7882 0.6039 0.3843
v -3.659233 2.930000 -0.876633 0.7882 0.6039 0.3843
v -3.697812 2.930000 -0.918004 0.7882 0.6039 0.3843
v -3.659233 3.650000 -0.876633 0.7882 0.6039 0.3843
v -3.657837 3.690000 -0.916608 0.7882 0.6039 0.3843
v -3.697812 3.650000 -0.918004 0.7882 0.6039 0.3843
v -3.627823 2.890000 -1.776084 0.7882 0.6039 0.3843
v -3.667799 2.930000 -1.777480 0.7882 0.6039 0.3843
v -3.626427 2.930000 -1.816060 0.7882 0.6039 0.3843
v -3.627823 3.690000 -1.776084 0.7882 0.6039 0.3843
v -3.626427 3.650000 -1.816060 0.7882 0.6039 0.3843
v -3.667799 3.650000 -1.777480 0.7882 0.6039 0.3843
v -2.598482 2.890000 -0.879615 0.7882 0.6039 0.3843
v -2.558507 2.930000 -0.878219 0.7882 0.6039 0.3843
v -2.599878 2.930000 -0.839639 0.7882 0.6039 0.3843
v -2.598482 3.690000 -0.879615 0.7882 0.6039 0.3843
v -2.599878 3.650000 -0.839639 0.7882 0.6039 0.3843
v -2.558507 3.650000 -0.878219 0.7882 0.6039 0.3843
v -2.568469 2.890000 -1.739091 0.7882 0.6039 0.3843
v -2.567073 2.930000 -1.779066 0.7882 0.6039 0.3843
v -2.528493 2.930000 -1.737695 0.7882 0.6039 0.3843
v -2.568469 3.690000 -1.739091 0.7882 0.6039 0.3843
v -2.528493 3.650000 -1.737695 0.7882 0.6039 0.3843
v -2.567073 3.650000 -1.779066 0.7882 0.6039 0.3843
v -3.244009 3.680000 -0.847124 0.8470 0.2275 0.1804
v -3.244009 3.710000 -0.847124 0.8470 0.2275 0.1804
v -3.210157 3.680000 -1.816533 0.8470 0.2275 0.1804
v -3.210157 3.710000 -1.816533 0.8470 0.2275 0.1804
v -3.016149 3.680000 -0.839166 0.8470 0.2275 0.1804
v -3.016149 3.710000 -0.839166 0.8470 0.2275 0.1804
v -2.982296 3.680000 -1.808576 0.8470 0.2275 0.1804
v -2.982296 3.710000 -1.808576 0.8470 0.2275 0.1804
v -3.244184 3.450000 -0.842127 0.8470 0.2275 0.1804
v -3.244184 3.690000 -0.842127 0.8470 0.2275 0.1804
v -3.243137 3.450000 -0.872108 0.8470 0.2275 0.1804
v -3.243137 3.690000 -0.872108 0.8470 0.2275 0.1804
v -3.016323 3.450000 -0.834170 0.8470 0.2275 0.1804
v -3.016323 3.690000 -0.834170 0.8470 0.2275 0.1804
v -3.015276 3.450000 -0.864151 0.8470 0.2275 0.1804
v -3.015276 3.690000 -0.864151 0.8470 0.2275 0.1804
v -3.061895 3.122000 -0.835761 1.0000 0.9647 0.8980
v -3.061895 3.298000 -0.835761 1.0000 0.9647 0.8980
v -3.060848 3.122000 -0.865743 1.0000 0.9647 0.8980
v -3.060848 3.298000 -0.865743 1.0000 0.9647 0.8980
v -2.697317 3.122000 -0.823030 1.0000 0.9647 0.8980
v -2.697317 3.298000 -0.823030 1.0000 0.9647 0.8980
v -2.696270 3.122000 -0.853011 1.0000 0.9647 0.8980
v -2.696270 3.298000 -0.853011 1.0000 0.9647 0.8980
v -3.643153 2.890000 -1.897849 0.7882 0.6039 0.3843
v -3.643153 2.930000 -1.857849 0.7882 0.6039 0.3843
v -3.683153 2.930000 -1.897849 0.7882 0.6039 0.3843
v -3.643153 3.650000 -1.857849 0.7882 0.6039 0.3843
v -3.643153 3.690000 -1.897849 0.7882 0.6039 0.3843
v -3.683153 3.650000 -1.897849 0.7882 0.6039 0.3843
v -3.643153 2.890000 -2.757849 0.7882 0.6039 0.3843
v -3.683153 2.930000 -2.757849 0.7882 0.6039 0.3843
v -3.643153 2.930000 -2.797849 0.7882 0.6039 0.3843
v -3.643153 3.690000 -2.757849 0.7882 0.6039 0.3843
v -3.643153 3.650000 -2.797849 0.7882 0.6039 0.3843
v -3.683153 3.650000 -2.757849 0.7882 0.6039 0.3843
v -2.583153 2.890000 -1.897849 0.7882 0.6039 0.3843
v -2.543153 2.930000 -1.897849 0.7882 0.6039 0.3843
v -2.583153 2.930000 -1.857849 0.7882 0.6039 0.3843
v -2.583153 3.690000 -1.897849 0.7882 0.6039 0.3843
v -2.583153 3.650000 -1.857849 0.7882 0.6039 0.3843
v -2.543153 3.650000 -1.897849 0.7882 0.6039 0.3843
v -2.583153 2.890000 -2.757849 0.7882 0.6039 0.3843
v -2.583153 2.930000 -2.797849 0.7882 0.6039 0.3843
v -2.543153 2.930000 -2.757849 0.7882 0.6039 0.3843
v -2.583153 3.690000 -2.757849 0.7882 0.6039 0.3843
v -2.543153 3.650000 -2.757849 0.7882 0.6039 0.3843
v -2.583153 3.650000 -2.797849 0.7882 0.6039 0.3843
v -3.227153 3.680000 -1.842849 0.8470 0.2275 0.1804
v -3.227153 3.710000 -1.842849 0.8470 0.2275 0.1804
v -3.227153 3.680000 -2.812850 0.8470 0.2275 0.1804
v -3.227153 3.710000 -2.812850 0.8470 0.2275 0.1804
v -2.999153 3.680000 -1.842849 0.8470 0.2275 0.1804
v -2.999153 3.710000 -1.842849 0.8470 0.2275 0.1804
v -2.999153 3.680000 -2.812850 0.8470 0.2275 0.1804
v -2.999153 3.710000 -2.812850 0.8470 0.2275 0.1804
v -3.227153 3.450000 -1.837849 0.8470 0.2275 0.1804
v -3.227153 3.690000 -1.837849 0.8470 0.2275 0.1804
v -3.227153 3.450000 -1.867849 0.8470 0.2275 0.1804
v -3.227153 3.690000 -1.867849 0.8470 0.2275 0.1804
v -2.999153 3.450000 -1.837849 0.8470 0.2275 0.1804
v -2.999153 3.690000 -1.837849 0.8470 0.2275 0.1804
v -2.999153 3.450000 -1.867849 0.8470 0.2275 0.1804
v -2.999153 3.690000 -1.867849 0.8470 0.2275 0.1804
v -2.443153 2.890000 -0.897850 0.7882 0.6039 0.3843
v -2.443153 2.930000 -0.857849 0.7882 0.6039 0.3843
v -2.483153 2.930000 -0.897850 0.7882 0.6039 0.3843
v -2.443153 3.650000 -0.857849 0.7882 0.6039 0.3843
v -2.443153 3.690000 -0.897850 0.7882 0.6039 0.3843
v -2.483153 3.650000 -0.897850 0.7882 0.6039 0.3843
v -2.443153 2.890000 -1.757850 0.7882 0.6039 0.3843
v -2.483153 2.930000 -1.757850 0.7882 0.6039 0.3843
v -2.443153 2.930000 -1.797850 0.7882 0.6039 0.3843
v -2.443153 3.690000 -1.757850 0.7882 0.6039 0.3843
v -2.443153 3.650000 -1.797850 0.7882 0.6039 0.3843
v -2.483153 3.650000 -1.757850 0.7882 0.6039 0.3843
v -1.383153 2.890000 -0.897850 0.7882 0.6039 0.3843
v -1.343153 2.930000 -0.897850 0.7882 0.6039 0.3843
v -1.383153 2.930000 -0.857849 0.7882 0.6039 0.3843
v -1.383153 3.690000 -0.897850 0.7882 0.6039 0.3843
v -1.383153 3.650000 -0.857849 0.7882 0.6039 0.3843
v -1.343153 3.650000 -0.897850 0.7882 0.6039 0.3843
v -1.383153 2.890000 -1.757850 0.7882 0.6039 0.3843
v -1.383153 2.930000 -1.797850 0.7882 0.6039 0.3843
v -1.343153 2.930000 -1.757850 0.7882 0.6039 0.3843
v -1.383153 3.690000 -1.757850 0.7882 0.6039 0.3843
v -1.343153 3.650000 -1.757850 0.7882 0.6039 0.3843
v -1.383153 3.650000 -1.797850 0.7882 0.6039 0.3843
v -2.027153 3.680000 -0.842849 0.9490 0.7608 0.1882
v -2.027153 3.710000 -0.842849 0.9490 0.7608 0.1882
v -2.027153 3.680000 -1.812850 0.9490 0.7608 0.1882
v -2.027153 3.710000 -1.812850 0.9490 0.7608 0.1882
v -1.799153 3.680000 -0.842849 0.9490 0.7608 0.1882
v -1.799153 3.710000 -0.842849 0.9490 0.7608 0.1882
v -1.799153 3.680000 -1.812850 0.9490 0.7608 0.1882
v -1.799153 3.710000 -1.812850 0.9490 0.7608 0.1882
v -2.027153 3.450000 -0.837849 0.9490 0.7608 0.1882
v -2.027153 3.690000 -0.837849 0.9490 0.7608 0.1882
v -2.027153 3.450000 -0.867849 0.9490 0.7608 0.1882
v -2.027153 3.690000 -0.867849 0.9490 0.7608 0.1882
v -1.799153 3.450000 -0.837849 0.9490 0.7608 0.1882
v -1.799153 3.690000 -0.837849 0.9490 0.7608 0.1882
v -1.799153 3.450000 -0.867849 0.9490 0.7608 0.1882
v -1.799153 3.690000 -0.867849 0.9490 0.7608 0.1882
v -1.844753 3.122000 -0.837849 1.0000 0.9647 0.8980
v -1.844753 3.298000 -0.837849 1.0000 0.9647 0.8980
v -1.844753 3.122000 -0.867849 1.0000 0.9647 0.8980
v -1.844753 3.298000 -0.867849 1.0000 0.9647 0.8980
v -1.479953 3.122000 -0.837849 1.0000 0.9647 0.8980
v -1.479953 3.298000 -0.837849 1.0000 0.9647 0.8980
v -1.479953 3.122000 -0.867849 1.0000 0.9647 0.8980
v -1.479953 3.298000 -0.867849 1.0000 0.9647 0.8980
v -2.427823 2.890000 -1.879615 0.7882 0.6039 0.3843
v -2.426427 2.930000 -1.839639 0.7882 0.6039 0.3843
v -2.467799 2.930000 -1.878219 0.7882 0.6039 0.3843
v -2.426427 3.650000 -1.839639 0.7882 0.6039 0.3843
v -2.427823 3.690000 -1.879615 0.7882 0.6039 0.3843
v -2.467799 3.650000 -1.878219 0.7882 0.6039 0.3843
v -2.457837 2.890000 -2.739091 0.7882 0.6039 0.3843
v -2.497812 2.930000 -2.737695 0.7882 0.6039 0.3843
v -2.459233 2.930000 -2.779066 0.7882 0.6039 0.3843
v -2.457837 3.690000 -2.739091 0.7882 0.6039 0.3843
v -2.459233 3.650000 -2.779066 0.7882 0.6039 0.3843
v -2.497812 3.650000 -2.737695 0.7882 0.6039 0.3843
v -1.368469 2.890000 -1.916608 0.7882 0.6039 0.3843
v -1.328493 2.930000 -1.918004 0.7882 0.6039 0.3843
v -1.367073 2.930000 -1.876632 0.7882 0.6039 0.3843
v -1.368469 3.690000 -1.916608 0.7882 0.6039 0.3843
v -1.367073 3.650000 -1.876632 0.7882 0.6039 0.3843
v -1.328493 3.650000 -1.918004 0.7882 0.6039 0.3843
v -1.398482 2.890000 -2.776084 0.7882 0.6039 0.3843
v -1.399878 2.930000 -2.816060 0.7882 0.6039 0.3843
v -1.358507 2.930000 -2.777480 0.7882 0.6039 0.3843
v -1.398482 3.690000 -2.776084 0.7882 0.6039 0.3843
v -1.358507 3.650000 -2.777480 0.7882 0.6039 0.3843
v -1.399878 3.650000 -2.816060 0.7882 0.6039 0.3843
v -2.010157 3.680000 -1.839166 0.9490 0.7608 0.1882
v -2.010157 3.710000 -1.839166 0.9490 0.7608 0.1882
v -2.044009 3.680000 -2.808575 0.9490 0.7608 0.1882
v -2.044009 3.710000 -2.808575 0.9490 0.7608 0.1882
v -1.782296 3.680000 -1.847123 0.9490 0.7608 0.1882
v -1.782296 3.710000 -1.847123 0.9490 0.7608 0.1882
v -1.816148 3.680000 -2.816533 0.9490 0.7608 0.1882
v -1.816148 3.710000 -2.816533 0.9490 0.7608 0.1882
v -2.009983 3.450000 -1.834169 0.9490 0.7608 0.1882
v -2.009983 3.690000 -1.834169 0.9490 0.7608 0.1882
v -2.011029 3.450000 -1.864151 0.9490 0.7608 0.1882
v -2.011029 3.690000 -1.864151 0.9490 0.7608 0.1882
v -1.782121 3.450000 -1.842126 0.9490 0.7608 0.1882
v -1.782121 3.690000 -1.842126 0.9490 0.7608 0.1882
v -1.783168 3.450000 -1.872108 0.9490 0.7608 0.1882
v -1.783168 3.690000 -1.872108 0.9490 0.7608 0.1882
v -3.653152 0.430000 -0.887850 0.8666 0.9529 0.9804
v -3.653152 0.530000 -0.787850 0.8666 0.9529 0.9804
v -3.753153 0.530000 -0.887850 0.8666 0.9529 0.9804
v -3.653152 0.459290 -0.817139 0.8666 0.9529 0.9804
v -3.710888 0.472265 -0.830115 0.8666 0.9529 0.9804
v -3.723863 0.530000 -0.817139 0.8666 0.9529 0.9804
v -3.723863 0.459290 -0.887850 0.8666 0.9529 0.9804
v -3.653152 3.510000 -0.787850 0.8666 0.9529 0.9804
v -3.653152 3.610000 -0.887850 0.8666 0.9529 0.9804
v -3.753153 3.510000 -0.887850 0.8666 0.9529 0.9804
v -3.653152 3.580710 -0.817139 0.8666 0.9529 0.9804
v -3.710888 3.567735 -0.830115 0.8666 0.9529 0.9804
v -3.723863 3.580710 -0.887850 0.8666 0.9529 0.9804
v -3.723863 3.510000 -0.817139 0.8666 0.9529 0.9804
v -3.653152 0.430000 -2.767849 0.8666 0.9529 0.9804
v -3.753153 0.530000 -2.767849 0.8666 0.9529 0.9804
v -3.653152 0.530000 -2.867849 0.8666 0.9529 0.9804
v -3.723863 0.459290 -2.767849 0.8666 0.9529 0.9804
v -3.710888 0.472265 -2.825584 0.8666 0.9529 0.9804
v -3.723863 0.530000 -2.838560 0.8666 0.9529 0.9804
v -3.653152 0.459290 -2.838560 0.8666 0.9529 0.9804
v -3.653152 3.610000 -2.767849 0.8666 0.9529 0.9804
v -3.653152 3.510000 -2.867849 0.8666 0.9529 0.9804
v -3.753153 3.510000 -2.767849 0.8666 0.9529 0.9804
v -3.653152 3.580710 -2.838560 0.8666 0.9529 0.9804
v -3.710888 3.567735 -2.825584 0.8666 0.9529 0.9804
v -3.723863 3.510000 -2.838560 0.8666 0.9529 0.9804
v -3.723863 3.580710 -2.767849 0.8666 0.9529 0.9804
v -1.373153 0.430000 -0.887850 0.8666 0.9529 0.9804
v -1.273153 0.530000 -0.887850 0.8666 0.9529 0.9804
v -1.373153 0.530000 -0.787850 0.8666 0.9529 0.9804
v -1.302442 0.459290 -0.887850 0.8666 0.9529 0.9804
v -1.315418 0.472265 -0.830115 0.8666 0.9529 0.9804
v -1.302442 0.530000 -0.817139 0.8666 0.9529 0.9804
v -1.373153 0.459290 -0.817139 0.8666 0.9529 0.9804
v -1.373153 3.610000 -0.887850 0.8666 0.9529 0.9804
v -1.373153 3.510000 -0.787850 0.8666 0.9529 0.9804
v -1.273153 3.510000 -0.887850 0.8666 0.9529 0.9804
v -1.373153 3.580710 -0.817139 0.8666 0.9529 0.9804
v -1.315418 3.567735 -0.830115 0.8666 0.9529 0.9804
v -1.302442 3.510000 -0.817139 0.8666 0.9529 0.9804
v -1.302442 3.580710 -0.887850 0.8666 0.9529 0.9804
v -1.373153 0.430000 -2.767849 0.8666 0.9529 0.9804
v -1.373153 0.530000 -2.867849 0.8666 0.9529 0.9804
v -1.273153 0.530000 -2.767849 0.8666 0.9529 0.9804
v -1.373153 0.459290 -2.838560 0.8666 0.9529 0.9804
v -1.315418 0.472265 -2.825584 0.8666 0.9529 0.9804
v -1.302442 0.530000 -2.838560 0.8666 0.9529 0.9804
v -1.302442 0.459290 -2.767849 0.8666 0.9529 0.9804
v -1.373153 3.610000 -2.767849 0.8666 0.9529 0.9804
v -1.273153 3.510000 -2.767849 0.8666 0.9529 0.9804
v -1.373153 3.510000 -2.867849 0.8666 0.9529 0.9804
v -1.302442 3.580710 -2.767849 0.8666 0.9529 0.9804
v -1.315418 3.567735 -2.825584 0.8666 0.9529 0.9804
v -1.302442 3.510000 -2.838560 0.8666 0.9529 0.9804
v -1.373153 3.580710 -2.838560 0.8666 0.9529 0.9804
v -3.763153 1.945000 -0.752850 0.2471 0.7137 0.7882
v -3.763153 2.195000 -0.752850 0.2471 0.7137 0.7882
v -3.763153 1.945000 -0.802849 0.2471 0.7137 0.7882
v -3.763153 2.195000 -0.802849 0.2471 0.7137 0.7882
v -1.263153 1.945000 -0.752850 0.2471 0.7137 0.7882
v -1.263153 2.195000 -0.752850 0.2471 0.7137 0.7882
v -1.263153 1.945000 -0.802849 0.2471 0.7137 0.7882
v -1.263153 2.195000 -0.802849 0.2471 0.7137 0.7882
v -2.677857 3.730000 -1.231170 0.7882 0.6039 0.3843
v -2.669540 3.770000 -1.192044 0.7882 0.6039 0.3843
v -2.716983 3.770000 -1.222853 0.7882 0.6039 0.3843
v -2.669540 4.490000 -1.192044 0.7882 0.6039 0.3843
v -2.677857 4.530000 -1.231170 0.7882 0.6039 0.3843
v -2.716983 4.490000 -1.222853 0.7882 0.6039 0.3843
v -2.848344 3.730000 -2.033251 0.7882 0.6039 0.3843
v -2.887470 3.770000 -2.024934 0.7882 0.6039 0.3843
v -2.856661 3.770000 -2.072376 0.7882 0.6039 0.3843
v -2.848344 4.530000 -2.033251 0.7882 0.6039 0.3843
v -2.856661 4.490000 -2.072376 0.7882 0.6039 0.3843
v -2.887470 4.490000 -2.024934 0.7882 0.6039 0.3843
v -1.777961 3.730000 -1.422448 0.7882 0.6039 0.3843
v -1.738835 3.770000 -1.430765 0.7882 0.6039 0.3843
v -1.769645 3.770000 -1.383322 0.7882 0.6039 0.3843
v -1.777961 4.530000 -1.422448 0.7882 0.6039 0.3843
v -1.769645 4.490000 -1.383322 0.7882 0.6039 0.3843
v -1.738835 4.490000 -1.430765 0.7882 0.6039 0.3843
v -1.948449 3.730000 -2.224529 0.7882 0.6039 0.3843
v -1.956765 3.770000 -2.263655 0.7882 0.6039 0.3843
v -1.909323 3.770000 -2.232846 0.7882 0.6039 0.3843
v -1.948449 4.530000 -2.224529 0.7882 0.6039 0.3843
v -1.909323 4.490000 -2.232846 0.7882 0.6039 0.3843
v -1.956765 4.490000 -2.263655 0.7882 0.6039 0.3843
v -2.314289 4.520000 -1.252220 0.2471 0.7137 0.7882
v -2.314289 4.550000 -1.252220 0.2471 0.7137 0.7882
v -2.507647 4.520000 -2.161897 0.2471 0.7137 0.7882
v -2.507647 4.550000 -2.161897 0.2471 0.7137 0.7882
v -2.118659 4.520000 -1.293802 0.2471 0.7137 0.7882
v -2.118659 4.550000 -1.293802 0.2471 0.7137 0.7882
v -2.312017 4.520000 -2.203479 0.2471 0.7137 0.7882
v -2.312017 4.550000 -2.203479 0.2471 0.7137 0.7882
v -2.313249 4.290000 -1.247329 0.2471 0.7137 0.7882
v -2.313249 4.530000 -1.247329 0.2471 0.7137 0.7882
v -2.319486 4.290000 -1.276673 0.2471 0.7137 0.7882
v -2.319486 4.530000 -1.276673 0.2471 0.7137 0.7882
v -2.117620 4.290000 -1.288911 0.2471 0.7137 0.7882
v -2.117620 4.530000 -1.288911 0.2471 0.7137 0.7882
v -2.123857 4.290000 -1.318256 0.2471 0.7137 0.7882
v -2.123857 4.530000 -1.318256 0.2471 0.7137 0.7882
v -2.156745 3.962000 -1.280595 1.0000 0.9647 0.8980
v -2.156745 4.138000 -1.280595 1.0000 0.9647 0.8980
v -2.162983 3.962000 -1.309939 1.0000 0.9647 0.8980
v -2.162983 4.138000 -1.309939 1.0000 0.9647 0.8980
v -1.843738 3.962000 -1.347126 1.0000 0.9647 0.8980
v -1.843738 4.138000 -1.347126 1.0000 0.9647 0.8980
v -1.849976 3.962000 -1.376471 1.0000 0.9647 0.8980
v -1.849976 4.138000 -1.376471 1.0000 0.9647 0.8980
v -0.498153 0.350000 -0.842849 0.7882 0.5412 0.2941
v -0.498153 0.365000 -0.827850 0.7882 0.5412 0.2941
v -0.513153 0.365000 -0.842849 0.7882 0.5412 0.2941
v -0.498153 0.415000 -0.827850 0.7882 0.5412 0.2941
v -0.498153 0.430000 -0.842849 0.7882 0.5412 0.2941
v -0.513153 0.415000 -0.842849 0.7882 0.5412 0.2941
v -0.498153 0.350000 -1.112849 0.7882 0.5412 0.2941
v -0.513153 0.365000 -1.112849 0.7882 0.5412 0.2941
v -0.498153 0.365000 -1.127849 0.7882 0.5412 0.2941
v -0.498153 0.430000 -1.112849 0.7882 0.5412 0.2941
v -0.498153 0.415000 -1.127849 0.7882 0.5412 0.2941
v -0.513153 0.415000 -1.112849 0.7882 0.5412 0.2941
v 1.871847 0.350000 -0.842849 0.7882 0.5412 0.2941
v 1.886847 0.365000 -0.842849 0.7882 0.5412 0.2941
v 1.871847 0.365000 -0.827850 0.7882 0.5412 0.2941
v 1.871847 0.430000 -0.842849 0.7882 0.5412 0.2941
v 1.871847 0.415000 -0.827850 0.7882 0.5412 0.2941
v 1.886847 0.415000 -0.842849 0.7882 0.5412 0.2941
v 1.871847 0.350000 -1.112849 0.7882 0.5412 0.2941
v 1.871847 0.365000 -1.127849 0.7882 0.5412 0.2941
v 1.886847 0.365000 -1.112849 0.7882 0.5412 0.2941
v 1.871847 0.430000 -1.112849 0.7882 0.5412 0.2941
v 1.886847 0.415000 -1.112849 0.7882 0.5412 0.2941
v 1.871847 0.415000 -1.127849 0.7882 0.5412 0.2941
v -0.498153 0.350000 -1.267849 0.7882 0.5412 0.2941
v -0.498153 0.365000 -1.252849 0.7882 0.5412 0.2941
v -0.513153 0.365000 -1.267849 0.7882 0.5412 0.2941
v -0.498153 0.415000 -1.252849 0.7882 0.5412 0.2941
v -0.498153 0.430000 -1.267849 0.7882 0.5412 0.2941
v -0.513153 0.415000 -1.267849 0.7882 0.5412 0.2941
v -0.498153 0.350000 -1.537850 0.7882 0.5412 0.2941
v -0.513153 0.365000 -1.537850 0.7882 0.5412 0.2941
v -0.498153 0.365000 -1.552850 0.7882 0.5412 0.2941
v -0.498153 0.430000 -1.537850 0.7882 0.5412 0.2941
v -0.498153 0.415000 -1.552850 0.7882 0.5412 0.2941
v -0.513153 0.415000 -1.537850 0.7882 0.5412 0.2941
v 1.871847 0.350000 -1.267849 0.7882 0.5412 0.2941
v 1.886847 0.365000 -1.267849 0.7882 0.5412 0.2941
v 1.871847 0.365000 -1.252849 0.7882 0.5412 0.2941
v 1.871847 0.430000 -1.267849 0.7882 0.5412 0.2941
v 1.871847 0.415000 -1.252849 0.7882 0.5412 0.2941
v 1.886847 0.415000 -1.267849 0.7882 0.5412 0.2941
v 1.871847 0.350000 -1.537850 0.7882 0.5412 0.2941
v 1.871847 0.365000 -1.552850 0.7882 0.5412 0.2941
v 1.886847 0.365000 -1.537850 0.7882 0.5412 0.2941
v 1.871847 0.430000 -1.537850 0.7882 0.5412 0.2941
v 1.886847 0.415000 -1.537850 0.7882 0.5412 0.2941
v 1.871847 0.415000 -1.552850 0.7882 0.5412 0.2941
v -0.498153 0.350000 -1.692850 0.7882 0.5412 0.2941
v -0.498153 0.365000 -1.677850 0.7882 0.5412 0.2941
v -0.513153 0.365000 -1.692850 0.7882 0.5412 0.2941
v -0.498153 0.415000 -1.677850 0.7882 0.5412 0.2941
v -0.498153 0.430000 -1.692850 0.7882 0.5412 0.2941
v -0.513153 0.415000 -1.692850 0.7882 0.5412 0.2941
v -0.498153 0.350000 -1.962849 0.7882 0.5412 0.2941
v -0.513153 0.365000 -1.962849 0.7882 0.5412 0.2941
v -0.498153 0.365000 -1.977849 0.7882 0.5412 0.2941
v -0.498153 0.430000 -1.962849 0.7882 0.5412 0.2941
v -0.498153 0.415000 -1.977849 0.7882 0.5412 0.2941
v -0.513153 0.415000 -1.962849 0.7882 0.5412 0.2941
v 1.871847 0.350000 -1.692850 0.7882 0.5412 0.2941
v 1.886847 0.365000 -1.692850 0.7882 0.5412 0.2941
v 1.871847 0.365000 -1.677850 0.7882 0.5412 0.2941
v 1.871847 0.430000 -1.692850 0.7882 0.5412 0.2941
v 1.871847 0.415000 -1.677850 0.7882 0.5412 0.2941
v 1.886847 0.415000 -1.692850 0.7882 0.5412 0.2941
v 1.871847 0.350000 -1.962849 0.7882 0.5412 0.2941
v 1.871847 0.365000 -1.977849 0.7882 0.5412 0.2941
v 1.886847 0.365000 -1.962849 0.7882 0.5412 0.2941
v 1.871847 0.430000 -1.962849 0.7882 0.5412 0.2941
v 1.886847 0.415000 -1.962849 0.7882 0.5412 0.2941
v 1.871847 0.415000 -1.977849 0.7882 0.5412 0.2941
v -0.498153 0.350000 -2.117849 0.7882 0.5412 0.2941
v -0.498153 0.365000 -2.102849 0.7882 0.5412 0.2941
v -0.513153 0.365000 -2.117849 0.7882 0.5412 0.2941
v -0.498153 0.415000 -2.102849 0.7882 0.5412 0.2941
v -0.498153 0.430000 -2.117849 0.7882 0.5412 0.2941
v -0.513153 0.415000 -2.117849 0.7882 0.5412 0.2941
v -0.498153 0.350000 -2.387850 0.7882 0.5412 0.2941
v -0.513153 0.365000 -2.387850 0.7882 0.5412 0.2941
v -0.498153 0.365000 -2.402850 0.7882 0.5412 0.2941
v -0.498153 0.430000 -2.387850 0.7882 0.5412 0.2941
v -0.498153 0.415000 -2.402850 0.7882 0.5412 0.2941
v -0.513153 0.415000 -2.387850 0.7882 0.5412 0.2941
v 1.871847 0.350000 -2.117849 0.7882 0.5412 0.2941
v 1.886847 0.365000 -2.117849 0.7882 0.5412 0.2941
v 1.871847 0.365000 -2.102849 0.7882 0.5412 0.2941
v 1.871847 0.430000 -2.117849 0.7882 0.5412 0.2941
v 1.871847 0.415000 -2.102849 0.7882 0.5412 0.2941
v 1.886847 0.415000 -2.117849 0.7882 0.5412 0.2941
v 1.871847 0.350000 -2.387850 0.7882 0.5412 0.2941
v 1.871847 0.365000 -2.402850 0.7882 0.5412 0.2941
v 1.886847 0.365000 -2.387850 0.7882 0.5412 0.2941
v 1.871847 0.430000 -2.387850 0.7882 0.5412 0.2941
v 1.886847 0.415000 -2.387850 0.7882 0.5412 0.2941
v 1.871847 0.415000 -2.402850 0.7882 0.5412 0.2941
v -0.498153 0.350000 -2.542850 0.7882 0.5412 0.2941
v -0.498153 0.365000 -2.527850 0.7882 0.5412 0.2941
v -0.513153 0.365000 -2.542850 0.7882 0.5412 0.2941
v -0.498153 0.415000 -2.527850 0.7882 0.5412 0.2941
v -0.498153 0.430000 -2.542850 0.7882 0.5412 0.2941
v -0.513153 0.415000 -2.542850 0.7882 0.5412 0.2941
v -0.498153 0.350000 -2.812849 0.7882 0.5412 0.2941
v -0.513153 0.365000 -2.812849 0.7882 0.5412 0.2941
v -0.498153 0.365000 -2.827849 0.7882 0.5412 0.2941
v -0.498153 0.430000 -2.812849 0.7882 0.5412 0.2941
v -0.498153 0.415000 -2.827849 0.7882 0.5412 0.2941
v -0.513153 0.415000 -2.812849 0.7882 0.5412 0.2941
v 1.871847 0.350000 -2.542850 0.7882 0.5412 0.2941
v 1.886847 0.365000 -2.542850 0.7882 0.5412 0.2941
v 1.871847 0.365000 -2.527850 0.7882 0.5412 0.2941
v 1.871847 0.430000 -2.542850 0.7882 0.5412 0.2941
v 1.871847 0.415000 -2.527850 0.7882 0.5412 0.2941
v 1.886847 0.415000 -2.542850 0.7882 0.5412 0.2941
v 1.871847 0.350000 -2.812849 0.7882 0.5412 0.2941
v 1.871847 0.365000 -2.827849 0.7882 0.5412 0.2941
v 1.886847 0.365000 -2.812849 0.7882 0.5412 0.2941
v 1.871847 0.430000 -2.812849 0.7882 0.5412 0.2941
v 1.886847 0.415000 -2.812849 0.7882 0.5412 0.2941
v 1.871847 0.415000 -2.827849 0.7882 0.5412 0.2941
v -0.483153 0.130000 -0.847849 0.6118 0.3961 0.2039
v -0.483153 0.150000 -0.827850 0.6118 0.3961 0.2039
v -0.503153 0.150000 -0.847849 0.6118 0.3961 0.2039
v -0.483153 0.330000 -0.827850 0.6118 0.3961 0.2039
v -0.483153 0.350000 -0.847849 0.6118 0.3961 0.2039
v -0.503153 0.330000 -0.847849 0.6118 0.3961 0.2039
v -0.483153 0.130000 -2.807849 0.6118 0.3961 0.2039
v -0.503153 0.150000 -2.807849 0.6118 0.3961 0.2039
v -0.483153 0.150000 -2.827849 0.6118 0.3961 0.2039
v -0.483153 0.350000 -2.807849 0.6118 0.3961 0.2039
v -0.483153 0.330000 -2.827849 0.6118 0.3961 0.2039
v -0.503153 0.330000 -2.807849 0.6118 0.3961 0.2039
v -0.303153 0.130000 -0.847849 0.6118 0.3961 0.2039
v -0.283153 0.150000 -0.847849 0.6118 0.3961 0.2039
v -0.303153 0.150000 -0.827850 0.6118 0.3961 0.2039
v -0.303153 0.350000 -0.847849 0.6118 0.3961 0.2039
v -0.303153 0.330000 -0.827850 0.6118 0.3961 0.2039
v -0.283153 0.330000 -0.847849 0.6118 0.3961 0.2039
v -0.303153 0.130000 -2.807849 0.6118 0.3961 0.2039
v -0.303153 0.150000 -2.827849 0.6118 0.3961 0.2039
v -0.283153 0.150000 -2.807849 0.6118 0.3961 0.2039
v -0.303153 0.350000 -2.807849 0.6118 0.3961 0.2039
v -0.283153 0.330000 -2.807849 0.6118 0.3961 0.2039
v -0.303153 0.330000 -2.827849 0.6118 0.3961 0.2039
v 0.596847 0.130000 -0.847849 0.6118 0.3961 0.2039
v 0.596847 0.150000 -0.827850 0.6118 0.3961 0.2039
v 0.576847 0.150000 -0.847849 0.6118 0.3961 0.2039
v 0.596847 0.330000 -0.827850 0.6118 0.3961 0.2039
v 0.596847 0.350000 -0.847849 0.6118 0.3961 0.2039
v 0.576847 0.330000 -0.847849 0.6118 0.3961 0.2039
v 0.596847 0.130000 -2.807849 0.6118 0.3961 0.2039
v 0.576847 0.150000 -2.807849 0.6118 0.3961 0.2039
v 0.596847 0.150000 -2.827849 0.6118 0.3961 0.2039
v 0.596847 0.350000 -2.807849 0.6118 0.3961 0.2039
v 0.596847 0.330000 -2.827849 0.6118 0.3961 0.2039
v 0.576847 0.330000 -2.807849 0.6118 0.3961 0.2039
v 0.776847 0.130000 -0.847849 0.6118 0.3961 0.2039
v 0.796847 0.150000 -0.847849 0.6118 0.3961 0.2039
v 0.776847 0.150000 -0.827850 0.6118 0.3961 0.2039
v 0.776847 0.350000 -0.847849 0.6118 0.3961 0.2039
v 0.776847 0.330000 -0.827850 0.6118 0.3961 0.2039
v 0.796847 0.330000 -0.847849 0.6118 0.3961 0.2039
v 0.776847 0.130000 -2.807849 0.6118 0.3961 0.2039
v 0.776847 0.150000 -2.827849 0.6118 0.3961 0.2039
v 0.796847 0.150000 -2.807849 0.6118 0.3961 0.2039
v 0.776847 0.350000 -2.807849 0.6118 0.3961 0.2039
v 0.796847 0.330000 -2.807849 0.6118 0.3961 0.2039
v 0.776847 0.330000 -2.827849 0.6118 0.3961 0.2039
v 1.676847 0.130000 -0.847849 0.6118 0.3961 0.2039
v 1.676847 0.150000 -0.827850 0.6118 0.3961 0.2039
v 1.656847 0.150000 -0.847849 0.6118 0.3961 0.2039
v 1.676847 0.330000 -0.827850 0.6118 0.3961 0.2039
v 1.676847 0.350000 -0.847849 0.6118 0.3961 0.2039
v 1.656847 0.330000 -0.847849 0.6118 0.3961 0.2039
v 1.676847 0.130000 -2.807849 0.6118 0.3961 0.2039
v 1.656847 0.150000 -2.807849 0.6118 0.3961 0.2039
v 1.676847 0.150000 -2.827849 0.6118 0.3961 0.2039
v 1.676847 0.350000 -2.807849 0.6118 0.3961 0.2039
v 1.676847 0.330000 -2.827849 0.6118 0.3961 0.2039
v 1.656847 0.330000 -2.807849 0.6118 0.3961 0.2039
v 1.856847 0.130000 -0.847849 0.6118 0.3961 0.2039
v 1.876847 0.150000 -0.847849 0.6118 0.3961 0.2039
v 1.856847 0.150000 -0.827850 0.6118 0.3961 0.2039
v 1.856847 0.350000 -0.847849 0.6118 0.3961 0.2039
v 1.856847 0.330000 -0.827850 0.6118 0.3961 0.2039
v 1.876847 0.330000 -0.847849 0.6118 0.3961 0.2039
v 1.856847 0.130000 -2.807849 0.6118 0.3961 0.2039
v 1.856847 0.150000 -2.827849 0.6118 0.3961 0.2039
v 1.876847 0.150000 -2.807849 0.6118 0.3961 0.2039
v 1.856847 0.350000 -2.807849 0.6118 0.3961 0.2039
v 1.876847 0.330000 -2.807849 0.6118 0.3961 0.2039
v 1.856847 0.330000 -2.827849 0.6118 0.3961 0.2039
v -0.498153 0.040000 -0.842849 0.7882 0.5412 0.2941
v -0.498153 0.055000 -0.827850 0.7882 0.5412 0.2941
v -0.513153 0.055000 -0.842849 0.7882 0.5412 0.2941
v -0.498153 0.105000 -0.827850 0.7882 0.5412 0.2941
v -0.498153 0.120000 -0.842849 0.7882 0.5412 0.2941
v -0.513153 0.105000 -0.842849 0.7882 0.5412 0.2941
v -0.498153 0.040000 -1.052850 0.7882 0.5412 0.2941
v -0.513153 0.055000 -1.052850 0.7882 0.5412 0.2941
v -0.498153 0.055000 -1.067850 0.7882 0.5412 0.2941
v -0.498153 0.120000 -1.052850 0.7882 0.5412 0.2941
v -0.498153 0.105000 -1.067850 0.7882 0.5412 0.2941
v -0.513153 0.105000 -1.052850 0.7882 0.5412 0.2941
v 1.871847 0.040000 -0.842849 0.7882 0.5412 0.2941
v 1.886847 0.055000 -0.842849 0.7882 0.5412 0.2941
v 1.871847 0.055000 -0.827850 0.7882 0.5412 0.2941
v 1.871847 0.120000 -0.842849 0.7882 0.5412 0.2941
v 1.871847 0.105000 -0.827850 0.7882 0.5412 0.2941
v 1.886847 0.105000 -0.842849 0.7882 0.5412 0.2941
v 1.871847 0.040000 -1.052850 0.7882 0.5412 0.2941
v 1.871847 0.055000 -1.067850 0.7882 0.5412 0.2941
v 1.886847 0.055000 -1.052850 0.7882 0.5412 0.2941
v 1.871847 0.120000 -1.052850 0.7882 0.5412 0.2941
v 1.886847 0.105000 -1.052850 0.7882 0.5412 0.2941
v 1.871847 0.105000 -1.067850 0.7882 0.5412 0.2941
v -0.498153 0.040000 -2.602850 0.7882 0.5412 0.2941
v -0.498153 0.055000 -2.587850 0.7882 0.5412 0.2941
v -0.513153 0.055000 -2.602850 0.7882 0.5412 0.2941
v -0.498153 0.105000 -2.587850 0.7882 0.5412 0.2941
v -0.498153 0.120000 -2.602850 0.7882 0.5412 0.2941
v -0.513153 0.105000 -2.602850 0.7882 0.5412 0.2941
v -0.498153 0.040000 -2.812849 0.7882 0.5412 0.2941
v -0.513153 0.055000 -2.812849 0.7882 0.5412 0.2941
v -0.498153 0.055000 -2.827849 0.7882 0.5412 0.2941
v -0.498153 0.120000 -2.812849 0.7882 0.5412 0.2941
v -0.498153 0.105000 -2.827849 0.7882 0.5412 0.2941
v -0.513153 0.105000 -2.812849 0.7882 0.5412 0.2941
v 1.871847 0.040000 -2.602850 0.7882 0.5412 0.2941
v 1.886847 0.055000 -2.602850 0.7882 0.5412 0.2941
v 1.871847 0.055000 -2.587850 0.7882 0.5412 0.2941
v 1.871847 0.120000 -2.602850 0.7882 0.5412 0.2941
v 1.871847 0.105000 -2.587850 0.7882 0.5412 0.2941
v 1.886847 0.105000 -2.602850 0.7882 0.5412 0.2941
v 1.871847 0.040000 -2.812849 0.7882 0.5412 0.2941
v 1.871847 0.055000 -2.827849 0.7882 0.5412 0.2941
v 1.886847 0.055000 -2.812849 0.7882 0.5412 0.2941
v 1.871847 0.120000 -2.812849 0.7882 0.5412 0.2941
v 1.886847 0.105000 -2.812849 0.7882 0.5412 0.2941
v 1.871847 0.105000 -2.827849 0.7882 0.5412 0.2941
v -0.498153 0.770000 -0.842849 0.7882 0.5412 0.2941
v -0.498153 0.785000 -0.827850 0.7882 0.5412 0.2941
v -0.513153 0.785000 -0.842849 0.7882 0.5412 0.2941
v -0.498153 0.835000 -0.827850 0.7882 0.5412 0.2941
v -0.498153 0.850000 -0.842849 0.7882 0.5412 0.2941
v -0.513153 0.835000 -0.842849 0.7882 0.5412 0.2941
v -0.498153 0.770000 -1.112849 0.7882 0.5412 0.2941
v -0.513153 0.785000 -1.112849 0.7882 0.5412 0.2941
v -0.498153 0.785000 -1.127849 0.7882 0.5412 0.2941
v -0.498153 0.850000 -1.112849 0.7882 0.5412 0.2941
v -0.498153 0.835000 -1.127849 0.7882 0.5412 0.2941
v -0.513153 0.835000 -1.112849 0.7882 0.5412 0.2941
v 1.871847 0.770000 -0.842849 0.7882 0.5412 0.2941
v 1.886847 0.785000 -0.842849 0.7882 0.5412 0.2941
v 1.871847 0.785000 -0.827850 0.7882 0.5412 0.2941
v 1.871847 0.850000 -0.842849 0.7882 0.5412 0.2941
v 1.871847 0.835000 -0.827850 0.7882 0.5412 0.2941
v 1.886847 0.835000 -0.842849 0.7882 0.5412 0.2941
v 1.871847 0.770000 -1.112849 0.7882 0.5412 0.2941
v 1.871847 0.785000 -1.127849 0.7882 0.5412 0.2941
v 1.886847 0.785000 -1.112849 0.7882 0.5412 0.2941
v 1.871847 0.850000 -1.112849 0.7882 0.5412 0.2941
v 1.886847 0.835000 -1.112849 0.7882 0.5412 0.2941
v 1.871847 0.835000 -1.127849 0.7882 0.5412 0.2941
v -0.498153 0.770000 -1.267849 0.7882 0.5412 0.2941
v -0.498153 0.785000 -1.252849 0.7882 0.5412 0.2941
v -0.513153 0.785000 -1.267849 0.7882 0.5412 0.2941
v -0.498153 0.835000 -1.252849 0.7882 0.5412 0.2941
v -0.498153 0.850000 -1.267849 0.7882 0.5412 0.2941
v -0.513153 0.835000 -1.267849 0.7882 0.5412 0.2941
v -0.498153 0.770000 -1.537850 0.7882 0.5412 0.2941
v -0.513153 0.785000 -1.537850 0.7882 0.5412 0.2941
v -0.498153 0.785000 -1.552850 0.7882 0.5412 0.2941
v -0.498153 0.850000 -1.537850 0.7882 0.5412 0.2941
v -0.498153 0.835000 -1.552850 0.7882 0.5412 0.2941
v -0.513153 0.835000 -1.537850 0.7882 0.5412 0.2941
v 1.871847 0.770000 -1.267849 0.7882 0.5412 0.2941
v 1.886847 0.785000 -1.267849 0.7882 0.5412 0.2941
v 1.871847 0.785000 -1.252849 0.7882 0.5412 0.2941
v 1.871847 0.850000 -1.267849 0.7882 0.5412 0.2941
v 1.871847 0.835000 -1.252849 0.7882 0.5412 0.2941
v 1.886847 0.835000 -1.267849 0.7882 0.5412 0.2941
v 1.871847 0.770000 -1.537850 0.7882 0.5412 0.2941
v 1.871847 0.785000 -1.552850 0.7882 0.5412 0.2941
v 1.886847 0.785000 -1.537850 0.7882 0.5412 0.2941
v 1.871847 0.850000 -1.537850 0.7882 0.5412 0.2941
v 1.886847 0.835000 -1.537850 0.7882 0.5412 0.2941
v 1.871847 0.835000 -1.552850 0.7882 0.5412 0.2941
v -0.498153 0.770000 -1.692850 0.7882 0.5412 0.2941
v -0.498153 0.785000 -1.677850 0.7882 0.5412 0.2941
v -0.513153 0.785000 -1.692850 0.7882 0.5412 0.2941
v -0.498153 0.835000 -1.677850 0.7882 0.5412 0.2941
v -0.498153 0.850000 -1.692850 0.7882 0.5412 0.2941
v -0.513153 0.835000 -1.692850 0.7882 0.5412 0.2941
v -0.498153 0.770000 -1.962849 0.7882 0.5412 0.2941
v -0.513153 0.785000 -1.962849 0.7882 0.5412 0.2941
v -0.498153 0.785000 -1.977849 0.7882 0.5412 0.2941
v -0.498153 0.850000 -1.962849 0.7882 0.5412 0.2941
v -0.498153 0.835000 -1.977849 0.7882 0.5412 0.2941
v -0.513153 0.835000 -1.962849 0.7882 0.5412 0.2941
v 1.871847 0.770000 -1.692850 0.7882 0.5412 0.2941
v 1.886847 0.785000 -1.692850 0.7882 0.5412 0.2941
v 1.871847 0.785000 -1.677850 0.7882 0.5412 0.2941
v 1.871847 0.850000 -1.692850 0.7882 0.5412 0.2941
v 1.871847 0.835000 -1.677850 0.7882 0.5412 0.2941
v 1.886847 0.835000 -1.692850 0.7882 0.5412 0.2941
v 1.871847 0.770000 -1.962849 0.7882 0.5412 0.2941
v 1.871847 0.785000 -1.977849 0.7882 0.5412 0.2941
v 1.886847 0.785000 -1.962849 0.7882 0.5412 0.2941
v 1.871847 0.850000 -1.962849 0.7882 0.5412 0.2941
v 1.886847 0.835000 -1.962849 0.7882 0.5412 0.2941
v 1.871847 0.835000 -1.977849 0.7882 0.5412 0.2941
v -0.498153 0.770000 -2.117849 0.7882 0.5412 0.2941
v -0.498153 0.785000 -2.102849 0.7882 0.5412 0.2941
v -0.513153 0.785000 -2.117849 0.7882 0.5412 0.2941
v -0.498153 0.835000 -2.102849 0.7882 0.5412 0.2941
v -0.498153 0.850000 -2.117849 0.7882 0.5412 0.2941
v -0.513153 0.835000 -2.117849 0.7882 0.5412 0.2941
v -0.498153 0.770000 -2.387850 0.7882 0.5412 0.2941
v -0.513153 0.785000 -2.387850 0.7882 0.5412 0.2941
v -0.498153 0.785000 -2.402850 0.7882 0.5412 0.2941
v -0.498153 0.850000 -2.387850 0.7882 0.5412 0.2941
v -0.498153 0.835000 -2.402850 0.7882 0.5412 0.2941
v -0.513153 0.835000 -2.387850 0.7882 0.5412 0.2941
v 1.871847 0.770000 -2.117849 0.7882 0.5412 0.2941
v 1.886847 0.785000 -2.117849 0.7882 0.5412 0.2941
v 1.871847 0.785000 -2.102849 0.7882 0.5412 0.2941
v 1.871847 0.850000 -2.117849 0.7882 0.5412 0.2941
v 1.871847 0.835000 -2.102849 0.7882 0.5412 0.2941
v 1.886847 0.835000 -2.117849 0.7882 0.5412 0.2941
v 1.871847 0.770000 -2.387850 0.7882 0.5412 0.2941
v 1.871847 0.785000 -2.402850 0.7882 0.5412 0.2941
v 1.886847 0.785000 -2.387850 0.7882 0.5412 0.2941
v 1.871847 0.850000 -2.387850 0.7882 0.5412 0.2941
v 1.886847 0.835000 -2.387850 0.7882 0.5412 0.2941
v 1.871847 0.835000 -2.402850 0.7882 0.5412 0.2941
v -0.498153 0.770000 -2.542850 0.7882 0.5412 0.2941
v -0.498153 0.785000 -2.527850 0.7882 0.5412 0.2941
v -0.513153 0.785000 -2.542850 0.7882 0.5412 0.2941
v -0.498153 0.835000 -2.527850 0.7882 0.5412 0.2941
v -0.498153 0.850000 -2.542850 0.7882 0.5412 0.2941
v -0.513153 0.835000 -2.542850 0.7882 0.5412 0.2941
v -0.498153 0.770000 -2.812849 0.7882 0.5412 0.2941
v -0.513153 0.785000 -2.812849 0.7882 0.5412 0.2941
v -0.498153 0.785000 -2.827849 0.7882 0.5412 0.2941
v -0.498153 0.850000 -2.812849 0.7882 0.5412 0.2941
v -0.498153 0.835000 -2.827849 0.7882 0.5412 0.2941
v -0.513153 0.835000 -2.812849 0.7882 0.5412 0.2941
v 1.871847 0.770000 -2.542850 0.7882 0.5412 0.2941
v 1.886847 0.785000 -2.542850 0.7882 0.5412 0.2941
v 1.871847 0.785000 -2.527850 0.7882 0.5412 0.2941
v 1.871847 0.850000 -2.542850 0.7882 0.5412 0.2941
v 1.871847 0.835000 -2.527850 0.7882 0.5412 0.2941
v 1.886847 0.835000 -2.542850 0.7882 0.5412 0.2941
v 1.871847 0.770000 -2.812849 0.7882 0.5412 0.2941
v 1.871847 0.785000 -2.827849 0.7882 0.5412 0.2941
v 1.886847 0.785000 -2.812849 0.7882 0.5412 0.2941
v 1.871847 0.850000 -2.812849 0.7882 0.5412 0.2941
v 1.886847 0.835000 -2.812849 0.7882 0.5412 0.2941
v 1.871847 0.835000 -2.827849 0.7882 0.5412 0.2941
v -0.483153 0.550000 -0.847849 0.6118 0.3961 0.2039
v -0.483153 0.570000 -0.827850 0.6118 0.3961 0.2039
v -0.503153 0.570000 -0.847849 0.6118 0.3961 0.2039
v -0.483153 0.750000 -0.827850 0.6118 0.3961 0.2039
v -0.483153 0.770000 -0.847849 0.6118 0.3961 0.2039
v -0.503153 0.750000 -0.847849 0.6118 0.3961 0.2039
v -0.483153 0.550000 -2.807849 0.6118 0.3961 0.2039
v -0.503153 0.570000 -2.807849 0.6118 0.3961 0.2039
v -0.483153 0.570000 -2.827849 0.6118 0.3961 0.2039
v -0.483153 0.770000 -2.807849 0.6118 0.3961 0.2039
v -0.483153 0.750000 -2.827849 0.6118 0.3961 0.2039
v -0.503153 0.750000 -2.807849 0.6118 0.3961 0.2039
v -0.303153 0.550000 -0.847849 0.6118 0.3961 0.2039
v -0.283153 0.570000 -0.847849 0.6118 0.3961 0.2039
v -0.303153 0.570000 -0.827850 0.6118 0.3961 0.2039
v -0.303153 0.770000 -0.847849 0.6118 0.3961 0.2039
v -0.303153 0.750000 -0.827850 0.6118 0.3961 0.2039
v -0.283153 0.750000 -0.847849 0.6118 0.3961 0.2039
v -0.303153 0.550000 -2.807849 0.6118 0.3961 0.2039
v -0.303153 0.570000 -2.827849 0.6118 0.3961 0.2039
v -0.283153 0.570000 -2.807849 0.6118 0.3961 0.2039
v -0.303153 0.770000 -2.807849 0.6118 0.3961 0.2039
v -0.283153 0.750000 -2.807849 0.6118 0.3961 0.2039
v -0.303153 0.750000 -2.827849 0.6118 0.3961 0.2039
v 0.596847 0.550000 -0.847849 0.6118 0.3961 0.2039
v 0.596847 0.570000 -0.827850 0.6118 0.3961 0.2039
v 0.576847 0.570000 -0.847849 0.6118 0.3961 0.2039
v 0.596847 0.750000 -0.827850 0.6118 0.3961 0.2039
v 0.596847 0.770000 -0.847849 0.6118 0.3961 0.2039
v 0.576847 0.750000 -0.847849 0.6118 0.3961 0.2039
v 0.596847 0.550000 -2.807849 0.6118 0.3961 0.2039
v 0.576847 0.570000 -2.807849 0.6118 0.3961 0.2039
v 0.596847 0.570000 -2.827849 0.6118 0.3961 0.2039
v 0.596847 0.770000 -2.807849 0.6118 0.3961 0.2039
v 0.596847 0.750000 -2.827849 0.6118 0.3961 0.2039
v 0.576847 0.750000 -2.807849 0.6118 0.3961 0.2039
v 0.776847 0.550000 -0.847849 0.6118 0.3961 0.2039
v 0.796847 0.570000 -0.847849 0.6118 0.3961 0.2039
v 0.776847 0.570000 -0.827850 0.6118 0.3961 0.2039
v 0.776847 0.770000 -0.847849 0.6118 0.3961 0.2039
v 0.776847 0.750000 -0.827850 0.6118 0.3961 0.2039
v 0.796847 0.750000 -0.847849 0.6118 0.3961 0.2039
v 0.776847 0.550000 -2.807849 0.6118 0.3961 0.2039
v 0.776847 0.570000 -2.827849 0.6118 0.3961 0.2039
v 0.796847 0.570000 -2.807849 0.6118 0.3961 0.2039
v 0.776847 0.770000 -2.807849 0.6118 0.3961 0.2039
v 0.796847 0.750000 -2.807849 0.6118 0.3961 0.2039
v 0.776847 0.750000 -2.827849 0.6118 0.3961 0.2039
v 1.676847 0.550000 -0.847849 0.6118 0.3961 0.2039
v 1.676847 0.570000 -0.827850 0.6118 0.3961 0.2039
v 1.656847 0.570000 -0.847849 0.6118 0.3961 0.2039
v 1.676847 0.750000 -0.827850 0.6118 0.3961 0.2039
v 1.676847 0.770000 -0.847849 0.6118 0.3961 0.2039
v 1.656847 0.750000 -0.847849 0.6118 0.3961 0.2039
v 1.676847 0.550000 -2.807849 0.6118 0.3961 0.2039
v 1.656847 0.570000 -2.807849 0.6118 0.3961 0.2039
v 1.676847 0.570000 -2.827849 0.6118 0.3961 0.2039
v 1.676847 0.770000 -2.807849 0.6118 0.3961 0.2039
v 1.676847 0.750000 -2.827849 0.6118 0.3961 0.2039
v 1.656847 0.750000 -2.807849 0.6118 0.3961 0.2039
v 1.856847 0.550000 -0.847849 0.6118 0.3961 0.2039
v 1.876847 0.570000 -0.847849 0.6118 0.3961 0.2039
v 1.856847 0.570000 -0.827850 0.6118 0.3961 0.2039
v 1.856847 0.770000 -0.847849 0.6118 0.3961 0.2039
v 1.856847 0.750000 -0.827850 0.6118 0.3961 0.2039
v 1.876847 0.750000 -0.847849 0.6118 0.3961 0.2039
v 1.856847 0.550000 -2.807849 0.6118 0.3961 0.2039
v 1.856847 0.570000 -2.827849 0.6118 0.3961 0.2039
v 1.876847 0.570000 -2.807849 0.6118 0.3961 0.2039
v 1.856847 0.770000 -2.807849 0.6118 0.3961 0.2039
v 1.876847 0.750000 -2.807849 0.6118 0.3961 0.2039
v 1.856847 0.750000 -2.827849 0.6118 0.3961 0.2039
v -0.498153 0.460000 -0.842849 0.7882 0.5412 0.2941
v -0.498153 0.475000 -0.827850 0.7882 0.5412 0.2941
v -0.513153 0.475000 -0.842849 0.7882 0.5412 0.2941
v -0.498153 0.525000 -0.827850 0.7882 0.5412 0.2941
v -0.498153 0.540000 -0.842849 0.7882 0.5412 0.2941
v -0.513153 0.525000 -0.842849 0.7882 0.5412 0.2941
v -0.498153 0.460000 -1.052850 0.7882 0.5412 0.2941
v -0.513153 0.475000 -1.052850 0.7882 0.5412 0.2941
v -0.498153 0.475000 -1.067850 0.7882 0.5412 0.2941
v -0.498153 0.540000 -1.052850 0.7882 0.5412 0.2941
v -0.498153 0.525000 -1.067850 0.7882 0.5412 0.2941
v -0.513153 0.525000 -1.052850 0.7882 0.5412 0.2941
v 1.871847 0.460000 -0.842849 0.7882 0.5412 0.2941
v 1.886847 0.475000 -0.842849 0.7882 0.5412 0.2941
v 1.871847 0.475000 -0.827850 0.7882 0.5412 0.2941
v 1.871847 0.540000 -0.842849 0.7882 0.5412 0.2941
v 1.871847 0.525000 -0.827850 0.7882 0.5412 0.2941
v 1.886847 0.525000 -0.842849 0.7882 0.5412 0.2941
v 1.871847 0.460000 -1.052850 0.7882 0.5412 0.2941
v 1.871847 0.475000 -1.067850 0.7882 0.5412 0.2941
v 1.886847 0.475000 -1.052850 0.7882 0.5412 0.2941
v 1.871847 0.540000 -1.052850 0.7882 0.5412 0.2941
v 1.886847 0.525000 -1.052850 0.7882 0.5412 0.2941
v 1.871847 0.525000 -1.067850 0.7882 0.5412 0.2941
v -0.498153 0.460000 -2.602850 0.7882 0.5412 0.2941
v -0.498153 0.475000 -2.587850 0.7882 0.5412 0.2941
v -0.513153 0.475000 -2.602850 0.7882 0.5412 0.2941
v -0.498153 0.525000 -2.587850 0.7882 0.5412 0.2941
v -0.498153 0.540000 -2.602850 0.7882 0.5412 0.2941
v -0.513153 0.525000 -2.602850 0.7882 0.5412 0.2941
v -0.498153 0.460000 -2.812849 0.7882 0.5412 0.2941
v -0.513153 0.475000 -2.812849 0.7882 0.5412 0.2941
v -0.498153 0.475000 -2.827849 0.7882 0.5412 0.2941
v -0.498153 0.540000 -2.812849 0.7882 0.5412 0.2941
v -0.498153 0.525000 -2.827849 0.7882 0.5412 0.2941
v -0.513153 0.525000 -2.812849 0.7882 0.5412 0.2941
v 1.871847 0.460000 -2.602850 0.7882 0.5412 0.2941
v 1.886847 0.475000 -2.602850 0.7882 0.5412 0.2941
v 1.871847 0.475000 -2.587850 0.7882 0.5412 0.2941
v 1.871847 0.540000 -2.602850 0.7882 0.5412 0.2941
v 1.871847 0.525000 -2.587850 0.7882 0.5412 0.2941
v 1.886847 0.525000 -2.602850 0.7882 0.5412 0.2941
v 1.871847 0.460000 -2.812849 0.7882 0.5412 0.2941
v 1.871847 0.475000 -2.827849 0.7882 0.5412 0.2941
v 1.886847 0.475000 -2.812849 0.7882 0.5412 0.2941
v 1.871847 0.540000 -2.812849 0.7882 0.5412 0.2941
v 1.886847 0.525000 -2.812849 0.7882 0.5412 0.2941
v 1.871847 0.525000 -2.827849 0.7882 0.5412 0.2941
v -0.457837 0.850000 -0.916608 0.7882 0.6039 0.3843
v -0.459233 0.890000 -0.876633 0.7882 0.6039 0.3843
v -0.497812 0.890000 -0.918004 0.7882 0.6039 0.3843
v -0.459233 1.610000 -0.876633 0.7882 0.6039 0.3843
v -0.457837 1.650000 -0.916608 0.7882 0.6039 0.3843
v -0.497812 1.610000 -0.918004 0.7882 0.6039 0.3843
v -0.427823 0.850000 -1.776084 0.7882 0.6039 0.3843
v -0.467799 0.890000 -1.777480 0.7882 0.6039 0.3843
v -0.426427 0.890000 -1.816060 0.7882 0.6039 0.3843
v -0.427823 1.650000 -1.776084 0.7882 0.6039 0.3843
v -0.426427 1.610000 -1.816060 0.7882 0.6039 0.3843
v -0.467799 1.610000 -1.777480 0.7882 0.6039 0.3843
v 0.601518 0.850000 -0.879615 0.7882 0.6039 0.3843
v 0.641493 0.890000 -0.878219 0.7882 0.6039 0.3843
v 0.600122 0.890000 -0.839639 0.7882 0.6039 0.3843
v 0.601518 1.650000 -0.879615 0.7882 0.6039 0.3843
v 0.600122 1.610000 -0.839639 0.7882 0.6039 0.3843
v 0.641493 1.610000 -0.878219 0.7882 0.6039 0.3843
v 0.631531 0.850000 -1.739091 0.7882 0.6039 0.3843
v 0.632927 0.890000 -1.779066 0.7882 0.6039 0.3843
v 0.671507 0.890000 -1.737695 0.7882 0.6039 0.3843
v 0.631531 1.650000 -1.739091 0.7882 0.6039 0.3843
v 0.671507 1.610000 -1.737695 0.7882 0.6039 0.3843
v 0.632927 1.610000 -1.779066 0.7882 0.6039 0.3843
v -0.044010 1.640000 -0.847124 0.9490 0.7608 0.1882
v -0.044010 1.670000 -0.847124 0.9490 0.7608 0.1882
v -0.010157 1.640000 -1.816533 0.9490 0.7608 0.1882
v -0.010157 1.670000 -1.816533 0.9490 0.7608 0.1882
v 0.183852 1.640000 -0.839166 0.9490 0.7608 0.1882
v 0.183852 1.670000 -0.839166 0.9490 0.7608 0.1882
v 0.217704 1.640000 -1.808576 0.9490 0.7608 0.1882
v 0.217704 1.670000 -1.808576 0.9490 0.7608 0.1882
v -0.044184 1.410000 -0.842127 0.9490 0.7608 0.1882
v -0.044184 1.650000 -0.842127 0.9490 0.7608 0.1882
v -0.043137 1.410000 -0.872108 0.9490 0.7608 0.1882
v -0.043137 1.650000 -0.872108 0.9490 0.7608 0.1882
v 0.183677 1.410000 -0.834170 0.9490 0.7608 0.1882
v 0.183677 1.650000 -0.834170 0.9490 0.7608 0.1882
v 0.184724 1.410000 -0.864151 0.9490 0.7608 0.1882
v 0.184724 1.650000 -0.864151 0.9490 0.7608 0.1882
v 0.138105 1.082000 -0.835761 1.0000 0.9647 0.8980
v 0.138105 1.258000 -0.835761 1.0000 0.9647 0.8980
v 0.139152 1.082000 -0.865743 1.0000 0.9647 0.8980
v 0.139152 1.258000 -0.865743 1.0000 0.9647 0.8980
v 0.502683 1.082000 -0.823030 1.0000 0.9647 0.8980
v 0.502683 1.258000 -0.823030 1.0000 0.9647 0.8980
v 0.503730 1.082000 -0.853011 1.0000 0.9647 0.8980
v 0.503730 1.258000 -0.853011 1.0000 0.9647 0.8980
v -0.443153 0.850000 -1.897849 0.7882 0.6039 0.3843
v -0.443153 0.890000 -1.857849 0.7882 0.6039 0.3843
v -0.483153 0.890000 -1.897849 0.7882 0.6039 0.3843
v -0.443153 1.610000 -1.857849 0.7882 0.6039 0.3843
v -0.443153 1.650000 -1.897849 0.7882 0.6039 0.3843
v -0.483153 1.610000 -1.897849 0.7882 0.6039 0.3843
v -0.443153 0.850000 -2.757849 0.7882 0.6039 0.3843
v -0.483153 0.890000 -2.757849 0.7882 0.6039 0.3843
v -0.443153 0.890000 -2.797849 0.7882 0.6039 0.3843
v -0.443153 1.650000 -2.757849 0.7882 0.6039 0.3843
v -0.443153 1.610000 -2.797849 0.7882 0.6039 0.3843
v -0.483153 1.610000 -2.757849 0.7882 0.6039 0.3843
v 0.616847 0.850000 -1.897849 0.7882 0.6039 0.3843
v 0.656847 0.890000 -1.897849 0.7882 0.6039 0.3843
v 0.616847 0.890000 -1.857849 0.7882 0.6039 0.3843
v 0.616847 1.650000 -1.897849 0.7882 0.6039 0.3843
v 0.616847 1.610000 -1.857849 0.7882 0.6039 0.3843
v 0.656847 1.610000 -1.897849 0.7882 0.6039 0.3843
v 0.616847 0.850000 -2.757849 0.7882 0.6039 0.3843
v 0.616847 0.890000 -2.797849 0.7882 0.6039 0.3843
v 0.656847 0.890000 -2.757849 0.7882 0.6039 0.3843
v 0.616847 1.650000 -2.757849 0.7882 0.6039 0.3843
v 0.656847 1.610000 -2.757849 0.7882 0.6039 0.3843
v 0.616847 1.610000 -2.797849 0.7882 0.6039 0.3843
v -0.027153 1.640000 -1.842849 0.9490 0.7608 0.1882
v -0.027153 1.670000 -1.842849 0.9490 0.7608 0.1882
v -0.027153 1.640000 -2.812850 0.9490 0.7608 0.1882
v -0.027153 1.670000 -2.812850 0.9490 0.7608 0.1882
v 0.200847 1.640000 -1.842849 0.9490 0.7608 0.1882
v 0.200847 1.670000 -1.842849 0.9490 0.7608 0.1882
v 0.200847 1.640000 -2.812850 0.9490 0.7608 0.1882
v 0.200847 1.670000 -2.812850 0.9490 0.7608 0.1882
v -0.027153 1.410000 -1.837849 0.9490 0.7608 0.1882
v -0.027153 1.650000 -1.837849 0.9490 0.7608 0.1882
v -0.027153 1.410000 -1.867849 0.9490 0.7608 0.1882
v -0.027153 1.650000 -1.867849 0.9490 0.7608 0.1882
v 0.200847 1.410000 -1.837849 0.9490 0.7608 0.1882
v 0.200847 1.650000 -1.837849 0.9490 0.7608 0.1882
v 0.200847 1.410000 -1.867849 0.9490 0.7608 0.1882
v 0.200847 1.650000 -1.867849 0.9490 0.7608 0.1882
v 0.756847 0.850000 -0.897850 0.7882 0.6039 0.3843
v 0.756847 0.890000 -0.857849 0.7882 0.6039 0.3843
v 0.716847 0.890000 -0.897850 0.7882 0.6039 0.3843
v 0.756847 1.610000 -0.857849 0.7882 0.6039 0.3843
v 0.756847 1.650000 -0.897850 0.7882 0.6039 0.3843
v 0.716847 1.610000 -0.897850 0.7882 0.6039 0.3843
v 0.756847 0.850000 -1.757850 0.7882 0.6039 0.3843
v 0.716847 0.890000 -1.757850 0.7882 0.6039 0.3843
v 0.756847 0.890000 -1.797850 0.7882 0.6039 0.3843
v 0.756847 1.650000 -1.757850 0.7882 0.6039 0.3843
v 0.756847 1.610000 -1.797850 0.7882 0.6039 0.3843
v 0.716847 1.610000 -1.757850 0.7882 0.6039 0.3843
v 1.816847 0.850000 -0.897850 0.7882 0.6039 0.3843
v 1.856847 0.890000 -0.897850 0.7882 0.6039 0.3843
v 1.816847 0.890000 -0.857849 0.7882 0.6039 0.3843
v 1.816847 1.650000 -0.897850 0.7882 0.6039 0.3843
v 1.816847 1.610000 -0.857849 0.7882 0.6039 0.3843
v 1.856847 1.610000 -0.897850 0.7882 0.6039 0.3843
v 1.816847 0.850000 -1.757850 0.7882 0.6039 0.3843
v 1.816847 0.890000 -1.797850 0.7882 0.6039 0.3843
v 1.856847 0.890000 -1.757850 0.7882 0.6039 0.3843
v 1.816847 1.650000 -1.757850 0.7882 0.6039 0.3843
v 1.856847 1.610000 -1.757850 0.7882 0.6039 0.3843
v 1.816847 1.610000 -1.797850 0.7882 0.6039 0.3843
v 1.172847 1.640000 -0.842849 0.8470 0.2275 0.1804
v 1.172847 1.670000 -0.842849 0.8470 0.2275 0.1804
v 1.172847 1.640000 -1.812850 0.8470 0.2275 0.1804
v 1.172847 1.670000 -1.812850 0.8470 0.2275 0.1804
v 1.400847 1.640000 -0.842849 0.8470 0.2275 0.1804
v 1.400847 1.670000 -0.842849 0.8470 0.2275 0.1804
v 1.400847 1.640000 -1.812850 0.8470 0.2275 0.1804
v 1.400847 1.670000 -1.812850 0.8470 0.2275 0.1804
v 1.172847 1.410000 -0.837849 0.8470 0.2275 0.1804
v 1.172847 1.650000 -0.837849 0.8470 0.2275 0.1804
v 1.172847 1.410000 -0.867849 0.8470 0.2275 0.1804
v 1.172847 1.650000 -0.867849 0.8470 0.2275 0.1804
v 1.400847 1.410000 -0.837849 0.8470 0.2275 0.1804
v 1.400847 1.650000 -0.837849 0.8470 0.2275 0.1804
v 1.400847 1.410000 -0.867849 0.8470 0.2275 0.1804
v 1.400847 1.650000 -0.867849 0.8470 0.2275 0.1804
v 1.355247 1.082000 -0.837849 1.0000 0.9647 0.8980
v 1.355247 1.258000 -0.837849 1.0000 0.9647 0.8980
v 1.355247 1.082000 -0.867849 1.0000 0.9647 0.8980
v 1.355247 1.258000 -0.867849 1.0000 0.9647 0.8980
v 1.720047 1.082000 -0.837849 1.0000 0.9647 0.8980
v 1.720047 1.258000 -0.837849 1.0000 0.9647 0.8980
v 1.720047 1.082000 -0.867849 1.0000 0.9647 0.8980
v 1.720047 1.258000 -0.867849 1.0000 0.9647 0.8980
v 0.772177 0.850000 -1.879615 0.7882 0.6039 0.3843
v 0.773573 0.890000 -1.839639 0.7882 0.6039 0.3843
v 0.732201 0.890000 -1.878219 0.7882 0.6039 0.3843
v 0.773573 1.610000 -1.839639 0.7882 0.6039 0.3843
v 0.772177 1.650000 -1.879615 0.7882 0.6039 0.3843
v 0.732201 1.610000 -1.878219 0.7882 0.6039 0.3843
v 0.742163 0.850000 -2.739091 0.7882 0.6039 0.3843
v 0.702188 0.890000 -2.737695 0.7882 0.6039 0.3843
v 0.740767 0.890000 -2.779066 0.7882 0.6039 0.3843
v 0.742163 1.650000 -2.739091 0.7882 0.6039 0.3843
v 0.740767 1.610000 -2.779066 0.7882 0.6039 0.3843
v 0.702188 1.610000 -2.737695 0.7882 0.6039 0.3843
v 1.831531 0.850000 -1.916608 0.7882 0.6039 0.3843
v 1.871507 0.890000 -1.918004 0.7882 0.6039 0.3843
v 1.832927 0.890000 -1.876632 0.7882 0.6039 0.3843
v 1.831531 1.650000 -1.916608 0.7882 0.6039 0.3843
v 1.832927 1.610000 -1.876632 0.7882 0.6039 0.3843
v 1.871507 1.610000 -1.918004 0.7882 0.6039 0.3843
v 1.801518 0.850000 -2.776084 0.7882 0.6039 0.3843
v 1.800122 0.890000 -2.816060 0.7882 0.6039 0.3843
v 1.841493 0.890000 -2.777480 0.7882 0.6039 0.3843
v 1.801518 1.650000 -2.776084 0.7882 0.6039 0.3843
v 1.841493 1.610000 -2.777480 0.7882 0.6039 0.3843
v 1.800122 1.610000 -2.816060 0.7882 0.6039 0.3843
v 1.189843 1.640000 -1.839166 0.8470 0.2275 0.1804
v 1.189843 1.670000 -1.839166 0.8470 0.2275 0.1804
v 1.155991 1.640000 -2.808575 0.8470 0.2275 0.1804
v 1.155991 1.670000 -2.808575 0.8470 0.2275 0.1804
v 1.417704 1.640000 -1.847123 0.8470 0.2275 0.1804
v 1.417704 1.670000 -1.847123 0.8470 0.2275 0.1804
v 1.383852 1.640000 -2.816533 0.8470 0.2275 0.1804
v 1.383852 1.670000 -2.816533 0.8470 0.2275 0.1804
v 1.190018 1.410000 -1.834169 0.8470 0.2275 0.1804
v 1.190018 1.650000 -1.834169 0.8470 0.2275 0.1804
v 1.188971 1.410000 -1.864151 0.8470 0.2275 0.1804
v 1.188971 1.650000 -1.864151 0.8470 0.2275 0.1804
v 1.417879 1.410000 -1.842126 0.8470 0.2275 0.1804
v 1.417879 1.650000 -1.842126 0.8470 0.2275 0.1804
v 1.416832 1.410000 -1.872108 0.8470 0.2275 0.1804
v 1.416832 1.650000 -1.872108 0.8470 0.2275 0.1804
v -0.443153 1.670000 -0.897850 0.7882 0.6039 0.3843
v -0.443153 1.710000 -0.857849 0.7882 0.6039 0.3843
v -0.483153 1.710000 -0.897850 0.7882 0.6039 0.3843
v -0.443153 2.430000 -0.857849 0.7882 0.6039 0.3843
v -0.443153 2.470000 -0.897850 0.7882 0.6039 0.3843
v -0.483153 2.430000 -0.897850 0.7882 0.6039 0.3843
v -0.443153 1.670000 -1.757850 0.7882 0.6039 0.3843
v -0.483153 1.710000 -1.757850 0.7882 0.6039 0.3843
v -0.443153 1.710000 -1.797850 0.7882 0.6039 0.3843
v -0.443153 2.470000 -1.757850 0.7882 0.6039 0.3843
v -0.443153 2.430000 -1.797850 0.7882 0.6039 0.3843
v -0.483153 2.430000 -1.757850 0.7882 0.6039 0.3843
v 0.616847 1.670000 -0.897850 0.7882 0.6039 0.3843
v 0.656847 1.710000 -0.897850 0.7882 0.6039 0.3843
v 0.616847 1.710000 -0.857849 0.7882 0.6039 0.3843
v 0.616847 2.470000 -0.897850 0.7882 0.6039 0.3843
v 0.616847 2.430000 -0.857849 0.7882 0.6039 0.3843
v 0.656847 2.430000 -0.897850 0.7882 0.6039 0.3843
v 0.616847 1.670000 -1.757850 0.7882 0.6039 0.3843
v 0.616847 1.710000 -1.797850 0.7882 0.6039 0.3843
v 0.656847 1.710000 -1.757850 0.7882 0.6039 0.3843
v 0.616847 2.470000 -1.757850 0.7882 0.6039 0.3843
v 0.656847 2.430000 -1.757850 0.7882 0.6039 0.3843
v 0.616847 2.430000 -1.797850 0.7882 0.6039 0.3843
v -0.027153 2.460000 -0.842849 0.8470 0.2275 0.1804
v -0.027153 2.490000 -0.842849 0.8470 0.2275 0.1804
v -0.027153 2.460000 -1.812850 0.8470 0.2275 0.1804
v -0.027153 2.490000 -1.812850 0.8470 0.2275 0.1804
v 0.200847 2.460000 -0.842849 0.8470 0.2275 0.1804
v 0.200847 2.490000 -0.842849 0.8470 0.2275 0.1804
v 0.200847 2.460000 -1.812850 0.8470 0.2275 0.1804
v 0.200847 2.490000 -1.812850 0.8470 0.2275 0.1804
v -0.027153 2.230000 -0.837849 0.8470 0.2275 0.1804
v -0.027153 2.470000 -0.837849 0.8470 0.2275 0.1804
v -0.027153 2.230000 -0.867849 0.8470 0.2275 0.1804
v -0.027153 2.470000 -0.867849 0.8470 0.2275 0.1804
v 0.200847 2.230000 -0.837849 0.8470 0.2275 0.1804
v 0.200847 2.470000 -0.837849 0.8470 0.2275 0.1804
v 0.200847 2.230000 -0.867849 0.8470 0.2275 0.1804
v 0.200847 2.470000 -0.867849 0.8470 0.2275 0.1804
v 0.155247 1.902000 -0.837849 1.0000 0.9647 0.8980
v 0.155247 2.078000 -0.837849 1.0000 0.9647 0.8980
v 0.155247 1.902000 -0.867849 1.0000 0.9647 0.8980
v 0.155247 2.078000 -0.867849 1.0000 0.9647 0.8980
v 0.520047 1.902000 -0.837849 1.0000 0.9647 0.8980
v 0.520047 2.078000 -0.837849 1.0000 0.9647 0.8980
v 0.520047 1.902000 -0.867849 1.0000 0.9647 0.8980
v 0.520047 2.078000 -0.867849 1.0000 0.9647 0.8980
v -0.427823 1.670000 -1.879615 0.7882 0.6039 0.3843
v -0.426427 1.710000 -1.839639 0.7882 0.6039 0.3843
v -0.467799 1.710000 -1.878219 0.7882 0.6039 0.3843
v -0.426427 2.430000 -1.839639 0.7882 0.6039 0.3843
v -0.427823 2.470000 -1.879615 0.7882 0.6039 0.3843
v -0.467799 2.430000 -1.878219 0.7882 0.6039 0.3843
v -0.457837 1.670000 -2.739091 0.7882 0.6039 0.3843
v -0.497812 1.710000 -2.737695 0.7882 0.6039 0.3843
v -0.459233 1.710000 -2.779066 0.7882 0.6039 0.3843
v -0.457837 2.470000 -2.739091 0.7882 0.6039 0.3843
v -0.459233 2.430000 -2.779066 0.7882 0.6039 0.3843
v -0.497812 2.430000 -2.737695 0.7882 0.6039 0.3843
v 0.631531 1.670000 -1.916608 0.7882 0.6039 0.3843
v 0.671507 1.710000 -1.918004 0.7882 0.6039 0.3843
v 0.632927 1.710000 -1.876632 0.7882 0.6039 0.3843
v 0.631531 2.470000 -1.916608 0.7882 0.6039 0.3843
v 0.632927 2.430000 -1.876632 0.7882 0.6039 0.3843
v 0.671507 2.430000 -1.918004 0.7882 0.6039 0.3843
v 0.601518 1.670000 -2.776084 0.7882 0.6039 0.3843
v 0.600122 1.710000 -2.816060 0.7882 0.6039 0.3843
v 0.641493 1.710000 -2.777480 0.7882 0.6039 0.3843
v 0.601518 2.470000 -2.776084 0.7882 0.6039 0.3843
v 0.641493 2.430000 -2.777480 0.7882 0.6039 0.3843
v 0.600122 2.430000 -2.816060 0.7882 0.6039 0.3843
v -0.010157 2.460000 -1.839166 0.8470 0.2275 0.1804
v -0.010157 2.490000 -1.839166 0.8470 0.2275 0.1804
v -0.044010 2.460000 -2.808575 0.8470 0.2275 0.1804
v -0.044010 2.490000 -2.808575 0.8470 0.2275 0.1804
v 0.217704 2.460000 -1.847123 0.8470 0.2275 0.1804
v 0.217704 2.490000 -1.847123 0.8470 0.2275 0.1804
v 0.183852 2.460000 -2.816533 0.8470 0.2275 0.1804
v 0.183852 2.490000 -2.816533 0.8470 0.2275 0.1804
v -0.009982 2.230000 -1.834169 0.8470 0.2275 0.1804
v -0.009982 2.470000 -1.834169 0.8470 0.2275 0.1804
v -0.011029 2.230000 -1.864151 0.8470 0.2275 0.1804
v -0.011029 2.470000 -1.864151 0.8470 0.2275 0.1804
v 0.217879 2.230000 -1.842126 0.8470 0.2275 0.1804
v 0.217879 2.470000 -1.842126 0.8470 0.2275 0.1804
v 0.216832 2.230000 -1.872108 0.8470 0.2275 0.1804
v 0.216832 2.470000 -1.872108 0.8470 0.2275 0.1804
v 0.772177 1.670000 -0.879615 0.7882 0.6039 0.3843
v 0.773573 1.710000 -0.839639 0.7882 0.6039 0.3843
v 0.732201 1.710000 -0.878219 0.7882 0.6039 0.3843
v 0.773573 2.430000 -0.839639 0.7882 0.6039 0.3843
v 0.772177 2.470000 -0.879615 0.7882 0.6039 0.3843
v 0.732201 2.430000 -0.878219 0.7882 0.6039 0.3843
v 0.742163 1.670000 -1.739091 0.7882 0.6039 0.3843
v 0.702188 1.710000 -1.737695 0.7882 0.6039 0.3843
v 0.740767 1.710000 -1.779066 0.7882 0.6039 0.3843
v 0.742163 2.470000 -1.739091 0.7882 0.6039 0.3843
v 0.740767 2.430000 -1.779066 0.7882 0.6039 0.3843
v 0.702188 2.430000 -1.737695 0.7882 0.6039 0.3843
v 1.831531 1.670000 -0.916608 0.7882 0.6039 0.3843
v 1.871507 1.710000 -0.918004 0.7882 0.6039 0.3843
v 1.832927 1.710000 -0.876633 0.7882 0.6039 0.3843
v 1.831531 2.470000 -0.916608 0.7882 0.6039 0.3843
v 1.832927 2.430000 -0.876633 0.7882 0.6039 0.3843
v 1.871507 2.430000 -0.918004 0.7882 0.6039 0.3843
v 1.801518 1.670000 -1.776084 0.7882 0.6039 0.3843
v 1.800122 1.710000 -1.816060 0.7882 0.6039 0.3843
v 1.841493 1.710000 -1.777480 0.7882 0.6039 0.3843
v 1.801518 2.470000 -1.776084 0.7882 0.6039 0.3843
v 1.841493 2.430000 -1.777480 0.7882 0.6039 0.3843
v 1.800122 2.430000 -1.816060 0.7882 0.6039 0.3843
v 1.189843 2.460000 -0.839166 0.9490 0.7608 0.1882
v 1.189843 2.490000 -0.839166 0.9490 0.7608 0.1882
v 1.155991 2.460000 -1.808576 0.9490 0.7608 0.1882
v 1.155991 2.490000 -1.808576 0.9490 0.7608 0.1882
v 1.417704 2.460000 -0.847124 0.9490 0.7608 0.1882
v 1.417704 2.490000 -0.847124 0.9490 0.7608 0.1882
v 1.383852 2.460000 -1.816533 0.9490 0.7608 0.1882
v 1.383852 2.490000 -1.816533 0.9490 0.7608 0.1882
v 1.190018 2.230000 -0.834170 0.9490 0.7608 0.1882
v 1.190018 2.470000 -0.834170 0.9490 0.7608 0.1882
v 1.188971 2.230000 -0.864151 0.9490 0.7608 0.1882
v 1.188971 2.470000 -0.864151 0.9490 0.7608 0.1882
v 1.417879 2.230000 -0.842127 0.9490 0.7608 0.1882
v 1.417879 2.470000 -0.842127 0.9490 0.7608 0.1882
v 1.416832 2.230000 -0.872108 0.9490 0.7608 0.1882
v 1.416832 2.470000 -0.872108 0.9490 0.7608 0.1882
v 1.372306 1.902000 -0.840535 1.0000 0.9647 0.8980
v 1.372306 2.078000 -0.840535 1.0000 0.9647 0.8980
v 1.371259 1.902000 -0.870517 1.0000 0.9647 0.8980
v 1.371259 2.078000 -0.870517 1.0000 0.9647 0.8980
v 1.736884 1.902000 -0.853266 1.0000 0.9647 0.8980
v 1.736884 2.078000 -0.853266 1.0000 0.9647 0.8980
v 1.735837 1.902000 -0.883248 1.0000 0.9647 0.8980
v 1.735837 2.078000 -0.883248 1.0000 0.9647 0.8980
v 0.742163 1.670000 -1.916608 0.7882 0.6039 0.3843
v 0.740767 1.710000 -1.876632 0.7882 0.6039 0.3843
v 0.702188 1.710000 -1.918004 0.7882 0.6039 0.3843
v 0.740767 2.430000 -1.876632 0.7882 0.6039 0.3843
v 0.742163 2.470000 -1.916608 0.7882 0.6039 0.3843
v 0.702188 2.430000 -1.918004 0.7882 0.6039 0.3843
v 0.772177 1.670000 -2.776084 0.7882 0.6039 0.3843
v 0.732201 1.710000 -2.777480 0.7882 0.6039 0.3843
v 0.773573 1.710000 -2.816060 0.7882 0.6039 0.3843
v 0.772177 2.470000 -2.776084 0.7882 0.6039 0.3843
v 0.773573 2.430000 -2.816060 0.7882 0.6039 0.3843
v 0.732201 2.430000 -2.777480 0.7882 0.6039 0.3843
v 1.801518 1.670000 -1.879615 0.7882 0.6039 0.3843
v 1.841493 1.710000 -1.878219 0.7882 0.6039 0.3843
v 1.800122 1.710000 -1.839639 0.7882 0.6039 0.3843
v 1.801518 2.470000 -1.879615 0.7882 0.6039 0.3843
v 1.800122 2.430000 -1.839639 0.7882 0.6039 0.3843
v 1.841493 2.430000 -1.878219 0.7882 0.6039 0.3843
v 1.831531 1.670000 -2.739091 0.7882 0.6039 0.3843
v 1.832927 1.710000 -2.779066 0.7882 0.6039 0.3843
v 1.871507 1.710000 -2.737695 0.7882 0.6039 0.3843
v 1.831531 2.470000 -2.739091 0.7882 0.6039 0.3843
v 1.871507 2.430000 -2.737695 0.7882 0.6039 0.3843
v 1.832927 2.430000 -2.779066 0.7882 0.6039 0.3843
v 1.155991 2.460000 -1.847123 0.9490 0.7608 0.1882
v 1.155991 2.490000 -1.847123 0.9490 0.7608 0.1882
v 1.189843 2.460000 -2.816533 0.9490 0.7608 0.1882
v 1.189843 2.490000 -2.816533 0.9490 0.7608 0.1882
v 1.383852 2.460000 -1.839166 0.9490 0.7608 0.1882
v 1.383852 2.490000 -1.839166 0.9490 0.7608 0.1882
v 1.417704 2.460000 -2.808575 0.9490 0.7608 0.1882
v 1.417704 2.490000 -2.808575 0.9490 0.7608 0.1882
v 1.155816 2.230000 -1.842126 0.9490 0.7608 0.1882
v 1.155816 2.470000 -1.842126 0.9490 0.7608 0.1882
v 1.156863 2.230000 -1.872108 0.9490 0.7608 0.1882
v 1.156863 2.470000 -1.872108 0.9490 0.7608 0.1882
v 1.383677 2.230000 -1.834169 0.9490 0.7608 0.1882
v 1.383677 2.470000 -1.834169 0.9490 0.7608 0.1882
v 1.384724 2.230000 -1.864151 0.9490 0.7608 0.1882
v 1.384724 2.470000 -1.864151 0.9490 0.7608 0.1882
v -0.453153 0.850000 -0.887850 0.8666 0.9529 0.9804
v -0.453153 0.950000 -0.787850 0.8666 0.9529 0.9804
v -0.553153 0.950000 -0.887850 0.8666 0.9529 0.9804
v -0.453153 0.879289 -0.817139 0.8666 0.9529 0.9804
v -0.510888 0.892265 -0.830115 0.8666 0.9529 0.9804
v -0.523863 0.950000 -0.817139 0.8666 0.9529 0.9804
v -0.523863 0.879289 -0.887850 0.8666 0.9529 0.9804
v -0.453153 2.290000 -0.787850 0.8666 0.9529 0.9804
v -0.453153 2.390000 -0.887850 0.8666 0.9529 0.9804
v -0.553153 2.290000 -0.887850 0.8666 0.9529 0.9804
v -0.453153 2.360711 -0.817139 0.8666 0.9529 0.9804
v -0.510888 2.347735 -0.830115 0.8666 0.9529 0.9804
v -0.523863 2.360711 -0.887850 0.8666 0.9529 0.9804
v -0.523863 2.290000 -0.817139 0.8666 0.9529 0.9804
v -0.453153 0.850000 -2.767849 0.8666 0.9529 0.9804
v -0.553153 0.950000 -2.767849 0.8666 0.9529 0.9804
v -0.453153 0.950000 -2.867849 0.8666 0.9529 0.9804
v -0.523863 0.879289 -2.767849 0.8666 0.9529 0.9804
v -0.510888 0.892265 -2.825584 0.8666 0.9529 0.9804
v -0.523863 0.950000 -2.838560 0.8666 0.9529 0.9804
v -0.453153 0.879289 -2.838560 0.8666 0.9529 0.9804
v -0.453153 2.390000 -2.767849 0.8666 0.9529 0.9804
v -0.453153 2.290000 -2.867849 0.8666 0.9529 0.9804
v -0.553153 2.290000 -2.767849 0.8666 0.9529 0.9804
v -0.453153 2.360711 -2.838560 0.8666 0.9529 0.9804
v -0.510888 2.347735 -2.825584 0.8666 0.9529 0.9804
v -0.523863 2.290000 -2.838560 0.8666 0.9529 0.9804
v -0.523863 2.360711 -2.767849 0.8666 0.9529 0.9804
v 1.826847 0.850000 -0.887850 0.8666 0.9529 0.9804
v 1.926847 0.950000 -0.887850 0.8666 0.9529 0.9804
v 1.826847 0.950000 -0.787850 0.8666 0.9529 0.9804
v 1.897558 0.879289 -0.887850 0.8666 0.9529 0.9804
v 1.884582 0.892265 -0.830115 0.8666 0.9529 0.9804
v 1.897558 0.950000 -0.817139 0.8666 0.9529 0.9804
v 1.826847 0.879289 -0.817139 0.8666 0.9529 0.9804
v 1.826847 2.390000 -0.887850 0.8666 0.9529 0.9804
v 1.826847 2.290000 -0.787850 0.8666 0.9529 0.9804
v 1.926847 2.290000 -0.887850 0.8666 0.9529 0.9804
v 1.826847 2.360711 -0.817139 0.8666 0.9529 0.9804
v 1.884582 2.347735 -0.830115 0.8666 0.9529 0.9804
v 1.897558 2.290000 -0.817139 0.8666 0.9529 0.9804
v 1.897558 2.360711 -0.887850 0.8666 0.9529 0.9804
v 1.826847 0.850000 -2.767849 0.8666 0.9529 0.9804
v 1.826847 0.950000 -2.867849 0.8666 0.9529 0.9804
v 1.926847 0.950000 -2.767849 0.8666 0.9529 0.9804
v 1.826847 0.879289 -2.838560 0.8666 0.9529 0.9804
v 1.884582 0.892265 -2.825584 0.8666 0.9529 0.9804
v 1.897558 0.950000 -2.838560 0.8666 0.9529 0.9804
v 1.897558 0.879289 -2.767849 0.8666 0.9529 0.9804
v 1.826847 2.390000 -2.767849 0.8666 0.9529 0.9804
v 1.926847 2.290000 -2.767849 0.8666 0.9529 0.9804
v 1.826847 2.290000 -2.867849 0.8666 0.9529 0.9804
v 1.897558 2.360711 -2.767849 0.8666 0.9529 0.9804
v 1.884582 2.347735 -2.825584 0.8666 0.9529 0.9804
v 1.897558 2.290000 -2.838560 0.8666 0.9529 0.9804
v 1.826847 2.360711 -2.838560 0.8666 0.9529 0.9804
v -0.563153 1.545000 -0.752850 0.2471 0.7137 0.7882
v -0.563153 1.795000 -0.752850 0.2471 0.7137 0.7882
v -0.563153 1.545000 -0.802849 0.2471 0.7137 0.7882
v -0.563153 1.795000 -0.802849 0.2471 0.7137 0.7882
v 1.936847 1.545000 -0.752850 0.2471 0.7137 0.7882
v 1.936847 1.795000 -0.752850 0.2471 0.7137 0.7882
v 1.936847 1.545000 -0.802849 0.2471 0.7137 0.7882
v 1.936847 1.795000 -0.802849 0.2471 0.7137 0.7882
v -3.607795 0.350000 2.556682 0.7882 0.5412 0.2941
v -3.606488 0.365000 2.571625 0.7882 0.5412 0.2941
v -3.622738 0.365000 2.557989 0.7882 0.5412 0.2941
v -3.606488 0.415000 2.571625 0.7882 0.5412 0.2941
v -3.607795 0.430000 2.556682 0.7882 0.5412 0.2941
v -3.622738 0.415000 2.557989 0.7882 0.5412 0.2941
v -3.631327 0.350000 2.287709 0.7882 0.5412 0.2941
v -3.646270 0.365000 2.289017 0.7882 0.5412 0.2941
v -3.632634 0.365000 2.272767 0.7882 0.5412 0.2941
v -3.631327 0.430000 2.287709 0.7882 0.5412 0.2941
v -3.632634 0.415000 2.272767 0.7882 0.5412 0.2941
v -3.646270 0.415000 2.289017 0.7882 0.5412 0.2941
v -1.246813 0.350000 2.350123 0.7882 0.5412 0.2941
v -1.231871 0.365000 2.348815 0.7882 0.5412 0.2941
v -1.245506 0.365000 2.365066 0.7882 0.5412 0.2941
v -1.246813 0.430000 2.350123 0.7882 0.5412 0.2941
v -1.245506 0.415000 2.365066 0.7882 0.5412 0.2941
v -1.231871 0.415000 2.348815 0.7882 0.5412 0.2941
v -1.270345 0.350000 2.081150 0.7882 0.5412 0.2941
v -1.271653 0.365000 2.066207 0.7882 0.5412 0.2941
v -1.255402 0.365000 2.079843 0.7882 0.5412 0.2941
v -1.270345 0.430000 2.081150 0.7882 0.5412 0.2941
v -1.255402 0.415000 2.079843 0.7882 0.5412 0.2941
v -1.271653 0.415000 2.066207 0.7882 0.5412 0.2941
v -3.644836 0.350000 2.133299 0.7882 0.5412 0.2941
v -3.643529 0.365000 2.148242 0.7882 0.5412 0.2941
v -3.659779 0.365000 2.134607 0.7882 0.5412 0.2941
v -3.643529 0.415000 2.148242 0.7882 0.5412 0.2941
v -3.644836 0.430000 2.133299 0.7882 0.5412 0.2941
v -3.659779 0.415000 2.134607 0.7882 0.5412 0.2941
v -3.668368 0.350000 1.864327 0.7882 0.5412 0.2941
v -3.683311 0.365000 1.865634 0.7882 0.5412 0.2941
v -3.669676 0.365000 1.849384 0.7882 0.5412 0.2941
v -3.668368 0.430000 1.864327 0.7882 0.5412 0.2941
v -3.669676 0.415000 1.849384 0.7882 0.5412 0.2941
v -3.683311 0.415000 1.865634 0.7882 0.5412 0.2941
v -1.283855 0.350000 1.926740 0.7882 0.5412 0.2941
v -1.268912 0.365000 1.925433 0.7882 0.5412 0.2941
v -1.282547 0.365000 1.941683 0.7882 0.5412 0.2941
v -1.283855 0.430000 1.926740 0.7882 0.5412 0.2941
v -1.282547 0.415000 1.941683 0.7882 0.5412 0.2941
v -1.268912 0.415000 1.925433 0.7882 0.5412 0.2941
v -1.307387 0.350000 1.657767 0.7882 0.5412 0.2941
v -1.308694 0.365000 1.642825 0.7882 0.5412 0.2941
v -1.292444 0.365000 1.656460 0.7882 0.5412 0.2941
v -1.307387 0.430000 1.657767 0.7882 0.5412 0.2941
v -1.292444 0.415000 1.656460 0.7882 0.5412 0.2941
v -1.308694 0.415000 1.642825 0.7882 0.5412 0.2941
v -3.681877 0.350000 1.709916 0.7882 0.5412 0.2941
v -3.680570 0.365000 1.724859 0.7882 0.5412 0.2941
v -3.696820 0.365000 1.711224 0.7882 0.5412 0.2941
v -3.680570 0.415000 1.724859 0.7882 0.5412 0.2941
v -3.681877 0.430000 1.709916 0.7882 0.5412 0.2941
v -3.696820 0.415000 1.711224 0.7882 0.5412 0.2941
v -3.705410 0.350000 1.440944 0.7882 0.5412 0.2941
v -3.720352 0.365000 1.442251 0.7882 0.5412 0.2941
v -3.706717 0.365000 1.426001 0.7882 0.5412 0.2941
v -3.705410 0.430000 1.440944 0.7882 0.5412 0.2941
v -3.706717 0.415000 1.426001 0.7882 0.5412 0.2941
v -3.720352 0.415000 1.442251 0.7882 0.5412 0.2941
v -1.320896 0.350000 1.503357 0.7882 0.5412 0.2941
v -1.305953 0.365000 1.502050 0.7882 0.5412 0.2941
v -1.319588 0.365000 1.518300 0.7882 0.5412 0.2941
v -1.320896 0.430000 1.503357 0.7882 0.5412 0.2941
v -1.319588 0.415000 1.518300 0.7882 0.5412 0.2941
v -1.305953 0.415000 1.502050 0.7882 0.5412 0.2941
v -1.344428 0.350000 1.234385 0.7882 0.5412 0.2941
v -1.345735 0.365000 1.219442 0.7882 0.5412 0.2941
v -1.329485 0.365000 1.233077 0.7882 0.5412 0.2941
v -1.344428 0.430000 1.234385 0.7882 0.5412 0.2941
v -1.329485 0.415000 1.233077 0.7882 0.5412 0.2941
v -1.345735 0.415000 1.219442 0.7882 0.5412 0.2941
v -3.718919 0.350000 1.286534 0.7882 0.5412 0.2941
v -3.717611 0.365000 1.301477 0.7882 0.5412 0.2941
v -3.733861 0.365000 1.287841 0.7882 0.5412 0.2941
v -3.717611 0.415000 1.301477 0.7882 0.5412 0.2941
v -3.718919 0.430000 1.286534 0.7882 0.5412 0.2941
v -3.733861 0.415000 1.287841 0.7882 0.5412 0.2941
v -3.742451 0.350000 1.017561 0.7882 0.5412 0.2941
v -3.757394 0.365000 1.018868 0.7882 0.5412 0.2941
v -3.743758 0.365000 1.002618 0.7882 0.5412 0.2941
v -3.742451 0.430000 1.017561 0.7882 0.5412 0.2941
v -3.743758 0.415000 1.002618 0.7882 0.5412 0.2941
v -3.757394 0.415000 1.018868 0.7882 0.5412 0.2941
v -1.357937 0.350000 1.079975 0.7882 0.5412 0.2941
v -1.342994 0.365000 1.078667 0.7882 0.5412 0.2941
v -1.356630 0.365000 1.094917 0.7882 0.5412 0.2941
v -1.357937 0.430000 1.079975 0.7882 0.5412 0.2941
v -1.356630 0.415000 1.094917 0.7882 0.5412 0.2941
v -1.342994 0.415000 1.078667 0.7882 0.5412 0.2941
v -1.381469 0.350000 0.811002 0.7882 0.5412 0.2941
v -1.382776 0.365000 0.796059 0.7882 0.5412 0.2941
v -1.366526 0.365000 0.809695 0.7882 0.5412 0.2941
v -1.381469 0.430000 0.811002 0.7882 0.5412 0.2941
v -1.366526 0.415000 0.809695 0.7882 0.5412 0.2941
v -1.382776 0.415000 0.796059 0.7882 0.5412 0.2941
v -3.755960 0.350000 0.863151 0.7882 0.5412 0.2941
v -3.754653 0.365000 0.878094 0.7882 0.5412 0.2941
v -3.770903 0.365000 0.864458 0.7882 0.5412 0.2941
v -3.754653 0.415000 0.878094 0.7882 0.5412 0.2941
v -3.755960 0.430000 0.863151 0.7882 0.5412 0.2941
v -3.770903 0.415000 0.864458 0.7882 0.5412 0.2941
v -3.779492 0.350000 0.594178 0.7882 0.5412 0.2941
v -3.794435 0.365000 0.595486 0.7882 0.5412 0.2941
v -3.780799 0.365000 0.579235 0.7882 0.5412 0.2941
v -3.779492 0.430000 0.594178 0.7882 0.5412 0.2941
v -3.780799 0.415000 0.579235 0.7882 0.5412 0.2941
v -3.794435 0.415000 0.595486 0.7882 0.5412 0.2941
v -1.394978 0.350000 0.656592 0.7882 0.5412 0.2941
v -1.380035 0.365000 0.655284 0.7882 0.5412 0.2941
v -1.393671 0.365000 0.671535 0.7882 0.5412 0.2941
v -1.394978 0.430000 0.656592 0.7882 0.5412 0.2941
v -1.393671 0.415000 0.671535 0.7882 0.5412 0.2941
v -1.380035 0.415000 0.655284 0.7882 0.5412 0.2941
v -1.418510 0.350000 0.387619 0.7882 0.5412 0.2941
v -1.419817 0.365000 0.372676 0.7882 0.5412 0.2941
v -1.403567 0.365000 0.386312 0.7882 0.5412 0.2941
v -1.418510 0.430000 0.387619 0.7882 0.5412 0.2941
v -1.403567 0.415000 0.386312 0.7882 0.5412 0.2941
v -1.419817 0.415000 0.372676 0.7882 0.5412 0.2941
v -3.593288 0.130000 2.550394 0.6118 0.3961 0.2039
v -3.591545 0.150000 2.570318 0.6118 0.3961 0.2039
v -3.613212 0.150000 2.552137 0.6118 0.3961 0.2039
v -3.591545 0.330000 2.570318 0.6118 0.3961 0.2039
v -3.593288 0.350000 2.550394 0.6118 0.3961 0.2039
v -3.613212 0.330000 2.552137 0.6118 0.3961 0.2039
v -3.764113 0.130000 0.597852 0.6118 0.3961 0.2039
v -3.784037 0.150000 0.599595 0.6118 0.3961 0.2039
v -3.765856 0.150000 0.577928 0.6118 0.3961 0.2039
v -3.764113 0.350000 0.597852 0.6118 0.3961 0.2039
v -3.765856 0.330000 0.577928 0.6118 0.3961 0.2039
v -3.784037 0.330000 0.599595 0.6118 0.3961 0.2039
v -3.413973 0.130000 2.534706 0.6118 0.3961 0.2039
v -3.394049 0.150000 2.532963 0.6118 0.3961 0.2039
v -3.412230 0.150000 2.554630 0.6118 0.3961 0.2039
v -3.413973 0.350000 2.534706 0.6118 0.3961 0.2039
v -3.412230 0.330000 2.554630 0.6118 0.3961 0.2039
v -3.394049 0.330000 2.532963 0.6118 0.3961 0.2039
v -3.584798 0.130000 0.582164 0.6118 0.3961 0.2039
v -3.586541 0.150000 0.562240 0.6118 0.3961 0.2039
v -3.564874 0.150000 0.580421 0.6118 0.3961 0.2039
v -3.584798 0.350000 0.582164 0.6118 0.3961 0.2039
v -3.564874 0.330000 0.580421 0.6118 0.3961 0.2039
v -3.586541 0.330000 0.562240 0.6118 0.3961 0.2039
v -2.517397 0.130000 2.456265 0.6118 0.3961 0.2039
v -2.515654 0.150000 2.476189 0.6118 0.3961 0.2039
v -2.537321 0.150000 2.458009 0.6118 0.3961 0.2039
v -2.515654 0.330000 2.476189 0.6118 0.3961 0.2039
v -2.517397 0.350000 2.456265 0.6118 0.3961 0.2039
v -2.537321 0.330000 2.458009 0.6118 0.3961 0.2039
v -2.688223 0.130000 0.503724 0.6118 0.3961 0.2039
v -2.708147 0.150000 0.505467 0.6118 0.3961 0.2039
v -2.689966 0.150000 0.483800 0.6118 0.3961 0.2039
v -2.688223 0.350000 0.503724 0.6118 0.3961 0.2039
v -2.689966 0.330000 0.483800 0.6118 0.3961 0.2039
v -2.708147 0.330000 0.505467 0.6118 0.3961 0.2039
v -2.338083 0.130000 2.440577 0.6118 0.3961 0.2039
v -2.318159 0.150000 2.438834 0.6118 0.3961 0.2039
v -2.336339 0.150000 2.460501 0.6118 0.3961 0.2039
v -2.338083 0.350000 2.440577 0.6118 0.3961 0.2039
v -2.336339 0.330000 2.460501 0.6118 0.3961 0.2039
v -2.318159 0.330000 2.438834 0.6118 0.3961 0.2039
v -2.508908 0.130000 0.488036 0.6118 0.3961 0.2039
v -2.510651 0.150000 0.468112 0.6118 0.3961 0.2039
v -2.488984 0.150000 0.486293 0.6118 0.3961 0.2039
v -2.508908 0.350000 0.488036 0.6118 0.3961 0.2039
v -2.488984 0.330000 0.486293 0.6118 0.3961 0.2039
v -2.510651 0.330000 0.468112 0.6118 0.3961 0.2039
v -1.441507 0.130000 2.362137 0.6118 0.3961 0.2039
v -1.439764 0.150000 2.382061 0.6118 0.3961 0.2039
v -1.461431 0.150000 2.363880 0.6118 0.3961 0.2039
v -1.439764 0.330000 2.382061 0.6118 0.3961 0.2039
v -1.441507 0.350000 2.362137 0.6118 0.3961 0.2039
v -1.461431 0.330000 2.363880 0.6118 0.3961 0.2039
v -1.612332 0.130000 0.409595 0.6118 0.3961 0.2039
v -1.632256 0.150000 0.411339 0.6118 0.3961 0.2039
v -1.614076 0.150000 0.389672 0.6118 0.3961 0.2039
v -1.612332 0.350000 0.409595 0.6118 0.3961 0.2039
v -1.614076 0.330000 0.389672 0.6118 0.3961 0.2039
v -1.632256 0.330000 0.411339 0.6118 0.3961 0.2039
v -1.262192 0.130000 2.346449 0.6118 0.3961 0.2039
v -1.242268 0.150000 2.344706 0.6118 0.3961 0.2039
v -1.260449 0.150000 2.366373 0.6118 0.3961 0.2039
v -1.262192 0.350000 2.346449 0.6118 0.3961 0.2039
v -1.260449 0.330000 2.366373 0.6118 0.3961 0.2039
v -1.242268 0.330000 2.344706 0.6118 0.3961 0.2039
v -1.433017 0.130000 0.393908 0.6118 0.3961 0.2039
v -1.434760 0.150000 0.373984 0.6118 0.3961 0.2039
v -1.413093 0.150000 0.392164 0.6118 0.3961 0.2039
v -1.433017 0.350000 0.393908 0.6118 0.3961 0.2039
v -1.413093 0.330000 0.392164 0.6118 0.3961 0.2039
v -1.434760 0.330000 0.373984 0.6118 0.3961 0.2039
v -3.607795 0.040000 2.556682 0.7882 0.5412 0.2941
v -3.606488 0.055000 2.571625 0.7882 0.5412 0.2941
v -3.622738 0.055000 2.557989 0.7882 0.5412 0.2941
v -3.606488 0.105000 2.571625 0.7882 0.5412 0.2941
v -3.607795 0.120000 2.556682 0.7882 0.5412 0.2941
v -3.622738 0.105000 2.557989 0.7882 0.5412 0.2941
v -3.626098 0.040000 2.347481 0.7882 0.5412 0.2941
v -3.641041 0.055000 2.348788 0.7882 0.5412 0.2941
v -3.627405 0.055000 2.332538 0.7882 0.5412 0.2941
v -3.626098 0.120000 2.347481 0.7882 0.5412 0.2941
v -3.627405 0.105000 2.332538 0.7882 0.5412 0.2941
v -3.641041 0.105000 2.348788 0.7882 0.5412 0.2941
v -1.246813 0.040000 2.350123 0.7882 0.5412 0.2941
v -1.231871 0.055000 2.348815 0.7882 0.5412 0.2941
v -1.245506 0.055000 2.365066 0.7882 0.5412 0.2941
v -1.246813 0.120000 2.350123 0.7882 0.5412 0.2941
v -1.245506 0.105000 2.365066 0.7882 0.5412 0.2941
v -1.231871 0.105000 2.348815 0.7882 0.5412 0.2941
v -1.265116 0.040000 2.140922 0.7882 0.5412 0.2941
v -1.266423 0.055000 2.125979 0.7882 0.5412 0.2941
v -1.250173 0.055000 2.139615 0.7882 0.5412 0.2941
v -1.265116 0.120000 2.140922 0.7882 0.5412 0.2941
v -1.250173 0.105000 2.139615 0.7882 0.5412 0.2941
v -1.266423 0.105000 2.125979 0.7882 0.5412 0.2941
v -3.761189 0.040000 0.803379 0.7882 0.5412 0.2941
v -3.759882 0.055000 0.818322 0.7882 0.5412 0.2941
v -3.776132 0.055000 0.804687 0.7882 0.5412 0.2941
v -3.759882 0.105000 0.818322 0.7882 0.5412 0.2941
v -3.761189 0.120000 0.803379 0.7882 0.5412 0.2941
v -3.776132 0.105000 0.804687 0.7882 0.5412 0.2941
v -3.779492 0.040000 0.594178 0.7882 0.5412 0.2941
v -3.794435 0.055000 0.595486 0.7882 0.5412 0.2941
v -3.780799 0.055000 0.579235 0.7882 0.5412 0.2941
v -3.779492 0.120000 0.594178 0.7882 0.5412 0.2941
v -3.780799 0.105000 0.579235 0.7882 0.5412 0.2941
v -3.794435 0.105000 0.595486 0.7882 0.5412 0.2941
v -1.400208 0.040000 0.596820 0.7882 0.5412 0.2941
v -1.385265 0.055000 0.595513 0.7882 0.5412 0.2941
v -1.398900 0.055000 0.611763 0.7882 0.5412 0.2941
v -1.400208 0.120000 0.596820 0.7882 0.5412 0.2941
v -1.398900 0.105000 0.611763 0.7882 0.5412 0.2941
v -1.385265 0.105000 0.595513 0.7882 0.5412 0.2941
v -1.418510 0.040000 0.387619 0.7882 0.5412 0.2941
v -1.419817 0.055000 0.372676 0.7882 0.5412 0.2941
v -1.403567 0.055000 0.386312 0.7882 0.5412 0.2941
v -1.418510 0.120000 0.387619 0.7882 0.5412 0.2941
v -1.403567 0.105000 0.386312 0.7882 0.5412 0.2941
v -1.419817 0.105000 0.372676 0.7882 0.5412 0.2941
v -3.748080 0.770000 2.393783 0.7882 0.5412 0.2941
v -3.748865 0.785000 2.408762 0.7882 0.5412 0.2941
v -3.763059 0.785000 2.392998 0.7882 0.5412 0.2941
v -3.748865 0.835000 2.408762 0.7882 0.5412 0.2941
v -3.748080 0.850000 2.393783 0.7882 0.5412 0.2941
v -3.763059 0.835000 2.392998 0.7882 0.5412 0.2941
v -3.733949 0.770000 2.124153 0.7882 0.5412 0.2941
v -3.748928 0.785000 2.123368 0.7882 0.5412 0.2941
v -3.733164 0.785000 2.109173 0.7882 0.5412 0.2941
v -3.733949 0.850000 2.124153 0.7882 0.5412 0.2941
v -3.733164 0.835000 2.109173 0.7882 0.5412 0.2941
v -3.748928 0.835000 2.123368 0.7882 0.5412 0.2941
v -1.381328 0.770000 2.517819 0.7882 0.5412 0.2941
v -1.366348 0.785000 2.518604 0.7882 0.5412 0.2941
v -1.382113 0.785000 2.532798 0.7882 0.5412 0.2941
v -1.381328 0.850000 2.517819 0.7882 0.5412 0.2941
v -1.382113 0.835000 2.532798 0.7882 0.5412 0.2941
v -1.366348 0.835000 2.518604 0.7882 0.5412 0.2941
v -1.367197 0.770000 2.248189 0.7882 0.5412 0.2941
v -1.366412 0.785000 2.233209 0.7882 0.5412 0.2941
v -1.352217 0.785000 2.248974 0.7882 0.5412 0.2941
v -1.367197 0.850000 2.248189 0.7882 0.5412 0.2941
v -1.352217 0.835000 2.248974 0.7882 0.5412 0.2941
v -1.366412 0.835000 2.233209 0.7882 0.5412 0.2941
v -3.725837 0.770000 1.969365 0.7882 0.5412 0.2941
v -3.726622 0.785000 1.984344 0.7882 0.5412 0.2941
v -3.740816 0.785000 1.968580 0.7882 0.5412 0.2941
v -3.726622 0.835000 1.984344 0.7882 0.5412 0.2941
v -3.725837 0.850000 1.969365 0.7882 0.5412 0.2941
v -3.740816 0.835000 1.968580 0.7882 0.5412 0.2941
v -3.711706 0.770000 1.699735 0.7882 0.5412 0.2941
v -3.726686 0.785000 1.698950 0.7882 0.5412 0.2941
v -3.710921 0.785000 1.684756 0.7882 0.5412 0.2941
v -3.711706 0.850000 1.699735 0.7882 0.5412 0.2941
v -3.710921 0.835000 1.684756 0.7882 0.5412 0.2941
v -3.726686 0.835000 1.698950 0.7882 0.5412 0.2941
v -1.359085 0.770000 2.093401 0.7882 0.5412 0.2941
v -1.344105 0.785000 2.094186 0.7882 0.5412 0.2941
v -1.359870 0.785000 2.108381 0.7882 0.5412 0.2941
v -1.359085 0.850000 2.093401 0.7882 0.5412 0.2941
v -1.359870 0.835000 2.108381 0.7882 0.5412 0.2941
v -1.344105 0.835000 2.094186 0.7882 0.5412 0.2941
v -1.344954 0.770000 1.823771 0.7882 0.5412 0.2941
v -1.344169 0.785000 1.808792 0.7882 0.5412 0.2941
v -1.329975 0.785000 1.824556 0.7882 0.5412 0.2941
v -1.344954 0.850000 1.823771 0.7882 0.5412 0.2941
v -1.329975 0.835000 1.824556 0.7882 0.5412 0.2941
v -1.344169 0.835000 1.808792 0.7882 0.5412 0.2941
v -3.703594 0.770000 1.544947 0.7882 0.5412 0.2941
v -3.704379 0.785000 1.559927 0.7882 0.5412 0.2941
v -3.718573 0.785000 1.544162 0.7882 0.5412 0.2941
v -3.704379 0.835000 1.559927 0.7882 0.5412 0.2941
v -3.703594 0.850000 1.544947 0.7882 0.5412 0.2941
v -3.718573 0.835000 1.544162 0.7882 0.5412 0.2941
v -3.689463 0.770000 1.275317 0.7882 0.5412 0.2941
v -3.704443 0.785000 1.274532 0.7882 0.5412 0.2941
v -3.688678 0.785000 1.260338 0.7882 0.5412 0.2941
v -3.689463 0.850000 1.275317 0.7882 0.5412 0.2941
v -3.688678 0.835000 1.260338 0.7882 0.5412 0.2941
v -3.704443 0.835000 1.274532 0.7882 0.5412 0.2941
v -1.336842 0.770000 1.668984 0.7882 0.5412 0.2941
v -1.321863 0.785000 1.669769 0.7882 0.5412 0.2941
v -1.337627 0.785000 1.683963 0.7882 0.5412 0.2941
v -1.336842 0.850000 1.668984 0.7882 0.5412 0.2941
v -1.337627 0.835000 1.683963 0.7882 0.5412 0.2941
v -1.321863 0.835000 1.669769 0.7882 0.5412 0.2941
v -1.322711 0.770000 1.399354 0.7882 0.5412 0.2941
v -1.321926 0.785000 1.384374 0.7882 0.5412 0.2941
v -1.307732 0.785000 1.400139 0.7882 0.5412 0.2941
v -1.322711 0.850000 1.399354 0.7882 0.5412 0.2941
v -1.307732 0.835000 1.400139 0.7882 0.5412 0.2941
v -1.321926 0.835000 1.384374 0.7882 0.5412 0.2941
v -3.681351 0.770000 1.120530 0.7882 0.5412 0.2941
v -3.682136 0.785000 1.135509 0.7882 0.5412 0.2941
v -3.696331 0.785000 1.119745 0.7882 0.5412 0.2941
v -3.682136 0.835000 1.135509 0.7882 0.5412 0.2941
v -3.681351 0.850000 1.120530 0.7882 0.5412 0.2941
v -3.696331 0.835000 1.119745 0.7882 0.5412 0.2941
v -3.667221 0.770000 0.850900 0.7882 0.5412 0.2941
v -3.682200 0.785000 0.850115 0.7882 0.5412 0.2941
v -3.666435 0.785000 0.835920 0.7882 0.5412 0.2941
v -3.667221 0.850000 0.850900 0.7882 0.5412 0.2941
v -3.666435 0.835000 0.835920 0.7882 0.5412 0.2941
v -3.682200 0.835000 0.850115 0.7882 0.5412 0.2941
v -1.314599 0.770000 1.244566 0.7882 0.5412 0.2941
v -1.299620 0.785000 1.245351 0.7882 0.5412 0.2941
v -1.315384 0.785000 1.259546 0.7882 0.5412 0.2941
v -1.314599 0.850000 1.244566 0.7882 0.5412 0.2941
v -1.315384 0.835000 1.259546 0.7882 0.5412 0.2941
v -1.299620 0.835000 1.245351 0.7882 0.5412 0.2941
v -1.300468 0.770000 0.974936 0.7882 0.5412 0.2941
v -1.299683 0.785000 0.959957 0.7882 0.5412 0.2941
v -1.285489 0.785000 0.975721 0.7882 0.5412 0.2941
v -1.300468 0.850000 0.974936 0.7882 0.5412 0.2941
v -1.285489 0.835000 0.975721 0.7882 0.5412 0.2941
v -1.299683 0.835000 0.959957 0.7882 0.5412 0.2941
v -3.659108 0.770000 0.696112 0.7882 0.5412 0.2941
v -3.659894 0.785000 0.711092 0.7882 0.5412 0.2941
v -3.674088 0.785000 0.695327 0.7882 0.5412 0.2941
v -3.659894 0.835000 0.711092 0.7882 0.5412 0.2941
v -3.659108 0.850000 0.696112 0.7882 0.5412 0.2941
v -3.674088 0.835000 0.695327 0.7882 0.5412 0.2941
v -3.644978 0.770000 0.426482 0.7882 0.5412 0.2941
v -3.659957 0.785000 0.425697 0.7882 0.5412 0.2941
v -3.644193 0.785000 0.411503 0.7882 0.5412 0.2941
v -3.644978 0.850000 0.426482 0.7882 0.5412 0.2941
v -3.644193 0.835000 0.411503 0.7882 0.5412 0.2941
v -3.659957 0.835000 0.425697 0.7882 0.5412 0.2941
v -1.292356 0.770000 0.820148 0.7882 0.5412 0.2941
v -1.277377 0.785000 0.820933 0.7882 0.5412 0.2941
v -1.293141 0.785000 0.835128 0.7882 0.5412 0.2941
v -1.292356 0.850000 0.820148 0.7882 0.5412 0.2941
v -1.293141 0.835000 0.835128 0.7882 0.5412 0.2941
v -1.277377 0.835000 0.820933 0.7882 0.5412 0.2941
v -1.278226 0.770000 0.550519 0.7882 0.5412 0.2941
v -1.277441 0.785000 0.535539 0.7882 0.5412 0.2941
v -1.263246 0.785000 0.551304 0.7882 0.5412 0.2941
v -1.278226 0.850000 0.550519 0.7882 0.5412 0.2941
v -1.263246 0.835000 0.551304 0.7882 0.5412 0.2941
v -1.277441 0.835000 0.535539 0.7882 0.5412 0.2941
v -3.732838 0.550000 2.389574 0.6118 0.3961 0.2039
v -3.733885 0.570000 2.409547 0.6118 0.3961 0.2039
v -3.752811 0.570000 2.388528 0.6118 0.3961 0.2039
v -3.733885 0.750000 2.409547 0.6118 0.3961 0.2039
v -3.732838 0.770000 2.389574 0.6118 0.3961 0.2039
v -3.752811 0.750000 2.388528 0.6118 0.3961 0.2039
v -3.630260 0.550000 0.432261 0.6118 0.3961 0.2039
v -3.650232 0.570000 0.431214 0.6118 0.3961 0.2039
v -3.629213 0.570000 0.412288 0.6118 0.3961 0.2039
v -3.630260 0.770000 0.432261 0.6118 0.3961 0.2039
v -3.629213 0.750000 0.412288 0.6118 0.3961 0.2039
v -3.650232 0.750000 0.431214 0.6118 0.3961 0.2039
v -3.553085 0.550000 2.398995 0.6118 0.3961 0.2039
v -3.533113 0.570000 2.400042 0.6118 0.3961 0.2039
v -3.554132 0.570000 2.418967 0.6118 0.3961 0.2039
v -3.553085 0.770000 2.398995 0.6118 0.3961 0.2039
v -3.554132 0.750000 2.418967 0.6118 0.3961 0.2039
v -3.533113 0.750000 2.400042 0.6118 0.3961 0.2039
v -3.450506 0.550000 0.441681 0.6118 0.3961 0.2039
v -3.449460 0.570000 0.421708 0.6118 0.3961 0.2039
v -3.430534 0.570000 0.442728 0.6118 0.3961 0.2039
v -3.450506 0.770000 0.441681 0.6118 0.3961 0.2039
v -3.430534 0.750000 0.442728 0.6118 0.3961 0.2039
v -3.449460 0.750000 0.421708 0.6118 0.3961 0.2039
v -2.654319 0.550000 2.446097 0.6118 0.3961 0.2039
v -2.655365 0.570000 2.466070 0.6118 0.3961 0.2039
v -2.674291 0.570000 2.445050 0.6118 0.3961 0.2039
v -2.655365 0.750000 2.466070 0.6118 0.3961 0.2039
v -2.654319 0.770000 2.446097 0.6118 0.3961 0.2039
v -2.674291 0.750000 2.445050 0.6118 0.3961 0.2039
v -2.551740 0.550000 0.488783 0.6118 0.3961 0.2039
v -2.571712 0.570000 0.487737 0.6118 0.3961 0.2039
v -2.550693 0.570000 0.468811 0.6118 0.3961 0.2039
v -2.551740 0.770000 0.488783 0.6118 0.3961 0.2039
v -2.550693 0.750000 0.468811 0.6118 0.3961 0.2039
v -2.571712 0.750000 0.487737 0.6118 0.3961 0.2039
v -2.474565 0.550000 2.455518 0.6118 0.3961 0.2039
v -2.454593 0.570000 2.456564 0.6118 0.3961 0.2039
v -2.475612 0.570000 2.475490 0.6118 0.3961 0.2039
v -2.474565 0.770000 2.455518 0.6118 0.3961 0.2039
v -2.475612 0.750000 2.475490 0.6118 0.3961 0.2039
v -2.454593 0.750000 2.456564 0.6118 0.3961 0.2039
v -2.371987 0.550000 0.498204 0.6118 0.3961 0.2039
v -2.370940 0.570000 0.478231 0.6118 0.3961 0.2039
v -2.352014 0.570000 0.499251 0.6118 0.3961 0.2039
v -2.371987 0.770000 0.498204 0.6118 0.3961 0.2039
v -2.352014 0.750000 0.499251 0.6118 0.3961 0.2039
v -2.370940 0.750000 0.478231 0.6118 0.3961 0.2039
v -1.575799 0.550000 2.502620 0.6118 0.3961 0.2039
v -1.576845 0.570000 2.522593 0.6118 0.3961 0.2039
v -1.595771 0.570000 2.501573 0.6118 0.3961 0.2039
v -1.576845 0.750000 2.522593 0.6118 0.3961 0.2039
v -1.575799 0.770000 2.502620 0.6118 0.3961 0.2039
v -1.595771 0.750000 2.501573 0.6118 0.3961 0.2039
v -1.473220 0.550000 0.545306 0.6118 0.3961 0.2039
v -1.493193 0.570000 0.544259 0.6118 0.3961 0.2039
v -1.472173 0.570000 0.525334 0.6118 0.3961 0.2039
v -1.473220 0.770000 0.545306 0.6118 0.3961 0.2039
v -1.472173 0.750000 0.525334 0.6118 0.3961 0.2039
v -1.493193 0.750000 0.544259 0.6118 0.3961 0.2039
v -1.396045 0.550000 2.512041 0.6118 0.3961 0.2039
v -1.376073 0.570000 2.513087 0.6118 0.3961 0.2039
v -1.397092 0.570000 2.532013 0.6118 0.3961 0.2039
v -1.396045 0.770000 2.512041 0.6118 0.3961 0.2039
v -1.397092 0.750000 2.532013 0.6118 0.3961 0.2039
v -1.376073 0.750000 2.513087 0.6118 0.3961 0.2039
v -1.293467 0.550000 0.554727 0.6118 0.3961 0.2039
v -1.292420 0.570000 0.534754 0.6118 0.3961 0.2039
v -1.273494 0.570000 0.555773 0.6118 0.3961 0.2039
v -1.293467 0.770000 0.554727 0.6118 0.3961 0.2039
v -1.273494 0.750000 0.555773 0.6118 0.3961 0.2039
v -1.292420 0.750000 0.534754 0.6118 0.3961 0.2039
v -3.748080 0.460000 2.393783 0.7882 0.5412 0.2941
v -3.748865 0.475000 2.408762 0.7882 0.5412 0.2941
v -3.763059 0.475000 2.392998 0.7882 0.5412 0.2941
v -3.748865 0.525000 2.408762 0.7882 0.5412 0.2941
v -3.748080 0.540000 2.393783 0.7882 0.5412 0.2941
v -3.763059 0.525000 2.392998 0.7882 0.5412 0.2941
v -3.737089 0.460000 2.184070 0.7882 0.5412 0.2941
v -3.752069 0.475000 2.183285 0.7882 0.5412 0.2941
v -3.736304 0.475000 2.169091 0.7882 0.5412 0.2941
v -3.737089 0.540000 2.184070 0.7882 0.5412 0.2941
v -3.736304 0.525000 2.169091 0.7882 0.5412 0.2941
v -3.752069 0.525000 2.183285 0.7882 0.5412 0.2941
v -1.381328 0.460000 2.517819 0.7882 0.5412 0.2941
v -1.366348 0.475000 2.518604 0.7882 0.5412 0.2941
v -1.382113 0.475000 2.532798 0.7882 0.5412 0.2941
v -1.381328 0.540000 2.517819 0.7882 0.5412 0.2941
v -1.382113 0.525000 2.532798 0.7882 0.5412 0.2941
v -1.366348 0.525000 2.518604 0.7882 0.5412 0.2941
v -1.370337 0.460000 2.308106 0.7882 0.5412 0.2941
v -1.369552 0.475000 2.293127 0.7882 0.5412 0.2941
v -1.355358 0.475000 2.308892 0.7882 0.5412 0.2941
v -1.370337 0.540000 2.308106 0.7882 0.5412 0.2941
v -1.355358 0.525000 2.308892 0.7882 0.5412 0.2941
v -1.369552 0.525000 2.293127 0.7882 0.5412 0.2941
v -3.655968 0.460000 0.636195 0.7882 0.5412 0.2941
v -3.656753 0.475000 0.651174 0.7882 0.5412 0.2941
v -3.670948 0.475000 0.635410 0.7882 0.5412 0.2941
v -3.656753 0.525000 0.651174 0.7882 0.5412 0.2941
v -3.655968 0.540000 0.636195 0.7882 0.5412 0.2941
v -3.670948 0.525000 0.635410 0.7882 0.5412 0.2941
v -3.644978 0.460000 0.426482 0.7882 0.5412 0.2941
v -3.659957 0.475000 0.425697 0.7882 0.5412 0.2941
v -3.644193 0.475000 0.411503 0.7882 0.5412 0.2941
v -3.644978 0.540000 0.426482 0.7882 0.5412 0.2941
v -3.644193 0.525000 0.411503 0.7882 0.5412 0.2941
v -3.659957 0.525000 0.425697 0.7882 0.5412 0.2941
v -1.289216 0.460000 0.760231 0.7882 0.5412 0.2941
v -1.274237 0.475000 0.761016 0.7882 0.5412 0.2941
v -1.290001 0.475000 0.775210 0.7882 0.5412 0.2941
v -1.289216 0.540000 0.760231 0.7882 0.5412 0.2941
v -1.290001 0.525000 0.775210 0.7882 0.5412 0.2941
v -1.274237 0.525000 0.761016 0.7882 0.5412 0.2941
v -1.278226 0.460000 0.550519 0.7882 0.5412 0.2941
v -1.277441 0.475000 0.535539 0.7882 0.5412 0.2941
v -1.263246 0.475000 0.551304 0.7882 0.5412 0.2941
v -1.278226 0.540000 0.550519 0.7882 0.5412 0.2941
v -1.263246 0.525000 0.551304 0.7882 0.5412 0.2941
v -1.277441 0.525000 0.535539 0.7882 0.5412 0.2941
v -3.663055 1.190000 2.497906 0.7882 0.5412 0.2941
v -3.662531 1.205000 2.512897 0.7882 0.5412 0.2941
v -3.678046 1.205000 2.498430 0.7882 0.5412 0.2941
v -3.662531 1.255000 2.512897 0.7882 0.5412 0.2941
v -3.663055 1.270000 2.497906 0.7882 0.5412 0.2941
v -3.678046 1.255000 2.498430 0.7882 0.5412 0.2941
v -3.672478 1.190000 2.228071 0.7882 0.5412 0.2941
v -3.687469 1.205000 2.228594 0.7882 0.5412 0.2941
v -3.673001 1.205000 2.213080 0.7882 0.5412 0.2941
v -3.672478 1.270000 2.228071 0.7882 0.5412 0.2941
v -3.673001 1.255000 2.213080 0.7882 0.5412 0.2941
v -3.687469 1.255000 2.228594 0.7882 0.5412 0.2941
v -1.294498 1.190000 2.415195 0.7882 0.5412 0.2941
v -1.279508 1.205000 2.414671 0.7882 0.5412 0.2941
v -1.293975 1.205000 2.430186 0.7882 0.5412 0.2941
v -1.294498 1.270000 2.415195 0.7882 0.5412 0.2941
v -1.293975 1.255000 2.430186 0.7882 0.5412 0.2941
v -1.279508 1.255000 2.414671 0.7882 0.5412 0.2941
v -1.303921 1.190000 2.145359 0.7882 0.5412 0.2941
v -1.304445 1.205000 2.130368 0.7882 0.5412 0.2941
v -1.288930 1.205000 2.144835 0.7882 0.5412 0.2941
v -1.303921 1.270000 2.145359 0.7882 0.5412 0.2941
v -1.288930 1.255000 2.144835 0.7882 0.5412 0.2941
v -1.304445 1.255000 2.130368 0.7882 0.5412 0.2941
v -3.677887 1.190000 2.073165 0.7882 0.5412 0.2941
v -3.677364 1.205000 2.088156 0.7882 0.5412 0.2941
v -3.692878 1.205000 2.073689 0.7882 0.5412 0.2941
v -3.677364 1.255000 2.088156 0.7882 0.5412 0.2941
v -3.677887 1.270000 2.073165 0.7882 0.5412 0.2941
v -3.692878 1.255000 2.073689 0.7882 0.5412 0.2941
v -3.687310 1.190000 1.803330 0.7882 0.5412 0.2941
v -3.702301 1.205000 1.803853 0.7882 0.5412 0.2941
v -3.687834 1.205000 1.788339 0.7882 0.5412 0.2941
v -3.687310 1.270000 1.803330 0.7882 0.5412 0.2941
v -3.687834 1.255000 1.788339 0.7882 0.5412 0.2941
v -3.702301 1.255000 1.803853 0.7882 0.5412 0.2941
v -1.309331 1.190000 1.990454 0.7882 0.5412 0.2941
v -1.294340 1.205000 1.989930 0.7882 0.5412 0.2941
v -1.308807 1.205000 2.005445 0.7882 0.5412 0.2941
v -1.309331 1.270000 1.990454 0.7882 0.5412 0.2941
v -1.308807 1.255000 2.005445 0.7882 0.5412 0.2941
v -1.294340 1.255000 1.989930 0.7882 0.5412 0.2941
v -1.318754 1.190000 1.720618 0.7882 0.5412 0.2941
v -1.319277 1.205000 1.705627 0.7882 0.5412 0.2941
v -1.303763 1.205000 1.720094 0.7882 0.5412 0.2941
v -1.318754 1.270000 1.720618 0.7882 0.5412 0.2941
v -1.303763 1.255000 1.720094 0.7882 0.5412 0.2941
v -1.319277 1.255000 1.705627 0.7882 0.5412 0.2941
v -3.692719 1.190000 1.648424 0.7882 0.5412 0.2941
v -3.692196 1.205000 1.663415 0.7882 0.5412 0.2941
v -3.707710 1.205000 1.648948 0.7882 0.5412 0.2941
v -3.692196 1.255000 1.663415 0.7882 0.5412 0.2941
v -3.692719 1.270000 1.648424 0.7882 0.5412 0.2941
v -3.707710 1.255000 1.648948 0.7882 0.5412 0.2941
v -3.702142 1.190000 1.378589 0.7882 0.5412 0.2941
v -3.717133 1.205000 1.379112 0.7882 0.5412 0.2941
v -3.702666 1.205000 1.363598 0.7882 0.5412 0.2941
v -3.702142 1.270000 1.378589 0.7882 0.5412 0.2941
v -3.702666 1.255000 1.363598 0.7882 0.5412 0.2941
v -3.717133 1.255000 1.379112 0.7882 0.5412 0.2941
v -1.324163 1.190000 1.565712 0.7882 0.5412 0.2941
v -1.309172 1.205000 1.565189 0.7882 0.5412 0.2941
v -1.323639 1.205000 1.580703 0.7882 0.5412 0.2941
v -1.324163 1.270000 1.565712 0.7882 0.5412 0.2941
v -1.323639 1.255000 1.580703 0.7882 0.5412 0.2941
v -1.309172 1.255000 1.565189 0.7882 0.5412 0.2941
v -1.333586 1.190000 1.295877 0.7882 0.5412 0.2941
v -1.334109 1.205000 1.280886 0.7882 0.5412 0.2941
v -1.318595 1.205000 1.295353 0.7882 0.5412 0.2941
v -1.333586 1.270000 1.295877 0.7882 0.5412 0.2941
v -1.318595 1.255000 1.295353 0.7882 0.5412 0.2941
v -1.334109 1.255000 1.280886 0.7882 0.5412 0.2941
v -3.707552 1.190000 1.223683 0.7882 0.5412 0.2941
v -3.707028 1.205000 1.238674 0.7882 0.5412 0.2941
v -3.722543 1.205000 1.224207 0.7882 0.5412 0.2941
v -3.707028 1.255000 1.238674 0.7882 0.5412 0.2941
v -3.707552 1.270000 1.223683 0.7882 0.5412 0.2941
v -3.722543 1.255000 1.224207 0.7882 0.5412 0.2941
v -3.716974 1.190000 0.953848 0.7882 0.5412 0.2941
v -3.731965 1.205000 0.954371 0.7882 0.5412 0.2941
v -3.717498 1.205000 0.938857 0.7882 0.5412 0.2941
v -3.716974 1.270000 0.953848 0.7882 0.5412 0.2941
v -3.717498 1.255000 0.938857 0.7882 0.5412 0.2941
v -3.731965 1.255000 0.954371 0.7882 0.5412 0.2941
v -1.338995 1.190000 1.140971 0.7882 0.5412 0.2941
v -1.324004 1.205000 1.140448 0.7882 0.5412 0.2941
v -1.338472 1.205000 1.155962 0.7882 0.5412 0.2941
v -1.338995 1.270000 1.140971 0.7882 0.5412 0.2941
v -1.338472 1.255000 1.155962 0.7882 0.5412 0.2941
v -1.324004 1.255000 1.140448 0.7882 0.5412 0.2941
v -1.348418 1.190000 0.871136 0.7882 0.5412 0.2941
v -1.348942 1.205000 0.856145 0.7882 0.5412 0.2941
v -1.333427 1.205000 0.870612 0.7882 0.5412 0.2941
v -1.348418 1.270000 0.871136 0.7882 0.5412 0.2941
v -1.333427 1.255000 0.870612 0.7882 0.5412 0.2941
v -1.348942 1.255000 0.856145 0.7882 0.5412 0.2941
v -3.722384 1.190000 0.798942 0.7882 0.5412 0.2941
v -3.721860 1.205000 0.813933 0.7882 0.5412 0.2941
v -3.737375 1.205000 0.799466 0.7882 0.5412 0.2941
v -3.721860 1.255000 0.813933 0.7882 0.5412 0.2941
v -3.722384 1.270000 0.798942 0.7882 0.5412 0.2941
v -3.737375 1.255000 0.799466 0.7882 0.5412 0.2941
v -3.731807 1.190000 0.529106 0.7882 0.5412 0.2941
v -3.746798 1.205000 0.529630 0.7882 0.5412 0.2941
v -3.732330 1.205000 0.514116 0.7882 0.5412 0.2941
v -3.731807 1.270000 0.529106 0.7882 0.5412 0.2941
v -3.732330 1.255000 0.514116 0.7882 0.5412 0.2941
v -3.746798 1.255000 0.529630 0.7882 0.5412 0.2941
v -1.353827 1.190000 0.716230 0.7882 0.5412 0.2941
v -1.338837 1.205000 0.715707 0.7882 0.5412 0.2941
v -1.353304 1.205000 0.731221 0.7882 0.5412 0.2941
v -1.353827 1.270000 0.716230 0.7882 0.5412 0.2941
v -1.353304 1.255000 0.731221 0.7882 0.5412 0.2941
v -1.338837 1.255000 0.715707 0.7882 0.5412 0.2941
v -1.363250 1.190000 0.446395 0.7882 0.5412 0.2941
v -1.363774 1.205000 0.431404 0.7882 0.5412 0.2941
v -1.348260 1.205000 0.445871 0.7882 0.5412 0.2941
v -1.363250 1.270000 0.446395 0.7882 0.5412 0.2941
v -1.348260 1.255000 0.445871 0.7882 0.5412 0.2941
v -1.363774 1.255000 0.431404 0.7882 0.5412 0.2941
v -3.648238 0.970000 2.492386 0.6118 0.3961 0.2039
v -3.647540 0.990000 2.512374 0.6118 0.3961 0.2039
v -3.668226 0.990000 2.493084 0.6118 0.3961 0.2039
v -3.647540 1.170000 2.512374 0.6118 0.3961 0.2039
v -3.648238 1.190000 2.492386 0.6118 0.3961 0.2039
v -3.668226 1.170000 2.493084 0.6118 0.3961 0.2039
v -3.716641 0.970000 0.533580 0.6118 0.3961 0.2039
v -3.736629 0.990000 0.534278 0.6118 0.3961 0.2039
v -3.717339 0.990000 0.513592 0.6118 0.3961 0.2039
v -3.716641 1.190000 0.533580 0.6118 0.3961 0.2039
v -3.717339 1.170000 0.513592 0.6118 0.3961 0.2039
v -3.736629 1.170000 0.534278 0.6118 0.3961 0.2039
v -3.468348 0.970000 2.486104 0.6118 0.3961 0.2039
v -3.448360 0.990000 2.485406 0.6118 0.3961 0.2039
v -3.467650 0.990000 2.506092 0.6118 0.3961 0.2039
v -3.468348 1.190000 2.486104 0.6118 0.3961 0.2039
v -3.467650 1.170000 2.506092 0.6118 0.3961 0.2039
v -3.448360 1.170000 2.485406 0.6118 0.3961 0.2039
v -3.536751 0.970000 0.527298 0.6118 0.3961 0.2039
v -3.537449 0.990000 0.507310 0.6118 0.3961 0.2039
v -3.516763 0.990000 0.526600 0.6118 0.3961 0.2039
v -3.536751 1.190000 0.527298 0.6118 0.3961 0.2039
v -3.516763 1.170000 0.526600 0.6118 0.3961 0.2039
v -3.537449 1.170000 0.507310 0.6118 0.3961 0.2039
v -2.568896 0.970000 2.454695 0.6118 0.3961 0.2039
v -2.568198 0.990000 2.474682 0.6118 0.3961 0.2039
v -2.588884 0.990000 2.455393 0.6118 0.3961 0.2039
v -2.568198 1.170000 2.474682 0.6118 0.3961 0.2039
v -2.568896 1.190000 2.454695 0.6118 0.3961 0.2039
v -2.588884 1.170000 2.455393 0.6118 0.3961 0.2039
v -2.637299 0.970000 0.495889 0.6118 0.3961 0.2039
v -2.657287 0.990000 0.496587 0.6118 0.3961 0.2039
v -2.637997 0.990000 0.475901 0.6118 0.3961 0.2039
v -2.637299 1.190000 0.495889 0.6118 0.3961 0.2039
v -2.637997 1.170000 0.475901 0.6118 0.3961 0.2039
v -2.657287 1.170000 0.496587 0.6118 0.3961 0.2039
v -2.389006 0.970000 2.448413 0.6118 0.3961 0.2039
v -2.369018 0.990000 2.447715 0.6118 0.3961 0.2039
v -2.388308 0.990000 2.468400 0.6118 0.3961 0.2039
v -2.389006 1.190000 2.448413 0.6118 0.3961 0.2039
v -2.388308 1.170000 2.468400 0.6118 0.3961 0.2039
v -2.369018 1.170000 2.447715 0.6118 0.3961 0.2039
v -2.457409 0.970000 0.489607 0.6118 0.3961 0.2039
v -2.458107 0.990000 0.469619 0.6118 0.3961 0.2039
v -2.437421 0.990000 0.488909 0.6118 0.3961 0.2039
v -2.457409 1.190000 0.489607 0.6118 0.3961 0.2039
v -2.437421 1.170000 0.488909 0.6118 0.3961 0.2039
v -2.458107 1.170000 0.469619 0.6118 0.3961 0.2039
v -1.489554 0.970000 2.417003 0.6118 0.3961 0.2039
v -1.488856 0.990000 2.436991 0.6118 0.3961 0.2039
v -1.509542 0.990000 2.417701 0.6118 0.3961 0.2039
v -1.488856 1.170000 2.436991 0.6118 0.3961 0.2039
v -1.489554 1.190000 2.417003 0.6118 0.3961 0.2039
v -1.509542 1.170000 2.417701 0.6118 0.3961 0.2039
v -1.557957 0.970000 0.458197 0.6118 0.3961 0.2039
v -1.577945 0.990000 0.458895 0.6118 0.3961 0.2039
v -1.558655 0.990000 0.438209 0.6118 0.3961 0.2039
v -1.557957 1.190000 0.458197 0.6118 0.3961 0.2039
v -1.558655 1.170000 0.438209 0.6118 0.3961 0.2039
v -1.577945 1.170000 0.458895 0.6118 0.3961 0.2039
v -1.309664 0.970000 2.410721 0.6118 0.3961 0.2039
v -1.289676 0.990000 2.410023 0.6118 0.3961 0.2039
v -1.308966 0.990000 2.430709 0.6118 0.3961 0.2039
v -1.309664 1.190000 2.410721 0.6118 0.3961 0.2039
v -1.308966 1.170000 2.430709 0.6118 0.3961 0.2039
v -1.289676 1.170000 2.410023 0.6118 0.3961 0.2039
v -1.378067 0.970000 0.451915 0.6118 0.3961 0.2039
v -1.378765 0.990000 0.431927 0.6118 0.3961 0.2039
v -1.358079 0.990000 0.451217 0.6118 0.3961 0.2039
v -1.378067 1.190000 0.451915 0.6118 0.3961 0.2039
v -1.358079 1.170000 0.451217 0.6118 0.3961 0.2039
v -1.378765 1.170000 0.431927 0.6118 0.3961 0.2039
v -3.663055 0.880000 2.497906 0.7882 0.5412 0.2941
v -3.662531 0.895000 2.512897 0.7882 0.5412 0.2941
v -3.678046 0.895000 2.498430 0.7882 0.5412 0.2941
v -3.662531 0.945000 2.512897 0.7882 0.5412 0.2941
v -3.663055 0.960000 2.497906 0.7882 0.5412 0.2941
v -3.678046 0.945000 2.498430 0.7882 0.5412 0.2941
v -3.670384 0.880000 2.288034 0.7882 0.5412 0.2941
v -3.685374 0.895000 2.288558 0.7882 0.5412 0.2941
v -3.670907 0.895000 2.273043 0.7882 0.5412 0.2941
v -3.670384 0.960000 2.288034 0.7882 0.5412 0.2941
v -3.670907 0.945000 2.273043 0.7882 0.5412 0.2941
v -3.685374 0.945000 2.288558 0.7882 0.5412 0.2941
v -1.294498 0.880000 2.415195 0.7882 0.5412 0.2941
v -1.279508 0.895000 2.414671 0.7882 0.5412 0.2941
v -1.293975 0.895000 2.430186 0.7882 0.5412 0.2941
v -1.294498 0.960000 2.415195 0.7882 0.5412 0.2941
v -1.293975 0.945000 2.430186 0.7882 0.5412 0.2941
v -1.279508 0.945000 2.414671 0.7882 0.5412 0.2941
v -1.301827 0.880000 2.205323 0.7882 0.5412 0.2941
v -1.302351 0.895000 2.190332 0.7882 0.5412 0.2941
v -1.286837 0.895000 2.204799 0.7882 0.5412 0.2941
v -1.301827 0.960000 2.205323 0.7882 0.5412 0.2941
v -1.286837 0.945000 2.204799 0.7882 0.5412 0.2941
v -1.302351 0.945000 2.190332 0.7882 0.5412 0.2941
v -3.724478 0.880000 0.738979 0.7882 0.5412 0.2941
v -3.723954 0.895000 0.753969 0.7882 0.5412 0.2941
v -3.739469 0.895000 0.739502 0.7882 0.5412 0.2941
v -3.723954 0.945000 0.753969 0.7882 0.5412 0.2941
v -3.724478 0.960000 0.738979 0.7882 0.5412 0.2941
v -3.739469 0.945000 0.739502 0.7882 0.5412 0.2941
v -3.731807 0.880000 0.529106 0.7882 0.5412 0.2941
v -3.746798 0.895000 0.529630 0.7882 0.5412 0.2941
v -3.732330 0.895000 0.514116 0.7882 0.5412 0.2941
v -3.731807 0.960000 0.529106 0.7882 0.5412 0.2941
v -3.732330 0.945000 0.514116 0.7882 0.5412 0.2941
v -3.746798 0.945000 0.529630 0.7882 0.5412 0.2941
v -1.355921 0.880000 0.656267 0.7882 0.5412 0.2941
v -1.340931 0.895000 0.655743 0.7882 0.5412 0.2941
v -1.355398 0.895000 0.671258 0.7882 0.5412 0.2941
v -1.355921 0.960000 0.656267 0.7882 0.5412 0.2941
v -1.355398 0.945000 0.671258 0.7882 0.5412 0.2941
v -1.340931 0.945000 0.655743 0.7882 0.5412 0.2941
v -1.363250 0.880000 0.446395 0.7882 0.5412 0.2941
v -1.363774 0.895000 0.431404 0.7882 0.5412 0.2941
v -1.348260 0.895000 0.445871 0.7882 0.5412 0.2941
v -1.363250 0.960000 0.446395 0.7882 0.5412 0.2941
v -1.348260 0.945000 0.445871 0.7882 0.5412 0.2941
v -1.363774 0.945000 0.431404 0.7882 0.5412 0.2941
v 1.490763 0.480000 2.131770 0.9490 0.7608 0.1882
v 1.451940 0.630000 2.276659 0.9490 0.7608 0.1882
v 1.345874 0.630000 2.092947 0.9490 0.7608 0.1882
v 1.463311 0.523934 2.234222 0.9490 0.7608 0.1882
v 1.384697 0.543397 2.193007 0.9490 0.7608 0.1882
v 1.360860 0.630000 2.206770 0.9490 0.7608 0.1882
v 1.388311 0.523934 2.104318 0.9490 0.7608 0.1882
v 1.451940 1.230000 2.276659 0.9490 0.7608 0.1882
v 1.490763 1.380000 2.131770 0.9490 0.7608 0.1882
v 1.345874 1.230000 2.092947 0.9490 0.7608 0.1882
v 1.463311 1.336066 2.234222 0.9490 0.7608 0.1882
v 1.384697 1.316602 2.193007 0.9490 0.7608 0.1882
v 1.388311 1.336066 2.104318 0.9490 0.7608 0.1882
v 1.360860 1.230000 2.206770 0.9490 0.7608 0.1882
v 1.827228 0.480000 0.876066 0.9490 0.7608 0.1882
v 1.682339 0.630000 0.837243 0.9490 0.7608 0.1882
v 1.866051 0.630000 0.731177 0.9490 0.7608 0.1882
v 1.724776 0.523934 0.848614 0.9490 0.7608 0.1882
v 1.765991 0.543397 0.770000 0.9490 0.7608 0.1882
v 1.752228 0.630000 0.746162 0.9490 0.7608 0.1882
v 1.854680 0.523934 0.773614 0.9490 0.7608 0.1882
v 1.827228 1.380000 0.876066 0.9490 0.7608 0.1882
v 1.866051 1.230000 0.731177 0.9490 0.7608 0.1882
v 1.682339 1.230000 0.837243 0.9490 0.7608 0.1882
v 1.854680 1.336066 0.773614 0.9490 0.7608 0.1882
v 1.765991 1.316602 0.770000 0.9490 0.7608 0.1882
v 1.752228 1.230000 0.746162 0.9490 0.7608 0.1882
v 1.724776 1.336066 0.848614 0.9490 0.7608 0.1882
v 3.132837 0.480000 2.571762 0.9490 0.7608 0.1882
v 3.277726 0.630000 2.610585 0.9490 0.7608 0.1882
v 3.094014 0.630000 2.716651 0.9490 0.7608 0.1882
v 3.235289 0.523934 2.599214 0.9490 0.7608 0.1882
v 3.194075 0.543397 2.677828 0.9490 0.7608 0.1882
v 3.207837 0.630000 2.701666 0.9490 0.7608 0.1882
v 3.105385 0.523934 2.674214 0.9490 0.7608 0.1882
v 3.132837 1.380000 2.571762 0.9490 0.7608 0.1882
v 3.094014 1.230000 2.716651 0.9490 0.7608 0.1882
v 3.277726 1.230000 2.610585 0.9490 0.7608 0.1882
v 3.105385 1.336066 2.674214 0.9490 0.7608 0.1882
v 3.194075 1.316602 2.677828 0.9490 0.7608 0.1882
v 3.207837 1.230000 2.701666 0.9490 0.7608 0.1882
v 3.235289 1.336066 2.599214 0.9490 0.7608 0.1882
v 3.469302 0.480000 1.316059 0.9490 0.7608 0.1882
v 3.508125 0.630000 1.171170 0.9490 0.7608 0.1882
v 3.614191 0.630000 1.354882 0.9490 0.7608 0.1882
v 3.496754 0.523934 1.213607 0.9490 0.7608 0.1882
v 3.575368 0.543397 1.254822 0.9490 0.7608 0.1882
v 3.599206 0.630000 1.241059 0.9490 0.7608 0.1882
v 3.571754 0.523934 1.343511 0.9490 0.7608 0.1882
v 3.469302 1.380000 1.316059 0.9490 0.7608 0.1882
v 3.614191 1.230000 1.354882 0.9490 0.7608 0.1882
v 3.508125 1.230000 1.171170 0.9490 0.7608 0.1882
v 3.571754 1.336066 1.343511 0.9490 0.7608 0.1882
v 3.575368 1.316602 1.254822 0.9490 0.7608 0.1882
v 3.599206 1.230000 1.241059 0.9490 0.7608 0.1882
v 3.496754 1.336066 1.213607 0.9490 0.7608 0.1882
v 3.000889 0.730000 2.484643 0.9490 0.7608 0.1882
v 2.949125 0.930000 2.677828 0.9490 0.7608 0.1882
v 2.807704 0.930000 2.432879 0.9490 0.7608 0.1882
v 2.964286 0.788579 2.621246 0.9490 0.7608 0.1882
v 2.859468 0.814530 2.566293 0.9490 0.7608 0.1882
v 2.827684 0.930000 2.584643 0.9490 0.7608 0.1882
v 2.864286 0.788579 2.448041 0.9490 0.7608 0.1882
v 2.949125 1.730000 2.677828 0.9490 0.7608 0.1882
v 3.000889 1.930000 2.484643 0.9490 0.7608 0.1882
v 2.807704 1.730000 2.432879 0.9490 0.7608 0.1882
v 2.964286 1.871421 2.621246 0.9490 0.7608 0.1882
v 2.859468 1.845470 2.566293 0.9490 0.7608 0.1882
v 2.864286 1.871421 2.448041 0.9490 0.7608 0.1882
v 2.827684 1.730000 2.584643 0.9490 0.7608 0.1882
v 3.311472 0.730000 1.325532 0.9490 0.7608 0.1882
v 3.118287 0.930000 1.273768 0.9490 0.7608 0.1882
v 3.363236 0.930000 1.132347 0.9490 0.7608 0.1882
v 3.174870 0.788579 1.288929 0.9490 0.7608 0.1882
v 3.229822 0.814530 1.184111 0.9490 0.7608 0.1882
v 3.211472 0.930000 1.152327 0.9490 0.7608 0.1882
v 3.348074 0.788579 1.188929 0.9490 0.7608 0.1882
v 3.311472 1.930000 1.325532 0.9490 0.7608 0.1882
v 3.363236 1.730000 1.132347 0.9490 0.7608 0.1882
v 3.118287 1.730000 1.273768 0.9490 0.7608 0.1882
v 3.348074 1.871421 1.188930 0.9490 0.7608 0.1882
v 3.229822 1.845470 1.184111 0.9490 0.7608 0.1882
v 3.211472 1.730000 1.152327 0.9490 0.7608 0.1882
v 3.174870 1.871421 1.288930 0.9490 0.7608 0.1882
v 3.290667 0.730000 2.562289 0.9490 0.7608 0.1882
v 3.483852 0.930000 2.614053 0.9490 0.7608 0.1882
v 3.238903 0.930000 2.755474 0.9490 0.7608 0.1882
v 3.427269 0.788579 2.598891 0.9490 0.7608 0.1882
v 3.372316 0.814530 2.703710 0.9490 0.7608 0.1882
v 3.390667 0.930000 2.735493 0.9490 0.7608 0.1882
v 3.254064 0.788579 2.698891 0.9490 0.7608 0.1882
v 3.290667 1.930000 2.562289 0.9490 0.7608 0.1882
v 3.238903 1.730000 2.755474 0.9490 0.7608 0.1882
v 3.483852 1.730000 2.614053 0.9490 0.7608 0.1882
v 3.254065 1.871421 2.698891 0.9490 0.7608 0.1882
v 3.372317 1.845470 2.703710 0.9490 0.7608 0.1882
v 3.390667 1.730000 2.735493 0.9490 0.7608 0.1882
v 3.427270 1.871421 2.598891 0.9490 0.7608 0.1882
v 3.601250 0.730000 1.403178 0.9490 0.7608 0.1882
v 3.653013 0.930000 1.209993 0.9490 0.7608 0.1882
v 3.794435 0.930000 1.454942 0.9490 0.7608 0.1882
v 3.637852 0.788579 1.266575 0.9490 0.7608 0.1882
v 3.742671 0.814530 1.321528 0.9490 0.7608 0.1882
v 3.774454 0.930000 1.303178 0.9490 0.7608 0.1882
v 3.737852 0.788579 1.439780 0.9490 0.7608 0.1882
v 3.601250 1.930000 1.403178 0.9490 0.7608 0.1882
v 3.794435 1.730000 1.454942 0.9490 0.7608 0.1882
v 3.653013 1.730000 1.209993 0.9490 0.7608 0.1882
v 3.737852 1.871421 1.439780 0.9490 0.7608 0.1882
v 3.742671 1.845470 1.321528 0.9490 0.7608 0.1882
v 3.774454 1.730000 1.303178 0.9490 0.7608 0.1882
v 3.637852 1.871421 1.266575 0.9490 0.7608 0.1882
v 2.342884 1.380000 1.945984 0.1804 0.2078 0.3137
v 2.317002 1.480000 2.042577 0.1804 0.2078 0.3137
v 2.246291 1.480000 1.920102 0.1804 0.2078 0.3137
v 2.317002 1.780000 2.042577 0.1804 0.2078 0.3137
v 2.342884 1.880000 1.945984 0.1804 0.2078 0.3137
v 2.246291 1.780000 1.920102 0.1804 0.2078 0.3137
v 2.472293 1.380000 1.463021 0.1804 0.2078 0.3137
v 2.375700 1.480000 1.437140 0.1804 0.2078 0.3137
v 2.498175 1.480000 1.366429 0.1804 0.2078 0.3137
v 2.472293 1.880000 1.463022 0.1804 0.2078 0.3137
v 2.498175 1.780000 1.366429 0.1804 0.2078 0.3137
v 2.375700 1.780000 1.437140 0.1804 0.2078 0.3137
v 2.874143 1.380000 2.088335 0.1804 0.2078 0.3137
v 2.970735 1.480000 2.114217 0.1804 0.2078 0.3137
v 2.848261 1.480000 2.184927 0.1804 0.2078 0.3137
v 2.874143 1.880000 2.088335 0.1804 0.2078 0.3137
v 2.848261 1.780000 2.184927 0.1804 0.2078 0.3137
v 2.970735 1.780000 2.114217 0.1804 0.2078 0.3137
v 3.003552 1.380000 1.605372 0.1804 0.2078 0.3137
v 3.029434 1.480000 1.508779 0.1804 0.2078 0.3137
v 3.100145 1.480000 1.631254 0.1804 0.2078 0.3137
v 3.003552 1.880000 1.605372 0.1804 0.2078 0.3137
v 3.100145 1.780000 1.631254 0.1804 0.2078 0.3137
v 3.029434 1.780000 1.508779 0.1804 0.2078 0.3137
v 2.897597 1.680000 2.136030 0.1804 0.2078 0.3137
v 2.882068 1.740000 2.193986 0.1804 0.2078 0.3137
v 2.839642 1.740000 2.120501 0.1804 0.2078 0.3137
v 2.882068 2.220000 2.193986 0.1804 0.2078 0.3137
v 2.897597 2.280000 2.136030 0.1804 0.2078 0.3137
v 2.839642 2.220000 2.120501 0.1804 0.2078 0.3137
v 3.047712 1.680000 1.575794 0.1804 0.2078 0.3137
v 2.989757 1.740000 1.560264 0.1804 0.2078 0.3137
v 3.063241 1.740000 1.517838 0.1804 0.2078 0.3137
v 3.047712 2.280000 1.575794 0.1804 0.2078 0.3137
v 3.063241 2.220000 1.517838 0.1804 0.2078 0.3137
v 2.989757 2.220000 1.560264 0.1804 0.2078 0.3137
v 2.974871 1.680000 2.156736 0.1804 0.2078 0.3137
v 3.032827 1.740000 2.172265 0.1804 0.2078 0.3137
v 2.959342 1.740000 2.214692 0.1804 0.2078 0.3137
v 2.974871 2.280000 2.156736 0.1804 0.2078 0.3137
v 2.959342 2.220000 2.214692 0.1804 0.2078 0.3137
v 3.032827 2.220000 2.172265 0.1804 0.2078 0.3137
v 3.124986 1.680000 1.596499 0.1804 0.2078 0.3137
v 3.140516 1.740000 1.538543 0.1804 0.2078 0.3137
v 3.182942 1.740000 1.612028 0.1804 0.2078 0.3137
v 3.124986 2.280000 1.596499 0.1804 0.2078 0.3137
v 3.182942 2.220000 1.612028 0.1804 0.2078 0.3137
v 3.140516 2.220000 1.538543 0.1804 0.2078 0.3137
v 3.226000 1.733985 2.617431 0.1804 0.2078 0.3137
v 3.210471 1.733985 2.675386 0.1804 0.2078 0.3137
v 3.152663 1.730000 2.690955 0.1804 0.2078 0.3137
v 3.110385 1.726015 2.648568 0.1804 0.2078 0.3137
v 3.125914 1.726015 2.590613 0.1804 0.2078 0.3137
v 3.183722 1.730000 2.575044 0.1804 0.2078 0.3137
v 1.483779 1.333051 2.150604 0.1804 0.2078 0.3137
v 1.468250 1.333051 2.208560 0.1804 0.2078 0.3137
v 1.510589 1.330000 2.250963 0.1804 0.2078 0.3137
v 1.568458 1.326949 2.235410 0.1804 0.2078 0.3137
v 1.583987 1.326949 2.177455 0.1804 0.2078 0.3137
v 1.541648 1.330000 2.135051 0.1804 0.2078 0.3137
v 1.596043 3.067806 2.180685 0.1804 0.2078 0.3137
v 1.580514 3.067806 2.238641 0.1804 0.2078 0.3137
v 1.607182 3.030000 2.276845 0.1804 0.2078 0.3137
v 1.649379 2.992194 2.257093 0.1804 0.2078 0.3137
v 1.664908 2.992194 2.199137 0.1804 0.2078 0.3137
v 1.638240 3.030000 2.160933 0.1804 0.2078 0.3137
v 3.113467 3.068125 2.587277 0.1804 0.2078 0.3137
v 3.097938 3.068125 2.645233 0.1804 0.2078 0.3137
v 3.056071 3.030000 2.665073 0.1804 0.2078 0.3137
v 3.029733 2.991875 2.626958 0.1804 0.2078 0.3137
v 3.045262 2.991875 2.569002 0.1804 0.2078 0.3137
v 3.087129 3.030000 2.549162 0.1804 0.2078 0.3137
v 3.588347 1.733985 1.265135 0.1804 0.2078 0.3137
v 3.572818 1.733985 1.323090 0.1804 0.2078 0.3137
v 3.515010 1.730000 1.338659 0.1804 0.2078 0.3137
v 3.472731 1.726015 1.296272 0.1804 0.2078 0.3137
v 3.488261 1.726015 1.238317 0.1804 0.2078 0.3137
v 3.546068 1.730000 1.222748 0.1804 0.2078 0.3137
v 1.846125 1.333051 0.798308 0.1804 0.2078 0.3137
v 1.830596 1.333051 0.856263 0.1804 0.2078 0.3137
v 1.872936 1.330000 0.898667 0.1804 0.2078 0.3137
v 1.930805 1.326949 0.883114 0.1804 0.2078 0.3137
v 1.946334 1.326949 0.825159 0.1804 0.2078 0.3137
v 1.903994 1.330000 0.782755 0.1804 0.2078 0.3137
v 1.958390 3.067806 0.828389 0.1804 0.2078 0.3137
v 1.942861 3.067806 0.886345 0.1804 0.2078 0.3137
v 1.969529 3.030000 0.924549 0.1804 0.2078 0.3137
v 2.011726 2.992194 0.904797 0.1804 0.2078 0.3137
v 2.027255 2.992194 0.846841 0.1804 0.2078 0.3137
v 2.000587 3.030000 0.808637 0.1804 0.2078 0.3137
v 3.475813 3.068125 1.234981 0.1804 0.2078 0.3137
v 3.460284 3.068125 1.292937 0.1804 0.2078 0.3137
v 3.418417 3.030000 1.312777 0.1804 0.2078 0.3137
v 3.392080 2.991875 1.274662 0.1804 0.2078 0.3137
v 3.407609 2.991875 1.216706 0.1804 0.2078 0.3137
v 3.449476 3.030000 1.196866 0.1804 0.2078 0.3137
v 1.561474 3.010000 2.254244 0.1804 0.2078 0.3137
v 1.561474 3.090000 2.254244 0.1804 0.2078 0.3137
v 1.949703 3.010000 0.805356 0.1804 0.2078 0.3137
v 1.949703 3.090000 0.805356 0.1804 0.2078 0.3137
v 3.106955 3.010000 2.668355 0.1804 0.2078 0.3137
v 3.106955 3.090000 2.668355 0.1804 0.2078 0.3137
v 3.495184 3.010000 1.219466 0.1804 0.2078 0.3137
v 3.495184 3.090000 1.219466 0.1804 0.2078 0.3137
v 2.211266 2.038402 1.631193 0.1804 0.2078 0.3137
v 2.200913 2.038402 1.669830 0.1804 0.2078 0.3137
v 2.228198 2.030000 1.697847 0.1804 0.2078 0.3137
v 2.265836 2.021598 1.687226 0.1804 0.2078 0.3137
v 2.276189 2.021598 1.648589 0.1804 0.2078 0.3137
v 2.248904 2.030000 1.620573 0.1804 0.2078 0.3137
v 2.066377 1.438402 1.592370 0.1804 0.2078 0.3137
v 2.056024 1.438402 1.631007 0.1804 0.2078 0.3137
v 2.083309 1.430000 1.659024 0.1804 0.2078 0.3137
v 2.120947 1.421598 1.648403 0.1804 0.2078 0.3137
v 2.131300 1.421598 1.609766 0.1804 0.2078 0.3137
v 2.104015 1.430000 1.581750 0.1804 0.2078 0.3137
v 2.456045 2.180000 1.717487 0.2039 0.2196 0.2471
v 2.463704 2.167126 1.602750 0.2039 0.2196 0.2471
v 2.426768 2.131054 1.499195 0.2039 0.2196 0.2471
v 2.352554 2.078928 1.427333 0.2039 0.2196 0.2471
v 2.255760 2.021072 1.401397 0.2039 0.2196 0.2471
v 2.155557 1.968946 1.426524 0.2039 0.2196 0.2471
v 2.071793 1.932874 1.497738 0.2039 0.2196 0.2471
v 2.021057 1.920000 1.600932 0.2039 0.2196 0.2471
v 2.013398 1.932874 1.715669 0.2039 0.2196 0.2471
v 2.050334 1.968946 1.819224 0.2039 0.2196 0.2471
v 2.124548 2.021072 1.891086 0.2039 0.2196 0.2471
v 2.221342 2.078928 1.917022 0.2039 0.2196 0.2471
v 2.321545 2.131054 1.891895 0.2039 0.2196 0.2471
v 2.405309 2.167126 1.820682 0.2039 0.2196 0.2471
v 2.414551 2.199126 1.706369 0.2039 0.2196 0.2471
v 2.421396 2.187620 1.603829 0.2039 0.2196 0.2471
v 2.388387 2.155383 1.511282 0.2039 0.2196 0.2471
v 2.322062 2.108798 1.447060 0.2039 0.2196 0.2471
v 2.235558 2.057093 1.423881 0.2039 0.2196 0.2471
v 2.146007 2.010508 1.446337 0.2039 0.2196 0.2471
v 2.071147 1.978271 1.509980 0.2039 0.2196 0.2471
v 2.025805 1.966765 1.602204 0.2039 0.2196 0.2471
v 2.018960 1.978271 1.704744 0.2039 0.2196 0.2471
v 2.051969 2.010508 1.797291 0.2039 0.2196 0.2471
v 2.118294 2.057093 1.861513 0.2039 0.2196 0.2471
v 2.204799 2.108798 1.884692 0.2039 0.2196 0.2471
v 2.294349 2.155383 1.862236 0.2039 0.2196 0.2471
v 2.369209 2.187620 1.798593 0.2039 0.2196 0.2471
v 2.384159 2.164181 1.698225 0.2039 0.2196 0.2471
v 2.389686 2.154890 1.615421 0.2039 0.2196 0.2471
v 2.363030 2.128857 1.540686 0.2039 0.2196 0.2471
v 2.309471 2.091238 1.488824 0.2039 0.2196 0.2471
v 2.239615 2.049484 1.470107 0.2039 0.2196 0.2471
v 2.167300 2.011866 1.488240 0.2039 0.2196 0.2471
v 2.106848 1.985833 1.539634 0.2039 0.2196 0.2471
v 2.070233 1.976542 1.614109 0.2039 0.2196 0.2471
v 2.064705 1.985833 1.696913 0.2039 0.2196 0.2471
v 2.091362 2.011866 1.771648 0.2039 0.2196 0.2471
v 2.144921 2.049484 1.823510 0.2039 0.2196 0.2471
v 2.214777 2.091238 1.842227 0.2039 0.2196 0.2471
v 2.287091 2.128857 1.824093 0.2039 0.2196 0.2471
v 2.347544 2.154890 1.772700 0.2039 0.2196 0.2471
v 2.406870 2.123458 1.704310 0.2039 0.2196 0.2471
v 2.412397 2.114167 1.621506 0.2039 0.2196 0.2471
v 2.385741 2.088134 1.546771 0.2039 0.2196 0.2471
v 2.332181 2.050515 1.494910 0.2039 0.2196 0.2471
v 2.262326 2.008762 1.476192 0.2039 0.2196 0.2471
v 2.190011 1.971143 1.494326 0.2039 0.2196 0.2471
v 2.129559 1.945110 1.545720 0.2039 0.2196 0.2471
v 2.092943 1.935819 1.620194 0.2039 0.2196 0.2471
v 2.087416 1.945110 1.702999 0.2039 0.2196 0.2471
v 2.114072 1.971143 1.777733 0.2039 0.2196 0.2471
v 2.167632 2.008762 1.829595 0.2039 0.2196 0.2471
v 2.237487 2.050515 1.848312 0.2039 0.2196 0.2471
v 2.309802 2.088134 1.830178 0.2039 0.2196 0.2471
v 2.370254 2.114167 1.778785 0.2039 0.2196 0.2471
v 2.451298 2.133235 1.716215 0.2039 0.2196 0.2471
v 2.458142 2.121729 1.613675 0.2039 0.2196 0.2471
v 2.425133 2.089492 1.521129 0.2039 0.2196 0.2471
v 2.358808 2.042907 1.456906 0.2039 0.2196 0.2471
v 2.272303 1.991202 1.433727 0.2039 0.2196 0.2471
v 2.182753 1.944617 1.456183 0.2039 0.2196 0.2471
v 2.107893 1.912380 1.519826 0.2039 0.2196 0.2471
v 2.062551 1.900874 1.612050 0.2039 0.2196 0.2471
v 2.055706 1.912380 1.714590 0.2039 0.2196 0.2471
v 2.088715 1.944617 1.807137 0.2039 0.2196 0.2471
v 2.155040 1.991202 1.871359 0.2039 0.2196 0.2471
v 2.241545 2.042907 1.894538 0.2039 0.2196 0.2471
v 2.331095 2.089492 1.872082 0.2039 0.2196 0.2471
v 2.405955 2.121729 1.808439 0.2039 0.2196 0.2471
v 1.191512 0.130000 1.896294 0.7216 0.7608 0.8000
v 1.186336 0.150000 1.915613 0.7216 0.7608 0.8000
v 1.172194 0.150000 1.891118 0.7216 0.7608 0.8000
v 1.186336 2.910000 1.915613 0.7216 0.7608 0.8000
v 1.191512 2.930000 1.896294 0.7216 0.7608 0.8000
v 1.172194 2.910000 1.891118 0.7216 0.7608 0.8000
v 1.217394 0.130000 1.799702 0.7216 0.7608 0.8000
v 1.198075 0.150000 1.794525 0.7216 0.7608 0.8000
v 1.222570 0.150000 1.780383 0.7216 0.7608 0.8000
v 1.217394 2.930000 1.799702 0.7216 0.7608 0.8000
v 1.222570 2.910000 1.780383 0.7216 0.7608 0.8000
v 1.198075 2.910000 1.794525 0.7216 0.7608 0.8000
v 1.288105 0.130000 1.922176 0.7216 0.7608 0.8000
v 1.307423 0.150000 1.927353 0.7216 0.7608 0.8000
v 1.282928 0.150000 1.941495 0.7216 0.7608 0.8000
v 1.288105 2.930000 1.922176 0.7216 0.7608 0.8000
v 1.282928 2.910000 1.941495 0.7216 0.7608 0.8000
v 1.307423 2.910000 1.927353 0.7216 0.7608 0.8000
v 1.313987 0.130000 1.825584 0.7216 0.7608 0.8000
v 1.319163 0.150000 1.806265 0.7216 0.7608 0.8000
v 1.333305 0.150000 1.830760 0.7216 0.7608 0.8000
v 1.313987 2.930000 1.825584 0.7216 0.7608 0.8000
v 1.333305 2.910000 1.830760 0.7216 0.7608 0.8000
v 1.319163 2.910000 1.806265 0.7216 0.7608 0.8000
v -0.120760 0.290000 1.461850 0.5490 0.5921 0.6393
v -0.125937 0.310000 1.481169 0.5490 0.5921 0.6393
v -0.140079 0.310000 1.456674 0.5490 0.5921 0.6393
v -0.125937 0.350000 1.481169 0.5490 0.5921 0.6393
v -0.120760 0.370000 1.461850 0.5490 0.5921 0.6393
v -0.140079 0.350000 1.456674 0.5490 0.5921 0.6393
v -0.084525 0.290000 1.326620 0.5490 0.5921 0.6393
v -0.103844 0.310000 1.321444 0.5490 0.5921 0.6393
v -0.079349 0.310000 1.307302 0.5490 0.5921 0.6393
v -0.084525 0.370000 1.326620 0.5490 0.5921 0.6393
v -0.079349 0.350000 1.307302 0.5490 0.5921 0.6393
v -0.103844 0.350000 1.321444 0.5490 0.5921 0.6393
v 1.192899 0.290000 1.813844 0.5490 0.5921 0.6393
v 1.212218 0.310000 1.819020 0.5490 0.5921 0.6393
v 1.187723 0.310000 1.833163 0.5490 0.5921 0.6393
v 1.192899 0.370000 1.813844 0.5490 0.5921 0.6393
v 1.187723 0.350000 1.833163 0.5490 0.5921 0.6393
v 1.212218 0.350000 1.819020 0.5490 0.5921 0.6393
v 1.229134 0.290000 1.678614 0.5490 0.5921 0.6393
v 1.234310 0.310000 1.659296 0.5490 0.5921 0.6393
v 1.248452 0.310000 1.683791 0.5490 0.5921 0.6393
v 1.229134 0.370000 1.678614 0.5490 0.5921 0.6393
v 1.248452 0.350000 1.683791 0.5490 0.5921 0.6393
v 1.234310 0.350000 1.659296 0.5490 0.5921 0.6393
v 1.149086 0.280000 1.822810 0.5490 0.5921 0.6393
v 1.149086 0.980000 1.822810 0.5490 0.5921 0.6393
v 1.195673 0.280000 1.648943 0.5490 0.5921 0.6393
v 1.195673 0.980000 1.648943 0.5490 0.5921 0.6393
v 1.226360 0.280000 1.843515 0.5490 0.5921 0.6393
v 1.226360 0.980000 1.843515 0.5490 0.5921 0.6393
v 1.272947 0.280000 1.669649 0.5490 0.5921 0.6393
v 1.272947 0.980000 1.669649 0.5490 0.5921 0.6393
v 1.424449 0.130000 1.026961 0.7216 0.7608 0.8000
v 1.419273 0.150000 1.046280 0.7216 0.7608 0.8000
v 1.405131 0.150000 1.021785 0.7216 0.7608 0.8000
v 1.419273 2.910000 1.046280 0.7216 0.7608 0.8000
v 1.424449 2.930000 1.026961 0.7216 0.7608 0.8000
v 1.405131 2.910000 1.021785 0.7216 0.7608 0.8000
v 1.450331 0.130000 0.930369 0.7216 0.7608 0.8000
v 1.431013 0.150000 0.925192 0.7216 0.7608 0.8000
v 1.455507 0.150000 0.911050 0.7216 0.7608 0.8000
v 1.450331 2.930000 0.930369 0.7216 0.7608 0.8000
v 1.455507 2.910000 0.911050 0.7216 0.7608 0.8000
v 1.431013 2.910000 0.925192 0.7216 0.7608 0.8000
v 1.521042 0.130000 1.052843 0.7216 0.7608 0.8000
v 1.540360 0.150000 1.058020 0.7216 0.7608 0.8000
v 1.515865 0.150000 1.072162 0.7216 0.7608 0.8000
v 1.521042 2.930000 1.052843 0.7216 0.7608 0.8000
v 1.515865 2.910000 1.072162 0.7216 0.7608 0.8000
v 1.540360 2.910000 1.058020 0.7216 0.7608 0.8000
v 1.546924 0.130000 0.956250 0.7216 0.7608 0.8000
v 1.552100 0.150000 0.936932 0.7216 0.7608 0.8000
v 1.566242 0.150000 0.961427 0.7216 0.7608 0.8000
v 1.546924 2.930000 0.956250 0.7216 0.7608 0.8000
v 1.566242 2.910000 0.961427 0.7216 0.7608 0.8000
v 1.552100 2.910000 0.936932 0.7216 0.7608 0.8000
v 0.060413 0.290000 0.785702 0.5490 0.5921 0.6393
v 0.055237 0.310000 0.805020 0.5490 0.5921 0.6393
v 0.041095 0.310000 0.780526 0.5490 0.5921 0.6393
v 0.055237 0.350000 0.805020 0.5490 0.5921 0.6393
v 0.060413 0.370000 0.785702 0.5490 0.5921 0.6393
v 0.041095 0.350000 0.780526 0.5490 0.5921 0.6393
v 0.096648 0.290000 0.650472 0.5490 0.5921 0.6393
v 0.077329 0.310000 0.645296 0.5490 0.5921 0.6393
v 0.101824 0.310000 0.631154 0.5490 0.5921 0.6393
v 0.096648 0.370000 0.650472 0.5490 0.5921 0.6393
v 0.101824 0.350000 0.631154 0.5490 0.5921 0.6393
v 0.077329 0.350000 0.645296 0.5490 0.5921 0.6393
v 1.374072 0.290000 1.137696 0.5490 0.5921 0.6393
v 1.393391 0.310000 1.142872 0.5490 0.5921 0.6393
v 1.368896 0.310000 1.157014 0.5490 0.5921 0.6393
v 1.374072 0.370000 1.137696 0.5490 0.5921 0.6393
v 1.368896 0.350000 1.157014 0.5490 0.5921 0.6393
v 1.393391 0.350000 1.142872 0.5490 0.5921 0.6393
v 1.410307 0.290000 1.002466 0.5490 0.5921 0.6393
v 1.415483 0.310000 0.983148 0.5490 0.5921 0.6393
v 1.429626 0.310000 1.007643 0.5490 0.5921 0.6393
v 1.410307 0.370000 1.002466 0.5490 0.5921 0.6393
v 1.429626 0.350000 1.007643 0.5490 0.5921 0.6393
v 1.415483 0.350000 0.983148 0.5490 0.5921 0.6393
v 1.330259 0.280000 1.146662 0.5490 0.5921 0.6393
v 1.330259 0.980000 1.146662 0.5490 0.5921 0.6393
v 1.376846 0.280000 0.972795 0.5490 0.5921 0.6393
v 1.376846 0.980000 0.972795 0.5490 0.5921 0.6393
v 1.407533 0.280000 1.167367 0.5490 0.5921 0.6393
v 1.407533 0.980000 1.167367 0.5490 0.5921 0.6393
v 1.454121 0.280000 0.993500 0.5490 0.5921 0.6393
v 1.454121 0.980000 0.993500 0.5490 0.5921 0.6393
v 1.101297 2.870000 1.923885 0.7216 0.7608 0.8000
v 1.101297 2.990000 1.923885 0.7216 0.7608 0.8000
v 1.385998 2.870000 0.861367 0.7216 0.7608 0.8000
v 1.385998 2.990000 0.861367 0.7216 0.7608 0.8000
v 1.197890 2.870000 1.949767 0.7216 0.7608 0.8000
v 1.197890 2.990000 1.949767 0.7216 0.7608 0.8000
v 1.482591 2.870000 0.887249 0.7216 0.7608 0.8000
v 1.482591 2.990000 0.887249 0.7216 0.7608 0.8000
v 2.528329 3.300000 1.736855 0.9490 0.7608 0.1882
v 2.550290 3.264853 1.654894 0.9490 0.7608 0.1882
v 2.550290 3.095147 1.654894 0.9490 0.7608 0.1882
v 2.528329 3.060000 1.736855 0.9490 0.7608 0.1882
v 2.601814 3.264853 1.694429 0.9490 0.7608 0.1882
v 2.632252 3.180000 1.676855 0.9490 0.7608 0.1882
v 2.601814 3.095147 1.694429 0.9490 0.7608 0.1882
v 2.610290 3.264853 1.758817 0.9490 0.7608 0.1882
v 2.644240 3.180000 1.767914 0.9490 0.7608 0.1882
v 2.610290 3.095147 1.758817 0.9490 0.7608 0.1882
v 2.570755 3.264853 1.810340 0.9490 0.7608 0.1882
v 2.588329 3.180000 1.840778 0.9490 0.7608 0.1882
v 2.570755 3.095147 1.810340 0.9490 0.7608 0.1882
v 2.506367 3.264853 1.818817 0.9490 0.7608 0.1882
v 2.497271 3.180000 1.852766 0.9490 0.7608 0.1882
v 2.506367 3.095147 1.818817 0.9490 0.7608 0.1882
v 2.454844 3.264853 1.779282 0.9490 0.7608 0.1882
v 2.424406 3.180000 1.796855 0.9490 0.7608 0.1882
v 2.454844 3.095147 1.779282 0.9490 0.7608 0.1882
v 2.446367 3.264853 1.714894 0.9490 0.7608 0.1882
v 2.412418 3.180000 1.705797 0.9490 0.7608 0.1882
v 2.446367 3.095147 1.714894 0.9490 0.7608 0.1882
v 2.485902 3.264853 1.663371 0.9490 0.7608 0.1882
v 2.468329 3.180000 1.632932 0.9490 0.7608 0.1882
v 2.485902 3.095147 1.663371 0.9490 0.7608 0.1882
v 2.559387 3.180000 1.620944 0.9490 0.7608 0.1882
v 2.036672 0.450000 2.412632 0.2039 0.2196 0.2471
v 2.021861 0.566469 2.408663 0.2039 0.2196 0.2471
v 1.978438 0.675000 2.397028 0.2039 0.2196 0.2471
v 1.909361 0.768198 2.378519 0.2039 0.2196 0.2471
v 1.819339 0.839711 2.354397 0.2039 0.2196 0.2471
v 1.714506 0.884667 2.326307 0.2039 0.2196 0.2471
v 1.602006 0.900000 2.296163 0.2039 0.2196 0.2471
v 1.489506 0.884667 2.266019 0.2039 0.2196 0.2471
v 1.384672 0.839711 2.237929 0.2039 0.2196 0.2471
v 1.294650 0.768198 2.213807 0.2039 0.2196 0.2471
v 1.225573 0.675000 2.195298 0.2039 0.2196 0.2471
v 1.182150 0.566469 2.183663 0.2039 0.2196 0.2471
v 1.167339 0.450000 2.179694 0.2039 0.2196 0.2471
v 1.182150 0.333531 2.183663 0.2039 0.2196 0.2471
v 1.225573 0.225000 2.195298 0.2039 0.2196 0.2471
v 1.294650 0.131802 2.213807 0.2039 0.2196 0.2471
v 1.384672 0.060289 2.237929 0.2039 0.2196 0.2471
v 1.489506 0.015333 2.266019 0.2039 0.2196 0.2471
v 1.602006 0.000000 2.296163 0.2039 0.2196 0.2471
v 1.714506 0.015333 2.326307 0.2039 0.2196 0.2471
v 1.819339 0.060289 2.354397 0.2039 0.2196 0.2471
v 1.909361 0.131802 2.378519 0.2039 0.2196 0.2471
v 1.978438 0.225000 2.397028 0.2039 0.2196 0.2471
v 2.021861 0.333531 2.408663 0.2039 0.2196 0.2471
v 1.973772 0.450000 2.494605 0.2039 0.2196 0.2471
v 1.960263 0.556235 2.490985 0.2039 0.2196 0.2471
v 1.920655 0.655230 2.480372 0.2039 0.2196 0.2471
v 1.857648 0.740239 2.463489 0.2039 0.2196 0.2471
v 1.775536 0.805468 2.441487 0.2039 0.2196 0.2471
v 1.679914 0.846473 2.415865 0.2039 0.2196 0.2471
v 1.577299 0.860459 2.388370 0.2039 0.2196 0.2471
v 1.474684 0.846473 2.360874 0.2039 0.2196 0.2471
v 1.379062 0.805468 2.335253 0.2039 0.2196 0.2471
v 1.296950 0.740239 2.313251 0.2039 0.2196 0.2471
v 1.233943 0.655230 2.296368 0.2039 0.2196 0.2471
v 1.194335 0.556235 2.285755 0.2039 0.2196 0.2471
v 1.180826 0.450000 2.282135 0.2039 0.2196 0.2471
v 1.194335 0.343765 2.285755 0.2039 0.2196 0.2471
v 1.233943 0.244770 2.296368 0.2039 0.2196 0.2471
v 1.296950 0.159761 2.313251 0.2039 0.2196 0.2471
v 1.379062 0.094532 2.335252 0.2039 0.2196 0.2471
v 1.474684 0.053527 2.360874 0.2039 0.2196 0.2471
v 1.577299 0.039541 2.388370 0.2039 0.2196 0.2471
v 1.679914 0.053527 2.415865 0.2039 0.2196 0.2471
v 1.775536 0.094532 2.441487 0.2039 0.2196 0.2471
v 1.857648 0.159761 2.463489 0.2039 0.2196 0.2471
v 1.920655 0.244770 2.480372 0.2039 0.2196 0.2471
v 1.960263 0.343765 2.490985 0.2039 0.2196 0.2471
v 1.871332 0.450000 2.508091 0.2039 0.2196 0.2471
v 1.860964 0.531528 2.505313 0.2039 0.2196 0.2471
v 1.830568 0.607500 2.497168 0.2039 0.2196 0.2471
v 1.782214 0.672739 2.484212 0.2039 0.2196 0.2471
v 1.719198 0.722798 2.467327 0.2039 0.2196 0.2471
v 1.645815 0.754267 2.447664 0.2039 0.2196 0.2471
v 1.567065 0.765000 2.426563 0.2039 0.2196 0.2471
v 1.488315 0.754267 2.405462 0.2039 0.2196 0.2471
v 1.414932 0.722798 2.385799 0.2039 0.2196 0.2471
v 1.351916 0.672739 2.368914 0.2039 0.2196 0.2471
v 1.303562 0.607500 2.355958 0.2039 0.2196 0.2471
v 1.273166 0.531528 2.347813 0.2039 0.2196 0.2471
v 1.262798 0.450000 2.345035 0.2039 0.2196 0.2471
v 1.273166 0.368472 2.347813 0.2039 0.2196 0.2471
v 1.303562 0.292500 2.355958 0.2039 0.2196 0.2471
v 1.351916 0.227261 2.368914 0.2039 0.2196 0.2471
v 1.414932 0.177202 2.385799 0.2039 0.2196 0.2471
v 1.488315 0.145733 2.405462 0.2039 0.2196 0.2471
v 1.567065 0.135000 2.426563 0.2039 0.2196 0.2471
v 1.645815 0.145733 2.447664 0.2039 0.2196 0.2471
v 1.719198 0.177202 2.467327 0.2039 0.2196 0.2471
v 1.782214 0.227261 2.484212 0.2039 0.2196 0.2471
v 1.830568 0.292500 2.497168 0.2039 0.2196 0.2471
v 1.860964 0.368472 2.505313 0.2039 0.2196 0.2471
v 1.789359 0.450000 2.445191 0.2039 0.2196 0.2471
v 1.782133 0.506821 2.443255 0.2039 0.2196 0.2471
v 1.760948 0.559770 2.437578 0.2039 0.2196 0.2471
v 1.727248 0.605239 2.428548 0.2039 0.2196 0.2471
v 1.683329 0.640128 2.416780 0.2039 0.2196 0.2471
v 1.632184 0.662060 2.403076 0.2039 0.2196 0.2471
v 1.577299 0.669541 2.388370 0.2039 0.2196 0.2471
v 1.522414 0.662060 2.373663 0.2039 0.2196 0.2471
v 1.471269 0.640128 2.359959 0.2039 0.2196 0.2471
v 1.427350 0.605239 2.348191 0.2039 0.2196 0.2471
v 1.393650 0.559770 2.339161 0.2039 0.2196 0.2471
v 1.372465 0.506821 2.333485 0.2039 0.2196 0.2471
v 1.365239 0.450000 2.331548 0.2039 0.2196 0.2471
v 1.372465 0.393179 2.333485 0.2039 0.2196 0.2471
v 1.393650 0.340230 2.339161 0.2039 0.2196 0.2471
v 1.427350 0.294761 2.348191 0.2039 0.2196 0.2471
v 1.471269 0.259872 2.359959 0.2039 0.2196 0.2471
v 1.522414 0.237940 2.373663 0.2039 0.2196 0.2471
v 1.577299 0.230459 2.388370 0.2039 0.2196 0.2471
v 1.632184 0.237940 2.403076 0.2039 0.2196 0.2471
v 1.683329 0.259872 2.416780 0.2039 0.2196 0.2471
v 1.727248 0.294761 2.428548 0.2039 0.2196 0.2471
v 1.760948 0.340230 2.437578 0.2039 0.2196 0.2471
v 1.782133 0.393179 2.443255 0.2039 0.2196 0.2471
v 1.775872 0.450000 2.342751 0.2039 0.2196 0.2471
v 1.769948 0.496587 2.341163 0.2039 0.2196 0.2471
v 1.752578 0.540000 2.336509 0.2039 0.2196 0.2471
v 1.724948 0.577279 2.329105 0.2039 0.2196 0.2471
v 1.688939 0.605885 2.319457 0.2039 0.2196 0.2471
v 1.647006 0.623867 2.308221 0.2039 0.2196 0.2471
v 1.602006 0.630000 2.296163 0.2039 0.2196 0.2471
v 1.557006 0.623867 2.284105 0.2039 0.2196 0.2471
v 1.515072 0.605885 2.272869 0.2039 0.2196 0.2471
v 1.479063 0.577279 2.263221 0.2039 0.2196 0.2471
v 1.451433 0.540000 2.255817 0.2039 0.2196 0.2471
v 1.434063 0.496587 2.251163 0.2039 0.2196 0.2471
v 1.428139 0.450000 2.249576 0.2039 0.2196 0.2471
v 1.434063 0.403413 2.251163 0.2039 0.2196 0.2471
v 1.451433 0.360000 2.255817 0.2039 0.2196 0.2471
v 1.479063 0.322721 2.263221 0.2039 0.2196 0.2471
v 1.515072 0.294115 2.272869 0.2039 0.2196 0.2471
v 1.557006 0.276133 2.284105 0.2039 0.2196 0.2471
v 1.602006 0.270000 2.296163 0.2039 0.2196 0.2471
v 1.647006 0.276133 2.308221 0.2039 0.2196 0.2471
v 1.688939 0.294115 2.319457 0.2039 0.2196 0.2471
v 1.724948 0.322721 2.329105 0.2039 0.2196 0.2471
v 1.752578 0.360000 2.336509 0.2039 0.2196 0.2471
v 1.769948 0.403413 2.341163 0.2039 0.2196 0.2471
v 1.838772 0.450000 2.260778 0.2039 0.2196 0.2471
v 1.831546 0.506821 2.258842 0.2039 0.2196 0.2471
v 1.810362 0.559770 2.253165 0.2039 0.2196 0.2471
v 1.776661 0.605239 2.244135 0.2039 0.2196 0.2471
v 1.732742 0.640128 2.232367 0.2039 0.2196 0.2471
v 1.681597 0.662060 2.218663 0.2039 0.2196 0.2471
v 1.626712 0.669541 2.203956 0.2039 0.2196 0.2471
v 1.571827 0.662060 2.189250 0.2039 0.2196 0.2471
v 1.520682 0.640128 2.175546 0.2039 0.2196 0.2471
v 1.476763 0.605239 2.163778 0.2039 0.2196 0.2471
v 1.443063 0.559770 2.154748 0.2039 0.2196 0.2471
v 1.421878 0.506821 2.149071 0.2039 0.2196 0.2471
v 1.414652 0.450000 2.147135 0.2039 0.2196 0.2471
v 1.421878 0.393179 2.149071 0.2039 0.2196 0.2471
v 1.443063 0.340230 2.154748 0.2039 0.2196 0.2471
v 1.476763 0.294761 2.163778 0.2039 0.2196 0.2471
v 1.520682 0.259872 2.175546 0.2039 0.2196 0.2471
v 1.571827 0.237940 2.189250 0.2039 0.2196 0.2471
v 1.626712 0.230459 2.203956 0.2039 0.2196 0.2471
v 1.681597 0.237940 2.218663 0.2039 0.2196 0.2471
v 1.732742 0.259872 2.232367 0.2039 0.2196 0.2471
v 1.776661 0.294761 2.244135 0.2039 0.2196 0.2471
v 1.810362 0.340230 2.253165 0.2039 0.2196 0.2471
v 1.831546 0.393179 2.258842 0.2039 0.2196 0.2471
v 1.941213 0.450000 2.247291 0.2039 0.2196 0.2471
v 1.930845 0.531528 2.244513 0.2039 0.2196 0.2471
v 1.900449 0.607500 2.236368 0.2039 0.2196 0.2471
v 1.852095 0.672739 2.223412 0.2039 0.2196 0.2471
v 1.789079 0.722798 2.206527 0.2039 0.2196 0.2471
v 1.715696 0.754267 2.186864 0.2039 0.2196 0.2471
v 1.636946 0.765000 2.165763 0.2039 0.2196 0.2471
v 1.558196 0.754267 2.144662 0.2039 0.2196 0.2471
v 1.484813 0.722798 2.124999 0.2039 0.2196 0.2471
v 1.421797 0.672739 2.108114 0.2039 0.2196 0.2471
v 1.373443 0.607500 2.095158 0.2039 0.2196 0.2471
v 1.343047 0.531528 2.087013 0.2039 0.2196 0.2471
v 1.332680 0.450000 2.084235 0.2039 0.2196 0.2471
v 1.343047 0.368472 2.087013 0.2039 0.2196 0.2471
v 1.373443 0.292500 2.095158 0.2039 0.2196 0.2471
v 1.421797 0.227261 2.108114 0.2039 0.2196 0.2471
v 1.484813 0.177202 2.124999 0.2039 0.2196 0.2471
v 1.558196 0.145733 2.144662 0.2039 0.2196 0.2471
v 1.636946 0.135000 2.165763 0.2039 0.2196 0.2471
v 1.715696 0.145733 2.186864 0.2039 0.2196 0.2471
v 1.789079 0.177202 2.206527 0.2039 0.2196 0.2471
v 1.852095 0.227261 2.223412 0.2039 0.2196 0.2471
v 1.900449 0.292500 2.236368 0.2039 0.2196 0.2471
v 1.930845 0.368472 2.244513 0.2039 0.2196 0.2471
v 2.023186 0.450000 2.310191 0.2039 0.2196 0.2471
v 2.009676 0.556235 2.306571 0.2039 0.2196 0.2471
v 1.970068 0.655230 2.295958 0.2039 0.2196 0.2471
v 1.907061 0.740239 2.279076 0.2039 0.2196 0.2471
v 1.824949 0.805468 2.257074 0.2039 0.2196 0.2471
v 1.729327 0.846473 2.231452 0.2039 0.2196 0.2471
v 1.626712 0.860459 2.203956 0.2039 0.2196 0.2471
v 1.524097 0.846473 2.176461 0.2039 0.2196 0.2471
v 1.428476 0.805468 2.150839 0.2039 0.2196 0.2471
v 1.346363 0.740239 2.128837 0.2039 0.2196 0.2471
v 1.283356 0.655230 2.111954 0.2039 0.2196 0.2471
v 1.243748 0.556235 2.101341 0.2039 0.2196 0.2471
v 1.230239 0.450000 2.097722 0.2039 0.2196 0.2471
v 1.243748 0.343765 2.101341 0.2039 0.2196 0.2471
v 1.283356 0.244770 2.111954 0.2039 0.2196 0.2471
v 1.346363 0.159761 2.128837 0.2039 0.2196 0.2471
v 1.428476 0.094532 2.150839 0.2039 0.2196 0.2471
v 1.524097 0.053527 2.176461 0.2039 0.2196 0.2471
v 1.626712 0.039541 2.203956 0.2039 0.2196 0.2471
v 1.729327 0.053527 2.231452 0.2039 0.2196 0.2471
v 1.824949 0.094532 2.257074 0.2039 0.2196 0.2471
v 1.907061 0.159761 2.279076 0.2039 0.2196 0.2471
v 1.970068 0.244770 2.295958 0.2039 0.2196 0.2471
v 2.009676 0.343765 2.306571 0.2039 0.2196 0.2471
v 1.629182 0.710400 2.194741 0.7216 0.7608 0.8000
v 1.574830 0.710400 2.397585 0.7216 0.7608 0.8000
v 1.694282 0.701527 2.212184 0.7216 0.7608 0.8000
v 1.639930 0.701527 2.415029 0.7216 0.7608 0.8000
v 1.754945 0.675513 2.228439 0.7216 0.7608 0.8000
v 1.700593 0.675513 2.431283 0.7216 0.7608 0.8000
v 1.807038 0.634131 2.242397 0.7216 0.7608 0.8000
v 1.752686 0.634131 2.445242 0.7216 0.7608 0.8000
v 1.847010 0.580200 2.253108 0.7216 0.7608 0.8000
v 1.792658 0.580200 2.455952 0.7216 0.7608 0.8000
v 1.872138 0.517396 2.259841 0.7216 0.7608 0.8000
v 1.817786 0.517396 2.462685 0.7216 0.7608 0.8000
v 1.880709 0.450000 2.262137 0.7216 0.7608 0.8000
v 1.826357 0.450000 2.464982 0.7216 0.7608 0.8000
v 1.872138 0.382604 2.259841 0.7216 0.7608 0.8000
v 1.817786 0.382603 2.462685 0.7216 0.7608 0.8000
v 1.847010 0.319800 2.253108 0.7216 0.7608 0.8000
v 1.792658 0.319800 2.455952 0.7216 0.7608 0.8000
v 1.807038 0.265869 2.242397 0.7216 0.7608 0.8000
v 1.752686 0.265869 2.445242 0.7216 0.7608 0.8000
v 1.754945 0.224487 2.228439 0.7216 0.7608 0.8000
v 1.700593 0.224487 2.431283 0.7216 0.7608 0.8000
v 1.694282 0.198473 2.212184 0.7216 0.7608 0.8000
v 1.639930 0.198473 2.415029 0.7216 0.7608 0.8000
v 1.629182 0.189600 2.194741 0.7216 0.7608 0.8000
v 1.574830 0.189600 2.397585 0.7216 0.7608 0.8000
v 1.564082 0.198473 2.177297 0.7216 0.7608 0.8000
v 1.509730 0.198473 2.380142 0.7216 0.7608 0.8000
v 1.503418 0.224487 2.161043 0.7216 0.7608 0.8000
v 1.449066 0.224487 2.363887 0.7216 0.7608 0.8000
v 1.451325 0.265869 2.147084 0.7216 0.7608 0.8000
v 1.396973 0.265869 2.349929 0.7216 0.7608 0.8000
v 1.411353 0.319800 2.136374 0.7216 0.7608 0.8000
v 1.357001 0.319800 2.339218 0.7216 0.7608 0.8000
v 1.386225 0.382604 2.129641 0.7216 0.7608 0.8000
v 1.331873 0.382603 2.332485 0.7216 0.7608 0.8000
v 1.377655 0.450000 2.127344 0.7216 0.7608 0.8000
v 1.323303 0.450000 2.330189 0.7216 0.7608 0.8000
v 1.386225 0.517396 2.129641 0.7216 0.7608 0.8000
v 1.331873 0.517396 2.332485 0.7216 0.7608 0.8000
v 1.411353 0.580200 2.136374 0.7216 0.7608 0.8000
v 1.357001 0.580200 2.339218 0.7216 0.7608 0.8000
v 1.451325 0.634131 2.147084 0.7216 0.7608 0.8000
v 1.396973 0.634131 2.349929 0.7216 0.7608 0.8000
v 1.503418 0.675513 2.161043 0.7216 0.7608 0.8000
v 1.449066 0.675513 2.363887 0.7216 0.7608 0.8000
v 1.564082 0.701527 2.177297 0.7216 0.7608 0.8000
v 1.509730 0.701527 2.380142 0.7216 0.7608 0.8000
v 1.636946 0.555000 2.165763 1.0000 0.9647 0.8980
v 1.567065 0.555000 2.426563 1.0000 0.9647 0.8980
v 1.687657 0.540933 2.179351 1.0000 0.9647 0.8980
v 1.617776 0.540933 2.440151 1.0000 0.9647 0.8980
v 1.724780 0.502500 2.189298 1.0000 0.9647 0.8980
v 1.654899 0.502500 2.450098 1.0000 0.9647 0.8980
v 1.738368 0.450000 2.192939 1.0000 0.9647 0.8980
v 1.668487 0.450000 2.453739 1.0000 0.9647 0.8980
v 1.724780 0.397500 2.189298 1.0000 0.9647 0.8980
v 1.654899 0.397500 2.450098 1.0000 0.9647 0.8980
v 1.687657 0.359067 2.179351 1.0000 0.9647 0.8980
v 1.617776 0.359067 2.440151 1.0000 0.9647 0.8980
v 1.636946 0.345000 2.165763 1.0000 0.9647 0.8980
v 1.567065 0.345000 2.426563 1.0000 0.9647 0.8980
v 1.586235 0.359067 2.152175 1.0000 0.9647 0.8980
v 1.516354 0.359067 2.412975 1.0000 0.9647 0.8980
v 1.549112 0.397500 2.142228 1.0000 0.9647 0.8980
v 1.479231 0.397500 2.403028 1.0000 0.9647 0.8980
v 1.535524 0.450000 2.138587 1.0000 0.9647 0.8980
v 1.465643 0.450000 2.399387 1.0000 0.9647 0.8980
v 1.549112 0.502500 2.142228 1.0000 0.9647 0.8980
v 1.479231 0.502500 2.403028 1.0000 0.9647 0.8980
v 1.586235 0.540933 2.152175 1.0000 0.9647 0.8980
v 1.516354 0.540933 2.412975 1.0000 0.9647 0.8980
v 2.440430 0.450000 0.905787 0.2039 0.2196 0.2471
v 2.425619 0.566469 0.901819 0.2039 0.2196 0.2471
v 2.382196 0.675000 0.890184 0.2039 0.2196 0.2471
v 2.313119 0.768198 0.871675 0.2039 0.2196 0.2471
v 2.223097 0.839711 0.847553 0.2039 0.2196 0.2471
v 2.118263 0.884667 0.819463 0.2039 0.2196 0.2471
v 2.005763 0.900000 0.789319 0.2039 0.2196 0.2471
v 1.893263 0.884667 0.759175 0.2039 0.2196 0.2471
v 1.788430 0.839711 0.731085 0.2039 0.2196 0.2471
v 1.698408 0.768198 0.706963 0.2039 0.2196 0.2471
v 1.629331 0.675000 0.688454 0.2039 0.2196 0.2471
v 1.585908 0.566469 0.676819 0.2039 0.2196 0.2471
v 1.571097 0.450000 0.672850 0.2039 0.2196 0.2471
v 1.585908 0.333531 0.676819 0.2039 0.2196 0.2471
v 1.629331 0.225000 0.688454 0.2039 0.2196 0.2471
v 1.698408 0.131802 0.706963 0.2039 0.2196 0.2471
v 1.788430 0.060289 0.731085 0.2039 0.2196 0.2471
v 1.893263 0.015333 0.759175 0.2039 0.2196 0.2471
v 2.005763 0.000000 0.789319 0.2039 0.2196 0.2471
v 2.118263 0.015333 0.819463 0.2039 0.2196 0.2471
v 2.223097 0.060289 0.847553 0.2039 0.2196 0.2471
v 2.313119 0.131802 0.871675 0.2039 0.2196 0.2471
v 2.382196 0.225000 0.890184 0.2039 0.2196 0.2471
v 2.425619 0.333531 0.901819 0.2039 0.2196 0.2471
v 2.377530 0.450000 0.987760 0.2039 0.2196 0.2471
v 2.364020 0.556235 0.984140 0.2039 0.2196 0.2471
v 2.324413 0.655230 0.973527 0.2039 0.2196 0.2471
v 2.261405 0.740239 0.956645 0.2039 0.2196 0.2471
v 2.179293 0.805468 0.934643 0.2039 0.2196 0.2471
v 2.083672 0.846473 0.909021 0.2039 0.2196 0.2471
v 1.981057 0.860459 0.881526 0.2039 0.2196 0.2471
v 1.878442 0.846473 0.854030 0.2039 0.2196 0.2471
v 1.782820 0.805468 0.828408 0.2039 0.2196 0.2471
v 1.700708 0.740239 0.806406 0.2039 0.2196 0.2471
v 1.637701 0.655230 0.789524 0.2039 0.2196 0.2471
v 1.598093 0.556235 0.778911 0.2039 0.2196 0.2471
v 1.584583 0.450000 0.775291 0.2039 0.2196 0.2471
v 1.598093 0.343765 0.778911 0.2039 0.2196 0.2471
v 1.637701 0.244770 0.789524 0.2039 0.2196 0.2471
v 1.700708 0.159761 0.806406 0.2039 0.2196 0.2471
v 1.782820 0.094532 0.828408 0.2039 0.2196 0.2471
v 1.878442 0.053527 0.854030 0.2039 0.2196 0.2471
v 1.981057 0.039541 0.881526 0.2039 0.2196 0.2471
v 2.083672 0.053527 0.909021 0.2039 0.2196 0.2471
v 2.179293 0.094532 0.934643 0.2039 0.2196 0.2471
v 2.261405 0.159761 0.956645 0.2039 0.2196 0.2471
v 2.324413 0.244770 0.973527 0.2039 0.2196 0.2471
v 2.364020 0.343765 0.984140 0.2039 0.2196 0.2471
v 2.275089 0.450000 1.001247 0.2039 0.2196 0.2471
v 2.264722 0.531528 0.998469 0.2039 0.2196 0.2471
v 2.234325 0.607500 0.990324 0.2039 0.2196 0.2471
v 2.185972 0.672739 0.977368 0.2039 0.2196 0.2471
v 2.122956 0.722798 0.960483 0.2039 0.2196 0.2471
v 2.049573 0.754267 0.940820 0.2039 0.2196 0.2471
v 1.970823 0.765000 0.919719 0.2039 0.2196 0.2471
v 1.892073 0.754267 0.898618 0.2039 0.2196 0.2471
v 1.818689 0.722798 0.878955 0.2039 0.2196 0.2471
v 1.755674 0.672739 0.862070 0.2039 0.2196 0.2471
v 1.707320 0.607500 0.849113 0.2039 0.2196 0.2471
v 1.676924 0.531528 0.840969 0.2039 0.2196 0.2471
v 1.666556 0.450000 0.838191 0.2039 0.2196 0.2471
v 1.676924 0.368472 0.840969 0.2039 0.2196 0.2471
v 1.707320 0.292500 0.849113 0.2039 0.2196 0.2471
v 1.755674 0.227261 0.862070 0.2039 0.2196 0.2471
v 1.818689 0.177202 0.878955 0.2039 0.2196 0.2471
v 1.892073 0.145733 0.898618 0.2039 0.2196 0.2471
v 1.970823 0.135000 0.919719 0.2039 0.2196 0.2471
v 2.049573 0.145733 0.940820 0.2039 0.2196 0.2471
v 2.122956 0.177202 0.960483 0.2039 0.2196 0.2471
v 2.185972 0.227261 0.977368 0.2039 0.2196 0.2471
v 2.234325 0.292500 0.990324 0.2039 0.2196 0.2471
v 2.264722 0.368472 0.998469 0.2039 0.2196 0.2471
v 2.193116 0.450000 0.938347 0.2039 0.2196 0.2471
v 2.185891 0.506821 0.936411 0.2039 0.2196 0.2471
v 2.164706 0.559770 0.930734 0.2039 0.2196 0.2471
v 2.131006 0.605239 0.921704 0.2039 0.2196 0.2471
v 2.087086 0.640128 0.909936 0.2039 0.2196 0.2471
v 2.035942 0.662060 0.896232 0.2039 0.2196 0.2471
v 1.981057 0.669541 0.881526 0.2039 0.2196 0.2471
v 1.926171 0.662060 0.866819 0.2039 0.2196 0.2471
v 1.875027 0.640128 0.853115 0.2039 0.2196 0.2471
v 1.831108 0.605239 0.841347 0.2039 0.2196 0.2471
v 1.797407 0.559770 0.832317 0.2039 0.2196 0.2471
v 1.776222 0.506821 0.826640 0.2039 0.2196 0.2471
v 1.768997 0.450000 0.824704 0.2039 0.2196 0.2471
v 1.776222 0.393179 0.826640 0.2039 0.2196 0.2471
v 1.797407 0.340230 0.832317 0.2039 0.2196 0.2471
v 1.831108 0.294761 0.841347 0.2039 0.2196 0.2471
v 1.875027 0.259872 0.853115 0.2039 0.2196 0.2471
v 1.926171 0.237940 0.866819 0.2039 0.2196 0.2471
v 1.981057 0.230459 0.881526 0.2039 0.2196 0.2471
v 2.035942 0.237940 0.896232 0.2039 0.2196 0.2471
v 2.087086 0.259872 0.909936 0.2039 0.2196 0.2471
v 2.131006 0.294761 0.921704 0.2039 0.2196 0.2471
v 2.164706 0.340230 0.930734 0.2039 0.2196 0.2471
v 2.185891 0.393179 0.936411 0.2039 0.2196 0.2471
v 2.179630 0.450000 0.835906 0.2039 0.2196 0.2471
v 2.173706 0.496587 0.834319 0.2039 0.2196 0.2471
v 2.156336 0.540000 0.829665 0.2039 0.2196 0.2471
v 2.128706 0.577279 0.822261 0.2039 0.2196 0.2471
v 2.092697 0.605885 0.812613 0.2039 0.2196 0.2471
v 2.050763 0.623867 0.801377 0.2039 0.2196 0.2471
v 2.005763 0.630000 0.789319 0.2039 0.2196 0.2471
v 1.960763 0.623867 0.777261 0.2039 0.2196 0.2471
v 1.918830 0.605885 0.766025 0.2039 0.2196 0.2471
v 1.882821 0.577279 0.756377 0.2039 0.2196 0.2471
v 1.855190 0.540000 0.748973 0.2039 0.2196 0.2471
v 1.837821 0.496587 0.744319 0.2039 0.2196 0.2471
v 1.831897 0.450000 0.742731 0.2039 0.2196 0.2471
v 1.837821 0.403413 0.744319 0.2039 0.2196 0.2471
v 1.855190 0.360000 0.748973 0.2039 0.2196 0.2471
v 1.882821 0.322721 0.756377 0.2039 0.2196 0.2471
v 1.918830 0.294115 0.766025 0.2039 0.2196 0.2471
v 1.960763 0.276133 0.777261 0.2039 0.2196 0.2471
v 2.005763 0.270000 0.789319 0.2039 0.2196 0.2471
v 2.050763 0.276133 0.801377 0.2039 0.2196 0.2471
v 2.092697 0.294115 0.812613 0.2039 0.2196 0.2471
v 2.128706 0.322721 0.822261 0.2039 0.2196 0.2471
v 2.156336 0.360000 0.829665 0.2039 0.2196 0.2471
v 2.173706 0.403413 0.834319 0.2039 0.2196 0.2471
v 2.242530 0.450000 0.753933 0.2039 0.2196 0.2471
v 2.235304 0.506821 0.751997 0.2039 0.2196 0.2471
v 2.214119 0.559770 0.746321 0.2039 0.2196 0.2471
v 2.180419 0.605239 0.737291 0.2039 0.2196 0.2471
v 2.136500 0.640128 0.725523 0.2039 0.2196 0.2471
v 2.085355 0.662060 0.711819 0.2039 0.2196 0.2471
v 2.030470 0.669541 0.697112 0.2039 0.2196 0.2471
v 1.975585 0.662060 0.682406 0.2039 0.2196 0.2471
v 1.924440 0.640128 0.668702 0.2039 0.2196 0.2471
v 1.880521 0.605239 0.656933 0.2039 0.2196 0.2471
v 1.846821 0.559770 0.647904 0.2039 0.2196 0.2471
v 1.825636 0.506821 0.642227 0.2039 0.2196 0.2471
v 1.818410 0.450000 0.640291 0.2039 0.2196 0.2471
v 1.825636 0.393179 0.642227 0.2039 0.2196 0.2471
v 1.846821 0.340230 0.647904 0.2039 0.2196 0.2471
v 1.880521 0.294761 0.656933 0.2039 0.2196 0.2471
v 1.924440 0.259872 0.668702 0.2039 0.2196 0.2471
v 1.975585 0.237940 0.682406 0.2039 0.2196 0.2471
v 2.030470 0.230459 0.697112 0.2039 0.2196 0.2471
v 2.085355 0.237940 0.711819 0.2039 0.2196 0.2471
v 2.136500 0.259872 0.725523 0.2039 0.2196 0.2471
v 2.180419 0.294761 0.737291 0.2039 0.2196 0.2471
v 2.214119 0.340230 0.746321 0.2039 0.2196 0.2471
v 2.235304 0.393179 0.751997 0.2039 0.2196 0.2471
v 2.344970 0.450000 0.740447 0.2039 0.2196 0.2471
v 2.334603 0.531528 0.737669 0.2039 0.2196 0.2471
v 2.304206 0.607500 0.729524 0.2039 0.2196 0.2471
v 2.255853 0.672739 0.716568 0.2039 0.2196 0.2471
v 2.192837 0.722798 0.699683 0.2039 0.2196 0.2471
v 2.119454 0.754267 0.680020 0.2039 0.2196 0.2471
v 2.040704 0.765000 0.658919 0.2039 0.2196 0.2471
v 1.961954 0.754267 0.637818 0.2039 0.2196 0.2471
v 1.888571 0.722798 0.618155 0.2039 0.2196 0.2471
v 1.825555 0.672739 0.601270 0.2039 0.2196 0.2471
v 1.777201 0.607500 0.588314 0.2039 0.2196 0.2471
v 1.746805 0.531528 0.580169 0.2039 0.2196 0.2471
v 1.736437 0.450000 0.577391 0.2039 0.2196 0.2471
v 1.746805 0.368472 0.580169 0.2039 0.2196 0.2471
v 1.777201 0.292500 0.588314 0.2039 0.2196 0.2471
v 1.825555 0.227261 0.601270 0.2039 0.2196 0.2471
v 1.888571 0.177202 0.618155 0.2039 0.2196 0.2471
v 1.961954 0.145733 0.637818 0.2039 0.2196 0.2471
v 2.040704 0.135000 0.658919 0.2039 0.2196 0.2471
v 2.119454 0.145733 0.680020 0.2039 0.2196 0.2471
v 2.192837 0.177202 0.699683 0.2039 0.2196 0.2471
v 2.255853 0.227261 0.716568 0.2039 0.2196 0.2471
v 2.304206 0.292500 0.729524 0.2039 0.2196 0.2471
v 2.334603 0.368472 0.737669 0.2039 0.2196 0.2471
v 2.426943 0.450000 0.803347 0.2039 0.2196 0.2471
v 2.413434 0.556235 0.799727 0.2039 0.2196 0.2471
v 2.373826 0.655230 0.789114 0.2039 0.2196 0.2471
v 2.310819 0.740239 0.772231 0.2039 0.2196 0.2471
v 2.228707 0.805468 0.750230 0.2039 0.2196 0.2471
v 2.133085 0.846473 0.724608 0.2039 0.2196 0.2471
v 2.030470 0.860459 0.697112 0.2039 0.2196 0.2471
v 1.927855 0.846473 0.669617 0.2039 0.2196 0.2471
v 1.832233 0.805468 0.643995 0.2039 0.2196 0.2471
v 1.750121 0.740239 0.621993 0.2039 0.2196 0.2471
v 1.687114 0.655230 0.605110 0.2039 0.2196 0.2471
v 1.647506 0.556235 0.594497 0.2039 0.2196 0.2471
v 1.633997 0.450000 0.590877 0.2039 0.2196 0.2471
v 1.647506 0.343765 0.594497 0.2039 0.2196 0.2471
v 1.687114 0.244770 0.605110 0.2039 0.2196 0.2471
v 1.750121 0.159761 0.621993 0.2039 0.2196 0.2471
v 1.832233 0.094532 0.643995 0.2039 0.2196 0.2471
v 1.927855 0.053527 0.669617 0.2039 0.2196 0.2471
v 2.030470 0.039541 0.697112 0.2039 0.2196 0.2471
v 2.133085 0.053527 0.724608 0.2039 0.2196 0.2471
v 2.228707 0.094532 0.750229 0.2039 0.2196 0.2471
v 2.310819 0.159761 0.772231 0.2039 0.2196 0.2471
v 2.373826 0.244770 0.789114 0.2039 0.2196 0.2471
v 2.413434 0.343765 0.799727 0.2039 0.2196 0.2471
v 2.032939 0.710400 0.687897 0.7216 0.7608 0.8000
v 1.978587 0.710400 0.890741 0.7216 0.7608 0.8000
v 2.098039 0.701527 0.705340 0.7216 0.7608 0.8000
v 2.043687 0.701527 0.908185 0.7216 0.7608 0.8000
v 2.158703 0.675513 0.721595 0.7216 0.7608 0.8000
v 2.104351 0.675513 0.924439 0.7216 0.7608 0.8000
v 2.210796 0.634131 0.735553 0.7216 0.7608 0.8000
v 2.156444 0.634131 0.938398 0.7216 0.7608 0.8000
v 2.250768 0.580200 0.746264 0.7216 0.7608 0.8000
v 2.196416 0.580200 0.949108 0.7216 0.7608 0.8000
v 2.275896 0.517396 0.752997 0.7216 0.7608 0.8000
v 2.221544 0.517396 0.955841 0.7216 0.7608 0.8000
v 2.284466 0.450000 0.755293 0.7216 0.7608 0.8000
v 2.230114 0.450000 0.958138 0.7216 0.7608 0.8000
v 2.275896 0.382604 0.752997 0.7216 0.7608 0.8000
v 2.221544 0.382603 0.955841 0.7216 0.7608 0.8000
v 2.250768 0.319800 0.746264 0.7216 0.7608 0.8000
v 2.196416 0.319800 0.949108 0.7216 0.7608 0.8000
v 2.210796 0.265869 0.735553 0.7216 0.7608 0.8000
v 2.156444 0.265869 0.938398 0.7216 0.7608 0.8000
v 2.158703 0.224487 0.721595 0.7216 0.7608 0.8000
v 2.104351 0.224487 0.924439 0.7216 0.7608 0.8000
v 2.098039 0.198473 0.705340 0.7216 0.7608 0.8000
v 2.043687 0.198473 0.908185 0.7216 0.7608 0.8000
v 2.032939 0.189600 0.687897 0.7216 0.7608 0.8000
v 1.978587 0.189600 0.890741 0.7216 0.7608 0.8000
v 1.967839 0.198473 0.670453 0.7216 0.7608 0.8000
v 1.913487 0.198473 0.873298 0.7216 0.7608 0.8000
v 1.907176 0.224487 0.654198 0.7216 0.7608 0.8000
v 1.852824 0.224487 0.857043 0.7216 0.7608 0.8000
v 1.855083 0.265869 0.640240 0.7216 0.7608 0.8000
v 1.800731 0.265869 0.843085 0.7216 0.7608 0.8000
v 1.815110 0.319800 0.629530 0.7216 0.7608 0.8000
v 1.760758 0.319800 0.832374 0.7216 0.7608 0.8000
v 1.789983 0.382604 0.622797 0.7216 0.7608 0.8000
v 1.735631 0.382603 0.825641 0.7216 0.7608 0.8000
v 1.781412 0.450000 0.620500 0.7216 0.7608 0.8000
v 1.727060 0.450000 0.823345 0.7216 0.7608 0.8000
v 1.789983 0.517396 0.622797 0.7216 0.7608 0.8000
v 1.735631 0.517396 0.825641 0.7216 0.7608 0.8000
v 1.815110 0.580200 0.629530 0.7216 0.7608 0.8000
v 1.760758 0.580200 0.832374 0.7216 0.7608 0.8000
v 1.855083 0.634131 0.640240 0.7216 0.7608 0.8000
v 1.800731 0.634131 0.843085 0.7216 0.7608 0.8000
v 1.907176 0.675513 0.654198 0.7216 0.7608 0.8000
v 1.852824 0.675513 0.857043 0.7216 0.7608 0.8000
v 1.967839 0.701527 0.670453 0.7216 0.7608 0.8000
v 1.913487 0.701527 0.873298 0.7216 0.7608 0.8000
v 2.040704 0.555000 0.658919 1.0000 0.9647 0.8980
v 1.970823 0.555000 0.919719 1.0000 0.9647 0.8980
v 2.091415 0.540933 0.672507 1.0000 0.9647 0.8980
v 2.021534 0.540933 0.933307 1.0000 0.9647 0.8980
v 2.128538 0.502500 0.682454 1.0000 0.9647 0.8980
v 2.058657 0.502500 0.943254 1.0000 0.9647 0.8980
v 2.142126 0.450000 0.686095 1.0000 0.9647 0.8980
v 2.072245 0.450000 0.946895 1.0000 0.9647 0.8980
v 2.128538 0.397500 0.682454 1.0000 0.9647 0.8980
v 2.058657 0.397500 0.943254 1.0000 0.9647 0.8980
v 2.091415 0.359067 0.672507 1.0000 0.9647 0.8980
v 2.021534 0.359067 0.933307 1.0000 0.9647 0.8980
v 2.040704 0.345000 0.658919 1.0000 0.9647 0.8980
v 1.970823 0.345000 0.919719 1.0000 0.9647 0.8980
v 1.989993 0.359067 0.645331 1.0000 0.9647 0.8980
v 1.920112 0.359067 0.906131 1.0000 0.9647 0.8980
v 1.952870 0.397500 0.635384 1.0000 0.9647 0.8980
v 1.882988 0.397500 0.896184 1.0000 0.9647 0.8980
v 1.939282 0.450000 0.631743 1.0000 0.9647 0.8980
v 1.869401 0.450000 0.892543 1.0000 0.9647 0.8980
v 1.952870 0.502500 0.635384 1.0000 0.9647 0.8980
v 1.882988 0.502500 0.896184 1.0000 0.9647 0.8980
v 1.989993 0.540933 0.645331 1.0000 0.9647 0.8980
v 1.920112 0.540933 0.906131 1.0000 0.9647 0.8980
v 3.379309 0.390000 2.772390 0.2039 0.2196 0.2471
v 3.366473 0.490939 2.768951 0.2039 0.2196 0.2471
v 3.328839 0.585000 2.758867 0.2039 0.2196 0.2471
v 3.268973 0.665772 2.742826 0.2039 0.2196 0.2471
v 3.190953 0.727750 2.721920 0.2039 0.2196 0.2471
v 3.100098 0.766711 2.697576 0.2039 0.2196 0.2471
v 3.002598 0.780000 2.671451 0.2039 0.2196 0.2471
v 2.905098 0.766711 2.645326 0.2039 0.2196 0.2471
v 2.814242 0.727750 2.620981 0.2039 0.2196 0.2471
v 2.736223 0.665772 2.600076 0.2039 0.2196 0.2471
v 2.676357 0.585000 2.584034 0.2039 0.2196 0.2471
v 2.638723 0.490939 2.573951 0.2039 0.2196 0.2471
v 2.625887 0.390000 2.570511 0.2039 0.2196 0.2471
v 2.638723 0.289061 2.573951 0.2039 0.2196 0.2471
v 2.676357 0.195000 2.584034 0.2039 0.2196 0.2471
v 2.736223 0.114228 2.600076 0.2039 0.2196 0.2471
v 2.814242 0.052250 2.620981 0.2039 0.2196 0.2471
v 2.905098 0.013289 2.645326 0.2039 0.2196 0.2471
v 3.002598 0.000000 2.671451 0.2039 0.2196 0.2471
v 3.100098 0.013289 2.697576 0.2039 0.2196 0.2471
v 3.190953 0.052250 2.721920 0.2039 0.2196 0.2471
v 3.268973 0.114228 2.742826 0.2039 0.2196 0.2471
v 3.328839 0.195000 2.758867 0.2039 0.2196 0.2471
v 3.366473 0.289061 2.768951 0.2039 0.2196 0.2471
v 3.316409 0.390000 2.854363 0.2039 0.2196 0.2471
v 3.304874 0.480706 2.851272 0.2039 0.2196 0.2471
v 3.271056 0.565230 2.842211 0.2039 0.2196 0.2471
v 3.217259 0.637812 2.827796 0.2039 0.2196 0.2471
v 3.147150 0.693507 2.809010 0.2039 0.2196 0.2471
v 3.065506 0.728518 2.787134 0.2039 0.2196 0.2471
v 2.977891 0.740459 2.763658 0.2039 0.2196 0.2471
v 2.890276 0.728518 2.740181 0.2039 0.2196 0.2471
v 2.808632 0.693507 2.718305 0.2039 0.2196 0.2471
v 2.738523 0.637812 2.699519 0.2039 0.2196 0.2471
v 2.684726 0.565230 2.685104 0.2039 0.2196 0.2471
v 2.650908 0.480706 2.676043 0.2039 0.2196 0.2471
v 2.639374 0.390000 2.672952 0.2039 0.2196 0.2471
v 2.650908 0.299294 2.676043 0.2039 0.2196 0.2471
v 2.684726 0.214770 2.685104 0.2039 0.2196 0.2471
v 2.738523 0.142188 2.699519 0.2039 0.2196 0.2471
v 2.808632 0.086493 2.718305 0.2039 0.2196 0.2471
v 2.890276 0.051482 2.740181 0.2039 0.2196 0.2471
v 2.977891 0.039541 2.763657 0.2039 0.2196 0.2471
v 3.065506 0.051482 2.787134 0.2039 0.2196 0.2471
v 3.147150 0.086493 2.809010 0.2039 0.2196 0.2471
v 3.217259 0.142188 2.827796 0.2039 0.2196 0.2471
v 3.271056 0.214770 2.842211 0.2039 0.2196 0.2471
v 3.304874 0.299294 2.851272 0.2039 0.2196 0.2471
v 3.213969 0.390000 2.867849 0.2039 0.2196 0.2471
v 3.205576 0.455999 2.865601 0.2039 0.2196 0.2471
v 3.180969 0.517500 2.859007 0.2039 0.2196 0.2471
v 3.141826 0.570312 2.848519 0.2039 0.2196 0.2471
v 3.090813 0.610837 2.834850 0.2039 0.2196 0.2471
v 3.031407 0.636311 2.818933 0.2039 0.2196 0.2471
v 2.967658 0.645000 2.801851 0.2039 0.2196 0.2471
v 2.903907 0.636311 2.784769 0.2039 0.2196 0.2471
v 2.844502 0.610837 2.768851 0.2039 0.2196 0.2471
v 2.793489 0.570312 2.755182 0.2039 0.2196 0.2471
v 2.754346 0.517500 2.744694 0.2039 0.2196 0.2471
v 2.729739 0.455999 2.738101 0.2039 0.2196 0.2471
v 2.721346 0.390000 2.735852 0.2039 0.2196 0.2471
v 2.729739 0.324001 2.738101 0.2039 0.2196 0.2471
v 2.754346 0.262500 2.744694 0.2039 0.2196 0.2471
v 2.793489 0.209688 2.755182 0.2039 0.2196 0.2471
v 2.844502 0.169164 2.768851 0.2039 0.2196 0.2471
v 2.903907 0.143689 2.784769 0.2039 0.2196 0.2471
v 2.967658 0.135000 2.801851 0.2039 0.2196 0.2471
v 3.031407 0.143689 2.818933 0.2039 0.2196 0.2471
v 3.090813 0.169164 2.834850 0.2039 0.2196 0.2471
v 3.141826 0.209688 2.848519 0.2039 0.2196 0.2471
v 3.180969 0.262500 2.859007 0.2039 0.2196 0.2471
v 3.205576 0.324001 2.865601 0.2039 0.2196 0.2471
v 3.131996 0.390000 2.804950 0.2039 0.2196 0.2471
v 3.126745 0.431292 2.803543 0.2039 0.2196 0.2471
v 3.111350 0.469770 2.799417 0.2039 0.2196 0.2471
v 3.086859 0.502812 2.792855 0.2039 0.2196 0.2471
v 3.054944 0.528166 2.784303 0.2039 0.2196 0.2471
v 3.017776 0.544104 2.774344 0.2039 0.2196 0.2471
v 2.977891 0.549541 2.763657 0.2039 0.2196 0.2471
v 2.938006 0.544104 2.752970 0.2039 0.2196 0.2471
v 2.900839 0.528166 2.743011 0.2039 0.2196 0.2471
v 2.868923 0.502812 2.734459 0.2039 0.2196 0.2471
v 2.844433 0.469770 2.727897 0.2039 0.2196 0.2471
v 2.829038 0.431292 2.723772 0.2039 0.2196 0.2471
v 2.823787 0.390000 2.722365 0.2039 0.2196 0.2471
v 2.829038 0.348708 2.723772 0.2039 0.2196 0.2471
v 2.844433 0.310230 2.727897 0.2039 0.2196 0.2471
v 2.868923 0.277188 2.734459 0.2039 0.2196 0.2471
v 2.900839 0.251834 2.743011 0.2039 0.2196 0.2471
v 2.938006 0.235896 2.752970 0.2039 0.2196 0.2471
v 2.977891 0.230459 2.763657 0.2039 0.2196 0.2471
v 3.017776 0.235896 2.774344 0.2039 0.2196 0.2471
v 3.054944 0.251834 2.784303 0.2039 0.2196 0.2471
v 3.086859 0.277188 2.792855 0.2039 0.2196 0.2471
v 3.111350 0.310230 2.799417 0.2039 0.2196 0.2471
v 3.126745 0.348708 2.803543 0.2039 0.2196 0.2471
v 3.118509 0.390000 2.702509 0.2039 0.2196 0.2471
v 3.114559 0.421058 2.701451 0.2039 0.2196 0.2471
v 3.102980 0.450000 2.698348 0.2039 0.2196 0.2471
v 3.084559 0.474853 2.693412 0.2039 0.2196 0.2471
v 3.060554 0.493923 2.686980 0.2039 0.2196 0.2471
v 3.032598 0.505911 2.679489 0.2039 0.2196 0.2471
v 3.002598 0.510000 2.671451 0.2039 0.2196 0.2471
v 2.972598 0.505911 2.663412 0.2039 0.2196 0.2471
v 2.944643 0.493923 2.655921 0.2039 0.2196 0.2471
v 2.920636 0.474853 2.649489 0.2039 0.2196 0.2471
v 2.902216 0.450000 2.644553 0.2039 0.2196 0.2471
v 2.890636 0.421058 2.641451 0.2039 0.2196 0.2471
v 2.886687 0.390000 2.640392 0.2039 0.2196 0.2471
v 2.890636 0.358942 2.641451 0.2039 0.2196 0.2471
v 2.902216 0.330000 2.644553 0.2039 0.2196 0.2471
v 2.920636 0.305147 2.649489 0.2039 0.2196 0.2471
v 2.944643 0.286077 2.655921 0.2039 0.2196 0.2471
v 2.972598 0.274089 2.663412 0.2039 0.2196 0.2471
v 3.002598 0.270000 2.671451 0.2039 0.2196 0.2471
v 3.032598 0.274089 2.679489 0.2039 0.2196 0.2471
v 3.060554 0.286077 2.686980 0.2039 0.2196 0.2471
v 3.084559 0.305147 2.693412 0.2039 0.2196 0.2471
v 3.102980 0.330000 2.698348 0.2039 0.2196 0.2471
v 3.114559 0.358942 2.701451 0.2039 0.2196 0.2471
v 3.181409 0.390000 2.620536 0.2039 0.2196 0.2471
v 3.176158 0.431292 2.619129 0.2039 0.2196 0.2471
v 3.160763 0.469770 2.615004 0.2039 0.2196 0.2471
v 3.136273 0.502812 2.608442 0.2039 0.2196 0.2471
v 3.104357 0.528166 2.599890 0.2039 0.2196 0.2471
v 3.067190 0.544104 2.589931 0.2039 0.2196 0.2471
v 3.027305 0.549541 2.579244 0.2039 0.2196 0.2471
v 2.987420 0.544104 2.568557 0.2039 0.2196 0.2471
v 2.950253 0.528166 2.558598 0.2039 0.2196 0.2471
v 2.918336 0.502812 2.550046 0.2039 0.2196 0.2471
v 2.893847 0.469770 2.543484 0.2039 0.2196 0.2471
v 2.878451 0.431292 2.539359 0.2039 0.2196 0.2471
v 2.873200 0.390000 2.537952 0.2039 0.2196 0.2471
v 2.878451 0.348708 2.539359 0.2039 0.2196 0.2471
v 2.893847 0.310230 2.543484 0.2039 0.2196 0.2471
v 2.918336 0.277188 2.550046 0.2039 0.2196 0.2471
v 2.950253 0.251834 2.558598 0.2039 0.2196 0.2471
v 2.987420 0.235896 2.568557 0.2039 0.2196 0.2471
v 3.027305 0.230459 2.579244 0.2039 0.2196 0.2471
v 3.067190 0.235896 2.589931 0.2039 0.2196 0.2471
v 3.104357 0.251834 2.599890 0.2039 0.2196 0.2471
v 3.136273 0.277188 2.608442 0.2039 0.2196 0.2471
v 3.160763 0.310230 2.615004 0.2039 0.2196 0.2471
v 3.176158 0.348708 2.619129 0.2039 0.2196 0.2471
v 3.283850 0.390000 2.607049 0.2039 0.2196 0.2471
v 3.275457 0.455999 2.604801 0.2039 0.2196 0.2471
v 3.250850 0.517500 2.598207 0.2039 0.2196 0.2471
v 3.211707 0.570312 2.587719 0.2039 0.2196 0.2471
v 3.160694 0.610837 2.574050 0.2039 0.2196 0.2471
v 3.101289 0.636311 2.558132 0.2039 0.2196 0.2471
v 3.037539 0.645000 2.541051 0.2039 0.2196 0.2471
v 2.973789 0.636311 2.523969 0.2039 0.2196 0.2471
v 2.914383 0.610837 2.508051 0.2039 0.2196 0.2471
v 2.863370 0.570312 2.494382 0.2039 0.2196 0.2471
v 2.824227 0.517500 2.483894 0.2039 0.2196 0.2471
v 2.799620 0.455999 2.477301 0.2039 0.2196 0.2471
v 2.791227 0.390000 2.475052 0.2039 0.2196 0.2471
v 2.799620 0.324001 2.477301 0.2039 0.2196 0.2471
v 2.824227 0.262500 2.483894 0.2039 0.2196 0.2471
v 2.863370 0.209688 2.494382 0.2039 0.2196 0.2471
v 2.914383 0.169164 2.508051 0.2039 0.2196 0.2471
v 2.973789 0.143689 2.523969 0.2039 0.2196 0.2471
v 3.037539 0.135000 2.541051 0.2039 0.2196 0.2471
v 3.101289 0.143689 2.558132 0.2039 0.2196 0.2471
v 3.160694 0.169164 2.574050 0.2039 0.2196 0.2471
v 3.211707 0.209688 2.587719 0.2039 0.2196 0.2471
v 3.250850 0.262500 2.598207 0.2039 0.2196 0.2471
v 3.275457 0.324001 2.604801 0.2039 0.2196 0.2471
v 3.365822 0.390000 2.669950 0.2039 0.2196 0.2471
v 3.354288 0.480706 2.666859 0.2039 0.2196 0.2471
v 3.320470 0.565230 2.657797 0.2039 0.2196 0.2471
v 3.266673 0.637812 2.643383 0.2039 0.2196 0.2471
v 3.196564 0.693507 2.624597 0.2039 0.2196 0.2471
v 3.114920 0.728518 2.602720 0.2039 0.2196 0.2471
v 3.027305 0.740459 2.579244 0.2039 0.2196 0.2471
v 2.939690 0.728518 2.555768 0.2039 0.2196 0.2471
v 2.858046 0.693507 2.533891 0.2039 0.2196 0.2471
v 2.787936 0.637812 2.515105 0.2039 0.2196 0.2471
v 2.734140 0.565230 2.500691 0.2039 0.2196 0.2471
v 2.700322 0.480706 2.491629 0.2039 0.2196 0.2471
v 2.688787 0.390000 2.488539 0.2039 0.2196 0.2471
v 2.700322 0.299294 2.491629 0.2039 0.2196 0.2471
v 2.734140 0.214770 2.500691 0.2039 0.2196 0.2471
v 2.787936 0.142188 2.515105 0.2039 0.2196 0.2471
v 2.858046 0.086493 2.533891 0.2039 0.2196 0.2471
v 2.939690 0.051482 2.555768 0.2039 0.2196 0.2471
v 3.027305 0.039541 2.579244 0.2039 0.2196 0.2471
v 3.114920 0.051482 2.602720 0.2039 0.2196 0.2471
v 3.196564 0.086493 2.624597 0.2039 0.2196 0.2471
v 3.266673 0.142188 2.643383 0.2039 0.2196 0.2471
v 3.320470 0.214770 2.657797 0.2039 0.2196 0.2471
v 3.354288 0.299294 2.666859 0.2039 0.2196 0.2471
v 3.029774 0.613200 2.570029 0.7216 0.7608 0.8000
v 2.975422 0.613200 2.772873 0.7216 0.7608 0.8000
v 3.085574 0.605595 2.584980 0.7216 0.7608 0.8000
v 3.031222 0.605595 2.787825 0.7216 0.7608 0.8000
v 3.137571 0.583297 2.598913 0.7216 0.7608 0.8000
v 3.083219 0.583297 2.801757 0.7216 0.7608 0.8000
v 3.182222 0.547826 2.610877 0.7216 0.7608 0.8000
v 3.127870 0.547826 2.813721 0.7216 0.7608 0.8000
v 3.216485 0.501600 2.620057 0.7216 0.7608 0.8000
v 3.162133 0.501600 2.822902 0.7216 0.7608 0.8000
v 3.238022 0.447768 2.625829 0.7216 0.7608 0.8000
v 3.183670 0.447768 2.828673 0.7216 0.7608 0.8000
v 3.245369 0.390000 2.627797 0.7216 0.7608 0.8000
v 3.191017 0.390000 2.830641 0.7216 0.7608 0.8000
v 3.238022 0.332232 2.625829 0.7216 0.7608 0.8000
v 3.183670 0.332232 2.828673 0.7216 0.7608 0.8000
v 3.216485 0.278400 2.620057 0.7216 0.7608 0.8000
v 3.162133 0.278400 2.822902 0.7216 0.7608 0.8000
v 3.182222 0.232174 2.610877 0.7216 0.7608 0.8000
v 3.127870 0.232174 2.813721 0.7216 0.7608 0.8000
v 3.137571 0.196703 2.598913 0.7216 0.7608 0.8000
v 3.083219 0.196703 2.801757 0.7216 0.7608 0.8000
v 3.085574 0.174405 2.584980 0.7216 0.7608 0.8000
v 3.031222 0.174405 2.787825 0.7216 0.7608 0.8000
v 3.029774 0.166800 2.570029 0.7216 0.7608 0.8000
v 2.975422 0.166800 2.772873 0.7216 0.7608 0.8000
v 2.973974 0.174405 2.555077 0.7216 0.7608 0.8000
v 2.919622 0.174405 2.757921 0.7216 0.7608 0.8000
v 2.921977 0.196703 2.541144 0.7216 0.7608 0.8000
v 2.867625 0.196703 2.743989 0.7216 0.7608 0.8000
v 2.877326 0.232174 2.529180 0.7216 0.7608 0.8000
v 2.822973 0.232174 2.732024 0.7216 0.7608 0.8000
v 2.843064 0.278400 2.520000 0.7216 0.7608 0.8000
v 2.788712 0.278400 2.722844 0.7216 0.7608 0.8000
v 2.821526 0.332232 2.514228 0.7216 0.7608 0.8000
v 2.767174 0.332232 2.717073 0.7216 0.7608 0.8000
v 2.814179 0.390000 2.512260 0.7216 0.7608 0.8000
v 2.759827 0.390000 2.715105 0.7216 0.7608 0.8000
v 2.821526 0.447768 2.514228 0.7216 0.7608 0.8000
v 2.767174 0.447768 2.717073 0.7216 0.7608 0.8000
v 2.843064 0.501600 2.520000 0.7216 0.7608 0.8000
v 2.788712 0.501600 2.722844 0.7216 0.7608 0.8000
v 2.877326 0.547826 2.529180 0.7216 0.7608 0.8000
v 2.822973 0.547826 2.732024 0.7216 0.7608 0.8000
v 2.921977 0.583297 2.541144 0.7216 0.7608 0.8000
v 2.867625 0.583297 2.743989 0.7216 0.7608 0.8000
v 2.973974 0.605595 2.555077 0.7216 0.7608 0.8000
v 2.919622 0.605595 2.757921 0.7216 0.7608 0.8000
v 3.037539 0.480000 2.541051 1.0000 0.9647 0.8980
v 2.967658 0.480000 2.801851 1.0000 0.9647 0.8980
v 3.081005 0.467942 2.552698 1.0000 0.9647 0.8980
v 3.011124 0.467942 2.813498 1.0000 0.9647 0.8980
v 3.112825 0.435000 2.561224 1.0000 0.9647 0.8980
v 3.042944 0.435000 2.822024 1.0000 0.9647 0.8980
v 3.124472 0.390000 2.564344 1.0000 0.9647 0.8980
v 3.054591 0.390000 2.825144 1.0000 0.9647 0.8980
v 3.112825 0.345000 2.561224 1.0000 0.9647 0.8980
v 3.042944 0.345000 2.822024 1.0000 0.9647 0.8980
v 3.081005 0.312058 2.552698 1.0000 0.9647 0.8980
v 3.011124 0.312058 2.813498 1.0000 0.9647 0.8980
v 3.037539 0.300000 2.541051 1.0000 0.9647 0.8980
v 2.967658 0.300000 2.801851 1.0000 0.9647 0.8980
v 2.994072 0.312058 2.529404 1.0000 0.9647 0.8980
v 2.924191 0.312058 2.790204 1.0000 0.9647 0.8980
v 2.962252 0.345000 2.520878 1.0000 0.9647 0.8980
v 2.892371 0.345000 2.781678 1.0000 0.9647 0.8980
v 2.950605 0.390000 2.517757 1.0000 0.9647 0.8980
v 2.880724 0.390000 2.778557 1.0000 0.9647 0.8980
v 2.962252 0.435000 2.520878 1.0000 0.9647 0.8980
v 2.892371 0.435000 2.781678 1.0000 0.9647 0.8980
v 2.994072 0.467942 2.529404 1.0000 0.9647 0.8980
v 2.924191 0.467942 2.790204 1.0000 0.9647 0.8980
v 3.783067 0.390000 1.265546 0.2039 0.2196 0.2471
v 3.770231 0.490939 1.262107 0.2039 0.2196 0.2471
v 3.732597 0.585000 1.252023 0.2039 0.2196 0.2471
v 3.672731 0.665772 1.235981 0.2039 0.2196 0.2471
v 3.594711 0.727750 1.215076 0.2039 0.2196 0.2471
v 3.503856 0.766711 1.190732 0.2039 0.2196 0.2471
v 3.406356 0.780000 1.164607 0.2039 0.2196 0.2471
v 3.308856 0.766711 1.138481 0.2039 0.2196 0.2471
v 3.218000 0.727750 1.114137 0.2039 0.2196 0.2471
v 3.139981 0.665772 1.093232 0.2039 0.2196 0.2471
v 3.080114 0.585000 1.077190 0.2039 0.2196 0.2471
v 3.042481 0.490939 1.067106 0.2039 0.2196 0.2471
v 3.029645 0.390000 1.063667 0.2039 0.2196 0.2471
v 3.042481 0.289061 1.067106 0.2039 0.2196 0.2471
v 3.080114 0.195000 1.077190 0.2039 0.2196 0.2471
v 3.139981 0.114228 1.093232 0.2039 0.2196 0.2471
v 3.218000 0.052250 1.114137 0.2039 0.2196 0.2471
v 3.308856 0.013289 1.138481 0.2039 0.2196 0.2471
v 3.406356 0.000000 1.164607 0.2039 0.2196 0.2471
v 3.503856 0.013289 1.190732 0.2039 0.2196 0.2471
v 3.594711 0.052250 1.215076 0.2039 0.2196 0.2471
v 3.672731 0.114228 1.235981 0.2039 0.2196 0.2471
v 3.732597 0.195000 1.252023 0.2039 0.2196 0.2471
v 3.770231 0.289061 1.262107 0.2039 0.2196 0.2471
v 3.720167 0.390000 1.347519 0.2039 0.2196 0.2471
v 3.708632 0.480706 1.344428 0.2039 0.2196 0.2471
v 3.674814 0.565230 1.335366 0.2039 0.2196 0.2471
v 3.621017 0.637812 1.320952 0.2039 0.2196 0.2471
v 3.550908 0.693507 1.302166 0.2039 0.2196 0.2471
v 3.469264 0.728518 1.280290 0.2039 0.2196 0.2471
v 3.381649 0.740459 1.256813 0.2039 0.2196 0.2471
v 3.294034 0.728518 1.233337 0.2039 0.2196 0.2471
v 3.212390 0.693507 1.211460 0.2039 0.2196 0.2471
v 3.142281 0.637812 1.192675 0.2039 0.2196 0.2471
v 3.088484 0.565230 1.178260 0.2039 0.2196 0.2471
v 3.054666 0.480706 1.169198 0.2039 0.2196 0.2471
v 3.043131 0.390000 1.166108 0.2039 0.2196 0.2471
v 3.054666 0.299294 1.169198 0.2039 0.2196 0.2471
v 3.088484 0.214770 1.178260 0.2039 0.2196 0.2471
v 3.142281 0.142188 1.192675 0.2039 0.2196 0.2471
v 3.212390 0.086493 1.211460 0.2039 0.2196 0.2471
v 3.294034 0.051482 1.233337 0.2039 0.2196 0.2471
v 3.381649 0.039541 1.256813 0.2039 0.2196 0.2471
v 3.469264 0.051482 1.280290 0.2039 0.2196 0.2471
v 3.550908 0.086493 1.302166 0.2039 0.2196 0.2471
v 3.621017 0.142188 1.320952 0.2039 0.2196 0.2471
v 3.674814 0.214770 1.335366 0.2039 0.2196 0.2471
v 3.708632 0.299294 1.344428 0.2039 0.2196 0.2471
v 3.617726 0.390000 1.361005 0.2039 0.2196 0.2471
v 3.609334 0.455999 1.358756 0.2039 0.2196 0.2471
v 3.584727 0.517500 1.352163 0.2039 0.2196 0.2471
v 3.545583 0.570312 1.341675 0.2039 0.2196 0.2471
v 3.494571 0.610837 1.328006 0.2039 0.2196 0.2471
v 3.435165 0.636311 1.312088 0.2039 0.2196 0.2471
v 3.371415 0.645000 1.295007 0.2039 0.2196 0.2471
v 3.307665 0.636311 1.277925 0.2039 0.2196 0.2471
v 3.248260 0.610837 1.262007 0.2039 0.2196 0.2471
v 3.197247 0.570312 1.248338 0.2039 0.2196 0.2471
v 3.158103 0.517500 1.237850 0.2039 0.2196 0.2471
v 3.133497 0.455999 1.231256 0.2039 0.2196 0.2471
v 3.125104 0.390000 1.229008 0.2039 0.2196 0.2471
v 3.133497 0.324001 1.231256 0.2039 0.2196 0.2471
v 3.158103 0.262500 1.237850 0.2039 0.2196 0.2471
v 3.197247 0.209688 1.248338 0.2039 0.2196 0.2471
v 3.248260 0.169164 1.262007 0.2039 0.2196 0.2471
v 3.307665 0.143689 1.277925 0.2039 0.2196 0.2471
v 3.371415 0.135000 1.295007 0.2039 0.2196 0.2471
v 3.435165 0.143689 1.312088 0.2039 0.2196 0.2471
v 3.494571 0.169164 1.328006 0.2039 0.2196 0.2471
v 3.545583 0.209688 1.341675 0.2039 0.2196 0.2471
v 3.584727 0.262500 1.352163 0.2039 0.2196 0.2471
v 3.609334 0.324001 1.358756 0.2039 0.2196 0.2471
v 3.535753 0.390000 1.298105 0.2039 0.2196 0.2471
v 3.530502 0.431292 1.296698 0.2039 0.2196 0.2471
v 3.515107 0.469770 1.292573 0.2039 0.2196 0.2471
v 3.490617 0.502812 1.286011 0.2039 0.2196 0.2471
v 3.458701 0.528166 1.277459 0.2039 0.2196 0.2471
v 3.421534 0.544104 1.267500 0.2039 0.2196 0.2471
v 3.381649 0.549541 1.256813 0.2039 0.2196 0.2471
v 3.341764 0.544104 1.246126 0.2039 0.2196 0.2471
v 3.304597 0.528166 1.236167 0.2039 0.2196 0.2471
v 3.272681 0.502812 1.227615 0.2039 0.2196 0.2471
v 3.248191 0.469770 1.221053 0.2039 0.2196 0.2471
v 3.232796 0.431292 1.216928 0.2039 0.2196 0.2471
v 3.227545 0.390000 1.215521 0.2039 0.2196 0.2471
v 3.232796 0.348708 1.216928 0.2039 0.2196 0.2471
v 3.248191 0.310230 1.221053 0.2039 0.2196 0.2471
v 3.272681 0.277188 1.227615 0.2039 0.2196 0.2471
v 3.304597 0.251834 1.236167 0.2039 0.2196 0.2471
v 3.341764 0.235896 1.246126 0.2039 0.2196 0.2471
v 3.381649 0.230459 1.256813 0.2039 0.2196 0.2471
v 3.421534 0.235896 1.267500 0.2039 0.2196 0.2471
v 3.458701 0.251834 1.277459 0.2039 0.2196 0.2471
v 3.490617 0.277188 1.286011 0.2039 0.2196 0.2471
v 3.515107 0.310230 1.292573 0.2039 0.2196 0.2471
v 3.530502 0.348708 1.296698 0.2039 0.2196 0.2471
v 3.522267 0.390000 1.195665 0.2039 0.2196 0.2471
v 3.518317 0.421058 1.194607 0.2039 0.2196 0.2471
v 3.506738 0.450000 1.191504 0.2039 0.2196 0.2471
v 3.488317 0.474853 1.186568 0.2039 0.2196 0.2471
v 3.464311 0.493923 1.180136 0.2039 0.2196 0.2471
v 3.436356 0.505911 1.172645 0.2039 0.2196 0.2471
v 3.406356 0.510000 1.164607 0.2039 0.2196 0.2471
v 3.376356 0.505911 1.156568 0.2039 0.2196 0.2471
v 3.348400 0.493923 1.149077 0.2039 0.2196 0.2471
v 3.324394 0.474853 1.142645 0.2039 0.2196 0.2471
v 3.305974 0.450000 1.137709 0.2039 0.2196 0.2471
v 3.294394 0.421058 1.134606 0.2039 0.2196 0.2471
v 3.290445 0.390000 1.133548 0.2039 0.2196 0.2471
v 3.294394 0.358942 1.134606 0.2039 0.2196 0.2471
v 3.305974 0.330000 1.137709 0.2039 0.2196 0.2471
v 3.324394 0.305147 1.142645 0.2039 0.2196 0.2471
v 3.348400 0.286077 1.149077 0.2039 0.2196 0.2471
v 3.376356 0.274089 1.156568 0.2039 0.2196 0.2471
v 3.406356 0.270000 1.164607 0.2039 0.2196 0.2471
v 3.436356 0.274089 1.172645 0.2039 0.2196 0.2471
v 3.464311 0.286077 1.180136 0.2039 0.2196 0.2471
v 3.488317 0.305147 1.186568 0.2039 0.2196 0.2471
v 3.506738 0.330000 1.191504 0.2039 0.2196 0.2471
v 3.518317 0.358942 1.194607 0.2039 0.2196 0.2471
v 3.585167 0.390000 1.113692 0.2039 0.2196 0.2471
v 3.579916 0.431292 1.112285 0.2039 0.2196 0.2471
v 3.564521 0.469770 1.108160 0.2039 0.2196 0.2471
v 3.540030 0.502812 1.101598 0.2039 0.2196 0.2471
v 3.508115 0.528166 1.093046 0.2039 0.2196 0.2471
v 3.470948 0.544104 1.083087 0.2039 0.2196 0.2471
v 3.431062 0.549541 1.072400 0.2039 0.2196 0.2471
v 3.391177 0.544104 1.061713 0.2039 0.2196 0.2471
v 3.354010 0.528166 1.051754 0.2039 0.2196 0.2471
v 3.322094 0.502812 1.043202 0.2039 0.2196 0.2471
v 3.297604 0.469770 1.036640 0.2039 0.2196 0.2471
v 3.282209 0.431292 1.032515 0.2039 0.2196 0.2471
v 3.276958 0.390000 1.031108 0.2039 0.2196 0.2471
v 3.282209 0.348708 1.032515 0.2039 0.2196 0.2471
v 3.297604 0.310230 1.036640 0.2039 0.2196 0.2471
v 3.322094 0.277188 1.043202 0.2039 0.2196 0.2471
v 3.354010 0.251834 1.051754 0.2039 0.2196 0.2471
v 3.391177 0.235896 1.061713 0.2039 0.2196 0.2471
v 3.431062 0.230459 1.072400 0.2039 0.2196 0.2471
v 3.470948 0.235896 1.083087 0.2039 0.2196 0.2471
v 3.508115 0.251834 1.093046 0.2039 0.2196 0.2471
v 3.540030 0.277188 1.101598 0.2039 0.2196 0.2471
v 3.564521 0.310230 1.108160 0.2039 0.2196 0.2471
v 3.579916 0.348708 1.112285 0.2039 0.2196 0.2471
v 3.687607 0.390000 1.100205 0.2039 0.2196 0.2471
v 3.679214 0.455999 1.097957 0.2039 0.2196 0.2471
v 3.654608 0.517500 1.091363 0.2039 0.2196 0.2471
v 3.615464 0.570312 1.080875 0.2039 0.2196 0.2471
v 3.564452 0.610837 1.067206 0.2039 0.2196 0.2471
v 3.505046 0.636311 1.051288 0.2039 0.2196 0.2471
v 3.441296 0.645000 1.034207 0.2039 0.2196 0.2471
v 3.377546 0.636311 1.017125 0.2039 0.2196 0.2471
v 3.318141 0.610837 1.001207 0.2039 0.2196 0.2471
v 3.267128 0.570312 0.987538 0.2039 0.2196 0.2471
v 3.227985 0.517500 0.977050 0.2039 0.2196 0.2471
v 3.203378 0.455999 0.970456 0.2039 0.2196 0.2471
v 3.194985 0.390000 0.968208 0.2039 0.2196 0.2471
v 3.203378 0.324001 0.970456 0.2039 0.2196 0.2471
v 3.227985 0.262500 0.977050 0.2039 0.2196 0.2471
v 3.267128 0.209688 0.987538 0.2039 0.2196 0.2471
v 3.318141 0.169164 1.001207 0.2039 0.2196 0.2471
v 3.377546 0.143689 1.017125 0.2039 0.2196 0.2471
v 3.441296 0.135000 1.034207 0.2039 0.2196 0.2471
v 3.505046 0.143689 1.051288 0.2039 0.2196 0.2471
v 3.564452 0.169164 1.067206 0.2039 0.2196 0.2471
v 3.615464 0.209688 1.080875 0.2039 0.2196 0.2471
v 3.654608 0.262500 1.091363 0.2039 0.2196 0.2471
v 3.679214 0.324001 1.097957 0.2039 0.2196 0.2471
v 3.769580 0.390000 1.163105 0.2039 0.2196 0.2471
v 3.758046 0.480706 1.160015 0.2039 0.2196 0.2471
v 3.724227 0.565230 1.150953 0.2039 0.2196 0.2471
v 3.670431 0.637812 1.136538 0.2039 0.2196 0.2471
v 3.600321 0.693507 1.117753 0.2039 0.2196 0.2471
v 3.518677 0.728518 1.095876 0.2039 0.2196 0.2471
v 3.431062 0.740459 1.072400 0.2039 0.2196 0.2471
v 3.343448 0.728518 1.048923 0.2039 0.2196 0.2471
v 3.261804 0.693507 1.027047 0.2039 0.2196 0.2471
v 3.191694 0.637812 1.008261 0.2039 0.2196 0.2471
v 3.137897 0.565230 0.993846 0.2039 0.2196 0.2471
v 3.104079 0.480706 0.984785 0.2039 0.2196 0.2471
v 3.092545 0.390000 0.981694 0.2039 0.2196 0.2471
v 3.104079 0.299294 0.984785 0.2039 0.2196 0.2471
v 3.137897 0.214770 0.993846 0.2039 0.2196 0.2471
v 3.191694 0.142188 1.008261 0.2039 0.2196 0.2471
v 3.261804 0.086493 1.027047 0.2039 0.2196 0.2471
v 3.343448 0.051482 1.048923 0.2039 0.2196 0.2471
v 3.431062 0.039541 1.072400 0.2039 0.2196 0.2471
v 3.518677 0.051482 1.095876 0.2039 0.2196 0.2471
v 3.600321 0.086493 1.117753 0.2039 0.2196 0.2471
v 3.670431 0.142188 1.136538 0.2039 0.2196 0.2471
v 3.724227 0.214770 1.150953 0.2039 0.2196 0.2471
v 3.758046 0.299294 1.160015 0.2039 0.2196 0.2471
v 3.433532 0.613200 1.063184 0.7216 0.7608 0.8000
v 3.379180 0.613200 1.266029 0.7216 0.7608 0.8000
v 3.489332 0.605595 1.078136 0.7216 0.7608 0.8000
v 3.434980 0.605595 1.280980 0.7216 0.7608 0.8000
v 3.541329 0.583297 1.092068 0.7216 0.7608 0.8000
v 3.486977 0.583297 1.294913 0.7216 0.7608 0.8000
v 3.585980 0.547826 1.104033 0.7216 0.7608 0.8000
v 3.531628 0.547826 1.306877 0.7216 0.7608 0.8000
v 3.620242 0.501600 1.113213 0.7216 0.7608 0.8000
v 3.565890 0.501600 1.316058 0.7216 0.7608 0.8000
v 3.641780 0.447768 1.118984 0.7216 0.7608 0.8000
v 3.587428 0.447768 1.321829 0.7216 0.7608 0.8000
v 3.649126 0.390000 1.120953 0.7216 0.7608 0.8000
v 3.594774 0.390000 1.323797 0.7216 0.7608 0.8000
v 3.641780 0.332232 1.118984 0.7216 0.7608 0.8000
v 3.587428 0.332232 1.321829 0.7216 0.7608 0.8000
v 3.620242 0.278400 1.113213 0.7216 0.7608 0.8000
v 3.565890 0.278400 1.316058 0.7216 0.7608 0.8000
v 3.585980 0.232174 1.104033 0.7216 0.7608 0.8000
v 3.531628 0.232174 1.306877 0.7216 0.7608 0.8000
v 3.541329 0.196703 1.092068 0.7216 0.7608 0.8000
v 3.486977 0.196703 1.294913 0.7216 0.7608 0.8000
v 3.489332 0.174405 1.078136 0.7216 0.7608 0.8000
v 3.434980 0.174405 1.280980 0.7216 0.7608 0.8000
v 3.433532 0.166800 1.063184 0.7216 0.7608 0.8000
v 3.379180 0.166800 1.266029 0.7216 0.7608 0.8000
v 3.377732 0.174405 1.048233 0.7216 0.7608 0.8000
v 3.323380 0.174405 1.251077 0.7216 0.7608 0.8000
v 3.325734 0.196703 1.034300 0.7216 0.7608 0.8000
v 3.271382 0.196703 1.237144 0.7216 0.7608 0.8000
v 3.281083 0.232174 1.022336 0.7216 0.7608 0.8000
v 3.226731 0.232174 1.225180 0.7216 0.7608 0.8000
v 3.246821 0.278400 1.013155 0.7216 0.7608 0.8000
v 3.192469 0.278400 1.216000 0.7216 0.7608 0.8000
v 3.225283 0.332232 1.007384 0.7216 0.7608 0.8000
v 3.170931 0.332232 1.210229 0.7216 0.7608 0.8000
v 3.217937 0.390000 1.005416 0.7216 0.7608 0.8000
v 3.163585 0.390000 1.208260 0.7216 0.7608 0.8000
v 3.225283 0.447768 1.007384 0.7216 0.7608 0.8000
v 3.170931 0.447768 1.210229 0.7216 0.7608 0.8000
v 3.246821 0.501600 1.013155 0.7216 0.7608 0.8000
v 3.192469 0.501600 1.216000 0.7216 0.7608 0.8000
v 3.281083 0.547826 1.022336 0.7216 0.7608 0.8000
v 3.226731 0.547826 1.225180 0.7216 0.7608 0.8000
v 3.325734 0.583297 1.034300 0.7216 0.7608 0.8000
v 3.271382 0.583297 1.237144 0.7216 0.7608 0.8000
v 3.377732 0.605595 1.048233 0.7216 0.7608 0.8000
v 3.323380 0.605595 1.251077 0.7216 0.7608 0.8000
v 3.441296 0.480000 1.034207 1.0000 0.9647 0.8980
v 3.371415 0.480000 1.295007 1.0000 0.9647 0.8980
v 3.484763 0.467942 1.045853 1.0000 0.9647 0.8980
v 3.414882 0.467942 1.306653 1.0000 0.9647 0.8980
v 3.516583 0.435000 1.054379 1.0000 0.9647 0.8980
v 3.446702 0.435000 1.315179 1.0000 0.9647 0.8980
v 3.528230 0.390000 1.057500 1.0000 0.9647 0.8980
v 3.458349 0.390000 1.318300 1.0000 0.9647 0.8980
v 3.516583 0.345000 1.054379 1.0000 0.9647 0.8980
v 3.446702 0.345000 1.315179 1.0000 0.9647 0.8980
v 3.484763 0.312058 1.045853 1.0000 0.9647 0.8980
v 3.414882 0.312058 1.306653 1.0000 0.9647 0.8980
v 3.441296 0.300000 1.034207 1.0000 0.9647 0.8980
v 3.371415 0.300000 1.295007 1.0000 0.9647 0.8980
v 3.397830 0.312058 1.022560 1.0000 0.9647 0.8980
v 3.327949 0.312058 1.283360 1.0000 0.9647 0.8980
v 3.366010 0.345000 1.014034 1.0000 0.9647 0.8980
v 3.296129 0.345000 1.274833 1.0000 0.9647 0.8980
v 3.354363 0.390000 1.010913 1.0000 0.9647 0.8980
v 3.284482 0.390000 1.271713 1.0000 0.9647 0.8980
v 3.366010 0.435000 1.014034 1.0000 0.9647 0.8980
v 3.296129 0.435000 1.274833 1.0000 0.9647 0.8980
v 3.397830 0.467942 1.022560 1.0000 0.9647 0.8980
v 3.327949 0.467942 1.283360 1.0000 0.9647 0.8980
vn -0.4606 -0.7588 0.4606
vn -0.4606 -0.4606 0.7588
vn -0.7588 -0.4606 0.4606
vn -0.4606 0.4606 0.7588
vn -0.4606 0.7588 0.4606
vn -0.7588 0.4606 0.4606
vn -0.4606 -0.7588 -0.4606
vn -0.7588 -0.4606 -0.4606
vn -0.4606 -0.4606 -0.7588
vn -0.4606 0.7588 -0.4606
vn -0.4606 0.4606 -0.7588
vn -0.7588 0.4606 -0.4606
vn 0.4606 -0.7588 0.4606
vn 0.7588 -0.4606 0.4606
vn 0.4606 -0.4606 0.7588
vn 0.4606 0.7588 0.4606
vn 0.4606 0.4606 0.7588
vn 0.7588 0.4606 0.4606
vn 0.4606 -0.7588 -0.4606
vn 0.4606 -0.4606 -0.7588
vn 0.7588 -0.4606 -0.4606
vn 0.4606 0.7588 -0.4606
vn 0.7588 0.4606 -0.4606
vn 0.4606 0.4606 -0.7588
vn -0.0000 -1.0000 -0.0000
vn -1.0000 -0.0000 -0.0000
vn -0.0000 -0.0000 1.0000
vn -0.0000 1.0000 -0.0000
vn -0.0000 -0.0000 -1.0000
vn 1.0000 -0.0000 -0.0000
vn -0.4764 -0.7588 0.4442
vn -0.4868 -0.4606 0.7423
vn -0.7744 -0.4606 0.4338
vn -0.4868 0.4606 0.7423
vn -0.4764 0.7588 0.4442
vn -0.7744 0.4606 0.4338
vn -0.4442 -0.7588 -0.4764
vn -0.7423 -0.4606 -0.4868
vn -0.4338 -0.4606 -0.7744
vn -0.4442 0.7588 -0.4764
vn -0.4338 0.4606 -0.7744
vn -0.7423 0.4606 -0.4868
vn 0.4442 -0.7588 0.4764
vn 0.7423 -0.4606 0.4868
vn 0.4338 -0.4606 0.7744
vn 0.4442 0.7588 0.4764
vn 0.4338 0.4606 0.7744
vn 0.7423 0.4606 0.4868
vn 0.4764 -0.7588 -0.4442
vn 0.4868 -0.4606 -0.7423
vn 0.7744 -0.4606 -0.4338
vn 0.4764 0.7588 -0.4442
vn 0.7744 0.4606 -0.4338
vn 0.4868 0.4606 -0.7423
vn -0.9994 -0.0000 -0.0349
vn -0.0349 -0.0000 0.9994
vn 0.0349 -0.0000 -0.9994
vn 0.9994 -0.0000 0.0349
vn -0.4442 -0.7588 0.4764
vn -0.4338 -0.4606 0.7744
vn -0.7423 -0.4606 0.4868
vn -0.4338 0.4606 0.7744
vn -0.4442 0.7588 0.4764
vn -0.7423 0.4606 0.4868
vn -0.4764 -0.7588 -0.4442
vn -0.7744 -0.4606 -0.4338
vn -0.4868 -0.4606 -0.7423
vn -0.4764 0.7588 -0.4442
vn -0.4868 0.4606 -0.7423
vn -0.7744 0.4606 -0.4338
vn 0.4764 -0.7588 0.4442
vn 0.7744 -0.4606 0.4338
vn 0.4868 -0.4606 0.7423
vn 0.4764 0.7588 0.4442
vn 0.4868 0.4606 0.7423
vn 0.7744 0.4606 0.4338
vn 0.4442 -0.7588 -0.4764
vn 0.4338 -0.4606 -0.7744
vn 0.7423 -0.4606 -0.4868
vn 0.4442 0.7588 -0.4764
vn 0.7423 0.4606 -0.4868
vn 0.4338 0.4606 -0.7744
vn -0.9994 -0.0000 0.0349
vn 0.0349 -0.0000 0.9994
vn -0.0349 -0.0000 -0.9994
vn 0.9994 -0.0000 -0.0349
vn -0.1794 -0.9673 0.1794
vn -0.1585 -0.9194 0.3600
vn -0.3251 -0.8881 0.3251
vn -0.3600 -0.9194 0.1585
vn -0.1794 -0.1794 0.9673
vn -0.3600 -0.1585 0.9194
vn -0.3251 -0.3251 0.8881
vn -0.1585 -0.3600 0.9194
vn -0.9673 -0.1794 0.1794
vn -0.9194 -0.3600 0.1585
vn -0.8881 -0.3251 0.3251
vn -0.9194 -0.1585 0.3600
vn -0.1794 0.1794 0.9673
vn -0.1585 0.3600 0.9194
vn -0.3251 0.3251 0.8881
vn -0.3600 0.1585 0.9194
vn -0.1794 0.9673 0.1794
vn -0.3600 0.9194 0.1585
vn -0.3251 0.8881 0.3251
vn -0.1585 0.9194 0.3600
vn -0.9673 0.1794 0.1794
vn -0.9194 0.1585 0.3600
vn -0.8881 0.3251 0.3251
vn -0.9194 0.3600 0.1585
vn -0.1794 -0.9673 -0.1794
vn -0.3600 -0.9194 -0.1585
vn -0.3251 -0.8881 -0.3251
vn -0.1585 -0.9194 -0.3600
vn -0.9673 -0.1794 -0.1794
vn -0.9194 -0.1585 -0.3600
vn -0.8881 -0.3251 -0.3251
vn -0.9194 -0.3600 -0.1585
vn -0.1794 -0.1794 -0.9673
vn -0.1585 -0.3600 -0.9194
vn -0.3251 -0.3251 -0.8881
vn -0.3600 -0.1585 -0.9194
vn -0.1794 0.9673 -0.1794
vn -0.1585 0.9194 -0.3600
vn -0.3251 0.8881 -0.3251
vn -0.3600 0.9194 -0.1585
vn -0.1794 0.1794 -0.9673
vn -0.3600 0.1585 -0.9194
vn -0.3251 0.3251 -0.8881
vn -0.1585 0.3600 -0.9194
vn -0.9673 0.1794 -0.1794
vn -0.9194 0.3600 -0.1585
vn -0.8881 0.3251 -0.3251
vn -0.9194 0.1585 -0.3600
vn 0.1794 -0.9673 0.1794
vn 0.3600 -0.9194 0.1585
vn 0.3251 -0.8881 0.3251
vn 0.1585 -0.9194 0.3600
vn 0.9673 -0.1794 0.1794
vn 0.9194 -0.1585 0.3600
vn 0.8881 -0.3251 0.3251
vn 0.9194 -0.3600 0.1585
vn 0.1794 -0.1794 0.9673
vn 0.1585 -0.3600 0.9194
vn 0.3251 -0.3251 0.8881
vn 0.3600 -0.1585 0.9194
vn 0.1794 0.9673 0.1794
vn 0.1585 0.9194 0.3600
vn 0.3251 0.8881 0.3251
vn 0.3600 0.9194 0.1585
vn 0.1794 0.1794 0.9673
vn 0.3600 0.1585 0.9194
vn 0.3251 0.3251 0.8881
vn 0.1585 0.3600 0.9194
vn 0.9673 0.1794 0.1794
vn 0.9194 0.3600 0.1585
vn 0.8881 0.3251 0.3251
vn 0.9194 0.1585 0.3600
vn 0.1794 -0.9673 -0.1794
vn 0.1585 -0.9194 -0.3600
vn 0.3251 -0.8881 -0.3251
vn 0.3600 -0.9194 -0.1585
vn 0.1794 -0.1794 -0.9673
vn 0.3600 -0.1585 -0.9194
vn 0.3251 -0.3251 -0.8881
vn 0.1585 -0.3600 -0.9194
vn 0.9673 -0.1794 -0.1794
vn 0.9194 -0.3600 -0.1585
vn 0.8881 -0.3251 -0.3251
vn 0.9194 -0.1585 -0.3600
vn 0.1794 0.9673 -0.1794
vn 0.3600 0.9194 -0.1585
vn 0.3251 0.8881 -0.3251
vn 0.1585 0.9194 -0.3600
vn 0.9673 0.1794 -0.1794
vn 0.9194 0.1585 -0.3600
vn 0.8881 0.3251 -0.3251
vn 0.9194 0.3600 -0.1585
vn 0.1794 0.1794 -0.9673
vn 0.1585 0.3600 -0.9194
vn 0.3251 0.3251 -0.8881
vn 0.3600 0.1585 -0.9194
vn -0.3547 -0.7588 0.5463
vn -0.2927 -0.4606 0.8380
vn -0.6465 -0.4606 0.6083
vn -0.2927 0.4606 0.8380
vn -0.3547 0.7588 0.5463
vn -0.6465 0.4606 0.6083
vn -0.5463 -0.7588 -0.3547
vn -0.8380 -0.4606 -0.2927
vn -0.6083 -0.4606 -0.6465
vn -0.5463 0.7588 -0.3547
vn -0.6083 0.4606 -0.6465
vn -0.8380 0.4606 -0.2927
vn 0.5463 -0.7588 0.3547
vn 0.8380 -0.4606 0.2927
vn 0.6083 -0.4606 0.6465
vn 0.5463 0.7588 0.3547
vn 0.6083 0.4606 0.6465
vn 0.8380 0.4606 0.2927
vn 0.3547 -0.7588 -0.5463
vn 0.2927 -0.4606 -0.8380
vn 0.6465 -0.4606 -0.6083
vn 0.3547 0.7588 -0.5463
vn 0.6465 0.4606 -0.6083
vn 0.2927 0.4606 -0.8380
vn -0.9781 -0.0000 0.2079
vn 0.2079 -0.0000 0.9781
vn -0.2079 -0.0000 -0.9781
vn 0.9781 -0.0000 -0.2079
vn -0.4187 -0.7588 0.4990
vn -0.3927 -0.4606 0.7960
vn -0.7158 -0.4606 0.5249
vn -0.3927 0.4606 0.7960
vn -0.4187 0.7588 0.4990
vn -0.7158 0.4606 0.5249
vn -0.4990 -0.7588 -0.4187
vn -0.7960 -0.4606 -0.3927
vn -0.5249 -0.4606 -0.7158
vn -0.4990 0.7588 -0.4187
vn -0.5249 0.4606 -0.7158
vn -0.7960 0.4606 -0.3927
vn 0.4990 -0.7588 0.4187
vn 0.7960 -0.4606 0.3927
vn 0.5249 -0.4606 0.7158
vn 0.4990 0.7588 0.4187
vn 0.5249 0.4606 0.7158
vn 0.7960 0.4606 0.3927
vn 0.4187 -0.7588 -0.4990
vn 0.3927 -0.4606 -0.7960
vn 0.7158 -0.4606 -0.5249
vn 0.4187 0.7588 -0.4990
vn 0.7158 0.4606 -0.5249
vn 0.3927 0.4606 -0.7960
vn -0.9962 -0.0000 0.0872
vn 0.0872 -0.0000 0.9962
vn -0.0872 -0.0000 -0.9962
vn 0.9962 -0.0000 -0.0872
vn -0.4187 -0.7588 0.4989
vn -0.4187 0.7588 0.4989
vn 0.4187 -0.7588 -0.4989
vn 0.4187 0.7588 -0.4989
vn 0.4989 -0.7588 0.4187
vn 0.4989 0.7588 0.4187
vn -0.4989 -0.7588 -0.4187
vn -0.4989 0.7588 -0.4187
vn -0.4840 -0.7588 0.4358
vn -0.4996 -0.4606 0.7336
vn -0.7819 -0.4606 0.4202
vn -0.4996 0.4606 0.7336
vn -0.4840 0.7588 0.4358
vn -0.7819 0.4606 0.4202
vn -0.4358 -0.7588 -0.4840
vn -0.7336 -0.4606 -0.4996
vn -0.4202 -0.4606 -0.7819
vn -0.4358 0.7588 -0.4840
vn -0.4202 0.4606 -0.7819
vn -0.7336 0.4606 -0.4996
vn 0.4358 -0.7588 0.4840
vn 0.7336 -0.4606 0.4996
vn 0.4202 -0.4606 0.7819
vn 0.4358 0.7588 0.4840
vn 0.4202 0.4606 0.7819
vn 0.7336 0.4606 0.4996
vn 0.4840 -0.7588 -0.4358
vn 0.4996 -0.4606 -0.7336
vn 0.7819 -0.4606 -0.4202
vn 0.4840 0.7588 -0.4358
vn 0.7819 0.4606 -0.4202
vn 0.4996 0.4606 -0.7336
vn -0.9986 -0.0000 -0.0523
vn -0.0523 -0.0000 0.9986
vn 0.0523 -0.0000 -0.9986
vn 0.9986 -0.0000 0.0523
vn -0.7337 -0.4606 -0.4996
vn -0.7337 0.4606 -0.4996
vn -0.4996 -0.4606 0.7337
vn -0.4996 0.4606 0.7337
vn 0.7337 -0.4606 0.4996
vn 0.7337 0.4606 0.4996
vn 0.4996 -0.4606 -0.7337
vn 0.4996 0.4606 -0.7337
vn -0.4442 -0.7588 0.4763
vn -0.2197 -0.9673 0.1268
vn -0.2463 -0.9194 0.3067
vn -0.3981 -0.8881 0.2299
vn -0.3887 -0.9194 0.0599
vn -0.4236 -0.1794 0.8879
vn -0.5857 -0.1585 0.7949
vn -0.5438 -0.3251 0.7737
vn -0.3910 -0.3600 0.8471
vn -0.9808 -0.1794 -0.0771
vn -0.9291 -0.3600 -0.0849
vn -0.9419 -0.3251 0.0841
vn -0.9812 -0.1585 0.1097
vn -0.4236 0.1794 0.8879
vn -0.3910 0.3600 0.8471
vn -0.5438 0.3251 0.7737
vn -0.5857 0.1585 0.7949
vn -0.2197 0.9673 0.1268
vn -0.3887 0.9194 0.0599
vn -0.3981 0.8881 0.2299
vn -0.2463 0.9194 0.3067
vn -0.9808 0.1794 -0.0771
vn -0.9812 0.1585 0.1097
vn -0.9419 0.3251 0.0841
vn -0.9291 0.3600 -0.0849
vn -0.1268 -0.9673 -0.2197
vn -0.3067 -0.9194 -0.2463
vn -0.2299 -0.8881 -0.3981
vn -0.0599 -0.9194 -0.3887
vn -0.8879 -0.1794 -0.4236
vn -0.7949 -0.1585 -0.5857
vn -0.7737 -0.3251 -0.5438
vn -0.8471 -0.3600 -0.3910
vn 0.0771 -0.1794 -0.9808
vn 0.0849 -0.3600 -0.9291
vn -0.0841 -0.3251 -0.9419
vn -0.1097 -0.1585 -0.9812
vn -0.1268 0.9673 -0.2197
vn -0.0599 0.9194 -0.3887
vn -0.2299 0.8881 -0.3981
vn -0.3067 0.9194 -0.2463
vn 0.0771 0.1794 -0.9808
vn -0.1097 0.1585 -0.9812
vn -0.0841 0.3251 -0.9419
vn 0.0849 0.3600 -0.9291
vn -0.8879 0.1794 -0.4236
vn -0.8471 0.3600 -0.3910
vn -0.7737 0.3251 -0.5438
vn -0.7949 0.1585 -0.5857
vn 0.1268 -0.9673 0.2197
vn 0.3067 -0.9194 0.2463
vn 0.2299 -0.8881 0.3981
vn 0.0599 -0.9194 0.3887
vn 0.8879 -0.1794 0.4236
vn 0.7949 -0.1585 0.5857
vn 0.7737 -0.3251 0.5438
vn 0.8471 -0.3600 0.3910
vn -0.0771 -0.1794 0.9808
vn -0.0849 -0.3600 0.9291
vn 0.0841 -0.3251 0.9419
vn 0.1097 -0.1585 0.9812
vn 0.1268 0.9673 0.2197
vn 0.0599 0.9194 0.3887
vn 0.2299 0.8881 0.3981
vn 0.3067 0.9194 0.2463
vn -0.0771 0.1794 0.9808
vn 0.1097 0.1585 0.9812
vn 0.0841 0.3251 0.9419
vn -0.0849 0.3600 0.9291
vn 0.8879 0.1794 0.4236
vn 0.8471 0.3600 0.3910
vn 0.7737 0.3251 0.5438
vn 0.7949 0.1585 0.5857
vn 0.2197 -0.9673 -0.1268
vn 0.2463 -0.9194 -0.3067
vn 0.3981 -0.8881 -0.2299
vn 0.3887 -0.9194 -0.0599
vn 0.4236 -0.1794 -0.8879
vn 0.5857 -0.1585 -0.7949
vn 0.5438 -0.3251 -0.7737
vn 0.3910 -0.3600 -0.8471
vn 0.9808 -0.1794 0.0771
vn 0.9291 -0.3600 0.0849
vn 0.9419 -0.3251 -0.0841
vn 0.9812 -0.1585 -0.1097
vn 0.2197 0.9673 -0.1268
vn 0.3887 0.9194 -0.0599
vn 0.3981 0.8881 -0.2299
vn 0.2463 0.9194 -0.3067
vn 0.9808 0.1794 0.0771
vn 0.9812 0.1585 -0.1097
vn 0.9419 0.3251 -0.0841
vn 0.9291 0.3600 0.0849
vn 0.4236 0.1794 -0.8879
vn 0.3910 0.3600 -0.8471
vn 0.5438 0.3251 -0.7737
vn 0.5857 0.1585 -0.7949
vn 0.2298 0.8881 0.3981
vn -0.5641 -0.7588 0.3257
vn -0.6413 -0.4606 0.6137
vn -0.8521 -0.4606 0.2485
vn -0.6413 0.4606 0.6137
vn -0.5641 0.7588 0.3257
vn -0.8521 0.4606 0.2485
vn -0.3257 -0.7588 -0.5641
vn -0.6137 -0.4606 -0.6413
vn -0.2485 -0.4606 -0.8521
vn -0.3257 0.7588 -0.5641
vn -0.2485 0.4606 -0.8521
vn -0.6137 0.4606 -0.6413
vn 0.3257 -0.7588 0.5641
vn 0.6137 -0.4606 0.6413
vn 0.2485 -0.4606 0.8521
vn 0.3257 0.7588 0.5641
vn 0.2485 0.4606 0.8521
vn 0.6137 0.4606 0.6413
vn 0.5641 -0.7588 -0.3257
vn 0.6413 -0.4606 -0.6137
vn 0.8521 -0.4606 -0.2485
vn 0.5641 0.7588 -0.3257
vn 0.8521 0.4606 -0.2485
vn 0.6413 0.4606 -0.6137
vn -0.9659 -0.0000 -0.2588
vn -0.2588 -0.0000 0.9659
vn 0.2588 -0.0000 -0.9659
vn 0.9659 -0.0000 0.2588
vn 0.0741 -0.9971 0.0199
vn 0.0741 -0.9971 0.0198
vn -0.0567 -0.9983 -0.0152
vn -0.3198 0.0349 -0.9468
vn -0.9638 0.0668 -0.2582
vn -0.7504 0.0349 0.6601
vn 0.3215 -0.0303 0.9464
vn 0.9647 -0.0502 0.2585
vn 0.7517 -0.0303 -0.6589
vn 0.2030 0.6200 -0.7579
vn -0.0002 1.0000 -0.0001
vn -0.2031 0.6200 0.7579
vn -0.2031 -0.6200 0.7579
vn -0.0002 -1.0000 -0.0001
vn 0.2030 -0.6200 -0.7579
vn 0.7484 0.0453 -0.6617
vn 0.9623 0.0870 0.2578
vn 0.3173 0.0453 0.9472
vn -0.7501 -0.0396 0.6601
vn -0.9638 -0.0658 -0.2583
vn -0.3196 -0.0396 -0.9467
vn 0.7516 -0.0303 -0.6589
vn 0.2343 0.9701 0.0628
vn -0.2343 -0.9701 -0.0628
vn -0.2444 0.1213 -0.9621
vn -0.9371 0.2425 -0.2511
vn -0.6927 0.1213 0.7110
vn 0.2444 -0.1213 0.9621
vn 0.9371 -0.2425 0.2511
vn 0.6927 -0.1213 -0.7110
vn 0.3929 0.9135 0.1053
vn 0.4167 0.8735 -0.2517
vn 0.3018 0.7612 -0.5740
vn 0.0709 0.5990 -0.7976
vn -0.2303 0.4190 -0.8783
vn -0.5421 0.2568 -0.8001
vn -0.8028 0.1446 -0.5785
vn -0.9606 0.1045 -0.2574
vn -0.9845 0.1446 0.0996
vn -0.8695 0.2568 0.4218
vn -0.6386 0.4190 0.6454
vn -0.3374 0.5991 0.7261
vn -0.0256 0.7612 0.6480
vn 0.2350 0.8735 0.4264
vn -0.7178 0.6691 -0.1923
vn -0.7269 0.6844 -0.0560
vn -0.6830 0.7273 0.0671
vn -0.5948 0.7893 0.1525
vn -0.4798 0.8580 0.1833
vn -0.3607 0.9200 0.1535
vn -0.2611 0.9628 0.0688
vn -0.2008 0.9781 -0.0538
vn -0.1917 0.9628 -0.1902
vn -0.2356 0.9200 -0.3133
vn -0.3238 0.8580 -0.3987
vn -0.4389 0.7893 -0.4295
vn -0.5580 0.7273 -0.3996
vn -0.6575 0.6844 -0.3150
vn -0.8365 -0.5000 -0.2241
vn -0.8660 -0.4505 0.2172
vn -0.7239 -0.3117 0.6154
vn -0.4385 -0.1113 0.8918
vn -0.0662 0.1113 0.9916
vn 0.3192 0.3117 0.8949
vn 0.6414 0.4505 0.6210
vn 0.8365 0.5000 0.2241
vn 0.8660 0.4505 -0.2172
vn 0.7239 0.3117 -0.6154
vn 0.4385 0.1113 -0.8918
vn 0.0662 -0.1113 -0.9916
vn -0.3192 -0.3117 -0.8949
vn -0.6414 -0.4505 -0.6210
vn 0.2008 -0.9781 0.0538
vn 0.1917 -0.9628 0.1902
vn 0.2356 -0.9200 0.3133
vn 0.3238 -0.8580 0.3987
vn 0.4389 -0.7893 0.4295
vn 0.5580 -0.7273 0.3996
vn 0.6575 -0.6844 0.3150
vn 0.7178 -0.6691 0.1923
vn 0.7269 -0.6844 0.0560
vn 0.6830 -0.7273 -0.0671
vn 0.5948 -0.7893 -0.1525
vn 0.4798 -0.8580 -0.1833
vn 0.3607 -0.9200 -0.1535
vn 0.2611 -0.9628 -0.0688
vn 0.9606 -0.1045 0.2574
vn 0.9845 -0.1446 -0.0996
vn 0.8695 -0.2568 -0.4218
vn 0.6386 -0.4190 -0.6454
vn 0.3374 -0.5990 -0.7261
vn 0.0256 -0.7612 -0.6480
vn -0.2350 -0.8735 -0.4264
vn -0.3929 -0.9135 -0.1053
vn -0.4167 -0.8735 0.2517
vn -0.3018 -0.7612 0.5740
vn -0.0709 -0.5990 0.7976
vn 0.2303 -0.4190 0.8783
vn 0.5421 -0.2568 0.8001
vn 0.8028 -0.1446 0.5785
vn 0.5686 -0.3574 -0.7410
vn 0.0990 0.9239 -0.3696
vn 0.3314 0.9239 -0.1913
vn 0.0990 -0.9239 -0.3696
vn 0.3314 -0.9239 -0.1913
vn 0.5686 0.3574 -0.7410
vn 0.9260 -0.3574 -0.1219
vn 0.3696 0.9239 0.0990
vn 0.3696 -0.9239 0.0990
vn 0.9260 0.3574 -0.1219
vn 0.7410 -0.3574 0.5686
vn 0.1913 0.9239 0.3314
vn 0.1913 -0.9239 0.3314
vn 0.7410 0.3574 0.5685
vn 0.1219 -0.3574 0.9260
vn -0.0990 0.9239 0.3696
vn -0.0990 -0.9239 0.3696
vn 0.1219 0.3574 0.9260
vn -0.5686 0.3574 0.7410
vn -0.5685 -0.3574 0.7410
vn -0.3314 0.9239 0.1913
vn -0.3314 -0.9239 0.1913
vn -0.3696 -0.9239 -0.0990
vn -0.9260 0.3574 0.1219
vn -0.9260 -0.3574 0.1219
vn -0.3696 0.9239 -0.0990
vn -0.1913 -0.9239 -0.3314
vn -0.7410 0.3574 -0.5686
vn -0.7410 -0.3574 -0.5686
vn -0.1913 0.9239 -0.3314
vn -0.1219 0.3574 -0.9260
vn -0.1219 -0.3574 -0.9260
vn 0.7934 -0.0000 0.6088
vn 0.7629 0.2391 0.6006
vn 0.6738 0.4619 0.5767
vn 0.5320 0.6533 0.5387
vn 0.3472 0.8001 0.4892
vn 0.1319 0.8924 0.4315
vn -0.3300 0.8924 0.3078
vn -0.5452 0.8001 0.2501
vn -0.7301 0.6533 0.2006
vn -0.8719 0.4619 0.1626
vn -0.9610 0.2391 0.1387
vn -0.9914 -0.0000 0.1305
vn -0.9610 -0.2391 0.1387
vn -0.8719 -0.4619 0.1626
vn -0.7301 -0.6533 0.2006
vn -0.5452 -0.8001 0.2501
vn -0.3300 -0.8924 0.3078
vn 0.1319 -0.8924 0.4315
vn 0.3472 -0.8001 0.4892
vn 0.5320 -0.6533 0.5387
vn 0.6738 -0.4619 0.5767
vn 0.7629 -0.2391 0.6006
vn 0.1305 -0.0000 0.9914
vn 0.1179 0.0990 0.9881
vn 0.0810 0.1913 0.9782
vn 0.0223 0.2706 0.9624
vn -0.0543 0.3314 0.9419
vn -0.1434 0.3696 0.9180
vn -0.2391 0.3827 0.8924
vn -0.3348 0.3696 0.8668
vn -0.4239 0.3314 0.8429
vn -0.5005 0.2706 0.8224
vn -0.5592 0.1913 0.8066
vn -0.5962 0.0990 0.7967
vn -0.6088 -0.0000 0.7934
vn -0.5962 -0.0990 0.7967
vn -0.5592 -0.1913 0.8066
vn -0.5005 -0.2706 0.8224
vn -0.4239 -0.3314 0.8429
vn -0.3348 -0.3696 0.8668
vn -0.2391 -0.3827 0.8924
vn -0.1434 -0.3696 0.9180
vn -0.0543 -0.3314 0.9419
vn 0.0223 -0.2706 0.9624
vn 0.0810 -0.1913 0.9782
vn 0.1179 -0.0990 0.9881
vn -0.7934 -0.0000 -0.6088
vn -0.7629 -0.2391 -0.6006
vn -0.6738 -0.4619 -0.5767
vn -0.5320 -0.6533 -0.5387
vn -0.3472 -0.8001 -0.4892
vn -0.1319 -0.8924 -0.4315
vn 0.3300 -0.8924 -0.3078
vn 0.5452 -0.8001 -0.2501
vn 0.7301 -0.6533 -0.2006
vn 0.8719 -0.4619 -0.1626
vn 0.9610 -0.2391 -0.1387
vn 0.9914 -0.0000 -0.1305
vn 0.9610 0.2391 -0.1387
vn 0.8719 0.4619 -0.1626
vn 0.7301 0.6533 -0.2006
vn 0.5452 0.8001 -0.2501
vn 0.3300 0.8924 -0.3078
vn -0.1319 0.8924 -0.4315
vn -0.3472 0.8001 -0.4892
vn -0.5320 0.6533 -0.5387
vn -0.6738 0.4619 -0.5767
vn -0.7629 0.2391 -0.6006
vn -0.1305 -0.0000 -0.9914
vn -0.1179 -0.0990 -0.9881
vn -0.0810 -0.1913 -0.9782
vn -0.0223 -0.2706 -0.9624
vn 0.0543 -0.3314 -0.9419
vn 0.1434 -0.3696 -0.9180
vn 0.2391 -0.3827 -0.8924
vn 0.3348 -0.3696 -0.8668
vn 0.4239 -0.3314 -0.8429
vn 0.5005 -0.2706 -0.8224
vn 0.5592 -0.1913 -0.8066
vn 0.5962 -0.0990 -0.7967
vn 0.6088 -0.0000 -0.7934
vn 0.5962 0.0990 -0.7967
vn 0.5592 0.1913 -0.8066
vn 0.5005 0.2706 -0.8224
vn 0.4239 0.3314 -0.8429
vn 0.3348 0.3696 -0.8668
vn 0.2391 0.3827 -0.8924
vn 0.1434 0.3696 -0.9180
vn 0.0543 0.3314 -0.9419
vn -0.0223 0.2706 -0.9624
vn -0.0810 0.1913 -0.9782
vn -0.1179 0.0990 -0.9881
vn 0.2500 0.9659 0.0670
vn 0.4830 0.8660 0.1294
vn 0.6830 0.7071 0.1830
vn 0.9330 0.2588 0.2500
vn 0.9330 -0.2588 0.2500
vn 0.8365 -0.5000 0.2241
vn 0.6830 -0.7071 0.1830
vn 0.4830 -0.8660 0.1294
vn 0.2500 -0.9659 0.0670
vn -0.2500 -0.9659 -0.0670
vn -0.4830 -0.8660 -0.1294
vn -0.6830 -0.7071 -0.1830
vn -0.9330 -0.2588 -0.2500
vn -0.9330 0.2588 -0.2500
vn -0.8365 0.5000 -0.2241
vn -0.6830 0.7071 -0.1830
vn -0.4830 0.8660 -0.1294
vn -0.2500 0.9659 -0.0670
vt 0.000000 0.000000
vt 1.000000 0.000000
vt 0.600000 0.000000
vt 0.800000 0.000000
vt 0.400000 0.000000
vt 0.200000 0.000000
vt 0.000000 1.000000
vt 0.333333 1.000000
vt 0.333333 0.833333
vt 0.000000 0.833333
vt 0.000000 0.166667
vt 0.333333 0.166667
vt 0.333333 0.000000
vt 0.000000 0.333333
vt 0.333333 0.333333
vt 0.000000 0.500000
vt 0.333333 0.500000
vt 0.000000 0.666667
vt 0.333333 0.666667
vt 0.666667 1.000000
vt 0.666667 0.833333
vt 0.666667 0.166667
vt 0.666667 0.000000
vt 0.666667 0.333333
vt 0.666667 0.500000
vt 0.666667 0.666667
vt 1.000000 1.000000
vt 1.000000 0.833333
vt 1.000000 0.166667
vt 1.000000 0.333333
vt 1.000000 0.500000
vt 1.000000 0.666667
s 1
usemtl wood
f 1/1/1 2/1/2 3/1/3
f 4/1/4 5/1/5 6/1/6
f 7/1/7 8/1/8 9/1/9
f 10/1/10 11/1/11 12/1/12
f 13/1/13 14/1/14 15/1/15
f 16/1/16 17/1/17 18/1/18
f 19/1/19 20/1/20 21/1/21
f 22/1/22 23/1/23 24/1/24
f 7/1/7 1/1/1 3/1/3 8/1/8
f 2/1/2 4/1/4 6/1/6 3/1/3
f 5/1/5 10/1/10 12/1/12 6/1/6
f 11/1/11 9/1/9 8/1/8 12/1/12
f 19/1/19 7/1/7 9/1/9 20/1/20
f 10/1/10 22/1/22 24/1/24 11/1/11
f 23/1/23 21/1/21 20/1/20 24/1/24
f 13/1/13 19/1/19 21/1/21 14/1/14
f 22/1/22 16/1/16 18/1/18 23/1/23
f 17/1/17 15/1/15 14/1/14 18/1/18
f 1/1/1 13/1/13 15/1/15 2/1/2
f 16/1/16 5/1/5 4/1/4 17/1/17
f 7/1/25 19/1/25 13/1/25 1/1/25
f 3/1/26 6/1/26 12/1/26 8/1/26
f 15/1/27 17/1/27 4/1/27 2/1/27
f 22/1/28 10/1/28 5/1/28 16/1/28
f 9/1/29 11/1/29 24/1/29 20/1/29
f 21/1/30 23/1/30 18/1/30 14/1/30
f 25/1/1 26/1/2 27/1/3
f 28/1/4 29/1/5 30/1/6
f 31/1/7 32/1/8 33/1/9
f 34/1/10 35/1/11 36/1/12
f 37/1/13 38/1/14 39/1/15
f 40/1/16 41/1/17 42/1/18
f 43/1/19 44/1/20 45/1/21
f 46/1/22 47/1/23 48/1/24
f 31/1/7 25/1/1 27/1/3 32/1/8
f 26/1/2 28/1/4 30/1/6 27/1/3
f 29/1/5 34/1/10 36/1/12 30/1/6
f 35/1/11 33/1/9 32/1/8 36/1/12
f 43/1/19 31/1/7 33/1/9 44/1/20
f 34/1/10 46/1/22 48/1/24 35/1/11
f 47/1/23 45/1/21 44/1/20 48/1/24
f 37/1/13 43/1/19 45/1/21 38/1/14
f 46/1/22 40/1/16 42/1/18 47/1/23
f 41/1/17 39/1/15 38/1/14 42/1/18
f 25/1/1 37/1/13 39/1/15 26/1/2
f 40/1/16 29/1/5 28/1/4 41/1/17
f 31/1/25 43/1/25 37/1/25 25/1/25
f 27/1/26 30/1/26 36/1/26 32/1/26
f 39/1/27 41/1/27 28/1/27 26/1/27
f 46/1/28 34/1/28 29/1/28 40/1/28
f 33/1/29 35/1/29 48/1/29 44/1/29
f 45/1/30 47/1/30 42/1/30 38/1/30
f 49/1/1 50/1/2 51/1/3
f 52/1/4 53/1/5 54/1/6
f 55/1/7 56/1/8 57/1/9
f 58/1/10 59/1/11 60/1/12
f 61/1/13 62/1/14 63/1/15
f 64/1/16 65/1/17 66/1/18
f 67/1/19 68/1/20 69/1/21
f 70/1/22 71/1/23 72/1/24
f 55/1/7 49/1/1 51/1/3 56/1/8
f 50/1/2 52/1/4 54/1/6 51/1/3
f 53/1/5 58/1/10 60/1/12 54/1/6
f 59/1/11 57/1/9 56/1/8 60/1/12
f 67/1/19 55/1/7 57/1/9 68/1/20
f 58/1/10 70/1/22 72/1/24 59/1/11
f 71/1/23 69/1/21 68/1/20 72/1/24
f 61/1/13 67/1/19 69/1/21 62/1/14
f 70/1/22 64/1/16 66/1/18 71/1/23
f 65/1/17 63/1/15 62/1/14 66/1/18
f 49/1/1 61/1/13 63/1/15 50/1/2
f 64/1/16 53/1/5 52/1/4 65/1/17
f 55/1/25 67/1/25 61/1/25 49/1/25
f 51/1/26 54/1/26 60/1/26 56/1/26
f 63/1/27 65/1/27 52/1/27 50/1/27
f 70/1/28 58/1/28 53/1/28 64/1/28
f 57/1/29 59/1/29 72/1/29 68/1/29
f 69/1/30 71/1/30 66/1/30 62/1/30
f 73/1/1 74/1/2 75/1/3
f 76/1/4 77/1/5 78/1/6
f 79/1/7 80/1/8 81/1/9
f 82/1/10 83/1/11 84/1/12
f 85/1/13 86/1/14 87/1/15
f 88/1/16 89/1/17 90/1/18
f 91/1/19 92/1/20 93/1/21
f 94/1/22 95/1/23 96/1/24
f 79/1/7 73/1/1 75/1/3 80/1/8
f 74/1/2 76/1/4 78/1/6 75/1/3
f 77/1/5 82/1/10 84/1/12 78/1/6
f 83/1/11 81/1/9 80/1/8 84/1/12
f 91/1/19 79/1/7 81/1/9 92/1/20
f 82/1/10 94/1/22 96/1/24 83/1/11
f 95/1/23 93/1/21 92/1/20 96/1/24
f 85/1/13 91/1/19 93/1/21 86/1/14
f 94/1/22 88/1/16 90/1/18 95/1/23
f 89/1/17 87/1/15 86/1/14 90/1/18
f 73/1/1 85/1/13 87/1/15 74/1/2
f 88/1/16 77/1/5 76/1/4 89/1/17
f 79/1/25 91/1/25 85/1/25 73/1/25
f 75/1/26 78/1/26 84/1/26 80/1/26
f 87/1/27 89/1/27 76/1/27 74/1/27
f 94/1/28 82/1/28 77/1/28 88/1/28
f 81/1/29 83/1/29 96/1/29 92/1/29
f 93/1/30 95/1/30 90/1/30 86/1/30
f 97/1/1 98/1/2 99/1/3
f 100/1/4 101/1/5 102/1/6
f 103/1/7 104/1/8 105/1/9
f 106/1/10 107/1/11 108/1/12
f 109/1/13 110/1/14 111/1/15
f 112/1/16 113/1/17 114/1/18
f 115/1/19 116/1/20 117/1/21
f 118/1/22 119/1/23 120/1/24
f 103/1/7 97/1/1 99/1/3 104/1/8
f 98/1/2 100/1/4 102/1/6 99/1/3
f 101/1/5 106/1/10 108/1/12 102/1/6
f 107/1/11 105/1/9 104/1/8 108/1/12
f 115/1/19 103/1/7 105/1/9 116/1/20
f 106/1/10 118/1/22 120/1/24 107/1/11
f 119/1/23 117/1/21 116/1/20 120/1/24
f 109/1/13 115/1/19 117/1/21 110/1/14
f 118/1/22 112/1/16 114/1/18 119/1/23
f 113/1/17 111/1/15 110/1/14 114/1/18
f 97/1/1 109/1/13 111/1/15 98/1/2
f 112/1/16 101/1/5 100/1/4 113/1/17
f 103/1/25 115/1/25 109/1/25 97/1/25
f 99/1/26 102/1/26 108/1/26 104/1/26
f 111/1/27 113/1/27 100/1/27 98/1/27
f 118/1/28 106/1/28 101/1/28 112/1/28
f 105/1/29 107/1/29 120/1/29 116/1/29
f 117/1/30 119/1/30 114/1/30 110/1/30
f 193/1/1 194/1/2 195/1/3
f 196/1/4 197/1/5 198/1/6
f 199/1/7 200/1/8 201/1/9
f 202/1/10 203/1/11 204/1/12
f 205/1/13 206/1/14 207/1/15
f 208/1/16 209/1/17 210/1/18
f 211/1/19 212/1/20 213/1/21
f 214/1/22 215/1/23 216/1/24
f 199/1/7 193/1/1 195/1/3 200/1/8
f 194/1/2 196/1/4 198/1/6 195/1/3
f 197/1/5 202/1/10 204/1/12 198/1/6
f 203/1/11 201/1/9 200/1/8 204/1/12
f 211/1/19 199/1/7 201/1/9 212/1/20
f 202/1/10 214/1/22 216/1/24 203/1/11
f 215/1/23 213/1/21 212/1/20 216/1/24
f 205/1/13 211/1/19 213/1/21 206/1/14
f 214/1/22 208/1/16 210/1/18 215/1/23
f 209/1/17 207/1/15 206/1/14 210/1/18
f 193/1/1 205/1/13 207/1/15 194/1/2
f 208/1/16 197/1/5 196/1/4 209/1/17
f 199/1/25 211/1/25 205/1/25 193/1/25
f 195/1/26 198/1/26 204/1/26 200/1/26
f 207/1/27 209/1/27 196/1/27 194/1/27
f 214/1/28 202/1/28 197/1/28 208/1/28
f 201/1/29 203/1/29 216/1/29 212/1/29
f 213/1/30 215/1/30 210/1/30 206/1/30
f 217/1/1 218/1/2 219/1/3
f 220/1/4 221/1/5 222/1/6
f 223/1/7 224/1/8 225/1/9
f 226/1/10 227/1/11 228/1/12
f 229/1/13 230/1/14 231/1/15
f 232/1/16 233/1/17 234/1/18
f 235/1/19 236/1/20 237/1/21
f 238/1/22 239/1/23 240/1/24
f 223/1/7 217/1/1 219/1/3 224/1/8
f 218/1/2 220/1/4 222/1/6 219/1/3
f 221/1/5 226/1/10 228/1/12 222/1/6
f 227/1/11 225/1/9 224/1/8 228/1/12
f 235/1/19 223/1/7 225/1/9 236/1/20
f 226/1/10 238/1/22 240/1/24 227/1/11
f 239/1/23 237/1/21 236/1/20 240/1/24
f 229/1/13 235/1/19 237/1/21 230/1/14
f 238/1/22 232/1/16 234/1/18 239/1/23
f 233/1/17 231/1/15 230/1/14 234/1/18
f 217/1/1 229/1/13 231/1/15 218/1/2
f 232/1/16 221/1/5 220/1/4 233/1/17
f 223/1/25 235/1/25 229/1/25 217/1/25
f 219/1/26 222/1/26 228/1/26 224/1/26
f 231/1/27 233/1/27 220/1/27 218/1/27
f 238/1/28 226/1/28 221/1/28 232/1/28
f 225/1/29 227/1/29 240/1/29 236/1/29
f 237/1/30 239/1/30 234/1/30 230/1/30
f 1057/1/1 1058/1/2 1059/1/3
f 1060/1/4 1061/1/5 1062/1/6
f 1063/1/7 1064/1/8 1065/1/9
f 1066/1/10 1067/1/11 1068/1/12
f 1069/1/13 1070/1/14 1071/1/15
f 1072/1/16 1073/1/17 1074/1/18
f 1075/1/19 1076/1/20 1077/1/21
f 1078/1/22 1079/1/23 1080/1/24
f 1063/1/7 1057/1/1 1059/1/3 1064/1/8
f 1058/1/2 1060/1/4 1062/1/6 1059/1/3
f 1061/1/5 1066/1/10 1068/1/12 1062/1/6
f 1067/1/11 1065/1/9 1064/1/8 1068/1/12
f 1075/1/19 1063/1/7 1065/1/9 1076/1/20
f 1066/1/10 1078/1/22 1080/1/24 1067/1/11
f 1079/1/23 1077/1/21 1076/1/20 1080/1/24
f 1069/1/13 1075/1/19 1077/1/21 1070/1/14
f 1078/1/22 1072/1/16 1074/1/18 1079/1/23
f 1073/1/17 1071/1/15 1070/1/14 1074/1/18
f 1057/1/1 1069/1/13 1071/1/15 1058/1/2
f 1072/1/16 1061/1/5 1060/1/4 1073/1/17
f 1063/1/25 1075/1/25 1069/1/25 1057/1/25
f 1059/1/26 1062/1/26 1068/1/26 1064/1/26
f 1071/1/27 1073/1/27 1060/1/27 1058/1/27
f 1078/1/28 1066/1/28 1061/1/28 1072/1/28
f 1065/1/29 1067/1/29 1080/1/29 1076/1/29
f 1077/1/30 1079/1/30 1074/1/30 1070/1/30
f 1081/1/1 1082/1/2 1083/1/3
f 1084/1/4 1085/1/5 1086/1/6
f 1087/1/7 1088/1/8 1089/1/9
f 1090/1/10 1091/1/11 1092/1/12
f 1093/1/13 1094/1/14 1095/1/15
f 1096/1/16 1097/1/17 1098/1/18
f 1099/1/19 1100/1/20 1101/1/21
f 1102/1/22 1103/1/23 1104/1/24
f 1087/1/7 1081/1/1 1083/1/3 1088/1/8
f 1082/1/2 1084/1/4 1086/1/6 1083/1/3
f 1085/1/5 1090/1/10 1092/1/12 1086/1/6
f 1091/1/11 1089/1/9 1088/1/8 1092/1/12
f 1099/1/19 1087/1/7 1089/1/9 1100/1/20
f 1090/1/10 1102/1/22 1104/1/24 1091/1/11
f 1103/1/23 1101/1/21 1100/1/20 1104/1/24
f 1093/1/13 1099/1/19 1101/1/21 1094/1/14
f 1102/1/22 1096/1/16 1098/1/18 1103/1/23
f 1097/1/17 1095/1/15 1094/1/14 1098/1/18
f 1081/1/1 1093/1/13 1095/1/15 1082/1/2
f 1096/1/16 1085/1/5 1084/1/4 1097/1/17
f 1087/1/25 1099/1/25 1093/1/25 1081/1/25
f 1083/1/26 1086/1/26 1092/1/26 1088/1/26
f 1095/1/27 1097/1/27 1084/1/27 1082/1/27
f 1102/1/28 1090/1/28 1085/1/28 1096/1/28
f 1089/1/29 1091/1/29 1104/1/29 1100/1/29
f 1101/1/30 1103/1/30 1098/1/30 1094/1/30
f 1105/1/1 1106/1/2 1107/1/3
f 1108/1/4 1109/1/5 1110/1/6
f 1111/1/7 1112/1/8 1113/1/9
f 1114/1/10 1115/1/11 1116/1/12
f 1117/1/13 1118/1/14 1119/1/15
f 1120/1/16 1121/1/17 1122/1/18
f 1123/1/19 1124/1/20 1125/1/21
f 1126/1/22 1127/1/23 1128/1/24
f 1111/1/7 1105/1/1 1107/1/3 1112/1/8
f 1106/1/2 1108/1/4 1110/1/6 1107/1/3
f 1109/1/5 1114/1/10 1116/1/12 1110/1/6
f 1115/1/11 1113/1/9 1112/1/8 1116/1/12
f 1123/1/19 1111/1/7 1113/1/9 1124/1/20
f 1114/1/10 1126/1/22 1128/1/24 1115/1/11
f 1127/1/23 1125/1/21 1124/1/20 1128/1/24
f 1117/1/13 1123/1/19 1125/1/21 1118/1/14
f 1126/1/22 1120/1/16 1122/1/18 1127/1/23
f 1121/1/17 1119/1/15 1118/1/14 1122/1/18
f 1105/1/1 1117/1/13 1119/1/15 1106/1/2
f 1120/1/16 1109/1/5 1108/1/4 1121/1/17
f 1111/1/25 1123/1/25 1117/1/25 1105/1/25
f 1107/1/26 1110/1/26 1116/1/26 1112/1/26
f 1119/1/27 1121/1/27 1108/1/27 1106/1/27
f 1126/1/28 1114/1/28 1109/1/28 1120/1/28
f 1113/1/29 1115/1/29 1128/1/29 1124/1/29
f 1125/1/30 1127/1/30 1122/1/30 1118/1/30
f 1129/1/1 1130/1/2 1131/1/3
f 1132/1/4 1133/1/5 1134/1/6
f 1135/1/7 1136/1/8 1137/1/9
f 1138/1/10 1139/1/11 1140/1/12
f 1141/1/13 1142/1/14 1143/1/15
f 1144/1/16 1145/1/17 1146/1/18
f 1147/1/19 1148/1/20 1149/1/21
f 1150/1/22 1151/1/23 1152/1/24
f 1135/1/7 1129/1/1 1131/1/3 1136/1/8
f 1130/1/2 1132/1/4 1134/1/6 1131/1/3
f 1133/1/5 1138/1/10 1140/1/12 1134/1/6
f 1139/1/11 1137/1/9 1136/1/8 1140/1/12
f 1147/1/19 1135/1/7 1137/1/9 1148/1/20
f 1138/1/10 1150/1/22 1152/1/24 1139/1/11
f 1151/1/23 1149/1/21 1148/1/20 1152/1/24
f 1141/1/13 1147/1/19 1149/1/21 1142/1/14
f 1150/1/22 1144/1/16 1146/1/18 1151/1/23
f 1145/1/17 1143/1/15 1142/1/14 1146/1/18
f 1129/1/1 1141/1/13 1143/1/15 1130/1/2
f 1144/1/16 1133/1/5 1132/1/4 1145/1/17
f 1135/1/25 1147/1/25 1141/1/25 1129/1/25
f 1131/1/26 1134/1/26 1140/1/26 1136/1/26
f 1143/1/27 1145/1/27 1132/1/27 1130/1/27
f 1150/1/28 1138/1/28 1133/1/28 1144/1/28
f 1137/1/29 1139/1/29 1152/1/29 1148/1/29
f 1149/1/30 1151/1/30 1146/1/30 1142/1/30
f 1153/1/1 1154/1/2 1155/1/3
f 1156/1/4 1157/1/5 1158/1/6
f 1159/1/7 1160/1/8 1161/1/9
f 1162/1/10 1163/1/11 1164/1/12
f 1165/1/13 1166/1/14 1167/1/15
f 1168/1/16 1169/1/17 1170/1/18
f 1171/1/19 1172/1/20 1173/1/21
f 1174/1/22 1175/1/23 1176/1/24
f 1159/1/7 1153/1/1 1155/1/3 1160/1/8
f 1154/1/2 1156/1/4 1158/1/6 1155/1/3
f 1157/1/5 1162/1/10 1164/1/12 1158/1/6
f 1163/1/11 1161/1/9 1160/1/8 1164/1/12
f 1171/1/19 1159/1/7 1161/1/9 1172/1/20
f 1162/1/10 1174/1/22 1176/1/24 1163/1/11
f 1175/1/23 1173/1/21 1172/1/20 1176/1/24
f 1165/1/13 1171/1/19 1173/1/21 1166/1/14
f 1174/1/22 1168/1/16 1170/1/18 1175/1/23
f 1169/1/17 1167/1/15 1166/1/14 1170/1/18
f 1153/1/1 1165/1/13 1167/1/15 1154/1/2
f 1168/1/16 1157/1/5 1156/1/4 1169/1/17
f 1159/1/25 1171/1/25 1165/1/25 1153/1/25
f 1155/1/26 1158/1/26 1164/1/26 1160/1/26
f 1167/1/27 1169/1/27 1156/1/27 1154/1/27
f 1174/1/28 1162/1/28 1157/1/28 1168/1/28
f 1161/1/29 1163/1/29 1176/1/29 1172/1/29
f 1173/1/30 1175/1/30 1170/1/30 1166/1/30
f 1249/1/1 1250/1/2 1251/1/3
f 1252/1/4 1253/1/5 1254/1/6
f 1255/1/7 1256/1/8 1257/1/9
f 1258/1/10 1259/1/11 1260/1/12
f 1261/1/13 1262/1/14 1263/1/15
f 1264/1/16 1265/1/17 1266/1/18
f 1267/1/19 1268/1/20 1269/1/21
f 1270/1/22 1271/1/23 1272/1/24
f 1255/1/7 1249/1/1 1251/1/3 1256/1/8
f 1250/1/2 1252/1/4 1254/1/6 1251/1/3
f 1253/1/5 1258/1/10 1260/1/12 1254/1/6
f 1259/1/11 1257/1/9 1256/1/8 1260/1/12
f 1267/1/19 1255/1/7 1257/1/9 1268/1/20
f 1258/1/10 1270/1/22 1272/1/24 1259/1/11
f 1271/1/23 1269/1/21 1268/1/20 1272/1/24
f 1261/1/13 1267/1/19 1269/1/21 1262/1/14
f 1270/1/22 1264/1/16 1266/1/18 1271/1/23
f 1265/1/17 1263/1/15 1262/1/14 1266/1/18
f 1249/1/1 1261/1/13 1263/1/15 1250/1/2
f 1264/1/16 1253/1/5 1252/1/4 1265/1/17
f 1255/1/25 1267/1/25 1261/1/25 1249/1/25
f 1251/1/26 1254/1/26 1260/1/26 1256/1/26
f 1263/1/27 1265/1/27 1252/1/27 1250/1/27
f 1270/1/28 1258/1/28 1253/1/28 1264/1/28
f 1257/1/29 1259/1/29 1272/1/29 1268/1/29
f 1269/1/30 1271/1/30 1266/1/30 1262/1/30
f 1273/1/1 1274/1/2 1275/1/3
f 1276/1/4 1277/1/5 1278/1/6
f 1279/1/7 1280/1/8 1281/1/9
f 1282/1/10 1283/1/11 1284/1/12
f 1285/1/13 1286/1/14 1287/1/15
f 1288/1/16 1289/1/17 1290/1/18
f 1291/1/19 1292/1/20 1293/1/21
f 1294/1/22 1295/1/23 1296/1/24
f 1279/1/7 1273/1/1 1275/1/3 1280/1/8
f 1274/1/2 1276/1/4 1278/1/6 1275/1/3
f 1277/1/5 1282/1/10 1284/1/12 1278/1/6
f 1283/1/11 1281/1/9 1280/1/8 1284/1/12
f 1291/1/19 1279/1/7 1281/1/9 1292/1/20
f 1282/1/10 1294/1/22 1296/1/24 1283/1/11
f 1295/1/23 1293/1/21 1292/1/20 1296/1/24
f 1285/1/13 1291/1/19 1293/1/21 1286/1/14
f 1294/1/22 1288/1/16 1290/1/18 1295/1/23
f 1289/1/17 1287/1/15 1286/1/14 1290/1/18
f 1273/1/1 1285/1/13 1287/1/15 1274/1/2
f 1288/1/16 1277/1/5 1276/1/4 1289/1/17
f 1279/1/25 1291/1/25 1285/1/25 1273/1/25
f 1275/1/26 1278/1/26 1284/1/26 1280/1/26
f 1287/1/27 1289/1/27 1276/1/27 1274/1/27
f 1294/1/28 1282/1/28 1277/1/28 1288/1/28
f 1281/1/29 1283/1/29 1296/1/29 1292/1/29
f 1293/1/30 1295/1/30 1290/1/30 1286/1/30
f 1297/1/1 1298/1/2 1299/1/3
f 1300/1/4 1301/1/5 1302/1/6
f 1303/1/7 1304/1/8 1305/1/9
f 1306/1/10 1307/1/11 1308/1/12
f 1309/1/13 1310/1/14 1311/1/15
f 1312/1/16 1313/1/17 1314/1/18
f 1315/1/19 1316/1/20 1317/1/21
f 1318/1/22 1319/1/23 1320/1/24
f 1303/1/7 1297/1/1 1299/1/3 1304/1/8
f 1298/1/2 1300/1/4 1302/1/6 1299/1/3
f 1301/1/5 1306/1/10 1308/1/12 1302/1/6
f 1307/1/11 1305/1/9 1304/1/8 1308/1/12
f 1315/1/19 1303/1/7 1305/1/9 1316/1/20
f 1306/1/10 1318/1/22 1320/1/24 1307/1/11
f 1319/1/23 1317/1/21 1316/1/20 1320/1/24
f 1309/1/13 1315/1/19 1317/1/21 1310/1/14
f 1318/1/22 1312/1/16 1314/1/18 1319/1/23
f 1313/1/17 1311/1/15 1310/1/14 1314/1/18
f 1297/1/1 1309/1/13 1311/1/15 1298/1/2
f 1312/1/16 1301/1/5 1300/1/4 1313/1/17
f 1303/1/25 1315/1/25 1309/1/25 1297/1/25
f 1299/1/26 1302/1/26 1308/1/26 1304/1/26
f 1311/1/27 1313/1/27 1300/1/27 1298/1/27
f 1318/1/28 1306/1/28 1301/1/28 1312/1/28
f 1305/1/29 1307/1/29 1320/1/29 1316/1/29
f 1317/1/30 1319/1/30 1314/1/30 1310/1/30
f 1321/1/1 1322/1/2 1323/1/3
f 1324/1/4 1325/1/5 1326/1/6
f 1327/1/7 1328/1/8 1329/1/9
f 1330/1/10 1331/1/11 1332/1/12
f 1333/1/13 1334/1/14 1335/1/15
f 1336/1/16 1337/1/17 1338/1/18
f 1339/1/19 1340/1/20 1341/1/21
f 1342/1/22 1343/1/23 1344/1/24
f 1327/1/7 1321/1/1 1323/1/3 1328/1/8
f 1322/1/2 1324/1/4 1326/1/6 1323/1/3
f 1325/1/5 1330/1/10 1332/1/12 1326/1/6
f 1331/1/11 1329/1/9 1328/1/8 1332/1/12
f 1339/1/19 1327/1/7 1329/1/9 1340/1/20
f 1330/1/10 1342/1/22 1344/1/24 1331/1/11
f 1343/1/23 1341/1/21 1340/1/20 1344/1/24
f 1333/1/13 1339/1/19 1341/1/21 1334/1/14
f 1342/1/22 1336/1/16 1338/1/18 1343/1/23
f 1337/1/17 1335/1/15 1334/1/14 1338/1/18
f 1321/1/1 1333/1/13 1335/1/15 1322/1/2
f 1336/1/16 1325/1/5 1324/1/4 1337/1/17
f 1327/1/25 1339/1/25 1333/1/25 1321/1/25
f 1323/1/26 1326/1/26 1332/1/26 1328/1/26
f 1335/1/27 1337/1/27 1324/1/27 1322/1/27
f 1342/1/28 1330/1/28 1325/1/28 1336/1/28
f 1329/1/29 1331/1/29 1344/1/29 1340/1/29
f 1341/1/30 1343/1/30 1338/1/30 1334/1/30
f 1345/1/1 1346/1/2 1347/1/3
f 1348/1/4 1349/1/5 1350/1/6
f 1351/1/7 1352/1/8 1353/1/9
f 1354/1/10 1355/1/11 1356/1/12
f 1357/1/13 1358/1/14 1359/1/15
f 1360/1/16 1361/1/17 1362/1/18
f 1363/1/19 1364/1/20 1365/1/21
f 1366/1/22 1367/1/23 1368/1/24
f 1351/1/7 1345/1/1 1347/1/3 1352/1/8
f 1346/1/2 1348/1/4 1350/1/6 1347/1/3
f 1349/1/5 1354/1/10 1356/1/12 1350/1/6
f 1355/1/11 1353/1/9 1352/1/8 1356/1/12
f 1363/1/19 1351/1/7 1353/1/9 1364/1/20
f 1354/1/10 1366/1/22 1368/1/24 1355/1/11
f 1367/1/23 1365/1/21 1364/1/20 1368/1/24
f 1357/1/13 1363/1/19 1365/1/21 1358/1/14
f 1366/1/22 1360/1/16 1362/1/18 1367/1/23
f 1361/1/17 1359/1/15 1358/1/14 1362/1/18
f 1345/1/1 1357/1/13 1359/1/15 1346/1/2
f 1360/1/16 1349/1/5 1348/1/4 1361/1/17
f 1351/1/25 1363/1/25 1357/1/25 1345/1/25
f 1347/1/26 1350/1/26 1356/1/26 1352/1/26
f 1359/1/27 1361/1/27 1348/1/27 1346/1/27
f 1366/1/28 1354/1/28 1349/1/28 1360/1/28
f 1353/1/29 1355/1/29 1368/1/29 1364/1/29
f 1365/1/30 1367/1/30 1362/1/30 1358/1/30
f 1369/1/1 1370/1/2 1371/1/3
f 1372/1/4 1373/1/5 1374/1/6
f 1375/1/7 1376/1/8 1377/1/9
f 1378/1/10 1379/1/11 1380/1/12
f 1381/1/13 1382/1/14 1383/1/15
f 1384/1/16 1385/1/17 1386/1/18
f 1387/1/19 1388/1/20 1389/1/21
f 1390/1/22 1391/1/23 1392/1/24
f 1375/1/7 1369/1/1 1371/1/3 1376/1/8
f 1370/1/2 1372/1/4 1374/1/6 1371/1/3
f 1373/1/5 1378/1/10 1380/1/12 1374/1/6
f 1379/1/11 1377/1/9 1376/1/8 1380/1/12
f 1387/1/19 1375/1/7 1377/1/9 1388/1/20
f 1378/1/10 1390/1/22 1392/1/24 1379/1/11
f 1391/1/23 1389/1/21 1388/1/20 1392/1/24
f 1381/1/13 1387/1/19 1389/1/21 1382/1/14
f 1390/1/22 1384/1/16 1386/1/18 1391/1/23
f 1385/1/17 1383/1/15 1382/1/14 1386/1/18
f 1369/1/1 1381/1/13 1383/1/15 1370/1/2
f 1384/1/16 1373/1/5 1372/1/4 1385/1/17
f 1375/1/25 1387/1/25 1381/1/25 1369/1/25
f 1371/1/26 1374/1/26 1380/1/26 1376/1/26
f 1383/1/27 1385/1/27 1372/1/27 1370/1/27
f 1390/1/28 1378/1/28 1373/1/28 1384/1/28
f 1377/1/29 1379/1/29 1392/1/29 1388/1/29
f 1389/1/30 1391/1/30 1386/1/30 1382/1/30
f 1393/1/1 1394/1/2 1395/1/3
f 1396/1/4 1397/1/5 1398/1/6
f 1399/1/7 1400/1/8 1401/1/9
f 1402/1/10 1403/1/11 1404/1/12
f 1405/1/13 1406/1/14 1407/1/15
f 1408/1/16 1409/1/17 1410/1/18
f 1411/1/19 1412/1/20 1413/1/21
f 1414/1/22 1415/1/23 1416/1/24
f 1399/1/7 1393/1/1 1395/1/3 1400/1/8
f 1394/1/2 1396/1/4 1398/1/6 1395/1/3
f 1397/1/5 1402/1/10 1404/1/12 1398/1/6
f 1403/1/11 1401/1/9 1400/1/8 1404/1/12
f 1411/1/19 1399/1/7 1401/1/9 1412/1/20
f 1402/1/10 1414/1/22 1416/1/24 1403/1/11
f 1415/1/23 1413/1/21 1412/1/20 1416/1/24
f 1405/1/13 1411/1/19 1413/1/21 1406/1/14
f 1414/1/22 1408/1/16 1410/1/18 1415/1/23
f 1409/1/17 1407/1/15 1406/1/14 1410/1/18
f 1393/1/1 1405/1/13 1407/1/15 1394/1/2
f 1408/1/16 1397/1/5 1396/1/4 1409/1/17
f 1399/1/25 1411/1/25 1405/1/25 1393/1/25
f 1395/1/26 1398/1/26 1404/1/26 1400/1/26
f 1407/1/27 1409/1/27 1396/1/27 1394/1/27
f 1414/1/28 1402/1/28 1397/1/28 1408/1/28
f 1401/1/29 1403/1/29 1416/1/29 1412/1/29
f 1413/1/30 1415/1/30 1410/1/30 1406/1/30
f 1489/1/1 1490/1/2 1491/1/3
f 1492/1/4 1493/1/5 1494/1/6
f 1495/1/7 1496/1/8 1497/1/9
f 1498/1/10 1499/1/11 1500/1/12
f 1501/1/13 1502/1/14 1503/1/15
f 1504/1/16 1505/1/17 1506/1/18
f 1507/1/19 1508/1/20 1509/1/21
f 1510/1/22 1511/1/23 1512/1/24
f 1495/1/7 1489/1/1 1491/1/3 1496/1/8
f 1490/1/2 1492/1/4 1494/1/6 1491/1/3
f 1493/1/5 1498/1/10 1500/1/12 1494/1/6
f 1499/1/11 1497/1/9 1496/1/8 1500/1/12
f 1507/1/19 1495/1/7 1497/1/9 1508/1/20
f 1498/1/10 1510/1/22 1512/1/24 1499/1/11
f 1511/1/23 1509/1/21 1508/1/20 1512/1/24
f 1501/1/13 1507/1/19 1509/1/21 1502/1/14
f 1510/1/22 1504/1/16 1506/1/18 1511/1/23
f 1505/1/17 1503/1/15 1502/1/14 1506/1/18
f 1489/1/1 1501/1/13 1503/1/15 1490/1/2
f 1504/1/16 1493/1/5 1492/1/4 1505/1/17
f 1495/1/25 1507/1/25 1501/1/25 1489/1/25
f 1491/1/26 1494/1/26 1500/1/26 1496/1/26
f 1503/1/27 1505/1/27 1492/1/27 1490/1/27
f 1510/1/28 1498/1/28 1493/1/28 1504/1/28
f 1497/1/29 1499/1/29 1512/1/29 1508/1/29
f 1509/1/30 1511/1/30 1506/1/30 1502/1/30
f 1513/1/1 1514/1/2 1515/1/3
f 1516/1/4 1517/1/5 1518/1/6
f 1519/1/7 1520/1/8 1521/1/9
f 1522/1/10 1523/1/11 1524/1/12
f 1525/1/13 1526/1/14 1527/1/15
f 1528/1/16 1529/1/17 1530/1/18
f 1531/1/19 1532/1/20 1533/1/21
f 1534/1/22 1535/1/23 1536/1/24
f 1519/1/7 1513/1/1 1515/1/3 1520/1/8
f 1514/1/2 1516/1/4 1518/1/6 1515/1/3
f 1517/1/5 1522/1/10 1524/1/12 1518/1/6
f 1523/1/11 1521/1/9 1520/1/8 1524/1/12
f 1531/1/19 1519/1/7 1521/1/9 1532/1/20
f 1522/1/10 1534/1/22 1536/1/24 1523/1/11
f 1535/1/23 1533/1/21 1532/1/20 1536/1/24
f 1525/1/13 1531/1/19 1533/1/21 1526/1/14
f 1534/1/22 1528/1/16 1530/1/18 1535/1/23
f 1529/1/17 1527/1/15 1526/1/14 1530/1/18
f 1513/1/1 1525/1/13 1527/1/15 1514/1/2
f 1528/1/16 1517/1/5 1516/1/4 1529/1/17
f 1519/1/25 1531/1/25 1525/1/25 1513/1/25
f 1515/1/26 1518/1/26 1524/1/26 1520/1/26
f 1527/1/27 1529/1/27 1516/1/27 1514/1/27
f 1534/1/28 1522/1/28 1517/1/28 1528/1/28
f 1521/1/29 1523/1/29 1536/1/29 1532/1/29
f 1533/1/30 1535/1/30 1530/1/30 1526/1/30
f 1953/1/211 1954/1/212 1955/1/213
f 1956/1/214 1957/1/215 1958/1/216
f 1959/1/217 1960/1/218 1961/1/219
f 1962/1/220 1963/1/221 1964/1/222
f 1965/1/223 1966/1/224 1967/1/225
f 1968/1/226 1969/1/227 1970/1/228
f 1971/1/229 1972/1/230 1973/1/231
f 1974/1/232 1975/1/233 1976/1/234
f 1959/1/217 1953/1/211 1955/1/213 1960/1/218
f 1954/1/212 1956/1/214 1958/1/216 1955/1/213
f 1957/1/215 1962/1/220 1964/1/222 1958/1/216
f 1963/1/221 1961/1/219 1960/1/218 1964/1/222
f 1971/1/229 1959/1/217 1961/1/219 1972/1/230
f 1962/1/220 1974/1/232 1976/1/234 1963/1/221
f 1975/1/233 1973/1/231 1972/1/230 1976/1/234
f 1965/1/223 1971/1/229 1973/1/231 1966/1/224
f 1974/1/232 1968/1/226 1970/1/228 1975/1/233
f 1969/1/227 1967/1/225 1966/1/224 1970/1/228
f 1953/1/211 1965/1/223 1967/1/225 1954/1/212
f 1968/1/226 1957/1/215 1956/1/214 1969/1/227
f 1959/1/25 1971/1/25 1965/1/25 1953/1/25
f 1955/1/235 1958/1/235 1964/1/235 1960/1/235
f 1967/1/236 1969/1/236 1956/1/236 1954/1/236
f 1974/1/28 1962/1/28 1957/1/28 1968/1/28
f 1961/1/237 1963/1/237 1976/1/237 1972/1/237
f 1973/1/238 1975/1/238 1970/1/238 1966/1/238
f 1977/1/239 1978/1/212 1979/1/213
f 1980/1/214 1981/1/240 1982/1/216
f 1983/1/217 1984/1/218 1985/1/219
f 1986/1/220 1987/1/221 1988/1/222
f 1989/1/223 1990/1/224 1991/1/225
f 1992/1/226 1993/1/227 1994/1/228
f 1995/1/241 1996/1/230 1997/1/231
f 1998/1/242 1999/1/233 2000/1/234
f 1983/1/217 1977/1/239 1979/1/213 1984/1/218
f 1978/1/212 1980/1/214 1982/1/216 1979/1/213
f 1981/1/240 1986/1/220 1988/1/222 1982/1/216
f 1987/1/221 1985/1/219 1984/1/218 1988/1/222
f 1995/1/241 1983/1/217 1985/1/219 1996/1/230
f 1986/1/220 1998/1/242 2000/1/234 1987/1/221
f 1999/1/233 1997/1/231 1996/1/230 2000/1/234
f 1989/1/223 1995/1/241 1997/1/231 1990/1/224
f 1998/1/242 1992/1/226 1994/1/228 1999/1/233
f 1993/1/227 1991/1/225 1990/1/224 1994/1/228
f 1977/1/239 1989/1/223 1991/1/225 1978/1/212
f 1992/1/226 1981/1/240 1980/1/214 1993/1/227
f 1983/1/25 1995/1/25 1989/1/25 1977/1/25
f 1979/1/235 1982/1/235 1988/1/235 1984/1/235
f 1991/1/236 1993/1/236 1980/1/236 1978/1/236
f 1998/1/28 1986/1/28 1981/1/28 1992/1/28
f 1985/1/237 1987/1/237 2000/1/237 1996/1/237
f 1997/1/238 1999/1/238 1994/1/238 1990/1/238
f 2001/1/239 2002/1/212 2003/1/213
f 2004/1/214 2005/1/240 2006/1/216
f 2007/1/217 2008/1/218 2009/1/219
f 2010/1/220 2011/1/221 2012/1/222
f 2013/1/243 2014/1/224 2015/1/225
f 2016/1/244 2017/1/227 2018/1/228
f 2019/1/241 2020/1/230 2021/1/231
f 2022/1/242 2023/1/233 2024/1/234
f 2007/1/217 2001/1/239 2003/1/213 2008/1/218
f 2002/1/212 2004/1/214 2006/1/216 2003/1/213
f 2005/1/240 2010/1/220 2012/1/222 2006/1/216
f 2011/1/221 2009/1/219 2008/1/218 2012/1/222
f 2019/1/241 2007/1/217 2009/1/219 2020/1/230
f 2010/1/220 2022/1/242 2024/1/234 2011/1/221
f 2023/1/233 2021/1/231 2020/1/230 2024/1/234
f 2013/1/243 2019/1/241 2021/1/231 2014/1/224
f 2022/1/242 2016/1/244 2018/1/228 2023/1/233
f 2017/1/227 2015/1/225 2014/1/224 2018/1/228
f 2001/1/239 2013/1/243 2015/1/225 2002/1/212
f 2016/1/244 2005/1/240 2004/1/214 2017/1/227
f 2007/1/25 2019/1/25 2013/1/25 2001/1/25
f 2003/1/235 2006/1/235 2012/1/235 2008/1/235
f 2015/1/236 2017/1/236 2004/1/236 2002/1/236
f 2022/1/28 2010/1/28 2005/1/28 2016/1/28
f 2009/1/237 2011/1/237 2024/1/237 2020/1/237
f 2021/1/238 2023/1/238 2018/1/238 2014/1/238
f 2025/1/239 2026/1/212 2027/1/213
f 2028/1/214 2029/1/240 2030/1/216
f 2031/1/217 2032/1/218 2033/1/219
f 2034/1/220 2035/1/221 2036/1/222
f 2037/1/223 2038/1/224 2039/1/225
f 2040/1/226 2041/1/227 2042/1/228
f 2043/1/241 2044/1/230 2045/1/231
f 2046/1/242 2047/1/233 2048/1/234
f 2031/1/217 2025/1/239 2027/1/213 2032/1/218
f 2026/1/212 2028/1/214 2030/1/216 2027/1/213
f 2029/1/240 2034/1/220 2036/1/222 2030/1/216
f 2035/1/221 2033/1/219 2032/1/218 2036/1/222
f 2043/1/241 2031/1/217 2033/1/219 2044/1/230
f 2034/1/220 2046/1/242 2048/1/234 2035/1/221
f 2047/1/233 2045/1/231 2044/1/230 2048/1/234
f 2037/1/223 2043/1/241 2045/1/231 2038/1/224
f 2046/1/242 2040/1/226 2042/1/228 2047/1/233
f 2041/1/227 2039/1/225 2038/1/224 2042/1/228
f 2025/1/239 2037/1/223 2039/1/225 2026/1/212
f 2040/1/226 2029/1/240 2028/1/214 2041/1/227
f 2031/1/25 2043/1/25 2037/1/25 2025/1/25
f 2027/1/235 2030/1/235 2036/1/235 2032/1/235
f 2039/1/236 2041/1/236 2028/1/236 2026/1/236
f 2046/1/28 2034/1/28 2029/1/28 2040/1/28
f 2033/1/237 2035/1/237 2048/1/237 2044/1/237
f 2045/1/238 2047/1/238 2042/1/238 2038/1/238
f 2049/1/239 2050/1/212 2051/1/213
f 2052/1/214 2053/1/240 2054/1/216
f 2055/1/217 2056/1/218 2057/1/219
f 2058/1/220 2059/1/221 2060/1/222
f 2061/1/223 2062/1/224 2063/1/225
f 2064/1/244 2065/1/227 2066/1/228
f 2067/1/241 2068/1/230 2069/1/231
f 2070/1/242 2071/1/233 2072/1/234
f 2055/1/217 2049/1/239 2051/1/213 2056/1/218
f 2050/1/212 2052/1/214 2054/1/216 2051/1/213
f 2053/1/240 2058/1/220 2060/1/222 2054/1/216
f 2059/1/221 2057/1/219 2056/1/218 2060/1/222
f 2067/1/241 2055/1/217 2057/1/219 2068/1/230
f 2058/1/220 2070/1/242 2072/1/234 2059/1/221
f 2071/1/233 2069/1/231 2068/1/230 2072/1/234
f 2061/1/223 2067/1/241 2069/1/231 2062/1/224
f 2070/1/242 2064/1/244 2066/1/228 2071/1/233
f 2065/1/227 2063/1/225 2062/1/224 2066/1/228
f 2049/1/239 2061/1/223 2063/1/225 2050/1/212
f 2064/1/244 2053/1/240 2052/1/214 2065/1/227
f 2055/1/25 2067/1/25 2061/1/25 2049/1/25
f 2051/1/235 2054/1/235 2060/1/235 2056/1/235
f 2063/1/236 2065/1/236 2052/1/236 2050/1/236
f 2070/1/28 2058/1/28 2053/1/28 2064/1/28
f 2057/1/237 2059/1/237 2072/1/237 2068/1/237
f 2069/1/238 2071/1/238 2066/1/238 2062/1/238
f 2145/1/239 2146/1/212 2147/1/213
f 2148/1/214 2149/1/215 2150/1/216
f 2151/1/245 2152/1/218 2153/1/219
f 2154/1/246 2155/1/221 2156/1/222
f 2157/1/223 2158/1/224 2159/1/225
f 2160/1/226 2161/1/227 2162/1/228
f 2163/1/241 2164/1/230 2165/1/231
f 2166/1/242 2167/1/233 2168/1/234
f 2151/1/245 2145/1/239 2147/1/213 2152/1/218
f 2146/1/212 2148/1/214 2150/1/216 2147/1/213
f 2149/1/215 2154/1/246 2156/1/222 2150/1/216
f 2155/1/221 2153/1/219 2152/1/218 2156/1/222
f 2163/1/241 2151/1/245 2153/1/219 2164/1/230
f 2154/1/246 2166/1/242 2168/1/234 2155/1/221
f 2167/1/233 2165/1/231 2164/1/230 2168/1/234
f 2157/1/223 2163/1/241 2165/1/231 2158/1/224
f 2166/1/242 2160/1/226 2162/1/228 2167/1/233
f 2161/1/227 2159/1/225 2158/1/224 2162/1/228
f 2145/1/239 2157/1/223 2159/1/225 2146/1/212
f 2160/1/226 2149/1/215 2148/1/214 2161/1/227
f 2151/1/25 2163/1/25 2157/1/25 2145/1/25
f 2147/1/235 2150/1/235 2156/1/235 2152/1/235
f 2159/1/236 2161/1/236 2148/1/236 2146/1/236
f 2166/1/28 2154/1/28 2149/1/28 2160/1/28
f 2153/1/237 2155/1/237 2168/1/237 2164/1/237
f 2165/1/238 2167/1/238 2162/1/238 2158/1/238
f 2169/1/211 2170/1/212 2171/1/213
f 2172/1/214 2173/1/215 2174/1/216
f 2175/1/245 2176/1/218 2177/1/219
f 2178/1/246 2179/1/221 2180/1/222
f 2181/1/223 2182/1/224 2183/1/225
f 2184/1/226 2185/1/227 2186/1/228
f 2187/1/241 2188/1/230 2189/1/231
f 2190/1/242 2191/1/233 2192/1/234
f 2175/1/245 2169/1/211 2171/1/213 2176/1/218
f 2170/1/212 2172/1/214 2174/1/216 2171/1/213
f 2173/1/215 2178/1/246 2180/1/222 2174/1/216
f 2179/1/221 2177/1/219 2176/1/218 2180/1/222
f 2187/1/241 2175/1/245 2177/1/219 2188/1/230
f 2178/1/246 2190/1/242 2192/1/234 2179/1/221
f 2191/1/233 2189/1/231 2188/1/230 2192/1/234
f 2181/1/223 2187/1/241 2189/1/231 2182/1/224
f 2190/1/242 2184/1/226 2186/1/228 2191/1/233
f 2185/1/227 2183/1/225 2182/1/224 2186/1/228
f 2169/1/211 2181/1/223 2183/1/225 2170/1/212
f 2184/1/226 2173/1/215 2172/1/214 2185/1/227
f 2175/1/25 2187/1/25 2181/1/25 2169/1/25
f 2171/1/235 2174/1/235 2180/1/235 2176/1/235
f 2183/1/236 2185/1/236 2172/1/236 2170/1/236
f 2190/1/28 2178/1/28 2173/1/28 2184/1/28
f 2177/1/237 2179/1/237 2192/1/237 2188/1/237
f 2189/1/238 2191/1/238 2186/1/238 2182/1/238
f 2193/1/247 2194/1/248 2195/1/249
f 2196/1/250 2197/1/251 2198/1/252
f 2199/1/253 2200/1/254 2201/1/255
f 2202/1/256 2203/1/257 2204/1/258
f 2205/1/259 2206/1/260 2207/1/261
f 2208/1/262 2209/1/263 2210/1/264
f 2211/1/265 2212/1/266 2213/1/267
f 2214/1/268 2215/1/269 2216/1/270
f 2199/1/253 2193/1/247 2195/1/249 2200/1/254
f 2194/1/248 2196/1/250 2198/1/252 2195/1/249
f 2197/1/251 2202/1/256 2204/1/258 2198/1/252
f 2203/1/257 2201/1/255 2200/1/254 2204/1/258
f 2211/1/265 2199/1/253 2201/1/255 2212/1/266
f 2202/1/256 2214/1/268 2216/1/270 2203/1/257
f 2215/1/269 2213/1/267 2212/1/266 2216/1/270
f 2205/1/259 2211/1/265 2213/1/267 2206/1/260
f 2214/1/268 2208/1/262 2210/1/264 2215/1/269
f 2209/1/263 2207/1/261 2206/1/260 2210/1/264
f 2193/1/247 2205/1/259 2207/1/261 2194/1/248
f 2208/1/262 2197/1/251 2196/1/250 2209/1/263
f 2199/1/25 2211/1/25 2205/1/25 2193/1/25
f 2195/1/271 2198/1/271 2204/1/271 2200/1/271
f 2207/1/272 2209/1/272 2196/1/272 2194/1/272
f 2214/1/28 2202/1/28 2197/1/28 2208/1/28
f 2201/1/273 2203/1/273 2216/1/273 2212/1/273
f 2213/1/274 2215/1/274 2210/1/274 2206/1/274
f 2217/1/247 2218/1/248 2219/1/249
f 2220/1/250 2221/1/251 2222/1/252
f 2223/1/253 2224/1/275 2225/1/255
f 2226/1/256 2227/1/257 2228/1/276
f 2229/1/259 2230/1/260 2231/1/261
f 2232/1/262 2233/1/263 2234/1/264
f 2235/1/265 2236/1/266 2237/1/267
f 2238/1/268 2239/1/269 2240/1/270
f 2223/1/253 2217/1/247 2219/1/249 2224/1/275
f 2218/1/248 2220/1/250 2222/1/252 2219/1/249
f 2221/1/251 2226/1/256 2228/1/276 2222/1/252
f 2227/1/257 2225/1/255 2224/1/275 2228/1/276
f 2235/1/265 2223/1/253 2225/1/255 2236/1/266
f 2226/1/256 2238/1/268 2240/1/270 2227/1/257
f 2239/1/269 2237/1/267 2236/1/266 2240/1/270
f 2229/1/259 2235/1/265 2237/1/267 2230/1/260
f 2238/1/268 2232/1/262 2234/1/264 2239/1/269
f 2233/1/263 2231/1/261 2230/1/260 2234/1/264
f 2217/1/247 2229/1/259 2231/1/261 2218/1/248
f 2232/1/262 2221/1/251 2220/1/250 2233/1/263
f 2223/1/25 2235/1/25 2229/1/25 2217/1/25
f 2219/1/271 2222/1/271 2228/1/271 2224/1/271
f 2231/1/272 2233/1/272 2220/1/272 2218/1/272
f 2238/1/28 2226/1/28 2221/1/28 2232/1/28
f 2225/1/273 2227/1/273 2240/1/273 2236/1/273
f 2237/1/274 2239/1/274 2234/1/274 2230/1/274
f 2241/1/247 2242/1/248 2243/1/249
f 2244/1/250 2245/1/251 2246/1/252
f 2247/1/253 2248/1/254 2249/1/255
f 2250/1/256 2251/1/257 2252/1/258
f 2253/1/259 2254/1/260 2255/1/261
f 2256/1/262 2257/1/263 2258/1/264
f 2259/1/265 2260/1/266 2261/1/267
f 2262/1/268 2263/1/269 2264/1/270
f 2247/1/253 2241/1/247 2243/1/249 2248/1/254
f 2242/1/248 2244/1/250 2246/1/252 2243/1/249
f 2245/1/251 2250/1/256 2252/1/258 2246/1/252
f 2251/1/257 2249/1/255 2248/1/254 2252/1/258
f 2259/1/265 2247/1/253 2249/1/255 2260/1/266
f 2250/1/256 2262/1/268 2264/1/270 2251/1/257
f 2263/1/269 2261/1/267 2260/1/266 2264/1/270
f 2253/1/259 2259/1/265 2261/1/267 2254/1/260
f 2262/1/268 2256/1/262 2258/1/264 2263/1/269
f 2257/1/263 2255/1/261 2254/1/260 2258/1/264
f 2241/1/247 2253/1/259 2255/1/261 2242/1/248
f 2256/1/262 2245/1/251 2244/1/250 2257/1/263
f 2247/1/25 2259/1/25 2253/1/25 2241/1/25
f 2243/1/271 2246/1/271 2252/1/271 2248/1/271
f 2255/1/272 2257/1/272 2244/1/272 2242/1/272
f 2262/1/28 2250/1/28 2245/1/28 2256/1/28
f 2249/1/273 2251/1/273 2264/1/273 2260/1/273
f 2261/1/274 2263/1/274 2258/1/274 2254/1/274
f 2265/1/247 2266/1/248 2267/1/249
f 2268/1/250 2269/1/251 2270/1/252
f 2271/1/253 2272/1/275 2273/1/255
f 2274/1/256 2275/1/257 2276/1/276
f 2277/1/259 2278/1/260 2279/1/261
f 2280/1/262 2281/1/263 2282/1/264
f 2283/1/265 2284/1/266 2285/1/267
f 2286/1/268 2287/1/269 2288/1/270
f 2271/1/253 2265/1/247 2267/1/249 2272/1/275
f 2266/1/248 2268/1/250 2270/1/252 2267/1/249
f 2269/1/251 2274/1/256 2276/1/276 2270/1/252
f 2275/1/257 2273/1/255 2272/1/275 2276/1/276
f 2283/1/265 2271/1/253 2273/1/255 2284/1/266
f 2274/1/256 2286/1/268 2288/1/270 2275/1/257
f 2287/1/269 2285/1/267 2284/1/266 2288/1/270
f 2277/1/259 2283/1/265 2285/1/267 2278/1/260
f 2286/1/268 2280/1/262 2282/1/264 2287/1/269
f 2281/1/263 2279/1/261 2278/1/260 2282/1/264
f 2265/1/247 2277/1/259 2279/1/261 2266/1/248
f 2280/1/262 2269/1/251 2268/1/250 2281/1/263
f 2271/1/25 2283/1/25 2277/1/25 2265/1/25
f 2267/1/271 2270/1/271 2276/1/271 2272/1/271
f 2279/1/272 2281/1/272 2268/1/272 2266/1/272
f 2286/1/28 2274/1/28 2269/1/28 2280/1/28
f 2273/1/273 2275/1/273 2288/1/273 2284/1/273
f 2285/1/274 2287/1/274 2282/1/274 2278/1/274
f 2289/1/247 2290/1/248 2291/1/249
f 2292/1/250 2293/1/251 2294/1/252
f 2295/1/253 2296/1/254 2297/1/255
f 2298/1/256 2299/1/257 2300/1/258
f 2301/1/259 2302/1/260 2303/1/261
f 2304/1/262 2305/1/263 2306/1/264
f 2307/1/265 2308/1/266 2309/1/267
f 2310/1/268 2311/1/269 2312/1/270
f 2295/1/253 2289/1/247 2291/1/249 2296/1/254
f 2290/1/248 2292/1/250 2294/1/252 2291/1/249
f 2293/1/251 2298/1/256 2300/1/258 2294/1/252
f 2299/1/257 2297/1/255 2296/1/254 2300/1/258
f 2307/1/265 2295/1/253 2297/1/255 2308/1/266
f 2298/1/256 2310/1/268 2312/1/270 2299/1/257
f 2311/1/269 2309/1/267 2308/1/266 2312/1/270
f 2301/1/259 2307/1/265 2309/1/267 2302/1/260
f 2310/1/268 2304/1/262 2306/1/264 2311/1/269
f 2305/1/263 2303/1/261 2302/1/260 2306/1/264
f 2289/1/247 2301/1/259 2303/1/261 2290/1/248
f 2304/1/262 2293/1/251 2292/1/250 2305/1/263
f 2295/1/25 2307/1/25 2301/1/25 2289/1/25
f 2291/1/271 2294/1/271 2300/1/271 2296/1/271
f 2303/1/272 2305/1/272 2292/1/272 2290/1/272
f 2310/1/28 2298/1/28 2293/1/28 2304/1/28
f 2297/1/273 2299/1/273 2312/1/273 2308/1/273
f 2309/1/274 2311/1/274 2306/1/274 2302/1/274
f 2385/1/247 2386/1/248 2387/1/249
f 2388/1/250 2389/1/251 2390/1/252
f 2391/1/253 2392/1/254 2393/1/255
f 2394/1/256 2395/1/257 2396/1/258
f 2397/1/259 2398/1/260 2399/1/261
f 2400/1/262 2401/1/263 2402/1/264
f 2403/1/265 2404/1/281 2405/1/267
f 2406/1/268 2407/1/269 2408/1/282
f 2391/1/253 2385/1/247 2387/1/249 2392/1/254
f 2386/1/248 2388/1/250 2390/1/252 2387/1/249
f 2389/1/251 2394/1/256 2396/1/258 2390/1/252
f 2395/1/257 2393/1/255 2392/1/254 2396/1/258
f 2403/1/265 2391/1/253 2393/1/255 2404/1/281
f 2394/1/256 2406/1/268 2408/1/282 2395/1/257
f 2407/1/269 2405/1/267 2404/1/281 2408/1/282
f 2397/1/259 2403/1/265 2405/1/267 2398/1/260
f 2406/1/268 2400/1/262 2402/1/264 2407/1/269
f 2401/1/263 2399/1/261 2398/1/260 2402/1/264
f 2385/1/247 2397/1/259 2399/1/261 2386/1/248
f 2400/1/262 2389/1/251 2388/1/250 2401/1/263
f 2391/1/25 2403/1/25 2397/1/25 2385/1/25
f 2387/1/271 2390/1/271 2396/1/271 2392/1/271
f 2399/1/272 2401/1/272 2388/1/272 2386/1/272
f 2406/1/28 2394/1/28 2389/1/28 2400/1/28
f 2393/1/273 2395/1/273 2408/1/273 2404/1/273
f 2405/1/274 2407/1/274 2402/1/274 2398/1/274
f 2409/1/247 2410/1/248 2411/1/249
f 2412/1/250 2413/1/251 2414/1/252
f 2415/1/253 2416/1/254 2417/1/255
f 2418/1/256 2419/1/257 2420/1/258
f 2421/1/259 2422/1/260 2423/1/261
f 2424/1/262 2425/1/263 2426/1/264
f 2427/1/265 2428/1/266 2429/1/267
f 2430/1/268 2431/1/269 2432/1/270
f 2415/1/253 2409/1/247 2411/1/249 2416/1/254
f 2410/1/248 2412/1/250 2414/1/252 2411/1/249
f 2413/1/251 2418/1/256 2420/1/258 2414/1/252
f 2419/1/257 2417/1/255 2416/1/254 2420/1/258
f 2427/1/265 2415/1/253 2417/1/255 2428/1/266
f 2418/1/256 2430/1/268 2432/1/270 2419/1/257
f 2431/1/269 2429/1/267 2428/1/266 2432/1/270
f 2421/1/259 2427/1/265 2429/1/267 2422/1/260
f 2430/1/268 2424/1/262 2426/1/264 2431/1/269
f 2425/1/263 2423/1/261 2422/1/260 2426/1/264
f 2409/1/247 2421/1/259 2423/1/261 2410/1/248
f 2424/1/262 2413/1/251 2412/1/250 2425/1/263
f 2415/1/25 2427/1/25 2421/1/25 2409/1/25
f 2411/1/271 2414/1/271 2420/1/271 2416/1/271
f 2423/1/272 2425/1/272 2412/1/272 2410/1/272
f 2430/1/28 2418/1/28 2413/1/28 2424/1/28
f 2417/1/273 2419/1/273 2432/1/273 2428/1/273
f 2429/1/274 2431/1/274 2426/1/274 2422/1/274
f 2433/1/59 2434/1/60 2435/1/61
f 2436/1/62 2437/1/63 2438/1/64
f 2439/1/65 2440/1/66 2441/1/67
f 2442/1/68 2443/1/69 2444/1/70
f 2445/1/71 2446/1/72 2447/1/73
f 2448/1/74 2449/1/75 2450/1/76
f 2451/1/77 2452/1/78 2453/1/79
f 2454/1/80 2455/1/81 2456/1/82
f 2439/1/65 2433/1/59 2435/1/61 2440/1/66
f 2434/1/60 2436/1/62 2438/1/64 2435/1/61
f 2437/1/63 2442/1/68 2444/1/70 2438/1/64
f 2443/1/69 2441/1/67 2440/1/66 2444/1/70
f 2451/1/77 2439/1/65 2441/1/67 2452/1/78
f 2442/1/68 2454/1/80 2456/1/82 2443/1/69
f 2455/1/81 2453/1/79 2452/1/78 2456/1/82
f 2445/1/71 2451/1/77 2453/1/79 2446/1/72
f 2454/1/80 2448/1/74 2450/1/76 2455/1/81
f 2449/1/75 2447/1/73 2446/1/72 2450/1/76
f 2433/1/59 2445/1/71 2447/1/73 2434/1/60
f 2448/1/74 2437/1/63 2436/1/62 2449/1/75
f 2439/1/25 2451/1/25 2445/1/25 2433/1/25
f 2435/1/83 2438/1/83 2444/1/83 2440/1/83
f 2447/1/84 2449/1/84 2436/1/84 2434/1/84
f 2454/1/28 2442/1/28 2437/1/28 2448/1/28
f 2441/1/85 2443/1/85 2456/1/85 2452/1/85
f 2453/1/86 2455/1/86 2450/1/86 2446/1/86
f 2457/1/283 2458/1/60 2459/1/61
f 2460/1/62 2461/1/63 2462/1/64
f 2463/1/65 2464/1/66 2465/1/67
f 2466/1/68 2467/1/69 2468/1/70
f 2469/1/71 2470/1/72 2471/1/73
f 2472/1/74 2473/1/75 2474/1/76
f 2475/1/77 2476/1/78 2477/1/79
f 2478/1/80 2479/1/81 2480/1/82
f 2463/1/65 2457/1/283 2459/1/61 2464/1/66
f 2458/1/60 2460/1/62 2462/1/64 2459/1/61
f 2461/1/63 2466/1/68 2468/1/70 2462/1/64
f 2467/1/69 2465/1/67 2464/1/66 2468/1/70
f 2475/1/77 2463/1/65 2465/1/67 2476/1/78
f 2466/1/68 2478/1/80 2480/1/82 2467/1/69
f 2479/1/81 2477/1/79 2476/1/78 2480/1/82
f 2469/1/71 2475/1/77 2477/1/79 2470/1/72
f 2478/1/80 2472/1/74 2474/1/76 2479/1/81
f 2473/1/75 2471/1/73 2470/1/72 2474/1/76
f 2457/1/283 2469/1/71 2471/1/73 2458/1/60
f 2472/1/74 2461/1/63 2460/1/62 2473/1/75
f 2463/1/25 2475/1/25 2469/1/25 2457/1/25
f 2459/1/83 2462/1/83 2468/1/83 2464/1/83
f 2471/1/84 2473/1/84 2460/1/84 2458/1/84
f 2478/1/28 2466/1/28 2461/1/28 2472/1/28
f 2465/1/85 2467/1/85 2480/1/85 2476/1/85
f 2477/1/86 2479/1/86 2474/1/86 2470/1/86
f 2481/1/59 2482/1/60 2483/1/61
f 2484/1/62 2485/1/63 2486/1/64
f 2487/1/65 2488/1/66 2489/1/67
f 2490/1/68 2491/1/69 2492/1/70
f 2493/1/71 2494/1/72 2495/1/73
f 2496/1/74 2497/1/75 2498/1/76
f 2499/1/77 2500/1/78 2501/1/79
f 2502/1/80 2503/1/81 2504/1/82
f 2487/1/65 2481/1/59 2483/1/61 2488/1/66
f 2482/1/60 2484/1/62 2486/1/64 2483/1/61
f 2485/1/63 2490/1/68 2492/1/70 2486/1/64
f 2491/1/69 2489/1/67 2488/1/66 2492/1/70
f 2499/1/77 2487/1/65 2489/1/67 2500/1/78
f 2490/1/68 2502/1/80 2504/1/82 2491/1/69
f 2503/1/81 2501/1/79 2500/1/78 2504/1/82
f 2493/1/71 2499/1/77 2501/1/79 2494/1/72
f 2502/1/80 2496/1/74 2498/1/76 2503/1/81
f 2497/1/75 2495/1/73 2494/1/72 2498/1/76
f 2481/1/59 2493/1/71 2495/1/73 2482/1/60
f 2496/1/74 2485/1/63 2484/1/62 2497/1/75
f 2487/1/25 2499/1/25 2493/1/25 2481/1/25
f 2483/1/83 2486/1/83 2492/1/83 2488/1/83
f 2495/1/84 2497/1/84 2484/1/84 2482/1/84
f 2502/1/28 2490/1/28 2485/1/28 2496/1/28
f 2489/1/85 2491/1/85 2504/1/85 2500/1/85
f 2501/1/86 2503/1/86 2498/1/86 2494/1/86
f 2505/1/59 2506/1/60 2507/1/61
f 2508/1/62 2509/1/63 2510/1/64
f 2511/1/65 2512/1/66 2513/1/67
f 2514/1/68 2515/1/69 2516/1/70
f 2517/1/71 2518/1/72 2519/1/73
f 2520/1/74 2521/1/75 2522/1/76
f 2523/1/77 2524/1/78 2525/1/79
f 2526/1/80 2527/1/81 2528/1/82
f 2511/1/65 2505/1/59 2507/1/61 2512/1/66
f 2506/1/60 2508/1/62 2510/1/64 2507/1/61
f 2509/1/63 2514/1/68 2516/1/70 2510/1/64
f 2515/1/69 2513/1/67 2512/1/66 2516/1/70
f 2523/1/77 2511/1/65 2513/1/67 2524/1/78
f 2514/1/68 2526/1/80 2528/1/82 2515/1/69
f 2527/1/81 2525/1/79 2524/1/78 2528/1/82
f 2517/1/71 2523/1/77 2525/1/79 2518/1/72
f 2526/1/80 2520/1/74 2522/1/76 2527/1/81
f 2521/1/75 2519/1/73 2518/1/72 2522/1/76
f 2505/1/59 2517/1/71 2519/1/73 2506/1/60
f 2520/1/74 2509/1/63 2508/1/62 2521/1/75
f 2511/1/25 2523/1/25 2517/1/25 2505/1/25
f 2507/1/83 2510/1/83 2516/1/83 2512/1/83
f 2519/1/84 2521/1/84 2508/1/84 2506/1/84
f 2526/1/28 2514/1/28 2509/1/28 2520/1/28
f 2513/1/85 2515/1/85 2528/1/85 2524/1/85
f 2525/1/86 2527/1/86 2522/1/86 2518/1/86
f 2529/1/59 2530/1/60 2531/1/61
f 2532/1/62 2533/1/63 2534/1/64
f 2535/1/65 2536/1/66 2537/1/67
f 2538/1/68 2539/1/69 2540/1/70
f 2541/1/71 2542/1/72 2543/1/73
f 2544/1/74 2545/1/75 2546/1/76
f 2547/1/77 2548/1/78 2549/1/79
f 2550/1/80 2551/1/81 2552/1/82
f 2535/1/65 2529/1/59 2531/1/61 2536/1/66
f 2530/1/60 2532/1/62 2534/1/64 2531/1/61
f 2533/1/63 2538/1/68 2540/1/70 2534/1/64
f 2539/1/69 2537/1/67 2536/1/66 2540/1/70
f 2547/1/77 2535/1/65 2537/1/67 2548/1/78
f 2538/1/68 2550/1/80 2552/1/82 2539/1/69
f 2551/1/81 2549/1/79 2548/1/78 2552/1/82
f 2541/1/71 2547/1/77 2549/1/79 2542/1/72
f 2550/1/80 2544/1/74 2546/1/76 2551/1/81
f 2545/1/75 2543/1/73 2542/1/72 2546/1/76
f 2529/1/59 2541/1/71 2543/1/73 2530/1/60
f 2544/1/74 2533/1/63 2532/1/62 2545/1/75
f 2535/1/25 2547/1/25 2541/1/25 2529/1/25
f 2531/1/83 2534/1/83 2540/1/83 2536/1/83
f 2543/1/84 2545/1/84 2532/1/84 2530/1/84
f 2550/1/28 2538/1/28 2533/1/28 2544/1/28
f 2537/1/85 2539/1/85 2552/1/85 2548/1/85
f 2549/1/86 2551/1/86 2546/1/86 2542/1/86
f 2625/1/59 2626/1/60 2627/1/61
f 2628/1/62 2629/1/63 2630/1/64
f 2631/1/65 2632/1/66 2633/1/67
f 2634/1/68 2635/1/69 2636/1/70
f 2637/1/71 2638/1/72 2639/1/73
f 2640/1/74 2641/1/75 2642/1/76
f 2643/1/77 2644/1/78 2645/1/79
f 2646/1/80 2647/1/81 2648/1/82
f 2631/1/65 2625/1/59 2627/1/61 2632/1/66
f 2626/1/60 2628/1/62 2630/1/64 2627/1/61
f 2629/1/63 2634/1/68 2636/1/70 2630/1/64
f 2635/1/69 2633/1/67 2632/1/66 2636/1/70
f 2643/1/77 2631/1/65 2633/1/67 2644/1/78
f 2634/1/68 2646/1/80 2648/1/82 2635/1/69
f 2647/1/81 2645/1/79 2644/1/78 2648/1/82
f 2637/1/71 2643/1/77 2645/1/79 2638/1/72
f 2646/1/80 2640/1/74 2642/1/76 2647/1/81
f 2641/1/75 2639/1/73 2638/1/72 2642/1/76
f 2625/1/59 2637/1/71 2639/1/73 2626/1/60
f 2640/1/74 2629/1/63 2628/1/62 2641/1/75
f 2631/1/25 2643/1/25 2637/1/25 2625/1/25
f 2627/1/83 2630/1/83 2636/1/83 2632/1/83
f 2639/1/84 2641/1/84 2628/1/84 2626/1/84
f 2646/1/28 2634/1/28 2629/1/28 2640/1/28
f 2633/1/85 2635/1/85 2648/1/85 2644/1/85
f 2645/1/86 2647/1/86 2642/1/86 2638/1/86
f 2649/1/59 2650/1/60 2651/1/61
f 2652/1/62 2653/1/63 2654/1/64
f 2655/1/65 2656/1/66 2657/1/67
f 2658/1/68 2659/1/69 2660/1/70
f 2661/1/71 2662/1/72 2663/1/73
f 2664/1/74 2665/1/75 2666/1/76
f 2667/1/77 2668/1/78 2669/1/79
f 2670/1/80 2671/1/81 2672/1/82
f 2655/1/65 2649/1/59 2651/1/61 2656/1/66
f 2650/1/60 2652/1/62 2654/1/64 2651/1/61
f 2653/1/63 2658/1/68 2660/1/70 2654/1/64
f 2659/1/69 2657/1/67 2656/1/66 2660/1/70
f 2667/1/77 2655/1/65 2657/1/67 2668/1/78
f 2658/1/68 2670/1/80 2672/1/82 2659/1/69
f 2671/1/81 2669/1/79 2668/1/78 2672/1/82
f 2661/1/71 2667/1/77 2669/1/79 2662/1/72
f 2670/1/80 2664/1/74 2666/1/76 2671/1/81
f 2665/1/75 2663/1/73 2662/1/72 2666/1/76
f 2649/1/59 2661/1/71 2663/1/73 2650/1/60
f 2664/1/74 2653/1/63 2652/1/62 2665/1/75
f 2655/1/25 2667/1/25 2661/1/25 2649/1/25
f 2651/1/83 2654/1/83 2660/1/83 2656/1/83
f 2663/1/84 2665/1/84 2652/1/84 2650/1/84
f 2670/1/28 2658/1/28 2653/1/28 2664/1/28
f 2657/1/85 2659/1/85 2672/1/85 2668/1/85
f 2669/1/86 2671/1/86 2666/1/86 2662/1/86
usemtl wood_dark
f 121/1/1 122/1/2 123/1/3
f 124/1/4 125/1/5 126/1/6
f 127/1/7 128/1/8 129/1/9
f 130/1/10 131/1/11 132/1/12
f 133/1/13 134/1/14 135/1/15
f 136/1/16 137/1/17 138/1/18
f 139/1/19 140/1/20 141/1/21
f 142/1/22 143/1/23 144/1/24
f 127/1/7 121/1/1 123/1/3 128/1/8
f 122/1/2 124/1/4 126/1/6 123/1/3
f 125/1/5 130/1/10 132/1/12 126/1/6
f 131/1/11 129/1/9 128/1/8 132/1/12
f 139/1/19 127/1/7 129/1/9 140/1/20
f 130/1/10 142/1/22 144/1/24 131/1/11
f 143/1/23 141/1/21 140/1/20 144/1/24
f 133/1/13 139/1/19 141/1/21 134/1/14
f 142/1/22 136/1/16 138/1/18 143/1/23
f 137/1/17 135/1/15 134/1/14 138/1/18
f 121/1/1 133/1/13 135/1/15 122/1/2
f 136/1/16 125/1/5 124/1/4 137/1/17
f 127/1/25 139/1/25 133/1/25 121/1/25
f 123/1/26 126/1/26 132/1/26 128/1/26
f 135/1/27 137/1/27 124/1/27 122/1/27
f 142/1/28 130/1/28 125/1/28 136/1/28
f 129/1/29 131/1/29 144/1/29 140/1/29
f 141/1/30 143/1/30 138/1/30 134/1/30
f 145/1/1 146/1/2 147/1/3
f 148/1/4 149/1/5 150/1/6
f 151/1/7 152/1/8 153/1/9
f 154/1/10 155/1/11 156/1/12
f 157/1/13 158/1/14 159/1/15
f 160/1/16 161/1/17 162/1/18
f 163/1/19 164/1/20 165/1/21
f 166/1/22 167/1/23 168/1/24
f 151/1/7 145/1/1 147/1/3 152/1/8
f 146/1/2 148/1/4 150/1/6 147/1/3
f 149/1/5 154/1/10 156/1/12 150/1/6
f 155/1/11 153/1/9 152/1/8 156/1/12
f 163/1/19 151/1/7 153/1/9 164/1/20
f 154/1/10 166/1/22 168/1/24 155/1/11
f 167/1/23 165/1/21 164/1/20 168/1/24
f 157/1/13 163/1/19 165/1/21 158/1/14
f 166/1/22 160/1/16 162/1/18 167/1/23
f 161/1/17 159/1/15 158/1/14 162/1/18
f 145/1/1 157/1/13 159/1/15 146/1/2
f 160/1/16 149/1/5 148/1/4 161/1/17
f 151/1/25 163/1/25 157/1/25 145/1/25
f 147/1/26 150/1/26 156/1/26 152/1/26
f 159/1/27 161/1/27 148/1/27 146/1/27
f 166/1/28 154/1/28 149/1/28 160/1/28
f 153/1/29 155/1/29 168/1/29 164/1/29
f 165/1/30 167/1/30 162/1/30 158/1/30
f 169/1/1 170/1/2 171/1/3
f 172/1/4 173/1/5 174/1/6
f 175/1/7 176/1/8 177/1/9
f 178/1/10 179/1/11 180/1/12
f 181/1/13 182/1/14 183/1/15
f 184/1/16 185/1/17 186/1/18
f 187/1/19 188/1/20 189/1/21
f 190/1/22 191/1/23 192/1/24
f 175/1/7 169/1/1 171/1/3 176/1/8
f 170/1/2 172/1/4 174/1/6 171/1/3
f 173/1/5 178/1/10 180/1/12 174/1/6
f 179/1/11 177/1/9 176/1/8 180/1/12
f 187/1/19 175/1/7 177/1/9 188/1/20
f 178/1/10 190/1/22 192/1/24 179/1/11
f 191/1/23 189/1/21 188/1/20 192/1/24
f 181/1/13 187/1/19 189/1/21 182/1/14
f 190/1/22 184/1/16 186/1/18 191/1/23
f 185/1/17 183/1/15 182/1/14 186/1/18
f 169/1/1 181/1/13 183/1/15 170/1/2
f 184/1/16 173/1/5 172/1/4 185/1/17
f 175/1/25 187/1/25 181/1/25 169/1/25
f 171/1/26 174/1/26 180/1/26 176/1/26
f 183/1/27 185/1/27 172/1/27 170/1/27
f 190/1/28 178/1/28 173/1/28 184/1/28
f 177/1/29 179/1/29 192/1/29 188/1/29
f 189/1/30 191/1/30 186/1/30 182/1/30
f 1177/1/1 1178/1/2 1179/1/3
f 1180/1/4 1181/1/5 1182/1/6
f 1183/1/7 1184/1/8 1185/1/9
f 1186/1/10 1187/1/11 1188/1/12
f 1189/1/13 1190/1/14 1191/1/15
f 1192/1/16 1193/1/17 1194/1/18
f 1195/1/19 1196/1/20 1197/1/21
f 1198/1/22 1199/1/23 1200/1/24
f 1183/1/7 1177/1/1 1179/1/3 1184/1/8
f 1178/1/2 1180/1/4 1182/1/6 1179/1/3
f 1181/1/5 1186/1/10 1188/1/12 1182/1/6
f 1187/1/11 1185/1/9 1184/1/8 1188/1/12
f 1195/1/19 1183/1/7 1185/1/9 1196/1/20
f 1186/1/10 1198/1/22 1200/1/24 1187/1/11
f 1199/1/23 1197/1/21 1196/1/20 1200/1/24
f 1189/1/13 1195/1/19 1197/1/21 1190/1/14
f 1198/1/22 1192/1/16 1194/1/18 1199/1/23
f 1193/1/17 1191/1/15 1190/1/14 1194/1/18
f 1177/1/1 1189/1/13 1191/1/15 1178/1/2
f 1192/1/16 1181/1/5 1180/1/4 1193/1/17
f 1183/1/25 1195/1/25 1189/1/25 1177/1/25
f 1179/1/26 1182/1/26 1188/1/26 1184/1/26
f 1191/1/27 1193/1/27 1180/1/27 1178/1/27
f 1198/1/28 1186/1/28 1181/1/28 1192/1/28
f 1185/1/29 1187/1/29 1200/1/29 1196/1/29
f 1197/1/30 1199/1/30 1194/1/30 1190/1/30
f 1201/1/1 1202/1/2 1203/1/3
f 1204/1/4 1205/1/5 1206/1/6
f 1207/1/7 1208/1/8 1209/1/9
f 1210/1/10 1211/1/11 1212/1/12
f 1213/1/13 1214/1/14 1215/1/15
f 1216/1/16 1217/1/17 1218/1/18
f 1219/1/19 1220/1/20 1221/1/21
f 1222/1/22 1223/1/23 1224/1/24
f 1207/1/7 1201/1/1 1203/1/3 1208/1/8
f 1202/1/2 1204/1/4 1206/1/6 1203/1/3
f 1205/1/5 1210/1/10 1212/1/12 1206/1/6
f 1211/1/11 1209/1/9 1208/1/8 1212/1/12
f 1219/1/19 1207/1/7 1209/1/9 1220/1/20
f 1210/1/10 1222/1/22 1224/1/24 1211/1/11
f 1223/1/23 1221/1/21 1220/1/20 1224/1/24
f 1213/1/13 1219/1/19 1221/1/21 1214/1/14
f 1222/1/22 1216/1/16 1218/1/18 1223/1/23
f 1217/1/17 1215/1/15 1214/1/14 1218/1/18
f 1201/1/1 1213/1/13 1215/1/15 1202/1/2
f 1216/1/16 1205/1/5 1204/1/4 1217/1/17
f 1207/1/25 1219/1/25 1213/1/25 1201/1/25
f 1203/1/26 1206/1/26 1212/1/26 1208/1/26
f 1215/1/27 1217/1/27 1204/1/27 1202/1/27
f 1222/1/28 1210/1/28 1205/1/28 1216/1/28
f 1209/1/29 1211/1/29 1224/1/29 1220/1/29
f 1221/1/30 1223/1/30 1218/1/30 1214/1/30
f 1225/1/1 1226/1/2 1227/1/3
f 1228/1/4 1229/1/5 1230/1/6
f 1231/1/7 1232/1/8 1233/1/9
f 1234/1/10 1235/1/11 1236/1/12
f 1237/1/13 1238/1/14 1239/1/15
f 1240/1/16 1241/1/17 1242/1/18
f 1243/1/19 1244/1/20 1245/1/21
f 1246/1/22 1247/1/23 1248/1/24
f 1231/1/7 1225/1/1 1227/1/3 1232/1/8
f 1226/1/2 1228/1/4 1230/1/6 1227/1/3
f 1229/1/5 1234/1/10 1236/1/12 1230/1/6
f 1235/1/11 1233/1/9 1232/1/8 1236/1/12
f 1243/1/19 1231/1/7 1233/1/9 1244/1/20
f 1234/1/10 1246/1/22 1248/1/24 1235/1/11
f 1247/1/23 1245/1/21 1244/1/20 1248/1/24
f 1237/1/13 1243/1/19 1245/1/21 1238/1/14
f 1246/1/22 1240/1/16 1242/1/18 1247/1/23
f 1241/1/17 1239/1/15 1238/1/14 1242/1/18
f 1225/1/1 1237/1/13 1239/1/15 1226/1/2
f 1240/1/16 1229/1/5 1228/1/4 1241/1/17
f 1231/1/25 1243/1/25 1237/1/25 1225/1/25
f 1227/1/26 1230/1/26 1236/1/26 1232/1/26
f 1239/1/27 1241/1/27 1228/1/27 1226/1/27
f 1246/1/28 1234/1/28 1229/1/28 1240/1/28
f 1233/1/29 1235/1/29 1248/1/29 1244/1/29
f 1245/1/30 1247/1/30 1242/1/30 1238/1/30
f 1417/1/1 1418/1/2 1419/1/3
f 1420/1/4 1421/1/5 1422/1/6
f 1423/1/7 1424/1/8 1425/1/9
f 1426/1/10 1427/1/11 1428/1/12
f 1429/1/13 1430/1/14 1431/1/15
f 1432/1/16 1433/1/17 1434/1/18
f 1435/1/19 1436/1/20 1437/1/21
f 1438/1/22 1439/1/23 1440/1/24
f 1423/1/7 1417/1/1 1419/1/3 1424/1/8
f 1418/1/2 1420/1/4 1422/1/6 1419/1/3
f 1421/1/5 1426/1/10 1428/1/12 1422/1/6
f 1427/1/11 1425/1/9 1424/1/8 1428/1/12
f 1435/1/19 1423/1/7 1425/1/9 1436/1/20
f 1426/1/10 1438/1/22 1440/1/24 1427/1/11
f 1439/1/23 1437/1/21 1436/1/20 1440/1/24
f 1429/1/13 1435/1/19 1437/1/21 1430/1/14
f 1438/1/22 1432/1/16 1434/1/18 1439/1/23
f 1433/1/17 1431/1/15 1430/1/14 1434/1/18
f 1417/1/1 1429/1/13 1431/1/15 1418/1/2
f 1432/1/16 1421/1/5 1420/1/4 1433/1/17
f 1423/1/25 1435/1/25 1429/1/25 1417/1/25
f 1419/1/26 1422/1/26 1428/1/26 1424/1/26
f 1431/1/27 1433/1/27 1420/1/27 1418/1/27
f 1438/1/28 1426/1/28 1421/1/28 1432/1/28
f 1425/1/29 1427/1/29 1440/1/29 1436/1/29
f 1437/1/30 1439/1/30 1434/1/30 1430/1/30
f 1441/1/1 1442/1/2 1443/1/3
f 1444/1/4 1445/1/5 1446/1/6
f 1447/1/7 1448/1/8 1449/1/9
f 1450/1/10 1451/1/11 1452/1/12
f 1453/1/13 1454/1/14 1455/1/15
f 1456/1/16 1457/1/17 1458/1/18
f 1459/1/19 1460/1/20 1461/1/21
f 1462/1/22 1463/1/23 1464/1/24
f 1447/1/7 1441/1/1 1443/1/3 1448/1/8
f 1442/1/2 1444/1/4 1446/1/6 1443/1/3
f 1445/1/5 1450/1/10 1452/1/12 1446/1/6
f 1451/1/11 1449/1/9 1448/1/8 1452/1/12
f 1459/1/19 1447/1/7 1449/1/9 1460/1/20
f 1450/1/10 1462/1/22 1464/1/24 1451/1/11
f 1463/1/23 1461/1/21 1460/1/20 1464/1/24
f 1453/1/13 1459/1/19 1461/1/21 1454/1/14
f 1462/1/22 1456/1/16 1458/1/18 1463/1/23
f 1457/1/17 1455/1/15 1454/1/14 1458/1/18
f 1441/1/1 1453/1/13 1455/1/15 1442/1/2
f 1456/1/16 1445/1/5 1444/1/4 1457/1/17
f 1447/1/25 1459/1/25 1453/1/25 1441/1/25
f 1443/1/26 1446/1/26 1452/1/26 1448/1/26
f 1455/1/27 1457/1/27 1444/1/27 1442/1/27
f 1462/1/28 1450/1/28 1445/1/28 1456/1/28
f 1449/1/29 1451/1/29 1464/1/29 1460/1/29
f 1461/1/30 1463/1/30 1458/1/30 1454/1/30
f 1465/1/1 1466/1/2 1467/1/3
f 1468/1/4 1469/1/5 1470/1/6
f 1471/1/7 1472/1/8 1473/1/9
f 1474/1/10 1475/1/11 1476/1/12
f 1477/1/13 1478/1/14 1479/1/15
f 1480/1/16 1481/1/17 1482/1/18
f 1483/1/19 1484/1/20 1485/1/21
f 1486/1/22 1487/1/23 1488/1/24
f 1471/1/7 1465/1/1 1467/1/3 1472/1/8
f 1466/1/2 1468/1/4 1470/1/6 1467/1/3
f 1469/1/5 1474/1/10 1476/1/12 1470/1/6
f 1475/1/11 1473/1/9 1472/1/8 1476/1/12
f 1483/1/19 1471/1/7 1473/1/9 1484/1/20
f 1474/1/10 1486/1/22 1488/1/24 1475/1/11
f 1487/1/23 1485/1/21 1484/1/20 1488/1/24
f 1477/1/13 1483/1/19 1485/1/21 1478/1/14
f 1486/1/22 1480/1/16 1482/1/18 1487/1/23
f 1481/1/17 1479/1/15 1478/1/14 1482/1/18
f 1465/1/1 1477/1/13 1479/1/15 1466/1/2
f 1480/1/16 1469/1/5 1468/1/4 1481/1/17
f 1471/1/25 1483/1/25 1477/1/25 1465/1/25
f 1467/1/26 1470/1/26 1476/1/26 1472/1/26
f 1479/1/27 1481/1/27 1468/1/27 1466/1/27
f 1486/1/28 1474/1/28 1469/1/28 1480/1/28
f 1473/1/29 1475/1/29 1488/1/29 1484/1/29
f 1485/1/30 1487/1/30 1482/1/30 1478/1/30
f 2073/1/211 2074/1/212 2075/1/213
f 2076/1/214 2077/1/215 2078/1/216
f 2079/1/245 2080/1/218 2081/1/219
f 2082/1/220 2083/1/221 2084/1/222
f 2085/1/243 2086/1/224 2087/1/225
f 2088/1/244 2089/1/227 2090/1/228
f 2091/1/241 2092/1/230 2093/1/231
f 2094/1/242 2095/1/233 2096/1/234
f 2079/1/245 2073/1/211 2075/1/213 2080/1/218
f 2074/1/212 2076/1/214 2078/1/216 2075/1/213
f 2077/1/215 2082/1/220 2084/1/222 2078/1/216
f 2083/1/221 2081/1/219 2080/1/218 2084/1/222
f 2091/1/241 2079/1/245 2081/1/219 2092/1/230
f 2082/1/220 2094/1/242 2096/1/234 2083/1/221
f 2095/1/233 2093/1/231 2092/1/230 2096/1/234
f 2085/1/243 2091/1/241 2093/1/231 2086/1/224
f 2094/1/242 2088/1/244 2090/1/228 2095/1/233
f 2089/1/227 2087/1/225 2086/1/224 2090/1/228
f 2073/1/211 2085/1/243 2087/1/225 2074/1/212
f 2088/1/244 2077/1/215 2076/1/214 2089/1/227
f 2079/1/25 2091/1/25 2085/1/25 2073/1/25
f 2075/1/235 2078/1/235 2084/1/235 2080/1/235
f 2087/1/236 2089/1/236 2076/1/236 2074/1/236
f 2094/1/28 2082/1/28 2077/1/28 2088/1/28
f 2081/1/237 2083/1/237 2096/1/237 2092/1/237
f 2093/1/238 2095/1/238 2090/1/238 2086/1/238
f 2097/1/211 2098/1/212 2099/1/213
f 2100/1/214 2101/1/215 2102/1/216
f 2103/1/245 2104/1/218 2105/1/219
f 2106/1/220 2107/1/221 2108/1/222
f 2109/1/223 2110/1/224 2111/1/225
f 2112/1/226 2113/1/227 2114/1/228
f 2115/1/229 2116/1/230 2117/1/231
f 2118/1/232 2119/1/233 2120/1/234
f 2103/1/245 2097/1/211 2099/1/213 2104/1/218
f 2098/1/212 2100/1/214 2102/1/216 2099/1/213
f 2101/1/215 2106/1/220 2108/1/222 2102/1/216
f 2107/1/221 2105/1/219 2104/1/218 2108/1/222
f 2115/1/229 2103/1/245 2105/1/219 2116/1/230
f 2106/1/220 2118/1/232 2120/1/234 2107/1/221
f 2119/1/233 2117/1/231 2116/1/230 2120/1/234
f 2109/1/223 2115/1/229 2117/1/231 2110/1/224
f 2118/1/232 2112/1/226 2114/1/228 2119/1/233
f 2113/1/227 2111/1/225 2110/1/224 2114/1/228
f 2097/1/211 2109/1/223 2111/1/225 2098/1/212
f 2112/1/226 2101/1/215 2100/1/214 2113/1/227
f 2103/1/25 2115/1/25 2109/1/25 2097/1/25
f 2099/1/235 2102/1/235 2108/1/235 2104/1/235
f 2111/1/236 2113/1/236 2100/1/236 2098/1/236
f 2118/1/28 2106/1/28 2101/1/28 2112/1/28
f 2105/1/237 2107/1/237 2120/1/237 2116/1/237
f 2117/1/238 2119/1/238 2114/1/238 2110/1/238
f 2121/1/211 2122/1/212 2123/1/213
f 2124/1/214 2125/1/215 2126/1/216
f 2127/1/245 2128/1/218 2129/1/219
f 2130/1/246 2131/1/221 2132/1/222
f 2133/1/223 2134/1/224 2135/1/225
f 2136/1/226 2137/1/227 2138/1/228
f 2139/1/241 2140/1/230 2141/1/231
f 2142/1/232 2143/1/233 2144/1/234
f 2127/1/245 2121/1/211 2123/1/213 2128/1/218
f 2122/1/212 2124/1/214 2126/1/216 2123/1/213
f 2125/1/215 2130/1/246 2132/1/222 2126/1/216
f 2131/1/221 2129/1/219 2128/1/218 2132/1/222
f 2139/1/241 2127/1/245 2129/1/219 2140/1/230
f 2130/1/246 2142/1/232 2144/1/234 2131/1/221
f 2143/1/233 2141/1/231 2140/1/230 2144/1/234
f 2133/1/223 2139/1/241 2141/1/231 2134/1/224
f 2142/1/232 2136/1/226 2138/1/228 2143/1/233
f 2137/1/227 2135/1/225 2134/1/224 2138/1/228
f 2121/1/211 2133/1/223 2135/1/225 2122/1/212
f 2136/1/226 2125/1/215 2124/1/214 2137/1/227
f 2127/1/25 2139/1/25 2133/1/25 2121/1/25
f 2123/1/235 2126/1/235 2132/1/235 2128/1/235
f 2135/1/236 2137/1/236 2124/1/236 2122/1/236
f 2142/1/28 2130/1/28 2125/1/28 2136/1/28
f 2129/1/237 2131/1/237 2144/1/237 2140/1/237
f 2141/1/238 2143/1/238 2138/1/238 2134/1/238
f 2313/1/247 2314/1/277 2315/1/249
f 2316/1/278 2317/1/251 2318/1/252
f 2319/1/253 2320/1/254 2321/1/255
f 2322/1/256 2323/1/257 2324/1/258
f 2325/1/259 2326/1/279 2327/1/261
f 2328/1/262 2329/1/263 2330/1/280
f 2331/1/265 2332/1/266 2333/1/267
f 2334/1/268 2335/1/269 2336/1/270
f 2319/1/253 2313/1/247 2315/1/249 2320/1/254
f 2314/1/277 2316/1/278 2318/1/252 2315/1/249
f 2317/1/251 2322/1/256 2324/1/258 2318/1/252
f 2323/1/257 2321/1/255 2320/1/254 2324/1/258
f 2331/1/265 2319/1/253 2321/1/255 2332/1/266
f 2322/1/256 2334/1/268 2336/1/270 2323/1/257
f 2335/1/269 2333/1/267 2332/1/266 2336/1/270
f 2325/1/259 2331/1/265 2333/1/267 2326/1/279
f 2334/1/268 2328/1/262 2330/1/280 2335/1/269
f 2329/1/263 2327/1/261 2326/1/279 2330/1/280
f 2313/1/247 2325/1/259 2327/1/261 2314/1/277
f 2328/1/262 2317/1/251 2316/1/278 2329/1/263
f 2319/1/25 2331/1/25 2325/1/25 2313/1/25
f 2315/1/271 2318/1/271 2324/1/271 2320/1/271
f 2327/1/272 2329/1/272 2316/1/272 2314/1/272
f 2334/1/28 2322/1/28 2317/1/28 2328/1/28
f 2321/1/273 2323/1/273 2336/1/273 2332/1/273
f 2333/1/274 2335/1/274 2330/1/274 2326/1/274
f 2337/1/247 2338/1/248 2339/1/249
f 2340/1/250 2341/1/251 2342/1/252
f 2343/1/253 2344/1/254 2345/1/255
f 2346/1/256 2347/1/257 2348/1/258
f 2349/1/259 2350/1/279 2351/1/261
f 2352/1/262 2353/1/263 2354/1/280
f 2355/1/265 2356/1/266 2357/1/267
f 2358/1/268 2359/1/269 2360/1/270
f 2343/1/253 2337/1/247 2339/1/249 2344/1/254
f 2338/1/248 2340/1/250 2342/1/252 2339/1/249
f 2341/1/251 2346/1/256 2348/1/258 2342/1/252
f 2347/1/257 2345/1/255 2344/1/254 2348/1/258
f 2355/1/265 2343/1/253 2345/1/255 2356/1/266
f 2346/1/256 2358/1/268 2360/1/270 2347/1/257
f 2359/1/269 2357/1/267 2356/1/266 2360/1/270
f 2349/1/259 2355/1/265 2357/1/267 2350/1/279
f 2358/1/268 2352/1/262 2354/1/280 2359/1/269
f 2353/1/263 2351/1/261 2350/1/279 2354/1/280
f 2337/1/247 2349/1/259 2351/1/261 2338/1/248
f 2352/1/262 2341/1/251 2340/1/250 2353/1/263
f 2343/1/25 2355/1/25 2349/1/25 2337/1/25
f 2339/1/271 2342/1/271 2348/1/271 2344/1/271
f 2351/1/272 2353/1/272 2340/1/272 2338/1/272
f 2358/1/28 2346/1/28 2341/1/28 2352/1/28
f 2345/1/273 2347/1/273 2360/1/273 2356/1/273
f 2357/1/274 2359/1/274 2354/1/274 2350/1/274
f 2361/1/247 2362/1/248 2363/1/249
f 2364/1/250 2365/1/251 2366/1/252
f 2367/1/253 2368/1/254 2369/1/255
f 2370/1/256 2371/1/257 2372/1/258
f 2373/1/259 2374/1/260 2375/1/261
f 2376/1/262 2377/1/263 2378/1/264
f 2379/1/265 2380/1/266 2381/1/267
f 2382/1/268 2383/1/269 2384/1/270
f 2367/1/253 2361/1/247 2363/1/249 2368/1/254
f 2362/1/248 2364/1/250 2366/1/252 2363/1/249
f 2365/1/251 2370/1/256 2372/1/258 2366/1/252
f 2371/1/257 2369/1/255 2368/1/254 2372/1/258
f 2379/1/265 2367/1/253 2369/1/255 2380/1/266
f 2370/1/256 2382/1/268 2384/1/270 2371/1/257
f 2383/1/269 2381/1/267 2380/1/266 2384/1/270
f 2373/1/259 2379/1/265 2381/1/267 2374/1/260
f 2382/1/268 2376/1/262 2378/1/264 2383/1/269
f 2377/1/263 2375/1/261 2374/1/260 2378/1/264
f 2361/1/247 2373/1/259 2375/1/261 2362/1/248
f 2376/1/262 2365/1/251 2364/1/250 2377/1/263
f 2367/1/25 2379/1/25 2373/1/25 2361/1/25
f 2363/1/271 2366/1/271 2372/1/271 2368/1/271
f 2375/1/272 2377/1/272 2364/1/272 2362/1/272
f 2382/1/28 2370/1/28 2365/1/28 2376/1/28
f 2369/1/273 2371/1/273 2384/1/273 2380/1/273
f 2381/1/274 2383/1/274 2378/1/274 2374/1/274
f 2553/1/59 2554/1/60 2555/1/61
f 2556/1/62 2557/1/63 2558/1/64
f 2559/1/65 2560/1/66 2561/1/67
f 2562/1/68 2563/1/69 2564/1/70
f 2565/1/71 2566/1/72 2567/1/73
f 2568/1/74 2569/1/75 2570/1/76
f 2571/1/77 2572/1/78 2573/1/79
f 2574/1/80 2575/1/81 2576/1/82
f 2559/1/65 2553/1/59 2555/1/61 2560/1/66
f 2554/1/60 2556/1/62 2558/1/64 2555/1/61
f 2557/1/63 2562/1/68 2564/1/70 2558/1/64
f 2563/1/69 2561/1/67 2560/1/66 2564/1/70
f 2571/1/77 2559/1/65 2561/1/67 2572/1/78
f 2562/1/68 2574/1/80 2576/1/82 2563/1/69
f 2575/1/81 2573/1/79 2572/1/78 2576/1/82
f 2565/1/71 2571/1/77 2573/1/79 2566/1/72
f 2574/1/80 2568/1/74 2570/1/76 2575/1/81
f 2569/1/75 2567/1/73 2566/1/72 2570/1/76
f 2553/1/59 2565/1/71 2567/1/73 2554/1/60
f 2568/1/74 2557/1/63 2556/1/62 2569/1/75
f 2559/1/25 2571/1/25 2565/1/25 2553/1/25
f 2555/1/83 2558/1/83 2564/1/83 2560/1/83
f 2567/1/84 2569/1/84 2556/1/84 2554/1/84
f 2574/1/28 2562/1/28 2557/1/28 2568/1/28
f 2561/1/85 2563/1/85 2576/1/85 2572/1/85
f 2573/1/86 2575/1/86 2570/1/86 2566/1/86
f 2577/1/59 2578/1/60 2579/1/61
f 2580/1/62 2581/1/63 2582/1/64
f 2583/1/65 2584/1/66 2585/1/67
f 2586/1/68 2587/1/69 2588/1/70
f 2589/1/71 2590/1/72 2591/1/73
f 2592/1/74 2593/1/75 2594/1/76
f 2595/1/77 2596/1/78 2597/1/79
f 2598/1/80 2599/1/81 2600/1/82
f 2583/1/65 2577/1/59 2579/1/61 2584/1/66
f 2578/1/60 2580/1/62 2582/1/64 2579/1/61
f 2581/1/63 2586/1/68 2588/1/70 2582/1/64
f 2587/1/69 2585/1/67 2584/1/66 2588/1/70
f 2595/1/77 2583/1/65 2585/1/67 2596/1/78
f 2586/1/68 2598/1/80 2600/1/82 2587/1/69
f 2599/1/81 2597/1/79 2596/1/78 2600/1/82
f 2589/1/71 2595/1/77 2597/1/79 2590/1/72
f 2598/1/80 2592/1/74 2594/1/76 2599/1/81
f 2593/1/75 2591/1/73 2590/1/72 2594/1/76
f 2577/1/59 2589/1/71 2591/1/73 2578/1/60
f 2592/1/74 2581/1/63 2580/1/62 2593/1/75
f 2583/1/25 2595/1/25 2589/1/25 2577/1/25
f 2579/1/83 2582/1/83 2588/1/83 2584/1/83
f 2591/1/84 2593/1/84 2580/1/84 2578/1/84
f 2598/1/28 2586/1/28 2581/1/28 2592/1/28
f 2585/1/85 2587/1/85 2600/1/85 2596/1/85
f 2597/1/86 2599/1/86 2594/1/86 2590/1/86
f 2601/1/59 2602/1/60 2603/1/61
f 2604/1/62 2605/1/63 2606/1/64
f 2607/1/65 2608/1/66 2609/1/67
f 2610/1/68 2611/1/69 2612/1/70
f 2613/1/71 2614/1/72 2615/1/73
f 2616/1/74 2617/1/75 2618/1/76
f 2619/1/77 2620/1/78 2621/1/79
f 2622/1/80 2623/1/81 2624/1/82
f 2607/1/65 2601/1/59 2603/1/61 2608/1/66
f 2602/1/60 2604/1/62 2606/1/64 2603/1/61
f 2605/1/63 2610/1/68 2612/1/70 2606/1/64
f 2611/1/69 2609/1/67 2608/1/66 2612/1/70
f 2619/1/77 2607/1/65 2609/1/67 2620/1/78
f 2610/1/68 2622/1/80 2624/1/82 2611/1/69
f 2623/1/81 2621/1/79 2620/1/78 2624/1/82
f 2613/1/71 2619/1/77 2621/1/79 2614/1/72
f 2622/1/80 2616/1/74 2618/1/76 2623/1/81
f 2617/1/75 2615/1/73 2614/1/72 2618/1/76
f 2601/1/59 2613/1/71 2615/1/73 2602/1/60
f 2616/1/74 2605/1/63 2604/1/62 2617/1/75
f 2607/1/25 2619/1/25 2613/1/25 2601/1/25
f 2603/1/83 2606/1/83 2612/1/83 2608/1/83
f 2615/1/84 2617/1/84 2604/1/84 2602/1/84
f 2622/1/28 2610/1/28 2605/1/28 2616/1/28
f 2609/1/85 2611/1/85 2624/1/85 2620/1/85
f 2621/1/86 2623/1/86 2618/1/86 2614/1/86
usemtl kraft
f 241/1/31 242/1/32 243/1/33
f 244/1/34 245/1/35 246/1/36
f 247/1/37 248/1/38 249/1/39
f 250/1/40 251/1/41 252/1/42
f 253/1/43 254/1/44 255/1/45
f 256/1/46 257/1/47 258/1/48
f 259/1/49 260/1/50 261/1/51
f 262/1/52 263/1/53 264/1/54
f 247/1/37 241/1/31 243/1/33 248/1/38
f 242/1/32 244/1/34 246/1/36 243/1/33
f 245/1/35 250/1/40 252/1/42 246/1/36
f 251/1/41 249/1/39 248/1/38 252/1/42
f 259/1/49 247/1/37 249/1/39 260/1/50
f 250/1/40 262/1/52 264/1/54 251/1/41
f 263/1/53 261/1/51 260/1/50 264/1/54
f 253/1/43 259/1/49 261/1/51 254/1/44
f 262/1/52 256/1/46 258/1/48 263/1/53
f 257/1/47 255/1/45 254/1/44 258/1/48
f 241/1/31 253/1/43 255/1/45 242/1/32
f 256/1/46 245/1/35 244/1/34 257/1/47
f 247/1/25 259/1/25 253/1/25 241/1/25
f 243/1/55 246/1/55 252/1/55 248/1/55
f 255/1/56 257/1/56 244/1/56 242/1/56
f 262/1/28 250/1/28 245/1/28 256/1/28
f 249/1/57 251/1/57 264/1/57 260/1/57
f 261/1/58 263/1/58 258/1/58 254/1/58
f 289/1/1 290/1/2 291/1/3
f 292/1/4 293/1/5 294/1/6
f 295/1/7 296/1/8 297/1/9
f 298/1/10 299/1/11 300/1/12
f 301/1/13 302/1/14 303/1/15
f 304/1/16 305/1/17 306/1/18
f 307/1/19 308/1/20 309/1/21
f 310/1/22 311/1/23 312/1/24
f 295/1/7 289/1/1 291/1/3 296/1/8
f 290/1/2 292/1/4 294/1/6 291/1/3
f 293/1/5 298/1/10 300/1/12 294/1/6
f 299/1/11 297/1/9 296/1/8 300/1/12
f 307/1/19 295/1/7 297/1/9 308/1/20
f 298/1/10 310/1/22 312/1/24 299/1/11
f 311/1/23 309/1/21 308/1/20 312/1/24
f 301/1/13 307/1/19 309/1/21 302/1/14
f 310/1/22 304/1/16 306/1/18 311/1/23
f 305/1/17 303/1/15 302/1/14 306/1/18
f 289/1/1 301/1/13 303/1/15 290/1/2
f 304/1/16 293/1/5 292/1/4 305/1/17
f 295/1/25 307/1/25 301/1/25 289/1/25
f 291/1/26 294/1/26 300/1/26 296/1/26
f 303/1/27 305/1/27 292/1/27 290/1/27
f 310/1/28 298/1/28 293/1/28 304/1/28
f 297/1/29 299/1/29 312/1/29 308/1/29
f 309/1/30 311/1/30 306/1/30 302/1/30
f 329/1/1 330/1/2 331/1/3
f 332/1/4 333/1/5 334/1/6
f 335/1/7 336/1/8 337/1/9
f 338/1/10 339/1/11 340/1/12
f 341/1/13 342/1/14 343/1/15
f 344/1/16 345/1/17 346/1/18
f 347/1/19 348/1/20 349/1/21
f 350/1/22 351/1/23 352/1/24
f 335/1/7 329/1/1 331/1/3 336/1/8
f 330/1/2 332/1/4 334/1/6 331/1/3
f 333/1/5 338/1/10 340/1/12 334/1/6
f 339/1/11 337/1/9 336/1/8 340/1/12
f 347/1/19 335/1/7 337/1/9 348/1/20
f 338/1/10 350/1/22 352/1/24 339/1/11
f 351/1/23 349/1/21 348/1/20 352/1/24
f 341/1/13 347/1/19 349/1/21 342/1/14
f 350/1/22 344/1/16 346/1/18 351/1/23
f 345/1/17 343/1/15 342/1/14 346/1/18
f 329/1/1 341/1/13 343/1/15 330/1/2
f 344/1/16 333/1/5 332/1/4 345/1/17
f 335/1/25 347/1/25 341/1/25 329/1/25
f 331/1/26 334/1/26 340/1/26 336/1/26
f 343/1/27 345/1/27 332/1/27 330/1/27
f 350/1/28 338/1/28 333/1/28 344/1/28
f 337/1/29 339/1/29 352/1/29 348/1/29
f 349/1/30 351/1/30 346/1/30 342/1/30
f 377/1/59 378/1/60 379/1/61
f 380/1/62 381/1/63 382/1/64
f 383/1/65 384/1/66 385/1/67
f 386/1/68 387/1/69 388/1/70
f 389/1/71 390/1/72 391/1/73
f 392/1/74 393/1/75 394/1/76
f 395/1/77 396/1/78 397/1/79
f 398/1/80 399/1/81 400/1/82
f 383/1/65 377/1/59 379/1/61 384/1/66
f 378/1/60 380/1/62 382/1/64 379/1/61
f 381/1/63 386/1/68 388/1/70 382/1/64
f 387/1/69 385/1/67 384/1/66 388/1/70
f 395/1/77 383/1/65 385/1/67 396/1/78
f 386/1/68 398/1/80 400/1/82 387/1/69
f 399/1/81 397/1/79 396/1/78 400/1/82
f 389/1/71 395/1/77 397/1/79 390/1/72
f 398/1/80 392/1/74 394/1/76 399/1/81
f 393/1/75 391/1/73 390/1/72 394/1/76
f 377/1/59 389/1/71 391/1/73 378/1/60
f 392/1/74 381/1/63 380/1/62 393/1/75
f 383/1/25 395/1/25 389/1/25 377/1/25
f 379/1/83 382/1/83 388/1/83 384/1/83
f 391/1/84 393/1/84 380/1/84 378/1/84
f 398/1/28 386/1/28 381/1/28 392/1/28
f 385/1/85 387/1/85 400/1/85 396/1/85
f 397/1/86 399/1/86 394/1/86 390/1/86
f 417/1/1 418/1/2 419/1/3
f 420/1/4 421/1/5 422/1/6
f 423/1/7 424/1/8 425/1/9
f 426/1/10 427/1/11 428/1/12
f 429/1/13 430/1/14 431/1/15
f 432/1/16 433/1/17 434/1/18
f 435/1/19 436/1/20 437/1/21
f 438/1/22 439/1/23 440/1/24
f 423/1/7 417/1/1 419/1/3 424/1/8
f 418/1/2 420/1/4 422/1/6 419/1/3
f 421/1/5 426/1/10 428/1/12 422/1/6
f 427/1/11 425/1/9 424/1/8 428/1/12
f 435/1/19 423/1/7 425/1/9 436/1/20
f 426/1/10 438/1/22 440/1/24 427/1/11
f 439/1/23 437/1/21 436/1/20 440/1/24
f 429/1/13 435/1/19 437/1/21 430/1/14
f 438/1/22 432/1/16 434/1/18 439/1/23
f 433/1/17 431/1/15 430/1/14 434/1/18
f 417/1/1 429/1/13 431/1/15 418/1/2
f 432/1/16 421/1/5 420/1/4 433/1/17
f 423/1/25 435/1/25 429/1/25 417/1/25
f 419/1/26 422/1/26 428/1/26 424/1/26
f 431/1/27 433/1/27 420/1/27 418/1/27
f 438/1/28 426/1/28 421/1/28 432/1/28
f 425/1/29 427/1/29 440/1/29 436/1/29
f 437/1/30 439/1/30 434/1/30 430/1/30
f 465/1/59 466/1/60 467/1/61
f 468/1/62 469/1/63 470/1/64
f 471/1/65 472/1/66 473/1/67
f 474/1/68 475/1/69 476/1/70
f 477/1/71 478/1/72 479/1/73
f 480/1/74 481/1/75 482/1/76
f 483/1/77 484/1/78 485/1/79
f 486/1/80 487/1/81 488/1/82
f 471/1/65 465/1/59 467/1/61 472/1/66
f 466/1/60 468/1/62 470/1/64 467/1/61
f 469/1/63 474/1/68 476/1/70 470/1/64
f 475/1/69 473/1/67 472/1/66 476/1/70
f 483/1/77 471/1/65 473/1/67 484/1/78
f 474/1/68 486/1/80 488/1/82 475/1/69
f 487/1/81 485/1/79 484/1/78 488/1/82
f 477/1/71 483/1/77 485/1/79 478/1/72
f 486/1/80 480/1/74 482/1/76 487/1/81
f 481/1/75 479/1/73 478/1/72 482/1/76
f 465/1/59 477/1/71 479/1/73 466/1/60
f 480/1/74 469/1/63 468/1/62 481/1/75
f 471/1/25 483/1/25 477/1/25 465/1/25
f 467/1/83 470/1/83 476/1/83 472/1/83
f 479/1/84 481/1/84 468/1/84 466/1/84
f 486/1/28 474/1/28 469/1/28 480/1/28
f 473/1/85 475/1/85 488/1/85 484/1/85
f 485/1/86 487/1/86 482/1/86 478/1/86
f 505/1/59 506/1/60 507/1/61
f 508/1/62 509/1/63 510/1/64
f 511/1/65 512/1/66 513/1/67
f 514/1/68 515/1/69 516/1/70
f 517/1/71 518/1/72 519/1/73
f 520/1/74 521/1/75 522/1/76
f 523/1/77 524/1/78 525/1/79
f 526/1/80 527/1/81 528/1/82
f 511/1/65 505/1/59 507/1/61 512/1/66
f 506/1/60 508/1/62 510/1/64 507/1/61
f 509/1/63 514/1/68 516/1/70 510/1/64
f 515/1/69 513/1/67 512/1/66 516/1/70
f 523/1/77 511/1/65 513/1/67 524/1/78
f 514/1/68 526/1/80 528/1/82 515/1/69
f 527/1/81 525/1/79 524/1/78 528/1/82
f 517/1/71 523/1/77 525/1/79 518/1/72
f 526/1/80 520/1/74 522/1/76 527/1/81
f 521/1/75 519/1/73 518/1/72 522/1/76
f 505/1/59 517/1/71 519/1/73 506/1/60
f 520/1/74 509/1/63 508/1/62 521/1/75
f 511/1/25 523/1/25 517/1/25 505/1/25
f 507/1/83 510/1/83 516/1/83 512/1/83
f 519/1/84 521/1/84 508/1/84 506/1/84
f 526/1/28 514/1/28 509/1/28 520/1/28
f 513/1/85 515/1/85 528/1/85 524/1/85
f 525/1/86 527/1/86 522/1/86 518/1/86
f 553/1/31 554/1/32 555/1/33
f 556/1/34 557/1/35 558/1/36
f 559/1/37 560/1/38 561/1/39
f 562/1/40 563/1/41 564/1/42
f 565/1/43 566/1/44 567/1/45
f 568/1/46 569/1/47 570/1/48
f 571/1/49 572/1/50 573/1/51
f 574/1/52 575/1/53 576/1/54
f 559/1/37 553/1/31 555/1/33 560/1/38
f 554/1/32 556/1/34 558/1/36 555/1/33
f 557/1/35 562/1/40 564/1/42 558/1/36
f 563/1/41 561/1/39 560/1/38 564/1/42
f 571/1/49 559/1/37 561/1/39 572/1/50
f 562/1/40 574/1/52 576/1/54 563/1/41
f 575/1/53 573/1/51 572/1/50 576/1/54
f 565/1/43 571/1/49 573/1/51 566/1/44
f 574/1/52 568/1/46 570/1/48 575/1/53
f 569/1/47 567/1/45 566/1/44 570/1/48
f 553/1/31 565/1/43 567/1/45 554/1/32
f 568/1/46 557/1/35 556/1/34 569/1/47
f 559/1/25 571/1/25 565/1/25 553/1/25
f 555/1/55 558/1/55 564/1/55 560/1/55
f 567/1/56 569/1/56 556/1/56 554/1/56
f 574/1/28 562/1/28 557/1/28 568/1/28
f 561/1/57 563/1/57 576/1/57 572/1/57
f 573/1/58 575/1/58 570/1/58 566/1/58
f 593/1/59 594/1/60 595/1/61
f 596/1/62 597/1/63 598/1/64
f 599/1/65 600/1/66 601/1/67
f 602/1/68 603/1/69 604/1/70
f 605/1/71 606/1/72 607/1/73
f 608/1/74 609/1/75 610/1/76
f 611/1/77 612/1/78 613/1/79
f 614/1/80 615/1/81 616/1/82
f 599/1/65 593/1/59 595/1/61 600/1/66
f 594/1/60 596/1/62 598/1/64 595/1/61
f 597/1/63 602/1/68 604/1/70 598/1/64
f 603/1/69 601/1/67 600/1/66 604/1/70
f 611/1/77 599/1/65 601/1/67 612/1/78
f 602/1/68 614/1/80 616/1/82 603/1/69
f 615/1/81 613/1/79 612/1/78 616/1/82
f 605/1/71 611/1/77 613/1/79 606/1/72
f 614/1/80 608/1/74 610/1/76 615/1/81
f 609/1/75 607/1/73 606/1/72 610/1/76
f 593/1/59 605/1/71 607/1/73 594/1/60
f 608/1/74 597/1/63 596/1/62 609/1/75
f 599/1/25 611/1/25 605/1/25 593/1/25
f 595/1/83 598/1/83 604/1/83 600/1/83
f 607/1/84 609/1/84 596/1/84 594/1/84
f 614/1/28 602/1/28 597/1/28 608/1/28
f 601/1/85 603/1/85 616/1/85 612/1/85
f 613/1/86 615/1/86 610/1/86 606/1/86
f 641/1/31 642/1/32 643/1/33
f 644/1/34 645/1/35 646/1/36
f 647/1/37 648/1/38 649/1/39
f 650/1/40 651/1/41 652/1/42
f 653/1/43 654/1/44 655/1/45
f 656/1/46 657/1/47 658/1/48
f 659/1/49 660/1/50 661/1/51
f 662/1/52 663/1/53 664/1/54
f 647/1/37 641/1/31 643/1/33 648/1/38
f 642/1/32 644/1/34 646/1/36 643/1/33
f 645/1/35 650/1/40 652/1/42 646/1/36
f 651/1/41 649/1/39 648/1/38 652/1/42
f 659/1/49 647/1/37 649/1/39 660/1/50
f 650/1/40 662/1/52 664/1/54 651/1/41
f 663/1/53 661/1/51 660/1/50 664/1/54
f 653/1/43 659/1/49 661/1/51 654/1/44
f 662/1/52 656/1/46 658/1/48 663/1/53
f 657/1/47 655/1/45 654/1/44 658/1/48
f 641/1/31 653/1/43 655/1/45 642/1/32
f 656/1/46 645/1/35 644/1/34 657/1/47
f 647/1/25 659/1/25 653/1/25 641/1/25
f 643/1/55 646/1/55 652/1/55 648/1/55
f 655/1/56 657/1/56 644/1/56 642/1/56
f 662/1/28 650/1/28 645/1/28 656/1/28
f 649/1/57 651/1/57 664/1/57 660/1/57
f 661/1/58 663/1/58 658/1/58 654/1/58
f 681/1/31 682/1/32 683/1/33
f 684/1/34 685/1/35 686/1/36
f 687/1/37 688/1/38 689/1/39
f 690/1/40 691/1/41 692/1/42
f 693/1/43 694/1/44 695/1/45
f 696/1/46 697/1/47 698/1/48
f 699/1/49 700/1/50 701/1/51
f 702/1/52 703/1/53 704/1/54
f 687/1/37 681/1/31 683/1/33 688/1/38
f 682/1/32 684/1/34 686/1/36 683/1/33
f 685/1/35 690/1/40 692/1/42 686/1/36
f 691/1/41 689/1/39 688/1/38 692/1/42
f 699/1/49 687/1/37 689/1/39 700/1/50
f 690/1/40 702/1/52 704/1/54 691/1/41
f 703/1/53 701/1/51 700/1/50 704/1/54
f 693/1/43 699/1/49 701/1/51 694/1/44
f 702/1/52 696/1/46 698/1/48 703/1/53
f 697/1/47 695/1/45 694/1/44 698/1/48
f 681/1/31 693/1/43 695/1/45 682/1/32
f 696/1/46 685/1/35 684/1/34 697/1/47
f 687/1/25 699/1/25 693/1/25 681/1/25
f 683/1/55 686/1/55 692/1/55 688/1/55
f 695/1/56 697/1/56 684/1/56 682/1/56
f 702/1/28 690/1/28 685/1/28 696/1/28
f 689/1/57 691/1/57 704/1/57 700/1/57
f 701/1/58 703/1/58 698/1/58 694/1/58
f 729/1/1 730/1/2 731/1/3
f 732/1/4 733/1/5 734/1/6
f 735/1/7 736/1/8 737/1/9
f 738/1/10 739/1/11 740/1/12
f 741/1/13 742/1/14 743/1/15
f 744/1/16 745/1/17 746/1/18
f 747/1/19 748/1/20 749/1/21
f 750/1/22 751/1/23 752/1/24
f 735/1/7 729/1/1 731/1/3 736/1/8
f 730/1/2 732/1/4 734/1/6 731/1/3
f 733/1/5 738/1/10 740/1/12 734/1/6
f 739/1/11 737/1/9 736/1/8 740/1/12
f 747/1/19 735/1/7 737/1/9 748/1/20
f 738/1/10 750/1/22 752/1/24 739/1/11
f 751/1/23 749/1/21 748/1/20 752/1/24
f 741/1/13 747/1/19 749/1/21 742/1/14
f 750/1/22 744/1/16 746/1/18 751/1/23
f 745/1/17 743/1/15 742/1/14 746/1/18
f 729/1/1 741/1/13 743/1/15 730/1/2
f 744/1/16 733/1/5 732/1/4 745/1/17
f 735/1/25 747/1/25 741/1/25 729/1/25
f 731/1/26 734/1/26 740/1/26 736/1/26
f 743/1/27 745/1/27 732/1/27 730/1/27
f 750/1/28 738/1/28 733/1/28 744/1/28
f 737/1/29 739/1/29 752/1/29 748/1/29
f 749/1/30 751/1/30 746/1/30 742/1/30
f 769/1/31 770/1/32 771/1/33
f 772/1/34 773/1/35 774/1/36
f 775/1/37 776/1/38 777/1/39
f 778/1/40 779/1/41 780/1/42
f 781/1/43 782/1/44 783/1/45
f 784/1/46 785/1/47 786/1/48
f 787/1/49 788/1/50 789/1/51
f 790/1/52 791/1/53 792/1/54
f 775/1/37 769/1/31 771/1/33 776/1/38
f 770/1/32 772/1/34 774/1/36 771/1/33
f 773/1/35 778/1/40 780/1/42 774/1/36
f 779/1/41 777/1/39 776/1/38 780/1/42
f 787/1/49 775/1/37 777/1/39 788/1/50
f 778/1/40 790/1/52 792/1/54 779/1/41
f 791/1/53 789/1/51 788/1/50 792/1/54
f 781/1/43 787/1/49 789/1/51 782/1/44
f 790/1/52 784/1/46 786/1/48 791/1/53
f 785/1/47 783/1/45 782/1/44 786/1/48
f 769/1/31 781/1/43 783/1/45 770/1/32
f 784/1/46 773/1/35 772/1/34 785/1/47
f 775/1/25 787/1/25 781/1/25 769/1/25
f 771/1/55 774/1/55 780/1/55 776/1/55
f 783/1/56 785/1/56 772/1/56 770/1/56
f 790/1/28 778/1/28 773/1/28 784/1/28
f 777/1/57 779/1/57 792/1/57 788/1/57
f 789/1/58 791/1/58 786/1/58 782/1/58
f 817/1/1 818/1/2 819/1/3
f 820/1/4 821/1/5 822/1/6
f 823/1/7 824/1/8 825/1/9
f 826/1/10 827/1/11 828/1/12
f 829/1/13 830/1/14 831/1/15
f 832/1/16 833/1/17 834/1/18
f 835/1/19 836/1/20 837/1/21
f 838/1/22 839/1/23 840/1/24
f 823/1/7 817/1/1 819/1/3 824/1/8
f 818/1/2 820/1/4 822/1/6 819/1/3
f 821/1/5 826/1/10 828/1/12 822/1/6
f 827/1/11 825/1/9 824/1/8 828/1/12
f 835/1/19 823/1/7 825/1/9 836/1/20
f 826/1/10 838/1/22 840/1/24 827/1/11
f 839/1/23 837/1/21 836/1/20 840/1/24
f 829/1/13 835/1/19 837/1/21 830/1/14
f 838/1/22 832/1/16 834/1/18 839/1/23
f 833/1/17 831/1/15 830/1/14 834/1/18
f 817/1/1 829/1/13 831/1/15 818/1/2
f 832/1/16 821/1/5 820/1/4 833/1/17
f 823/1/25 835/1/25 829/1/25 817/1/25
f 819/1/26 822/1/26 828/1/26 824/1/26
f 831/1/27 833/1/27 820/1/27 818/1/27
f 838/1/28 826/1/28 821/1/28 832/1/28
f 825/1/29 827/1/29 840/1/29 836/1/29
f 837/1/30 839/1/30 834/1/30 830/1/30
f 857/1/1 858/1/2 859/1/3
f 860/1/4 861/1/5 862/1/6
f 863/1/7 864/1/8 865/1/9
f 866/1/10 867/1/11 868/1/12
f 869/1/13 870/1/14 871/1/15
f 872/1/16 873/1/17 874/1/18
f 875/1/19 876/1/20 877/1/21
f 878/1/22 879/1/23 880/1/24
f 863/1/7 857/1/1 859/1/3 864/1/8
f 858/1/2 860/1/4 862/1/6 859/1/3
f 861/1/5 866/1/10 868/1/12 862/1/6
f 867/1/11 865/1/9 864/1/8 868/1/12
f 875/1/19 863/1/7 865/1/9 876/1/20
f 866/1/10 878/1/22 880/1/24 867/1/11
f 879/1/23 877/1/21 876/1/20 880/1/24
f 869/1/13 875/1/19 877/1/21 870/1/14
f 878/1/22 872/1/16 874/1/18 879/1/23
f 873/1/17 871/1/15 870/1/14 874/1/18
f 857/1/1 869/1/13 871/1/15 858/1/2
f 872/1/16 861/1/5 860/1/4 873/1/17
f 863/1/25 875/1/25 869/1/25 857/1/25
f 859/1/26 862/1/26 868/1/26 864/1/26
f 871/1/27 873/1/27 860/1/27 858/1/27
f 878/1/28 866/1/28 861/1/28 872/1/28
f 865/1/29 867/1/29 880/1/29 876/1/29
f 877/1/30 879/1/30 874/1/30 870/1/30
f 905/1/59 906/1/60 907/1/61
f 908/1/62 909/1/63 910/1/64
f 911/1/65 912/1/66 913/1/67
f 914/1/68 915/1/69 916/1/70
f 917/1/71 918/1/72 919/1/73
f 920/1/74 921/1/75 922/1/76
f 923/1/77 924/1/78 925/1/79
f 926/1/80 927/1/81 928/1/82
f 911/1/65 905/1/59 907/1/61 912/1/66
f 906/1/60 908/1/62 910/1/64 907/1/61
f 909/1/63 914/1/68 916/1/70 910/1/64
f 915/1/69 913/1/67 912/1/66 916/1/70
f 923/1/77 911/1/65 913/1/67 924/1/78
f 914/1/68 926/1/80 928/1/82 915/1/69
f 927/1/81 925/1/79 924/1/78 928/1/82
f 917/1/71 923/1/77 925/1/79 918/1/72
f 926/1/80 920/1/74 922/1/76 927/1/81
f 921/1/75 919/1/73 918/1/72 922/1/76
f 905/1/59 917/1/71 919/1/73 906/1/60
f 920/1/74 909/1/63 908/1/62 921/1/75
f 911/1/25 923/1/25 917/1/25 905/1/25
f 907/1/83 910/1/83 916/1/83 912/1/83
f 919/1/84 921/1/84 908/1/84 906/1/84
f 926/1/28 914/1/28 909/1/28 920/1/28
f 913/1/85 915/1/85 928/1/85 924/1/85
f 925/1/86 927/1/86 922/1/86 918/1/86
f 1009/1/183 1010/1/184 1011/1/185
f 1012/1/186 1013/1/187 1014/1/188
f 1015/1/189 1016/1/190 1017/1/191
f 1018/1/192 1019/1/193 1020/1/194
f 1021/1/195 1022/1/196 1023/1/197
f 1024/1/198 1025/1/199 1026/1/200
f 1027/1/201 1028/1/202 1029/1/203
f 1030/1/204 1031/1/205 1032/1/206
f 1015/1/189 1009/1/183 1011/1/185 1016/1/190
f 1010/1/184 1012/1/186 1014/1/188 1011/1/185
f 1013/1/187 1018/1/192 1020/1/194 1014/1/188
f 1019/1/193 1017/1/191 1016/1/190 1020/1/194
f 1027/1/201 1015/1/189 1017/1/191 1028/1/202
f 1018/1/192 1030/1/204 1032/1/206 1019/1/193
f 1031/1/205 1029/1/203 1028/1/202 1032/1/206
f 1021/1/195 1027/1/201 1029/1/203 1022/1/196
f 1030/1/204 1024/1/198 1026/1/200 1031/1/205
f 1025/1/199 1023/1/197 1022/1/196 1026/1/200
f 1009/1/183 1021/1/195 1023/1/197 1010/1/184
f 1024/1/198 1013/1/187 1012/1/186 1025/1/199
f 1015/1/25 1027/1/25 1021/1/25 1009/1/25
f 1011/1/207 1014/1/207 1020/1/207 1016/1/207
f 1023/1/208 1025/1/208 1012/1/208 1010/1/208
f 1030/1/28 1018/1/28 1013/1/28 1024/1/28
f 1017/1/209 1019/1/209 1032/1/209 1028/1/209
f 1029/1/210 1031/1/210 1026/1/210 1022/1/210
f 1537/1/31 1538/1/32 1539/1/33
f 1540/1/34 1541/1/35 1542/1/36
f 1543/1/37 1544/1/38 1545/1/39
f 1546/1/40 1547/1/41 1548/1/42
f 1549/1/43 1550/1/44 1551/1/45
f 1552/1/46 1553/1/47 1554/1/48
f 1555/1/49 1556/1/50 1557/1/51
f 1558/1/52 1559/1/53 1560/1/54
f 1543/1/37 1537/1/31 1539/1/33 1544/1/38
f 1538/1/32 1540/1/34 1542/1/36 1539/1/33
f 1541/1/35 1546/1/40 1548/1/42 1542/1/36
f 1547/1/41 1545/1/39 1544/1/38 1548/1/42
f 1555/1/49 1543/1/37 1545/1/39 1556/1/50
f 1546/1/40 1558/1/52 1560/1/54 1547/1/41
f 1559/1/53 1557/1/51 1556/1/50 1560/1/54
f 1549/1/43 1555/1/49 1557/1/51 1550/1/44
f 1558/1/52 1552/1/46 1554/1/48 1559/1/53
f 1553/1/47 1551/1/45 1550/1/44 1554/1/48
f 1537/1/31 1549/1/43 1551/1/45 1538/1/32
f 1552/1/46 1541/1/35 1540/1/34 1553/1/47
f 1543/1/25 1555/1/25 1549/1/25 1537/1/25
f 1539/1/55 1542/1/55 1548/1/55 1544/1/55
f 1551/1/56 1553/1/56 1540/1/56 1538/1/56
f 1558/1/28 1546/1/28 1541/1/28 1552/1/28
f 1545/1/57 1547/1/57 1560/1/57 1556/1/57
f 1557/1/58 1559/1/58 1554/1/58 1550/1/58
f 1585/1/1 1586/1/2 1587/1/3
f 1588/1/4 1589/1/5 1590/1/6
f 1591/1/7 1592/1/8 1593/1/9
f 1594/1/10 1595/1/11 1596/1/12
f 1597/1/13 1598/1/14 1599/1/15
f 1600/1/16 1601/1/17 1602/1/18
f 1603/1/19 1604/1/20 1605/1/21
f 1606/1/22 1607/1/23 1608/1/24
f 1591/1/7 1585/1/1 1587/1/3 1592/1/8
f 1586/1/2 1588/1/4 1590/1/6 1587/1/3
f 1589/1/5 1594/1/10 1596/1/12 1590/1/6
f 1595/1/11 1593/1/9 1592/1/8 1596/1/12
f 1603/1/19 1591/1/7 1593/1/9 1604/1/20
f 1594/1/10 1606/1/22 1608/1/24 1595/1/11
f 1607/1/23 1605/1/21 1604/1/20 1608/1/24
f 1597/1/13 1603/1/19 1605/1/21 1598/1/14
f 1606/1/22 1600/1/16 1602/1/18 1607/1/23
f 1601/1/17 1599/1/15 1598/1/14 1602/1/18
f 1585/1/1 1597/1/13 1599/1/15 1586/1/2
f 1600/1/16 1589/1/5 1588/1/4 1601/1/17
f 1591/1/25 1603/1/25 1597/1/25 1585/1/25
f 1587/1/26 1590/1/26 1596/1/26 1592/1/26
f 1599/1/27 1601/1/27 1588/1/27 1586/1/27
f 1606/1/28 1594/1/28 1589/1/28 1600/1/28
f 1593/1/29 1595/1/29 1608/1/29 1604/1/29
f 1605/1/30 1607/1/30 1602/1/30 1598/1/30
f 1625/1/1 1626/1/2 1627/1/3
f 1628/1/4 1629/1/5 1630/1/6
f 1631/1/7 1632/1/8 1633/1/9
f 1634/1/10 1635/1/11 1636/1/12
f 1637/1/13 1638/1/14 1639/1/15
f 1640/1/16 1641/1/17 1642/1/18
f 1643/1/19 1644/1/20 1645/1/21
f 1646/1/22 1647/1/23 1648/1/24
f 1631/1/7 1625/1/1 1627/1/3 1632/1/8
f 1626/1/2 1628/1/4 1630/1/6 1627/1/3
f 1629/1/5 1634/1/10 1636/1/12 1630/1/6
f 1635/1/11 1633/1/9 1632/1/8 1636/1/12
f 1643/1/19 1631/1/7 1633/1/9 1644/1/20
f 1634/1/10 1646/1/22 1648/1/24 1635/1/11
f 1647/1/23 1645/1/21 1644/1/20 1648/1/24
f 1637/1/13 1643/1/19 1645/1/21 1638/1/14
f 1646/1/22 1640/1/16 1642/1/18 1647/1/23
f 1641/1/17 1639/1/15 1638/1/14 1642/1/18
f 1625/1/1 1637/1/13 1639/1/15 1626/1/2
f 1640/1/16 1629/1/5 1628/1/4 1641/1/17
f 1631/1/25 1643/1/25 1637/1/25 1625/1/25
f 1627/1/26 1630/1/26 1636/1/26 1632/1/26
f 1639/1/27 1641/1/27 1628/1/27 1626/1/27
f 1646/1/28 1634/1/28 1629/1/28 1640/1/28
f 1633/1/29 1635/1/29 1648/1/29 1644/1/29
f 1645/1/30 1647/1/30 1642/1/30 1638/1/30
f 1673/1/59 1674/1/60 1675/1/61
f 1676/1/62 1677/1/63 1678/1/64
f 1679/1/65 1680/1/66 1681/1/67
f 1682/1/68 1683/1/69 1684/1/70
f 1685/1/71 1686/1/72 1687/1/73
f 1688/1/74 1689/1/75 1690/1/76
f 1691/1/77 1692/1/78 1693/1/79
f 1694/1/80 1695/1/81 1696/1/82
f 1679/1/65 1673/1/59 1675/1/61 1680/1/66
f 1674/1/60 1676/1/62 1678/1/64 1675/1/61
f 1677/1/63 1682/1/68 1684/1/70 1678/1/64
f 1683/1/69 1681/1/67 1680/1/66 1684/1/70
f 1691/1/77 1679/1/65 1681/1/67 1692/1/78
f 1682/1/68 1694/1/80 1696/1/82 1683/1/69
f 1695/1/81 1693/1/79 1692/1/78 1696/1/82
f 1685/1/71 1691/1/77 1693/1/79 1686/1/72
f 1694/1/80 1688/1/74 1690/1/76 1695/1/81
f 1689/1/75 1687/1/73 1686/1/72 1690/1/76
f 1673/1/59 1685/1/71 1687/1/73 1674/1/60
f 1688/1/74 1677/1/63 1676/1/62 1689/1/75
f 1679/1/25 1691/1/25 1685/1/25 1673/1/25
f 1675/1/83 1678/1/83 1684/1/83 1680/1/83
f 1687/1/84 1689/1/84 1676/1/84 1674/1/84
f 1694/1/28 1682/1/28 1677/1/28 1688/1/28
f 1681/1/85 1683/1/85 1696/1/85 1692/1/85
f 1693/1/86 1695/1/86 1690/1/86 1686/1/86
f 1713/1/1 1714/1/2 1715/1/3
f 1716/1/4 1717/1/5 1718/1/6
f 1719/1/7 1720/1/8 1721/1/9
f 1722/1/10 1723/1/11 1724/1/12
f 1725/1/13 1726/1/14 1727/1/15
f 1728/1/16 1729/1/17 1730/1/18
f 1731/1/19 1732/1/20 1733/1/21
f 1734/1/22 1735/1/23 1736/1/24
f 1719/1/7 1713/1/1 1715/1/3 1720/1/8
f 1714/1/2 1716/1/4 1718/1/6 1715/1/3
f 1717/1/5 1722/1/10 1724/1/12 1718/1/6
f 1723/1/11 1721/1/9 1720/1/8 1724/1/12
f 1731/1/19 1719/1/7 1721/1/9 1732/1/20
f 1722/1/10 1734/1/22 1736/1/24 1723/1/11
f 1735/1/23 1733/1/21 1732/1/20 1736/1/24
f 1725/1/13 1731/1/19 1733/1/21 1726/1/14
f 1734/1/22 1728/1/16 1730/1/18 1735/1/23
f 1729/1/17 1727/1/15 1726/1/14 1730/1/18
f 1713/1/1 1725/1/13 1727/1/15 1714/1/2
f 1728/1/16 1717/1/5 1716/1/4 1729/1/17
f 1719/1/25 1731/1/25 1725/1/25 1713/1/25
f 1715/1/26 1718/1/26 1724/1/26 1720/1/26
f 1727/1/27 1729/1/27 1716/1/27 1714/1/27
f 1734/1/28 1722/1/28 1717/1/28 1728/1/28
f 1721/1/29 1723/1/29 1736/1/29 1732/1/29
f 1733/1/30 1735/1/30 1730/1/30 1726/1/30
f 1761/1/59 1762/1/60 1763/1/61
f 1764/1/62 1765/1/63 1766/1/64
f 1767/1/65 1768/1/66 1769/1/67
f 1770/1/68 1771/1/69 1772/1/70
f 1773/1/71 1774/1/72 1775/1/73
f 1776/1/74 1777/1/75 1778/1/76
f 1779/1/77 1780/1/78 1781/1/79
f 1782/1/80 1783/1/81 1784/1/82
f 1767/1/65 1761/1/59 1763/1/61 1768/1/66
f 1762/1/60 1764/1/62 1766/1/64 1763/1/61
f 1765/1/63 1770/1/68 1772/1/70 1766/1/64
f 1771/1/69 1769/1/67 1768/1/66 1772/1/70
f 1779/1/77 1767/1/65 1769/1/67 1780/1/78
f 1770/1/68 1782/1/80 1784/1/82 1771/1/69
f 1783/1/81 1781/1/79 1780/1/78 1784/1/82
f 1773/1/71 1779/1/77 1781/1/79 1774/1/72
f 1782/1/80 1776/1/74 1778/1/76 1783/1/81
f 1777/1/75 1775/1/73 1774/1/72 1778/1/76
f 1761/1/59 1773/1/71 1775/1/73 1762/1/60
f 1776/1/74 1765/1/63 1764/1/62 1777/1/75
f 1767/1/25 1779/1/25 1773/1/25 1761/1/25
f 1763/1/83 1766/1/83 1772/1/83 1768/1/83
f 1775/1/84 1777/1/84 1764/1/84 1762/1/84
f 1782/1/28 1770/1/28 1765/1/28 1776/1/28
f 1769/1/85 1771/1/85 1784/1/85 1780/1/85
f 1781/1/86 1783/1/86 1778/1/86 1774/1/86
f 1801/1/59 1802/1/60 1803/1/61
f 1804/1/62 1805/1/63 1806/1/64
f 1807/1/65 1808/1/66 1809/1/67
f 1810/1/68 1811/1/69 1812/1/70
f 1813/1/71 1814/1/72 1815/1/73
f 1816/1/74 1817/1/75 1818/1/76
f 1819/1/77 1820/1/78 1821/1/79
f 1822/1/80 1823/1/81 1824/1/82
f 1807/1/65 1801/1/59 1803/1/61 1808/1/66
f 1802/1/60 1804/1/62 1806/1/64 1803/1/61
f 1805/1/63 1810/1/68 1812/1/70 1806/1/64
f 1811/1/69 1809/1/67 1808/1/66 1812/1/70
f 1819/1/77 1807/1/65 1809/1/67 1820/1/78
f 1810/1/68 1822/1/80 1824/1/82 1811/1/69
f 1823/1/81 1821/1/79 1820/1/78 1824/1/82
f 1813/1/71 1819/1/77 1821/1/79 1814/1/72
f 1822/1/80 1816/1/74 1818/1/76 1823/1/81
f 1817/1/75 1815/1/73 1814/1/72 1818/1/76
f 1801/1/59 1813/1/71 1815/1/73 1802/1/60
f 1816/1/74 1805/1/63 1804/1/62 1817/1/75
f 1807/1/25 1819/1/25 1813/1/25 1801/1/25
f 1803/1/83 1806/1/83 1812/1/83 1808/1/83
f 1815/1/84 1817/1/84 1804/1/84 1802/1/84
f 1822/1/28 1810/1/28 1805/1/28 1816/1/28
f 1809/1/85 1811/1/85 1824/1/85 1820/1/85
f 1821/1/86 1823/1/86 1818/1/86 1814/1/86
f 1849/1/31 1850/1/32 1851/1/33
f 1852/1/34 1853/1/35 1854/1/36
f 1855/1/37 1856/1/38 1857/1/39
f 1858/1/40 1859/1/41 1860/1/42
f 1861/1/43 1862/1/44 1863/1/45
f 1864/1/46 1865/1/47 1866/1/48
f 1867/1/49 1868/1/50 1869/1/51
f 1870/1/52 1871/1/53 1872/1/54
f 1855/1/37 1849/1/31 1851/1/33 1856/1/38
f 1850/1/32 1852/1/34 1854/1/36 1851/1/33
f 1853/1/35 1858/1/40 1860/1/42 1854/1/36
f 1859/1/41 1857/1/39 1856/1/38 1860/1/42
f 1867/1/49 1855/1/37 1857/1/39 1868/1/50
f 1858/1/40 1870/1/52 1872/1/54 1859/1/41
f 1871/1/53 1869/1/51 1868/1/50 1872/1/54
f 1861/1/43 1867/1/49 1869/1/51 1862/1/44
f 1870/1/52 1864/1/46 1866/1/48 1871/1/53
f 1865/1/47 1863/1/45 1862/1/44 1866/1/48
f 1849/1/31 1861/1/43 1863/1/45 1850/1/32
f 1864/1/46 1853/1/35 1852/1/34 1865/1/47
f 1855/1/25 1867/1/25 1861/1/25 1849/1/25
f 1851/1/55 1854/1/55 1860/1/55 1856/1/55
f 1863/1/56 1865/1/56 1852/1/56 1850/1/56
f 1870/1/28 1858/1/28 1853/1/28 1864/1/28
f 1857/1/57 1859/1/57 1872/1/57 1868/1/57
f 1869/1/58 1871/1/58 1866/1/58 1862/1/58
usemtl mustard
f 265/1/55 266/1/55 268/1/55 267/1/55
f 267/1/57 268/1/57 272/1/57 271/1/57
f 271/1/58 272/1/58 270/1/58 269/1/58
f 269/1/56 270/1/56 266/1/56 265/1/56
f 267/1/25 271/1/25 269/1/25 265/1/25
f 272/1/28 268/1/28 266/1/28 270/1/28
f 273/1/55 274/1/55 276/1/55 275/1/55
f 275/1/57 276/1/57 280/1/57 279/1/57
f 279/1/58 280/1/58 278/1/58 277/1/58
f 277/1/56 278/1/56 274/1/56 273/1/56
f 275/1/25 279/1/25 277/1/25 273/1/25
f 280/1/28 276/1/28 274/1/28 278/1/28
f 313/1/26 314/1/26 316/1/26 315/1/26
f 315/1/29 316/1/29 320/1/29 319/1/29
f 319/1/30 320/1/30 318/1/30 317/1/30
f 317/1/27 318/1/27 314/1/27 313/1/27
f 315/1/25 319/1/25 317/1/25 313/1/25
f 320/1/28 316/1/28 314/1/28 318/1/28
f 321/1/26 322/1/26 324/1/26 323/1/26
f 323/1/29 324/1/29 328/1/29 327/1/29
f 327/1/30 328/1/30 326/1/30 325/1/30
f 325/1/27 326/1/27 322/1/27 321/1/27
f 323/1/25 327/1/25 325/1/25 321/1/25
f 328/1/28 324/1/28 322/1/28 326/1/28
f 529/1/83 530/1/83 532/1/83 531/1/83
f 531/1/85 532/1/85 536/1/85 535/1/85
f 535/1/86 536/1/86 534/1/86 533/1/86
f 533/1/84 534/1/84 530/1/84 529/1/84
f 531/1/25 535/1/25 533/1/25 529/1/25
f 536/1/28 532/1/28 530/1/28 534/1/28
f 537/1/83 538/1/83 540/1/83 539/1/83
f 539/1/85 540/1/85 544/1/85 543/1/85
f 543/1/86 544/1/86 542/1/86 541/1/86
f 541/1/84 542/1/84 538/1/84 537/1/84
f 539/1/25 543/1/25 541/1/25 537/1/25
f 544/1/28 540/1/28 538/1/28 542/1/28
f 577/1/55 578/1/55 580/1/55 579/1/55
f 579/1/57 580/1/57 584/1/57 583/1/57
f 583/1/58 584/1/58 582/1/58 581/1/58
f 581/1/56 582/1/56 578/1/56 577/1/56
f 579/1/25 583/1/25 581/1/25 577/1/25
f 584/1/28 580/1/28 578/1/28 582/1/28
f 585/1/55 586/1/55 588/1/55 587/1/55
f 587/1/57 588/1/57 592/1/57 591/1/57
f 591/1/58 592/1/58 590/1/58 589/1/58
f 589/1/56 590/1/56 586/1/56 585/1/56
f 587/1/25 591/1/25 589/1/25 585/1/25
f 592/1/28 588/1/28 586/1/28 590/1/28
f 617/1/83 618/1/83 620/1/83 619/1/83
f 619/1/85 620/1/85 624/1/85 623/1/85
f 623/1/86 624/1/86 622/1/86 621/1/86
f 621/1/84 622/1/84 618/1/84 617/1/84
f 619/1/25 623/1/25 621/1/25 617/1/25
f 624/1/28 620/1/28 618/1/28 622/1/28
f 625/1/83 626/1/83 628/1/83 627/1/83
f 627/1/85 628/1/85 632/1/85 631/1/85
f 631/1/86 632/1/86 630/1/86 629/1/86
f 629/1/84 630/1/84 626/1/84 625/1/84
f 627/1/25 631/1/25 629/1/25 625/1/25
f 632/1/28 628/1/28 626/1/28 630/1/28
f 665/1/55 666/1/55 668/1/55 667/1/55
f 667/1/57 668/1/57 672/1/57 671/1/57
f 671/1/58 672/1/58 670/1/58 669/1/58
f 669/1/56 670/1/56 666/1/56 665/1/56
f 667/1/25 671/1/25 669/1/25 665/1/25
f 672/1/28 668/1/28 666/1/28 670/1/28
f 673/1/55 674/1/55 676/1/55 675/1/55
f 675/1/57 676/1/57 680/1/57 679/1/57
f 679/1/58 680/1/58 678/1/58 677/1/58
f 677/1/56 678/1/56 674/1/56 673/1/56
f 675/1/25 679/1/25 677/1/25 673/1/25
f 680/1/28 676/1/28 674/1/28 678/1/28
f 881/1/26 882/1/26 884/1/26 883/1/26
f 883/1/29 884/1/29 888/1/29 887/1/29
f 887/1/30 888/1/30 886/1/30 885/1/30
f 885/1/27 886/1/27 882/1/27 881/1/27
f 883/1/25 887/1/25 885/1/25 881/1/25
f 888/1/28 884/1/28 882/1/28 886/1/28
f 889/1/26 890/1/26 892/1/26 891/1/26
f 891/1/29 892/1/29 896/1/29 895/1/29
f 895/1/30 896/1/30 894/1/30 893/1/30
f 893/1/27 894/1/27 890/1/27 889/1/27
f 891/1/25 895/1/25 893/1/25 889/1/25
f 896/1/28 892/1/28 890/1/28 894/1/28
f 929/1/83 930/1/83 932/1/83 931/1/83
f 931/1/85 932/1/85 936/1/85 935/1/85
f 935/1/86 936/1/86 934/1/86 933/1/86
f 933/1/84 934/1/84 930/1/84 929/1/84
f 931/1/25 935/1/25 933/1/25 929/1/25
f 936/1/28 932/1/28 930/1/28 934/1/28
f 937/1/83 938/1/83 940/1/83 939/1/83
f 939/1/85 940/1/85 944/1/85 943/1/85
f 943/1/86 944/1/86 942/1/86 941/1/86
f 941/1/84 942/1/84 938/1/84 937/1/84
f 939/1/25 943/1/25 941/1/25 937/1/25
f 944/1/28 940/1/28 938/1/28 942/1/28
f 1561/1/55 1562/1/55 1564/1/55 1563/1/55
f 1563/1/57 1564/1/57 1568/1/57 1567/1/57
f 1567/1/58 1568/1/58 1566/1/58 1565/1/58
f 1565/1/56 1566/1/56 1562/1/56 1561/1/56
f 1563/1/25 1567/1/25 1565/1/25 1561/1/25
f 1568/1/28 1564/1/28 1562/1/28 1566/1/28
f 1569/1/55 1570/1/55 1572/1/55 1571/1/55
f 1571/1/57 1572/1/57 1576/1/57 1575/1/57
f 1575/1/58 1576/1/58 1574/1/58 1573/1/58
f 1573/1/56 1574/1/56 1570/1/56 1569/1/56
f 1571/1/25 1575/1/25 1573/1/25 1569/1/25
f 1576/1/28 1572/1/28 1570/1/28 1574/1/28
f 1609/1/26 1610/1/26 1612/1/26 1611/1/26
f 1611/1/29 1612/1/29 1616/1/29 1615/1/29
f 1615/1/30 1616/1/30 1614/1/30 1613/1/30
f 1613/1/27 1614/1/27 1610/1/27 1609/1/27
f 1611/1/25 1615/1/25 1613/1/25 1609/1/25
f 1616/1/28 1612/1/28 1610/1/28 1614/1/28
f 1617/1/26 1618/1/26 1620/1/26 1619/1/26
f 1619/1/29 1620/1/29 1624/1/29 1623/1/29
f 1623/1/30 1624/1/30 1622/1/30 1621/1/30
f 1621/1/27 1622/1/27 1618/1/27 1617/1/27
f 1619/1/25 1623/1/25 1621/1/25 1617/1/25
f 1624/1/28 1620/1/28 1618/1/28 1622/1/28
f 1825/1/83 1826/1/83 1828/1/83 1827/1/83
f 1827/1/85 1828/1/85 1832/1/85 1831/1/85
f 1831/1/86 1832/1/86 1830/1/86 1829/1/86
f 1829/1/84 1830/1/84 1826/1/84 1825/1/84
f 1827/1/25 1831/1/25 1829/1/25 1825/1/25
f 1832/1/28 1828/1/28 1826/1/28 1830/1/28
f 1833/1/83 1834/1/83 1836/1/83 1835/1/83
f 1835/1/85 1836/1/85 1840/1/85 1839/1/85
f 1839/1/86 1840/1/86 1838/1/86 1837/1/86
f 1837/1/84 1838/1/84 1834/1/84 1833/1/84
f 1835/1/25 1839/1/25 1837/1/25 1833/1/25
f 1840/1/28 1836/1/28 1834/1/28 1838/1/28
f 1873/1/55 1874/1/55 1876/1/55 1875/1/55
f 1875/1/57 1876/1/57 1880/1/57 1879/1/57
f 1879/1/58 1880/1/58 1878/1/58 1877/1/58
f 1877/1/56 1878/1/56 1874/1/56 1873/1/56
f 1875/1/25 1879/1/25 1877/1/25 1873/1/25
f 1880/1/28 1876/1/28 1874/1/28 1878/1/28
f 1881/1/55 1882/1/55 1884/1/55 1883/1/55
f 1883/1/57 1884/1/57 1888/1/57 1887/1/57
f 1887/1/58 1888/1/58 1886/1/58 1885/1/58
f 1885/1/56 1886/1/56 1882/1/56 1881/1/56
f 1883/1/25 1887/1/25 1885/1/25 1881/1/25
f 1888/1/28 1884/1/28 1882/1/28 1886/1/28
f 2673/1/284 2676/1/285 2677/1/286 2679/1/287
f 2674/1/288 2678/1/289 2677/1/290 2676/1/291
f 2675/1/292 2679/1/293 2677/1/294 2678/1/295
f 2680/1/296 2683/1/297 2684/1/298 2686/1/299
f 2681/1/300 2685/1/301 2684/1/302 2683/1/303
f 2682/1/304 2686/1/305 2684/1/306 2685/1/307
f 2687/1/308 2690/1/309 2691/1/310 2693/1/311
f 2688/1/312 2692/1/313 2691/1/314 2690/1/315
f 2689/1/316 2693/1/317 2691/1/318 2692/1/319
f 2694/1/320 2697/1/321 2698/1/322 2700/1/323
f 2695/1/324 2699/1/325 2698/1/326 2697/1/327
f 2696/1/328 2700/1/329 2698/1/330 2699/1/331
f 2701/1/332 2704/1/333 2705/1/334 2707/1/335
f 2702/1/336 2706/1/337 2705/1/338 2704/1/339
f 2703/1/340 2707/1/341 2705/1/342 2706/1/343
f 2708/1/344 2711/1/345 2712/1/346 2714/1/347
f 2709/1/348 2713/1/349 2712/1/350 2711/1/351
f 2710/1/352 2714/1/353 2712/1/354 2713/1/355
f 2715/1/356 2718/1/357 2719/1/358 2721/1/359
f 2716/1/360 2720/1/361 2719/1/362 2718/1/363
f 2717/1/364 2721/1/365 2719/1/366 2720/1/367
f 2722/1/368 2725/1/369 2726/1/370 2728/1/371
f 2723/1/372 2727/1/373 2726/1/374 2725/1/375
f 2724/1/376 2728/1/377 2726/1/378 2727/1/379
f 2687/1/308 2673/1/284 2679/1/287 2690/1/309
f 2690/1/315 2679/1/293 2675/1/292 2688/1/312
f 2674/1/288 2680/1/296 2686/1/299 2678/1/289
f 2678/1/295 2686/1/305 2682/1/304 2675/1/292
f 2681/1/300 2694/1/320 2700/1/323 2685/1/301
f 2685/1/307 2700/1/329 2696/1/328 2682/1/304
f 2695/1/324 2689/1/316 2692/1/319 2699/1/325
f 2699/1/331 2692/1/313 2688/1/312 2696/1/328
f 2715/1/356 2687/1/308 2693/1/311 2718/1/357
f 2718/1/363 2693/1/317 2689/1/316 2716/1/360
f 2694/1/320 2722/1/368 2728/1/371 2697/1/321
f 2697/1/327 2728/1/377 2724/1/376 2695/1/324
f 2723/1/372 2717/1/364 2720/1/367 2727/1/373
f 2727/1/379 2720/1/361 2716/1/360 2724/1/376
f 2701/1/332 2715/1/356 2721/1/359 2704/1/333
f 2704/1/339 2721/1/365 2717/1/364 2702/1/336
f 2722/1/368 2708/1/344 2714/1/347 2725/1/369
f 2725/1/375 2714/1/353 2710/1/352 2723/1/372
f 2709/1/348 2703/1/340 2706/1/343 2713/1/349
f 2713/1/355 2706/1/337 2702/1/336 2710/1/352
f 2673/1/284 2701/1/332 2707/1/335 2676/1/285
f 2676/1/291 2707/1/341 2703/1/340 2674/1/288
f 2708/1/344 2681/1/300 2683/1/303 2711/1/345
f 2711/1/351 2683/1/297 2680/1/296 2709/1/348
f 2687/1/308 2715/1/356 2701/1/332 2673/1/284
f 2675/1/292 2682/1/304 2696/1/328 2688/1/312
f 2703/1/340 2709/1/348 2680/1/296 2674/1/288
f 2722/1/368 2694/1/320 2681/1/300 2708/1/344
f 2689/1/316 2695/1/324 2724/1/376 2716/1/360
f 2717/1/364 2723/1/372 2710/1/352 2702/1/336
f 2729/1/284 2732/1/285 2733/1/286 2735/1/287
f 2730/1/288 2734/1/289 2733/1/290 2732/1/291
f 2731/1/292 2735/1/293 2733/1/294 2734/1/295
f 2736/1/296 2739/1/297 2740/1/298 2742/1/299
f 2737/1/300 2741/1/301 2740/1/302 2739/1/303
f 2738/1/304 2742/1/305 2740/1/306 2741/1/307
f 2743/1/308 2746/1/309 2747/1/310 2749/1/311
f 2744/1/312 2748/1/313 2747/1/314 2746/1/315
f 2745/1/316 2749/1/317 2747/1/318 2748/1/319
f 2750/1/320 2753/1/321 2754/1/322 2756/1/323
f 2751/1/324 2755/1/325 2754/1/326 2753/1/327
f 2752/1/328 2756/1/329 2754/1/330 2755/1/331
f 2757/1/332 2760/1/333 2761/1/334 2763/1/335
f 2758/1/336 2762/1/337 2761/1/338 2760/1/339
f 2759/1/340 2763/1/341 2761/1/342 2762/1/343
f 2764/1/344 2767/1/345 2768/1/380 2770/1/347
f 2765/1/348 2769/1/349 2768/1/350 2767/1/351
f 2766/1/352 2770/1/353 2768/1/354 2769/1/355
f 2771/1/356 2774/1/357 2775/1/358 2777/1/359
f 2772/1/360 2776/1/361 2775/1/362 2774/1/363
f 2773/1/364 2777/1/365 2775/1/366 2776/1/367
f 2778/1/368 2781/1/369 2782/1/370 2784/1/371
f 2779/1/372 2783/1/373 2782/1/374 2781/1/375
f 2780/1/376 2784/1/377 2782/1/378 2783/1/379
f 2743/1/308 2729/1/284 2735/1/287 2746/1/309
f 2746/1/315 2735/1/293 2731/1/292 2744/1/312
f 2730/1/288 2736/1/296 2742/1/299 2734/1/289
f 2734/1/295 2742/1/305 2738/1/304 2731/1/292
f 2737/1/300 2750/1/320 2756/1/323 2741/1/301
f 2741/1/307 2756/1/329 2752/1/328 2738/1/304
f 2751/1/324 2745/1/316 2748/1/319 2755/1/325
f 2755/1/331 2748/1/313 2744/1/312 2752/1/328
f 2771/1/356 2743/1/308 2749/1/311 2774/1/357
f 2774/1/363 2749/1/317 2745/1/316 2772/1/360
f 2750/1/320 2778/1/368 2784/1/371 2753/1/321
f 2753/1/327 2784/1/377 2780/1/376 2751/1/324
f 2779/1/372 2773/1/364 2776/1/367 2783/1/373
f 2783/1/379 2776/1/361 2772/1/360 2780/1/376
f 2757/1/332 2771/1/356 2777/1/359 2760/1/333
f 2760/1/339 2777/1/365 2773/1/364 2758/1/336
f 2778/1/368 2764/1/344 2770/1/347 2781/1/369
f 2781/1/375 2770/1/353 2766/1/352 2779/1/372
f 2765/1/348 2759/1/340 2762/1/343 2769/1/349
f 2769/1/355 2762/1/337 2758/1/336 2766/1/352
f 2729/1/284 2757/1/332 2763/1/335 2732/1/285
f 2732/1/291 2763/1/341 2759/1/340 2730/1/288
f 2764/1/344 2737/1/300 2739/1/303 2767/1/345
f 2767/1/351 2739/1/297 2736/1/296 2765/1/348
f 2743/1/308 2771/1/356 2757/1/332 2729/1/284
f 2731/1/292 2738/1/304 2752/1/328 2744/1/312
f 2759/1/340 2765/1/348 2736/1/296 2730/1/288
f 2778/1/368 2750/1/320 2737/1/300 2764/1/344
f 2745/1/316 2751/1/324 2780/1/376 2772/1/360
f 2773/1/364 2779/1/372 2766/1/352 2758/1/336
usemtl cream
f 281/1/55 282/1/55 284/1/55 283/1/55
f 283/1/57 284/1/57 288/1/57 287/1/57
f 287/1/58 288/1/58 286/1/58 285/1/58
f 285/1/56 286/1/56 282/1/56 281/1/56
f 283/1/25 287/1/25 285/1/25 281/1/25
f 288/1/28 284/1/28 282/1/28 286/1/28
f 369/1/26 370/1/26 372/1/26 371/1/26
f 371/1/29 372/1/29 376/1/29 375/1/29
f 375/1/30 376/1/30 374/1/30 373/1/30
f 373/1/27 374/1/27 370/1/27 369/1/27
f 371/1/25 375/1/25 373/1/25 369/1/25
f 376/1/28 372/1/28 370/1/28 374/1/28
f 457/1/26 458/1/26 460/1/26 459/1/26
f 459/1/29 460/1/29 464/1/29 463/1/29
f 463/1/30 464/1/30 462/1/30 461/1/30
f 461/1/27 462/1/27 458/1/27 457/1/27
f 459/1/25 463/1/25 461/1/25 457/1/25
f 464/1/28 460/1/28 458/1/28 462/1/28
f 545/1/83 546/1/83 548/1/83 547/1/83
f 547/1/85 548/1/85 552/1/85 551/1/85
f 551/1/86 552/1/86 550/1/86 549/1/86
f 549/1/84 550/1/84 546/1/84 545/1/84
f 547/1/25 551/1/25 549/1/25 545/1/25
f 552/1/28 548/1/28 546/1/28 550/1/28
f 633/1/83 634/1/83 636/1/83 635/1/83
f 635/1/85 636/1/85 640/1/85 639/1/85
f 639/1/86 640/1/86 638/1/86 637/1/86
f 637/1/84 638/1/84 634/1/84 633/1/84
f 635/1/25 639/1/25 637/1/25 633/1/25
f 640/1/28 636/1/28 634/1/28 638/1/28
f 721/1/55 722/1/55 724/1/55 723/1/55
f 723/1/57 724/1/57 728/1/57 727/1/57
f 727/1/58 728/1/58 726/1/58 725/1/58
f 725/1/56 726/1/56 722/1/56 721/1/56
f 723/1/25 727/1/25 725/1/25 721/1/25
f 728/1/28 724/1/28 722/1/28 726/1/28
f 809/1/55 810/1/55 812/1/55 811/1/55
f 811/1/57 812/1/57 816/1/57 815/1/57
f 815/1/58 816/1/58 814/1/58 813/1/58
f 813/1/56 814/1/56 810/1/56 809/1/56
f 811/1/25 815/1/25 813/1/25 809/1/25
f 816/1/28 812/1/28 810/1/28 814/1/28
f 897/1/26 898/1/26 900/1/26 899/1/26
f 899/1/29 900/1/29 904/1/29 903/1/29
f 903/1/30 904/1/30 902/1/30 901/1/30
f 901/1/27 902/1/27 898/1/27 897/1/27
f 899/1/25 903/1/25 901/1/25 897/1/25
f 904/1/28 900/1/28 898/1/28 902/1/28
f 1049/1/207 1050/1/207 1052/1/207 1051/1/207
f 1051/1/209 1052/1/209 1056/1/209 1055/1/209
f 1055/1/210 1056/1/210 1054/1/210 1053/1/210
f 1053/1/208 1054/1/208 1050/1/208 1049/1/208
f 1051/1/25 1055/1/25 1053/1/25 1049/1/25
f 1056/1/28 1052/1/28 1050/1/28 1054/1/28
f 1577/1/55 1578/1/55 1580/1/55 1579/1/55
f 1579/1/57 1580/1/57 1584/1/57 1583/1/57
f 1583/1/58 1584/1/58 1582/1/58 1581/1/58
f 1581/1/56 1582/1/56 1578/1/56 1577/1/56
f 1579/1/25 1583/1/25 1581/1/25 1577/1/25
f 1584/1/28 1580/1/28 1578/1/28 1582/1/28
f 1665/1/26 1666/1/26 1668/1/26 1667/1/26
f 1667/1/29 1668/1/29 1672/1/29 1671/1/29
f 1671/1/30 1672/1/30 1670/1/30 1669/1/30
f 1669/1/27 1670/1/27 1666/1/27 1665/1/27
f 1667/1/25 1671/1/25 1669/1/25 1665/1/25
f 1672/1/28 1668/1/28 1666/1/28 1670/1/28
f 1753/1/26 1754/1/26 1756/1/26 1755/1/26
f 1755/1/29 1756/1/29 1760/1/29 1759/1/29
f 1759/1/30 1760/1/30 1758/1/30 1757/1/30
f 1757/1/27 1758/1/27 1754/1/27 1753/1/27
f 1755/1/25 1759/1/25 1757/1/25 1753/1/25
f 1760/1/28 1756/1/28 1754/1/28 1758/1/28
f 1841/1/83 1842/1/83 1844/1/83 1843/1/83
f 1843/1/85 1844/1/85 1848/1/85 1847/1/85
f 1847/1/86 1848/1/86 1846/1/86 1845/1/86
f 1845/1/84 1846/1/84 1842/1/84 1841/1/84
f 1843/1/25 1847/1/25 1845/1/25 1841/1/25
f 1848/1/28 1844/1/28 1842/1/28 1846/1/28
f 3357/1/28 3358/1/28 3360/1/634 3359/1/634
f 3359/1/634 3360/1/634 3362/1/474 3361/1/474
f 3361/1/474 3362/1/474 3364/1/408 3363/1/408
f 3363/1/408 3364/1/408 3366/1/638 3365/1/638
f 3365/1/638 3366/1/638 3368/1/640 3367/1/640
f 3367/1/640 3368/1/640 3370/1/25 3369/1/25
f 3369/1/25 3370/1/25 3372/1/643 3371/1/643
f 3371/1/643 3372/1/643 3374/1/467 3373/1/467
f 3373/1/467 3374/1/467 3376/1/405 3375/1/405
f 3375/1/405 3376/1/405 3378/1/647 3377/1/647
f 3360/1/406 3358/1/406 3380/1/406 3378/1/406 3376/1/406 3374/1/406 3372/1/406 3370/1/406 3368/1/406 3366/1/406 3364/1/406 3362/1/406
f 3377/1/647 3378/1/647 3380/1/649 3379/1/649
f 3379/1/649 3380/1/649 3358/1/28 3357/1/28
f 3357/1/407 3359/1/407 3361/1/407 3363/1/407 3365/1/407 3367/1/407 3369/1/407 3371/1/407 3373/1/407 3375/1/407 3377/1/407 3379/1/407
f 3621/1/28 3622/1/28 3624/1/634 3623/1/634
f 3623/1/634 3624/1/634 3626/1/474 3625/1/474
f 3625/1/474 3626/1/474 3628/1/408 3627/1/408
f 3627/1/408 3628/1/408 3630/1/638 3629/1/638
f 3629/1/638 3630/1/638 3632/1/640 3631/1/640
f 3631/1/640 3632/1/640 3634/1/25 3633/1/25
f 3633/1/25 3634/1/25 3636/1/643 3635/1/643
f 3635/1/643 3636/1/643 3638/1/467 3637/1/467
f 3637/1/467 3638/1/467 3640/1/405 3639/1/405
f 3639/1/405 3640/1/405 3642/1/647 3641/1/647
f 3624/1/406 3622/1/406 3644/1/406 3642/1/406 3640/1/406 3638/1/406 3636/1/406 3634/1/406 3632/1/406 3630/1/406 3628/1/406 3626/1/406
f 3641/1/647 3642/1/647 3644/1/649 3643/1/649
f 3643/1/649 3644/1/649 3622/1/28 3621/1/28
f 3621/1/407 3623/1/407 3625/1/407 3627/1/407 3629/1/407 3631/1/407 3633/1/407 3635/1/407 3637/1/407 3639/1/407 3641/1/407 3643/1/407
f 3885/1/28 3886/1/28 3888/1/634 3887/1/634
f 3887/1/634 3888/1/634 3890/1/474 3889/1/474
f 3889/1/474 3890/1/474 3892/1/408 3891/1/408
f 3891/1/408 3892/1/408 3894/1/638 3893/1/638
f 3893/1/638 3894/1/638 3896/1/640 3895/1/640
f 3895/1/640 3896/1/640 3898/1/25 3897/1/25
f 3897/1/25 3898/1/25 3900/1/643 3899/1/643
f 3899/1/643 3900/1/643 3902/1/467 3901/1/467
f 3901/1/467 3902/1/467 3904/1/405 3903/1/405
f 3903/1/405 3904/1/405 3906/1/647 3905/1/647
f 3888/1/406 3886/1/406 3908/1/406 3906/1/406 3904/1/406 3902/1/406 3900/1/406 3898/1/406 3896/1/406 3894/1/406 3892/1/406 3890/1/406
f 3905/1/647 3906/1/647 3908/1/649 3907/1/649
f 3907/1/649 3908/1/649 3886/1/28 3885/1/28
f 3885/1/407 3887/1/407 3889/1/407 3891/1/407 3893/1/407 3895/1/407 3897/1/407 3899/1/407 3901/1/407 3903/1/407 3905/1/407 3907/1/407
f 4149/1/28 4150/1/28 4152/1/634 4151/1/634
f 4151/1/634 4152/1/634 4154/1/474 4153/1/474
f 4153/1/474 4154/1/474 4156/1/408 4155/1/408
f 4155/1/408 4156/1/408 4158/1/638 4157/1/638
f 4157/1/638 4158/1/638 4160/1/640 4159/1/640
f 4159/1/640 4160/1/640 4162/1/25 4161/1/25
f 4161/1/25 4162/1/25 4164/1/643 4163/1/643
f 4163/1/643 4164/1/643 4166/1/467 4165/1/467
f 4165/1/467 4166/1/467 4168/1/405 4167/1/405
f 4167/1/405 4168/1/405 4170/1/647 4169/1/647
f 4152/1/406 4150/1/406 4172/1/406 4170/1/406 4168/1/406 4166/1/406 4164/1/406 4162/1/406 4160/1/406 4158/1/406 4156/1/406 4154/1/406
f 4169/1/647 4170/1/647 4172/1/649 4171/1/649
f 4171/1/649 4172/1/649 4150/1/28 4149/1/28
f 4149/1/407 4151/1/407 4153/1/407 4155/1/407 4157/1/407 4159/1/407 4161/1/407 4163/1/407 4165/1/407 4167/1/407 4169/1/407 4171/1/407
usemtl ketchup
f 353/1/26 354/1/26 356/1/26 355/1/26
f 355/1/29 356/1/29 360/1/29 359/1/29
f 359/1/30 360/1/30 358/1/30 357/1/30
f 357/1/27 358/1/27 354/1/27 353/1/27
f 355/1/25 359/1/25 357/1/25 353/1/25
f 360/1/28 356/1/28 354/1/28 358/1/28
f 361/1/26 362/1/26 364/1/26 363/1/26
f 363/1/29 364/1/29 368/1/29 367/1/29
f 367/1/30 368/1/30 366/1/30 365/1/30
f 365/1/27 366/1/27 362/1/27 361/1/27
f 363/1/25 367/1/25 365/1/25 361/1/25
f 368/1/28 364/1/28 362/1/28 366/1/28
f 401/1/83 402/1/83 404/1/83 403/1/83
f 403/1/85 404/1/85 408/1/85 407/1/85
f 407/1/86 408/1/86 406/1/86 405/1/86
f 405/1/84 406/1/84 402/1/84 401/1/84
f 403/1/25 407/1/25 405/1/25 401/1/25
f 408/1/28 404/1/28 402/1/28 406/1/28
f 409/1/83 410/1/83 412/1/83 411/1/83
f 411/1/85 412/1/85 416/1/85 415/1/85
f 415/1/86 416/1/86 414/1/86 413/1/86
f 413/1/84 414/1/84 410/1/84 409/1/84
f 411/1/25 415/1/25 413/1/25 409/1/25
f 416/1/28 412/1/28 410/1/28 414/1/28
f 441/1/26 442/1/26 444/1/26 443/1/26
f 443/1/29 444/1/29 448/1/29 447/1/29
f 447/1/30 448/1/30 446/1/30 445/1/30
f 445/1/27 446/1/27 442/1/27 441/1/27
f 443/1/25 447/1/25 445/1/25 441/1/25
f 448/1/28 444/1/28 442/1/28 446/1/28
f 449/1/26 450/1/26 452/1/26 451/1/26
f 451/1/29 452/1/29 456/1/29 455/1/29
f 455/1/30 456/1/30 454/1/30 453/1/30
f 453/1/27 454/1/27 450/1/27 449/1/27
f 451/1/25 455/1/25 453/1/25 449/1/25
f 456/1/28 452/1/28 450/1/28 454/1/28
f 489/1/83 490/1/83 492/1/83 491/1/83
f 491/1/85 492/1/85 496/1/85 495/1/85
f 495/1/86 496/1/86 494/1/86 493/1/86
f 493/1/84 494/1/84 490/1/84 489/1/84
f 491/1/25 495/1/25 493/1/25 489/1/25
f 496/1/28 492/1/28 490/1/28 494/1/28
f 497/1/83 498/1/83 500/1/83 499/1/83
f 499/1/85 500/1/85 504/1/85 503/1/85
f 503/1/86 504/1/86 502/1/86 501/1/86
f 501/1/84 502/1/84 498/1/84 497/1/84
f 499/1/25 503/1/25 501/1/25 497/1/25
f 504/1/28 500/1/28 498/1/28 502/1/28
f 705/1/55 706/1/55 708/1/55 707/1/55
f 707/1/57 708/1/57 712/1/57 711/1/57
f 711/1/58 712/1/58 710/1/58 709/1/58
f 709/1/56 710/1/56 706/1/56 705/1/56
f 707/1/25 711/1/25 709/1/25 705/1/25
f 712/1/28 708/1/28 706/1/28 710/1/28
f 713/1/55 714/1/55 716/1/55 715/1/55
f 715/1/57 716/1/57 720/1/57 719/1/57
f 719/1/58 720/1/58 718/1/58 717/1/58
f 717/1/56 718/1/56 714/1/56 713/1/56
f 715/1/25 719/1/25 717/1/25 713/1/25
f 720/1/28 716/1/28 714/1/28 718/1/28
f 753/1/26 754/1/26 756/1/26 755/1/26
f 755/1/29 756/1/29 760/1/29 759/1/29
f 759/1/30 760/1/30 758/1/30 757/1/30
f 757/1/27 758/1/27 754/1/27 753/1/27
f 755/1/25 759/1/25 757/1/25 753/1/25
f 760/1/28 756/1/28 754/1/28 758/1/28
f 761/1/26 762/1/26 764/1/26 763/1/26
f 763/1/29 764/1/29 768/1/29 767/1/29
f 767/1/30 768/1/30 766/1/30 765/1/30
f 765/1/27 766/1/27 762/1/27 761/1/27
f 763/1/25 767/1/25 765/1/25 761/1/25
f 768/1/28 764/1/28 762/1/28 766/1/28
f 793/1/55 794/1/55 796/1/55 795/1/55
f 795/1/57 796/1/57 800/1/57 799/1/57
f 799/1/58 800/1/58 798/1/58 797/1/58
f 797/1/56 798/1/56 794/1/56 793/1/56
f 795/1/25 799/1/25 797/1/25 793/1/25
f 800/1/28 796/1/28 794/1/28 798/1/28
f 801/1/55 802/1/55 804/1/55 803/1/55
f 803/1/57 804/1/57 808/1/57 807/1/57
f 807/1/58 808/1/58 806/1/58 805/1/58
f 805/1/56 806/1/56 802/1/56 801/1/56
f 803/1/25 807/1/25 805/1/25 801/1/25
f 808/1/28 804/1/28 802/1/28 806/1/28
f 841/1/26 842/1/26 844/1/26 843/1/26
f 843/1/29 844/1/29 848/1/29 847/1/29
f 847/1/30 848/1/30 846/1/30 845/1/30
f 845/1/27 846/1/27 842/1/27 841/1/27
f 843/1/25 847/1/25 845/1/25 841/1/25
f 848/1/28 844/1/28 842/1/28 846/1/28
f 849/1/26 850/1/26 852/1/26 851/1/26
f 851/1/29 852/1/29 856/1/29 855/1/29
f 855/1/30 856/1/30 854/1/30 853/1/30
f 853/1/27 854/1/27 850/1/27 849/1/27
f 851/1/25 855/1/25 853/1/25 849/1/25
f 856/1/28 852/1/28 850/1/28 854/1/28
f 1649/1/26 1650/1/26 1652/1/26 1651/1/26
f 1651/1/29 1652/1/29 1656/1/29 1655/1/29
f 1655/1/30 1656/1/30 1654/1/30 1653/1/30
f 1653/1/27 1654/1/27 1650/1/27 1649/1/27
f 1651/1/25 1655/1/25 1653/1/25 1649/1/25
f 1656/1/28 1652/1/28 1650/1/28 1654/1/28
f 1657/1/26 1658/1/26 1660/1/26 1659/1/26
f 1659/1/29 1660/1/29 1664/1/29 1663/1/29
f 1663/1/30 1664/1/30 1662/1/30 1661/1/30
f 1661/1/27 1662/1/27 1658/1/27 1657/1/27
f 1659/1/25 1663/1/25 1661/1/25 1657/1/25
f 1664/1/28 1660/1/28 1658/1/28 1662/1/28
f 1697/1/83 1698/1/83 1700/1/83 1699/1/83
f 1699/1/85 1700/1/85 1704/1/85 1703/1/85
f 1703/1/86 1704/1/86 1702/1/86 1701/1/86
f 1701/1/84 1702/1/84 1698/1/84 1697/1/84
f 1699/1/25 1703/1/25 1701/1/25 1697/1/25
f 1704/1/28 1700/1/28 1698/1/28 1702/1/28
f 1705/1/83 1706/1/83 1708/1/83 1707/1/83
f 1707/1/85 1708/1/85 1712/1/85 1711/1/85
f 1711/1/86 1712/1/86 1710/1/86 1709/1/86
f 1709/1/84 1710/1/84 1706/1/84 1705/1/84
f 1707/1/25 1711/1/25 1709/1/25 1705/1/25
f 1712/1/28 1708/1/28 1706/1/28 1710/1/28
f 1737/1/26 1738/1/26 1740/1/26 1739/1/26
f 1739/1/29 1740/1/29 1744/1/29 1743/1/29
f 1743/1/30 1744/1/30 1742/1/30 1741/1/30
f 1741/1/27 1742/1/27 1738/1/27 1737/1/27
f 1739/1/25 1743/1/25 1741/1/25 1737/1/25
f 1744/1/28 1740/1/28 1738/1/28 1742/1/28
f 1745/1/26 1746/1/26 1748/1/26 1747/1/26
f 1747/1/29 1748/1/29 1752/1/29 1751/1/29
f 1751/1/30 1752/1/30 1750/1/30 1749/1/30
f 1749/1/27 1750/1/27 1746/1/27 1745/1/27
f 1747/1/25 1751/1/25 1749/1/25 1745/1/25
f 1752/1/28 1748/1/28 1746/1/28 1750/1/28
f 1785/1/83 1786/1/83 1788/1/83 1787/1/83
f 1787/1/85 1788/1/85 1792/1/85 1791/1/85
f 1791/1/86 1792/1/86 1790/1/86 1789/1/86
f 1789/1/84 1790/1/84 1786/1/84 1785/1/84
f 1787/1/25 1791/1/25 1789/1/25 1785/1/25
f 1792/1/28 1788/1/28 1786/1/28 1790/1/28
f 1793/1/83 1794/1/83 1796/1/83 1795/1/83
f 1795/1/85 1796/1/85 1800/1/85 1799/1/85
f 1799/1/86 1800/1/86 1798/1/86 1797/1/86
f 1797/1/84 1798/1/84 1794/1/84 1793/1/84
f 1795/1/25 1799/1/25 1797/1/25 1793/1/25
f 1800/1/28 1796/1/28 1794/1/28 1798/1/28
usemtl frost_glass
f 945/1/87 948/1/88 949/1/89 951/1/90
f 946/1/91 950/1/92 949/1/93 948/1/94
f 947/1/95 951/1/96 949/1/97 950/1/98
f 952/1/99 955/1/100 956/1/101 958/1/102
f 953/1/103 957/1/104 956/1/105 955/1/106
f 954/1/107 958/1/108 956/1/109 957/1/110
f 959/1/111 962/1/112 963/1/113 965/1/114
f 960/1/115 964/1/116 963/1/117 962/1/118
f 961/1/119 965/1/120 963/1/121 964/1/122
f 966/1/123 969/1/124 970/1/125 972/1/126
f 967/1/127 971/1/128 970/1/129 969/1/130
f 968/1/131 972/1/132 970/1/133 971/1/134
f 973/1/135 976/1/136 977/1/137 979/1/138
f 974/1/139 978/1/140 977/1/141 976/1/142
f 975/1/143 979/1/144 977/1/145 978/1/146
f 980/1/147 983/1/148 984/1/149 986/1/150
f 981/1/151 985/1/152 984/1/153 983/1/154
f 982/1/155 986/1/156 984/1/157 985/1/158
f 987/1/159 990/1/160 991/1/161 993/1/162
f 988/1/163 992/1/164 991/1/165 990/1/166
f 989/1/167 993/1/168 991/1/169 992/1/170
f 994/1/171 997/1/172 998/1/173 1000/1/174
f 995/1/175 999/1/176 998/1/177 997/1/178
f 996/1/179 1000/1/180 998/1/181 999/1/182
f 959/1/111 945/1/87 951/1/90 962/1/112
f 962/1/118 951/1/96 947/1/95 960/1/115
f 946/1/91 952/1/99 958/1/102 950/1/92
f 950/1/98 958/1/108 954/1/107 947/1/95
f 953/1/103 966/1/123 972/1/126 957/1/104
f 957/1/110 972/1/132 968/1/131 954/1/107
f 967/1/127 961/1/119 964/1/122 971/1/128
f 971/1/134 964/1/116 960/1/115 968/1/131
f 987/1/159 959/1/111 965/1/114 990/1/160
f 990/1/166 965/1/120 961/1/119 988/1/163
f 966/1/123 994/1/171 1000/1/174 969/1/124
f 969/1/130 1000/1/180 996/1/179 967/1/127
f 995/1/175 989/1/167 992/1/170 999/1/176
f 999/1/182 992/1/164 988/1/163 996/1/179
f 973/1/135 987/1/159 993/1/162 976/1/136
f 976/1/142 993/1/168 989/1/167 974/1/139
f 994/1/171 980/1/147 986/1/150 997/1/172
f 997/1/178 986/1/156 982/1/155 995/1/175
f 981/1/151 975/1/143 978/1/146 985/1/152
f 985/1/158 978/1/140 974/1/139 982/1/155
f 945/1/87 973/1/135 979/1/138 948/1/88
f 948/1/94 979/1/144 975/1/143 946/1/91
f 980/1/147 953/1/103 955/1/106 983/1/148
f 983/1/154 955/1/100 952/1/99 981/1/151
f 959/1/111 987/1/159 973/1/135 945/1/87
f 947/1/95 954/1/107 968/1/131 960/1/115
f 975/1/143 981/1/151 952/1/99 946/1/91
f 994/1/171 966/1/123 953/1/103 980/1/147
f 961/1/119 967/1/127 996/1/179 988/1/163
f 989/1/167 995/1/175 982/1/155 974/1/139
f 1889/1/87 1892/1/88 1893/1/89 1895/1/90
f 1890/1/91 1894/1/92 1893/1/93 1892/1/94
f 1891/1/95 1895/1/96 1893/1/97 1894/1/98
f 1896/1/99 1899/1/100 1900/1/101 1902/1/102
f 1897/1/103 1901/1/104 1900/1/105 1899/1/106
f 1898/1/107 1902/1/108 1900/1/109 1901/1/110
f 1903/1/111 1906/1/112 1907/1/113 1909/1/114
f 1904/1/115 1908/1/116 1907/1/117 1906/1/118
f 1905/1/119 1909/1/120 1907/1/121 1908/1/122
f 1910/1/123 1913/1/124 1914/1/125 1916/1/126
f 1911/1/127 1915/1/128 1914/1/129 1913/1/130
f 1912/1/131 1916/1/132 1914/1/133 1915/1/134
f 1917/1/135 1920/1/136 1921/1/137 1923/1/138
f 1918/1/139 1922/1/140 1921/1/141 1920/1/142
f 1919/1/143 1923/1/144 1921/1/145 1922/1/146
f 1924/1/147 1927/1/148 1928/1/149 1930/1/150
f 1925/1/151 1929/1/152 1928/1/153 1927/1/154
f 1926/1/155 1930/1/156 1928/1/157 1929/1/158
f 1931/1/159 1934/1/160 1935/1/161 1937/1/162
f 1932/1/163 1936/1/164 1935/1/165 1934/1/166
f 1933/1/167 1937/1/168 1935/1/169 1936/1/170
f 1938/1/171 1941/1/172 1942/1/173 1944/1/174
f 1939/1/175 1943/1/176 1942/1/177 1941/1/178
f 1940/1/179 1944/1/180 1942/1/181 1943/1/182
f 1903/1/111 1889/1/87 1895/1/90 1906/1/112
f 1906/1/118 1895/1/96 1891/1/95 1904/1/115
f 1890/1/91 1896/1/99 1902/1/102 1894/1/92
f 1894/1/98 1902/1/108 1898/1/107 1891/1/95
f 1897/1/103 1910/1/123 1916/1/126 1901/1/104
f 1901/1/110 1916/1/132 1912/1/131 1898/1/107
f 1911/1/127 1905/1/119 1908/1/122 1915/1/128
f 1915/1/134 1908/1/116 1904/1/115 1912/1/131
f 1931/1/159 1903/1/111 1909/1/114 1934/1/160
f 1934/1/166 1909/1/120 1905/1/119 1932/1/163
f 1910/1/123 1938/1/171 1944/1/174 1913/1/124
f 1913/1/130 1944/1/180 1940/1/179 1911/1/127
f 1939/1/175 1933/1/167 1936/1/170 1943/1/176
f 1943/1/182 1936/1/164 1932/1/163 1940/1/179
f 1917/1/135 1931/1/159 1937/1/162 1920/1/136
f 1920/1/142 1937/1/168 1933/1/167 1918/1/139
f 1938/1/171 1924/1/147 1930/1/150 1941/1/172
f 1941/1/178 1930/1/156 1926/1/155 1939/1/175
f 1925/1/151 1919/1/143 1922/1/146 1929/1/152
f 1929/1/158 1922/1/140 1918/1/139 1926/1/155
f 1889/1/87 1917/1/135 1923/1/138 1892/1/88
f 1892/1/94 1923/1/144 1919/1/143 1890/1/91
f 1924/1/147 1897/1/103 1899/1/106 1927/1/148
f 1927/1/154 1899/1/100 1896/1/99 1925/1/151
f 1903/1/111 1931/1/159 1917/1/135 1889/1/87
f 1891/1/95 1898/1/107 1912/1/131 1904/1/115
f 1919/1/143 1925/1/151 1896/1/99 1890/1/91
f 1938/1/171 1910/1/123 1897/1/103 1924/1/147
f 1905/1/119 1911/1/127 1940/1/179 1932/1/163
f 1933/1/167 1939/1/175 1926/1/155 1918/1/139
usemtl teal
f 1001/1/26 1002/1/26 1004/1/26 1003/1/26
f 1003/1/29 1004/1/29 1008/1/29 1007/1/29
f 1007/1/30 1008/1/30 1006/1/30 1005/1/30
f 1005/1/27 1006/1/27 1002/1/27 1001/1/27
f 1003/1/25 1007/1/25 1005/1/25 1001/1/25
f 1008/1/28 1004/1/28 1002/1/28 1006/1/28
f 1033/1/207 1034/1/207 1036/1/207 1035/1/207
f 1035/1/209 1036/1/209 1040/1/209 1039/1/209
f 1039/1/210 1040/1/210 1038/1/210 1037/1/210
f 1037/1/208 1038/1/208 1034/1/208 1033/1/208
f 1035/1/25 1039/1/25 1037/1/25 1033/1/25
f 1040/1/28 1036/1/28 1034/1/28 1038/1/28
f 1041/1/207 1042/1/207 1044/1/207 1043/1/207
f 1043/1/209 1044/1/209 1048/1/209 1047/1/209
f 1047/1/210 1048/1/210 1046/1/210 1045/1/210
f 1045/1/208 1046/1/208 1042/1/208 1041/1/208
f 1043/1/25 1047/1/25 1045/1/25 1041/1/25
f 1048/1/28 1044/1/28 1042/1/28 1046/1/28
f 1945/1/26 1946/1/26 1948/1/26 1947/1/26
f 1947/1/29 1948/1/29 1952/1/29 1951/1/29
f 1951/1/30 1952/1/30 1950/1/30 1949/1/30
f 1949/1/27 1950/1/27 1946/1/27 1945/1/27
f 1947/1/25 1951/1/25 1949/1/25 1945/1/25
f 1952/1/28 1948/1/28 1946/1/28 1950/1/28
usemtl navy
f 2785/1/381 2786/1/382 2787/1/383
f 2788/1/384 2789/1/385 2790/1/386
f 2791/1/387 2792/1/388 2793/1/389
f 2794/1/390 2795/1/391 2796/1/392
f 2797/1/393 2798/1/394 2799/1/395
f 2800/1/396 2801/1/397 2802/1/398
f 2803/1/399 2804/1/400 2805/1/401
f 2806/1/402 2807/1/403 2808/1/404
f 2791/1/387 2785/1/381 2787/1/383 2792/1/388
f 2786/1/382 2788/1/384 2790/1/386 2787/1/383
f 2789/1/385 2794/1/390 2796/1/392 2790/1/386
f 2795/1/391 2793/1/389 2792/1/388 2796/1/392
f 2803/1/399 2791/1/387 2793/1/389 2804/1/400
f 2794/1/390 2806/1/402 2808/1/404 2795/1/391
f 2807/1/403 2805/1/401 2804/1/400 2808/1/404
f 2797/1/393 2803/1/399 2805/1/401 2798/1/394
f 2806/1/402 2800/1/396 2802/1/398 2807/1/403
f 2801/1/397 2799/1/395 2798/1/394 2802/1/398
f 2785/1/381 2797/1/393 2799/1/395 2786/1/382
f 2800/1/396 2789/1/385 2788/1/384 2801/1/397
f 2791/1/25 2803/1/25 2797/1/25 2785/1/25
f 2787/1/405 2790/1/405 2796/1/405 2792/1/405
f 2799/1/406 2801/1/406 2788/1/406 2786/1/406
f 2806/1/28 2794/1/28 2789/1/28 2800/1/28
f 2793/1/407 2795/1/407 2808/1/407 2804/1/407
f 2805/1/408 2807/1/408 2802/1/408 2798/1/408
f 2809/1/381 2810/1/382 2811/1/383
f 2812/1/384 2813/1/385 2814/1/386
f 2815/1/387 2816/1/388 2817/1/389
f 2818/1/390 2819/1/391 2820/1/392
f 2821/1/393 2822/1/394 2823/1/395
f 2824/1/396 2825/1/397 2826/1/398
f 2827/1/399 2828/1/400 2829/1/401
f 2830/1/402 2831/1/403 2832/1/404
f 2815/1/387 2809/1/381 2811/1/383 2816/1/388
f 2810/1/382 2812/1/384 2814/1/386 2811/1/383
f 2813/1/385 2818/1/390 2820/1/392 2814/1/386
f 2819/1/391 2817/1/389 2816/1/388 2820/1/392
f 2827/1/399 2815/1/387 2817/1/389 2828/1/400
f 2818/1/390 2830/1/402 2832/1/404 2819/1/391
f 2831/1/403 2829/1/401 2828/1/400 2832/1/404
f 2821/1/393 2827/1/399 2829/1/401 2822/1/394
f 2830/1/402 2824/1/396 2826/1/398 2831/1/403
f 2825/1/397 2823/1/395 2822/1/394 2826/1/398
f 2809/1/381 2821/1/393 2823/1/395 2810/1/382
f 2824/1/396 2813/1/385 2812/1/384 2825/1/397
f 2815/1/25 2827/1/25 2821/1/25 2809/1/25
f 2811/1/405 2814/1/405 2820/1/405 2816/1/405
f 2823/1/406 2825/1/406 2812/1/406 2810/1/406
f 2830/1/28 2818/1/28 2813/1/28 2824/1/28
f 2817/1/407 2819/1/407 2832/1/407 2828/1/407
f 2829/1/408 2831/1/408 2826/1/408 2822/1/408
f 2838/2/409 2836/3/409 2837/4/410
f 2838/2/409 2835/5/409 2836/3/409
f 2833/1/409 2835/5/409 2838/2/409
f 2833/1/409 2834/6/410 2835/5/409
f 2841/5/411 2843/4/411 2842/3/411
f 2841/5/411 2844/2/411 2843/4/411
f 2840/6/411 2844/2/411 2841/5/411
f 2840/6/411 2839/1/411 2844/2/411
f 2839/7/412 2845/8/412 2850/9/412 2844/10/412
f 2840/11/413 2846/12/413 2845/13/413 2839/1/413
f 2841/14/414 2847/15/414 2846/12/414 2840/11/414
f 2842/16/415 2848/17/415 2847/15/415 2841/14/415
f 2843/18/416 2849/19/416 2848/17/416 2842/16/416
f 2844/10/417 2850/9/417 2849/19/417 2843/18/417
f 2845/8/418 2851/20/418 2856/21/418 2850/9/418
f 2846/12/419 2852/22/419 2851/23/419 2845/13/419
f 2847/15/420 2853/24/420 2852/22/420 2846/12/420
f 2848/17/421 2854/25/421 2853/24/421 2847/15/421
f 2849/19/422 2855/26/422 2854/25/422 2848/17/422
f 2850/9/423 2856/21/423 2855/26/423 2849/19/423
f 2851/20/424 2833/27/424 2838/28/424 2856/21/424
f 2852/22/425 2834/29/425 2833/2/425 2851/23/425
f 2853/24/426 2835/30/426 2834/29/426 2852/22/426
f 2854/25/427 2836/31/427 2835/30/427 2853/24/427
f 2855/26/428 2837/32/428 2836/31/428 2854/25/428
f 2856/21/429 2838/28/429 2837/32/429 2855/26/429
f 2862/2/409 2860/3/409 2861/4/409
f 2862/2/409 2859/5/409 2860/3/409
f 2857/1/409 2859/5/409 2862/2/409
f 2857/1/409 2858/6/409 2859/5/409
f 2865/5/411 2867/4/411 2866/3/411
f 2865/5/411 2868/2/411 2867/4/411
f 2864/6/411 2868/2/411 2865/5/411
f 2864/6/411 2863/1/411 2868/2/411
f 2863/7/412 2869/8/412 2874/9/412 2868/10/412
f 2864/11/413 2870/12/413 2869/13/413 2863/1/413
f 2865/14/414 2871/15/414 2870/12/414 2864/11/414
f 2866/16/415 2872/17/415 2871/15/415 2865/14/415
f 2867/18/416 2873/19/416 2872/17/416 2866/16/416
f 2868/10/430 2874/9/430 2873/19/430 2867/18/430
f 2869/8/418 2875/20/418 2880/21/418 2874/9/418
f 2870/12/419 2876/22/419 2875/23/419 2869/13/419
f 2871/15/420 2877/24/420 2876/22/420 2870/12/420
f 2872/17/421 2878/25/421 2877/24/421 2871/15/421
f 2873/19/422 2879/26/422 2878/25/422 2872/17/422
f 2874/9/423 2880/21/423 2879/26/423 2873/19/423
f 2875/20/424 2857/27/424 2862/28/424 2880/21/424
f 2876/22/425 2858/29/425 2857/2/425 2875/23/425
f 2877/24/426 2859/30/426 2858/29/426 2876/22/426
f 2878/25/427 2860/31/427 2859/30/427 2877/24/427
f 2879/26/428 2861/32/428 2860/31/428 2878/25/428
f 2880/21/429 2862/28/429 2861/32/429 2879/26/429
f 2881/1/405 2882/1/405 2884/1/405 2883/1/405
f 2883/1/407 2884/1/407 2888/1/407 2887/1/407
f 2887/1/408 2888/1/408 2886/1/408 2885/1/408
f 2885/1/406 2886/1/406 2882/1/406 2881/1/406
f 2883/1/25 2887/1/25 2885/1/25 2881/1/25
f 2888/1/28 2884/1/28 2882/1/28 2886/1/28
f 2894/2/431 2892/3/431 2893/4/431
f 2894/2/431 2891/5/431 2892/3/431
f 2889/1/431 2891/5/431 2894/2/431
f 2889/1/431 2890/6/431 2891/5/431
f 2897/5/432 2899/4/432 2898/3/432
f 2897/5/432 2900/2/432 2899/4/432
f 2896/6/432 2900/2/432 2897/5/432
f 2896/6/432 2895/1/432 2900/2/432
f 2895/7/433 2889/27/433 2894/28/433 2900/10/433
f 2896/11/434 2890/29/434 2889/2/434 2895/1/434
f 2897/14/435 2891/30/435 2890/29/435 2896/11/435
f 2898/16/436 2892/31/436 2891/30/436 2897/14/436
f 2899/18/437 2893/32/437 2892/31/437 2898/16/437
f 2900/10/438 2894/28/438 2893/32/438 2899/18/438
usemtl tire
f 2901/1/439 2902/1/440 2916/1/440 2915/1/439
f 2902/1/440 2903/1/441 2917/1/441 2916/1/440
f 2903/1/441 2904/1/442 2918/1/442 2917/1/441
f 2904/1/442 2905/1/443 2919/1/443 2918/1/442
f 2905/1/443 2906/1/444 2920/1/444 2919/1/443
f 2906/1/444 2907/1/445 2921/1/445 2920/1/444
f 2907/1/445 2908/1/446 2922/1/446 2921/1/445
f 2908/1/446 2909/1/447 2923/1/447 2922/1/446
f 2909/1/447 2910/1/448 2924/1/448 2923/1/447
f 2910/1/448 2911/1/449 2925/1/449 2924/1/448
f 2911/1/449 2912/1/450 2926/1/450 2925/1/449
f 2912/1/450 2913/1/451 2927/1/451 2926/1/450
f 2913/1/451 2914/1/452 2928/1/452 2927/1/451
f 2914/1/452 2901/1/439 2915/1/439 2928/1/452
f 2915/1/453 2916/1/454 2930/1/454 2929/1/453
f 2916/1/454 2917/1/455 2931/1/455 2930/1/454
f 2917/1/455 2918/1/456 2932/1/456 2931/1/455
f 2918/1/456 2919/1/457 2933/1/457 2932/1/456
f 2919/1/457 2920/1/458 2934/1/458 2933/1/457
f 2920/1/458 2921/1/459 2935/1/459 2934/1/458
f 2921/1/459 2922/1/460 2936/1/460 2935/1/459
f 2922/1/460 2923/1/461 2937/1/461 2936/1/460
f 2923/1/461 2924/1/462 2938/1/462 2937/1/461
f 2924/1/462 2925/1/463 2939/1/463 2938/1/462
f 2925/1/463 2926/1/464 2940/1/464 2939/1/463
f 2926/1/464 2927/1/465 2941/1/465 2940/1/464
f 2927/1/465 2928/1/466 2942/1/466 2941/1/465
f 2928/1/466 2915/1/453 2929/1/453 2942/1/466
f 2929/1/467 2930/1/468 2944/1/468 2943/1/467
f 2930/1/468 2931/1/469 2945/1/469 2944/1/468
f 2931/1/469 2932/1/470 2946/1/470 2945/1/469
f 2932/1/470 2933/1/471 2947/1/471 2946/1/470
f 2933/1/471 2934/1/472 2948/1/472 2947/1/471
f 2934/1/472 2935/1/473 2949/1/473 2948/1/472
f 2935/1/473 2936/1/474 2950/1/474 2949/1/473
f 2936/1/474 2937/1/475 2951/1/475 2950/1/474
f 2937/1/475 2938/1/476 2952/1/476 2951/1/475
f 2938/1/476 2939/1/477 2953/1/477 2952/1/476
f 2939/1/477 2940/1/478 2954/1/478 2953/1/477
f 2940/1/478 2941/1/479 2955/1/479 2954/1/478
f 2941/1/479 2942/1/480 2956/1/480 2955/1/479
f 2942/1/480 2929/1/467 2943/1/467 2956/1/480
f 2943/1/481 2944/1/482 2958/1/482 2957/1/481
f 2944/1/482 2945/1/483 2959/1/483 2958/1/482
f 2945/1/483 2946/1/484 2960/1/484 2959/1/483
f 2946/1/484 2947/1/485 2961/1/485 2960/1/484
f 2947/1/485 2948/1/486 2962/1/486 2961/1/485
f 2948/1/486 2949/1/487 2963/1/487 2962/1/486
f 2949/1/487 2950/1/488 2964/1/488 2963/1/487
f 2950/1/488 2951/1/489 2965/1/489 2964/1/488
f 2951/1/489 2952/1/490 2966/1/490 2965/1/489
f 2952/1/490 2953/1/491 2967/1/491 2966/1/490
f 2953/1/491 2954/1/492 2968/1/492 2967/1/491
f 2954/1/492 2955/1/493 2969/1/493 2968/1/492
f 2955/1/493 2956/1/494 2970/1/494 2969/1/493
f 2956/1/494 2943/1/481 2957/1/481 2970/1/494
f 2957/1/495 2958/1/496 2902/1/496 2901/1/495
f 2958/1/496 2959/1/497 2903/1/497 2902/1/496
f 2959/1/497 2960/1/498 2904/1/498 2903/1/497
f 2960/1/498 2961/1/499 2905/1/499 2904/1/498
f 2961/1/499 2962/1/500 2906/1/500 2905/1/499
f 2962/1/500 2963/1/501 2907/1/501 2906/1/500
f 2963/1/501 2964/1/502 2908/1/502 2907/1/501
f 2964/1/502 2965/1/503 2909/1/503 2908/1/502
f 2965/1/503 2966/1/504 2910/1/504 2909/1/503
f 2966/1/504 2967/1/505 2911/1/505 2910/1/504
f 2967/1/505 2968/1/506 2912/1/506 2911/1/505
f 2968/1/506 2969/1/507 2913/1/507 2912/1/506
f 2969/1/507 2970/1/508 2914/1/508 2913/1/507
f 2970/1/508 2957/1/495 2901/1/495 2914/1/508
f 3117/1/541 3118/1/542 3142/1/542 3141/1/541
f 3118/1/542 3119/1/543 3143/1/543 3142/1/542
f 3119/1/543 3120/1/544 3144/1/544 3143/1/543
f 3120/1/544 3121/1/545 3145/1/545 3144/1/544
f 3121/1/545 3122/1/546 3146/1/546 3145/1/545
f 3122/1/546 3123/1/524 3147/1/524 3146/1/546
f 3123/1/524 3124/1/547 3148/1/547 3147/1/524
f 3124/1/547 3125/1/548 3149/1/548 3148/1/547
f 3125/1/548 3126/1/549 3150/1/549 3149/1/548
f 3126/1/549 3127/1/550 3151/1/550 3150/1/549
f 3127/1/550 3128/1/551 3152/1/551 3151/1/550
f 3128/1/551 3129/1/552 3153/1/552 3152/1/551
f 3129/1/552 3130/1/553 3154/1/553 3153/1/552
f 3130/1/553 3131/1/554 3155/1/554 3154/1/553
f 3131/1/554 3132/1/555 3156/1/555 3155/1/554
f 3132/1/555 3133/1/556 3157/1/556 3156/1/555
f 3133/1/556 3134/1/557 3158/1/557 3157/1/556
f 3134/1/557 3135/1/525 3159/1/525 3158/1/557
f 3135/1/525 3136/1/558 3160/1/558 3159/1/525
f 3136/1/558 3137/1/559 3161/1/559 3160/1/558
f 3137/1/559 3138/1/560 3162/1/560 3161/1/559
f 3138/1/560 3139/1/561 3163/1/561 3162/1/560
f 3139/1/561 3140/1/562 3164/1/562 3163/1/561
f 3140/1/562 3117/1/541 3141/1/541 3164/1/562
f 3141/1/563 3142/1/564 3166/1/564 3165/1/563
f 3142/1/564 3143/1/565 3167/1/565 3166/1/564
f 3143/1/565 3144/1/566 3168/1/566 3167/1/565
f 3144/1/566 3145/1/567 3169/1/567 3168/1/566
f 3145/1/567 3146/1/568 3170/1/568 3169/1/567
f 3146/1/568 3147/1/569 3171/1/569 3170/1/568
f 3147/1/569 3148/1/570 3172/1/570 3171/1/569
f 3148/1/570 3149/1/571 3173/1/571 3172/1/570
f 3149/1/571 3150/1/572 3174/1/572 3173/1/571
f 3150/1/572 3151/1/573 3175/1/573 3174/1/572
f 3151/1/573 3152/1/574 3176/1/574 3175/1/573
f 3152/1/574 3153/1/575 3177/1/575 3176/1/574
f 3153/1/575 3154/1/576 3178/1/576 3177/1/575
f 3154/1/576 3155/1/577 3179/1/577 3178/1/576
f 3155/1/577 3156/1/578 3180/1/578 3179/1/577
f 3156/1/578 3157/1/579 3181/1/579 3180/1/578
f 3157/1/579 3158/1/580 3182/1/580 3181/1/579
f 3158/1/580 3159/1/581 3183/1/581 3182/1/580
f 3159/1/581 3160/1/582 3184/1/582 3183/1/581
f 3160/1/582 3161/1/583 3185/1/583 3184/1/582
f 3161/1/583 3162/1/584 3186/1/584 3185/1/583
f 3162/1/584 3163/1/585 3187/1/585 3186/1/584
f 3163/1/585 3164/1/586 3188/1/586 3187/1/585
f 3164/1/586 3141/1/563 3165/1/563 3188/1/586
f 3165/1/575 3166/1/576 3190/1/576 3189/1/575
f 3166/1/576 3167/1/577 3191/1/577 3190/1/576
f 3167/1/577 3168/1/578 3192/1/578 3191/1/577
f 3168/1/578 3169/1/579 3193/1/579 3192/1/578
f 3169/1/579 3170/1/580 3194/1/580 3193/1/579
f 3170/1/580 3171/1/581 3195/1/581 3194/1/580
f 3171/1/581 3172/1/582 3196/1/582 3195/1/581
f 3172/1/582 3173/1/583 3197/1/583 3196/1/582
f 3173/1/583 3174/1/584 3198/1/584 3197/1/583
f 3174/1/584 3175/1/585 3199/1/585 3198/1/584
f 3175/1/585 3176/1/586 3200/1/586 3199/1/585
f 3176/1/586 3177/1/563 3201/1/563 3200/1/586
f 3177/1/563 3178/1/564 3202/1/564 3201/1/563
f 3178/1/564 3179/1/565 3203/1/565 3202/1/564
f 3179/1/565 3180/1/566 3204/1/566 3203/1/565
f 3180/1/566 3181/1/567 3205/1/567 3204/1/566
f 3181/1/567 3182/1/568 3206/1/568 3205/1/567
f 3182/1/568 3183/1/569 3207/1/569 3206/1/568
f 3183/1/569 3184/1/570 3208/1/570 3207/1/569
f 3184/1/570 3185/1/571 3209/1/571 3208/1/570
f 3185/1/571 3186/1/572 3210/1/572 3209/1/571
f 3186/1/572 3187/1/573 3211/1/573 3210/1/572
f 3187/1/573 3188/1/574 3212/1/574 3211/1/573
f 3188/1/574 3165/1/575 3189/1/575 3212/1/574
f 3189/1/552 3190/1/553 3214/1/553 3213/1/552
f 3190/1/553 3191/1/554 3215/1/554 3214/1/553
f 3191/1/554 3192/1/555 3216/1/555 3215/1/554
f 3192/1/555 3193/1/556 3217/1/556 3216/1/555
f 3193/1/556 3194/1/557 3218/1/557 3217/1/556
f 3194/1/557 3195/1/525 3219/1/525 3218/1/557
f 3195/1/525 3196/1/558 3220/1/558 3219/1/525
f 3196/1/558 3197/1/559 3221/1/559 3220/1/558
f 3197/1/559 3198/1/560 3222/1/560 3221/1/559
f 3198/1/560 3199/1/561 3223/1/561 3222/1/560
f 3199/1/561 3200/1/562 3224/1/562 3223/1/561
f 3200/1/562 3201/1/541 3225/1/541 3224/1/562
f 3201/1/541 3202/1/542 3226/1/542 3225/1/541
f 3202/1/542 3203/1/543 3227/1/543 3226/1/542
f 3203/1/543 3204/1/544 3228/1/544 3227/1/543
f 3204/1/544 3205/1/545 3229/1/545 3228/1/544
f 3205/1/545 3206/1/546 3230/1/546 3229/1/545
f 3206/1/546 3207/1/524 3231/1/524 3230/1/546
f 3207/1/524 3208/1/547 3232/1/547 3231/1/524
f 3208/1/547 3209/1/548 3233/1/548 3232/1/547
f 3209/1/548 3210/1/549 3234/1/549 3233/1/548
f 3210/1/549 3211/1/550 3235/1/550 3234/1/549
f 3211/1/550 3212/1/551 3236/1/551 3235/1/550
f 3212/1/551 3189/1/552 3213/1/552 3236/1/551
f 3213/1/587 3214/1/588 3238/1/588 3237/1/587
f 3214/1/588 3215/1/589 3239/1/589 3238/1/588
f 3215/1/589 3216/1/590 3240/1/590 3239/1/589
f 3216/1/590 3217/1/591 3241/1/591 3240/1/590
f 3217/1/591 3218/1/592 3242/1/592 3241/1/591
f 3218/1/592 3219/1/512 3243/1/512 3242/1/592
f 3219/1/512 3220/1/593 3244/1/593 3243/1/512
f 3220/1/593 3221/1/594 3245/1/594 3244/1/593
f 3221/1/594 3222/1/595 3246/1/595 3245/1/594
f 3222/1/595 3223/1/596 3247/1/596 3246/1/595
f 3223/1/596 3224/1/597 3248/1/597 3247/1/596
f 3224/1/597 3225/1/598 3249/1/598 3248/1/597
f 3225/1/598 3226/1/599 3250/1/599 3249/1/598
f 3226/1/599 3227/1/600 3251/1/600 3250/1/599
f 3227/1/600 3228/1/601 3252/1/601 3251/1/600
f 3228/1/601 3229/1/602 3253/1/602 3252/1/601
f 3229/1/602 3230/1/603 3254/1/603 3253/1/602
f 3230/1/603 3231/1/510 3255/1/510 3254/1/603
f 3231/1/510 3232/1/604 3256/1/604 3255/1/510
f 3232/1/604 3233/1/605 3257/1/605 3256/1/604
f 3233/1/605 3234/1/606 3258/1/606 3257/1/605
f 3234/1/606 3235/1/607 3259/1/607 3258/1/606
f 3235/1/607 3236/1/608 3260/1/608 3259/1/607
f 3236/1/608 3213/1/587 3237/1/587 3260/1/608
f 3237/1/609 3238/1/610 3262/1/610 3261/1/609
f 3238/1/610 3239/1/611 3263/1/611 3262/1/610
f 3239/1/611 3240/1/612 3264/1/612 3263/1/611
f 3240/1/612 3241/1/613 3265/1/613 3264/1/612
f 3241/1/613 3242/1/614 3266/1/614 3265/1/613
f 3242/1/614 3243/1/615 3267/1/615 3266/1/614
f 3243/1/615 3244/1/616 3268/1/616 3267/1/615
f 3244/1/616 3245/1/617 3269/1/617 3268/1/616
f 3245/1/617 3246/1/618 3270/1/618 3269/1/617
f 3246/1/618 3247/1/619 3271/1/619 3270/1/618
f 3247/1/619 3248/1/620 3272/1/620 3271/1/619
f 3248/1/620 3249/1/621 3273/1/621 3272/1/620
f 3249/1/621 3250/1/622 3274/1/622 3273/1/621
f 3250/1/622 3251/1/623 3275/1/623 3274/1/622
f 3251/1/623 3252/1/624 3276/1/624 3275/1/623
f 3252/1/624 3253/1/625 3277/1/625 3276/1/624
f 3253/1/625 3254/1/626 3278/1/626 3277/1/625
f 3254/1/626 3255/1/627 3279/1/627 3278/1/626
f 3255/1/627 3256/1/628 3280/1/628 3279/1/627
f 3256/1/628 3257/1/629 3281/1/629 3280/1/628
f 3257/1/629 3258/1/630 3282/1/630 3281/1/629
f 3258/1/630 3259/1/631 3283/1/631 3282/1/630
f 3259/1/631 3260/1/632 3284/1/632 3283/1/631
f 3260/1/632 3237/1/609 3261/1/609 3284/1/632
f 3261/1/621 3262/1/622 3286/1/622 3285/1/621
f 3262/1/622 3263/1/623 3287/1/623 3286/1/622
f 3263/1/623 3264/1/624 3288/1/624 3287/1/623
f 3264/1/624 3265/1/625 3289/1/625 3288/1/624
f 3265/1/625 3266/1/626 3290/1/626 3289/1/625
f 3266/1/626 3267/1/627 3291/1/627 3290/1/626
f 3267/1/627 3268/1/628 3292/1/628 3291/1/627
f 3268/1/628 3269/1/629 3293/1/629 3292/1/628
f 3269/1/629 3270/1/630 3294/1/630 3293/1/629
f 3270/1/630 3271/1/631 3295/1/631 3294/1/630
f 3271/1/631 3272/1/632 3296/1/632 3295/1/631
f 3272/1/632 3273/1/609 3297/1/609 3296/1/632
f 3273/1/609 3274/1/610 3298/1/610 3297/1/609
f 3274/1/610 3275/1/611 3299/1/611 3298/1/610
f 3275/1/611 3276/1/612 3300/1/612 3299/1/611
f 3276/1/612 3277/1/613 3301/1/613 3300/1/612
f 3277/1/613 3278/1/614 3302/1/614 3301/1/613
f 3278/1/614 3279/1/615 3303/1/615 3302/1/614
f 3279/1/615 3280/1/616 3304/1/616 3303/1/615
f 3280/1/616 3281/1/617 3305/1/617 3304/1/616
f 3281/1/617 3282/1/618 3306/1/618 3305/1/617
f 3282/1/618 3283/1/619 3307/1/619 3306/1/618
f 3283/1/619 3284/1/620 3308/1/620 3307/1/619
f 3284/1/620 3261/1/621 3285/1/621 3308/1/620
f 3285/1/598 3286/1/599 3118/1/599 3117/1/598
f 3286/1/599 3287/1/600 3119/1/600 3118/1/599
f 3287/1/600 3288/1/601 3120/1/601 3119/1/600
f 3288/1/601 3289/1/602 3121/1/602 3120/1/601
f 3289/1/602 3290/1/603 3122/1/603 3121/1/602
f 3290/1/603 3291/1/510 3123/1/510 3122/1/603
f 3291/1/510 3292/1/604 3124/1/604 3123/1/510
f 3292/1/604 3293/1/605 3125/1/605 3124/1/604
f 3293/1/605 3294/1/606 3126/1/606 3125/1/605
f 3294/1/606 3295/1/607 3127/1/607 3126/1/606
f 3295/1/607 3296/1/608 3128/1/608 3127/1/607
f 3296/1/608 3297/1/587 3129/1/587 3128/1/608
f 3297/1/587 3298/1/588 3130/1/588 3129/1/587
f 3298/1/588 3299/1/589 3131/1/589 3130/1/588
f 3299/1/589 3300/1/590 3132/1/590 3131/1/589
f 3300/1/590 3301/1/591 3133/1/591 3132/1/590
f 3301/1/591 3302/1/592 3134/1/592 3133/1/591
f 3302/1/592 3303/1/512 3135/1/512 3134/1/592
f 3303/1/512 3304/1/593 3136/1/593 3135/1/512
f 3304/1/593 3305/1/594 3137/1/594 3136/1/593
f 3305/1/594 3306/1/595 3138/1/595 3137/1/594
f 3306/1/595 3307/1/596 3139/1/596 3138/1/595
f 3307/1/596 3308/1/597 3140/1/597 3139/1/596
f 3308/1/597 3285/1/598 3117/1/598 3140/1/597
f 3381/1/541 3382/1/542 3406/1/542 3405/1/541
f 3382/1/542 3383/1/543 3407/1/543 3406/1/542
f 3383/1/543 3384/1/544 3408/1/544 3407/1/543
f 3384/1/544 3385/1/545 3409/1/545 3408/1/544
f 3385/1/545 3386/1/546 3410/1/546 3409/1/545
f 3386/1/546 3387/1/524 3411/1/524 3410/1/546
f 3387/1/524 3388/1/547 3412/1/547 3411/1/524
f 3388/1/547 3389/1/548 3413/1/548 3412/1/547
f 3389/1/548 3390/1/549 3414/1/549 3413/1/548
f 3390/1/549 3391/1/550 3415/1/550 3414/1/549
f 3391/1/550 3392/1/551 3416/1/551 3415/1/550
f 3392/1/551 3393/1/552 3417/1/552 3416/1/551
f 3393/1/552 3394/1/553 3418/1/553 3417/1/552
f 3394/1/553 3395/1/554 3419/1/554 3418/1/553
f 3395/1/554 3396/1/555 3420/1/555 3419/1/554
f 3396/1/555 3397/1/556 3421/1/556 3420/1/555
f 3397/1/556 3398/1/557 3422/1/557 3421/1/556
f 3398/1/557 3399/1/525 3423/1/525 3422/1/557
f 3399/1/525 3400/1/558 3424/1/558 3423/1/525
f 3400/1/558 3401/1/559 3425/1/559 3424/1/558
f 3401/1/559 3402/1/560 3426/1/560 3425/1/559
f 3402/1/560 3403/1/561 3427/1/561 3426/1/560
f 3403/1/561 3404/1/562 3428/1/562 3427/1/561
f 3404/1/562 3381/1/541 3405/1/541 3428/1/562
f 3405/1/563 3406/1/564 3430/1/564 3429/1/563
f 3406/1/564 3407/1/565 3431/1/565 3430/1/564
f 3407/1/565 3408/1/566 3432/1/566 3431/1/565
f 3408/1/566 3409/1/567 3433/1/567 3432/1/566
f 3409/1/567 3410/1/568 3434/1/568 3433/1/567
f 3410/1/568 3411/1/569 3435/1/569 3434/1/568
f 3411/1/569 3412/1/570 3436/1/570 3435/1/569
f 3412/1/570 3413/1/571 3437/1/571 3436/1/570
f 3413/1/571 3414/1/572 3438/1/572 3437/1/571
f 3414/1/572 3415/1/573 3439/1/573 3438/1/572
f 3415/1/573 3416/1/574 3440/1/574 3439/1/573
f 3416/1/574 3417/1/575 3441/1/575 3440/1/574
f 3417/1/575 3418/1/576 3442/1/576 3441/1/575
f 3418/1/576 3419/1/577 3443/1/577 3442/1/576
f 3419/1/577 3420/1/578 3444/1/578 3443/1/577
f 3420/1/578 3421/1/579 3445/1/579 3444/1/578
f 3421/1/579 3422/1/580 3446/1/580 3445/1/579
f 3422/1/580 3423/1/581 3447/1/581 3446/1/580
f 3423/1/581 3424/1/582 3448/1/582 3447/1/581
f 3424/1/582 3425/1/583 3449/1/583 3448/1/582
f 3425/1/583 3426/1/584 3450/1/584 3449/1/583
f 3426/1/584 3427/1/585 3451/1/585 3450/1/584
f 3427/1/585 3428/1/586 3452/1/586 3451/1/585
f 3428/1/586 3405/1/563 3429/1/563 3452/1/586
f 3429/1/575 3430/1/576 3454/1/576 3453/1/575
f 3430/1/576 3431/1/577 3455/1/577 3454/1/576
f 3431/1/577 3432/1/578 3456/1/578 3455/1/577
f 3432/1/578 3433/1/579 3457/1/579 3456/1/578
f 3433/1/579 3434/1/580 3458/1/580 3457/1/579
f 3434/1/580 3435/1/581 3459/1/581 3458/1/580
f 3435/1/581 3436/1/582 3460/1/582 3459/1/581
f 3436/1/582 3437/1/583 3461/1/583 3460/1/582
f 3437/1/583 3438/1/584 3462/1/584 3461/1/583
f 3438/1/584 3439/1/585 3463/1/585 3462/1/584
f 3439/1/585 3440/1/586 3464/1/586 3463/1/585
f 3440/1/586 3441/1/563 3465/1/563 3464/1/586
f 3441/1/563 3442/1/564 3466/1/564 3465/1/563
f 3442/1/564 3443/1/565 3467/1/565 3466/1/564
f 3443/1/565 3444/1/566 3468/1/566 3467/1/565
f 3444/1/566 3445/1/567 3469/1/567 3468/1/566
f 3445/1/567 3446/1/568 3470/1/568 3469/1/567
f 3446/1/568 3447/1/569 3471/1/569 3470/1/568
f 3447/1/569 3448/1/570 3472/1/570 3471/1/569
f 3448/1/570 3449/1/571 3473/1/571 3472/1/570
f 3449/1/571 3450/1/572 3474/1/572 3473/1/571
f 3450/1/572 3451/1/573 3475/1/573 3474/1/572
f 3451/1/573 3452/1/574 3476/1/574 3475/1/573
f 3452/1/574 3429/1/575 3453/1/575 3476/1/574
f 3453/1/552 3454/1/553 3478/1/553 3477/1/552
f 3454/1/553 3455/1/554 3479/1/554 3478/1/553
f 3455/1/554 3456/1/555 3480/1/555 3479/1/554
f 3456/1/555 3457/1/556 3481/1/556 3480/1/555
f 3457/1/556 3458/1/557 3482/1/557 3481/1/556
f 3458/1/557 3459/1/525 3483/1/525 3482/1/557
f 3459/1/525 3460/1/558 3484/1/558 3483/1/525
f 3460/1/558 3461/1/559 3485/1/559 3484/1/558
f 3461/1/559 3462/1/560 3486/1/560 3485/1/559
f 3462/1/560 3463/1/561 3487/1/561 3486/1/560
f 3463/1/561 3464/1/562 3488/1/562 3487/1/561
f 3464/1/562 3465/1/541 3489/1/541 3488/1/562
f 3465/1/541 3466/1/542 3490/1/542 3489/1/541
f 3466/1/542 3467/1/543 3491/1/543 3490/1/542
f 3467/1/543 3468/1/544 3492/1/544 3491/1/543
f 3468/1/544 3469/1/545 3493/1/545 3492/1/544
f 3469/1/545 3470/1/546 3494/1/546 3493/1/545
f 3470/1/546 3471/1/524 3495/1/524 3494/1/546
f 3471/1/524 3472/1/547 3496/1/547 3495/1/524
f 3472/1/547 3473/1/548 3497/1/548 3496/1/547
f 3473/1/548 3474/1/549 3498/1/549 3497/1/548
f 3474/1/549 3475/1/550 3499/1/550 3498/1/549
f 3475/1/550 3476/1/551 3500/1/551 3499/1/550
f 3476/1/551 3453/1/552 3477/1/552 3500/1/551
f 3477/1/587 3478/1/588 3502/1/588 3501/1/587
f 3478/1/588 3479/1/589 3503/1/589 3502/1/588
f 3479/1/589 3480/1/590 3504/1/590 3503/1/589
f 3480/1/590 3481/1/591 3505/1/591 3504/1/590
f 3481/1/591 3482/1/592 3506/1/592 3505/1/591
f 3482/1/592 3483/1/512 3507/1/512 3506/1/592
f 3483/1/512 3484/1/593 3508/1/593 3507/1/512
f 3484/1/593 3485/1/594 3509/1/594 3508/1/593
f 3485/1/594 3486/1/595 3510/1/595 3509/1/594
f 3486/1/595 3487/1/596 3511/1/596 3510/1/595
f 3487/1/596 3488/1/597 3512/1/597 3511/1/596
f 3488/1/597 3489/1/598 3513/1/598 3512/1/597
f 3489/1/598 3490/1/599 3514/1/599 3513/1/598
f 3490/1/599 3491/1/600 3515/1/600 3514/1/599
f 3491/1/600 3492/1/601 3516/1/601 3515/1/600
f 3492/1/601 3493/1/602 3517/1/602 3516/1/601
f 3493/1/602 3494/1/603 3518/1/603 3517/1/602
f 3494/1/603 3495/1/510 3519/1/510 3518/1/603
f 3495/1/510 3496/1/604 3520/1/604 3519/1/510
f 3496/1/604 3497/1/605 3521/1/605 3520/1/604
f 3497/1/605 3498/1/606 3522/1/606 3521/1/605
f 3498/1/606 3499/1/607 3523/1/607 3522/1/606
f 3499/1/607 3500/1/608 3524/1/608 3523/1/607
f 3500/1/608 3477/1/587 3501/1/587 3524/1/608
f 3501/1/609 3502/1/610 3526/1/610 3525/1/609
f 3502/1/610 3503/1/611 3527/1/611 3526/1/610
f 3503/1/611 3504/1/612 3528/1/612 3527/1/611
f 3504/1/612 3505/1/613 3529/1/613 3528/1/612
f 3505/1/613 3506/1/614 3530/1/614 3529/1/613
f 3506/1/614 3507/1/615 3531/1/615 3530/1/614
f 3507/1/615 3508/1/616 3532/1/616 3531/1/615
f 3508/1/616 3509/1/617 3533/1/617 3532/1/616
f 3509/1/617 3510/1/618 3534/1/618 3533/1/617
f 3510/1/618 3511/1/619 3535/1/619 3534/1/618
f 3511/1/619 3512/1/620 3536/1/620 3535/1/619
f 3512/1/620 3513/1/621 3537/1/621 3536/1/620
f 3513/1/621 3514/1/622 3538/1/622 3537/1/621
f 3514/1/622 3515/1/623 3539/1/623 3538/1/622
f 3515/1/623 3516/1/624 3540/1/624 3539/1/623
f 3516/1/624 3517/1/625 3541/1/625 3540/1/624
f 3517/1/625 3518/1/626 3542/1/626 3541/1/625
f 3518/1/626 3519/1/627 3543/1/627 3542/1/626
f 3519/1/627 3520/1/628 3544/1/628 3543/1/627
f 3520/1/628 3521/1/629 3545/1/629 3544/1/628
f 3521/1/629 3522/1/630 3546/1/630 3545/1/629
f 3522/1/630 3523/1/631 3547/1/631 3546/1/630
f 3523/1/631 3524/1/632 3548/1/632 3547/1/631
f 3524/1/632 3501/1/609 3525/1/609 3548/1/632
f 3525/1/621 3526/1/622 3550/1/622 3549/1/621
f 3526/1/622 3527/1/623 3551/1/623 3550/1/622
f 3527/1/623 3528/1/624 3552/1/624 3551/1/623
f 3528/1/624 3529/1/625 3553/1/625 3552/1/624
f 3529/1/625 3530/1/626 3554/1/626 3553/1/625
f 3530/1/626 3531/1/627 3555/1/627 3554/1/626
f 3531/1/627 3532/1/628 3556/1/628 3555/1/627
f 3532/1/628 3533/1/629 3557/1/629 3556/1/628
f 3533/1/629 3534/1/630 3558/1/630 3557/1/629
f 3534/1/630 3535/1/631 3559/1/631 3558/1/630
f 3535/1/631 3536/1/632 3560/1/632 3559/1/631
f 3536/1/632 3537/1/609 3561/1/609 3560/1/632
f 3537/1/609 3538/1/610 3562/1/610 3561/1/609
f 3538/1/610 3539/1/611 3563/1/611 3562/1/610
f 3539/1/611 3540/1/612 3564/1/612 3563/1/611
f 3540/1/612 3541/1/613 3565/1/613 3564/1/612
f 3541/1/613 3542/1/614 3566/1/614 3565/1/613
f 3542/1/614 3543/1/615 3567/1/615 3566/1/614
f 3543/1/615 3544/1/616 3568/1/616 3567/1/615
f 3544/1/616 3545/1/617 3569/1/617 3568/1/616
f 3545/1/617 3546/1/618 3570/1/618 3569/1/617
f 3546/1/618 3547/1/619 3571/1/619 3570/1/618
f 3547/1/619 3548/1/620 3572/1/620 3571/1/619
f 3548/1/620 3525/1/621 3549/1/621 3572/1/620
f 3549/1/598 3550/1/599 3382/1/599 3381/1/598
f 3550/1/599 3551/1/600 3383/1/600 3382/1/599
f 3551/1/600 3552/1/601 3384/1/601 3383/1/600
f 3552/1/601 3553/1/602 3385/1/602 3384/1/601
f 3553/1/602 3554/1/603 3386/1/603 3385/1/602
f 3554/1/603 3555/1/510 3387/1/510 3386/1/603
f 3555/1/510 3556/1/604 3388/1/604 3387/1/510
f 3556/1/604 3557/1/605 3389/1/605 3388/1/604
f 3557/1/605 3558/1/606 3390/1/606 3389/1/605
f 3558/1/606 3559/1/607 3391/1/607 3390/1/606
f 3559/1/607 3560/1/608 3392/1/608 3391/1/607
f 3560/1/608 3561/1/587 3393/1/587 3392/1/608
f 3561/1/587 3562/1/588 3394/1/588 3393/1/587
f 3562/1/588 3563/1/589 3395/1/589 3394/1/588
f 3563/1/589 3564/1/590 3396/1/590 3395/1/589
f 3564/1/590 3565/1/591 3397/1/591 3396/1/590
f 3565/1/591 3566/1/592 3398/1/592 3397/1/591
f 3566/1/592 3567/1/512 3399/1/512 3398/1/592
f 3567/1/512 3568/1/593 3400/1/593 3399/1/512
f 3568/1/593 3569/1/594 3401/1/594 3400/1/593
f 3569/1/594 3570/1/595 3402/1/595 3401/1/594
f 3570/1/595 3571/1/596 3403/1/596 3402/1/595
f 3571/1/596 3572/1/597 3404/1/597 3403/1/596
f 3572/1/597 3549/1/598 3381/1/598 3404/1/597
f 3645/1/541 3646/1/542 3670/1/542 3669/1/541
f 3646/1/542 3647/1/543 3671/1/543 3670/1/542
f 3647/1/543 3648/1/544 3672/1/544 3671/1/543
f 3648/1/544 3649/1/545 3673/1/545 3672/1/544
f 3649/1/545 3650/1/546 3674/1/546 3673/1/545
f 3650/1/546 3651/1/524 3675/1/524 3674/1/546
f 3651/1/524 3652/1/547 3676/1/547 3675/1/524
f 3652/1/547 3653/1/548 3677/1/548 3676/1/547
f 3653/1/548 3654/1/549 3678/1/549 3677/1/548
f 3654/1/549 3655/1/550 3679/1/550 3678/1/549
f 3655/1/550 3656/1/551 3680/1/551 3679/1/550
f 3656/1/551 3657/1/552 3681/1/552 3680/1/551
f 3657/1/552 3658/1/553 3682/1/553 3681/1/552
f 3658/1/553 3659/1/554 3683/1/554 3682/1/553
f 3659/1/554 3660/1/555 3684/1/555 3683/1/554
f 3660/1/555 3661/1/556 3685/1/556 3684/1/555
f 3661/1/556 3662/1/557 3686/1/557 3685/1/556
f 3662/1/557 3663/1/525 3687/1/525 3686/1/557
f 3663/1/525 3664/1/558 3688/1/558 3687/1/525
f 3664/1/558 3665/1/559 3689/1/559 3688/1/558
f 3665/1/559 3666/1/560 3690/1/560 3689/1/559
f 3666/1/560 3667/1/561 3691/1/561 3690/1/560
f 3667/1/561 3668/1/562 3692/1/562 3691/1/561
f 3668/1/562 3645/1/541 3669/1/541 3692/1/562
f 3669/1/563 3670/1/564 3694/1/564 3693/1/563
f 3670/1/564 3671/1/565 3695/1/565 3694/1/564
f 3671/1/565 3672/1/566 3696/1/566 3695/1/565
f 3672/1/566 3673/1/567 3697/1/567 3696/1/566
f 3673/1/567 3674/1/568 3698/1/568 3697/1/567
f 3674/1/568 3675/1/569 3699/1/569 3698/1/568
f 3675/1/569 3676/1/570 3700/1/570 3699/1/569
f 3676/1/570 3677/1/571 3701/1/571 3700/1/570
f 3677/1/571 3678/1/572 3702/1/572 3701/1/571
f 3678/1/572 3679/1/573 3703/1/573 3702/1/572
f 3679/1/573 3680/1/574 3704/1/574 3703/1/573
f 3680/1/574 3681/1/575 3705/1/575 3704/1/574
f 3681/1/575 3682/1/576 3706/1/576 3705/1/575
f 3682/1/576 3683/1/577 3707/1/577 3706/1/576
f 3683/1/577 3684/1/578 3708/1/578 3707/1/577
f 3684/1/578 3685/1/579 3709/1/579 3708/1/578
f 3685/1/579 3686/1/580 3710/1/580 3709/1/579
f 3686/1/580 3687/1/581 3711/1/581 3710/1/580
f 3687/1/581 3688/1/582 3712/1/582 3711/1/581
f 3688/1/582 3689/1/583 3713/1/583 3712/1/582
f 3689/1/583 3690/1/584 3714/1/584 3713/1/583
f 3690/1/584 3691/1/585 3715/1/585 3714/1/584
f 3691/1/585 3692/1/586 3716/1/586 3715/1/585
f 3692/1/586 3669/1/563 3693/1/563 3716/1/586
f 3693/1/575 3694/1/576 3718/1/576 3717/1/575
f 3694/1/576 3695/1/577 3719/1/577 3718/1/576
f 3695/1/577 3696/1/578 3720/1/578 3719/1/577
f 3696/1/578 3697/1/579 3721/1/579 3720/1/578
f 3697/1/579 3698/1/580 3722/1/580 3721/1/579
f 3698/1/580 3699/1/581 3723/1/581 3722/1/580
f 3699/1/581 3700/1/582 3724/1/582 3723/1/581
f 3700/1/582 3701/1/583 3725/1/583 3724/1/582
f 3701/1/583 3702/1/584 3726/1/584 3725/1/583
f 3702/1/584 3703/1/585 3727/1/585 3726/1/584
f 3703/1/585 3704/1/586 3728/1/586 3727/1/585
f 3704/1/586 3705/1/563 3729/1/563 3728/1/586
f 3705/1/563 3706/1/564 3730/1/564 3729/1/563
f 3706/1/564 3707/1/565 3731/1/565 3730/1/564
f 3707/1/565 3708/1/566 3732/1/566 3731/1/565
f 3708/1/566 3709/1/567 3733/1/567 3732/1/566
f 3709/1/567 3710/1/568 3734/1/568 3733/1/567
f 3710/1/568 3711/1/569 3735/1/569 3734/1/568
f 3711/1/569 3712/1/570 3736/1/570 3735/1/569
f 3712/1/570 3713/1/571 3737/1/571 3736/1/570
f 3713/1/571 3714/1/572 3738/1/572 3737/1/571
f 3714/1/572 3715/1/573 3739/1/573 3738/1/572
f 3715/1/573 3716/1/574 3740/1/574 3739/1/573
f 3716/1/574 3693/1/575 3717/1/575 3740/1/574
f 3717/1/552 3718/1/553 3742/1/553 3741/1/552
f 3718/1/553 3719/1/554 3743/1/554 3742/1/553
f 3719/1/554 3720/1/555 3744/1/555 3743/1/554
f 3720/1/555 3721/1/556 3745/1/556 3744/1/555
f 3721/1/556 3722/1/557 3746/1/557 3745/1/556
f 3722/1/557 3723/1/525 3747/1/525 3746/1/557
f 3723/1/525 3724/1/558 3748/1/558 3747/1/525
f 3724/1/558 3725/1/559 3749/1/559 3748/1/558
f 3725/1/559 3726/1/560 3750/1/560 3749/1/559
f 3726/1/560 3727/1/561 3751/1/561 3750/1/560
f 3727/1/561 3728/1/562 3752/1/562 3751/1/561
f 3728/1/562 3729/1/541 3753/1/541 3752/1/562
f 3729/1/541 3730/1/542 3754/1/542 3753/1/541
f 3730/1/542 3731/1/543 3755/1/543 3754/1/542
f 3731/1/543 3732/1/544 3756/1/544 3755/1/543
f 3732/1/544 3733/1/545 3757/1/545 3756/1/544
f 3733/1/545 3734/1/546 3758/1/546 3757/1/545
f 3734/1/546 3735/1/524 3759/1/524 3758/1/546
f 3735/1/524 3736/1/547 3760/1/547 3759/1/524
f 3736/1/547 3737/1/548 3761/1/548 3760/1/547
f 3737/1/548 3738/1/549 3762/1/549 3761/1/548
f 3738/1/549 3739/1/550 3763/1/550 3762/1/549
f 3739/1/550 3740/1/551 3764/1/551 3763/1/550
f 3740/1/551 3717/1/552 3741/1/552 3764/1/551
f 3741/1/587 3742/1/588 3766/1/588 3765/1/587
f 3742/1/588 3743/1/589 3767/1/589 3766/1/588
f 3743/1/589 3744/1/590 3768/1/590 3767/1/589
f 3744/1/590 3745/1/591 3769/1/591 3768/1/590
f 3745/1/591 3746/1/592 3770/1/592 3769/1/591
f 3746/1/592 3747/1/512 3771/1/512 3770/1/592
f 3747/1/512 3748/1/593 3772/1/593 3771/1/512
f 3748/1/593 3749/1/594 3773/1/594 3772/1/593
f 3749/1/594 3750/1/595 3774/1/595 3773/1/594
f 3750/1/595 3751/1/596 3775/1/596 3774/1/595
f 3751/1/596 3752/1/597 3776/1/597 3775/1/596
f 3752/1/597 3753/1/598 3777/1/598 3776/1/597
f 3753/1/598 3754/1/599 3778/1/599 3777/1/598
f 3754/1/599 3755/1/600 3779/1/600 3778/1/599
f 3755/1/600 3756/1/601 3780/1/601 3779/1/600
f 3756/1/601 3757/1/602 3781/1/602 3780/1/601
f 3757/1/602 3758/1/603 3782/1/603 3781/1/602
f 3758/1/603 3759/1/510 3783/1/510 3782/1/603
f 3759/1/510 3760/1/604 3784/1/604 3783/1/510
f 3760/1/604 3761/1/605 3785/1/605 3784/1/604
f 3761/1/605 3762/1/606 3786/1/606 3785/1/605
f 3762/1/606 3763/1/607 3787/1/607 3786/1/606
f 3763/1/607 3764/1/608 3788/1/608 3787/1/607
f 3764/1/608 3741/1/587 3765/1/587 3788/1/608
f 3765/1/609 3766/1/610 3790/1/610 3789/1/609
f 3766/1/610 3767/1/611 3791/1/611 3790/1/610
f 3767/1/611 3768/1/612 3792/1/612 3791/1/611
f 3768/1/612 3769/1/613 3793/1/613 3792/1/612
f 3769/1/613 3770/1/614 3794/1/614 3793/1/613
f 3770/1/614 3771/1/615 3795/1/615 3794/1/614
f 3771/1/615 3772/1/616 3796/1/616 3795/1/615
f 3772/1/616 3773/1/617 3797/1/617 3796/1/616
f 3773/1/617 3774/1/618 3798/1/618 3797/1/617
f 3774/1/618 3775/1/619 3799/1/619 3798/1/618
f 3775/1/619 3776/1/620 3800/1/620 3799/1/619
f 3776/1/620 3777/1/621 3801/1/621 3800/1/620
f 3777/1/621 3778/1/622 3802/1/622 3801/1/621
f 3778/1/622 3779/1/623 3803/1/623 3802/1/622
f 3779/1/623 3780/1/624 3804/1/624 3803/1/623
f 3780/1/624 3781/1/625 3805/1/625 3804/1/624
f 3781/1/625 3782/1/626 3806/1/626 3805/1/625
f 3782/1/626 3783/1/627 3807/1/627 3806/1/626
f 3783/1/627 3784/1/628 3808/1/628 3807/1/627
f 3784/1/628 3785/1/629 3809/1/629 3808/1/628
f 3785/1/629 3786/1/630 3810/1/630 3809/1/629
f 3786/1/630 3787/1/631 3811/1/631 3810/1/630
f 3787/1/631 3788/1/632 3812/1/632 3811/1/631
f 3788/1/632 3765/1/609 3789/1/609 3812/1/632
f 3789/1/621 3790/1/622 3814/1/622 3813/1/621
f 3790/1/622 3791/1/623 3815/1/623 3814/1/622
f 3791/1/623 3792/1/624 3816/1/624 3815/1/623
f 3792/1/624 3793/1/625 3817/1/625 3816/1/624
f 3793/1/625 3794/1/626 3818/1/626 3817/1/625
f 3794/1/626 3795/1/627 3819/1/627 3818/1/626
f 3795/1/627 3796/1/628 3820/1/628 3819/1/627
f 3796/1/628 3797/1/629 3821/1/629 3820/1/628
f 3797/1/629 3798/1/630 3822/1/630 3821/1/629
f 3798/1/630 3799/1/631 3823/1/631 3822/1/630
f 3799/1/631 3800/1/632 3824/1/632 3823/1/631
f 3800/1/632 3801/1/609 3825/1/609 3824/1/632
f 3801/1/609 3802/1/610 3826/1/610 3825/1/609
f 3802/1/610 3803/1/611 3827/1/611 3826/1/610
f 3803/1/611 3804/1/612 3828/1/612 3827/1/611
f 3804/1/612 3805/1/613 3829/1/613 3828/1/612
f 3805/1/613 3806/1/614 3830/1/614 3829/1/613
f 3806/1/614 3807/1/615 3831/1/615 3830/1/614
f 3807/1/615 3808/1/616 3832/1/616 3831/1/615
f 3808/1/616 3809/1/617 3833/1/617 3832/1/616
f 3809/1/617 3810/1/618 3834/1/618 3833/1/617
f 3810/1/618 3811/1/619 3835/1/619 3834/1/618
f 3811/1/619 3812/1/620 3836/1/620 3835/1/619
f 3812/1/620 3789/1/621 3813/1/621 3836/1/620
f 3813/1/598 3814/1/599 3646/1/599 3645/1/598
f 3814/1/599 3815/1/600 3647/1/600 3646/1/599
f 3815/1/600 3816/1/601 3648/1/601 3647/1/600
f 3816/1/601 3817/1/602 3649/1/602 3648/1/601
f 3817/1/602 3818/1/603 3650/1/603 3649/1/602
f 3818/1/603 3819/1/510 3651/1/510 3650/1/603
f 3819/1/510 3820/1/604 3652/1/604 3651/1/510
f 3820/1/604 3821/1/605 3653/1/605 3652/1/604
f 3821/1/605 3822/1/606 3654/1/606 3653/1/605
f 3822/1/606 3823/1/607 3655/1/607 3654/1/606
f 3823/1/607 3824/1/608 3656/1/608 3655/1/607
f 3824/1/608 3825/1/587 3657/1/587 3656/1/608
f 3825/1/587 3826/1/588 3658/1/588 3657/1/587
f 3826/1/588 3827/1/589 3659/1/589 3658/1/588
f 3827/1/589 3828/1/590 3660/1/590 3659/1/589
f 3828/1/590 3829/1/591 3661/1/591 3660/1/590
f 3829/1/591 3830/1/592 3662/1/592 3661/1/591
f 3830/1/592 3831/1/512 3663/1/512 3662/1/592
f 3831/1/512 3832/1/593 3664/1/593 3663/1/512
f 3832/1/593 3833/1/594 3665/1/594 3664/1/593
f 3833/1/594 3834/1/595 3666/1/595 3665/1/594
f 3834/1/595 3835/1/596 3667/1/596 3666/1/595
f 3835/1/596 3836/1/597 3668/1/597 3667/1/596
f 3836/1/597 3813/1/598 3645/1/598 3668/1/597
f 3909/1/541 3910/1/542 3934/1/542 3933/1/541
f 3910/1/542 3911/1/543 3935/1/543 3934/1/542
f 3911/1/543 3912/1/544 3936/1/544 3935/1/543
f 3912/1/544 3913/1/545 3937/1/545 3936/1/544
f 3913/1/545 3914/1/546 3938/1/546 3937/1/545
f 3914/1/546 3915/1/524 3939/1/524 3938/1/546
f 3915/1/524 3916/1/547 3940/1/547 3939/1/524
f 3916/1/547 3917/1/548 3941/1/548 3940/1/547
f 3917/1/548 3918/1/549 3942/1/549 3941/1/548
f 3918/1/549 3919/1/550 3943/1/550 3942/1/549
f 3919/1/550 3920/1/551 3944/1/551 3943/1/550
f 3920/1/551 3921/1/552 3945/1/552 3944/1/551
f 3921/1/552 3922/1/553 3946/1/553 3945/1/552
f 3922/1/553 3923/1/554 3947/1/554 3946/1/553
f 3923/1/554 3924/1/555 3948/1/555 3947/1/554
f 3924/1/555 3925/1/556 3949/1/556 3948/1/555
f 3925/1/556 3926/1/557 3950/1/557 3949/1/556
f 3926/1/557 3927/1/525 3951/1/525 3950/1/557
f 3927/1/525 3928/1/558 3952/1/558 3951/1/525
f 3928/1/558 3929/1/559 3953/1/559 3952/1/558
f 3929/1/559 3930/1/560 3954/1/560 3953/1/559
f 3930/1/560 3931/1/561 3955/1/561 3954/1/560
f 3931/1/561 3932/1/562 3956/1/562 3955/1/561
f 3932/1/562 3909/1/541 3933/1/541 3956/1/562
f 3933/1/563 3934/1/564 3958/1/564 3957/1/563
f 3934/1/564 3935/1/565 3959/1/565 3958/1/564
f 3935/1/565 3936/1/566 3960/1/566 3959/1/565
f 3936/1/566 3937/1/567 3961/1/567 3960/1/566
f 3937/1/567 3938/1/568 3962/1/568 3961/1/567
f 3938/1/568 3939/1/569 3963/1/569 3962/1/568
f 3939/1/569 3940/1/570 3964/1/570 3963/1/569
f 3940/1/570 3941/1/571 3965/1/571 3964/1/570
f 3941/1/571 3942/1/572 3966/1/572 3965/1/571
f 3942/1/572 3943/1/573 3967/1/573 3966/1/572
f 3943/1/573 3944/1/574 3968/1/574 3967/1/573
f 3944/1/574 3945/1/575 3969/1/575 3968/1/574
f 3945/1/575 3946/1/576 3970/1/576 3969/1/575
f 3946/1/576 3947/1/577 3971/1/577 3970/1/576
f 3947/1/577 3948/1/578 3972/1/578 3971/1/577
f 3948/1/578 3949/1/579 3973/1/579 3972/1/578
f 3949/1/579 3950/1/580 3974/1/580 3973/1/579
f 3950/1/580 3951/1/581 3975/1/581 3974/1/580
f 3951/1/581 3952/1/582 3976/1/582 3975/1/581
f 3952/1/582 3953/1/583 3977/1/583 3976/1/582
f 3953/1/583 3954/1/584 3978/1/584 3977/1/583
f 3954/1/584 3955/1/585 3979/1/585 3978/1/584
f 3955/1/585 3956/1/586 3980/1/586 3979/1/585
f 3956/1/586 3933/1/563 3957/1/563 3980/1/586
f 3957/1/575 3958/1/576 3982/1/576 3981/1/575
f 3958/1/576 3959/1/577 3983/1/577 3982/1/576
f 3959/1/577 3960/1/578 3984/1/578 3983/1/577
f 3960/1/578 3961/1/579 3985/1/579 3984/1/578
f 3961/1/579 3962/1/580 3986/1/580 3985/1/579
f 3962/1/580 3963/1/581 3987/1/581 3986/1/580
f 3963/1/581 3964/1/582 3988/1/582 3987/1/581
f 3964/1/582 3965/1/583 3989/1/583 3988/1/582
f 3965/1/583 3966/1/584 3990/1/584 3989/1/583
f 3966/1/584 3967/1/585 3991/1/585 3990/1/584
f 3967/1/585 3968/1/586 3992/1/586 3991/1/585
f 3968/1/586 3969/1/563 3993/1/563 3992/1/586
f 3969/1/563 3970/1/564 3994/1/564 3993/1/563
f 3970/1/564 3971/1/565 3995/1/565 3994/1/564
f 3971/1/565 3972/1/566 3996/1/566 3995/1/565
f 3972/1/566 3973/1/567 3997/1/567 3996/1/566
f 3973/1/567 3974/1/568 3998/1/568 3997/1/567
f 3974/1/568 3975/1/569 3999/1/569 3998/1/568
f 3975/1/569 3976/1/570 4000/1/570 3999/1/569
f 3976/1/570 3977/1/571 4001/1/571 4000/1/570
f 3977/1/571 3978/1/572 4002/1/572 4001/1/571
f 3978/1/572 3979/1/573 4003/1/573 4002/1/572
f 3979/1/573 3980/1/574 4004/1/574 4003/1/573
f 3980/1/574 3957/1/575 3981/1/575 4004/1/574
f 3981/1/552 3982/1/553 4006/1/553 4005/1/552
f 3982/1/553 3983/1/554 4007/1/554 4006/1/553
f 3983/1/554 3984/1/555 4008/1/555 4007/1/554
f 3984/1/555 3985/1/556 4009/1/556 4008/1/555
f 3985/1/556 3986/1/557 4010/1/557 4009/1/556
f 3986/1/557 3987/1/525 4011/1/525 4010/1/557
f 3987/1/525 3988/1/558 4012/1/558 4011/1/525
f 3988/1/558 3989/1/559 4013/1/559 4012/1/558
f 3989/1/559 3990/1/560 4014/1/560 4013/1/559
f 3990/1/560 3991/1/561 4015/1/561 4014/1/560
f 3991/1/561 3992/1/562 4016/1/562 4015/1/561
f 3992/1/562 3993/1/541 4017/1/541 4016/1/562
f 3993/1/541 3994/1/542 4018/1/542 4017/1/541
f 3994/1/542 3995/1/543 4019/1/543 4018/1/542
f 3995/1/543 3996/1/544 4020/1/544 4019/1/543
f 3996/1/544 3997/1/545 4021/1/545 4020/1/544
f 3997/1/545 3998/1/546 4022/1/546 4021/1/545
f 3998/1/546 3999/1/524 4023/1/524 4022/1/546
f 3999/1/524 4000/1/547 4024/1/547 4023/1/524
f 4000/1/547 4001/1/548 4025/1/548 4024/1/547
f 4001/1/548 4002/1/549 4026/1/549 4025/1/548
f 4002/1/549 4003/1/550 4027/1/550 4026/1/549
f 4003/1/550 4004/1/551 4028/1/551 4027/1/550
f 4004/1/551 3981/1/552 4005/1/552 4028/1/551
f 4005/1/587 4006/1/588 4030/1/588 4029/1/587
f 4006/1/588 4007/1/589 4031/1/589 4030/1/588
f 4007/1/589 4008/1/590 4032/1/590 4031/1/589
f 4008/1/590 4009/1/591 4033/1/591 4032/1/590
f 4009/1/591 4010/1/592 4034/1/592 4033/1/591
f 4010/1/592 4011/1/512 4035/1/512 4034/1/592
f 4011/1/512 4012/1/593 4036/1/593 4035/1/512
f 4012/1/593 4013/1/594 4037/1/594 4036/1/593
f 4013/1/594 4014/1/595 4038/1/595 4037/1/594
f 4014/1/595 4015/1/596 4039/1/596 4038/1/595
f 4015/1/596 4016/1/597 4040/1/597 4039/1/596
f 4016/1/597 4017/1/598 4041/1/598 4040/1/597
f 4017/1/598 4018/1/599 4042/1/599 4041/1/598
f 4018/1/599 4019/1/600 4043/1/600 4042/1/599
f 4019/1/600 4020/1/601 4044/1/601 4043/1/600
f 4020/1/601 4021/1/602 4045/1/602 4044/1/601
f 4021/1/602 4022/1/603 4046/1/603 4045/1/602
f 4022/1/603 4023/1/510 4047/1/510 4046/1/603
f 4023/1/510 4024/1/604 4048/1/604 4047/1/510
f 4024/1/604 4025/1/605 4049/1/605 4048/1/604
f 4025/1/605 4026/1/606 4050/1/606 4049/1/605
f 4026/1/606 4027/1/607 4051/1/607 4050/1/606
f 4027/1/607 4028/1/608 4052/1/608 4051/1/607
f 4028/1/608 4005/1/587 4029/1/587 4052/1/608
f 4029/1/609 4030/1/610 4054/1/610 4053/1/609
f 4030/1/610 4031/1/611 4055/1/611 4054/1/610
f 4031/1/611 4032/1/612 4056/1/612 4055/1/611
f 4032/1/612 4033/1/613 4057/1/613 4056/1/612
f 4033/1/613 4034/1/614 4058/1/614 4057/1/613
f 4034/1/614 4035/1/615 4059/1/615 4058/1/614
f 4035/1/615 4036/1/616 4060/1/616 4059/1/615
f 4036/1/616 4037/1/617 4061/1/617 4060/1/616
f 4037/1/617 4038/1/618 4062/1/618 4061/1/617
f 4038/1/618 4039/1/619 4063/1/619 4062/1/618
f 4039/1/619 4040/1/620 4064/1/620 4063/1/619
f 4040/1/620 4041/1/621 4065/1/621 4064/1/620
f 4041/1/621 4042/1/622 4066/1/622 4065/1/621
f 4042/1/622 4043/1/623 4067/1/623 4066/1/622
f 4043/1/623 4044/1/624 4068/1/624 4067/1/623
f 4044/1/624 4045/1/625 4069/1/625 4068/1/624
f 4045/1/625 4046/1/626 4070/1/626 4069/1/625
f 4046/1/626 4047/1/627 4071/1/627 4070/1/626
f 4047/1/627 4048/1/628 4072/1/628 4071/1/627
f 4048/1/628 4049/1/629 4073/1/629 4072/1/628
f 4049/1/629 4050/1/630 4074/1/630 4073/1/629
f 4050/1/630 4051/1/631 4075/1/631 4074/1/630
f 4051/1/631 4052/1/632 4076/1/632 4075/1/631
f 4052/1/632 4029/1/609 4053/1/609 4076/1/632
f 4053/1/621 4054/1/622 4078/1/622 4077/1/621
f 4054/1/622 4055/1/623 4079/1/623 4078/1/622
f 4055/1/623 4056/1/624 4080/1/624 4079/1/623
f 4056/1/624 4057/1/625 4081/1/625 4080/1/624
f 4057/1/625 4058/1/626 4082/1/626 4081/1/625
f 4058/1/626 4059/1/627 4083/1/627 4082/1/626
f 4059/1/627 4060/1/628 4084/1/628 4083/1/627
f 4060/1/628 4061/1/629 4085/1/629 4084/1/628
f 4061/1/629 4062/1/630 4086/1/630 4085/1/629
f 4062/1/630 4063/1/631 4087/1/631 4086/1/630
f 4063/1/631 4064/1/632 4088/1/632 4087/1/631
f 4064/1/632 4065/1/609 4089/1/609 4088/1/632
f 4065/1/609 4066/1/610 4090/1/610 4089/1/609
f 4066/1/610 4067/1/611 4091/1/611 4090/1/610
f 4067/1/611 4068/1/612 4092/1/612 4091/1/611
f 4068/1/612 4069/1/613 4093/1/613 4092/1/612
f 4069/1/613 4070/1/614 4094/1/614 4093/1/613
f 4070/1/614 4071/1/615 4095/1/615 4094/1/614
f 4071/1/615 4072/1/616 4096/1/616 4095/1/615
f 4072/1/616 4073/1/617 4097/1/617 4096/1/616
f 4073/1/617 4074/1/618 4098/1/618 4097/1/617
f 4074/1/618 4075/1/619 4099/1/619 4098/1/618
f 4075/1/619 4076/1/620 4100/1/620 4099/1/619
f 4076/1/620 4053/1/621 4077/1/621 4100/1/620
f 4077/1/598 4078/1/599 3910/1/599 3909/1/598
f 4078/1/599 4079/1/600 3911/1/600 3910/1/599
f 4079/1/600 4080/1/601 3912/1/601 3911/1/600
f 4080/1/601 4081/1/602 3913/1/602 3912/1/601
f 4081/1/602 4082/1/603 3914/1/603 3913/1/602
f 4082/1/603 4083/1/510 3915/1/510 3914/1/603
f 4083/1/510 4084/1/604 3916/1/604 3915/1/510
f 4084/1/604 4085/1/605 3917/1/605 3916/1/604
f 4085/1/605 4086/1/606 3918/1/606 3917/1/605
f 4086/1/606 4087/1/607 3919/1/607 3918/1/606
f 4087/1/607 4088/1/608 3920/1/608 3919/1/607
f 4088/1/608 4089/1/587 3921/1/587 3920/1/608
f 4089/1/587 4090/1/588 3922/1/588 3921/1/587
f 4090/1/588 4091/1/589 3923/1/589 3922/1/588
f 4091/1/589 4092/1/590 3924/1/590 3923/1/589
f 4092/1/590 4093/1/591 3925/1/591 3924/1/590
f 4093/1/591 4094/1/592 3926/1/592 3925/1/591
f 4094/1/592 4095/1/512 3927/1/512 3926/1/592
f 4095/1/512 4096/1/593 3928/1/593 3927/1/512
f 4096/1/593 4097/1/594 3929/1/594 3928/1/593
f 4097/1/594 4098/1/595 3930/1/595 3929/1/594
f 4098/1/595 4099/1/596 3931/1/596 3930/1/595
f 4099/1/596 4100/1/597 3932/1/597 3931/1/596
f 4100/1/597 4077/1/598 3909/1/598 3932/1/597
usemtl chrome
f 2971/1/381 2972/1/382 2973/1/383
f 2974/1/384 2975/1/385 2976/1/386
f 2977/1/387 2978/1/388 2979/1/389
f 2980/1/390 2981/1/391 2982/1/392
f 2983/1/393 2984/1/394 2985/1/395
f 2986/1/396 2987/1/397 2988/1/398
f 2989/1/399 2990/1/400 2991/1/401
f 2992/1/402 2993/1/403 2994/1/404
f 2977/1/387 2971/1/381 2973/1/383 2978/1/388
f 2972/1/382 2974/1/384 2976/1/386 2973/1/383
f 2975/1/385 2980/1/390 2982/1/392 2976/1/386
f 2981/1/391 2979/1/389 2978/1/388 2982/1/392
f 2989/1/399 2977/1/387 2979/1/389 2990/1/400
f 2980/1/390 2992/1/402 2994/1/404 2981/1/391
f 2993/1/403 2991/1/401 2990/1/400 2994/1/404
f 2983/1/393 2989/1/399 2991/1/401 2984/1/394
f 2992/1/402 2986/1/396 2988/1/398 2993/1/403
f 2987/1/397 2985/1/395 2984/1/394 2988/1/398
f 2971/1/381 2983/1/393 2985/1/395 2972/1/382
f 2986/1/396 2975/1/385 2974/1/384 2987/1/397
f 2977/1/25 2989/1/25 2983/1/25 2971/1/25
f 2973/1/405 2976/1/405 2982/1/405 2978/1/405
f 2985/1/406 2987/1/406 2974/1/406 2972/1/406
f 2992/1/28 2980/1/28 2975/1/28 2986/1/28
f 2979/1/407 2981/1/407 2994/1/407 2990/1/407
f 2991/1/408 2993/1/408 2988/1/408 2984/1/408
f 3027/1/381 3028/1/382 3029/1/383
f 3030/1/384 3031/1/385 3032/1/386
f 3033/1/387 3034/1/388 3035/1/389
f 3036/1/390 3037/1/391 3038/1/392
f 3039/1/393 3040/1/394 3041/1/395
f 3042/1/396 3043/1/397 3044/1/398
f 3045/1/399 3046/1/400 3047/1/401
f 3048/1/402 3049/1/403 3050/1/404
f 3033/1/387 3027/1/381 3029/1/383 3034/1/388
f 3028/1/382 3030/1/384 3032/1/386 3029/1/383
f 3031/1/385 3036/1/390 3038/1/392 3032/1/386
f 3037/1/391 3035/1/389 3034/1/388 3038/1/392
f 3045/1/399 3033/1/387 3035/1/389 3046/1/400
f 3036/1/390 3048/1/402 3050/1/404 3037/1/391
f 3049/1/403 3047/1/401 3046/1/400 3050/1/404
f 3039/1/393 3045/1/399 3047/1/401 3040/1/394
f 3048/1/402 3042/1/396 3044/1/398 3049/1/403
f 3043/1/397 3041/1/395 3040/1/394 3044/1/398
f 3027/1/381 3039/1/393 3041/1/395 3028/1/382
f 3042/1/396 3031/1/385 3030/1/384 3043/1/397
f 3033/1/25 3045/1/25 3039/1/25 3027/1/25
f 3029/1/405 3032/1/405 3038/1/405 3034/1/405
f 3041/1/406 3043/1/406 3030/1/406 3028/1/406
f 3048/1/28 3036/1/28 3031/1/28 3042/1/28
f 3035/1/407 3037/1/407 3050/1/407 3046/1/407
f 3047/1/408 3049/1/408 3044/1/408 3040/1/408
f 3083/1/405 3084/1/405 3086/1/405 3085/1/405
f 3085/1/407 3086/1/407 3090/1/407 3089/1/407
f 3089/1/408 3090/1/408 3088/1/408 3087/1/408
f 3087/1/406 3088/1/406 3084/1/406 3083/1/406
f 3085/1/25 3089/1/25 3087/1/25 3083/1/25
f 3090/1/28 3086/1/28 3084/1/28 3088/1/28
f 3309/1/28 3310/1/28 3312/1/633 3311/1/633
f 3311/1/633 3312/1/633 3314/1/634 3313/1/634
f 3313/1/634 3314/1/634 3316/1/635 3315/1/635
f 3315/1/635 3316/1/635 3318/1/474 3317/1/474
f 3317/1/474 3318/1/474 3320/1/636 3319/1/636
f 3319/1/636 3320/1/636 3322/1/408 3321/1/408
f 3321/1/408 3322/1/408 3324/1/637 3323/1/637
f 3323/1/637 3324/1/637 3326/1/638 3325/1/638
f 3325/1/638 3326/1/638 3328/1/639 3327/1/639
f 3327/1/639 3328/1/639 3330/1/640 3329/1/640
f 3329/1/640 3330/1/640 3332/1/641 3331/1/641
f 3331/1/641 3332/1/641 3334/1/25 3333/1/25
f 3333/1/25 3334/1/25 3336/1/642 3335/1/642
f 3335/1/642 3336/1/642 3338/1/643 3337/1/643
f 3337/1/643 3338/1/643 3340/1/644 3339/1/644
f 3339/1/644 3340/1/644 3342/1/467 3341/1/467
f 3341/1/467 3342/1/467 3344/1/645 3343/1/645
f 3343/1/645 3344/1/645 3346/1/405 3345/1/405
f 3345/1/405 3346/1/405 3348/1/646 3347/1/646
f 3347/1/646 3348/1/646 3350/1/647 3349/1/647
f 3349/1/647 3350/1/647 3352/1/648 3351/1/648
f 3351/1/648 3352/1/648 3354/1/649 3353/1/649
f 3312/1/406 3310/1/406 3356/1/406 3354/1/406 3352/1/406 3350/1/406 3348/1/406 3346/1/406 3344/1/406 3342/1/406 3340/1/406 3338/1/406 3336/1/406 3334/1/406 3332/1/406 3330/1/406 3328/1/406 3326/1/406 3324/1/406 3322/1/406 3320/1/406 3318/1/406 3316/1/406 3314/1/406
f 3353/1/649 3354/1/649 3356/1/650 3355/1/650
f 3355/1/650 3356/1/650 3310/1/28 3309/1/28
f 3309/1/407 3311/1/407 3313/1/407 3315/1/407 3317/1/407 3319/1/407 3321/1/407 3323/1/407 3325/1/407 3327/1/407 3329/1/407 3331/1/407 3333/1/407 3335/1/407 3337/1/407 3339/1/407 3341/1/407 3343/1/407 3345/1/407 3347/1/407 3349/1/407 3351/1/407 3353/1/407 3355/1/407
f 3573/1/28 3574/1/28 3576/1/633 3575/1/633
f 3575/1/633 3576/1/633 3578/1/634 3577/1/634
f 3577/1/634 3578/1/634 3580/1/635 3579/1/635
f 3579/1/635 3580/1/635 3582/1/474 3581/1/474
f 3581/1/474 3582/1/474 3584/1/636 3583/1/636
f 3583/1/636 3584/1/636 3586/1/408 3585/1/408
f 3585/1/408 3586/1/408 3588/1/637 3587/1/637
f 3587/1/637 3588/1/637 3590/1/638 3589/1/638
f 3589/1/638 3590/1/638 3592/1/639 3591/1/639
f 3591/1/639 3592/1/639 3594/1/640 3593/1/640
f 3593/1/640 3594/1/640 3596/1/641 3595/1/641
f 3595/1/641 3596/1/641 3598/1/25 3597/1/25
f 3597/1/25 3598/1/25 3600/1/642 3599/1/642
f 3599/1/642 3600/1/642 3602/1/643 3601/1/643
f 3601/1/643 3602/1/643 3604/1/644 3603/1/644
f 3603/1/644 3604/1/644 3606/1/467 3605/1/467
f 3605/1/467 3606/1/467 3608/1/645 3607/1/645
f 3607/1/645 3608/1/645 3610/1/405 3609/1/405
f 3609/1/405 3610/1/405 3612/1/646 3611/1/646
f 3611/1/646 3612/1/646 3614/1/647 3613/1/647
f 3613/1/647 3614/1/647 3616/1/648 3615/1/648
f 3615/1/648 3616/1/648 3618/1/649 3617/1/649
f 3576/1/406 3574/1/406 3620/1/406 3618/1/406 3616/1/406 3614/1/406 3612/1/406 3610/1/406 3608/1/406 3606/1/406 3604/1/406 3602/1/406 3600/1/406 3598/1/406 3596/1/406 3594/1/406 3592/1/406 3590/1/406 3588/1/406 3586/1/406 3584/1/406 3582/1/406 3580/1/406 3578/1/406
f 3617/1/649 3618/1/649 3620/1/650 3619/1/650
f 3619/1/650 3620/1/650 3574/1/28 3573/1/28
f 3573/1/407 3575/1/407 3577/1/407 3579/1/407 3581/1/407 3583/1/407 3585/1/407 3587/1/407 3589/1/407 3591/1/407 3593/1/407 3595/1/407 3597/1/407 3599/1/407 3601/1/407 3603/1/407 3605/1/407 3607/1/407 3609/1/407 3611/1/407 3613/1/407 3615/1/407 3617/1/407 3619/1/407
f 3837/1/28 3838/1/28 3840/1/633 3839/1/633
f 3839/1/633 3840/1/633 3842/1/634 3841/1/634
f 3841/1/634 3842/1/634 3844/1/635 3843/1/635
f 3843/1/635 3844/1/635 3846/1/474 3845/1/474
f 3845/1/474 3846/1/474 3848/1/636 3847/1/636
f 3847/1/636 3848/1/636 3850/1/408 3849/1/408
f 3849/1/408 3850/1/408 3852/1/637 3851/1/637
f 3851/1/637 3852/1/637 3854/1/638 3853/1/638
f 3853/1/638 3854/1/638 3856/1/639 3855/1/639
f 3855/1/639 3856/1/639 3858/1/640 3857/1/640
f 3857/1/640 3858/1/640 3860/1/641 3859/1/641
f 3859/1/641 3860/1/641 3862/1/25 3861/1/25
f 3861/1/25 3862/1/25 3864/1/642 3863/1/642
f 3863/1/642 3864/1/642 3866/1/643 3865/1/643
f 3865/1/643 3866/1/643 3868/1/644 3867/1/644
f 3867/1/644 3868/1/644 3870/1/467 3869/1/467
f 3869/1/467 3870/1/467 3872/1/645 3871/1/645
f 3871/1/645 3872/1/645 3874/1/405 3873/1/405
f 3873/1/405 3874/1/405 3876/1/646 3875/1/646
f 3875/1/646 3876/1/646 3878/1/647 3877/1/647
f 3877/1/647 3878/1/647 3880/1/648 3879/1/648
f 3879/1/648 3880/1/648 3882/1/649 3881/1/649
f 3840/1/406 3838/1/406 3884/1/406 3882/1/406 3880/1/406 3878/1/406 3876/1/406 3874/1/406 3872/1/406 3870/1/406 3868/1/406 3866/1/406 3864/1/406 3862/1/406 3860/1/406 3858/1/406 3856/1/406 3854/1/406 3852/1/406 3850/1/406 3848/1/406 3846/1/406 3844/1/406 3842/1/406
f 3881/1/649 3882/1/649 3884/1/650 3883/1/650
f 3883/1/650 3884/1/650 3838/1/28 3837/1/28
f 3837/1/407 3839/1/407 3841/1/407 3843/1/407 3845/1/407 3847/1/407 3849/1/407 3851/1/407 3853/1/407 3855/1/407 3857/1/407 3859/1/407 3861/1/407 3863/1/407 3865/1/407 3867/1/407 3869/1/407 3871/1/407 3873/1/407 3875/1/407 3877/1/407 3879/1/407 3881/1/407 3883/1/407
f 4101/1/28 4102/1/28 4104/1/633 4103/1/633
f 4103/1/633 4104/1/633 4106/1/634 4105/1/634
f 4105/1/634 4106/1/634 4108/1/635 4107/1/635
f 4107/1/635 4108/1/635 4110/1/474 4109/1/474
f 4109/1/474 4110/1/474 4112/1/636 4111/1/636
f 4111/1/636 4112/1/636 4114/1/408 4113/1/408
f 4113/1/408 4114/1/408 4116/1/637 4115/1/637
f 4115/1/637 4116/1/637 4118/1/638 4117/1/638
f 4117/1/638 4118/1/638 4120/1/639 4119/1/639
f 4119/1/639 4120/1/639 4122/1/640 4121/1/640
f 4121/1/640 4122/1/640 4124/1/641 4123/1/641
f 4123/1/641 4124/1/641 4126/1/25 4125/1/25
f 4125/1/25 4126/1/25 4128/1/642 4127/1/642
f 4127/1/642 4128/1/642 4130/1/643 4129/1/643
f 4129/1/643 4130/1/643 4132/1/644 4131/1/644
f 4131/1/644 4132/1/644 4134/1/467 4133/1/467
f 4133/1/467 4134/1/467 4136/1/645 4135/1/645
f 4135/1/645 4136/1/645 4138/1/405 4137/1/405
f 4137/1/405 4138/1/405 4140/1/646 4139/1/646
f 4139/1/646 4140/1/646 4142/1/647 4141/1/647
f 4141/1/647 4142/1/647 4144/1/648 4143/1/648
f 4143/1/648 4144/1/648 4146/1/649 4145/1/649
f 4104/1/406 4102/1/406 4148/1/406 4146/1/406 4144/1/406 4142/1/406 4140/1/406 4138/1/406 4136/1/406 4134/1/406 4132/1/406 4130/1/406 4128/1/406 4126/1/406 4124/1/406 4122/1/406 4120/1/406 4118/1/406 4116/1/406 4114/1/406 4112/1/406 4110/1/406 4108/1/406 4106/1/406
f 4145/1/649 4146/1/649 4148/1/650 4147/1/650
f 4147/1/650 4148/1/650 4102/1/28 4101/1/28
f 4101/1/407 4103/1/407 4105/1/407 4107/1/407 4109/1/407 4111/1/407 4113/1/407 4115/1/407 4117/1/407 4119/1/407 4121/1/407 4123/1/407 4125/1/407 4127/1/407 4129/1/407 4131/1/407 4133/1/407 4135/1/407 4137/1/407 4139/1/407 4141/1/407 4143/1/407 4145/1/407 4147/1/407
usemtl steel
f 2995/1/381 2996/1/382 2997/1/383
f 2998/1/384 2999/1/385 3000/1/386
f 3001/1/387 3002/1/388 3003/1/389
f 3004/1/390 3005/1/391 3006/1/392
f 3007/1/393 3008/1/394 3009/1/395
f 3010/1/396 3011/1/397 3012/1/398
f 3013/1/399 3014/1/400 3015/1/401
f 3016/1/402 3017/1/403 3018/1/404
f 3001/1/387 2995/1/381 2997/1/383 3002/1/388
f 2996/1/382 2998/1/384 3000/1/386 2997/1/383
f 2999/1/385 3004/1/390 3006/1/392 3000/1/386
f 3005/1/391 3003/1/389 3002/1/388 3006/1/392
f 3013/1/399 3001/1/387 3003/1/389 3014/1/400
f 3004/1/390 3016/1/402 3018/1/404 3005/1/391
f 3017/1/403 3015/1/401 3014/1/400 3018/1/404
f 3007/1/393 3013/1/399 3015/1/401 3008/1/394
f 3016/1/402 3010/1/396 3012/1/398 3017/1/403
f 3011/1/397 3009/1/395 3008/1/394 3012/1/398
f 2995/1/381 3007/1/393 3009/1/395 2996/1/382
f 3010/1/396 2999/1/385 2998/1/384 3011/1/397
f 3001/1/25 3013/1/25 3007/1/25 2995/1/25
f 2997/1/405 3000/1/405 3006/1/405 3002/1/405
f 3009/1/406 3011/1/406 2998/1/406 2996/1/406
f 3016/1/28 3004/1/28 2999/1/28 3010/1/28
f 3003/1/407 3005/1/407 3018/1/407 3014/1/407
f 3015/1/408 3017/1/408 3012/1/408 3008/1/408
f 3019/1/405 3020/1/405 3022/1/405 3021/1/405
f 3021/1/407 3022/1/407 3026/1/407 3025/1/407
f 3025/1/408 3026/1/408 3024/1/408 3023/1/408
f 3023/1/406 3024/1/406 3020/1/406 3019/1/406
f 3021/1/25 3025/1/25 3023/1/25 3019/1/25
f 3026/1/28 3022/1/28 3020/1/28 3024/1/28
f 3051/1/381 3052/1/382 3053/1/383
f 3054/1/384 3055/1/385 3056/1/386
f 3057/1/387 3058/1/388 3059/1/389
f 3060/1/390 3061/1/391 3062/1/392
f 3063/1/393 3064/1/394 3065/1/395
f 3066/1/396 3067/1/397 3068/1/398
f 3069/1/399 3070/1/400 3071/1/401
f 3072/1/402 3073/1/403 3074/1/404
f 3057/1/387 3051/1/381 3053/1/383 3058/1/388
f 3052/1/382 3054/1/384 3056/1/386 3053/1/383
f 3055/1/385 3060/1/390 3062/1/392 3056/1/386
f 3061/1/391 3059/1/389 3058/1/388 3062/1/392
f 3069/1/399 3057/1/387 3059/1/389 3070/1/400
f 3060/1/390 3072/1/402 3074/1/404 3061/1/391
f 3073/1/403 3071/1/401 3070/1/400 3074/1/404
f 3063/1/393 3069/1/399 3071/1/401 3064/1/394
f 3072/1/402 3066/1/396 3068/1/398 3073/1/403
f 3067/1/397 3065/1/395 3064/1/394 3068/1/398
f 3051/1/381 3063/1/393 3065/1/395 3052/1/382
f 3066/1/396 3055/1/385 3054/1/384 3067/1/397
f 3057/1/25 3069/1/25 3063/1/25 3051/1/25
f 3053/1/405 3056/1/405 3062/1/405 3058/1/405
f 3065/1/406 3067/1/406 3054/1/406 3052/1/406
f 3072/1/28 3060/1/28 3055/1/28 3066/1/28
f 3059/1/407 3061/1/407 3074/1/407 3070/1/407
f 3071/1/408 3073/1/408 3068/1/408 3064/1/408
f 3075/1/405 3076/1/405 3078/1/405 3077/1/405
f 3077/1/407 3078/1/407 3082/1/407 3081/1/407
f 3081/1/408 3082/1/408 3080/1/408 3079/1/408
f 3079/1/406 3080/1/406 3076/1/406 3075/1/406
f 3077/1/25 3081/1/25 3079/1/25 3075/1/25
f 3082/1/28 3078/1/28 3076/1/28 3080/1/28
usemtl mustard_e1.3
f 3093/1/509 3116/1/509 3096/1/509 3097/1/509
f 3092/1/510 3091/1/28 3095/1/511
f 3094/1/25 3093/1/512 3097/1/513
f 3116/1/514 3092/1/514 3095/1/514 3096/1/514
f 3097/1/515 3096/1/515 3099/1/515 3100/1/515
f 3095/1/511 3091/1/28 3098/1/516
f 3094/1/25 3097/1/513 3100/1/517
f 3096/1/518 3095/1/518 3098/1/518 3099/1/518
f 3100/1/519 3099/1/519 3102/1/519 3103/1/519
f 3098/1/516 3091/1/28 3101/1/520
f 3094/1/25 3100/1/517 3103/1/521
f 3099/1/522 3098/1/522 3101/1/522 3102/1/522
f 3103/1/523 3102/1/523 3105/1/523 3106/1/523
f 3101/1/520 3091/1/28 3104/1/524
f 3094/1/25 3103/1/521 3106/1/525
f 3102/1/526 3101/1/526 3104/1/526 3105/1/526
f 3105/1/527 3104/1/527 3107/1/527 3108/1/527
f 3106/1/528 3105/1/528 3108/1/528 3109/1/528
f 3104/1/524 3091/1/28 3107/1/529
f 3094/1/25 3106/1/525 3109/1/530
f 3094/1/25 3109/1/530 3112/1/531
f 3108/1/532 3107/1/532 3110/1/532 3111/1/532
f 3109/1/533 3108/1/533 3111/1/533 3112/1/533
f 3107/1/529 3091/1/28 3110/1/534
f 3094/1/25 3112/1/531 3115/1/535
f 3111/1/536 3110/1/536 3113/1/536 3114/1/536
f 3112/1/537 3111/1/537 3114/1/537 3115/1/537
f 3110/1/534 3091/1/28 3113/1/538
f 3094/1/25 3115/1/535 3093/1/512
f 3114/1/539 3113/1/539 3092/1/539 3116/1/539
f 3115/1/540 3114/1/540 3116/1/540 3093/1/540
f 3113/1/538 3091/1/28 3092/1/510
