# Blender 5.0.1
# www.blender.org
mtllib TurboEngine.mtl
o TurboEngine
v -3.028287 0.516000 1.270000 0.1804 0.2078 0.3137
v -3.028287 0.546000 1.300000 0.1804 0.2078 0.3137
v -3.058287 0.546000 1.270000 0.1804 0.2078 0.3137
v -3.028287 0.686000 1.300000 0.1804 0.2078 0.3137
v -3.028287 0.716000 1.270000 0.1804 0.2078 0.3137
v -3.058287 0.686000 1.270000 0.1804 0.2078 0.3137
v -3.028287 0.516000 1.130000 0.1804 0.2078 0.3137
v -3.058287 0.546000 1.130000 0.1804 0.2078 0.3137
v -3.028287 0.546000 1.100000 0.1804 0.2078 0.3137
v -3.028287 0.716000 1.130000 0.1804 0.2078 0.3137
v -3.028287 0.686000 1.100000 0.1804 0.2078 0.3137
v -3.058287 0.686000 1.130000 0.1804 0.2078 0.3137
v 2.311713 0.516000 1.270000 0.1804 0.2078 0.3137
v 2.341713 0.546000 1.270000 0.1804 0.2078 0.3137
v 2.311713 0.546000 1.300000 0.1804 0.2078 0.3137
v 2.311713 0.716000 1.270000 0.1804 0.2078 0.3137
v 2.311713 0.686000 1.300000 0.1804 0.2078 0.3137
v 2.341713 0.686000 1.270000 0.1804 0.2078 0.3137
v 2.311713 0.516000 1.130000 0.1804 0.2078 0.3137
v 2.311713 0.546000 1.100000 0.1804 0.2078 0.3137
v 2.341713 0.546000 1.130000 0.1804 0.2078 0.3137
v 2.311713 0.716000 1.130000 0.1804 0.2078 0.3137
v 2.341713 0.686000 1.130000 0.1804 0.2078 0.3137
v 2.311713 0.686000 1.100000 0.1804 0.2078 0.3137
v -2.928287 0.566000 1.270000 0.1804 0.2078 0.3137
v -2.928287 0.596000 1.300000 0.1804 0.2078 0.3137
v -2.958287 0.596000 1.270000 0.1804 0.2078 0.3137
v -2.928287 2.036000 1.300000 0.1804 0.2078 0.3137
v -2.928287 2.066000 1.270000 0.1804 0.2078 0.3137
v -2.958287 2.036000 1.270000 0.1804 0.2078 0.3137
v -2.928287 0.566000 1.130000 0.1804 0.2078 0.3137
v -2.958287 0.596000 1.130000 0.1804 0.2078 0.3137
v -2.928287 0.596000 1.100000 0.1804 0.2078 0.3137
v -2.928287 2.066000 1.130000 0.1804 0.2078 0.3137
v -2.928287 2.036000 1.100000 0.1804 0.2078 0.3137
v -2.958287 2.036000 1.130000 0.1804 0.2078 0.3137
v -2.788287 0.566000 1.270000 0.1804 0.2078 0.3137
v -2.758287 0.596000 1.270000 0.1804 0.2078 0.3137
v -2.788287 0.596000 1.300000 0.1804 0.2078 0.3137
v -2.788287 2.066000 1.270000 0.1804 0.2078 0.3137
v -2.788287 2.036000 1.300000 0.1804 0.2078 0.3137
v -2.758287 2.036000 1.270000 0.1804 0.2078 0.3137
v -2.788287 0.566000 1.130000 0.1804 0.2078 0.3137
v -2.788287 0.596000 1.100000 0.1804 0.2078 0.3137
v -2.758287 0.596000 1.130000 0.1804 0.2078 0.3137
v -2.788287 2.066000 1.130000 0.1804 0.2078 0.3137
v -2.758287 2.036000 1.130000 0.1804 0.2078 0.3137
v -2.788287 2.036000 1.100000 0.1804 0.2078 0.3137
v -2.858287 0.361000 1.000000 0.7216 0.7608 0.8000
v -2.858287 0.511000 1.000000 0.7216 0.7608 0.8000
v -2.740730 0.361000 1.038197 0.7216 0.7608 0.8000
v -2.740730 0.511000 1.038197 0.7216 0.7608 0.8000
v -2.668076 0.361000 1.138197 0.7216 0.7608 0.8000
v -2.668076 0.511000 1.138197 0.7216 0.7608 0.8000
v -2.668076 0.361000 1.261803 0.7216 0.7608 0.8000
v -2.668076 0.511000 1.261803 0.7216 0.7608 0.8000
v -2.740730 0.361000 1.361803 0.7216 0.7608 0.8000
v -2.740730 0.511000 1.361803 0.7216 0.7608 0.8000
v -2.858287 0.361000 1.400000 0.7216 0.7608 0.8000
v -2.858287 0.511000 1.400000 0.7216 0.7608 0.8000
v -2.975844 0.361000 1.361803 0.7216 0.7608 0.8000
v -2.975844 0.511000 1.361803 0.7216 0.7608 0.8000
v -3.048498 0.361000 1.261803 0.7216 0.7608 0.8000
v -3.048498 0.511000 1.261803 0.7216 0.7608 0.8000
v -3.048498 0.361000 1.138197 0.7216 0.7608 0.8000
v -3.048498 0.511000 1.138197 0.7216 0.7608 0.8000
v -2.975844 0.361000 1.038197 0.7216 0.7608 0.8000
v -2.975844 0.511000 1.038197 0.7216 0.7608 0.8000
v -2.858287 0.000000 1.200000 0.2039 0.2196 0.2471
v -2.858287 0.035637 1.067000 0.2039 0.2196 0.2471
v -2.858287 0.133000 0.969637 0.2039 0.2196 0.2471
v -2.858287 0.266000 0.934000 0.2039 0.2196 0.2471
v -2.858287 0.399000 0.969637 0.2039 0.2196 0.2471
v -2.858287 0.496363 1.067000 0.2039 0.2196 0.2471
v -2.858287 0.532000 1.200000 0.2039 0.2196 0.2471
v -2.858287 0.496363 1.333000 0.2039 0.2196 0.2471
v -2.858287 0.399000 1.430363 0.2039 0.2196 0.2471
v -2.858287 0.266000 1.466000 0.2039 0.2196 0.2471
v -2.858287 0.133000 1.430363 0.2039 0.2196 0.2471
v -2.858287 0.035637 1.333000 0.2039 0.2196 0.2471
v -2.807375 0.021088 1.200000 0.2039 0.2196 0.2471
v -2.807375 0.053900 1.077544 0.2039 0.2196 0.2471
v -2.807375 0.143544 0.987900 0.2039 0.2196 0.2471
v -2.807375 0.266000 0.955088 0.2039 0.2196 0.2471
v -2.807375 0.388456 0.987900 0.2039 0.2196 0.2471
v -2.807375 0.478100 1.077544 0.2039 0.2196 0.2471
v -2.807375 0.510912 1.200000 0.2039 0.2196 0.2471
v -2.807375 0.478100 1.322456 0.2039 0.2196 0.2471
v -2.807375 0.388456 1.412100 0.2039 0.2196 0.2471
v -2.807375 0.266000 1.444912 0.2039 0.2196 0.2471
v -2.807375 0.143544 1.412100 0.2039 0.2196 0.2471
v -2.807375 0.053900 1.322456 0.2039 0.2196 0.2471
v -2.786287 0.072000 1.200000 0.2039 0.2196 0.2471
v -2.786287 0.097991 1.103000 0.2039 0.2196 0.2471
v -2.786287 0.169000 1.031991 0.2039 0.2196 0.2471
v -2.786287 0.266000 1.006000 0.2039 0.2196 0.2471
v -2.786287 0.363000 1.031991 0.2039 0.2196 0.2471
v -2.786287 0.434009 1.103000 0.2039 0.2196 0.2471
v -2.786287 0.460000 1.200000 0.2039 0.2196 0.2471
v -2.786287 0.434009 1.297000 0.2039 0.2196 0.2471
v -2.786287 0.363000 1.368009 0.2039 0.2196 0.2471
v -2.786287 0.266000 1.394000 0.2039 0.2196 0.2471
v -2.786287 0.169000 1.368009 0.2039 0.2196 0.2471
v -2.786287 0.097991 1.297000 0.2039 0.2196 0.2471
v -2.807375 0.122912 1.200000 0.2039 0.2196 0.2471
v -2.807375 0.142082 1.128456 0.2039 0.2196 0.2471
v -2.807375 0.194456 1.076082 0.2039 0.2196 0.2471
v -2.807375 0.266000 1.056912 0.2039 0.2196 0.2471
v -2.807375 0.337544 1.076082 0.2039 0.2196 0.2471
v -2.807375 0.389918 1.128456 0.2039 0.2196 0.2471
v -2.807375 0.409088 1.200000 0.2039 0.2196 0.2471
v -2.807375 0.389918 1.271544 0.2039 0.2196 0.2471
v -2.807375 0.337544 1.323918 0.2039 0.2196 0.2471
v -2.807375 0.266000 1.343088 0.2039 0.2196 0.2471
v -2.807375 0.194456 1.323918 0.2039 0.2196 0.2471
v -2.807375 0.142082 1.271544 0.2039 0.2196 0.2471
v -2.858287 0.144000 1.200000 0.2039 0.2196 0.2471
v -2.858287 0.160345 1.139000 0.2039 0.2196 0.2471
v -2.858287 0.205000 1.094345 0.2039 0.2196 0.2471
v -2.858287 0.266000 1.078000 0.2039 0.2196 0.2471
v -2.858287 0.327000 1.094345 0.2039 0.2196 0.2471
v -2.858287 0.371655 1.139000 0.2039 0.2196 0.2471
v -2.858287 0.388000 1.200000 0.2039 0.2196 0.2471
v -2.858287 0.371655 1.261000 0.2039 0.2196 0.2471
v -2.858287 0.327000 1.305655 0.2039 0.2196 0.2471
v -2.858287 0.266000 1.322000 0.2039 0.2196 0.2471
v -2.858287 0.205000 1.305655 0.2039 0.2196 0.2471
v -2.858287 0.160345 1.261000 0.2039 0.2196 0.2471
v -2.909199 0.122912 1.200000 0.2039 0.2196 0.2471
v -2.909199 0.142082 1.128456 0.2039 0.2196 0.2471
v -2.909199 0.194456 1.076082 0.2039 0.2196 0.2471
v -2.909199 0.266000 1.056912 0.2039 0.2196 0.2471
v -2.909199 0.337544 1.076082 0.2039 0.2196 0.2471
v -2.909199 0.389918 1.128456 0.2039 0.2196 0.2471
v -2.909199 0.409088 1.200000 0.2039 0.2196 0.2471
v -2.909199 0.389918 1.271544 0.2039 0.2196 0.2471
v -2.909199 0.337544 1.323918 0.2039 0.2196 0.2471
v -2.909199 0.266000 1.343088 0.2039 0.2196 0.2471
v -2.909199 0.194456 1.323918 0.2039 0.2196 0.2471
v -2.909199 0.142082 1.271544 0.2039 0.2196 0.2471
v -2.930287 0.072000 1.200000 0.2039 0.2196 0.2471
v -2.930287 0.097991 1.103000 0.2039 0.2196 0.2471
v -2.930287 0.169000 1.031991 0.2039 0.2196 0.2471
v -2.930287 0.266000 1.006000 0.2039 0.2196 0.2471
v -2.930287 0.363000 1.031991 0.2039 0.2196 0.2471
v -2.930287 0.434009 1.103000 0.2039 0.2196 0.2471
v -2.930287 0.460000 1.200000 0.2039 0.2196 0.2471
v -2.930287 0.434009 1.297000 0.2039 0.2196 0.2471
v -2.930287 0.363000 1.368009 0.2039 0.2196 0.2471
v -2.930287 0.266000 1.394000 0.2039 0.2196 0.2471
v -2.930287 0.169000 1.368009 0.2039 0.2196 0.2471
v -2.930287 0.097991 1.297000 0.2039 0.2196 0.2471
v -2.909199 0.021088 1.200000 0.2039 0.2196 0.2471
v -2.909199 0.053900 1.077544 0.2039 0.2196 0.2471
v -2.909199 0.143544 0.987900 0.2039 0.2196 0.2471
v -2.909199 0.266000 0.955088 0.2039 0.2196 0.2471
v -2.909199 0.388456 0.987900 0.2039 0.2196 0.2471
v -2.909199 0.478100 1.077544 0.2039 0.2196 0.2471
v -2.909199 0.510912 1.200000 0.2039 0.2196 0.2471
v -2.909199 0.478100 1.322456 0.2039 0.2196 0.2471
v -2.909199 0.388456 1.412100 0.2039 0.2196 0.2471
v -2.909199 0.266000 1.444912 0.2039 0.2196 0.2471
v -2.909199 0.143544 1.412100 0.2039 0.2196 0.2471
v -2.909199 0.053900 1.322456 0.2039 0.2196 0.2471
v -2.914287 0.266000 1.045000 0.7216 0.7608 0.8000
v -2.802287 0.266000 1.045000 0.7216 0.7608 0.8000
v -2.914287 0.188500 1.065766 0.7216 0.7608 0.8000
v -2.802287 0.188500 1.065766 0.7216 0.7608 0.8000
v -2.914287 0.131766 1.122500 0.7216 0.7608 0.8000
v -2.802287 0.131766 1.122500 0.7216 0.7608 0.8000
v -2.914287 0.111000 1.200000 0.7216 0.7608 0.8000
v -2.802287 0.111000 1.200000 0.7216 0.7608 0.8000
v -2.914287 0.131766 1.277500 0.7216 0.7608 0.8000
v -2.802287 0.131766 1.277500 0.7216 0.7608 0.8000
v -2.914287 0.188500 1.334234 0.7216 0.7608 0.8000
v -2.802287 0.188500 1.334234 0.7216 0.7608 0.8000
v -2.914287 0.266000 1.355000 0.7216 0.7608 0.8000
v -2.802287 0.266000 1.355000 0.7216 0.7608 0.8000
v -2.914287 0.343500 1.334234 0.7216 0.7608 0.8000
v -2.802287 0.343500 1.334234 0.7216 0.7608 0.8000
v -2.914287 0.400234 1.277500 0.7216 0.7608 0.8000
v -2.802287 0.400234 1.277500 0.7216 0.7608 0.8000
v -2.914287 0.421000 1.200000 0.7216 0.7608 0.8000
v -2.802287 0.421000 1.200000 0.7216 0.7608 0.8000
v -2.914287 0.400234 1.122500 0.7216 0.7608 0.8000
v -2.802287 0.400234 1.122500 0.7216 0.7608 0.8000
v -2.914287 0.343500 1.065766 0.7216 0.7608 0.8000
v -2.802287 0.343500 1.065766 0.7216 0.7608 0.8000
v -2.930287 0.266000 1.137500 1.0000 0.9647 0.8980
v -2.786287 0.266000 1.137500 1.0000 0.9647 0.8980
v -2.930287 0.234750 1.145873 1.0000 0.9647 0.8980
v -2.786287 0.234750 1.145873 1.0000 0.9647 0.8980
v -2.930287 0.211873 1.168750 1.0000 0.9647 0.8980
v -2.786287 0.211873 1.168750 1.0000 0.9647 0.8980
v -2.930287 0.203500 1.200000 1.0000 0.9647 0.8980
v -2.786287 0.203500 1.200000 1.0000 0.9647 0.8980
v -2.930287 0.211873 1.231250 1.0000 0.9647 0.8980
v -2.786287 0.211873 1.231250 1.0000 0.9647 0.8980
v -2.930287 0.234750 1.254127 1.0000 0.9647 0.8980
v -2.786287 0.234750 1.254127 1.0000 0.9647 0.8980
v -2.930287 0.266000 1.262500 1.0000 0.9647 0.8980
v -2.786287 0.266000 1.262500 1.0000 0.9647 0.8980
v -2.930287 0.297250 1.254127 1.0000 0.9647 0.8980
v -2.786287 0.297250 1.254127 1.0000 0.9647 0.8980
v -2.930287 0.320127 1.231250 1.0000 0.9647 0.8980
v -2.786287 0.320127 1.231250 1.0000 0.9647 0.8980
v -2.930287 0.328500 1.200000 1.0000 0.9647 0.8980
v -2.786287 0.328500 1.200000 1.0000 0.9647 0.8980
v -2.930287 0.320127 1.168750 1.0000 0.9647 0.8980
v -2.786287 0.320127 1.168750 1.0000 0.9647 0.8980
v -2.930287 0.297250 1.145873 1.0000 0.9647 0.8980
v -2.786287 0.297250 1.145873 1.0000 0.9647 0.8980
v 2.071713 0.566000 1.270000 0.1804 0.2078 0.3137
v 2.071713 0.596000 1.300000 0.1804 0.2078 0.3137
v 2.041713 0.596000 1.270000 0.1804 0.2078 0.3137
v 2.071713 2.036000 1.300000 0.1804 0.2078 0.3137
v 2.071713 2.066000 1.270000 0.1804 0.2078 0.3137
v 2.041713 2.036000 1.270000 0.1804 0.2078 0.3137
v 2.071713 0.566000 1.130000 0.1804 0.2078 0.3137
v 2.041713 0.596000 1.130000 0.1804 0.2078 0.3137
v 2.071713 0.596000 1.100000 0.1804 0.2078 0.3137
v 2.071713 2.066000 1.130000 0.1804 0.2078 0.3137
v 2.071713 2.036000 1.100000 0.1804 0.2078 0.3137
v 2.041713 2.036000 1.130000 0.1804 0.2078 0.3137
v 2.211713 0.566000 1.270000 0.1804 0.2078 0.3137
v 2.241713 0.596000 1.270000 0.1804 0.2078 0.3137
v 2.211713 0.596000 1.300000 0.1804 0.2078 0.3137
v 2.211713 2.066000 1.270000 0.1804 0.2078 0.3137
v 2.211713 2.036000 1.300000 0.1804 0.2078 0.3137
v 2.241713 2.036000 1.270000 0.1804 0.2078 0.3137
v 2.211713 0.566000 1.130000 0.1804 0.2078 0.3137
v 2.211713 0.596000 1.100000 0.1804 0.2078 0.3137
v 2.241713 0.596000 1.130000 0.1804 0.2078 0.3137
v 2.211713 2.066000 1.130000 0.1804 0.2078 0.3137
v 2.241713 2.036000 1.130000 0.1804 0.2078 0.3137
v 2.211713 2.036000 1.100000 0.1804 0.2078 0.3137
v 2.141713 0.361000 1.000000 0.7216 0.7608 0.8000
v 2.141713 0.511000 1.000000 0.7216 0.7608 0.8000
v 2.259270 0.361000 1.038197 0.7216 0.7608 0.8000
v 2.259270 0.511000 1.038197 0.7216 0.7608 0.8000
v 2.331924 0.361000 1.138197 0.7216 0.7608 0.8000
v 2.331924 0.511000 1.138197 0.7216 0.7608 0.8000
v 2.331924 0.361000 1.261803 0.7216 0.7608 0.8000
v 2.331924 0.511000 1.261803 0.7216 0.7608 0.8000
v 2.259270 0.361000 1.361803 0.7216 0.7608 0.8000
v 2.259270 0.511000 1.361803 0.7216 0.7608 0.8000
v 2.141713 0.361000 1.400000 0.7216 0.7608 0.8000
v 2.141713 0.511000 1.400000 0.7216 0.7608 0.8000
v 2.024156 0.361000 1.361803 0.7216 0.7608 0.8000
v 2.024156 0.511000 1.361803 0.7216 0.7608 0.8000
v 1.951502 0.361000 1.261803 0.7216 0.7608 0.8000
v 1.951502 0.511000 1.261803 0.7216 0.7608 0.8000
v 1.951502 0.361000 1.138197 0.7216 0.7608 0.8000
v 1.951502 0.511000 1.138197 0.7216 0.7608 0.8000
v 2.024156 0.361000 1.038197 0.7216 0.7608 0.8000
v 2.024156 0.511000 1.038197 0.7216 0.7608 0.8000
v 2.141713 0.000000 1.200000 0.2039 0.2196 0.2471
v 2.141713 0.035637 1.067000 0.2039 0.2196 0.2471
v 2.141713 0.133000 0.969637 0.2039 0.2196 0.2471
v 2.141713 0.266000 0.934000 0.2039 0.2196 0.2471
v 2.141713 0.399000 0.969637 0.2039 0.2196 0.2471
v 2.141713 0.496363 1.067000 0.2039 0.2196 0.2471
v 2.141713 0.532000 1.200000 0.2039 0.2196 0.2471
v 2.141713 0.496363 1.333000 0.2039 0.2196 0.2471
v 2.141713 0.399000 1.430363 0.2039 0.2196 0.2471
v 2.141713 0.266000 1.466000 0.2039 0.2196 0.2471
v 2.141713 0.133000 1.430363 0.2039 0.2196 0.2471
v 2.141713 0.035637 1.333000 0.2039 0.2196 0.2471
v 2.192625 0.021088 1.200000 0.2039 0.2196 0.2471
v 2.192625 0.053900 1.077544 0.2039 0.2196 0.2471
v 2.192625 0.143544 0.987900 0.2039 0.2196 0.2471
v 2.192625 0.266000 0.955088 0.2039 0.2196 0.2471
v 2.192625 0.388456 0.987900 0.2039 0.2196 0.2471
v 2.192625 0.478100 1.077544 0.2039 0.2196 0.2471
v 2.192625 0.510912 1.200000 0.2039 0.2196 0.2471
v 2.192625 0.478100 1.322456 0.2039 0.2196 0.2471
v 2.192625 0.388456 1.412100 0.2039 0.2196 0.2471
v 2.192625 0.266000 1.444912 0.2039 0.2196 0.2471
v 2.192625 0.143544 1.412100 0.2039 0.2196 0.2471
v 2.192625 0.053900 1.322456 0.2039 0.2196 0.2471
v 2.213713 0.072000 1.200000 0.2039 0.2196 0.2471
v 2.213713 0.097991 1.103000 0.2039 0.2196 0.2471
v 2.213713 0.169000 1.031991 0.2039 0.2196 0.2471
v 2.213713 0.266000 1.006000 0.2039 0.2196 0.2471
v 2.213713 0.363000 1.031991 0.2039 0.2196 0.2471
v 2.213713 0.434009 1.103000 0.2039 0.2196 0.2471
v 2.213713 0.460000 1.200000 0.2039 0.2196 0.2471
v 2.213713 0.434009 1.297000 0.2039 0.2196 0.2471
v 2.213713 0.363000 1.368009 0.2039 0.2196 0.2471
v 2.213713 0.266000 1.394000 0.2039 0.2196 0.2471
v 2.213713 0.169000 1.368009 0.2039 0.2196 0.2471
v 2.213713 0.097991 1.297000 0.2039 0.2196 0.2471
v 2.192625 0.122912 1.200000 0.2039 0.2196 0.2471
v 2.192625 0.142082 1.128456 0.2039 0.2196 0.2471
v 2.192625 0.194456 1.076082 0.2039 0.2196 0.2471
v 2.192625 0.266000 1.056912 0.2039 0.2196 0.2471
v 2.192625 0.337544 1.076082 0.2039 0.2196 0.2471
v 2.192625 0.389918 1.128456 0.2039 0.2196 0.2471
v 2.192625 0.409088 1.200000 0.2039 0.2196 0.2471
v 2.192625 0.389918 1.271544 0.2039 0.2196 0.2471
v 2.192625 0.337544 1.323918 0.2039 0.2196 0.2471
v 2.192625 0.266000 1.343088 0.2039 0.2196 0.2471
v 2.192625 0.194456 1.323918 0.2039 0.2196 0.2471
v 2.192625 0.142082 1.271544 0.2039 0.2196 0.2471
v 2.141713 0.144000 1.200000 0.2039 0.2196 0.2471
v 2.141713 0.160345 1.139000 0.2039 0.2196 0.2471
v 2.141713 0.205000 1.094345 0.2039 0.2196 0.2471
v 2.141713 0.266000 1.078000 0.2039 0.2196 0.2471
v 2.141713 0.327000 1.094345 0.2039 0.2196 0.2471
v 2.141713 0.371655 1.139000 0.2039 0.2196 0.2471
v 2.141713 0.388000 1.200000 0.2039 0.2196 0.2471
v 2.141713 0.371655 1.261000 0.2039 0.2196 0.2471
v 2.141713 0.327000 1.305655 0.2039 0.2196 0.2471
v 2.141713 0.266000 1.322000 0.2039 0.2196 0.2471
v 2.141713 0.205000 1.305655 0.2039 0.2196 0.2471
v 2.141713 0.160345 1.261000 0.2039 0.2196 0.2471
v 2.090801 0.122912 1.200000 0.2039 0.2196 0.2471
v 2.090801 0.142082 1.128456 0.2039 0.2196 0.2471
v 2.090801 0.194456 1.076082 0.2039 0.2196 0.2471
v 2.090801 0.266000 1.056912 0.2039 0.2196 0.2471
v 2.090801 0.337544 1.076082 0.2039 0.2196 0.2471
v 2.090801 0.389918 1.128456 0.2039 0.2196 0.2471
v 2.090801 0.409088 1.200000 0.2039 0.2196 0.2471
v 2.090801 0.389918 1.271544 0.2039 0.2196 0.2471
v 2.090801 0.337544 1.323918 0.2039 0.2196 0.2471
v 2.090801 0.266000 1.343088 0.2039 0.2196 0.2471
v 2.090801 0.194456 1.323918 0.2039 0.2196 0.2471
v 2.090801 0.142082 1.271544 0.2039 0.2196 0.2471
v 2.069713 0.072000 1.200000 0.2039 0.2196 0.2471
v 2.069713 0.097991 1.103000 0.2039 0.2196 0.2471
v 2.069713 0.169000 1.031991 0.2039 0.2196 0.2471
v 2.069713 0.266000 1.006000 0.2039 0.2196 0.2471
v 2.069713 0.363000 1.031991 0.2039 0.2196 0.2471
v 2.069713 0.434009 1.103000 0.2039 0.2196 0.2471
v 2.069713 0.460000 1.200000 0.2039 0.2196 0.2471
v 2.069713 0.434009 1.297000 0.2039 0.2196 0.2471
v 2.069713 0.363000 1.368009 0.2039 0.2196 0.2471
v 2.069713 0.266000 1.394000 0.2039 0.2196 0.2471
v 2.069713 0.169000 1.368009 0.2039 0.2196 0.2471
v 2.069713 0.097991 1.297000 0.2039 0.2196 0.2471
v 2.090801 0.021088 1.200000 0.2039 0.2196 0.2471
v 2.090801 0.053900 1.077544 0.2039 0.2196 0.2471
v 2.090801 0.143544 0.987900 0.2039 0.2196 0.2471
v 2.090801 0.266000 0.955088 0.2039 0.2196 0.2471
v 2.090801 0.388456 0.987900 0.2039 0.2196 0.2471
v 2.090801 0.478100 1.077544 0.2039 0.2196 0.2471
v 2.090801 0.510912 1.200000 0.2039 0.2196 0.2471
v 2.090801 0.478100 1.322456 0.2039 0.2196 0.2471
v 2.090801 0.388456 1.412100 0.2039 0.2196 0.2471
v 2.090801 0.266000 1.444912 0.2039 0.2196 0.2471
v 2.090801 0.143544 1.412100 0.2039 0.2196 0.2471
v 2.090801 0.053900 1.322456 0.2039 0.2196 0.2471
v 2.085713 0.266000 1.045000 0.7216 0.7608 0.8000
v 2.197713 0.266000 1.045000 0.7216 0.7608 0.8000
v 2.085713 0.188500 1.065766 0.7216 0.7608 0.8000
v 2.197713 0.188500 1.065766 0.7216 0.7608 0.8000
v 2.085713 0.131766 1.122500 0.7216 0.7608 0.8000
v 2.197713 0.131766 1.122500 0.7216 0.7608 0.8000
v 2.085713 0.111000 1.200000 0.7216 0.7608 0.8000
v 2.197713 0.111000 1.200000 0.7216 0.7608 0.8000
v 2.085713 0.131766 1.277500 0.7216 0.7608 0.8000
v 2.197713 0.131766 1.277500 0.7216 0.7608 0.8000
v 2.085713 0.188500 1.334234 0.7216 0.7608 0.8000
v 2.197713 0.188500 1.334234 0.7216 0.7608 0.8000
v 2.085713 0.266000 1.355000 0.7216 0.7608 0.8000
v 2.197713 0.266000 1.355000 0.7216 0.7608 0.8000
v 2.085713 0.343500 1.334234 0.7216 0.7608 0.8000
v 2.197713 0.343500 1.334234 0.7216 0.7608 0.8000
v 2.085713 0.400234 1.277500 0.7216 0.7608 0.8000
v 2.197713 0.400234 1.277500 0.7216 0.7608 0.8000
v 2.085713 0.421000 1.200000 0.7216 0.7608 0.8000
v 2.197713 0.421000 1.200000 0.7216 0.7608 0.8000
v 2.085713 0.400234 1.122500 0.7216 0.7608 0.8000
v 2.197713 0.400234 1.122500 0.7216 0.7608 0.8000
v 2.085713 0.343500 1.065766 0.7216 0.7608 0.8000
v 2.197713 0.343500 1.065766 0.7216 0.7608 0.8000
v 2.069713 0.266000 1.137500 1.0000 0.9647 0.8980
v 2.213713 0.266000 1.137500 1.0000 0.9647 0.8980
v 2.069713 0.234750 1.145873 1.0000 0.9647 0.8980
v 2.213713 0.234750 1.145873 1.0000 0.9647 0.8980
v 2.069713 0.211873 1.168750 1.0000 0.9647 0.8980
v 2.213713 0.211873 1.168750 1.0000 0.9647 0.8980
v 2.069713 0.203500 1.200000 1.0000 0.9647 0.8980
v 2.213713 0.203500 1.200000 1.0000 0.9647 0.8980
v 2.069713 0.211873 1.231250 1.0000 0.9647 0.8980
v 2.213713 0.211873 1.231250 1.0000 0.9647 0.8980
v 2.069713 0.234750 1.254127 1.0000 0.9647 0.8980
v 2.213713 0.234750 1.254127 1.0000 0.9647 0.8980
v 2.069713 0.266000 1.262500 1.0000 0.9647 0.8980
v 2.213713 0.266000 1.262500 1.0000 0.9647 0.8980
v 2.069713 0.297250 1.254127 1.0000 0.9647 0.8980
v 2.213713 0.297250 1.254127 1.0000 0.9647 0.8980
v 2.069713 0.320127 1.231250 1.0000 0.9647 0.8980
v 2.213713 0.320127 1.231250 1.0000 0.9647 0.8980
v 2.069713 0.328500 1.200000 1.0000 0.9647 0.8980
v 2.213713 0.328500 1.200000 1.0000 0.9647 0.8980
v 2.069713 0.320127 1.168750 1.0000 0.9647 0.8980
v 2.213713 0.320127 1.168750 1.0000 0.9647 0.8980
v 2.069713 0.297250 1.145873 1.0000 0.9647 0.8980
v 2.213713 0.297250 1.145873 1.0000 0.9647 0.8980
v -3.028287 0.516000 -1.130000 0.1804 0.2078 0.3137
v -3.028287 0.546000 -1.100000 0.1804 0.2078 0.3137
v -3.058287 0.546000 -1.130000 0.1804 0.2078 0.3137
v -3.028287 0.686000 -1.100000 0.1804 0.2078 0.3137
v -3.028287 0.716000 -1.130000 0.1804 0.2078 0.3137
v -3.058287 0.686000 -1.130000 0.1804 0.2078 0.3137
v -3.028287 0.516000 -1.270000 0.1804 0.2078 0.3137
v -3.058287 0.546000 -1.270000 0.1804 0.2078 0.3137
v -3.028287 0.546000 -1.300000 0.1804 0.2078 0.3137
v -3.028287 0.716000 -1.270000 0.1804 0.2078 0.3137
v -3.028287 0.686000 -1.300000 0.1804 0.2078 0.3137
v -3.058287 0.686000 -1.270000 0.1804 0.2078 0.3137
v 2.311713 0.516000 -1.130000 0.1804 0.2078 0.3137
v 2.341713 0.546000 -1.130000 0.1804 0.2078 0.3137
v 2.311713 0.546000 -1.100000 0.1804 0.2078 0.3137
v 2.311713 0.716000 -1.130000 0.1804 0.2078 0.3137
v 2.311713 0.686000 -1.100000 0.1804 0.2078 0.3137
v 2.341713 0.686000 -1.130000 0.1804 0.2078 0.3137
v 2.311713 0.516000 -1.270000 0.1804 0.2078 0.3137
v 2.311713 0.546000 -1.300000 0.1804 0.2078 0.3137
v 2.341713 0.546000 -1.270000 0.1804 0.2078 0.3137
v 2.311713 0.716000 -1.270000 0.1804 0.2078 0.3137
v 2.341713 0.686000 -1.270000 0.1804 0.2078 0.3137
v 2.311713 0.686000 -1.300000 0.1804 0.2078 0.3137
v -2.928287 0.566000 -1.130000 0.1804 0.2078 0.3137
v -2.928287 0.596000 -1.100000 0.1804 0.2078 0.3137
v -2.958287 0.596000 -1.130000 0.1804 0.2078 0.3137
v -2.928287 2.036000 -1.100000 0.1804 0.2078 0.3137
v -2.928287 2.066000 -1.130000 0.1804 0.2078 0.3137
v -2.958287 2.036000 -1.130000 0.1804 0.2078 0.3137
v -2.928287 0.566000 -1.270000 0.1804 0.2078 0.3137
v -2.958287 0.596000 -1.270000 0.1804 0.2078 0.3137
v -2.928287 0.596000 -1.300000 0.1804 0.2078 0.3137
v -2.928287 2.066000 -1.270000 0.1804 0.2078 0.3137
v -2.928287 2.036000 -1.300000 0.1804 0.2078 0.3137
v -2.958287 2.036000 -1.270000 0.1804 0.2078 0.3137
v -2.788287 0.566000 -1.130000 0.1804 0.2078 0.3137
v -2.758287 0.596000 -1.130000 0.1804 0.2078 0.3137
v -2.788287 0.596000 -1.100000 0.1804 0.2078 0.3137
v -2.788287 2.066000 -1.130000 0.1804 0.2078 0.3137
v -2.788287 2.036000 -1.100000 0.1804 0.2078 0.3137
v -2.758287 2.036000 -1.130000 0.1804 0.2078 0.3137
v -2.788287 0.566000 -1.270000 0.1804 0.2078 0.3137
v -2.788287 0.596000 -1.300000 0.1804 0.2078 0.3137
v -2.758287 0.596000 -1.270000 0.1804 0.2078 0.3137
v -2.788287 2.066000 -1.270000 0.1804 0.2078 0.3137
v -2.758287 2.036000 -1.270000 0.1804 0.2078 0.3137
v -2.788287 2.036000 -1.300000 0.1804 0.2078 0.3137
v -2.858287 0.361000 -1.400000 0.7216 0.7608 0.8000
v -2.858287 0.511000 -1.400000 0.7216 0.7608 0.8000
v -2.740730 0.361000 -1.361804 0.7216 0.7608 0.8000
v -2.740730 0.511000 -1.361804 0.7216 0.7608 0.8000
v -2.668076 0.361000 -1.261803 0.7216 0.7608 0.8000
v -2.668076 0.511000 -1.261803 0.7216 0.7608 0.8000
v -2.668076 0.361000 -1.138197 0.7216 0.7608 0.8000
v -2.668076 0.511000 -1.138197 0.7216 0.7608 0.8000
v -2.740730 0.361000 -1.038197 0.7216 0.7608 0.8000
v -2.740730 0.511000 -1.038197 0.7216 0.7608 0.8000
v -2.858287 0.361000 -1.000000 0.7216 0.7608 0.8000
v -2.858287 0.511000 -1.000000 0.7216 0.7608 0.8000
v -2.975844 0.361000 -1.038197 0.7216 0.7608 0.8000
v -2.975844 0.511000 -1.038197 0.7216 0.7608 0.8000
v -3.048498 0.361000 -1.138197 0.7216 0.7608 0.8000
v -3.048498 0.511000 -1.138197 0.7216 0.7608 0.8000
v -3.048498 0.361000 -1.261803 0.7216 0.7608 0.8000
v -3.048498 0.511000 -1.261803 0.7216 0.7608 0.8000
v -2.975844 0.361000 -1.361804 0.7216 0.7608 0.8000
v -2.975844 0.511000 -1.361804 0.7216 0.7608 0.8000
v -2.858287 0.000000 -1.200000 0.2039 0.2196 0.2471
v -2.858287 0.035637 -1.333000 0.2039 0.2196 0.2471
v -2.858287 0.133000 -1.430363 0.2039 0.2196 0.2471
v -2.858287 0.266000 -1.466000 0.2039 0.2196 0.2471
v -2.858287 0.399000 -1.430363 0.2039 0.2196 0.2471
v -2.858287 0.496363 -1.333000 0.2039 0.2196 0.2471
v -2.858287 0.532000 -1.200000 0.2039 0.2196 0.2471
v -2.858287 0.496363 -1.067000 0.2039 0.2196 0.2471
v -2.858287 0.399000 -0.969637 0.2039 0.2196 0.2471
v -2.858287 0.266000 -0.934000 0.2039 0.2196 0.2471
v -2.858287 0.133000 -0.969637 0.2039 0.2196 0.2471
v -2.858287 0.035637 -1.067000 0.2039 0.2196 0.2471
v -2.807375 0.021088 -1.200000 0.2039 0.2196 0.2471
v -2.807375 0.053900 -1.322456 0.2039 0.2196 0.2471
v -2.807375 0.143544 -1.412100 0.2039 0.2196 0.2471
v -2.807375 0.266000 -1.444912 0.2039 0.2196 0.2471
v -2.807375 0.388456 -1.412100 0.2039 0.2196 0.2471
v -2.807375 0.478100 -1.322456 0.2039 0.2196 0.2471
v -2.807375 0.510912 -1.200000 0.2039 0.2196 0.2471
v -2.807375 0.478100 -1.077544 0.2039 0.2196 0.2471
v -2.807375 0.388456 -0.987900 0.2039 0.2196 0.2471
v -2.807375 0.266000 -0.955088 0.2039 0.2196 0.2471
v -2.807375 0.143544 -0.987900 0.2039 0.2196 0.2471
v -2.807375 0.053900 -1.077544 0.2039 0.2196 0.2471
v -2.786287 0.072000 -1.200000 0.2039 0.2196 0.2471
v -2.786287 0.097991 -1.297000 0.2039 0.2196 0.2471
v -2.786287 0.169000 -1.368009 0.2039 0.2196 0.2471
v -2.786287 0.266000 -1.394000 0.2039 0.2196 0.2471
v -2.786287 0.363000 -1.368009 0.2039 0.2196 0.2471
v -2.786287 0.434009 -1.297000 0.2039 0.2196 0.2471
v -2.786287 0.460000 -1.200000 0.2039 0.2196 0.2471
v -2.786287 0.434009 -1.103000 0.2039 0.2196 0.2471
v -2.786287 0.363000 -1.031991 0.2039 0.2196 0.2471
v -2.786287 0.266000 -1.006000 0.2039 0.2196 0.2471
v -2.786287 0.169000 -1.031991 0.2039 0.2196 0.2471
v -2.786287 0.097991 -1.103000 0.2039 0.2196 0.2471
v -2.807375 0.122912 -1.200000 0.2039 0.2196 0.2471
v -2.807375 0.142082 -1.271544 0.2039 0.2196 0.2471
v -2.807375 0.194456 -1.323918 0.2039 0.2196 0.2471
v -2.807375 0.266000 -1.343088 0.2039 0.2196 0.2471
v -2.807375 0.337544 -1.323918 0.2039 0.2196 0.2471
v -2.807375 0.389918 -1.271544 0.2039 0.2196 0.2471
v -2.807375 0.409088 -1.200000 0.2039 0.2196 0.2471
v -2.807375 0.389918 -1.128456 0.2039 0.2196 0.2471
v -2.807375 0.337544 -1.076082 0.2039 0.2196 0.2471
v -2.807375 0.266000 -1.056912 0.2039 0.2196 0.2471
v -2.807375 0.194456 -1.076082 0.2039 0.2196 0.2471
v -2.807375 0.142082 -1.128456 0.2039 0.2196 0.2471
v -2.858287 0.144000 -1.200000 0.2039 0.2196 0.2471
v -2.858287 0.160345 -1.261000 0.2039 0.2196 0.2471
v -2.858287 0.205000 -1.305655 0.2039 0.2196 0.2471
v -2.858287 0.266000 -1.322000 0.2039 0.2196 0.2471
v -2.858287 0.327000 -1.305655 0.2039 0.2196 0.2471
v -2.858287 0.371655 -1.261000 0.2039 0.2196 0.2471
v -2.858287 0.388000 -1.200000 0.2039 0.2196 0.2471
v -2.858287 0.371655 -1.139000 0.2039 0.2196 0.2471
v -2.858287 0.327000 -1.094345 0.2039 0.2196 0.2471
v -2.858287 0.266000 -1.078000 0.2039 0.2196 0.2471
v -2.858287 0.205000 -1.094345 0.2039 0.2196 0.2471
v -2.858287 0.160345 -1.139000 0.2039 0.2196 0.2471
v -2.909199 0.122912 -1.200000 0.2039 0.2196 0.2471
v -2.909199 0.142082 -1.271544 0.2039 0.2196 0.2471
v -2.909199 0.194456 -1.323918 0.2039 0.2196 0.2471
v -2.909199 0.266000 -1.343088 0.2039 0.2196 0.2471
v -2.909199 0.337544 -1.323918 0.2039 0.2196 0.2471
v -2.909199 0.389918 -1.271544 0.2039 0.2196 0.2471
v -2.909199 0.409088 -1.200000 0.2039 0.2196 0.2471
v -2.909199 0.389918 -1.128456 0.2039 0.2196 0.2471
v -2.909199 0.337544 -1.076082 0.2039 0.2196 0.2471
v -2.909199 0.266000 -1.056912 0.2039 0.2196 0.2471
v -2.909199 0.194456 -1.076082 0.2039 0.2196 0.2471
v -2.909199 0.142082 -1.128456 0.2039 0.2196 0.2471
v -2.930287 0.072000 -1.200000 0.2039 0.2196 0.2471
v -2.930287 0.097991 -1.297000 0.2039 0.2196 0.2471
v -2.930287 0.169000 -1.368009 0.2039 0.2196 0.2471
v -2.930287 0.266000 -1.394000 0.2039 0.2196 0.2471
v -2.930287 0.363000 -1.368009 0.2039 0.2196 0.2471
v -2.930287 0.434009 -1.297000 0.2039 0.2196 0.2471
v -2.930287 0.460000 -1.200000 0.2039 0.2196 0.2471
v -2.930287 0.434009 -1.103000 0.2039 0.2196 0.2471
v -2.930287 0.363000 -1.031991 0.2039 0.2196 0.2471
v -2.930287 0.266000 -1.006000 0.2039 0.2196 0.2471
v -2.930287 0.169000 -1.031991 0.2039 0.2196 0.2471
v -2.930287 0.097991 -1.103000 0.2039 0.2196 0.2471
v -2.909199 0.021088 -1.200000 0.2039 0.2196 0.2471
v -2.909199 0.053900 -1.322456 0.2039 0.2196 0.2471
v -2.909199 0.143544 -1.412100 0.2039 0.2196 0.2471
v -2.909199 0.266000 -1.444912 0.2039 0.2196 0.2471
v -2.909199 0.388456 -1.412100 0.2039 0.2196 0.2471
v -2.909199 0.478100 -1.322456 0.2039 0.2196 0.2471
v -2.909199 0.510912 -1.200000 0.2039 0.2196 0.2471
v -2.909199 0.478100 -1.077544 0.2039 0.2196 0.2471
v -2.909199 0.388456 -0.987900 0.2039 0.2196 0.2471
v -2.909199 0.266000 -0.955088 0.2039 0.2196 0.2471
v -2.909199 0.143544 -0.987900 0.2039 0.2196 0.2471
v -2.909199 0.053900 -1.077544 0.2039 0.2196 0.2471
v -2.914287 0.266000 -1.355000 0.7216 0.7608 0.8000
v -2.802287 0.266000 -1.355000 0.7216 0.7608 0.8000
v -2.914287 0.188500 -1.334234 0.7216 0.7608 0.8000
v -2.802287 0.188500 -1.334234 0.7216 0.7608 0.8000
v -2.914287 0.131766 -1.277500 0.7216 0.7608 0.8000
v -2.802287 0.131766 -1.277500 0.7216 0.7608 0.8000
v -2.914287 0.111000 -1.200000 0.7216 0.7608 0.8000
v -2.802287 0.111000 -1.200000 0.7216 0.7608 0.8000
v -2.914287 0.131766 -1.122500 0.7216 0.7608 0.8000
v -2.802287 0.131766 -1.122500 0.7216 0.7608 0.8000
v -2.914287 0.188500 -1.065766 0.7216 0.7608 0.8000
v -2.802287 0.188500 -1.065766 0.7216 0.7608 0.8000
v -2.914287 0.266000 -1.045000 0.7216 0.7608 0.8000
v -2.802287 0.266000 -1.045000 0.7216 0.7608 0.8000
v -2.914287 0.343500 -1.065766 0.7216 0.7608 0.8000
v -2.802287 0.343500 -1.065766 0.7216 0.7608 0.8000
v -2.914287 0.400234 -1.122500 0.7216 0.7608 0.8000
v -2.802287 0.400234 -1.122500 0.7216 0.7608 0.8000
v -2.914287 0.421000 -1.200000 0.7216 0.7608 0.8000
v -2.802287 0.421000 -1.200000 0.7216 0.7608 0.8000
v -2.914287 0.400234 -1.277500 0.7216 0.7608 0.8000
v -2.802287 0.400234 -1.277500 0.7216 0.7608 0.8000
v -2.914287 0.343500 -1.334234 0.7216 0.7608 0.8000
v -2.802287 0.343500 -1.334234 0.7216 0.7608 0.8000
v -2.930287 0.266000 -1.262500 1.0000 0.9647 0.8980
v -2.786287 0.266000 -1.262500 1.0000 0.9647 0.8980
v -2.930287 0.234750 -1.254127 1.0000 0.9647 0.8980
v -2.786287 0.234750 -1.254127 1.0000 0.9647 0.8980
v -2.930287 0.211873 -1.231250 1.0000 0.9647 0.8980
v -2.786287 0.211873 -1.231250 1.0000 0.9647 0.8980
v -2.930287 0.203500 -1.200000 1.0000 0.9647 0.8980
v -2.786287 0.203500 -1.200000 1.0000 0.9647 0.8980
v -2.930287 0.211873 -1.168750 1.0000 0.9647 0.8980
v -2.786287 0.211873 -1.168750 1.0000 0.9647 0.8980
v -2.930287 0.234750 -1.145874 1.0000 0.9647 0.8980
v -2.786287 0.234750 -1.145874 1.0000 0.9647 0.8980
v -2.930287 0.266000 -1.137500 1.0000 0.9647 0.8980
v -2.786287 0.266000 -1.137500 1.0000 0.9647 0.8980
v -2.930287 0.297250 -1.145874 1.0000 0.9647 0.8980
v -2.786287 0.297250 -1.145874 1.0000 0.9647 0.8980
v -2.930287 0.320127 -1.168750 1.0000 0.9647 0.8980
v -2.786287 0.320127 -1.168750 1.0000 0.9647 0.8980
v -2.930287 0.328500 -1.200000 1.0000 0.9647 0.8980
v -2.786287 0.328500 -1.200000 1.0000 0.9647 0.8980
v -2.930287 0.320127 -1.231250 1.0000 0.9647 0.8980
v -2.786287 0.320127 -1.231250 1.0000 0.9647 0.8980
v -2.930287 0.297250 -1.254127 1.0000 0.9647 0.8980
v -2.786287 0.297250 -1.254127 1.0000 0.9647 0.8980
v 2.071713 0.566000 -1.130000 0.1804 0.2078 0.3137
v 2.071713 0.596000 -1.100000 0.1804 0.2078 0.3137
v 2.041713 0.596000 -1.130000 0.1804 0.2078 0.3137
v 2.071713 2.036000 -1.100000 0.1804 0.2078 0.3137
v 2.071713 2.066000 -1.130000 0.1804 0.2078 0.3137
v 2.041713 2.036000 -1.130000 0.1804 0.2078 0.3137
v 2.071713 0.566000 -1.270000 0.1804 0.2078 0.3137
v 2.041713 0.596000 -1.270000 0.1804 0.2078 0.3137
v 2.071713 0.596000 -1.300000 0.1804 0.2078 0.3137
v 2.071713 2.066000 -1.270000 0.1804 0.2078 0.3137
v 2.071713 2.036000 -1.300000 0.1804 0.2078 0.3137
v 2.041713 2.036000 -1.270000 0.1804 0.2078 0.3137
v 2.211713 0.566000 -1.130000 0.1804 0.2078 0.3137
v 2.241713 0.596000 -1.130000 0.1804 0.2078 0.3137
v 2.211713 0.596000 -1.100000 0.1804 0.2078 0.3137
v 2.211713 2.066000 -1.130000 0.1804 0.2078 0.3137
v 2.211713 2.036000 -1.100000 0.1804 0.2078 0.3137
v 2.241713 2.036000 -1.130000 0.1804 0.2078 0.3137
v 2.211713 0.566000 -1.270000 0.1804 0.2078 0.3137
v 2.211713 0.596000 -1.300000 0.1804 0.2078 0.3137
v 2.241713 0.596000 -1.270000 0.1804 0.2078 0.3137
v 2.211713 2.066000 -1.270000 0.1804 0.2078 0.3137
v 2.241713 2.036000 -1.270000 0.1804 0.2078 0.3137
v 2.211713 2.036000 -1.300000 0.1804 0.2078 0.3137
v 2.141713 0.361000 -1.400000 0.7216 0.7608 0.8000
v 2.141713 0.511000 -1.400000 0.7216 0.7608 0.8000
v 2.259270 0.361000 -1.361804 0.7216 0.7608 0.8000
v 2.259270 0.511000 -1.361804 0.7216 0.7608 0.8000
v 2.331924 0.361000 -1.261803 0.7216 0.7608 0.8000
v 2.331924 0.511000 -1.261803 0.7216 0.7608 0.8000
v 2.331924 0.361000 -1.138197 0.7216 0.7608 0.8000
v 2.331924 0.511000 -1.138197 0.7216 0.7608 0.8000
v 2.259270 0.361000 -1.038197 0.7216 0.7608 0.8000
v 2.259270 0.511000 -1.038197 0.7216 0.7608 0.8000
v 2.141713 0.361000 -1.000000 0.7216 0.7608 0.8000
v 2.141713 0.511000 -1.000000 0.7216 0.7608 0.8000
v 2.024156 0.361000 -1.038197 0.7216 0.7608 0.8000
v 2.024156 0.511000 -1.038197 0.7216 0.7608 0.8000
v 1.951502 0.361000 -1.138197 0.7216 0.7608 0.8000
v 1.951502 0.511000 -1.138197 0.7216 0.7608 0.8000
v 1.951502 0.361000 -1.261803 0.7216 0.7608 0.8000
v 1.951502 0.511000 -1.261803 0.7216 0.7608 0.8000
v 2.024156 0.361000 -1.361804 0.7216 0.7608 0.8000
v 2.024156 0.511000 -1.361804 0.7216 0.7608 0.8000
v 2.141713 0.000000 -1.200000 0.2039 0.2196 0.2471
v 2.141713 0.035637 -1.333000 0.2039 0.2196 0.2471
v 2.141713 0.133000 -1.430363 0.2039 0.2196 0.2471
v 2.141713 0.266000 -1.466000 0.2039 0.2196 0.2471
v 2.141713 0.399000 -1.430363 0.2039 0.2196 0.2471
v 2.141713 0.496363 -1.333000 0.2039 0.2196 0.2471
v 2.141713 0.532000 -1.200000 0.2039 0.2196 0.2471
v 2.141713 0.496363 -1.067000 0.2039 0.2196 0.2471
v 2.141713 0.399000 -0.969637 0.2039 0.2196 0.2471
v 2.141713 0.266000 -0.934000 0.2039 0.2196 0.2471
v 2.141713 0.133000 -0.969637 0.2039 0.2196 0.2471
v 2.141713 0.035637 -1.067000 0.2039 0.2196 0.2471
v 2.192625 0.021088 -1.200000 0.2039 0.2196 0.2471
v 2.192625 0.053900 -1.322456 0.2039 0.2196 0.2471
v 2.192625 0.143544 -1.412100 0.2039 0.2196 0.2471
v 2.192625 0.266000 -1.444912 0.2039 0.2196 0.2471
v 2.192625 0.388456 -1.412100 0.2039 0.2196 0.2471
v 2.192625 0.478100 -1.322456 0.2039 0.2196 0.2471
v 2.192625 0.510912 -1.200000 0.2039 0.2196 0.2471
v 2.192625 0.478100 -1.077544 0.2039 0.2196 0.2471
v 2.192625 0.388456 -0.987900 0.2039 0.2196 0.2471
v 2.192625 0.266000 -0.955088 0.2039 0.2196 0.2471
v 2.192625 0.143544 -0.987900 0.2039 0.2196 0.2471
v 2.192625 0.053900 -1.077544 0.2039 0.2196 0.2471
v 2.213713 0.072000 -1.200000 0.2039 0.2196 0.2471
v 2.213713 0.097991 -1.297000 0.2039 0.2196 0.2471
v 2.213713 0.169000 -1.368009 0.2039 0.2196 0.2471
v 2.213713 0.266000 -1.394000 0.2039 0.2196 0.2471
v 2.213713 0.363000 -1.368009 0.2039 0.2196 0.2471
v 2.213713 0.434009 -1.297000 0.2039 0.2196 0.2471
v 2.213713 0.460000 -1.200000 0.2039 0.2196 0.2471
v 2.213713 0.434009 -1.103000 0.2039 0.2196 0.2471
v 2.213713 0.363000 -1.031991 0.2039 0.2196 0.2471
v 2.213713 0.266000 -1.006000 0.2039 0.2196 0.2471
v 2.213713 0.169000 -1.031991 0.2039 0.2196 0.2471
v 2.213713 0.097991 -1.103000 0.2039 0.2196 0.2471
v 2.192625 0.122912 -1.200000 0.2039 0.2196 0.2471
v 2.192625 0.142082 -1.271544 0.2039 0.2196 0.2471
v 2.192625 0.194456 -1.323918 0.2039 0.2196 0.2471
v 2.192625 0.266000 -1.343088 0.2039 0.2196 0.2471
v 2.192625 0.337544 -1.323918 0.2039 0.2196 0.2471
v 2.192625 0.389918 -1.271544 0.2039 0.2196 0.2471
v 2.192625 0.409088 -1.200000 0.2039 0.2196 0.2471
v 2.192625 0.389918 -1.128456 0.2039 0.2196 0.2471
v 2.192625 0.337544 -1.076082 0.2039 0.2196 0.2471
v 2.192625 0.266000 -1.056912 0.2039 0.2196 0.2471
v 2.192625 0.194456 -1.076082 0.2039 0.2196 0.2471
v 2.192625 0.142082 -1.128456 0.2039 0.2196 0.2471
v 2.141713 0.144000 -1.200000 0.2039 0.2196 0.2471
v 2.141713 0.160345 -1.261000 0.2039 0.2196 0.2471
v 2.141713 0.205000 -1.305655 0.2039 0.2196 0.2471
v 2.141713 0.266000 -1.322000 0.2039 0.2196 0.2471
v 2.141713 0.327000 -1.305655 0.2039 0.2196 0.2471
v 2.141713 0.371655 -1.261000 0.2039 0.2196 0.2471
v 2.141713 0.388000 -1.200000 0.2039 0.2196 0.2471
v 2.141713 0.371655 -1.139000 0.2039 0.2196 0.2471
v 2.141713 0.327000 -1.094345 0.2039 0.2196 0.2471
v 2.141713 0.266000 -1.078000 0.2039 0.2196 0.2471
v 2.141713 0.205000 -1.094345 0.2039 0.2196 0.2471
v 2.141713 0.160345 -1.139000 0.2039 0.2196 0.2471
v 2.090801 0.122912 -1.200000 0.2039 0.2196 0.2471
v 2.090801 0.142082 -1.271544 0.2039 0.2196 0.2471
v 2.090801 0.194456 -1.323918 0.2039 0.2196 0.2471
v 2.090801 0.266000 -1.343088 0.2039 0.2196 0.2471
v 2.090801 0.337544 -1.323918 0.2039 0.2196 0.2471
v 2.090801 0.389918 -1.271544 0.2039 0.2196 0.2471
v 2.090801 0.409088 -1.200000 0.2039 0.2196 0.2471
v 2.090801 0.389918 -1.128456 0.2039 0.2196 0.2471
v 2.090801 0.337544 -1.076082 0.2039 0.2196 0.2471
v 2.090801 0.266000 -1.056912 0.2039 0.2196 0.2471
v 2.090801 0.194456 -1.076082 0.2039 0.2196 0.2471
v 2.090801 0.142082 -1.128456 0.2039 0.2196 0.2471
v 2.069713 0.072000 -1.200000 0.2039 0.2196 0.2471
v 2.069713 0.097991 -1.297000 0.2039 0.2196 0.2471
v 2.069713 0.169000 -1.368009 0.2039 0.2196 0.2471
v 2.069713 0.266000 -1.394000 0.2039 0.2196 0.2471
v 2.069713 0.363000 -1.368009 0.2039 0.2196 0.2471
v 2.069713 0.434009 -1.297000 0.2039 0.2196 0.2471
v 2.069713 0.460000 -1.200000 0.2039 0.2196 0.2471
v 2.069713 0.434009 -1.103000 0.2039 0.2196 0.2471
v 2.069713 0.363000 -1.031991 0.2039 0.2196 0.2471
v 2.069713 0.266000 -1.006000 0.2039 0.2196 0.2471
v 2.069713 0.169000 -1.031991 0.2039 0.2196 0.2471
v 2.069713 0.097991 -1.103000 0.2039 0.2196 0.2471
v 2.090801 0.021088 -1.200000 0.2039 0.2196 0.2471
v 2.090801 0.053900 -1.322456 0.2039 0.2196 0.2471
v 2.090801 0.143544 -1.412100 0.2039 0.2196 0.2471
v 2.090801 0.266000 -1.444912 0.2039 0.2196 0.2471
v 2.090801 0.388456 -1.412100 0.2039 0.2196 0.2471
v 2.090801 0.478100 -1.322456 0.2039 0.2196 0.2471
v 2.090801 0.510912 -1.200000 0.2039 0.2196 0.2471
v 2.090801 0.478100 -1.077544 0.2039 0.2196 0.2471
v 2.090801 0.388456 -0.987900 0.2039 0.2196 0.2471
v 2.090801 0.266000 -0.955088 0.2039 0.2196 0.2471
v 2.090801 0.143544 -0.987900 0.2039 0.2196 0.2471
v 2.090801 0.053900 -1.077544 0.2039 0.2196 0.2471
v 2.085713 0.266000 -1.355000 0.7216 0.7608 0.8000
v 2.197713 0.266000 -1.355000 0.7216 0.7608 0.8000
v 2.085713 0.188500 -1.334234 0.7216 0.7608 0.8000
v 2.197713 0.188500 -1.334234 0.7216 0.7608 0.8000
v 2.085713 0.131766 -1.277500 0.7216 0.7608 0.8000
v 2.197713 0.131766 -1.277500 0.7216 0.7608 0.8000
v 2.085713 0.111000 -1.200000 0.7216 0.7608 0.8000
v 2.197713 0.111000 -1.200000 0.7216 0.7608 0.8000
v 2.085713 0.131766 -1.122500 0.7216 0.7608 0.8000
v 2.197713 0.131766 -1.122500 0.7216 0.7608 0.8000
v 2.085713 0.188500 -1.065766 0.7216 0.7608 0.8000
v 2.197713 0.188500 -1.065766 0.7216 0.7608 0.8000
v 2.085713 0.266000 -1.045000 0.7216 0.7608 0.8000
v 2.197713 0.266000 -1.045000 0.7216 0.7608 0.8000
v 2.085713 0.343500 -1.065766 0.7216 0.7608 0.8000
v 2.197713 0.343500 -1.065766 0.7216 0.7608 0.8000
v 2.085713 0.400234 -1.122500 0.7216 0.7608 0.8000
v 2.197713 0.400234 -1.122500 0.7216 0.7608 0.8000
v 2.085713 0.421000 -1.200000 0.7216 0.7608 0.8000
v 2.197713 0.421000 -1.200000 0.7216 0.7608 0.8000
v 2.085713 0.400234 -1.277500 0.7216 0.7608 0.8000
v 2.197713 0.400234 -1.277500 0.7216 0.7608 0.8000
v 2.085713 0.343500 -1.334234 0.7216 0.7608 0.8000
v 2.197713 0.343500 -1.334234 0.7216 0.7608 0.8000
v 2.069713 0.266000 -1.262500 1.0000 0.9647 0.8980
v 2.213713 0.266000 -1.262500 1.0000 0.9647 0.8980
v 2.069713 0.234750 -1.254127 1.0000 0.9647 0.8980
v 2.213713 0.234750 -1.254127 1.0000 0.9647 0.8980
v 2.069713 0.211873 -1.231250 1.0000 0.9647 0.8980
v 2.213713 0.211873 -1.231250 1.0000 0.9647 0.8980
v 2.069713 0.203500 -1.200000 1.0000 0.9647 0.8980
v 2.213713 0.203500 -1.200000 1.0000 0.9647 0.8980
v 2.069713 0.211873 -1.168750 1.0000 0.9647 0.8980
v 2.213713 0.211873 -1.168750 1.0000 0.9647 0.8980
v 2.069713 0.234750 -1.145874 1.0000 0.9647 0.8980
v 2.213713 0.234750 -1.145874 1.0000 0.9647 0.8980
v 2.069713 0.266000 -1.137500 1.0000 0.9647 0.8980
v 2.213713 0.266000 -1.137500 1.0000 0.9647 0.8980
v 2.069713 0.297250 -1.145874 1.0000 0.9647 0.8980
v 2.213713 0.297250 -1.145874 1.0000 0.9647 0.8980
v 2.069713 0.320127 -1.168750 1.0000 0.9647 0.8980
v 2.213713 0.320127 -1.168750 1.0000 0.9647 0.8980
v 2.069713 0.328500 -1.200000 1.0000 0.9647 0.8980
v 2.213713 0.328500 -1.200000 1.0000 0.9647 0.8980
v 2.069713 0.320127 -1.231250 1.0000 0.9647 0.8980
v 2.213713 0.320127 -1.231250 1.0000 0.9647 0.8980
v 2.069713 0.297250 -1.254127 1.0000 0.9647 0.8980
v 2.213713 0.297250 -1.254127 1.0000 0.9647 0.8980
v -2.928287 1.916000 1.270000 0.1804 0.2078 0.3137
v -2.928287 1.946000 1.300000 0.1804 0.2078 0.3137
v -2.958287 1.946000 1.270000 0.1804 0.2078 0.3137
v -2.928287 2.086000 1.300000 0.1804 0.2078 0.3137
v -2.928287 2.116000 1.270000 0.1804 0.2078 0.3137
v -2.958287 2.086000 1.270000 0.1804 0.2078 0.3137
v -2.928287 1.916000 -1.270000 0.1804 0.2078 0.3137
v -2.958287 1.946000 -1.270000 0.1804 0.2078 0.3137
v -2.928287 1.946000 -1.300000 0.1804 0.2078 0.3137
v -2.928287 2.116000 -1.270000 0.1804 0.2078 0.3137
v -2.928287 2.086000 -1.300000 0.1804 0.2078 0.3137
v -2.958287 2.086000 -1.270000 0.1804 0.2078 0.3137
v -2.788287 1.916000 1.270000 0.1804 0.2078 0.3137
v -2.758287 1.946000 1.270000 0.1804 0.2078 0.3137
v -2.788287 1.946000 1.300000 0.1804 0.2078 0.3137
v -2.788287 2.116000 1.270000 0.1804 0.2078 0.3137
v -2.788287 2.086000 1.300000 0.1804 0.2078 0.3137
v -2.758287 2.086000 1.270000 0.1804 0.2078 0.3137
v -2.788287 1.916000 -1.270000 0.1804 0.2078 0.3137
v -2.788287 1.946000 -1.300000 0.1804 0.2078 0.3137
v -2.758287 1.946000 -1.270000 0.1804 0.2078 0.3137
v -2.788287 2.116000 -1.270000 0.1804 0.2078 0.3137
v -2.758287 2.086000 -1.270000 0.1804 0.2078 0.3137
v -2.788287 2.086000 -1.300000 0.1804 0.2078 0.3137
v 2.071713 1.916000 1.270000 0.1804 0.2078 0.3137
v 2.071713 1.946000 1.300000 0.1804 0.2078 0.3137
v 2.041713 1.946000 1.270000 0.1804 0.2078 0.3137
v 2.071713 2.086000 1.300000 0.1804 0.2078 0.3137
v 2.071713 2.116000 1.270000 0.1804 0.2078 0.3137
v 2.041713 2.086000 1.270000 0.1804 0.2078 0.3137
v 2.071713 1.916000 -1.270000 0.1804 0.2078 0.3137
v 2.041713 1.946000 -1.270000 0.1804 0.2078 0.3137
v 2.071713 1.946000 -1.300000 0.1804 0.2078 0.3137
v 2.071713 2.116000 -1.270000 0.1804 0.2078 0.3137
v 2.071713 2.086000 -1.300000 0.1804 0.2078 0.3137
v 2.041713 2.086000 -1.270000 0.1804 0.2078 0.3137
v 2.211713 1.916000 1.270000 0.1804 0.2078 0.3137
v 2.241713 1.946000 1.270000 0.1804 0.2078 0.3137
v 2.211713 1.946000 1.300000 0.1804 0.2078 0.3137
v 2.211713 2.116000 1.270000 0.1804 0.2078 0.3137
v 2.211713 2.086000 1.300000 0.1804 0.2078 0.3137
v 2.241713 2.086000 1.270000 0.1804 0.2078 0.3137
v 2.211713 1.916000 -1.270000 0.1804 0.2078 0.3137
v 2.211713 1.946000 -1.300000 0.1804 0.2078 0.3137
v 2.241713 1.946000 -1.270000 0.1804 0.2078 0.3137
v 2.211713 2.116000 -1.270000 0.1804 0.2078 0.3137
v 2.241713 2.086000 -1.270000 0.1804 0.2078 0.3137
v 2.211713 2.086000 -1.300000 0.1804 0.2078 0.3137
v -2.038287 2.116000 0.780000 0.5490 0.5921 0.6393
v -2.038287 2.236000 0.900000 0.5490 0.5921 0.6393
v -2.158287 2.236000 0.780000 0.5490 0.5921 0.6393
v -2.038287 2.151147 0.864853 0.5490 0.5921 0.6393
v -2.107569 2.166718 0.849282 0.5490 0.5921 0.6393
v -2.123140 2.236000 0.864853 0.5490 0.5921 0.6393
v -2.123140 2.151147 0.780000 0.5490 0.5921 0.6393
v -2.038287 3.596000 0.900000 0.5490 0.5921 0.6393
v -2.038287 3.716000 0.780000 0.5490 0.5921 0.6393
v -2.158287 3.596000 0.780000 0.5490 0.5921 0.6393
v -2.038287 3.680853 0.864853 0.5490 0.5921 0.6393
v -2.107569 3.665282 0.849282 0.5490 0.5921 0.6393
v -2.123140 3.680853 0.780000 0.5490 0.5921 0.6393
v -2.123140 3.596000 0.864853 0.5490 0.5921 0.6393
v -2.038287 2.116000 -0.780000 0.5490 0.5921 0.6393
v -2.158287 2.236000 -0.780000 0.5490 0.5921 0.6393
v -2.038287 2.236000 -0.900000 0.5490 0.5921 0.6393
v -2.123140 2.151147 -0.780000 0.5490 0.5921 0.6393
v -2.107569 2.166718 -0.849282 0.5490 0.5921 0.6393
v -2.123140 2.236000 -0.864853 0.5490 0.5921 0.6393
v -2.038287 2.151147 -0.864853 0.5490 0.5921 0.6393
v -2.038287 3.716000 -0.780000 0.5490 0.5921 0.6393
v -2.038287 3.596000 -0.900000 0.5490 0.5921 0.6393
v -2.158287 3.596000 -0.780000 0.5490 0.5921 0.6393
v -2.038287 3.680853 -0.864853 0.5490 0.5921 0.6393
v -2.107569 3.665282 -0.849282 0.5490 0.5921 0.6393
v -2.123140 3.596000 -0.864853 0.5490 0.5921 0.6393
v -2.123140 3.680853 -0.780000 0.5490 0.5921 0.6393
v 1.321713 2.116000 0.780000 0.5490 0.5921 0.6393
v 1.441713 2.236000 0.780000 0.5490 0.5921 0.6393
v 1.321713 2.236000 0.900000 0.5490 0.5921 0.6393
v 1.406566 2.151147 0.780000 0.5490 0.5921 0.6393
v 1.390995 2.166718 0.849282 0.5490 0.5921 0.6393
v 1.406566 2.236000 0.864853 0.5490 0.5921 0.6393
v 1.321713 2.151147 0.864853 0.5490 0.5921 0.6393
v 1.321713 3.716000 0.780000 0.5490 0.5921 0.6393
v 1.321713 3.596000 0.900000 0.5490 0.5921 0.6393
v 1.441713 3.596000 0.780000 0.5490 0.5921 0.6393
v 1.321713 3.680853 0.864853 0.5490 0.5921 0.6393
v 1.390995 3.665282 0.849282 0.5490 0.5921 0.6393
v 1.406566 3.596000 0.864853 0.5490 0.5921 0.6393
v 1.406566 3.680853 0.780000 0.5490 0.5921 0.6393
v 1.321713 2.116000 -0.780000 0.5490 0.5921 0.6393
v 1.321713 2.236000 -0.900000 0.5490 0.5921 0.6393
v 1.441713 2.236000 -0.780000 0.5490 0.5921 0.6393
v 1.321713 2.151147 -0.864853 0.5490 0.5921 0.6393
v 1.390995 2.166718 -0.849282 0.5490 0.5921 0.6393
v 1.406566 2.236000 -0.864853 0.5490 0.5921 0.6393
v 1.406566 2.151147 -0.780000 0.5490 0.5921 0.6393
v 1.321713 3.716000 -0.780000 0.5490 0.5921 0.6393
v 1.441713 3.596000 -0.780000 0.5490 0.5921 0.6393
v 1.321713 3.596000 -0.900000 0.5490 0.5921 0.6393
v 1.406566 3.680853 -0.780000 0.5490 0.5921 0.6393
v 1.390995 3.665282 -0.849282 0.5490 0.5921 0.6393
v 1.406566 3.596000 -0.864853 0.5490 0.5921 0.6393
v 1.321713 3.680853 -0.864853 0.5490 0.5921 0.6393
v -1.938287 3.429590 0.879090 0.8470 0.2275 0.1804
v -1.938287 3.473513 1.043013 0.8470 0.2275 0.1804
v -2.058287 3.533513 0.939090 0.8470 0.2275 0.1804
v -1.938287 3.417602 0.970148 0.8470 0.2275 0.1804
v -2.007569 3.438872 0.964449 0.8470 0.2275 0.1804
v -2.023140 3.491086 1.012574 0.8470 0.2275 0.1804
v -2.023140 3.460028 0.896663 0.8470 0.2275 0.1804
v -1.938287 3.958487 1.323013 0.8470 0.2275 0.1804
v -1.938287 4.122410 1.279090 0.8470 0.2275 0.1804
v -2.058287 4.018487 1.219090 0.8470 0.2275 0.1804
v -1.938287 4.049545 1.335001 0.8470 0.2275 0.1804
v -2.007569 4.043846 1.313731 0.8470 0.2275 0.1804
v -2.023140 4.091971 1.261516 0.8470 0.2275 0.1804
v -2.023140 3.976061 1.292574 0.8470 0.2275 0.1804
v -1.938287 3.809590 0.220910 0.8470 0.2275 0.1804
v -2.058287 3.913513 0.280910 0.8470 0.2275 0.1804
v -1.938287 3.973513 0.176987 0.8470 0.2275 0.1804
v -2.023140 3.840028 0.238484 0.8470 0.2275 0.1804
v -2.007569 3.888154 0.186269 0.8470 0.2275 0.1804
v -2.023140 3.955939 0.207426 0.8470 0.2275 0.1804
v -1.938287 3.882455 0.164999 0.8470 0.2275 0.1804
v -1.938287 4.502410 0.620910 0.8470 0.2275 0.1804
v -1.938287 4.458488 0.456987 0.8470 0.2275 0.1804
v -2.058287 4.398487 0.560910 0.8470 0.2275 0.1804
v -1.938287 4.514399 0.529852 0.8470 0.2275 0.1804
v -2.007569 4.493128 0.535551 0.8470 0.2275 0.1804
v -2.023140 4.440913 0.487426 0.8470 0.2275 0.1804
v -2.023140 4.471972 0.603337 0.8470 0.2275 0.1804
v 1.221713 3.429590 0.879090 0.8470 0.2275 0.1804
v 1.341713 3.533513 0.939090 0.8470 0.2275 0.1804
v 1.221713 3.473513 1.043013 0.8470 0.2275 0.1804
v 1.306566 3.460028 0.896663 0.8470 0.2275 0.1804
v 1.290995 3.438872 0.964449 0.8470 0.2275 0.1804
v 1.306566 3.491086 1.012574 0.8470 0.2275 0.1804
v 1.221713 3.417602 0.970148 0.8470 0.2275 0.1804
v 1.221713 4.122410 1.279090 0.8470 0.2275 0.1804
v 1.221713 3.958487 1.323013 0.8470 0.2275 0.1804
v 1.341713 4.018487 1.219090 0.8470 0.2275 0.1804
v 1.221713 4.049545 1.335001 0.8470 0.2275 0.1804
v 1.290995 4.043846 1.313731 0.8470 0.2275 0.1804
v 1.306566 3.976061 1.292574 0.8470 0.2275 0.1804
v 1.306566 4.091971 1.261516 0.8470 0.2275 0.1804
v 1.221713 3.809590 0.220910 0.8470 0.2275 0.1804
v 1.221713 3.973513 0.176987 0.8470 0.2275 0.1804
v 1.341713 3.913513 0.280910 0.8470 0.2275 0.1804
v 1.221713 3.882455 0.164999 0.8470 0.2275 0.1804
v 1.290995 3.888154 0.186269 0.8470 0.2275 0.1804
v 1.306566 3.955939 0.207426 0.8470 0.2275 0.1804
v 1.306566 3.840028 0.238484 0.8470 0.2275 0.1804
v 1.221713 4.502410 0.620910 0.8470 0.2275 0.1804
v 1.341713 4.398487 0.560910 0.8470 0.2275 0.1804
v 1.221713 4.458488 0.456987 0.8470 0.2275 0.1804
v 1.306566 4.471972 0.603337 0.8470 0.2275 0.1804
v 1.290995 4.493128 0.535551 0.8470 0.2275 0.1804
v 1.306566 4.440913 0.487426 0.8470 0.2275 0.1804
v 1.221713 4.514399 0.529852 0.8470 0.2275 0.1804
v -1.808287 3.989039 1.239711 0.7216 0.7608 0.8000
v -1.808287 4.092961 1.299711 0.7216 0.7608 0.8000
v -1.808287 4.439038 0.460289 0.7216 0.7608 0.8000
v -1.808287 4.542962 0.520289 0.7216 0.7608 0.8000
v -1.708287 3.989039 1.239711 0.7216 0.7608 0.8000
v -1.708287 4.092961 1.299711 0.7216 0.7608 0.8000
v -1.708287 4.439038 0.460289 0.7216 0.7608 0.8000
v -1.708287 4.542962 0.520289 0.7216 0.7608 0.8000
v -1.248287 3.989039 1.239711 0.7216 0.7608 0.8000
v -1.248287 4.092961 1.299711 0.7216 0.7608 0.8000
v -1.248287 4.439038 0.460289 0.7216 0.7608 0.8000
v -1.248287 4.542962 0.520289 0.7216 0.7608 0.8000
v -1.148287 3.989039 1.239711 0.7216 0.7608 0.8000
v -1.148287 4.092961 1.299711 0.7216 0.7608 0.8000
v -1.148287 4.439038 0.460289 0.7216 0.7608 0.8000
v -1.148287 4.542962 0.520289 0.7216 0.7608 0.8000
v -0.688287 3.989039 1.239711 0.7216 0.7608 0.8000
v -0.688287 4.092961 1.299711 0.7216 0.7608 0.8000
v -0.688287 4.439038 0.460289 0.7216 0.7608 0.8000
v -0.688287 4.542962 0.520289 0.7216 0.7608 0.8000
v -0.588287 3.989039 1.239711 0.7216 0.7608 0.8000
v -0.588287 4.092961 1.299711 0.7216 0.7608 0.8000
v -0.588287 4.439038 0.460289 0.7216 0.7608 0.8000
v -0.588287 4.542962 0.520289 0.7216 0.7608 0.8000
v -0.128287 3.989039 1.239711 0.7216 0.7608 0.8000
v -0.128287 4.092961 1.299711 0.7216 0.7608 0.8000
v -0.128287 4.439038 0.460289 0.7216 0.7608 0.8000
v -0.128287 4.542962 0.520289 0.7216 0.7608 0.8000
v -0.028287 3.989039 1.239711 0.7216 0.7608 0.8000
v -0.028287 4.092961 1.299711 0.7216 0.7608 0.8000
v -0.028287 4.439038 0.460289 0.7216 0.7608 0.8000
v -0.028287 4.542962 0.520289 0.7216 0.7608 0.8000
v 0.431713 3.989039 1.239711 0.7216 0.7608 0.8000
v 0.431713 4.092961 1.299711 0.7216 0.7608 0.8000
v 0.431713 4.439038 0.460289 0.7216 0.7608 0.8000
v 0.431713 4.542962 0.520289 0.7216 0.7608 0.8000
v 0.531713 3.989039 1.239711 0.7216 0.7608 0.8000
v 0.531713 4.092961 1.299711 0.7216 0.7608 0.8000
v 0.531713 4.439038 0.460289 0.7216 0.7608 0.8000
v 0.531713 4.542962 0.520289 0.7216 0.7608 0.8000
v 0.991713 3.989039 1.239711 0.7216 0.7608 0.8000
v 0.991713 4.092961 1.299711 0.7216 0.7608 0.8000
v 0.991713 4.439038 0.460289 0.7216 0.7608 0.8000
v 0.991713 4.542962 0.520289 0.7216 0.7608 0.8000
v 1.091713 3.989039 1.239711 0.7216 0.7608 0.8000
v 1.091713 4.092961 1.299711 0.7216 0.7608 0.8000
v 1.091713 4.439038 0.460289 0.7216 0.7608 0.8000
v 1.091713 4.542962 0.520289 0.7216 0.7608 0.8000
v 1.448836 2.291432 1.548573 0.7216 0.7608 0.8000
v 1.444605 2.211564 1.589844 0.7216 0.7608 0.8000
v 1.437482 2.136133 1.541271 0.7216 0.7608 0.8000
v 1.434590 2.140568 1.451427 0.7216 0.7608 0.8000
v 1.438821 2.220436 1.410156 0.7216 0.7608 0.8000
v 1.445944 2.295867 1.458729 0.7216 0.7608 0.8000
v -1.513287 3.288368 1.028947 0.7216 0.7608 0.8000
v -1.603287 3.288368 1.028947 0.7216 0.7608 0.8000
v -1.648287 3.216000 1.000000 0.7216 0.7608 0.8000
v -1.603287 3.143632 0.971053 0.7216 0.7608 0.8000
v -1.513287 3.143632 0.971053 0.7216 0.7608 0.8000
v -1.468287 3.216000 1.000000 0.7216 0.7608 0.8000
v -1.510524 3.071117 1.552734 0.7216 0.7608 0.8000
v -1.598947 3.061267 1.566315 0.7216 0.7608 0.8000
v -1.646710 3.006150 1.513581 0.7216 0.7608 0.8000
v -1.606050 2.960883 1.447266 0.7216 0.7608 0.8000
v -1.517627 2.970733 1.433685 0.7216 0.7608 0.8000
v -1.469864 3.025850 1.486419 0.7216 0.7608 0.8000
v -1.315256 2.477773 1.649320 0.7216 0.7608 0.8000
v -1.366657 2.415848 1.689610 0.7216 0.7608 0.8000
v -1.409688 2.354075 1.640290 0.7216 0.7608 0.8000
v -1.401318 2.354228 1.550680 0.7216 0.7608 0.8000
v -1.349917 2.416152 1.510390 0.7216 0.7608 0.8000
v -1.306886 2.477925 1.559710 0.7216 0.7608 0.8000
v 1.450482 2.282396 1.560122 0.7216 0.7608 0.8000
v 1.443989 2.197055 1.587954 0.7216 0.7608 0.8000
v 1.435220 2.130658 1.527832 0.7216 0.7608 0.8000
v 1.432944 2.149604 1.439878 0.7216 0.7608 0.8000
v 1.439437 2.234946 1.412046 0.7216 0.7608 0.8000
v 1.448206 2.301342 1.472168 0.7216 0.7608 0.8000
v -0.713287 3.288368 1.028947 0.7216 0.7608 0.8000
v -0.803287 3.288368 1.028947 0.7216 0.7608 0.8000
v -0.848287 3.216000 1.000000 0.7216 0.7608 0.8000
v -0.803287 3.143632 0.971053 0.7216 0.7608 0.8000
v -0.713287 3.143632 0.971053 0.7216 0.7608 0.8000
v -0.668287 3.216000 1.000000 0.7216 0.7608 0.8000
v -0.713287 3.064871 1.560717 0.7216 0.7608 0.8000
v -0.803287 3.064871 1.560717 0.7216 0.7608 0.8000
v -0.848287 3.016000 1.500000 0.7216 0.7608 0.8000
v -0.803287 2.967129 1.439282 0.7216 0.7608 0.8000
v -0.713287 2.967129 1.439282 0.7216 0.7608 0.8000
v -0.668287 3.016000 1.500000 0.7216 0.7608 0.8000
v -0.713111 2.464478 1.660902 0.7216 0.7608 0.8000
v -0.777713 2.407736 1.687489 0.7216 0.7608 0.8000
v -0.822889 2.359258 1.626587 0.7216 0.7608 0.8000
v -0.803463 2.367522 1.539098 0.7216 0.7608 0.8000
v -0.738861 2.424265 1.512511 0.7216 0.7608 0.8000
v -0.693685 2.472743 1.573413 0.7216 0.7608 0.8000
v 1.452918 2.270124 1.571029 0.7216 0.7608 0.8000
v 1.442602 2.181540 1.583137 0.7216 0.7608 0.8000
v 1.431397 2.127417 1.512108 0.7216 0.7608 0.8000
v 1.430508 2.161876 1.428971 0.7216 0.7608 0.8000
v 1.440824 2.250460 1.416863 0.7216 0.7608 0.8000
v 1.452029 2.304583 1.487892 0.7216 0.7608 0.8000
v 0.086713 3.288368 1.028947 0.7216 0.7608 0.8000
v -0.003287 3.288368 1.028947 0.7216 0.7608 0.8000
v -0.048287 3.216000 1.000000 0.7216 0.7608 0.8000
v -0.003287 3.143632 0.971053 0.7216 0.7608 0.8000
v 0.086713 3.143632 0.971053 0.7216 0.7608 0.8000
v 0.131713 3.216000 1.000000 0.7216 0.7608 0.8000
v 0.082373 3.061267 1.566315 0.7216 0.7608 0.8000
v -0.006050 3.071117 1.552734 0.7216 0.7608 0.8000
v -0.046709 3.025850 1.486419 0.7216 0.7608 0.8000
v 0.001054 2.970733 1.433685 0.7216 0.7608 0.8000
v 0.089476 2.960883 1.447266 0.7216 0.7608 0.8000
v 0.130136 3.006150 1.513581 0.7216 0.7608 0.8000
v -0.115101 2.449938 1.671296 0.7216 0.7608 0.8000
v -0.190769 2.402603 1.682858 0.7216 0.7608 0.8000
v -0.233955 2.368665 1.611562 0.7216 0.7608 0.8000
v -0.201473 2.382062 1.528704 0.7216 0.7608 0.8000
v -0.125805 2.429397 1.517142 0.7216 0.7608 0.8000
v -0.082619 2.463336 1.588438 0.7216 0.7608 0.8000
v 1.457175 2.253033 1.580557 0.7216 0.7608 0.8000
v 1.438957 2.165126 1.574191 0.7216 0.7608 0.8000
v 1.423495 2.128093 1.493633 0.7216 0.7608 0.8000
v 1.426251 2.178967 1.419442 0.7216 0.7608 0.8000
v 1.444469 2.266874 1.425809 0.7216 0.7608 0.8000
v 1.459931 2.303907 1.506367 0.7216 0.7608 0.8000
v 0.886713 3.288368 1.028947 0.7216 0.7608 0.8000
v 0.796713 3.288368 1.028947 0.7216 0.7608 0.8000
v 0.751713 3.216000 1.000000 0.7216 0.7608 0.8000
v 0.796713 3.143632 0.971053 0.7216 0.7608 0.8000
v 0.886713 3.143632 0.971053 0.7216 0.7608 0.8000
v 0.931713 3.216000 1.000000 0.7216 0.7608 0.8000
v 0.878371 3.060667 1.569000 0.7216 0.7608 0.8000
v 0.793502 3.077706 1.544363 0.7216 0.7608 0.8000
v 0.756845 3.033039 1.475363 0.7216 0.7608 0.8000
v 0.805055 2.971333 1.431000 0.7216 0.7608 0.8000
v 0.889924 2.954294 1.455637 0.7216 0.7608 0.8000
v 0.926582 2.998961 1.524637 0.7216 0.7608 0.8000
v 0.479342 2.434847 1.679554 0.7216 0.7608 0.8000
v 0.396423 2.400022 1.676116 0.7216 0.7608 0.8000
v 0.358795 2.381176 1.596561 0.7216 0.7608 0.8000
v 0.404084 2.397154 1.520446 0.7216 0.7608 0.8000
v 0.487003 2.431978 1.523885 0.7216 0.7608 0.8000
v 0.524631 2.450824 1.603439 0.7216 0.7608 0.8000
v -1.938287 3.809590 -0.220910 0.8470 0.2275 0.1804
v -1.938287 3.973513 -0.176987 0.8470 0.2275 0.1804
v -2.058287 3.913513 -0.280910 0.8470 0.2275 0.1804
v -1.938287 3.882455 -0.164999 0.8470 0.2275 0.1804
v -2.007569 3.888154 -0.186269 0.8470 0.2275 0.1804
v -2.023140 3.955939 -0.207426 0.8470 0.2275 0.1804
v -2.023140 3.840028 -0.238484 0.8470 0.2275 0.1804
v -1.938287 4.458488 -0.456987 0.8470 0.2275 0.1804
v -1.938287 4.502410 -0.620910 0.8470 0.2275 0.1804
v -2.058287 4.398487 -0.560910 0.8470 0.2275 0.1804
v -1.938287 4.514399 -0.529852 0.8470 0.2275 0.1804
v -2.007569 4.493128 -0.535551 0.8470 0.2275 0.1804
v -2.023140 4.471972 -0.603337 0.8470 0.2275 0.1804
v -2.023140 4.440913 -0.487426 0.8470 0.2275 0.1804
v -1.938287 3.429590 -0.879090 0.8470 0.2275 0.1804
v -2.058287 3.533513 -0.939090 0.8470 0.2275 0.1804
v -1.938287 3.473513 -1.043013 0.8470 0.2275 0.1804
v -2.023140 3.460028 -0.896663 0.8470 0.2275 0.1804
v -2.007569 3.438872 -0.964449 0.8470 0.2275 0.1804
v -2.023140 3.491086 -1.012574 0.8470 0.2275 0.1804
v -1.938287 3.417602 -0.970148 0.8470 0.2275 0.1804
v -1.938287 4.122410 -1.279090 0.8470 0.2275 0.1804
v -1.938287 3.958487 -1.323013 0.8470 0.2275 0.1804
v -2.058287 4.018487 -1.219090 0.8470 0.2275 0.1804
v -1.938287 4.049545 -1.335001 0.8470 0.2275 0.1804
v -2.007569 4.043846 -1.313731 0.8470 0.2275 0.1804
v -2.023140 3.976061 -1.292574 0.8470 0.2275 0.1804
v -2.023140 4.091971 -1.261516 0.8470 0.2275 0.1804
v 1.221713 3.809590 -0.220910 0.8470 0.2275 0.1804
v 1.341713 3.913513 -0.280910 0.8470 0.2275 0.1804
v 1.221713 3.973513 -0.176987 0.8470 0.2275 0.1804
v 1.306566 3.840028 -0.238484 0.8470 0.2275 0.1804
v 1.290995 3.888154 -0.186269 0.8470 0.2275 0.1804
v 1.306566 3.955939 -0.207426 0.8470 0.2275 0.1804
v 1.221713 3.882455 -0.164999 0.8470 0.2275 0.1804
v 1.221713 4.502410 -0.620910 0.8470 0.2275 0.1804
v 1.221713 4.458488 -0.456987 0.8470 0.2275 0.1804
v 1.341713 4.398487 -0.560910 0.8470 0.2275 0.1804
v 1.221713 4.514399 -0.529852 0.8470 0.2275 0.1804
v 1.290995 4.493128 -0.535551 0.8470 0.2275 0.1804
v 1.306566 4.440913 -0.487426 0.8470 0.2275 0.1804
v 1.306566 4.471972 -0.603337 0.8470 0.2275 0.1804
v 1.221713 3.429590 -0.879090 0.8470 0.2275 0.1804
v 1.221713 3.473513 -1.043013 0.8470 0.2275 0.1804
v 1.341713 3.533513 -0.939090 0.8470 0.2275 0.1804
v 1.221713 3.417602 -0.970148 0.8470 0.2275 0.1804
v 1.290995 3.438872 -0.964449 0.8470 0.2275 0.1804
v 1.306566 3.491086 -1.012574 0.8470 0.2275 0.1804
v 1.306566 3.460028 -0.896663 0.8470 0.2275 0.1804
v 1.221713 4.122410 -1.279090 0.8470 0.2275 0.1804
v 1.341713 4.018487 -1.219090 0.8470 0.2275 0.1804
v 1.221713 3.958487 -1.323013 0.8470 0.2275 0.1804
v 1.306566 4.091971 -1.261516 0.8470 0.2275 0.1804
v 1.290995 4.043846 -1.313731 0.8470 0.2275 0.1804
v 1.306566 3.976061 -1.292574 0.8470 0.2275 0.1804
v 1.221713 4.049545 -1.335001 0.8470 0.2275 0.1804
v -1.808287 4.439038 -0.460289 0.7216 0.7608 0.8000
v -1.808287 4.542962 -0.520289 0.7216 0.7608 0.8000
v -1.808287 3.989039 -1.239711 0.7216 0.7608 0.8000
v -1.808287 4.092961 -1.299711 0.7216 0.7608 0.8000
v -1.708287 4.439038 -0.460289 0.7216 0.7608 0.8000
v -1.708287 4.542962 -0.520289 0.7216 0.7608 0.8000
v -1.708287 3.989039 -1.239711 0.7216 0.7608 0.8000
v -1.708287 4.092961 -1.299711 0.7216 0.7608 0.8000
v -1.248287 4.439038 -0.460289 0.7216 0.7608 0.8000
v -1.248287 4.542962 -0.520289 0.7216 0.7608 0.8000
v -1.248287 3.989039 -1.239711 0.7216 0.7608 0.8000
v -1.248287 4.092961 -1.299711 0.7216 0.7608 0.8000
v -1.148287 4.439038 -0.460289 0.7216 0.7608 0.8000
v -1.148287 4.542962 -0.520289 0.7216 0.7608 0.8000
v -1.148287 3.989039 -1.239711 0.7216 0.7608 0.8000
v -1.148287 4.092961 -1.299711 0.7216 0.7608 0.8000
v -0.688287 4.439038 -0.460289 0.7216 0.7608 0.8000
v -0.688287 4.542962 -0.520289 0.7216 0.7608 0.8000
v -0.688287 3.989039 -1.239711 0.7216 0.7608 0.8000
v -0.688287 4.092961 -1.299711 0.7216 0.7608 0.8000
v -0.588287 4.439038 -0.460289 0.7216 0.7608 0.8000
v -0.588287 4.542962 -0.520289 0.7216 0.7608 0.8000
v -0.588287 3.989039 -1.239711 0.7216 0.7608 0.8000
v -0.588287 4.092961 -1.299711 0.7216 0.7608 0.8000
v -0.128287 4.439038 -0.460289 0.7216 0.7608 0.8000
v -0.128287 4.542962 -0.520289 0.7216 0.7608 0.8000
v -0.128287 3.989039 -1.239711 0.7216 0.7608 0.8000
v -0.128287 4.092961 -1.299711 0.7216 0.7608 0.8000
v -0.028287 4.439038 -0.460289 0.7216 0.7608 0.8000
v -0.028287 4.542962 -0.520289 0.7216 0.7608 0.8000
v -0.028287 3.989039 -1.239711 0.7216 0.7608 0.8000
v -0.028287 4.092961 -1.299711 0.7216 0.7608 0.8000
v 0.431713 4.439038 -0.460289 0.7216 0.7608 0.8000
v 0.431713 4.542962 -0.520289 0.7216 0.7608 0.8000
v 0.431713 3.989039 -1.239711 0.7216 0.7608 0.8000
v 0.431713 4.092961 -1.299711 0.7216 0.7608 0.8000
v 0.531713 4.439038 -0.460289 0.7216 0.7608 0.8000
v 0.531713 4.542962 -0.520289 0.7216 0.7608 0.8000
v 0.531713 3.989039 -1.239711 0.7216 0.7608 0.8000
v 0.531713 4.092961 -1.299711 0.7216 0.7608 0.8000
v 0.991713 4.439038 -0.460289 0.7216 0.7608 0.8000
v 0.991713 4.542962 -0.520289 0.7216 0.7608 0.8000
v 0.991713 3.989039 -1.239711 0.7216 0.7608 0.8000
v 0.991713 4.092961 -1.299711 0.7216 0.7608 0.8000
v 1.091713 4.439038 -0.460289 0.7216 0.7608 0.8000
v 1.091713 4.542962 -0.520289 0.7216 0.7608 0.8000
v 1.091713 3.989039 -1.239711 0.7216 0.7608 0.8000
v 1.091713 4.092961 -1.299711 0.7216 0.7608 0.8000
v 1.444605 2.211564 -1.589844 0.7216 0.7608 0.8000
v 1.448836 2.291432 -1.548573 0.7216 0.7608 0.8000
v 1.445944 2.295867 -1.458729 0.7216 0.7608 0.8000
v 1.438821 2.220436 -1.410156 0.7216 0.7608 0.8000
v 1.434590 2.140568 -1.451427 0.7216 0.7608 0.8000
v 1.437482 2.136133 -1.541271 0.7216 0.7608 0.8000
v -1.603287 3.288368 -1.028947 0.7216 0.7608 0.8000
v -1.513287 3.288368 -1.028947 0.7216 0.7608 0.8000
v -1.468287 3.216000 -1.000000 0.7216 0.7608 0.8000
v -1.513287 3.143632 -0.971053 0.7216 0.7608 0.8000
v -1.603287 3.143632 -0.971053 0.7216 0.7608 0.8000
v -1.648287 3.216000 -1.000000 0.7216 0.7608 0.8000
v -1.598947 3.061267 -1.566315 0.7216 0.7608 0.8000
v -1.510524 3.071117 -1.552734 0.7216 0.7608 0.8000
v -1.469864 3.025850 -1.486419 0.7216 0.7608 0.8000
v -1.517627 2.970733 -1.433685 0.7216 0.7608 0.8000
v -1.606050 2.960883 -1.447266 0.7216 0.7608 0.8000
v -1.646710 3.006150 -1.513581 0.7216 0.7608 0.8000
v -1.366657 2.415848 -1.689610 0.7216 0.7608 0.8000
v -1.315256 2.477773 -1.649320 0.7216 0.7608 0.8000
v -1.306886 2.477925 -1.559710 0.7216 0.7608 0.8000
v -1.349917 2.416152 -1.510390 0.7216 0.7608 0.8000
v -1.401318 2.354228 -1.550680 0.7216 0.7608 0.8000
v -1.409688 2.354075 -1.640290 0.7216 0.7608 0.8000
v 1.443989 2.197055 -1.587954 0.7216 0.7608 0.8000
v 1.450482 2.282396 -1.560122 0.7216 0.7608 0.8000
v 1.448206 2.301342 -1.472168 0.7216 0.7608 0.8000
v 1.439437 2.234946 -1.412046 0.7216 0.7608 0.8000
v 1.432944 2.149604 -1.439878 0.7216 0.7608 0.8000
v 1.435220 2.130658 -1.527832 0.7216 0.7608 0.8000
v -0.803287 3.288368 -1.028947 0.7216 0.7608 0.8000
v -0.713287 3.288368 -1.028947 0.7216 0.7608 0.8000
v -0.668287 3.216000 -1.000000 0.7216 0.7608 0.8000
v -0.713287 3.143632 -0.971053 0.7216 0.7608 0.8000
v -0.803287 3.143632 -0.971053 0.7216 0.7608 0.8000
v -0.848287 3.216000 -1.000000 0.7216 0.7608 0.8000
v -0.803287 3.064871 -1.560717 0.7216 0.7608 0.8000
v -0.713287 3.064871 -1.560717 0.7216 0.7608 0.8000
v -0.668287 3.016000 -1.500000 0.7216 0.7608 0.8000
v -0.713287 2.967129 -1.439283 0.7216 0.7608 0.8000
v -0.803287 2.967129 -1.439283 0.7216 0.7608 0.8000
v -0.848287 3.016000 -1.500000 0.7216 0.7608 0.8000
v -0.777713 2.407736 -1.687489 0.7216 0.7608 0.8000
v -0.713111 2.464478 -1.660902 0.7216 0.7608 0.8000
v -0.693685 2.472743 -1.573413 0.7216 0.7608 0.8000
v -0.738861 2.424265 -1.512511 0.7216 0.7608 0.8000
v -0.803463 2.367522 -1.539098 0.7216 0.7608 0.8000
v -0.822889 2.359258 -1.626587 0.7216 0.7608 0.8000
v 1.442602 2.181540 -1.583137 0.7216 0.7608 0.8000
v 1.452918 2.270124 -1.571029 0.7216 0.7608 0.8000
v 1.452029 2.304583 -1.487892 0.7216 0.7608 0.8000
v 1.440824 2.250460 -1.416863 0.7216 0.7608 0.8000
v 1.430508 2.161876 -1.428971 0.7216 0.7608 0.8000
v 1.431397 2.127417 -1.512108 0.7216 0.7608 0.8000
v -0.003287 3.288368 -1.028947 0.7216 0.7608 0.8000
v 0.086713 3.288368 -1.028947 0.7216 0.7608 0.8000
v 0.131713 3.216000 -1.000000 0.7216 0.7608 0.8000
v 0.086713 3.143632 -0.971053 0.7216 0.7608 0.8000
v -0.003287 3.143632 -0.971053 0.7216 0.7608 0.8000
v -0.048287 3.216000 -1.000000 0.7216 0.7608 0.8000
v -0.006050 3.071117 -1.552734 0.7216 0.7608 0.8000
v 0.082373 3.061267 -1.566315 0.7216 0.7608 0.8000
v 0.130136 3.006150 -1.513581 0.7216 0.7608 0.8000
v 0.089476 2.960883 -1.447266 0.7216 0.7608 0.8000
v 0.001054 2.970733 -1.433685 0.7216 0.7608 0.8000
v -0.046709 3.025850 -1.486419 0.7216 0.7608 0.8000
v -0.190769 2.402603 -1.682858 0.7216 0.7608 0.8000
v -0.115101 2.449938 -1.671296 0.7216 0.7608 0.8000
v -0.082619 2.463336 -1.588438 0.7216 0.7608 0.8000
v -0.125805 2.429397 -1.517142 0.7216 0.7608 0.8000
v -0.201473 2.382062 -1.528704 0.7216 0.7608 0.8000
v -0.233955 2.368665 -1.611562 0.7216 0.7608 0.8000
v 1.438957 2.165126 -1.574191 0.7216 0.7608 0.8000
v 1.457175 2.253033 -1.580558 0.7216 0.7608 0.8000
v 1.459931 2.303907 -1.506367 0.7216 0.7608 0.8000
v 1.444469 2.266874 -1.425809 0.7216 0.7608 0.8000
v 1.426251 2.178967 -1.419442 0.7216 0.7608 0.8000
v 1.423495 2.128093 -1.493633 0.7216 0.7608 0.8000
v 0.796713 3.288368 -1.028947 0.7216 0.7608 0.8000
v 0.886713 3.288368 -1.028947 0.7216 0.7608 0.8000
v 0.931713 3.216000 -1.000000 0.7216 0.7608 0.8000
v 0.886713 3.143632 -0.971053 0.7216 0.7608 0.8000
v 0.796713 3.143632 -0.971053 0.7216 0.7608 0.8000
v 0.751713 3.216000 -1.000000 0.7216 0.7608 0.8000
v 0.793502 3.077706 -1.544363 0.7216 0.7608 0.8000
v 0.878371 3.060667 -1.569000 0.7216 0.7608 0.8000
v 0.926582 2.998961 -1.524637 0.7216 0.7608 0.8000
v 0.889924 2.954294 -1.455637 0.7216 0.7608 0.8000
v 0.805055 2.971333 -1.431000 0.7216 0.7608 0.8000
v 0.756845 3.033039 -1.475363 0.7216 0.7608 0.8000
v 0.396423 2.400022 -1.676116 0.7216 0.7608 0.8000
v 0.479342 2.434847 -1.679554 0.7216 0.7608 0.8000
v 0.524631 2.450824 -1.603439 0.7216 0.7608 0.8000
v 0.487003 2.431978 -1.523885 0.7216 0.7608 0.8000
v 0.404084 2.397154 -1.520446 0.7216 0.7608 0.8000
v 0.358795 2.381176 -1.596561 0.7216 0.7608 0.8000
v -1.558287 4.066000 0.350000 0.7216 0.7608 0.8000
v -1.558287 4.166000 0.450000 0.7216 0.7608 0.8000
v -1.658287 4.166000 0.350000 0.7216 0.7608 0.8000
v -1.558287 4.095289 0.420711 0.7216 0.7608 0.8000
v -1.616022 4.108265 0.407735 0.7216 0.7608 0.8000
v -1.628998 4.166000 0.420711 0.7216 0.7608 0.8000
v -1.628998 4.095289 0.350000 0.7216 0.7608 0.8000
v -1.558287 4.666000 0.450000 0.7216 0.7608 0.8000
v -1.558287 4.766000 0.350000 0.7216 0.7608 0.8000
v -1.658287 4.666000 0.350000 0.7216 0.7608 0.8000
v -1.558287 4.736711 0.420711 0.7216 0.7608 0.8000
v -1.616022 4.723735 0.407735 0.7216 0.7608 0.8000
v -1.628998 4.736711 0.350000 0.7216 0.7608 0.8000
v -1.628998 4.666000 0.420711 0.7216 0.7608 0.8000
v -1.558287 4.066000 -0.350000 0.7216 0.7608 0.8000
v -1.658287 4.166000 -0.350000 0.7216 0.7608 0.8000
v -1.558287 4.166000 -0.450000 0.7216 0.7608 0.8000
v -1.628998 4.095289 -0.350000 0.7216 0.7608 0.8000
v -1.616022 4.108265 -0.407735 0.7216 0.7608 0.8000
v -1.628998 4.166000 -0.420711 0.7216 0.7608 0.8000
v -1.558287 4.095289 -0.420711 0.7216 0.7608 0.8000
v -1.558287 4.766000 -0.350000 0.7216 0.7608 0.8000
v -1.558287 4.666000 -0.450000 0.7216 0.7608 0.8000
v -1.658287 4.666000 -0.350000 0.7216 0.7608 0.8000
v -1.558287 4.736711 -0.420711 0.7216 0.7608 0.8000
v -1.616022 4.723735 -0.407735 0.7216 0.7608 0.8000
v -1.628998 4.666000 -0.420711 0.7216 0.7608 0.8000
v -1.628998 4.736711 -0.350000 0.7216 0.7608 0.8000
v 0.841713 4.066000 0.350000 0.7216 0.7608 0.8000
v 0.941713 4.166000 0.350000 0.7216 0.7608 0.8000
v 0.841713 4.166000 0.450000 0.7216 0.7608 0.8000
v 0.912424 4.095289 0.350000 0.7216 0.7608 0.8000
v 0.899448 4.108265 0.407735 0.7216 0.7608 0.8000
v 0.912424 4.166000 0.420711 0.7216 0.7608 0.8000
v 0.841713 4.095289 0.420711 0.7216 0.7608 0.8000
v 0.841713 4.766000 0.350000 0.7216 0.7608 0.8000
v 0.841713 4.666000 0.450000 0.7216 0.7608 0.8000
v 0.941713 4.666000 0.350000 0.7216 0.7608 0.8000
v 0.841713 4.736711 0.420711 0.7216 0.7608 0.8000
v 0.899448 4.723735 0.407735 0.7216 0.7608 0.8000
v 0.912424 4.666000 0.420711 0.7216 0.7608 0.8000
v 0.912424 4.736711 0.350000 0.7216 0.7608 0.8000
v 0.841713 4.066000 -0.350000 0.7216 0.7608 0.8000
v 0.841713 4.166000 -0.450000 0.7216 0.7608 0.8000
v 0.941713 4.166000 -0.350000 0.7216 0.7608 0.8000
v 0.841713 4.095289 -0.420711 0.7216 0.7608 0.8000
v 0.899448 4.108265 -0.407735 0.7216 0.7608 0.8000
v 0.912424 4.166000 -0.420711 0.7216 0.7608 0.8000
v 0.912424 4.095289 -0.350000 0.7216 0.7608 0.8000
v 0.841713 4.766000 -0.350000 0.7216 0.7608 0.8000
v 0.941713 4.666000 -0.350000 0.7216 0.7608 0.8000
v 0.841713 4.666000 -0.450000 0.7216 0.7608 0.8000
v 0.912424 4.736711 -0.350000 0.7216 0.7608 0.8000
v 0.899448 4.723735 -0.407735 0.7216 0.7608 0.8000
v 0.912424 4.666000 -0.420711 0.7216 0.7608 0.8000
v 0.841713 4.736711 -0.420711 0.7216 0.7608 0.8000
v -1.358287 4.766000 0.300000 0.9490 0.7608 0.1882
v -1.358287 4.866000 0.400000 0.9490 0.7608 0.1882
v -1.458287 4.866000 0.300000 0.9490 0.7608 0.1882
v -1.358287 4.795289 0.370711 0.9490 0.7608 0.1882
v -1.416022 4.808265 0.357735 0.9490 0.7608 0.1882
v -1.428998 4.866000 0.370711 0.9490 0.7608 0.1882
v -1.428998 4.795289 0.300000 0.9490 0.7608 0.1882
v -1.358287 5.166000 0.400000 0.9490 0.7608 0.1882
v -1.358287 5.266000 0.300000 0.9490 0.7608 0.1882
v -1.458287 5.166000 0.300000 0.9490 0.7608 0.1882
v -1.358287 5.236711 0.370711 0.9490 0.7608 0.1882
v -1.416022 5.223735 0.357735 0.9490 0.7608 0.1882
v -1.428998 5.236711 0.300000 0.9490 0.7608 0.1882
v -1.428998 5.166000 0.370711 0.9490 0.7608 0.1882
v -1.358287 4.766000 -0.300000 0.9490 0.7608 0.1882
v -1.458287 4.866000 -0.300000 0.9490 0.7608 0.1882
v -1.358287 4.866000 -0.400000 0.9490 0.7608 0.1882
v -1.428998 4.795289 -0.300000 0.9490 0.7608 0.1882
v -1.416022 4.808265 -0.357735 0.9490 0.7608 0.1882
v -1.428998 4.866000 -0.370711 0.9490 0.7608 0.1882
v -1.358287 4.795289 -0.370711 0.9490 0.7608 0.1882
v -1.358287 5.266000 -0.300000 0.9490 0.7608 0.1882
v -1.358287 5.166000 -0.400000 0.9490 0.7608 0.1882
v -1.458287 5.166000 -0.300000 0.9490 0.7608 0.1882
v -1.358287 5.236711 -0.370711 0.9490 0.7608 0.1882
v -1.416022 5.223735 -0.357735 0.9490 0.7608 0.1882
v -1.428998 5.166000 -0.370711 0.9490 0.7608 0.1882
v -1.428998 5.236711 -0.300000 0.9490 0.7608 0.1882
v 0.041713 4.766000 0.300000 0.9490 0.7608 0.1882
v 0.141713 4.866000 0.300000 0.9490 0.7608 0.1882
v 0.041713 4.866000 0.400000 0.9490 0.7608 0.1882
v 0.112424 4.795289 0.300000 0.9490 0.7608 0.1882
v 0.099448 4.808265 0.357735 0.9490 0.7608 0.1882
v 0.112424 4.866000 0.370711 0.9490 0.7608 0.1882
v 0.041713 4.795289 0.370711 0.9490 0.7608 0.1882
v 0.041713 5.266000 0.300000 0.9490 0.7608 0.1882
v 0.041713 5.166000 0.400000 0.9490 0.7608 0.1882
v 0.141713 5.166000 0.300000 0.9490 0.7608 0.1882
v 0.041713 5.236711 0.370711 0.9490 0.7608 0.1882
v 0.099448 5.223735 0.357735 0.9490 0.7608 0.1882
v 0.112424 5.166000 0.370711 0.9490 0.7608 0.1882
v 0.112424 5.236711 0.300000 0.9490 0.7608 0.1882
v 0.041713 4.766000 -0.300000 0.9490 0.7608 0.1882
v 0.041713 4.866000 -0.400000 0.9490 0.7608 0.1882
v 0.141713 4.866000 -0.300000 0.9490 0.7608 0.1882
v 0.041713 4.795289 -0.370711 0.9490 0.7608 0.1882
v 0.099448 4.808265 -0.357735 0.9490 0.7608 0.1882
v 0.112424 4.866000 -0.370711 0.9490 0.7608 0.1882
v 0.112424 4.795289 -0.300000 0.9490 0.7608 0.1882
v 0.041713 5.266000 -0.300000 0.9490 0.7608 0.1882
v 0.141713 5.166000 -0.300000 0.9490 0.7608 0.1882
v 0.041713 5.166000 -0.400000 0.9490 0.7608 0.1882
v 0.112424 5.236711 -0.300000 0.9490 0.7608 0.1882
v 0.099448 5.223735 -0.357735 0.9490 0.7608 0.1882
v 0.112424 5.166000 -0.370711 0.9490 0.7608 0.1882
v 0.041713 5.236711 -0.370711 0.9490 0.7608 0.1882
v -1.508287 4.841000 0.300000 0.1020 0.1020 0.1216
v -1.508287 5.191000 0.300000 0.1020 0.1020 0.1216
v -1.508287 4.841000 -0.300000 0.1020 0.1020 0.1216
v -1.508287 5.191000 -0.300000 0.1020 0.1020 0.1216
v -1.408287 4.841000 0.300000 0.1020 0.1020 0.1216
v -1.408287 5.191000 0.300000 0.1020 0.1020 0.1216
v -1.408287 4.841000 -0.300000 0.1020 0.1020 0.1216
v -1.408287 5.191000 -0.300000 0.1020 0.1020 0.1216
v -2.358287 3.016000 -0.500000 0.7216 0.7608 0.8000
v -2.158287 3.016000 -0.500000 0.7216 0.7608 0.8000
v -2.358287 2.861491 -0.475528 0.7216 0.7608 0.8000
v -2.158287 2.861491 -0.475528 0.7216 0.7608 0.8000
v -2.358287 2.722108 -0.404509 0.7216 0.7608 0.8000
v -2.158287 2.722108 -0.404509 0.7216 0.7608 0.8000
v -2.358287 2.611492 -0.293893 0.7216 0.7608 0.8000
v -2.158287 2.611492 -0.293893 0.7216 0.7608 0.8000
v -2.358287 2.540472 -0.154509 0.7216 0.7608 0.8000
v -2.158287 2.540472 -0.154509 0.7216 0.7608 0.8000
v -2.358287 2.516000 -0.000000 0.7216 0.7608 0.8000
v -2.158287 2.516000 -0.000000 0.7216 0.7608 0.8000
v -2.358287 2.540472 0.154508 0.7216 0.7608 0.8000
v -2.158287 2.540472 0.154508 0.7216 0.7608 0.8000
v -2.358287 2.611492 0.293893 0.7216 0.7608 0.8000
v -2.158287 2.611492 0.293893 0.7216 0.7608 0.8000
v -2.358287 2.722108 0.404508 0.7216 0.7608 0.8000
v -2.158287 2.722108 0.404508 0.7216 0.7608 0.8000
v -2.358287 2.861491 0.475528 0.7216 0.7608 0.8000
v -2.158287 2.861491 0.475528 0.7216 0.7608 0.8000
v -2.358287 3.016000 0.500000 0.7216 0.7608 0.8000
v -2.158287 3.016000 0.500000 0.7216 0.7608 0.8000
v -2.358287 3.170509 0.475528 0.7216 0.7608 0.8000
v -2.158287 3.170509 0.475528 0.7216 0.7608 0.8000
v -2.358287 3.309893 0.404508 0.7216 0.7608 0.8000
v -2.158287 3.309893 0.404508 0.7216 0.7608 0.8000
v -2.358287 3.420509 0.293893 0.7216 0.7608 0.8000
v -2.158287 3.420509 0.293893 0.7216 0.7608 0.8000
v -2.358287 3.491528 0.154508 0.7216 0.7608 0.8000
v -2.158287 3.491528 0.154508 0.7216 0.7608 0.8000
v -2.358287 3.516000 -0.000000 0.7216 0.7608 0.8000
v -2.158287 3.516000 -0.000000 0.7216 0.7608 0.8000
v -2.358287 3.491528 -0.154509 0.7216 0.7608 0.8000
v -2.158287 3.491528 -0.154509 0.7216 0.7608 0.8000
v -2.358287 3.420509 -0.293893 0.7216 0.7608 0.8000
v -2.158287 3.420509 -0.293893 0.7216 0.7608 0.8000
v -2.358287 3.309893 -0.404509 0.7216 0.7608 0.8000
v -2.158287 3.309893 -0.404509 0.7216 0.7608 0.8000
v -2.358287 3.170509 -0.475528 0.7216 0.7608 0.8000
v -2.158287 3.170509 -0.475528 0.7216 0.7608 0.8000
v -2.358287 4.116000 -0.350000 0.7216 0.7608 0.8000
v -2.158287 4.116000 -0.350000 0.7216 0.7608 0.8000
v -2.358287 4.007844 -0.332870 0.7216 0.7608 0.8000
v -2.158287 4.007844 -0.332870 0.7216 0.7608 0.8000
v -2.358287 3.910275 -0.283156 0.7216 0.7608 0.8000
v -2.158287 3.910275 -0.283156 0.7216 0.7608 0.8000
v -2.358287 3.832844 -0.205725 0.7216 0.7608 0.8000
v -2.158287 3.832844 -0.205725 0.7216 0.7608 0.8000
v -2.358287 3.783130 -0.108156 0.7216 0.7608 0.8000
v -2.158287 3.783130 -0.108156 0.7216 0.7608 0.8000
v -2.358287 3.766000 -0.000000 0.7216 0.7608 0.8000
v -2.158287 3.766000 -0.000000 0.7216 0.7608 0.8000
v -2.358287 3.783130 0.108156 0.7216 0.7608 0.8000
v -2.158287 3.783130 0.108156 0.7216 0.7608 0.8000
v -2.358287 3.832844 0.205725 0.7216 0.7608 0.8000
v -2.158287 3.832844 0.205725 0.7216 0.7608 0.8000
v -2.358287 3.910275 0.283156 0.7216 0.7608 0.8000
v -2.158287 3.910275 0.283156 0.7216 0.7608 0.8000
v -2.358287 4.007844 0.332870 0.7216 0.7608 0.8000
v -2.158287 4.007844 0.332870 0.7216 0.7608 0.8000
v -2.358287 4.116000 0.350000 0.7216 0.7608 0.8000
v -2.158287 4.116000 0.350000 0.7216 0.7608 0.8000
v -2.358287 4.224156 0.332870 0.7216 0.7608 0.8000
v -2.158287 4.224156 0.332870 0.7216 0.7608 0.8000
v -2.358287 4.321725 0.283156 0.7216 0.7608 0.8000
v -2.158287 4.321725 0.283156 0.7216 0.7608 0.8000
v -2.358287 4.399156 0.205725 0.7216 0.7608 0.8000
v -2.158287 4.399156 0.205725 0.7216 0.7608 0.8000
v -2.358287 4.448870 0.108156 0.7216 0.7608 0.8000
v -2.158287 4.448870 0.108156 0.7216 0.7608 0.8000
v -2.358287 4.466000 -0.000000 0.7216 0.7608 0.8000
v -2.158287 4.466000 -0.000000 0.7216 0.7608 0.8000
v -2.358287 4.448870 -0.108156 0.7216 0.7608 0.8000
v -2.158287 4.448870 -0.108156 0.7216 0.7608 0.8000
v -2.358287 4.399156 -0.205725 0.7216 0.7608 0.8000
v -2.158287 4.399156 -0.205725 0.7216 0.7608 0.8000
v -2.358287 4.321725 -0.283156 0.7216 0.7608 0.8000
v -2.158287 4.321725 -0.283156 0.7216 0.7608 0.8000
v -2.358287 4.224156 -0.332870 0.7216 0.7608 0.8000
v -2.158287 4.224156 -0.332870 0.7216 0.7608 0.8000
v -2.403287 2.985381 0.530619 0.1020 0.1020 0.1216
v -2.353287 2.985381 0.530619 0.1020 0.1020 0.1216
v -2.328287 3.016000 0.500000 0.1020 0.1020 0.1216
v -2.353287 3.046619 0.469381 0.1020 0.1020 0.1216
v -2.403287 3.046619 0.469381 0.1020 0.1020 0.1216
v -2.428287 3.016000 0.500000 0.1020 0.1020 0.1216
v -2.403287 3.021850 0.542904 0.1020 0.1020 0.1216
v -2.353287 3.021850 0.542904 0.1020 0.1020 0.1216
v -2.353287 3.010149 0.457096 0.1020 0.1020 0.1216
v -2.403287 3.010149 0.457096 0.1020 0.1020 0.1216
v -2.403287 4.148622 0.378475 0.1020 0.1020 0.1216
v -2.353287 4.148622 0.378475 0.1020 0.1020 0.1216
v -2.328287 4.116000 0.350000 0.1020 0.1020 0.1216
v -2.353287 4.083379 0.321525 0.1020 0.1020 0.1216
v -2.403287 4.083379 0.321525 0.1020 0.1020 0.1216
v -2.428287 4.116000 0.350000 0.1020 0.1020 0.1216
v -2.403287 4.148622 -0.378475 0.1020 0.1020 0.1216
v -2.353287 4.148622 -0.378475 0.1020 0.1020 0.1216
v -2.328287 4.116000 -0.350000 0.1020 0.1020 0.1216
v -2.353287 4.083379 -0.321525 0.1020 0.1020 0.1216
v -2.403287 4.083379 -0.321525 0.1020 0.1020 0.1216
v -2.428287 4.116000 -0.350000 0.1020 0.1020 0.1216
v -2.403287 3.002176 -0.541035 0.1020 0.1020 0.1216
v -2.353287 3.002176 -0.541035 0.1020 0.1020 0.1216
v -2.328287 3.016000 -0.500000 0.1020 0.1020 0.1216
v -2.353287 3.029824 -0.458965 0.1020 0.1020 0.1216
v -2.403287 3.029824 -0.458965 0.1020 0.1020 0.1216
v -2.428287 3.016000 -0.500000 0.1020 0.1020 0.1216
v -2.403287 2.472699 -0.000000 0.1020 0.1020 0.1216
v -2.353287 2.472699 -0.000000 0.1020 0.1020 0.1216
v -2.328287 2.516000 -0.000000 0.1020 0.1020 0.1216
v -2.353287 2.559301 -0.000000 0.1020 0.1020 0.1216
v -2.403287 2.559301 -0.000000 0.1020 0.1020 0.1216
v -2.428287 2.516000 -0.000000 0.1020 0.1020 0.1216
v 1.615439 3.224760 -0.501689 0.7216 0.7608 0.8000
v 1.841713 3.267144 -0.418094 0.7216 0.7608 0.8000
v 2.067987 3.224760 -0.501688 0.7216 0.7608 0.8000
v 2.161713 3.122434 -0.703504 0.7216 0.7608 0.8000
v 2.067987 3.020108 -0.905319 0.7216 0.7608 0.8000
v 1.841713 2.977723 -0.988914 0.7216 0.7608 0.8000
v 1.615439 3.020108 -0.905319 0.7216 0.7608 0.8000
v 1.521713 3.122434 -0.703504 0.7216 0.7608 0.8000
v 1.615439 3.416681 -0.173727 0.7216 0.7608 0.8000
v 1.841713 3.416962 -0.080002 0.7216 0.7608 0.8000
v 2.067987 3.416681 -0.173727 0.7216 0.7608 0.8000
v 2.161713 3.416000 -0.400000 0.7216 0.7608 0.8000
v 2.067987 3.415320 -0.626273 0.7216 0.7608 0.8000
v 1.841713 3.415038 -0.719999 0.7216 0.7608 0.8000
v 1.615439 3.415320 -0.626273 0.7216 0.7608 0.8000
v 1.521713 3.416000 -0.400000 0.7216 0.7608 0.8000
v 1.615439 3.508713 -0.175004 0.7216 0.7608 0.8000
v 1.841713 3.500185 -0.081667 0.7216 0.7608 0.8000
v 2.067987 3.508713 -0.175004 0.7216 0.7608 0.8000
v 2.161713 3.529299 -0.400340 0.7216 0.7608 0.8000
v 2.067987 3.549886 -0.625675 0.7216 0.7608 0.8000
v 1.841713 3.558414 -0.719013 0.7216 0.7608 0.8000
v 1.615439 3.549886 -0.625675 0.7216 0.7608 0.8000
v 1.521713 3.529299 -0.400340 0.7216 0.7608 0.8000
v 1.615439 3.580273 -0.161594 0.7216 0.7608 0.8000
v 1.841713 3.554434 -0.071500 0.7216 0.7608 0.8000
v 2.067987 3.580273 -0.161594 0.7216 0.7608 0.8000
v 2.161713 3.642655 -0.379099 0.7216 0.7608 0.8000
v 2.067987 3.705037 -0.596605 0.7216 0.7608 0.8000
v 1.841713 3.730876 -0.686698 0.7216 0.7608 0.8000
v 1.615439 3.705037 -0.596605 0.7216 0.7608 0.8000
v 1.521713 3.642655 -0.379099 0.7216 0.7608 0.8000
v 1.615439 3.649963 -0.134290 0.7216 0.7608 0.8000
v 1.841713 3.607729 -0.050619 0.7216 0.7608 0.8000
v 2.067987 3.649963 -0.134290 0.7216 0.7608 0.8000
v 2.161713 3.751925 -0.336289 0.7216 0.7608 0.8000
v 2.067987 3.853887 -0.538289 0.7216 0.7608 0.8000
v 1.841713 3.896121 -0.621960 0.7216 0.7608 0.8000
v 1.615439 3.853887 -0.538289 0.7216 0.7608 0.8000
v 1.521713 3.751925 -0.336289 0.7216 0.7608 0.8000
v 1.615439 3.715044 -0.093349 0.7216 0.7608 0.8000
v 1.841713 3.657910 -0.019050 0.7216 0.7608 0.8000
v 2.067987 3.715044 -0.093348 0.7216 0.7608 0.8000
v 2.161713 3.852978 -0.272720 0.7216 0.7608 0.8000
v 2.067987 3.990912 -0.452092 0.7216 0.7608 0.8000
v 1.841713 4.048046 -0.526390 0.7216 0.7608 0.8000
v 1.615439 3.990912 -0.452092 0.7216 0.7608 0.8000
v 1.521713 3.852978 -0.272720 0.7216 0.7608 0.8000
v 1.615439 3.772817 -0.039571 0.7216 0.7608 0.8000
v 1.841713 3.702801 0.022737 0.7216 0.7608 0.8000
v 2.067987 3.772817 -0.039571 0.7216 0.7608 0.8000
v 2.161713 3.941850 -0.189997 0.7216 0.7608 0.8000
v 2.067987 4.110883 -0.340423 0.7216 0.7608 0.8000
v 1.841713 4.180899 -0.402731 0.7216 0.7608 0.8000
v 1.615439 4.110883 -0.340423 0.7216 0.7608 0.8000
v 1.521713 3.941850 -0.189997 0.7216 0.7608 0.8000
v 1.615439 3.820728 0.025701 0.7216 0.7608 0.8000
v 1.841713 3.740301 0.073827 0.7216 0.7608 0.8000
v 2.067987 3.820728 0.025701 0.7216 0.7608 0.8000
v 2.161713 4.014894 -0.090485 0.7216 0.7608 0.8000
v 2.067987 4.209062 -0.206671 0.7216 0.7608 0.8000
v 1.841713 4.289489 -0.254797 0.7216 0.7608 0.8000
v 1.615439 4.209062 -0.206671 0.7216 0.7608 0.8000
v 1.521713 4.014894 -0.090485 0.7216 0.7608 0.8000
v 1.615439 3.856477 0.100618 0.7216 0.7608 0.8000
v 1.841713 3.768475 0.132869 0.7216 0.7608 0.8000
v 2.067987 3.856477 0.100618 0.7216 0.7608 0.8000
v 2.161713 4.068933 0.022755 0.7216 0.7608 0.8000
v 2.067987 4.281388 -0.055108 0.7216 0.7608 0.8000
v 1.841713 4.369390 -0.087359 0.7216 0.7608 0.8000
v 1.615439 4.281388 -0.055108 0.7216 0.7608 0.8000
v 1.521713 4.068933 0.022755 0.7216 0.7608 0.8000
v 1.615439 3.878120 0.182866 0.7216 0.7608 0.8000
v 1.841713 3.785642 0.198112 0.7216 0.7608 0.8000
v 2.067987 3.878120 0.182866 0.7216 0.7608 0.8000
v 2.161713 4.101380 0.146059 0.7216 0.7608 0.8000
v 2.067987 4.324641 0.109252 0.7216 0.7608 0.8000
v 1.841713 4.417119 0.094006 0.7216 0.7608 0.8000
v 1.615439 4.324641 0.109252 0.7216 0.7608 0.8000
v 1.521713 4.101380 0.146059 0.7216 0.7608 0.8000
v 1.615439 3.884163 0.269745 0.7216 0.7608 0.8000
v 1.841713 3.790465 0.267452 0.7216 0.7608 0.8000
v 2.067987 3.884162 0.269745 0.7216 0.7608 0.8000
v 2.161713 4.110369 0.275279 0.7216 0.7608 0.8000
v 2.067987 4.336576 0.280814 0.7216 0.7608 0.8000
v 1.841713 4.430273 0.283107 0.7216 0.7608 0.8000
v 1.615439 4.336576 0.280814 0.7216 0.7608 0.8000
v 1.521713 4.110369 0.275279 0.7216 0.7608 0.8000
v 1.615439 3.873635 0.358247 0.7216 0.7608 0.8000
v 1.841713 3.782013 0.338500 0.7216 0.7608 0.8000
v 2.067987 3.873635 0.358247 0.7216 0.7608 0.8000
v 2.161713 4.094830 0.405921 0.7216 0.7608 0.8000
v 2.067987 4.316025 0.453594 0.7216 0.7608 0.8000
v 1.841713 4.407647 0.473341 0.7216 0.7608 0.8000
v 1.615439 4.316025 0.453594 0.7216 0.7608 0.8000
v 1.521713 4.094830 0.405921 0.7216 0.7608 0.8000
v 1.615439 3.846154 0.445173 0.7216 0.7608 0.8000
v 1.841713 3.759829 0.408670 0.7216 0.7608 0.8000
v 2.067987 3.846154 0.445173 0.7216 0.7608 0.8000
v 2.161713 4.054562 0.533300 0.7216 0.7608 0.8000
v 2.067987 4.262969 0.621427 0.7216 0.7608 0.8000
v 1.841713 4.349295 0.657930 0.7216 0.7608 0.8000
v 1.615439 4.262969 0.621427 0.7216 0.7608 0.8000
v 1.521713 4.054562 0.533300 0.7216 0.7608 0.8000
v 1.615439 3.801965 0.527238 0.7216 0.7608 0.8000
v 1.841713 3.723969 0.475264 0.7216 0.7608 0.8000
v 2.067987 3.801965 0.527238 0.7216 0.7608 0.8000
v 2.161713 3.990263 0.652712 0.7216 0.7608 0.8000
v 2.067987 4.178561 0.778187 0.7216 0.7608 0.8000
v 1.841713 4.256557 0.830160 0.7216 0.7608 0.8000
v 1.615439 4.178561 0.778187 0.7216 0.7608 0.8000
v 1.521713 3.990263 0.652712 0.7216 0.7608 0.8000
v 1.615439 3.741953 0.601197 0.7216 0.7608 0.8000
v 1.841713 3.675026 0.535582 0.7216 0.7608 0.8000
v 2.067987 3.741953 0.601197 0.7216 0.7608 0.8000
v 2.161713 3.903529 0.759604 0.7216 0.7608 0.8000
v 2.067987 4.065106 0.918012 0.7216 0.7608 0.8000
v 1.841713 4.132033 0.983627 0.7216 0.7608 0.8000
v 1.615439 4.065106 0.918012 0.7216 0.7608 0.8000
v 1.521713 3.903529 0.759604 0.7216 0.7608 0.8000
v 1.615439 3.667638 0.663975 0.7216 0.7608 0.8000
v 1.841713 3.614127 0.587026 0.7216 0.7608 0.8000
v 2.067987 3.667638 0.663975 0.7216 0.7608 0.8000
v 2.161713 3.796823 0.849747 0.7216 0.7608 0.8000
v 2.067987 3.926008 1.035518 0.7216 0.7608 0.8000
v 1.841713 3.979519 1.112468 0.7216 0.7608 0.8000
v 1.615439 3.926009 1.035518 0.7216 0.7608 0.8000
v 1.521713 3.796823 0.849747 0.7216 0.7608 0.8000
v 1.615439 3.581140 0.712790 0.7216 0.7608 0.8000
v 1.841713 3.542923 0.627209 0.7216 0.7608 0.8000
v 2.067987 3.581140 0.712789 0.7216 0.7608 0.8000
v 2.161713 3.673405 0.919398 0.7216 0.7608 0.8000
v 2.067987 3.765670 1.126007 0.7216 0.7608 0.8000
v 1.841713 3.803887 1.211588 0.7216 0.7608 0.8000
v 1.615439 3.765670 1.126007 0.7216 0.7608 0.8000
v 1.521713 3.673405 0.919398 0.7216 0.7608 0.8000
v 1.615439 3.485125 0.745267 0.7216 0.7608 0.8000
v 1.841713 3.463539 0.654060 0.7216 0.7608 0.8000
v 2.067987 3.485125 0.745267 0.7216 0.7608 0.8000
v 2.161713 3.537236 0.965458 0.7216 0.7608 0.8000
v 2.067987 3.589348 1.185650 0.7216 0.7608 0.8000
v 1.841713 3.610934 1.276856 0.7216 0.7608 0.8000
v 1.615439 3.589348 1.185650 0.7216 0.7608 0.8000
v 1.521713 3.537236 0.965458 0.7216 0.7608 0.8000
v 1.615439 3.382719 0.759550 0.7216 0.7608 0.8000
v 1.841713 3.378520 0.665918 0.7216 0.7608 0.8000
v 2.067987 3.382719 0.759549 0.7216 0.7608 0.8000
v 2.161713 3.392855 0.985597 0.7216 0.7608 0.8000
v 2.067987 3.402992 1.211644 0.7216 0.7608 0.8000
v 1.841713 3.407191 1.305275 0.7216 0.7608 0.8000
v 1.615439 3.402992 1.211644 0.7216 0.7608 0.8000
v 1.521713 3.392855 0.985597 0.7216 0.7608 0.8000
v 1.615439 3.277410 0.754387 0.7216 0.7608 0.8000
v 1.841713 3.290743 0.661614 0.7216 0.7608 0.8000
v 2.067987 3.277410 0.754387 0.7216 0.7608 0.8000
v 2.161713 3.245222 0.978360 0.7216 0.7608 0.8000
v 2.067987 3.213034 1.202333 0.7216 0.7608 0.8000
v 1.841713 3.199702 1.295106 0.7216 0.7608 0.8000
v 1.615439 3.213034 1.202333 0.7216 0.7608 0.8000
v 1.521713 3.245222 0.978360 0.7216 0.7608 0.8000
v 1.615439 3.172929 0.729204 0.7216 0.7608 0.8000
v 1.841713 3.203323 0.640543 0.7216 0.7608 0.8000
v 2.067987 3.172929 0.729204 0.7216 0.7608 0.8000
v 2.161713 3.099551 0.943250 0.7216 0.7608 0.8000
v 2.067987 3.026174 1.157297 0.7216 0.7608 0.8000
v 1.841713 2.995781 1.245958 0.7216 0.7608 0.8000
v 1.615439 3.026174 1.157297 0.7216 0.7608 0.8000
v 1.521713 3.099551 0.943251 0.7216 0.7608 0.8000
v 1.615439 3.073116 0.684148 0.7216 0.7608 0.8000
v 1.841713 3.119503 0.602706 0.7216 0.7608 0.8000
v 2.067987 3.073116 0.684148 0.7216 0.7608 0.8000
v 2.161713 2.961127 0.880766 0.7216 0.7608 0.8000
v 2.067987 2.849138 1.077383 0.7216 0.7608 0.8000
v 1.841713 2.802750 1.158825 0.7216 0.7608 0.8000
v 1.615439 2.849138 1.077383 0.7216 0.7608 0.8000
v 1.521713 2.961127 0.880766 0.7216 0.7608 0.8000
v 1.615439 2.981781 0.620108 0.7216 0.7608 0.8000
v 1.841713 3.042534 0.548739 0.7216 0.7608 0.8000
v 2.067987 2.981781 0.620108 0.7216 0.7608 0.8000
v 2.161713 2.835110 0.792409 0.7216 0.7608 0.8000
v 2.067987 2.688439 0.964710 0.7216 0.7608 0.8000
v 1.841713 2.627686 1.036079 0.7216 0.7608 0.8000
v 1.615439 2.688439 0.964710 0.7216 0.7608 0.8000
v 1.521713 2.835110 0.792409 0.7216 0.7608 0.8000
v 1.615439 2.902560 0.538708 0.7216 0.7608 0.8000
v 1.841713 2.975549 0.479910 0.7216 0.7608 0.8000
v 2.067987 2.902560 0.538708 0.7216 0.7608 0.8000
v 2.161713 2.726350 0.680659 0.7216 0.7608 0.8000
v 2.067987 2.550140 0.822610 0.7216 0.7608 0.8000
v 1.841713 2.477152 0.881408 0.7216 0.7608 0.8000
v 1.615439 2.550140 0.822610 0.7216 0.7608 0.8000
v 1.521713 2.726350 0.680659 0.7216 0.7608 0.8000
v 1.615439 2.838770 0.442273 0.7216 0.7608 0.8000
v 1.841713 2.921436 0.398104 0.7216 0.7608 0.8000
v 2.067987 2.838770 0.442273 0.7216 0.7608 0.8000
v 2.161713 2.639197 0.548905 0.7216 0.7608 0.8000
v 2.067987 2.439623 0.655538 0.7216 0.7608 0.8000
v 1.841713 2.356957 0.699707 0.7216 0.7608 0.8000
v 1.615439 2.439623 0.655538 0.7216 0.7608 0.8000
v 1.521713 2.639197 0.548906 0.7216 0.7608 0.8000
v 1.615439 2.793276 0.333762 0.7216 0.7608 0.8000
v 1.841713 2.882724 0.305768 0.7216 0.7608 0.8000
v 2.067987 2.793276 0.333762 0.7216 0.7608 0.8000
v 2.161713 2.577331 0.401347 0.7216 0.7608 0.8000
v 2.067987 2.361386 0.468931 0.7216 0.7608 0.8000
v 1.841713 2.271938 0.496926 0.7216 0.7608 0.8000
v 1.615439 2.361386 0.468931 0.7216 0.7608 0.8000
v 1.521713 2.577331 0.401347 0.7216 0.7608 0.8000
v 1.615439 2.768369 0.216683 0.7216 0.7608 0.8000
v 1.841713 2.861466 0.205841 0.7216 0.7608 0.8000
v 2.067987 2.768370 0.216683 0.7216 0.7608 0.8000
v 2.161713 2.543615 0.242857 0.7216 0.7608 0.8000
v 2.067987 2.318860 0.269032 0.7216 0.7608 0.8000
v 1.841713 2.225763 0.279874 0.7216 0.7608 0.8000
v 1.615439 2.318859 0.269032 0.7216 0.7608 0.8000
v 1.521713 2.543615 0.242858 0.7216 0.7608 0.8000
v 1.615439 2.765662 0.094976 0.7216 0.7608 0.8000
v 1.841713 2.859150 0.101665 0.7216 0.7608 0.8000
v 2.067987 2.765663 0.094976 0.7216 0.7608 0.8000
v 2.161713 2.539965 0.078830 0.7216 0.7608 0.8000
v 2.067987 2.314268 0.062683 0.7216 0.7608 0.8000
v 1.841713 2.220781 0.055995 0.7216 0.7608 0.8000
v 1.615439 2.314268 0.062683 0.7216 0.7608 0.8000
v 1.521713 2.539965 0.078830 0.7216 0.7608 0.8000
v 1.615439 2.786005 -0.027114 0.7216 0.7608 0.8000
v 1.841713 2.876611 -0.003132 0.7216 0.7608 0.8000
v 2.067987 2.786006 -0.027114 0.7216 0.7608 0.8000
v 2.161713 2.567264 -0.085013 0.7216 0.7608 0.8000
v 2.067987 2.348523 -0.142911 0.7216 0.7608 0.8000
v 1.841713 2.257917 -0.166894 0.7216 0.7608 0.8000
v 1.615439 2.348523 -0.142911 0.7216 0.7608 0.8000
v 1.521713 2.567264 -0.085013 0.7216 0.7608 0.8000
v 1.615439 2.829433 -0.145192 0.7216 0.7608 0.8000
v 1.841713 2.913988 -0.104757 0.7216 0.7608 0.8000
v 2.067987 2.829433 -0.145192 0.7216 0.7608 0.8000
v 2.161713 2.625300 -0.242813 0.7216 0.7608 0.8000
v 2.067987 2.421168 -0.340434 0.7216 0.7608 0.8000
v 1.841713 2.336613 -0.380870 0.7216 0.7608 0.8000
v 1.615439 2.421168 -0.340434 0.7216 0.7608 0.8000
v 1.521713 2.625300 -0.242813 0.7216 0.7608 0.8000
v 1.615439 2.895136 -0.254866 0.7216 0.7608 0.8000
v 1.841713 2.970682 -0.199393 0.7216 0.7608 0.8000
v 2.067987 2.895136 -0.254866 0.7216 0.7608 0.8000
v 2.161713 2.712751 -0.388790 0.7216 0.7608 0.8000
v 2.067987 2.530366 -0.522714 0.7216 0.7608 0.8000
v 1.841713 2.454819 -0.578187 0.7216 0.7608 0.8000
v 1.615439 2.530366 -0.522714 0.7216 0.7608 0.8000
v 1.521713 2.712751 -0.388790 0.7216 0.7608 0.8000
v 1.615439 2.981465 -0.351910 0.7216 0.7608 0.8000
v 1.841713 3.045362 -0.283341 0.7216 0.7608 0.8000
v 2.067987 2.981465 -0.351910 0.7216 0.7608 0.8000
v 2.161713 2.827204 -0.517450 0.7216 0.7608 0.8000
v 2.067987 2.672942 -0.682990 0.7216 0.7608 0.8000
v 1.841713 2.609046 -0.751559 0.7216 0.7608 0.8000
v 1.615439 2.672942 -0.682990 0.7216 0.7608 0.8000
v 1.521713 2.827204 -0.517450 0.7216 0.7608 0.8000
v 1.615439 3.085965 -0.432429 0.7216 0.7608 0.8000
v 1.841713 3.135980 -0.353163 0.7216 0.7608 0.8000
v 2.067987 3.085965 -0.432429 0.7216 0.7608 0.8000
v 2.161713 2.965220 -0.623793 0.7216 0.7608 0.8000
v 2.067987 2.844474 -0.815158 0.7216 0.7608 0.8000
v 1.841713 2.794460 -0.894424 0.7216 0.7608 0.8000
v 1.615439 2.844474 -0.815158 0.7216 0.7608 0.8000
v 1.521713 2.965220 -0.623793 0.7216 0.7608 0.8000
v 1.491713 3.416000 -0.420000 0.7216 0.7608 0.8000
v 2.191713 3.416000 -0.420000 0.7216 0.7608 0.8000
v 1.491713 3.255533 -0.398874 0.7216 0.7608 0.8000
v 2.191713 3.255533 -0.398874 0.7216 0.7608 0.8000
v 1.491713 3.106000 -0.336936 0.7216 0.7608 0.8000
v 2.191713 3.106000 -0.336936 0.7216 0.7608 0.8000
v 1.491713 2.977594 -0.238406 0.7216 0.7608 0.8000
v 2.191713 2.977594 -0.238406 0.7216 0.7608 0.8000
v 1.491713 2.879064 -0.110000 0.7216 0.7608 0.8000
v 2.191713 2.879064 -0.110000 0.7216 0.7608 0.8000
v 1.491713 2.817126 0.039532 0.7216 0.7608 0.8000
v 2.191713 2.817126 0.039532 0.7216 0.7608 0.8000
v 1.491713 2.796000 0.200000 0.7216 0.7608 0.8000
v 2.191713 2.796000 0.200000 0.7216 0.7608 0.8000
v 1.491713 2.817126 0.360468 0.7216 0.7608 0.8000
v 2.191713 2.817126 0.360468 0.7216 0.7608 0.8000
v 1.491713 2.879064 0.510000 0.7216 0.7608 0.8000
v 2.191713 2.879064 0.510000 0.7216 0.7608 0.8000
v 1.491713 2.977594 0.638406 0.7216 0.7608 0.8000
v 2.191713 2.977594 0.638406 0.7216 0.7608 0.8000
v 1.491713 3.106000 0.736936 0.7216 0.7608 0.8000
v 2.191713 3.106000 0.736936 0.7216 0.7608 0.8000
v 1.491713 3.255533 0.798874 0.7216 0.7608 0.8000
v 2.191713 3.255533 0.798874 0.7216 0.7608 0.8000
v 1.491713 3.416000 0.820000 0.7216 0.7608 0.8000
v 2.191713 3.416000 0.820000 0.7216 0.7608 0.8000
v 1.491713 3.576468 0.798874 0.7216 0.7608 0.8000
v 2.191713 3.576468 0.798874 0.7216 0.7608 0.8000
v 1.491713 3.726000 0.736936 0.7216 0.7608 0.8000
v 2.191713 3.726000 0.736936 0.7216 0.7608 0.8000
v 1.491713 3.854407 0.638406 0.7216 0.7608 0.8000
v 2.191713 3.854407 0.638406 0.7216 0.7608 0.8000
v 1.491713 3.952936 0.510000 0.7216 0.7608 0.8000
v 2.191713 3.952936 0.510000 0.7216 0.7608 0.8000
v 1.491713 4.014874 0.360468 0.7216 0.7608 0.8000
v 2.191713 4.014874 0.360468 0.7216 0.7608 0.8000
v 1.491713 4.036000 0.200000 0.7216 0.7608 0.8000
v 2.191713 4.036000 0.200000 0.7216 0.7608 0.8000
v 1.491713 4.014874 0.039532 0.7216 0.7608 0.8000
v 2.191713 4.014874 0.039532 0.7216 0.7608 0.8000
v 1.491713 3.952936 -0.110000 0.7216 0.7608 0.8000
v 2.191713 3.952936 -0.110000 0.7216 0.7608 0.8000
v 1.491713 3.854407 -0.238406 0.7216 0.7608 0.8000
v 2.191713 3.854407 -0.238406 0.7216 0.7608 0.8000
v 1.491713 3.726000 -0.336936 0.7216 0.7608 0.8000
v 2.191713 3.726000 -0.336936 0.7216 0.7608 0.8000
v 1.491713 3.576468 -0.398874 0.7216 0.7608 0.8000
v 2.191713 3.576468 -0.398874 0.7216 0.7608 0.8000
v 2.091713 3.416000 -0.300000 0.5490 0.5921 0.6393
v 2.991713 3.416000 -0.420000 0.5490 0.5921 0.6393
v 2.091713 3.286591 -0.282963 0.5490 0.5921 0.6393
v 2.991713 3.255533 -0.398874 0.5490 0.5921 0.6393
v 2.091713 3.166000 -0.233013 0.5490 0.5921 0.6393
v 2.991713 3.106000 -0.336936 0.5490 0.5921 0.6393
v 2.091713 3.062447 -0.153553 0.5490 0.5921 0.6393
v 2.991713 2.977594 -0.238406 0.5490 0.5921 0.6393
v 2.091713 2.982988 -0.050000 0.5490 0.5921 0.6393
v 2.991713 2.879064 -0.110000 0.5490 0.5921 0.6393
v 2.091713 2.933038 0.070590 0.5490 0.5921 0.6393
v 2.991713 2.817126 0.039532 0.5490 0.5921 0.6393
v 2.091713 2.916000 0.200000 0.5490 0.5921 0.6393
v 2.991713 2.796000 0.200000 0.5490 0.5921 0.6393
v 2.091713 2.933038 0.329410 0.5490 0.5921 0.6393
v 2.991713 2.817126 0.360468 0.5490 0.5921 0.6393
v 2.091713 2.982988 0.450000 0.5490 0.5921 0.6393
v 2.991713 2.879064 0.510000 0.5490 0.5921 0.6393
v 2.091713 3.062447 0.553553 0.5490 0.5921 0.6393
v 2.991713 2.977594 0.638406 0.5490 0.5921 0.6393
v 2.091713 3.166000 0.633013 0.5490 0.5921 0.6393
v 2.991713 3.106000 0.736936 0.5490 0.5921 0.6393
v 2.091713 3.286591 0.682963 0.5490 0.5921 0.6393
v 2.991713 3.255533 0.798874 0.5490 0.5921 0.6393
v 2.091713 3.416000 0.700000 0.5490 0.5921 0.6393
v 2.991713 3.416000 0.820000 0.5490 0.5921 0.6393
v 2.091713 3.545410 0.682963 0.5490 0.5921 0.6393
v 2.991713 3.576468 0.798874 0.5490 0.5921 0.6393
v 2.091713 3.666000 0.633013 0.5490 0.5921 0.6393
v 2.991713 3.726000 0.736936 0.5490 0.5921 0.6393
v 2.091713 3.769553 0.553553 0.5490 0.5921 0.6393
v 2.991713 3.854407 0.638406 0.5490 0.5921 0.6393
v 2.091713 3.849013 0.450000 0.5490 0.5921 0.6393
v 2.991713 3.952936 0.510000 0.5490 0.5921 0.6393
v 2.091713 3.898963 0.329410 0.5490 0.5921 0.6393
v 2.991713 4.014874 0.360468 0.5490 0.5921 0.6393
v 2.091713 3.916000 0.200000 0.5490 0.5921 0.6393
v 2.991713 4.036000 0.200000 0.5490 0.5921 0.6393
v 2.091713 3.898963 0.070590 0.5490 0.5921 0.6393
v 2.991713 4.014874 0.039532 0.5490 0.5921 0.6393
v 2.091713 3.849013 -0.050000 0.5490 0.5921 0.6393
v 2.991713 3.952936 -0.110000 0.5490 0.5921 0.6393
v 2.091713 3.769553 -0.153553 0.5490 0.5921 0.6393
v 2.991713 3.854407 -0.238406 0.5490 0.5921 0.6393
v 2.091713 3.666000 -0.233013 0.5490 0.5921 0.6393
v 2.991713 3.726000 -0.336936 0.5490 0.5921 0.6393
v 2.091713 3.545410 -0.282963 0.5490 0.5921 0.6393
v 2.991713 3.576468 -0.398874 0.5490 0.5921 0.6393
v 2.991713 2.766000 0.200000 0.9490 0.7608 0.1882
v 2.991713 2.788149 0.031768 0.9490 0.7608 0.1882
v 2.991713 2.853084 -0.125000 0.9490 0.7608 0.1882
v 2.991713 2.956381 -0.259619 0.9490 0.7608 0.1882
v 2.991713 3.091000 -0.362917 0.9490 0.7608 0.1882
v 2.991713 3.247768 -0.427852 0.9490 0.7608 0.1882
v 2.991713 3.416000 -0.450000 0.9490 0.7608 0.1882
v 2.991713 3.584233 -0.427852 0.9490 0.7608 0.1882
v 2.991713 3.741000 -0.362917 0.9490 0.7608 0.1882
v 2.991713 3.875620 -0.259619 0.9490 0.7608 0.1882
v 2.991713 3.978917 -0.125000 0.9490 0.7608 0.1882
v 2.991713 4.043852 0.031768 0.9490 0.7608 0.1882
v 2.991713 4.066000 0.200000 0.9490 0.7608 0.1882
v 2.991713 4.043852 0.368232 0.9490 0.7608 0.1882
v 2.991713 3.978917 0.525000 0.9490 0.7608 0.1882
v 2.991713 3.875620 0.659619 0.9490 0.7608 0.1882
v 2.991713 3.741000 0.762917 0.9490 0.7608 0.1882
v 2.991713 3.584233 0.827852 0.9490 0.7608 0.1882
v 2.991713 3.416000 0.850000 0.9490 0.7608 0.1882
v 2.991713 3.247768 0.827852 0.9490 0.7608 0.1882
v 2.991713 3.091000 0.762917 0.9490 0.7608 0.1882
v 2.991713 2.956381 0.659619 0.9490 0.7608 0.1882
v 2.991713 2.853084 0.525000 0.9490 0.7608 0.1882
v 2.991713 2.788149 0.368232 0.9490 0.7608 0.1882
v 3.058287 2.814369 0.200000 0.9490 0.7608 0.1882
v 3.058287 2.834869 0.044286 0.9490 0.7608 0.1882
v 3.058287 2.894972 -0.100816 0.9490 0.7608 0.1882
v 3.058287 2.990583 -0.225417 0.9490 0.7608 0.1882
v 3.058287 3.115185 -0.321028 0.9490 0.7608 0.1882
v 3.058287 3.260287 -0.381131 0.9490 0.7608 0.1882
v 3.058287 3.416000 -0.401631 0.9490 0.7608 0.1882
v 3.058287 3.571714 -0.381131 0.9490 0.7608 0.1882
v 3.058287 3.716816 -0.321028 0.9490 0.7608 0.1882
v 3.058287 3.841418 -0.225417 0.9490 0.7608 0.1882
v 3.058287 3.937028 -0.100816 0.9490 0.7608 0.1882
v 3.058287 3.997131 0.044286 0.9490 0.7608 0.1882
v 3.058287 4.017632 0.200000 0.9490 0.7608 0.1882
v 3.058287 3.997131 0.355714 0.9490 0.7608 0.1882
v 3.058287 3.937028 0.500816 0.9490 0.7608 0.1882
v 3.058287 3.841418 0.625417 0.9490 0.7608 0.1882
v 3.058287 3.716816 0.721028 0.9490 0.7608 0.1882
v 3.058287 3.571714 0.781131 0.9490 0.7608 0.1882
v 3.058287 3.416000 0.801631 0.9490 0.7608 0.1882
v 3.058287 3.260287 0.781131 0.9490 0.7608 0.1882
v 3.058287 3.115185 0.721028 0.9490 0.7608 0.1882
v 3.058287 2.990583 0.625417 0.9490 0.7608 0.1882
v 3.058287 2.894972 0.500816 0.9490 0.7608 0.1882
v 3.058287 2.834869 0.355714 0.9490 0.7608 0.1882
v 3.032858 2.892631 0.200000 0.9490 0.7608 0.1882
v 3.032858 2.910465 0.064542 0.9490 0.7608 0.1882
v 3.032858 2.962750 -0.061684 0.9490 0.7608 0.1882
v 3.032858 3.045923 -0.170078 0.9490 0.7608 0.1882
v 3.032858 3.154316 -0.253251 0.9490 0.7608 0.1882
v 3.032858 3.280543 -0.305535 0.9490 0.7608 0.1882
v 3.032858 3.416000 -0.323369 0.9490 0.7608 0.1882
v 3.032858 3.551458 -0.305535 0.9490 0.7608 0.1882
v 3.032858 3.677685 -0.253251 0.9490 0.7608 0.1882
v 3.032858 3.786078 -0.170078 0.9490 0.7608 0.1882
v 3.032858 3.869251 -0.061684 0.9490 0.7608 0.1882
v 3.032858 3.921536 0.064542 0.9490 0.7608 0.1882
v 3.032858 3.939369 0.200000 0.9490 0.7608 0.1882
v 3.032858 3.921536 0.335458 0.9490 0.7608 0.1882
v 3.032858 3.869251 0.461684 0.9490 0.7608 0.1882
v 3.032858 3.786078 0.570078 0.9490 0.7608 0.1882
v 3.032858 3.677685 0.653251 0.9490 0.7608 0.1882
v 3.032858 3.551458 0.705535 0.9490 0.7608 0.1882
v 3.032858 3.416000 0.723369 0.9490 0.7608 0.1882
v 3.032858 3.280543 0.705535 0.9490 0.7608 0.1882
v 3.032858 3.154316 0.653251 0.9490 0.7608 0.1882
v 3.032858 3.045923 0.570078 0.9490 0.7608 0.1882
v 3.032858 2.962750 0.461684 0.9490 0.7608 0.1882
v 3.032858 2.910465 0.335458 0.9490 0.7608 0.1882
v 2.950568 2.892631 0.200000 0.9490 0.7608 0.1882
v 2.950568 2.910465 0.064542 0.9490 0.7608 0.1882
v 2.950568 2.962750 -0.061684 0.9490 0.7608 0.1882
v 2.950568 3.045923 -0.170078 0.9490 0.7608 0.1882
v 2.950568 3.154316 -0.253251 0.9490 0.7608 0.1882
v 2.950568 3.280543 -0.305535 0.9490 0.7608 0.1882
v 2.950568 3.416000 -0.323369 0.9490 0.7608 0.1882
v 2.950568 3.551458 -0.305535 0.9490 0.7608 0.1882
v 2.950568 3.677685 -0.253251 0.9490 0.7608 0.1882
v 2.950568 3.786078 -0.170078 0.9490 0.7608 0.1882
v 2.950568 3.869251 -0.061684 0.9490 0.7608 0.1882
v 2.950568 3.921536 0.064542 0.9490 0.7608 0.1882
v 2.950568 3.939369 0.200000 0.9490 0.7608 0.1882
v 2.950568 3.921536 0.335458 0.9490 0.7608 0.1882
v 2.950568 3.869251 0.461684 0.9490 0.7608 0.1882
v 2.950568 3.786078 0.570078 0.9490 0.7608 0.1882
v 2.950568 3.677685 0.653251 0.9490 0.7608 0.1882
v 2.950568 3.551458 0.705535 0.9490 0.7608 0.1882
v 2.950568 3.416000 0.723369 0.9490 0.7608 0.1882
v 2.950568 3.280543 0.705535 0.9490 0.7608 0.1882
v 2.950568 3.154316 0.653251 0.9490 0.7608 0.1882
v 2.950568 3.045923 0.570078 0.9490 0.7608 0.1882
v 2.950568 2.962750 0.461684 0.9490 0.7608 0.1882
v 2.950568 2.910465 0.335458 0.9490 0.7608 0.1882
v 2.925139 2.814369 0.200000 0.9490 0.7608 0.1882
v 2.925139 2.834869 0.044286 0.9490 0.7608 0.1882
v 2.925139 2.894972 -0.100816 0.9490 0.7608 0.1882
v 2.925139 2.990583 -0.225417 0.9490 0.7608 0.1882
v 2.925139 3.115185 -0.321028 0.9490 0.7608 0.1882
v 2.925139 3.260287 -0.381131 0.9490 0.7608 0.1882
v 2.925139 3.416000 -0.401631 0.9490 0.7608 0.1882
v 2.925139 3.571714 -0.381131 0.9490 0.7608 0.1882
v 2.925139 3.716816 -0.321028 0.9490 0.7608 0.1882
v 2.925139 3.841418 -0.225417 0.9490 0.7608 0.1882
v 2.925139 3.937028 -0.100816 0.9490 0.7608 0.1882
v 2.925139 3.997131 0.044286 0.9490 0.7608 0.1882
v 2.925139 4.017632 0.200000 0.9490 0.7608 0.1882
v 2.925139 3.997131 0.355714 0.9490 0.7608 0.1882
v 2.925139 3.937028 0.500816 0.9490 0.7608 0.1882
v 2.925139 3.841418 0.625417 0.9490 0.7608 0.1882
v 2.925139 3.716816 0.721028 0.9490 0.7608 0.1882
v 2.925139 3.571714 0.781131 0.9490 0.7608 0.1882
v 2.925139 3.416000 0.801631 0.9490 0.7608 0.1882
v 2.925139 3.260287 0.781131 0.9490 0.7608 0.1882
v 2.925139 3.115185 0.721028 0.9490 0.7608 0.1882
v 2.925139 2.990583 0.625417 0.9490 0.7608 0.1882
v 2.925139 2.894972 0.500816 0.9490 0.7608 0.1882
v 2.925139 2.834869 0.355714 0.9490 0.7608 0.1882
v 2.941713 3.416000 -0.280000 0.1020 0.1020 0.1216
v 2.981713 3.416000 -0.280000 0.1020 0.1020 0.1216
v 2.941713 3.267672 -0.256507 0.1020 0.1020 0.1216
v 2.981713 3.267672 -0.256507 0.1020 0.1020 0.1216
v 2.941713 3.133863 -0.188328 0.1020 0.1020 0.1216
v 2.981713 3.133863 -0.188328 0.1020 0.1020 0.1216
v 2.941713 3.027672 -0.082137 0.1020 0.1020 0.1216
v 2.981713 3.027672 -0.082137 0.1020 0.1020 0.1216
v 2.941713 2.959493 0.051672 0.1020 0.1020 0.1216
v 2.981713 2.959493 0.051672 0.1020 0.1020 0.1216
v 2.941713 2.936000 0.200000 0.1020 0.1020 0.1216
v 2.981713 2.936000 0.200000 0.1020 0.1020 0.1216
v 2.941713 2.959493 0.348328 0.1020 0.1020 0.1216
v 2.981713 2.959493 0.348328 0.1020 0.1020 0.1216
v 2.941713 3.027672 0.482137 0.1020 0.1020 0.1216
v 2.981713 3.027672 0.482137 0.1020 0.1020 0.1216
v 2.941713 3.133863 0.588328 0.1020 0.1020 0.1216
v 2.981713 3.133863 0.588328 0.1020 0.1020 0.1216
v 2.941713 3.267672 0.656507 0.1020 0.1020 0.1216
v 2.981713 3.267672 0.656507 0.1020 0.1020 0.1216
v 2.941713 3.416000 0.680000 0.1020 0.1020 0.1216
v 2.981713 3.416000 0.680000 0.1020 0.1020 0.1216
v 2.941713 3.564328 0.656507 0.1020 0.1020 0.1216
v 2.981713 3.564328 0.656507 0.1020 0.1020 0.1216
v 2.941713 3.698137 0.588328 0.1020 0.1020 0.1216
v 2.981713 3.698137 0.588328 0.1020 0.1020 0.1216
v 2.941713 3.804328 0.482137 0.1020 0.1020 0.1216
v 2.981713 3.804328 0.482137 0.1020 0.1020 0.1216
v 2.941713 3.872507 0.348328 0.1020 0.1020 0.1216
v 2.981713 3.872507 0.348328 0.1020 0.1020 0.1216
v 2.941713 3.896000 0.200000 0.1020 0.1020 0.1216
v 2.981713 3.896000 0.200000 0.1020 0.1020 0.1216
v 2.941713 3.872507 0.051672 0.1020 0.1020 0.1216
v 2.981713 3.872507 0.051672 0.1020 0.1020 0.1216
v 2.941713 3.804328 -0.082137 0.1020 0.1020 0.1216
v 2.981713 3.804328 -0.082137 0.1020 0.1020 0.1216
v 2.941713 3.698137 -0.188328 0.1020 0.1020 0.1216
v 2.981713 3.698137 -0.188328 0.1020 0.1020 0.1216
v 2.941713 3.564328 -0.256507 0.1020 0.1020 0.1216
v 2.981713 3.564328 -0.256507 0.1020 0.1020 0.1216
v 2.956713 3.386000 0.625000 0.7216 0.7608 0.8000
v 2.956713 3.446000 0.625000 0.7216 0.7608 0.8000
v 2.956713 3.386000 -0.225000 0.7216 0.7608 0.8000
v 2.956713 3.446000 -0.225000 0.7216 0.7608 0.8000
v 2.986713 3.386000 0.625000 0.7216 0.7608 0.8000
v 2.986713 3.446000 0.625000 0.7216 0.7608 0.8000
v 2.986713 3.386000 -0.225000 0.7216 0.7608 0.8000
v 2.986713 3.446000 -0.225000 0.7216 0.7608 0.8000
v 2.956713 3.177520 0.553061 0.7216 0.7608 0.8000
v 2.956713 3.229481 0.583061 0.7216 0.7608 0.8000
v 2.956713 3.602519 -0.183061 0.7216 0.7608 0.8000
v 2.956713 3.654481 -0.153061 0.7216 0.7608 0.8000
v 2.986713 3.177520 0.553061 0.7216 0.7608 0.8000
v 2.986713 3.229481 0.583061 0.7216 0.7608 0.8000
v 2.986713 3.602519 -0.183061 0.7216 0.7608 0.8000
v 2.986713 3.654481 -0.153061 0.7216 0.7608 0.8000
v 2.956713 3.032939 0.386519 0.7216 0.7608 0.8000
v 2.956713 3.062939 0.438481 0.7216 0.7608 0.8000
v 2.956713 3.769061 -0.038481 0.7216 0.7608 0.8000
v 2.956713 3.799061 0.013481 0.7216 0.7608 0.8000
v 2.986713 3.032939 0.386519 0.7216 0.7608 0.8000
v 2.986713 3.062939 0.438481 0.7216 0.7608 0.8000
v 2.986713 3.769061 -0.038481 0.7216 0.7608 0.8000
v 2.986713 3.799061 0.013481 0.7216 0.7608 0.8000
v 2.956713 2.991000 0.170000 0.7216 0.7608 0.8000
v 2.956713 2.991000 0.230000 0.7216 0.7608 0.8000
v 2.956713 3.841000 0.170000 0.7216 0.7608 0.8000
v 2.956713 3.841000 0.230000 0.7216 0.7608 0.8000
v 2.986713 2.991000 0.170000 0.7216 0.7608 0.8000
v 2.986713 2.991000 0.230000 0.7216 0.7608 0.8000
v 2.986713 3.841000 0.170000 0.7216 0.7608 0.8000
v 2.986713 3.841000 0.230000 0.7216 0.7608 0.8000
v 2.956713 3.062939 -0.038481 0.7216 0.7608 0.8000
v 2.956713 3.032939 0.013481 0.7216 0.7608 0.8000
v 2.956713 3.799061 0.386519 0.7216 0.7608 0.8000
v 2.956713 3.769061 0.438481 0.7216 0.7608 0.8000
v 2.986713 3.062939 -0.038481 0.7216 0.7608 0.8000
v 2.986713 3.032939 0.013481 0.7216 0.7608 0.8000
v 2.986713 3.799061 0.386519 0.7216 0.7608 0.8000
v 2.986713 3.769061 0.438481 0.7216 0.7608 0.8000
v 2.956713 3.229481 -0.183061 0.7216 0.7608 0.8000
v 2.956713 3.177520 -0.153061 0.7216 0.7608 0.8000
v 2.956713 3.654481 0.553061 0.7216 0.7608 0.8000
v 2.956713 3.602520 0.583061 0.7216 0.7608 0.8000
v 2.986713 3.229481 -0.183061 0.7216 0.7608 0.8000
v 2.986713 3.177520 -0.153061 0.7216 0.7608 0.8000
v 2.986713 3.654481 0.553061 0.7216 0.7608 0.8000
v 2.986713 3.602520 0.583061 0.7216 0.7608 0.8000
v -0.809058 4.870153 -0.206198 0.8470 0.2275 0.1804
v -0.799652 5.008044 -0.271995 0.8470 0.2275 0.1804
v -0.824594 5.062727 -0.412775 0.8470 0.2275 0.1804
v -0.869273 5.002170 -0.546072 0.8470 0.2275 0.1804
v -0.907516 4.861846 -0.593802 0.8470 0.2275 0.1804
v -0.916922 4.723956 -0.528006 0.8470 0.2275 0.1804
v -0.891980 4.669272 -0.387225 0.8470 0.2275 0.1804
v -0.847301 4.729830 -0.253928 0.8470 0.2275 0.1804
v 1.833770 3.471235 -0.507942 0.8470 0.2275 0.1804
v 1.971902 3.494113 -0.569811 0.8470 0.2275 0.1804
v 2.033771 3.471235 -0.707943 0.8470 0.2275 0.1804
v 1.983134 3.416000 -0.841421 0.8470 0.2275 0.1804
v 1.849656 3.360766 -0.892057 0.8470 0.2275 0.1804
v 1.711524 3.337887 -0.830189 0.8470 0.2275 0.1804
v 1.649656 3.360766 -0.692057 0.8470 0.2275 0.1804
v 1.700292 3.416000 -0.558579 0.8470 0.2275 0.1804
v 1.555232 4.437905 -0.801663 0.8470 0.2275 0.1804
v 1.645041 4.535828 -0.877670 0.8470 0.2275 0.1804
v 1.674322 4.563557 -1.025336 0.8470 0.2275 0.1804
v 1.625922 4.504849 -1.158160 0.8470 0.2275 0.1804
v 1.528194 4.394095 -1.198337 0.8470 0.2275 0.1804
v 1.438385 4.296173 -1.122330 0.8470 0.2275 0.1804
v 1.409104 4.268443 -0.974665 0.8470 0.2275 0.1804
v 1.457504 4.327151 -0.841840 0.8470 0.2275 0.1804
v 2.370096 1.002484 1.491860 0.5490 0.5921 0.6393
v 2.268998 0.956346 1.573285 0.5490 0.5921 0.6393
v 2.151917 0.886574 1.553202 0.5490 0.5921 0.6393
v 2.087437 0.834039 1.443375 0.5490 0.5921 0.6393
v 2.113330 0.829516 1.308140 0.5490 0.5921 0.6393
v 2.214428 0.875654 1.226715 0.5490 0.5921 0.6393
v 2.331509 0.945426 1.246798 0.5490 0.5921 0.6393
v 2.395988 0.997961 1.356625 0.5490 0.5921 0.6393
v 1.968992 2.606000 0.490000 0.5490 0.5921 0.6393
v 1.841713 2.643279 0.527279 0.5490 0.5921 0.6393
v 1.714434 2.606000 0.490000 0.5490 0.5921 0.6393
v 1.661713 2.516000 0.400000 0.5490 0.5921 0.6393
v 1.714434 2.426000 0.310000 0.5490 0.5921 0.6393
v 1.841713 2.388721 0.272721 0.5490 0.5921 0.6393
v 1.968992 2.426000 0.310000 0.5490 0.5921 0.6393
v 2.021713 2.516000 0.400000 0.5490 0.5921 0.6393
v 1.969280 1.704325 1.391244 0.5490 0.5921 0.6393
v 1.848815 1.701866 1.458040 0.5490 0.5921 0.6393
v 1.724190 1.649107 1.432258 0.5490 0.5921 0.6393
v 1.668409 1.576955 1.329002 0.5490 0.5921 0.6393
v 1.714146 1.527675 1.208756 0.5490 0.5921 0.6393
v 1.834611 1.530134 1.141960 0.5490 0.5921 0.6393
v 1.959236 1.582893 1.167741 0.5490 0.5921 0.6393
v 2.015018 1.655045 1.270998 0.5490 0.5921 0.6393
v 2.241713 0.616000 1.150000 0.7216 0.7608 0.8000
v 2.241713 0.916000 1.150000 0.7216 0.7608 0.8000
v 2.350184 0.616000 1.174758 0.7216 0.7608 0.8000
v 2.350184 0.916000 1.174758 0.7216 0.7608 0.8000
v 2.437171 0.616000 1.244128 0.7216 0.7608 0.8000
v 2.437171 0.916000 1.244128 0.7216 0.7608 0.8000
v 2.485445 0.616000 1.344370 0.7216 0.7608 0.8000
v 2.485445 0.916000 1.344370 0.7216 0.7608 0.8000
v 2.485445 0.616000 1.455630 0.7216 0.7608 0.8000
v 2.485445 0.916000 1.455630 0.7216 0.7608 0.8000
v 2.437171 0.616000 1.555872 0.7216 0.7608 0.8000
v 2.437171 0.916000 1.555872 0.7216 0.7608 0.8000
v 2.350184 0.616000 1.625242 0.7216 0.7608 0.8000
v 2.350184 0.916000 1.625242 0.7216 0.7608 0.8000
v 2.241713 0.616000 1.650000 0.7216 0.7608 0.8000
v 2.241713 0.916000 1.650000 0.7216 0.7608 0.8000
v 2.133242 0.616000 1.625242 0.7216 0.7608 0.8000
v 2.133242 0.916000 1.625242 0.7216 0.7608 0.8000
v 2.046255 0.616000 1.555872 0.7216 0.7608 0.8000
v 2.046255 0.916000 1.555872 0.7216 0.7608 0.8000
v 1.997981 0.616000 1.455630 0.7216 0.7608 0.8000
v 1.997981 0.916000 1.455630 0.7216 0.7608 0.8000
v 1.997981 0.616000 1.344370 0.7216 0.7608 0.8000
v 1.997981 0.916000 1.344370 0.7216 0.7608 0.8000
v 2.046255 0.616000 1.244128 0.7216 0.7608 0.8000
v 2.046255 0.916000 1.244128 0.7216 0.7608 0.8000
v 2.133242 0.616000 1.174758 0.7216 0.7608 0.8000
v 2.133242 0.916000 1.174758 0.7216 0.7608 0.8000
v -1.758287 2.516000 0.940000 1.0000 0.9647 0.8980
v -1.758287 3.116000 0.940000 1.0000 0.9647 0.8980
v -1.758287 2.516000 0.900000 1.0000 0.9647 0.8980
v -1.758287 3.116000 0.900000 1.0000 0.9647 0.8980
v -0.158287 2.516000 0.940000 1.0000 0.9647 0.8980
v -0.158287 3.116000 0.940000 1.0000 0.9647 0.8980
v -0.158287 2.516000 0.900000 1.0000 0.9647 0.8980
v -0.158287 3.116000 0.900000 1.0000 0.9647 0.8980
v -1.442287 2.656000 0.986000 0.9098 0.7216 0.4196
v -1.424602 2.677236 0.970514 0.9098 0.7216 0.4196
v -1.424602 2.707242 0.976692 0.9098 0.7216 0.4196
v -1.424602 2.707231 0.988322 0.9098 0.7216 0.4196
v -1.424602 2.677210 0.998592 0.9098 0.7216 0.4196
v -1.424602 2.634764 1.001486 0.9098 0.7216 0.4196
v -1.424602 2.604758 0.995308 0.9098 0.7216 0.4196
v -1.424602 2.604769 0.983677 0.9098 0.7216 0.4196
v -1.424602 2.634790 0.973408 0.9098 0.7216 0.4196
v -1.376287 2.692782 0.959178 0.9098 0.7216 0.4196
v -1.376287 2.744754 0.969878 0.9098 0.7216 0.4196
v -1.376287 2.744735 0.990023 0.9098 0.7216 0.4196
v -1.376287 2.692737 1.007811 0.9098 0.7216 0.4196
v -1.376287 2.619218 1.012822 0.9098 0.7216 0.4196
v -1.376287 2.567246 1.002122 0.9098 0.7216 0.4196
v -1.376287 2.567264 0.981977 0.9098 0.7216 0.4196
v -1.376287 2.619263 0.964189 0.9098 0.7216 0.4196
v -1.310287 2.698472 0.955028 0.9098 0.7216 0.4196
v -1.310287 2.758485 0.967384 0.9098 0.7216 0.4196
v -1.310287 2.758463 0.990645 0.9098 0.7216 0.4196
v -1.310287 2.698420 1.011185 0.9098 0.7216 0.4196
v -1.310287 2.613528 1.016972 0.9098 0.7216 0.4196
v -1.310287 2.553515 1.004616 0.9098 0.7216 0.4196
v -1.310287 2.553537 0.981355 0.9098 0.7216 0.4196
v -1.310287 2.613580 0.960815 0.9098 0.7216 0.4196
v -0.606287 2.698472 0.955028 0.9098 0.7216 0.4196
v -0.606287 2.758485 0.967384 0.9098 0.7216 0.4196
v -0.606287 2.758463 0.990645 0.9098 0.7216 0.4196
v -0.606287 2.698420 1.011185 0.9098 0.7216 0.4196
v -0.606287 2.613528 1.016972 0.9098 0.7216 0.4196
v -0.606287 2.553515 1.004616 0.9098 0.7216 0.4196
v -0.606287 2.553537 0.981355 0.9098 0.7216 0.4196
v -0.606287 2.613580 0.960815 0.9098 0.7216 0.4196
v -0.540287 2.692782 0.959178 0.9098 0.7216 0.4196
v -0.540287 2.744754 0.969878 0.9098 0.7216 0.4196
v -0.540287 2.744735 0.990023 0.9098 0.7216 0.4196
v -0.540287 2.692737 1.007811 0.9098 0.7216 0.4196
v -0.540287 2.619218 1.012822 0.9098 0.7216 0.4196
v -0.540287 2.567246 1.002122 0.9098 0.7216 0.4196
v -0.540287 2.567264 0.981977 0.9098 0.7216 0.4196
v -0.540287 2.619263 0.964189 0.9098 0.7216 0.4196
v -0.491972 2.677236 0.970514 0.9098 0.7216 0.4196
v -0.491972 2.707242 0.976692 0.9098 0.7216 0.4196
v -0.491972 2.707232 0.988322 0.9098 0.7216 0.4196
v -0.491972 2.677210 0.998592 0.9098 0.7216 0.4196
v -0.491972 2.634764 1.001486 0.9098 0.7216 0.4196
v -0.491972 2.604758 0.995308 0.9098 0.7216 0.4196
v -0.491972 2.604769 0.983677 0.9098 0.7216 0.4196
v -0.491972 2.634790 0.973408 0.9098 0.7216 0.4196
v -0.474287 2.656000 0.986000 0.9098 0.7216 0.4196
v -1.442287 2.876000 0.986000 0.9098 0.7216 0.4196
v -1.424602 2.854764 0.970514 0.9098 0.7216 0.4196
v -1.424602 2.897210 0.973408 0.9098 0.7216 0.4196
v -1.424602 2.927232 0.983678 0.9098 0.7216 0.4196
v -1.424602 2.927242 0.995308 0.9098 0.7216 0.4196
v -1.424602 2.897236 1.001486 0.9098 0.7216 0.4196
v -1.424602 2.854790 0.998592 0.9098 0.7216 0.4196
v -1.424602 2.824768 0.988322 0.9098 0.7216 0.4196
v -1.424602 2.824758 0.976692 0.9098 0.7216 0.4196
v -1.376287 2.839218 0.959178 0.9098 0.7216 0.4196
v -1.376287 2.912737 0.964189 0.9098 0.7216 0.4196
v -1.376287 2.964736 0.981977 0.9098 0.7216 0.4196
v -1.376287 2.964754 1.002122 0.9098 0.7216 0.4196
v -1.376287 2.912781 1.012822 0.9098 0.7216 0.4196
v -1.376287 2.839263 1.007811 0.9098 0.7216 0.4196
v -1.376287 2.787264 0.990023 0.9098 0.7216 0.4196
v -1.376287 2.787246 0.969878 0.9098 0.7216 0.4196
v -1.310287 2.833528 0.955028 0.9098 0.7216 0.4196
v -1.310287 2.918420 0.960815 0.9098 0.7216 0.4196
v -1.310287 2.978463 0.981355 0.9098 0.7216 0.4196
v -1.310287 2.978484 1.004616 0.9098 0.7216 0.4196
v -1.310287 2.918472 1.016972 0.9098 0.7216 0.4196
v -1.310287 2.833580 1.011185 0.9098 0.7216 0.4196
v -1.310287 2.773537 0.990645 0.9098 0.7216 0.4196
v -1.310287 2.773515 0.967384 0.9098 0.7216 0.4196
v -0.606287 2.833528 0.955028 0.9098 0.7216 0.4196
v -0.606287 2.918420 0.960815 0.9098 0.7216 0.4196
v -0.606287 2.978463 0.981355 0.9098 0.7216 0.4196
v -0.606287 2.978484 1.004616 0.9098 0.7216 0.4196
v -0.606287 2.918472 1.016972 0.9098 0.7216 0.4196
v -0.606287 2.833580 1.011185 0.9098 0.7216 0.4196
v -0.606287 2.773537 0.990645 0.9098 0.7216 0.4196
v -0.606287 2.773515 0.967384 0.9098 0.7216 0.4196
v -0.540287 2.839218 0.959178 0.9098 0.7216 0.4196
v -0.540287 2.912737 0.964189 0.9098 0.7216 0.4196
v -0.540287 2.964736 0.981977 0.9098 0.7216 0.4196
v -0.540287 2.964754 1.002122 0.9098 0.7216 0.4196
v -0.540287 2.912781 1.012822 0.9098 0.7216 0.4196
v -0.540287 2.839263 1.007811 0.9098 0.7216 0.4196
v -0.540287 2.787264 0.990023 0.9098 0.7216 0.4196
v -0.540287 2.787246 0.969878 0.9098 0.7216 0.4196
v -0.491972 2.854764 0.970514 0.9098 0.7216 0.4196
v -0.491972 2.897210 0.973408 0.9098 0.7216 0.4196
v -0.491972 2.927232 0.983678 0.9098 0.7216 0.4196
v -0.491972 2.927242 0.995308 0.9098 0.7216 0.4196
v -0.491972 2.897236 1.001486 0.9098 0.7216 0.4196
v -0.491972 2.854790 0.998592 0.9098 0.7216 0.4196
v -0.491972 2.824768 0.988322 0.9098 0.7216 0.4196
v -0.491972 2.824758 0.976692 0.9098 0.7216 0.4196
v -0.474287 2.876000 0.986000 0.9098 0.7216 0.4196
v -1.431287 2.766000 0.968000 0.9098 0.7216 0.4196
v -1.415076 2.766000 0.961400 0.9098 0.7216 0.4196
v -1.415076 2.819475 0.963333 0.9098 0.7216 0.4196
v -1.415076 2.841625 0.968000 0.9098 0.7216 0.4196
v -1.415076 2.819475 0.972667 0.9098 0.7216 0.4196
v -1.415076 2.766000 0.974600 0.9098 0.7216 0.4196
v -1.415076 2.712525 0.972667 0.9098 0.7216 0.4196
v -1.415076 2.690375 0.968000 0.9098 0.7216 0.4196
v -1.415076 2.712525 0.963333 0.9098 0.7216 0.4196
v -1.370787 2.766000 0.956568 0.9098 0.7216 0.4196
v -1.370787 2.858621 0.959917 0.9098 0.7216 0.4196
v -1.370787 2.896986 0.968000 0.9098 0.7216 0.4196
v -1.370787 2.858621 0.976083 0.9098 0.7216 0.4196
v -1.370787 2.766000 0.979431 0.9098 0.7216 0.4196
v -1.370787 2.673379 0.976083 0.9098 0.7216 0.4196
v -1.370787 2.635013 0.968000 0.9098 0.7216 0.4196
v -1.370787 2.673379 0.959917 0.9098 0.7216 0.4196
v -1.310287 2.766000 0.954800 0.9098 0.7216 0.4196
v -1.310287 2.872950 0.958666 0.9098 0.7216 0.4196
v -1.310287 2.917250 0.968000 0.9098 0.7216 0.4196
v -1.310287 2.872950 0.977334 0.9098 0.7216 0.4196
v -1.310287 2.766000 0.981200 0.9098 0.7216 0.4196
v -1.310287 2.659050 0.977334 0.9098 0.7216 0.4196
v -1.310287 2.614750 0.968000 0.9098 0.7216 0.4196
v -1.310287 2.659050 0.958666 0.9098 0.7216 0.4196
v -0.606287 2.766000 0.954800 0.9098 0.7216 0.4196
v -0.606287 2.872950 0.958666 0.9098 0.7216 0.4196
v -0.606287 2.917250 0.968000 0.9098 0.7216 0.4196
v -0.606287 2.872950 0.977334 0.9098 0.7216 0.4196
v -0.606287 2.766000 0.981200 0.9098 0.7216 0.4196
v -0.606287 2.659050 0.977334 0.9098 0.7216 0.4196
v -0.606287 2.614750 0.968000 0.9098 0.7216 0.4196
v -0.606287 2.659050 0.958666 0.9098 0.7216 0.4196
v -0.545787 2.766000 0.956568 0.9098 0.7216 0.4196
v -0.545787 2.858621 0.959917 0.9098 0.7216 0.4196
v -0.545787 2.896986 0.968000 0.9098 0.7216 0.4196
v -0.545787 2.858621 0.976083 0.9098 0.7216 0.4196
v -0.545787 2.766000 0.979431 0.9098 0.7216 0.4196
v -0.545787 2.673379 0.976083 0.9098 0.7216 0.4196
v -0.545787 2.635013 0.968000 0.9098 0.7216 0.4196
v -0.545787 2.673379 0.959917 0.9098 0.7216 0.4196
v -0.501498 2.766000 0.961400 0.9098 0.7216 0.4196
v -0.501498 2.819475 0.963333 0.9098 0.7216 0.4196
v -0.501498 2.841625 0.968000 0.9098 0.7216 0.4196
v -0.501498 2.819475 0.972667 0.9098 0.7216 0.4196
v -0.501498 2.766000 0.974600 0.9098 0.7216 0.4196
v -0.501498 2.712525 0.972667 0.9098 0.7216 0.4196
v -0.501498 2.690375 0.968000 0.9098 0.7216 0.4196
v -0.501498 2.712525 0.963333 0.9098 0.7216 0.4196
v -0.485287 2.766000 0.968000 0.9098 0.7216 0.4196
v -1.414787 2.766000 0.980000 1.0000 0.9647 0.8980
v -1.403734 2.766000 0.975500 1.0000 0.9647 0.8980
v -1.403734 2.809752 0.976818 1.0000 0.9647 0.8980
v -1.403734 2.827875 0.980000 1.0000 0.9647 0.8980
v -1.403734 2.809752 0.983182 1.0000 0.9647 0.8980
v -1.403734 2.766000 0.984500 1.0000 0.9647 0.8980
v -1.403734 2.722248 0.983182 1.0000 0.9647 0.8980
v -1.403734 2.704125 0.980000 1.0000 0.9647 0.8980
v -1.403734 2.722248 0.976818 1.0000 0.9647 0.8980
v -1.373537 2.766000 0.972206 1.0000 0.9647 0.8980
v -1.373537 2.841781 0.974489 1.0000 0.9647 0.8980
v -1.373537 2.873171 0.980000 1.0000 0.9647 0.8980
v -1.373537 2.841781 0.985511 1.0000 0.9647 0.8980
v -1.373537 2.766000 0.987794 1.0000 0.9647 0.8980
v -1.373537 2.690219 0.985511 1.0000 0.9647 0.8980
v -1.373537 2.658829 0.980000 1.0000 0.9647 0.8980
v -1.373537 2.690219 0.974489 1.0000 0.9647 0.8980
v -1.332287 2.766000 0.971000 1.0000 0.9647 0.8980
v -1.332287 2.853504 0.973636 1.0000 0.9647 0.8980
v -1.332287 2.889750 0.980000 1.0000 0.9647 0.8980
v -1.332287 2.853504 0.986364 1.0000 0.9647 0.8980
v -1.332287 2.766000 0.989000 1.0000 0.9647 0.8980
v -1.332287 2.678496 0.986364 1.0000 0.9647 0.8980
v -1.332287 2.642250 0.980000 1.0000 0.9647 0.8980
v -1.332287 2.678496 0.973636 1.0000 0.9647 0.8980
v -0.584287 2.766000 0.971000 1.0000 0.9647 0.8980
v -0.584287 2.853504 0.973636 1.0000 0.9647 0.8980
v -0.584287 2.889750 0.980000 1.0000 0.9647 0.8980
v -0.584287 2.853504 0.986364 1.0000 0.9647 0.8980
v -0.584287 2.766000 0.989000 1.0000 0.9647 0.8980
v -0.584287 2.678496 0.986364 1.0000 0.9647 0.8980
v -0.584287 2.642250 0.980000 1.0000 0.9647 0.8980
v -0.584287 2.678496 0.973636 1.0000 0.9647 0.8980
v -0.543037 2.766000 0.972206 1.0000 0.9647 0.8980
v -0.543037 2.841781 0.974489 1.0000 0.9647 0.8980
v -0.543037 2.873171 0.980000 1.0000 0.9647 0.8980
v -0.543037 2.841781 0.985511 1.0000 0.9647 0.8980
v -0.543037 2.766000 0.987794 1.0000 0.9647 0.8980
v -0.543037 2.690219 0.985511 1.0000 0.9647 0.8980
v -0.543037 2.658829 0.980000 1.0000 0.9647 0.8980
v -0.543037 2.690219 0.974489 1.0000 0.9647 0.8980
v -0.512840 2.766000 0.975500 1.0000 0.9647 0.8980
v -0.512840 2.809752 0.976818 1.0000 0.9647 0.8980
v -0.512840 2.827875 0.980000 1.0000 0.9647 0.8980
v -0.512840 2.809752 0.983182 1.0000 0.9647 0.8980
v -0.512840 2.766000 0.984500 1.0000 0.9647 0.8980
v -0.512840 2.722248 0.983182 1.0000 0.9647 0.8980
v -0.512840 2.704125 0.980000 1.0000 0.9647 0.8980
v -0.512840 2.722248 0.976818 1.0000 0.9647 0.8980
v -0.501787 2.766000 0.980000 1.0000 0.9647 0.8980
v -1.508287 2.766000 1.000000 0.7098 0.3294 0.2275
v -1.493550 2.766000 0.990000 0.7098 0.3294 0.2275
v -1.493550 2.804891 0.992929 0.7098 0.3294 0.2275
v -1.493550 2.821000 1.000000 0.7098 0.3294 0.2275
v -1.493550 2.804891 1.007071 0.7098 0.3294 0.2275
v -1.493550 2.766000 1.010000 0.7098 0.3294 0.2275
v -1.493550 2.727109 1.007071 0.7098 0.3294 0.2275
v -1.493550 2.711000 1.000000 0.7098 0.3294 0.2275
v -1.493550 2.727109 0.992929 0.7098 0.3294 0.2275
v -1.453287 2.766000 0.982679 0.7098 0.3294 0.2275
v -1.453287 2.833361 0.987752 0.7098 0.3294 0.2275
v -1.453287 2.861263 1.000000 0.7098 0.3294 0.2275
v -1.453287 2.833361 1.012247 0.7098 0.3294 0.2275
v -1.453287 2.766000 1.017320 0.7098 0.3294 0.2275
v -1.453287 2.698639 1.012247 0.7098 0.3294 0.2275
v -1.453287 2.670737 1.000000 0.7098 0.3294 0.2275
v -1.453287 2.698639 0.987752 0.7098 0.3294 0.2275
v -1.398287 2.766000 0.980000 0.7098 0.3294 0.2275
v -1.398287 2.843782 0.985858 0.7098 0.3294 0.2275
v -1.398287 2.876000 1.000000 0.7098 0.3294 0.2275
v -1.398287 2.843782 1.014142 0.7098 0.3294 0.2275
v -1.398287 2.766000 1.020000 0.7098 0.3294 0.2275
v -1.398287 2.688218 1.014142 0.7098 0.3294 0.2275
v -1.398287 2.656000 1.000000 0.7098 0.3294 0.2275
v -1.398287 2.688218 0.985858 0.7098 0.3294 0.2275
v -0.518287 2.766000 0.980000 0.7098 0.3294 0.2275
v -0.518287 2.843782 0.985858 0.7098 0.3294 0.2275
v -0.518287 2.876000 1.000000 0.7098 0.3294 0.2275
v -0.518287 2.843782 1.014142 0.7098 0.3294 0.2275
v -0.518287 2.766000 1.020000 0.7098 0.3294 0.2275
v -0.518287 2.688218 1.014142 0.7098 0.3294 0.2275
v -0.518287 2.656000 1.000000 0.7098 0.3294 0.2275
v -0.518287 2.688218 0.985858 0.7098 0.3294 0.2275
v -0.463287 2.766000 0.982679 0.7098 0.3294 0.2275
v -0.463287 2.833361 0.987752 0.7098 0.3294 0.2275
v -0.463287 2.861263 1.000000 0.7098 0.3294 0.2275
v -0.463287 2.833361 1.012247 0.7098 0.3294 0.2275
v -0.463287 2.766000 1.017320 0.7098 0.3294 0.2275
v -0.463287 2.698639 1.012247 0.7098 0.3294 0.2275
v -0.463287 2.670737 1.000000 0.7098 0.3294 0.2275
v -0.463287 2.698639 0.987752 0.7098 0.3294 0.2275
v -0.423024 2.766000 0.990000 0.7098 0.3294 0.2275
v -0.423024 2.804891 0.992929 0.7098 0.3294 0.2275
v -0.423024 2.821000 1.000000 0.7098 0.3294 0.2275
v -0.423024 2.804891 1.007071 0.7098 0.3294 0.2275
v -0.423024 2.766000 1.010000 0.7098 0.3294 0.2275
v -0.423024 2.727109 1.007071 0.7098 0.3294 0.2275
v -0.423024 2.711000 1.000000 0.7098 0.3294 0.2275
v -0.423024 2.727109 0.992929 0.7098 0.3294 0.2275
v -0.408287 2.766000 1.000000 0.7098 0.3294 0.2275
v -0.571053 2.757725 1.023576 0.8470 0.2275 0.1804
v -0.571996 2.741253 1.023569 0.8470 0.2275 0.1804
v -0.572580 2.733060 1.020967 0.8470 0.2275 0.1804
v -0.572221 2.741340 1.018373 0.8470 0.2275 0.1804
v -0.571278 2.757813 1.018380 0.8470 0.2275 0.1804
v -0.570694 2.766006 1.020982 0.8470 0.2275 0.1804
v -1.344581 2.790711 1.023572 0.8470 0.2275 0.1804
v -1.345523 2.774238 1.023572 0.8470 0.2275 0.1804
v -1.345880 2.765995 1.020975 0.8470 0.2275 0.1804
v -1.345293 2.774225 1.018377 0.8470 0.2275 0.1804
v -1.344351 2.790697 1.018377 0.8470 0.2275 0.1804
v -1.343994 2.798940 1.020975 0.8470 0.2275 0.1804
v -1.305641 2.788477 1.023630 0.8470 0.2275 0.1804
v -1.307222 2.772053 1.023629 0.8470 0.2275 0.1804
v -1.307852 2.763831 1.021030 0.8470 0.2275 0.1804
v -1.306903 2.772033 1.018433 0.8470 0.2275 0.1804
v -1.305322 2.788457 1.018434 0.8470 0.2275 0.1804
v -1.304692 2.796679 1.021032 0.8470 0.2275 0.1804
v -1.266469 2.783173 1.023732 0.8470 0.2275 0.1804
v -1.269078 2.766880 1.023729 0.8470 0.2275 0.1804
v -1.270216 2.758723 1.021129 0.8470 0.2275 0.1804
v -1.268745 2.766858 1.018533 0.8470 0.2275 0.1804
v -1.266135 2.783151 1.018536 0.8470 0.2275 0.1804
v -1.264998 2.791308 1.021136 0.8470 0.2275 0.1804
v -1.227445 2.775956 1.023797 0.8470 0.2275 0.1804
v -1.230526 2.759747 1.023793 0.8470 0.2275 0.1804
v -1.232024 2.751652 1.021193 0.8470 0.2275 0.1804
v -1.230440 2.759768 1.018597 0.8470 0.2275 0.1804
v -1.227358 2.775978 1.018601 0.8470 0.2275 0.1804
v -1.225860 2.784072 1.021201 0.8470 0.2275 0.1804
v -1.188707 2.768394 1.023773 0.8470 0.2275 0.1804
v -1.191623 2.752154 1.023769 0.8470 0.2275 0.1804
v -1.193194 2.744073 1.021169 0.8470 0.2275 0.1804
v -1.191847 2.752233 1.018573 0.8470 0.2275 0.1804
v -1.188931 2.768473 1.018577 0.8470 0.2275 0.1804
v -1.187360 2.776554 1.021177 0.8470 0.2275 0.1804
v -1.150364 2.762103 1.023681 0.8470 0.2275 0.1804
v -1.152505 2.745743 1.023675 0.8470 0.2275 0.1804
v -1.153753 2.737612 1.021075 0.8470 0.2275 0.1804
v -1.152860 2.745841 1.018479 0.8470 0.2275 0.1804
v -1.150719 2.762202 1.018485 0.8470 0.2275 0.1804
v -1.149471 2.770333 1.021086 0.8470 0.2275 0.1804
v -1.112400 2.758380 1.023594 0.8470 0.2275 0.1804
v -1.113297 2.741904 1.023586 0.8470 0.2275 0.1804
v -1.113844 2.733709 1.020984 0.8470 0.2275 0.1804
v -1.113494 2.741989 1.018390 0.8470 0.2275 0.1804
v -1.112597 2.758465 1.018398 0.8470 0.2275 0.1804
v -1.112050 2.766660 1.021000 0.8470 0.2275 0.1804
v -1.074620 2.757960 1.023583 0.8470 0.2275 0.1804
v -1.074069 2.741469 1.023575 0.8470 0.2275 0.1804
v -1.073731 2.733264 1.020972 0.8470 0.2275 0.1804
v -1.073944 2.741550 1.018378 0.8470 0.2275 0.1804
v -1.074495 2.758041 1.018387 0.8470 0.2275 0.1804
v -1.074833 2.766246 1.020989 0.8470 0.2275 0.1804
v -1.036725 2.760922 1.023656 0.8470 0.2275 0.1804
v -1.034852 2.744529 1.023650 0.8470 0.2275 0.1804
v -1.033744 2.736381 1.021049 0.8470 0.2275 0.1804
v -1.034509 2.744626 1.018454 0.8470 0.2275 0.1804
v -1.036383 2.761019 1.018460 0.8470 0.2275 0.1804
v -1.037490 2.769168 1.021061 0.8470 0.2275 0.1804
v -0.998482 2.766690 1.023755 0.8470 0.2275 0.1804
v -0.995702 2.750426 1.023751 0.8470 0.2275 0.1804
v -0.994171 2.742338 1.021151 0.8470 0.2275 0.1804
v -0.995422 2.750514 1.018555 0.8470 0.2275 0.1804
v -0.998202 2.766778 1.018559 0.8470 0.2275 0.1804
v -0.999733 2.774866 1.021159 0.8470 0.2275 0.1804
v -0.959834 2.774085 1.023800 0.8470 0.2275 0.1804
v -0.956733 2.757879 1.023796 0.8470 0.2275 0.1804
v -0.955186 2.749794 1.021196 0.8470 0.2275 0.1804
v -0.956740 2.757915 1.018600 0.8470 0.2275 0.1804
v -0.959841 2.774122 1.018604 0.8470 0.2275 0.1804
v -0.961388 2.782206 1.021204 0.8470 0.2275 0.1804
v -0.920866 2.781538 1.023754 0.8470 0.2275 0.1804
v -0.918086 2.765274 1.023751 0.8470 0.2275 0.1804
v -0.916842 2.757134 1.021151 0.8470 0.2275 0.1804
v -0.918378 2.765259 1.018555 0.8470 0.2275 0.1804
v -0.921158 2.781523 1.018559 0.8470 0.2275 0.1804
v -0.922402 2.789663 1.021158 0.8470 0.2275 0.1804
v -0.881718 2.787434 1.023654 0.8470 0.2275 0.1804
v -0.879845 2.771041 1.023652 0.8470 0.2275 0.1804
v -0.879084 2.762833 1.021053 0.8470 0.2275 0.1804
v -0.880196 2.771017 1.018456 0.8470 0.2275 0.1804
v -0.882069 2.787411 1.018458 0.8470 0.2275 0.1804
v -0.882830 2.795619 1.021057 0.8470 0.2275 0.1804
v -0.842504 2.790495 1.023579 0.8470 0.2275 0.1804
v -0.841953 2.774004 1.023579 0.8470 0.2275 0.1804
v -0.841741 2.765754 1.020981 0.8470 0.2275 0.1804
v -0.842080 2.773997 1.018383 0.8470 0.2275 0.1804
v -0.842631 2.790487 1.018382 0.8470 0.2275 0.1804
v -0.842843 2.798736 1.020980 0.8470 0.2275 0.1804
v -0.803279 2.790059 1.023590 0.8470 0.2275 0.1804
v -0.804176 2.773583 1.023590 0.8470 0.2275 0.1804
v -0.804524 2.765340 1.020992 0.8470 0.2275 0.1804
v -0.803975 2.773573 1.018394 0.8470 0.2275 0.1804
v -0.803078 2.790048 1.018394 0.8470 0.2275 0.1804
v -0.802730 2.798291 1.020992 0.8470 0.2275 0.1804
v -0.764074 2.786221 1.023679 0.8470 0.2275 0.1804
v -0.766215 2.769861 1.023677 0.8470 0.2275 0.1804
v -0.767102 2.761667 1.021078 0.8470 0.2275 0.1804
v -0.765850 2.769835 1.018481 0.8470 0.2275 0.1804
v -0.763709 2.786196 1.018483 0.8470 0.2275 0.1804
v -0.762821 2.794389 1.021082 0.8470 0.2275 0.1804
v -0.724957 2.779810 1.023773 0.8470 0.2275 0.1804
v -0.727874 2.763570 1.023769 0.8470 0.2275 0.1804
v -0.729213 2.755447 1.021169 0.8470 0.2275 0.1804
v -0.727637 2.763564 1.018573 0.8470 0.2275 0.1804
v -0.724720 2.779804 1.018577 0.8470 0.2275 0.1804
v -0.723381 2.787927 1.021177 0.8470 0.2275 0.1804
v -0.686055 2.772217 1.023797 0.8470 0.2275 0.1804
v -0.689137 2.756007 1.023793 0.8470 0.2275 0.1804
v -0.690714 2.747928 1.021193 0.8470 0.2275 0.1804
v -0.689209 2.756059 1.018597 0.8470 0.2275 0.1804
v -0.686128 2.772269 1.018601 0.8470 0.2275 0.1804
v -0.684550 2.780348 1.021201 0.8470 0.2275 0.1804
v -0.647501 2.765084 1.023733 0.8470 0.2275 0.1804
v -0.650111 2.748791 1.023728 0.8470 0.2275 0.1804
v -0.651577 2.740692 1.021128 0.8470 0.2275 0.1804
v -0.650433 2.748886 1.018533 0.8470 0.2275 0.1804
v -0.647823 2.765178 1.018537 0.8470 0.2275 0.1804
v -0.646357 2.773277 1.021137 0.8470 0.2275 0.1804
v -0.609356 2.759911 1.023633 0.8470 0.2275 0.1804
v -0.610936 2.743487 1.023626 0.8470 0.2275 0.1804
v -0.611883 2.735321 1.021025 0.8470 0.2275 0.1804
v -0.611248 2.743580 1.018430 0.8470 0.2275 0.1804
v -0.609668 2.760004 1.018437 0.8470 0.2275 0.1804
v -0.608721 2.768170 1.021038 0.8470 0.2275 0.1804
v -0.544924 2.751718 1.026177 0.9490 0.7608 0.1882
v -0.560015 2.740710 1.026019 0.9490 0.7608 0.1882
v -0.566378 2.734856 1.023004 0.9490 0.7608 0.1882
v -0.557650 2.740011 1.020147 0.9490 0.7608 0.1882
v -0.542558 2.751019 1.020305 0.9490 0.7608 0.1882
v -0.536196 2.756873 1.023320 0.9490 0.7608 0.1882
v -1.357143 2.790833 1.026101 0.9490 0.7608 0.1882
v -1.372282 2.779855 1.026101 0.9490 0.7608 0.1882
v -1.380426 2.775158 1.023162 0.9490 0.7608 0.1882
v -1.373431 2.781439 1.020223 0.9490 0.7608 0.1882
v -1.358292 2.792417 1.020223 0.9490 0.7608 0.1882
v -1.350148 2.797114 1.023162 0.9490 0.7608 0.1882
v -1.316596 2.734878 1.025343 0.9490 0.7608 0.1882
v -1.329320 2.721181 1.025270 0.9490 0.7608 0.1882
v -1.337312 2.716313 1.022326 0.9490 0.7608 0.1882
v -1.332578 2.725141 1.019455 0.9490 0.7608 0.1882
v -1.319854 2.738839 1.019528 0.9490 0.7608 0.1882
v -1.311862 2.743707 1.022472 0.9490 0.7608 0.1882
v -1.284321 2.713521 1.023285 0.9490 0.7608 0.1882
v -1.283644 2.694897 1.023003 0.9490 0.7608 0.1882
v -1.283210 2.686932 1.019928 0.9490 0.7608 0.1882
v -1.283453 2.697590 1.017135 0.9490 0.7608 0.1882
v -1.284130 2.716213 1.017416 0.9490 0.7608 0.1882
v -1.284564 2.724179 1.020492 0.9490 0.7608 0.1882
v -1.251234 2.738969 1.025600 0.9490 0.7608 0.1882
v -1.237988 2.725775 1.025527 0.9490 0.7608 0.1882
v -1.229941 2.721098 1.022578 0.9490 0.7608 0.1882
v -1.235140 2.729615 1.019702 0.9490 0.7608 0.1882
v -1.248386 2.742809 1.019775 0.9490 0.7608 0.1882
v -1.256433 2.747486 1.022724 0.9490 0.7608 0.1882
v -1.207777 2.798485 1.025937 0.9490 0.7608 0.1882
v -1.194025 2.785819 1.025866 0.9490 0.7608 0.1882
v -1.188736 2.778265 1.022908 0.9490 0.7608 0.1882
v -1.197197 2.783377 1.020022 0.9490 0.7608 0.1882
v -1.210949 2.796044 1.020093 0.9490 0.7608 0.1882
v -1.216238 2.803598 1.023051 0.9490 0.7608 0.1882
v -1.162621 2.835531 1.023187 0.9490 0.7608 0.1882
v -1.159944 2.817035 1.023307 0.9490 0.7608 0.1882
v -1.159110 2.807136 1.020427 0.9490 0.7608 0.1882
v -1.160953 2.815732 1.017426 0.9490 0.7608 0.1882
v -1.163630 2.834228 1.017305 0.9490 0.7608 0.1882
v -1.164464 2.844127 1.020186 0.9490 0.7608 0.1882
v -1.117543 2.816579 1.024933 0.9490 0.7608 0.1882
v -1.129151 2.801923 1.024867 0.9490 0.7608 0.1882
v -1.132695 2.793200 1.021930 0.9490 0.7608 0.1882
v -1.124631 2.799134 1.019058 0.9490 0.7608 0.1882
v -1.113023 2.813790 1.019124 0.9490 0.7608 0.1882
v -1.109479 2.822513 1.022061 0.9490 0.7608 0.1882
v -1.072890 2.758104 1.026352 0.9490 0.7608 0.1882
v -1.087254 2.746143 1.026252 0.9490 0.7608 0.1882
v -1.094751 2.741287 1.023265 0.9490 0.7608 0.1882
v -1.087884 2.748392 1.020378 0.9490 0.7608 0.1882
v -1.073520 2.760353 1.020478 0.9490 0.7608 0.1882
v -1.066023 2.765209 1.023465 0.9490 0.7608 0.1882
v -1.035616 2.717070 1.023748 0.9490 0.7608 0.1882
v -1.041750 2.699457 1.023499 0.9490 0.7608 0.1882
v -1.045821 2.692249 1.020451 0.9490 0.7608 0.1882
v -1.043758 2.702653 1.017651 0.9490 0.7608 0.1882
v -1.037624 2.720265 1.017899 0.9490 0.7608 0.1882
v -1.033553 2.727474 1.020948 0.9490 0.7608 0.1882
v -1.005241 2.722133 1.024298 0.9490 0.7608 0.1882
v -0.995926 2.705945 1.024130 0.9490 0.7608 0.1882
v -0.989672 2.699688 1.021134 0.9490 0.7608 0.1882
v -0.992733 2.709620 1.018307 0.9490 0.7608 0.1882
v -1.002048 2.725808 1.018476 0.9490 0.7608 0.1882
v -1.008302 2.732064 1.021472 0.9490 0.7608 0.1882
v -0.965251 2.771655 1.026483 0.9490 0.7608 0.1882
v -0.950738 2.759871 1.026404 0.9490 0.7608 0.1882
v -0.943774 2.754215 1.023421 0.9490 0.7608 0.1882
v -0.951323 2.760345 1.020517 0.9490 0.7608 0.1882
v -0.965836 2.772130 1.020596 0.9490 0.7608 0.1882
v -0.972800 2.777785 1.023579 0.9490 0.7608 0.1882
v -0.920227 2.825443 1.024211 0.9490 0.7608 0.1882
v -0.911008 2.809173 1.024224 0.9490 0.7608 0.1882
v -0.908367 2.799855 1.021315 0.9490 0.7608 0.1882
v -0.914947 2.806805 1.018394 0.9490 0.7608 0.1882
v -0.924166 2.823075 1.018382 0.9490 0.7608 0.1882
v -0.926807 2.832393 1.021290 0.9490 0.7608 0.1882
v -0.875100 2.831866 1.023585 0.9490 0.7608 0.1882
v -0.881173 2.814186 1.023676 0.9490 0.7608 0.1882
v -0.882960 2.804460 1.020791 0.9490 0.7608 0.1882
v -0.878674 2.812412 1.017814 0.9490 0.7608 0.1882
v -0.872601 2.830091 1.017722 0.9490 0.7608 0.1882
v -0.870814 2.839818 1.020608 0.9490 0.7608 0.1882
v -0.829914 2.785399 1.026331 0.9490 0.7608 0.1882
v -0.844246 2.773391 1.026274 0.9490 0.7608 0.1882
v -0.850519 2.766744 1.023308 0.9490 0.7608 0.1882
v -0.842460 2.772106 1.020399 0.9490 0.7608 0.1882
v -0.828128 2.784114 1.020456 0.9490 0.7608 0.1882
v -0.821855 2.790761 1.023422 0.9490 0.7608 0.1882
v -0.787838 2.729444 1.024945 0.9490 0.7608 0.1882
v -0.799555 2.714878 1.024855 0.9490 0.7608 0.1882
v -0.807204 2.709578 1.021906 0.9490 0.7608 0.1882
v -0.803136 2.718844 1.019046 0.9490 0.7608 0.1882
v -0.791419 2.733409 1.019136 0.9490 0.7608 0.1882
v -0.783770 2.738709 1.022085 0.9490 0.7608 0.1882
v -0.756534 2.714194 1.023378 0.9490 0.7608 0.1882
v -0.753833 2.695753 1.023100 0.9490 0.7608 0.1882
v -0.752086 2.687928 1.020028 0.9490 0.7608 0.1882
v -0.753040 2.698543 1.017235 0.9490 0.7608 0.1882
v -0.755741 2.716984 1.017513 0.9490 0.7608 0.1882
v -0.757488 2.724809 1.020584 0.9490 0.7608 0.1882
v -0.722029 2.745633 1.025944 0.9490 0.7608 0.1882
v -0.708207 2.733046 1.025859 0.9490 0.7608 0.1882
v -0.700265 2.728482 1.022894 0.9490 0.7608 0.1882
v -0.706145 2.736504 1.020015 0.9490 0.7608 0.1882
v -0.719967 2.749091 1.020100 0.9490 0.7608 0.1882
v -0.727909 2.753656 1.023064 0.9490 0.7608 0.1882
v -0.678009 2.805737 1.025604 0.9490 0.7608 0.1882
v -0.664854 2.792454 1.025522 0.9490 0.7608 0.1882
v -0.660232 2.784426 1.022568 0.9490 0.7608 0.1882
v -0.668765 2.789680 1.019697 0.9490 0.7608 0.1882
v -0.681920 2.802963 1.019780 0.9490 0.7608 0.1882
v -0.686542 2.810991 1.022734 0.9490 0.7608 0.1882
v -0.632900 2.836378 1.023090 0.9490 0.7608 0.1882
v -0.632229 2.817703 1.023214 0.9490 0.7608 0.1882
v -0.632016 2.807770 1.020334 0.9490 0.7608 0.1882
v -0.632474 2.816512 1.017329 0.9490 0.7608 0.1882
v -0.633145 2.835187 1.017205 0.9490 0.7608 0.1882
v -0.633358 2.845121 1.020086 0.9490 0.7608 0.1882
v -0.587814 2.810312 1.025348 0.9490 0.7608 0.1882
v -0.600438 2.796523 1.025265 0.9490 0.7608 0.1882
v -0.604610 2.788202 1.022316 0.9490 0.7608 0.1882
v -0.596160 2.793669 1.019450 0.9490 0.7608 0.1882
v -0.583536 2.807458 1.019534 0.9490 0.7608 0.1882
v -0.579363 2.815779 1.022482 0.9490 0.7608 0.1882
vn -0.4606 -0.7588 0.4606
vn -0.4606 -0.4606 0.7588
vn -0.7588 -0.4606 0.4606
vn -0.4606 0.4606 0.7588
vn -0.4606 0.7588 0.4606
vn -0.7588 0.4606 0.4606
vn -0.4606 -0.7588 -0.4606
vn -0.7588 -0.4606 -0.4606
vn -0.4606 -0.4606 -0.7588
vn -0.4606 0.7588 -0.4606
vn -0.4606 0.4606 -0.7588
vn -0.7588 0.4606 -0.4606
vn 0.4606 -0.7588 0.4606
vn 0.7588 -0.4606 0.4606
vn 0.4606 -0.4606 0.7588
vn 0.4606 0.7588 0.4606
vn 0.4606 0.4606 0.7588
vn 0.7588 0.4606 0.4606
vn 0.4606 -0.7588 -0.4606
vn 0.4606 -0.4606 -0.7588
vn 0.7588 -0.4606 -0.4606
vn 0.4606 0.7588 -0.4606
vn 0.7588 0.4606 -0.4606
vn 0.4606 0.4606 -0.7588
vn -0.0000 -1.0000 -0.0000
vn -1.0000 -0.0000 -0.0000
vn -0.0000 -0.0000 1.0000
vn -0.0000 1.0000 -0.0000
vn -0.0000 -0.0000 -1.0000
vn 1.0000 -0.0000 -0.0000
vn 0.5878 -0.0000 -0.8090
vn 0.9511 -0.0000 -0.3090
vn 0.9511 -0.0000 0.3090
vn 0.5878 -0.0000 0.8090
vn -0.5878 -0.0000 0.8090
vn -0.9511 -0.0000 0.3090
vn -0.9511 -0.0000 -0.3090
vn -0.5878 -0.0000 -0.8090
vn 0.3827 -0.9239 -0.0000
vn 0.3827 -0.8001 -0.4619
vn 0.3827 -0.4619 -0.8001
vn 0.3827 -0.0000 -0.9239
vn 0.3827 0.4619 -0.8001
vn 0.3827 0.8001 -0.4619
vn 0.3827 0.9239 -0.0000
vn 0.3827 0.8001 0.4619
vn 0.3827 0.4619 0.8001
vn 0.3827 -0.0000 0.9239
vn 0.3827 -0.4619 0.8001
vn 0.3827 -0.8001 0.4619
vn 0.9239 -0.3827 -0.0000
vn 0.9239 -0.3314 -0.1913
vn 0.9239 -0.1913 -0.3314
vn 0.9239 -0.0000 -0.3827
vn 0.9239 0.1913 -0.3314
vn 0.9239 0.3314 -0.1913
vn 0.9239 0.3827 -0.0000
vn 0.9239 0.3314 0.1913
vn 0.9239 0.1913 0.3314
vn 0.9239 -0.0000 0.3827
vn 0.9239 -0.1913 0.3314
vn 0.9239 -0.3314 0.1913
vn -0.3827 0.9239 -0.0000
vn -0.3827 0.8001 0.4619
vn -0.3827 0.4619 0.8001
vn -0.3827 -0.0000 0.9239
vn -0.3827 -0.4619 0.8001
vn -0.3827 -0.8001 0.4619
vn -0.3827 -0.9239 -0.0000
vn -0.3827 -0.8001 -0.4619
vn -0.3827 -0.4619 -0.8001
vn -0.3827 -0.0000 -0.9239
vn -0.3827 0.4619 -0.8001
vn -0.3827 0.8001 -0.4619
vn -0.9239 0.3827 -0.0000
vn -0.9239 0.3314 0.1913
vn -0.9239 0.1913 0.3314
vn -0.9239 -0.0000 0.3827
vn -0.9239 -0.1913 0.3314
vn -0.9239 -0.3314 0.1913
vn -0.9239 -0.3827 -0.0000
vn -0.9239 -0.3314 -0.1913
vn -0.9239 -0.1913 -0.3314
vn -0.9239 -0.0000 -0.3827
vn -0.9239 0.1913 -0.3314
vn -0.9239 0.3314 -0.1913
vn -0.0000 -0.5000 -0.8660
vn -0.0000 -0.8660 -0.5000
vn -0.0000 -0.8660 0.5000
vn -0.0000 -0.5000 0.8660
vn -0.0000 0.5000 0.8660
vn -0.0000 0.8660 0.5000
vn -0.0000 0.8660 -0.5000
vn -0.0000 0.5000 -0.8660
vn -0.1794 -0.9673 0.1794
vn -0.1585 -0.9194 0.3600
vn -0.3251 -0.8881 0.3251
vn -0.3600 -0.9194 0.1585
vn -0.1794 -0.1794 0.9673
vn -0.3600 -0.1585 0.9194
vn -0.3251 -0.3251 0.8881
vn -0.1585 -0.3600 0.9194
vn -0.9673 -0.1794 0.1794
vn -0.9194 -0.3600 0.1585
vn -0.8881 -0.3251 0.3251
vn -0.9194 -0.1585 0.3600
vn -0.1794 0.1794 0.9673
vn -0.1585 0.3600 0.9194
vn -0.3251 0.3251 0.8881
vn -0.3600 0.1585 0.9194
vn -0.1794 0.9673 0.1794
vn -0.3600 0.9194 0.1585
vn -0.3251 0.8881 0.3251
vn -0.1585 0.9194 0.3600
vn -0.9673 0.1794 0.1794
vn -0.9194 0.1585 0.3600
vn -0.8881 0.3251 0.3251
vn -0.9194 0.3600 0.1585
vn -0.1794 -0.9673 -0.1794
vn -0.3600 -0.9194 -0.1585
vn -0.3251 -0.8881 -0.3251
vn -0.1585 -0.9194 -0.3600
vn -0.9673 -0.1794 -0.1794
vn -0.9194 -0.1585 -0.3600
vn -0.8881 -0.3251 -0.3251
vn -0.9194 -0.3600 -0.1585
vn -0.1794 -0.1794 -0.9673
vn -0.1585 -0.3600 -0.9194
vn -0.3251 -0.3251 -0.8881
vn -0.3600 -0.1585 -0.9194
vn -0.1794 0.9673 -0.1794
vn -0.1585 0.9194 -0.3600
vn -0.3251 0.8881 -0.3251
vn -0.3600 0.9194 -0.1585
vn -0.1794 0.1794 -0.9673
vn -0.3600 0.1585 -0.9194
vn -0.3251 0.3251 -0.8881
vn -0.1585 0.3600 -0.9194
vn -0.9673 0.1794 -0.1794
vn -0.9194 0.3600 -0.1585
vn -0.8881 0.3251 -0.3251
vn -0.9194 0.1585 -0.3600
vn 0.1794 -0.9673 0.1794
vn 0.3600 -0.9194 0.1585
vn 0.3251 -0.8881 0.3251
vn 0.1585 -0.9194 0.3600
vn 0.9673 -0.1794 0.1794
vn 0.9194 -0.1585 0.3600
vn 0.8881 -0.3251 0.3251
vn 0.9194 -0.3600 0.1585
vn 0.1794 -0.1794 0.9673
vn 0.1585 -0.3600 0.9194
vn 0.3251 -0.3251 0.8881
vn 0.3600 -0.1585 0.9194
vn 0.1794 0.9673 0.1794
vn 0.1585 0.9194 0.3600
vn 0.3251 0.8881 0.3251
vn 0.3600 0.9194 0.1585
vn 0.1794 0.1794 0.9673
vn 0.3600 0.1585 0.9194
vn 0.3251 0.3251 0.8881
vn 0.1585 0.3600 0.9194
vn 0.9673 0.1794 0.1794
vn 0.9194 0.3600 0.1585
vn 0.8881 0.3251 0.3251
vn 0.9194 0.1585 0.3600
vn 0.1794 -0.9673 -0.1794
vn 0.1585 -0.9194 -0.3600
vn 0.3251 -0.8881 -0.3251
vn 0.3600 -0.9194 -0.1585
vn 0.1794 -0.1794 -0.9673
vn 0.3600 -0.1585 -0.9194
vn 0.3251 -0.3251 -0.8881
vn 0.1585 -0.3600 -0.9194
vn 0.9673 -0.1794 -0.1794
vn 0.9194 -0.3600 -0.1585
vn 0.8881 -0.3251 -0.3251
vn 0.9194 -0.1585 -0.3600
vn 0.1794 0.9673 -0.1794
vn 0.3600 0.9194 -0.1585
vn 0.3251 0.8881 -0.3251
vn 0.1585 0.9194 -0.3600
vn 0.9673 0.1794 -0.1794
vn 0.9194 0.1585 -0.3600
vn 0.8881 0.3251 -0.3251
vn 0.9194 0.3600 -0.1585
vn 0.1794 0.1794 -0.9673
vn 0.1585 0.3600 -0.9194
vn 0.3251 0.3251 -0.8881
vn 0.3600 0.1585 -0.9194
vn -0.1794 -0.9274 -0.3283
vn -0.1585 -0.9762 -0.1480
vn -0.3251 -0.9316 -0.1625
vn -0.3600 -0.8755 -0.3225
vn -0.1794 -0.6390 0.7480
vn -0.3600 -0.5970 0.7170
vn -0.3251 -0.7255 0.6066
vn -0.1585 -0.7714 0.6162
vn -0.9673 -0.2450 0.0657
vn -0.9194 -0.3910 -0.0427
vn -0.8881 -0.4440 0.1190
vn -0.9194 -0.3172 0.2325
vn -0.1794 -0.3283 0.9274
vn -0.1585 -0.1480 0.9762
vn -0.3251 -0.1625 0.9316
vn -0.3600 -0.3225 0.8755
vn -0.1794 0.7480 0.6390
vn -0.3600 0.7170 0.5970
vn -0.3251 0.6066 0.7255
vn -0.1585 0.6162 0.7714
vn -0.9673 0.0657 0.2450
vn -0.9194 -0.0427 0.3910
vn -0.8881 0.1190 0.4440
vn -0.9194 0.2325 0.3172
vn -0.1794 -0.7480 -0.6390
vn -0.3600 -0.7170 -0.5970
vn -0.3251 -0.6066 -0.7255
vn -0.1585 -0.6162 -0.7714
vn -0.9673 -0.0657 -0.2450
vn -0.9194 0.0427 -0.3910
vn -0.8881 -0.1190 -0.4440
vn -0.9194 -0.2325 -0.3172
vn -0.1794 0.3283 -0.9274
vn -0.1585 0.1480 -0.9762
vn -0.3251 0.1625 -0.9316
vn -0.3600 0.3224 -0.8755
vn -0.1794 0.9274 0.3283
vn -0.1585 0.9762 0.1480
vn -0.3251 0.9316 0.1625
vn -0.3600 0.8755 0.3225
vn -0.1794 0.6390 -0.7480
vn -0.3600 0.5970 -0.7170
vn -0.3251 0.7255 -0.6066
vn -0.1585 0.7714 -0.6162
vn -0.9673 0.2450 -0.0657
vn -0.9194 0.3910 0.0427
vn -0.8881 0.4440 -0.1190
vn -0.9194 0.3172 -0.2325
vn 0.1794 -0.9274 -0.3283
vn 0.3600 -0.8755 -0.3225
vn 0.3251 -0.9316 -0.1625
vn 0.1585 -0.9762 -0.1480
vn 0.9673 -0.2450 0.0657
vn 0.9194 -0.3172 0.2325
vn 0.8881 -0.4440 0.1190
vn 0.9194 -0.3910 -0.0427
vn 0.1794 -0.6390 0.7480
vn 0.1585 -0.7714 0.6162
vn 0.3251 -0.7255 0.6066
vn 0.3600 -0.5970 0.7170
vn 0.1794 0.7480 0.6390
vn 0.1585 0.6162 0.7714
vn 0.3251 0.6066 0.7255
vn 0.3600 0.7170 0.5970
vn 0.1794 -0.3283 0.9274
vn 0.3600 -0.3225 0.8755
vn 0.3251 -0.1625 0.9316
vn 0.1585 -0.1480 0.9762
vn 0.9673 0.0657 0.2450
vn 0.9194 0.2325 0.3172
vn 0.8881 0.1190 0.4440
vn 0.9194 -0.0427 0.3910
vn 0.1794 -0.7480 -0.6390
vn 0.1585 -0.6162 -0.7714
vn 0.3251 -0.6066 -0.7255
vn 0.3600 -0.7170 -0.5970
vn 0.1794 0.3283 -0.9274
vn 0.3600 0.3225 -0.8755
vn 0.3251 0.1625 -0.9316
vn 0.1585 0.1480 -0.9762
vn 0.9673 -0.0657 -0.2450
vn 0.9194 -0.2325 -0.3172
vn 0.8881 -0.1190 -0.4440
vn 0.9194 0.0427 -0.3910
vn 0.1794 0.9274 0.3283
vn 0.3600 0.8755 0.3225
vn 0.3251 0.9316 0.1625
vn 0.1585 0.9762 0.1480
vn 0.9673 0.2450 -0.0657
vn 0.9194 0.3172 -0.2325
vn 0.8881 0.4440 -0.1190
vn 0.9194 0.3910 0.0427
vn 0.1794 0.6390 -0.7480
vn 0.1585 0.7714 -0.6162
vn 0.3251 0.7255 -0.6066
vn 0.3600 0.5970 -0.7170
vn 0.9968 -0.0712 -0.0356
vn -0.0000 0.3714 -0.9285
vn 0.8604 0.4729 0.1897
vn 0.8962 0.3986 0.1948
vn 0.8965 0.3978 0.1948
vn -0.0215 0.9221 0.3863
vn -0.8494 0.4856 0.2067
vn -0.8603 -0.4735 -0.1889
vn -0.8900 -0.4156 -0.1875
vn -0.8902 -0.4152 -0.1874
vn 0.0247 -0.9349 -0.3540
vn 0.8473 -0.4979 -0.1852
vn 0.9263 0.3203 0.1986
vn 0.2349 0.2479 0.9399
vn 0.1520 0.3664 0.9179
vn 0.1515 0.3671 0.9178
vn -0.6796 -0.1059 0.7259
vn -0.9162 -0.3554 -0.1853
vn -0.2473 -0.2255 -0.9423
vn -0.1589 -0.3559 -0.9209
vn -0.1585 -0.3564 -0.9208
vn 0.6800 0.1053 -0.7256
vn 0.0676 0.9973 0.0276
vn 0.0650 0.4783 0.8758
vn -0.0144 -0.5773 0.8164
vn -0.0767 -0.9967 -0.0278
vn -0.0659 -0.4780 -0.8759
vn 0.0098 0.5784 -0.8157
vn 0.9949 -0.0904 -0.0452
vn 0.8516 0.4850 0.1991
vn 0.9135 0.2716 0.3028
vn 0.9137 0.2701 0.3035
vn -0.0000 0.9219 0.3875
vn -0.8516 0.4850 0.1991
vn -0.8731 0.2931 0.3896
vn -0.8728 0.2883 0.3938
vn -0.8504 -0.4903 -0.1907
vn -0.9095 -0.2969 -0.2910
vn -0.9097 -0.2959 -0.2914
vn -0.0000 -0.9357 -0.3527
vn 0.8504 -0.4903 -0.1907
vn 0.8737 -0.3156 -0.3701
vn 0.8736 -0.3095 -0.3757
vn 0.9202 0.0388 0.3894
vn 0.1027 0.1787 0.9785
vn 0.0879 0.2514 0.9639
vn 0.0877 0.2527 0.9636
vn -0.8287 0.0748 0.5546
vn -0.9221 -0.0865 -0.3771
vn -0.1153 -0.1462 -0.9825
vn -0.0945 -0.2359 -0.9672
vn -0.0943 -0.2369 -0.9669
vn 0.8388 -0.1113 -0.5329
vn 0.0883 0.9830 0.1611
vn 0.0722 0.3250 0.9429
vn -0.0393 -0.7159 0.6971
vn -0.1046 -0.9812 -0.1624
vn -0.0726 -0.3248 -0.9430
vn 0.0276 0.7188 -0.6946
vn 0.9904 -0.1238 -0.0619
vn 0.8494 0.4856 0.2067
vn 0.0215 0.9221 0.3863
vn -0.8604 0.4729 0.1897
vn -0.8760 0.3976 0.2732
vn -0.8762 0.3956 0.2752
vn -0.8473 -0.4979 -0.1852
vn -0.0247 -0.9349 -0.3540
vn 0.8603 -0.4735 -0.1889
vn 0.8670 -0.4328 -0.2469
vn 0.8672 -0.4314 -0.2489
vn 0.8136 -0.2044 0.5444
vn -0.0570 0.1968 0.9788
vn 0.0082 0.1617 0.9868
vn 0.0104 0.1605 0.9870
vn -0.8802 0.3153 0.3548
vn -0.8262 0.1632 -0.5392
vn 0.0495 -0.1635 -0.9853
vn -0.0133 -0.1440 -0.9895
vn -0.0148 -0.1435 -0.9895
vn 0.8693 -0.3877 -0.3065
vn 0.1225 0.9472 0.2964
vn 0.0773 0.1234 0.9893
vn -0.0837 -0.8328 0.5472
vn -0.1500 -0.9420 -0.3001
vn -0.0773 -0.1234 -0.9893
vn 0.0564 0.8393 -0.5408
vn 0.9759 -0.1952 -0.0976
vn 0.8529 0.4779 0.2104
vn 0.0359 0.9228 0.3836
vn -0.8714 0.4552 0.1826
vn -0.8503 0.4928 0.1849
vn -0.8498 0.4936 0.1849
vn -0.8507 -0.4953 -0.1759
vn -0.0407 -0.9333 -0.3568
vn 0.8713 -0.4558 -0.1819
vn 0.8317 -0.5322 -0.1581
vn 0.8306 -0.5342 -0.1575
vn 0.6701 -0.3518 0.6536
vn -0.1877 0.2891 0.9387
vn -0.0648 0.0854 0.9942
vn -0.0598 0.0772 0.9952
vn -0.8270 0.5302 0.1869
vn -0.6804 0.3311 -0.6537
vn 0.1868 -0.2727 -0.9438
vn 0.0603 -0.0712 -0.9956
vn 0.0550 -0.0628 -0.9965
vn 0.7835 -0.6072 -0.1322
vn 0.1958 0.8712 0.4501
vn 0.0701 -0.1367 0.9881
vn -0.1743 -0.9103 0.3755
vn -0.2382 -0.8569 -0.4572
vn -0.0725 0.1386 -0.9877
vn 0.1153 0.9253 -0.3612
vn -0.1794 -0.7480 0.6390
vn -0.1585 -0.6162 0.7714
vn -0.3251 -0.6066 0.7255
vn -0.3600 -0.7170 0.5970
vn -0.1794 0.3283 0.9274
vn -0.3600 0.3224 0.8755
vn -0.3251 0.1625 0.9316
vn -0.1585 0.1480 0.9762
vn -0.9673 -0.0657 0.2450
vn -0.9194 -0.2325 0.3172
vn -0.8881 -0.1190 0.4440
vn -0.9194 0.0427 0.3910
vn -0.1794 0.6390 0.7480
vn -0.1585 0.7714 0.6162
vn -0.3251 0.7255 0.6066
vn -0.3600 0.5970 0.7170
vn -0.1794 0.9274 -0.3283
vn -0.3600 0.8755 -0.3225
vn -0.3251 0.9316 -0.1625
vn -0.1585 0.9762 -0.1480
vn -0.9673 0.2450 0.0657
vn -0.9194 0.3172 0.2325
vn -0.8881 0.4440 0.1190
vn -0.9194 0.3910 -0.0427
vn -0.1794 -0.9274 0.3283
vn -0.3600 -0.8755 0.3225
vn -0.3251 -0.9316 0.1625
vn -0.1585 -0.9762 0.1480
vn -0.9673 -0.2450 -0.0657
vn -0.9194 -0.3172 -0.2325
vn -0.8881 -0.4440 -0.1190
vn -0.9194 -0.3910 0.0427
vn -0.1794 -0.6390 -0.7480
vn -0.1585 -0.7714 -0.6162
vn -0.3251 -0.7255 -0.6066
vn -0.3600 -0.5970 -0.7170
vn -0.1794 0.7480 -0.6390
vn -0.1585 0.6162 -0.7714
vn -0.3251 0.6066 -0.7255
vn -0.3600 0.7170 -0.5970
vn -0.1794 -0.3283 -0.9274
vn -0.3600 -0.3225 -0.8755
vn -0.3251 -0.1625 -0.9316
vn -0.1585 -0.1480 -0.9762
vn -0.9673 0.0657 -0.2450
vn -0.9194 0.2325 -0.3172
vn -0.8881 0.1190 -0.4440
vn -0.9194 -0.0427 -0.3910
vn 0.1794 -0.7480 0.6390
vn 0.3600 -0.7170 0.5970
vn 0.3251 -0.6066 0.7255
vn 0.1585 -0.6162 0.7714
vn 0.9673 -0.0657 0.2450
vn 0.9194 0.0427 0.3910
vn 0.8881 -0.1190 0.4440
vn 0.9194 -0.2325 0.3172
vn 0.1794 0.3283 0.9274
vn 0.1585 0.1480 0.9762
vn 0.3251 0.1625 0.9316
vn 0.3600 0.3225 0.8755
vn 0.1794 0.9274 -0.3283
vn 0.1585 0.9762 -0.1480
vn 0.3251 0.9316 -0.1625
vn 0.3600 0.8755 -0.3225
vn 0.1794 0.6390 0.7480
vn 0.3600 0.5970 0.7170
vn 0.3251 0.7255 0.6066
vn 0.1585 0.7714 0.6162
vn 0.9673 0.2450 0.0657
vn 0.9194 0.3910 -0.0427
vn 0.8881 0.4440 0.1190
vn 0.9194 0.3172 0.2325
vn 0.1794 -0.9274 0.3283
vn 0.1585 -0.9762 0.1480
vn 0.3251 -0.9316 0.1625
vn 0.3600 -0.8755 0.3225
vn 0.1794 -0.6390 -0.7480
vn 0.3600 -0.5970 -0.7170
vn 0.3251 -0.7255 -0.6066
vn 0.1585 -0.7714 -0.6162
vn 0.9673 -0.2450 -0.0657
vn 0.9194 -0.3910 0.0427
vn 0.8881 -0.4440 -0.1190
vn 0.9194 -0.3172 -0.2325
vn 0.1794 0.7480 -0.6390
vn 0.3600 0.7170 -0.5970
vn 0.3251 0.6066 -0.7255
vn 0.1585 0.6162 -0.7714
vn 0.9673 0.0657 -0.2450
vn 0.9194 -0.0427 -0.3910
vn 0.8881 0.1190 -0.4440
vn 0.9194 0.2325 -0.3172
vn 0.1794 -0.3283 -0.9274
vn 0.1585 -0.1480 -0.9762
vn 0.3251 -0.1625 -0.9316
vn 0.3600 -0.3225 -0.8755
vn 0.9968 -0.0712 0.0356
vn -0.0000 0.3714 0.9285
vn -0.8494 0.4856 -0.2067
vn -0.0215 0.9221 -0.3863
vn 0.8604 0.4729 -0.1897
vn 0.8965 0.3978 -0.1948
vn 0.8962 0.3986 -0.1948
vn 0.8473 -0.4979 0.1852
vn 0.0247 -0.9349 0.3540
vn -0.8603 -0.4735 0.1889
vn -0.8902 -0.4152 0.1874
vn -0.8900 -0.4156 0.1875
vn -0.6796 -0.1059 -0.7259
vn 0.2349 0.2479 -0.9399
vn 0.1515 0.3671 -0.9178
vn 0.1520 0.3664 -0.9179
vn 0.9263 0.3203 -0.1986
vn 0.6800 0.1053 0.7256
vn -0.2473 -0.2255 0.9423
vn -0.1585 -0.3564 0.9208
vn -0.1589 -0.3559 0.9209
vn -0.9162 -0.3554 0.1853
vn -0.0144 -0.5773 -0.8164
vn 0.0650 0.4783 -0.8758
vn 0.0676 0.9973 -0.0276
vn 0.0098 0.5784 0.8157
vn -0.0659 -0.4780 0.8759
vn -0.0767 -0.9967 0.0278
vn 0.9949 -0.0904 0.0452
vn -0.8516 0.4850 -0.1991
vn -0.8728 0.2883 -0.3938
vn -0.8731 0.2931 -0.3896
vn -0.0000 0.9219 -0.3875
vn 0.8516 0.4850 -0.1991
vn 0.9137 0.2701 -0.3035
vn 0.9135 0.2716 -0.3028
vn 0.8504 -0.4903 0.1907
vn 0.8736 -0.3095 0.3757
vn 0.8737 -0.3156 0.3701
vn -0.0000 -0.9357 0.3527
vn -0.8504 -0.4903 0.1907
vn -0.9097 -0.2959 0.2914
vn -0.9095 -0.2969 0.2910
vn -0.8287 0.0748 -0.5546
vn 0.1027 0.1787 -0.9785
vn 0.0877 0.2527 -0.9636
vn 0.0879 0.2514 -0.9639
vn 0.9202 0.0388 -0.3894
vn 0.8388 -0.1113 0.5329
vn -0.1153 -0.1462 0.9825
vn -0.0943 -0.2369 0.9669
vn -0.0945 -0.2359 0.9672
vn -0.9221 -0.0865 0.3771
vn -0.0393 -0.7159 -0.6971
vn 0.0722 0.3250 -0.9429
vn 0.0883 0.9830 -0.1611
vn 0.0276 0.7188 0.6946
vn -0.0726 -0.3248 0.9430
vn -0.1046 -0.9812 0.1624
vn 0.9904 -0.1238 0.0619
vn -0.8604 0.4729 -0.1897
vn -0.8762 0.3956 -0.2752
vn -0.8760 0.3976 -0.2732
vn 0.0215 0.9221 -0.3863
vn 0.8494 0.4856 -0.2067
vn 0.8603 -0.4735 0.1889
vn 0.8672 -0.4314 0.2489
vn 0.8670 -0.4328 0.2469
vn -0.0247 -0.9349 0.3540
vn -0.8473 -0.4979 0.1852
vn -0.8802 0.3153 -0.3548
vn -0.0570 0.1968 -0.9788
vn 0.0104 0.1604 -0.9870
vn 0.0082 0.1617 -0.9868
vn 0.8136 -0.2044 -0.5444
vn 0.8693 -0.3877 0.3065
vn 0.0495 -0.1635 0.9853
vn -0.0148 -0.1435 0.9895
vn -0.0133 -0.1440 0.9895
vn -0.8262 0.1632 0.5392
vn -0.0837 -0.8328 -0.5472
vn 0.0773 0.1234 -0.9893
vn 0.1225 0.9472 -0.2964
vn 0.0564 0.8393 0.5408
vn -0.0773 -0.1234 0.9893
vn -0.1500 -0.9420 0.3001
vn 0.9759 -0.1952 0.0976
vn -0.8714 0.4552 -0.1826
vn -0.8498 0.4936 -0.1849
vn -0.8503 0.4928 -0.1849
vn 0.0359 0.9228 -0.3836
vn 0.8529 0.4779 -0.2104
vn 0.8713 -0.4558 0.1819
vn 0.8306 -0.5342 0.1575
vn 0.8317 -0.5322 0.1581
vn -0.0407 -0.9333 0.3568
vn -0.8507 -0.4953 0.1759
vn -0.8270 0.5302 -0.1869
vn -0.1877 0.2891 -0.9387
vn -0.0598 0.0772 -0.9952
vn -0.0648 0.0854 -0.9942
vn 0.6701 -0.3518 -0.6536
vn 0.7835 -0.6072 0.1322
vn 0.1868 -0.2727 0.9438
vn 0.0550 -0.0628 0.9965
vn 0.0603 -0.0712 0.9956
vn -0.6804 0.3311 0.6537
vn -0.1743 -0.9103 -0.3755
vn 0.0701 -0.1367 -0.9881
vn 0.1958 0.8712 -0.4501
vn 0.1153 0.9253 0.3612
vn -0.0725 0.1386 0.9877
vn -0.2382 -0.8569 0.4572
vn -0.0000 -0.3090 -0.9511
vn -0.0000 -0.5878 -0.8090
vn -0.0000 -0.8090 -0.5878
vn -0.0000 -0.9511 -0.3090
vn -0.0000 -0.9511 0.3090
vn -0.0000 -0.8090 0.5878
vn -0.0000 -0.5878 0.8090
vn -0.0000 -0.3090 0.9511
vn -0.0000 0.3090 0.9511
vn -0.0000 0.5878 0.8090
vn -0.0000 0.8090 0.5878
vn -0.0000 0.9511 0.3090
vn -0.0000 0.9511 -0.3090
vn -0.0000 0.8090 -0.5878
vn -0.0000 0.5878 -0.8090
vn -0.0000 0.3090 -0.9511
vn -0.0000 0.7071 0.7071
vn -0.0000 -0.9908 0.1351
vn -0.8356 0.0768 0.5439
vn -0.0000 0.1444 0.9895
vn 0.8356 0.0768 0.5439
vn 0.8347 -0.0717 -0.5460
vn -0.0000 -0.1253 -0.9921
vn -0.8347 -0.0717 -0.5460
vn -0.7937 0.6083 -0.0000
vn 0.7937 0.6083 -0.0000
vn 0.7937 -0.6083 -0.0000
vn -0.7937 -0.6083 -0.0000
vn -0.8193 0.0790 -0.5679
vn -0.8444 -0.1736 -0.5069
vn -0.8444 -0.1741 -0.5067
vn -0.0000 0.1404 -0.9901
vn 0.8193 0.0790 -0.5679
vn 0.8444 -0.1741 -0.5067
vn 0.8444 -0.1736 -0.5068
vn 0.8191 -0.0759 0.5686
vn 0.8430 0.1730 0.5093
vn 0.8430 0.1733 0.5092
vn -0.0000 -0.1294 0.9916
vn -0.8191 -0.0759 0.5686
vn -0.8430 0.1733 0.5092
vn -0.8430 0.1730 0.5093
vn -0.8116 -0.4154 -0.4107
vn -0.0000 -0.7147 -0.6994
vn 0.8116 -0.4154 -0.4107
vn 0.8111 0.4111 0.4160
vn -0.0000 0.6983 0.7158
vn -0.8111 0.4111 0.4160
vn -0.8292 -0.3987 0.3917
vn -0.0000 -0.7192 0.6948
vn 0.8292 -0.3987 0.3917
vn 0.8273 0.3936 -0.4008
vn -0.0000 0.6937 -0.7202
vn -0.8273 0.3936 -0.4008
vn -0.0000 0.8919 -0.4522
vn -0.0000 -1.0000 0.0030
vn -0.9235 0.0030 0.3835
vn -0.9240 -0.0338 0.3808
vn -0.9240 -0.0339 0.3808
vn -0.3817 0.0155 0.9241
vn -0.3831 -0.0775 0.9204
vn -0.3831 -0.0778 0.9204
vn 0.3817 0.0155 0.9241
vn 0.3831 -0.0778 0.9204
vn 0.3831 -0.0775 0.9204
vn 0.9235 0.0030 0.3835
vn 0.9240 -0.0339 0.3808
vn 0.9240 -0.0338 0.3808
vn 0.9236 0.0004 -0.3833
vn 0.9240 0.0355 -0.3807
vn 0.9240 0.0356 -0.3807
vn 0.3821 0.0053 -0.9241
vn 0.3830 0.0880 -0.9196
vn 0.3830 0.0881 -0.9195
vn -0.3821 0.0053 -0.9241
vn -0.3830 0.0881 -0.9195
vn -0.3830 0.0880 -0.9196
vn -0.9236 0.0004 -0.3833
vn -0.9240 0.0356 -0.3807
vn -0.9240 0.0355 -0.3807
vn -0.9239 -0.1055 0.3679
vn -0.3827 -0.2547 0.8881
vn 0.3827 -0.2547 0.8881
vn 0.9239 -0.1055 0.3679
vn 0.9239 0.1055 -0.3679
vn 0.3827 0.2547 -0.8881
vn -0.3827 0.2547 -0.8881
vn -0.9239 0.1055 -0.3679
vn -0.9239 -0.1724 0.3416
vn -0.3827 -0.4163 0.8248
vn 0.3827 -0.4163 0.8248
vn 0.9239 -0.1724 0.3416
vn 0.9239 0.1724 -0.3416
vn 0.3827 0.4163 -0.8248
vn -0.3827 0.4163 -0.8248
vn -0.9239 0.1724 -0.3416
vn -0.9239 -0.2333 0.3034
vn -0.3827 -0.5632 0.7324
vn 0.3827 -0.5632 0.7324
vn 0.9239 -0.2333 0.3034
vn 0.9239 0.2333 -0.3034
vn 0.3827 0.5632 -0.7324
vn -0.3827 0.5632 -0.7324
vn -0.9239 0.2333 -0.3034
vn -0.9239 -0.2859 0.2544
vn -0.3827 -0.6902 0.6142
vn 0.3827 -0.6902 0.6142
vn 0.9239 -0.2859 0.2544
vn 0.9239 0.2859 -0.2544
vn 0.3827 0.6902 -0.6142
vn -0.3827 0.6902 -0.6142
vn -0.9239 0.2859 -0.2544
vn -0.9239 -0.3284 0.1965
vn -0.3827 -0.7928 0.4744
vn 0.3827 -0.7928 0.4744
vn 0.9239 -0.3284 0.1965
vn 0.9239 0.3284 -0.1965
vn 0.3827 0.7928 -0.4744
vn -0.3827 0.7928 -0.4744
vn -0.9239 0.3284 -0.1965
vn -0.9239 -0.3593 0.1317
vn -0.3827 -0.8675 0.3179
vn 0.3827 -0.8675 0.3179
vn 0.9239 -0.3593 0.1317
vn 0.9239 0.3593 -0.1317
vn 0.3827 0.8675 -0.3179
vn -0.3827 0.8675 -0.3179
vn -0.9239 0.3593 -0.1317
vn -0.9239 -0.3776 0.0622
vn -0.3827 -0.9116 0.1503
vn 0.3827 -0.9116 0.1503
vn 0.9239 -0.3776 0.0622
vn 0.9239 0.3776 -0.0622
vn 0.3827 0.9116 -0.1503
vn -0.3827 0.9116 -0.1503
vn -0.9239 0.3776 -0.0622
vn -0.9239 -0.3826 -0.0094
vn -0.3827 -0.9236 -0.0226
vn 0.3827 -0.9236 -0.0226
vn 0.9239 -0.3826 -0.0094
vn 0.9239 0.3826 0.0094
vn 0.3827 0.9236 0.0226
vn -0.3827 0.9236 0.0226
vn -0.9239 0.3826 0.0094
vn -0.9239 -0.3741 -0.0806
vn -0.3827 -0.9031 -0.1947
vn 0.3827 -0.9031 -0.1947
vn 0.9239 -0.3741 -0.0806
vn 0.9239 0.3741 0.0806
vn 0.3827 0.9031 0.1947
vn -0.3827 0.9031 0.1947
vn -0.9239 0.3741 0.0806
vn -0.9239 -0.3525 -0.1490
vn -0.3827 -0.8509 -0.3598
vn 0.3827 -0.8509 -0.3598
vn 0.9239 -0.3525 -0.1490
vn 0.9239 0.3525 0.1490
vn 0.3827 0.8509 0.3598
vn -0.3827 0.8509 0.3598
vn -0.9239 0.3525 0.1490
vn -0.9239 -0.3185 -0.2122
vn -0.3827 -0.7688 -0.5123
vn 0.3827 -0.7688 -0.5123
vn 0.9239 -0.3185 -0.2122
vn 0.9239 0.3185 0.2122
vn 0.3827 0.7688 0.5123
vn -0.3827 0.7688 0.5123
vn -0.9239 0.3185 0.2122
vn -0.9239 -0.2733 -0.2679
vn -0.3827 -0.6597 -0.6468
vn 0.3827 -0.6597 -0.6468
vn 0.9239 -0.2733 -0.2679
vn 0.9239 0.2733 0.2679
vn 0.3827 0.6597 0.6468
vn -0.3827 0.6597 0.6468
vn -0.9239 0.2733 0.2679
vn -0.9239 -0.2185 -0.3142
vn -0.3827 -0.5275 -0.7585
vn 0.3827 -0.5275 -0.7585
vn 0.9239 -0.2185 -0.3142
vn 0.9239 0.2185 0.3142
vn 0.3827 0.5275 0.7585
vn -0.3827 0.5275 0.7585
vn -0.9239 0.2185 0.3142
vn -0.9239 -0.1560 -0.3494
vn -0.3827 -0.3767 -0.8436
vn 0.3827 -0.3767 -0.8436
vn 0.9239 -0.1560 -0.3494
vn 0.9239 0.1560 0.3494
vn 0.3827 0.3767 0.8436
vn -0.3827 0.3767 0.8436
vn -0.9239 0.1560 0.3494
vn -0.9239 -0.0881 -0.3724
vn -0.3827 -0.2128 -0.8990
vn 0.3827 -0.2128 -0.8990
vn 0.9239 -0.0881 -0.3724
vn 0.9239 0.0881 0.3724
vn 0.3827 0.2128 0.8990
vn -0.3827 0.2128 0.8990
vn -0.9239 0.0881 0.3724
vn -0.9239 -0.0171 -0.3823
vn -0.3827 -0.0414 -0.9230
vn 0.3827 -0.0414 -0.9230
vn 0.9239 -0.0171 -0.3823
vn 0.9239 0.0171 0.3823
vn 0.3827 0.0414 0.9230
vn -0.3827 0.0414 0.9230
vn -0.9239 0.0171 0.3823
vn -0.9239 0.0544 -0.3788
vn -0.3827 0.1314 -0.9145
vn 0.3827 0.1314 -0.9145
vn 0.9239 0.0544 -0.3788
vn 0.9239 -0.0544 0.3788
vn 0.3827 -0.1314 0.9145
vn -0.3827 -0.1314 0.9145
vn -0.9239 -0.0544 0.3788
vn -0.9239 0.1241 -0.3620
vn -0.3827 0.2996 -0.8739
vn 0.3827 0.2996 -0.8739
vn 0.9239 0.1241 -0.3620
vn 0.9239 -0.1241 0.3620
vn 0.3827 -0.2996 0.8740
vn -0.3827 -0.2996 0.8740
vn -0.9239 -0.1241 0.3620
vn -0.9239 0.1894 -0.3325
vn -0.3827 0.4573 -0.8028
vn 0.3827 0.4573 -0.8028
vn 0.9239 0.1894 -0.3325
vn 0.9239 -0.1894 0.3325
vn 0.3827 -0.4573 0.8028
vn -0.3827 -0.4573 0.8028
vn -0.9239 -0.1894 0.3325
vn -0.9239 0.2481 -0.2914
vn -0.3827 0.5989 -0.7035
vn 0.3827 0.5989 -0.7035
vn 0.9239 0.2481 -0.2914
vn 0.9239 -0.2481 0.2914
vn 0.3827 -0.5989 0.7035
vn -0.3827 -0.5989 0.7035
vn -0.9239 -0.2481 0.2914
vn -0.9239 0.2980 -0.2401
vn -0.3827 0.7195 -0.5796
vn 0.3827 0.7195 -0.5796
vn 0.9239 0.2980 -0.2401
vn 0.9239 -0.2980 0.2401
vn 0.3827 -0.7195 0.5796
vn -0.3827 -0.7195 0.5796
vn -0.9239 -0.2980 0.2401
vn -0.9239 0.3375 -0.1803
vn -0.3827 0.8149 -0.4354
vn 0.3827 0.8149 -0.4354
vn 0.9239 0.3375 -0.1803
vn 0.9239 -0.3375 0.1803
vn 0.3827 -0.8149 0.4354
vn -0.3827 -0.8149 0.4354
vn -0.9239 -0.3375 0.1803
vn -0.9239 0.3652 -0.1143
vn -0.3827 0.8817 -0.2759
vn 0.3827 0.8817 -0.2759
vn 0.9239 0.3652 -0.1143
vn 0.9239 -0.3652 0.1143
vn 0.3827 -0.8817 0.2759
vn -0.3827 -0.8817 0.2759
vn -0.9239 -0.3652 0.1143
vn -0.9239 0.3801 -0.0443
vn -0.3827 0.9177 -0.1069
vn 0.3827 0.9177 -0.1069
vn 0.9239 0.3801 -0.0443
vn 0.9239 -0.3801 0.0443
vn 0.3827 -0.9177 0.1069
vn -0.3827 -0.9177 0.1069
vn -0.9239 -0.3801 0.0443
vn -0.9239 0.3817 0.0273
vn -0.3827 0.9215 0.0659
vn 0.3827 0.9215 0.0659
vn 0.9239 0.3817 0.0273
vn 0.9239 -0.3817 -0.0273
vn 0.3827 -0.9215 -0.0659
vn -0.3827 -0.9215 -0.0659
vn -0.9239 -0.3817 -0.0273
vn -0.9239 0.3699 0.0979
vn -0.3827 0.8931 0.2364
vn 0.3827 0.8931 0.2364
vn 0.9239 0.3699 0.0979
vn 0.9239 -0.3699 -0.0979
vn 0.3827 -0.8931 -0.2364
vn -0.3827 -0.8931 -0.2364
vn -0.9239 -0.3699 -0.0979
vn -0.9239 0.3452 0.1651
vn -0.3827 0.8335 0.3986
vn 0.3827 0.8335 0.3986
vn 0.9239 0.3452 0.1651
vn 0.9239 -0.3452 -0.1651
vn 0.3827 -0.8335 -0.3986
vn -0.3827 -0.8335 -0.3986
vn -0.9239 -0.3452 -0.1651
vn -0.9239 0.3085 0.2265
vn -0.3827 0.7447 0.5468
vn 0.3827 0.7447 0.5468
vn 0.9239 0.3085 0.2265
vn 0.9239 -0.3085 -0.2265
vn 0.3827 -0.7447 -0.5468
vn -0.3827 -0.7447 -0.5468
vn -0.9239 -0.3085 -0.2265
vn -0.9239 0.2609 0.2800
vn -0.3827 0.6298 0.6759
vn 0.3827 0.6298 0.6759
vn 0.9239 0.2609 0.2800
vn 0.9239 -0.2609 -0.2800
vn 0.3827 -0.6298 -0.6759
vn -0.3827 -0.6298 -0.6759
vn -0.9239 -0.2609 -0.2800
vn -0.9240 0.2035 0.3236
vn -0.3831 0.4897 0.7832
vn -0.3831 0.4899 0.7831
vn 0.3831 0.4899 0.7831
vn 0.3831 0.4897 0.7832
vn 0.9240 0.2035 0.3236
vn 0.9240 -0.2044 -0.3231
vn 0.9240 -0.2045 -0.3231
vn 0.3830 -0.4952 -0.7798
vn 0.3830 -0.4953 -0.7797
vn -0.3830 -0.4953 -0.7797
vn -0.3830 -0.4952 -0.7798
vn -0.9240 -0.2045 -0.3231
vn -0.9240 -0.2044 -0.3231
vn -0.9236 0.1724 0.3425
vn -0.3818 0.4114 0.8276
vn 0.3818 0.4114 0.8276
vn 0.9236 0.1724 0.3425
vn 0.9236 -0.1743 -0.3415
vn 0.3821 -0.4228 -0.8218
vn -0.3821 -0.4228 -0.8218
vn -0.9236 -0.1743 -0.3415
vn -0.0000 -0.2588 -0.9659
vn -0.0000 -0.7071 -0.7071
vn -0.0000 -0.9659 -0.2588
vn -0.0000 -0.9659 0.2588
vn -0.0000 -0.7071 0.7071
vn -0.0000 -0.2588 0.9659
vn -0.0000 0.2588 0.9659
vn -0.0000 0.9659 0.2588
vn -0.0000 0.9659 -0.2588
vn -0.0000 0.7071 -0.7071
vn -0.0000 0.2588 -0.9659
vn -0.1322 -0.0000 -0.9912
vn -0.1322 -0.2565 -0.9575
vn -0.1322 -0.4956 -0.8584
vn -0.1322 -0.7009 -0.7009
vn -0.1322 -0.8584 -0.4956
vn -0.1322 -0.9575 -0.2565
vn -0.1322 -0.9912 -0.0000
vn -0.1322 -0.9575 0.2565
vn -0.1322 -0.8584 0.4956
vn -0.1322 -0.7009 0.7009
vn -0.1322 -0.4956 0.8584
vn -0.1322 -0.2565 0.9575
vn -0.1322 -0.0000 0.9912
vn -0.1322 0.2565 0.9575
vn -0.1322 0.4956 0.8584
vn -0.1322 0.7009 0.7009
vn -0.1322 0.8584 0.4956
vn -0.1322 0.9575 0.2565
vn -0.1322 0.9912 -0.0000
vn -0.1322 0.9575 -0.2565
vn -0.1322 0.8584 -0.4956
vn -0.1322 0.7009 -0.7009
vn -0.1322 0.4956 -0.8584
vn -0.1322 0.2565 -0.9575
vn 0.5878 -0.8090 -0.0000
vn 0.5878 -0.7814 -0.2094
vn 0.5878 -0.7006 -0.4045
vn 0.5878 -0.5721 -0.5721
vn 0.5878 -0.4045 -0.7006
vn 0.5878 -0.2094 -0.7814
vn 0.5878 0.2094 -0.7814
vn 0.5878 0.4045 -0.7006
vn 0.5878 0.5721 -0.5721
vn 0.5878 0.7006 -0.4045
vn 0.5878 0.7815 -0.2094
vn 0.5878 0.8090 -0.0000
vn 0.5878 0.7815 0.2094
vn 0.5878 0.7006 0.4045
vn 0.5878 0.5721 0.5721
vn 0.5878 0.4045 0.7006
vn 0.5878 0.2094 0.7814
vn 0.5878 -0.2094 0.7814
vn 0.5878 -0.4045 0.7006
vn 0.5878 -0.5721 0.5721
vn 0.5878 -0.7006 0.4045
vn 0.5878 -0.7814 0.2094
vn 0.9511 0.3090 -0.0000
vn 0.9511 0.2985 0.0800
vn 0.9511 0.2676 0.1545
vn 0.9511 0.2185 0.2185
vn 0.9511 0.1545 0.2676
vn 0.9511 0.0800 0.2985
vn 0.9511 -0.0800 0.2985
vn 0.9511 -0.1545 0.2676
vn 0.9511 -0.2185 0.2185
vn 0.9511 -0.2676 0.1545
vn 0.9511 -0.2985 0.0800
vn 0.9511 -0.3090 -0.0000
vn 0.9511 -0.2985 -0.0800
vn 0.9511 -0.2676 -0.1545
vn 0.9511 -0.2185 -0.2185
vn 0.9511 -0.1545 -0.2676
vn 0.9511 -0.0800 -0.2985
vn 0.9511 0.0800 -0.2985
vn 0.9511 0.1545 -0.2676
vn 0.9511 0.2185 -0.2185
vn 0.9511 0.2676 -0.1545
vn 0.9511 0.2985 -0.0800
vn -0.9511 0.3090 -0.0000
vn -0.9511 0.2985 0.0800
vn -0.9511 0.2676 0.1545
vn -0.9511 0.2185 0.2185
vn -0.9511 0.1545 0.2676
vn -0.9511 0.0800 0.2985
vn -0.9511 -0.0800 0.2985
vn -0.9511 -0.1545 0.2676
vn -0.9511 -0.2185 0.2185
vn -0.9511 -0.2676 0.1545
vn -0.9511 -0.2985 0.0800
vn -0.9511 -0.3090 -0.0000
vn -0.9511 -0.2985 -0.0800
vn -0.9511 -0.2676 -0.1545
vn -0.9511 -0.2185 -0.2185
vn -0.9511 -0.1545 -0.2676
vn -0.9511 -0.0800 -0.2985
vn -0.9511 0.0800 -0.2985
vn -0.9511 0.1545 -0.2676
vn -0.9511 0.2185 -0.2185
vn -0.9511 0.2676 -0.1545
vn -0.9511 0.2985 -0.0800
vn -0.5878 -0.8090 -0.0000
vn -0.5878 -0.7815 -0.2094
vn -0.5878 -0.7006 -0.4045
vn -0.5878 -0.5721 -0.5721
vn -0.5878 -0.4045 -0.7006
vn -0.5878 -0.2094 -0.7815
vn -0.5878 0.2094 -0.7815
vn -0.5878 0.4045 -0.7006
vn -0.5878 0.5721 -0.5721
vn -0.5878 0.7006 -0.4045
vn -0.5878 0.7815 -0.2094
vn -0.5878 0.8090 -0.0000
vn -0.5878 0.7815 0.2094
vn -0.5878 0.7006 0.4045
vn -0.5878 0.5721 0.5721
vn -0.5878 0.4045 0.7006
vn -0.5878 0.2094 0.7815
vn -0.5878 -0.2094 0.7815
vn -0.5878 -0.4045 0.7006
vn -0.5878 -0.5721 0.5721
vn -0.5878 -0.7006 0.4045
vn -0.5878 -0.7815 0.2094
vn -0.9545 0.1790 0.2386
vn 0.2762 -0.9206 0.2762
vn -0.4505 0.1456 0.8808
vn 0.3347 0.3616 0.8702
vn 0.3137 0.3806 0.8699
vn 0.3136 0.3807 0.8699
vn 0.8838 0.3686 0.2881
vn 0.8958 0.1756 -0.4083
vn 0.4374 -0.1217 -0.8910
vn -0.3348 -0.3614 -0.8702
vn -0.3136 -0.3806 -0.8699
vn -0.3137 -0.3806 -0.8699
vn -0.8956 -0.3363 -0.2913
vn -0.9124 -0.1208 0.3910
vn 0.1570 -0.4010 0.9025
vn 0.2922 0.3996 0.8689
vn 0.2492 0.9302 0.2695
vn 0.0743 0.9001 -0.4294
vn -0.1460 0.3964 -0.9064
vn -0.2921 -0.3996 -0.8689
vn -0.2348 -0.9337 -0.2703
vn -0.0499 -0.9048 0.4229
vn 0.4924 -0.8616 0.1231
vn 0.9291 0.2605 0.2625
vn 0.8997 0.3883 0.1992
vn 0.8997 0.3884 0.1992
vn 0.3688 0.6560 0.6585
vn 0.4180 0.5241 0.7420
vn 0.4179 0.5244 0.7419
vn -0.3943 0.6437 0.6559
vn -0.9183 0.2740 0.2857
vn -0.9289 -0.2628 -0.2609
vn -0.9002 -0.3874 -0.1990
vn -0.9001 -0.3876 -0.1989
vn -0.3682 -0.6587 -0.6561
vn -0.4190 -0.5233 -0.7420
vn -0.4189 -0.5235 -0.7419
vn 0.3954 -0.6562 -0.6427
vn 0.9178 -0.2872 -0.2743
vn 0.8513 0.5078 0.1317
vn 0.4558 0.3787 0.8055
vn -0.2049 0.0380 0.9781
vn -0.7334 -0.3187 0.6004
vn -0.8533 -0.5042 -0.1331
vn -0.4578 -0.3735 -0.8068
vn 0.1925 -0.0124 -0.9812
vn 0.7190 0.3413 -0.6055
vn 0.4339 -0.0000 -0.9010
vn 0.7818 -0.0000 -0.6235
vn 0.9749 -0.0000 -0.2225
vn 0.9749 -0.0000 0.2225
vn 0.7818 -0.0000 0.6235
vn 0.4339 -0.0000 0.9010
vn -0.4339 -0.0000 0.9010
vn -0.7818 -0.0000 0.6235
vn -0.9749 -0.0000 0.2225
vn -0.9749 -0.0000 -0.2225
vn -0.7818 -0.0000 -0.6235
vn -0.4339 -0.0000 -0.9010
vn -0.6725 -0.0526 -0.7382
vn -0.3760 0.1869 -0.9076
vn -0.4857 0.0647 -0.8717
vn -0.9453 0.3263 0.0003
vn -0.8091 0.5876 0.0005
vn -0.7968 0.6042 0.0006
vn -0.6725 0.0526 0.7382
vn -0.4782 0.1793 0.8598
vn -0.3658 0.3012 0.8806
vn -0.4857 -0.0647 0.8717
vn -0.3760 -0.1869 0.9076
vn -0.9453 -0.3263 -0.0003
vn -0.8091 -0.5876 -0.0006
vn -0.7968 -0.6042 -0.0006
vn -0.4782 -0.1793 -0.8598
vn -0.3658 -0.3012 -0.8806
vn -0.1513 0.1993 -0.9682
vn -0.1606 0.0745 -0.9842
vn -0.4168 0.9090 0.0008
vn -0.4090 0.9125 0.0008
vn -0.1569 0.2020 0.9667
vn -0.1466 0.3202 0.9360
vn -0.1606 -0.0745 0.9842
vn -0.1513 -0.1993 0.9682
vn -0.4168 -0.9090 -0.0008
vn -0.4090 -0.9125 -0.0008
vn -0.1569 -0.2020 -0.9667
vn -0.1466 -0.3202 -0.9360
vn -0.0368 0.2015 -0.9788
vn -0.0344 0.0708 -0.9969
vn -0.1021 0.9948 0.0009
vn -0.1011 0.9949 0.0009
vn -0.0336 0.2004 0.9791
vn -0.0356 0.3235 0.9456
vn -0.0344 -0.0708 0.9969
vn -0.0368 -0.2015 0.9788
vn -0.1021 -0.9948 -0.0009
vn -0.1011 -0.9949 -0.0009
vn -0.0336 -0.2004 -0.9791
vn -0.0356 -0.3235 -0.9456
vn 0.0368 0.2015 -0.9788
vn 0.0344 0.0708 -0.9969
vn 0.1021 0.9948 0.0009
vn 0.1011 0.9949 0.0009
vn 0.0336 0.2004 0.9791
vn 0.0356 0.3235 0.9456
vn 0.0344 -0.0708 0.9969
vn 0.0368 -0.2015 0.9788
vn 0.1021 -0.9948 -0.0009
vn 0.1011 -0.9949 -0.0009
vn 0.0336 -0.2004 -0.9791
vn 0.0356 -0.3235 -0.9456
vn 0.1513 0.1993 -0.9682
vn 0.1606 0.0745 -0.9842
vn 0.4168 0.9090 0.0008
vn 0.4090 0.9125 0.0008
vn 0.1569 0.2020 0.9667
vn 0.1466 0.3202 0.9360
vn 0.1606 -0.0745 0.9842
vn 0.1513 -0.1993 0.9682
vn 0.4168 -0.9090 -0.0008
vn 0.4090 -0.9125 -0.0008
vn 0.1569 -0.2020 -0.9667
vn 0.1466 -0.3202 -0.9360
vn 0.3760 0.1869 -0.9076
vn 0.4857 0.0647 -0.8717
vn 0.8091 0.5876 0.0005
vn 0.7968 0.6042 0.0006
vn 0.4782 0.1793 0.8598
vn 0.3658 0.3012 0.8806
vn 0.4857 -0.0647 0.8717
vn 0.3760 -0.1869 0.9076
vn 0.8091 -0.5876 -0.0005
vn 0.7968 -0.6042 -0.0006
vn 0.4782 -0.1793 -0.8598
vn 0.3658 -0.3012 -0.8806
vn 0.6725 -0.0526 -0.7382
vn 0.9453 0.3263 0.0003
vn 0.6725 0.0526 0.7382
vn 0.9453 -0.3263 -0.0003
vn -0.6725 0.0526 -0.7382
vn -0.4782 0.1793 -0.8598
vn -0.4857 -0.0647 -0.8717
vn -0.3658 0.3012 -0.8806
vn -0.9453 0.3263 -0.0003
vn -0.7968 0.6042 -0.0005
vn -0.8091 0.5876 -0.0005
vn -0.6725 -0.0526 0.7382
vn -0.4857 0.0647 0.8717
vn -0.3760 0.1869 0.9076
vn -0.4782 -0.1793 0.8598
vn -0.3658 -0.3012 0.8806
vn -0.9453 -0.3263 0.0003
vn -0.7968 -0.6042 0.0006
vn -0.8091 -0.5876 0.0005
vn -0.3760 -0.1869 -0.9076
vn -0.1569 0.2020 -0.9667
vn -0.1606 -0.0745 -0.9842
vn -0.1466 0.3202 -0.9360
vn -0.4090 0.9125 -0.0008
vn -0.4168 0.9090 -0.0008
vn -0.1606 0.0745 0.9842
vn -0.1513 0.1993 0.9682
vn -0.1569 -0.2020 0.9667
vn -0.1466 -0.3202 0.9360
vn -0.4090 -0.9125 0.0008
vn -0.4168 -0.9090 0.0008
vn -0.1513 -0.1993 -0.9682
vn -0.0336 0.2004 -0.9791
vn -0.0344 -0.0708 -0.9969
vn -0.0356 0.3235 -0.9456
vn -0.1011 0.9949 -0.0009
vn -0.1021 0.9948 -0.0009
vn -0.0344 0.0708 0.9969
vn -0.0368 0.2015 0.9788
vn -0.0336 -0.2004 0.9791
vn -0.0356 -0.3235 0.9456
vn -0.1011 -0.9949 0.0009
vn -0.1021 -0.9948 0.0009
vn -0.0368 -0.2015 -0.9788
vn 0.0336 0.2004 -0.9791
vn 0.0344 -0.0708 -0.9969
vn 0.0356 0.3235 -0.9456
vn 0.1011 0.9949 -0.0009
vn 0.1021 0.9948 -0.0009
vn 0.0344 0.0708 0.9969
vn 0.0368 0.2015 0.9788
vn 0.0336 -0.2004 0.9791
vn 0.0356 -0.3235 0.9456
vn 0.1011 -0.9949 0.0009
vn 0.1021 -0.9948 0.0009
vn 0.0368 -0.2015 -0.9788
vn 0.1569 0.2020 -0.9667
vn 0.1606 -0.0745 -0.9842
vn 0.1466 0.3202 -0.9360
vn 0.4090 0.9125 -0.0008
vn 0.4168 0.9090 -0.0008
vn 0.1606 0.0745 0.9842
vn 0.1513 0.1993 0.9682
vn 0.1569 -0.2020 0.9667
vn 0.1466 -0.3202 0.9360
vn 0.4090 -0.9125 0.0008
vn 0.4168 -0.9090 0.0008
vn 0.1513 -0.1993 -0.9682
vn 0.4782 0.1793 -0.8598
vn 0.4857 -0.0647 -0.8717
vn 0.3658 0.3012 -0.8806
vn 0.7968 0.6042 -0.0006
vn 0.8091 0.5876 -0.0005
vn 0.4857 0.0647 0.8717
vn 0.3760 0.1869 0.9076
vn 0.4782 -0.1793 0.8598
vn 0.3658 -0.3012 0.8806
vn 0.7968 -0.6042 0.0006
vn 0.8091 -0.5876 0.0005
vn 0.3760 -0.1869 -0.9076
vn 0.6725 0.0526 -0.7382
vn 0.9453 0.3263 -0.0003
vn 0.6725 -0.0526 0.7382
vn 0.9453 -0.3263 0.0003
vn -0.4067 -0.0000 -0.9136
vn -0.4191 0.1140 -0.9008
vn -0.2444 -0.0000 -0.9697
vn -0.3012 0.1966 -0.9331
vn -0.4067 -0.0000 0.9136
vn -0.4191 0.1140 0.9008
vn -0.3012 0.1966 0.9331
vn -0.2444 -0.0000 0.9697
vn -0.4191 -0.1140 0.9008
vn -0.3012 -0.1966 0.9331
vn -0.4191 -0.1140 -0.9008
vn -0.3012 -0.1966 -0.9331
vn -0.1291 0.1327 -0.9827
vn -0.0688 -0.0000 -0.9976
vn -0.1182 0.2047 -0.9717
vn -0.1291 0.1327 0.9827
vn -0.1182 0.2047 0.9717
vn -0.0688 -0.0000 0.9976
vn -0.1291 -0.1327 0.9827
vn -0.1182 -0.2047 0.9717
vn -0.1291 -0.1327 -0.9827
vn -0.1182 -0.2047 -0.9717
vn -0.0260 0.1277 -0.9915
vn -0.0146 -0.0000 -0.9999
vn -0.0306 0.2061 -0.9781
vn -0.0260 0.1277 0.9915
vn -0.0306 0.2061 0.9781
vn -0.0146 -0.0000 0.9999
vn -0.0260 -0.1277 0.9915
vn -0.0306 -0.2061 0.9781
vn -0.0260 -0.1277 -0.9915
vn -0.0306 -0.2061 -0.9781
vn 0.0260 0.1277 -0.9915
vn 0.0146 -0.0000 -0.9999
vn 0.0306 0.2061 -0.9781
vn 0.0260 0.1277 0.9915
vn 0.0306 0.2061 0.9781
vn 0.0146 -0.0000 0.9999
vn 0.0260 -0.1277 0.9915
vn 0.0306 -0.2061 0.9781
vn 0.0260 -0.1277 -0.9915
vn 0.0306 -0.2061 -0.9781
vn 0.1291 0.1327 -0.9827
vn 0.0688 -0.0000 -0.9976
vn 0.1182 0.2047 -0.9717
vn 0.1291 0.1327 0.9827
vn 0.1182 0.2047 0.9717
vn 0.0688 -0.0000 0.9976
vn 0.1291 -0.1327 0.9827
vn 0.1182 -0.2047 0.9717
vn 0.1291 -0.1327 -0.9827
vn 0.1182 -0.2047 -0.9717
vn 0.4191 0.1140 -0.9008
vn 0.2444 -0.0000 -0.9697
vn 0.3012 0.1966 -0.9331
vn 0.4191 0.1140 0.9008
vn 0.3012 0.1966 0.9331
vn 0.2444 -0.0000 0.9697
vn 0.4191 -0.1140 0.9008
vn 0.3012 -0.1966 0.9331
vn 0.4191 -0.1140 -0.9008
vn 0.3012 -0.1966 -0.9331
vn 0.4067 -0.0000 -0.9136
vn 0.4067 -0.0000 0.9136
vn -0.4017 -0.0000 -0.9158
vn -0.4221 0.0941 -0.9017
vn -0.2445 -0.0000 -0.9696
vn -0.2937 0.1653 -0.9415
vn -0.4017 -0.0000 0.9158
vn -0.4221 0.0941 0.9017
vn -0.2937 0.1653 0.9415
vn -0.2445 -0.0000 0.9696
vn -0.4221 -0.0941 0.9017
vn -0.2937 -0.1653 0.9415
vn -0.4221 -0.0941 -0.9017
vn -0.2937 -0.1653 -0.9415
vn -0.1315 0.1121 -0.9850
vn -0.1131 0.1718 -0.9786
vn -0.1315 0.1121 0.9850
vn -0.1131 0.1718 0.9786
vn -0.1315 -0.1121 0.9850
vn -0.1131 -0.1718 0.9786
vn -0.1315 -0.1121 -0.9850
vn -0.1131 -0.1718 -0.9786
vn -0.0264 0.1079 -0.9938
vn -0.0300 0.1729 -0.9845
vn -0.0264 0.1079 0.9938
vn -0.0300 0.1729 0.9845
vn -0.0264 -0.1079 0.9938
vn -0.0300 -0.1729 0.9845
vn -0.0264 -0.1079 -0.9938
vn -0.0300 -0.1729 -0.9845
vn 0.0264 0.1079 -0.9938
vn 0.0300 0.1729 -0.9845
vn 0.0264 0.1079 0.9938
vn 0.0300 0.1729 0.9845
vn 0.0264 -0.1079 0.9938
vn 0.0300 -0.1729 0.9845
vn 0.0264 -0.1079 -0.9938
vn 0.0300 -0.1729 -0.9845
vn 0.1315 0.1121 -0.9850
vn 0.1131 0.1718 -0.9786
vn 0.1315 0.1121 0.9850
vn 0.1131 0.1718 0.9786
vn 0.1315 -0.1121 0.9850
vn 0.1131 -0.1718 0.9786
vn 0.1315 -0.1121 -0.9850
vn 0.1131 -0.1718 -0.9786
vn 0.4221 0.0941 -0.9017
vn 0.2445 -0.0000 -0.9696
vn 0.2937 0.1653 -0.9415
vn 0.4221 0.0941 0.9017
vn 0.2937 0.1653 0.9415
vn 0.2445 -0.0000 0.9696
vn 0.4221 -0.0941 0.9017
vn 0.2937 -0.1653 0.9415
vn 0.4221 -0.0941 -0.9017
vn 0.2937 -0.1653 -0.9415
vn 0.4017 -0.0000 -0.9158
vn 0.4017 -0.0000 0.9158
vn -0.6089 -0.0000 -0.7933
vn -0.5411 0.1994 -0.8170
vn -0.3749 -0.0000 -0.9270
vn -0.4656 0.3557 -0.8103
vn -0.6089 -0.0000 0.7933
vn -0.5411 0.1994 0.8170
vn -0.4656 0.3557 0.8103
vn -0.3749 -0.0000 0.9270
vn -0.5410 -0.1994 0.8170
vn -0.4656 -0.3557 0.8104
vn -0.5410 -0.1994 -0.8170
vn -0.4656 -0.3557 -0.8104
vn -0.1950 0.2541 -0.9473
vn -0.1137 -0.0000 -0.9935
vn -0.1948 0.3942 -0.8981
vn -0.1950 0.2541 0.9473
vn -0.1948 0.3942 0.8981
vn -0.1137 -0.0000 0.9935
vn -0.1950 -0.2541 0.9473
vn -0.1948 -0.3942 0.8981
vn -0.1950 -0.2541 -0.9473
vn -0.1948 -0.3942 -0.8981
vn -0.0410 0.2506 -0.9672
vn -0.0243 -0.0000 -0.9997
vn -0.0492 0.4014 -0.9146
vn -0.0410 0.2506 0.9672
vn -0.0492 0.4014 0.9146
vn -0.0243 -0.0000 0.9997
vn -0.0410 -0.2506 0.9672
vn -0.0492 -0.4014 0.9146
vn -0.0410 -0.2506 -0.9672
vn -0.0492 -0.4014 -0.9146
vn 0.0410 0.2506 -0.9672
vn 0.0243 -0.0000 -0.9997
vn 0.0492 0.4014 -0.9146
vn 0.0410 0.2506 0.9672
vn 0.0492 0.4014 0.9146
vn 0.0243 -0.0000 0.9997
vn 0.0410 -0.2506 0.9672
vn 0.0492 -0.4014 0.9146
vn 0.0410 -0.2506 -0.9672
vn 0.0492 -0.4014 -0.9146
vn 0.1950 0.2541 -0.9473
vn 0.1137 -0.0000 -0.9935
vn 0.1948 0.3942 -0.8981
vn 0.1950 0.2541 0.9473
vn 0.1948 0.3942 0.8981
vn 0.1137 -0.0000 0.9935
vn 0.1950 -0.2541 0.9473
vn 0.1948 -0.3942 0.8981
vn 0.1950 -0.2541 -0.9473
vn 0.1948 -0.3942 -0.8981
vn 0.5410 0.1994 -0.8170
vn 0.3749 -0.0000 -0.9270
vn 0.4656 0.3557 -0.8103
vn 0.5410 0.1994 0.8170
vn 0.4656 0.3557 0.8103
vn 0.3749 -0.0000 0.9270
vn 0.5410 -0.1994 0.8170
vn 0.4656 -0.3557 0.8104
vn 0.5410 -0.1994 -0.8170
vn 0.4656 -0.3557 -0.8104
vn 0.6089 -0.0000 -0.7933
vn 0.6089 -0.0000 0.7933
vn 0.9974 -0.0571 -0.0442
vn 0.9974 -0.0571 -0.0443
vn -0.9974 0.0571 -0.0443
vn -0.9974 0.0571 -0.0444
vn 0.0072 0.1512 0.9885
vn 0.0128 0.1549 0.9878
vn 0.0269 0.2989 0.9539
vn 0.0158 0.3001 0.9538
vn -0.0101 -0.1511 0.9885
vn -0.0161 -0.1475 0.9889
vn -0.0185 -0.2999 0.9538
vn -0.0308 -0.2990 0.9538
vn -0.0072 -0.1525 -0.9883
vn -0.0122 -0.1476 -0.9890
vn -0.0267 -0.2989 -0.9539
vn -0.0157 -0.3001 -0.9538
vn 0.0102 0.1523 -0.9883
vn 0.0170 0.1548 -0.9878
vn 0.0186 0.2999 -0.9538
vn 0.0306 0.2990 -0.9538
vn 0.0222 0.1522 0.9881
vn 0.0455 0.2963 0.9540
vn -0.0258 -0.1479 0.9887
vn -0.0497 -0.2970 0.9536
vn -0.0216 -0.1477 -0.9888
vn -0.0453 -0.2963 -0.9540
vn 0.0266 0.1524 -0.9880
vn 0.0495 0.2970 -0.9536
vn 0.0279 0.1493 0.9884
vn 0.0555 0.2944 0.9541
vn -0.0289 -0.1493 0.9884
vn -0.0567 -0.2958 0.9536
vn -0.0277 -0.1484 -0.9885
vn -0.0555 -0.2944 -0.9541
vn 0.0291 0.1502 -0.9882
vn 0.0567 0.2958 -0.9536
vn 0.0280 0.1474 0.9887
vn 0.0544 0.2946 0.9541
vn -0.0257 -0.1518 0.9881
vn -0.0519 -0.2968 0.9535
vn -0.0285 -0.1502 -0.9882
vn -0.0543 -0.2946 -0.9541
vn 0.0253 0.1490 -0.9885
vn 0.0518 0.2968 -0.9535
vn 0.0215 0.1466 0.9890
vn 0.0412 0.2964 0.9542
vn -0.0179 -0.1548 0.9878
vn -0.0370 -0.2993 0.9534
vn -0.0223 -0.1527 -0.9880
vn -0.0409 -0.2965 -0.9542
vn 0.0172 0.1487 -0.9887
vn 0.0368 0.2993 -0.9534
vn 0.0092 0.1465 0.9892
vn 0.0176 0.2982 0.9543
vn -0.0072 -0.1570 0.9876
vn -0.0153 -0.3016 0.9533
vn -0.0097 -0.1546 -0.9879
vn -0.0173 -0.2982 -0.9543
vn 0.0069 0.1488 -0.9889
vn 0.0151 0.3016 -0.9533
vn -0.0057 0.1465 0.9892
vn -0.0108 0.2984 0.9544
vn 0.0044 -0.1572 0.9876
vn 0.0094 -0.3019 0.9533
vn 0.0060 -0.1549 -0.9879
vn 0.0107 -0.2985 -0.9544
vn -0.0042 0.1488 -0.9889
vn -0.0093 0.3019 -0.9533
vn -0.0189 0.1465 0.9890
vn -0.0363 0.2969 0.9542
vn 0.0155 -0.1554 0.9877
vn 0.0322 -0.2999 0.9534
vn 0.0198 -0.1532 -0.9880
vn 0.0359 -0.2970 -0.9542
vn -0.0148 0.1487 -0.9888
vn -0.0320 0.3000 -0.9534
vn -0.0270 0.1471 0.9888
vn -0.0523 0.2949 0.9541
vn 0.0242 -0.1525 0.9880
vn 0.0491 -0.2973 0.9535
vn 0.0276 -0.1508 -0.9882
vn 0.0521 -0.2950 -0.9541
vn -0.0236 0.1488 -0.9886
vn -0.0490 0.2973 -0.9535
vn -0.0285 0.1487 0.9885
vn -0.0563 0.2942 0.9541
vn 0.0287 -0.1498 0.9883
vn 0.0566 -0.2958 0.9536
vn 0.0285 -0.1488 -0.9885
vn 0.0563 -0.2943 -0.9541
vn -0.0287 0.1498 -0.9883
vn -0.0566 0.2958 -0.9536
vn -0.0240 0.1514 0.9882
vn -0.0488 0.2957 0.9540
vn 0.0272 -0.1481 0.9886
vn 0.0526 -0.2965 0.9536
vn 0.0235 -0.1478 -0.9887
vn 0.0487 -0.2957 -0.9540
vn -0.0278 0.1518 -0.9880
vn -0.0524 0.2966 -0.9536
vn -0.0153 0.1544 0.9879
vn -0.0320 0.2983 0.9539
vn 0.0190 -0.1476 0.9889
vn 0.0364 -0.2985 0.9537
vn 0.0147 -0.1476 -0.9889
vn 0.0318 -0.2983 -0.9539
vn -0.0199 0.1543 -0.9878
vn -0.0361 0.2986 -0.9537
vn -0.0044 0.1561 0.9877
vn -0.0093 0.3003 0.9538
vn 0.0057 -0.1476 0.9890
vn 0.0109 -0.3001 0.9538
vn 0.0042 -0.1477 -0.9890
vn 0.0092 -0.3003 -0.9538
vn -0.0060 0.1560 -0.9877
vn -0.0107 0.3001 -0.9538
vn 0.0072 0.1559 0.9878
vn 0.0152 0.3000 0.9538
vn -0.0093 -0.1476 0.9890
vn -0.0177 -0.2999 0.9538
vn -0.0068 -0.1477 -0.9890
vn -0.0150 -0.3000 -0.9538
vn 0.0098 0.1557 -0.9878
vn 0.0174 0.2999 -0.9538
vn 0.0177 0.1537 0.9880
vn 0.0368 0.2977 0.9540
vn -0.0216 -0.1477 0.9888
vn -0.0414 -0.2980 0.9537
vn -0.0171 -0.1476 -0.9889
vn -0.0366 -0.2977 -0.9540
vn 0.0225 0.1537 -0.9879
vn 0.0411 0.2981 -0.9537
vn 0.0255 0.1507 0.9882
vn 0.0516 0.2951 0.9541
vn -0.0281 -0.1484 0.9885
vn -0.0547 -0.2962 0.9536
vn -0.0251 -0.1479 -0.9887
vn -0.0515 -0.2952 -0.9541
vn 0.0287 0.1513 -0.9881
vn 0.0546 0.2962 -0.9536
vn 0.0287 0.1482 0.9885
vn 0.0564 0.2942 0.9541
vn -0.0281 -0.1504 0.9882
vn -0.0558 -0.2960 0.9536
vn -0.0289 -0.1491 -0.9884
vn -0.0564 -0.2942 -0.9541
vn 0.0279 0.1495 -0.9884
vn 0.0558 0.2960 -0.9536
vn 0.0256 0.1469 0.9888
vn 0.0495 0.2954 0.9541
vn -0.0224 -0.1533 0.9879
vn -0.0457 -0.2979 0.9535
vn -0.0264 -0.1514 -0.9881
vn -0.0492 -0.2954 -0.9541
vn 0.0218 0.1487 -0.9886
vn 0.0456 0.2979 -0.9535
vn 0.0160 0.1465 0.9891
vn 0.0307 0.2973 0.9543
vn -0.0129 -0.1560 0.9877
vn -0.0271 -0.3005 0.9534
vn -0.0169 -0.1537 -0.9880
vn -0.0304 -0.2974 -0.9543
vn 0.0123 0.1487 -0.9888
vn 0.0268 0.3005 -0.9534
vn 0.0100 0.1500 0.9886
vn 0.0184 0.2983 0.9543
vn -0.0073 -0.1523 0.9883
vn -0.0159 -0.3017 0.9533
vn -0.0101 -0.1512 -0.9884
vn -0.0185 -0.2983 -0.9543
vn 0.0073 0.1536 -0.9881
vn 0.0158 0.3017 -0.9533
vn 0.5570 -0.7681 0.3158
vn 0.5570 -0.7682 0.3157
vn 0.5570 -0.7681 0.3159
vn -0.5570 0.7681 0.3158
vn 0.1348 0.0838 0.9873
vn 0.1173 0.0810 0.9898
vn 0.2389 0.1934 0.9516
vn 0.2531 0.1698 0.9524
vn -0.1208 -0.1023 0.9874
vn -0.0971 -0.1677 0.9811
vn -0.2368 -0.1869 0.9534
vn -0.2031 -0.2511 0.9464
vn -0.1265 -0.0788 -0.9888
vn -0.1347 -0.1075 -0.9850
vn -0.2077 -0.2095 -0.9555
vn -0.2521 -0.1706 -0.9525
vn 0.1145 0.0951 -0.9889
vn 0.0814 0.1205 -0.9894
vn 0.2388 0.1836 -0.9535
vn 0.1982 0.2711 -0.9419
vn -0.0027 0.0502 0.9987
vn -0.0117 0.2248 0.9743
vn 0.0054 -0.2420 0.9703
vn 0.0118 -0.3422 0.9396
vn 0.0085 -0.1498 -0.9887
vn 0.0089 -0.2361 -0.9717
vn -0.0032 0.1232 -0.9924
vn -0.0077 0.3338 -0.9426
vn -0.1210 0.0793 0.9895
vn -0.2384 0.1859 0.9532
vn 0.1049 -0.1588 0.9817
vn 0.2173 -0.2456 0.9447
vn 0.1331 -0.1010 -0.9860
vn 0.2149 -0.2001 -0.9559
vn -0.0916 0.1204 -0.9885
vn -0.2140 0.2611 -0.9413
vn -0.0982 0.1298 0.9867
vn -0.2085 0.2152 0.9541
vn 0.1381 -0.0912 0.9862
vn 0.2617 -0.1993 0.9443
vn 0.0888 -0.1051 -0.9905
vn 0.2068 -0.2235 -0.9525
vn -0.1455 0.1091 -0.9833
vn -0.2441 0.2112 -0.9465
vn -0.0190 0.2162 0.9762
vn -0.0414 0.3084 0.9503
vn 0.0132 -0.0661 0.9977
vn 0.0526 -0.2481 0.9673
vn 0.0101 -0.1092 -0.9940
vn 0.0290 -0.3049 -0.9519
vn -0.0373 0.1662 -0.9854
vn -0.0385 0.2600 -0.9649
vn 0.0756 0.1641 0.9835
vn 0.1678 0.2447 0.9550
vn -0.1129 -0.0948 0.9891
vn -0.2415 -0.2192 0.9453
vn -0.0577 -0.1099 -0.9923
vn -0.1585 -0.2646 -0.9512
vn 0.1419 0.1284 -0.9815
vn 0.1989 0.2397 -0.9502
vn 0.1208 0.0817 0.9893
vn 0.2358 0.1786 0.9553
vn -0.1256 -0.1250 0.9842
vn -0.2498 -0.2215 0.9426
vn -0.1235 -0.0913 -0.9881
vn -0.2298 -0.1824 -0.9560
vn 0.1217 0.1136 -0.9860
vn 0.2490 0.2234 -0.9424
vn 0.0341 0.0632 0.9974
vn 0.1126 0.2184 0.9693
vn -0.0462 -0.2328 0.9714
vn -0.1053 -0.3276 0.9389
vn -0.0741 -0.1374 -0.9877
vn -0.0838 -0.2312 -0.9693
vn 0.0308 0.1280 -0.9913
vn 0.0767 0.3391 -0.9376
vn -0.0679 0.0751 0.9949
vn -0.1764 0.2098 0.9617
vn 0.0694 -0.2126 0.9747
vn 0.1537 -0.2991 0.9418
vn 0.1079 -0.1252 -0.9862
vn 0.1363 -0.2262 -0.9645
vn -0.0505 0.1279 -0.9905
vn -0.1307 0.3248 -0.9367
vn -0.1160 0.0937 0.9888
vn -0.2321 0.1874 0.9545
vn 0.1317 -0.1064 0.9856
vn 0.2557 -0.2066 0.9444
vn 0.1160 -0.0944 -0.9887
vn 0.2305 -0.1876 -0.9548
vn -0.1318 0.1072 -0.9855
vn -0.2540 0.2067 -0.9449
vn -0.0601 0.1893 0.9801
vn -0.1361 0.2726 0.9525
vn 0.0751 -0.0890 0.9932
vn 0.1936 -0.2315 0.9534
vn 0.0406 -0.1129 -0.9928
vn 0.1170 -0.2928 -0.9490
vn -0.1193 0.1418 -0.9827
vn -0.1466 0.2501 -0.9571
vn 0.0409 0.2081 0.9772
vn 0.0928 0.2975 0.9502
vn -0.0381 -0.0767 0.9963
vn -0.1244 -0.2413 0.9624
vn -0.0245 -0.1125 -0.9934
vn -0.0701 -0.3063 -0.9493
vn 0.0821 0.1552 -0.9845
vn 0.0901 0.2555 -0.9626
vn 0.1095 0.1111 0.9878
vn 0.2253 0.2015 0.9532
vn -0.1359 -0.0941 0.9863
vn -0.2583 -0.1971 0.9457
vn -0.1056 -0.1006 -0.9893
vn -0.2246 -0.2033 -0.9530
vn 0.1386 0.1042 -0.9848
vn 0.2517 0.2015 -0.9466
vn 0.1021 0.0807 0.9915
vn 0.2209 0.1986 0.9549
vn -0.0884 -0.1843 0.9789
vn -0.1884 -0.2678 0.9449
vn -0.1283 -0.1129 -0.9853
vn -0.1842 -0.2164 -0.9588
vn 0.0702 0.1240 -0.9898
vn 0.1779 0.2922 -0.9397
vn -0.0116 0.0530 0.9985
vn -0.0473 0.2237 0.9735
vn 0.0211 -0.2406 0.9704
vn 0.0470 -0.3402 0.9392
vn 0.0336 -0.1472 -0.9885
vn 0.0357 -0.2351 -0.9713
vn -0.0128 0.1244 -0.9921
vn -0.0311 0.3357 -0.9414
vn -0.1238 0.0783 0.9892
vn -0.2397 0.1804 0.9539
vn 0.1139 -0.1455 0.9828
vn 0.2322 -0.2359 0.9436
vn 0.1308 -0.0954 -0.9868
vn 0.2241 -0.1907 -0.9557
vn -0.1042 0.1183 -0.9875
vn -0.2307 0.2455 -0.9416
vn -0.0900 0.1416 0.9858
vn -0.1946 0.2244 0.9549
vn 0.1343 -0.0927 0.9866
vn 0.2602 -0.2054 0.9434
vn 0.0770 -0.1070 -0.9913
vn 0.1912 -0.2374 -0.9524
vn -0.1475 0.1152 -0.9823
vn -0.2333 0.2218 -0.9468
vn -0.0048 0.2179 0.9760
vn -0.0104 0.3102 0.9506
vn 0.0031 -0.0632 0.9980
vn 0.0130 -0.2497 0.9682
vn 0.0025 -0.1081 -0.9941
vn 0.0072 -0.3037 -0.9528
vn -0.0094 0.1691 -0.9856
vn -0.0096 0.2612 -0.9652
vn 0.0830 0.1495 0.9853
vn 0.1816 0.2297 0.9561
vn -0.1300 -0.0949 0.9870
vn -0.2611 -0.2139 0.9413
vn -0.0678 -0.1071 -0.9919
vn -0.1768 -0.2462 -0.9529
vn 0.1493 0.1226 -0.9812
vn 0.2252 0.2322 -0.9462
vn 0.1053 0.0910 0.9903
vn 0.2147 0.1709 0.9616
vn -0.1526 -0.0967 0.9835
vn -0.2791 -0.1887 0.9415
vn -0.1002 -0.0849 -0.9913
vn -0.2166 -0.1678 -0.9617
vn 0.1425 0.0905 -0.9856
vn 0.2779 0.1896 -0.9417
vt 0.000000 0.000000
vt 0.600000 0.000000
vt 0.200000 0.000000
vt 0.400000 0.000000
vt 0.800000 0.000000
vt 1.000000 0.000000
vt 0.000000 1.000000
vt 0.333333 1.000000
vt 0.333333 0.833333
vt 0.000000 0.833333
vt 0.000000 0.166667
vt 0.333333 0.166667
vt 0.333333 0.000000
vt 0.000000 0.333333
vt 0.333333 0.333333
vt 0.000000 0.500000
vt 0.333333 0.500000
vt 0.000000 0.666667
vt 0.333333 0.666667
vt 0.666667 1.000000
vt 0.666667 0.833333
vt 0.666667 0.166667
vt 0.666667 0.000000
vt 0.666667 0.333333
vt 0.666667 0.500000
vt 0.666667 0.666667
vt 1.000000 1.000000
vt 1.000000 0.833333
vt 1.000000 0.166667
vt 1.000000 0.333333
vt 1.000000 0.500000
vt 1.000000 0.666667
vt 0.200000 1.000000
vt 0.200000 0.833333
vt 0.200000 0.166667
vt 0.200000 0.333333
vt 0.200000 0.500000
vt 0.200000 0.666667
vt 0.400000 1.000000
vt 0.400000 0.833333
vt 0.400000 0.166667
vt 0.400000 0.333333
vt 0.400000 0.500000
vt 0.400000 0.666667
vt 0.600000 1.000000
vt 0.600000 0.833333
vt 0.600000 0.166667
vt 0.600000 0.333333
vt 0.600000 0.500000
vt 0.600000 0.666667
vt 0.800000 1.000000
vt 0.800000 0.833333
vt 0.800000 0.166667
vt 0.800000 0.333333
vt 0.800000 0.500000
vt 0.800000 0.666667
vt 0.857143 0.000000
vt 0.571429 0.000000
vt 0.714286 0.000000
vt 0.428571 0.000000
vt 0.285714 0.000000
vt 0.142857 0.000000
vt 0.031250 1.000000
vt 0.031250 0.875000
vt 0.000000 0.875000
vt 0.000000 0.125000
vt 0.031250 0.125000
vt 0.031250 0.000000
vt 0.000000 0.250000
vt 0.031250 0.250000
vt 0.000000 0.375000
vt 0.031250 0.375000
vt 0.031250 0.500000
vt 0.000000 0.625000
vt 0.031250 0.625000
vt 0.000000 0.750000
vt 0.031250 0.750000
vt 0.062500 1.000000
vt 0.062500 0.875000
vt 0.062500 0.125000
vt 0.062500 0.000000
vt 0.062500 0.250000
vt 0.062500 0.375000
vt 0.062500 0.500000
vt 0.062500 0.625000
vt 0.062500 0.750000
vt 0.093750 1.000000
vt 0.093750 0.875000
vt 0.093750 0.125000
vt 0.093750 0.000000
vt 0.093750 0.250000
vt 0.093750 0.375000
vt 0.093750 0.500000
vt 0.093750 0.625000
vt 0.093750 0.750000
vt 0.125000 1.000000
vt 0.125000 0.875000
vt 0.125000 0.125000
vt 0.125000 0.000000
vt 0.125000 0.250000
vt 0.125000 0.375000
vt 0.125000 0.500000
vt 0.125000 0.625000
vt 0.125000 0.750000
vt 0.156250 1.000000
vt 0.156250 0.875000
vt 0.156250 0.125000
vt 0.156250 0.000000
vt 0.156250 0.250000
vt 0.156250 0.375000
vt 0.156250 0.500000
vt 0.156250 0.625000
vt 0.156250 0.750000
vt 0.187500 1.000000
vt 0.187500 0.875000
vt 0.187500 0.125000
vt 0.187500 0.000000
vt 0.187500 0.250000
vt 0.187500 0.375000
vt 0.187500 0.500000
vt 0.187500 0.625000
vt 0.187500 0.750000
vt 0.218750 1.000000
vt 0.218750 0.875000
vt 0.218750 0.125000
vt 0.218750 0.000000
vt 0.218750 0.250000
vt 0.218750 0.375000
vt 0.218750 0.500000
vt 0.218750 0.625000
vt 0.218750 0.750000
vt 0.250000 1.000000
vt 0.250000 0.875000
vt 0.250000 0.125000
vt 0.250000 0.000000
vt 0.250000 0.250000
vt 0.250000 0.375000
vt 0.250000 0.500000
vt 0.250000 0.625000
vt 0.250000 0.750000
vt 0.281250 1.000000
vt 0.281250 0.875000
vt 0.281250 0.125000
vt 0.281250 0.000000
vt 0.281250 0.250000
vt 0.281250 0.375000
vt 0.281250 0.500000
vt 0.281250 0.625000
vt 0.281250 0.750000
vt 0.312500 1.000000
vt 0.312500 0.875000
vt 0.312500 0.125000
vt 0.312500 0.000000
vt 0.312500 0.250000
vt 0.312500 0.375000
vt 0.312500 0.500000
vt 0.312500 0.625000
vt 0.312500 0.750000
vt 0.343750 1.000000
vt 0.343750 0.875000
vt 0.343750 0.125000
vt 0.343750 0.000000
vt 0.343750 0.250000
vt 0.343750 0.375000
vt 0.343750 0.500000
vt 0.343750 0.625000
vt 0.343750 0.750000
vt 0.375000 1.000000
vt 0.375000 0.875000
vt 0.375000 0.125000
vt 0.375000 0.000000
vt 0.375000 0.250000
vt 0.375000 0.375000
vt 0.375000 0.500000
vt 0.375000 0.625000
vt 0.375000 0.750000
vt 0.406250 1.000000
vt 0.406250 0.875000
vt 0.406250 0.125000
vt 0.406250 0.000000
vt 0.406250 0.250000
vt 0.406250 0.375000
vt 0.406250 0.500000
vt 0.406250 0.625000
vt 0.406250 0.750000
vt 0.437500 1.000000
vt 0.437500 0.875000
vt 0.437500 0.125000
vt 0.437500 0.000000
vt 0.437500 0.250000
vt 0.437500 0.375000
vt 0.437500 0.500000
vt 0.437500 0.625000
vt 0.437500 0.750000
vt 0.468750 1.000000
vt 0.468750 0.875000
vt 0.468750 0.125000
vt 0.468750 0.000000
vt 0.468750 0.250000
vt 0.468750 0.375000
vt 0.468750 0.500000
vt 0.468750 0.625000
vt 0.468750 0.750000
vt 0.500000 1.000000
vt 0.500000 0.875000
vt 0.500000 0.125000
vt 0.500000 0.000000
vt 0.500000 0.250000
vt 0.500000 0.375000
vt 0.500000 0.500000
vt 0.500000 0.625000
vt 0.500000 0.750000
vt 0.531250 1.000000
vt 0.531250 0.875000
vt 0.531250 0.125000
vt 0.531250 0.000000
vt 0.531250 0.250000
vt 0.531250 0.375000
vt 0.531250 0.500000
vt 0.531250 0.625000
vt 0.531250 0.750000
vt 0.562500 1.000000
vt 0.562500 0.875000
vt 0.562500 0.125000
vt 0.562500 0.000000
vt 0.562500 0.250000
vt 0.562500 0.375000
vt 0.562500 0.500000
vt 0.562500 0.625000
vt 0.562500 0.750000
vt 0.593750 1.000000
vt 0.593750 0.875000
vt 0.593750 0.125000
vt 0.593750 0.000000
vt 0.593750 0.250000
vt 0.593750 0.375000
vt 0.593750 0.500000
vt 0.593750 0.625000
vt 0.593750 0.750000
vt 0.625000 1.000000
vt 0.625000 0.875000
vt 0.625000 0.125000
vt 0.625000 0.000000
vt 0.625000 0.250000
vt 0.625000 0.375000
vt 0.625000 0.500000
vt 0.625000 0.625000
vt 0.625000 0.750000
vt 0.656250 1.000000
vt 0.656250 0.875000
vt 0.656250 0.125000
vt 0.656250 0.000000
vt 0.656250 0.250000
vt 0.656250 0.375000
vt 0.656250 0.500000
vt 0.656250 0.625000
vt 0.656250 0.750000
vt 0.687500 1.000000
vt 0.687500 0.875000
vt 0.687500 0.125000
vt 0.687500 0.000000
vt 0.687500 0.250000
vt 0.687500 0.375000
vt 0.687500 0.500000
vt 0.687500 0.625000
vt 0.687500 0.750000
vt 0.718750 1.000000
vt 0.718750 0.875000
vt 0.718750 0.125000
vt 0.718750 0.000000
vt 0.718750 0.250000
vt 0.718750 0.375000
vt 0.718750 0.500000
vt 0.718750 0.625000
vt 0.718750 0.750000
vt 0.750000 1.000000
vt 0.750000 0.875000
vt 0.750000 0.125000
vt 0.750000 0.000000
vt 0.750000 0.250000
vt 0.750000 0.375000
vt 0.750000 0.500000
vt 0.750000 0.625000
vt 0.750000 0.750000
vt 0.781250 1.000000
vt 0.781250 0.875000
vt 0.781250 0.125000
vt 0.781250 0.000000
vt 0.781250 0.250000
vt 0.781250 0.375000
vt 0.781250 0.500000
vt 0.781250 0.625000
vt 0.781250 0.750000
vt 0.812500 1.000000
vt 0.812500 0.875000
vt 0.812500 0.125000
vt 0.812500 0.000000
vt 0.812500 0.250000
vt 0.812500 0.375000
vt 0.812500 0.500000
vt 0.812500 0.625000
vt 0.812500 0.750000
vt 0.843750 1.000000
vt 0.843750 0.875000
vt 0.843750 0.125000
vt 0.843750 0.000000
vt 0.843750 0.250000
vt 0.843750 0.375000
vt 0.843750 0.500000
vt 0.843750 0.625000
vt 0.843750 0.750000
vt 0.875000 1.000000
vt 0.875000 0.875000
vt 0.875000 0.125000
vt 0.875000 0.000000
vt 0.875000 0.250000
vt 0.875000 0.375000
vt 0.875000 0.500000
vt 0.875000 0.625000
vt 0.875000 0.750000
vt 0.906250 1.000000
vt 0.906250 0.875000
vt 0.906250 0.125000
vt 0.906250 0.000000
vt 0.906250 0.250000
vt 0.906250 0.375000
vt 0.906250 0.500000
vt 0.906250 0.625000
vt 0.906250 0.750000
vt 0.937500 1.000000
vt 0.937500 0.875000
vt 0.937500 0.125000
vt 0.937500 0.000000
vt 0.937500 0.250000
vt 0.937500 0.375000
vt 0.937500 0.500000
vt 0.937500 0.625000
vt 0.937500 0.750000
vt 0.968750 1.000000
vt 0.968750 0.875000
vt 0.968750 0.125000
vt 0.968750 0.000000
vt 0.968750 0.250000
vt 0.968750 0.375000
vt 0.968750 0.500000
vt 0.968750 0.625000
vt 0.968750 0.750000
vt 1.000000 0.875000
vt 1.000000 0.125000
vt 1.000000 0.250000
vt 1.000000 0.375000
vt 1.000000 0.625000
vt 1.000000 0.750000
vt 0.050000 1.000000
vt 0.050000 0.833333
vt 0.050000 0.166667
vt 0.050000 0.000000
vt 0.050000 0.333333
vt 0.050000 0.500000
vt 0.050000 0.666667
vt 0.100000 1.000000
vt 0.100000 0.833333
vt 0.100000 0.166667
vt 0.100000 0.000000
vt 0.100000 0.333333
vt 0.100000 0.500000
vt 0.100000 0.666667
vt 0.150000 1.000000
vt 0.150000 0.833333
vt 0.150000 0.166667
vt 0.150000 0.000000
vt 0.150000 0.333333
vt 0.150000 0.500000
vt 0.150000 0.666667
vt 0.250000 0.833333
vt 0.250000 0.166667
vt 0.250000 0.333333
vt 0.250000 0.666667
vt 0.300000 1.000000
vt 0.300000 0.833333
vt 0.300000 0.166667
vt 0.300000 0.000000
vt 0.300000 0.333333
vt 0.300000 0.500000
vt 0.300000 0.666667
vt 0.350000 1.000000
vt 0.350000 0.833333
vt 0.350000 0.166667
vt 0.350000 0.000000
vt 0.350000 0.333333
vt 0.350000 0.500000
vt 0.350000 0.666667
vt 0.450000 1.000000
vt 0.450000 0.833333
vt 0.450000 0.166667
vt 0.450000 0.000000
vt 0.450000 0.333333
vt 0.450000 0.500000
vt 0.450000 0.666667
vt 0.500000 0.833333
vt 0.500000 0.166667
vt 0.500000 0.333333
vt 0.500000 0.666667
vt 0.550000 1.000000
vt 0.550000 0.833333
vt 0.550000 0.166667
vt 0.550000 0.000000
vt 0.550000 0.333333
vt 0.550000 0.500000
vt 0.550000 0.666667
vt 0.650000 1.000000
vt 0.650000 0.833333
vt 0.650000 0.166667
vt 0.650000 0.000000
vt 0.650000 0.333333
vt 0.650000 0.500000
vt 0.650000 0.666667
vt 0.700000 1.000000
vt 0.700000 0.833333
vt 0.700000 0.166667
vt 0.700000 0.000000
vt 0.700000 0.333333
vt 0.700000 0.500000
vt 0.700000 0.666667
vt 0.750000 0.833333
vt 0.750000 0.166667
vt 0.750000 0.333333
vt 0.750000 0.666667
vt 0.850000 1.000000
vt 0.850000 0.833333
vt 0.850000 0.166667
vt 0.850000 0.000000
vt 0.850000 0.333333
vt 0.850000 0.500000
vt 0.850000 0.666667
vt 0.900000 1.000000
vt 0.900000 0.833333
vt 0.900000 0.166667
vt 0.900000 0.000000
vt 0.900000 0.333333
vt 0.900000 0.500000
vt 0.900000 0.666667
vt 0.950000 1.000000
vt 0.950000 0.833333
vt 0.950000 0.166667
vt 0.950000 0.000000
vt 0.950000 0.333333
vt 0.950000 0.500000
vt 0.950000 0.666667
s 1
usemtl navy
f 1/1/1 2/1/2 3/1/3
f 4/1/4 5/1/5 6/1/6
f 7/1/7 8/1/8 9/1/9
f 10/1/10 11/1/11 12/1/12
f 13/1/13 14/1/14 15/1/15
f 16/1/16 17/1/17 18/1/18
f 19/1/19 20/1/20 21/1/21
f 22/1/22 23/1/23 24/1/24
f 7/1/7 1/1/1 3/1/3 8/1/8
f 2/1/2 4/1/4 6/1/6 3/1/3
f 5/1/5 10/1/10 12/1/12 6/1/6
f 11/1/11 9/1/9 8/1/8 12/1/12
f 19/1/19 7/1/7 9/1/9 20/1/20
f 10/1/10 22/1/22 24/1/24 11/1/11
f 23/1/23 21/1/21 20/1/20 24/1/24
f 13/1/13 19/1/19 21/1/21 14/1/14
f 22/1/22 16/1/16 18/1/18 23/1/23
f 17/1/17 15/1/15 14/1/14 18/1/18
f 1/1/1 13/1/13 15/1/15 2/1/2
f 16/1/16 5/1/5 4/1/4 17/1/17
f 7/1/25 19/1/25 13/1/25 1/1/25
f 3/1/26 6/1/26 12/1/26 8/1/26
f 15/1/27 17/1/27 4/1/27 2/1/27
f 22/1/28 10/1/28 5/1/28 16/1/28
f 9/1/29 11/1/29 24/1/29 20/1/29
f 21/1/30 23/1/30 18/1/30 14/1/30
f 25/1/1 26/1/2 27/1/3
f 28/1/4 29/1/5 30/1/6
f 31/1/7 32/1/8 33/1/9
f 34/1/10 35/1/11 36/1/12
f 37/1/13 38/1/14 39/1/15
f 40/1/16 41/1/17 42/1/18
f 43/1/19 44/1/20 45/1/21
f 46/1/22 47/1/23 48/1/24
f 31/1/7 25/1/1 27/1/3 32/1/8
f 26/1/2 28/1/4 30/1/6 27/1/3
f 29/1/5 34/1/10 36/1/12 30/1/6
f 35/1/11 33/1/9 32/1/8 36/1/12
f 43/1/19 31/1/7 33/1/9 44/1/20
f 34/1/10 46/1/22 48/1/24 35/1/11
f 47/1/23 45/1/21 44/1/20 48/1/24
f 37/1/13 43/1/19 45/1/21 38/1/14
f 46/1/22 40/1/16 42/1/18 47/1/23
f 41/1/17 39/1/15 38/1/14 42/1/18
f 25/1/1 37/1/13 39/1/15 26/1/2
f 40/1/16 29/1/5 28/1/4 41/1/17
f 31/1/25 43/1/25 37/1/25 25/1/25
f 27/1/26 30/1/26 36/1/26 32/1/26
f 39/1/27 41/1/27 28/1/27 26/1/27
f 46/1/28 34/1/28 29/1/28 40/1/28
f 33/1/29 35/1/29 48/1/29 44/1/29
f 45/1/30 47/1/30 42/1/30 38/1/30
f 213/1/1 214/1/2 215/1/3
f 216/1/4 217/1/5 218/1/6
f 219/1/7 220/1/8 221/1/9
f 222/1/10 223/1/11 224/1/12
f 225/1/13 226/1/14 227/1/15
f 228/1/16 229/1/17 230/1/18
f 231/1/19 232/1/20 233/1/21
f 234/1/22 235/1/23 236/1/24
f 219/1/7 213/1/1 215/1/3 220/1/8
f 214/1/2 216/1/4 218/1/6 215/1/3
f 217/1/5 222/1/10 224/1/12 218/1/6
f 223/1/11 221/1/9 220/1/8 224/1/12
f 231/1/19 219/1/7 221/1/9 232/1/20
f 222/1/10 234/1/22 236/1/24 223/1/11
f 235/1/23 233/1/21 232/1/20 236/1/24
f 225/1/13 231/1/19 233/1/21 226/1/14
f 234/1/22 228/1/16 230/1/18 235/1/23
f 229/1/17 227/1/15 226/1/14 230/1/18
f 213/1/1 225/1/13 227/1/15 214/1/2
f 228/1/16 217/1/5 216/1/4 229/1/17
f 219/1/25 231/1/25 225/1/25 213/1/25
f 215/1/26 218/1/26 224/1/26 220/1/26
f 227/1/27 229/1/27 216/1/27 214/1/27
f 234/1/28 222/1/28 217/1/28 228/1/28
f 221/1/29 223/1/29 236/1/29 232/1/29
f 233/1/30 235/1/30 230/1/30 226/1/30
f 401/1/1 402/1/2 403/1/3
f 404/1/4 405/1/5 406/1/6
f 407/1/7 408/1/8 409/1/9
f 410/1/10 411/1/11 412/1/12
f 413/1/13 414/1/14 415/1/15
f 416/1/16 417/1/17 418/1/18
f 419/1/19 420/1/20 421/1/21
f 422/1/22 423/1/23 424/1/24
f 407/1/7 401/1/1 403/1/3 408/1/8
f 402/1/2 404/1/4 406/1/6 403/1/3
f 405/1/5 410/1/10 412/1/12 406/1/6
f 411/1/11 409/1/9 408/1/8 412/1/12
f 419/1/19 407/1/7 409/1/9 420/1/20
f 410/1/10 422/1/22 424/1/24 411/1/11
f 423/1/23 421/1/21 420/1/20 424/1/24
f 413/1/13 419/1/19 421/1/21 414/1/14
f 422/1/22 416/1/16 418/1/18 423/1/23
f 417/1/17 415/1/15 414/1/14 418/1/18
f 401/1/1 413/1/13 415/1/15 402/1/2
f 416/1/16 405/1/5 404/1/4 417/1/17
f 407/1/25 419/1/25 413/1/25 401/1/25
f 403/1/26 406/1/26 412/1/26 408/1/26
f 415/1/27 417/1/27 404/1/27 402/1/27
f 422/1/28 410/1/28 405/1/28 416/1/28
f 409/1/29 411/1/29 424/1/29 420/1/29
f 421/1/30 423/1/30 418/1/30 414/1/30
f 425/1/1 426/1/2 427/1/3
f 428/1/4 429/1/5 430/1/6
f 431/1/7 432/1/8 433/1/9
f 434/1/10 435/1/11 436/1/12
f 437/1/13 438/1/14 439/1/15
f 440/1/16 441/1/17 442/1/18
f 443/1/19 444/1/20 445/1/21
f 446/1/22 447/1/23 448/1/24
f 431/1/7 425/1/1 427/1/3 432/1/8
f 426/1/2 428/1/4 430/1/6 427/1/3
f 429/1/5 434/1/10 436/1/12 430/1/6
f 435/1/11 433/1/9 432/1/8 436/1/12
f 443/1/19 431/1/7 433/1/9 444/1/20
f 434/1/10 446/1/22 448/1/24 435/1/11
f 447/1/23 445/1/21 444/1/20 448/1/24
f 437/1/13 443/1/19 445/1/21 438/1/14
f 446/1/22 440/1/16 442/1/18 447/1/23
f 441/1/17 439/1/15 438/1/14 442/1/18
f 425/1/1 437/1/13 439/1/15 426/1/2
f 440/1/16 429/1/5 428/1/4 441/1/17
f 431/1/25 443/1/25 437/1/25 425/1/25
f 427/1/26 430/1/26 436/1/26 432/1/26
f 439/1/27 441/1/27 428/1/27 426/1/27
f 446/1/28 434/1/28 429/1/28 440/1/28
f 433/1/29 435/1/29 448/1/29 444/1/29
f 445/1/30 447/1/30 442/1/30 438/1/30
f 613/1/1 614/1/2 615/1/3
f 616/1/4 617/1/5 618/1/6
f 619/1/7 620/1/8 621/1/9
f 622/1/10 623/1/11 624/1/12
f 625/1/13 626/1/14 627/1/15
f 628/1/16 629/1/17 630/1/18
f 631/1/19 632/1/20 633/1/21
f 634/1/22 635/1/23 636/1/24
f 619/1/7 613/1/1 615/1/3 620/1/8
f 614/1/2 616/1/4 618/1/6 615/1/3
f 617/1/5 622/1/10 624/1/12 618/1/6
f 623/1/11 621/1/9 620/1/8 624/1/12
f 631/1/19 619/1/7 621/1/9 632/1/20
f 622/1/10 634/1/22 636/1/24 623/1/11
f 635/1/23 633/1/21 632/1/20 636/1/24
f 625/1/13 631/1/19 633/1/21 626/1/14
f 634/1/22 628/1/16 630/1/18 635/1/23
f 629/1/17 627/1/15 626/1/14 630/1/18
f 613/1/1 625/1/13 627/1/15 614/1/2
f 628/1/16 617/1/5 616/1/4 629/1/17
f 619/1/25 631/1/25 625/1/25 613/1/25
f 615/1/26 618/1/26 624/1/26 620/1/26
f 627/1/27 629/1/27 616/1/27 614/1/27
f 634/1/28 622/1/28 617/1/28 628/1/28
f 621/1/29 623/1/29 636/1/29 632/1/29
f 633/1/30 635/1/30 630/1/30 626/1/30
f 801/1/1 802/1/2 803/1/3
f 804/1/4 805/1/5 806/1/6
f 807/1/7 808/1/8 809/1/9
f 810/1/10 811/1/11 812/1/12
f 813/1/13 814/1/14 815/1/15
f 816/1/16 817/1/17 818/1/18
f 819/1/19 820/1/20 821/1/21
f 822/1/22 823/1/23 824/1/24
f 807/1/7 801/1/1 803/1/3 808/1/8
f 802/1/2 804/1/4 806/1/6 803/1/3
f 805/1/5 810/1/10 812/1/12 806/1/6
f 811/1/11 809/1/9 808/1/8 812/1/12
f 819/1/19 807/1/7 809/1/9 820/1/20
f 810/1/10 822/1/22 824/1/24 811/1/11
f 823/1/23 821/1/21 820/1/20 824/1/24
f 813/1/13 819/1/19 821/1/21 814/1/14
f 822/1/22 816/1/16 818/1/18 823/1/23
f 817/1/17 815/1/15 814/1/14 818/1/18
f 801/1/1 813/1/13 815/1/15 802/1/2
f 816/1/16 805/1/5 804/1/4 817/1/17
f 807/1/25 819/1/25 813/1/25 801/1/25
f 803/1/26 806/1/26 812/1/26 808/1/26
f 815/1/27 817/1/27 804/1/27 802/1/27
f 822/1/28 810/1/28 805/1/28 816/1/28
f 809/1/29 811/1/29 824/1/29 820/1/29
f 821/1/30 823/1/30 818/1/30 814/1/30
f 825/1/1 826/1/2 827/1/3
f 828/1/4 829/1/5 830/1/6
f 831/1/7 832/1/8 833/1/9
f 834/1/10 835/1/11 836/1/12
f 837/1/13 838/1/14 839/1/15
f 840/1/16 841/1/17 842/1/18
f 843/1/19 844/1/20 845/1/21
f 846/1/22 847/1/23 848/1/24
f 831/1/7 825/1/1 827/1/3 832/1/8
f 826/1/2 828/1/4 830/1/6 827/1/3
f 829/1/5 834/1/10 836/1/12 830/1/6
f 835/1/11 833/1/9 832/1/8 836/1/12
f 843/1/19 831/1/7 833/1/9 844/1/20
f 834/1/10 846/1/22 848/1/24 835/1/11
f 847/1/23 845/1/21 844/1/20 848/1/24
f 837/1/13 843/1/19 845/1/21 838/1/14
f 846/1/22 840/1/16 842/1/18 847/1/23
f 841/1/17 839/1/15 838/1/14 842/1/18
f 825/1/1 837/1/13 839/1/15 826/1/2
f 840/1/16 829/1/5 828/1/4 841/1/17
f 831/1/25 843/1/25 837/1/25 825/1/25
f 827/1/26 830/1/26 836/1/26 832/1/26
f 839/1/27 841/1/27 828/1/27 826/1/27
f 846/1/28 834/1/28 829/1/28 840/1/28
f 833/1/29 835/1/29 848/1/29 844/1/29
f 845/1/30 847/1/30 842/1/30 838/1/30
usemtl chrome
f 49/1/29 50/1/29 52/1/31 51/1/31
f 51/1/31 52/1/31 54/1/32 53/1/32
f 53/1/32 54/1/32 56/1/33 55/1/33
f 55/1/33 56/1/33 58/1/34 57/1/34
f 57/1/34 58/1/34 60/1/27 59/1/27
f 59/1/27 60/1/27 62/1/35 61/1/35
f 61/1/35 62/1/35 64/1/36 63/1/36
f 63/1/36 64/1/36 66/1/37 65/1/37
f 52/1/28 50/1/28 68/1/28 66/1/28 64/1/28 62/1/28 60/1/28 58/1/28 56/1/28 54/1/28
f 65/1/37 66/1/37 68/1/38 67/1/38
f 67/1/38 68/1/38 50/1/29 49/1/29
f 49/1/25 51/1/25 53/1/25 55/1/25 57/1/25 59/1/25 61/1/25 63/1/25 65/1/25 67/1/25
f 165/1/29 166/1/29 168/1/87 167/1/87
f 167/1/87 168/1/87 170/1/88 169/1/88
f 169/1/88 170/1/88 172/1/25 171/1/25
f 171/1/25 172/1/25 174/1/89 173/1/89
f 173/1/89 174/1/89 176/1/90 175/1/90
f 175/1/90 176/1/90 178/1/27 177/1/27
f 177/1/27 178/1/27 180/1/91 179/1/91
f 179/1/91 180/1/91 182/1/92 181/1/92
f 181/1/92 182/1/92 184/1/28 183/1/28
f 183/1/28 184/1/28 186/1/93 185/1/93
f 168/1/30 166/1/30 188/1/30 186/1/30 184/1/30 182/1/30 180/1/30 178/1/30 176/1/30 174/1/30 172/1/30 170/1/30
f 185/1/93 186/1/93 188/1/94 187/1/94
f 187/1/94 188/1/94 166/1/29 165/1/29
f 165/1/26 167/1/26 169/1/26 171/1/26 173/1/26 175/1/26 177/1/26 179/1/26 181/1/26 183/1/26 185/1/26 187/1/26
f 237/1/29 238/1/29 240/1/31 239/1/31
f 239/1/31 240/1/31 242/1/32 241/1/32
f 241/1/32 242/1/32 244/1/33 243/1/33
f 243/1/33 244/1/33 246/1/34 245/1/34
f 245/1/34 246/1/34 248/1/27 247/1/27
f 247/1/27 248/1/27 250/1/35 249/1/35
f 249/1/35 250/1/35 252/1/36 251/1/36
f 251/1/36 252/1/36 254/1/37 253/1/37
f 240/1/28 238/1/28 256/1/28 254/1/28 252/1/28 250/1/28 248/1/28 246/1/28 244/1/28 242/1/28
f 253/1/37 254/1/37 256/1/38 255/1/38
f 255/1/38 256/1/38 238/1/29 237/1/29
f 237/1/25 239/1/25 241/1/25 243/1/25 245/1/25 247/1/25 249/1/25 251/1/25 253/1/25 255/1/25
f 353/1/29 354/1/29 356/1/87 355/1/87
f 355/1/87 356/1/87 358/1/88 357/1/88
f 357/1/88 358/1/88 360/1/25 359/1/25
f 359/1/25 360/1/25 362/1/89 361/1/89
f 361/1/89 362/1/89 364/1/90 363/1/90
f 363/1/90 364/1/90 366/1/27 365/1/27
f 365/1/27 366/1/27 368/1/91 367/1/91
f 367/1/91 368/1/91 370/1/92 369/1/92
f 369/1/92 370/1/92 372/1/28 371/1/28
f 371/1/28 372/1/28 374/1/93 373/1/93
f 356/1/30 354/1/30 376/1/30 374/1/30 372/1/30 370/1/30 368/1/30 366/1/30 364/1/30 362/1/30 360/1/30 358/1/30
f 373/1/93 374/1/93 376/1/94 375/1/94
f 375/1/94 376/1/94 354/1/29 353/1/29
f 353/1/26 355/1/26 357/1/26 359/1/26 361/1/26 363/1/26 365/1/26 367/1/26 369/1/26 371/1/26 373/1/26 375/1/26
f 449/1/29 450/1/29 452/1/31 451/1/31
f 451/1/31 452/1/31 454/1/32 453/1/32
f 453/1/32 454/1/32 456/1/33 455/1/33
f 455/1/33 456/1/33 458/1/34 457/1/34
f 457/1/34 458/1/34 460/1/27 459/1/27
f 459/1/27 460/1/27 462/1/35 461/1/35
f 461/1/35 462/1/35 464/1/36 463/1/36
f 463/1/36 464/1/36 466/1/37 465/1/37
f 452/1/28 450/1/28 468/1/28 466/1/28 464/1/28 462/1/28 460/1/28 458/1/28 456/1/28 454/1/28
f 465/1/37 466/1/37 468/1/38 467/1/38
f 467/1/38 468/1/38 450/1/29 449/1/29
f 449/1/25 451/1/25 453/1/25 455/1/25 457/1/25 459/1/25 461/1/25 463/1/25 465/1/25 467/1/25
f 565/1/29 566/1/29 568/1/87 567/1/87
f 567/1/87 568/1/87 570/1/88 569/1/88
f 569/1/88 570/1/88 572/1/25 571/1/25
f 571/1/25 572/1/25 574/1/89 573/1/89
f 573/1/89 574/1/89 576/1/90 575/1/90
f 575/1/90 576/1/90 578/1/27 577/1/27
f 577/1/27 578/1/27 580/1/91 579/1/91
f 579/1/91 580/1/91 582/1/92 581/1/92
f 581/1/92 582/1/92 584/1/28 583/1/28
f 583/1/28 584/1/28 586/1/93 585/1/93
f 568/1/30 566/1/30 588/1/30 586/1/30 584/1/30 582/1/30 580/1/30 578/1/30 576/1/30 574/1/30 572/1/30 570/1/30
f 585/1/93 586/1/93 588/1/94 587/1/94
f 587/1/94 588/1/94 566/1/29 565/1/29
f 565/1/26 567/1/26 569/1/26 571/1/26 573/1/26 575/1/26 577/1/26 579/1/26 581/1/26 583/1/26 585/1/26 587/1/26
f 637/1/29 638/1/29 640/1/31 639/1/31
f 639/1/31 640/1/31 642/1/32 641/1/32
f 641/1/32 642/1/32 644/1/33 643/1/33
f 643/1/33 644/1/33 646/1/34 645/1/34
f 645/1/34 646/1/34 648/1/27 647/1/27
f 647/1/27 648/1/27 650/1/35 649/1/35
f 649/1/35 650/1/35 652/1/36 651/1/36
f 651/1/36 652/1/36 654/1/37 653/1/37
f 640/1/28 638/1/28 656/1/28 654/1/28 652/1/28 650/1/28 648/1/28 646/1/28 644/1/28 642/1/28
f 653/1/37 654/1/37 656/1/38 655/1/38
f 655/1/38 656/1/38 638/1/29 637/1/29
f 637/1/25 639/1/25 641/1/25 643/1/25 645/1/25 647/1/25 649/1/25 651/1/25 653/1/25 655/1/25
f 753/1/29 754/1/29 756/1/87 755/1/87
f 755/1/87 756/1/87 758/1/88 757/1/88
f 757/1/88 758/1/88 760/1/25 759/1/25
f 759/1/25 760/1/25 762/1/89 761/1/89
f 761/1/89 762/1/89 764/1/90 763/1/90
f 763/1/90 764/1/90 766/1/27 765/1/27
f 765/1/27 766/1/27 768/1/91 767/1/91
f 767/1/91 768/1/91 770/1/92 769/1/92
f 769/1/92 770/1/92 772/1/28 771/1/28
f 771/1/28 772/1/28 774/1/93 773/1/93
f 756/1/30 754/1/30 776/1/30 774/1/30 772/1/30 770/1/30 768/1/30 766/1/30 764/1/30 762/1/30 760/1/30 758/1/30
f 773/1/93 774/1/93 776/1/94 775/1/94
f 775/1/94 776/1/94 754/1/29 753/1/29
f 753/1/26 755/1/26 757/1/26 759/1/26 761/1/26 763/1/26 765/1/26 767/1/26 769/1/26 771/1/26 773/1/26 775/1/26
f 961/1/26 962/1/26 964/1/26 963/1/26
f 963/1/94 964/1/94 968/1/94 967/1/94
f 967/1/30 968/1/30 966/1/30 965/1/30
f 965/1/90 966/1/90 962/1/90 961/1/90
f 963/1/88 967/1/88 965/1/88 961/1/88
f 968/1/92 964/1/92 962/1/92 966/1/92
f 969/1/26 970/1/26 972/1/26 971/1/26
f 971/1/94 972/1/94 976/1/94 975/1/94
f 975/1/30 976/1/30 974/1/30 973/1/30
f 973/1/90 974/1/90 970/1/90 969/1/90
f 971/1/88 975/1/88 973/1/88 969/1/88
f 976/1/92 972/1/92 970/1/92 974/1/92
f 977/1/26 978/1/26 980/1/26 979/1/26
f 979/1/94 980/1/94 984/1/94 983/1/94
f 983/1/30 984/1/30 982/1/30 981/1/30
f 981/1/90 982/1/90 978/1/90 977/1/90
f 979/1/88 983/1/88 981/1/88 977/1/88
f 984/1/92 980/1/92 978/1/92 982/1/92
f 985/1/26 986/1/26 988/1/26 987/1/26
f 987/1/94 988/1/94 992/1/94 991/1/94
f 991/1/30 992/1/30 990/1/30 989/1/30
f 989/1/90 990/1/90 986/1/90 985/1/90
f 987/1/88 991/1/88 989/1/88 985/1/88
f 992/1/92 988/1/92 986/1/92 990/1/92
f 993/1/26 994/1/26 996/1/26 995/1/26
f 995/1/94 996/1/94 1000/1/94 999/1/94
f 999/1/30 1000/1/30 998/1/30 997/1/30
f 997/1/90 998/1/90 994/1/90 993/1/90
f 995/1/88 999/1/88 997/1/88 993/1/88
f 1000/1/92 996/1/92 994/1/92 998/1/92
f 1001/1/26 1002/1/26 1004/1/26 1003/1/26
f 1003/1/94 1004/1/94 1008/1/94 1007/1/94
f 1007/1/30 1008/1/30 1006/1/30 1005/1/30
f 1005/1/90 1006/1/90 1002/1/90 1001/1/90
f 1003/1/88 1007/1/88 1005/1/88 1001/1/88
f 1008/1/92 1004/1/92 1002/1/92 1006/1/92
f 1012/2/287 1010/3/287 1011/4/287
f 1013/5/287 1010/3/287 1012/2/287
f 1013/5/287 1009/1/287 1010/3/287
f 1014/6/287 1009/1/287 1013/5/287
f 1017/4/288 1019/5/288 1018/2/288
f 1017/4/288 1020/6/288 1019/5/288
f 1016/3/288 1020/6/288 1017/4/288
f 1016/3/288 1015/1/288 1020/6/288
f 1015/7/289 1021/8/290 1026/9/291 1020/10/289
f 1016/11/292 1022/12/292 1021/13/292 1015/1/292
f 1017/14/293 1023/15/293 1022/12/293 1016/11/293
f 1018/16/294 1024/17/295 1023/15/296 1017/14/294
f 1019/18/297 1025/19/297 1024/17/297 1018/16/297
f 1020/10/298 1026/9/298 1025/19/298 1019/18/298
f 1021/8/290 1027/20/299 1032/21/299 1026/9/291
f 1022/12/300 1028/22/301 1027/23/302 1021/13/300
f 1023/15/303 1029/24/303 1028/22/303 1022/12/303
f 1024/17/295 1030/25/304 1029/24/304 1023/15/296
f 1025/19/305 1031/26/306 1030/25/307 1024/17/305
f 1026/9/308 1032/21/308 1031/26/308 1025/19/308
f 1027/20/309 1009/27/309 1014/28/309 1032/21/309
f 1028/22/301 1010/29/310 1009/6/310 1027/23/302
f 1029/24/311 1011/30/311 1010/29/311 1028/22/311
f 1030/25/312 1012/31/312 1011/30/312 1029/24/312
f 1031/26/306 1013/32/313 1012/31/313 1030/25/307
f 1032/21/314 1014/28/314 1013/32/314 1031/26/314
f 1036/2/315 1034/3/315 1035/4/315
f 1037/5/315 1034/3/315 1036/2/315
f 1037/5/315 1033/1/315 1034/3/315
f 1038/6/315 1033/1/315 1037/5/315
f 1041/4/288 1043/5/288 1042/2/288
f 1041/4/288 1044/6/288 1043/5/288
f 1040/3/288 1044/6/288 1041/4/288
f 1040/3/288 1039/1/288 1044/6/288
f 1039/7/316 1045/8/317 1050/9/318 1044/10/316
f 1040/11/319 1046/12/319 1045/13/319 1039/1/319
f 1041/14/320 1047/15/321 1046/12/322 1040/11/320
f 1042/16/323 1048/17/324 1047/15/325 1041/14/323
f 1043/18/326 1049/19/326 1048/17/326 1042/16/326
f 1044/10/327 1050/9/328 1049/19/329 1043/18/327
f 1045/8/317 1051/20/330 1056/21/330 1050/9/318
f 1046/12/331 1052/22/332 1051/23/333 1045/13/331
f 1047/15/321 1053/24/334 1052/22/334 1046/12/322
f 1048/17/324 1054/25/335 1053/24/335 1047/15/325
f 1049/19/336 1055/26/337 1054/25/338 1048/17/336
f 1050/9/328 1056/21/339 1055/26/339 1049/19/329
f 1051/20/340 1033/27/340 1038/28/340 1056/21/340
f 1052/22/332 1034/29/341 1033/6/341 1051/23/333
f 1053/24/342 1035/30/342 1034/29/342 1052/22/342
f 1054/25/343 1036/31/343 1035/30/343 1053/24/343
f 1055/26/337 1037/32/344 1036/31/344 1054/25/338
f 1056/21/345 1038/28/345 1037/32/345 1055/26/345
f 1060/2/346 1058/3/346 1059/4/346
f 1061/5/346 1058/3/346 1060/2/346
f 1061/5/346 1057/1/346 1058/3/346
f 1062/6/346 1057/1/346 1061/5/346
f 1066/2/288 1068/6/288 1067/5/288
f 1065/4/288 1068/6/288 1066/2/288
f 1065/4/288 1063/1/288 1068/6/288
f 1064/3/288 1063/1/288 1065/4/288
f 1063/7/347 1069/8/347 1074/9/347 1068/10/347
f 1064/11/348 1070/12/348 1069/13/348 1063/1/348
f 1065/14/349 1071/15/350 1070/12/351 1064/11/349
f 1066/16/352 1072/17/352 1071/15/352 1065/14/352
f 1067/18/353 1073/19/353 1072/17/353 1066/16/353
f 1068/10/354 1074/9/355 1073/19/356 1067/18/354
f 1069/8/357 1075/20/357 1080/21/357 1074/9/357
f 1070/12/358 1076/22/359 1075/23/360 1069/13/358
f 1071/15/350 1077/24/361 1076/22/361 1070/12/351
f 1072/17/362 1078/25/362 1077/24/362 1071/15/362
f 1073/19/363 1079/26/364 1078/25/365 1072/17/363
f 1074/9/355 1080/21/366 1079/26/366 1073/19/356
f 1075/20/367 1057/27/367 1062/28/367 1080/21/367
f 1076/22/359 1058/29/368 1057/6/368 1075/23/360
f 1077/24/369 1059/30/369 1058/29/369 1076/22/369
f 1078/25/370 1060/31/370 1059/30/370 1077/24/370
f 1079/26/364 1061/32/371 1060/31/371 1078/25/365
f 1080/21/372 1062/28/372 1061/32/372 1079/26/372
f 1084/2/373 1082/3/373 1083/4/373
f 1084/2/373 1081/1/373 1082/3/373
f 1085/5/373 1081/1/373 1084/2/373
f 1085/5/373 1086/6/373 1081/1/373
f 1090/2/288 1092/6/288 1091/5/288
f 1089/4/288 1092/6/288 1090/2/288
f 1089/4/288 1087/1/288 1092/6/288
f 1088/3/288 1087/1/288 1089/4/288
f 1087/7/374 1093/8/374 1098/9/374 1092/10/374
f 1088/11/375 1094/12/375 1093/13/375 1087/1/375
f 1089/14/376 1095/15/377 1094/12/378 1088/11/376
f 1090/16/379 1096/17/379 1095/15/379 1089/14/379
f 1091/18/380 1097/19/380 1096/17/380 1090/16/380
f 1092/10/381 1098/9/382 1097/19/383 1091/18/381
f 1093/8/384 1099/20/384 1104/21/384 1098/9/384
f 1094/12/385 1100/22/386 1099/23/387 1093/13/385
f 1095/15/377 1101/24/388 1100/22/388 1094/12/378
f 1096/17/389 1102/25/389 1101/24/389 1095/15/389
f 1097/19/390 1103/26/391 1102/25/392 1096/17/390
f 1098/9/382 1104/21/393 1103/26/393 1097/19/383
f 1099/20/394 1081/27/394 1086/28/394 1104/21/394
f 1100/22/386 1082/29/395 1081/6/395 1099/23/387
f 1101/24/396 1083/30/396 1082/29/396 1100/22/396
f 1102/25/397 1084/31/397 1083/30/397 1101/24/397
f 1103/26/391 1085/32/398 1084/31/398 1102/25/392
f 1104/21/399 1086/28/399 1085/32/399 1103/26/399
f 1161/1/26 1162/1/26 1164/1/26 1163/1/26
f 1163/1/87 1164/1/87 1168/1/87 1167/1/87
f 1167/1/30 1168/1/30 1166/1/30 1165/1/30
f 1165/1/91 1166/1/91 1162/1/91 1161/1/91
f 1163/1/89 1167/1/89 1165/1/89 1161/1/89
f 1168/1/93 1164/1/93 1162/1/93 1166/1/93
f 1169/1/26 1170/1/26 1172/1/26 1171/1/26
f 1171/1/87 1172/1/87 1176/1/87 1175/1/87
f 1175/1/30 1176/1/30 1174/1/30 1173/1/30
f 1173/1/91 1174/1/91 1170/1/91 1169/1/91
f 1171/1/89 1175/1/89 1173/1/89 1169/1/89
f 1176/1/93 1172/1/93 1170/1/93 1174/1/93
f 1177/1/26 1178/1/26 1180/1/26 1179/1/26
f 1179/1/87 1180/1/87 1184/1/87 1183/1/87
f 1183/1/30 1184/1/30 1182/1/30 1181/1/30
f 1181/1/91 1182/1/91 1178/1/91 1177/1/91
f 1179/1/89 1183/1/89 1181/1/89 1177/1/89
f 1184/1/93 1180/1/93 1178/1/93 1182/1/93
f 1185/1/26 1186/1/26 1188/1/26 1187/1/26
f 1187/1/87 1188/1/87 1192/1/87 1191/1/87
f 1191/1/30 1192/1/30 1190/1/30 1189/1/30
f 1189/1/91 1190/1/91 1186/1/91 1185/1/91
f 1187/1/89 1191/1/89 1189/1/89 1185/1/89
f 1192/1/93 1188/1/93 1186/1/93 1190/1/93
f 1193/1/26 1194/1/26 1196/1/26 1195/1/26
f 1195/1/87 1196/1/87 1200/1/87 1199/1/87
f 1199/1/30 1200/1/30 1198/1/30 1197/1/30
f 1197/1/91 1198/1/91 1194/1/91 1193/1/91
f 1195/1/89 1199/1/89 1197/1/89 1193/1/89
f 1200/1/93 1196/1/93 1194/1/93 1198/1/93
f 1201/1/26 1202/1/26 1204/1/26 1203/1/26
f 1203/1/87 1204/1/87 1208/1/87 1207/1/87
f 1207/1/30 1208/1/30 1206/1/30 1205/1/30
f 1205/1/91 1206/1/91 1202/1/91 1201/1/91
f 1203/1/89 1207/1/89 1205/1/89 1201/1/89
f 1208/1/93 1204/1/93 1202/1/93 1206/1/93
f 1209/1/496 1213/5/496 1214/6/496
f 1209/1/496 1212/2/496 1213/5/496
f 1210/3/496 1212/2/496 1209/1/496
f 1210/3/496 1211/4/496 1212/2/496
f 1218/2/497 1220/6/497 1219/5/497
f 1217/4/497 1220/6/497 1218/2/497
f 1217/4/497 1215/1/497 1220/6/497
f 1216/3/497 1215/1/497 1217/4/497
f 1215/7/498 1221/8/498 1226/9/498 1220/10/498
f 1216/11/499 1222/12/499 1221/13/499 1215/1/499
f 1217/14/500 1223/15/501 1222/12/502 1216/11/500
f 1218/16/503 1224/17/503 1223/15/503 1217/14/503
f 1219/18/504 1225/19/504 1224/17/504 1218/16/504
f 1220/10/505 1226/9/506 1225/19/507 1219/18/505
f 1221/8/508 1227/20/508 1232/21/508 1226/9/508
f 1222/12/509 1228/22/510 1227/23/511 1221/13/509
f 1223/15/501 1229/24/512 1228/22/512 1222/12/502
f 1224/17/513 1230/25/513 1229/24/513 1223/15/513
f 1225/19/514 1231/26/515 1230/25/516 1224/17/514
f 1226/9/506 1232/21/517 1231/26/517 1225/19/507
f 1227/20/518 1209/27/518 1214/28/518 1232/21/518
f 1228/22/510 1210/29/519 1209/6/519 1227/23/511
f 1229/24/520 1211/30/520 1210/29/520 1228/22/520
f 1230/25/521 1212/31/521 1211/30/521 1229/24/521
f 1231/26/515 1213/32/522 1212/31/522 1230/25/516
f 1232/21/523 1214/28/523 1213/32/523 1231/26/523
f 1233/1/524 1237/5/524 1238/6/524
f 1233/1/524 1236/2/524 1237/5/524
f 1234/3/524 1236/2/524 1233/1/524
f 1234/3/524 1235/4/524 1236/2/524
f 1241/4/497 1243/5/497 1242/2/497
f 1241/4/497 1244/6/497 1243/5/497
f 1240/3/497 1244/6/497 1241/4/497
f 1240/3/497 1239/1/497 1244/6/497
f 1239/7/525 1245/8/526 1250/9/527 1244/10/525
f 1240/11/528 1246/12/528 1245/13/528 1239/1/528
f 1241/14/529 1247/15/530 1246/12/531 1240/11/529
f 1242/16/532 1248/17/533 1247/15/534 1241/14/532
f 1243/18/535 1249/19/535 1248/17/535 1242/16/535
f 1244/10/536 1250/9/537 1249/19/538 1243/18/536
f 1245/8/526 1251/20/539 1256/21/539 1250/9/527
f 1246/12/540 1252/22/541 1251/23/542 1245/13/540
f 1247/15/530 1253/24/543 1252/22/543 1246/12/531
f 1248/17/533 1254/25/544 1253/24/544 1247/15/534
f 1249/19/545 1255/26/546 1254/25/547 1248/17/545
f 1250/9/537 1256/21/548 1255/26/548 1249/19/538
f 1251/20/549 1233/27/549 1238/28/549 1256/21/549
f 1252/22/541 1234/29/550 1233/6/550 1251/23/542
f 1253/24/551 1235/30/551 1234/29/551 1252/22/551
f 1254/25/552 1236/31/552 1235/30/552 1253/24/552
f 1255/26/546 1237/32/553 1236/31/553 1254/25/547
f 1256/21/554 1238/28/554 1237/32/554 1255/26/554
f 1257/1/555 1261/5/555 1262/6/555
f 1257/1/555 1260/2/555 1261/5/555
f 1258/3/555 1260/2/555 1257/1/555
f 1258/3/555 1259/4/555 1260/2/555
f 1265/4/497 1267/5/497 1266/2/497
f 1265/4/497 1268/6/497 1267/5/497
f 1264/3/497 1268/6/497 1265/4/497
f 1264/3/497 1263/1/497 1268/6/497
f 1263/7/556 1269/8/557 1274/9/558 1268/10/556
f 1264/11/559 1270/12/559 1269/13/559 1263/1/559
f 1265/14/560 1271/15/560 1270/12/560 1264/11/560
f 1266/16/561 1272/17/562 1271/15/563 1265/14/561
f 1267/18/564 1273/19/564 1272/17/564 1266/16/564
f 1268/10/565 1274/9/565 1273/19/565 1267/18/565
f 1269/8/557 1275/20/566 1280/21/566 1274/9/558
f 1270/12/567 1276/22/568 1275/23/569 1269/13/567
f 1271/15/570 1277/24/570 1276/22/570 1270/12/570
f 1272/17/562 1278/25/571 1277/24/571 1271/15/563
f 1273/19/572 1279/26/573 1278/25/574 1272/17/572
f 1274/9/575 1280/21/575 1279/26/575 1273/19/575
f 1275/20/576 1257/27/576 1262/28/576 1280/21/576
f 1276/22/568 1258/29/577 1257/6/577 1275/23/569
f 1277/24/578 1259/30/578 1258/29/578 1276/22/578
f 1278/25/579 1260/31/579 1259/30/579 1277/24/579
f 1279/26/573 1261/32/580 1260/31/580 1278/25/574
f 1280/21/581 1262/28/581 1261/32/581 1279/26/581
f 1281/1/582 1285/5/582 1286/6/582
f 1282/3/582 1285/5/582 1281/1/582
f 1282/3/582 1284/2/582 1285/5/582
f 1283/4/582 1284/2/582 1282/3/582
f 1289/4/497 1291/5/497 1290/2/497
f 1289/4/497 1292/6/497 1291/5/497
f 1288/3/497 1292/6/497 1289/4/497
f 1288/3/497 1287/1/497 1292/6/497
f 1287/7/583 1293/8/584 1298/9/585 1292/10/583
f 1288/11/586 1294/12/586 1293/13/586 1287/1/586
f 1289/14/587 1295/15/587 1294/12/587 1288/11/587
f 1290/16/588 1296/17/589 1295/15/590 1289/14/588
f 1291/18/591 1297/19/591 1296/17/591 1290/16/591
f 1292/10/592 1298/9/592 1297/19/592 1291/18/592
f 1293/8/584 1299/20/593 1304/21/593 1298/9/585
f 1294/12/594 1300/22/595 1299/23/596 1293/13/594
f 1295/15/597 1301/24/597 1300/22/597 1294/12/597
f 1296/17/589 1302/25/598 1301/24/598 1295/15/590
f 1297/19/599 1303/26/600 1302/25/601 1296/17/599
f 1298/9/602 1304/21/602 1303/26/602 1297/19/602
f 1299/20/603 1281/27/603 1286/28/603 1304/21/603
f 1300/22/595 1282/29/604 1281/6/604 1299/23/596
f 1301/24/605 1283/30/605 1282/29/605 1300/22/605
f 1302/25/606 1284/31/606 1283/30/606 1301/24/606
f 1303/26/600 1285/32/607 1284/31/607 1302/25/601
f 1304/21/608 1286/28/608 1285/32/608 1303/26/608
f 1305/1/95 1308/1/96 1309/1/97 1311/1/98
f 1306/1/99 1310/1/100 1309/1/101 1308/1/102
f 1307/1/103 1311/1/104 1309/1/105 1310/1/106
f 1312/1/107 1315/1/108 1316/1/109 1318/1/110
f 1313/1/111 1317/1/112 1316/1/113 1315/1/114
f 1314/1/115 1318/1/116 1316/1/117 1317/1/118
f 1319/1/119 1322/1/120 1323/1/121 1325/1/122
f 1320/1/123 1324/1/124 1323/1/125 1322/1/126
f 1321/1/127 1325/1/128 1323/1/129 1324/1/130
f 1326/1/131 1329/1/132 1330/1/133 1332/1/134
f 1327/1/135 1331/1/136 1330/1/137 1329/1/138
f 1328/1/139 1332/1/140 1330/1/141 1331/1/142
f 1333/1/143 1336/1/144 1337/1/145 1339/1/146
f 1334/1/147 1338/1/148 1337/1/149 1336/1/150
f 1335/1/151 1339/1/152 1337/1/153 1338/1/154
f 1340/1/155 1343/1/156 1344/1/157 1346/1/158
f 1341/1/159 1345/1/160 1344/1/161 1343/1/162
f 1342/1/163 1346/1/164 1344/1/165 1345/1/166
f 1347/1/167 1350/1/168 1351/1/169 1353/1/170
f 1348/1/171 1352/1/172 1351/1/173 1350/1/174
f 1349/1/175 1353/1/176 1351/1/177 1352/1/178
f 1354/1/179 1357/1/180 1358/1/181 1360/1/182
f 1355/1/183 1359/1/184 1358/1/185 1357/1/186
f 1356/1/187 1360/1/188 1358/1/189 1359/1/190
f 1319/1/119 1305/1/95 1311/1/98 1322/1/120
f 1322/1/126 1311/1/104 1307/1/103 1320/1/123
f 1306/1/99 1312/1/107 1318/1/110 1310/1/100
f 1310/1/106 1318/1/116 1314/1/115 1307/1/103
f 1313/1/111 1326/1/131 1332/1/134 1317/1/112
f 1317/1/118 1332/1/140 1328/1/139 1314/1/115
f 1327/1/135 1321/1/127 1324/1/130 1331/1/136
f 1331/1/142 1324/1/124 1320/1/123 1328/1/139
f 1347/1/167 1319/1/119 1325/1/122 1350/1/168
f 1350/1/174 1325/1/128 1321/1/127 1348/1/171
f 1326/1/131 1354/1/179 1360/1/182 1329/1/132
f 1329/1/138 1360/1/188 1356/1/187 1327/1/135
f 1355/1/183 1349/1/175 1352/1/178 1359/1/184
f 1359/1/190 1352/1/172 1348/1/171 1356/1/187
f 1333/1/143 1347/1/167 1353/1/170 1336/1/144
f 1336/1/150 1353/1/176 1349/1/175 1334/1/147
f 1354/1/179 1340/1/155 1346/1/158 1357/1/180
f 1357/1/186 1346/1/164 1342/1/163 1355/1/183
f 1341/1/159 1335/1/151 1338/1/154 1345/1/160
f 1345/1/166 1338/1/148 1334/1/147 1342/1/163
f 1305/1/95 1333/1/143 1339/1/146 1308/1/96
f 1308/1/102 1339/1/152 1335/1/151 1306/1/99
f 1340/1/155 1313/1/111 1315/1/114 1343/1/156
f 1343/1/162 1315/1/108 1312/1/107 1341/1/159
f 1319/1/119 1347/1/167 1333/1/143 1305/1/95
f 1307/1/103 1314/1/115 1328/1/139 1320/1/123
f 1335/1/151 1341/1/159 1312/1/107 1306/1/99
f 1354/1/179 1326/1/131 1313/1/111 1340/1/155
f 1321/1/127 1327/1/135 1356/1/187 1348/1/171
f 1349/1/175 1355/1/183 1342/1/163 1334/1/147
f 1425/1/29 1426/1/29 1428/1/609 1427/1/609
f 1427/1/609 1428/1/609 1430/1/610 1429/1/610
f 1429/1/610 1430/1/610 1432/1/611 1431/1/611
f 1431/1/611 1432/1/611 1434/1/612 1433/1/612
f 1433/1/612 1434/1/612 1436/1/25 1435/1/25
f 1435/1/25 1436/1/25 1438/1/613 1437/1/613
f 1437/1/613 1438/1/613 1440/1/614 1439/1/614
f 1439/1/614 1440/1/614 1442/1/615 1441/1/615
f 1441/1/615 1442/1/615 1444/1/616 1443/1/616
f 1443/1/616 1444/1/616 1446/1/27 1445/1/27
f 1445/1/27 1446/1/27 1448/1/617 1447/1/617
f 1447/1/617 1448/1/617 1450/1/618 1449/1/618
f 1449/1/618 1450/1/618 1452/1/619 1451/1/619
f 1451/1/619 1452/1/619 1454/1/620 1453/1/620
f 1453/1/620 1454/1/620 1456/1/28 1455/1/28
f 1455/1/28 1456/1/28 1458/1/621 1457/1/621
f 1457/1/621 1458/1/621 1460/1/622 1459/1/622
f 1459/1/622 1460/1/622 1462/1/623 1461/1/623
f 1428/1/30 1426/1/30 1464/1/30 1462/1/30 1460/1/30 1458/1/30 1456/1/30 1454/1/30 1452/1/30 1450/1/30 1448/1/30 1446/1/30 1444/1/30 1442/1/30 1440/1/30 1438/1/30 1436/1/30 1434/1/30 1432/1/30 1430/1/30
f 1461/1/623 1462/1/623 1464/1/624 1463/1/624
f 1463/1/624 1464/1/624 1426/1/29 1425/1/29
f 1425/1/26 1427/1/26 1429/1/26 1431/1/26 1433/1/26 1435/1/26 1437/1/26 1439/1/26 1441/1/26 1443/1/26 1445/1/26 1447/1/26 1449/1/26 1451/1/26 1453/1/26 1455/1/26 1457/1/26 1459/1/26 1461/1/26 1463/1/26
f 1465/1/29 1466/1/29 1468/1/609 1467/1/609
f 1467/1/609 1468/1/609 1470/1/610 1469/1/610
f 1469/1/610 1470/1/610 1472/1/611 1471/1/611
f 1471/1/611 1472/1/611 1474/1/612 1473/1/612
f 1473/1/612 1474/1/612 1476/1/25 1475/1/25
f 1475/1/25 1476/1/25 1478/1/613 1477/1/613
f 1477/1/613 1478/1/613 1480/1/614 1479/1/614
f 1479/1/614 1480/1/614 1482/1/615 1481/1/615
f 1481/1/615 1482/1/615 1484/1/616 1483/1/616
f 1483/1/616 1484/1/616 1486/1/27 1485/1/27
f 1485/1/27 1486/1/27 1488/1/617 1487/1/617
f 1487/1/617 1488/1/617 1490/1/618 1489/1/618
f 1489/1/618 1490/1/618 1492/1/619 1491/1/619
f 1491/1/619 1492/1/619 1494/1/620 1493/1/620
f 1493/1/620 1494/1/620 1496/1/28 1495/1/28
f 1495/1/28 1496/1/28 1498/1/621 1497/1/621
f 1497/1/621 1498/1/621 1500/1/622 1499/1/622
f 1499/1/622 1500/1/622 1502/1/623 1501/1/623
f 1468/1/30 1466/1/30 1504/1/30 1502/1/30 1500/1/30 1498/1/30 1496/1/30 1494/1/30 1492/1/30 1490/1/30 1488/1/30 1486/1/30 1484/1/30 1482/1/30 1480/1/30 1478/1/30 1476/1/30 1474/1/30 1472/1/30 1470/1/30
f 1501/1/623 1502/1/623 1504/1/624 1503/1/624
f 1503/1/624 1504/1/624 1466/1/29 1465/1/29
f 1465/1/26 1467/1/26 1469/1/26 1471/1/26 1473/1/26 1475/1/26 1477/1/26 1479/1/26 1481/1/26 1483/1/26 1485/1/26 1487/1/26 1489/1/26 1491/1/26 1493/1/26 1495/1/26 1497/1/26 1499/1/26 1501/1/26 1503/1/26
f 1545/57/663 1543/58/663 1544/59/663
f 1546/6/663 1543/58/663 1545/57/663
f 1546/6/663 1542/60/663 1543/58/663
f 1539/1/663 1542/60/663 1546/6/663
f 1539/1/663 1541/61/663 1542/60/663
f 1540/62/663 1541/61/663 1539/1/663
f 1547/1/664 1549/61/664 1548/62/664
f 1547/1/664 1550/60/664 1549/61/664
f 1554/6/664 1550/60/664 1547/1/664
f 1554/6/664 1551/58/664 1550/60/664
f 1553/57/664 1551/58/664 1554/6/664
f 1552/59/664 1551/58/664 1553/57/664
f 1547/7/665 1555/63/666 1562/64/667 1554/65/665
f 1548/66/668 1556/67/669 1555/68/670 1547/1/668
f 1549/69/671 1557/70/672 1556/67/673 1548/66/671
f 1550/71/674 1558/72/675 1557/70/676 1549/69/674
f 1551/16/677 1559/73/678 1558/72/679 1550/71/677
f 1552/74/680 1560/75/681 1559/73/682 1551/16/680
f 1553/76/683 1561/77/684 1560/75/685 1552/74/683
f 1554/65/686 1562/64/687 1561/77/688 1553/76/686
f 1555/63/666 1563/78/689 1570/79/689 1562/64/667
f 1556/67/669 1564/80/690 1563/81/690 1555/68/670
f 1557/70/672 1565/82/691 1564/80/691 1556/67/673
f 1558/72/675 1566/83/692 1565/82/692 1557/70/676
f 1559/73/678 1567/84/693 1566/83/693 1558/72/679
f 1560/75/681 1568/85/694 1567/84/694 1559/73/682
f 1561/77/684 1569/86/695 1568/85/695 1560/75/685
f 1562/64/687 1570/79/696 1569/86/696 1561/77/688
f 1563/78/689 1571/87/697 1578/88/697 1570/79/689
f 1564/80/690 1572/89/698 1571/90/698 1563/81/690
f 1565/82/691 1573/91/699 1572/89/699 1564/80/691
f 1566/83/692 1574/92/700 1573/91/700 1565/82/692
f 1567/84/693 1575/93/701 1574/92/701 1566/83/693
f 1568/85/694 1576/94/702 1575/93/702 1567/84/694
f 1569/86/695 1577/95/703 1576/94/703 1568/85/695
f 1570/79/696 1578/88/704 1577/95/704 1569/86/696
f 1571/87/697 1579/96/705 1586/97/705 1578/88/697
f 1572/89/698 1580/98/706 1579/99/706 1571/90/698
f 1573/91/699 1581/100/707 1580/98/707 1572/89/699
f 1574/92/700 1582/101/708 1581/100/708 1573/91/700
f 1575/93/701 1583/102/709 1582/101/709 1574/92/701
f 1576/94/702 1584/103/710 1583/102/710 1575/93/702
f 1577/95/703 1585/104/711 1584/103/711 1576/94/703
f 1578/88/704 1586/97/712 1585/104/712 1577/95/704
f 1579/96/705 1587/105/713 1594/106/713 1586/97/705
f 1580/98/706 1588/107/714 1587/108/714 1579/99/706
f 1581/100/707 1589/109/715 1588/107/715 1580/98/707
f 1582/101/708 1590/110/716 1589/109/716 1581/100/708
f 1583/102/709 1591/111/717 1590/110/717 1582/101/709
f 1584/103/710 1592/112/718 1591/111/718 1583/102/710
f 1585/104/711 1593/113/719 1592/112/719 1584/103/711
f 1586/97/712 1594/106/720 1593/113/720 1585/104/712
f 1587/105/713 1595/114/721 1602/115/721 1594/106/713
f 1588/107/714 1596/116/722 1595/117/722 1587/108/714
f 1589/109/715 1597/118/723 1596/116/723 1588/107/715
f 1590/110/716 1598/119/724 1597/118/724 1589/109/716
f 1591/111/717 1599/120/725 1598/119/725 1590/110/717
f 1592/112/718 1600/121/726 1599/120/726 1591/111/718
f 1593/113/719 1601/122/727 1600/121/727 1592/112/719
f 1594/106/720 1602/115/728 1601/122/728 1593/113/720
f 1595/114/721 1603/123/729 1610/124/729 1602/115/721
f 1596/116/722 1604/125/730 1603/126/730 1595/117/722
f 1597/118/723 1605/127/731 1604/125/731 1596/116/723
f 1598/119/724 1606/128/732 1605/127/732 1597/118/724
f 1599/120/725 1607/129/733 1606/128/733 1598/119/725
f 1600/121/726 1608/130/734 1607/129/734 1599/120/726
f 1601/122/727 1609/131/735 1608/130/735 1600/121/727
f 1602/115/728 1610/124/736 1609/131/736 1601/122/728
f 1603/123/729 1611/132/737 1618/133/737 1610/124/729
f 1604/125/730 1612/134/738 1611/135/738 1603/126/730
f 1605/127/731 1613/136/739 1612/134/739 1604/125/731
f 1606/128/732 1614/137/740 1613/136/740 1605/127/732
f 1607/129/733 1615/138/741 1614/137/741 1606/128/733
f 1608/130/734 1616/139/742 1615/138/742 1607/129/734
f 1609/131/735 1617/140/743 1616/139/743 1608/130/735
f 1610/124/736 1618/133/744 1617/140/744 1609/131/736
f 1611/132/737 1619/141/745 1626/142/745 1618/133/737
f 1612/134/738 1620/143/746 1619/144/746 1611/135/738
f 1613/136/739 1621/145/747 1620/143/747 1612/134/739
f 1614/137/740 1622/146/748 1621/145/748 1613/136/740
f 1615/138/741 1623/147/749 1622/146/749 1614/137/741
f 1616/139/742 1624/148/750 1623/147/750 1615/138/742
f 1617/140/743 1625/149/751 1624/148/751 1616/139/743
f 1618/133/744 1626/142/752 1625/149/752 1617/140/744
f 1619/141/745 1627/150/753 1634/151/753 1626/142/745
f 1620/143/746 1628/152/754 1627/153/754 1619/144/746
f 1621/145/747 1629/154/755 1628/152/755 1620/143/747
f 1622/146/748 1630/155/756 1629/154/756 1621/145/748
f 1623/147/749 1631/156/757 1630/155/757 1622/146/749
f 1624/148/750 1632/157/758 1631/156/758 1623/147/750
f 1625/149/751 1633/158/759 1632/157/759 1624/148/751
f 1626/142/752 1634/151/760 1633/158/760 1625/149/752
f 1627/150/753 1635/159/761 1642/160/761 1634/151/753
f 1628/152/754 1636/161/762 1635/162/762 1627/153/754
f 1629/154/755 1637/163/763 1636/161/763 1628/152/755
f 1630/155/756 1638/164/764 1637/163/764 1629/154/756
f 1631/156/757 1639/165/765 1638/164/765 1630/155/757
f 1632/157/758 1640/166/766 1639/165/766 1631/156/758
f 1633/158/759 1641/167/767 1640/166/767 1632/157/759
f 1634/151/760 1642/160/768 1641/167/768 1633/158/760
f 1635/159/761 1643/168/769 1650/169/769 1642/160/761
f 1636/161/762 1644/170/770 1643/171/770 1635/162/762
f 1637/163/763 1645/172/771 1644/170/771 1636/161/763
f 1638/164/764 1646/173/772 1645/172/772 1637/163/764
f 1639/165/765 1647/174/773 1646/173/773 1638/164/765
f 1640/166/766 1648/175/774 1647/174/774 1639/165/766
f 1641/167/767 1649/176/775 1648/175/775 1640/166/767
f 1642/160/768 1650/169/776 1649/176/776 1641/167/768
f 1643/168/769 1651/177/777 1658/178/777 1650/169/769
f 1644/170/770 1652/179/778 1651/180/778 1643/171/770
f 1645/172/771 1653/181/779 1652/179/779 1644/170/771
f 1646/173/772 1654/182/780 1653/181/780 1645/172/772
f 1647/174/773 1655/183/781 1654/182/781 1646/173/773
f 1648/175/774 1656/184/782 1655/183/782 1647/174/774
f 1649/176/775 1657/185/783 1656/184/783 1648/175/775
f 1650/169/776 1658/178/784 1657/185/784 1649/176/776
f 1651/177/777 1659/186/785 1666/187/785 1658/178/777
f 1652/179/778 1660/188/786 1659/189/786 1651/180/778
f 1653/181/779 1661/190/787 1660/188/787 1652/179/779
f 1654/182/780 1662/191/788 1661/190/788 1653/181/780
f 1655/183/781 1663/192/789 1662/191/789 1654/182/781
f 1656/184/782 1664/193/790 1663/192/790 1655/183/782
f 1657/185/783 1665/194/791 1664/193/791 1656/184/783
f 1658/178/784 1666/187/792 1665/194/792 1657/185/784
f 1659/186/785 1667/195/793 1674/196/793 1666/187/785
f 1660/188/786 1668/197/794 1667/198/794 1659/189/786
f 1661/190/787 1669/199/795 1668/197/795 1660/188/787
f 1662/191/788 1670/200/796 1669/199/796 1661/190/788
f 1663/192/789 1671/201/797 1670/200/797 1662/191/789
f 1664/193/790 1672/202/798 1671/201/798 1663/192/790
f 1665/194/791 1673/203/799 1672/202/799 1664/193/791
f 1666/187/792 1674/196/800 1673/203/800 1665/194/792
f 1667/195/793 1675/204/801 1682/205/801 1674/196/793
f 1668/197/794 1676/206/802 1675/207/802 1667/198/794
f 1669/199/795 1677/208/803 1676/206/803 1668/197/795
f 1670/200/796 1678/209/804 1677/208/804 1669/199/796
f 1671/201/797 1679/210/805 1678/209/805 1670/200/797
f 1672/202/798 1680/211/806 1679/210/806 1671/201/798
f 1673/203/799 1681/212/807 1680/211/807 1672/202/799
f 1674/196/800 1682/205/808 1681/212/808 1673/203/800
f 1675/204/801 1683/213/809 1690/214/809 1682/205/801
f 1676/206/802 1684/215/810 1683/216/810 1675/207/802
f 1677/208/803 1685/217/811 1684/215/811 1676/206/803
f 1678/209/804 1686/218/812 1685/217/812 1677/208/804
f 1679/210/805 1687/219/813 1686/218/813 1678/209/805
f 1680/211/806 1688/220/814 1687/219/814 1679/210/806
f 1681/212/807 1689/221/815 1688/220/815 1680/211/807
f 1682/205/808 1690/214/816 1689/221/816 1681/212/808
f 1683/213/809 1691/222/817 1698/223/817 1690/214/809
f 1684/215/810 1692/224/818 1691/225/818 1683/216/810
f 1685/217/811 1693/226/819 1692/224/819 1684/215/811
f 1686/218/812 1694/227/820 1693/226/820 1685/217/812
f 1687/219/813 1695/228/821 1694/227/821 1686/218/813
f 1688/220/814 1696/229/822 1695/228/822 1687/219/814
f 1689/221/815 1697/230/823 1696/229/823 1688/220/815
f 1690/214/816 1698/223/824 1697/230/824 1689/221/816
f 1691/222/817 1699/231/825 1706/232/825 1698/223/817
f 1692/224/818 1700/233/826 1699/234/826 1691/225/818
f 1693/226/819 1701/235/827 1700/233/827 1692/224/819
f 1694/227/820 1702/236/828 1701/235/828 1693/226/820
f 1695/228/821 1703/237/829 1702/236/829 1694/227/821
f 1696/229/822 1704/238/830 1703/237/830 1695/228/822
f 1697/230/823 1705/239/831 1704/238/831 1696/229/823
f 1698/223/824 1706/232/832 1705/239/832 1697/230/824
f 1699/231/825 1707/240/833 1714/241/833 1706/232/825
f 1700/233/826 1708/242/834 1707/243/834 1699/234/826
f 1701/235/827 1709/244/835 1708/242/835 1700/233/827
f 1702/236/828 1710/245/836 1709/244/836 1701/235/828
f 1703/237/829 1711/246/837 1710/245/837 1702/236/829
f 1704/238/830 1712/247/838 1711/246/838 1703/237/830
f 1705/239/831 1713/248/839 1712/247/839 1704/238/831
f 1706/232/832 1714/241/840 1713/248/840 1705/239/832
f 1707/240/833 1715/249/841 1722/250/841 1714/241/833
f 1708/242/834 1716/251/842 1715/252/842 1707/243/834
f 1709/244/835 1717/253/843 1716/251/843 1708/242/835
f 1710/245/836 1718/254/844 1717/253/844 1709/244/836
f 1711/246/837 1719/255/845 1718/254/845 1710/245/837
f 1712/247/838 1720/256/846 1719/255/846 1711/246/838
f 1713/248/839 1721/257/847 1720/256/847 1712/247/839
f 1714/241/840 1722/250/848 1721/257/848 1713/248/840
f 1715/249/841 1723/258/849 1730/259/849 1722/250/841
f 1716/251/842 1724/260/850 1723/261/850 1715/252/842
f 1717/253/843 1725/262/851 1724/260/851 1716/251/843
f 1718/254/844 1726/263/852 1725/262/852 1717/253/844
f 1719/255/845 1727/264/853 1726/263/853 1718/254/845
f 1720/256/846 1728/265/854 1727/264/854 1719/255/846
f 1721/257/847 1729/266/855 1728/265/855 1720/256/847
f 1722/250/848 1730/259/856 1729/266/856 1721/257/848
f 1723/258/849 1731/267/857 1738/268/857 1730/259/849
f 1724/260/850 1732/269/858 1731/270/858 1723/261/850
f 1725/262/851 1733/271/859 1732/269/859 1724/260/851
f 1726/263/852 1734/272/860 1733/271/860 1725/262/852
f 1727/264/853 1735/273/861 1734/272/861 1726/263/853
f 1728/265/854 1736/274/862 1735/273/862 1727/264/854
f 1729/266/855 1737/275/863 1736/274/863 1728/265/855
f 1730/259/856 1738/268/864 1737/275/864 1729/266/856
f 1731/267/857 1739/276/865 1746/277/865 1738/268/857
f 1732/269/858 1740/278/866 1739/279/866 1731/270/858
f 1733/271/859 1741/280/867 1740/278/867 1732/269/859
f 1734/272/860 1742/281/868 1741/280/868 1733/271/860
f 1735/273/861 1743/282/869 1742/281/869 1734/272/861
f 1736/274/862 1744/283/870 1743/282/870 1735/273/862
f 1737/275/863 1745/284/871 1744/283/871 1736/274/863
f 1738/268/864 1746/277/872 1745/284/872 1737/275/864
f 1739/276/865 1747/285/873 1754/286/873 1746/277/865
f 1740/278/866 1748/287/874 1747/288/874 1739/279/866
f 1741/280/867 1749/289/875 1748/287/875 1740/278/867
f 1742/281/868 1750/290/876 1749/289/876 1741/280/868
f 1743/282/869 1751/291/877 1750/290/877 1742/281/869
f 1744/283/870 1752/292/878 1751/291/878 1743/282/870
f 1745/284/871 1753/293/879 1752/292/879 1744/283/871
f 1746/277/872 1754/286/880 1753/293/880 1745/284/872
f 1747/285/873 1755/294/881 1762/295/881 1754/286/873
f 1748/287/874 1756/296/882 1755/297/882 1747/288/874
f 1749/289/875 1757/298/883 1756/296/883 1748/287/875
f 1750/290/876 1758/299/884 1757/298/884 1749/289/876
f 1751/291/877 1759/300/885 1758/299/885 1750/290/877
f 1752/292/878 1760/301/886 1759/300/886 1751/291/878
f 1753/293/879 1761/302/887 1760/301/887 1752/292/879
f 1754/286/880 1762/295/888 1761/302/888 1753/293/880
f 1755/294/881 1763/303/889 1770/304/889 1762/295/881
f 1756/296/882 1764/305/890 1763/306/890 1755/297/882
f 1757/298/883 1765/307/891 1764/305/891 1756/296/883
f 1758/299/884 1766/308/892 1765/307/892 1757/298/884
f 1759/300/885 1767/309/893 1766/308/893 1758/299/885
f 1760/301/886 1768/310/894 1767/309/894 1759/300/886
f 1761/302/887 1769/311/895 1768/310/895 1760/301/887
f 1762/295/888 1770/304/896 1769/311/896 1761/302/888
f 1763/303/889 1771/312/897 1778/313/897 1770/304/889
f 1764/305/890 1772/314/898 1771/315/898 1763/306/890
f 1765/307/891 1773/316/899 1772/314/899 1764/305/891
f 1766/308/892 1774/317/900 1773/316/900 1765/307/892
f 1767/309/893 1775/318/901 1774/317/901 1766/308/893
f 1768/310/894 1776/319/902 1775/318/902 1767/309/894
f 1769/311/895 1777/320/903 1776/319/903 1768/310/895
f 1770/304/896 1778/313/904 1777/320/904 1769/311/896
f 1771/312/897 1779/321/905 1786/322/905 1778/313/897
f 1772/314/898 1780/323/906 1779/324/906 1771/315/898
f 1773/316/899 1781/325/907 1780/323/907 1772/314/899
f 1774/317/900 1782/326/908 1781/325/908 1773/316/900
f 1775/318/901 1783/327/909 1782/326/909 1774/317/901
f 1776/319/902 1784/328/910 1783/327/910 1775/318/902
f 1777/320/903 1785/329/911 1784/328/911 1776/319/903
f 1778/313/904 1786/322/912 1785/329/912 1777/320/904
f 1779/321/905 1787/330/913 1794/331/913 1786/322/905
f 1780/323/906 1788/332/914 1787/333/914 1779/324/906
f 1781/325/907 1789/334/915 1788/332/915 1780/323/907
f 1782/326/908 1790/335/916 1789/334/916 1781/325/908
f 1783/327/909 1791/336/917 1790/335/917 1782/326/909
f 1784/328/910 1792/337/918 1791/336/918 1783/327/910
f 1785/329/911 1793/338/919 1792/337/919 1784/328/911
f 1786/322/912 1794/331/920 1793/338/920 1785/329/912
f 1787/330/913 1795/339/921 1802/340/921 1794/331/913
f 1788/332/914 1796/341/922 1795/342/923 1787/333/914
f 1789/334/915 1797/343/924 1796/341/925 1788/332/915
f 1790/335/916 1798/344/926 1797/343/926 1789/334/916
f 1791/336/917 1799/345/927 1798/344/928 1790/335/917
f 1792/337/918 1800/346/929 1799/345/930 1791/336/918
f 1793/338/919 1801/347/931 1800/346/932 1792/337/919
f 1794/331/920 1802/340/933 1801/347/934 1793/338/920
f 1795/339/921 1539/27/935 1546/348/935 1802/340/921
f 1796/341/922 1540/349/936 1539/6/936 1795/342/923
f 1797/343/924 1541/350/937 1540/349/937 1796/341/925
f 1798/344/926 1542/351/938 1541/350/938 1797/343/926
f 1799/345/927 1543/31/939 1542/351/939 1798/344/928
f 1800/346/929 1544/352/940 1543/31/940 1799/345/930
f 1801/347/931 1545/353/941 1544/352/941 1800/346/932
f 1802/340/933 1546/348/942 1545/353/942 1801/347/934
f 1803/1/29 1804/1/29 1806/1/943 1805/1/943
f 1805/1/943 1806/1/943 1808/1/87 1807/1/87
f 1807/1/87 1808/1/87 1810/1/944 1809/1/944
f 1809/1/944 1810/1/944 1812/1/88 1811/1/88
f 1811/1/88 1812/1/88 1814/1/945 1813/1/945
f 1813/1/945 1814/1/945 1816/1/25 1815/1/25
f 1815/1/25 1816/1/25 1818/1/946 1817/1/946
f 1817/1/946 1818/1/946 1820/1/89 1819/1/89
f 1819/1/89 1820/1/89 1822/1/947 1821/1/947
f 1821/1/947 1822/1/947 1824/1/90 1823/1/90
f 1823/1/90 1824/1/90 1826/1/948 1825/1/948
f 1825/1/948 1826/1/948 1828/1/27 1827/1/27
f 1827/1/27 1828/1/27 1830/1/949 1829/1/949
f 1829/1/949 1830/1/949 1832/1/91 1831/1/91
f 1831/1/91 1832/1/91 1834/1/625 1833/1/625
f 1833/1/625 1834/1/625 1836/1/92 1835/1/92
f 1835/1/92 1836/1/92 1838/1/950 1837/1/950
f 1837/1/950 1838/1/950 1840/1/28 1839/1/28
f 1839/1/28 1840/1/28 1842/1/951 1841/1/951
f 1841/1/951 1842/1/951 1844/1/93 1843/1/93
f 1843/1/93 1844/1/93 1846/1/952 1845/1/952
f 1845/1/952 1846/1/952 1848/1/94 1847/1/94
f 1806/1/30 1804/1/30 1850/1/30 1848/1/30 1846/1/30 1844/1/30 1842/1/30 1840/1/30 1838/1/30 1836/1/30 1834/1/30 1832/1/30 1830/1/30 1828/1/30 1826/1/30 1824/1/30 1822/1/30 1820/1/30 1818/1/30 1816/1/30 1814/1/30 1812/1/30 1810/1/30 1808/1/30
f 1847/1/94 1848/1/94 1850/1/953 1849/1/953
f 1849/1/953 1850/1/953 1804/1/29 1803/1/29
f 1803/1/26 1805/1/26 1807/1/26 1809/1/26 1811/1/26 1813/1/26 1815/1/26 1817/1/26 1819/1/26 1821/1/26 1823/1/26 1825/1/26 1827/1/26 1829/1/26 1831/1/26 1833/1/26 1835/1/26 1837/1/26 1839/1/26 1841/1/26 1843/1/26 1845/1/26 1847/1/26 1849/1/26
f 2059/1/26 2060/1/26 2062/1/26 2061/1/26
f 2061/1/29 2062/1/29 2066/1/29 2065/1/29
f 2065/1/30 2066/1/30 2064/1/30 2063/1/30
f 2063/1/27 2064/1/27 2060/1/27 2059/1/27
f 2061/1/25 2065/1/25 2063/1/25 2059/1/25
f 2066/1/28 2062/1/28 2060/1/28 2064/1/28
f 2067/1/26 2068/1/26 2070/1/26 2069/1/26
f 2069/1/94 2070/1/94 2074/1/94 2073/1/94
f 2073/1/30 2074/1/30 2072/1/30 2071/1/30
f 2071/1/90 2072/1/90 2068/1/90 2067/1/90
f 2069/1/88 2073/1/88 2071/1/88 2067/1/88
f 2074/1/92 2070/1/92 2068/1/92 2072/1/92
f 2075/1/26 2076/1/26 2078/1/26 2077/1/26
f 2077/1/93 2078/1/93 2082/1/93 2081/1/93
f 2081/1/30 2082/1/30 2080/1/30 2079/1/30
f 2079/1/89 2080/1/89 2076/1/89 2075/1/89
f 2077/1/87 2081/1/87 2079/1/87 2075/1/87
f 2082/1/91 2078/1/91 2076/1/91 2080/1/91
f 2083/1/26 2084/1/26 2086/1/26 2085/1/26
f 2085/1/28 2086/1/28 2090/1/28 2089/1/28
f 2089/1/30 2090/1/30 2088/1/30 2087/1/30
f 2087/1/25 2088/1/25 2084/1/25 2083/1/25
f 2085/1/29 2089/1/29 2087/1/29 2083/1/29
f 2090/1/27 2086/1/27 2084/1/27 2088/1/27
f 2091/1/26 2092/1/26 2094/1/26 2093/1/26
f 2093/1/92 2094/1/92 2098/1/92 2097/1/92
f 2097/1/30 2098/1/30 2096/1/30 2095/1/30
f 2095/1/88 2096/1/88 2092/1/88 2091/1/88
f 2093/1/94 2097/1/94 2095/1/94 2091/1/94
f 2098/1/90 2094/1/90 2092/1/90 2096/1/90
f 2099/1/26 2100/1/26 2102/1/26 2101/1/26
f 2101/1/91 2102/1/91 2106/1/91 2105/1/91
f 2105/1/30 2106/1/30 2104/1/30 2103/1/30
f 2103/1/87 2104/1/87 2100/1/87 2099/1/87
f 2101/1/93 2105/1/93 2103/1/93 2099/1/93
f 2106/1/89 2102/1/89 2100/1/89 2104/1/89
f 2155/1/29 2156/1/29 2158/1/1113 2157/1/1113
f 2157/1/1113 2158/1/1113 2160/1/1114 2159/1/1114
f 2159/1/1114 2160/1/1114 2162/1/1115 2161/1/1115
f 2161/1/1115 2162/1/1115 2164/1/1116 2163/1/1116
f 2163/1/1116 2164/1/1116 2166/1/1117 2165/1/1117
f 2165/1/1117 2166/1/1117 2168/1/1118 2167/1/1118
f 2167/1/1118 2168/1/1118 2170/1/27 2169/1/27
f 2169/1/27 2170/1/27 2172/1/1119 2171/1/1119
f 2171/1/1119 2172/1/1119 2174/1/1120 2173/1/1120
f 2173/1/1120 2174/1/1120 2176/1/1121 2175/1/1121
f 2175/1/1121 2176/1/1121 2178/1/1122 2177/1/1122
f 2177/1/1122 2178/1/1122 2180/1/1123 2179/1/1123
f 2158/1/28 2156/1/28 2182/1/28 2180/1/28 2178/1/28 2176/1/28 2174/1/28 2172/1/28 2170/1/28 2168/1/28 2166/1/28 2164/1/28 2162/1/28 2160/1/28
f 2179/1/1123 2180/1/1123 2182/1/1124 2181/1/1124
f 2181/1/1124 2182/1/1124 2156/1/29 2155/1/29
f 2155/1/25 2157/1/25 2159/1/25 2161/1/25 2163/1/25 2165/1/25 2167/1/25 2169/1/25 2171/1/25 2173/1/25 2175/1/25 2177/1/25 2179/1/25 2181/1/25
usemtl tire
f 69/1/39 70/1/40 82/1/40 81/1/39
f 70/1/40 71/1/41 83/1/41 82/1/40
f 71/1/41 72/1/42 84/1/42 83/1/41
f 72/1/42 73/1/43 85/1/43 84/1/42
f 73/1/43 74/1/44 86/1/44 85/1/43
f 74/1/44 75/1/45 87/1/45 86/1/44
f 75/1/45 76/1/46 88/1/46 87/1/45
f 76/1/46 77/1/47 89/1/47 88/1/46
f 77/1/47 78/1/48 90/1/48 89/1/47
f 78/1/48 79/1/49 91/1/49 90/1/48
f 79/1/49 80/1/50 92/1/50 91/1/49
f 80/1/50 69/1/39 81/1/39 92/1/50
f 81/1/51 82/1/52 94/1/52 93/1/51
f 82/1/52 83/1/53 95/1/53 94/1/52
f 83/1/53 84/1/54 96/1/54 95/1/53
f 84/1/54 85/1/55 97/1/55 96/1/54
f 85/1/55 86/1/56 98/1/56 97/1/55
f 86/1/56 87/1/57 99/1/57 98/1/56
f 87/1/57 88/1/58 100/1/58 99/1/57
f 88/1/58 89/1/59 101/1/59 100/1/58
f 89/1/59 90/1/60 102/1/60 101/1/59
f 90/1/60 91/1/61 103/1/61 102/1/60
f 91/1/61 92/1/62 104/1/62 103/1/61
f 92/1/62 81/1/51 93/1/51 104/1/62
f 93/1/57 94/1/58 106/1/58 105/1/57
f 94/1/58 95/1/59 107/1/59 106/1/58
f 95/1/59 96/1/60 108/1/60 107/1/59
f 96/1/60 97/1/61 109/1/61 108/1/60
f 97/1/61 98/1/62 110/1/62 109/1/61
f 98/1/62 99/1/51 111/1/51 110/1/62
f 99/1/51 100/1/52 112/1/52 111/1/51
f 100/1/52 101/1/53 113/1/53 112/1/52
f 101/1/53 102/1/54 114/1/54 113/1/53
f 102/1/54 103/1/55 115/1/55 114/1/54
f 103/1/55 104/1/56 116/1/56 115/1/55
f 104/1/56 93/1/57 105/1/57 116/1/56
f 105/1/45 106/1/46 118/1/46 117/1/45
f 106/1/46 107/1/47 119/1/47 118/1/46
f 107/1/47 108/1/48 120/1/48 119/1/47
f 108/1/48 109/1/49 121/1/49 120/1/48
f 109/1/49 110/1/50 122/1/50 121/1/49
f 110/1/50 111/1/39 123/1/39 122/1/50
f 111/1/39 112/1/40 124/1/40 123/1/39
f 112/1/40 113/1/41 125/1/41 124/1/40
f 113/1/41 114/1/42 126/1/42 125/1/41
f 114/1/42 115/1/43 127/1/43 126/1/42
f 115/1/43 116/1/44 128/1/44 127/1/43
f 116/1/44 105/1/45 117/1/45 128/1/44
f 117/1/63 118/1/64 130/1/64 129/1/63
f 118/1/64 119/1/65 131/1/65 130/1/64
f 119/1/65 120/1/66 132/1/66 131/1/65
f 120/1/66 121/1/67 133/1/67 132/1/66
f 121/1/67 122/1/68 134/1/68 133/1/67
f 122/1/68 123/1/69 135/1/69 134/1/68
f 123/1/69 124/1/70 136/1/70 135/1/69
f 124/1/70 125/1/71 137/1/71 136/1/70
f 125/1/71 126/1/72 138/1/72 137/1/71
f 126/1/72 127/1/73 139/1/73 138/1/72
f 127/1/73 128/1/74 140/1/74 139/1/73
f 128/1/74 117/1/63 129/1/63 140/1/74
f 129/1/75 130/1/76 142/1/76 141/1/75
f 130/1/76 131/1/77 143/1/77 142/1/76
f 131/1/77 132/1/78 144/1/78 143/1/77
f 132/1/78 133/1/79 145/1/79 144/1/78
f 133/1/79 134/1/80 146/1/80 145/1/79
f 134/1/80 135/1/81 147/1/81 146/1/80
f 135/1/81 136/1/82 148/1/82 147/1/81
f 136/1/82 137/1/83 149/1/83 148/1/82
f 137/1/83 138/1/84 150/1/84 149/1/83
f 138/1/84 139/1/85 151/1/85 150/1/84
f 139/1/85 140/1/86 152/1/86 151/1/85
f 140/1/86 129/1/75 141/1/75 152/1/86
f 141/1/81 142/1/82 154/1/82 153/1/81
f 142/1/82 143/1/83 155/1/83 154/1/82
f 143/1/83 144/1/84 156/1/84 155/1/83
f 144/1/84 145/1/85 157/1/85 156/1/84
f 145/1/85 146/1/86 158/1/86 157/1/85
f 146/1/86 147/1/75 159/1/75 158/1/86
f 147/1/75 148/1/76 160/1/76 159/1/75
f 148/1/76 149/1/77 161/1/77 160/1/76
f 149/1/77 150/1/78 162/1/78 161/1/77
f 150/1/78 151/1/79 163/1/79 162/1/78
f 151/1/79 152/1/80 164/1/80 163/1/79
f 152/1/80 141/1/81 153/1/81 164/1/80
f 153/1/69 154/1/70 70/1/70 69/1/69
f 154/1/70 155/1/71 71/1/71 70/1/70
f 155/1/71 156/1/72 72/1/72 71/1/71
f 156/1/72 157/1/73 73/1/73 72/1/72
f 157/1/73 158/1/74 74/1/74 73/1/73
f 158/1/74 159/1/63 75/1/63 74/1/74
f 159/1/63 160/1/64 76/1/64 75/1/63
f 160/1/64 161/1/65 77/1/65 76/1/64
f 161/1/65 162/1/66 78/1/66 77/1/65
f 162/1/66 163/1/67 79/1/67 78/1/66
f 163/1/67 164/1/68 80/1/68 79/1/67
f 164/1/68 153/1/69 69/1/69 80/1/68
f 257/1/39 258/1/40 270/1/40 269/1/39
f 258/1/40 259/1/41 271/1/41 270/1/40
f 259/1/41 260/1/42 272/1/42 271/1/41
f 260/1/42 261/1/43 273/1/43 272/1/42
f 261/1/43 262/1/44 274/1/44 273/1/43
f 262/1/44 263/1/45 275/1/45 274/1/44
f 263/1/45 264/1/46 276/1/46 275/1/45
f 264/1/46 265/1/47 277/1/47 276/1/46
f 265/1/47 266/1/48 278/1/48 277/1/47
f 266/1/48 267/1/49 279/1/49 278/1/48
f 267/1/49 268/1/50 280/1/50 279/1/49
f 268/1/50 257/1/39 269/1/39 280/1/50
f 269/1/51 270/1/52 282/1/52 281/1/51
f 270/1/52 271/1/53 283/1/53 282/1/52
f 271/1/53 272/1/54 284/1/54 283/1/53
f 272/1/54 273/1/55 285/1/55 284/1/54
f 273/1/55 274/1/56 286/1/56 285/1/55
f 274/1/56 275/1/57 287/1/57 286/1/56
f 275/1/57 276/1/58 288/1/58 287/1/57
f 276/1/58 277/1/59 289/1/59 288/1/58
f 277/1/59 278/1/60 290/1/60 289/1/59
f 278/1/60 279/1/61 291/1/61 290/1/60
f 279/1/61 280/1/62 292/1/62 291/1/61
f 280/1/62 269/1/51 281/1/51 292/1/62
f 281/1/57 282/1/58 294/1/58 293/1/57
f 282/1/58 283/1/59 295/1/59 294/1/58
f 283/1/59 284/1/60 296/1/60 295/1/59
f 284/1/60 285/1/61 297/1/61 296/1/60
f 285/1/61 286/1/62 298/1/62 297/1/61
f 286/1/62 287/1/51 299/1/51 298/1/62
f 287/1/51 288/1/52 300/1/52 299/1/51
f 288/1/52 289/1/53 301/1/53 300/1/52
f 289/1/53 290/1/54 302/1/54 301/1/53
f 290/1/54 291/1/55 303/1/55 302/1/54
f 291/1/55 292/1/56 304/1/56 303/1/55
f 292/1/56 281/1/57 293/1/57 304/1/56
f 293/1/45 294/1/46 306/1/46 305/1/45
f 294/1/46 295/1/47 307/1/47 306/1/46
f 295/1/47 296/1/48 308/1/48 307/1/47
f 296/1/48 297/1/49 309/1/49 308/1/48
f 297/1/49 298/1/50 310/1/50 309/1/49
f 298/1/50 299/1/39 311/1/39 310/1/50
f 299/1/39 300/1/40 312/1/40 311/1/39
f 300/1/40 301/1/41 313/1/41 312/1/40
f 301/1/41 302/1/42 314/1/42 313/1/41
f 302/1/42 303/1/43 315/1/43 314/1/42
f 303/1/43 304/1/44 316/1/44 315/1/43
f 304/1/44 293/1/45 305/1/45 316/1/44
f 305/1/63 306/1/64 318/1/64 317/1/63
f 306/1/64 307/1/65 319/1/65 318/1/64
f 307/1/65 308/1/66 320/1/66 319/1/65
f 308/1/66 309/1/67 321/1/67 320/1/66
f 309/1/67 310/1/68 322/1/68 321/1/67
f 310/1/68 311/1/69 323/1/69 322/1/68
f 311/1/69 312/1/70 324/1/70 323/1/69
f 312/1/70 313/1/71 325/1/71 324/1/70
f 313/1/71 314/1/72 326/1/72 325/1/71
f 314/1/72 315/1/73 327/1/73 326/1/72
f 315/1/73 316/1/74 328/1/74 327/1/73
f 316/1/74 305/1/63 317/1/63 328/1/74
f 317/1/75 318/1/76 330/1/76 329/1/75
f 318/1/76 319/1/77 331/1/77 330/1/76
f 319/1/77 320/1/78 332/1/78 331/1/77
f 320/1/78 321/1/79 333/1/79 332/1/78
f 321/1/79 322/1/80 334/1/80 333/1/79
f 322/1/80 323/1/81 335/1/81 334/1/80
f 323/1/81 324/1/82 336/1/82 335/1/81
f 324/1/82 325/1/83 337/1/83 336/1/82
f 325/1/83 326/1/84 338/1/84 337/1/83
f 326/1/84 327/1/85 339/1/85 338/1/84
f 327/1/85 328/1/86 340/1/86 339/1/85
f 328/1/86 317/1/75 329/1/75 340/1/86
f 329/1/81 330/1/82 342/1/82 341/1/81
f 330/1/82 331/1/83 343/1/83 342/1/82
f 331/1/83 332/1/84 344/1/84 343/1/83
f 332/1/84 333/1/85 345/1/85 344/1/84
f 333/1/85 334/1/86 346/1/86 345/1/85
f 334/1/86 335/1/75 347/1/75 346/1/86
f 335/1/75 336/1/76 348/1/76 347/1/75
f 336/1/76 337/1/77 349/1/77 348/1/76
f 337/1/77 338/1/78 350/1/78 349/1/77
f 338/1/78 339/1/79 351/1/79 350/1/78
f 339/1/79 340/1/80 352/1/80 351/1/79
f 340/1/80 329/1/81 341/1/81 352/1/80
f 341/1/69 342/1/70 258/1/70 257/1/69
f 342/1/70 343/1/71 259/1/71 258/1/70
f 343/1/71 344/1/72 260/1/72 259/1/71
f 344/1/72 345/1/73 261/1/73 260/1/72
f 345/1/73 346/1/74 262/1/74 261/1/73
f 346/1/74 347/1/63 263/1/63 262/1/74
f 347/1/63 348/1/64 264/1/64 263/1/63
f 348/1/64 349/1/65 265/1/65 264/1/64
f 349/1/65 350/1/66 266/1/66 265/1/65
f 350/1/66 351/1/67 267/1/67 266/1/66
f 351/1/67 352/1/68 268/1/68 267/1/67
f 352/1/68 341/1/69 257/1/69 268/1/68
f 469/1/39 470/1/40 482/1/40 481/1/39
f 470/1/40 471/1/41 483/1/41 482/1/40
f 471/1/41 472/1/42 484/1/42 483/1/41
f 472/1/42 473/1/43 485/1/43 484/1/42
f 473/1/43 474/1/44 486/1/44 485/1/43
f 474/1/44 475/1/45 487/1/45 486/1/44
f 475/1/45 476/1/46 488/1/46 487/1/45
f 476/1/46 477/1/47 489/1/47 488/1/46
f 477/1/47 478/1/48 490/1/48 489/1/47
f 478/1/48 479/1/49 491/1/49 490/1/48
f 479/1/49 480/1/50 492/1/50 491/1/49
f 480/1/50 469/1/39 481/1/39 492/1/50
f 481/1/51 482/1/52 494/1/52 493/1/51
f 482/1/52 483/1/53 495/1/53 494/1/52
f 483/1/53 484/1/54 496/1/54 495/1/53
f 484/1/54 485/1/55 497/1/55 496/1/54
f 485/1/55 486/1/56 498/1/56 497/1/55
f 486/1/56 487/1/57 499/1/57 498/1/56
f 487/1/57 488/1/58 500/1/58 499/1/57
f 488/1/58 489/1/59 501/1/59 500/1/58
f 489/1/59 490/1/60 502/1/60 501/1/59
f 490/1/60 491/1/61 503/1/61 502/1/60
f 491/1/61 492/1/62 504/1/62 503/1/61
f 492/1/62 481/1/51 493/1/51 504/1/62
f 493/1/57 494/1/58 506/1/58 505/1/57
f 494/1/58 495/1/59 507/1/59 506/1/58
f 495/1/59 496/1/60 508/1/60 507/1/59
f 496/1/60 497/1/61 509/1/61 508/1/60
f 497/1/61 498/1/62 510/1/62 509/1/61
f 498/1/62 499/1/51 511/1/51 510/1/62
f 499/1/51 500/1/52 512/1/52 511/1/51
f 500/1/52 501/1/53 513/1/53 512/1/52
f 501/1/53 502/1/54 514/1/54 513/1/53
f 502/1/54 503/1/55 515/1/55 514/1/54
f 503/1/55 504/1/56 516/1/56 515/1/55
f 504/1/56 493/1/57 505/1/57 516/1/56
f 505/1/45 506/1/46 518/1/46 517/1/45
f 506/1/46 507/1/47 519/1/47 518/1/46
f 507/1/47 508/1/48 520/1/48 519/1/47
f 508/1/48 509/1/49 521/1/49 520/1/48
f 509/1/49 510/1/50 522/1/50 521/1/49
f 510/1/50 511/1/39 523/1/39 522/1/50
f 511/1/39 512/1/40 524/1/40 523/1/39
f 512/1/40 513/1/41 525/1/41 524/1/40
f 513/1/41 514/1/42 526/1/42 525/1/41
f 514/1/42 515/1/43 527/1/43 526/1/42
f 515/1/43 516/1/44 528/1/44 527/1/43
f 516/1/44 505/1/45 517/1/45 528/1/44
f 517/1/63 518/1/64 530/1/64 529/1/63
f 518/1/64 519/1/65 531/1/65 530/1/64
f 519/1/65 520/1/66 532/1/66 531/1/65
f 520/1/66 521/1/67 533/1/67 532/1/66
f 521/1/67 522/1/68 534/1/68 533/1/67
f 522/1/68 523/1/69 535/1/69 534/1/68
f 523/1/69 524/1/70 536/1/70 535/1/69
f 524/1/70 525/1/71 537/1/71 536/1/70
f 525/1/71 526/1/72 538/1/72 537/1/71
f 526/1/72 527/1/73 539/1/73 538/1/72
f 527/1/73 528/1/74 540/1/74 539/1/73
f 528/1/74 517/1/63 529/1/63 540/1/74
f 529/1/75 530/1/76 542/1/76 541/1/75
f 530/1/76 531/1/77 543/1/77 542/1/76
f 531/1/77 532/1/78 544/1/78 543/1/77
f 532/1/78 533/1/79 545/1/79 544/1/78
f 533/1/79 534/1/80 546/1/80 545/1/79
f 534/1/80 535/1/81 547/1/81 546/1/80
f 535/1/81 536/1/82 548/1/82 547/1/81
f 536/1/82 537/1/83 549/1/83 548/1/82
f 537/1/83 538/1/84 550/1/84 549/1/83
f 538/1/84 539/1/85 551/1/85 550/1/84
f 539/1/85 540/1/86 552/1/86 551/1/85
f 540/1/86 529/1/75 541/1/75 552/1/86
f 541/1/81 542/1/82 554/1/82 553/1/81
f 542/1/82 543/1/83 555/1/83 554/1/82
f 543/1/83 544/1/84 556/1/84 555/1/83
f 544/1/84 545/1/85 557/1/85 556/1/84
f 545/1/85 546/1/86 558/1/86 557/1/85
f 546/1/86 547/1/75 559/1/75 558/1/86
f 547/1/75 548/1/76 560/1/76 559/1/75
f 548/1/76 549/1/77 561/1/77 560/1/76
f 549/1/77 550/1/78 562/1/78 561/1/77
f 550/1/78 551/1/79 563/1/79 562/1/78
f 551/1/79 552/1/80 564/1/80 563/1/79
f 552/1/80 541/1/81 553/1/81 564/1/80
f 553/1/69 554/1/70 470/1/70 469/1/69
f 554/1/70 555/1/71 471/1/71 470/1/70
f 555/1/71 556/1/72 472/1/72 471/1/71
f 556/1/72 557/1/73 473/1/73 472/1/72
f 557/1/73 558/1/74 474/1/74 473/1/73
f 558/1/74 559/1/63 475/1/63 474/1/74
f 559/1/63 560/1/64 476/1/64 475/1/63
f 560/1/64 561/1/65 477/1/65 476/1/64
f 561/1/65 562/1/66 478/1/66 477/1/65
f 562/1/66 563/1/67 479/1/67 478/1/66
f 563/1/67 564/1/68 480/1/68 479/1/67
f 564/1/68 553/1/69 469/1/69 480/1/68
f 657/1/39 658/1/40 670/1/40 669/1/39
f 658/1/40 659/1/41 671/1/41 670/1/40
f 659/1/41 660/1/42 672/1/42 671/1/41
f 660/1/42 661/1/43 673/1/43 672/1/42
f 661/1/43 662/1/44 674/1/44 673/1/43
f 662/1/44 663/1/45 675/1/45 674/1/44
f 663/1/45 664/1/46 676/1/46 675/1/45
f 664/1/46 665/1/47 677/1/47 676/1/46
f 665/1/47 666/1/48 678/1/48 677/1/47
f 666/1/48 667/1/49 679/1/49 678/1/48
f 667/1/49 668/1/50 680/1/50 679/1/49
f 668/1/50 657/1/39 669/1/39 680/1/50
f 669/1/51 670/1/52 682/1/52 681/1/51
f 670/1/52 671/1/53 683/1/53 682/1/52
f 671/1/53 672/1/54 684/1/54 683/1/53
f 672/1/54 673/1/55 685/1/55 684/1/54
f 673/1/55 674/1/56 686/1/56 685/1/55
f 674/1/56 675/1/57 687/1/57 686/1/56
f 675/1/57 676/1/58 688/1/58 687/1/57
f 676/1/58 677/1/59 689/1/59 688/1/58
f 677/1/59 678/1/60 690/1/60 689/1/59
f 678/1/60 679/1/61 691/1/61 690/1/60
f 679/1/61 680/1/62 692/1/62 691/1/61
f 680/1/62 669/1/51 681/1/51 692/1/62
f 681/1/57 682/1/58 694/1/58 693/1/57
f 682/1/58 683/1/59 695/1/59 694/1/58
f 683/1/59 684/1/60 696/1/60 695/1/59
f 684/1/60 685/1/61 697/1/61 696/1/60
f 685/1/61 686/1/62 698/1/62 697/1/61
f 686/1/62 687/1/51 699/1/51 698/1/62
f 687/1/51 688/1/52 700/1/52 699/1/51
f 688/1/52 689/1/53 701/1/53 700/1/52
f 689/1/53 690/1/54 702/1/54 701/1/53
f 690/1/54 691/1/55 703/1/55 702/1/54
f 691/1/55 692/1/56 704/1/56 703/1/55
f 692/1/56 681/1/57 693/1/57 704/1/56
f 693/1/45 694/1/46 706/1/46 705/1/45
f 694/1/46 695/1/47 707/1/47 706/1/46
f 695/1/47 696/1/48 708/1/48 707/1/47
f 696/1/48 697/1/49 709/1/49 708/1/48
f 697/1/49 698/1/50 710/1/50 709/1/49
f 698/1/50 699/1/39 711/1/39 710/1/50
f 699/1/39 700/1/40 712/1/40 711/1/39
f 700/1/40 701/1/41 713/1/41 712/1/40
f 701/1/41 702/1/42 714/1/42 713/1/41
f 702/1/42 703/1/43 715/1/43 714/1/42
f 703/1/43 704/1/44 716/1/44 715/1/43
f 704/1/44 693/1/45 705/1/45 716/1/44
f 705/1/63 706/1/64 718/1/64 717/1/63
f 706/1/64 707/1/65 719/1/65 718/1/64
f 707/1/65 708/1/66 720/1/66 719/1/65
f 708/1/66 709/1/67 721/1/67 720/1/66
f 709/1/67 710/1/68 722/1/68 721/1/67
f 710/1/68 711/1/69 723/1/69 722/1/68
f 711/1/69 712/1/70 724/1/70 723/1/69
f 712/1/70 713/1/71 725/1/71 724/1/70
f 713/1/71 714/1/72 726/1/72 725/1/71
f 714/1/72 715/1/73 727/1/73 726/1/72
f 715/1/73 716/1/74 728/1/74 727/1/73
f 716/1/74 705/1/63 717/1/63 728/1/74
f 717/1/75 718/1/76 730/1/76 729/1/75
f 718/1/76 719/1/77 731/1/77 730/1/76
f 719/1/77 720/1/78 732/1/78 731/1/77
f 720/1/78 721/1/79 733/1/79 732/1/78
f 721/1/79 722/1/80 734/1/80 733/1/79
f 722/1/80 723/1/81 735/1/81 734/1/80
f 723/1/81 724/1/82 736/1/82 735/1/81
f 724/1/82 725/1/83 737/1/83 736/1/82
f 725/1/83 726/1/84 738/1/84 737/1/83
f 726/1/84 727/1/85 739/1/85 738/1/84
f 727/1/85 728/1/86 740/1/86 739/1/85
f 728/1/86 717/1/75 729/1/75 740/1/86
f 729/1/81 730/1/82 742/1/82 741/1/81
f 730/1/82 731/1/83 743/1/83 742/1/82
f 731/1/83 732/1/84 744/1/84 743/1/83
f 732/1/84 733/1/85 745/1/85 744/1/84
f 733/1/85 734/1/86 746/1/86 745/1/85
f 734/1/86 735/1/75 747/1/75 746/1/86
f 735/1/75 736/1/76 748/1/76 747/1/75
f 736/1/76 737/1/77 749/1/77 748/1/76
f 737/1/77 738/1/78 750/1/78 749/1/77
f 738/1/78 739/1/79 751/1/79 750/1/78
f 739/1/79 740/1/80 752/1/80 751/1/79
f 740/1/80 729/1/81 741/1/81 752/1/80
f 741/1/69 742/1/70 658/1/70 657/1/69
f 742/1/70 743/1/71 659/1/71 658/1/70
f 743/1/71 744/1/72 660/1/72 659/1/71
f 744/1/72 745/1/73 661/1/73 660/1/72
f 745/1/73 746/1/74 662/1/74 661/1/73
f 746/1/74 747/1/63 663/1/63 662/1/74
f 747/1/63 748/1/64 664/1/64 663/1/63
f 748/1/64 749/1/65 665/1/65 664/1/64
f 749/1/65 750/1/66 666/1/66 665/1/65
f 750/1/66 751/1/67 667/1/67 666/1/66
f 751/1/67 752/1/68 668/1/68 667/1/67
f 752/1/68 741/1/69 657/1/69 668/1/68
usemtl cream
f 189/1/29 190/1/29 192/1/87 191/1/87
f 191/1/87 192/1/87 194/1/88 193/1/88
f 193/1/88 194/1/88 196/1/25 195/1/25
f 195/1/25 196/1/25 198/1/89 197/1/89
f 197/1/89 198/1/89 200/1/90 199/1/90
f 199/1/90 200/1/90 202/1/27 201/1/27
f 201/1/27 202/1/27 204/1/91 203/1/91
f 203/1/91 204/1/91 206/1/92 205/1/92
f 205/1/92 206/1/92 208/1/28 207/1/28
f 207/1/28 208/1/28 210/1/93 209/1/93
f 192/1/30 190/1/30 212/1/30 210/1/30 208/1/30 206/1/30 204/1/30 202/1/30 200/1/30 198/1/30 196/1/30 194/1/30
f 209/1/93 210/1/93 212/1/94 211/1/94
f 211/1/94 212/1/94 190/1/29 189/1/29
f 189/1/26 191/1/26 193/1/26 195/1/26 197/1/26 199/1/26 201/1/26 203/1/26 205/1/26 207/1/26 209/1/26 211/1/26
f 377/1/29 378/1/29 380/1/87 379/1/87
f 379/1/87 380/1/87 382/1/88 381/1/88
f 381/1/88 382/1/88 384/1/25 383/1/25
f 383/1/25 384/1/25 386/1/89 385/1/89
f 385/1/89 386/1/89 388/1/90 387/1/90
f 387/1/90 388/1/90 390/1/27 389/1/27
f 389/1/27 390/1/27 392/1/91 391/1/91
f 391/1/91 392/1/91 394/1/92 393/1/92
f 393/1/92 394/1/92 396/1/28 395/1/28
f 395/1/28 396/1/28 398/1/93 397/1/93
f 380/1/30 378/1/30 400/1/30 398/1/30 396/1/30 394/1/30 392/1/30 390/1/30 388/1/30 386/1/30 384/1/30 382/1/30
f 397/1/93 398/1/93 400/1/94 399/1/94
f 399/1/94 400/1/94 378/1/29 377/1/29
f 377/1/26 379/1/26 381/1/26 383/1/26 385/1/26 387/1/26 389/1/26 391/1/26 393/1/26 395/1/26 397/1/26 399/1/26
f 589/1/29 590/1/29 592/1/87 591/1/87
f 591/1/87 592/1/87 594/1/88 593/1/88
f 593/1/88 594/1/88 596/1/25 595/1/25
f 595/1/25 596/1/25 598/1/89 597/1/89
f 597/1/89 598/1/89 600/1/90 599/1/90
f 599/1/90 600/1/90 602/1/27 601/1/27
f 601/1/27 602/1/27 604/1/91 603/1/91
f 603/1/91 604/1/91 606/1/92 605/1/92
f 605/1/92 606/1/92 608/1/28 607/1/28
f 607/1/28 608/1/28 610/1/93 609/1/93
f 592/1/30 590/1/30 612/1/30 610/1/30 608/1/30 606/1/30 604/1/30 602/1/30 600/1/30 598/1/30 596/1/30 594/1/30
f 609/1/93 610/1/93 612/1/94 611/1/94
f 611/1/94 612/1/94 590/1/29 589/1/29
f 589/1/26 591/1/26 593/1/26 595/1/26 597/1/26 599/1/26 601/1/26 603/1/26 605/1/26 607/1/26 609/1/26 611/1/26
f 777/1/29 778/1/29 780/1/87 779/1/87
f 779/1/87 780/1/87 782/1/88 781/1/88
f 781/1/88 782/1/88 784/1/25 783/1/25
f 783/1/25 784/1/25 786/1/89 785/1/89
f 785/1/89 786/1/89 788/1/90 787/1/90
f 787/1/90 788/1/90 790/1/27 789/1/27
f 789/1/27 790/1/27 792/1/91 791/1/91
f 791/1/91 792/1/91 794/1/92 793/1/92
f 793/1/92 794/1/92 796/1/28 795/1/28
f 795/1/28 796/1/28 798/1/93 797/1/93
f 780/1/30 778/1/30 800/1/30 798/1/30 796/1/30 794/1/30 792/1/30 790/1/30 788/1/30 786/1/30 784/1/30 782/1/30
f 797/1/93 798/1/93 800/1/94 799/1/94
f 799/1/94 800/1/94 778/1/29 777/1/29
f 777/1/26 779/1/26 781/1/26 783/1/26 785/1/26 787/1/26 789/1/26 791/1/26 793/1/26 795/1/26 797/1/26 799/1/26
f 2183/1/26 2184/1/26 2186/1/26 2185/1/26
f 2185/1/29 2186/1/29 2190/1/29 2189/1/29
f 2189/1/30 2190/1/30 2188/1/30 2187/1/30
f 2187/1/27 2188/1/27 2184/1/27 2183/1/27
f 2185/1/25 2189/1/25 2187/1/25 2183/1/25
f 2190/1/28 2186/1/28 2184/1/28 2188/1/28
f 2341/1/1349 2343/1/1350 2342/1/1351
f 2341/1/1349 2344/1/1352 2343/1/1350
f 2341/1/1353 2345/1/1354 2344/1/1355
f 2341/1/1353 2346/1/1356 2345/1/1354
f 2341/1/1353 2347/1/1357 2346/1/1356
f 2341/1/1353 2348/1/1358 2347/1/1357
f 2341/1/1349 2349/1/1359 2348/1/1360
f 2341/1/1349 2342/1/1351 2349/1/1359
f 2342/1/1351 2343/1/1350 2351/1/1361 2350/1/1298
f 2343/1/1350 2344/1/1352 2352/1/1362 2351/1/1361
f 2344/1/1355 2345/1/1354 2353/1/1363 2352/1/1364
f 2345/1/1354 2346/1/1356 2354/1/1302 2353/1/1363
f 2346/1/1356 2347/1/1357 2355/1/1365 2354/1/1302
f 2347/1/1357 2348/1/1358 2356/1/1366 2355/1/1365
f 2348/1/1360 2349/1/1359 2357/1/1367 2356/1/1368
f 2349/1/1359 2342/1/1351 2350/1/1298 2357/1/1367
f 2350/1/1298 2351/1/1361 2359/1/1369 2358/1/1308
f 2351/1/1361 2352/1/1362 2360/1/1370 2359/1/1369
f 2352/1/1364 2353/1/1363 2361/1/1371 2360/1/1372
f 2353/1/1363 2354/1/1302 2362/1/1312 2361/1/1371
f 2354/1/1302 2355/1/1365 2363/1/1373 2362/1/1312
f 2355/1/1365 2356/1/1366 2364/1/1374 2363/1/1373
f 2356/1/1368 2357/1/1367 2365/1/1375 2364/1/1376
f 2357/1/1367 2350/1/1298 2358/1/1308 2365/1/1375
f 2358/1/1308 2359/1/1369 2367/1/1377 2366/1/1318
f 2359/1/1369 2360/1/1370 2368/1/1378 2367/1/1377
f 2360/1/1372 2361/1/1371 2369/1/1379 2368/1/1380
f 2361/1/1371 2362/1/1312 2370/1/1322 2369/1/1379
f 2362/1/1312 2363/1/1373 2371/1/1381 2370/1/1322
f 2363/1/1373 2364/1/1374 2372/1/1382 2371/1/1381
f 2364/1/1376 2365/1/1375 2373/1/1383 2372/1/1384
f 2365/1/1375 2358/1/1308 2366/1/1318 2373/1/1383
f 2366/1/1318 2367/1/1377 2375/1/1385 2374/1/1328
f 2367/1/1377 2368/1/1378 2376/1/1386 2375/1/1385
f 2368/1/1380 2369/1/1379 2377/1/1387 2376/1/1388
f 2369/1/1379 2370/1/1322 2378/1/1332 2377/1/1387
f 2370/1/1322 2371/1/1381 2379/1/1389 2378/1/1332
f 2371/1/1381 2372/1/1382 2380/1/1390 2379/1/1389
f 2372/1/1384 2373/1/1383 2381/1/1391 2380/1/1392
f 2373/1/1383 2366/1/1318 2374/1/1328 2381/1/1391
f 2374/1/1328 2375/1/1385 2383/1/1393 2382/1/1394
f 2375/1/1385 2376/1/1386 2384/1/1395 2383/1/1393
f 2376/1/1388 2377/1/1387 2385/1/1396 2384/1/1397
f 2377/1/1387 2378/1/1332 2386/1/1398 2385/1/1396
f 2378/1/1332 2379/1/1389 2387/1/1399 2386/1/1398
f 2379/1/1389 2380/1/1390 2388/1/1400 2387/1/1399
f 2380/1/1392 2381/1/1391 2389/1/1401 2388/1/1402
f 2381/1/1391 2374/1/1328 2382/1/1394 2389/1/1401
f 2382/1/1394 2383/1/1393 2390/1/1403
f 2383/1/1393 2384/1/1395 2390/1/1403
f 2384/1/1397 2385/1/1396 2390/1/1404
f 2385/1/1396 2386/1/1398 2390/1/1404
f 2386/1/1398 2387/1/1399 2390/1/1404
f 2387/1/1399 2388/1/1400 2390/1/1404
f 2388/1/1402 2389/1/1401 2390/1/1403
f 2389/1/1401 2382/1/1394 2390/1/1403
usemtl steel
f 849/1/95 852/1/96 853/1/97 855/1/98
f 850/1/99 854/1/100 853/1/101 852/1/102
f 851/1/103 855/1/104 853/1/105 854/1/106
f 856/1/107 859/1/108 860/1/109 862/1/110
f 857/1/111 861/1/112 860/1/113 859/1/114
f 858/1/115 862/1/116 860/1/117 861/1/118
f 863/1/119 866/1/120 867/1/121 869/1/122
f 864/1/123 868/1/124 867/1/125 866/1/126
f 865/1/127 869/1/128 867/1/129 868/1/130
f 870/1/131 873/1/132 874/1/133 876/1/134
f 871/1/135 875/1/136 874/1/137 873/1/138
f 872/1/139 876/1/140 874/1/141 875/1/142
f 877/1/143 880/1/144 881/1/145 883/1/146
f 878/1/147 882/1/148 881/1/149 880/1/150
f 879/1/151 883/1/152 881/1/153 882/1/154
f 884/1/155 887/1/156 888/1/157 890/1/158
f 885/1/159 889/1/160 888/1/161 887/1/162
f 886/1/163 890/1/164 888/1/165 889/1/166
f 891/1/167 894/1/168 895/1/169 897/1/170
f 892/1/171 896/1/172 895/1/173 894/1/174
f 893/1/175 897/1/176 895/1/177 896/1/178
f 898/1/179 901/1/180 902/1/181 904/1/182
f 899/1/183 903/1/184 902/1/185 901/1/186
f 900/1/187 904/1/188 902/1/189 903/1/190
f 863/1/119 849/1/95 855/1/98 866/1/120
f 866/1/126 855/1/104 851/1/103 864/1/123
f 850/1/99 856/1/107 862/1/110 854/1/100
f 854/1/106 862/1/116 858/1/115 851/1/103
f 857/1/111 870/1/131 876/1/134 861/1/112
f 861/1/118 876/1/140 872/1/139 858/1/115
f 871/1/135 865/1/127 868/1/130 875/1/136
f 875/1/142 868/1/124 864/1/123 872/1/139
f 891/1/167 863/1/119 869/1/122 894/1/168
f 894/1/174 869/1/128 865/1/127 892/1/171
f 870/1/131 898/1/179 904/1/182 873/1/132
f 873/1/138 904/1/188 900/1/187 871/1/135
f 899/1/183 893/1/175 896/1/178 903/1/184
f 903/1/190 896/1/172 892/1/171 900/1/187
f 877/1/143 891/1/167 897/1/170 880/1/144
f 880/1/150 897/1/176 893/1/175 878/1/147
f 898/1/179 884/1/155 890/1/158 901/1/180
f 901/1/186 890/1/164 886/1/163 899/1/183
f 885/1/159 879/1/151 882/1/154 889/1/160
f 889/1/166 882/1/148 878/1/147 886/1/163
f 849/1/95 877/1/143 883/1/146 852/1/96
f 852/1/102 883/1/152 879/1/151 850/1/99
f 884/1/155 857/1/111 859/1/114 887/1/156
f 887/1/162 859/1/108 856/1/107 885/1/159
f 863/1/119 891/1/167 877/1/143 849/1/95
f 851/1/103 858/1/115 872/1/139 864/1/123
f 879/1/151 885/1/159 856/1/107 850/1/99
f 898/1/179 870/1/131 857/1/111 884/1/155
f 865/1/127 871/1/135 900/1/187 892/1/171
f 893/1/175 899/1/183 886/1/163 878/1/147
f 1851/1/954 1852/1/954 1854/1/955 1853/1/955
f 1853/1/955 1854/1/955 1856/1/956 1855/1/956
f 1855/1/956 1856/1/956 1858/1/957 1857/1/957
f 1857/1/957 1858/1/957 1860/1/958 1859/1/958
f 1859/1/958 1860/1/958 1862/1/959 1861/1/959
f 1861/1/959 1862/1/959 1864/1/960 1863/1/960
f 1863/1/960 1864/1/960 1866/1/961 1865/1/961
f 1865/1/961 1866/1/961 1868/1/962 1867/1/962
f 1867/1/962 1868/1/962 1870/1/963 1869/1/963
f 1869/1/963 1870/1/963 1872/1/964 1871/1/964
f 1871/1/964 1872/1/964 1874/1/965 1873/1/965
f 1873/1/965 1874/1/965 1876/1/966 1875/1/966
f 1875/1/966 1876/1/966 1878/1/967 1877/1/967
f 1877/1/967 1878/1/967 1880/1/968 1879/1/968
f 1879/1/968 1880/1/968 1882/1/969 1881/1/969
f 1881/1/969 1882/1/969 1884/1/970 1883/1/970
f 1883/1/970 1884/1/970 1886/1/971 1885/1/971
f 1885/1/971 1886/1/971 1888/1/972 1887/1/972
f 1887/1/972 1888/1/972 1890/1/973 1889/1/973
f 1889/1/973 1890/1/973 1892/1/974 1891/1/974
f 1891/1/974 1892/1/974 1894/1/975 1893/1/975
f 1893/1/975 1894/1/975 1896/1/976 1895/1/976
f 1854/1/30 1852/1/30 1898/1/30 1896/1/30 1894/1/30 1892/1/30 1890/1/30 1888/1/30 1886/1/30 1884/1/30 1882/1/30 1880/1/30 1878/1/30 1876/1/30 1874/1/30 1872/1/30 1870/1/30 1868/1/30 1866/1/30 1864/1/30 1862/1/30 1860/1/30 1858/1/30 1856/1/30
f 1895/1/976 1896/1/976 1898/1/977 1897/1/977
f 1897/1/977 1898/1/977 1852/1/954 1851/1/954
f 1851/1/26 1853/1/26 1855/1/26 1857/1/26 1859/1/26 1861/1/26 1863/1/26 1865/1/26 1867/1/26 1869/1/26 1871/1/26 1873/1/26 1875/1/26 1877/1/26 1879/1/26 1881/1/26 1883/1/26 1885/1/26 1887/1/26 1889/1/26 1891/1/26 1893/1/26 1895/1/26 1897/1/26
f 2136/59/1088 2134/60/1088 2135/58/1088
f 2136/59/1088 2133/61/1088 2134/60/1088
f 2137/57/1088 2133/61/1088 2136/59/1088
f 2137/57/1088 2132/62/1088 2133/61/1088
f 2138/6/1088 2132/62/1088 2137/57/1088
f 2138/6/1088 2131/1/1088 2132/62/1088
f 2142/60/952 2144/59/952 2143/58/952
f 2142/60/952 2145/57/952 2144/59/952
f 2141/61/952 2145/57/952 2142/60/952
f 2141/61/952 2146/6/952 2145/57/952
f 2140/62/952 2146/6/952 2141/61/952
f 2140/62/952 2139/1/952 2146/6/952
f 2139/7/1089 2147/204/1090 2154/205/1091 2146/65/1089
f 2140/66/1092 2148/206/1093 2147/207/1094 2139/1/1092
f 2141/69/1095 2149/208/1095 2148/206/1095 2140/66/1095
f 2142/71/1096 2150/209/1096 2149/208/1096 2141/69/1096
f 2143/16/1097 2151/210/1098 2150/209/1099 2142/71/1097
f 2144/74/1100 2152/211/1101 2151/210/1102 2143/16/1100
f 2145/76/1103 2153/212/1103 2152/211/1103 2144/74/1103
f 2146/65/1104 2154/205/1104 2153/212/1104 2145/76/1104
f 2147/204/1090 2131/27/1105 2138/348/1105 2154/205/1091
f 2148/206/1093 2132/349/1106 2131/6/1106 2147/207/1094
f 2149/208/1107 2133/350/1107 2132/349/1107 2148/206/1107
f 2150/209/1108 2134/351/1108 2133/350/1108 2149/208/1108
f 2151/210/1098 2135/31/1109 2134/351/1109 2150/209/1099
f 2152/211/1101 2136/352/1110 2135/31/1110 2151/210/1102
f 2153/212/1111 2137/353/1111 2136/352/1111 2152/211/1111
f 2154/205/1112 2138/348/1112 2137/353/1112 2153/212/1112
usemtl ketchup
f 905/1/191 908/1/192 909/1/193 911/1/194
f 906/1/195 910/1/196 909/1/197 908/1/198
f 907/1/199 911/1/200 909/1/201 910/1/202
f 912/1/203 915/1/204 916/1/205 918/1/206
f 913/1/207 917/1/208 916/1/209 915/1/210
f 914/1/211 918/1/212 916/1/213 917/1/214
f 919/1/215 922/1/216 923/1/217 925/1/218
f 920/1/219 924/1/220 923/1/221 922/1/222
f 921/1/223 925/1/224 923/1/225 924/1/226
f 926/1/227 929/1/228 930/1/229 932/1/230
f 927/1/231 931/1/232 930/1/233 929/1/234
f 928/1/235 932/1/236 930/1/237 931/1/238
f 933/1/239 936/1/240 937/1/241 939/1/242
f 934/1/243 938/1/244 937/1/245 936/1/246
f 935/1/247 939/1/248 937/1/249 938/1/250
f 940/1/251 943/1/252 944/1/253 946/1/254
f 941/1/255 945/1/256 944/1/257 943/1/258
f 942/1/259 946/1/260 944/1/261 945/1/262
f 947/1/263 950/1/264 951/1/265 953/1/266
f 948/1/267 952/1/268 951/1/269 950/1/270
f 949/1/271 953/1/272 951/1/273 952/1/274
f 954/1/275 957/1/276 958/1/277 960/1/278
f 955/1/279 959/1/280 958/1/281 957/1/282
f 956/1/283 960/1/284 958/1/285 959/1/286
f 919/1/215 905/1/191 911/1/194 922/1/216
f 922/1/222 911/1/200 907/1/199 920/1/219
f 906/1/195 912/1/203 918/1/206 910/1/196
f 910/1/202 918/1/212 914/1/211 907/1/199
f 913/1/207 926/1/227 932/1/230 917/1/208
f 917/1/214 932/1/236 928/1/235 914/1/211
f 927/1/231 921/1/223 924/1/226 931/1/232
f 931/1/238 924/1/220 920/1/219 928/1/235
f 947/1/263 919/1/215 925/1/218 950/1/264
f 950/1/270 925/1/224 921/1/223 948/1/267
f 926/1/227 954/1/275 960/1/278 929/1/228
f 929/1/234 960/1/284 956/1/283 927/1/231
f 955/1/279 949/1/271 952/1/274 959/1/280
f 959/1/286 952/1/268 948/1/267 956/1/283
f 933/1/239 947/1/263 953/1/266 936/1/240
f 936/1/246 953/1/272 949/1/271 934/1/243
f 954/1/275 940/1/251 946/1/254 957/1/276
f 957/1/282 946/1/260 942/1/259 955/1/279
f 941/1/255 935/1/247 938/1/250 945/1/256
f 945/1/262 938/1/244 934/1/243 942/1/259
f 905/1/191 933/1/239 939/1/242 908/1/192
f 908/1/198 939/1/248 935/1/247 906/1/195
f 940/1/251 913/1/207 915/1/210 943/1/252
f 943/1/258 915/1/204 912/1/203 941/1/255
f 919/1/215 947/1/263 933/1/239 905/1/191
f 907/1/199 914/1/211 928/1/235 920/1/219
f 935/1/247 941/1/255 912/1/203 906/1/195
f 954/1/275 926/1/227 913/1/207 940/1/251
f 921/1/223 927/1/231 956/1/283 948/1/267
f 949/1/271 955/1/279 942/1/259 934/1/243
f 1105/1/400 1108/1/401 1109/1/402 1111/1/403
f 1106/1/404 1110/1/405 1109/1/406 1108/1/407
f 1107/1/408 1111/1/409 1109/1/410 1110/1/411
f 1112/1/412 1115/1/413 1116/1/414 1118/1/415
f 1113/1/416 1117/1/417 1116/1/418 1115/1/419
f 1114/1/420 1118/1/421 1116/1/422 1117/1/423
f 1119/1/424 1122/1/425 1123/1/426 1125/1/427
f 1120/1/428 1124/1/429 1123/1/430 1122/1/431
f 1121/1/432 1125/1/433 1123/1/434 1124/1/435
f 1126/1/436 1129/1/437 1130/1/438 1132/1/439
f 1127/1/440 1131/1/441 1130/1/442 1129/1/443
f 1128/1/444 1132/1/445 1130/1/446 1131/1/447
f 1133/1/448 1136/1/449 1137/1/450 1139/1/451
f 1134/1/452 1138/1/453 1137/1/454 1136/1/455
f 1135/1/456 1139/1/457 1137/1/458 1138/1/459
f 1140/1/460 1143/1/461 1144/1/462 1146/1/463
f 1141/1/464 1145/1/465 1144/1/466 1143/1/467
f 1142/1/468 1146/1/469 1144/1/470 1145/1/471
f 1147/1/472 1150/1/473 1151/1/474 1153/1/475
f 1148/1/476 1152/1/477 1151/1/478 1150/1/479
f 1149/1/480 1153/1/481 1151/1/482 1152/1/483
f 1154/1/484 1157/1/485 1158/1/486 1160/1/487
f 1155/1/488 1159/1/489 1158/1/490 1157/1/491
f 1156/1/492 1160/1/493 1158/1/494 1159/1/495
f 1119/1/424 1105/1/400 1111/1/403 1122/1/425
f 1122/1/431 1111/1/409 1107/1/408 1120/1/428
f 1106/1/404 1112/1/412 1118/1/415 1110/1/405
f 1110/1/411 1118/1/421 1114/1/420 1107/1/408
f 1113/1/416 1126/1/436 1132/1/439 1117/1/417
f 1117/1/423 1132/1/445 1128/1/444 1114/1/420
f 1127/1/440 1121/1/432 1124/1/435 1131/1/441
f 1131/1/447 1124/1/429 1120/1/428 1128/1/444
f 1147/1/472 1119/1/424 1125/1/427 1150/1/473
f 1150/1/479 1125/1/433 1121/1/432 1148/1/476
f 1126/1/436 1154/1/484 1160/1/487 1129/1/437
f 1129/1/443 1160/1/493 1156/1/492 1127/1/440
f 1155/1/488 1149/1/480 1152/1/483 1159/1/489
f 1159/1/495 1152/1/477 1148/1/476 1156/1/492
f 1133/1/448 1147/1/472 1153/1/475 1136/1/449
f 1136/1/455 1153/1/481 1149/1/480 1134/1/452
f 1154/1/484 1140/1/460 1146/1/463 1157/1/485
f 1157/1/491 1146/1/469 1142/1/468 1155/1/488
f 1141/1/464 1135/1/456 1138/1/459 1145/1/465
f 1145/1/471 1138/1/453 1134/1/452 1142/1/468
f 1105/1/400 1133/1/448 1139/1/451 1108/1/401
f 1108/1/407 1139/1/457 1135/1/456 1106/1/404
f 1140/1/460 1113/1/416 1115/1/419 1143/1/461
f 1143/1/467 1115/1/413 1112/1/412 1141/1/464
f 1119/1/424 1147/1/472 1133/1/448 1105/1/400
f 1107/1/408 1114/1/420 1128/1/444 1120/1/428
f 1135/1/456 1141/1/464 1112/1/412 1106/1/404
f 1154/1/484 1126/1/436 1113/1/416 1140/1/460
f 1121/1/432 1127/1/440 1156/1/492 1148/1/476
f 1149/1/480 1155/1/488 1142/1/468 1134/1/452
f 2114/6/1066 2112/59/1066 2113/57/1066
f 2114/6/1066 2111/58/1066 2112/59/1066
f 2107/1/1066 2111/58/1066 2114/6/1066
f 2107/1/1066 2110/60/1066 2111/58/1066
f 2108/62/1066 2110/60/1066 2107/1/1066
f 2108/62/1066 2109/61/1066 2110/60/1066
f 2120/59/1067 2122/6/1067 2121/57/1067
f 2119/58/1067 2122/6/1067 2120/59/1067
f 2119/58/1067 2115/1/1067 2122/6/1067
f 2118/60/1067 2115/1/1067 2119/58/1067
f 2118/60/1067 2116/62/1067 2115/1/1067
f 2117/61/1067 2116/62/1067 2118/60/1067
f 2115/7/1068 2123/204/1068 2130/205/1068 2122/65/1068
f 2116/66/1069 2124/206/1070 2123/207/1071 2115/1/1069
f 2117/69/1072 2125/208/1072 2124/206/1072 2116/66/1072
f 2118/71/1073 2126/209/1073 2125/208/1073 2117/69/1073
f 2119/16/1074 2127/210/1074 2126/209/1074 2118/71/1074
f 2120/74/1075 2128/211/1076 2127/210/1077 2119/16/1075
f 2121/76/1078 2129/212/1078 2128/211/1078 2120/74/1078
f 2122/65/1079 2130/205/1079 2129/212/1079 2121/76/1079
f 2123/204/1080 2107/27/1080 2114/348/1080 2130/205/1080
f 2124/206/1070 2108/349/1081 2107/6/1081 2123/207/1071
f 2125/208/1082 2109/350/1082 2108/349/1082 2124/206/1082
f 2126/209/1083 2110/351/1083 2109/350/1083 2125/208/1083
f 2127/210/1084 2111/31/1084 2110/351/1084 2126/209/1084
f 2128/211/1076 2112/352/1085 2111/31/1085 2127/210/1077
f 2129/212/1086 2113/353/1086 2112/352/1086 2128/211/1086
f 2130/205/1087 2114/348/1087 2113/353/1087 2129/212/1087
f 2445/5/1469 2443/4/1470 2444/2/1470
f 2446/6/1470 2443/4/1470 2445/5/1469
f 2446/6/1470 2442/3/1470 2443/4/1470
f 2441/1/1470 2442/3/1470 2446/6/1470
f 2449/4/1471 2451/5/1471 2450/2/1472
f 2449/4/1471 2452/6/1471 2451/5/1471
f 2448/3/1471 2452/6/1471 2449/4/1471
f 2448/3/1471 2447/1/1471 2452/6/1471
f 2447/7/1473 2453/354/1474 2458/355/1475 2452/10/1476
f 2448/11/1477 2454/356/1478 2453/357/1474 2447/1/1473
f 2449/14/1479 2455/358/1480 2454/356/1478 2448/11/1477
f 2450/16/1481 2456/359/1482 2455/358/1483 2449/14/1484
f 2451/18/1485 2457/360/1486 2456/359/1482 2450/16/1481
f 2452/10/1487 2458/355/1488 2457/360/1486 2451/18/1485
f 2453/354/1474 2459/361/1489 2464/362/1490 2458/355/1475
f 2454/356/1478 2460/363/1491 2459/364/1489 2453/357/1474
f 2455/358/1480 2461/365/1492 2460/363/1491 2454/356/1478
f 2456/359/1482 2462/366/1493 2461/365/1494 2455/358/1483
f 2457/360/1486 2463/367/1495 2462/366/1493 2456/359/1482
f 2458/355/1488 2464/362/1496 2463/367/1495 2457/360/1486
f 2459/361/1489 2465/368/1497 2470/369/1498 2464/362/1490
f 2460/363/1491 2466/370/1499 2465/371/1497 2459/364/1489
f 2461/365/1492 2467/372/1500 2466/370/1499 2460/363/1491
f 2462/366/1493 2468/373/1501 2467/372/1502 2461/365/1494
f 2463/367/1495 2469/374/1503 2468/373/1501 2462/366/1493
f 2464/362/1496 2470/369/1504 2469/374/1503 2463/367/1495
f 2465/368/1497 2471/33/1505 2476/34/1506 2470/369/1498
f 2466/370/1499 2472/35/1507 2471/3/1505 2465/371/1497
f 2467/372/1500 2473/36/1508 2472/35/1507 2466/370/1499
f 2468/373/1501 2474/37/1509 2473/36/1510 2467/372/1502
f 2469/374/1503 2475/38/1511 2474/37/1509 2468/373/1501
f 2470/369/1504 2476/34/1512 2475/38/1511 2469/374/1503
f 2471/33/1505 2477/132/1513 2482/375/1514 2476/34/1506
f 2472/35/1507 2478/376/1515 2477/135/1513 2471/3/1505
f 2473/36/1508 2479/377/1516 2478/376/1515 2472/35/1507
f 2474/37/1509 2480/138/1517 2479/377/1518 2473/36/1510
f 2475/38/1511 2481/378/1519 2480/138/1517 2474/37/1509
f 2476/34/1512 2482/375/1520 2481/378/1519 2475/38/1511
f 2477/132/1513 2483/379/1521 2488/380/1522 2482/375/1514
f 2478/376/1515 2484/381/1523 2483/382/1521 2477/135/1513
f 2479/377/1516 2485/383/1524 2484/381/1523 2478/376/1515
f 2480/138/1517 2486/384/1525 2485/383/1526 2479/377/1518
f 2481/378/1519 2487/385/1527 2486/384/1525 2480/138/1517
f 2482/375/1520 2488/380/1528 2487/385/1527 2481/378/1519
f 2483/379/1521 2489/386/1529 2494/387/1530 2488/380/1522
f 2484/381/1523 2490/388/1531 2489/389/1529 2483/382/1521
f 2485/383/1524 2491/390/1532 2490/388/1531 2484/381/1523
f 2486/384/1525 2492/391/1533 2491/390/1534 2485/383/1526
f 2487/385/1527 2493/392/1535 2492/391/1533 2486/384/1525
f 2488/380/1528 2494/387/1536 2493/392/1535 2487/385/1527
f 2489/386/1529 2495/39/1537 2500/40/1538 2494/387/1530
f 2490/388/1531 2496/41/1539 2495/4/1537 2489/389/1529
f 2491/390/1532 2497/42/1540 2496/41/1539 2490/388/1531
f 2492/391/1533 2498/43/1541 2497/42/1542 2491/390/1534
f 2493/392/1535 2499/44/1543 2498/43/1541 2492/391/1533
f 2494/387/1536 2500/40/1544 2499/44/1543 2493/392/1535
f 2495/39/1537 2501/393/1545 2506/394/1546 2500/40/1538
f 2496/41/1539 2502/395/1547 2501/396/1545 2495/4/1537
f 2497/42/1540 2503/397/1548 2502/395/1547 2496/41/1539
f 2498/43/1541 2504/398/1549 2503/397/1550 2497/42/1542
f 2499/44/1543 2505/399/1551 2504/398/1549 2498/43/1541
f 2500/40/1544 2506/394/1552 2505/399/1551 2499/44/1543
f 2501/393/1545 2507/204/1553 2512/400/1554 2506/394/1546
f 2502/395/1547 2508/401/1555 2507/207/1553 2501/396/1545
f 2503/397/1548 2509/402/1556 2508/401/1555 2502/395/1547
f 2504/398/1549 2510/210/1557 2509/402/1558 2503/397/1550
f 2505/399/1551 2511/403/1559 2510/210/1557 2504/398/1549
f 2506/394/1552 2512/400/1560 2511/403/1559 2505/399/1551
f 2507/204/1553 2513/404/1561 2518/405/1562 2512/400/1554
f 2508/401/1555 2514/406/1563 2513/407/1561 2507/207/1553
f 2509/402/1556 2515/408/1564 2514/406/1563 2508/401/1555
f 2510/210/1557 2516/409/1565 2515/408/1566 2509/402/1558
f 2511/403/1559 2517/410/1567 2516/409/1565 2510/210/1557
f 2512/400/1560 2518/405/1568 2517/410/1567 2511/403/1559
f 2513/404/1561 2519/45/1569 2524/46/1570 2518/405/1562
f 2514/406/1563 2520/47/1571 2519/2/1569 2513/407/1561
f 2515/408/1564 2521/48/1572 2520/47/1571 2514/406/1563
f 2516/409/1565 2522/49/1573 2521/48/1574 2515/408/1566
f 2517/410/1567 2523/50/1575 2522/49/1573 2516/409/1565
f 2518/405/1568 2524/46/1576 2523/50/1575 2517/410/1567
f 2519/45/1569 2525/411/1577 2530/412/1578 2524/46/1570
f 2520/47/1571 2526/413/1579 2525/414/1577 2519/2/1569
f 2521/48/1572 2527/415/1580 2526/413/1579 2520/47/1571
f 2522/49/1573 2528/416/1581 2527/415/1582 2521/48/1574
f 2523/50/1575 2529/417/1583 2528/416/1581 2522/49/1573
f 2524/46/1576 2530/412/1584 2529/417/1583 2523/50/1575
f 2525/411/1577 2531/418/1585 2536/419/1586 2530/412/1578
f 2526/413/1579 2532/420/1587 2531/421/1585 2525/414/1577
f 2527/415/1580 2533/422/1588 2532/420/1587 2526/413/1579
f 2528/416/1581 2534/423/1589 2533/422/1590 2527/415/1582
f 2529/417/1583 2535/424/1591 2534/423/1589 2528/416/1581
f 2530/412/1584 2536/419/1592 2535/424/1591 2529/417/1583
f 2531/418/1585 2537/276/1593 2542/425/1594 2536/419/1586
f 2532/420/1587 2538/426/1595 2537/279/1593 2531/421/1585
f 2533/422/1588 2539/427/1596 2538/426/1595 2532/420/1587
f 2534/423/1589 2540/282/1597 2539/427/1598 2533/422/1590
f 2535/424/1591 2541/428/1599 2540/282/1597 2534/423/1589
f 2536/419/1592 2542/425/1600 2541/428/1599 2535/424/1591
f 2537/276/1593 2543/51/1601 2548/52/1602 2542/425/1594
f 2538/426/1595 2544/53/1603 2543/5/1601 2537/279/1593
f 2539/427/1596 2545/54/1604 2544/53/1603 2538/426/1595
f 2540/282/1597 2546/55/1605 2545/54/1606 2539/427/1598
f 2541/428/1599 2547/56/1607 2546/55/1605 2540/282/1597
f 2542/425/1600 2548/52/1608 2547/56/1607 2541/428/1599
f 2543/51/1601 2549/429/1609 2554/430/1610 2548/52/1602
f 2544/53/1603 2550/431/1611 2549/432/1609 2543/5/1601
f 2545/54/1604 2551/433/1612 2550/431/1611 2544/53/1603
f 2546/55/1605 2552/434/1613 2551/433/1614 2545/54/1606
f 2547/56/1607 2553/435/1615 2552/434/1613 2546/55/1605
f 2548/52/1608 2554/430/1616 2553/435/1615 2547/56/1607
f 2549/429/1609 2555/436/1617 2560/437/1618 2554/430/1610
f 2550/431/1611 2556/438/1619 2555/439/1617 2549/432/1609
f 2551/433/1612 2557/440/1620 2556/438/1619 2550/431/1611
f 2552/434/1613 2558/441/1621 2557/440/1622 2551/433/1614
f 2553/435/1615 2559/442/1623 2558/441/1621 2552/434/1613
f 2554/430/1616 2560/437/1624 2559/442/1623 2553/435/1615
f 2555/436/1617 2561/443/1625 2566/444/1626 2560/437/1618
f 2556/438/1619 2562/445/1627 2561/446/1625 2555/439/1617
f 2557/440/1620 2563/447/1628 2562/445/1627 2556/438/1619
f 2558/441/1621 2564/448/1629 2563/447/1630 2557/440/1622
f 2559/442/1623 2565/449/1631 2564/448/1629 2558/441/1621
f 2560/437/1624 2566/444/1632 2565/449/1631 2559/442/1623
f 2561/443/1625 2441/27/1633 2446/28/1634 2566/444/1626
f 2562/445/1627 2442/29/1635 2441/6/1633 2561/446/1625
f 2563/447/1628 2443/30/1636 2442/29/1635 2562/445/1627
f 2564/448/1629 2444/31/1637 2443/30/1638 2563/447/1630
f 2565/449/1631 2445/32/1639 2444/31/1637 2564/448/1629
f 2566/444/1632 2446/28/1640 2445/32/1639 2565/449/1631
usemtl mustard
f 1361/1/95 1364/1/96 1365/1/97 1367/1/98
f 1362/1/99 1366/1/100 1365/1/101 1364/1/102
f 1363/1/103 1367/1/104 1365/1/105 1366/1/106
f 1368/1/107 1371/1/108 1372/1/109 1374/1/110
f 1369/1/111 1373/1/112 1372/1/113 1371/1/114
f 1370/1/115 1374/1/116 1372/1/117 1373/1/118
f 1375/1/119 1378/1/120 1379/1/121 1381/1/122
f 1376/1/123 1380/1/124 1379/1/125 1378/1/126
f 1377/1/127 1381/1/128 1379/1/129 1380/1/130
f 1382/1/131 1385/1/132 1386/1/133 1388/1/134
f 1383/1/135 1387/1/136 1386/1/137 1385/1/138
f 1384/1/139 1388/1/140 1386/1/141 1387/1/142
f 1389/1/143 1392/1/144 1393/1/145 1395/1/146
f 1390/1/147 1394/1/148 1393/1/149 1392/1/150
f 1391/1/151 1395/1/152 1393/1/153 1394/1/154
f 1396/1/155 1399/1/156 1400/1/157 1402/1/158
f 1397/1/159 1401/1/160 1400/1/161 1399/1/162
f 1398/1/163 1402/1/164 1400/1/165 1401/1/166
f 1403/1/167 1406/1/168 1407/1/169 1409/1/170
f 1404/1/171 1408/1/172 1407/1/173 1406/1/174
f 1405/1/175 1409/1/176 1407/1/177 1408/1/178
f 1410/1/179 1413/1/180 1414/1/181 1416/1/182
f 1411/1/183 1415/1/184 1414/1/185 1413/1/186
f 1412/1/187 1416/1/188 1414/1/189 1415/1/190
f 1375/1/119 1361/1/95 1367/1/98 1378/1/120
f 1378/1/126 1367/1/104 1363/1/103 1376/1/123
f 1362/1/99 1368/1/107 1374/1/110 1366/1/100
f 1366/1/106 1374/1/116 1370/1/115 1363/1/103
f 1369/1/111 1382/1/131 1388/1/134 1373/1/112
f 1373/1/118 1388/1/140 1384/1/139 1370/1/115
f 1383/1/135 1377/1/127 1380/1/130 1387/1/136
f 1387/1/142 1380/1/124 1376/1/123 1384/1/139
f 1403/1/167 1375/1/119 1381/1/122 1406/1/168
f 1406/1/174 1381/1/128 1377/1/127 1404/1/171
f 1382/1/131 1410/1/179 1416/1/182 1385/1/132
f 1385/1/138 1416/1/188 1412/1/187 1383/1/135
f 1411/1/183 1405/1/175 1408/1/178 1415/1/184
f 1415/1/190 1408/1/172 1404/1/171 1412/1/187
f 1389/1/143 1403/1/167 1409/1/170 1392/1/144
f 1392/1/150 1409/1/176 1405/1/175 1390/1/147
f 1410/1/179 1396/1/155 1402/1/158 1413/1/180
f 1413/1/186 1402/1/164 1398/1/163 1411/1/183
f 1397/1/159 1391/1/151 1394/1/154 1401/1/160
f 1401/1/166 1394/1/148 1390/1/147 1398/1/163
f 1361/1/95 1389/1/143 1395/1/146 1364/1/96
f 1364/1/102 1395/1/152 1391/1/151 1362/1/99
f 1396/1/155 1369/1/111 1371/1/114 1399/1/156
f 1399/1/162 1371/1/108 1368/1/107 1397/1/159
f 1375/1/119 1403/1/167 1389/1/143 1361/1/95
f 1363/1/103 1370/1/115 1384/1/139 1376/1/123
f 1391/1/151 1397/1/159 1368/1/107 1362/1/99
f 1410/1/179 1382/1/131 1369/1/111 1396/1/155
f 1377/1/127 1383/1/135 1412/1/187 1404/1/171
f 1405/1/175 1411/1/183 1398/1/163 1390/1/147
f 1899/1/978 1900/1/979 1924/1/979 1923/1/978
f 1900/1/979 1901/1/980 1925/1/980 1924/1/979
f 1901/1/980 1902/1/981 1926/1/981 1925/1/980
f 1902/1/981 1903/1/982 1927/1/982 1926/1/981
f 1903/1/982 1904/1/983 1928/1/983 1927/1/982
f 1904/1/983 1905/1/31 1929/1/31 1928/1/983
f 1905/1/31 1906/1/984 1930/1/984 1929/1/31
f 1906/1/984 1907/1/985 1931/1/985 1930/1/984
f 1907/1/985 1908/1/986 1932/1/986 1931/1/985
f 1908/1/986 1909/1/987 1933/1/987 1932/1/986
f 1909/1/987 1910/1/988 1934/1/988 1933/1/987
f 1910/1/988 1911/1/989 1935/1/989 1934/1/988
f 1911/1/989 1912/1/990 1936/1/990 1935/1/989
f 1912/1/990 1913/1/991 1937/1/991 1936/1/990
f 1913/1/991 1914/1/992 1938/1/992 1937/1/991
f 1914/1/992 1915/1/993 1939/1/993 1938/1/992
f 1915/1/993 1916/1/994 1940/1/994 1939/1/993
f 1916/1/994 1917/1/34 1941/1/34 1940/1/994
f 1917/1/34 1918/1/995 1942/1/995 1941/1/34
f 1918/1/995 1919/1/996 1943/1/996 1942/1/995
f 1919/1/996 1920/1/997 1944/1/997 1943/1/996
f 1920/1/997 1921/1/998 1945/1/998 1944/1/997
f 1921/1/998 1922/1/999 1946/1/999 1945/1/998
f 1922/1/999 1899/1/978 1923/1/978 1946/1/999
f 1923/1/1000 1924/1/1001 1948/1/1001 1947/1/1000
f 1924/1/1001 1925/1/1002 1949/1/1002 1948/1/1001
f 1925/1/1002 1926/1/1003 1950/1/1003 1949/1/1002
f 1926/1/1003 1927/1/1004 1951/1/1004 1950/1/1003
f 1927/1/1004 1928/1/1005 1952/1/1005 1951/1/1004
f 1928/1/1005 1929/1/33 1953/1/33 1952/1/1005
f 1929/1/33 1930/1/1006 1954/1/1006 1953/1/33
f 1930/1/1006 1931/1/1007 1955/1/1007 1954/1/1006
f 1931/1/1007 1932/1/1008 1956/1/1008 1955/1/1007
f 1932/1/1008 1933/1/1009 1957/1/1009 1956/1/1008
f 1933/1/1009 1934/1/1010 1958/1/1010 1957/1/1009
f 1934/1/1010 1935/1/1011 1959/1/1011 1958/1/1010
f 1935/1/1011 1936/1/1012 1960/1/1012 1959/1/1011
f 1936/1/1012 1937/1/1013 1961/1/1013 1960/1/1012
f 1937/1/1013 1938/1/1014 1962/1/1014 1961/1/1013
f 1938/1/1014 1939/1/1015 1963/1/1015 1962/1/1014
f 1939/1/1015 1940/1/1016 1964/1/1016 1963/1/1015
f 1940/1/1016 1941/1/32 1965/1/32 1964/1/1016
f 1941/1/32 1942/1/1017 1966/1/1017 1965/1/32
f 1942/1/1017 1943/1/1018 1967/1/1018 1966/1/1017
f 1943/1/1018 1944/1/1019 1968/1/1019 1967/1/1018
f 1944/1/1019 1945/1/1020 1969/1/1020 1968/1/1019
f 1945/1/1020 1946/1/1021 1970/1/1021 1969/1/1020
f 1946/1/1021 1923/1/1000 1947/1/1000 1970/1/1021
f 1947/1/28 1948/1/950 1972/1/950 1971/1/28
f 1948/1/950 1949/1/92 1973/1/92 1972/1/950
f 1949/1/92 1950/1/625 1974/1/625 1973/1/92
f 1950/1/625 1951/1/91 1975/1/91 1974/1/625
f 1951/1/91 1952/1/949 1976/1/949 1975/1/91
f 1952/1/949 1953/1/27 1977/1/27 1976/1/949
f 1953/1/27 1954/1/948 1978/1/948 1977/1/27
f 1954/1/948 1955/1/90 1979/1/90 1978/1/948
f 1955/1/90 1956/1/947 1980/1/947 1979/1/90
f 1956/1/947 1957/1/89 1981/1/89 1980/1/947
f 1957/1/89 1958/1/946 1982/1/946 1981/1/89
f 1958/1/946 1959/1/25 1983/1/25 1982/1/946
f 1959/1/25 1960/1/945 1984/1/945 1983/1/25
f 1960/1/945 1961/1/88 1985/1/88 1984/1/945
f 1961/1/88 1962/1/944 1986/1/944 1985/1/88
f 1962/1/944 1963/1/87 1987/1/87 1986/1/944
f 1963/1/87 1964/1/943 1988/1/943 1987/1/87
f 1964/1/943 1965/1/29 1989/1/29 1988/1/943
f 1965/1/29 1966/1/953 1990/1/953 1989/1/29
f 1966/1/953 1967/1/94 1991/1/94 1990/1/953
f 1967/1/94 1968/1/952 1992/1/952 1991/1/94
f 1968/1/952 1969/1/93 1993/1/93 1992/1/952
f 1969/1/93 1970/1/951 1994/1/951 1993/1/93
f 1970/1/951 1947/1/28 1971/1/28 1994/1/951
f 1971/1/1022 1972/1/1023 1996/1/1023 1995/1/1022
f 1972/1/1023 1973/1/1024 1997/1/1024 1996/1/1023
f 1973/1/1024 1974/1/1025 1998/1/1025 1997/1/1024
f 1974/1/1025 1975/1/1026 1999/1/1026 1998/1/1025
f 1975/1/1026 1976/1/1027 2000/1/1027 1999/1/1026
f 1976/1/1027 1977/1/36 2001/1/36 2000/1/1027
f 1977/1/36 1978/1/1028 2002/1/1028 2001/1/36
f 1978/1/1028 1979/1/1029 2003/1/1029 2002/1/1028
f 1979/1/1029 1980/1/1030 2004/1/1030 2003/1/1029
f 1980/1/1030 1981/1/1031 2005/1/1031 2004/1/1030
f 1981/1/1031 1982/1/1032 2006/1/1032 2005/1/1031
f 1982/1/1032 1983/1/1033 2007/1/1033 2006/1/1032
f 1983/1/1033 1984/1/1034 2008/1/1034 2007/1/1033
f 1984/1/1034 1985/1/1035 2009/1/1035 2008/1/1034
f 1985/1/1035 1986/1/1036 2010/1/1036 2009/1/1035
f 1986/1/1036 1987/1/1037 2011/1/1037 2010/1/1036
f 1987/1/1037 1988/1/1038 2012/1/1038 2011/1/1037
f 1988/1/1038 1989/1/37 2013/1/37 2012/1/1038
f 1989/1/37 1990/1/1039 2014/1/1039 2013/1/37
f 1990/1/1039 1991/1/1040 2015/1/1040 2014/1/1039
f 1991/1/1040 1992/1/1041 2016/1/1041 2015/1/1040
f 1992/1/1041 1993/1/1042 2017/1/1042 2016/1/1041
f 1993/1/1042 1994/1/1043 2018/1/1043 2017/1/1042
f 1994/1/1043 1971/1/1022 1995/1/1022 2018/1/1043
f 1995/1/1044 1996/1/1045 1900/1/1045 1899/1/1044
f 1996/1/1045 1997/1/1046 1901/1/1046 1900/1/1045
f 1997/1/1046 1998/1/1047 1902/1/1047 1901/1/1046
f 1998/1/1047 1999/1/1048 1903/1/1048 1902/1/1047
f 1999/1/1048 2000/1/1049 1904/1/1049 1903/1/1048
f 2000/1/1049 2001/1/38 1905/1/38 1904/1/1049
f 2001/1/38 2002/1/1050 1906/1/1050 1905/1/38
f 2002/1/1050 2003/1/1051 1907/1/1051 1906/1/1050
f 2003/1/1051 2004/1/1052 1908/1/1052 1907/1/1051
f 2004/1/1052 2005/1/1053 1909/1/1053 1908/1/1052
f 2005/1/1053 2006/1/1054 1910/1/1054 1909/1/1053
f 2006/1/1054 2007/1/1055 1911/1/1055 1910/1/1054
f 2007/1/1055 2008/1/1056 1912/1/1056 1911/1/1055
f 2008/1/1056 2009/1/1057 1913/1/1057 1912/1/1056
f 2009/1/1057 2010/1/1058 1914/1/1058 1913/1/1057
f 2010/1/1058 2011/1/1059 1915/1/1059 1914/1/1058
f 2011/1/1059 2012/1/1060 1916/1/1060 1915/1/1059
f 2012/1/1060 2013/1/35 1917/1/35 1916/1/1060
f 2013/1/35 2014/1/1061 1918/1/1061 1917/1/35
f 2014/1/1061 2015/1/1062 1919/1/1062 1918/1/1061
f 2015/1/1062 2016/1/1063 1920/1/1063 1919/1/1062
f 2016/1/1063 2017/1/1064 1921/1/1064 1920/1/1063
f 2017/1/1064 2018/1/1065 1922/1/1065 1921/1/1064
f 2018/1/1065 1995/1/1044 1899/1/1044 1922/1/1065
f 2571/5/1641 2569/4/1641 2570/2/1642
f 2572/6/1641 2569/4/1641 2571/5/1641
f 2572/6/1641 2568/3/1641 2569/4/1641
f 2567/1/1643 2568/3/1641 2572/6/1641
f 2575/4/1644 2577/5/1644 2576/2/1644
f 2575/4/1644 2578/6/1644 2577/5/1644
f 2574/3/1644 2578/6/1644 2575/4/1644
f 2574/3/1644 2573/1/1644 2578/6/1644
f 2573/7/1645 2579/354/1646 2584/355/1647 2578/10/1648
f 2574/11/1649 2580/356/1650 2579/357/1646 2573/1/1645
f 2575/14/1651 2581/358/1652 2580/356/1650 2574/11/1649
f 2576/16/1653 2582/359/1654 2581/358/1655 2575/14/1656
f 2577/18/1657 2583/360/1658 2582/359/1654 2576/16/1653
f 2578/10/1659 2584/355/1660 2583/360/1658 2577/18/1657
f 2579/354/1646 2585/361/1661 2590/362/1662 2584/355/1647
f 2580/356/1650 2586/363/1663 2585/364/1661 2579/357/1646
f 2581/358/1652 2587/365/1664 2586/363/1663 2580/356/1650
f 2582/359/1654 2588/366/1665 2587/365/1666 2581/358/1655
f 2583/360/1658 2589/367/1667 2588/366/1665 2582/359/1654
f 2584/355/1660 2590/362/1668 2589/367/1667 2583/360/1658
f 2585/361/1661 2591/368/1669 2596/369/1670 2590/362/1662
f 2586/363/1663 2592/370/1671 2591/371/1669 2585/364/1661
f 2587/365/1664 2593/372/1672 2592/370/1671 2586/363/1663
f 2588/366/1665 2594/373/1673 2593/372/1674 2587/365/1666
f 2589/367/1667 2595/374/1675 2594/373/1673 2588/366/1665
f 2590/362/1668 2596/369/1676 2595/374/1675 2589/367/1667
f 2591/368/1669 2597/33/1677 2602/34/1678 2596/369/1670
f 2592/370/1671 2598/35/1679 2597/3/1677 2591/371/1669
f 2593/372/1672 2599/36/1680 2598/35/1679 2592/370/1671
f 2594/373/1673 2600/37/1681 2599/36/1682 2593/372/1674
f 2595/374/1675 2601/38/1683 2600/37/1681 2594/373/1673
f 2596/369/1676 2602/34/1684 2601/38/1683 2595/374/1675
f 2597/33/1677 2603/132/1685 2608/375/1686 2602/34/1678
f 2598/35/1679 2604/376/1687 2603/135/1685 2597/3/1677
f 2599/36/1680 2605/377/1688 2604/376/1687 2598/35/1679
f 2600/37/1681 2606/138/1689 2605/377/1690 2599/36/1682
f 2601/38/1683 2607/378/1691 2606/138/1689 2600/37/1681
f 2602/34/1684 2608/375/1692 2607/378/1691 2601/38/1683
f 2603/132/1685 2609/379/1693 2614/380/1694 2608/375/1686
f 2604/376/1687 2610/381/1695 2609/382/1693 2603/135/1685
f 2605/377/1688 2611/383/1696 2610/381/1695 2604/376/1687
f 2606/138/1689 2612/384/1697 2611/383/1698 2605/377/1690
f 2607/378/1691 2613/385/1699 2612/384/1697 2606/138/1689
f 2608/375/1692 2614/380/1700 2613/385/1699 2607/378/1691
f 2609/379/1693 2615/386/1701 2620/387/1702 2614/380/1694
f 2610/381/1695 2616/388/1703 2615/389/1701 2609/382/1693
f 2611/383/1696 2617/390/1704 2616/388/1703 2610/381/1695
f 2612/384/1697 2618/391/1705 2617/390/1706 2611/383/1698
f 2613/385/1699 2619/392/1707 2618/391/1705 2612/384/1697
f 2614/380/1700 2620/387/1708 2619/392/1707 2613/385/1699
f 2615/386/1701 2621/39/1709 2626/40/1710 2620/387/1702
f 2616/388/1703 2622/41/1711 2621/4/1709 2615/389/1701
f 2617/390/1704 2623/42/1712 2622/41/1711 2616/388/1703
f 2618/391/1705 2624/43/1713 2623/42/1714 2617/390/1706
f 2619/392/1707 2625/44/1715 2624/43/1713 2618/391/1705
f 2620/387/1708 2626/40/1716 2625/44/1715 2619/392/1707
f 2621/39/1709 2627/393/1717 2632/394/1718 2626/40/1710
f 2622/41/1711 2628/395/1719 2627/396/1717 2621/4/1709
f 2623/42/1712 2629/397/1720 2628/395/1719 2622/41/1711
f 2624/43/1713 2630/398/1721 2629/397/1722 2623/42/1714
f 2625/44/1715 2631/399/1723 2630/398/1721 2624/43/1713
f 2626/40/1716 2632/394/1724 2631/399/1723 2625/44/1715
f 2627/393/1717 2633/204/1725 2638/400/1726 2632/394/1718
f 2628/395/1719 2634/401/1727 2633/207/1725 2627/396/1717
f 2629/397/1720 2635/402/1728 2634/401/1727 2628/395/1719
f 2630/398/1721 2636/210/1729 2635/402/1730 2629/397/1722
f 2631/399/1723 2637/403/1731 2636/210/1729 2630/398/1721
f 2632/394/1724 2638/400/1732 2637/403/1731 2631/399/1723
f 2633/204/1725 2639/404/1733 2644/405/1734 2638/400/1726
f 2634/401/1727 2640/406/1735 2639/407/1733 2633/207/1725
f 2635/402/1728 2641/408/1736 2640/406/1735 2634/401/1727
f 2636/210/1729 2642/409/1737 2641/408/1738 2635/402/1730
f 2637/403/1731 2643/410/1739 2642/409/1737 2636/210/1729
f 2638/400/1732 2644/405/1740 2643/410/1739 2637/403/1731
f 2639/404/1733 2645/45/1741 2650/46/1742 2644/405/1734
f 2640/406/1735 2646/47/1743 2645/2/1741 2639/407/1733
f 2641/408/1736 2647/48/1744 2646/47/1743 2640/406/1735
f 2642/409/1737 2648/49/1745 2647/48/1746 2641/408/1738
f 2643/410/1739 2649/50/1747 2648/49/1745 2642/409/1737
f 2644/405/1740 2650/46/1748 2649/50/1747 2643/410/1739
f 2645/45/1741 2651/411/1749 2656/412/1750 2650/46/1742
f 2646/47/1743 2652/413/1751 2651/414/1749 2645/2/1741
f 2647/48/1744 2653/415/1752 2652/413/1751 2646/47/1743
f 2648/49/1745 2654/416/1753 2653/415/1754 2647/48/1746
f 2649/50/1747 2655/417/1755 2654/416/1753 2648/49/1745
f 2650/46/1748 2656/412/1756 2655/417/1755 2649/50/1747
f 2651/411/1749 2657/418/1757 2662/419/1758 2656/412/1750
f 2652/413/1751 2658/420/1759 2657/421/1757 2651/414/1749
f 2653/415/1752 2659/422/1760 2658/420/1759 2652/413/1751
f 2654/416/1753 2660/423/1761 2659/422/1762 2653/415/1754
f 2655/417/1755 2661/424/1763 2660/423/1761 2654/416/1753
f 2656/412/1756 2662/419/1764 2661/424/1763 2655/417/1755
f 2657/418/1757 2663/276/1765 2668/425/1766 2662/419/1758
f 2658/420/1759 2664/426/1767 2663/279/1765 2657/421/1757
f 2659/422/1760 2665/427/1768 2664/426/1767 2658/420/1759
f 2660/423/1761 2666/282/1769 2665/427/1770 2659/422/1762
f 2661/424/1763 2667/428/1771 2666/282/1769 2660/423/1761
f 2662/419/1764 2668/425/1772 2667/428/1771 2661/424/1763
f 2663/276/1765 2669/51/1773 2674/52/1774 2668/425/1766
f 2664/426/1767 2670/53/1775 2669/5/1773 2663/279/1765
f 2665/427/1768 2671/54/1776 2670/53/1775 2664/426/1767
f 2666/282/1769 2672/55/1777 2671/54/1778 2665/427/1770
f 2667/428/1771 2673/56/1779 2672/55/1777 2666/282/1769
f 2668/425/1772 2674/52/1780 2673/56/1779 2667/428/1771
f 2669/51/1773 2675/429/1781 2680/430/1782 2674/52/1774
f 2670/53/1775 2676/431/1783 2675/432/1781 2669/5/1773
f 2671/54/1776 2677/433/1784 2676/431/1783 2670/53/1775
f 2672/55/1777 2678/434/1785 2677/433/1786 2671/54/1778
f 2673/56/1779 2679/435/1787 2678/434/1785 2672/55/1777
f 2674/52/1780 2680/430/1788 2679/435/1787 2673/56/1779
f 2675/429/1781 2681/436/1789 2686/437/1790 2680/430/1782
f 2676/431/1783 2682/438/1791 2681/439/1789 2675/432/1781
f 2677/433/1784 2683/440/1792 2682/438/1791 2676/431/1783
f 2678/434/1785 2684/441/1793 2683/440/1794 2677/433/1786
f 2679/435/1787 2685/442/1795 2684/441/1793 2678/434/1785
f 2680/430/1788 2686/437/1796 2685/442/1795 2679/435/1787
f 2681/436/1789 2687/443/1797 2692/444/1798 2686/437/1790
f 2682/438/1791 2688/445/1799 2687/446/1797 2681/439/1789
f 2683/440/1792 2689/447/1800 2688/445/1799 2682/438/1791
f 2684/441/1793 2690/448/1801 2689/447/1802 2683/440/1794
f 2685/442/1795 2691/449/1803 2690/448/1801 2684/441/1793
f 2686/437/1796 2692/444/1804 2691/449/1803 2685/442/1795
f 2687/443/1797 2567/27/1805 2572/28/1806 2692/444/1798
f 2688/445/1799 2568/29/1807 2567/6/1805 2687/446/1797
f 2689/447/1800 2569/30/1808 2568/29/1807 2688/445/1799
f 2690/448/1801 2570/31/1809 2569/30/1810 2689/447/1802
f 2691/449/1803 2571/32/1811 2570/31/1809 2690/448/1801
f 2692/444/1804 2572/28/1812 2571/32/1811 2691/449/1803
usemtl black
f 1417/1/26 1418/1/26 1420/1/26 1419/1/26
f 1419/1/29 1420/1/29 1424/1/29 1423/1/29
f 1423/1/30 1424/1/30 1422/1/30 1421/1/30
f 1421/1/27 1422/1/27 1418/1/27 1417/1/27
f 1419/1/25 1423/1/25 1421/1/25 1417/1/25
f 1424/1/28 1420/1/28 1418/1/28 1422/1/28
f 1507/4/625 1505/1/625 1506/3/625
f 1507/4/625 1510/6/625 1505/1/625
f 1508/2/625 1510/6/625 1507/4/625
f 1508/2/625 1509/5/625 1510/6/625
f 1507/4/626 1514/5/626 1513/2/626
f 1507/4/626 1510/6/626 1514/5/626
f 1512/3/626 1510/6/626 1507/4/626
f 1512/3/626 1511/1/626 1510/6/626
f 1511/7/627 1515/33/627 1520/34/627 1510/10/627
f 1512/11/628 1516/35/628 1515/3/628 1511/1/628
f 1507/14/629 1517/36/629 1516/35/629 1512/11/629
f 1513/16/630 1518/37/630 1517/36/630 1507/14/630
f 1514/18/631 1519/38/631 1518/37/631 1513/16/631
f 1510/10/632 1520/34/632 1519/38/632 1514/18/632
f 1515/33/633 1521/39/633 1526/40/633 1520/34/633
f 1516/35/28 1522/41/28 1521/4/28 1515/3/28
f 1517/36/634 1523/42/634 1522/41/634 1516/35/634
f 1518/37/635 1524/43/635 1523/42/635 1517/36/635
f 1519/38/25 1525/44/25 1524/43/25 1518/37/25
f 1520/34/636 1526/40/636 1525/44/636 1519/38/636
f 1521/39/637 1527/45/638 1532/46/639 1526/40/637
f 1522/41/640 1528/47/640 1527/2/640 1521/4/640
f 1523/42/641 1529/48/642 1528/47/643 1522/41/641
f 1524/43/644 1530/49/645 1529/48/646 1523/42/644
f 1525/44/647 1531/50/647 1530/49/647 1524/43/647
f 1526/40/648 1532/46/649 1531/50/650 1525/44/648
f 1527/45/638 1533/51/651 1538/52/651 1532/46/639
f 1528/47/652 1534/53/652 1533/5/652 1527/2/652
f 1529/48/642 1535/54/653 1534/53/653 1528/47/643
f 1530/49/645 1536/55/654 1535/54/654 1529/48/646
f 1531/50/655 1537/56/655 1536/55/655 1530/49/655
f 1532/46/649 1538/52/656 1537/56/656 1531/50/650
f 1533/51/657 1505/27/657 1510/28/657 1538/52/657
f 1534/53/658 1506/29/658 1505/6/658 1533/5/658
f 1535/54/659 1507/30/659 1506/29/659 1534/53/659
f 1536/55/660 1508/31/660 1507/30/660 1535/54/660
f 1537/56/661 1509/32/661 1508/31/661 1536/55/661
f 1538/52/662 1510/28/662 1509/32/662 1537/56/662
f 2019/1/29 2020/1/29 2022/1/609 2021/1/609
f 2021/1/609 2022/1/609 2024/1/610 2023/1/610
f 2023/1/610 2024/1/610 2026/1/611 2025/1/611
f 2025/1/611 2026/1/611 2028/1/612 2027/1/612
f 2027/1/612 2028/1/612 2030/1/25 2029/1/25
f 2029/1/25 2030/1/25 2032/1/613 2031/1/613
f 2031/1/613 2032/1/613 2034/1/614 2033/1/614
f 2033/1/614 2034/1/614 2036/1/615 2035/1/615
f 2035/1/615 2036/1/615 2038/1/616 2037/1/616
f 2037/1/616 2038/1/616 2040/1/27 2039/1/27
f 2039/1/27 2040/1/27 2042/1/617 2041/1/617
f 2041/1/617 2042/1/617 2044/1/618 2043/1/618
f 2043/1/618 2044/1/618 2046/1/619 2045/1/619
f 2045/1/619 2046/1/619 2048/1/620 2047/1/620
f 2047/1/620 2048/1/620 2050/1/28 2049/1/28
f 2049/1/28 2050/1/28 2052/1/621 2051/1/621
f 2051/1/621 2052/1/621 2054/1/622 2053/1/622
f 2053/1/622 2054/1/622 2056/1/623 2055/1/623
f 2022/1/30 2020/1/30 2058/1/30 2056/1/30 2054/1/30 2052/1/30 2050/1/30 2048/1/30 2046/1/30 2044/1/30 2042/1/30 2040/1/30 2038/1/30 2036/1/30 2034/1/30 2032/1/30 2030/1/30 2028/1/30 2026/1/30 2024/1/30
f 2055/1/623 2056/1/623 2058/1/624 2057/1/624
f 2057/1/624 2058/1/624 2020/1/29 2019/1/29
f 2019/1/26 2021/1/26 2023/1/26 2025/1/26 2027/1/26 2029/1/26 2031/1/26 2033/1/26 2035/1/26 2037/1/26 2039/1/26 2041/1/26 2043/1/26 2045/1/26 2047/1/26 2049/1/26 2051/1/26 2053/1/26 2055/1/26 2057/1/26
usemtl bun
f 2191/1/1125 2193/1/1126 2192/1/1127
f 2191/1/1128 2194/1/1129 2193/1/1130
f 2191/1/1131 2195/1/1132 2194/1/1133
f 2191/1/1131 2196/1/1134 2195/1/1132
f 2191/1/1131 2197/1/1135 2196/1/1134
f 2191/1/1136 2198/1/1137 2197/1/1138
f 2191/1/1125 2199/1/1139 2198/1/1140
f 2191/1/1125 2192/1/1127 2199/1/1139
f 2192/1/1127 2193/1/1126 2201/1/1141 2200/1/1142
f 2193/1/1130 2194/1/1129 2202/1/1143 2201/1/1144
f 2194/1/1133 2195/1/1132 2203/1/1145 2202/1/1146
f 2195/1/1132 2196/1/1134 2204/1/1147 2203/1/1145
f 2196/1/1134 2197/1/1135 2205/1/1148 2204/1/1147
f 2197/1/1138 2198/1/1137 2206/1/1149 2205/1/1150
f 2198/1/1140 2199/1/1139 2207/1/1151 2206/1/1152
f 2199/1/1139 2192/1/1127 2200/1/1142 2207/1/1151
f 2200/1/1142 2201/1/1141 2209/1/1153 2208/1/1154
f 2201/1/1144 2202/1/1143 2210/1/1155 2209/1/1156
f 2202/1/1146 2203/1/1145 2211/1/1157 2210/1/1158
f 2203/1/1145 2204/1/1147 2212/1/1159 2211/1/1157
f 2204/1/1147 2205/1/1148 2213/1/1160 2212/1/1159
f 2205/1/1150 2206/1/1149 2214/1/1161 2213/1/1162
f 2206/1/1152 2207/1/1151 2215/1/1163 2214/1/1164
f 2207/1/1151 2200/1/1142 2208/1/1154 2215/1/1163
f 2208/1/1154 2209/1/1153 2217/1/1165 2216/1/1166
f 2209/1/1156 2210/1/1155 2218/1/1167 2217/1/1168
f 2210/1/1158 2211/1/1157 2219/1/1169 2218/1/1170
f 2211/1/1157 2212/1/1159 2220/1/1171 2219/1/1169
f 2212/1/1159 2213/1/1160 2221/1/1172 2220/1/1171
f 2213/1/1162 2214/1/1161 2222/1/1173 2221/1/1174
f 2214/1/1164 2215/1/1163 2223/1/1175 2222/1/1176
f 2215/1/1163 2208/1/1154 2216/1/1166 2223/1/1175
f 2216/1/1166 2217/1/1165 2225/1/1177 2224/1/1178
f 2217/1/1168 2218/1/1167 2226/1/1179 2225/1/1180
f 2218/1/1170 2219/1/1169 2227/1/1181 2226/1/1182
f 2219/1/1169 2220/1/1171 2228/1/1183 2227/1/1181
f 2220/1/1171 2221/1/1172 2229/1/1184 2228/1/1183
f 2221/1/1174 2222/1/1173 2230/1/1185 2229/1/1186
f 2222/1/1176 2223/1/1175 2231/1/1187 2230/1/1188
f 2223/1/1175 2216/1/1166 2224/1/1178 2231/1/1187
f 2224/1/1178 2225/1/1177 2233/1/1189 2232/1/1190
f 2225/1/1180 2226/1/1179 2234/1/1191 2233/1/1192
f 2226/1/1182 2227/1/1181 2235/1/1193 2234/1/1194
f 2227/1/1181 2228/1/1183 2236/1/1195 2235/1/1193
f 2228/1/1183 2229/1/1184 2237/1/1196 2236/1/1195
f 2229/1/1186 2230/1/1185 2238/1/1197 2237/1/1198
f 2230/1/1188 2231/1/1187 2239/1/1199 2238/1/1200
f 2231/1/1187 2224/1/1178 2232/1/1190 2239/1/1199
f 2232/1/1190 2233/1/1189 2240/1/1201
f 2233/1/1192 2234/1/1191 2240/1/1202
f 2234/1/1194 2235/1/1193 2240/1/1203
f 2235/1/1193 2236/1/1195 2240/1/1203
f 2236/1/1195 2237/1/1196 2240/1/1203
f 2237/1/1198 2238/1/1197 2240/1/1204
f 2238/1/1200 2239/1/1199 2240/1/1201
f 2239/1/1199 2232/1/1190 2240/1/1201
f 2241/1/1205 2243/1/1206 2242/1/1207
f 2241/1/1205 2244/1/1208 2243/1/1206
f 2241/1/1209 2245/1/1210 2244/1/1211
f 2241/1/1212 2246/1/1213 2245/1/1214
f 2241/1/1212 2247/1/1215 2246/1/1213
f 2241/1/1212 2248/1/1216 2247/1/1215
f 2241/1/1217 2249/1/1218 2248/1/1219
f 2241/1/1205 2242/1/1207 2249/1/1220
f 2242/1/1207 2243/1/1206 2251/1/1221 2250/1/1222
f 2243/1/1206 2244/1/1208 2252/1/1223 2251/1/1221
f 2244/1/1211 2245/1/1210 2253/1/1224 2252/1/1225
f 2245/1/1214 2246/1/1213 2254/1/1226 2253/1/1227
f 2246/1/1213 2247/1/1215 2255/1/1228 2254/1/1226
f 2247/1/1215 2248/1/1216 2256/1/1229 2255/1/1228
f 2248/1/1219 2249/1/1218 2257/1/1230 2256/1/1231
f 2249/1/1220 2242/1/1207 2250/1/1222 2257/1/1232
f 2250/1/1222 2251/1/1221 2259/1/1233 2258/1/1234
f 2251/1/1221 2252/1/1223 2260/1/1235 2259/1/1233
f 2252/1/1225 2253/1/1224 2261/1/1236 2260/1/1237
f 2253/1/1227 2254/1/1226 2262/1/1238 2261/1/1239
f 2254/1/1226 2255/1/1228 2263/1/1240 2262/1/1238
f 2255/1/1228 2256/1/1229 2264/1/1241 2263/1/1240
f 2256/1/1231 2257/1/1230 2265/1/1242 2264/1/1243
f 2257/1/1232 2250/1/1222 2258/1/1234 2265/1/1244
f 2258/1/1234 2259/1/1233 2267/1/1245 2266/1/1246
f 2259/1/1233 2260/1/1235 2268/1/1247 2267/1/1245
f 2260/1/1237 2261/1/1236 2269/1/1248 2268/1/1249
f 2261/1/1239 2262/1/1238 2270/1/1250 2269/1/1251
f 2262/1/1238 2263/1/1240 2271/1/1252 2270/1/1250
f 2263/1/1240 2264/1/1241 2272/1/1253 2271/1/1252
f 2264/1/1243 2265/1/1242 2273/1/1254 2272/1/1255
f 2265/1/1244 2258/1/1234 2266/1/1246 2273/1/1256
f 2266/1/1246 2267/1/1245 2275/1/1257 2274/1/1258
f 2267/1/1245 2268/1/1247 2276/1/1259 2275/1/1257
f 2268/1/1249 2269/1/1248 2277/1/1260 2276/1/1261
f 2269/1/1251 2270/1/1250 2278/1/1262 2277/1/1263
f 2270/1/1250 2271/1/1252 2279/1/1264 2278/1/1262
f 2271/1/1252 2272/1/1253 2280/1/1265 2279/1/1264
f 2272/1/1255 2273/1/1254 2281/1/1266 2280/1/1267
f 2273/1/1256 2266/1/1246 2274/1/1258 2281/1/1268
f 2274/1/1258 2275/1/1257 2283/1/1269 2282/1/1270
f 2275/1/1257 2276/1/1259 2284/1/1271 2283/1/1269
f 2276/1/1261 2277/1/1260 2285/1/1272 2284/1/1273
f 2277/1/1263 2278/1/1262 2286/1/1274 2285/1/1275
f 2278/1/1262 2279/1/1264 2287/1/1276 2286/1/1274
f 2279/1/1264 2280/1/1265 2288/1/1277 2287/1/1276
f 2280/1/1267 2281/1/1266 2289/1/1278 2288/1/1279
f 2281/1/1268 2274/1/1258 2282/1/1270 2289/1/1280
f 2282/1/1270 2283/1/1269 2290/1/1281
f 2283/1/1269 2284/1/1271 2290/1/1281
f 2284/1/1273 2285/1/1272 2290/1/1282
f 2285/1/1275 2286/1/1274 2290/1/1283
f 2286/1/1274 2287/1/1276 2290/1/1283
f 2287/1/1276 2288/1/1277 2290/1/1283
f 2288/1/1279 2289/1/1278 2290/1/1284
f 2289/1/1280 2282/1/1270 2290/1/1281
f 2291/1/1285 2293/1/1286 2292/1/1287
f 2291/1/1285 2294/1/1288 2293/1/1286
f 2291/1/1289 2295/1/1290 2294/1/1291
f 2291/1/1289 2296/1/1292 2295/1/1290
f 2291/1/1289 2297/1/1293 2296/1/1292
f 2291/1/1289 2298/1/1294 2297/1/1293
f 2291/1/1285 2299/1/1295 2298/1/1296
f 2291/1/1285 2292/1/1287 2299/1/1295
f 2292/1/1287 2293/1/1286 2301/1/1297 2300/1/1298
f 2293/1/1286 2294/1/1288 2302/1/1299 2301/1/1297
f 2294/1/1291 2295/1/1290 2303/1/1300 2302/1/1301
f 2295/1/1290 2296/1/1292 2304/1/1302 2303/1/1300
f 2296/1/1292 2297/1/1293 2305/1/1303 2304/1/1302
f 2297/1/1293 2298/1/1294 2306/1/1304 2305/1/1303
f 2298/1/1296 2299/1/1295 2307/1/1305 2306/1/1306
f 2299/1/1295 2292/1/1287 2300/1/1298 2307/1/1305
f 2300/1/1298 2301/1/1297 2309/1/1307 2308/1/1308
f 2301/1/1297 2302/1/1299 2310/1/1309 2309/1/1307
f 2302/1/1301 2303/1/1300 2311/1/1310 2310/1/1311
f 2303/1/1300 2304/1/1302 2312/1/1312 2311/1/1310
f 2304/1/1302 2305/1/1303 2313/1/1313 2312/1/1312
f 2305/1/1303 2306/1/1304 2314/1/1314 2313/1/1313
f 2306/1/1306 2307/1/1305 2315/1/1315 2314/1/1316
f 2307/1/1305 2300/1/1298 2308/1/1308 2315/1/1315
f 2308/1/1308 2309/1/1307 2317/1/1317 2316/1/1318
f 2309/1/1307 2310/1/1309 2318/1/1319 2317/1/1317
f 2310/1/1311 2311/1/1310 2319/1/1320 2318/1/1321
f 2311/1/1310 2312/1/1312 2320/1/1322 2319/1/1320
f 2312/1/1312 2313/1/1313 2321/1/1323 2320/1/1322
f 2313/1/1313 2314/1/1314 2322/1/1324 2321/1/1323
f 2314/1/1316 2315/1/1315 2323/1/1325 2322/1/1326
f 2315/1/1315 2308/1/1308 2316/1/1318 2323/1/1325
f 2316/1/1318 2317/1/1317 2325/1/1327 2324/1/1328
f 2317/1/1317 2318/1/1319 2326/1/1329 2325/1/1327
f 2318/1/1321 2319/1/1320 2327/1/1330 2326/1/1331
f 2319/1/1320 2320/1/1322 2328/1/1332 2327/1/1330
f 2320/1/1322 2321/1/1323 2329/1/1333 2328/1/1332
f 2321/1/1323 2322/1/1324 2330/1/1334 2329/1/1333
f 2322/1/1326 2323/1/1325 2331/1/1335 2330/1/1336
f 2323/1/1325 2316/1/1318 2324/1/1328 2331/1/1335
f 2324/1/1328 2325/1/1327 2333/1/1337 2332/1/1338
f 2325/1/1327 2326/1/1329 2334/1/1339 2333/1/1337
f 2326/1/1331 2327/1/1330 2335/1/1340 2334/1/1341
f 2327/1/1330 2328/1/1332 2336/1/1342 2335/1/1340
f 2328/1/1332 2329/1/1333 2337/1/1343 2336/1/1342
f 2329/1/1333 2330/1/1334 2338/1/1344 2337/1/1343
f 2330/1/1336 2331/1/1335 2339/1/1345 2338/1/1346
f 2331/1/1335 2324/1/1328 2332/1/1338 2339/1/1345
f 2332/1/1338 2333/1/1337 2340/1/1347
f 2333/1/1337 2334/1/1339 2340/1/1347
f 2334/1/1341 2335/1/1340 2340/1/1348
f 2335/1/1340 2336/1/1342 2340/1/1348
f 2336/1/1342 2337/1/1343 2340/1/1348
f 2337/1/1343 2338/1/1344 2340/1/1348
f 2338/1/1346 2339/1/1345 2340/1/1347
f 2339/1/1345 2332/1/1338 2340/1/1347
usemtl sausage
f 2391/1/1405 2393/1/1406 2392/1/1407
f 2391/1/1405 2394/1/1408 2393/1/1406
f 2391/1/1409 2395/1/1410 2394/1/1411
f 2391/1/1409 2396/1/1412 2395/1/1410
f 2391/1/1409 2397/1/1413 2396/1/1412
f 2391/1/1409 2398/1/1414 2397/1/1413
f 2391/1/1405 2399/1/1415 2398/1/1416
f 2391/1/1405 2392/1/1407 2399/1/1415
f 2392/1/1407 2393/1/1406 2401/1/1417 2400/1/1418
f 2393/1/1406 2394/1/1408 2402/1/1419 2401/1/1417
f 2394/1/1411 2395/1/1410 2403/1/1420 2402/1/1421
f 2395/1/1410 2396/1/1412 2404/1/1422 2403/1/1420
f 2396/1/1412 2397/1/1413 2405/1/1423 2404/1/1422
f 2397/1/1413 2398/1/1414 2406/1/1424 2405/1/1423
f 2398/1/1416 2399/1/1415 2407/1/1425 2406/1/1426
f 2399/1/1415 2392/1/1407 2400/1/1418 2407/1/1425
f 2400/1/1418 2401/1/1417 2409/1/1427 2408/1/1428
f 2401/1/1417 2402/1/1419 2410/1/1429 2409/1/1427
f 2402/1/1421 2403/1/1420 2411/1/1430 2410/1/1431
f 2403/1/1420 2404/1/1422 2412/1/1432 2411/1/1430
f 2404/1/1422 2405/1/1423 2413/1/1433 2412/1/1432
f 2405/1/1423 2406/1/1424 2414/1/1434 2413/1/1433
f 2406/1/1426 2407/1/1425 2415/1/1435 2414/1/1436
f 2407/1/1425 2400/1/1418 2408/1/1428 2415/1/1435
f 2408/1/1428 2409/1/1427 2417/1/1437 2416/1/1438
f 2409/1/1427 2410/1/1429 2418/1/1439 2417/1/1437
f 2410/1/1431 2411/1/1430 2419/1/1440 2418/1/1441
f 2411/1/1430 2412/1/1432 2420/1/1442 2419/1/1440
f 2412/1/1432 2413/1/1433 2421/1/1443 2420/1/1442
f 2413/1/1433 2414/1/1434 2422/1/1444 2421/1/1443
f 2414/1/1436 2415/1/1435 2423/1/1445 2422/1/1446
f 2415/1/1435 2408/1/1428 2416/1/1438 2423/1/1445
f 2416/1/1438 2417/1/1437 2425/1/1447 2424/1/1448
f 2417/1/1437 2418/1/1439 2426/1/1449 2425/1/1447
f 2418/1/1441 2419/1/1440 2427/1/1450 2426/1/1451
f 2419/1/1440 2420/1/1442 2428/1/1452 2427/1/1450
f 2420/1/1442 2421/1/1443 2429/1/1453 2428/1/1452
f 2421/1/1443 2422/1/1444 2430/1/1454 2429/1/1453
f 2422/1/1446 2423/1/1445 2431/1/1455 2430/1/1456
f 2423/1/1445 2416/1/1438 2424/1/1448 2431/1/1455
f 2424/1/1448 2425/1/1447 2433/1/1457 2432/1/1458
f 2425/1/1447 2426/1/1449 2434/1/1459 2433/1/1457
f 2426/1/1451 2427/1/1450 2435/1/1460 2434/1/1461
f 2427/1/1450 2428/1/1452 2436/1/1462 2435/1/1460
f 2428/1/1452 2429/1/1453 2437/1/1463 2436/1/1462
f 2429/1/1453 2430/1/1454 2438/1/1464 2437/1/1463
f 2430/1/1456 2431/1/1455 2439/1/1465 2438/1/1466
f 2431/1/1455 2424/1/1448 2432/1/1458 2439/1/1465
f 2432/1/1458 2433/1/1457 2440/1/1467
f 2433/1/1457 2434/1/1459 2440/1/1467
f 2434/1/1461 2435/1/1460 2440/1/1468
f 2435/1/1460 2436/1/1462 2440/1/1468
f 2436/1/1462 2437/1/1463 2440/1/1468
f 2437/1/1463 2438/1/1464 2440/1/1468
f 2438/1/1466 2439/1/1465 2440/1/1467
f 2439/1/1465 2432/1/1458 2440/1/1467
